condition_id,source_candidate,Adsorbent,Pollutant,Wastewater type,r,prediction,strategy,id
19,SI_ref_19,AMCB,IBU,Lake water,0.12160249298048154,0.40690262399401145,ARD,ARD_1
20,SI_ref_19,AMCB,IBU,Ground water,0.0023766372681587895,0.40690262399401145,ARD,ARD_1
26,SI_ref_19,AMCB,IBU,Ground water,0.1894672613641715,0.40688923212850314,ARD,ARD_1
27,SI_ref_19,AMCB,IBU,Lake water,0.343266669603983,0.40688923212850314,ARD,ARD_1
36,SI_ref_19,AMCB,IBU,Ground water,0.41496556078686897,0.4068624762359927,ARD,ARD_1
42,SI_ref_19,AMCB,IBU,Ground water,0.5182383095521604,0.40684911218329145,ARD,ARD_1
45,SI_ref_19,AMCB,IBU,Lake water,0.5439346954470261,0.40684911218329145,ARD,ARD_1
46,SI_ref_19,AMCB,IBU,Ground water,0.48210720700720494,0.40684911218329145,ARD,ARD_1
51,SI_ref_19,AMCB,IBU,Lake water,0.0829192384873889,0.4068357573758713,ARD,ARD_1
52,SI_ref_19,AMCB,IBU,Ground water,0.003531050071646246,0.4068357573758713,ARD,ARD_1
56,SI_ref_19,AMCB,IBU,Ground water,0.17260220522445793,0.40682241180094925,ARD,ARD_1
57,SI_ref_19,AMCB,IBU,Lake water,0.2799685707152232,0.40682241180094925,ARD,ARD_1
66,SI_ref_19,AMCB,IBU,Ground water,0.4885549946229274,0.4067957482975998,ARD,ARD_1
72,SI_ref_19,AMCB,IBU,Ground water,0.5107350299703324,0.40678243034373873,ARD,ARD_1
75,SI_ref_19,AMCB,IBU,Lake water,0.539673236909249,0.40678243034373873,ARD,ARD_1
76,SI_ref_19,AMCB,IBU,Ground water,0.4945842701164504,0.40678243034373873,ARD,ARD_1
81,SI_ref_19,AMCB,IBU,Lake water,0.11734271672387758,0.40676912157150813,ARD,ARD_1
82,SI_ref_19,AMCB,IBU,Ground water,0.0,0.40676912157150813,ARD,ARD_1
86,SI_ref_19,AMCB,IBU,Ground water,0.16952726930244136,0.40675582196825666,ARD,ARD_1
87,SI_ref_19,AMCB,IBU,Lake water,0.245380335735257,0.40675582196825666,ARD,ARD_1
96,SI_ref_19,AMCB,IBU,Ground water,0.45590621693388655,0.4067292502182168,ARD,ARD_1
110,SI_ref_19,AMCB,IBU,Ground water,0.5205305455205957,0.4067159780462565,ARD,ARD_1
113,SI_ref_19,AMCB,IBU,Lake water,0.5570792394486925,0.4067159780462565,ARD,ARD_1
114,SI_ref_19,AMCB,IBU,Ground water,0.48301499525722014,0.4067159780462565,ARD,ARD_1
134,SI_ref_17,Alkali-modified SCG biochars,CBZ,Synthetic,0.00635796336582959,0.15045390363134792,ARD,ARD_1
143,SI_ref_17,Alkali-modified SCG biochars,CBZ,Synthetic,0.12158111194827703,0.2705794367059611,ARD,ARD_1
146,SI_ref_17,Alkali-modified SCG biochars,CBZ,Synthetic,0.6777397154224275,0.2705794367059611,ARD,ARD_1
150,SI_ref_17,Alkali-modified SCG biochars,CBZ,Synthetic,0.8144073973371778,0.2705794367059611,ARD,ARD_1
153,SI_ref_17,Alkali-modified SCG biochars,CBZ,Synthetic,0.5612135486607656,0.15045390363134792,ARD,ARD_1
154,SI_ref_17,Alkali-modified SCG biochars,EE2,Synthetic,0.32691906294512396,0.42710696707433765,ARD,ARD_1
155,SI_ref_17,Alkali-modified SCG biochars,EE2,Synthetic,0.281684429186895,0.30698143399972455,ARD,ARD_1
156,SI_ref_17,Alkali-modified SCG biochars,EE2,Synthetic,0.2985885901242538,0.41404009427604677,ARD,ARD_1
157,SI_ref_17,Alkali-modified SCG biochars,EE2,Synthetic,0.1736546812353491,0.29391456120143367,ARD,ARD_1
158,SI_ref_17,Alkali-modified SCG biochars,EE2,Synthetic,0.08297647774499996,0.39304421058789807,ARD,ARD_1
159,SI_ref_17,Alkali-modified SCG biochars,EE2,Synthetic,0.0890939833732563,0.27291867751328497,ARD,ARD_1
160,SI_ref_17,Alkali-modified SCG biochars,EE2,Synthetic,0.12434438865468556,0.37971683941395995,ARD,ARD_1
161,SI_ref_17,Alkali-modified SCG biochars,EE2,Synthetic,0.0719303611000807,0.2595913063393469,ARD,ARD_1
162,SI_ref_17,Alkali-modified SCG biochars,EE2,Synthetic,0.050886215526030655,0.3719074227248511,ARD,ARD_1
163,SI_ref_17,Alkali-modified SCG biochars,EE2,Synthetic,0.06892444951131721,0.25178188965023796,ARD,ARD_1
164,SI_ref_17,Alkali-modified SCG biochars,EE2,Synthetic,0.0402114435413677,0.3663628233423082,ARD,ARD_1
165,SI_ref_17,Alkali-modified SCG biochars,EE2,Synthetic,0.06161971981332274,0.24623729026769503,ARD,ARD_1
166,SI_ref_17,Alkali-modified SCG biochars,EE2,Synthetic,0.014122078362060976,0.3608159959793573,ARD,ARD_1
167,SI_ref_17,Alkali-modified SCG biochars,EE2,Synthetic,0.06227375203350968,0.24069046290474416,ARD,ARD_1
170,SI_ref_17,Alkali-modified SCG biochars,EE2,Synthetic,0.13791601981601773,0.3529954432436543,ARD,ARD_1
171,SI_ref_17,Alkali-modified SCG biochars,EE2,Synthetic,0.09051861058315946,0.23286991016904124,ARD,ARD_1
180,SI_ref_17,Alkali-modified SCG biochars,EE2,Synthetic,0.2279548813058391,0.23286991016904124,ARD,ARD_1
203,SI_ref_17,Alkali-modified SCG biochars,IBU,Synthetic,0.10913541523053398,0.3529954432436543,ARD,ARD_1
216,SI_ref_17,Alkali-modified SCG biochars,IBU,Synthetic,0.10107027265594352,0.23286991016904124,ARD,ARD_1
217,SI_ref_17,Alkali-modified SCG biochars,IBU,Synthetic,0.6889998443034063,0.3529954432436543,ARD,ARD_1
219,SI_ref_17,Alkali-modified SCG biochars,IBU,Synthetic,0.1184746430703935,0.3529954432436543,ARD,ARD_1
222,SI_ref_17,Alkali-modified SCG biochars,IBU,Synthetic,0.04374442489311713,0.23286991016904124,ARD,ARD_1
224,SI_ref_17,Alkali-modified SCG biochars,IBU,Synthetic,0.2945083196339574,0.23286991016904124,ARD,ARD_1
225,SI_ref_17,Alkali-modified SCG biochars,IBU,Synthetic,0.5901579894748284,0.3529954432436543,ARD,ARD_1
227,SI_ref_17,Alkali-modified SCG biochars,IBU,Synthetic,0.6910697148739985,0.3529954432436543,ARD,ARD_1
235,SI_ref_16,C-Biochar,ATE,Synthetic,0.8511111111111113,0.7694967401894603,ARD,ARD_1
237,SI_ref_16,C-Biochar,ATE,Synthetic,0.8733333333333334,0.7694967401894603,ARD,ARD_1
239,SI_ref_16,C-Biochar,ATE,Synthetic,0.6511111111111112,0.7694967401894603,ARD,ARD_1
241,SI_ref_16,C-Biochar,ATE,Synthetic,0.7774074074074075,0.7694967401894603,ARD,ARD_1
247,SI_ref_16,C-Biochar,CBZ,Synthetic,0.44146825396825395,0.5850257401050916,ARD,ARD_1
249,SI_ref_16,C-Biochar,CBZ,Synthetic,0.4430976430976431,0.5850257401050916,ARD,ARD_1
253,SI_ref_16,C-Biochar,CBZ,Synthetic,0.4044973544973545,0.5850257401050916,ARD,ARD_1
255,SI_ref_16,C-Biochar,CBZ,Synthetic,0.46792328042328046,0.5850257401050916,ARD,ARD_1
257,SI_ref_16,C-Biochar,CBZ,Synthetic,0.46197089947089953,0.5850257401050916,ARD,ARD_1
273,SI_ref_16,C-Biochar,IBU,Synthetic,0.6000000000000001,0.6674417466427847,ARD,ARD_1
278,SI_ref_16,C-Biochar,IBU,Synthetic,0.8430555555555557,0.6674417466427847,ARD,ARD_1
299,SI_ref_19,CB,IBU,Lake water,0.9811931645978613,0.9145177177657728,ARD,ARD_1
300,SI_ref_19,CB,IBU,Ground water,0.9595058090644278,0.9145177177657728,ARD,ARD_1
304,SI_ref_19,CB,IBU,Ground water,0.9323428884090048,0.9145177177657728,ARD,ARD_1
305,SI_ref_19,CB,IBU,Lake water,0.9442367850805692,0.9145177177657728,ARD,ARD_1
320,SI_ref_19,CB,IBU,Ground water,0.9303445651202417,0.9145177177657728,ARD,ARD_1
326,SI_ref_19,CB,IBU,Ground water,0.9318432124429017,0.9145177177657728,ARD,ARD_1
329,SI_ref_19,CB,IBU,Lake water,0.9296205387839244,0.9145177177657728,ARD,ARD_1
330,SI_ref_19,CB,IBU,Ground water,0.9174641264203113,0.9145177177657728,ARD,ARD_1
345,SI_ref_14,GCRB,ALA,Synthetic,0.9324051079932012,0.9922735472123712,ARD,ARD_1
348,SI_ref_14,GCRB,ALA,Synthetic,0.959711660682908,0.9922735472123712,ARD,ARD_1
374,SI_ref_14,GCRB,DIU,Synthetic,1.0082496176169822,0.8500925461476285,ARD,ARD_1
376,SI_ref_14,GCRB,SIM,Synthetic,0.9862955626477844,1.1362185539170693,ARD,ARD_1
377,SI_ref_14,GCRB,SIM,Synthetic,0.9834030650434858,1.1231516811187785,ARD,ARD_1
378,SI_ref_14,GCRB,SIM,Synthetic,0.9809240251187635,1.1099297937828534,ARD,ARD_1
379,SI_ref_14,GCRB,SIM,Synthetic,0.977408497407208,1.096628957226306,ARD,ARD_1
380,SI_ref_14,GCRB,SIM,Synthetic,0.9725866254178165,1.083288277433057,ARD,ARD_1
381,SI_ref_14,GCRB,SIM,Synthetic,0.9707397150816074,1.0754744101850398,ARD,ARD_1
382,SI_ref_14,GCRB,SIM,Synthetic,0.9682512913168398,1.0699275828220889,ARD,ARD_1
383,SI_ref_14,GCRB,SIM,Synthetic,0.9596267727831934,1.062107030086386,ARD,ARD_1
393,SI_ref_14,GCRB,SIM,Synthetic,0.9681949882765674,1.062107030086386,ARD,ARD_1
397,SI_ref_14,GCRB,SIM,Synthetic,0.9595581925458377,1.062107030086386,ARD,ARD_1
410,SI_ref_14,GCRB-N,ALA,Synthetic,0.42098834230158483,0.47558504904282445,ARD,ARD_1
419,SI_ref_14,GCRB-N,ALA,Synthetic,0.3038540896584293,0.47551818242468435,ARD,ARD_1
428,SI_ref_14,GCRB-N,ALA,Synthetic,0.2941679236692388,0.47545154662032113,ARD,ARD_1
437,SI_ref_14,GCRB-N,ALA,Synthetic,0.299011006663834,0.475385140041744,ARD,ARD_1
459,SI_ref_14,GCRB-N,DIU,Synthetic,0.6455190877003087,0.3333505361673619,ARD,ARD_1
468,SI_ref_14,GCRB-N,DIU,Synthetic,0.6564705601884918,0.33328385432780916,ARD,ARD_1
477,SI_ref_14,GCRB-N,DIU,Synthetic,0.6413243626564091,0.33321740203032685,ARD,ARD_1
480,SI_ref_14,GCRB-N,SIM,Synthetic,0.8709260833889569,0.6195300557475226,ARD,ARD_1
481,SI_ref_14,GCRB-N,SIM,Synthetic,0.7937886433454202,0.6064631829492317,ARD,ARD_1
482,SI_ref_14,GCRB-N,SIM,Synthetic,0.7230251055630271,0.5932412956133067,ARD,ARD_1
483,SI_ref_14,GCRB-N,SIM,Synthetic,0.6451471952322713,0.5799404590567593,ARD,ARD_1
484,SI_ref_14,GCRB-N,SIM,Synthetic,0.579106572580609,0.5665997792635104,ARD,ARD_1
485,SI_ref_14,GCRB-N,SIM,Synthetic,0.5461098630342859,0.5587859120154931,ARD,ARD_1
486,SI_ref_14,GCRB-N,SIM,Synthetic,0.526458395826474,0.5532390846525422,ARD,ARD_1
487,SI_ref_14,GCRB-N,SIM,Synthetic,0.44952651357619516,0.5454185319168392,ARD,ARD_1
493,SI_ref_14,GCRB-N,SIM,Synthetic,0.525804086252399,0.5454185319168392,ARD,ARD_1
502,SI_ref_14,GCRB-N,SIM,Synthetic,0.8453757948497886,0.545351665298699,ARD,ARD_1
511,SI_ref_14,GCRB-N,SIM,Synthetic,0.8584308799035202,0.5452850294943359,ARD,ARD_1
520,SI_ref_14,GCRB-N,SIM,Synthetic,0.8519033373766544,0.5452186229157587,ARD,ARD_1
540,SI_ref_19,MCB,IBU,Lake water,0.9742126323294387,0.8564647164916469,ARD,ARD_1
541,SI_ref_19,MCB,IBU,Ground water,0.9483485035015843,0.8564647164916469,ARD,ARD_1
547,SI_ref_19,MCB,IBU,Ground water,0.9263512886233829,0.8564513246261386,ARD,ARD_1
548,SI_ref_19,MCB,IBU,Lake water,0.9349728899053784,0.8564513246261386,ARD,ARD_1
565,SI_ref_19,MCB,IBU,Ground water,0.9254612605703445,0.8564245687336283,ARD,ARD_1
571,SI_ref_19,MCB,IBU,Ground water,0.927696260267614,0.856411204680927,ARD,ARD_1
574,SI_ref_19,MCB,IBU,Lake water,0.9258585842402297,0.856411204680927,ARD,ARD_1
575,SI_ref_19,MCB,IBU,Ground water,0.9173366162788351,0.856411204680927,ARD,ARD_1
580,SI_ref_19,MCB,IBU,Lake water,0.974635205338439,0.8563978498735068,ARD,ARD_1
581,SI_ref_19,MCB,IBU,Ground water,0.95367292982704,0.8563978498735068,ARD,ARD_1
585,SI_ref_19,MCB,IBU,Ground water,0.925414707326754,0.8563845042985847,ARD,ARD_1
586,SI_ref_19,MCB,IBU,Lake water,0.9347814302861347,0.8563845042985847,ARD,ARD_1
595,SI_ref_19,MCB,IBU,Ground water,0.9248851497651674,0.8563578407952354,ARD,ARD_1
601,SI_ref_19,MCB,IBU,Ground water,0.9300914246503462,0.8563445228413742,ARD,ARD_1
604,SI_ref_19,MCB,IBU,Lake water,0.9282701343021136,0.8563445228413742,ARD,ARD_1
605,SI_ref_19,MCB,IBU,Ground water,0.9160948152334054,0.8563445228413742,ARD,ARD_1
610,SI_ref_19,MCB,IBU,Lake water,0.9716179138912365,0.8563312140691436,ARD,ARD_1
611,SI_ref_19,MCB,IBU,Ground water,0.9529992532644452,0.8563312140691436,ARD,ARD_1
615,SI_ref_19,MCB,IBU,Ground water,0.9284499518994666,0.8563179144658921,ARD,ARD_1
616,SI_ref_19,MCB,IBU,Lake water,0.935069554315652,0.8563179144658921,ARD,ARD_1
625,SI_ref_19,MCB,IBU,Ground water,0.9258221154816445,0.8562913427158524,ARD,ARD_1
631,SI_ref_19,MCB,IBU,Ground water,0.9296259863973036,0.8562780705438919,ARD,ARD_1
634,SI_ref_19,MCB,IBU,Lake water,0.9271225782160609,0.8562780705438919,ARD,ARD_1
635,SI_ref_19,MCB,IBU,Ground water,0.9188076045934327,0.8562780705438919,ARD,ARD_1
640,SI_ref_18,NaOH-activated SCW biochars,DCF,Secondary effluent,0.7547018161110076,0.5097017931640911,ARD,ARD_1
642,SI_ref_18,NaOH-activated SCW biochars,DCF,Secondary effluent,0.6981463000238689,0.49663492036580026,ARD,ARD_1
644,SI_ref_18,NaOH-activated SCW biochars,DCF,Secondary effluent,0.6293744945066856,0.48341303302987537,ARD,ARD_1
646,SI_ref_18,NaOH-activated SCW biochars,DCF,Secondary effluent,0.588788451165352,0.4701121964733279,ARD,ARD_1
648,SI_ref_18,NaOH-activated SCW biochars,DCF,Secondary effluent,0.5891686823750966,0.456771516680079,ARD,ARD_1
650,SI_ref_18,NaOH-activated SCW biochars,DCF,Secondary effluent,0.5849511312086796,0.44895764943206173,ARD,ARD_1
652,SI_ref_18,NaOH-activated SCW biochars,DCF,Secondary effluent,0.5864672759838442,0.44341082206911087,ARD,ARD_1
655,SI_ref_18,NaOH-activated SCW biochars,DCF,Lake water,0.28283236606156975,0.43559026933340783,ARD,ARD_1
657,SI_ref_18,NaOH-activated SCW biochars,DCF,Lake water,0.4098052873550469,0.43559026933340783,ARD,ARD_1
662,SI_ref_18,NaOH-activated SCW biochars,DCF,Secondary effluent,0.600008865661574,0.43559026933340783,ARD,ARD_1
668,SI_ref_18,NaOH-activated SCW biochars,DCF,Lake water,0.5638671837826676,0.43559026933340783,ARD,ARD_1
673,SI_ref_18,NaOH-activated SCW biochars,DCF,Lake water,0.5356816504619031,0.43559026933340783,ARD,ARD_1
679,SI_ref_18,NaOH-activated SCW biochars,DCF,Lake water,0.48550836273532816,0.43559026933340783,ARD,ARD_1
682,SI_ref_18,NaOH-activated SCW biochars,DCF,Secondary effluent,0.5965252581670849,0.43559026933340783,ARD,ARD_1
688,SI_ref_18,NaOH-activated SCW biochars,DCF,Lake water,0.5703611171190489,0.43559026933340783,ARD,ARD_1
693,SI_ref_18,NaOH-activated SCW biochars,DCF,Secondary effluent,0.6557026735074662,0.43559026933340783,ARD,ARD_1
694,SI_ref_18,NaOH-activated SCW biochars,DCF,Lake water,0.7297297292522416,0.43559026933340783,ARD,ARD_1
699,SI_ref_18,NaOH-activated SCW biochars,IBU,Secondary effluent,0.8098199350756726,0.554367801511195,ARD,ARD_1
701,SI_ref_18,NaOH-activated SCW biochars,IBU,Secondary effluent,0.7485969905050348,0.5413009287129041,ARD,ARD_1
703,SI_ref_18,NaOH-activated SCW biochars,IBU,Secondary effluent,0.6850179499229786,0.5280790413769791,ARD,ARD_1
705,SI_ref_18,NaOH-activated SCW biochars,IBU,Secondary effluent,0.6861011679416551,0.5147782048204317,ARD,ARD_1
707,SI_ref_18,NaOH-activated SCW biochars,IBU,Secondary effluent,0.6799185617433835,0.5014375250271828,ARD,ARD_1
709,SI_ref_18,NaOH-activated SCW biochars,IBU,Secondary effluent,0.6765813990931481,0.4936236577791655,ARD,ARD_1
711,SI_ref_18,NaOH-activated SCW biochars,IBU,Secondary effluent,0.6777803451607008,0.48807683041621464,ARD,ARD_1
712,SI_ref_18,NaOH-activated SCW biochars,IBU,Lake water,0.10371139816269948,0.4802562776805116,ARD,ARD_1
714,SI_ref_18,NaOH-activated SCW biochars,IBU,Lake water,0.46656560236114836,0.4802562776805116,ARD,ARD_1
721,SI_ref_18,NaOH-activated SCW biochars,IBU,Secondary effluent,0.675113405421536,0.4802562776805116,ARD,ARD_1
730,SI_ref_18,NaOH-activated SCW biochars,IBU,Lake water,0.627404015064595,0.4802562776805116,ARD,ARD_1
738,SI_ref_18,NaOH-activated SCW biochars,IBU,Lake water,0.6298527247859258,0.4802562776805116,ARD,ARD_1
740,SI_ref_18,NaOH-activated SCW biochars,IBU,Lake water,0.5791171913994386,0.4802562776805116,ARD,ARD_1
747,SI_ref_18,NaOH-activated SCW biochars,IBU,Lake water,0.6846241766923425,0.4802562776805116,ARD,ARD_1
752,SI_ref_18,NaOH-activated SCW biochars,IBU,Secondary effluent,0.7252319435730717,0.4802562776805116,ARD,ARD_1
758,SI_ref_18,NaOH-activated SCW biochars,NPX,Secondary effluent,0.5521972966156422,0.28352577214966634,ARD,ARD_1
760,SI_ref_18,NaOH-activated SCW biochars,NPX,Secondary effluent,0.4814245289032641,0.27045889935137546,ARD,ARD_1
762,SI_ref_18,NaOH-activated SCW biochars,NPX,Secondary effluent,0.34455951981715066,0.25723701201545046,ARD,ARD_1
764,SI_ref_18,NaOH-activated SCW biochars,NPX,Secondary effluent,0.2493517679350271,0.243936175458903,ARD,ARD_1
766,SI_ref_18,NaOH-activated SCW biochars,NPX,Secondary effluent,0.16764900163614713,0.23059549566565407,ARD,ARD_1
768,SI_ref_18,NaOH-activated SCW biochars,NPX,Secondary effluent,0.12846350911521487,0.22278162841763682,ARD,ARD_1
770,SI_ref_18,NaOH-activated SCW biochars,NPX,Secondary effluent,0.12873702561203082,0.21723480105468596,ARD,ARD_1
771,SI_ref_18,NaOH-activated SCW biochars,NPX,Lake water,0.03570310331741743,0.20941424831898292,ARD,ARD_1
780,SI_ref_18,NaOH-activated SCW biochars,NPX,Secondary effluent,0.11864589305153721,0.20941424831898292,ARD,ARD_1
781,SI_ref_18,NaOH-activated SCW biochars,NPX,Lake water,0.04234525136924403,0.20941424831898292,ARD,ARD_1
791,SI_ref_18,NaOH-activated SCW biochars,NPX,Lake water,0.05751855059175114,0.20941424831898292,ARD,ARD_1
795,SI_ref_18,NaOH-activated SCW biochars,NPX,Lake water,0.1386164882936624,0.20941424831898292,ARD,ARD_1
859,SI_ref_13,PB600,CBZ,Synthetic,0.4773489932885906,0.5069635636409134,ARD,ARD_1
892,SI_ref_13,PB600,IBU,Synthetic,0.8533052267445003,0.5893795701786066,ARD,ARD_1
906,SI_ref_13,PB800,CBZ,Synthetic,0.16135346756152125,0.31208903685837064,ARD,ARD_1
939,SI_ref_13,PB800,IBU,Synthetic,0.5875275377054737,0.39450504339606385,ARD,ARD_1
959,SI_ref_15,PSB,CAR,Synthetic,0.898502105289309,0.8479593752900645,ARD,ARD_1
963,SI_ref_15,PSB,CAR,Synthetic,0.8690891098845278,0.8479593752900645,ARD,ARD_1
976,SI_ref_15,PSB,PYR,Synthetic,0.9599614728522631,0.9384709137529876,ARD,ARD_1
980,SI_ref_15,PSB,PYR,Synthetic,0.8739092070679689,0.9384709137529876,ARD,ARD_1
982,SI_ref_15,PSB,PYR,Synthetic,0.8750456231185068,0.9384709137529876,ARD,ARD_1
983,SI_ref_15,PSB,PYR,Synthetic,0.950707773566655,0.9384709137529876,ARD,ARD_1
1000,SI_ref_15,PSB,TEB,Synthetic,0.8714762044822667,0.9065462224713033,ARD,ARD_1
1001,SI_ref_15,PSB,TEB,Synthetic,0.8650362109004135,0.9065462224713033,ARD,ARD_1
1020,SI_ref_15,PSBOX-A,CAR,Synthetic,0.024826351018054676,0.19062800953343917,ARD,ARD_1
1024,SI_ref_15,PSBOX-A,CAR,Synthetic,0.013386578068051812,0.19062800953343917,ARD,ARD_1
1039,SI_ref_15,PSBOX-A,PYR,Synthetic,0.10520884210859399,0.28113954799636237,ARD,ARD_1
1041,SI_ref_15,PSBOX-A,PYR,Synthetic,0.5321591562240328,0.28113954799636237,ARD,ARD_1
1045,SI_ref_15,PSBOX-A,PYR,Synthetic,0.07450853175519283,0.28113954799636237,ARD,ARD_1
1047,SI_ref_15,PSBOX-A,PYR,Synthetic,0.07530521810797475,0.28113954799636237,ARD,ARD_1
1048,SI_ref_15,PSBOX-A,PYR,Synthetic,0.1335562050140622,0.28113954799636237,ARD,ARD_1
1065,SI_ref_15,PSBOX-A,TEB,Synthetic,0.5160089507499187,0.2492148567146779,ARD,ARD_1
1070,SI_ref_15,PSBOX-A,TEB,Synthetic,0.04527670142322688,0.2492148567146779,ARD,ARD_1
1071,SI_ref_15,PSBOX-A,TEB,Synthetic,0.04243318293660387,0.2492148567146779,ARD,ARD_1
1095,SI_ref_17,Pristine SCG biochar,CBZ,Synthetic,0.9071706166070994,0.7631021359902098,ARD,ARD_1
1104,SI_ref_17,Pristine SCG biochar,CBZ,Synthetic,0.8748284470323213,0.883227669064823,ARD,ARD_1
1108,SI_ref_17,Pristine SCG biochar,CBZ,Synthetic,0.8967497590877974,0.883227669064823,ARD,ARD_1
1112,SI_ref_17,Pristine SCG biochar,CBZ,Synthetic,0.8867934815653573,0.883227669064823,ARD,ARD_1
1115,SI_ref_17,Pristine SCG biochar,CBZ,Synthetic,0.925161257978969,0.7631021359902098,ARD,ARD_1
1116,SI_ref_17,Pristine SCG biochar,EE2,Synthetic,0.9879675366998732,1.0397551994331995,ARD,ARD_1
1117,SI_ref_17,Pristine SCG biochar,EE2,Synthetic,0.9630524728687239,0.9196296663585865,ARD,ARD_1
1118,SI_ref_17,Pristine SCG biochar,EE2,Synthetic,0.9308917481943695,1.0266883266349085,ARD,ARD_1
1119,SI_ref_17,Pristine SCG biochar,EE2,Synthetic,0.9610835485312063,0.9065627935602956,ARD,ARD_1
1120,SI_ref_17,Pristine SCG biochar,EE2,Synthetic,0.8890050918282607,1.00569244294676,ARD,ARD_1
1121,SI_ref_17,Pristine SCG biochar,EE2,Synthetic,0.9527872619203276,0.8855669098721468,ARD,ARD_1
1122,SI_ref_17,Pristine SCG biochar,EE2,Synthetic,0.8965951913819401,0.9923650717728218,ARD,ARD_1
1123,SI_ref_17,Pristine SCG biochar,EE2,Synthetic,0.9558259103687238,0.8722395386982087,ARD,ARD_1
1124,SI_ref_17,Pristine SCG biochar,EE2,Synthetic,0.8793895099735648,0.984555655083713,ARD,ARD_1
1125,SI_ref_17,Pristine SCG biochar,EE2,Synthetic,0.9519368217180961,0.8644301220091,ARD,ARD_1
1126,SI_ref_17,Pristine SCG biochar,EE2,Synthetic,0.8770554520720774,0.97901105570117,ARD,ARD_1
1127,SI_ref_17,Pristine SCG biochar,EE2,Synthetic,0.9377852461427824,0.8588855226265569,ARD,ARD_1
1128,SI_ref_17,Pristine SCG biochar,EE2,Synthetic,0.8833014060151289,0.9734642283382191,ARD,ARD_1
1129,SI_ref_17,Pristine SCG biochar,EE2,Synthetic,0.9348668633411785,0.8533386952636061,ARD,ARD_1
1132,SI_ref_17,Pristine SCG biochar,EE2,Synthetic,0.8374361704672763,0.9656436756025162,ARD,ARD_1
1133,SI_ref_17,Pristine SCG biochar,EE2,Synthetic,0.8609155049620831,0.845518142527903,ARD,ARD_1
1137,SI_ref_17,Pristine SCG biochar,EE2,Synthetic,0.8257334628724249,0.845518142527903,ARD,ARD_1
1147,SI_ref_17,Pristine SCG biochar,EE2,Synthetic,0.8965862728271835,0.845518142527903,ARD,ARD_1
1170,SI_ref_17,Pristine SCG biochar,IBU,Synthetic,0.7820004901373623,0.9656436756025162,ARD,ARD_1
1183,SI_ref_17,Pristine SCG biochar,IBU,Synthetic,0.9114748664800524,0.845518142527903,ARD,ARD_1
1184,SI_ref_17,Pristine SCG biochar,IBU,Synthetic,0.9484982246288517,0.9656436756025162,ARD,ARD_1
1186,SI_ref_17,Pristine SCG biochar,IBU,Synthetic,0.893754721851682,0.9656436756025162,ARD,ARD_1
1189,SI_ref_17,Pristine SCG biochar,IBU,Synthetic,0.9210277046979152,0.845518142527903,ARD,ARD_1
1191,SI_ref_17,Pristine SCG biochar,IBU,Synthetic,0.9513456586569363,0.845518142527903,ARD,ARD_1
1192,SI_ref_17,Pristine SCG biochar,IBU,Synthetic,0.9226237248225028,0.9656436756025162,ARD,ARD_1
1194,SI_ref_17,Pristine SCG biochar,IBU,Synthetic,0.8857728699803085,0.9656436756025162,ARD,ARD_1
1199,SI_ref_18,Pristine SCW Biochar,DCF,Secondary effluent,0.918928852227115,1.0913502572969231,ARD,ARD_1
1201,SI_ref_18,Pristine SCW Biochar,DCF,Secondary effluent,0.9102784904019702,1.0782833844986324,ARD,ARD_1
1203,SI_ref_18,Pristine SCW Biochar,DCF,Secondary effluent,0.9056826438576806,1.0650614971627075,ARD,ARD_1
1205,SI_ref_18,Pristine SCW Biochar,DCF,Secondary effluent,0.9047459643543814,1.0517606606061598,ARD,ARD_1
1207,SI_ref_18,Pristine SCW Biochar,DCF,Secondary effluent,0.9046272834515193,1.038419980812911,ARD,ARD_1
1209,SI_ref_18,Pristine SCW Biochar,DCF,Secondary effluent,0.9011959807369067,1.0306061135648936,ARD,ARD_1
1211,SI_ref_18,Pristine SCW Biochar,DCF,Secondary effluent,0.9001936082465184,1.0250592862019428,ARD,ARD_1
1214,SI_ref_18,Pristine SCW Biochar,DCF,Lake water,0.9077130214504949,1.0172387334662398,ARD,ARD_1
1219,SI_ref_18,Pristine SCW Biochar,DCF,Secondary effluent,0.9048873911798646,1.0172387334662398,ARD,ARD_1
1225,SI_ref_18,Pristine SCW Biochar,DCF,Lake water,0.9209005359691885,1.0172387334662398,ARD,ARD_1
1230,SI_ref_18,Pristine SCW Biochar,DCF,Lake water,0.9255037841040696,1.0172387334662398,ARD,ARD_1
1236,SI_ref_18,Pristine SCW Biochar,DCF,Lake water,0.9092724465153025,1.0172387334662398,ARD,ARD_1
1239,SI_ref_18,Pristine SCW Biochar,DCF,Secondary effluent,0.9186059768996898,1.0172387334662398,ARD,ARD_1
1245,SI_ref_18,Pristine SCW Biochar,DCF,Lake water,0.926603142736896,1.0172387334662398,ARD,ARD_1
1249,SI_ref_18,Pristine SCW Biochar,DCF,Secondary effluent,0.9174019043807426,1.0172387334662398,ARD,ARD_1
1254,SI_ref_18,Pristine SCW Biochar,IBU,Secondary effluent,0.9156726978407875,1.1360162656440271,ARD,ARD_1
1256,SI_ref_18,Pristine SCW Biochar,IBU,Secondary effluent,0.9079673942368781,1.1229493928457361,ARD,ARD_1
1258,SI_ref_18,Pristine SCW Biochar,IBU,Secondary effluent,0.9043236251446873,1.1097275055098113,ARD,ARD_1
1260,SI_ref_18,Pristine SCW Biochar,IBU,Secondary effluent,0.9020547983951682,1.0964266689532638,ARD,ARD_1
1262,SI_ref_18,Pristine SCW Biochar,IBU,Secondary effluent,0.9004882379050155,1.0830859891600149,ARD,ARD_1
1264,SI_ref_18,Pristine SCW Biochar,IBU,Secondary effluent,0.897458530238549,1.0752721219119976,ARD,ARD_1
1266,SI_ref_18,Pristine SCW Biochar,IBU,Secondary effluent,0.8973424975849196,1.0697252945490467,ARD,ARD_1
1274,SI_ref_18,Pristine SCW Biochar,IBU,Secondary effluent,0.8992057856547054,1.0619047418133438,ARD,ARD_1
1283,SI_ref_18,Pristine SCW Biochar,IBU,Lake water,0.9158900362354069,1.0619047418133438,ARD,ARD_1
1291,SI_ref_18,Pristine SCW Biochar,IBU,Lake water,0.9068652159539504,1.0619047418133438,ARD,ARD_1
1293,SI_ref_18,Pristine SCW Biochar,IBU,Lake water,0.9067682424855283,1.0619047418133438,ARD,ARD_1
1300,SI_ref_18,Pristine SCW Biochar,IBU,Lake water,0.9277221749920567,1.0619047418133438,ARD,ARD_1
1304,SI_ref_18,Pristine SCW Biochar,IBU,Secondary effluent,0.911352956646831,1.0619047418133438,ARD,ARD_1
1309,SI_ref_18,Pristine SCW Biochar,NPX,Secondary effluent,0.9276600601799115,0.8651742362824983,ARD,ARD_1
1311,SI_ref_18,Pristine SCW Biochar,NPX,Secondary effluent,0.9217275625657669,0.8521073634842076,ARD,ARD_1
1313,SI_ref_18,Pristine SCW Biochar,NPX,Secondary effluent,0.9151672500810683,0.8388854761482826,ARD,ARD_1
1315,SI_ref_18,Pristine SCW Biochar,NPX,Secondary effluent,0.914870212237198,0.8255846395917351,ARD,ARD_1
1317,SI_ref_18,Pristine SCW Biochar,NPX,Secondary effluent,0.9125118045566373,0.8122439597984862,ARD,ARD_1
1319,SI_ref_18,Pristine SCW Biochar,NPX,Secondary effluent,0.9122370962869346,0.8044300925504689,ARD,ARD_1
1321,SI_ref_18,Pristine SCW Biochar,NPX,Secondary effluent,0.9100475600528815,0.7988832651875181,ARD,ARD_1
1329,SI_ref_18,Pristine SCW Biochar,NPX,Secondary effluent,0.910898633301941,0.791062712451815,ARD,ARD_1
1330,SI_ref_18,Pristine SCW Biochar,NPX,Lake water,0.9241969522882365,0.791062712451815,ARD,ARD_1
1340,SI_ref_18,Pristine SCW Biochar,NPX,Lake water,0.9210401821004949,0.791062712451815,ARD,ARD_1
1344,SI_ref_18,Pristine SCW Biochar,NPX,Lake water,0.9309313456555985,0.791062712451815,ARD,ARD_1
19,SI_ref_19,AMCB,IBU,Lake water,0.12160249298048154,0.3439273911360361,AdaBoost,AdaBoost_2
20,SI_ref_19,AMCB,IBU,Ground water,0.0023766372681587895,0.3439273911360361,AdaBoost,AdaBoost_2
26,SI_ref_19,AMCB,IBU,Ground water,0.1894672613641715,0.3439273911360361,AdaBoost,AdaBoost_2
27,SI_ref_19,AMCB,IBU,Lake water,0.343266669603983,0.3439273911360361,AdaBoost,AdaBoost_2
36,SI_ref_19,AMCB,IBU,Ground water,0.41496556078686897,0.3439273911360361,AdaBoost,AdaBoost_2
42,SI_ref_19,AMCB,IBU,Ground water,0.5182383095521604,0.3439273911360361,AdaBoost,AdaBoost_2
45,SI_ref_19,AMCB,IBU,Lake water,0.5439346954470261,0.3439273911360361,AdaBoost,AdaBoost_2
46,SI_ref_19,AMCB,IBU,Ground water,0.48210720700720494,0.3439273911360361,AdaBoost,AdaBoost_2
51,SI_ref_19,AMCB,IBU,Lake water,0.0829192384873889,0.3439273911360361,AdaBoost,AdaBoost_2
52,SI_ref_19,AMCB,IBU,Ground water,0.003531050071646246,0.3439273911360361,AdaBoost,AdaBoost_2
56,SI_ref_19,AMCB,IBU,Ground water,0.17260220522445793,0.3439273911360361,AdaBoost,AdaBoost_2
57,SI_ref_19,AMCB,IBU,Lake water,0.2799685707152232,0.3439273911360361,AdaBoost,AdaBoost_2
66,SI_ref_19,AMCB,IBU,Ground water,0.4885549946229274,0.3439273911360361,AdaBoost,AdaBoost_2
72,SI_ref_19,AMCB,IBU,Ground water,0.5107350299703324,0.3439273911360361,AdaBoost,AdaBoost_2
75,SI_ref_19,AMCB,IBU,Lake water,0.539673236909249,0.3439273911360361,AdaBoost,AdaBoost_2
76,SI_ref_19,AMCB,IBU,Ground water,0.4945842701164504,0.3439273911360361,AdaBoost,AdaBoost_2
81,SI_ref_19,AMCB,IBU,Lake water,0.11734271672387758,0.3439273911360361,AdaBoost,AdaBoost_2
82,SI_ref_19,AMCB,IBU,Ground water,0.0,0.3439273911360361,AdaBoost,AdaBoost_2
86,SI_ref_19,AMCB,IBU,Ground water,0.16952726930244136,0.3439273911360361,AdaBoost,AdaBoost_2
87,SI_ref_19,AMCB,IBU,Lake water,0.245380335735257,0.3439273911360361,AdaBoost,AdaBoost_2
96,SI_ref_19,AMCB,IBU,Ground water,0.45590621693388655,0.3439273911360361,AdaBoost,AdaBoost_2
110,SI_ref_19,AMCB,IBU,Ground water,0.5205305455205957,0.3439273911360361,AdaBoost,AdaBoost_2
113,SI_ref_19,AMCB,IBU,Lake water,0.5570792394486925,0.3439273911360361,AdaBoost,AdaBoost_2
114,SI_ref_19,AMCB,IBU,Ground water,0.48301499525722014,0.3439273911360361,AdaBoost,AdaBoost_2
134,SI_ref_17,Alkali-modified SCG biochars,CBZ,Synthetic,0.00635796336582959,0.34840950295692535,AdaBoost,AdaBoost_2
143,SI_ref_17,Alkali-modified SCG biochars,CBZ,Synthetic,0.12158111194827703,0.34840950295692535,AdaBoost,AdaBoost_2
146,SI_ref_17,Alkali-modified SCG biochars,CBZ,Synthetic,0.6777397154224275,0.34840950295692535,AdaBoost,AdaBoost_2
150,SI_ref_17,Alkali-modified SCG biochars,CBZ,Synthetic,0.8144073973371778,0.34840950295692535,AdaBoost,AdaBoost_2
153,SI_ref_17,Alkali-modified SCG biochars,CBZ,Synthetic,0.5612135486607656,0.34840950295692535,AdaBoost,AdaBoost_2
154,SI_ref_17,Alkali-modified SCG biochars,EE2,Synthetic,0.32691906294512396,0.34840950295692535,AdaBoost,AdaBoost_2
155,SI_ref_17,Alkali-modified SCG biochars,EE2,Synthetic,0.281684429186895,0.34840950295692535,AdaBoost,AdaBoost_2
156,SI_ref_17,Alkali-modified SCG biochars,EE2,Synthetic,0.2985885901242538,0.34840950295692535,AdaBoost,AdaBoost_2
157,SI_ref_17,Alkali-modified SCG biochars,EE2,Synthetic,0.1736546812353491,0.34840950295692535,AdaBoost,AdaBoost_2
158,SI_ref_17,Alkali-modified SCG biochars,EE2,Synthetic,0.08297647774499996,0.34840950295692535,AdaBoost,AdaBoost_2
159,SI_ref_17,Alkali-modified SCG biochars,EE2,Synthetic,0.0890939833732563,0.34840950295692535,AdaBoost,AdaBoost_2
160,SI_ref_17,Alkali-modified SCG biochars,EE2,Synthetic,0.12434438865468556,0.34840950295692535,AdaBoost,AdaBoost_2
161,SI_ref_17,Alkali-modified SCG biochars,EE2,Synthetic,0.0719303611000807,0.34840950295692535,AdaBoost,AdaBoost_2
162,SI_ref_17,Alkali-modified SCG biochars,EE2,Synthetic,0.050886215526030655,0.34840950295692535,AdaBoost,AdaBoost_2
163,SI_ref_17,Alkali-modified SCG biochars,EE2,Synthetic,0.06892444951131721,0.34840950295692535,AdaBoost,AdaBoost_2
164,SI_ref_17,Alkali-modified SCG biochars,EE2,Synthetic,0.0402114435413677,0.34840950295692535,AdaBoost,AdaBoost_2
165,SI_ref_17,Alkali-modified SCG biochars,EE2,Synthetic,0.06161971981332274,0.34840950295692535,AdaBoost,AdaBoost_2
166,SI_ref_17,Alkali-modified SCG biochars,EE2,Synthetic,0.014122078362060976,0.34840950295692535,AdaBoost,AdaBoost_2
167,SI_ref_17,Alkali-modified SCG biochars,EE2,Synthetic,0.06227375203350968,0.34840950295692535,AdaBoost,AdaBoost_2
170,SI_ref_17,Alkali-modified SCG biochars,EE2,Synthetic,0.13791601981601773,0.34840950295692535,AdaBoost,AdaBoost_2
171,SI_ref_17,Alkali-modified SCG biochars,EE2,Synthetic,0.09051861058315946,0.34840950295692535,AdaBoost,AdaBoost_2
180,SI_ref_17,Alkali-modified SCG biochars,EE2,Synthetic,0.2279548813058391,0.34840950295692535,AdaBoost,AdaBoost_2
203,SI_ref_17,Alkali-modified SCG biochars,IBU,Synthetic,0.10913541523053398,0.34840950295692535,AdaBoost,AdaBoost_2
216,SI_ref_17,Alkali-modified SCG biochars,IBU,Synthetic,0.10107027265594352,0.34840950295692535,AdaBoost,AdaBoost_2
217,SI_ref_17,Alkali-modified SCG biochars,IBU,Synthetic,0.6889998443034063,0.34840950295692535,AdaBoost,AdaBoost_2
219,SI_ref_17,Alkali-modified SCG biochars,IBU,Synthetic,0.1184746430703935,0.34840950295692535,AdaBoost,AdaBoost_2
222,SI_ref_17,Alkali-modified SCG biochars,IBU,Synthetic,0.04374442489311713,0.34840950295692535,AdaBoost,AdaBoost_2
224,SI_ref_17,Alkali-modified SCG biochars,IBU,Synthetic,0.2945083196339574,0.34840950295692535,AdaBoost,AdaBoost_2
225,SI_ref_17,Alkali-modified SCG biochars,IBU,Synthetic,0.5901579894748284,0.34840950295692535,AdaBoost,AdaBoost_2
227,SI_ref_17,Alkali-modified SCG biochars,IBU,Synthetic,0.6910697148739985,0.34840950295692535,AdaBoost,AdaBoost_2
235,SI_ref_16,C-Biochar,ATE,Synthetic,0.8511111111111113,0.6866636570733792,AdaBoost,AdaBoost_2
237,SI_ref_16,C-Biochar,ATE,Synthetic,0.8733333333333334,0.6866636570733792,AdaBoost,AdaBoost_2
239,SI_ref_16,C-Biochar,ATE,Synthetic,0.6511111111111112,0.6866636570733792,AdaBoost,AdaBoost_2
241,SI_ref_16,C-Biochar,ATE,Synthetic,0.7774074074074075,0.6866636570733792,AdaBoost,AdaBoost_2
247,SI_ref_16,C-Biochar,CBZ,Synthetic,0.44146825396825395,0.6778729154368359,AdaBoost,AdaBoost_2
249,SI_ref_16,C-Biochar,CBZ,Synthetic,0.4430976430976431,0.6778729154368359,AdaBoost,AdaBoost_2
253,SI_ref_16,C-Biochar,CBZ,Synthetic,0.4044973544973545,0.6778729154368359,AdaBoost,AdaBoost_2
255,SI_ref_16,C-Biochar,CBZ,Synthetic,0.46792328042328046,0.6778729154368359,AdaBoost,AdaBoost_2
257,SI_ref_16,C-Biochar,CBZ,Synthetic,0.46197089947089953,0.6800689014101711,AdaBoost,AdaBoost_2
273,SI_ref_16,C-Biochar,IBU,Synthetic,0.6000000000000001,0.6866636570733792,AdaBoost,AdaBoost_2
278,SI_ref_16,C-Biochar,IBU,Synthetic,0.8430555555555557,0.6866636570733792,AdaBoost,AdaBoost_2
299,SI_ref_19,CB,IBU,Lake water,0.9811931645978613,0.9213315112381292,AdaBoost,AdaBoost_2
300,SI_ref_19,CB,IBU,Ground water,0.9595058090644278,0.9213315112381292,AdaBoost,AdaBoost_2
304,SI_ref_19,CB,IBU,Ground water,0.9323428884090048,0.9213315112381292,AdaBoost,AdaBoost_2
305,SI_ref_19,CB,IBU,Lake water,0.9442367850805692,0.9213315112381292,AdaBoost,AdaBoost_2
320,SI_ref_19,CB,IBU,Ground water,0.9303445651202417,0.9213315112381292,AdaBoost,AdaBoost_2
326,SI_ref_19,CB,IBU,Ground water,0.9318432124429017,0.9213315112381292,AdaBoost,AdaBoost_2
329,SI_ref_19,CB,IBU,Lake water,0.9296205387839244,0.9213315112381292,AdaBoost,AdaBoost_2
330,SI_ref_19,CB,IBU,Ground water,0.9174641264203113,0.9213315112381292,AdaBoost,AdaBoost_2
345,SI_ref_14,GCRB,ALA,Synthetic,0.9324051079932012,0.9565755848518199,AdaBoost,AdaBoost_2
348,SI_ref_14,GCRB,ALA,Synthetic,0.959711660682908,0.9563852239422094,AdaBoost,AdaBoost_2
374,SI_ref_14,GCRB,DIU,Synthetic,1.0082496176169822,0.9565755848518199,AdaBoost,AdaBoost_2
376,SI_ref_14,GCRB,SIM,Synthetic,0.9862955626477844,0.9610990510799059,AdaBoost,AdaBoost_2
377,SI_ref_14,GCRB,SIM,Synthetic,0.9834030650434858,0.9610990510799059,AdaBoost,AdaBoost_2
378,SI_ref_14,GCRB,SIM,Synthetic,0.9809240251187635,0.9608315710555589,AdaBoost,AdaBoost_2
379,SI_ref_14,GCRB,SIM,Synthetic,0.977408497407208,0.9608315710555589,AdaBoost,AdaBoost_2
380,SI_ref_14,GCRB,SIM,Synthetic,0.9725866254178165,0.9608315710555589,AdaBoost,AdaBoost_2
381,SI_ref_14,GCRB,SIM,Synthetic,0.9707397150816074,0.9608315710555589,AdaBoost,AdaBoost_2
382,SI_ref_14,GCRB,SIM,Synthetic,0.9682512913168398,0.9608315710555589,AdaBoost,AdaBoost_2
383,SI_ref_14,GCRB,SIM,Synthetic,0.9596267727831934,0.9608315710555589,AdaBoost,AdaBoost_2
393,SI_ref_14,GCRB,SIM,Synthetic,0.9681949882765674,0.9608315710555589,AdaBoost,AdaBoost_2
397,SI_ref_14,GCRB,SIM,Synthetic,0.9595581925458377,0.9608315710555589,AdaBoost,AdaBoost_2
410,SI_ref_14,GCRB-N,ALA,Synthetic,0.42098834230158483,0.4563904966527632,AdaBoost,AdaBoost_2
419,SI_ref_14,GCRB-N,ALA,Synthetic,0.3038540896584293,0.4563904966527632,AdaBoost,AdaBoost_2
428,SI_ref_14,GCRB-N,ALA,Synthetic,0.2941679236692388,0.4563904966527632,AdaBoost,AdaBoost_2
437,SI_ref_14,GCRB-N,ALA,Synthetic,0.299011006663834,0.4563904966527632,AdaBoost,AdaBoost_2
459,SI_ref_14,GCRB-N,DIU,Synthetic,0.6455190877003087,0.44738619823606207,AdaBoost,AdaBoost_2
468,SI_ref_14,GCRB-N,DIU,Synthetic,0.6564705601884918,0.44738619823606207,AdaBoost,AdaBoost_2
477,SI_ref_14,GCRB-N,DIU,Synthetic,0.6413243626564091,0.44738619823606207,AdaBoost,AdaBoost_2
480,SI_ref_14,GCRB-N,SIM,Synthetic,0.8709260833889569,0.5024180135025803,AdaBoost,AdaBoost_2
481,SI_ref_14,GCRB-N,SIM,Synthetic,0.7937886433454202,0.5024180135025803,AdaBoost,AdaBoost_2
482,SI_ref_14,GCRB-N,SIM,Synthetic,0.7230251055630271,0.5024180135025803,AdaBoost,AdaBoost_2
483,SI_ref_14,GCRB-N,SIM,Synthetic,0.6451471952322713,0.4990063144138777,AdaBoost,AdaBoost_2
484,SI_ref_14,GCRB-N,SIM,Synthetic,0.579106572580609,0.4990063144138777,AdaBoost,AdaBoost_2
485,SI_ref_14,GCRB-N,SIM,Synthetic,0.5461098630342859,0.4990063144138777,AdaBoost,AdaBoost_2
486,SI_ref_14,GCRB-N,SIM,Synthetic,0.526458395826474,0.4990063144138777,AdaBoost,AdaBoost_2
487,SI_ref_14,GCRB-N,SIM,Synthetic,0.44952651357619516,0.4990063144138777,AdaBoost,AdaBoost_2
493,SI_ref_14,GCRB-N,SIM,Synthetic,0.525804086252399,0.4990063144138777,AdaBoost,AdaBoost_2
502,SI_ref_14,GCRB-N,SIM,Synthetic,0.8453757948497886,0.4990063144138777,AdaBoost,AdaBoost_2
511,SI_ref_14,GCRB-N,SIM,Synthetic,0.8584308799035202,0.4990063144138777,AdaBoost,AdaBoost_2
520,SI_ref_14,GCRB-N,SIM,Synthetic,0.8519033373766544,0.4990063144138777,AdaBoost,AdaBoost_2
540,SI_ref_19,MCB,IBU,Lake water,0.9742126323294387,0.9293437560349223,AdaBoost,AdaBoost_2
541,SI_ref_19,MCB,IBU,Ground water,0.9483485035015843,0.9293437560349223,AdaBoost,AdaBoost_2
547,SI_ref_19,MCB,IBU,Ground water,0.9263512886233829,0.9293437560349223,AdaBoost,AdaBoost_2
548,SI_ref_19,MCB,IBU,Lake water,0.9349728899053784,0.9293437560349223,AdaBoost,AdaBoost_2
565,SI_ref_19,MCB,IBU,Ground water,0.9254612605703445,0.9293437560349223,AdaBoost,AdaBoost_2
571,SI_ref_19,MCB,IBU,Ground water,0.927696260267614,0.9293437560349223,AdaBoost,AdaBoost_2
574,SI_ref_19,MCB,IBU,Lake water,0.9258585842402297,0.9293437560349223,AdaBoost,AdaBoost_2
575,SI_ref_19,MCB,IBU,Ground water,0.9173366162788351,0.9293437560349223,AdaBoost,AdaBoost_2
580,SI_ref_19,MCB,IBU,Lake water,0.974635205338439,0.9293437560349223,AdaBoost,AdaBoost_2
581,SI_ref_19,MCB,IBU,Ground water,0.95367292982704,0.9293437560349223,AdaBoost,AdaBoost_2
585,SI_ref_19,MCB,IBU,Ground water,0.925414707326754,0.9293437560349223,AdaBoost,AdaBoost_2
586,SI_ref_19,MCB,IBU,Lake water,0.9347814302861347,0.9293437560349223,AdaBoost,AdaBoost_2
595,SI_ref_19,MCB,IBU,Ground water,0.9248851497651674,0.9293437560349223,AdaBoost,AdaBoost_2
601,SI_ref_19,MCB,IBU,Ground water,0.9300914246503462,0.9293437560349223,AdaBoost,AdaBoost_2
604,SI_ref_19,MCB,IBU,Lake water,0.9282701343021136,0.9293437560349223,AdaBoost,AdaBoost_2
605,SI_ref_19,MCB,IBU,Ground water,0.9160948152334054,0.9293437560349223,AdaBoost,AdaBoost_2
610,SI_ref_19,MCB,IBU,Lake water,0.9716179138912365,0.9293437560349223,AdaBoost,AdaBoost_2
611,SI_ref_19,MCB,IBU,Ground water,0.9529992532644452,0.9293437560349223,AdaBoost,AdaBoost_2
615,SI_ref_19,MCB,IBU,Ground water,0.9284499518994666,0.9293437560349223,AdaBoost,AdaBoost_2
616,SI_ref_19,MCB,IBU,Lake water,0.935069554315652,0.9293437560349223,AdaBoost,AdaBoost_2
625,SI_ref_19,MCB,IBU,Ground water,0.9258221154816445,0.9293437560349223,AdaBoost,AdaBoost_2
631,SI_ref_19,MCB,IBU,Ground water,0.9296259863973036,0.9293437560349223,AdaBoost,AdaBoost_2
634,SI_ref_19,MCB,IBU,Lake water,0.9271225782160609,0.9293437560349223,AdaBoost,AdaBoost_2
635,SI_ref_19,MCB,IBU,Ground water,0.9188076045934327,0.9293437560349223,AdaBoost,AdaBoost_2
640,SI_ref_18,NaOH-activated SCW biochars,DCF,Secondary effluent,0.7547018161110076,0.3554911605801776,AdaBoost,AdaBoost_2
642,SI_ref_18,NaOH-activated SCW biochars,DCF,Secondary effluent,0.6981463000238689,0.3554911605801776,AdaBoost,AdaBoost_2
644,SI_ref_18,NaOH-activated SCW biochars,DCF,Secondary effluent,0.6293744945066856,0.3554911605801776,AdaBoost,AdaBoost_2
646,SI_ref_18,NaOH-activated SCW biochars,DCF,Secondary effluent,0.588788451165352,0.3554911605801776,AdaBoost,AdaBoost_2
648,SI_ref_18,NaOH-activated SCW biochars,DCF,Secondary effluent,0.5891686823750966,0.3554911605801776,AdaBoost,AdaBoost_2
650,SI_ref_18,NaOH-activated SCW biochars,DCF,Secondary effluent,0.5849511312086796,0.3554911605801776,AdaBoost,AdaBoost_2
652,SI_ref_18,NaOH-activated SCW biochars,DCF,Secondary effluent,0.5864672759838442,0.3554911605801776,AdaBoost,AdaBoost_2
655,SI_ref_18,NaOH-activated SCW biochars,DCF,Lake water,0.28283236606156975,0.3554911605801776,AdaBoost,AdaBoost_2
657,SI_ref_18,NaOH-activated SCW biochars,DCF,Lake water,0.4098052873550469,0.3554911605801776,AdaBoost,AdaBoost_2
662,SI_ref_18,NaOH-activated SCW biochars,DCF,Secondary effluent,0.600008865661574,0.3554911605801776,AdaBoost,AdaBoost_2
668,SI_ref_18,NaOH-activated SCW biochars,DCF,Lake water,0.5638671837826676,0.3554911605801776,AdaBoost,AdaBoost_2
673,SI_ref_18,NaOH-activated SCW biochars,DCF,Lake water,0.5356816504619031,0.3554911605801776,AdaBoost,AdaBoost_2
679,SI_ref_18,NaOH-activated SCW biochars,DCF,Lake water,0.48550836273532816,0.3554911605801776,AdaBoost,AdaBoost_2
682,SI_ref_18,NaOH-activated SCW biochars,DCF,Secondary effluent,0.5965252581670849,0.3554911605801776,AdaBoost,AdaBoost_2
688,SI_ref_18,NaOH-activated SCW biochars,DCF,Lake water,0.5703611171190489,0.3554911605801776,AdaBoost,AdaBoost_2
693,SI_ref_18,NaOH-activated SCW biochars,DCF,Secondary effluent,0.6557026735074662,0.3554911605801776,AdaBoost,AdaBoost_2
694,SI_ref_18,NaOH-activated SCW biochars,DCF,Lake water,0.7297297292522416,0.3554911605801776,AdaBoost,AdaBoost_2
699,SI_ref_18,NaOH-activated SCW biochars,IBU,Secondary effluent,0.8098199350756726,0.3554911605801776,AdaBoost,AdaBoost_2
701,SI_ref_18,NaOH-activated SCW biochars,IBU,Secondary effluent,0.7485969905050348,0.3554911605801776,AdaBoost,AdaBoost_2
703,SI_ref_18,NaOH-activated SCW biochars,IBU,Secondary effluent,0.6850179499229786,0.3554911605801776,AdaBoost,AdaBoost_2
705,SI_ref_18,NaOH-activated SCW biochars,IBU,Secondary effluent,0.6861011679416551,0.3554911605801776,AdaBoost,AdaBoost_2
707,SI_ref_18,NaOH-activated SCW biochars,IBU,Secondary effluent,0.6799185617433835,0.3554911605801776,AdaBoost,AdaBoost_2
709,SI_ref_18,NaOH-activated SCW biochars,IBU,Secondary effluent,0.6765813990931481,0.3554911605801776,AdaBoost,AdaBoost_2
711,SI_ref_18,NaOH-activated SCW biochars,IBU,Secondary effluent,0.6777803451607008,0.3554911605801776,AdaBoost,AdaBoost_2
712,SI_ref_18,NaOH-activated SCW biochars,IBU,Lake water,0.10371139816269948,0.3554911605801776,AdaBoost,AdaBoost_2
714,SI_ref_18,NaOH-activated SCW biochars,IBU,Lake water,0.46656560236114836,0.3554911605801776,AdaBoost,AdaBoost_2
721,SI_ref_18,NaOH-activated SCW biochars,IBU,Secondary effluent,0.675113405421536,0.3554911605801776,AdaBoost,AdaBoost_2
730,SI_ref_18,NaOH-activated SCW biochars,IBU,Lake water,0.627404015064595,0.3554911605801776,AdaBoost,AdaBoost_2
738,SI_ref_18,NaOH-activated SCW biochars,IBU,Lake water,0.6298527247859258,0.3554911605801776,AdaBoost,AdaBoost_2
740,SI_ref_18,NaOH-activated SCW biochars,IBU,Lake water,0.5791171913994386,0.3554911605801776,AdaBoost,AdaBoost_2
747,SI_ref_18,NaOH-activated SCW biochars,IBU,Lake water,0.6846241766923425,0.3554911605801776,AdaBoost,AdaBoost_2
752,SI_ref_18,NaOH-activated SCW biochars,IBU,Secondary effluent,0.7252319435730717,0.3554911605801776,AdaBoost,AdaBoost_2
758,SI_ref_18,NaOH-activated SCW biochars,NPX,Secondary effluent,0.5521972966156422,0.34014608581269923,AdaBoost,AdaBoost_2
760,SI_ref_18,NaOH-activated SCW biochars,NPX,Secondary effluent,0.4814245289032641,0.34014608581269923,AdaBoost,AdaBoost_2
762,SI_ref_18,NaOH-activated SCW biochars,NPX,Secondary effluent,0.34455951981715066,0.34014608581269923,AdaBoost,AdaBoost_2
764,SI_ref_18,NaOH-activated SCW biochars,NPX,Secondary effluent,0.2493517679350271,0.3393470452122494,AdaBoost,AdaBoost_2
766,SI_ref_18,NaOH-activated SCW biochars,NPX,Secondary effluent,0.16764900163614713,0.3393470452122494,AdaBoost,AdaBoost_2
768,SI_ref_18,NaOH-activated SCW biochars,NPX,Secondary effluent,0.12846350911521487,0.3393470452122494,AdaBoost,AdaBoost_2
770,SI_ref_18,NaOH-activated SCW biochars,NPX,Secondary effluent,0.12873702561203082,0.3393470452122494,AdaBoost,AdaBoost_2
771,SI_ref_18,NaOH-activated SCW biochars,NPX,Lake water,0.03570310331741743,0.3393470452122494,AdaBoost,AdaBoost_2
780,SI_ref_18,NaOH-activated SCW biochars,NPX,Secondary effluent,0.11864589305153721,0.3393470452122494,AdaBoost,AdaBoost_2
781,SI_ref_18,NaOH-activated SCW biochars,NPX,Lake water,0.04234525136924403,0.3393470452122494,AdaBoost,AdaBoost_2
791,SI_ref_18,NaOH-activated SCW biochars,NPX,Lake water,0.05751855059175114,0.3393470452122494,AdaBoost,AdaBoost_2
795,SI_ref_18,NaOH-activated SCW biochars,NPX,Lake water,0.1386164882936624,0.3393470452122494,AdaBoost,AdaBoost_2
859,SI_ref_13,PB600,CBZ,Synthetic,0.4773489932885906,0.4988356398613965,AdaBoost,AdaBoost_2
892,SI_ref_13,PB600,IBU,Synthetic,0.8533052267445003,0.4988356398613965,AdaBoost,AdaBoost_2
906,SI_ref_13,PB800,CBZ,Synthetic,0.16135346756152125,0.3554911605801776,AdaBoost,AdaBoost_2
939,SI_ref_13,PB800,IBU,Synthetic,0.5875275377054737,0.3554911605801776,AdaBoost,AdaBoost_2
959,SI_ref_15,PSB,CAR,Synthetic,0.898502105289309,0.9217821827547559,AdaBoost,AdaBoost_2
963,SI_ref_15,PSB,CAR,Synthetic,0.8690891098845278,0.9217821827547559,AdaBoost,AdaBoost_2
976,SI_ref_15,PSB,PYR,Synthetic,0.9599614728522631,0.9217821827547559,AdaBoost,AdaBoost_2
980,SI_ref_15,PSB,PYR,Synthetic,0.8739092070679689,0.9217821827547559,AdaBoost,AdaBoost_2
982,SI_ref_15,PSB,PYR,Synthetic,0.8750456231185068,0.9217821827547559,AdaBoost,AdaBoost_2
983,SI_ref_15,PSB,PYR,Synthetic,0.950707773566655,0.9217821827547559,AdaBoost,AdaBoost_2
1000,SI_ref_15,PSB,TEB,Synthetic,0.8714762044822667,0.9217821827547559,AdaBoost,AdaBoost_2
1001,SI_ref_15,PSB,TEB,Synthetic,0.8650362109004135,0.9217821827547559,AdaBoost,AdaBoost_2
1020,SI_ref_15,PSBOX-A,CAR,Synthetic,0.024826351018054676,0.33481551908689866,AdaBoost,AdaBoost_2
1024,SI_ref_15,PSBOX-A,CAR,Synthetic,0.013386578068051812,0.33481551908689866,AdaBoost,AdaBoost_2
1039,SI_ref_15,PSBOX-A,PYR,Synthetic,0.10520884210859399,0.3355278764183004,AdaBoost,AdaBoost_2
1041,SI_ref_15,PSBOX-A,PYR,Synthetic,0.5321591562240328,0.3355278764183004,AdaBoost,AdaBoost_2
1045,SI_ref_15,PSBOX-A,PYR,Synthetic,0.07450853175519283,0.3355278764183004,AdaBoost,AdaBoost_2
1047,SI_ref_15,PSBOX-A,PYR,Synthetic,0.07530521810797475,0.3355278764183004,AdaBoost,AdaBoost_2
1048,SI_ref_15,PSBOX-A,PYR,Synthetic,0.1335562050140622,0.3355278764183004,AdaBoost,AdaBoost_2
1065,SI_ref_15,PSBOX-A,TEB,Synthetic,0.5160089507499187,0.3355278764183004,AdaBoost,AdaBoost_2
1070,SI_ref_15,PSBOX-A,TEB,Synthetic,0.04527670142322688,0.3355278764183004,AdaBoost,AdaBoost_2
1071,SI_ref_15,PSBOX-A,TEB,Synthetic,0.04243318293660387,0.3355278764183004,AdaBoost,AdaBoost_2
1095,SI_ref_17,Pristine SCG biochar,CBZ,Synthetic,0.9071706166070994,0.9191002723397763,AdaBoost,AdaBoost_2
1104,SI_ref_17,Pristine SCG biochar,CBZ,Synthetic,0.8748284470323213,0.9191002723397763,AdaBoost,AdaBoost_2
1108,SI_ref_17,Pristine SCG biochar,CBZ,Synthetic,0.8967497590877974,0.9191002723397763,AdaBoost,AdaBoost_2
1112,SI_ref_17,Pristine SCG biochar,CBZ,Synthetic,0.8867934815653573,0.9191002723397763,AdaBoost,AdaBoost_2
1115,SI_ref_17,Pristine SCG biochar,CBZ,Synthetic,0.925161257978969,0.9191002723397763,AdaBoost,AdaBoost_2
1116,SI_ref_17,Pristine SCG biochar,EE2,Synthetic,0.9879675366998732,0.8644745347871848,AdaBoost,AdaBoost_2
1117,SI_ref_17,Pristine SCG biochar,EE2,Synthetic,0.9630524728687239,0.8645176234789292,AdaBoost,AdaBoost_2
1118,SI_ref_17,Pristine SCG biochar,EE2,Synthetic,0.9308917481943695,0.8644745347871848,AdaBoost,AdaBoost_2
1119,SI_ref_17,Pristine SCG biochar,EE2,Synthetic,0.9610835485312063,0.8645176234789292,AdaBoost,AdaBoost_2
1120,SI_ref_17,Pristine SCG biochar,EE2,Synthetic,0.8890050918282607,0.8644745347871848,AdaBoost,AdaBoost_2
1121,SI_ref_17,Pristine SCG biochar,EE2,Synthetic,0.9527872619203276,0.8645176234789292,AdaBoost,AdaBoost_2
1122,SI_ref_17,Pristine SCG biochar,EE2,Synthetic,0.8965951913819401,0.8644745347871848,AdaBoost,AdaBoost_2
1123,SI_ref_17,Pristine SCG biochar,EE2,Synthetic,0.9558259103687238,0.8645176234789292,AdaBoost,AdaBoost_2
1124,SI_ref_17,Pristine SCG biochar,EE2,Synthetic,0.8793895099735648,0.8644745347871848,AdaBoost,AdaBoost_2
1125,SI_ref_17,Pristine SCG biochar,EE2,Synthetic,0.9519368217180961,0.8645176234789292,AdaBoost,AdaBoost_2
1126,SI_ref_17,Pristine SCG biochar,EE2,Synthetic,0.8770554520720774,0.8644745347871848,AdaBoost,AdaBoost_2
1127,SI_ref_17,Pristine SCG biochar,EE2,Synthetic,0.9377852461427824,0.8645176234789292,AdaBoost,AdaBoost_2
1128,SI_ref_17,Pristine SCG biochar,EE2,Synthetic,0.8833014060151289,0.8644745347871848,AdaBoost,AdaBoost_2
1129,SI_ref_17,Pristine SCG biochar,EE2,Synthetic,0.9348668633411785,0.8645176234789292,AdaBoost,AdaBoost_2
1132,SI_ref_17,Pristine SCG biochar,EE2,Synthetic,0.8374361704672763,0.8644745347871848,AdaBoost,AdaBoost_2
1133,SI_ref_17,Pristine SCG biochar,EE2,Synthetic,0.8609155049620831,0.8645176234789292,AdaBoost,AdaBoost_2
1137,SI_ref_17,Pristine SCG biochar,EE2,Synthetic,0.8257334628724249,0.8645176234789292,AdaBoost,AdaBoost_2
1147,SI_ref_17,Pristine SCG biochar,EE2,Synthetic,0.8965862728271835,0.8645176234789292,AdaBoost,AdaBoost_2
1170,SI_ref_17,Pristine SCG biochar,IBU,Synthetic,0.7820004901373623,0.9183921684346963,AdaBoost,AdaBoost_2
1183,SI_ref_17,Pristine SCG biochar,IBU,Synthetic,0.9114748664800524,0.9191002723397763,AdaBoost,AdaBoost_2
1184,SI_ref_17,Pristine SCG biochar,IBU,Synthetic,0.9484982246288517,0.9191002723397763,AdaBoost,AdaBoost_2
1186,SI_ref_17,Pristine SCG biochar,IBU,Synthetic,0.893754721851682,0.9191002723397763,AdaBoost,AdaBoost_2
1189,SI_ref_17,Pristine SCG biochar,IBU,Synthetic,0.9210277046979152,0.9191002723397763,AdaBoost,AdaBoost_2
1191,SI_ref_17,Pristine SCG biochar,IBU,Synthetic,0.9513456586569363,0.9191002723397763,AdaBoost,AdaBoost_2
1192,SI_ref_17,Pristine SCG biochar,IBU,Synthetic,0.9226237248225028,0.9191002723397763,AdaBoost,AdaBoost_2
1194,SI_ref_17,Pristine SCG biochar,IBU,Synthetic,0.8857728699803085,0.9191002723397763,AdaBoost,AdaBoost_2
1199,SI_ref_18,Pristine SCW Biochar,DCF,Secondary effluent,0.918928852227115,0.9192760097771264,AdaBoost,AdaBoost_2
1201,SI_ref_18,Pristine SCW Biochar,DCF,Secondary effluent,0.9102784904019702,0.9192760097771264,AdaBoost,AdaBoost_2
1203,SI_ref_18,Pristine SCW Biochar,DCF,Secondary effluent,0.9056826438576806,0.9192760097771264,AdaBoost,AdaBoost_2
1205,SI_ref_18,Pristine SCW Biochar,DCF,Secondary effluent,0.9047459643543814,0.9192760097771264,AdaBoost,AdaBoost_2
1207,SI_ref_18,Pristine SCW Biochar,DCF,Secondary effluent,0.9046272834515193,0.9192760097771264,AdaBoost,AdaBoost_2
1209,SI_ref_18,Pristine SCW Biochar,DCF,Secondary effluent,0.9011959807369067,0.9191495827178395,AdaBoost,AdaBoost_2
1211,SI_ref_18,Pristine SCW Biochar,DCF,Secondary effluent,0.9001936082465184,0.9191495827178395,AdaBoost,AdaBoost_2
1214,SI_ref_18,Pristine SCW Biochar,DCF,Lake water,0.9077130214504949,0.918928174366993,AdaBoost,AdaBoost_2
1219,SI_ref_18,Pristine SCW Biochar,DCF,Secondary effluent,0.9048873911798646,0.9191002723397763,AdaBoost,AdaBoost_2
1225,SI_ref_18,Pristine SCW Biochar,DCF,Lake water,0.9209005359691885,0.9191002723397763,AdaBoost,AdaBoost_2
1230,SI_ref_18,Pristine SCW Biochar,DCF,Lake water,0.9255037841040696,0.9191002723397763,AdaBoost,AdaBoost_2
1236,SI_ref_18,Pristine SCW Biochar,DCF,Lake water,0.9092724465153025,0.9191002723397763,AdaBoost,AdaBoost_2
1239,SI_ref_18,Pristine SCW Biochar,DCF,Secondary effluent,0.9186059768996898,0.9191002723397763,AdaBoost,AdaBoost_2
1245,SI_ref_18,Pristine SCW Biochar,DCF,Lake water,0.926603142736896,0.9191002723397763,AdaBoost,AdaBoost_2
1249,SI_ref_18,Pristine SCW Biochar,DCF,Secondary effluent,0.9174019043807426,0.9191002723397763,AdaBoost,AdaBoost_2
1254,SI_ref_18,Pristine SCW Biochar,IBU,Secondary effluent,0.9156726978407875,0.9192760097771264,AdaBoost,AdaBoost_2
1256,SI_ref_18,Pristine SCW Biochar,IBU,Secondary effluent,0.9079673942368781,0.9192760097771264,AdaBoost,AdaBoost_2
1258,SI_ref_18,Pristine SCW Biochar,IBU,Secondary effluent,0.9043236251446873,0.9192760097771264,AdaBoost,AdaBoost_2
1260,SI_ref_18,Pristine SCW Biochar,IBU,Secondary effluent,0.9020547983951682,0.9192760097771264,AdaBoost,AdaBoost_2
1262,SI_ref_18,Pristine SCW Biochar,IBU,Secondary effluent,0.9004882379050155,0.9192760097771264,AdaBoost,AdaBoost_2
1264,SI_ref_18,Pristine SCW Biochar,IBU,Secondary effluent,0.897458530238549,0.9191495827178395,AdaBoost,AdaBoost_2
1266,SI_ref_18,Pristine SCW Biochar,IBU,Secondary effluent,0.8973424975849196,0.9191495827178395,AdaBoost,AdaBoost_2
1274,SI_ref_18,Pristine SCW Biochar,IBU,Secondary effluent,0.8992057856547054,0.9191002723397763,AdaBoost,AdaBoost_2
1283,SI_ref_18,Pristine SCW Biochar,IBU,Lake water,0.9158900362354069,0.9191002723397763,AdaBoost,AdaBoost_2
1291,SI_ref_18,Pristine SCW Biochar,IBU,Lake water,0.9068652159539504,0.9191002723397763,AdaBoost,AdaBoost_2
1293,SI_ref_18,Pristine SCW Biochar,IBU,Lake water,0.9067682424855283,0.9191002723397763,AdaBoost,AdaBoost_2
1300,SI_ref_18,Pristine SCW Biochar,IBU,Lake water,0.9277221749920567,0.9191002723397763,AdaBoost,AdaBoost_2
1304,SI_ref_18,Pristine SCW Biochar,IBU,Secondary effluent,0.911352956646831,0.9191002723397763,AdaBoost,AdaBoost_2
1309,SI_ref_18,Pristine SCW Biochar,NPX,Secondary effluent,0.9276600601799115,0.9192760097771264,AdaBoost,AdaBoost_2
1311,SI_ref_18,Pristine SCW Biochar,NPX,Secondary effluent,0.9217275625657669,0.9192760097771264,AdaBoost,AdaBoost_2
1313,SI_ref_18,Pristine SCW Biochar,NPX,Secondary effluent,0.9151672500810683,0.9192760097771264,AdaBoost,AdaBoost_2
1315,SI_ref_18,Pristine SCW Biochar,NPX,Secondary effluent,0.914870212237198,0.9192760097771264,AdaBoost,AdaBoost_2
1317,SI_ref_18,Pristine SCW Biochar,NPX,Secondary effluent,0.9125118045566373,0.9192760097771264,AdaBoost,AdaBoost_2
1319,SI_ref_18,Pristine SCW Biochar,NPX,Secondary effluent,0.9122370962869346,0.9191495827178395,AdaBoost,AdaBoost_2
1321,SI_ref_18,Pristine SCW Biochar,NPX,Secondary effluent,0.9100475600528815,0.9191495827178395,AdaBoost,AdaBoost_2
1329,SI_ref_18,Pristine SCW Biochar,NPX,Secondary effluent,0.910898633301941,0.9191002723397763,AdaBoost,AdaBoost_2
1330,SI_ref_18,Pristine SCW Biochar,NPX,Lake water,0.9241969522882365,0.9191002723397763,AdaBoost,AdaBoost_2
1340,SI_ref_18,Pristine SCW Biochar,NPX,Lake water,0.9210401821004949,0.9191002723397763,AdaBoost,AdaBoost_2
1344,SI_ref_18,Pristine SCW Biochar,NPX,Lake water,0.9309313456555985,0.9191002723397763,AdaBoost,AdaBoost_2
19,SI_ref_19,AMCB,IBU,Lake water,0.12160249298048154,0.3591527662714675,Bagging,Bagging_1
20,SI_ref_19,AMCB,IBU,Ground water,0.0023766372681587895,0.29252196105726885,Bagging,Bagging_1
26,SI_ref_19,AMCB,IBU,Ground water,0.1894672613641715,0.29509983866469247,Bagging,Bagging_1
27,SI_ref_19,AMCB,IBU,Lake water,0.343266669603983,0.3628525069873954,Bagging,Bagging_1
36,SI_ref_19,AMCB,IBU,Ground water,0.41496556078686897,0.2984738160341385,Bagging,Bagging_1
42,SI_ref_19,AMCB,IBU,Ground water,0.5182383095521604,0.2984738160341385,Bagging,Bagging_1
45,SI_ref_19,AMCB,IBU,Lake water,0.5439346954470261,0.3749765503773807,Bagging,Bagging_1
46,SI_ref_19,AMCB,IBU,Ground water,0.48210720700720494,0.30070998326868137,Bagging,Bagging_1
51,SI_ref_19,AMCB,IBU,Lake water,0.0829192384873889,0.36693489063502943,Bagging,Bagging_1
52,SI_ref_19,AMCB,IBU,Ground water,0.003531050071646246,0.299300477440595,Bagging,Bagging_1
56,SI_ref_19,AMCB,IBU,Ground water,0.17260220522445793,0.299300477440595,Bagging,Bagging_1
57,SI_ref_19,AMCB,IBU,Lake water,0.2799685707152232,0.3680432626634537,Bagging,Bagging_1
66,SI_ref_19,AMCB,IBU,Ground water,0.4885549946229274,0.30875280329667826,Bagging,Bagging_1
72,SI_ref_19,AMCB,IBU,Ground water,0.5107350299703324,0.3073339673159314,Bagging,Bagging_1
75,SI_ref_19,AMCB,IBU,Lake water,0.539673236909249,0.37933490117078295,Bagging,Bagging_1
76,SI_ref_19,AMCB,IBU,Ground water,0.4945842701164504,0.31099548977978797,Bagging,Bagging_1
81,SI_ref_19,AMCB,IBU,Lake water,0.11734271672387758,0.36991836209905765,Bagging,Bagging_1
82,SI_ref_19,AMCB,IBU,Ground water,0.0,0.3076494494113866,Bagging,Bagging_1
86,SI_ref_19,AMCB,IBU,Ground water,0.16952726930244136,0.30622409418207286,Bagging,Bagging_1
87,SI_ref_19,AMCB,IBU,Lake water,0.245380335735257,0.3723599870816867,Bagging,Bagging_1
96,SI_ref_19,AMCB,IBU,Ground water,0.45590621693388655,0.3312215372169461,Bagging,Bagging_1
110,SI_ref_19,AMCB,IBU,Ground water,0.5205305455205957,0.33408203460786423,Bagging,Bagging_1
113,SI_ref_19,AMCB,IBU,Lake water,0.5570792394486925,0.4102882138572562,Bagging,Bagging_1
114,SI_ref_19,AMCB,IBU,Ground water,0.48301499525722014,0.33774355707172093,Bagging,Bagging_1
134,SI_ref_17,Alkali-modified SCG biochars,CBZ,Synthetic,0.00635796336582959,0.17390317081568757,Bagging,Bagging_1
143,SI_ref_17,Alkali-modified SCG biochars,CBZ,Synthetic,0.12158111194827703,0.327394236977578,Bagging,Bagging_1
146,SI_ref_17,Alkali-modified SCG biochars,CBZ,Synthetic,0.6777397154224275,0.327394236977578,Bagging,Bagging_1
150,SI_ref_17,Alkali-modified SCG biochars,CBZ,Synthetic,0.8144073973371778,0.327394236977578,Bagging,Bagging_1
153,SI_ref_17,Alkali-modified SCG biochars,CBZ,Synthetic,0.5612135486607656,0.17390317081568757,Bagging,Bagging_1
154,SI_ref_17,Alkali-modified SCG biochars,EE2,Synthetic,0.32691906294512396,0.44363011857700463,Bagging,Bagging_1
155,SI_ref_17,Alkali-modified SCG biochars,EE2,Synthetic,0.281684429186895,0.33779836366035704,Bagging,Bagging_1
156,SI_ref_17,Alkali-modified SCG biochars,EE2,Synthetic,0.2985885901242538,0.43364221118007107,Bagging,Bagging_1
157,SI_ref_17,Alkali-modified SCG biochars,EE2,Synthetic,0.1736546812353491,0.31544436528963554,Bagging,Bagging_1
158,SI_ref_17,Alkali-modified SCG biochars,EE2,Synthetic,0.08297647774499996,0.3781615386000706,Bagging,Bagging_1
159,SI_ref_17,Alkali-modified SCG biochars,EE2,Synthetic,0.0890939833732563,0.2469801967674959,Bagging,Bagging_1
160,SI_ref_17,Alkali-modified SCG biochars,EE2,Synthetic,0.12434438865468556,0.3572993776058519,Bagging,Bagging_1
161,SI_ref_17,Alkali-modified SCG biochars,EE2,Synthetic,0.0719303611000807,0.23713239091918006,Bagging,Bagging_1
162,SI_ref_17,Alkali-modified SCG biochars,EE2,Synthetic,0.050886215526030655,0.3524744223901133,Bagging,Bagging_1
163,SI_ref_17,Alkali-modified SCG biochars,EE2,Synthetic,0.06892444951131721,0.23713239091918006,Bagging,Bagging_1
164,SI_ref_17,Alkali-modified SCG biochars,EE2,Synthetic,0.0402114435413677,0.35247461790876655,Bagging,Bagging_1
165,SI_ref_17,Alkali-modified SCG biochars,EE2,Synthetic,0.06161971981332274,0.23852957427021132,Bagging,Bagging_1
166,SI_ref_17,Alkali-modified SCG biochars,EE2,Synthetic,0.014122078362060976,0.3489342709462474,Bagging,Bagging_1
167,SI_ref_17,Alkali-modified SCG biochars,EE2,Synthetic,0.06227375203350968,0.23888331611621053,Bagging,Bagging_1
170,SI_ref_17,Alkali-modified SCG biochars,EE2,Synthetic,0.13791601981601773,0.36905434307274987,Bagging,Bagging_1
171,SI_ref_17,Alkali-modified SCG biochars,EE2,Synthetic,0.09051861058315946,0.24667057957131672,Bagging,Bagging_1
180,SI_ref_17,Alkali-modified SCG biochars,EE2,Synthetic,0.2279548813058391,0.24667057957131672,Bagging,Bagging_1
203,SI_ref_17,Alkali-modified SCG biochars,IBU,Synthetic,0.10913541523053398,0.3409439813530013,Bagging,Bagging_1
216,SI_ref_17,Alkali-modified SCG biochars,IBU,Synthetic,0.10107027265594352,0.24386125130930889,Bagging,Bagging_1
217,SI_ref_17,Alkali-modified SCG biochars,IBU,Synthetic,0.6889998443034063,0.36137952551235814,Bagging,Bagging_1
219,SI_ref_17,Alkali-modified SCG biochars,IBU,Synthetic,0.1184746430703935,0.36137952551235814,Bagging,Bagging_1
222,SI_ref_17,Alkali-modified SCG biochars,IBU,Synthetic,0.04374442489311713,0.24386125130930889,Bagging,Bagging_1
224,SI_ref_17,Alkali-modified SCG biochars,IBU,Synthetic,0.2945083196339574,0.24386125130930889,Bagging,Bagging_1
225,SI_ref_17,Alkali-modified SCG biochars,IBU,Synthetic,0.5901579894748284,0.36137952551235814,Bagging,Bagging_1
227,SI_ref_17,Alkali-modified SCG biochars,IBU,Synthetic,0.6910697148739985,0.36137952551235814,Bagging,Bagging_1
235,SI_ref_16,C-Biochar,ATE,Synthetic,0.8511111111111113,0.7816911592201121,Bagging,Bagging_1
237,SI_ref_16,C-Biochar,ATE,Synthetic,0.8733333333333334,0.7816911592201121,Bagging,Bagging_1
239,SI_ref_16,C-Biochar,ATE,Synthetic,0.6511111111111112,0.7816911592201121,Bagging,Bagging_1
241,SI_ref_16,C-Biochar,ATE,Synthetic,0.7774074074074075,0.7816911592201121,Bagging,Bagging_1
247,SI_ref_16,C-Biochar,CBZ,Synthetic,0.44146825396825395,0.5741339555752124,Bagging,Bagging_1
249,SI_ref_16,C-Biochar,CBZ,Synthetic,0.4430976430976431,0.5761665340290232,Bagging,Bagging_1
253,SI_ref_16,C-Biochar,CBZ,Synthetic,0.4044973544973545,0.5761665340290232,Bagging,Bagging_1
255,SI_ref_16,C-Biochar,CBZ,Synthetic,0.46792328042328046,0.5761665340290232,Bagging,Bagging_1
257,SI_ref_16,C-Biochar,CBZ,Synthetic,0.46197089947089953,0.5809570667458972,Bagging,Bagging_1
273,SI_ref_16,C-Biochar,IBU,Synthetic,0.6000000000000001,0.6569223498796325,Bagging,Bagging_1
278,SI_ref_16,C-Biochar,IBU,Synthetic,0.8430555555555557,0.6569223498796325,Bagging,Bagging_1
299,SI_ref_19,CB,IBU,Lake water,0.9811931645978613,0.9255408195590441,Bagging,Bagging_1
300,SI_ref_19,CB,IBU,Ground water,0.9595058090644278,0.9261799510530173,Bagging,Bagging_1
304,SI_ref_19,CB,IBU,Ground water,0.9323428884090048,0.9257976632380343,Bagging,Bagging_1
305,SI_ref_19,CB,IBU,Lake water,0.9442367850805692,0.9255408195590441,Bagging,Bagging_1
320,SI_ref_19,CB,IBU,Ground water,0.9303445651202417,0.9502322647839911,Bagging,Bagging_1
326,SI_ref_19,CB,IBU,Ground water,0.9318432124429017,0.9502322647839911,Bagging,Bagging_1
329,SI_ref_19,CB,IBU,Lake water,0.9296205387839244,0.9255408195590441,Bagging,Bagging_1
330,SI_ref_19,CB,IBU,Ground water,0.9174641264203113,0.9261799510530173,Bagging,Bagging_1
345,SI_ref_14,GCRB,ALA,Synthetic,0.9324051079932012,0.9537415226221835,Bagging,Bagging_1
348,SI_ref_14,GCRB,ALA,Synthetic,0.959711660682908,0.9537415226221835,Bagging,Bagging_1
374,SI_ref_14,GCRB,DIU,Synthetic,1.0082496176169822,0.948288904444791,Bagging,Bagging_1
376,SI_ref_14,GCRB,SIM,Synthetic,0.9862955626477844,0.9770718134309245,Bagging,Bagging_1
377,SI_ref_14,GCRB,SIM,Synthetic,0.9834030650434858,0.9770718134309245,Bagging,Bagging_1
378,SI_ref_14,GCRB,SIM,Synthetic,0.9809240251187635,0.9766151808882776,Bagging,Bagging_1
379,SI_ref_14,GCRB,SIM,Synthetic,0.977408497407208,0.9763092476023519,Bagging,Bagging_1
380,SI_ref_14,GCRB,SIM,Synthetic,0.9725866254178165,0.9761107818956749,Bagging,Bagging_1
381,SI_ref_14,GCRB,SIM,Synthetic,0.9707397150816074,0.9760352301954829,Bagging,Bagging_1
382,SI_ref_14,GCRB,SIM,Synthetic,0.9682512913168398,0.975814352143545,Bagging,Bagging_1
383,SI_ref_14,GCRB,SIM,Synthetic,0.9596267727831934,0.9729398503451602,Bagging,Bagging_1
393,SI_ref_14,GCRB,SIM,Synthetic,0.9681949882765674,0.976599193877147,Bagging,Bagging_1
397,SI_ref_14,GCRB,SIM,Synthetic,0.9595581925458377,0.976599193877147,Bagging,Bagging_1
410,SI_ref_14,GCRB-N,ALA,Synthetic,0.42098834230158483,0.4679535086992434,Bagging,Bagging_1
419,SI_ref_14,GCRB-N,ALA,Synthetic,0.3038540896584293,0.5585727444761046,Bagging,Bagging_1
428,SI_ref_14,GCRB-N,ALA,Synthetic,0.2941679236692388,0.5657980449617921,Bagging,Bagging_1
437,SI_ref_14,GCRB-N,ALA,Synthetic,0.299011006663834,0.5779508935772287,Bagging,Bagging_1
459,SI_ref_14,GCRB-N,DIU,Synthetic,0.6455190877003087,0.2633825202678283,Bagging,Bagging_1
468,SI_ref_14,GCRB-N,DIU,Synthetic,0.6564705601884918,0.2941195396580398,Bagging,Bagging_1
477,SI_ref_14,GCRB-N,DIU,Synthetic,0.6413243626564091,0.31800630716425504,Bagging,Bagging_1
480,SI_ref_14,GCRB-N,SIM,Synthetic,0.8709260833889569,0.6282912787333426,Bagging,Bagging_1
481,SI_ref_14,GCRB-N,SIM,Synthetic,0.7937886433454202,0.6278938872574671,Bagging,Bagging_1
482,SI_ref_14,GCRB-N,SIM,Synthetic,0.7230251055630271,0.6250967628083507,Bagging,Bagging_1
483,SI_ref_14,GCRB-N,SIM,Synthetic,0.6451471952322713,0.5875456676218775,Bagging,Bagging_1
484,SI_ref_14,GCRB-N,SIM,Synthetic,0.579106572580609,0.5502270713843594,Bagging,Bagging_1
485,SI_ref_14,GCRB-N,SIM,Synthetic,0.5461098630342859,0.544616143993855,Bagging,Bagging_1
486,SI_ref_14,GCRB-N,SIM,Synthetic,0.526458395826474,0.5414050186591524,Bagging,Bagging_1
487,SI_ref_14,GCRB-N,SIM,Synthetic,0.44952651357619516,0.5375706125763496,Bagging,Bagging_1
493,SI_ref_14,GCRB-N,SIM,Synthetic,0.525804086252399,0.5375706125763496,Bagging,Bagging_1
502,SI_ref_14,GCRB-N,SIM,Synthetic,0.8453757948497886,0.582355371419243,Bagging,Bagging_1
511,SI_ref_14,GCRB-N,SIM,Synthetic,0.8584308799035202,0.5947208397350043,Bagging,Bagging_1
520,SI_ref_14,GCRB-N,SIM,Synthetic,0.8519033373766544,0.5967936680018107,Bagging,Bagging_1
540,SI_ref_19,MCB,IBU,Lake water,0.9742126323294387,0.9285509352578422,Bagging,Bagging_1
541,SI_ref_19,MCB,IBU,Ground water,0.9483485035015843,0.92618850814273,Bagging,Bagging_1
547,SI_ref_19,MCB,IBU,Ground water,0.9263512886233829,0.9230073253553803,Bagging,Bagging_1
548,SI_ref_19,MCB,IBU,Lake water,0.9349728899053784,0.9251539867290588,Bagging,Bagging_1
565,SI_ref_19,MCB,IBU,Ground water,0.9254612605703445,0.948494247876112,Bagging,Bagging_1
571,SI_ref_19,MCB,IBU,Ground water,0.927696260267614,0.9517767828234491,Bagging,Bagging_1
574,SI_ref_19,MCB,IBU,Lake water,0.9258585842402297,0.9265338870445552,Bagging,Bagging_1
575,SI_ref_19,MCB,IBU,Ground water,0.9173366162788351,0.9221454872793191,Bagging,Bagging_1
580,SI_ref_19,MCB,IBU,Lake water,0.974635205338439,0.9298960816180768,Bagging,Bagging_1
581,SI_ref_19,MCB,IBU,Ground water,0.95367292982704,0.926371954599897,Bagging,Bagging_1
585,SI_ref_19,MCB,IBU,Ground water,0.925414707326754,0.9269635103827711,Bagging,Bagging_1
586,SI_ref_19,MCB,IBU,Lake water,0.9347814302861347,0.9274216336581793,Bagging,Bagging_1
595,SI_ref_19,MCB,IBU,Ground water,0.9248851497651674,0.9485564671084887,Bagging,Bagging_1
601,SI_ref_19,MCB,IBU,Ground water,0.9300914246503462,0.9498251976152017,Bagging,Bagging_1
604,SI_ref_19,MCB,IBU,Lake water,0.9282701343021136,0.9254823302831322,Bagging,Bagging_1
605,SI_ref_19,MCB,IBU,Ground water,0.9160948152334054,0.9225430821042074,Bagging,Bagging_1
610,SI_ref_19,MCB,IBU,Lake water,0.9716179138912365,0.9283551635738543,Bagging,Bagging_1
611,SI_ref_19,MCB,IBU,Ground water,0.9529992532644452,0.9243846536605094,Bagging,Bagging_1
615,SI_ref_19,MCB,IBU,Ground water,0.9284499518994666,0.9270916255343182,Bagging,Bagging_1
616,SI_ref_19,MCB,IBU,Lake water,0.935069554315652,0.9266129550779726,Bagging,Bagging_1
625,SI_ref_19,MCB,IBU,Ground water,0.9258221154816445,0.9400084873351006,Bagging,Bagging_1
631,SI_ref_19,MCB,IBU,Ground water,0.9296259863973036,0.940025558970078,Bagging,Bagging_1
634,SI_ref_19,MCB,IBU,Lake water,0.9271225782160609,0.9226774883974583,Bagging,Bagging_1
635,SI_ref_19,MCB,IBU,Ground water,0.9188076045934327,0.9190667795303977,Bagging,Bagging_1
640,SI_ref_18,NaOH-activated SCW biochars,DCF,Secondary effluent,0.7547018161110076,0.5579816371445547,Bagging,Bagging_1
642,SI_ref_18,NaOH-activated SCW biochars,DCF,Secondary effluent,0.6981463000238689,0.5595897431756692,Bagging,Bagging_1
644,SI_ref_18,NaOH-activated SCW biochars,DCF,Secondary effluent,0.6293744945066856,0.5595897431756692,Bagging,Bagging_1
646,SI_ref_18,NaOH-activated SCW biochars,DCF,Secondary effluent,0.588788451165352,0.5620024986008534,Bagging,Bagging_1
648,SI_ref_18,NaOH-activated SCW biochars,DCF,Secondary effluent,0.5891686823750966,0.5621225400349552,Bagging,Bagging_1
650,SI_ref_18,NaOH-activated SCW biochars,DCF,Secondary effluent,0.5849511312086796,0.562777102087853,Bagging,Bagging_1
652,SI_ref_18,NaOH-activated SCW biochars,DCF,Secondary effluent,0.5864672759838442,0.5635253783139639,Bagging,Bagging_1
655,SI_ref_18,NaOH-activated SCW biochars,DCF,Lake water,0.28283236606156975,0.5174250137173415,Bagging,Bagging_1
657,SI_ref_18,NaOH-activated SCW biochars,DCF,Lake water,0.4098052873550469,0.5174250137173415,Bagging,Bagging_1
662,SI_ref_18,NaOH-activated SCW biochars,DCF,Secondary effluent,0.600008865661574,0.5634960720409191,Bagging,Bagging_1
668,SI_ref_18,NaOH-activated SCW biochars,DCF,Lake water,0.5638671837826676,0.5174250137173415,Bagging,Bagging_1
673,SI_ref_18,NaOH-activated SCW biochars,DCF,Lake water,0.5356816504619031,0.5174250137173415,Bagging,Bagging_1
679,SI_ref_18,NaOH-activated SCW biochars,DCF,Lake water,0.48550836273532816,0.5174250137173415,Bagging,Bagging_1
682,SI_ref_18,NaOH-activated SCW biochars,DCF,Secondary effluent,0.5965252581670849,0.5634960720409191,Bagging,Bagging_1
688,SI_ref_18,NaOH-activated SCW biochars,DCF,Lake water,0.5703611171190489,0.5916643273012852,Bagging,Bagging_1
693,SI_ref_18,NaOH-activated SCW biochars,DCF,Secondary effluent,0.6557026735074662,0.5634960720409191,Bagging,Bagging_1
694,SI_ref_18,NaOH-activated SCW biochars,DCF,Lake water,0.7297297292522416,0.5174250137173415,Bagging,Bagging_1
699,SI_ref_18,NaOH-activated SCW biochars,IBU,Secondary effluent,0.8098199350756726,0.5919281706785475,Bagging,Bagging_1
701,SI_ref_18,NaOH-activated SCW biochars,IBU,Secondary effluent,0.7485969905050348,0.5943715723010176,Bagging,Bagging_1
703,SI_ref_18,NaOH-activated SCW biochars,IBU,Secondary effluent,0.6850179499229786,0.5935578440223767,Bagging,Bagging_1
705,SI_ref_18,NaOH-activated SCW biochars,IBU,Secondary effluent,0.6861011679416551,0.5950189096886599,Bagging,Bagging_1
707,SI_ref_18,NaOH-activated SCW biochars,IBU,Secondary effluent,0.6799185617433835,0.5951006391869816,Bagging,Bagging_1
709,SI_ref_18,NaOH-activated SCW biochars,IBU,Secondary effluent,0.6765813990931481,0.5946466011518009,Bagging,Bagging_1
711,SI_ref_18,NaOH-activated SCW biochars,IBU,Secondary effluent,0.6777803451607008,0.5946466011518009,Bagging,Bagging_1
712,SI_ref_18,NaOH-activated SCW biochars,IBU,Lake water,0.10371139816269948,0.6246915321984234,Bagging,Bagging_1
714,SI_ref_18,NaOH-activated SCW biochars,IBU,Lake water,0.46656560236114836,0.6246915321984234,Bagging,Bagging_1
721,SI_ref_18,NaOH-activated SCW biochars,IBU,Secondary effluent,0.675113405421536,0.5959500363684608,Bagging,Bagging_1
730,SI_ref_18,NaOH-activated SCW biochars,IBU,Lake water,0.627404015064595,0.6246915321984234,Bagging,Bagging_1
738,SI_ref_18,NaOH-activated SCW biochars,IBU,Lake water,0.6298527247859258,0.6246915321984234,Bagging,Bagging_1
740,SI_ref_18,NaOH-activated SCW biochars,IBU,Lake water,0.5791171913994386,0.6246915321984234,Bagging,Bagging_1
747,SI_ref_18,NaOH-activated SCW biochars,IBU,Lake water,0.6846241766923425,0.6746206557909747,Bagging,Bagging_1
752,SI_ref_18,NaOH-activated SCW biochars,IBU,Secondary effluent,0.7252319435730717,0.5959500363684608,Bagging,Bagging_1
758,SI_ref_18,NaOH-activated SCW biochars,NPX,Secondary effluent,0.5521972966156422,0.17810906854516126,Bagging,Bagging_1
760,SI_ref_18,NaOH-activated SCW biochars,NPX,Secondary effluent,0.4814245289032641,0.1685341014519997,Bagging,Bagging_1
762,SI_ref_18,NaOH-activated SCW biochars,NPX,Secondary effluent,0.34455951981715066,0.16230585541761638,Bagging,Bagging_1
764,SI_ref_18,NaOH-activated SCW biochars,NPX,Secondary effluent,0.2493517679350271,0.14856689683020324,Bagging,Bagging_1
766,SI_ref_18,NaOH-activated SCW biochars,NPX,Secondary effluent,0.16764900163614713,0.1344852517193386,Bagging,Bagging_1
768,SI_ref_18,NaOH-activated SCW biochars,NPX,Secondary effluent,0.12846350911521487,0.13029875593751908,Bagging,Bagging_1
770,SI_ref_18,NaOH-activated SCW biochars,NPX,Secondary effluent,0.12873702561203082,0.12500513291133175,Bagging,Bagging_1
771,SI_ref_18,NaOH-activated SCW biochars,NPX,Lake water,0.03570310331741743,0.07572577304457793,Bagging,Bagging_1
780,SI_ref_18,NaOH-activated SCW biochars,NPX,Secondary effluent,0.11864589305153721,0.1204117841400982,Bagging,Bagging_1
781,SI_ref_18,NaOH-activated SCW biochars,NPX,Lake water,0.04234525136924403,0.07572577304457793,Bagging,Bagging_1
791,SI_ref_18,NaOH-activated SCW biochars,NPX,Lake water,0.05751855059175114,0.07572577304457793,Bagging,Bagging_1
795,SI_ref_18,NaOH-activated SCW biochars,NPX,Lake water,0.1386164882936624,0.0896074823900837,Bagging,Bagging_1
859,SI_ref_13,PB600,CBZ,Synthetic,0.4773489932885906,0.48598166180251395,Bagging,Bagging_1
892,SI_ref_13,PB600,IBU,Synthetic,0.8533052267445003,0.5769929640874132,Bagging,Bagging_1
906,SI_ref_13,PB800,CBZ,Synthetic,0.16135346756152125,0.23546359309243822,Bagging,Bagging_1
939,SI_ref_13,PB800,IBU,Synthetic,0.5875275377054737,0.3225250351144149,Bagging,Bagging_1
959,SI_ref_15,PSB,CAR,Synthetic,0.898502105289309,0.924439479825796,Bagging,Bagging_1
963,SI_ref_15,PSB,CAR,Synthetic,0.8690891098845278,0.924439479825796,Bagging,Bagging_1
976,SI_ref_15,PSB,PYR,Synthetic,0.9599614728522631,0.9354113386228655,Bagging,Bagging_1
980,SI_ref_15,PSB,PYR,Synthetic,0.8739092070679689,0.9354113386228655,Bagging,Bagging_1
982,SI_ref_15,PSB,PYR,Synthetic,0.8750456231185068,0.9354113386228655,Bagging,Bagging_1
983,SI_ref_15,PSB,PYR,Synthetic,0.950707773566655,0.9354113386228655,Bagging,Bagging_1
1000,SI_ref_15,PSB,TEB,Synthetic,0.8714762044822667,0.9278734561871846,Bagging,Bagging_1
1001,SI_ref_15,PSB,TEB,Synthetic,0.8650362109004135,0.9278734561871846,Bagging,Bagging_1
1020,SI_ref_15,PSBOX-A,CAR,Synthetic,0.024826351018054676,0.12765148427793072,Bagging,Bagging_1
1024,SI_ref_15,PSBOX-A,CAR,Synthetic,0.013386578068051812,0.12765148427793072,Bagging,Bagging_1
1039,SI_ref_15,PSBOX-A,PYR,Synthetic,0.10520884210859399,0.26891444168613904,Bagging,Bagging_1
1041,SI_ref_15,PSBOX-A,PYR,Synthetic,0.5321591562240328,0.26891444168613904,Bagging,Bagging_1
1045,SI_ref_15,PSBOX-A,PYR,Synthetic,0.07450853175519283,0.26891444168613904,Bagging,Bagging_1
1047,SI_ref_15,PSBOX-A,PYR,Synthetic,0.07530521810797475,0.26891444168613904,Bagging,Bagging_1
1048,SI_ref_15,PSBOX-A,PYR,Synthetic,0.1335562050140622,0.26891444168613904,Bagging,Bagging_1
1065,SI_ref_15,PSBOX-A,TEB,Synthetic,0.5160089507499187,0.23771910501689908,Bagging,Bagging_1
1070,SI_ref_15,PSBOX-A,TEB,Synthetic,0.04527670142322688,0.23771910501689908,Bagging,Bagging_1
1071,SI_ref_15,PSBOX-A,TEB,Synthetic,0.04243318293660387,0.23771910501689908,Bagging,Bagging_1
1095,SI_ref_17,Pristine SCG biochar,CBZ,Synthetic,0.9071706166070994,0.9125258237879988,Bagging,Bagging_1
1104,SI_ref_17,Pristine SCG biochar,CBZ,Synthetic,0.8748284470323213,0.9092922338266726,Bagging,Bagging_1
1108,SI_ref_17,Pristine SCG biochar,CBZ,Synthetic,0.8967497590877974,0.908460539623995,Bagging,Bagging_1
1112,SI_ref_17,Pristine SCG biochar,CBZ,Synthetic,0.8867934815653573,0.908460539623995,Bagging,Bagging_1
1115,SI_ref_17,Pristine SCG biochar,CBZ,Synthetic,0.925161257978969,0.9125258237879988,Bagging,Bagging_1
1116,SI_ref_17,Pristine SCG biochar,EE2,Synthetic,0.9879675366998732,0.8621928235382665,Bagging,Bagging_1
1117,SI_ref_17,Pristine SCG biochar,EE2,Synthetic,0.9630524728687239,0.8636212182158317,Bagging,Bagging_1
1118,SI_ref_17,Pristine SCG biochar,EE2,Synthetic,0.9308917481943695,0.8621928235382665,Bagging,Bagging_1
1119,SI_ref_17,Pristine SCG biochar,EE2,Synthetic,0.9610835485312063,0.8636212182158317,Bagging,Bagging_1
1120,SI_ref_17,Pristine SCG biochar,EE2,Synthetic,0.8890050918282607,0.8615713932872461,Bagging,Bagging_1
1121,SI_ref_17,Pristine SCG biochar,EE2,Synthetic,0.9527872619203276,0.8627529050614947,Bagging,Bagging_1
1122,SI_ref_17,Pristine SCG biochar,EE2,Synthetic,0.8965951913819401,0.8615713932872461,Bagging,Bagging_1
1123,SI_ref_17,Pristine SCG biochar,EE2,Synthetic,0.9558259103687238,0.8627529050614947,Bagging,Bagging_1
1124,SI_ref_17,Pristine SCG biochar,EE2,Synthetic,0.8793895099735648,0.8613536865937044,Bagging,Bagging_1
1125,SI_ref_17,Pristine SCG biochar,EE2,Synthetic,0.9519368217180961,0.8627529050614947,Bagging,Bagging_1
1126,SI_ref_17,Pristine SCG biochar,EE2,Synthetic,0.8770554520720774,0.8613536865937044,Bagging,Bagging_1
1127,SI_ref_17,Pristine SCG biochar,EE2,Synthetic,0.9377852461427824,0.8627529050614947,Bagging,Bagging_1
1128,SI_ref_17,Pristine SCG biochar,EE2,Synthetic,0.8833014060151289,0.8613536865937044,Bagging,Bagging_1
1129,SI_ref_17,Pristine SCG biochar,EE2,Synthetic,0.9348668633411785,0.8627529050614947,Bagging,Bagging_1
1132,SI_ref_17,Pristine SCG biochar,EE2,Synthetic,0.8374361704672763,0.8594667061377982,Bagging,Bagging_1
1133,SI_ref_17,Pristine SCG biochar,EE2,Synthetic,0.8609155049620831,0.8624122073884312,Bagging,Bagging_1
1137,SI_ref_17,Pristine SCG biochar,EE2,Synthetic,0.8257334628724249,0.8624122073884312,Bagging,Bagging_1
1147,SI_ref_17,Pristine SCG biochar,EE2,Synthetic,0.8965862728271835,0.8624122073884312,Bagging,Bagging_1
1170,SI_ref_17,Pristine SCG biochar,IBU,Synthetic,0.7820004901373623,0.8792355037712716,Bagging,Bagging_1
1183,SI_ref_17,Pristine SCG biochar,IBU,Synthetic,0.9114748664800524,0.9158906307618966,Bagging,Bagging_1
1184,SI_ref_17,Pristine SCG biochar,IBU,Synthetic,0.9484982246288517,0.9160185078214315,Bagging,Bagging_1
1186,SI_ref_17,Pristine SCG biochar,IBU,Synthetic,0.893754721851682,0.9149720386376606,Bagging,Bagging_1
1189,SI_ref_17,Pristine SCG biochar,IBU,Synthetic,0.9210277046979152,0.9158906307618966,Bagging,Bagging_1
1191,SI_ref_17,Pristine SCG biochar,IBU,Synthetic,0.9513456586569363,0.9158906307618966,Bagging,Bagging_1
1192,SI_ref_17,Pristine SCG biochar,IBU,Synthetic,0.9226237248225028,0.9149720386376606,Bagging,Bagging_1
1194,SI_ref_17,Pristine SCG biochar,IBU,Synthetic,0.8857728699803085,0.9149720386376606,Bagging,Bagging_1
1199,SI_ref_18,Pristine SCW Biochar,DCF,Secondary effluent,0.918928852227115,0.9230069995370989,Bagging,Bagging_1
1201,SI_ref_18,Pristine SCW Biochar,DCF,Secondary effluent,0.9102784904019702,0.9202792060434549,Bagging,Bagging_1
1203,SI_ref_18,Pristine SCW Biochar,DCF,Secondary effluent,0.9056826438576806,0.9178444570087173,Bagging,Bagging_1
1205,SI_ref_18,Pristine SCW Biochar,DCF,Secondary effluent,0.9047459643543814,0.9178552053467919,Bagging,Bagging_1
1207,SI_ref_18,Pristine SCW Biochar,DCF,Secondary effluent,0.9046272834515193,0.9165582129270479,Bagging,Bagging_1
1209,SI_ref_18,Pristine SCW Biochar,DCF,Secondary effluent,0.9011959807369067,0.9114027869104804,Bagging,Bagging_1
1211,SI_ref_18,Pristine SCW Biochar,DCF,Secondary effluent,0.9001936082465184,0.9112345706065342,Bagging,Bagging_1
1214,SI_ref_18,Pristine SCW Biochar,DCF,Lake water,0.9077130214504949,0.8965200286437106,Bagging,Bagging_1
1219,SI_ref_18,Pristine SCW Biochar,DCF,Secondary effluent,0.9048873911798646,0.9093756089216124,Bagging,Bagging_1
1225,SI_ref_18,Pristine SCW Biochar,DCF,Lake water,0.9209005359691885,0.9195151143804324,Bagging,Bagging_1
1230,SI_ref_18,Pristine SCW Biochar,DCF,Lake water,0.9255037841040696,0.9195151143804324,Bagging,Bagging_1
1236,SI_ref_18,Pristine SCW Biochar,DCF,Lake water,0.9092724465153025,0.9195151143804324,Bagging,Bagging_1
1239,SI_ref_18,Pristine SCW Biochar,DCF,Secondary effluent,0.9186059768996898,0.9093756089216124,Bagging,Bagging_1
1245,SI_ref_18,Pristine SCW Biochar,DCF,Lake water,0.926603142736896,0.9209798149820163,Bagging,Bagging_1
1249,SI_ref_18,Pristine SCW Biochar,DCF,Secondary effluent,0.9174019043807426,0.9093756089216124,Bagging,Bagging_1
1254,SI_ref_18,Pristine SCW Biochar,IBU,Secondary effluent,0.9156726978407875,0.9151364972718187,Bagging,Bagging_1
1256,SI_ref_18,Pristine SCW Biochar,IBU,Secondary effluent,0.9079673942368781,0.9123674714378112,Bagging,Bagging_1
1258,SI_ref_18,Pristine SCW Biochar,IBU,Secondary effluent,0.9043236251446873,0.910028977393397,Bagging,Bagging_1
1260,SI_ref_18,Pristine SCW Biochar,IBU,Secondary effluent,0.9020547983951682,0.9104286032091552,Bagging,Bagging_1
1262,SI_ref_18,Pristine SCW Biochar,IBU,Secondary effluent,0.9004882379050155,0.909654462396317,Bagging,Bagging_1
1264,SI_ref_18,Pristine SCW Biochar,IBU,Secondary effluent,0.897458530238549,0.906741361139339,Bagging,Bagging_1
1266,SI_ref_18,Pristine SCW Biochar,IBU,Secondary effluent,0.8973424975849196,0.9066696111222674,Bagging,Bagging_1
1274,SI_ref_18,Pristine SCW Biochar,IBU,Secondary effluent,0.8992057856547054,0.9057619669963428,Bagging,Bagging_1
1283,SI_ref_18,Pristine SCW Biochar,IBU,Lake water,0.9158900362354069,0.9186896147213947,Bagging,Bagging_1
1291,SI_ref_18,Pristine SCW Biochar,IBU,Lake water,0.9068652159539504,0.9186896147213947,Bagging,Bagging_1
1293,SI_ref_18,Pristine SCW Biochar,IBU,Lake water,0.9067682424855283,0.9186896147213947,Bagging,Bagging_1
1300,SI_ref_18,Pristine SCW Biochar,IBU,Lake water,0.9277221749920567,0.9202221750497253,Bagging,Bagging_1
1304,SI_ref_18,Pristine SCW Biochar,IBU,Secondary effluent,0.911352956646831,0.9057619669963428,Bagging,Bagging_1
1309,SI_ref_18,Pristine SCW Biochar,NPX,Secondary effluent,0.9276600601799115,0.9222898526697648,Bagging,Bagging_1
1311,SI_ref_18,Pristine SCW Biochar,NPX,Secondary effluent,0.9217275625657669,0.9195480080310814,Bagging,Bagging_1
1313,SI_ref_18,Pristine SCW Biochar,NPX,Secondary effluent,0.9151672500810683,0.9171245459055085,Bagging,Bagging_1
1315,SI_ref_18,Pristine SCW Biochar,NPX,Secondary effluent,0.914870212237198,0.9171352942435831,Bagging,Bagging_1
1317,SI_ref_18,Pristine SCW Biochar,NPX,Secondary effluent,0.9125118045566373,0.916030964201843,Bagging,Bagging_1
1319,SI_ref_18,Pristine SCW Biochar,NPX,Secondary effluent,0.9122370962869346,0.9113495926773085,Bagging,Bagging_1
1321,SI_ref_18,Pristine SCW Biochar,NPX,Secondary effluent,0.9100475600528815,0.9111361741075963,Bagging,Bagging_1
1329,SI_ref_18,Pristine SCW Biochar,NPX,Secondary effluent,0.910898633301941,0.9093700596508663,Bagging,Bagging_1
1330,SI_ref_18,Pristine SCW Biochar,NPX,Lake water,0.9241969522882365,0.9198102644462623,Bagging,Bagging_1
1340,SI_ref_18,Pristine SCW Biochar,NPX,Lake water,0.9210401821004949,0.920045279924614,Bagging,Bagging_1
1344,SI_ref_18,Pristine SCW Biochar,NPX,Lake water,0.9309313456555985,0.9214243166404346,Bagging,Bagging_1
19,SI_ref_19,AMCB,IBU,Lake water,0.12160249298048154,0.41989461711495796,BayesianRidge,BayesianRidge_1
20,SI_ref_19,AMCB,IBU,Ground water,0.0023766372681587895,0.3732137615009333,BayesianRidge,BayesianRidge_1
26,SI_ref_19,AMCB,IBU,Ground water,0.1894672613641715,0.3877737647551053,BayesianRidge,BayesianRidge_1
27,SI_ref_19,AMCB,IBU,Lake water,0.343266669603983,0.41988036280076335,BayesianRidge,BayesianRidge_1
36,SI_ref_19,AMCB,IBU,Ground water,0.41496556078686897,0.4023195433264145,BayesianRidge,BayesianRidge_1
42,SI_ref_19,AMCB,IBU,Ground water,0.5182383095521604,0.4023053186161977,BayesianRidge,BayesianRidge_1
45,SI_ref_19,AMCB,IBU,Lake water,0.5439346954470261,0.41983765909348925,BayesianRidge,BayesianRidge_1
46,SI_ref_19,AMCB,IBU,Ground water,0.48210720700720494,0.3731568034794646,BayesianRidge,BayesianRidge_1
51,SI_ref_19,AMCB,IBU,Lake water,0.0829192384873889,0.4198234442239583,BayesianRidge,BayesianRidge_1
52,SI_ref_19,AMCB,IBU,Ground water,0.003531050071646246,0.37314258860993366,BayesianRidge,BayesianRidge_1
56,SI_ref_19,AMCB,IBU,Ground water,0.17260220522445793,0.38770264113584896,BayesianRidge,BayesianRidge_1
57,SI_ref_19,AMCB,IBU,Lake water,0.2799685707152232,0.4198092391815069,BayesianRidge,BayesianRidge_1
66,SI_ref_19,AMCB,IBU,Ground water,0.4885549946229274,0.4022485180462677,BayesianRidge,BayesianRidge_1
72,SI_ref_19,AMCB,IBU,Ground water,0.5107350299703324,0.4022343424036996,BayesianRidge,BayesianRidge_1
75,SI_ref_19,AMCB,IBU,Lake water,0.539673236909249,0.4197666828809911,BayesianRidge,BayesianRidge_1
76,SI_ref_19,AMCB,IBU,Ground water,0.4945842701164504,0.3730858272669665,BayesianRidge,BayesianRidge_1
81,SI_ref_19,AMCB,IBU,Lake water,0.11734271672387758,0.419752517011359,BayesianRidge,BayesianRidge_1
82,SI_ref_19,AMCB,IBU,Ground water,0.0,0.3730716613973344,BayesianRidge,BayesianRidge_1
86,SI_ref_19,AMCB,IBU,Ground water,0.16952726930244136,0.3876317628555389,BayesianRidge,BayesianRidge_1
87,SI_ref_19,AMCB,IBU,Lake water,0.245380335735257,0.419738360901197,BayesianRidge,BayesianRidge_1
96,SI_ref_19,AMCB,IBU,Ground water,0.45590621693388655,0.40217773742826646,BayesianRidge,BayesianRidge_1
110,SI_ref_19,AMCB,IBU,Ground water,0.5205305455205957,0.40216361051599636,BayesianRidge,BayesianRidge_1
113,SI_ref_19,AMCB,IBU,Lake water,0.5570792394486925,0.4196959509932878,BayesianRidge,BayesianRidge_1
114,SI_ref_19,AMCB,IBU,Ground water,0.48301499525722014,0.37301509537926325,BayesianRidge,BayesianRidge_1
134,SI_ref_17,Alkali-modified SCG biochars,CBZ,Synthetic,0.00635796336582959,0.14599559389571504,BayesianRidge,BayesianRidge_1
143,SI_ref_17,Alkali-modified SCG biochars,CBZ,Synthetic,0.12158111194827703,0.322630284730069,BayesianRidge,BayesianRidge_1
146,SI_ref_17,Alkali-modified SCG biochars,CBZ,Synthetic,0.6777397154224275,0.2771512238211758,BayesianRidge,BayesianRidge_1
150,SI_ref_17,Alkali-modified SCG biochars,CBZ,Synthetic,0.8144073973371778,0.2771512238211758,BayesianRidge,BayesianRidge_1
153,SI_ref_17,Alkali-modified SCG biochars,CBZ,Synthetic,0.5612135486607656,0.14599559389571504,BayesianRidge,BayesianRidge_1
154,SI_ref_17,Alkali-modified SCG biochars,EE2,Synthetic,0.32691906294512396,0.4321616321741822,BayesianRidge,BayesianRidge_1
155,SI_ref_17,Alkali-modified SCG biochars,EE2,Synthetic,0.281684429186895,0.30100600224872137,BayesianRidge,BayesianRidge_1
156,SI_ref_17,Alkali-modified SCG biochars,EE2,Synthetic,0.2985885901242538,0.4182532405245472,BayesianRidge,BayesianRidge_1
157,SI_ref_17,Alkali-modified SCG biochars,EE2,Synthetic,0.1736546812353491,0.2870976105990864,BayesianRidge,BayesianRidge_1
158,SI_ref_17,Alkali-modified SCG biochars,EE2,Synthetic,0.08297647774499996,0.39590520225458353,BayesianRidge,BayesianRidge_1
159,SI_ref_17,Alkali-modified SCG biochars,EE2,Synthetic,0.0890939833732563,0.2647495723291227,BayesianRidge,BayesianRidge_1
160,SI_ref_17,Alkali-modified SCG biochars,EE2,Synthetic,0.12434438865468556,0.38171953588983315,BayesianRidge,BayesianRidge_1
161,SI_ref_17,Alkali-modified SCG biochars,EE2,Synthetic,0.0719303611000807,0.2505639059643724,BayesianRidge,BayesianRidge_1
162,SI_ref_17,Alkali-modified SCG biochars,EE2,Synthetic,0.050886215526030655,0.3734071854488365,BayesianRidge,BayesianRidge_1
163,SI_ref_17,Alkali-modified SCG biochars,EE2,Synthetic,0.06892444951131721,0.24225155552337563,BayesianRidge,BayesianRidge_1
164,SI_ref_17,Alkali-modified SCG biochars,EE2,Synthetic,0.0402114435413677,0.36750550867099113,BayesianRidge,BayesianRidge_1
165,SI_ref_17,Alkali-modified SCG biochars,EE2,Synthetic,0.06161971981332274,0.23634987874553037,BayesianRidge,BayesianRidge_1
166,SI_ref_17,Alkali-modified SCG biochars,EE2,Synthetic,0.014122078362060976,0.36160146042871216,BayesianRidge,BayesianRidge_1
167,SI_ref_17,Alkali-modified SCG biochars,EE2,Synthetic,0.06227375203350968,0.2304458305032514,BayesianRidge,BayesianRidge_1
170,SI_ref_17,Alkali-modified SCG biochars,EE2,Synthetic,0.13791601981601773,0.3532772567692866,BayesianRidge,BayesianRidge_1
171,SI_ref_17,Alkali-modified SCG biochars,EE2,Synthetic,0.09051861058315946,0.22212162684382586,BayesianRidge,BayesianRidge_1
180,SI_ref_17,Alkali-modified SCG biochars,EE2,Synthetic,0.2279548813058391,0.22212162684382586,BayesianRidge,BayesianRidge_1
203,SI_ref_17,Alkali-modified SCG biochars,IBU,Synthetic,0.10913541523053398,0.31043568979467173,BayesianRidge,BayesianRidge_1
216,SI_ref_17,Alkali-modified SCG biochars,IBU,Synthetic,0.10107027265594352,0.22475912077810412,BayesianRidge,BayesianRidge_1
217,SI_ref_17,Alkali-modified SCG biochars,IBU,Synthetic,0.6889998443034063,0.40139381161245813,BayesianRidge,BayesianRidge_1
219,SI_ref_17,Alkali-modified SCG biochars,IBU,Synthetic,0.1184746430703935,0.35591475070356493,BayesianRidge,BayesianRidge_1
222,SI_ref_17,Alkali-modified SCG biochars,IBU,Synthetic,0.04374442489311713,0.22475912077810412,BayesianRidge,BayesianRidge_1
224,SI_ref_17,Alkali-modified SCG biochars,IBU,Synthetic,0.2945083196339574,0.22475912077810412,BayesianRidge,BayesianRidge_1
225,SI_ref_17,Alkali-modified SCG biochars,IBU,Synthetic,0.5901579894748284,0.35591475070356493,BayesianRidge,BayesianRidge_1
227,SI_ref_17,Alkali-modified SCG biochars,IBU,Synthetic,0.6910697148739985,0.35591475070356493,BayesianRidge,BayesianRidge_1
235,SI_ref_16,C-Biochar,ATE,Synthetic,0.8511111111111113,0.7788550712491099,BayesianRidge,BayesianRidge_1
237,SI_ref_16,C-Biochar,ATE,Synthetic,0.8733333333333334,0.7788550712491099,BayesianRidge,BayesianRidge_1
239,SI_ref_16,C-Biochar,ATE,Synthetic,0.6511111111111112,0.7497065561123768,BayesianRidge,BayesianRidge_1
241,SI_ref_16,C-Biochar,ATE,Synthetic,0.7774074074074075,0.7788550712491099,BayesianRidge,BayesianRidge_1
247,SI_ref_16,C-Biochar,CBZ,Synthetic,0.44146825396825395,0.5688651970350939,BayesianRidge,BayesianRidge_1
249,SI_ref_16,C-Biochar,CBZ,Synthetic,0.4430976430976431,0.5916047274895405,BayesianRidge,BayesianRidge_1
253,SI_ref_16,C-Biochar,CBZ,Synthetic,0.4044973544973545,0.5916047274895405,BayesianRidge,BayesianRidge_1
255,SI_ref_16,C-Biochar,CBZ,Synthetic,0.46792328042328046,0.5770304699211739,BayesianRidge,BayesianRidge_1
257,SI_ref_16,C-Biochar,CBZ,Synthetic,0.46197089947089953,0.6143442579439871,BayesianRidge,BayesianRidge_1
273,SI_ref_16,C-Biochar,IBU,Synthetic,0.6000000000000001,0.6412197392351965,BayesianRidge,BayesianRidge_1
278,SI_ref_16,C-Biochar,IBU,Synthetic,0.8430555555555557,0.6703682543719296,BayesianRidge,BayesianRidge_1
299,SI_ref_19,CB,IBU,Lake water,0.9811931645978613,0.9297907723509965,BayesianRidge,BayesianRidge_1
300,SI_ref_19,CB,IBU,Ground water,0.9595058090644278,0.8831099167369719,BayesianRidge,BayesianRidge_1
304,SI_ref_19,CB,IBU,Ground water,0.9323428884090048,0.8976841743053385,BayesianRidge,BayesianRidge_1
305,SI_ref_19,CB,IBU,Lake water,0.9442367850805692,0.9297907723509965,BayesianRidge,BayesianRidge_1
320,SI_ref_19,CB,IBU,Ground water,0.9303445651202417,0.912258431873705,BayesianRidge,BayesianRidge_1
326,SI_ref_19,CB,IBU,Ground water,0.9318432124429017,0.912258431873705,BayesianRidge,BayesianRidge_1
329,SI_ref_19,CB,IBU,Lake water,0.9296205387839244,0.9297907723509965,BayesianRidge,BayesianRidge_1
330,SI_ref_19,CB,IBU,Ground water,0.9174641264203113,0.8831099167369719,BayesianRidge,BayesianRidge_1
345,SI_ref_14,GCRB,ALA,Synthetic,0.9324051079932012,1.0073140269717693,BayesianRidge,BayesianRidge_1
348,SI_ref_14,GCRB,ALA,Synthetic,0.959711660682908,1.0527930878806626,BayesianRidge,BayesianRidge_1
374,SI_ref_14,GCRB,DIU,Synthetic,1.0082496176169822,0.8484763896851167,BayesianRidge,BayesianRidge_1
376,SI_ref_14,GCRB,SIM,Synthetic,0.9862955626477844,1.1418090816137532,BayesianRidge,BayesianRidge_1
377,SI_ref_14,GCRB,SIM,Synthetic,0.9834030650434858,1.1279006899641182,BayesianRidge,BayesianRidge_1
378,SI_ref_14,GCRB,SIM,Synthetic,0.9809240251187635,1.1138273006953832,BayesianRidge,BayesianRidge_1
379,SI_ref_14,GCRB,SIM,Synthetic,0.977408497407208,1.0996698778022453,BayesianRidge,BayesianRidge_1
380,SI_ref_14,GCRB,SIM,Synthetic,0.9725866254178165,1.085470045730631,BayesianRidge,BayesianRidge_1
381,SI_ref_14,GCRB,SIM,Synthetic,0.9707397150816074,1.077152958110562,BayesianRidge,BayesianRidge_1
382,SI_ref_14,GCRB,SIM,Synthetic,0.9682512913168398,1.0712489098682831,BayesianRidge,BayesianRidge_1
383,SI_ref_14,GCRB,SIM,Synthetic,0.9596267727831934,1.0174456452999643,BayesianRidge,BayesianRidge_1
393,SI_ref_14,GCRB,SIM,Synthetic,0.9681949882765674,1.0629247062088574,BayesianRidge,BayesianRidge_1
397,SI_ref_14,GCRB,SIM,Synthetic,0.9595581925458377,1.0629247062088574,BayesianRidge,BayesianRidge_1
410,SI_ref_14,GCRB-N,ALA,Synthetic,0.42098834230158483,0.5395113418591537,BayesianRidge,BayesianRidge_1
419,SI_ref_14,GCRB-N,ALA,Synthetic,0.3038540896584293,0.4939611080592609,BayesianRidge,BayesianRidge_1
428,SI_ref_14,GCRB-N,ALA,Synthetic,0.2941679236692388,0.49389018084666164,BayesianRidge,BayesianRidge_1
437,SI_ref_14,GCRB-N,ALA,Synthetic,0.299011006663834,0.4938194976222038,BayesianRidge,BayesianRidge_1
459,SI_ref_14,GCRB-N,DIU,Synthetic,0.6455190877003087,0.3351376856421392,BayesianRidge,BayesianRidge_1
468,SI_ref_14,GCRB-N,DIU,Synthetic,0.6564705601884918,0.33506670942964106,BayesianRidge,BayesianRidge_1
477,SI_ref_14,GCRB-N,DIU,Synthetic,0.6413243626564091,0.3349959775419378,BayesianRidge,BayesianRidge_1
480,SI_ref_14,GCRB-N,SIM,Synthetic,0.8709260833889569,0.6285273355922443,BayesianRidge,BayesianRidge_1
481,SI_ref_14,GCRB-N,SIM,Synthetic,0.7937886433454202,0.6146189439426093,BayesianRidge,BayesianRidge_1
482,SI_ref_14,GCRB-N,SIM,Synthetic,0.7230251055630271,0.6005455546738743,BayesianRidge,BayesianRidge_1
483,SI_ref_14,GCRB-N,SIM,Synthetic,0.6451471952322713,0.5863881317807365,BayesianRidge,BayesianRidge_1
484,SI_ref_14,GCRB-N,SIM,Synthetic,0.579106572580609,0.5721882997091221,BayesianRidge,BayesianRidge_1
485,SI_ref_14,GCRB-N,SIM,Synthetic,0.5461098630342859,0.5638712120890532,BayesianRidge,BayesianRidge_1
486,SI_ref_14,GCRB-N,SIM,Synthetic,0.526458395826474,0.5579671638467743,BayesianRidge,BayesianRidge_1
487,SI_ref_14,GCRB-N,SIM,Synthetic,0.44952651357619516,0.5041638992784555,BayesianRidge,BayesianRidge_1
493,SI_ref_14,GCRB-N,SIM,Synthetic,0.525804086252399,0.5496429601873487,BayesianRidge,BayesianRidge_1
502,SI_ref_14,GCRB-N,SIM,Synthetic,0.8453757948497886,0.549571787296349,BayesianRidge,BayesianRidge_1
511,SI_ref_14,GCRB-N,SIM,Synthetic,0.8584308799035202,0.5495008600837498,BayesianRidge,BayesianRidge_1
520,SI_ref_14,GCRB-N,SIM,Synthetic,0.8519033373766544,0.549430176859292,BayesianRidge,BayesianRidge_1
540,SI_ref_19,MCB,IBU,Lake water,0.9742126323294387,0.865296785276595,BayesianRidge,BayesianRidge_1
541,SI_ref_19,MCB,IBU,Ground water,0.9483485035015843,0.8186159296625704,BayesianRidge,BayesianRidge_1
547,SI_ref_19,MCB,IBU,Ground water,0.9263512886233829,0.8331759329167424,BayesianRidge,BayesianRidge_1
548,SI_ref_19,MCB,IBU,Lake water,0.9349728899053784,0.8652825309624004,BayesianRidge,BayesianRidge_1
565,SI_ref_19,MCB,IBU,Ground water,0.9254612605703445,0.8477217114880518,BayesianRidge,BayesianRidge_1
571,SI_ref_19,MCB,IBU,Ground water,0.927696260267614,0.8477074867778349,BayesianRidge,BayesianRidge_1
574,SI_ref_19,MCB,IBU,Lake water,0.9258585842402297,0.8652398272551264,BayesianRidge,BayesianRidge_1
575,SI_ref_19,MCB,IBU,Ground water,0.9173366162788351,0.8185589716411017,BayesianRidge,BayesianRidge_1
580,SI_ref_19,MCB,IBU,Lake water,0.974635205338439,0.8652256123855954,BayesianRidge,BayesianRidge_1
581,SI_ref_19,MCB,IBU,Ground water,0.95367292982704,0.8185447567715709,BayesianRidge,BayesianRidge_1
585,SI_ref_19,MCB,IBU,Ground water,0.925414707326754,0.833104809297486,BayesianRidge,BayesianRidge_1
586,SI_ref_19,MCB,IBU,Lake water,0.9347814302861347,0.8652114073431441,BayesianRidge,BayesianRidge_1
595,SI_ref_19,MCB,IBU,Ground water,0.9248851497651674,0.8476506862079047,BayesianRidge,BayesianRidge_1
601,SI_ref_19,MCB,IBU,Ground water,0.9300914246503462,0.8476365105653367,BayesianRidge,BayesianRidge_1
604,SI_ref_19,MCB,IBU,Lake water,0.9282701343021136,0.8651688510426282,BayesianRidge,BayesianRidge_1
605,SI_ref_19,MCB,IBU,Ground water,0.9160948152334054,0.8184879954286035,BayesianRidge,BayesianRidge_1
610,SI_ref_19,MCB,IBU,Lake water,0.9716179138912365,0.8651546851729961,BayesianRidge,BayesianRidge_1
611,SI_ref_19,MCB,IBU,Ground water,0.9529992532644452,0.8184738295589715,BayesianRidge,BayesianRidge_1
615,SI_ref_19,MCB,IBU,Ground water,0.9284499518994666,0.833033931017176,BayesianRidge,BayesianRidge_1
616,SI_ref_19,MCB,IBU,Lake water,0.935069554315652,0.865140529062834,BayesianRidge,BayesianRidge_1
625,SI_ref_19,MCB,IBU,Ground water,0.9258221154816445,0.8475799055899036,BayesianRidge,BayesianRidge_1
631,SI_ref_19,MCB,IBU,Ground water,0.9296259863973036,0.8475657786776334,BayesianRidge,BayesianRidge_1
634,SI_ref_19,MCB,IBU,Lake water,0.9271225782160609,0.865098119154925,BayesianRidge,BayesianRidge_1
635,SI_ref_19,MCB,IBU,Ground water,0.9188076045934327,0.8184172635409004,BayesianRidge,BayesianRidge_1
640,SI_ref_18,NaOH-activated SCW biochars,DCF,Secondary effluent,0.7547018161110076,0.5124190038362375,BayesianRidge,BayesianRidge_1
642,SI_ref_18,NaOH-activated SCW biochars,DCF,Secondary effluent,0.6981463000238689,0.49851061218660264,BayesianRidge,BayesianRidge_1
644,SI_ref_18,NaOH-activated SCW biochars,DCF,Secondary effluent,0.6293744945066856,0.48443722291786756,BayesianRidge,BayesianRidge_1
646,SI_ref_18,NaOH-activated SCW biochars,DCF,Secondary effluent,0.588788451165352,0.47027980002472974,BayesianRidge,BayesianRidge_1
648,SI_ref_18,NaOH-activated SCW biochars,DCF,Secondary effluent,0.5891686823750966,0.4560799679531154,BayesianRidge,BayesianRidge_1
650,SI_ref_18,NaOH-activated SCW biochars,DCF,Secondary effluent,0.5849511312086796,0.4477628803330465,BayesianRidge,BayesianRidge_1
652,SI_ref_18,NaOH-activated SCW biochars,DCF,Secondary effluent,0.5864672759838442,0.44185883209076754,BayesianRidge,BayesianRidge_1
655,SI_ref_18,NaOH-activated SCW biochars,DCF,Lake water,0.28283236606156975,0.42899492910837833,BayesianRidge,BayesianRidge_1
657,SI_ref_18,NaOH-activated SCW biochars,DCF,Lake water,0.4098052873550469,0.4062553986539317,BayesianRidge,BayesianRidge_1
662,SI_ref_18,NaOH-activated SCW biochars,DCF,Secondary effluent,0.600008865661574,0.433534628431342,BayesianRidge,BayesianRidge_1
668,SI_ref_18,NaOH-activated SCW biochars,DCF,Lake water,0.5638671837826676,0.42899492910837833,BayesianRidge,BayesianRidge_1
673,SI_ref_18,NaOH-activated SCW biochars,DCF,Lake water,0.5356816504619031,0.42899492910837833,BayesianRidge,BayesianRidge_1
679,SI_ref_18,NaOH-activated SCW biochars,DCF,Lake water,0.48550836273532816,0.42899492910837833,BayesianRidge,BayesianRidge_1
682,SI_ref_18,NaOH-activated SCW biochars,DCF,Secondary effluent,0.5965252581670849,0.433534628431342,BayesianRidge,BayesianRidge_1
688,SI_ref_18,NaOH-activated SCW biochars,DCF,Lake water,0.5703611171190489,0.4517344595628249,BayesianRidge,BayesianRidge_1
693,SI_ref_18,NaOH-activated SCW biochars,DCF,Secondary effluent,0.6557026735074662,0.433534628431342,BayesianRidge,BayesianRidge_1
694,SI_ref_18,NaOH-activated SCW biochars,DCF,Lake water,0.7297297292522416,0.42899492910837833,BayesianRidge,BayesianRidge_1
699,SI_ref_18,NaOH-activated SCW biochars,IBU,Secondary effluent,0.8098199350756726,0.5659322894901488,BayesianRidge,BayesianRidge_1
701,SI_ref_18,NaOH-activated SCW biochars,IBU,Secondary effluent,0.7485969905050348,0.5520238978405139,BayesianRidge,BayesianRidge_1
703,SI_ref_18,NaOH-activated SCW biochars,IBU,Secondary effluent,0.6850179499229786,0.5379505085717788,BayesianRidge,BayesianRidge_1
705,SI_ref_18,NaOH-activated SCW biochars,IBU,Secondary effluent,0.6861011679416551,0.523793085678641,BayesianRidge,BayesianRidge_1
707,SI_ref_18,NaOH-activated SCW biochars,IBU,Secondary effluent,0.6799185617433835,0.5095932536070267,BayesianRidge,BayesianRidge_1
709,SI_ref_18,NaOH-activated SCW biochars,IBU,Secondary effluent,0.6765813990931481,0.5012761659869578,BayesianRidge,BayesianRidge_1
711,SI_ref_18,NaOH-activated SCW biochars,IBU,Secondary effluent,0.6777803451607008,0.4953721177446788,BayesianRidge,BayesianRidge_1
712,SI_ref_18,NaOH-activated SCW biochars,IBU,Lake water,0.10371139816269948,0.4825082147622895,BayesianRidge,BayesianRidge_1
714,SI_ref_18,NaOH-activated SCW biochars,IBU,Lake water,0.46656560236114836,0.4825082147622895,BayesianRidge,BayesianRidge_1
721,SI_ref_18,NaOH-activated SCW biochars,IBU,Secondary effluent,0.675113405421536,0.4870479140852533,BayesianRidge,BayesianRidge_1
730,SI_ref_18,NaOH-activated SCW biochars,IBU,Lake water,0.627404015064595,0.4825082147622895,BayesianRidge,BayesianRidge_1
738,SI_ref_18,NaOH-activated SCW biochars,IBU,Lake water,0.6298527247859258,0.4825082147622895,BayesianRidge,BayesianRidge_1
740,SI_ref_18,NaOH-activated SCW biochars,IBU,Lake water,0.5791171913994386,0.4825082147622895,BayesianRidge,BayesianRidge_1
747,SI_ref_18,NaOH-activated SCW biochars,IBU,Lake water,0.6846241766923425,0.5052477452167361,BayesianRidge,BayesianRidge_1
752,SI_ref_18,NaOH-activated SCW biochars,IBU,Secondary effluent,0.7252319435730717,0.4870479140852533,BayesianRidge,BayesianRidge_1
758,SI_ref_18,NaOH-activated SCW biochars,NPX,Secondary effluent,0.5521972966156422,0.2940193267766596,BayesianRidge,BayesianRidge_1
760,SI_ref_18,NaOH-activated SCW biochars,NPX,Secondary effluent,0.4814245289032641,0.2801109351270246,BayesianRidge,BayesianRidge_1
762,SI_ref_18,NaOH-activated SCW biochars,NPX,Secondary effluent,0.34455951981715066,0.2660375458582896,BayesianRidge,BayesianRidge_1
764,SI_ref_18,NaOH-activated SCW biochars,NPX,Secondary effluent,0.2493517679350271,0.25188012296515183,BayesianRidge,BayesianRidge_1
766,SI_ref_18,NaOH-activated SCW biochars,NPX,Secondary effluent,0.16764900163614713,0.23768029089353726,BayesianRidge,BayesianRidge_1
768,SI_ref_18,NaOH-activated SCW biochars,NPX,Secondary effluent,0.12846350911521487,0.2293632032734686,BayesianRidge,BayesianRidge_1
770,SI_ref_18,NaOH-activated SCW biochars,NPX,Secondary effluent,0.12873702561203082,0.22345915503118963,BayesianRidge,BayesianRidge_1
771,SI_ref_18,NaOH-activated SCW biochars,NPX,Lake water,0.03570310331741743,0.21059525204880036,BayesianRidge,BayesianRidge_1
780,SI_ref_18,NaOH-activated SCW biochars,NPX,Secondary effluent,0.11864589305153721,0.21513495137176408,BayesianRidge,BayesianRidge_1
781,SI_ref_18,NaOH-activated SCW biochars,NPX,Lake water,0.04234525136924403,0.21059525204880036,BayesianRidge,BayesianRidge_1
791,SI_ref_18,NaOH-activated SCW biochars,NPX,Lake water,0.05751855059175114,0.19602099448043375,BayesianRidge,BayesianRidge_1
795,SI_ref_18,NaOH-activated SCW biochars,NPX,Lake water,0.1386164882936624,0.25607431295769356,BayesianRidge,BayesianRidge_1
859,SI_ref_13,PB600,CBZ,Synthetic,0.4773489932885906,0.5375179948010054,BayesianRidge,BayesianRidge_1
892,SI_ref_13,PB600,IBU,Synthetic,0.8533052267445003,0.601707264115028,BayesianRidge,BayesianRidge_1
906,SI_ref_13,PB800,CBZ,Synthetic,0.16135346756152125,0.3122312695941069,BayesianRidge,BayesianRidge_1
939,SI_ref_13,PB800,IBU,Synthetic,0.5875275377054737,0.3764205389081295,BayesianRidge,BayesianRidge_1
959,SI_ref_15,PSB,CAR,Synthetic,0.898502105289309,0.8422558815909197,BayesianRidge,BayesianRidge_1
963,SI_ref_15,PSB,CAR,Synthetic,0.8690891098845278,0.8422558815909197,BayesianRidge,BayesianRidge_1
976,SI_ref_15,PSB,PYR,Synthetic,0.9599614728522631,0.9290382059333575,BayesianRidge,BayesianRidge_1
980,SI_ref_15,PSB,PYR,Synthetic,0.8739092070679689,0.9290382059333575,BayesianRidge,BayesianRidge_1
982,SI_ref_15,PSB,PYR,Synthetic,0.8750456231185068,0.9290382059333575,BayesianRidge,BayesianRidge_1
983,SI_ref_15,PSB,PYR,Synthetic,0.950707773566655,0.9290382059333575,BayesianRidge,BayesianRidge_1
1000,SI_ref_15,PSB,TEB,Synthetic,0.8714762044822667,0.8989494429125424,BayesianRidge,BayesianRidge_1
1001,SI_ref_15,PSB,TEB,Synthetic,0.8650362109004135,0.8989494429125424,BayesianRidge,BayesianRidge_1
1020,SI_ref_15,PSBOX-A,CAR,Synthetic,0.024826351018054676,0.19258192122637496,BayesianRidge,BayesianRidge_1
1024,SI_ref_15,PSBOX-A,CAR,Synthetic,0.013386578068051812,0.19258192122637496,BayesianRidge,BayesianRidge_1
1039,SI_ref_15,PSBOX-A,PYR,Synthetic,0.10520884210859399,0.2793642455688126,BayesianRidge,BayesianRidge_1
1041,SI_ref_15,PSBOX-A,PYR,Synthetic,0.5321591562240328,0.3248433064777058,BayesianRidge,BayesianRidge_1
1045,SI_ref_15,PSBOX-A,PYR,Synthetic,0.07450853175519283,0.2793642455688126,BayesianRidge,BayesianRidge_1
1047,SI_ref_15,PSBOX-A,PYR,Synthetic,0.07530521810797475,0.2793642455688126,BayesianRidge,BayesianRidge_1
1048,SI_ref_15,PSBOX-A,PYR,Synthetic,0.1335562050140622,0.2793642455688126,BayesianRidge,BayesianRidge_1
1065,SI_ref_15,PSBOX-A,TEB,Synthetic,0.5160089507499187,0.2947545434568907,BayesianRidge,BayesianRidge_1
1070,SI_ref_15,PSBOX-A,TEB,Synthetic,0.04527670142322688,0.24927548254799758,BayesianRidge,BayesianRidge_1
1071,SI_ref_15,PSBOX-A,TEB,Synthetic,0.04243318293660387,0.24927548254799758,BayesianRidge,BayesianRidge_1
1095,SI_ref_17,Pristine SCG biochar,CBZ,Synthetic,0.9071706166070994,0.7541394771003389,BayesianRidge,BayesianRidge_1
1104,SI_ref_17,Pristine SCG biochar,CBZ,Synthetic,0.8748284470323213,0.9307741679346929,BayesianRidge,BayesianRidge_1
1108,SI_ref_17,Pristine SCG biochar,CBZ,Synthetic,0.8967497590877974,0.8852951070257997,BayesianRidge,BayesianRidge_1
1112,SI_ref_17,Pristine SCG biochar,CBZ,Synthetic,0.8867934815653573,0.8852951070257997,BayesianRidge,BayesianRidge_1
1115,SI_ref_17,Pristine SCG biochar,CBZ,Synthetic,0.925161257978969,0.7541394771003389,BayesianRidge,BayesianRidge_1
1116,SI_ref_17,Pristine SCG biochar,EE2,Synthetic,0.9879675366998732,1.0403055153788061,BayesianRidge,BayesianRidge_1
1117,SI_ref_17,Pristine SCG biochar,EE2,Synthetic,0.9630524728687239,0.9091498854533453,BayesianRidge,BayesianRidge_1
1118,SI_ref_17,Pristine SCG biochar,EE2,Synthetic,0.9308917481943695,1.0263971237291711,BayesianRidge,BayesianRidge_1
1119,SI_ref_17,Pristine SCG biochar,EE2,Synthetic,0.9610835485312063,0.8952414938037103,BayesianRidge,BayesianRidge_1
1120,SI_ref_17,Pristine SCG biochar,EE2,Synthetic,0.8890050918282607,1.0040490854592075,BayesianRidge,BayesianRidge_1
1121,SI_ref_17,Pristine SCG biochar,EE2,Synthetic,0.9527872619203276,0.8728934555337466,BayesianRidge,BayesianRidge_1
1122,SI_ref_17,Pristine SCG biochar,EE2,Synthetic,0.8965951913819401,0.9898634190944571,BayesianRidge,BayesianRidge_1
1123,SI_ref_17,Pristine SCG biochar,EE2,Synthetic,0.9558259103687238,0.8587077891689963,BayesianRidge,BayesianRidge_1
1124,SI_ref_17,Pristine SCG biochar,EE2,Synthetic,0.8793895099735648,0.9815510686534603,BayesianRidge,BayesianRidge_1
1125,SI_ref_17,Pristine SCG biochar,EE2,Synthetic,0.9519368217180961,0.8503954387279995,BayesianRidge,BayesianRidge_1
1126,SI_ref_17,Pristine SCG biochar,EE2,Synthetic,0.8770554520720774,0.9756493918756151,BayesianRidge,BayesianRidge_1
1127,SI_ref_17,Pristine SCG biochar,EE2,Synthetic,0.9377852461427824,0.8444937619501542,BayesianRidge,BayesianRidge_1
1128,SI_ref_17,Pristine SCG biochar,EE2,Synthetic,0.8833014060151289,0.9697453436333361,BayesianRidge,BayesianRidge_1
1129,SI_ref_17,Pristine SCG biochar,EE2,Synthetic,0.9348668633411785,0.8385897137078753,BayesianRidge,BayesianRidge_1
1132,SI_ref_17,Pristine SCG biochar,EE2,Synthetic,0.8374361704672763,0.9614211399739105,BayesianRidge,BayesianRidge_1
1133,SI_ref_17,Pristine SCG biochar,EE2,Synthetic,0.8609155049620831,0.8302655100484497,BayesianRidge,BayesianRidge_1
1137,SI_ref_17,Pristine SCG biochar,EE2,Synthetic,0.8257334628724249,0.8302655100484497,BayesianRidge,BayesianRidge_1
1147,SI_ref_17,Pristine SCG biochar,EE2,Synthetic,0.8965862728271835,0.8302655100484497,BayesianRidge,BayesianRidge_1
1170,SI_ref_17,Pristine SCG biochar,IBU,Synthetic,0.7820004901373623,0.9185795729992956,BayesianRidge,BayesianRidge_1
1183,SI_ref_17,Pristine SCG biochar,IBU,Synthetic,0.9114748664800524,0.8329030039827281,BayesianRidge,BayesianRidge_1
1184,SI_ref_17,Pristine SCG biochar,IBU,Synthetic,0.9484982246288517,1.009537694817082,BayesianRidge,BayesianRidge_1
1186,SI_ref_17,Pristine SCG biochar,IBU,Synthetic,0.893754721851682,0.9640586339081889,BayesianRidge,BayesianRidge_1
1189,SI_ref_17,Pristine SCG biochar,IBU,Synthetic,0.9210277046979152,0.8329030039827281,BayesianRidge,BayesianRidge_1
1191,SI_ref_17,Pristine SCG biochar,IBU,Synthetic,0.9513456586569363,0.8329030039827281,BayesianRidge,BayesianRidge_1
1192,SI_ref_17,Pristine SCG biochar,IBU,Synthetic,0.9226237248225028,0.9640586339081889,BayesianRidge,BayesianRidge_1
1194,SI_ref_17,Pristine SCG biochar,IBU,Synthetic,0.8857728699803085,0.9640586339081889,BayesianRidge,BayesianRidge_1
1199,SI_ref_18,Pristine SCW Biochar,DCF,Secondary effluent,0.918928852227115,1.0913934054415952,BayesianRidge,BayesianRidge_1
1201,SI_ref_18,Pristine SCW Biochar,DCF,Secondary effluent,0.9102784904019702,1.0774850137919603,BayesianRidge,BayesianRidge_1
1203,SI_ref_18,Pristine SCW Biochar,DCF,Secondary effluent,0.9056826438576806,1.0634116245232255,BayesianRidge,BayesianRidge_1
1205,SI_ref_18,Pristine SCW Biochar,DCF,Secondary effluent,0.9047459643543814,1.0492542016300876,BayesianRidge,BayesianRidge_1
1207,SI_ref_18,Pristine SCW Biochar,DCF,Secondary effluent,0.9046272834515193,1.035054369558473,BayesianRidge,BayesianRidge_1
1209,SI_ref_18,Pristine SCW Biochar,DCF,Secondary effluent,0.9011959807369067,1.0267372819384044,BayesianRidge,BayesianRidge_1
1211,SI_ref_18,Pristine SCW Biochar,DCF,Secondary effluent,0.9001936082465184,1.0208332336961252,BayesianRidge,BayesianRidge_1
1214,SI_ref_18,Pristine SCW Biochar,DCF,Lake water,0.9077130214504949,0.9852298002592894,BayesianRidge,BayesianRidge_1
1219,SI_ref_18,Pristine SCW Biochar,DCF,Secondary effluent,0.9048873911798646,1.0125090300366997,BayesianRidge,BayesianRidge_1
1225,SI_ref_18,Pristine SCW Biochar,DCF,Lake water,0.9209005359691885,1.007969330713736,BayesianRidge,BayesianRidge_1
1230,SI_ref_18,Pristine SCW Biochar,DCF,Lake water,0.9255037841040696,1.007969330713736,BayesianRidge,BayesianRidge_1
1236,SI_ref_18,Pristine SCW Biochar,DCF,Lake water,0.9092724465153025,1.007969330713736,BayesianRidge,BayesianRidge_1
1239,SI_ref_18,Pristine SCW Biochar,DCF,Secondary effluent,0.9186059768996898,1.0125090300366997,BayesianRidge,BayesianRidge_1
1245,SI_ref_18,Pristine SCW Biochar,DCF,Lake water,0.926603142736896,1.0307088611681827,BayesianRidge,BayesianRidge_1
1249,SI_ref_18,Pristine SCW Biochar,DCF,Secondary effluent,0.9174019043807426,1.0125090300366997,BayesianRidge,BayesianRidge_1
1254,SI_ref_18,Pristine SCW Biochar,IBU,Secondary effluent,0.9156726978407875,1.1449066910955066,BayesianRidge,BayesianRidge_1
1256,SI_ref_18,Pristine SCW Biochar,IBU,Secondary effluent,0.9079673942368781,1.1309982994458716,BayesianRidge,BayesianRidge_1
1258,SI_ref_18,Pristine SCW Biochar,IBU,Secondary effluent,0.9043236251446873,1.1169249101771368,BayesianRidge,BayesianRidge_1
1260,SI_ref_18,Pristine SCW Biochar,IBU,Secondary effluent,0.9020547983951682,1.1027674872839988,BayesianRidge,BayesianRidge_1
1262,SI_ref_18,Pristine SCW Biochar,IBU,Secondary effluent,0.9004882379050155,1.0885676552123844,BayesianRidge,BayesianRidge_1
1264,SI_ref_18,Pristine SCW Biochar,IBU,Secondary effluent,0.897458530238549,1.0802505675923157,BayesianRidge,BayesianRidge_1
1266,SI_ref_18,Pristine SCW Biochar,IBU,Secondary effluent,0.8973424975849196,1.0743465193500366,BayesianRidge,BayesianRidge_1
1274,SI_ref_18,Pristine SCW Biochar,IBU,Secondary effluent,0.8992057856547054,1.066022315690611,BayesianRidge,BayesianRidge_1
1283,SI_ref_18,Pristine SCW Biochar,IBU,Lake water,0.9158900362354069,1.0614826163676472,BayesianRidge,BayesianRidge_1
1291,SI_ref_18,Pristine SCW Biochar,IBU,Lake water,0.9068652159539504,1.0614826163676472,BayesianRidge,BayesianRidge_1
1293,SI_ref_18,Pristine SCW Biochar,IBU,Lake water,0.9067682424855283,1.0614826163676472,BayesianRidge,BayesianRidge_1
1300,SI_ref_18,Pristine SCW Biochar,IBU,Lake water,0.9277221749920567,1.0842221468220938,BayesianRidge,BayesianRidge_1
1304,SI_ref_18,Pristine SCW Biochar,IBU,Secondary effluent,0.911352956646831,1.066022315690611,BayesianRidge,BayesianRidge_1
1309,SI_ref_18,Pristine SCW Biochar,NPX,Secondary effluent,0.9276600601799115,0.8729937283820173,BayesianRidge,BayesianRidge_1
1311,SI_ref_18,Pristine SCW Biochar,NPX,Secondary effluent,0.9217275625657669,0.8590853367323823,BayesianRidge,BayesianRidge_1
1313,SI_ref_18,Pristine SCW Biochar,NPX,Secondary effluent,0.9151672500810683,0.8450119474636473,BayesianRidge,BayesianRidge_1
1315,SI_ref_18,Pristine SCW Biochar,NPX,Secondary effluent,0.914870212237198,0.8308545245705095,BayesianRidge,BayesianRidge_1
1317,SI_ref_18,Pristine SCW Biochar,NPX,Secondary effluent,0.9125118045566373,0.8166546924988951,BayesianRidge,BayesianRidge_1
1319,SI_ref_18,Pristine SCW Biochar,NPX,Secondary effluent,0.9122370962869346,0.8083376048788262,BayesianRidge,BayesianRidge_1
1321,SI_ref_18,Pristine SCW Biochar,NPX,Secondary effluent,0.9100475600528815,0.8024335566365473,BayesianRidge,BayesianRidge_1
1329,SI_ref_18,Pristine SCW Biochar,NPX,Secondary effluent,0.910898633301941,0.7941093529771217,BayesianRidge,BayesianRidge_1
1330,SI_ref_18,Pristine SCW Biochar,NPX,Lake water,0.9241969522882365,0.789569653654158,BayesianRidge,BayesianRidge_1
1340,SI_ref_18,Pristine SCW Biochar,NPX,Lake water,0.9210401821004949,0.7749953960857915,BayesianRidge,BayesianRidge_1
1344,SI_ref_18,Pristine SCW Biochar,NPX,Lake water,0.9309313456555985,0.8350487145630512,BayesianRidge,BayesianRidge_1
19,SI_ref_19,AMCB,IBU,Lake water,0.12160249298048154,0.3256583002030904,CatBoost,CatBoost_2
20,SI_ref_19,AMCB,IBU,Ground water,0.0023766372681587895,0.24651945063097813,CatBoost,CatBoost_2
26,SI_ref_19,AMCB,IBU,Ground water,0.1894672613641715,0.2744284785986072,CatBoost,CatBoost_2
27,SI_ref_19,AMCB,IBU,Lake water,0.343266669603983,0.33982311144853666,CatBoost,CatBoost_2
36,SI_ref_19,AMCB,IBU,Ground water,0.41496556078686897,0.31667005516863417,CatBoost,CatBoost_2
42,SI_ref_19,AMCB,IBU,Ground water,0.5182383095521604,0.31767192446169673,CatBoost,CatBoost_2
45,SI_ref_19,AMCB,IBU,Lake water,0.5439346954470261,0.40240256010361913,CatBoost,CatBoost_2
46,SI_ref_19,AMCB,IBU,Ground water,0.48210720700720494,0.32139782668936595,CatBoost,CatBoost_2
51,SI_ref_19,AMCB,IBU,Lake water,0.0829192384873889,0.33212017577647424,CatBoost,CatBoost_2
52,SI_ref_19,AMCB,IBU,Ground water,0.003531050071646246,0.2506459763537547,CatBoost,CatBoost_2
56,SI_ref_19,AMCB,IBU,Ground water,0.17260220522445793,0.29852652723512285,CatBoost,CatBoost_2
57,SI_ref_19,AMCB,IBU,Lake water,0.2799685707152232,0.36454194211343116,CatBoost,CatBoost_2
66,SI_ref_19,AMCB,IBU,Ground water,0.4885549946229274,0.31908906528857234,CatBoost,CatBoost_2
72,SI_ref_19,AMCB,IBU,Ground water,0.5107350299703324,0.31908906528857234,CatBoost,CatBoost_2
75,SI_ref_19,AMCB,IBU,Lake water,0.539673236909249,0.4048542791134176,CatBoost,CatBoost_2
76,SI_ref_19,AMCB,IBU,Ground water,0.4945842701164504,0.3233800796906984,CatBoost,CatBoost_2
81,SI_ref_19,AMCB,IBU,Lake water,0.11734271672387758,0.28491026663886226,CatBoost,CatBoost_2
82,SI_ref_19,AMCB,IBU,Ground water,0.0,0.20350955399578685,CatBoost,CatBoost_2
86,SI_ref_19,AMCB,IBU,Ground water,0.16952726930244136,0.2870183864714493,CatBoost,CatBoost_2
87,SI_ref_19,AMCB,IBU,Lake water,0.245380335735257,0.3529603145701134,CatBoost,CatBoost_2
96,SI_ref_19,AMCB,IBU,Ground water,0.45590621693388655,0.36202160111658205,CatBoost,CatBoost_2
110,SI_ref_19,AMCB,IBU,Ground water,0.5205305455205957,0.3645953752109345,CatBoost,CatBoost_2
113,SI_ref_19,AMCB,IBU,Lake water,0.5570792394486925,0.4442063630943438,CatBoost,CatBoost_2
114,SI_ref_19,AMCB,IBU,Ground water,0.48301499525722014,0.36375097253178684,CatBoost,CatBoost_2
134,SI_ref_17,Alkali-modified SCG biochars,CBZ,Synthetic,0.00635796336582959,0.13663873422377465,CatBoost,CatBoost_2
143,SI_ref_17,Alkali-modified SCG biochars,CBZ,Synthetic,0.12158111194827703,0.2746858369321082,CatBoost,CatBoost_2
146,SI_ref_17,Alkali-modified SCG biochars,CBZ,Synthetic,0.6777397154224275,0.3328568779447166,CatBoost,CatBoost_2
150,SI_ref_17,Alkali-modified SCG biochars,CBZ,Synthetic,0.8144073973371778,0.3328568779447166,CatBoost,CatBoost_2
153,SI_ref_17,Alkali-modified SCG biochars,CBZ,Synthetic,0.5612135486607656,0.13663873422377465,CatBoost,CatBoost_2
154,SI_ref_17,Alkali-modified SCG biochars,EE2,Synthetic,0.32691906294512396,0.5521588342158337,CatBoost,CatBoost_2
155,SI_ref_17,Alkali-modified SCG biochars,EE2,Synthetic,0.281684429186895,0.3706249425221496,CatBoost,CatBoost_2
156,SI_ref_17,Alkali-modified SCG biochars,EE2,Synthetic,0.2985885901242538,0.5379877853496788,CatBoost,CatBoost_2
157,SI_ref_17,Alkali-modified SCG biochars,EE2,Synthetic,0.1736546812353491,0.35876929980147926,CatBoost,CatBoost_2
158,SI_ref_17,Alkali-modified SCG biochars,EE2,Synthetic,0.08297647774499996,0.43719320619296437,CatBoost,CatBoost_2
159,SI_ref_17,Alkali-modified SCG biochars,EE2,Synthetic,0.0890939833732563,0.2784600116006191,CatBoost,CatBoost_2
160,SI_ref_17,Alkali-modified SCG biochars,EE2,Synthetic,0.12434438865468556,0.40454117277596635,CatBoost,CatBoost_2
161,SI_ref_17,Alkali-modified SCG biochars,EE2,Synthetic,0.0719303611000807,0.25215363522421963,CatBoost,CatBoost_2
162,SI_ref_17,Alkali-modified SCG biochars,EE2,Synthetic,0.050886215526030655,0.4017518519974925,CatBoost,CatBoost_2
163,SI_ref_17,Alkali-modified SCG biochars,EE2,Synthetic,0.06892444951131721,0.24936431444574586,CatBoost,CatBoost_2
164,SI_ref_17,Alkali-modified SCG biochars,EE2,Synthetic,0.0402114435413677,0.3977785945458807,CatBoost,CatBoost_2
165,SI_ref_17,Alkali-modified SCG biochars,EE2,Synthetic,0.06161971981332274,0.2453910569941341,CatBoost,CatBoost_2
166,SI_ref_17,Alkali-modified SCG biochars,EE2,Synthetic,0.014122078362060976,0.39513600348753897,CatBoost,CatBoost_2
167,SI_ref_17,Alkali-modified SCG biochars,EE2,Synthetic,0.06227375203350968,0.2427484659357923,CatBoost,CatBoost_2
170,SI_ref_17,Alkali-modified SCG biochars,EE2,Synthetic,0.13791601981601773,0.4017895703820465,CatBoost,CatBoost_2
171,SI_ref_17,Alkali-modified SCG biochars,EE2,Synthetic,0.09051861058315946,0.2855907455481189,CatBoost,CatBoost_2
180,SI_ref_17,Alkali-modified SCG biochars,EE2,Synthetic,0.2279548813058391,0.2855907455481189,CatBoost,CatBoost_2
203,SI_ref_17,Alkali-modified SCG biochars,IBU,Synthetic,0.10913541523053398,0.24855904491515612,CatBoost,CatBoost_2
216,SI_ref_17,Alkali-modified SCG biochars,IBU,Synthetic,0.10107027265594352,0.21452221013595496,CatBoost,CatBoost_2
217,SI_ref_17,Alkali-modified SCG biochars,IBU,Synthetic,0.6889998443034063,0.3799992174455667,CatBoost,CatBoost_2
219,SI_ref_17,Alkali-modified SCG biochars,IBU,Synthetic,0.1184746430703935,0.3814563949977897,CatBoost,CatBoost_2
222,SI_ref_17,Alkali-modified SCG biochars,IBU,Synthetic,0.04374442489311713,0.21452221013595496,CatBoost,CatBoost_2
224,SI_ref_17,Alkali-modified SCG biochars,IBU,Synthetic,0.2945083196339574,0.21452221013595496,CatBoost,CatBoost_2
225,SI_ref_17,Alkali-modified SCG biochars,IBU,Synthetic,0.5901579894748284,0.3814563949977897,CatBoost,CatBoost_2
227,SI_ref_17,Alkali-modified SCG biochars,IBU,Synthetic,0.6910697148739985,0.3814563949977897,CatBoost,CatBoost_2
235,SI_ref_16,C-Biochar,ATE,Synthetic,0.8511111111111113,0.771202577929213,CatBoost,CatBoost_2
237,SI_ref_16,C-Biochar,ATE,Synthetic,0.8733333333333334,0.771202577929213,CatBoost,CatBoost_2
239,SI_ref_16,C-Biochar,ATE,Synthetic,0.6511111111111112,0.7291798471953356,CatBoost,CatBoost_2
241,SI_ref_16,C-Biochar,ATE,Synthetic,0.7774074074074075,0.771202577929213,CatBoost,CatBoost_2
247,SI_ref_16,C-Biochar,CBZ,Synthetic,0.44146825396825395,0.5679369136180892,CatBoost,CatBoost_2
249,SI_ref_16,C-Biochar,CBZ,Synthetic,0.4430976430976431,0.5841037611092428,CatBoost,CatBoost_2
253,SI_ref_16,C-Biochar,CBZ,Synthetic,0.4044973544973545,0.5841037611092428,CatBoost,CatBoost_2
255,SI_ref_16,C-Biochar,CBZ,Synthetic,0.46792328042328046,0.5468778523000651,CatBoost,CatBoost_2
257,SI_ref_16,C-Biochar,CBZ,Synthetic,0.46197089947089953,0.644523045340592,CatBoost,CatBoost_2
273,SI_ref_16,C-Biochar,IBU,Synthetic,0.6000000000000001,0.6352807629535414,CatBoost,CatBoost_2
278,SI_ref_16,C-Biochar,IBU,Synthetic,0.8430555555555557,0.675687794896343,CatBoost,CatBoost_2
299,SI_ref_19,CB,IBU,Lake water,0.9811931645978613,0.9360366416745589,CatBoost,CatBoost_2
300,SI_ref_19,CB,IBU,Ground water,0.9595058090644278,0.9236001192179428,CatBoost,CatBoost_2
304,SI_ref_19,CB,IBU,Ground water,0.9323428884090048,0.9335199959409497,CatBoost,CatBoost_2
305,SI_ref_19,CB,IBU,Lake water,0.9442367850805692,0.9360366416745589,CatBoost,CatBoost_2
320,SI_ref_19,CB,IBU,Ground water,0.9303445651202417,0.9480912592421407,CatBoost,CatBoost_2
326,SI_ref_19,CB,IBU,Ground water,0.9318432124429017,0.9480912592421407,CatBoost,CatBoost_2
329,SI_ref_19,CB,IBU,Lake water,0.9296205387839244,0.9360366416745589,CatBoost,CatBoost_2
330,SI_ref_19,CB,IBU,Ground water,0.9174641264203113,0.9236001192179428,CatBoost,CatBoost_2
345,SI_ref_14,GCRB,ALA,Synthetic,0.9324051079932012,0.9499133866544692,CatBoost,CatBoost_2
348,SI_ref_14,GCRB,ALA,Synthetic,0.959711660682908,0.9377337791307032,CatBoost,CatBoost_2
374,SI_ref_14,GCRB,DIU,Synthetic,1.0082496176169822,0.9429110535146517,CatBoost,CatBoost_2
376,SI_ref_14,GCRB,SIM,Synthetic,0.9862955626477844,0.9885405635510212,CatBoost,CatBoost_2
377,SI_ref_14,GCRB,SIM,Synthetic,0.9834030650434858,0.9870228343272418,CatBoost,CatBoost_2
378,SI_ref_14,GCRB,SIM,Synthetic,0.9809240251187635,0.9822579885155607,CatBoost,CatBoost_2
379,SI_ref_14,GCRB,SIM,Synthetic,0.977408497407208,0.9791006000490212,CatBoost,CatBoost_2
380,SI_ref_14,GCRB,SIM,Synthetic,0.9725866254178165,0.9824552570676015,CatBoost,CatBoost_2
381,SI_ref_14,GCRB,SIM,Synthetic,0.9707397150816074,0.9824726680579832,CatBoost,CatBoost_2
382,SI_ref_14,GCRB,SIM,Synthetic,0.9682512913168398,0.9811007496846587,CatBoost,CatBoost_2
383,SI_ref_14,GCRB,SIM,Synthetic,0.9596267727831934,0.9258358626573253,CatBoost,CatBoost_2
393,SI_ref_14,GCRB,SIM,Synthetic,0.9681949882765674,0.9819792292230787,CatBoost,CatBoost_2
397,SI_ref_14,GCRB,SIM,Synthetic,0.9595581925458377,0.9819792292230787,CatBoost,CatBoost_2
410,SI_ref_14,GCRB-N,ALA,Synthetic,0.42098834230158483,0.44447911910078675,CatBoost,CatBoost_2
419,SI_ref_14,GCRB-N,ALA,Synthetic,0.3038540896584293,0.5359985695840952,CatBoost,CatBoost_2
428,SI_ref_14,GCRB-N,ALA,Synthetic,0.2941679236692388,0.5575623617053256,CatBoost,CatBoost_2
437,SI_ref_14,GCRB-N,ALA,Synthetic,0.299011006663834,0.5800550986016161,CatBoost,CatBoost_2
459,SI_ref_14,GCRB-N,DIU,Synthetic,0.6455190877003087,0.2898221126991451,CatBoost,CatBoost_2
468,SI_ref_14,GCRB-N,DIU,Synthetic,0.6564705601884918,0.29380424708372666,CatBoost,CatBoost_2
477,SI_ref_14,GCRB-N,DIU,Synthetic,0.6413243626564091,0.29988747009292765,CatBoost,CatBoost_2
480,SI_ref_14,GCRB-N,SIM,Synthetic,0.8709260833889569,0.7312201689549089,CatBoost,CatBoost_2
481,SI_ref_14,GCRB-N,SIM,Synthetic,0.7937886433454202,0.7082900148820706,CatBoost,CatBoost_2
482,SI_ref_14,GCRB-N,SIM,Synthetic,0.7230251055630271,0.6457364524910087,CatBoost,CatBoost_2
483,SI_ref_14,GCRB-N,SIM,Synthetic,0.6451471952322713,0.5945594045137379,CatBoost,CatBoost_2
484,SI_ref_14,GCRB-N,SIM,Synthetic,0.579106572580609,0.5441606144327062,CatBoost,CatBoost_2
485,SI_ref_14,GCRB-N,SIM,Synthetic,0.5461098630342859,0.5456374302922463,CatBoost,CatBoost_2
486,SI_ref_14,GCRB-N,SIM,Synthetic,0.526458395826474,0.5377926611966327,CatBoost,CatBoost_2
487,SI_ref_14,GCRB-N,SIM,Synthetic,0.44952651357619516,0.4462789975713669,CatBoost,CatBoost_2
493,SI_ref_14,GCRB-N,SIM,Synthetic,0.525804086252399,0.5396923610564721,CatBoost,CatBoost_2
502,SI_ref_14,GCRB-N,SIM,Synthetic,0.8453757948497886,0.6065384237424989,CatBoost,CatBoost_2
511,SI_ref_14,GCRB-N,SIM,Synthetic,0.8584308799035202,0.5846392805735274,CatBoost,CatBoost_2
520,SI_ref_14,GCRB-N,SIM,Synthetic,0.8519033373766544,0.5646459199837374,CatBoost,CatBoost_2
540,SI_ref_19,MCB,IBU,Lake water,0.9742126323294387,0.9175369622694634,CatBoost,CatBoost_2
541,SI_ref_19,MCB,IBU,Ground water,0.9483485035015843,0.8946001815771215,CatBoost,CatBoost_2
547,SI_ref_19,MCB,IBU,Ground water,0.9263512886233829,0.9144091287752651,CatBoost,CatBoost_2
548,SI_ref_19,MCB,IBU,Lake water,0.9349728899053784,0.9231654038397397,CatBoost,CatBoost_2
565,SI_ref_19,MCB,IBU,Ground water,0.9254612605703445,0.928858605783313,CatBoost,CatBoost_2
571,SI_ref_19,MCB,IBU,Ground water,0.927696260267614,0.9305185825035589,CatBoost,CatBoost_2
574,SI_ref_19,MCB,IBU,Lake water,0.9258585842402297,0.93183758859001,CatBoost,CatBoost_2
575,SI_ref_19,MCB,IBU,Ground water,0.9173366162788351,0.9091092490810762,CatBoost,CatBoost_2
580,SI_ref_19,MCB,IBU,Lake water,0.974635205338439,0.941779954086488,CatBoost,CatBoost_2
581,SI_ref_19,MCB,IBU,Ground water,0.95367292982704,0.9192676647364519,CatBoost,CatBoost_2
585,SI_ref_19,MCB,IBU,Ground water,0.925414707326754,0.9249835742597614,CatBoost,CatBoost_2
586,SI_ref_19,MCB,IBU,Lake water,0.9347814302861347,0.9336663480669687,CatBoost,CatBoost_2
595,SI_ref_19,MCB,IBU,Ground water,0.9248851497651674,0.9315297031731068,CatBoost,CatBoost_2
601,SI_ref_19,MCB,IBU,Ground water,0.9300914246503462,0.9315297031731068,CatBoost,CatBoost_2
604,SI_ref_19,MCB,IBU,Lake water,0.9282701343021136,0.9323531254121408,CatBoost,CatBoost_2
605,SI_ref_19,MCB,IBU,Ground water,0.9160948152334054,0.9098408360621049,CatBoost,CatBoost_2
610,SI_ref_19,MCB,IBU,Lake water,0.9716179138912365,0.9620514251799028,CatBoost,CatBoost_2
611,SI_ref_19,MCB,IBU,Ground water,0.9529992532644452,0.9392653534616455,CatBoost,CatBoost_2
615,SI_ref_19,MCB,IBU,Ground water,0.9284499518994666,0.9184408194524001,CatBoost,CatBoost_2
616,SI_ref_19,MCB,IBU,Lake water,0.935069554315652,0.9273973756278286,CatBoost,CatBoost_2
625,SI_ref_19,MCB,IBU,Ground water,0.9258221154816445,0.9324155987685233,CatBoost,CatBoost_2
631,SI_ref_19,MCB,IBU,Ground water,0.9296259863973036,0.9349893728628758,CatBoost,CatBoost_2
634,SI_ref_19,MCB,IBU,Lake water,0.9271225782160609,0.9393134695644652,CatBoost,CatBoost_2
635,SI_ref_19,MCB,IBU,Ground water,0.9188076045934327,0.9150671498694969,CatBoost,CatBoost_2
640,SI_ref_18,NaOH-activated SCW biochars,DCF,Secondary effluent,0.7547018161110076,0.5275540931945886,CatBoost,CatBoost_2
642,SI_ref_18,NaOH-activated SCW biochars,DCF,Secondary effluent,0.6981463000238689,0.5277734320023894,CatBoost,CatBoost_2
644,SI_ref_18,NaOH-activated SCW biochars,DCF,Secondary effluent,0.6293744945066856,0.5206000492872787,CatBoost,CatBoost_2
646,SI_ref_18,NaOH-activated SCW biochars,DCF,Secondary effluent,0.588788451165352,0.5052443889259834,CatBoost,CatBoost_2
648,SI_ref_18,NaOH-activated SCW biochars,DCF,Secondary effluent,0.5891686823750966,0.5036068710283764,CatBoost,CatBoost_2
650,SI_ref_18,NaOH-activated SCW biochars,DCF,Secondary effluent,0.5849511312086796,0.501407496571781,CatBoost,CatBoost_2
652,SI_ref_18,NaOH-activated SCW biochars,DCF,Secondary effluent,0.5864672759838442,0.5055689538513775,CatBoost,CatBoost_2
655,SI_ref_18,NaOH-activated SCW biochars,DCF,Lake water,0.28283236606156975,0.5335381870933015,CatBoost,CatBoost_2
657,SI_ref_18,NaOH-activated SCW biochars,DCF,Lake water,0.4098052873550469,0.48348297345221153,CatBoost,CatBoost_2
662,SI_ref_18,NaOH-activated SCW biochars,DCF,Secondary effluent,0.600008865661574,0.520266235133242,CatBoost,CatBoost_2
668,SI_ref_18,NaOH-activated SCW biochars,DCF,Lake water,0.5638671837826676,0.5335381870933015,CatBoost,CatBoost_2
673,SI_ref_18,NaOH-activated SCW biochars,DCF,Lake water,0.5356816504619031,0.5335381870933015,CatBoost,CatBoost_2
679,SI_ref_18,NaOH-activated SCW biochars,DCF,Lake water,0.48550836273532816,0.5335381870933015,CatBoost,CatBoost_2
682,SI_ref_18,NaOH-activated SCW biochars,DCF,Secondary effluent,0.5965252581670849,0.520266235133242,CatBoost,CatBoost_2
688,SI_ref_18,NaOH-activated SCW biochars,DCF,Lake water,0.5703611171190489,0.6162576840254432,CatBoost,CatBoost_2
693,SI_ref_18,NaOH-activated SCW biochars,DCF,Secondary effluent,0.6557026735074662,0.520266235133242,CatBoost,CatBoost_2
694,SI_ref_18,NaOH-activated SCW biochars,DCF,Lake water,0.7297297292522416,0.5335381870933015,CatBoost,CatBoost_2
699,SI_ref_18,NaOH-activated SCW biochars,IBU,Secondary effluent,0.8098199350756726,0.589360988543025,CatBoost,CatBoost_2
701,SI_ref_18,NaOH-activated SCW biochars,IBU,Secondary effluent,0.7485969905050348,0.5896944151356851,CatBoost,CatBoost_2
703,SI_ref_18,NaOH-activated SCW biochars,IBU,Secondary effluent,0.6850179499229786,0.584594063937313,CatBoost,CatBoost_2
705,SI_ref_18,NaOH-activated SCW biochars,IBU,Secondary effluent,0.6861011679416551,0.5694291195872208,CatBoost,CatBoost_2
707,SI_ref_18,NaOH-activated SCW biochars,IBU,Secondary effluent,0.6799185617433835,0.5684542553311243,CatBoost,CatBoost_2
709,SI_ref_18,NaOH-activated SCW biochars,IBU,Secondary effluent,0.6765813990931481,0.5662548808745289,CatBoost,CatBoost_2
711,SI_ref_18,NaOH-activated SCW biochars,IBU,Secondary effluent,0.6777803451607008,0.5704163381541254,CatBoost,CatBoost_2
712,SI_ref_18,NaOH-activated SCW biochars,IBU,Lake water,0.10371139816269948,0.6031901289678466,CatBoost,CatBoost_2
714,SI_ref_18,NaOH-activated SCW biochars,IBU,Lake water,0.46656560236114836,0.6031901289678466,CatBoost,CatBoost_2
721,SI_ref_18,NaOH-activated SCW biochars,IBU,Secondary effluent,0.675113405421536,0.58511361943599,CatBoost,CatBoost_2
730,SI_ref_18,NaOH-activated SCW biochars,IBU,Lake water,0.627404015064595,0.6031901289678466,CatBoost,CatBoost_2
738,SI_ref_18,NaOH-activated SCW biochars,IBU,Lake water,0.6298527247859258,0.6031901289678466,CatBoost,CatBoost_2
740,SI_ref_18,NaOH-activated SCW biochars,IBU,Lake water,0.5791171913994386,0.6031901289678466,CatBoost,CatBoost_2
747,SI_ref_18,NaOH-activated SCW biochars,IBU,Lake water,0.6846241766923425,0.6813981145339855,CatBoost,CatBoost_2
752,SI_ref_18,NaOH-activated SCW biochars,IBU,Secondary effluent,0.7252319435730717,0.58511361943599,CatBoost,CatBoost_2
758,SI_ref_18,NaOH-activated SCW biochars,NPX,Secondary effluent,0.5521972966156422,0.18642654774080608,CatBoost,CatBoost_2
760,SI_ref_18,NaOH-activated SCW biochars,NPX,Secondary effluent,0.4814245289032641,0.18106110050975494,CatBoost,CatBoost_2
762,SI_ref_18,NaOH-activated SCW biochars,NPX,Secondary effluent,0.34455951981715066,0.17027047563679537,CatBoost,CatBoost_2
764,SI_ref_18,NaOH-activated SCW biochars,NPX,Secondary effluent,0.2493517679350271,0.12210481357886915,CatBoost,CatBoost_2
766,SI_ref_18,NaOH-activated SCW biochars,NPX,Secondary effluent,0.16764900163614713,0.10936080065229337,CatBoost,CatBoost_2
768,SI_ref_18,NaOH-activated SCW biochars,NPX,Secondary effluent,0.12846350911521487,0.10388676230974192,CatBoost,CatBoost_2
770,SI_ref_18,NaOH-activated SCW biochars,NPX,Secondary effluent,0.12873702561203082,0.1080482195893383,CatBoost,CatBoost_2
771,SI_ref_18,NaOH-activated SCW biochars,NPX,Lake water,0.03570310331741743,0.11217902105363065,CatBoost,CatBoost_2
780,SI_ref_18,NaOH-activated SCW biochars,NPX,Secondary effluent,0.11864589305153721,0.12274550087120273,CatBoost,CatBoost_2
781,SI_ref_18,NaOH-activated SCW biochars,NPX,Lake water,0.04234525136924403,0.11217902105363065,CatBoost,CatBoost_2
791,SI_ref_18,NaOH-activated SCW biochars,NPX,Lake water,0.05751855059175114,0.11055146302186458,CatBoost,CatBoost_2
795,SI_ref_18,NaOH-activated SCW biochars,NPX,Lake water,0.1386164882936624,0.20917008619141886,CatBoost,CatBoost_2
859,SI_ref_13,PB600,CBZ,Synthetic,0.4773489932885906,0.4952922012151028,CatBoost,CatBoost_2
892,SI_ref_13,PB600,IBU,Synthetic,0.8533052267445003,0.567041816645551,CatBoost,CatBoost_2
906,SI_ref_13,PB800,CBZ,Synthetic,0.16135346756152125,0.25927549169635833,CatBoost,CatBoost_2
939,SI_ref_13,PB800,IBU,Synthetic,0.5875275377054737,0.3578908082594679,CatBoost,CatBoost_2
959,SI_ref_15,PSB,CAR,Synthetic,0.898502105289309,0.9201761578047302,CatBoost,CatBoost_2
963,SI_ref_15,PSB,CAR,Synthetic,0.8690891098845278,0.9201761578047302,CatBoost,CatBoost_2
976,SI_ref_15,PSB,PYR,Synthetic,0.9599614728522631,0.933214027025554,CatBoost,CatBoost_2
980,SI_ref_15,PSB,PYR,Synthetic,0.8739092070679689,0.933214027025554,CatBoost,CatBoost_2
982,SI_ref_15,PSB,PYR,Synthetic,0.8750456231185068,0.933214027025554,CatBoost,CatBoost_2
983,SI_ref_15,PSB,PYR,Synthetic,0.950707773566655,0.933214027025554,CatBoost,CatBoost_2
1000,SI_ref_15,PSB,TEB,Synthetic,0.8714762044822667,0.9184207965429028,CatBoost,CatBoost_2
1001,SI_ref_15,PSB,TEB,Synthetic,0.8650362109004135,0.9184207965429028,CatBoost,CatBoost_2
1020,SI_ref_15,PSBOX-A,CAR,Synthetic,0.024826351018054676,0.13774005192857358,CatBoost,CatBoost_2
1024,SI_ref_15,PSBOX-A,CAR,Synthetic,0.013386578068051812,0.13774005192857358,CatBoost,CatBoost_2
1039,SI_ref_15,PSBOX-A,PYR,Synthetic,0.10520884210859399,0.25972233663046534,CatBoost,CatBoost_2
1041,SI_ref_15,PSBOX-A,PYR,Synthetic,0.5321591562240328,0.22651597112905825,CatBoost,CatBoost_2
1045,SI_ref_15,PSBOX-A,PYR,Synthetic,0.07450853175519283,0.25972233663046534,CatBoost,CatBoost_2
1047,SI_ref_15,PSBOX-A,PYR,Synthetic,0.07530521810797475,0.25972233663046534,CatBoost,CatBoost_2
1048,SI_ref_15,PSBOX-A,PYR,Synthetic,0.1335562050140622,0.25972233663046534,CatBoost,CatBoost_2
1065,SI_ref_15,PSBOX-A,TEB,Synthetic,0.5160089507499187,0.18067434245532626,CatBoost,CatBoost_2
1070,SI_ref_15,PSBOX-A,TEB,Synthetic,0.04527670142322688,0.21189984205328483,CatBoost,CatBoost_2
1071,SI_ref_15,PSBOX-A,TEB,Synthetic,0.04243318293660387,0.21189984205328483,CatBoost,CatBoost_2
1095,SI_ref_17,Pristine SCG biochar,CBZ,Synthetic,0.9071706166070994,0.9112190310818338,CatBoost,CatBoost_2
1104,SI_ref_17,Pristine SCG biochar,CBZ,Synthetic,0.8748284470323213,0.8970341447795319,CatBoost,CatBoost_2
1108,SI_ref_17,Pristine SCG biochar,CBZ,Synthetic,0.8967497590877974,0.9052210876881377,CatBoost,CatBoost_2
1112,SI_ref_17,Pristine SCG biochar,CBZ,Synthetic,0.8867934815653573,0.9052210876881377,CatBoost,CatBoost_2
1115,SI_ref_17,Pristine SCG biochar,CBZ,Synthetic,0.925161257978969,0.9112190310818338,CatBoost,CatBoost_2
1116,SI_ref_17,Pristine SCG biochar,EE2,Synthetic,0.9879675366998732,0.9366690619652582,CatBoost,CatBoost_2
1117,SI_ref_17,Pristine SCG biochar,EE2,Synthetic,0.9630524728687239,0.9248604897384702,CatBoost,CatBoost_2
1118,SI_ref_17,Pristine SCG biochar,EE2,Synthetic,0.9308917481943695,0.9288607807276794,CatBoost,CatBoost_2
1119,SI_ref_17,Pristine SCG biochar,EE2,Synthetic,0.9610835485312063,0.9172237551793898,CatBoost,CatBoost_2
1120,SI_ref_17,Pristine SCG biochar,EE2,Synthetic,0.8890050918282607,0.9063560036754017,CatBoost,CatBoost_2
1121,SI_ref_17,Pristine SCG biochar,EE2,Synthetic,0.9527872619203276,0.9048846451444108,CatBoost,CatBoost_2
1122,SI_ref_17,Pristine SCG biochar,EE2,Synthetic,0.8965951913819401,0.8925690420535233,CatBoost,CatBoost_2
1123,SI_ref_17,Pristine SCG biochar,EE2,Synthetic,0.9558259103687238,0.8928865757194477,CatBoost,CatBoost_2
1124,SI_ref_17,Pristine SCG biochar,EE2,Synthetic,0.8793895099735648,0.8880065371975039,CatBoost,CatBoost_2
1125,SI_ref_17,Pristine SCG biochar,EE2,Synthetic,0.9519368217180961,0.8883240708634284,CatBoost,CatBoost_2
1126,SI_ref_17,Pristine SCG biochar,EE2,Synthetic,0.8770554520720774,0.8851495812343411,CatBoost,CatBoost_2
1127,SI_ref_17,Pristine SCG biochar,EE2,Synthetic,0.9377852461427824,0.8854671149002654,CatBoost,CatBoost_2
1128,SI_ref_17,Pristine SCG biochar,EE2,Synthetic,0.8833014060151289,0.885147504902974,CatBoost,CatBoost_2
1129,SI_ref_17,Pristine SCG biochar,EE2,Synthetic,0.9348668633411785,0.8854650385688982,CatBoost,CatBoost_2
1132,SI_ref_17,Pristine SCG biochar,EE2,Synthetic,0.8374361704672763,0.8752164844330288,CatBoost,CatBoost_2
1133,SI_ref_17,Pristine SCG biochar,EE2,Synthetic,0.8609155049620831,0.885157672895205,CatBoost,CatBoost_2
1137,SI_ref_17,Pristine SCG biochar,EE2,Synthetic,0.8257334628724249,0.885157672895205,CatBoost,CatBoost_2
1147,SI_ref_17,Pristine SCG biochar,EE2,Synthetic,0.8965862728271835,0.885157672895205,CatBoost,CatBoost_2
1170,SI_ref_17,Pristine SCG biochar,IBU,Synthetic,0.7820004901373623,0.8406673789707992,CatBoost,CatBoost_2
1183,SI_ref_17,Pristine SCG biochar,IBU,Synthetic,0.9114748664800524,0.9155131276005362,CatBoost,CatBoost_2
1184,SI_ref_17,Pristine SCG biochar,IBU,Synthetic,0.9484982246288517,0.9108796663305742,CatBoost,CatBoost_2
1186,SI_ref_17,Pristine SCG biochar,IBU,Synthetic,0.893754721851682,0.9087901403581138,CatBoost,CatBoost_2
1189,SI_ref_17,Pristine SCG biochar,IBU,Synthetic,0.9210277046979152,0.9155131276005362,CatBoost,CatBoost_2
1191,SI_ref_17,Pristine SCG biochar,IBU,Synthetic,0.9513456586569363,0.9155131276005362,CatBoost,CatBoost_2
1192,SI_ref_17,Pristine SCG biochar,IBU,Synthetic,0.9226237248225028,0.9087901403581138,CatBoost,CatBoost_2
1194,SI_ref_17,Pristine SCG biochar,IBU,Synthetic,0.8857728699803085,0.9087901403581138,CatBoost,CatBoost_2
1199,SI_ref_18,Pristine SCW Biochar,DCF,Secondary effluent,0.918928852227115,0.9327873493353878,CatBoost,CatBoost_2
1201,SI_ref_18,Pristine SCW Biochar,DCF,Secondary effluent,0.9102784904019702,0.9284268838088532,CatBoost,CatBoost_2
1203,SI_ref_18,Pristine SCW Biochar,DCF,Secondary effluent,0.9056826438576806,0.9269657935329432,CatBoost,CatBoost_2
1205,SI_ref_18,Pristine SCW Biochar,DCF,Secondary effluent,0.9047459643543814,0.9170499330696616,CatBoost,CatBoost_2
1207,SI_ref_18,Pristine SCW Biochar,DCF,Secondary effluent,0.9046272834515193,0.9149814393130246,CatBoost,CatBoost_2
1209,SI_ref_18,Pristine SCW Biochar,DCF,Secondary effluent,0.9011959807369067,0.9151395738592658,CatBoost,CatBoost_2
1211,SI_ref_18,Pristine SCW Biochar,DCF,Secondary effluent,0.9001936082465184,0.9151374975278987,CatBoost,CatBoost_2
1214,SI_ref_18,Pristine SCW Biochar,DCF,Lake water,0.9077130214504949,0.8829426671164764,CatBoost,CatBoost_2
1219,SI_ref_18,Pristine SCW Biochar,DCF,Secondary effluent,0.9048873911798646,0.9148301318542054,CatBoost,CatBoost_2
1225,SI_ref_18,Pristine SCW Biochar,DCF,Lake water,0.9209005359691885,0.9175588574762323,CatBoost,CatBoost_2
1230,SI_ref_18,Pristine SCW Biochar,DCF,Lake water,0.9255037841040696,0.9175588574762323,CatBoost,CatBoost_2
1236,SI_ref_18,Pristine SCW Biochar,DCF,Lake water,0.9092724465153025,0.9175588574762323,CatBoost,CatBoost_2
1239,SI_ref_18,Pristine SCW Biochar,DCF,Secondary effluent,0.9186059768996898,0.9148301318542054,CatBoost,CatBoost_2
1245,SI_ref_18,Pristine SCW Biochar,DCF,Lake water,0.926603142736896,0.9147316830297749,CatBoost,CatBoost_2
1249,SI_ref_18,Pristine SCW Biochar,DCF,Secondary effluent,0.9174019043807426,0.9148301318542054,CatBoost,CatBoost_2
1254,SI_ref_18,Pristine SCW Biochar,IBU,Secondary effluent,0.9156726978407875,0.9289938112849845,CatBoost,CatBoost_2
1256,SI_ref_18,Pristine SCW Biochar,IBU,Secondary effluent,0.9079673942368781,0.9247474335433092,CatBoost,CatBoost_2
1258,SI_ref_18,Pristine SCW Biochar,IBU,Secondary effluent,0.9043236251446873,0.9237025547712143,CatBoost,CatBoost_2
1260,SI_ref_18,Pristine SCW Biochar,IBU,Secondary effluent,0.9020547983951682,0.9178261988695167,CatBoost,CatBoost_2
1262,SI_ref_18,Pristine SCW Biochar,IBU,Secondary effluent,0.9004882379050155,0.916053500166931,CatBoost,CatBoost_2
1264,SI_ref_18,Pristine SCW Biochar,IBU,Secondary effluent,0.897458530238549,0.9162116347131721,CatBoost,CatBoost_2
1266,SI_ref_18,Pristine SCW Biochar,IBU,Secondary effluent,0.8973424975849196,0.9162095583818051,CatBoost,CatBoost_2
1274,SI_ref_18,Pristine SCW Biochar,IBU,Secondary effluent,0.8992057856547054,0.9159021927081118,CatBoost,CatBoost_2
1283,SI_ref_18,Pristine SCW Biochar,IBU,Lake water,0.9158900362354069,0.923104617498931,CatBoost,CatBoost_2
1291,SI_ref_18,Pristine SCW Biochar,IBU,Lake water,0.9068652159539504,0.923104617498931,CatBoost,CatBoost_2
1293,SI_ref_18,Pristine SCW Biochar,IBU,Lake water,0.9067682424855283,0.923104617498931,CatBoost,CatBoost_2
1300,SI_ref_18,Pristine SCW Biochar,IBU,Lake water,0.9277221749920567,0.9284834529257802,CatBoost,CatBoost_2
1304,SI_ref_18,Pristine SCW Biochar,IBU,Secondary effluent,0.911352956646831,0.9159021927081118,CatBoost,CatBoost_2
1309,SI_ref_18,Pristine SCW Biochar,NPX,Secondary effluent,0.9276600601799115,0.9184160108036138,CatBoost,CatBoost_2
1311,SI_ref_18,Pristine SCW Biochar,NPX,Secondary effluent,0.9217275625657669,0.9166914750428918,CatBoost,CatBoost_2
1313,SI_ref_18,Pristine SCW Biochar,NPX,Secondary effluent,0.9151672500810683,0.9158423926481636,CatBoost,CatBoost_2
1315,SI_ref_18,Pristine SCW Biochar,NPX,Secondary effluent,0.914870212237198,0.9109135909095035,CatBoost,CatBoost_2
1317,SI_ref_18,Pristine SCW Biochar,NPX,Secondary effluent,0.9125118045566373,0.910884910870187,CatBoost,CatBoost_2
1319,SI_ref_18,Pristine SCW Biochar,NPX,Secondary effluent,0.9122370962869346,0.9113005950961852,CatBoost,CatBoost_2
1321,SI_ref_18,Pristine SCW Biochar,NPX,Secondary effluent,0.9100475600528815,0.9112985187648182,CatBoost,CatBoost_2
1329,SI_ref_18,Pristine SCW Biochar,NPX,Secondary effluent,0.910898633301941,0.9109911530911248,CatBoost,CatBoost_2
1330,SI_ref_18,Pristine SCW Biochar,NPX,Lake water,0.9241969522882365,0.9160183351959434,CatBoost,CatBoost_2
1340,SI_ref_18,Pristine SCW Biochar,NPX,Lake water,0.9210401821004949,0.9055481669631271,CatBoost,CatBoost_2
1344,SI_ref_18,Pristine SCW Biochar,NPX,Lake water,0.9309313456555985,0.9270613154900066,CatBoost,CatBoost_2
19,SI_ref_19,AMCB,IBU,Lake water,0.12160249298048154,0.4041631925906953,DecisionTree,DecisionTree_2
20,SI_ref_19,AMCB,IBU,Ground water,0.0023766372681587895,0.30235328146586316,DecisionTree,DecisionTree_2
26,SI_ref_19,AMCB,IBU,Ground water,0.1894672613641715,0.30235328146586316,DecisionTree,DecisionTree_2
27,SI_ref_19,AMCB,IBU,Lake water,0.343266669603983,0.4041631925906953,DecisionTree,DecisionTree_2
36,SI_ref_19,AMCB,IBU,Ground water,0.41496556078686897,0.30235328146586316,DecisionTree,DecisionTree_2
42,SI_ref_19,AMCB,IBU,Ground water,0.5182383095521604,0.30235328146586316,DecisionTree,DecisionTree_2
45,SI_ref_19,AMCB,IBU,Lake water,0.5439346954470261,0.4041631925906953,DecisionTree,DecisionTree_2
46,SI_ref_19,AMCB,IBU,Ground water,0.48210720700720494,0.30235328146586316,DecisionTree,DecisionTree_2
51,SI_ref_19,AMCB,IBU,Lake water,0.0829192384873889,0.4041631925906953,DecisionTree,DecisionTree_2
52,SI_ref_19,AMCB,IBU,Ground water,0.003531050071646246,0.30235328146586316,DecisionTree,DecisionTree_2
56,SI_ref_19,AMCB,IBU,Ground water,0.17260220522445793,0.30235328146586316,DecisionTree,DecisionTree_2
57,SI_ref_19,AMCB,IBU,Lake water,0.2799685707152232,0.4041631925906953,DecisionTree,DecisionTree_2
66,SI_ref_19,AMCB,IBU,Ground water,0.4885549946229274,0.30235328146586316,DecisionTree,DecisionTree_2
72,SI_ref_19,AMCB,IBU,Ground water,0.5107350299703324,0.30235328146586316,DecisionTree,DecisionTree_2
75,SI_ref_19,AMCB,IBU,Lake water,0.539673236909249,0.4041631925906953,DecisionTree,DecisionTree_2
76,SI_ref_19,AMCB,IBU,Ground water,0.4945842701164504,0.30235328146586316,DecisionTree,DecisionTree_2
81,SI_ref_19,AMCB,IBU,Lake water,0.11734271672387758,0.20030467981249242,DecisionTree,DecisionTree_2
82,SI_ref_19,AMCB,IBU,Ground water,0.0,0.30235328146586316,DecisionTree,DecisionTree_2
86,SI_ref_19,AMCB,IBU,Ground water,0.16952726930244136,0.30235328146586316,DecisionTree,DecisionTree_2
87,SI_ref_19,AMCB,IBU,Lake water,0.245380335735257,0.20030467981249242,DecisionTree,DecisionTree_2
96,SI_ref_19,AMCB,IBU,Ground water,0.45590621693388655,0.30235328146586316,DecisionTree,DecisionTree_2
110,SI_ref_19,AMCB,IBU,Ground water,0.5205305455205957,0.30235328146586316,DecisionTree,DecisionTree_2
113,SI_ref_19,AMCB,IBU,Lake water,0.5570792394486925,0.45361198382789536,DecisionTree,DecisionTree_2
114,SI_ref_19,AMCB,IBU,Ground water,0.48301499525722014,0.30235328146586316,DecisionTree,DecisionTree_2
134,SI_ref_17,Alkali-modified SCG biochars,CBZ,Synthetic,0.00635796336582959,0.20252679792669148,DecisionTree,DecisionTree_2
143,SI_ref_17,Alkali-modified SCG biochars,CBZ,Synthetic,0.12158111194827703,0.35848218296063405,DecisionTree,DecisionTree_2
146,SI_ref_17,Alkali-modified SCG biochars,CBZ,Synthetic,0.6777397154224275,0.35848218296063405,DecisionTree,DecisionTree_2
150,SI_ref_17,Alkali-modified SCG biochars,CBZ,Synthetic,0.8144073973371778,0.35848218296063405,DecisionTree,DecisionTree_2
153,SI_ref_17,Alkali-modified SCG biochars,CBZ,Synthetic,0.5612135486607656,0.20252679792669148,DecisionTree,DecisionTree_2
154,SI_ref_17,Alkali-modified SCG biochars,EE2,Synthetic,0.32691906294512396,0.5703428609928081,DecisionTree,DecisionTree_2
155,SI_ref_17,Alkali-modified SCG biochars,EE2,Synthetic,0.281684429186895,0.20252679792669148,DecisionTree,DecisionTree_2
156,SI_ref_17,Alkali-modified SCG biochars,EE2,Synthetic,0.2985885901242538,0.5703428609928081,DecisionTree,DecisionTree_2
157,SI_ref_17,Alkali-modified SCG biochars,EE2,Synthetic,0.1736546812353491,0.20252679792669148,DecisionTree,DecisionTree_2
158,SI_ref_17,Alkali-modified SCG biochars,EE2,Synthetic,0.08297647774499996,0.35848218296063405,DecisionTree,DecisionTree_2
159,SI_ref_17,Alkali-modified SCG biochars,EE2,Synthetic,0.0890939833732563,0.20252679792669148,DecisionTree,DecisionTree_2
160,SI_ref_17,Alkali-modified SCG biochars,EE2,Synthetic,0.12434438865468556,0.35848218296063405,DecisionTree,DecisionTree_2
161,SI_ref_17,Alkali-modified SCG biochars,EE2,Synthetic,0.0719303611000807,0.20252679792669148,DecisionTree,DecisionTree_2
162,SI_ref_17,Alkali-modified SCG biochars,EE2,Synthetic,0.050886215526030655,0.35848218296063405,DecisionTree,DecisionTree_2
163,SI_ref_17,Alkali-modified SCG biochars,EE2,Synthetic,0.06892444951131721,0.20252679792669148,DecisionTree,DecisionTree_2
164,SI_ref_17,Alkali-modified SCG biochars,EE2,Synthetic,0.0402114435413677,0.35848218296063405,DecisionTree,DecisionTree_2
165,SI_ref_17,Alkali-modified SCG biochars,EE2,Synthetic,0.06161971981332274,0.20252679792669148,DecisionTree,DecisionTree_2
166,SI_ref_17,Alkali-modified SCG biochars,EE2,Synthetic,0.014122078362060976,0.35848218296063405,DecisionTree,DecisionTree_2
167,SI_ref_17,Alkali-modified SCG biochars,EE2,Synthetic,0.06227375203350968,0.20252679792669148,DecisionTree,DecisionTree_2
170,SI_ref_17,Alkali-modified SCG biochars,EE2,Synthetic,0.13791601981601773,0.35848218296063405,DecisionTree,DecisionTree_2
171,SI_ref_17,Alkali-modified SCG biochars,EE2,Synthetic,0.09051861058315946,0.20252679792669148,DecisionTree,DecisionTree_2
180,SI_ref_17,Alkali-modified SCG biochars,EE2,Synthetic,0.2279548813058391,0.20252679792669148,DecisionTree,DecisionTree_2
203,SI_ref_17,Alkali-modified SCG biochars,IBU,Synthetic,0.10913541523053398,0.35848218296063405,DecisionTree,DecisionTree_2
216,SI_ref_17,Alkali-modified SCG biochars,IBU,Synthetic,0.10107027265594352,0.20252679792669148,DecisionTree,DecisionTree_2
217,SI_ref_17,Alkali-modified SCG biochars,IBU,Synthetic,0.6889998443034063,0.35848218296063405,DecisionTree,DecisionTree_2
219,SI_ref_17,Alkali-modified SCG biochars,IBU,Synthetic,0.1184746430703935,0.35848218296063405,DecisionTree,DecisionTree_2
222,SI_ref_17,Alkali-modified SCG biochars,IBU,Synthetic,0.04374442489311713,0.20252679792669148,DecisionTree,DecisionTree_2
224,SI_ref_17,Alkali-modified SCG biochars,IBU,Synthetic,0.2945083196339574,0.20252679792669148,DecisionTree,DecisionTree_2
225,SI_ref_17,Alkali-modified SCG biochars,IBU,Synthetic,0.5901579894748284,0.35848218296063405,DecisionTree,DecisionTree_2
227,SI_ref_17,Alkali-modified SCG biochars,IBU,Synthetic,0.6910697148739985,0.35848218296063405,DecisionTree,DecisionTree_2
235,SI_ref_16,C-Biochar,ATE,Synthetic,0.8511111111111113,0.7825957869291205,DecisionTree,DecisionTree_2
237,SI_ref_16,C-Biochar,ATE,Synthetic,0.8733333333333334,0.7825957869291205,DecisionTree,DecisionTree_2
239,SI_ref_16,C-Biochar,ATE,Synthetic,0.6511111111111112,0.7825957869291205,DecisionTree,DecisionTree_2
241,SI_ref_16,C-Biochar,ATE,Synthetic,0.7774074074074075,0.7825957869291205,DecisionTree,DecisionTree_2
247,SI_ref_16,C-Biochar,CBZ,Synthetic,0.44146825396825395,0.5762338789682541,DecisionTree,DecisionTree_2
249,SI_ref_16,C-Biochar,CBZ,Synthetic,0.4430976430976431,0.5762338789682541,DecisionTree,DecisionTree_2
253,SI_ref_16,C-Biochar,CBZ,Synthetic,0.4044973544973545,0.5762338789682541,DecisionTree,DecisionTree_2
255,SI_ref_16,C-Biochar,CBZ,Synthetic,0.46792328042328046,0.5762338789682541,DecisionTree,DecisionTree_2
257,SI_ref_16,C-Biochar,CBZ,Synthetic,0.46197089947089953,0.5762338789682541,DecisionTree,DecisionTree_2
273,SI_ref_16,C-Biochar,IBU,Synthetic,0.6000000000000001,0.6605117845117845,DecisionTree,DecisionTree_2
278,SI_ref_16,C-Biochar,IBU,Synthetic,0.8430555555555557,0.6605117845117845,DecisionTree,DecisionTree_2
299,SI_ref_19,CB,IBU,Lake water,0.9811931645978613,0.9265523802806317,DecisionTree,DecisionTree_2
300,SI_ref_19,CB,IBU,Ground water,0.9595058090644278,0.9265523802806317,DecisionTree,DecisionTree_2
304,SI_ref_19,CB,IBU,Ground water,0.9323428884090048,0.9265523802806317,DecisionTree,DecisionTree_2
305,SI_ref_19,CB,IBU,Lake water,0.9442367850805692,0.9265523802806317,DecisionTree,DecisionTree_2
320,SI_ref_19,CB,IBU,Ground water,0.9303445651202417,0.9565152310881185,DecisionTree,DecisionTree_2
326,SI_ref_19,CB,IBU,Ground water,0.9318432124429017,0.9565152310881185,DecisionTree,DecisionTree_2
329,SI_ref_19,CB,IBU,Lake water,0.9296205387839244,0.9265523802806317,DecisionTree,DecisionTree_2
330,SI_ref_19,CB,IBU,Ground water,0.9174641264203113,0.9265523802806317,DecisionTree,DecisionTree_2
345,SI_ref_14,GCRB,ALA,Synthetic,0.9324051079932012,0.9543341555892279,DecisionTree,DecisionTree_2
348,SI_ref_14,GCRB,ALA,Synthetic,0.959711660682908,0.9543341555892279,DecisionTree,DecisionTree_2
374,SI_ref_14,GCRB,DIU,Synthetic,1.0082496176169822,0.9507825535443708,DecisionTree,DecisionTree_2
376,SI_ref_14,GCRB,SIM,Synthetic,0.9862955626477844,0.9760748732297436,DecisionTree,DecisionTree_2
377,SI_ref_14,GCRB,SIM,Synthetic,0.9834030650434858,0.9760748732297436,DecisionTree,DecisionTree_2
378,SI_ref_14,GCRB,SIM,Synthetic,0.9809240251187635,0.9760748732297436,DecisionTree,DecisionTree_2
379,SI_ref_14,GCRB,SIM,Synthetic,0.977408497407208,0.9760748732297436,DecisionTree,DecisionTree_2
380,SI_ref_14,GCRB,SIM,Synthetic,0.9725866254178165,0.9760748732297436,DecisionTree,DecisionTree_2
381,SI_ref_14,GCRB,SIM,Synthetic,0.9707397150816074,0.9760748732297436,DecisionTree,DecisionTree_2
382,SI_ref_14,GCRB,SIM,Synthetic,0.9682512913168398,0.9760748732297436,DecisionTree,DecisionTree_2
383,SI_ref_14,GCRB,SIM,Synthetic,0.9596267727831934,0.9760748732297436,DecisionTree,DecisionTree_2
393,SI_ref_14,GCRB,SIM,Synthetic,0.9681949882765674,0.9760748732297436,DecisionTree,DecisionTree_2
397,SI_ref_14,GCRB,SIM,Synthetic,0.9595581925458377,0.9760748732297436,DecisionTree,DecisionTree_2
410,SI_ref_14,GCRB-N,ALA,Synthetic,0.42098834230158483,0.5092837460552784,DecisionTree,DecisionTree_2
419,SI_ref_14,GCRB-N,ALA,Synthetic,0.3038540896584293,0.5789744257377049,DecisionTree,DecisionTree_2
428,SI_ref_14,GCRB-N,ALA,Synthetic,0.2941679236692388,0.5789744257377049,DecisionTree,DecisionTree_2
437,SI_ref_14,GCRB-N,ALA,Synthetic,0.299011006663834,0.5789744257377049,DecisionTree,DecisionTree_2
459,SI_ref_14,GCRB-N,DIU,Synthetic,0.6455190877003087,0.2875449503951626,DecisionTree,DecisionTree_2
468,SI_ref_14,GCRB-N,DIU,Synthetic,0.6564705601884918,0.2875449503951626,DecisionTree,DecisionTree_2
477,SI_ref_14,GCRB-N,DIU,Synthetic,0.6413243626564091,0.2875449503951626,DecisionTree,DecisionTree_2
480,SI_ref_14,GCRB-N,SIM,Synthetic,0.8709260833889569,0.752304201956773,DecisionTree,DecisionTree_2
481,SI_ref_14,GCRB-N,SIM,Synthetic,0.7937886433454202,0.752304201956773,DecisionTree,DecisionTree_2
482,SI_ref_14,GCRB-N,SIM,Synthetic,0.7230251055630271,0.752304201956773,DecisionTree,DecisionTree_2
483,SI_ref_14,GCRB-N,SIM,Synthetic,0.6451471952322713,0.5092837460552784,DecisionTree,DecisionTree_2
484,SI_ref_14,GCRB-N,SIM,Synthetic,0.579106572580609,0.5092837460552784,DecisionTree,DecisionTree_2
485,SI_ref_14,GCRB-N,SIM,Synthetic,0.5461098630342859,0.5092837460552784,DecisionTree,DecisionTree_2
486,SI_ref_14,GCRB-N,SIM,Synthetic,0.526458395826474,0.5092837460552784,DecisionTree,DecisionTree_2
487,SI_ref_14,GCRB-N,SIM,Synthetic,0.44952651357619516,0.5092837460552784,DecisionTree,DecisionTree_2
493,SI_ref_14,GCRB-N,SIM,Synthetic,0.525804086252399,0.5092837460552784,DecisionTree,DecisionTree_2
502,SI_ref_14,GCRB-N,SIM,Synthetic,0.8453757948497886,0.5789744257377049,DecisionTree,DecisionTree_2
511,SI_ref_14,GCRB-N,SIM,Synthetic,0.8584308799035202,0.5789744257377049,DecisionTree,DecisionTree_2
520,SI_ref_14,GCRB-N,SIM,Synthetic,0.8519033373766544,0.5789744257377049,DecisionTree,DecisionTree_2
540,SI_ref_19,MCB,IBU,Lake water,0.9742126323294387,0.9244964221979085,DecisionTree,DecisionTree_2
541,SI_ref_19,MCB,IBU,Ground water,0.9483485035015843,0.9244964221979085,DecisionTree,DecisionTree_2
547,SI_ref_19,MCB,IBU,Ground water,0.9263512886233829,0.9244964221979085,DecisionTree,DecisionTree_2
548,SI_ref_19,MCB,IBU,Lake water,0.9349728899053784,0.9244964221979085,DecisionTree,DecisionTree_2
565,SI_ref_19,MCB,IBU,Ground water,0.9254612605703445,0.9285554633758601,DecisionTree,DecisionTree_2
571,SI_ref_19,MCB,IBU,Ground water,0.927696260267614,0.9285554633758601,DecisionTree,DecisionTree_2
574,SI_ref_19,MCB,IBU,Lake water,0.9258585842402297,0.9169523120019396,DecisionTree,DecisionTree_2
575,SI_ref_19,MCB,IBU,Ground water,0.9173366162788351,0.9169523120019396,DecisionTree,DecisionTree_2
580,SI_ref_19,MCB,IBU,Lake water,0.974635205338439,0.9461314907576354,DecisionTree,DecisionTree_2
581,SI_ref_19,MCB,IBU,Ground water,0.95367292982704,0.9461314907576354,DecisionTree,DecisionTree_2
585,SI_ref_19,MCB,IBU,Ground water,0.925414707326754,0.9461314907576354,DecisionTree,DecisionTree_2
586,SI_ref_19,MCB,IBU,Lake water,0.9347814302861347,0.9461314907576354,DecisionTree,DecisionTree_2
595,SI_ref_19,MCB,IBU,Ground water,0.9248851497651674,0.9466246887686363,DecisionTree,DecisionTree_2
601,SI_ref_19,MCB,IBU,Ground water,0.9300914246503462,0.9466246887686363,DecisionTree,DecisionTree_2
604,SI_ref_19,MCB,IBU,Lake water,0.9282701343021136,0.9179399826569231,DecisionTree,DecisionTree_2
605,SI_ref_19,MCB,IBU,Ground water,0.9160948152334054,0.9179399826569231,DecisionTree,DecisionTree_2
610,SI_ref_19,MCB,IBU,Lake water,0.9716179138912365,0.9408620272163046,DecisionTree,DecisionTree_2
611,SI_ref_19,MCB,IBU,Ground water,0.9529992532644452,0.9408620272163046,DecisionTree,DecisionTree_2
615,SI_ref_19,MCB,IBU,Ground water,0.9284499518994666,0.9408620272163046,DecisionTree,DecisionTree_2
616,SI_ref_19,MCB,IBU,Lake water,0.935069554315652,0.9408620272163046,DecisionTree,DecisionTree_2
625,SI_ref_19,MCB,IBU,Ground water,0.9258221154816445,0.9264199191963564,DecisionTree,DecisionTree_2
631,SI_ref_19,MCB,IBU,Ground water,0.9296259863973036,0.9264199191963564,DecisionTree,DecisionTree_2
634,SI_ref_19,MCB,IBU,Lake water,0.9271225782160609,0.920364970668599,DecisionTree,DecisionTree_2
635,SI_ref_19,MCB,IBU,Ground water,0.9188076045934327,0.9141968543140215,DecisionTree,DecisionTree_2
640,SI_ref_18,NaOH-activated SCW biochars,DCF,Secondary effluent,0.7547018161110076,0.540270465340616,DecisionTree,DecisionTree_2
642,SI_ref_18,NaOH-activated SCW biochars,DCF,Secondary effluent,0.6981463000238689,0.540270465340616,DecisionTree,DecisionTree_2
644,SI_ref_18,NaOH-activated SCW biochars,DCF,Secondary effluent,0.6293744945066856,0.540270465340616,DecisionTree,DecisionTree_2
646,SI_ref_18,NaOH-activated SCW biochars,DCF,Secondary effluent,0.588788451165352,0.540270465340616,DecisionTree,DecisionTree_2
648,SI_ref_18,NaOH-activated SCW biochars,DCF,Secondary effluent,0.5891686823750966,0.540270465340616,DecisionTree,DecisionTree_2
650,SI_ref_18,NaOH-activated SCW biochars,DCF,Secondary effluent,0.5849511312086796,0.540270465340616,DecisionTree,DecisionTree_2
652,SI_ref_18,NaOH-activated SCW biochars,DCF,Secondary effluent,0.5864672759838442,0.540270465340616,DecisionTree,DecisionTree_2
655,SI_ref_18,NaOH-activated SCW biochars,DCF,Lake water,0.28283236606156975,0.5141436387121022,DecisionTree,DecisionTree_2
657,SI_ref_18,NaOH-activated SCW biochars,DCF,Lake water,0.4098052873550469,0.5141436387121022,DecisionTree,DecisionTree_2
662,SI_ref_18,NaOH-activated SCW biochars,DCF,Secondary effluent,0.600008865661574,0.540270465340616,DecisionTree,DecisionTree_2
668,SI_ref_18,NaOH-activated SCW biochars,DCF,Lake water,0.5638671837826676,0.5141436387121022,DecisionTree,DecisionTree_2
673,SI_ref_18,NaOH-activated SCW biochars,DCF,Lake water,0.5356816504619031,0.5141436387121022,DecisionTree,DecisionTree_2
679,SI_ref_18,NaOH-activated SCW biochars,DCF,Lake water,0.48550836273532816,0.5141436387121022,DecisionTree,DecisionTree_2
682,SI_ref_18,NaOH-activated SCW biochars,DCF,Secondary effluent,0.5965252581670849,0.540270465340616,DecisionTree,DecisionTree_2
688,SI_ref_18,NaOH-activated SCW biochars,DCF,Lake water,0.5703611171190489,0.6745097643606375,DecisionTree,DecisionTree_2
693,SI_ref_18,NaOH-activated SCW biochars,DCF,Secondary effluent,0.6557026735074662,0.540270465340616,DecisionTree,DecisionTree_2
694,SI_ref_18,NaOH-activated SCW biochars,DCF,Lake water,0.7297297292522416,0.5141436387121022,DecisionTree,DecisionTree_2
699,SI_ref_18,NaOH-activated SCW biochars,IBU,Secondary effluent,0.8098199350756726,0.5883507995882277,DecisionTree,DecisionTree_2
701,SI_ref_18,NaOH-activated SCW biochars,IBU,Secondary effluent,0.7485969905050348,0.5883507995882277,DecisionTree,DecisionTree_2
703,SI_ref_18,NaOH-activated SCW biochars,IBU,Secondary effluent,0.6850179499229786,0.5883507995882277,DecisionTree,DecisionTree_2
705,SI_ref_18,NaOH-activated SCW biochars,IBU,Secondary effluent,0.6861011679416551,0.5883507995882277,DecisionTree,DecisionTree_2
707,SI_ref_18,NaOH-activated SCW biochars,IBU,Secondary effluent,0.6799185617433835,0.5883507995882277,DecisionTree,DecisionTree_2
709,SI_ref_18,NaOH-activated SCW biochars,IBU,Secondary effluent,0.6765813990931481,0.5883507995882277,DecisionTree,DecisionTree_2
711,SI_ref_18,NaOH-activated SCW biochars,IBU,Secondary effluent,0.6777803451607008,0.5883507995882277,DecisionTree,DecisionTree_2
712,SI_ref_18,NaOH-activated SCW biochars,IBU,Lake water,0.10371139816269948,0.6249905647705999,DecisionTree,DecisionTree_2
714,SI_ref_18,NaOH-activated SCW biochars,IBU,Lake water,0.46656560236114836,0.6249905647705999,DecisionTree,DecisionTree_2
721,SI_ref_18,NaOH-activated SCW biochars,IBU,Secondary effluent,0.675113405421536,0.5883507995882277,DecisionTree,DecisionTree_2
730,SI_ref_18,NaOH-activated SCW biochars,IBU,Lake water,0.627404015064595,0.6249905647705999,DecisionTree,DecisionTree_2
738,SI_ref_18,NaOH-activated SCW biochars,IBU,Lake water,0.6298527247859258,0.6249905647705999,DecisionTree,DecisionTree_2
740,SI_ref_18,NaOH-activated SCW biochars,IBU,Lake water,0.5791171913994386,0.6249905647705999,DecisionTree,DecisionTree_2
747,SI_ref_18,NaOH-activated SCW biochars,IBU,Lake water,0.6846241766923425,0.768199936320244,DecisionTree,DecisionTree_2
752,SI_ref_18,NaOH-activated SCW biochars,IBU,Secondary effluent,0.7252319435730717,0.5883507995882277,DecisionTree,DecisionTree_2
758,SI_ref_18,NaOH-activated SCW biochars,NPX,Secondary effluent,0.5521972966156422,0.21795654514387106,DecisionTree,DecisionTree_2
760,SI_ref_18,NaOH-activated SCW biochars,NPX,Secondary effluent,0.4814245289032641,0.21795654514387106,DecisionTree,DecisionTree_2
762,SI_ref_18,NaOH-activated SCW biochars,NPX,Secondary effluent,0.34455951981715066,0.21795654514387106,DecisionTree,DecisionTree_2
764,SI_ref_18,NaOH-activated SCW biochars,NPX,Secondary effluent,0.2493517679350271,0.10908486643871035,DecisionTree,DecisionTree_2
766,SI_ref_18,NaOH-activated SCW biochars,NPX,Secondary effluent,0.16764900163614713,0.10908486643871035,DecisionTree,DecisionTree_2
768,SI_ref_18,NaOH-activated SCW biochars,NPX,Secondary effluent,0.12846350911521487,0.10908486643871035,DecisionTree,DecisionTree_2
770,SI_ref_18,NaOH-activated SCW biochars,NPX,Secondary effluent,0.12873702561203082,0.10908486643871035,DecisionTree,DecisionTree_2
771,SI_ref_18,NaOH-activated SCW biochars,NPX,Lake water,0.03570310331741743,0.063420492256054,DecisionTree,DecisionTree_2
780,SI_ref_18,NaOH-activated SCW biochars,NPX,Secondary effluent,0.11864589305153721,0.10908486643871035,DecisionTree,DecisionTree_2
781,SI_ref_18,NaOH-activated SCW biochars,NPX,Lake water,0.04234525136924403,0.063420492256054,DecisionTree,DecisionTree_2
791,SI_ref_18,NaOH-activated SCW biochars,NPX,Lake water,0.05751855059175114,0.063420492256054,DecisionTree,DecisionTree_2
795,SI_ref_18,NaOH-activated SCW biochars,NPX,Lake water,0.1386164882936624,0.20356518099053822,DecisionTree,DecisionTree_2
859,SI_ref_13,PB600,CBZ,Synthetic,0.4773489932885906,0.5092837460552784,DecisionTree,DecisionTree_2
892,SI_ref_13,PB600,IBU,Synthetic,0.8533052267445003,0.5092837460552784,DecisionTree,DecisionTree_2
906,SI_ref_13,PB800,CBZ,Synthetic,0.16135346756152125,0.30235328146586316,DecisionTree,DecisionTree_2
939,SI_ref_13,PB800,IBU,Synthetic,0.5875275377054737,0.30235328146586316,DecisionTree,DecisionTree_2
959,SI_ref_15,PSB,CAR,Synthetic,0.898502105289309,0.9265523802806317,DecisionTree,DecisionTree_2
963,SI_ref_15,PSB,CAR,Synthetic,0.8690891098845278,0.9265523802806317,DecisionTree,DecisionTree_2
976,SI_ref_15,PSB,PYR,Synthetic,0.9599614728522631,0.9362597290338293,DecisionTree,DecisionTree_2
980,SI_ref_15,PSB,PYR,Synthetic,0.8739092070679689,0.9362597290338293,DecisionTree,DecisionTree_2
982,SI_ref_15,PSB,PYR,Synthetic,0.8750456231185068,0.9362597290338293,DecisionTree,DecisionTree_2
983,SI_ref_15,PSB,PYR,Synthetic,0.950707773566655,0.9362597290338293,DecisionTree,DecisionTree_2
1000,SI_ref_15,PSB,TEB,Synthetic,0.8714762044822667,0.9265523802806317,DecisionTree,DecisionTree_2
1001,SI_ref_15,PSB,TEB,Synthetic,0.8650362109004135,0.9265523802806317,DecisionTree,DecisionTree_2
1020,SI_ref_15,PSBOX-A,CAR,Synthetic,0.024826351018054676,0.20252679792669148,DecisionTree,DecisionTree_2
1024,SI_ref_15,PSBOX-A,CAR,Synthetic,0.013386578068051812,0.20252679792669148,DecisionTree,DecisionTree_2
1039,SI_ref_15,PSBOX-A,PYR,Synthetic,0.10520884210859399,0.20252679792669148,DecisionTree,DecisionTree_2
1041,SI_ref_15,PSBOX-A,PYR,Synthetic,0.5321591562240328,0.20252679792669148,DecisionTree,DecisionTree_2
1045,SI_ref_15,PSBOX-A,PYR,Synthetic,0.07450853175519283,0.20252679792669148,DecisionTree,DecisionTree_2
1047,SI_ref_15,PSBOX-A,PYR,Synthetic,0.07530521810797475,0.20252679792669148,DecisionTree,DecisionTree_2
1048,SI_ref_15,PSBOX-A,PYR,Synthetic,0.1335562050140622,0.20252679792669148,DecisionTree,DecisionTree_2
1065,SI_ref_15,PSBOX-A,TEB,Synthetic,0.5160089507499187,0.20252679792669148,DecisionTree,DecisionTree_2
1070,SI_ref_15,PSBOX-A,TEB,Synthetic,0.04527670142322688,0.20252679792669148,DecisionTree,DecisionTree_2
1071,SI_ref_15,PSBOX-A,TEB,Synthetic,0.04243318293660387,0.20252679792669148,DecisionTree,DecisionTree_2
1095,SI_ref_17,Pristine SCG biochar,CBZ,Synthetic,0.9071706166070994,0.9137424597444476,DecisionTree,DecisionTree_2
1104,SI_ref_17,Pristine SCG biochar,CBZ,Synthetic,0.8748284470323213,0.9137424597444476,DecisionTree,DecisionTree_2
1108,SI_ref_17,Pristine SCG biochar,CBZ,Synthetic,0.8967497590877974,0.9137424597444476,DecisionTree,DecisionTree_2
1112,SI_ref_17,Pristine SCG biochar,CBZ,Synthetic,0.8867934815653573,0.9137424597444476,DecisionTree,DecisionTree_2
1115,SI_ref_17,Pristine SCG biochar,CBZ,Synthetic,0.925161257978969,0.9137424597444476,DecisionTree,DecisionTree_2
1116,SI_ref_17,Pristine SCG biochar,EE2,Synthetic,0.9879675366998732,0.858921105540197,DecisionTree,DecisionTree_2
1117,SI_ref_17,Pristine SCG biochar,EE2,Synthetic,0.9630524728687239,0.8605894111335329,DecisionTree,DecisionTree_2
1118,SI_ref_17,Pristine SCG biochar,EE2,Synthetic,0.9308917481943695,0.858921105540197,DecisionTree,DecisionTree_2
1119,SI_ref_17,Pristine SCG biochar,EE2,Synthetic,0.9610835485312063,0.8605894111335329,DecisionTree,DecisionTree_2
1120,SI_ref_17,Pristine SCG biochar,EE2,Synthetic,0.8890050918282607,0.858921105540197,DecisionTree,DecisionTree_2
1121,SI_ref_17,Pristine SCG biochar,EE2,Synthetic,0.9527872619203276,0.8605894111335329,DecisionTree,DecisionTree_2
1122,SI_ref_17,Pristine SCG biochar,EE2,Synthetic,0.8965951913819401,0.858921105540197,DecisionTree,DecisionTree_2
1123,SI_ref_17,Pristine SCG biochar,EE2,Synthetic,0.9558259103687238,0.8605894111335329,DecisionTree,DecisionTree_2
1124,SI_ref_17,Pristine SCG biochar,EE2,Synthetic,0.8793895099735648,0.858921105540197,DecisionTree,DecisionTree_2
1125,SI_ref_17,Pristine SCG biochar,EE2,Synthetic,0.9519368217180961,0.8605894111335329,DecisionTree,DecisionTree_2
1126,SI_ref_17,Pristine SCG biochar,EE2,Synthetic,0.8770554520720774,0.858921105540197,DecisionTree,DecisionTree_2
1127,SI_ref_17,Pristine SCG biochar,EE2,Synthetic,0.9377852461427824,0.8605894111335329,DecisionTree,DecisionTree_2
1128,SI_ref_17,Pristine SCG biochar,EE2,Synthetic,0.8833014060151289,0.858921105540197,DecisionTree,DecisionTree_2
1129,SI_ref_17,Pristine SCG biochar,EE2,Synthetic,0.9348668633411785,0.8605894111335329,DecisionTree,DecisionTree_2
1132,SI_ref_17,Pristine SCG biochar,EE2,Synthetic,0.8374361704672763,0.858921105540197,DecisionTree,DecisionTree_2
1133,SI_ref_17,Pristine SCG biochar,EE2,Synthetic,0.8609155049620831,0.8605894111335329,DecisionTree,DecisionTree_2
1137,SI_ref_17,Pristine SCG biochar,EE2,Synthetic,0.8257334628724249,0.8605894111335329,DecisionTree,DecisionTree_2
1147,SI_ref_17,Pristine SCG biochar,EE2,Synthetic,0.8965862728271835,0.8605894111335329,DecisionTree,DecisionTree_2
1170,SI_ref_17,Pristine SCG biochar,IBU,Synthetic,0.7820004901373623,0.8575824102961209,DecisionTree,DecisionTree_2
1183,SI_ref_17,Pristine SCG biochar,IBU,Synthetic,0.9114748664800524,0.9137424597444476,DecisionTree,DecisionTree_2
1184,SI_ref_17,Pristine SCG biochar,IBU,Synthetic,0.9484982246288517,0.9137424597444476,DecisionTree,DecisionTree_2
1186,SI_ref_17,Pristine SCG biochar,IBU,Synthetic,0.893754721851682,0.9137424597444476,DecisionTree,DecisionTree_2
1189,SI_ref_17,Pristine SCG biochar,IBU,Synthetic,0.9210277046979152,0.9137424597444476,DecisionTree,DecisionTree_2
1191,SI_ref_17,Pristine SCG biochar,IBU,Synthetic,0.9513456586569363,0.9137424597444476,DecisionTree,DecisionTree_2
1192,SI_ref_17,Pristine SCG biochar,IBU,Synthetic,0.9226237248225028,0.9137424597444476,DecisionTree,DecisionTree_2
1194,SI_ref_17,Pristine SCG biochar,IBU,Synthetic,0.8857728699803085,0.9137424597444476,DecisionTree,DecisionTree_2
1199,SI_ref_18,Pristine SCW Biochar,DCF,Secondary effluent,0.918928852227115,0.9273497381043568,DecisionTree,DecisionTree_2
1201,SI_ref_18,Pristine SCW Biochar,DCF,Secondary effluent,0.9102784904019702,0.9273497381043568,DecisionTree,DecisionTree_2
1203,SI_ref_18,Pristine SCW Biochar,DCF,Secondary effluent,0.9056826438576806,0.9273497381043568,DecisionTree,DecisionTree_2
1205,SI_ref_18,Pristine SCW Biochar,DCF,Secondary effluent,0.9047459643543814,0.9273497381043568,DecisionTree,DecisionTree_2
1207,SI_ref_18,Pristine SCW Biochar,DCF,Secondary effluent,0.9046272834515193,0.9273497381043568,DecisionTree,DecisionTree_2
1209,SI_ref_18,Pristine SCW Biochar,DCF,Secondary effluent,0.9011959807369067,0.9074959173362865,DecisionTree,DecisionTree_2
1211,SI_ref_18,Pristine SCW Biochar,DCF,Secondary effluent,0.9001936082465184,0.9074959173362865,DecisionTree,DecisionTree_2
1214,SI_ref_18,Pristine SCW Biochar,DCF,Lake water,0.9077130214504949,0.904521919768813,DecisionTree,DecisionTree_2
1219,SI_ref_18,Pristine SCW Biochar,DCF,Secondary effluent,0.9048873911798646,0.9074959173362865,DecisionTree,DecisionTree_2
1225,SI_ref_18,Pristine SCW Biochar,DCF,Lake water,0.9209005359691885,0.9187354638675608,DecisionTree,DecisionTree_2
1230,SI_ref_18,Pristine SCW Biochar,DCF,Lake water,0.9255037841040696,0.9187354638675608,DecisionTree,DecisionTree_2
1236,SI_ref_18,Pristine SCW Biochar,DCF,Lake water,0.9092724465153025,0.9187354638675608,DecisionTree,DecisionTree_2
1239,SI_ref_18,Pristine SCW Biochar,DCF,Secondary effluent,0.9186059768996898,0.9074959173362865,DecisionTree,DecisionTree_2
1245,SI_ref_18,Pristine SCW Biochar,DCF,Lake water,0.926603142736896,0.9325951815423571,DecisionTree,DecisionTree_2
1249,SI_ref_18,Pristine SCW Biochar,DCF,Secondary effluent,0.9174019043807426,0.9074959173362865,DecisionTree,DecisionTree_2
1254,SI_ref_18,Pristine SCW Biochar,IBU,Secondary effluent,0.9156726978407875,0.9121192055262745,DecisionTree,DecisionTree_2
1256,SI_ref_18,Pristine SCW Biochar,IBU,Secondary effluent,0.9079673942368781,0.9121192055262745,DecisionTree,DecisionTree_2
1258,SI_ref_18,Pristine SCW Biochar,IBU,Secondary effluent,0.9043236251446873,0.9121192055262745,DecisionTree,DecisionTree_2
1260,SI_ref_18,Pristine SCW Biochar,IBU,Secondary effluent,0.9020547983951682,0.9121192055262745,DecisionTree,DecisionTree_2
1262,SI_ref_18,Pristine SCW Biochar,IBU,Secondary effluent,0.9004882379050155,0.9121192055262745,DecisionTree,DecisionTree_2
1264,SI_ref_18,Pristine SCW Biochar,IBU,Secondary effluent,0.897458530238549,0.9074959173362865,DecisionTree,DecisionTree_2
1266,SI_ref_18,Pristine SCW Biochar,IBU,Secondary effluent,0.8973424975849196,0.9074959173362865,DecisionTree,DecisionTree_2
1274,SI_ref_18,Pristine SCW Biochar,IBU,Secondary effluent,0.8992057856547054,0.9074959173362865,DecisionTree,DecisionTree_2
1283,SI_ref_18,Pristine SCW Biochar,IBU,Lake water,0.9158900362354069,0.9187354638675608,DecisionTree,DecisionTree_2
1291,SI_ref_18,Pristine SCW Biochar,IBU,Lake water,0.9068652159539504,0.9187354638675608,DecisionTree,DecisionTree_2
1293,SI_ref_18,Pristine SCW Biochar,IBU,Lake water,0.9067682424855283,0.9187354638675608,DecisionTree,DecisionTree_2
1300,SI_ref_18,Pristine SCW Biochar,IBU,Lake water,0.9277221749920567,0.9325951815423571,DecisionTree,DecisionTree_2
1304,SI_ref_18,Pristine SCW Biochar,IBU,Secondary effluent,0.911352956646831,0.9074959173362865,DecisionTree,DecisionTree_2
1309,SI_ref_18,Pristine SCW Biochar,NPX,Secondary effluent,0.9276600601799115,0.9273497381043568,DecisionTree,DecisionTree_2
1311,SI_ref_18,Pristine SCW Biochar,NPX,Secondary effluent,0.9217275625657669,0.9273497381043568,DecisionTree,DecisionTree_2
1313,SI_ref_18,Pristine SCW Biochar,NPX,Secondary effluent,0.9151672500810683,0.9273497381043568,DecisionTree,DecisionTree_2
1315,SI_ref_18,Pristine SCW Biochar,NPX,Secondary effluent,0.914870212237198,0.9273497381043568,DecisionTree,DecisionTree_2
1317,SI_ref_18,Pristine SCW Biochar,NPX,Secondary effluent,0.9125118045566373,0.9273497381043568,DecisionTree,DecisionTree_2
1319,SI_ref_18,Pristine SCW Biochar,NPX,Secondary effluent,0.9122370962869346,0.9074959173362865,DecisionTree,DecisionTree_2
1321,SI_ref_18,Pristine SCW Biochar,NPX,Secondary effluent,0.9100475600528815,0.9074959173362865,DecisionTree,DecisionTree_2
1329,SI_ref_18,Pristine SCW Biochar,NPX,Secondary effluent,0.910898633301941,0.9074959173362865,DecisionTree,DecisionTree_2
1330,SI_ref_18,Pristine SCW Biochar,NPX,Lake water,0.9241969522882365,0.9187354638675608,DecisionTree,DecisionTree_2
1340,SI_ref_18,Pristine SCW Biochar,NPX,Lake water,0.9210401821004949,0.9187354638675608,DecisionTree,DecisionTree_2
1344,SI_ref_18,Pristine SCW Biochar,NPX,Lake water,0.9309313456555985,0.9325951815423571,DecisionTree,DecisionTree_2
19,SI_ref_19,AMCB,IBU,Lake water,0.12160249298048154,0.41734503848733573,ElasticNet,ElasticNet_1
20,SI_ref_19,AMCB,IBU,Ground water,0.0023766372681587895,0.3801552116094894,ElasticNet,ElasticNet_1
26,SI_ref_19,AMCB,IBU,Ground water,0.1894672613641715,0.39383846138579126,ElasticNet,ElasticNet_1
27,SI_ref_19,AMCB,IBU,Lake water,0.343266669603983,0.4173309677449655,ElasticNet,ElasticNet_1
36,SI_ref_19,AMCB,IBU,Ground water,0.41496556078686897,0.4075076696694526,ElasticNet,ElasticNet_1
42,SI_ref_19,AMCB,IBU,Ground water,0.5182383095521604,0.40749362814981027,ElasticNet,ElasticNet_1
45,SI_ref_19,AMCB,IBU,Lake water,0.5439346954470261,0.41728881399031237,ElasticNet,ElasticNet_1
46,SI_ref_19,AMCB,IBU,Ground water,0.48210720700720494,0.38009898711246604,ElasticNet,ElasticNet_1
51,SI_ref_19,AMCB,IBU,Lake water,0.0829192384873889,0.4172747821846242,ElasticNet,ElasticNet_1
52,SI_ref_19,AMCB,IBU,Ground water,0.003531050071646246,0.3800849553067779,ElasticNet,ElasticNet_1
56,SI_ref_19,AMCB,IBU,Ground water,0.17260220522445793,0.3937682537202851,ElasticNet,ElasticNet_1
57,SI_ref_19,AMCB,IBU,Lake water,0.2799685707152232,0.41726076007945934,ElasticNet,ElasticNet_1
66,SI_ref_19,AMCB,IBU,Ground water,0.4885549946229274,0.40743755907661217,ElasticNet,ElasticNet_1
72,SI_ref_19,AMCB,IBU,Ground water,0.5107350299703324,0.4074235659927089,ElasticNet,ElasticNet_1
75,SI_ref_19,AMCB,IBU,Lake water,0.539673236909249,0.417218751833211,ElasticNet,ElasticNet_1
76,SI_ref_19,AMCB,IBU,Ground water,0.4945842701164504,0.38002892495536467,ElasticNet,ElasticNet_1
81,SI_ref_19,AMCB,IBU,Lake water,0.11734271672387758,0.41720476839638465,ElasticNet,ElasticNet_1
82,SI_ref_19,AMCB,IBU,Ground water,0.0,0.3800149415185383,ElasticNet,ElasticNet_1
86,SI_ref_19,AMCB,IBU,Ground water,0.16952726930244136,0.3936982882341683,ElasticNet,ElasticNet_1
87,SI_ref_19,AMCB,IBU,Lake water,0.245380335735257,0.4171907945933425,ElasticNet,ElasticNet_1
96,SI_ref_19,AMCB,IBU,Ground water,0.45590621693388655,0.4073676899950762,ElasticNet,ElasticNet_1
110,SI_ref_19,AMCB,IBU,Ground water,0.5205305455205957,0.407353745013906,ElasticNet,ElasticNet_1
113,SI_ref_19,AMCB,IBU,Lake water,0.5570792394486925,0.4171489308544081,ElasticNet,ElasticNet_1
114,SI_ref_19,AMCB,IBU,Ground water,0.48301499525722014,0.37995910397656174,ElasticNet,ElasticNet_1
134,SI_ref_17,Alkali-modified SCG biochars,CBZ,Synthetic,0.00635796336582959,0.16373355102035303,ElasticNet,ElasticNet_1
143,SI_ref_17,Alkali-modified SCG biochars,CBZ,Synthetic,0.12158111194827703,0.30992678082904024,ElasticNet,ElasticNet_1
146,SI_ref_17,Alkali-modified SCG biochars,CBZ,Synthetic,0.6777397154224275,0.266680346724669,ElasticNet,ElasticNet_1
150,SI_ref_17,Alkali-modified SCG biochars,CBZ,Synthetic,0.8144073973371778,0.266680346724669,ElasticNet,ElasticNet_1
153,SI_ref_17,Alkali-modified SCG biochars,CBZ,Synthetic,0.5612135486607656,0.16373355102035303,ElasticNet,ElasticNet_1
154,SI_ref_17,Alkali-modified SCG biochars,EE2,Synthetic,0.32691906294512396,0.4329028564676741,ElasticNet,ElasticNet_1
155,SI_ref_17,Alkali-modified SCG biochars,EE2,Synthetic,0.281684429186895,0.3299560607633582,ElasticNet,ElasticNet_1
156,SI_ref_17,Alkali-modified SCG biochars,EE2,Synthetic,0.2985885901242538,0.419173581736222,ElasticNet,ElasticNet_1
157,SI_ref_17,Alkali-modified SCG biochars,EE2,Synthetic,0.1736546812353491,0.31622678603190607,ElasticNet,ElasticNet_1
158,SI_ref_17,Alkali-modified SCG biochars,EE2,Synthetic,0.08297647774499996,0.39711334897556405,ElasticNet,ElasticNet_1
159,SI_ref_17,Alkali-modified SCG biochars,EE2,Synthetic,0.0890939833732563,0.2941665532712481,ElasticNet,ElasticNet_1
160,SI_ref_17,Alkali-modified SCG biochars,EE2,Synthetic,0.12434438865468556,0.38311037036548945,ElasticNet,ElasticNet_1
161,SI_ref_17,Alkali-modified SCG biochars,EE2,Synthetic,0.0719303611000807,0.2801635746611735,ElasticNet,ElasticNet_1
162,SI_ref_17,Alkali-modified SCG biochars,EE2,Synthetic,0.050886215526030655,0.3749050691528546,ElasticNet,ElasticNet_1
163,SI_ref_17,Alkali-modified SCG biochars,EE2,Synthetic,0.06892444951131721,0.2719582734485386,ElasticNet,ElasticNet_1
164,SI_ref_17,Alkali-modified SCG biochars,EE2,Synthetic,0.0402114435413677,0.36907939614188523,ElasticNet,ElasticNet_1
165,SI_ref_17,Alkali-modified SCG biochars,EE2,Synthetic,0.06161971981332274,0.2661326004375693,ElasticNet,ElasticNet_1
166,SI_ref_17,Alkali-modified SCG biochars,EE2,Synthetic,0.014122078362060976,0.36325138220699416,ElasticNet,ElasticNet_1
167,SI_ref_17,Alkali-modified SCG biochars,EE2,Synthetic,0.06227375203350968,0.2603045865026782,ElasticNet,ElasticNet_1
170,SI_ref_17,Alkali-modified SCG biochars,EE2,Synthetic,0.13791601981601773,0.3550343804256406,ElasticNet,ElasticNet_1
171,SI_ref_17,Alkali-modified SCG biochars,EE2,Synthetic,0.09051861058315946,0.25208758472132464,ElasticNet,ElasticNet_1
180,SI_ref_17,Alkali-modified SCG biochars,EE2,Synthetic,0.2279548813058391,0.25208758472132464,ElasticNet,ElasticNet_1
203,SI_ref_17,Alkali-modified SCG biochars,IBU,Synthetic,0.10913541523053398,0.3115574441993628,ElasticNet,ElasticNet_1
216,SI_ref_17,Alkali-modified SCG biochars,IBU,Synthetic,0.10107027265594352,0.25185708259941825,ElasticNet,ElasticNet_1
217,SI_ref_17,Alkali-modified SCG biochars,IBU,Synthetic,0.6889998443034063,0.3980503124081055,ElasticNet,ElasticNet_1
219,SI_ref_17,Alkali-modified SCG biochars,IBU,Synthetic,0.1184746430703935,0.35480387830373417,ElasticNet,ElasticNet_1
222,SI_ref_17,Alkali-modified SCG biochars,IBU,Synthetic,0.04374442489311713,0.25185708259941825,ElasticNet,ElasticNet_1
224,SI_ref_17,Alkali-modified SCG biochars,IBU,Synthetic,0.2945083196339574,0.25185708259941825,ElasticNet,ElasticNet_1
225,SI_ref_17,Alkali-modified SCG biochars,IBU,Synthetic,0.5901579894748284,0.35480387830373417,ElasticNet,ElasticNet_1
227,SI_ref_17,Alkali-modified SCG biochars,IBU,Synthetic,0.6910697148739985,0.35480387830373417,ElasticNet,ElasticNet_1
235,SI_ref_16,C-Biochar,ATE,Synthetic,0.8511111111111113,0.7444617463228043,ElasticNet,ElasticNet_1
237,SI_ref_16,C-Biochar,ATE,Synthetic,0.8733333333333334,0.7444617463228043,ElasticNet,ElasticNet_1
239,SI_ref_16,C-Biochar,ATE,Synthetic,0.6511111111111112,0.71706710528546,ElasticNet,ElasticNet_1
241,SI_ref_16,C-Biochar,ATE,Synthetic,0.7774074074074075,0.7444617463228043,ElasticNet,ElasticNet_1
247,SI_ref_16,C-Biochar,CBZ,Synthetic,0.44146825396825395,0.5704514436262478,ElasticNet,ElasticNet_1
249,SI_ref_16,C-Biochar,CBZ,Synthetic,0.4430976430976431,0.5920746606784333,ElasticNet,ElasticNet_1
253,SI_ref_16,C-Biochar,CBZ,Synthetic,0.4044973544973545,0.5920746606784333,ElasticNet,ElasticNet_1
255,SI_ref_16,C-Biochar,CBZ,Synthetic,0.46792328042328046,0.5783773401597612,ElasticNet,ElasticNet_1
257,SI_ref_16,C-Biochar,CBZ,Synthetic,0.46197089947089953,0.613697877730619,ElasticNet,ElasticNet_1
273,SI_ref_16,C-Biochar,IBU,Synthetic,0.6000000000000001,0.6528035512201544,ElasticNet,ElasticNet_1
278,SI_ref_16,C-Biochar,IBU,Synthetic,0.8430555555555557,0.6801981922574987,ElasticNet,ElasticNet_1
299,SI_ref_19,CB,IBU,Lake water,0.9811931645978613,0.9223492044959787,ElasticNet,ElasticNet_1
300,SI_ref_19,CB,IBU,Ground water,0.9595058090644278,0.8851593776181323,ElasticNet,ElasticNet_1
304,SI_ref_19,CB,IBU,Ground water,0.9323428884090048,0.8988566981368045,ElasticNet,ElasticNet_1
305,SI_ref_19,CB,IBU,Lake water,0.9442367850805692,0.9223492044959787,ElasticNet,ElasticNet_1
320,SI_ref_19,CB,IBU,Ground water,0.9303445651202417,0.9125540186554766,ElasticNet,ElasticNet_1
326,SI_ref_19,CB,IBU,Ground water,0.9318432124429017,0.9125540186554766,ElasticNet,ElasticNet_1
329,SI_ref_19,CB,IBU,Lake water,0.9296205387839244,0.9223492044959787,ElasticNet,ElasticNet_1
330,SI_ref_19,CB,IBU,Ground water,0.9174641264203113,0.8851593776181323,ElasticNet,ElasticNet_1
345,SI_ref_14,GCRB,ALA,Synthetic,0.9324051079932012,0.9976666629545945,ElasticNet,ElasticNet_1
348,SI_ref_14,GCRB,ALA,Synthetic,0.959711660682908,1.040913097058966,ElasticNet,ElasticNet_1
374,SI_ref_14,GCRB,DIU,Synthetic,1.0082496176169822,0.8537438552709178,ElasticNet,ElasticNet_1
376,SI_ref_14,GCRB,SIM,Synthetic,0.9862955626477844,1.1278160658350138,ElasticNet,ElasticNet_1
377,SI_ref_14,GCRB,SIM,Synthetic,0.9834030650434858,1.1140867911035617,ElasticNet,ElasticNet_1
378,SI_ref_14,GCRB,SIM,Synthetic,0.9809240251187635,1.100194643647518,ElasticNet,ElasticNet_1
379,SI_ref_14,GCRB,SIM,Synthetic,0.977408497407208,1.0862195447801848,ElasticNet,ElasticNet_1
380,SI_ref_14,GCRB,SIM,Synthetic,0.9725866254178165,1.0722025828939559,ElasticNet,ElasticNet_1
381,SI_ref_14,GCRB,SIM,Synthetic,0.9707397150816074,1.0639926055092248,ElasticNet,ElasticNet_1
382,SI_ref_14,GCRB,SIM,Synthetic,0.9682512913168398,1.0581645915743338,ElasticNet,ElasticNet_1
383,SI_ref_14,GCRB,SIM,Synthetic,0.9596267727831934,1.006701155688609,ElasticNet,ElasticNet_1
393,SI_ref_14,GCRB,SIM,Synthetic,0.9681949882765674,1.0499475897929802,ElasticNet,ElasticNet_1
397,SI_ref_14,GCRB,SIM,Synthetic,0.9595581925458377,1.0499475897929802,ElasticNet,ElasticNet_1
410,SI_ref_14,GCRB-N,ALA,Synthetic,0.42098834230158483,0.5301035723087906,ElasticNet,ElasticNet_1
419,SI_ref_14,GCRB-N,ALA,Synthetic,0.3038540896584293,0.48678688190170777,ElasticNet,ElasticNet_1
428,SI_ref_14,GCRB-N,ALA,Synthetic,0.2941679236692388,0.48671686811346815,ElasticNet,ElasticNet_1
437,SI_ref_14,GCRB-N,ALA,Synthetic,0.299011006663834,0.4866470951712091,ElasticNet,ElasticNet_1
459,SI_ref_14,GCRB-N,DIU,Synthetic,0.6455190877003087,0.3428781060237191,ElasticNet,ElasticNet_1
468,SI_ref_14,GCRB-N,DIU,Synthetic,0.6564705601884918,0.3428080438666177,ElasticNet,ElasticNet_1
477,SI_ref_14,GCRB-N,DIU,Synthetic,0.6413243626564091,0.34273822288781475,ElasticNet,ElasticNet_1
480,SI_ref_14,GCRB-N,SIM,Synthetic,0.8709260833889569,0.6170065410848384,ElasticNet,ElasticNet_1
481,SI_ref_14,GCRB-N,SIM,Synthetic,0.7937886433454202,0.6032772663533863,ElasticNet,ElasticNet_1
482,SI_ref_14,GCRB-N,SIM,Synthetic,0.7230251055630271,0.5893851188973427,ElasticNet,ElasticNet_1
483,SI_ref_14,GCRB-N,SIM,Synthetic,0.6451471952322713,0.5754100200300096,ElasticNet,ElasticNet_1
484,SI_ref_14,GCRB-N,SIM,Synthetic,0.579106572580609,0.5613930581437805,ElasticNet,ElasticNet_1
485,SI_ref_14,GCRB-N,SIM,Synthetic,0.5461098630342859,0.5531830807590495,ElasticNet,ElasticNet_1
486,SI_ref_14,GCRB-N,SIM,Synthetic,0.526458395826474,0.5473550668241585,ElasticNet,ElasticNet_1
487,SI_ref_14,GCRB-N,SIM,Synthetic,0.44952651357619516,0.4958916309384336,ElasticNet,ElasticNet_1
493,SI_ref_14,GCRB-N,SIM,Synthetic,0.525804086252399,0.5391380650428049,ElasticNet,ElasticNet_1
502,SI_ref_14,GCRB-N,SIM,Synthetic,0.8453757948497886,0.5390678087400935,ElasticNet,ElasticNet_1
511,SI_ref_14,GCRB-N,SIM,Synthetic,0.8584308799035202,0.5389977949518538,ElasticNet,ElasticNet_1
520,SI_ref_14,GCRB-N,SIM,Synthetic,0.8519033373766544,0.5389280220095948,ElasticNet,ElasticNet_1
540,SI_ref_19,MCB,IBU,Lake water,0.9742126323294387,0.8621755640577138,ElasticNet,ElasticNet_1
541,SI_ref_19,MCB,IBU,Ground water,0.9483485035015843,0.8249857371798675,ElasticNet,ElasticNet_1
547,SI_ref_19,MCB,IBU,Ground water,0.9263512886233829,0.8386689869561693,ElasticNet,ElasticNet_1
548,SI_ref_19,MCB,IBU,Lake water,0.9349728899053784,0.8621614933153435,ElasticNet,ElasticNet_1
565,SI_ref_19,MCB,IBU,Ground water,0.9254612605703445,0.8523381952398307,ElasticNet,ElasticNet_1
571,SI_ref_19,MCB,IBU,Ground water,0.927696260267614,0.8523241537201883,ElasticNet,ElasticNet_1
574,SI_ref_19,MCB,IBU,Lake water,0.9258585842402297,0.8621193395606905,ElasticNet,ElasticNet_1
575,SI_ref_19,MCB,IBU,Ground water,0.9173366162788351,0.8249295126828442,ElasticNet,ElasticNet_1
580,SI_ref_19,MCB,IBU,Lake water,0.974635205338439,0.8621053077550024,ElasticNet,ElasticNet_1
581,SI_ref_19,MCB,IBU,Ground water,0.95367292982704,0.824915480877156,ElasticNet,ElasticNet_1
585,SI_ref_19,MCB,IBU,Ground water,0.925414707326754,0.8385987792906633,ElasticNet,ElasticNet_1
586,SI_ref_19,MCB,IBU,Lake water,0.9347814302861347,0.8620912856498375,ElasticNet,ElasticNet_1
595,SI_ref_19,MCB,IBU,Ground water,0.9248851497651674,0.8522680846469902,ElasticNet,ElasticNet_1
601,SI_ref_19,MCB,IBU,Ground water,0.9300914246503462,0.852254091563087,ElasticNet,ElasticNet_1
604,SI_ref_19,MCB,IBU,Lake water,0.9282701343021136,0.862049277403589,ElasticNet,ElasticNet_1
605,SI_ref_19,MCB,IBU,Ground water,0.9160948152334054,0.8248594505257427,ElasticNet,ElasticNet_1
610,SI_ref_19,MCB,IBU,Lake water,0.9716179138912365,0.8620352939667627,ElasticNet,ElasticNet_1
611,SI_ref_19,MCB,IBU,Ground water,0.9529992532644452,0.8248454670889164,ElasticNet,ElasticNet_1
615,SI_ref_19,MCB,IBU,Ground water,0.9284499518994666,0.8385288138045465,ElasticNet,ElasticNet_1
616,SI_ref_19,MCB,IBU,Lake water,0.935069554315652,0.8620213201637207,ElasticNet,ElasticNet_1
625,SI_ref_19,MCB,IBU,Ground water,0.9258221154816445,0.8521982155654543,ElasticNet,ElasticNet_1
631,SI_ref_19,MCB,IBU,Ground water,0.9296259863973036,0.852184270584284,ElasticNet,ElasticNet_1
634,SI_ref_19,MCB,IBU,Lake water,0.9271225782160609,0.8619794564247861,ElasticNet,ElasticNet_1
635,SI_ref_19,MCB,IBU,Ground water,0.9188076045934327,0.8247896295469398,ElasticNet,ElasticNet_1
640,SI_ref_18,NaOH-activated SCW biochars,DCF,Secondary effluent,0.7547018161110076,0.5106808270283929,ElasticNet,ElasticNet_1
642,SI_ref_18,NaOH-activated SCW biochars,DCF,Secondary effluent,0.6981463000238689,0.49695155229694077,ElasticNet,ElasticNet_1
644,SI_ref_18,NaOH-activated SCW biochars,DCF,Secondary effluent,0.6293744945066856,0.4830594048408972,ElasticNet,ElasticNet_1
646,SI_ref_18,NaOH-activated SCW biochars,DCF,Secondary effluent,0.588788451165352,0.46908430597356404,ElasticNet,ElasticNet_1
648,SI_ref_18,NaOH-activated SCW biochars,DCF,Secondary effluent,0.5891686823750966,0.455067344087335,ElasticNet,ElasticNet_1
650,SI_ref_18,NaOH-activated SCW biochars,DCF,Secondary effluent,0.5849511312086796,0.446857366702604,ElasticNet,ElasticNet_1
652,SI_ref_18,NaOH-activated SCW biochars,DCF,Secondary effluent,0.5864672759838442,0.4410293527677129,ElasticNet,ElasticNet_1
655,SI_ref_18,NaOH-activated SCW biochars,DCF,Lake water,0.28283236606156975,0.4353453330336735,ElasticNet,ElasticNet_1
657,SI_ref_18,NaOH-activated SCW biochars,DCF,Lake water,0.4098052873550469,0.4137221159814879,ElasticNet,ElasticNet_1
662,SI_ref_18,NaOH-activated SCW biochars,DCF,Secondary effluent,0.600008865661574,0.4328123509863594,ElasticNet,ElasticNet_1
668,SI_ref_18,NaOH-activated SCW biochars,DCF,Lake water,0.5638671837826676,0.4353453330336735,ElasticNet,ElasticNet_1
673,SI_ref_18,NaOH-activated SCW biochars,DCF,Lake water,0.5356816504619031,0.4353453330336735,ElasticNet,ElasticNet_1
679,SI_ref_18,NaOH-activated SCW biochars,DCF,Lake water,0.48550836273532816,0.4353453330336735,ElasticNet,ElasticNet_1
682,SI_ref_18,NaOH-activated SCW biochars,DCF,Secondary effluent,0.5965252581670849,0.4328123509863594,ElasticNet,ElasticNet_1
688,SI_ref_18,NaOH-activated SCW biochars,DCF,Lake water,0.5703611171190489,0.4569685500858592,ElasticNet,ElasticNet_1
693,SI_ref_18,NaOH-activated SCW biochars,DCF,Secondary effluent,0.6557026735074662,0.4328123509863594,ElasticNet,ElasticNet_1
694,SI_ref_18,NaOH-activated SCW biochars,DCF,Lake water,0.7297297292522416,0.4353453330336735,ElasticNet,ElasticNet_1
699,SI_ref_18,NaOH-activated SCW biochars,IBU,Secondary effluent,0.8098199350756726,0.5443912727210669,ElasticNet,ElasticNet_1
701,SI_ref_18,NaOH-activated SCW biochars,IBU,Secondary effluent,0.7485969905050348,0.5306619979896148,ElasticNet,ElasticNet_1
703,SI_ref_18,NaOH-activated SCW biochars,IBU,Secondary effluent,0.6850179499229786,0.5167698505335712,ElasticNet,ElasticNet_1
705,SI_ref_18,NaOH-activated SCW biochars,IBU,Secondary effluent,0.6861011679416551,0.5027947516662381,ElasticNet,ElasticNet_1
707,SI_ref_18,NaOH-activated SCW biochars,IBU,Secondary effluent,0.6799185617433835,0.488777789780009,ElasticNet,ElasticNet_1
709,SI_ref_18,NaOH-activated SCW biochars,IBU,Secondary effluent,0.6765813990931481,0.480567812395278,ElasticNet,ElasticNet_1
711,SI_ref_18,NaOH-activated SCW biochars,IBU,Secondary effluent,0.6777803451607008,0.4747397984603869,ElasticNet,ElasticNet_1
712,SI_ref_18,NaOH-activated SCW biochars,IBU,Lake water,0.10371139816269948,0.4690557787263475,ElasticNet,ElasticNet_1
714,SI_ref_18,NaOH-activated SCW biochars,IBU,Lake water,0.46656560236114836,0.4690557787263475,ElasticNet,ElasticNet_1
721,SI_ref_18,NaOH-activated SCW biochars,IBU,Secondary effluent,0.675113405421536,0.46652279667903335,ElasticNet,ElasticNet_1
730,SI_ref_18,NaOH-activated SCW biochars,IBU,Lake water,0.627404015064595,0.4690557787263475,ElasticNet,ElasticNet_1
738,SI_ref_18,NaOH-activated SCW biochars,IBU,Lake water,0.6298527247859258,0.4690557787263475,ElasticNet,ElasticNet_1
740,SI_ref_18,NaOH-activated SCW biochars,IBU,Lake water,0.5791171913994386,0.4690557787263475,ElasticNet,ElasticNet_1
747,SI_ref_18,NaOH-activated SCW biochars,IBU,Lake water,0.6846241766923425,0.4906789957785332,ElasticNet,ElasticNet_1
752,SI_ref_18,NaOH-activated SCW biochars,IBU,Secondary effluent,0.7252319435730717,0.46652279667903335,ElasticNet,ElasticNet_1
758,SI_ref_18,NaOH-activated SCW biochars,NPX,Secondary effluent,0.5521972966156422,0.2925563740637096,ElasticNet,ElasticNet_1
760,SI_ref_18,NaOH-activated SCW biochars,NPX,Secondary effluent,0.4814245289032641,0.27882709933225747,ElasticNet,ElasticNet_1
762,SI_ref_18,NaOH-activated SCW biochars,NPX,Secondary effluent,0.34455951981715066,0.26493495187621396,ElasticNet,ElasticNet_1
764,SI_ref_18,NaOH-activated SCW biochars,NPX,Secondary effluent,0.2493517679350271,0.2509598530088808,ElasticNet,ElasticNet_1
766,SI_ref_18,NaOH-activated SCW biochars,NPX,Secondary effluent,0.16764900163614713,0.23694289112265177,ElasticNet,ElasticNet_1
768,SI_ref_18,NaOH-activated SCW biochars,NPX,Secondary effluent,0.12846350911521487,0.22873291373792082,ElasticNet,ElasticNet_1
770,SI_ref_18,NaOH-activated SCW biochars,NPX,Secondary effluent,0.12873702561203082,0.22290489980302963,ElasticNet,ElasticNet_1
771,SI_ref_18,NaOH-activated SCW biochars,NPX,Lake water,0.03570310331741743,0.21722088006899032,ElasticNet,ElasticNet_1
780,SI_ref_18,NaOH-activated SCW biochars,NPX,Secondary effluent,0.11864589305153721,0.2146878980216761,ElasticNet,ElasticNet_1
781,SI_ref_18,NaOH-activated SCW biochars,NPX,Lake water,0.04234525136924403,0.21722088006899032,ElasticNet,ElasticNet_1
791,SI_ref_18,NaOH-activated SCW biochars,NPX,Lake water,0.05751855059175114,0.2035235595503182,ElasticNet,ElasticNet_1
795,SI_ref_18,NaOH-activated SCW biochars,NPX,Lake water,0.1386164882936624,0.26046731417336166,ElasticNet,ElasticNet_1
859,SI_ref_13,PB600,CBZ,Synthetic,0.4773489932885906,0.5469007087504458,ElasticNet,ElasticNet_1
892,SI_ref_13,PB600,IBU,Synthetic,0.8533052267445003,0.6213269198108389,ElasticNet,ElasticNet_1
906,SI_ref_13,PB800,CBZ,Synthetic,0.16135346756152125,0.31235449638449664,ElasticNet,ElasticNet_1
939,SI_ref_13,PB800,IBU,Synthetic,0.5875275377054737,0.38678070744488974,ElasticNet,ElasticNet_1
959,SI_ref_15,PSB,CAR,Synthetic,0.898502105289309,0.8213013701756209,ElasticNet,ElasticNet_1
963,SI_ref_15,PSB,CAR,Synthetic,0.8690891098845278,0.8213013701756209,ElasticNet,ElasticNet_1
976,SI_ref_15,PSB,PYR,Synthetic,0.9599614728522631,0.9061625661239525,ElasticNet,ElasticNet_1
980,SI_ref_15,PSB,PYR,Synthetic,0.8739092070679689,0.9061625661239525,ElasticNet,ElasticNet_1
982,SI_ref_15,PSB,PYR,Synthetic,0.8750456231185068,0.9061625661239525,ElasticNet,ElasticNet_1
983,SI_ref_15,PSB,PYR,Synthetic,0.950707773566655,0.9061625661239525,ElasticNet,ElasticNet_1
1000,SI_ref_15,PSB,TEB,Synthetic,0.8714762044822667,0.8767373324630784,ElasticNet,ElasticNet_1
1001,SI_ref_15,PSB,TEB,Synthetic,0.8650362109004135,0.8767373324630784,ElasticNet,ElasticNet_1
1020,SI_ref_15,PSBOX-A,CAR,Synthetic,0.024826351018054676,0.1945806199668404,ElasticNet,ElasticNet_1
1024,SI_ref_15,PSBOX-A,CAR,Synthetic,0.013386578068051812,0.1945806199668404,ElasticNet,ElasticNet_1
1039,SI_ref_15,PSBOX-A,PYR,Synthetic,0.10520884210859399,0.27944181591517203,ElasticNet,ElasticNet_1
1041,SI_ref_15,PSBOX-A,PYR,Synthetic,0.5321591562240328,0.3226882500195434,ElasticNet,ElasticNet_1
1045,SI_ref_15,PSBOX-A,PYR,Synthetic,0.07450853175519283,0.27944181591517203,ElasticNet,ElasticNet_1
1047,SI_ref_15,PSBOX-A,PYR,Synthetic,0.07530521810797475,0.27944181591517203,ElasticNet,ElasticNet_1
1048,SI_ref_15,PSBOX-A,PYR,Synthetic,0.1335562050140622,0.27944181591517203,ElasticNet,ElasticNet_1
1065,SI_ref_15,PSBOX-A,TEB,Synthetic,0.5160089507499187,0.29326301635866925,ElasticNet,ElasticNet_1
1070,SI_ref_15,PSBOX-A,TEB,Synthetic,0.04527670142322688,0.2500165822542979,ElasticNet,ElasticNet_1
1071,SI_ref_15,PSBOX-A,TEB,Synthetic,0.04243318293660387,0.2500165822542979,ElasticNet,ElasticNet_1
1095,SI_ref_17,Pristine SCG biochar,CBZ,Synthetic,0.9071706166070994,0.7695988342376674,ElasticNet,ElasticNet_1
1104,SI_ref_17,Pristine SCG biochar,CBZ,Synthetic,0.8748284470323213,0.9157920640463547,ElasticNet,ElasticNet_1
1108,SI_ref_17,Pristine SCG biochar,CBZ,Synthetic,0.8967497590877974,0.8725456299419834,ElasticNet,ElasticNet_1
1112,SI_ref_17,Pristine SCG biochar,CBZ,Synthetic,0.8867934815653573,0.8725456299419834,ElasticNet,ElasticNet_1
1115,SI_ref_17,Pristine SCG biochar,CBZ,Synthetic,0.925161257978969,0.7695988342376674,ElasticNet,ElasticNet_1
1116,SI_ref_17,Pristine SCG biochar,EE2,Synthetic,0.9879675366998732,1.0387681396849886,ElasticNet,ElasticNet_1
1117,SI_ref_17,Pristine SCG biochar,EE2,Synthetic,0.9630524728687239,0.9358213439806726,ElasticNet,ElasticNet_1
1118,SI_ref_17,Pristine SCG biochar,EE2,Synthetic,0.9308917481943695,1.0250388649535365,ElasticNet,ElasticNet_1
1119,SI_ref_17,Pristine SCG biochar,EE2,Synthetic,0.9610835485312063,0.9220920692492205,ElasticNet,ElasticNet_1
1120,SI_ref_17,Pristine SCG biochar,EE2,Synthetic,0.8890050918282607,1.0029786321928784,ElasticNet,ElasticNet_1
1121,SI_ref_17,Pristine SCG biochar,EE2,Synthetic,0.9527872619203276,0.9000318364885624,ElasticNet,ElasticNet_1
1122,SI_ref_17,Pristine SCG biochar,EE2,Synthetic,0.8965951913819401,0.9889756535828038,ElasticNet,ElasticNet_1
1123,SI_ref_17,Pristine SCG biochar,EE2,Synthetic,0.9558259103687238,0.8860288578784878,ElasticNet,ElasticNet_1
1124,SI_ref_17,Pristine SCG biochar,EE2,Synthetic,0.8793895099735648,0.980770352370169,ElasticNet,ElasticNet_1
1125,SI_ref_17,Pristine SCG biochar,EE2,Synthetic,0.9519368217180961,0.877823556665853,ElasticNet,ElasticNet_1
1126,SI_ref_17,Pristine SCG biochar,EE2,Synthetic,0.8770554520720774,0.9749446793591997,ElasticNet,ElasticNet_1
1127,SI_ref_17,Pristine SCG biochar,EE2,Synthetic,0.9377852461427824,0.8719978836548838,ElasticNet,ElasticNet_1
1128,SI_ref_17,Pristine SCG biochar,EE2,Synthetic,0.8833014060151289,0.9691166654243085,ElasticNet,ElasticNet_1
1129,SI_ref_17,Pristine SCG biochar,EE2,Synthetic,0.9348668633411785,0.8661698697199927,ElasticNet,ElasticNet_1
1132,SI_ref_17,Pristine SCG biochar,EE2,Synthetic,0.8374361704672763,0.960899663642955,ElasticNet,ElasticNet_1
1133,SI_ref_17,Pristine SCG biochar,EE2,Synthetic,0.8609155049620831,0.857952867938639,ElasticNet,ElasticNet_1
1137,SI_ref_17,Pristine SCG biochar,EE2,Synthetic,0.8257334628724249,0.857952867938639,ElasticNet,ElasticNet_1
1147,SI_ref_17,Pristine SCG biochar,EE2,Synthetic,0.8965862728271835,0.857952867938639,ElasticNet,ElasticNet_1
1170,SI_ref_17,Pristine SCG biochar,IBU,Synthetic,0.7820004901373623,0.9174227274166773,ElasticNet,ElasticNet_1
1183,SI_ref_17,Pristine SCG biochar,IBU,Synthetic,0.9114748664800524,0.8577223658167326,ElasticNet,ElasticNet_1
1184,SI_ref_17,Pristine SCG biochar,IBU,Synthetic,0.9484982246288517,1.0039155956254198,ElasticNet,ElasticNet_1
1186,SI_ref_17,Pristine SCG biochar,IBU,Synthetic,0.893754721851682,0.9606691615210485,ElasticNet,ElasticNet_1
1189,SI_ref_17,Pristine SCG biochar,IBU,Synthetic,0.9210277046979152,0.8577223658167326,ElasticNet,ElasticNet_1
1191,SI_ref_17,Pristine SCG biochar,IBU,Synthetic,0.9513456586569363,0.8577223658167326,ElasticNet,ElasticNet_1
1192,SI_ref_17,Pristine SCG biochar,IBU,Synthetic,0.9226237248225028,0.9606691615210485,ElasticNet,ElasticNet_1
1194,SI_ref_17,Pristine SCG biochar,IBU,Synthetic,0.8857728699803085,0.9606691615210485,ElasticNet,ElasticNet_1
1199,SI_ref_18,Pristine SCW Biochar,DCF,Secondary effluent,0.918928852227115,1.0928030162883537,ElasticNet,ElasticNet_1
1201,SI_ref_18,Pristine SCW Biochar,DCF,Secondary effluent,0.9102784904019702,1.0790737415569016,ElasticNet,ElasticNet_1
1203,SI_ref_18,Pristine SCW Biochar,DCF,Secondary effluent,0.9056826438576806,1.065181594100858,ElasticNet,ElasticNet_1
1205,SI_ref_18,Pristine SCW Biochar,DCF,Secondary effluent,0.9047459643543814,1.051206495233525,ElasticNet,ElasticNet_1
1207,SI_ref_18,Pristine SCW Biochar,DCF,Secondary effluent,0.9046272834515193,1.0371895333472958,ElasticNet,ElasticNet_1
1209,SI_ref_18,Pristine SCW Biochar,DCF,Secondary effluent,0.9011959807369067,1.028979555962565,ElasticNet,ElasticNet_1
1211,SI_ref_18,Pristine SCW Biochar,DCF,Secondary effluent,0.9001936082465184,1.0231515420276738,ElasticNet,ElasticNet_1
1214,SI_ref_18,Pristine SCW Biochar,DCF,Lake water,0.9077130214504949,0.9958443052414487,ElasticNet,ElasticNet_1
1219,SI_ref_18,Pristine SCW Biochar,DCF,Secondary effluent,0.9048873911798646,1.0149345402463203,ElasticNet,ElasticNet_1
1225,SI_ref_18,Pristine SCW Biochar,DCF,Lake water,0.9209005359691885,1.0174675222936345,ElasticNet,ElasticNet_1
1230,SI_ref_18,Pristine SCW Biochar,DCF,Lake water,0.9255037841040696,1.0174675222936345,ElasticNet,ElasticNet_1
1236,SI_ref_18,Pristine SCW Biochar,DCF,Lake water,0.9092724465153025,1.0174675222936345,ElasticNet,ElasticNet_1
1239,SI_ref_18,Pristine SCW Biochar,DCF,Secondary effluent,0.9186059768996898,1.0149345402463203,ElasticNet,ElasticNet_1
1245,SI_ref_18,Pristine SCW Biochar,DCF,Lake water,0.926603142736896,1.03909073934582,ElasticNet,ElasticNet_1
1249,SI_ref_18,Pristine SCW Biochar,DCF,Secondary effluent,0.9174019043807426,1.0149345402463203,ElasticNet,ElasticNet_1
1254,SI_ref_18,Pristine SCW Biochar,IBU,Secondary effluent,0.9156726978407875,1.1265134619810278,ElasticNet,ElasticNet_1
1256,SI_ref_18,Pristine SCW Biochar,IBU,Secondary effluent,0.9079673942368781,1.1127841872495756,ElasticNet,ElasticNet_1
1258,SI_ref_18,Pristine SCW Biochar,IBU,Secondary effluent,0.9043236251446873,1.098892039793532,ElasticNet,ElasticNet_1
1260,SI_ref_18,Pristine SCW Biochar,IBU,Secondary effluent,0.9020547983951682,1.084916940926199,ElasticNet,ElasticNet_1
1262,SI_ref_18,Pristine SCW Biochar,IBU,Secondary effluent,0.9004882379050155,1.0708999790399698,ElasticNet,ElasticNet_1
1264,SI_ref_18,Pristine SCW Biochar,IBU,Secondary effluent,0.897458530238549,1.062690001655239,ElasticNet,ElasticNet_1
1266,SI_ref_18,Pristine SCW Biochar,IBU,Secondary effluent,0.8973424975849196,1.0568619877203478,ElasticNet,ElasticNet_1
1274,SI_ref_18,Pristine SCW Biochar,IBU,Secondary effluent,0.8992057856547054,1.0486449859389944,ElasticNet,ElasticNet_1
1283,SI_ref_18,Pristine SCW Biochar,IBU,Lake water,0.9158900362354069,1.0511779679863085,ElasticNet,ElasticNet_1
1291,SI_ref_18,Pristine SCW Biochar,IBU,Lake water,0.9068652159539504,1.0511779679863085,ElasticNet,ElasticNet_1
1293,SI_ref_18,Pristine SCW Biochar,IBU,Lake water,0.9067682424855283,1.0511779679863085,ElasticNet,ElasticNet_1
1300,SI_ref_18,Pristine SCW Biochar,IBU,Lake water,0.9277221749920567,1.072801185038494,ElasticNet,ElasticNet_1
1304,SI_ref_18,Pristine SCW Biochar,IBU,Secondary effluent,0.911352956646831,1.0486449859389944,ElasticNet,ElasticNet_1
1309,SI_ref_18,Pristine SCW Biochar,NPX,Secondary effluent,0.9276600601799115,0.8746785633236704,ElasticNet,ElasticNet_1
1311,SI_ref_18,Pristine SCW Biochar,NPX,Secondary effluent,0.9217275625657669,0.8609492885922183,ElasticNet,ElasticNet_1
1313,SI_ref_18,Pristine SCW Biochar,NPX,Secondary effluent,0.9151672500810683,0.8470571411361748,ElasticNet,ElasticNet_1
1315,SI_ref_18,Pristine SCW Biochar,NPX,Secondary effluent,0.914870212237198,0.8330820422688416,ElasticNet,ElasticNet_1
1317,SI_ref_18,Pristine SCW Biochar,NPX,Secondary effluent,0.9125118045566373,0.8190650803826126,ElasticNet,ElasticNet_1
1319,SI_ref_18,Pristine SCW Biochar,NPX,Secondary effluent,0.9122370962869346,0.8108551029978815,ElasticNet,ElasticNet_1
1321,SI_ref_18,Pristine SCW Biochar,NPX,Secondary effluent,0.9100475600528815,0.8050270890629905,ElasticNet,ElasticNet_1
1329,SI_ref_18,Pristine SCW Biochar,NPX,Secondary effluent,0.910898633301941,0.7968100872816369,ElasticNet,ElasticNet_1
1330,SI_ref_18,Pristine SCW Biochar,NPX,Lake water,0.9241969522882365,0.7993430693289512,ElasticNet,ElasticNet_1
1340,SI_ref_18,Pristine SCW Biochar,NPX,Lake water,0.9210401821004949,0.785645748810279,ElasticNet,ElasticNet_1
1344,SI_ref_18,Pristine SCW Biochar,NPX,Lake water,0.9309313456555985,0.8425895034333224,ElasticNet,ElasticNet_1
19,SI_ref_19,AMCB,IBU,Lake water,0.12160249298048154,0.4203991439990928,ExtraTrees,ExtraTrees_2
20,SI_ref_19,AMCB,IBU,Ground water,0.0023766372681587895,0.2729924918038154,ExtraTrees,ExtraTrees_2
26,SI_ref_19,AMCB,IBU,Ground water,0.1894672613641715,0.29308192057755444,ExtraTrees,ExtraTrees_2
27,SI_ref_19,AMCB,IBU,Lake water,0.343266669603983,0.42417122077767244,ExtraTrees,ExtraTrees_2
36,SI_ref_19,AMCB,IBU,Ground water,0.41496556078686897,0.1956311341506279,ExtraTrees,ExtraTrees_2
42,SI_ref_19,AMCB,IBU,Ground water,0.5182383095521604,0.19222218781388672,ExtraTrees,ExtraTrees_2
45,SI_ref_19,AMCB,IBU,Lake water,0.5439346954470261,0.42800661367017356,ExtraTrees,ExtraTrees_2
46,SI_ref_19,AMCB,IBU,Ground water,0.48210720700720494,0.28764749190706396,ExtraTrees,ExtraTrees_2
51,SI_ref_19,AMCB,IBU,Lake water,0.0829192384873889,0.42605140458651536,ExtraTrees,ExtraTrees_2
52,SI_ref_19,AMCB,IBU,Ground water,0.003531050071646246,0.28820629528656294,ExtraTrees,ExtraTrees_2
56,SI_ref_19,AMCB,IBU,Ground water,0.17260220522445793,0.311377389481741,ExtraTrees,ExtraTrees_2
57,SI_ref_19,AMCB,IBU,Lake water,0.2799685707152232,0.4269220304348842,ExtraTrees,ExtraTrees_2
66,SI_ref_19,AMCB,IBU,Ground water,0.4885549946229274,0.1978403751772047,ExtraTrees,ExtraTrees_2
72,SI_ref_19,AMCB,IBU,Ground water,0.5107350299703324,0.1975419410698854,ExtraTrees,ExtraTrees_2
75,SI_ref_19,AMCB,IBU,Lake water,0.539673236909249,0.4323496395380598,ExtraTrees,ExtraTrees_2
76,SI_ref_19,AMCB,IBU,Ground water,0.4945842701164504,0.30072759050940634,ExtraTrees,ExtraTrees_2
81,SI_ref_19,AMCB,IBU,Lake water,0.11734271672387758,0.42988484051136583,ExtraTrees,ExtraTrees_2
82,SI_ref_19,AMCB,IBU,Ground water,0.0,0.2973555683681576,ExtraTrees,ExtraTrees_2
86,SI_ref_19,AMCB,IBU,Ground water,0.16952726930244136,0.32015343817385,ExtraTrees,ExtraTrees_2
87,SI_ref_19,AMCB,IBU,Lake water,0.245380335735257,0.4303502921221578,ExtraTrees,ExtraTrees_2
96,SI_ref_19,AMCB,IBU,Ground water,0.45590621693388655,0.20930192176786291,ExtraTrees,ExtraTrees_2
110,SI_ref_19,AMCB,IBU,Ground water,0.5205305455205957,0.21078042078400328,ExtraTrees,ExtraTrees_2
113,SI_ref_19,AMCB,IBU,Lake water,0.5570792394486925,0.43375923746580525,ExtraTrees,ExtraTrees_2
114,SI_ref_19,AMCB,IBU,Ground water,0.48301499525722014,0.3063614149804825,ExtraTrees,ExtraTrees_2
134,SI_ref_17,Alkali-modified SCG biochars,CBZ,Synthetic,0.00635796336582959,0.10710986571402191,ExtraTrees,ExtraTrees_2
143,SI_ref_17,Alkali-modified SCG biochars,CBZ,Synthetic,0.12158111194827703,0.3375128352005593,ExtraTrees,ExtraTrees_2
146,SI_ref_17,Alkali-modified SCG biochars,CBZ,Synthetic,0.6777397154224275,0.3375128352005593,ExtraTrees,ExtraTrees_2
150,SI_ref_17,Alkali-modified SCG biochars,CBZ,Synthetic,0.8144073973371778,0.3375128352005593,ExtraTrees,ExtraTrees_2
153,SI_ref_17,Alkali-modified SCG biochars,CBZ,Synthetic,0.5612135486607656,0.10710986571402191,ExtraTrees,ExtraTrees_2
154,SI_ref_17,Alkali-modified SCG biochars,EE2,Synthetic,0.32691906294512396,0.4412198838777045,ExtraTrees,ExtraTrees_2
155,SI_ref_17,Alkali-modified SCG biochars,EE2,Synthetic,0.281684429186895,0.35076266077645046,ExtraTrees,ExtraTrees_2
156,SI_ref_17,Alkali-modified SCG biochars,EE2,Synthetic,0.2985885901242538,0.43834948673111496,ExtraTrees,ExtraTrees_2
157,SI_ref_17,Alkali-modified SCG biochars,EE2,Synthetic,0.1736546812353491,0.33869393267629294,ExtraTrees,ExtraTrees_2
158,SI_ref_17,Alkali-modified SCG biochars,EE2,Synthetic,0.08297647774499996,0.4077561744101436,ExtraTrees,ExtraTrees_2
159,SI_ref_17,Alkali-modified SCG biochars,EE2,Synthetic,0.0890939833732563,0.32518195186181376,ExtraTrees,ExtraTrees_2
160,SI_ref_17,Alkali-modified SCG biochars,EE2,Synthetic,0.12434438865468556,0.3843917218626982,ExtraTrees,ExtraTrees_2
161,SI_ref_17,Alkali-modified SCG biochars,EE2,Synthetic,0.0719303611000807,0.32818007587748765,ExtraTrees,ExtraTrees_2
162,SI_ref_17,Alkali-modified SCG biochars,EE2,Synthetic,0.050886215526030655,0.3784105553553519,ExtraTrees,ExtraTrees_2
163,SI_ref_17,Alkali-modified SCG biochars,EE2,Synthetic,0.06892444951131721,0.33378783328770056,ExtraTrees,ExtraTrees_2
164,SI_ref_17,Alkali-modified SCG biochars,EE2,Synthetic,0.0402114435413677,0.3741229782773165,ExtraTrees,ExtraTrees_2
165,SI_ref_17,Alkali-modified SCG biochars,EE2,Synthetic,0.06161971981332274,0.33364223499995194,ExtraTrees,ExtraTrees_2
166,SI_ref_17,Alkali-modified SCG biochars,EE2,Synthetic,0.014122078362060976,0.36904365199605216,ExtraTrees,ExtraTrees_2
167,SI_ref_17,Alkali-modified SCG biochars,EE2,Synthetic,0.06227375203350968,0.3326990941192083,ExtraTrees,ExtraTrees_2
170,SI_ref_17,Alkali-modified SCG biochars,EE2,Synthetic,0.13791601981601773,0.3725567461903705,ExtraTrees,ExtraTrees_2
171,SI_ref_17,Alkali-modified SCG biochars,EE2,Synthetic,0.09051861058315946,0.3353732703422906,ExtraTrees,ExtraTrees_2
180,SI_ref_17,Alkali-modified SCG biochars,EE2,Synthetic,0.2279548813058391,0.3353732703422906,ExtraTrees,ExtraTrees_2
203,SI_ref_17,Alkali-modified SCG biochars,IBU,Synthetic,0.10913541523053398,0.39400820477989823,ExtraTrees,ExtraTrees_2
216,SI_ref_17,Alkali-modified SCG biochars,IBU,Synthetic,0.10107027265594352,0.15748376450916837,ExtraTrees,ExtraTrees_2
217,SI_ref_17,Alkali-modified SCG biochars,IBU,Synthetic,0.6889998443034063,0.39572416181492576,ExtraTrees,ExtraTrees_2
219,SI_ref_17,Alkali-modified SCG biochars,IBU,Synthetic,0.1184746430703935,0.39572416181492576,ExtraTrees,ExtraTrees_2
222,SI_ref_17,Alkali-modified SCG biochars,IBU,Synthetic,0.04374442489311713,0.15748376450916837,ExtraTrees,ExtraTrees_2
224,SI_ref_17,Alkali-modified SCG biochars,IBU,Synthetic,0.2945083196339574,0.15748376450916837,ExtraTrees,ExtraTrees_2
225,SI_ref_17,Alkali-modified SCG biochars,IBU,Synthetic,0.5901579894748284,0.39572416181492576,ExtraTrees,ExtraTrees_2
227,SI_ref_17,Alkali-modified SCG biochars,IBU,Synthetic,0.6910697148739985,0.39572416181492576,ExtraTrees,ExtraTrees_2
235,SI_ref_16,C-Biochar,ATE,Synthetic,0.8511111111111113,0.7826117207370256,ExtraTrees,ExtraTrees_2
237,SI_ref_16,C-Biochar,ATE,Synthetic,0.8733333333333334,0.7826117207370256,ExtraTrees,ExtraTrees_2
239,SI_ref_16,C-Biochar,ATE,Synthetic,0.6511111111111112,0.7826117207370256,ExtraTrees,ExtraTrees_2
241,SI_ref_16,C-Biochar,ATE,Synthetic,0.7774074074074075,0.7826117207370256,ExtraTrees,ExtraTrees_2
247,SI_ref_16,C-Biochar,CBZ,Synthetic,0.44146825396825395,0.5760676246194969,ExtraTrees,ExtraTrees_2
249,SI_ref_16,C-Biochar,CBZ,Synthetic,0.4430976430976431,0.5763830638326362,ExtraTrees,ExtraTrees_2
253,SI_ref_16,C-Biochar,CBZ,Synthetic,0.4044973544973545,0.5763830638326362,ExtraTrees,ExtraTrees_2
255,SI_ref_16,C-Biochar,CBZ,Synthetic,0.46792328042328046,0.5763830638326362,ExtraTrees,ExtraTrees_2
257,SI_ref_16,C-Biochar,CBZ,Synthetic,0.46197089947089953,0.5786339422394275,ExtraTrees,ExtraTrees_2
273,SI_ref_16,C-Biochar,IBU,Synthetic,0.6000000000000001,0.6610735431492339,ExtraTrees,ExtraTrees_2
278,SI_ref_16,C-Biochar,IBU,Synthetic,0.8430555555555557,0.6610735431492339,ExtraTrees,ExtraTrees_2
299,SI_ref_19,CB,IBU,Lake water,0.9811931645978613,0.9265817786275748,ExtraTrees,ExtraTrees_2
300,SI_ref_19,CB,IBU,Ground water,0.9595058090644278,0.92001311674162,ExtraTrees,ExtraTrees_2
304,SI_ref_19,CB,IBU,Ground water,0.9323428884090048,0.9312159828020805,ExtraTrees,ExtraTrees_2
305,SI_ref_19,CB,IBU,Lake water,0.9442367850805692,0.9265817786275748,ExtraTrees,ExtraTrees_2
320,SI_ref_19,CB,IBU,Ground water,0.9303445651202417,0.9567080043092738,ExtraTrees,ExtraTrees_2
326,SI_ref_19,CB,IBU,Ground water,0.9318432124429017,0.9567080043092738,ExtraTrees,ExtraTrees_2
329,SI_ref_19,CB,IBU,Lake water,0.9296205387839244,0.9265817786275748,ExtraTrees,ExtraTrees_2
330,SI_ref_19,CB,IBU,Ground water,0.9174641264203113,0.92001311674162,ExtraTrees,ExtraTrees_2
345,SI_ref_14,GCRB,ALA,Synthetic,0.9324051079932012,0.9544256086063041,ExtraTrees,ExtraTrees_2
348,SI_ref_14,GCRB,ALA,Synthetic,0.959711660682908,0.9544256086063041,ExtraTrees,ExtraTrees_2
374,SI_ref_14,GCRB,DIU,Synthetic,1.0082496176169822,0.9496104111588852,ExtraTrees,ExtraTrees_2
376,SI_ref_14,GCRB,SIM,Synthetic,0.9862955626477844,0.9760748732297466,ExtraTrees,ExtraTrees_2
377,SI_ref_14,GCRB,SIM,Synthetic,0.9834030650434858,0.9760748732297466,ExtraTrees,ExtraTrees_2
378,SI_ref_14,GCRB,SIM,Synthetic,0.9809240251187635,0.9760748732297466,ExtraTrees,ExtraTrees_2
379,SI_ref_14,GCRB,SIM,Synthetic,0.977408497407208,0.9760748732297466,ExtraTrees,ExtraTrees_2
380,SI_ref_14,GCRB,SIM,Synthetic,0.9725866254178165,0.9760748732297466,ExtraTrees,ExtraTrees_2
381,SI_ref_14,GCRB,SIM,Synthetic,0.9707397150816074,0.9760748732297466,ExtraTrees,ExtraTrees_2
382,SI_ref_14,GCRB,SIM,Synthetic,0.9682512913168398,0.9760748732297466,ExtraTrees,ExtraTrees_2
383,SI_ref_14,GCRB,SIM,Synthetic,0.9596267727831934,0.9760748732297466,ExtraTrees,ExtraTrees_2
393,SI_ref_14,GCRB,SIM,Synthetic,0.9681949882765674,0.9760748732297466,ExtraTrees,ExtraTrees_2
397,SI_ref_14,GCRB,SIM,Synthetic,0.9595581925458377,0.9760748732297466,ExtraTrees,ExtraTrees_2
410,SI_ref_14,GCRB-N,ALA,Synthetic,0.42098834230158483,0.5029894732542805,ExtraTrees,ExtraTrees_2
419,SI_ref_14,GCRB-N,ALA,Synthetic,0.3038540896584293,0.5301322186082744,ExtraTrees,ExtraTrees_2
428,SI_ref_14,GCRB-N,ALA,Synthetic,0.2941679236692388,0.5344406417438071,ExtraTrees,ExtraTrees_2
437,SI_ref_14,GCRB-N,ALA,Synthetic,0.299011006663834,0.539639874627806,ExtraTrees,ExtraTrees_2
459,SI_ref_14,GCRB-N,DIU,Synthetic,0.6455190877003087,0.2693117017794781,ExtraTrees,ExtraTrees_2
468,SI_ref_14,GCRB-N,DIU,Synthetic,0.6564705601884918,0.27113290595823025,ExtraTrees,ExtraTrees_2
477,SI_ref_14,GCRB-N,DIU,Synthetic,0.6413243626564091,0.276887926474425,ExtraTrees,ExtraTrees_2
480,SI_ref_14,GCRB-N,SIM,Synthetic,0.8709260833889569,0.6088407668147632,ExtraTrees,ExtraTrees_2
481,SI_ref_14,GCRB-N,SIM,Synthetic,0.7937886433454202,0.6058262250313712,ExtraTrees,ExtraTrees_2
482,SI_ref_14,GCRB-N,SIM,Synthetic,0.7230251055630271,0.5959794047690479,ExtraTrees,ExtraTrees_2
483,SI_ref_14,GCRB-N,SIM,Synthetic,0.6451471952322713,0.5815014120357602,ExtraTrees,ExtraTrees_2
484,SI_ref_14,GCRB-N,SIM,Synthetic,0.579106572580609,0.5608857696452738,ExtraTrees,ExtraTrees_2
485,SI_ref_14,GCRB-N,SIM,Synthetic,0.5461098630342859,0.5490040486835617,ExtraTrees,ExtraTrees_2
486,SI_ref_14,GCRB-N,SIM,Synthetic,0.526458395826474,0.5462194888806711,ExtraTrees,ExtraTrees_2
487,SI_ref_14,GCRB-N,SIM,Synthetic,0.44952651357619516,0.5450711170584197,ExtraTrees,ExtraTrees_2
493,SI_ref_14,GCRB-N,SIM,Synthetic,0.525804086252399,0.5450711170584197,ExtraTrees,ExtraTrees_2
502,SI_ref_14,GCRB-N,SIM,Synthetic,0.8453757948497886,0.5920434770192317,ExtraTrees,ExtraTrees_2
511,SI_ref_14,GCRB-N,SIM,Synthetic,0.8584308799035202,0.5921915754664976,ExtraTrees,ExtraTrees_2
520,SI_ref_14,GCRB-N,SIM,Synthetic,0.8519033373766544,0.5831538007784428,ExtraTrees,ExtraTrees_2
540,SI_ref_19,MCB,IBU,Lake water,0.9742126323294387,0.9219541670223341,ExtraTrees,ExtraTrees_2
541,SI_ref_19,MCB,IBU,Ground water,0.9483485035015843,0.9143580295271618,ExtraTrees,ExtraTrees_2
547,SI_ref_19,MCB,IBU,Ground water,0.9263512886233829,0.9264604793166924,ExtraTrees,ExtraTrees_2
548,SI_ref_19,MCB,IBU,Lake water,0.9349728899053784,0.9217002007826592,ExtraTrees,ExtraTrees_2
565,SI_ref_19,MCB,IBU,Ground water,0.9254612605703445,0.9516491721698876,ExtraTrees,ExtraTrees_2
571,SI_ref_19,MCB,IBU,Ground water,0.927696260267614,0.9533047241153283,ExtraTrees,ExtraTrees_2
574,SI_ref_19,MCB,IBU,Lake water,0.9258585842402297,0.9212181509974847,ExtraTrees,ExtraTrees_2
575,SI_ref_19,MCB,IBU,Ground water,0.9173366162788351,0.9142862834317198,ExtraTrees,ExtraTrees_2
580,SI_ref_19,MCB,IBU,Lake water,0.974635205338439,0.9214991183243737,ExtraTrees,ExtraTrees_2
581,SI_ref_19,MCB,IBU,Ground water,0.95367292982704,0.9150139728279143,ExtraTrees,ExtraTrees_2
585,SI_ref_19,MCB,IBU,Ground water,0.925414707326754,0.9271576240691999,ExtraTrees,ExtraTrees_2
586,SI_ref_19,MCB,IBU,Lake water,0.9347814302861347,0.9214666968358314,ExtraTrees,ExtraTrees_2
595,SI_ref_19,MCB,IBU,Ground water,0.9248851497651674,0.9478878811852222,ExtraTrees,ExtraTrees_2
601,SI_ref_19,MCB,IBU,Ground water,0.9300914246503462,0.9494219591617297,ExtraTrees,ExtraTrees_2
604,SI_ref_19,MCB,IBU,Lake water,0.9282701343021136,0.9212187064021865,ExtraTrees,ExtraTrees_2
605,SI_ref_19,MCB,IBU,Ground water,0.9160948152334054,0.9149709080156846,ExtraTrees,ExtraTrees_2
610,SI_ref_19,MCB,IBU,Lake water,0.9716179138912365,0.921288141906046,ExtraTrees,ExtraTrees_2
611,SI_ref_19,MCB,IBU,Ground water,0.9529992532644452,0.9148980187299182,ExtraTrees,ExtraTrees_2
615,SI_ref_19,MCB,IBU,Ground water,0.9284499518994666,0.9263355823617114,ExtraTrees,ExtraTrees_2
616,SI_ref_19,MCB,IBU,Lake water,0.935069554315652,0.921077844440639,ExtraTrees,ExtraTrees_2
625,SI_ref_19,MCB,IBU,Ground water,0.9258221154816445,0.942907543926295,ExtraTrees,ExtraTrees_2
631,SI_ref_19,MCB,IBU,Ground water,0.9296259863973036,0.942907543926295,ExtraTrees,ExtraTrees_2
634,SI_ref_19,MCB,IBU,Lake water,0.9271225782160609,0.9209459319930703,ExtraTrees,ExtraTrees_2
635,SI_ref_19,MCB,IBU,Ground water,0.9188076045934327,0.9144994752963075,ExtraTrees,ExtraTrees_2
640,SI_ref_18,NaOH-activated SCW biochars,DCF,Secondary effluent,0.7547018161110076,0.5594090714239968,ExtraTrees,ExtraTrees_2
642,SI_ref_18,NaOH-activated SCW biochars,DCF,Secondary effluent,0.6981463000238689,0.5591417512759027,ExtraTrees,ExtraTrees_2
644,SI_ref_18,NaOH-activated SCW biochars,DCF,Secondary effluent,0.6293744945066856,0.556168339570483,ExtraTrees,ExtraTrees_2
646,SI_ref_18,NaOH-activated SCW biochars,DCF,Secondary effluent,0.588788451165352,0.5565850623265797,ExtraTrees,ExtraTrees_2
648,SI_ref_18,NaOH-activated SCW biochars,DCF,Secondary effluent,0.5891686823750966,0.5544104699035705,ExtraTrees,ExtraTrees_2
650,SI_ref_18,NaOH-activated SCW biochars,DCF,Secondary effluent,0.5849511312086796,0.5550482488811896,ExtraTrees,ExtraTrees_2
652,SI_ref_18,NaOH-activated SCW biochars,DCF,Secondary effluent,0.5864672759838442,0.5555847339592845,ExtraTrees,ExtraTrees_2
655,SI_ref_18,NaOH-activated SCW biochars,DCF,Lake water,0.28283236606156975,0.5173894211037564,ExtraTrees,ExtraTrees_2
657,SI_ref_18,NaOH-activated SCW biochars,DCF,Lake water,0.4098052873550469,0.5173894211037564,ExtraTrees,ExtraTrees_2
662,SI_ref_18,NaOH-activated SCW biochars,DCF,Secondary effluent,0.600008865661574,0.5566036636951118,ExtraTrees,ExtraTrees_2
668,SI_ref_18,NaOH-activated SCW biochars,DCF,Lake water,0.5638671837826676,0.5173894211037564,ExtraTrees,ExtraTrees_2
673,SI_ref_18,NaOH-activated SCW biochars,DCF,Lake water,0.5356816504619031,0.5173894211037564,ExtraTrees,ExtraTrees_2
679,SI_ref_18,NaOH-activated SCW biochars,DCF,Lake water,0.48550836273532816,0.5173894211037564,ExtraTrees,ExtraTrees_2
682,SI_ref_18,NaOH-activated SCW biochars,DCF,Secondary effluent,0.5965252581670849,0.5566036636951118,ExtraTrees,ExtraTrees_2
688,SI_ref_18,NaOH-activated SCW biochars,DCF,Lake water,0.5703611171190489,0.5835537563473919,ExtraTrees,ExtraTrees_2
693,SI_ref_18,NaOH-activated SCW biochars,DCF,Secondary effluent,0.6557026735074662,0.5566036636951118,ExtraTrees,ExtraTrees_2
694,SI_ref_18,NaOH-activated SCW biochars,DCF,Lake water,0.7297297292522416,0.5173894211037564,ExtraTrees,ExtraTrees_2
699,SI_ref_18,NaOH-activated SCW biochars,IBU,Secondary effluent,0.8098199350756726,0.6067494485519876,ExtraTrees,ExtraTrees_2
701,SI_ref_18,NaOH-activated SCW biochars,IBU,Secondary effluent,0.7485969905050348,0.6079129385199745,ExtraTrees,ExtraTrees_2
703,SI_ref_18,NaOH-activated SCW biochars,IBU,Secondary effluent,0.6850179499229786,0.607668855374587,ExtraTrees,ExtraTrees_2
705,SI_ref_18,NaOH-activated SCW biochars,IBU,Secondary effluent,0.6861011679416551,0.6057834333352703,ExtraTrees,ExtraTrees_2
707,SI_ref_18,NaOH-activated SCW biochars,IBU,Secondary effluent,0.6799185617433835,0.6046543129457107,ExtraTrees,ExtraTrees_2
709,SI_ref_18,NaOH-activated SCW biochars,IBU,Secondary effluent,0.6765813990931481,0.6018696137210988,ExtraTrees,ExtraTrees_2
711,SI_ref_18,NaOH-activated SCW biochars,IBU,Secondary effluent,0.6777803451607008,0.6016217880613586,ExtraTrees,ExtraTrees_2
712,SI_ref_18,NaOH-activated SCW biochars,IBU,Lake water,0.10371139816269948,0.6264622233454079,ExtraTrees,ExtraTrees_2
714,SI_ref_18,NaOH-activated SCW biochars,IBU,Lake water,0.46656560236114836,0.6264622233454079,ExtraTrees,ExtraTrees_2
721,SI_ref_18,NaOH-activated SCW biochars,IBU,Secondary effluent,0.675113405421536,0.6014615713662791,ExtraTrees,ExtraTrees_2
730,SI_ref_18,NaOH-activated SCW biochars,IBU,Lake water,0.627404015064595,0.6264622233454079,ExtraTrees,ExtraTrees_2
738,SI_ref_18,NaOH-activated SCW biochars,IBU,Lake water,0.6298527247859258,0.6264622233454079,ExtraTrees,ExtraTrees_2
740,SI_ref_18,NaOH-activated SCW biochars,IBU,Lake water,0.5791171913994386,0.6264622233454079,ExtraTrees,ExtraTrees_2
747,SI_ref_18,NaOH-activated SCW biochars,IBU,Lake water,0.6846241766923425,0.7060327507828306,ExtraTrees,ExtraTrees_2
752,SI_ref_18,NaOH-activated SCW biochars,IBU,Secondary effluent,0.7252319435730717,0.6014615713662791,ExtraTrees,ExtraTrees_2
758,SI_ref_18,NaOH-activated SCW biochars,NPX,Secondary effluent,0.5521972966156422,0.16575641542114528,ExtraTrees,ExtraTrees_2
760,SI_ref_18,NaOH-activated SCW biochars,NPX,Secondary effluent,0.4814245289032641,0.16503736985519193,ExtraTrees,ExtraTrees_2
762,SI_ref_18,NaOH-activated SCW biochars,NPX,Secondary effluent,0.34455951981715066,0.1639691564130095,ExtraTrees,ExtraTrees_2
764,SI_ref_18,NaOH-activated SCW biochars,NPX,Secondary effluent,0.2493517679350271,0.1435057335296931,ExtraTrees,ExtraTrees_2
766,SI_ref_18,NaOH-activated SCW biochars,NPX,Secondary effluent,0.16764900163614713,0.1262280915296119,ExtraTrees,ExtraTrees_2
768,SI_ref_18,NaOH-activated SCW biochars,NPX,Secondary effluent,0.12846350911521487,0.12229660061108588,ExtraTrees,ExtraTrees_2
770,SI_ref_18,NaOH-activated SCW biochars,NPX,Secondary effluent,0.12873702561203082,0.12070208890925167,ExtraTrees,ExtraTrees_2
771,SI_ref_18,NaOH-activated SCW biochars,NPX,Lake water,0.03570310331741743,0.07224314429911287,ExtraTrees,ExtraTrees_2
780,SI_ref_18,NaOH-activated SCW biochars,NPX,Secondary effluent,0.11864589305153721,0.1213770145300712,ExtraTrees,ExtraTrees_2
781,SI_ref_18,NaOH-activated SCW biochars,NPX,Lake water,0.04234525136924403,0.07224314429911287,ExtraTrees,ExtraTrees_2
791,SI_ref_18,NaOH-activated SCW biochars,NPX,Lake water,0.05751855059175114,0.07224314429911287,ExtraTrees,ExtraTrees_2
795,SI_ref_18,NaOH-activated SCW biochars,NPX,Lake water,0.1386164882936624,0.12335472840745804,ExtraTrees,ExtraTrees_2
859,SI_ref_13,PB600,CBZ,Synthetic,0.4773489932885906,0.4718546840654397,ExtraTrees,ExtraTrees_2
892,SI_ref_13,PB600,IBU,Synthetic,0.8533052267445003,0.5922892944990551,ExtraTrees,ExtraTrees_2
906,SI_ref_13,PB800,CBZ,Synthetic,0.16135346756152125,0.2364950559108856,ExtraTrees,ExtraTrees_2
939,SI_ref_13,PB800,IBU,Synthetic,0.5875275377054737,0.36509344978361097,ExtraTrees,ExtraTrees_2
959,SI_ref_15,PSB,CAR,Synthetic,0.898502105289309,0.9217684821791959,ExtraTrees,ExtraTrees_2
963,SI_ref_15,PSB,CAR,Synthetic,0.8690891098845278,0.9217684821791959,ExtraTrees,ExtraTrees_2
976,SI_ref_15,PSB,PYR,Synthetic,0.9599614728522631,0.9354839524716121,ExtraTrees,ExtraTrees_2
980,SI_ref_15,PSB,PYR,Synthetic,0.8739092070679689,0.9354839524716121,ExtraTrees,ExtraTrees_2
982,SI_ref_15,PSB,PYR,Synthetic,0.8750456231185068,0.9354839524716121,ExtraTrees,ExtraTrees_2
983,SI_ref_15,PSB,PYR,Synthetic,0.950707773566655,0.9354839524716121,ExtraTrees,ExtraTrees_2
1000,SI_ref_15,PSB,TEB,Synthetic,0.8714762044822667,0.9300808874636168,ExtraTrees,ExtraTrees_2
1001,SI_ref_15,PSB,TEB,Synthetic,0.8650362109004135,0.9300808874636168,ExtraTrees,ExtraTrees_2
1020,SI_ref_15,PSBOX-A,CAR,Synthetic,0.024826351018054676,0.10819607678032435,ExtraTrees,ExtraTrees_2
1024,SI_ref_15,PSBOX-A,CAR,Synthetic,0.013386578068051812,0.10819607678032435,ExtraTrees,ExtraTrees_2
1039,SI_ref_15,PSBOX-A,PYR,Synthetic,0.10520884210859399,0.30909355314329895,ExtraTrees,ExtraTrees_2
1041,SI_ref_15,PSBOX-A,PYR,Synthetic,0.5321591562240328,0.30830333125871834,ExtraTrees,ExtraTrees_2
1045,SI_ref_15,PSBOX-A,PYR,Synthetic,0.07450853175519283,0.30909355314329895,ExtraTrees,ExtraTrees_2
1047,SI_ref_15,PSBOX-A,PYR,Synthetic,0.07530521810797475,0.30909355314329895,ExtraTrees,ExtraTrees_2
1048,SI_ref_15,PSBOX-A,PYR,Synthetic,0.1335562050140622,0.30909355314329895,ExtraTrees,ExtraTrees_2
1065,SI_ref_15,PSBOX-A,TEB,Synthetic,0.5160089507499187,0.24643945144693077,ExtraTrees,ExtraTrees_2
1070,SI_ref_15,PSBOX-A,TEB,Synthetic,0.04527670142322688,0.24690490385997074,ExtraTrees,ExtraTrees_2
1071,SI_ref_15,PSBOX-A,TEB,Synthetic,0.04243318293660387,0.24690490385997074,ExtraTrees,ExtraTrees_2
1095,SI_ref_17,Pristine SCG biochar,CBZ,Synthetic,0.9071706166070994,0.914887537570308,ExtraTrees,ExtraTrees_2
1104,SI_ref_17,Pristine SCG biochar,CBZ,Synthetic,0.8748284470323213,0.899848645447004,ExtraTrees,ExtraTrees_2
1108,SI_ref_17,Pristine SCG biochar,CBZ,Synthetic,0.8967497590877974,0.899848645447004,ExtraTrees,ExtraTrees_2
1112,SI_ref_17,Pristine SCG biochar,CBZ,Synthetic,0.8867934815653573,0.899848645447004,ExtraTrees,ExtraTrees_2
1115,SI_ref_17,Pristine SCG biochar,CBZ,Synthetic,0.925161257978969,0.914887537570308,ExtraTrees,ExtraTrees_2
1116,SI_ref_17,Pristine SCG biochar,EE2,Synthetic,0.9879675366998732,0.8589211055401931,ExtraTrees,ExtraTrees_2
1117,SI_ref_17,Pristine SCG biochar,EE2,Synthetic,0.9630524728687239,0.8605894111335318,ExtraTrees,ExtraTrees_2
1118,SI_ref_17,Pristine SCG biochar,EE2,Synthetic,0.9308917481943695,0.8589211055401931,ExtraTrees,ExtraTrees_2
1119,SI_ref_17,Pristine SCG biochar,EE2,Synthetic,0.9610835485312063,0.8605894111335318,ExtraTrees,ExtraTrees_2
1120,SI_ref_17,Pristine SCG biochar,EE2,Synthetic,0.8890050918282607,0.8589211055401931,ExtraTrees,ExtraTrees_2
1121,SI_ref_17,Pristine SCG biochar,EE2,Synthetic,0.9527872619203276,0.8605894111335318,ExtraTrees,ExtraTrees_2
1122,SI_ref_17,Pristine SCG biochar,EE2,Synthetic,0.8965951913819401,0.8589211055401931,ExtraTrees,ExtraTrees_2
1123,SI_ref_17,Pristine SCG biochar,EE2,Synthetic,0.9558259103687238,0.8605894111335318,ExtraTrees,ExtraTrees_2
1124,SI_ref_17,Pristine SCG biochar,EE2,Synthetic,0.8793895099735648,0.8589211055401931,ExtraTrees,ExtraTrees_2
1125,SI_ref_17,Pristine SCG biochar,EE2,Synthetic,0.9519368217180961,0.8605894111335318,ExtraTrees,ExtraTrees_2
1126,SI_ref_17,Pristine SCG biochar,EE2,Synthetic,0.8770554520720774,0.8589211055401931,ExtraTrees,ExtraTrees_2
1127,SI_ref_17,Pristine SCG biochar,EE2,Synthetic,0.9377852461427824,0.8605894111335318,ExtraTrees,ExtraTrees_2
1128,SI_ref_17,Pristine SCG biochar,EE2,Synthetic,0.8833014060151289,0.8589211055401931,ExtraTrees,ExtraTrees_2
1129,SI_ref_17,Pristine SCG biochar,EE2,Synthetic,0.9348668633411785,0.8605894111335318,ExtraTrees,ExtraTrees_2
1132,SI_ref_17,Pristine SCG biochar,EE2,Synthetic,0.8374361704672763,0.8589211055401931,ExtraTrees,ExtraTrees_2
1133,SI_ref_17,Pristine SCG biochar,EE2,Synthetic,0.8609155049620831,0.8605894111335318,ExtraTrees,ExtraTrees_2
1137,SI_ref_17,Pristine SCG biochar,EE2,Synthetic,0.8257334628724249,0.8605894111335318,ExtraTrees,ExtraTrees_2
1147,SI_ref_17,Pristine SCG biochar,EE2,Synthetic,0.8965862728271835,0.8605894111335318,ExtraTrees,ExtraTrees_2
1170,SI_ref_17,Pristine SCG biochar,IBU,Synthetic,0.7820004901373623,0.8634559293866585,ExtraTrees,ExtraTrees_2
1183,SI_ref_17,Pristine SCG biochar,IBU,Synthetic,0.9114748664800524,0.9203239413825903,ExtraTrees,ExtraTrees_2
1184,SI_ref_17,Pristine SCG biochar,IBU,Synthetic,0.9484982246288517,0.9230712998116414,ExtraTrees,ExtraTrees_2
1186,SI_ref_17,Pristine SCG biochar,IBU,Synthetic,0.893754721851682,0.9194396259916118,ExtraTrees,ExtraTrees_2
1189,SI_ref_17,Pristine SCG biochar,IBU,Synthetic,0.9210277046979152,0.9203239413825903,ExtraTrees,ExtraTrees_2
1191,SI_ref_17,Pristine SCG biochar,IBU,Synthetic,0.9513456586569363,0.9203239413825903,ExtraTrees,ExtraTrees_2
1192,SI_ref_17,Pristine SCG biochar,IBU,Synthetic,0.9226237248225028,0.9194396259916118,ExtraTrees,ExtraTrees_2
1194,SI_ref_17,Pristine SCG biochar,IBU,Synthetic,0.8857728699803085,0.9194396259916118,ExtraTrees,ExtraTrees_2
1199,SI_ref_18,Pristine SCW Biochar,DCF,Secondary effluent,0.918928852227115,0.9153403887722864,ExtraTrees,ExtraTrees_2
1201,SI_ref_18,Pristine SCW Biochar,DCF,Secondary effluent,0.9102784904019702,0.9148998855653555,ExtraTrees,ExtraTrees_2
1203,SI_ref_18,Pristine SCW Biochar,DCF,Secondary effluent,0.9056826438576806,0.9147202430707534,ExtraTrees,ExtraTrees_2
1205,SI_ref_18,Pristine SCW Biochar,DCF,Secondary effluent,0.9047459643543814,0.9142072147148808,ExtraTrees,ExtraTrees_2
1207,SI_ref_18,Pristine SCW Biochar,DCF,Secondary effluent,0.9046272834515193,0.9127196279618082,ExtraTrees,ExtraTrees_2
1209,SI_ref_18,Pristine SCW Biochar,DCF,Secondary effluent,0.9011959807369067,0.9111986461298804,ExtraTrees,ExtraTrees_2
1211,SI_ref_18,Pristine SCW Biochar,DCF,Secondary effluent,0.9001936082465184,0.9103447381369295,ExtraTrees,ExtraTrees_2
1214,SI_ref_18,Pristine SCW Biochar,DCF,Lake water,0.9077130214504949,0.9080425376086019,ExtraTrees,ExtraTrees_2
1219,SI_ref_18,Pristine SCW Biochar,DCF,Secondary effluent,0.9048873911798646,0.9091630936782247,ExtraTrees,ExtraTrees_2
1225,SI_ref_18,Pristine SCW Biochar,DCF,Lake water,0.9209005359691885,0.9195418009052928,ExtraTrees,ExtraTrees_2
1230,SI_ref_18,Pristine SCW Biochar,DCF,Lake water,0.9255037841040696,0.9195418009052928,ExtraTrees,ExtraTrees_2
1236,SI_ref_18,Pristine SCW Biochar,DCF,Lake water,0.9092724465153025,0.9195418009052928,ExtraTrees,ExtraTrees_2
1239,SI_ref_18,Pristine SCW Biochar,DCF,Secondary effluent,0.9186059768996898,0.9091630936782247,ExtraTrees,ExtraTrees_2
1245,SI_ref_18,Pristine SCW Biochar,DCF,Lake water,0.926603142736896,0.9263261235954126,ExtraTrees,ExtraTrees_2
1249,SI_ref_18,Pristine SCW Biochar,DCF,Secondary effluent,0.9174019043807426,0.9091630936782247,ExtraTrees,ExtraTrees_2
1254,SI_ref_18,Pristine SCW Biochar,IBU,Secondary effluent,0.9156726978407875,0.9074194333845773,ExtraTrees,ExtraTrees_2
1256,SI_ref_18,Pristine SCW Biochar,IBU,Secondary effluent,0.9079673942368781,0.9074194333845773,ExtraTrees,ExtraTrees_2
1258,SI_ref_18,Pristine SCW Biochar,IBU,Secondary effluent,0.9043236251446873,0.9074194333845773,ExtraTrees,ExtraTrees_2
1260,SI_ref_18,Pristine SCW Biochar,IBU,Secondary effluent,0.9020547983951682,0.9071632538632123,ExtraTrees,ExtraTrees_2
1262,SI_ref_18,Pristine SCW Biochar,IBU,Secondary effluent,0.9004882379050155,0.9056488080025765,ExtraTrees,ExtraTrees_2
1264,SI_ref_18,Pristine SCW Biochar,IBU,Secondary effluent,0.897458530238549,0.904348109505179,ExtraTrees,ExtraTrees_2
1266,SI_ref_18,Pristine SCW Biochar,IBU,Secondary effluent,0.8973424975849196,0.9033310236964662,ExtraTrees,ExtraTrees_2
1274,SI_ref_18,Pristine SCW Biochar,IBU,Secondary effluent,0.8992057856547054,0.902464076269419,ExtraTrees,ExtraTrees_2
1283,SI_ref_18,Pristine SCW Biochar,IBU,Lake water,0.9158900362354069,0.9162395697260177,ExtraTrees,ExtraTrees_2
1291,SI_ref_18,Pristine SCW Biochar,IBU,Lake water,0.9068652159539504,0.9162395697260177,ExtraTrees,ExtraTrees_2
1293,SI_ref_18,Pristine SCW Biochar,IBU,Lake water,0.9067682424855283,0.9162395697260177,ExtraTrees,ExtraTrees_2
1300,SI_ref_18,Pristine SCW Biochar,IBU,Lake water,0.9277221749920567,0.9246820258802331,ExtraTrees,ExtraTrees_2
1304,SI_ref_18,Pristine SCW Biochar,IBU,Secondary effluent,0.911352956646831,0.902464076269419,ExtraTrees,ExtraTrees_2
1309,SI_ref_18,Pristine SCW Biochar,NPX,Secondary effluent,0.9276600601799115,0.9138539325577412,ExtraTrees,ExtraTrees_2
1311,SI_ref_18,Pristine SCW Biochar,NPX,Secondary effluent,0.9217275625657669,0.9132647598082823,ExtraTrees,ExtraTrees_2
1313,SI_ref_18,Pristine SCW Biochar,NPX,Secondary effluent,0.9151672500810683,0.913160256088949,ExtraTrees,ExtraTrees_2
1315,SI_ref_18,Pristine SCW Biochar,NPX,Secondary effluent,0.914870212237198,0.9127613126161787,ExtraTrees,ExtraTrees_2
1317,SI_ref_18,Pristine SCW Biochar,NPX,Secondary effluent,0.9125118045566373,0.9117501075732091,ExtraTrees,ExtraTrees_2
1319,SI_ref_18,Pristine SCW Biochar,NPX,Secondary effluent,0.9122370962869346,0.9106378818417871,ExtraTrees,ExtraTrees_2
1321,SI_ref_18,Pristine SCW Biochar,NPX,Secondary effluent,0.9100475600528815,0.9101145252989028,ExtraTrees,ExtraTrees_2
1329,SI_ref_18,Pristine SCW Biochar,NPX,Secondary effluent,0.910898633301941,0.9091591483787017,ExtraTrees,ExtraTrees_2
1330,SI_ref_18,Pristine SCW Biochar,NPX,Lake water,0.9241969522882365,0.920535200229579,ExtraTrees,ExtraTrees_2
1340,SI_ref_18,Pristine SCW Biochar,NPX,Lake water,0.9210401821004949,0.920535200229579,ExtraTrees,ExtraTrees_2
1344,SI_ref_18,Pristine SCW Biochar,NPX,Lake water,0.9309313456555985,0.9295721528243855,ExtraTrees,ExtraTrees_2
19,SI_ref_19,AMCB,IBU,Lake water,0.12160249298048154,0.3396601114163694,GradientBoosting,GradientBoosting_2
20,SI_ref_19,AMCB,IBU,Ground water,0.0023766372681587895,0.30244997889997266,GradientBoosting,GradientBoosting_2
26,SI_ref_19,AMCB,IBU,Ground water,0.1894672613641715,0.30623160681820494,GradientBoosting,GradientBoosting_2
27,SI_ref_19,AMCB,IBU,Lake water,0.343266669603983,0.3396601114163694,GradientBoosting,GradientBoosting_2
36,SI_ref_19,AMCB,IBU,Ground water,0.41496556078686897,0.31559194051861883,GradientBoosting,GradientBoosting_2
42,SI_ref_19,AMCB,IBU,Ground water,0.5182383095521604,0.31559194051861883,GradientBoosting,GradientBoosting_2
45,SI_ref_19,AMCB,IBU,Lake water,0.5439346954470261,0.375372418971978,GradientBoosting,GradientBoosting_2
46,SI_ref_19,AMCB,IBU,Ground water,0.48210720700720494,0.3277514332340814,GradientBoosting,GradientBoosting_2
51,SI_ref_19,AMCB,IBU,Lake water,0.0829192384873889,0.3667455455631793,GradientBoosting,GradientBoosting_2
52,SI_ref_19,AMCB,IBU,Ground water,0.003531050071646246,0.3191245598252827,GradientBoosting,GradientBoosting_2
56,SI_ref_19,AMCB,IBU,Ground water,0.17260220522445793,0.322906187743515,GradientBoosting,GradientBoosting_2
57,SI_ref_19,AMCB,IBU,Lake water,0.2799685707152232,0.3667455455631793,GradientBoosting,GradientBoosting_2
66,SI_ref_19,AMCB,IBU,Ground water,0.4885549946229274,0.3251068533497559,GradientBoosting,GradientBoosting_2
72,SI_ref_19,AMCB,IBU,Ground water,0.5107350299703324,0.3251068533497559,GradientBoosting,GradientBoosting_2
75,SI_ref_19,AMCB,IBU,Lake water,0.539673236909249,0.3835528673631096,GradientBoosting,GradientBoosting_2
76,SI_ref_19,AMCB,IBU,Ground water,0.4945842701164504,0.33593188162521304,GradientBoosting,GradientBoosting_2
81,SI_ref_19,AMCB,IBU,Lake water,0.11734271672387758,0.32624450134880645,GradientBoosting,GradientBoosting_2
82,SI_ref_19,AMCB,IBU,Ground water,0.0,0.27862351561090987,GradientBoosting,GradientBoosting_2
86,SI_ref_19,AMCB,IBU,Ground water,0.16952726930244136,0.28240514352914214,GradientBoosting,GradientBoosting_2
87,SI_ref_19,AMCB,IBU,Lake water,0.245380335735257,0.32624450134880645,GradientBoosting,GradientBoosting_2
96,SI_ref_19,AMCB,IBU,Ground water,0.45590621693388655,0.3743660273721668,GradientBoosting,GradientBoosting_2
110,SI_ref_19,AMCB,IBU,Ground water,0.5205305455205957,0.3743660273721668,GradientBoosting,GradientBoosting_2
113,SI_ref_19,AMCB,IBU,Lake water,0.5570792394486925,0.44220565702923076,GradientBoosting,GradientBoosting_2
114,SI_ref_19,AMCB,IBU,Ground water,0.48301499525722014,0.3851910556476239,GradientBoosting,GradientBoosting_2
134,SI_ref_17,Alkali-modified SCG biochars,CBZ,Synthetic,0.00635796336582959,0.13022618456634186,GradientBoosting,GradientBoosting_2
143,SI_ref_17,Alkali-modified SCG biochars,CBZ,Synthetic,0.12158111194827703,0.32917851378223256,GradientBoosting,GradientBoosting_2
146,SI_ref_17,Alkali-modified SCG biochars,CBZ,Synthetic,0.6777397154224275,0.32917851378223256,GradientBoosting,GradientBoosting_2
150,SI_ref_17,Alkali-modified SCG biochars,CBZ,Synthetic,0.8144073973371778,0.32917851378223256,GradientBoosting,GradientBoosting_2
153,SI_ref_17,Alkali-modified SCG biochars,CBZ,Synthetic,0.5612135486607656,0.13022618456634186,GradientBoosting,GradientBoosting_2
154,SI_ref_17,Alkali-modified SCG biochars,EE2,Synthetic,0.32691906294512396,0.54515361443834,GradientBoosting,GradientBoosting_2
155,SI_ref_17,Alkali-modified SCG biochars,EE2,Synthetic,0.281684429186895,0.37327748737125244,GradientBoosting,GradientBoosting_2
156,SI_ref_17,Alkali-modified SCG biochars,EE2,Synthetic,0.2985885901242538,0.5270529553517902,GradientBoosting,GradientBoosting_2
157,SI_ref_17,Alkali-modified SCG biochars,EE2,Synthetic,0.1736546812353491,0.35517682828470243,GradientBoosting,GradientBoosting_2
158,SI_ref_17,Alkali-modified SCG biochars,EE2,Synthetic,0.08297647774499996,0.3765098395578051,GradientBoosting,GradientBoosting_2
159,SI_ref_17,Alkali-modified SCG biochars,EE2,Synthetic,0.0890939833732563,0.25551033305718074,GradientBoosting,GradientBoosting_2
160,SI_ref_17,Alkali-modified SCG biochars,EE2,Synthetic,0.12434438865468556,0.3578916276826577,GradientBoosting,GradientBoosting_2
161,SI_ref_17,Alkali-modified SCG biochars,EE2,Synthetic,0.0719303611000807,0.24842013982625208,GradientBoosting,GradientBoosting_2
162,SI_ref_17,Alkali-modified SCG biochars,EE2,Synthetic,0.050886215526030655,0.3578916276826577,GradientBoosting,GradientBoosting_2
163,SI_ref_17,Alkali-modified SCG biochars,EE2,Synthetic,0.06892444951131721,0.24842013982625208,GradientBoosting,GradientBoosting_2
164,SI_ref_17,Alkali-modified SCG biochars,EE2,Synthetic,0.0402114435413677,0.3578916276826577,GradientBoosting,GradientBoosting_2
165,SI_ref_17,Alkali-modified SCG biochars,EE2,Synthetic,0.06161971981332274,0.24842013982625208,GradientBoosting,GradientBoosting_2
166,SI_ref_17,Alkali-modified SCG biochars,EE2,Synthetic,0.014122078362060976,0.3578916276826577,GradientBoosting,GradientBoosting_2
167,SI_ref_17,Alkali-modified SCG biochars,EE2,Synthetic,0.06227375203350968,0.24842013982625208,GradientBoosting,GradientBoosting_2
170,SI_ref_17,Alkali-modified SCG biochars,EE2,Synthetic,0.13791601981601773,0.3688855099325871,GradientBoosting,GradientBoosting_2
171,SI_ref_17,Alkali-modified SCG biochars,EE2,Synthetic,0.09051861058315946,0.2573555992168545,GradientBoosting,GradientBoosting_2
180,SI_ref_17,Alkali-modified SCG biochars,EE2,Synthetic,0.2279548813058391,0.2573555992168545,GradientBoosting,GradientBoosting_2
203,SI_ref_17,Alkali-modified SCG biochars,IBU,Synthetic,0.10913541523053398,0.22728909362427788,GradientBoosting,GradientBoosting_2
216,SI_ref_17,Alkali-modified SCG biochars,IBU,Synthetic,0.10107027265594352,0.2438483934866619,GradientBoosting,GradientBoosting_2
217,SI_ref_17,Alkali-modified SCG biochars,IBU,Synthetic,0.6889998443034063,0.37610663471877864,GradientBoosting,GradientBoosting_2
219,SI_ref_17,Alkali-modified SCG biochars,IBU,Synthetic,0.1184746430703935,0.37610663471877864,GradientBoosting,GradientBoosting_2
222,SI_ref_17,Alkali-modified SCG biochars,IBU,Synthetic,0.04374442489311713,0.2438483934866619,GradientBoosting,GradientBoosting_2
224,SI_ref_17,Alkali-modified SCG biochars,IBU,Synthetic,0.2945083196339574,0.2438483934866619,GradientBoosting,GradientBoosting_2
225,SI_ref_17,Alkali-modified SCG biochars,IBU,Synthetic,0.5901579894748284,0.37610663471877864,GradientBoosting,GradientBoosting_2
227,SI_ref_17,Alkali-modified SCG biochars,IBU,Synthetic,0.6910697148739985,0.37610663471877864,GradientBoosting,GradientBoosting_2
235,SI_ref_16,C-Biochar,ATE,Synthetic,0.8511111111111113,0.759566845044457,GradientBoosting,GradientBoosting_2
237,SI_ref_16,C-Biochar,ATE,Synthetic,0.8733333333333334,0.759566845044457,GradientBoosting,GradientBoosting_2
239,SI_ref_16,C-Biochar,ATE,Synthetic,0.6511111111111112,0.7350861216159912,GradientBoosting,GradientBoosting_2
241,SI_ref_16,C-Biochar,ATE,Synthetic,0.7774074074074075,0.759566845044457,GradientBoosting,GradientBoosting_2
247,SI_ref_16,C-Biochar,CBZ,Synthetic,0.44146825396825395,0.5435368209739329,GradientBoosting,GradientBoosting_2
249,SI_ref_16,C-Biochar,CBZ,Synthetic,0.4430976430976431,0.5690879356195371,GradientBoosting,GradientBoosting_2
253,SI_ref_16,C-Biochar,CBZ,Synthetic,0.4044973544973545,0.5690879356195371,GradientBoosting,GradientBoosting_2
255,SI_ref_16,C-Biochar,CBZ,Synthetic,0.46792328042328046,0.5446072121910712,GradientBoosting,GradientBoosting_2
257,SI_ref_16,C-Biochar,CBZ,Synthetic,0.46197089947089953,0.6228518822290994,GradientBoosting,GradientBoosting_2
273,SI_ref_16,C-Biochar,IBU,Synthetic,0.6000000000000001,0.6696883608101781,GradientBoosting,GradientBoosting_2
278,SI_ref_16,C-Biochar,IBU,Synthetic,0.8430555555555557,0.694169084238644,GradientBoosting,GradientBoosting_2
299,SI_ref_19,CB,IBU,Lake water,0.9811931645978613,0.9350766562027066,GradientBoosting,GradientBoosting_2
300,SI_ref_19,CB,IBU,Ground water,0.9595058090644278,0.9258379290748263,GradientBoosting,GradientBoosting_2
304,SI_ref_19,CB,IBU,Ground water,0.9323428884090048,0.9261038643358741,GradientBoosting,GradientBoosting_2
305,SI_ref_19,CB,IBU,Lake water,0.9442367850805692,0.9350766562027066,GradientBoosting,GradientBoosting_2
320,SI_ref_19,CB,IBU,Ground water,0.9303445651202417,0.9310322894336399,GradientBoosting,GradientBoosting_2
326,SI_ref_19,CB,IBU,Ground water,0.9318432124429017,0.9310322894336399,GradientBoosting,GradientBoosting_2
329,SI_ref_19,CB,IBU,Lake water,0.9296205387839244,0.9350766562027066,GradientBoosting,GradientBoosting_2
330,SI_ref_19,CB,IBU,Ground water,0.9174641264203113,0.9258379290748263,GradientBoosting,GradientBoosting_2
345,SI_ref_14,GCRB,ALA,Synthetic,0.9324051079932012,0.9517051590797245,GradientBoosting,GradientBoosting_2
348,SI_ref_14,GCRB,ALA,Synthetic,0.959711660682908,0.9646136588461046,GradientBoosting,GradientBoosting_2
374,SI_ref_14,GCRB,DIU,Synthetic,1.0082496176169822,0.929813984293041,GradientBoosting,GradientBoosting_2
376,SI_ref_14,GCRB,SIM,Synthetic,0.9862955626477844,0.9944139790572166,GradientBoosting,GradientBoosting_2
377,SI_ref_14,GCRB,SIM,Synthetic,0.9834030650434858,0.9827386358771754,GradientBoosting,GradientBoosting_2
378,SI_ref_14,GCRB,SIM,Synthetic,0.9809240251187635,0.9805884600826918,GradientBoosting,GradientBoosting_2
379,SI_ref_14,GCRB,SIM,Synthetic,0.977408497407208,0.9749180278447959,GradientBoosting,GradientBoosting_2
380,SI_ref_14,GCRB,SIM,Synthetic,0.9725866254178165,0.9667255975480231,GradientBoosting,GradientBoosting_2
381,SI_ref_14,GCRB,SIM,Synthetic,0.9707397150816074,0.9667255975480231,GradientBoosting,GradientBoosting_2
382,SI_ref_14,GCRB,SIM,Synthetic,0.9682512913168398,0.9667255975480231,GradientBoosting,GradientBoosting_2
383,SI_ref_14,GCRB,SIM,Synthetic,0.9596267727831934,0.930695437143084,GradientBoosting,GradientBoosting_2
393,SI_ref_14,GCRB,SIM,Synthetic,0.9681949882765674,0.9707145596138389,GradientBoosting,GradientBoosting_2
397,SI_ref_14,GCRB,SIM,Synthetic,0.9595581925458377,0.9707145596138389,GradientBoosting,GradientBoosting_2
410,SI_ref_14,GCRB-N,ALA,Synthetic,0.42098834230158483,0.4784945280697821,GradientBoosting,GradientBoosting_2
419,SI_ref_14,GCRB-N,ALA,Synthetic,0.3038540896584293,0.5167233487609719,GradientBoosting,GradientBoosting_2
428,SI_ref_14,GCRB-N,ALA,Synthetic,0.2941679236692388,0.5277626984174012,GradientBoosting,GradientBoosting_2
437,SI_ref_14,GCRB-N,ALA,Synthetic,0.299011006663834,0.5914966122747959,GradientBoosting,GradientBoosting_2
459,SI_ref_14,GCRB-N,DIU,Synthetic,0.6455190877003087,0.29167409747616185,GradientBoosting,GradientBoosting_2
468,SI_ref_14,GCRB-N,DIU,Synthetic,0.6564705601884918,0.3012280055577092,GradientBoosting,GradientBoosting_2
477,SI_ref_14,GCRB-N,DIU,Synthetic,0.6413243626564091,0.30256423416869094,GradientBoosting,GradientBoosting_2
480,SI_ref_14,GCRB-N,SIM,Synthetic,0.8709260833889569,0.6895362471052201,GradientBoosting,GradientBoosting_2
481,SI_ref_14,GCRB-N,SIM,Synthetic,0.7937886433454202,0.667996489059968,GradientBoosting,GradientBoosting_2
482,SI_ref_14,GCRB-N,SIM,Synthetic,0.7230251055630271,0.6449316374756986,GradientBoosting,GradientBoosting_2
483,SI_ref_14,GCRB-N,SIM,Synthetic,0.6451471952322713,0.5390845966052821,GradientBoosting,GradientBoosting_2
484,SI_ref_14,GCRB-N,SIM,Synthetic,0.579106572580609,0.526686965186649,GradientBoosting,GradientBoosting_2
485,SI_ref_14,GCRB-N,SIM,Synthetic,0.5461098630342859,0.526686965186649,GradientBoosting,GradientBoosting_2
486,SI_ref_14,GCRB-N,SIM,Synthetic,0.526458395826474,0.526686965186649,GradientBoosting,GradientBoosting_2
487,SI_ref_14,GCRB-N,SIM,Synthetic,0.44952651357619516,0.42955102397583195,GradientBoosting,GradientBoosting_2
493,SI_ref_14,GCRB-N,SIM,Synthetic,0.525804086252399,0.5244198679803554,GradientBoosting,GradientBoosting_2
502,SI_ref_14,GCRB-N,SIM,Synthetic,0.8453757948497886,0.5811269874882508,GradientBoosting,GradientBoosting_2
511,SI_ref_14,GCRB-N,SIM,Synthetic,0.8584308799035202,0.5886287477534251,GradientBoosting,GradientBoosting_2
520,SI_ref_14,GCRB-N,SIM,Synthetic,0.8519033373766544,0.5799951248390423,GradientBoosting,GradientBoosting_2
540,SI_ref_19,MCB,IBU,Lake water,0.9742126323294387,0.9090740978629264,GradientBoosting,GradientBoosting_2
541,SI_ref_19,MCB,IBU,Ground water,0.9483485035015843,0.8978041416644762,GradientBoosting,GradientBoosting_2
547,SI_ref_19,MCB,IBU,Ground water,0.9263512886233829,0.898070076925524,GradientBoosting,GradientBoosting_2
548,SI_ref_19,MCB,IBU,Lake water,0.9349728899053784,0.9090740978629264,GradientBoosting,GradientBoosting_2
565,SI_ref_19,MCB,IBU,Ground water,0.9254612605703445,0.9221532834137866,GradientBoosting,GradientBoosting_2
571,SI_ref_19,MCB,IBU,Ground water,0.927696260267614,0.9221532834137866,GradientBoosting,GradientBoosting_2
574,SI_ref_19,MCB,IBU,Lake water,0.9258585842402297,0.930703089290163,GradientBoosting,GradientBoosting_2
575,SI_ref_19,MCB,IBU,Ground water,0.9173366162788351,0.909022279870213,GradientBoosting,GradientBoosting_2
580,SI_ref_19,MCB,IBU,Lake water,0.974635205338439,0.9220762158813645,GradientBoosting,GradientBoosting_2
581,SI_ref_19,MCB,IBU,Ground water,0.95367292982704,0.9003954064614145,GradientBoosting,GradientBoosting_2
585,SI_ref_19,MCB,IBU,Ground water,0.925414707326754,0.9006613417224623,GradientBoosting,GradientBoosting_2
586,SI_ref_19,MCB,IBU,Lake water,0.9347814302861347,0.9220762158813645,GradientBoosting,GradientBoosting_2
595,SI_ref_19,MCB,IBU,Ground water,0.9248851497651674,0.9316681962449236,GradientBoosting,GradientBoosting_2
601,SI_ref_19,MCB,IBU,Ground water,0.9300914246503462,0.9316681962449236,GradientBoosting,GradientBoosting_2
604,SI_ref_19,MCB,IBU,Lake water,0.9282701343021136,0.9388835376812946,GradientBoosting,GradientBoosting_2
605,SI_ref_19,MCB,IBU,Ground water,0.9160948152334054,0.9172027282613446,GradientBoosting,GradientBoosting_2
610,SI_ref_19,MCB,IBU,Lake water,0.9716179138912365,0.9331155655377937,GradientBoosting,GradientBoosting_2
611,SI_ref_19,MCB,IBU,Ground water,0.9529992532644452,0.9114347561178437,GradientBoosting,GradientBoosting_2
615,SI_ref_19,MCB,IBU,Ground water,0.9284499518994666,0.9117006913788915,GradientBoosting,GradientBoosting_2
616,SI_ref_19,MCB,IBU,Lake water,0.935069554315652,0.9331155655377937,GradientBoosting,GradientBoosting_2
625,SI_ref_19,MCB,IBU,Ground water,0.9258221154816445,0.9332395149730449,GradientBoosting,GradientBoosting_2
631,SI_ref_19,MCB,IBU,Ground water,0.9296259863973036,0.9332395149730449,GradientBoosting,GradientBoosting_2
634,SI_ref_19,MCB,IBU,Lake water,0.9271225782160609,0.940454856409416,GradientBoosting,GradientBoosting_2
635,SI_ref_19,MCB,IBU,Ground water,0.9188076045934327,0.918774046989466,GradientBoosting,GradientBoosting_2
640,SI_ref_18,NaOH-activated SCW biochars,DCF,Secondary effluent,0.7547018161110076,0.5537129318820647,GradientBoosting,GradientBoosting_2
642,SI_ref_18,NaOH-activated SCW biochars,DCF,Secondary effluent,0.6981463000238689,0.5420375887020235,GradientBoosting,GradientBoosting_2
644,SI_ref_18,NaOH-activated SCW biochars,DCF,Secondary effluent,0.6293744945066856,0.5381493341689481,GradientBoosting,GradientBoosting_2
646,SI_ref_18,NaOH-activated SCW biochars,DCF,Secondary effluent,0.588788451165352,0.5275326650520812,GradientBoosting,GradientBoosting_2
648,SI_ref_18,NaOH-activated SCW biochars,DCF,Secondary effluent,0.5891686823750966,0.5230233719254995,GradientBoosting,GradientBoosting_2
650,SI_ref_18,NaOH-activated SCW biochars,DCF,Secondary effluent,0.5849511312086796,0.5230233719254995,GradientBoosting,GradientBoosting_2
652,SI_ref_18,NaOH-activated SCW biochars,DCF,Secondary effluent,0.5864672759838442,0.5230233719254995,GradientBoosting,GradientBoosting_2
655,SI_ref_18,NaOH-activated SCW biochars,DCF,Lake water,0.28283236606156975,0.5339042090922136,GradientBoosting,GradientBoosting_2
657,SI_ref_18,NaOH-activated SCW biochars,DCF,Lake water,0.4098052873550469,0.48457489790195096,GradientBoosting,GradientBoosting_2
662,SI_ref_18,NaOH-activated SCW biochars,DCF,Secondary effluent,0.600008865661574,0.531958831316102,GradientBoosting,GradientBoosting_2
668,SI_ref_18,NaOH-activated SCW biochars,DCF,Lake water,0.5638671837826676,0.5339042090922136,GradientBoosting,GradientBoosting_2
673,SI_ref_18,NaOH-activated SCW biochars,DCF,Lake water,0.5356816504619031,0.5339042090922136,GradientBoosting,GradientBoosting_2
679,SI_ref_18,NaOH-activated SCW biochars,DCF,Lake water,0.48550836273532816,0.5339042090922136,GradientBoosting,GradientBoosting_2
682,SI_ref_18,NaOH-activated SCW biochars,DCF,Secondary effluent,0.5965252581670849,0.531958831316102,GradientBoosting,GradientBoosting_2
688,SI_ref_18,NaOH-activated SCW biochars,DCF,Lake water,0.5703611171190489,0.5987112869239393,GradientBoosting,GradientBoosting_2
693,SI_ref_18,NaOH-activated SCW biochars,DCF,Secondary effluent,0.6557026735074662,0.531958831316102,GradientBoosting,GradientBoosting_2
694,SI_ref_18,NaOH-activated SCW biochars,DCF,Lake water,0.7297297292522416,0.5339042090922136,GradientBoosting,GradientBoosting_2
699,SI_ref_18,NaOH-activated SCW biochars,IBU,Secondary effluent,0.8098199350756726,0.5818751534060367,GradientBoosting,GradientBoosting_2
701,SI_ref_18,NaOH-activated SCW biochars,IBU,Secondary effluent,0.7485969905050348,0.5701998102259954,GradientBoosting,GradientBoosting_2
703,SI_ref_18,NaOH-activated SCW biochars,IBU,Secondary effluent,0.6850179499229786,0.56631155569292,GradientBoosting,GradientBoosting_2
705,SI_ref_18,NaOH-activated SCW biochars,IBU,Secondary effluent,0.6861011679416551,0.5556948865760531,GradientBoosting,GradientBoosting_2
707,SI_ref_18,NaOH-activated SCW biochars,IBU,Secondary effluent,0.6799185617433835,0.5511855934494715,GradientBoosting,GradientBoosting_2
709,SI_ref_18,NaOH-activated SCW biochars,IBU,Secondary effluent,0.6765813990931481,0.5511855934494715,GradientBoosting,GradientBoosting_2
711,SI_ref_18,NaOH-activated SCW biochars,IBU,Secondary effluent,0.6777803451607008,0.5511855934494715,GradientBoosting,GradientBoosting_2
712,SI_ref_18,NaOH-activated SCW biochars,IBU,Lake water,0.10371139816269948,0.5730890619633265,GradientBoosting,GradientBoosting_2
714,SI_ref_18,NaOH-activated SCW biochars,IBU,Lake water,0.46656560236114836,0.5730890619633265,GradientBoosting,GradientBoosting_2
721,SI_ref_18,NaOH-activated SCW biochars,IBU,Secondary effluent,0.675113405421536,0.560121052840074,GradientBoosting,GradientBoosting_2
730,SI_ref_18,NaOH-activated SCW biochars,IBU,Lake water,0.627404015064595,0.5730890619633265,GradientBoosting,GradientBoosting_2
738,SI_ref_18,NaOH-activated SCW biochars,IBU,Lake water,0.6298527247859258,0.5730890619633265,GradientBoosting,GradientBoosting_2
740,SI_ref_18,NaOH-activated SCW biochars,IBU,Lake water,0.5791171913994386,0.5730890619633265,GradientBoosting,GradientBoosting_2
747,SI_ref_18,NaOH-activated SCW biochars,IBU,Lake water,0.6846241766923425,0.6378961397950522,GradientBoosting,GradientBoosting_2
752,SI_ref_18,NaOH-activated SCW biochars,IBU,Secondary effluent,0.7252319435730717,0.560121052840074,GradientBoosting,GradientBoosting_2
758,SI_ref_18,NaOH-activated SCW biochars,NPX,Secondary effluent,0.5521972966156422,0.2066897479599086,GradientBoosting,GradientBoosting_2
760,SI_ref_18,NaOH-activated SCW biochars,NPX,Secondary effluent,0.4814245289032641,0.19501440477986723,GradientBoosting,GradientBoosting_2
762,SI_ref_18,NaOH-activated SCW biochars,NPX,Secondary effluent,0.34455951981715066,0.1911261502467918,GradientBoosting,GradientBoosting_2
764,SI_ref_18,NaOH-activated SCW biochars,NPX,Secondary effluent,0.2493517679350271,0.16148316938453292,GradientBoosting,GradientBoosting_2
766,SI_ref_18,NaOH-activated SCW biochars,NPX,Secondary effluent,0.16764900163614713,0.1349573965901868,GradientBoosting,GradientBoosting_2
768,SI_ref_18,NaOH-activated SCW biochars,NPX,Secondary effluent,0.12846350911521487,0.1349573965901868,GradientBoosting,GradientBoosting_2
770,SI_ref_18,NaOH-activated SCW biochars,NPX,Secondary effluent,0.12873702561203082,0.1349573965901868,GradientBoosting,GradientBoosting_2
771,SI_ref_18,NaOH-activated SCW biochars,NPX,Lake water,0.03570310331741743,0.13877961479613862,GradientBoosting,GradientBoosting_2
780,SI_ref_18,NaOH-activated SCW biochars,NPX,Secondary effluent,0.11864589305153721,0.14389285598078913,GradientBoosting,GradientBoosting_2
781,SI_ref_18,NaOH-activated SCW biochars,NPX,Lake water,0.04234525136924403,0.13877961479613862,GradientBoosting,GradientBoosting_2
791,SI_ref_18,NaOH-activated SCW biochars,NPX,Lake water,0.05751855059175114,0.13499798687790632,GradientBoosting,GradientBoosting_2
795,SI_ref_18,NaOH-activated SCW biochars,NPX,Lake water,0.1386164882936624,0.1986844072943247,GradientBoosting,GradientBoosting_2
859,SI_ref_13,PB600,CBZ,Synthetic,0.4773489932885906,0.4997731327966403,GradientBoosting,GradientBoosting_2
892,SI_ref_13,PB600,IBU,Synthetic,0.8533052267445003,0.5561896836241539,GradientBoosting,GradientBoosting_2
906,SI_ref_13,PB800,CBZ,Synthetic,0.16135346756152125,0.24629360144613996,GradientBoosting,GradientBoosting_2
939,SI_ref_13,PB800,IBU,Synthetic,0.5875275377054737,0.37116130349596504,GradientBoosting,GradientBoosting_2
959,SI_ref_15,PSB,CAR,Synthetic,0.898502105289309,0.9238872748811615,GradientBoosting,GradientBoosting_2
963,SI_ref_15,PSB,CAR,Synthetic,0.8690891098845278,0.9238872748811615,GradientBoosting,GradientBoosting_2
976,SI_ref_15,PSB,PYR,Synthetic,0.9599614728522631,0.9327532825276621,GradientBoosting,GradientBoosting_2
980,SI_ref_15,PSB,PYR,Synthetic,0.8739092070679689,0.9327532825276621,GradientBoosting,GradientBoosting_2
982,SI_ref_15,PSB,PYR,Synthetic,0.8750456231185068,0.9327532825276621,GradientBoosting,GradientBoosting_2
983,SI_ref_15,PSB,PYR,Synthetic,0.950707773566655,0.9327532825276621,GradientBoosting,GradientBoosting_2
1000,SI_ref_15,PSB,TEB,Synthetic,0.8714762044822667,0.9313788088591317,GradientBoosting,GradientBoosting_2
1001,SI_ref_15,PSB,TEB,Synthetic,0.8650362109004135,0.9313788088591317,GradientBoosting,GradientBoosting_2
1020,SI_ref_15,PSBOX-A,CAR,Synthetic,0.024826351018054676,0.12981605813957958,GradientBoosting,GradientBoosting_2
1024,SI_ref_15,PSBOX-A,CAR,Synthetic,0.013386578068051812,0.12981605813957958,GradientBoosting,GradientBoosting_2
1039,SI_ref_15,PSBOX-A,PYR,Synthetic,0.10520884210859399,0.2836771976850412,GradientBoosting,GradientBoosting_2
1041,SI_ref_15,PSBOX-A,PYR,Synthetic,0.5321591562240328,0.2810518829263293,GradientBoosting,GradientBoosting_2
1045,SI_ref_15,PSBOX-A,PYR,Synthetic,0.07450853175519283,0.2836771976850412,GradientBoosting,GradientBoosting_2
1047,SI_ref_15,PSBOX-A,PYR,Synthetic,0.07530521810797475,0.2836771976850412,GradientBoosting,GradientBoosting_2
1048,SI_ref_15,PSBOX-A,PYR,Synthetic,0.1335562050140622,0.2836771976850412,GradientBoosting,GradientBoosting_2
1065,SI_ref_15,PSBOX-A,TEB,Synthetic,0.5160089507499187,0.2341263010548824,GradientBoosting,GradientBoosting_2
1070,SI_ref_15,PSBOX-A,TEB,Synthetic,0.04527670142322688,0.23675161581359422,GradientBoosting,GradientBoosting_2
1071,SI_ref_15,PSBOX-A,TEB,Synthetic,0.04243318293660387,0.23675161581359422,GradientBoosting,GradientBoosting_2
1095,SI_ref_17,Pristine SCG biochar,CBZ,Synthetic,0.9071706166070994,0.9047999537702592,GradientBoosting,GradientBoosting_2
1104,SI_ref_17,Pristine SCG biochar,CBZ,Synthetic,0.8748284470323213,0.9080774158239691,GradientBoosting,GradientBoosting_2
1108,SI_ref_17,Pristine SCG biochar,CBZ,Synthetic,0.8967497590877974,0.9022550552292986,GradientBoosting,GradientBoosting_2
1112,SI_ref_17,Pristine SCG biochar,CBZ,Synthetic,0.8867934815653573,0.9022550552292986,GradientBoosting,GradientBoosting_2
1115,SI_ref_17,Pristine SCG biochar,CBZ,Synthetic,0.925161257978969,0.9047999537702592,GradientBoosting,GradientBoosting_2
1116,SI_ref_17,Pristine SCG biochar,EE2,Synthetic,0.9879675366998732,0.9408357951336371,GradientBoosting,GradientBoosting_2
1117,SI_ref_17,Pristine SCG biochar,EE2,Synthetic,0.9630524728687239,0.9051973736556022,GradientBoosting,GradientBoosting_2
1118,SI_ref_17,Pristine SCG biochar,EE2,Synthetic,0.9308917481943695,0.9291604519535959,GradientBoosting,GradientBoosting_2
1119,SI_ref_17,Pristine SCG biochar,EE2,Synthetic,0.9610835485312063,0.8935220304755609,GradientBoosting,GradientBoosting_2
1120,SI_ref_17,Pristine SCG biochar,EE2,Synthetic,0.8890050918282607,0.9060036411227547,GradientBoosting,GradientBoosting_2
1121,SI_ref_17,Pristine SCG biochar,EE2,Synthetic,0.9527872619203276,0.8892724198934674,GradientBoosting,GradientBoosting_2
1122,SI_ref_17,Pristine SCG biochar,EE2,Synthetic,0.8965951913819401,0.8854718387888324,GradientBoosting,GradientBoosting_2
1123,SI_ref_17,Pristine SCG biochar,EE2,Synthetic,0.9558259103687238,0.8794501655800758,GradientBoosting,GradientBoosting_2
1124,SI_ref_17,Pristine SCG biochar,EE2,Synthetic,0.8793895099735648,0.8854718387888324,GradientBoosting,GradientBoosting_2
1125,SI_ref_17,Pristine SCG biochar,EE2,Synthetic,0.9519368217180961,0.8794501655800758,GradientBoosting,GradientBoosting_2
1126,SI_ref_17,Pristine SCG biochar,EE2,Synthetic,0.8770554520720774,0.8854718387888324,GradientBoosting,GradientBoosting_2
1127,SI_ref_17,Pristine SCG biochar,EE2,Synthetic,0.9377852461427824,0.8794501655800758,GradientBoosting,GradientBoosting_2
1128,SI_ref_17,Pristine SCG biochar,EE2,Synthetic,0.8833014060151289,0.8854718387888324,GradientBoosting,GradientBoosting_2
1129,SI_ref_17,Pristine SCG biochar,EE2,Synthetic,0.9348668633411785,0.8794501655800758,GradientBoosting,GradientBoosting_2
1132,SI_ref_17,Pristine SCG biochar,EE2,Synthetic,0.8374361704672763,0.8777628798651451,GradientBoosting,GradientBoosting_2
1133,SI_ref_17,Pristine SCG biochar,EE2,Synthetic,0.8609155049620831,0.8834391276458916,GradientBoosting,GradientBoosting_2
1137,SI_ref_17,Pristine SCG biochar,EE2,Synthetic,0.8257334628724249,0.8834391276458916,GradientBoosting,GradientBoosting_2
1147,SI_ref_17,Pristine SCG biochar,EE2,Synthetic,0.8965862728271835,0.8834391276458916,GradientBoosting,GradientBoosting_2
1170,SI_ref_17,Pristine SCG biochar,IBU,Synthetic,0.7820004901373623,0.8499897143575066,GradientBoosting,GradientBoosting_2
1183,SI_ref_17,Pristine SCG biochar,IBU,Synthetic,0.9114748664800524,0.9201722625021955,GradientBoosting,GradientBoosting_2
1184,SI_ref_17,Pristine SCG biochar,IBU,Synthetic,0.9484982246288517,0.9195774884317275,GradientBoosting,GradientBoosting_2
1186,SI_ref_17,Pristine SCG biochar,IBU,Synthetic,0.893754721851682,0.913755127837057,GradientBoosting,GradientBoosting_2
1189,SI_ref_17,Pristine SCG biochar,IBU,Synthetic,0.9210277046979152,0.9201722625021955,GradientBoosting,GradientBoosting_2
1191,SI_ref_17,Pristine SCG biochar,IBU,Synthetic,0.9513456586569363,0.9201722625021955,GradientBoosting,GradientBoosting_2
1192,SI_ref_17,Pristine SCG biochar,IBU,Synthetic,0.9226237248225028,0.913755127837057,GradientBoosting,GradientBoosting_2
1194,SI_ref_17,Pristine SCG biochar,IBU,Synthetic,0.8857728699803085,0.913755127837057,GradientBoosting,GradientBoosting_2
1199,SI_ref_18,Pristine SCW Biochar,DCF,Secondary effluent,0.918928852227115,0.9411875074045501,GradientBoosting,GradientBoosting_2
1201,SI_ref_18,Pristine SCW Biochar,DCF,Secondary effluent,0.9102784904019702,0.9295121642245089,GradientBoosting,GradientBoosting_2
1203,SI_ref_18,Pristine SCW Biochar,DCF,Secondary effluent,0.9056826438576806,0.9264384953171895,GradientBoosting,GradientBoosting_2
1205,SI_ref_18,Pristine SCW Biochar,DCF,Secondary effluent,0.9047459643543814,0.9207680630792935,GradientBoosting,GradientBoosting_2
1207,SI_ref_18,Pristine SCW Biochar,DCF,Secondary effluent,0.9046272834515193,0.9154402993290238,GradientBoosting,GradientBoosting_2
1209,SI_ref_18,Pristine SCW Biochar,DCF,Secondary effluent,0.9011959807369067,0.9154402993290238,GradientBoosting,GradientBoosting_2
1211,SI_ref_18,Pristine SCW Biochar,DCF,Secondary effluent,0.9001936082465184,0.9154402993290238,GradientBoosting,GradientBoosting_2
1214,SI_ref_18,Pristine SCW Biochar,DCF,Lake water,0.9077130214504949,0.9078417331557967,GradientBoosting,GradientBoosting_2
1219,SI_ref_18,Pristine SCW Biochar,DCF,Secondary effluent,0.9048873911798646,0.9194292613948396,GradientBoosting,GradientBoosting_2
1225,SI_ref_18,Pristine SCW Biochar,DCF,Lake water,0.9209005359691885,0.9216548717846776,GradientBoosting,GradientBoosting_2
1230,SI_ref_18,Pristine SCW Biochar,DCF,Lake water,0.9255037841040696,0.9216548717846776,GradientBoosting,GradientBoosting_2
1236,SI_ref_18,Pristine SCW Biochar,DCF,Lake water,0.9092724465153025,0.9216548717846776,GradientBoosting,GradientBoosting_2
1239,SI_ref_18,Pristine SCW Biochar,DCF,Secondary effluent,0.9186059768996898,0.9194292613948396,GradientBoosting,GradientBoosting_2
1245,SI_ref_18,Pristine SCW Biochar,DCF,Lake water,0.926603142736896,0.9345633715510577,GradientBoosting,GradientBoosting_2
1249,SI_ref_18,Pristine SCW Biochar,DCF,Secondary effluent,0.9174019043807426,0.9194292613948396,GradientBoosting,GradientBoosting_2
1254,SI_ref_18,Pristine SCW Biochar,IBU,Secondary effluent,0.9156726978407875,0.9411875074045501,GradientBoosting,GradientBoosting_2
1256,SI_ref_18,Pristine SCW Biochar,IBU,Secondary effluent,0.9079673942368781,0.9295121642245089,GradientBoosting,GradientBoosting_2
1258,SI_ref_18,Pristine SCW Biochar,IBU,Secondary effluent,0.9043236251446873,0.9264384953171895,GradientBoosting,GradientBoosting_2
1260,SI_ref_18,Pristine SCW Biochar,IBU,Secondary effluent,0.9020547983951682,0.9207680630792935,GradientBoosting,GradientBoosting_2
1262,SI_ref_18,Pristine SCW Biochar,IBU,Secondary effluent,0.9004882379050155,0.9154402993290238,GradientBoosting,GradientBoosting_2
1264,SI_ref_18,Pristine SCW Biochar,IBU,Secondary effluent,0.897458530238549,0.9154402993290238,GradientBoosting,GradientBoosting_2
1266,SI_ref_18,Pristine SCW Biochar,IBU,Secondary effluent,0.8973424975849196,0.9154402993290238,GradientBoosting,GradientBoosting_2
1274,SI_ref_18,Pristine SCW Biochar,IBU,Secondary effluent,0.8992057856547054,0.9194292613948396,GradientBoosting,GradientBoosting_2
1283,SI_ref_18,Pristine SCW Biochar,IBU,Lake water,0.9158900362354069,0.925291676420416,GradientBoosting,GradientBoosting_2
1291,SI_ref_18,Pristine SCW Biochar,IBU,Lake water,0.9068652159539504,0.925291676420416,GradientBoosting,GradientBoosting_2
1293,SI_ref_18,Pristine SCW Biochar,IBU,Lake water,0.9067682424855283,0.925291676420416,GradientBoosting,GradientBoosting_2
1300,SI_ref_18,Pristine SCW Biochar,IBU,Lake water,0.9277221749920567,0.9382001761867961,GradientBoosting,GradientBoosting_2
1304,SI_ref_18,Pristine SCW Biochar,IBU,Secondary effluent,0.911352956646831,0.9194292613948396,GradientBoosting,GradientBoosting_2
1309,SI_ref_18,Pristine SCW Biochar,NPX,Secondary effluent,0.9276600601799115,0.9122609651603505,GradientBoosting,GradientBoosting_2
1311,SI_ref_18,Pristine SCW Biochar,NPX,Secondary effluent,0.9217275625657669,0.9005856219803091,GradientBoosting,GradientBoosting_2
1313,SI_ref_18,Pristine SCW Biochar,NPX,Secondary effluent,0.9151672500810683,0.8975119530729897,GradientBoosting,GradientBoosting_2
1315,SI_ref_18,Pristine SCW Biochar,NPX,Secondary effluent,0.914870212237198,0.8928675568586307,GradientBoosting,GradientBoosting_2
1317,SI_ref_18,Pristine SCW Biochar,NPX,Secondary effluent,0.9125118045566373,0.8875397931083612,GradientBoosting,GradientBoosting_2
1319,SI_ref_18,Pristine SCW Biochar,NPX,Secondary effluent,0.9122370962869346,0.8875397931083612,GradientBoosting,GradientBoosting_2
1321,SI_ref_18,Pristine SCW Biochar,NPX,Secondary effluent,0.9100475600528815,0.8875397931083612,GradientBoosting,GradientBoosting_2
1329,SI_ref_18,Pristine SCW Biochar,NPX,Secondary effluent,0.910898633301941,0.891528755174177,GradientBoosting,GradientBoosting_2
1330,SI_ref_18,Pristine SCW Biochar,NPX,Lake water,0.9241969522882365,0.896386324213516,GradientBoosting,GradientBoosting_2
1340,SI_ref_18,Pristine SCW Biochar,NPX,Lake water,0.9210401821004949,0.8961203889524683,GradientBoosting,GradientBoosting_2
1344,SI_ref_18,Pristine SCW Biochar,NPX,Lake water,0.9309313456555985,0.9112904584126753,GradientBoosting,GradientBoosting_2
19,SI_ref_19,AMCB,IBU,Lake water,0.12160249298048154,0.29174334320020967,HistGradientBoosting,HistGradientBoosting_1
20,SI_ref_19,AMCB,IBU,Ground water,0.0023766372681587895,0.1933883138978141,HistGradientBoosting,HistGradientBoosting_1
26,SI_ref_19,AMCB,IBU,Ground water,0.1894672613641715,0.22188388891779892,HistGradientBoosting,HistGradientBoosting_1
27,SI_ref_19,AMCB,IBU,Lake water,0.343266669603983,0.32016475088165325,HistGradientBoosting,HistGradientBoosting_1
36,SI_ref_19,AMCB,IBU,Ground water,0.41496556078686897,0.33216398507660955,HistGradientBoosting,HistGradientBoosting_1
42,SI_ref_19,AMCB,IBU,Ground water,0.5182383095521604,0.3266716747487825,HistGradientBoosting,HistGradientBoosting_1
45,SI_ref_19,AMCB,IBU,Lake water,0.5439346954470261,0.44647163956384367,HistGradientBoosting,HistGradientBoosting_1
46,SI_ref_19,AMCB,IBU,Ground water,0.48210720700720494,0.3310930203851743,HistGradientBoosting,HistGradientBoosting_1
51,SI_ref_19,AMCB,IBU,Lake water,0.0829192384873889,0.3454252177222495,HistGradientBoosting,HistGradientBoosting_1
52,SI_ref_19,AMCB,IBU,Ground water,0.003531050071646246,0.2274355211119446,HistGradientBoosting,HistGradientBoosting_1
56,SI_ref_19,AMCB,IBU,Ground water,0.17260220522445793,0.23294983288277404,HistGradientBoosting,HistGradientBoosting_1
57,SI_ref_19,AMCB,IBU,Lake water,0.2799685707152232,0.3454252177222495,HistGradientBoosting,HistGradientBoosting_1
66,SI_ref_19,AMCB,IBU,Ground water,0.4885549946229274,0.3296503284526103,HistGradientBoosting,HistGradientBoosting_1
72,SI_ref_19,AMCB,IBU,Ground water,0.5107350299703324,0.3296503284526103,HistGradientBoosting,HistGradientBoosting_1
75,SI_ref_19,AMCB,IBU,Lake water,0.539673236909249,0.45714373545696835,HistGradientBoosting,HistGradientBoosting_1
76,SI_ref_19,AMCB,IBU,Ground water,0.4945842701164504,0.34189966329712185,HistGradientBoosting,HistGradientBoosting_1
81,SI_ref_19,AMCB,IBU,Lake water,0.11734271672387758,0.3135808924582813,HistGradientBoosting,HistGradientBoosting_1
82,SI_ref_19,AMCB,IBU,Ground water,0.0,0.1983368202984349,HistGradientBoosting,HistGradientBoosting_1
86,SI_ref_19,AMCB,IBU,Ground water,0.16952726930244136,0.20060514887386932,HistGradientBoosting,HistGradientBoosting_1
87,SI_ref_19,AMCB,IBU,Lake water,0.245380335735257,0.3135808924582813,HistGradientBoosting,HistGradientBoosting_1
96,SI_ref_19,AMCB,IBU,Ground water,0.45590621693388655,0.3765441439592906,HistGradientBoosting,HistGradientBoosting_1
110,SI_ref_19,AMCB,IBU,Ground water,0.5205305455205957,0.37625953092587855,HistGradientBoosting,HistGradientBoosting_1
113,SI_ref_19,AMCB,IBU,Lake water,0.5570792394486925,0.4742245105350041,HistGradientBoosting,HistGradientBoosting_1
114,SI_ref_19,AMCB,IBU,Ground water,0.48301499525722014,0.37920582275244674,HistGradientBoosting,HistGradientBoosting_1
134,SI_ref_17,Alkali-modified SCG biochars,CBZ,Synthetic,0.00635796336582959,0.1440509212440373,HistGradientBoosting,HistGradientBoosting_1
143,SI_ref_17,Alkali-modified SCG biochars,CBZ,Synthetic,0.12158111194827703,0.35330690163660644,HistGradientBoosting,HistGradientBoosting_1
146,SI_ref_17,Alkali-modified SCG biochars,CBZ,Synthetic,0.6777397154224275,0.3508108637673313,HistGradientBoosting,HistGradientBoosting_1
150,SI_ref_17,Alkali-modified SCG biochars,CBZ,Synthetic,0.8144073973371778,0.3508108637673313,HistGradientBoosting,HistGradientBoosting_1
153,SI_ref_17,Alkali-modified SCG biochars,CBZ,Synthetic,0.5612135486607656,0.1440509212440373,HistGradientBoosting,HistGradientBoosting_1
154,SI_ref_17,Alkali-modified SCG biochars,EE2,Synthetic,0.32691906294512396,0.6191792688464544,HistGradientBoosting,HistGradientBoosting_1
155,SI_ref_17,Alkali-modified SCG biochars,EE2,Synthetic,0.281684429186895,0.5224746414171031,HistGradientBoosting,HistGradientBoosting_1
156,SI_ref_17,Alkali-modified SCG biochars,EE2,Synthetic,0.2985885901242538,0.5913847592224767,HistGradientBoosting,HistGradientBoosting_1
157,SI_ref_17,Alkali-modified SCG biochars,EE2,Synthetic,0.1736546812353491,0.48785934322849844,HistGradientBoosting,HistGradientBoosting_1
158,SI_ref_17,Alkali-modified SCG biochars,EE2,Synthetic,0.08297647774499996,0.4628530310908809,HistGradientBoosting,HistGradientBoosting_1
159,SI_ref_17,Alkali-modified SCG biochars,EE2,Synthetic,0.0890939833732563,0.2644342342068785,HistGradientBoosting,HistGradientBoosting_1
160,SI_ref_17,Alkali-modified SCG biochars,EE2,Synthetic,0.12434438865468556,0.40324476711683915,HistGradientBoosting,HistGradientBoosting_1
161,SI_ref_17,Alkali-modified SCG biochars,EE2,Synthetic,0.0719303611000807,0.19714839744970022,HistGradientBoosting,HistGradientBoosting_1
162,SI_ref_17,Alkali-modified SCG biochars,EE2,Synthetic,0.050886215526030655,0.38622408472071185,HistGradientBoosting,HistGradientBoosting_1
163,SI_ref_17,Alkali-modified SCG biochars,EE2,Synthetic,0.06892444951131721,0.1754113270187653,HistGradientBoosting,HistGradientBoosting_1
164,SI_ref_17,Alkali-modified SCG biochars,EE2,Synthetic,0.0402114435413677,0.3824001645236858,HistGradientBoosting,HistGradientBoosting_1
165,SI_ref_17,Alkali-modified SCG biochars,EE2,Synthetic,0.06161971981332274,0.1754113270187653,HistGradientBoosting,HistGradientBoosting_1
166,SI_ref_17,Alkali-modified SCG biochars,EE2,Synthetic,0.014122078362060976,0.37751585675657634,HistGradientBoosting,HistGradientBoosting_1
167,SI_ref_17,Alkali-modified SCG biochars,EE2,Synthetic,0.06227375203350968,0.1754113270187653,HistGradientBoosting,HistGradientBoosting_1
170,SI_ref_17,Alkali-modified SCG biochars,EE2,Synthetic,0.13791601981601773,0.4154932899365697,HistGradientBoosting,HistGradientBoosting_1
171,SI_ref_17,Alkali-modified SCG biochars,EE2,Synthetic,0.09051861058315946,0.27741221546066586,HistGradientBoosting,HistGradientBoosting_1
180,SI_ref_17,Alkali-modified SCG biochars,EE2,Synthetic,0.2279548813058391,0.27741221546066586,HistGradientBoosting,HistGradientBoosting_1
203,SI_ref_17,Alkali-modified SCG biochars,IBU,Synthetic,0.10913541523053398,0.3221782869386952,HistGradientBoosting,HistGradientBoosting_1
216,SI_ref_17,Alkali-modified SCG biochars,IBU,Synthetic,0.10107027265594352,0.16674928805081868,HistGradientBoosting,HistGradientBoosting_1
217,SI_ref_17,Alkali-modified SCG biochars,IBU,Synthetic,0.6889998443034063,0.41165119564575886,HistGradientBoosting,HistGradientBoosting_1
219,SI_ref_17,Alkali-modified SCG biochars,IBU,Synthetic,0.1184746430703935,0.40083035928850724,HistGradientBoosting,HistGradientBoosting_1
222,SI_ref_17,Alkali-modified SCG biochars,IBU,Synthetic,0.04374442489311713,0.16674928805081868,HistGradientBoosting,HistGradientBoosting_1
224,SI_ref_17,Alkali-modified SCG biochars,IBU,Synthetic,0.2945083196339574,0.16674928805081868,HistGradientBoosting,HistGradientBoosting_1
225,SI_ref_17,Alkali-modified SCG biochars,IBU,Synthetic,0.5901579894748284,0.40083035928850724,HistGradientBoosting,HistGradientBoosting_1
227,SI_ref_17,Alkali-modified SCG biochars,IBU,Synthetic,0.6910697148739985,0.40083035928850724,HistGradientBoosting,HistGradientBoosting_1
235,SI_ref_16,C-Biochar,ATE,Synthetic,0.8511111111111113,0.7741693026027167,HistGradientBoosting,HistGradientBoosting_1
237,SI_ref_16,C-Biochar,ATE,Synthetic,0.8733333333333334,0.7741693026027167,HistGradientBoosting,HistGradientBoosting_1
239,SI_ref_16,C-Biochar,ATE,Synthetic,0.6511111111111112,0.7488867012131517,HistGradientBoosting,HistGradientBoosting_1
241,SI_ref_16,C-Biochar,ATE,Synthetic,0.7774074074074075,0.7741693026027167,HistGradientBoosting,HistGradientBoosting_1
247,SI_ref_16,C-Biochar,CBZ,Synthetic,0.44146825396825395,0.5771664924469354,HistGradientBoosting,HistGradientBoosting_1
249,SI_ref_16,C-Biochar,CBZ,Synthetic,0.4430976430976431,0.5902100403958974,HistGradientBoosting,HistGradientBoosting_1
253,SI_ref_16,C-Biochar,CBZ,Synthetic,0.4044973544973545,0.5902100403958974,HistGradientBoosting,HistGradientBoosting_1
255,SI_ref_16,C-Biochar,CBZ,Synthetic,0.46792328042328046,0.5698608876401045,HistGradientBoosting,HistGradientBoosting_1
257,SI_ref_16,C-Biochar,CBZ,Synthetic,0.46197089947089953,0.6293793232221906,HistGradientBoosting,HistGradientBoosting_1
273,SI_ref_16,C-Biochar,IBU,Synthetic,0.6000000000000001,0.6491502020566682,HistGradientBoosting,HistGradientBoosting_1
278,SI_ref_16,C-Biochar,IBU,Synthetic,0.8430555555555557,0.6644652803791047,HistGradientBoosting,HistGradientBoosting_1
299,SI_ref_19,CB,IBU,Lake water,0.9811931645978613,0.9250657535604042,HistGradientBoosting,HistGradientBoosting_1
300,SI_ref_19,CB,IBU,Ground water,0.9595058090644278,0.9276721417756223,HistGradientBoosting,HistGradientBoosting_1
304,SI_ref_19,CB,IBU,Ground water,0.9323428884090048,0.9237856362244429,HistGradientBoosting,HistGradientBoosting_1
305,SI_ref_19,CB,IBU,Lake water,0.9442367850805692,0.9250657535604042,HistGradientBoosting,HistGradientBoosting_1
320,SI_ref_19,CB,IBU,Ground water,0.9303445651202417,0.952229833643226,HistGradientBoosting,HistGradientBoosting_1
326,SI_ref_19,CB,IBU,Ground water,0.9318432124429017,0.952229833643226,HistGradientBoosting,HistGradientBoosting_1
329,SI_ref_19,CB,IBU,Lake water,0.9296205387839244,0.9250657535604042,HistGradientBoosting,HistGradientBoosting_1
330,SI_ref_19,CB,IBU,Ground water,0.9174641264203113,0.9276721417756223,HistGradientBoosting,HistGradientBoosting_1
345,SI_ref_14,GCRB,ALA,Synthetic,0.9324051079932012,0.9517390459903792,HistGradientBoosting,HistGradientBoosting_1
348,SI_ref_14,GCRB,ALA,Synthetic,0.959711660682908,0.9453737623823028,HistGradientBoosting,HistGradientBoosting_1
374,SI_ref_14,GCRB,DIU,Synthetic,1.0082496176169822,0.9487250512154647,HistGradientBoosting,HistGradientBoosting_1
376,SI_ref_14,GCRB,SIM,Synthetic,0.9862955626477844,1.0037289853277438,HistGradientBoosting,HistGradientBoosting_1
377,SI_ref_14,GCRB,SIM,Synthetic,0.9834030650434858,0.9859296245632893,HistGradientBoosting,HistGradientBoosting_1
378,SI_ref_14,GCRB,SIM,Synthetic,0.9809240251187635,0.9786735331770015,HistGradientBoosting,HistGradientBoosting_1
379,SI_ref_14,GCRB,SIM,Synthetic,0.977408497407208,0.9742573653018355,HistGradientBoosting,HistGradientBoosting_1
380,SI_ref_14,GCRB,SIM,Synthetic,0.9725866254178165,0.9637688473348108,HistGradientBoosting,HistGradientBoosting_1
381,SI_ref_14,GCRB,SIM,Synthetic,0.9707397150816074,0.9632883439109121,HistGradientBoosting,HistGradientBoosting_1
382,SI_ref_14,GCRB,SIM,Synthetic,0.9682512913168398,0.9632883439109121,HistGradientBoosting,HistGradientBoosting_1
383,SI_ref_14,GCRB,SIM,Synthetic,0.9596267727831934,0.8969700637220893,HistGradientBoosting,HistGradientBoosting_1
393,SI_ref_14,GCRB,SIM,Synthetic,0.9681949882765674,0.966102396726016,HistGradientBoosting,HistGradientBoosting_1
397,SI_ref_14,GCRB,SIM,Synthetic,0.9595581925458377,0.966102396726016,HistGradientBoosting,HistGradientBoosting_1
410,SI_ref_14,GCRB-N,ALA,Synthetic,0.42098834230158483,0.4494205069774444,HistGradientBoosting,HistGradientBoosting_1
419,SI_ref_14,GCRB-N,ALA,Synthetic,0.3038540896584293,0.5166142114355201,HistGradientBoosting,HistGradientBoosting_1
428,SI_ref_14,GCRB-N,ALA,Synthetic,0.2941679236692388,0.52188528082344,HistGradientBoosting,HistGradientBoosting_1
437,SI_ref_14,GCRB-N,ALA,Synthetic,0.299011006663834,0.576307486478668,HistGradientBoosting,HistGradientBoosting_1
459,SI_ref_14,GCRB-N,DIU,Synthetic,0.6455190877003087,0.29406610886369433,HistGradientBoosting,HistGradientBoosting_1
468,SI_ref_14,GCRB-N,DIU,Synthetic,0.6564705601884918,0.30657577433329497,HistGradientBoosting,HistGradientBoosting_1
477,SI_ref_14,GCRB-N,DIU,Synthetic,0.6413243626564091,0.3178658777887916,HistGradientBoosting,HistGradientBoosting_1
480,SI_ref_14,GCRB-N,SIM,Synthetic,0.8709260833889569,0.8067813250046785,HistGradientBoosting,HistGradientBoosting_1
481,SI_ref_14,GCRB-N,SIM,Synthetic,0.7937886433454202,0.7726690415438321,HistGradientBoosting,HistGradientBoosting_1
482,SI_ref_14,GCRB-N,SIM,Synthetic,0.7230251055630271,0.7340202519671162,HistGradientBoosting,HistGradientBoosting_1
483,SI_ref_14,GCRB-N,SIM,Synthetic,0.6451471952322713,0.6832966898922516,HistGradientBoosting,HistGradientBoosting_1
484,SI_ref_14,GCRB-N,SIM,Synthetic,0.579106572580609,0.6125899683181163,HistGradientBoosting,HistGradientBoosting_1
485,SI_ref_14,GCRB-N,SIM,Synthetic,0.5461098630342859,0.5832411820495661,HistGradientBoosting,HistGradientBoosting_1
486,SI_ref_14,GCRB-N,SIM,Synthetic,0.526458395826474,0.5533611602155062,HistGradientBoosting,HistGradientBoosting_1
487,SI_ref_14,GCRB-N,SIM,Synthetic,0.44952651357619516,0.46880972174092495,HistGradientBoosting,HistGradientBoosting_1
493,SI_ref_14,GCRB-N,SIM,Synthetic,0.525804086252399,0.5364478413753793,HistGradientBoosting,HistGradientBoosting_1
502,SI_ref_14,GCRB-N,SIM,Synthetic,0.8453757948497886,0.5800467045584687,HistGradientBoosting,HistGradientBoosting_1
511,SI_ref_14,GCRB-N,SIM,Synthetic,0.8584308799035202,0.5876929213678095,HistGradientBoosting,HistGradientBoosting_1
520,SI_ref_14,GCRB-N,SIM,Synthetic,0.8519033373766544,0.6025566277577479,HistGradientBoosting,HistGradientBoosting_1
540,SI_ref_19,MCB,IBU,Lake water,0.9742126323294387,0.9142471179039433,HistGradientBoosting,HistGradientBoosting_1
541,SI_ref_19,MCB,IBU,Ground water,0.9483485035015843,0.9054121403441906,HistGradientBoosting,HistGradientBoosting_1
547,SI_ref_19,MCB,IBU,Ground water,0.9263512886233829,0.9203791595884635,HistGradientBoosting,HistGradientBoosting_1
548,SI_ref_19,MCB,IBU,Lake water,0.9349728899053784,0.9216592769244248,HistGradientBoosting,HistGradientBoosting_1
565,SI_ref_19,MCB,IBU,Ground water,0.9254612605703445,0.9573414553828495,HistGradientBoosting,HistGradientBoosting_1
571,SI_ref_19,MCB,IBU,Ground water,0.927696260267614,0.9626222389536814,HistGradientBoosting,HistGradientBoosting_1
574,SI_ref_19,MCB,IBU,Lake water,0.9258585842402297,0.9397308857268323,HistGradientBoosting,HistGradientBoosting_1
575,SI_ref_19,MCB,IBU,Ground water,0.9173366162788351,0.9375423998664917,HistGradientBoosting,HistGradientBoosting_1
580,SI_ref_19,MCB,IBU,Lake water,0.974635205338439,0.9139397500580819,HistGradientBoosting,HistGradientBoosting_1
581,SI_ref_19,MCB,IBU,Ground water,0.95367292982704,0.9117512641977413,HistGradientBoosting,HistGradientBoosting_1
585,SI_ref_19,MCB,IBU,Ground water,0.925414707326754,0.9126596327221206,HistGradientBoosting,HistGradientBoosting_1
586,SI_ref_19,MCB,IBU,Lake water,0.9347814302861347,0.9139397500580819,HistGradientBoosting,HistGradientBoosting_1
595,SI_ref_19,MCB,IBU,Ground water,0.9248851497651674,0.9617422440935236,HistGradientBoosting,HistGradientBoosting_1
601,SI_ref_19,MCB,IBU,Ground water,0.9300914246503462,0.9617422440935236,HistGradientBoosting,HistGradientBoosting_1
604,SI_ref_19,MCB,IBU,Lake water,0.9282701343021136,0.9484490405449656,HistGradientBoosting,HistGradientBoosting_1
605,SI_ref_19,MCB,IBU,Ground water,0.9160948152334054,0.9470082867943955,HistGradientBoosting,HistGradientBoosting_1
610,SI_ref_19,MCB,IBU,Lake water,0.9716179138912365,0.9129623149949567,HistGradientBoosting,HistGradientBoosting_1
611,SI_ref_19,MCB,IBU,Ground water,0.9529992532644452,0.9115215612443867,HistGradientBoosting,HistGradientBoosting_1
615,SI_ref_19,MCB,IBU,Ground water,0.9284499518994666,0.9085438837336909,HistGradientBoosting,HistGradientBoosting_1
616,SI_ref_19,MCB,IBU,Lake water,0.935069554315652,0.910324359814589,HistGradientBoosting,HistGradientBoosting_1
625,SI_ref_19,MCB,IBU,Ground water,0.9258221154816445,0.9477309828670455,HistGradientBoosting,HistGradientBoosting_1
631,SI_ref_19,MCB,IBU,Ground water,0.9296259863973036,0.9468636012564488,HistGradientBoosting,HistGradientBoosting_1
634,SI_ref_19,MCB,IBU,Lake water,0.9271225782160609,0.9256895533638602,HistGradientBoosting,HistGradientBoosting_1
635,SI_ref_19,MCB,IBU,Ground water,0.9188076045934327,0.924259778477175,HistGradientBoosting,HistGradientBoosting_1
640,SI_ref_18,NaOH-activated SCW biochars,DCF,Secondary effluent,0.7547018161110076,0.5759269933813403,HistGradientBoosting,HistGradientBoosting_1
642,SI_ref_18,NaOH-activated SCW biochars,DCF,Secondary effluent,0.6981463000238689,0.5563857193598499,HistGradientBoosting,HistGradientBoosting_1
644,SI_ref_18,NaOH-activated SCW biochars,DCF,Secondary effluent,0.6293744945066856,0.5459483348169613,HistGradientBoosting,HistGradientBoosting_1
646,SI_ref_18,NaOH-activated SCW biochars,DCF,Secondary effluent,0.588788451165352,0.5181165372174374,HistGradientBoosting,HistGradientBoosting_1
648,SI_ref_18,NaOH-activated SCW biochars,DCF,Secondary effluent,0.5891686823750966,0.5264124095853749,HistGradientBoosting,HistGradientBoosting_1
650,SI_ref_18,NaOH-activated SCW biochars,DCF,Secondary effluent,0.5849511312086796,0.5288895166375984,HistGradientBoosting,HistGradientBoosting_1
652,SI_ref_18,NaOH-activated SCW biochars,DCF,Secondary effluent,0.5864672759838442,0.5288895166375984,HistGradientBoosting,HistGradientBoosting_1
655,SI_ref_18,NaOH-activated SCW biochars,DCF,Lake water,0.28283236606156975,0.5163560724039745,HistGradientBoosting,HistGradientBoosting_1
657,SI_ref_18,NaOH-activated SCW biochars,DCF,Lake water,0.4098052873550469,0.4802386564205868,HistGradientBoosting,HistGradientBoosting_1
662,SI_ref_18,NaOH-activated SCW biochars,DCF,Secondary effluent,0.600008865661574,0.5445588254204918,HistGradientBoosting,HistGradientBoosting_1
668,SI_ref_18,NaOH-activated SCW biochars,DCF,Lake water,0.5638671837826676,0.5163560724039745,HistGradientBoosting,HistGradientBoosting_1
673,SI_ref_18,NaOH-activated SCW biochars,DCF,Lake water,0.5356816504619031,0.5163560724039745,HistGradientBoosting,HistGradientBoosting_1
679,SI_ref_18,NaOH-activated SCW biochars,DCF,Lake water,0.48550836273532816,0.5163560724039745,HistGradientBoosting,HistGradientBoosting_1
682,SI_ref_18,NaOH-activated SCW biochars,DCF,Secondary effluent,0.5965252581670849,0.5445588254204918,HistGradientBoosting,HistGradientBoosting_1
688,SI_ref_18,NaOH-activated SCW biochars,DCF,Lake water,0.5703611171190489,0.5922103327041761,HistGradientBoosting,HistGradientBoosting_1
693,SI_ref_18,NaOH-activated SCW biochars,DCF,Secondary effluent,0.6557026735074662,0.5445588254204918,HistGradientBoosting,HistGradientBoosting_1
694,SI_ref_18,NaOH-activated SCW biochars,DCF,Lake water,0.7297297292522416,0.5163560724039745,HistGradientBoosting,HistGradientBoosting_1
699,SI_ref_18,NaOH-activated SCW biochars,IBU,Secondary effluent,0.8098199350756726,0.5813642053738179,HistGradientBoosting,HistGradientBoosting_1
701,SI_ref_18,NaOH-activated SCW biochars,IBU,Secondary effluent,0.7485969905050348,0.5670910957796458,HistGradientBoosting,HistGradientBoosting_1
703,SI_ref_18,NaOH-activated SCW biochars,IBU,Secondary effluent,0.6850179499229786,0.572576178554661,HistGradientBoosting,HistGradientBoosting_1
705,SI_ref_18,NaOH-activated SCW biochars,IBU,Secondary effluent,0.6861011679416551,0.5813648148939446,HistGradientBoosting,HistGradientBoosting_1
707,SI_ref_18,NaOH-activated SCW biochars,IBU,Secondary effluent,0.6799185617433835,0.5976288300836716,HistGradientBoosting,HistGradientBoosting_1
709,SI_ref_18,NaOH-activated SCW biochars,IBU,Secondary effluent,0.6765813990931481,0.5994620747294621,HistGradientBoosting,HistGradientBoosting_1
711,SI_ref_18,NaOH-activated SCW biochars,IBU,Secondary effluent,0.6777803451607008,0.5994620747294621,HistGradientBoosting,HistGradientBoosting_1
712,SI_ref_18,NaOH-activated SCW biochars,IBU,Lake water,0.10371139816269948,0.6232231511022215,HistGradientBoosting,HistGradientBoosting_1
714,SI_ref_18,NaOH-activated SCW biochars,IBU,Lake water,0.46656560236114836,0.6232231511022215,HistGradientBoosting,HistGradientBoosting_1
721,SI_ref_18,NaOH-activated SCW biochars,IBU,Secondary effluent,0.675113405421536,0.6107245800636291,HistGradientBoosting,HistGradientBoosting_1
730,SI_ref_18,NaOH-activated SCW biochars,IBU,Lake water,0.627404015064595,0.6232231511022215,HistGradientBoosting,HistGradientBoosting_1
738,SI_ref_18,NaOH-activated SCW biochars,IBU,Lake water,0.6298527247859258,0.6232231511022215,HistGradientBoosting,HistGradientBoosting_1
740,SI_ref_18,NaOH-activated SCW biochars,IBU,Lake water,0.5791171913994386,0.6232231511022215,HistGradientBoosting,HistGradientBoosting_1
747,SI_ref_18,NaOH-activated SCW biochars,IBU,Lake water,0.6846241766923425,0.6937997898361441,HistGradientBoosting,HistGradientBoosting_1
752,SI_ref_18,NaOH-activated SCW biochars,IBU,Secondary effluent,0.7252319435730717,0.6107245800636291,HistGradientBoosting,HistGradientBoosting_1
758,SI_ref_18,NaOH-activated SCW biochars,NPX,Secondary effluent,0.5521972966156422,0.27983633260866514,HistGradientBoosting,HistGradientBoosting_1
760,SI_ref_18,NaOH-activated SCW biochars,NPX,Secondary effluent,0.4814245289032641,0.23218494705972242,HistGradientBoosting,HistGradientBoosting_1
762,SI_ref_18,NaOH-activated SCW biochars,NPX,Secondary effluent,0.34455951981715066,0.2072331937057318,HistGradientBoosting,HistGradientBoosting_1
764,SI_ref_18,NaOH-activated SCW biochars,NPX,Secondary effluent,0.2493517679350271,0.10121005691313764,HistGradientBoosting,HistGradientBoosting_1
766,SI_ref_18,NaOH-activated SCW biochars,NPX,Secondary effluent,0.16764900163614713,0.09928550745195847,HistGradientBoosting,HistGradientBoosting_1
768,SI_ref_18,NaOH-activated SCW biochars,NPX,Secondary effluent,0.12846350911521487,0.10130662064189147,HistGradientBoosting,HistGradientBoosting_1
770,SI_ref_18,NaOH-activated SCW biochars,NPX,Secondary effluent,0.12873702561203082,0.10130662064189147,HistGradientBoosting,HistGradientBoosting_1
771,SI_ref_18,NaOH-activated SCW biochars,NPX,Lake water,0.03570310331741743,0.08129053825108941,HistGradientBoosting,HistGradientBoosting_1
780,SI_ref_18,NaOH-activated SCW biochars,NPX,Secondary effluent,0.11864589305153721,0.11013779341943138,HistGradientBoosting,HistGradientBoosting_1
781,SI_ref_18,NaOH-activated SCW biochars,NPX,Lake water,0.04234525136924403,0.08129053825108941,HistGradientBoosting,HistGradientBoosting_1
791,SI_ref_18,NaOH-activated SCW biochars,NPX,Lake water,0.05751855059175114,0.06992483996690006,HistGradientBoosting,HistGradientBoosting_1
795,SI_ref_18,NaOH-activated SCW biochars,NPX,Lake water,0.1386164882936624,0.17548492630474996,HistGradientBoosting,HistGradientBoosting_1
859,SI_ref_13,PB600,CBZ,Synthetic,0.4773489932885906,0.5074643325073029,HistGradientBoosting,HistGradientBoosting_1
892,SI_ref_13,PB600,IBU,Synthetic,0.8533052267445003,0.5917732111417041,HistGradientBoosting,HistGradientBoosting_1
906,SI_ref_13,PB800,CBZ,Synthetic,0.16135346756152125,0.25131356821291806,HistGradientBoosting,HistGradientBoosting_1
939,SI_ref_13,PB800,IBU,Synthetic,0.5875275377054737,0.36121361870118474,HistGradientBoosting,HistGradientBoosting_1
959,SI_ref_15,PSB,CAR,Synthetic,0.898502105289309,0.9197217184832872,HistGradientBoosting,HistGradientBoosting_1
963,SI_ref_15,PSB,CAR,Synthetic,0.8690891098845278,0.9197217184832872,HistGradientBoosting,HistGradientBoosting_1
976,SI_ref_15,PSB,PYR,Synthetic,0.9599614728522631,0.9434496645328218,HistGradientBoosting,HistGradientBoosting_1
980,SI_ref_15,PSB,PYR,Synthetic,0.8739092070679689,0.9434496645328218,HistGradientBoosting,HistGradientBoosting_1
982,SI_ref_15,PSB,PYR,Synthetic,0.8750456231185068,0.9434496645328218,HistGradientBoosting,HistGradientBoosting_1
983,SI_ref_15,PSB,PYR,Synthetic,0.950707773566655,0.9434496645328218,HistGradientBoosting,HistGradientBoosting_1
1000,SI_ref_15,PSB,TEB,Synthetic,0.8714762044822667,0.9185642418947666,HistGradientBoosting,HistGradientBoosting_1
1001,SI_ref_15,PSB,TEB,Synthetic,0.8650362109004135,0.9185642418947666,HistGradientBoosting,HistGradientBoosting_1
1020,SI_ref_15,PSBOX-A,CAR,Synthetic,0.024826351018054676,0.12446790175269376,HistGradientBoosting,HistGradientBoosting_1
1024,SI_ref_15,PSBOX-A,CAR,Synthetic,0.013386578068051812,0.12446790175269376,HistGradientBoosting,HistGradientBoosting_1
1039,SI_ref_15,PSBOX-A,PYR,Synthetic,0.10520884210859399,0.2850193652643396,HistGradientBoosting,HistGradientBoosting_1
1041,SI_ref_15,PSBOX-A,PYR,Synthetic,0.5321591562240328,0.2900111300159394,HistGradientBoosting,HistGradientBoosting_1
1045,SI_ref_15,PSBOX-A,PYR,Synthetic,0.07450853175519283,0.2850193652643396,HistGradientBoosting,HistGradientBoosting_1
1047,SI_ref_15,PSBOX-A,PYR,Synthetic,0.07530521810797475,0.2850193652643396,HistGradientBoosting,HistGradientBoosting_1
1048,SI_ref_15,PSBOX-A,PYR,Synthetic,0.1335562050140622,0.2850193652643396,HistGradientBoosting,HistGradientBoosting_1
1065,SI_ref_15,PSBOX-A,TEB,Synthetic,0.5160089507499187,0.2474683287746942,HistGradientBoosting,HistGradientBoosting_1
1070,SI_ref_15,PSBOX-A,TEB,Synthetic,0.04527670142322688,0.23690829495756793,HistGradientBoosting,HistGradientBoosting_1
1071,SI_ref_15,PSBOX-A,TEB,Synthetic,0.04243318293660387,0.23690829495756793,HistGradientBoosting,HistGradientBoosting_1
1095,SI_ref_17,Pristine SCG biochar,CBZ,Synthetic,0.9071706166070994,0.9108577881844206,HistGradientBoosting,HistGradientBoosting_1
1104,SI_ref_17,Pristine SCG biochar,CBZ,Synthetic,0.8748284470323213,0.9091823963503524,HistGradientBoosting,HistGradientBoosting_1
1108,SI_ref_17,Pristine SCG biochar,CBZ,Synthetic,0.8967497590877974,0.9123262684070595,HistGradientBoosting,HistGradientBoosting_1
1112,SI_ref_17,Pristine SCG biochar,CBZ,Synthetic,0.8867934815653573,0.9123262684070595,HistGradientBoosting,HistGradientBoosting_1
1115,SI_ref_17,Pristine SCG biochar,CBZ,Synthetic,0.925161257978969,0.9108577881844206,HistGradientBoosting,HistGradientBoosting_1
1116,SI_ref_17,Pristine SCG biochar,EE2,Synthetic,0.9879675366998732,0.9130523841059283,HistGradientBoosting,HistGradientBoosting_1
1117,SI_ref_17,Pristine SCG biochar,EE2,Synthetic,0.9630524728687239,0.909720092360217,HistGradientBoosting,HistGradientBoosting_1
1118,SI_ref_17,Pristine SCG biochar,EE2,Synthetic,0.9308917481943695,0.9020890836121045,HistGradientBoosting,HistGradientBoosting_1
1119,SI_ref_17,Pristine SCG biochar,EE2,Synthetic,0.9610835485312063,0.8987567918663932,HistGradientBoosting,HistGradientBoosting_1
1120,SI_ref_17,Pristine SCG biochar,EE2,Synthetic,0.8890050918282607,0.8979562864465963,HistGradientBoosting,HistGradientBoosting_1
1121,SI_ref_17,Pristine SCG biochar,EE2,Synthetic,0.9527872619203276,0.8933695896327943,HistGradientBoosting,HistGradientBoosting_1
1122,SI_ref_17,Pristine SCG biochar,EE2,Synthetic,0.8965951913819401,0.8831964866535847,HistGradientBoosting,HistGradientBoosting_1
1123,SI_ref_17,Pristine SCG biochar,EE2,Synthetic,0.9558259103687238,0.8842793017695154,HistGradientBoosting,HistGradientBoosting_1
1124,SI_ref_17,Pristine SCG biochar,EE2,Synthetic,0.8793895099735648,0.8770282448148559,HistGradientBoosting,HistGradientBoosting_1
1125,SI_ref_17,Pristine SCG biochar,EE2,Synthetic,0.9519368217180961,0.8812126932085755,HistGradientBoosting,HistGradientBoosting_1
1126,SI_ref_17,Pristine SCG biochar,EE2,Synthetic,0.8770554520720774,0.8738395556157605,HistGradientBoosting,HistGradientBoosting_1
1127,SI_ref_17,Pristine SCG biochar,EE2,Synthetic,0.9377852461427824,0.8812126932085755,HistGradientBoosting,HistGradientBoosting_1
1128,SI_ref_17,Pristine SCG biochar,EE2,Synthetic,0.8833014060151289,0.8689552478486511,HistGradientBoosting,HistGradientBoosting_1
1129,SI_ref_17,Pristine SCG biochar,EE2,Synthetic,0.9348668633411785,0.8812126932085755,HistGradientBoosting,HistGradientBoosting_1
1132,SI_ref_17,Pristine SCG biochar,EE2,Synthetic,0.8374361704672763,0.8664930186461021,HistGradientBoosting,HistGradientBoosting_1
1133,SI_ref_17,Pristine SCG biochar,EE2,Synthetic,0.8609155049620831,0.8846995527741833,HistGradientBoosting,HistGradientBoosting_1
1137,SI_ref_17,Pristine SCG biochar,EE2,Synthetic,0.8257334628724249,0.8846995527741833,HistGradientBoosting,HistGradientBoosting_1
1147,SI_ref_17,Pristine SCG biochar,EE2,Synthetic,0.8965862728271835,0.8846995527741833,HistGradientBoosting,HistGradientBoosting_1
1170,SI_ref_17,Pristine SCG biochar,IBU,Synthetic,0.7820004901373623,0.8618441448236427,HistGradientBoosting,HistGradientBoosting_1
1183,SI_ref_17,Pristine SCG biochar,IBU,Synthetic,0.9114748664800524,0.912477996859705,HistGradientBoosting,HistGradientBoosting_1
1184,SI_ref_17,Pristine SCG biochar,IBU,Synthetic,0.9484982246288517,0.9184369611210008,HistGradientBoosting,HistGradientBoosting_1
1186,SI_ref_17,Pristine SCG biochar,IBU,Synthetic,0.893754721851682,0.9146115472251781,HistGradientBoosting,HistGradientBoosting_1
1189,SI_ref_17,Pristine SCG biochar,IBU,Synthetic,0.9210277046979152,0.912477996859705,HistGradientBoosting,HistGradientBoosting_1
1191,SI_ref_17,Pristine SCG biochar,IBU,Synthetic,0.9513456586569363,0.912477996859705,HistGradientBoosting,HistGradientBoosting_1
1192,SI_ref_17,Pristine SCG biochar,IBU,Synthetic,0.9226237248225028,0.9146115472251781,HistGradientBoosting,HistGradientBoosting_1
1194,SI_ref_17,Pristine SCG biochar,IBU,Synthetic,0.8857728699803085,0.9146115472251781,HistGradientBoosting,HistGradientBoosting_1
1199,SI_ref_18,Pristine SCW Biochar,DCF,Secondary effluent,0.918928852227115,0.9339947450662915,HistGradientBoosting,HistGradientBoosting_1
1201,SI_ref_18,Pristine SCW Biochar,DCF,Secondary effluent,0.9102784904019702,0.9138205062048433,HistGradientBoosting,HistGradientBoosting_1
1203,SI_ref_18,Pristine SCW Biochar,DCF,Secondary effluent,0.9056826438576806,0.908574512512321,HistGradientBoosting,HistGradientBoosting_1
1205,SI_ref_18,Pristine SCW Biochar,DCF,Secondary effluent,0.9047459643543814,0.90767246900236,HistGradientBoosting,HistGradientBoosting_1
1207,SI_ref_18,Pristine SCW Biochar,DCF,Secondary effluent,0.9046272834515193,0.9115692540935219,HistGradientBoosting,HistGradientBoosting_1
1209,SI_ref_18,Pristine SCW Biochar,DCF,Secondary effluent,0.9011959807369067,0.9098012570045269,HistGradientBoosting,HistGradientBoosting_1
1211,SI_ref_18,Pristine SCW Biochar,DCF,Secondary effluent,0.9001936082465184,0.9098012570045269,HistGradientBoosting,HistGradientBoosting_1
1214,SI_ref_18,Pristine SCW Biochar,DCF,Lake water,0.9077130214504949,0.8725038514564796,HistGradientBoosting,HistGradientBoosting_1
1219,SI_ref_18,Pristine SCW Biochar,DCF,Secondary effluent,0.9048873911798646,0.9074698247024022,HistGradientBoosting,HistGradientBoosting_1
1225,SI_ref_18,Pristine SCW Biochar,DCF,Lake water,0.9209005359691885,0.9156034576025578,HistGradientBoosting,HistGradientBoosting_1
1230,SI_ref_18,Pristine SCW Biochar,DCF,Lake water,0.9255037841040696,0.9156034576025578,HistGradientBoosting,HistGradientBoosting_1
1236,SI_ref_18,Pristine SCW Biochar,DCF,Lake water,0.9092724465153025,0.9156034576025578,HistGradientBoosting,HistGradientBoosting_1
1239,SI_ref_18,Pristine SCW Biochar,DCF,Secondary effluent,0.9186059768996898,0.9074698247024022,HistGradientBoosting,HistGradientBoosting_1
1245,SI_ref_18,Pristine SCW Biochar,DCF,Lake water,0.926603142736896,0.9292765978124566,HistGradientBoosting,HistGradientBoosting_1
1249,SI_ref_18,Pristine SCW Biochar,DCF,Secondary effluent,0.9174019043807426,0.9074698247024022,HistGradientBoosting,HistGradientBoosting_1
1254,SI_ref_18,Pristine SCW Biochar,IBU,Secondary effluent,0.9156726978407875,0.9183857518335179,HistGradientBoosting,HistGradientBoosting_1
1256,SI_ref_18,Pristine SCW Biochar,IBU,Secondary effluent,0.9079673942368781,0.9055809026072253,HistGradientBoosting,HistGradientBoosting_1
1258,SI_ref_18,Pristine SCW Biochar,IBU,Secondary effluent,0.9043236251446873,0.9066414335630597,HistGradientBoosting,HistGradientBoosting_1
1260,SI_ref_18,Pristine SCW Biochar,IBU,Secondary effluent,0.9020547983951682,0.9085496745671976,HistGradientBoosting,HistGradientBoosting_1
1262,SI_ref_18,Pristine SCW Biochar,IBU,Secondary effluent,0.9004882379050155,0.9118591015447156,HistGradientBoosting,HistGradientBoosting_1
1264,SI_ref_18,Pristine SCW Biochar,IBU,Secondary effluent,0.897458530238549,0.9100911044557206,HistGradientBoosting,HistGradientBoosting_1
1266,SI_ref_18,Pristine SCW Biochar,IBU,Secondary effluent,0.8973424975849196,0.9100911044557206,HistGradientBoosting,HistGradientBoosting_1
1274,SI_ref_18,Pristine SCW Biochar,IBU,Secondary effluent,0.8992057856547054,0.907759672153596,HistGradientBoosting,HistGradientBoosting_1
1283,SI_ref_18,Pristine SCW Biochar,IBU,Lake water,0.9158900362354069,0.915598456677204,HistGradientBoosting,HistGradientBoosting_1
1291,SI_ref_18,Pristine SCW Biochar,IBU,Lake water,0.9068652159539504,0.915598456677204,HistGradientBoosting,HistGradientBoosting_1
1293,SI_ref_18,Pristine SCW Biochar,IBU,Lake water,0.9067682424855283,0.915598456677204,HistGradientBoosting,HistGradientBoosting_1
1300,SI_ref_18,Pristine SCW Biochar,IBU,Lake water,0.9277221749920567,0.9381100085589527,HistGradientBoosting,HistGradientBoosting_1
1304,SI_ref_18,Pristine SCW Biochar,IBU,Secondary effluent,0.911352956646831,0.907759672153596,HistGradientBoosting,HistGradientBoosting_1
1309,SI_ref_18,Pristine SCW Biochar,NPX,Secondary effluent,0.9276600601799115,0.9346392472181156,HistGradientBoosting,HistGradientBoosting_1
1311,SI_ref_18,Pristine SCW Biochar,NPX,Secondary effluent,0.9217275625657669,0.914004446450134,HistGradientBoosting,HistGradientBoosting_1
1313,SI_ref_18,Pristine SCW Biochar,NPX,Secondary effluent,0.9151672500810683,0.9087584527576117,HistGradientBoosting,HistGradientBoosting_1
1315,SI_ref_18,Pristine SCW Biochar,NPX,Secondary effluent,0.914870212237198,0.9078564092476507,HistGradientBoosting,HistGradientBoosting_1
1317,SI_ref_18,Pristine SCW Biochar,NPX,Secondary effluent,0.9125118045566373,0.9109193505770735,HistGradientBoosting,HistGradientBoosting_1
1319,SI_ref_18,Pristine SCW Biochar,NPX,Secondary effluent,0.9122370962869346,0.9091513534880785,HistGradientBoosting,HistGradientBoosting_1
1321,SI_ref_18,Pristine SCW Biochar,NPX,Secondary effluent,0.9100475600528815,0.9091513534880785,HistGradientBoosting,HistGradientBoosting_1
1329,SI_ref_18,Pristine SCW Biochar,NPX,Secondary effluent,0.910898633301941,0.9068199211859539,HistGradientBoosting,HistGradientBoosting_1
1330,SI_ref_18,Pristine SCW Biochar,NPX,Lake water,0.9241969522882365,0.9143090519342854,HistGradientBoosting,HistGradientBoosting_1
1340,SI_ref_18,Pristine SCW Biochar,NPX,Lake water,0.9210401821004949,0.9086782192555045,HistGradientBoosting,HistGradientBoosting_1
1344,SI_ref_18,Pristine SCW Biochar,NPX,Lake water,0.9309313456555985,0.9221090457691571,HistGradientBoosting,HistGradientBoosting_1
19,SI_ref_19,AMCB,IBU,Lake water,0.12160249298048154,0.41998593619141267,Huber,Huber_2
20,SI_ref_19,AMCB,IBU,Ground water,0.0023766372681587895,0.37632346235483577,Huber,Huber_2
26,SI_ref_19,AMCB,IBU,Ground water,0.1894672613641715,0.3927726694228579,Huber,Huber_2
27,SI_ref_19,AMCB,IBU,Lake water,0.343266669603983,0.4199714447281889,Huber,Huber_2
36,SI_ref_19,AMCB,IBU,Ground water,0.41496556078686897,0.40920741515196474,Huber,Huber_2
42,SI_ref_19,AMCB,IBU,Ground water,0.5182383095521604,0.4091929537852402,Huber,Huber_2
45,SI_ref_19,AMCB,IBU,Lake water,0.5439346954470261,0.41992803055932526,Huber,Huber_2
46,SI_ref_19,AMCB,IBU,Ground water,0.48210720700720494,0.3762655567227483,Huber,Huber_2
51,SI_ref_19,AMCB,IBU,Lake water,0.0829192384873889,0.419913579197006,Huber,Huber_2
52,SI_ref_19,AMCB,IBU,Ground water,0.003531050071646246,0.37625110536042905,Huber,Huber_2
56,SI_ref_19,AMCB,IBU,Ground water,0.17260220522445793,0.3927003625199285,Huber,Huber_2
57,SI_ref_19,AMCB,IBU,Lake water,0.2799685707152232,0.41989913782525956,Huber,Huber_2
66,SI_ref_19,AMCB,IBU,Ground water,0.4885549946229274,0.40913520822421273,Huber,Huber_2
72,SI_ref_19,AMCB,IBU,Ground water,0.5107350299703324,0.40912079674147533,Huber,Huber_2
75,SI_ref_19,AMCB,IBU,Lake water,0.539673236909249,0.41985587351556036,Huber,Huber_2
76,SI_ref_19,AMCB,IBU,Ground water,0.4945842701164504,0.37619339967898346,Huber,Huber_2
81,SI_ref_19,AMCB,IBU,Lake water,0.11734271672387758,0.4198414719683513,Huber,Huber_2
82,SI_ref_19,AMCB,IBU,Ground water,0.0,0.37617899813177436,Huber,Huber_2
86,SI_ref_19,AMCB,IBU,Ground water,0.16952726930244136,0.3926283050376496,Huber,Huber_2
87,SI_ref_19,AMCB,IBU,Lake water,0.245380335735257,0.4198270803429806,Huber,Huber_2
96,SI_ref_19,AMCB,IBU,Ground water,0.45590621693388655,0.40906325002905036,Huber,Huber_2
110,SI_ref_19,AMCB,IBU,Ground water,0.5205305455205957,0.40904888808733697,Huber,Huber_2
113,SI_ref_19,AMCB,IBU,Lake water,0.5570792394486925,0.419783964861422,Huber,Huber_2
114,SI_ref_19,AMCB,IBU,Ground water,0.48301499525722014,0.3761214910248451,Huber,Huber_2
134,SI_ref_17,Alkali-modified SCG biochars,CBZ,Synthetic,0.00635796336582959,0.12657464433596738,Huber,Huber_2
143,SI_ref_17,Alkali-modified SCG biochars,CBZ,Synthetic,0.12158111194827703,0.30182679945325347,Huber,Huber_2
146,SI_ref_17,Alkali-modified SCG biochars,CBZ,Synthetic,0.6777397154224275,0.2578174216126664,Huber,Huber_2
150,SI_ref_17,Alkali-modified SCG biochars,CBZ,Synthetic,0.8144073973371778,0.2578174216126664,Huber,Huber_2
153,SI_ref_17,Alkali-modified SCG biochars,CBZ,Synthetic,0.5612135486607656,0.12657464433596738,Huber,Huber_2
154,SI_ref_17,Alkali-modified SCG biochars,EE2,Synthetic,0.32691906294512396,0.39031600798593086,Huber,Huber_2
155,SI_ref_17,Alkali-modified SCG biochars,EE2,Synthetic,0.281684429186895,0.2590732307092318,Huber,Huber_2
156,SI_ref_17,Alkali-modified SCG biochars,EE2,Synthetic,0.2985885901242538,0.3761762224206176,Huber,Huber_2
157,SI_ref_17,Alkali-modified SCG biochars,EE2,Synthetic,0.1736546812353491,0.24493344514391857,Huber,Huber_2
158,SI_ref_17,Alkali-modified SCG biochars,EE2,Synthetic,0.08297647774499996,0.3534563798318453,Huber,Huber_2
159,SI_ref_17,Alkali-modified SCG biochars,EE2,Synthetic,0.0890939833732563,0.22221360255514627,Huber,Huber_2
160,SI_ref_17,Alkali-modified SCG biochars,EE2,Synthetic,0.12434438865468556,0.33903470653190537,Huber,Huber_2
161,SI_ref_17,Alkali-modified SCG biochars,EE2,Synthetic,0.0719303611000807,0.20779192925520634,Huber,Huber_2
162,SI_ref_17,Alkali-modified SCG biochars,EE2,Synthetic,0.050886215526030655,0.3305840635143488,Huber,Huber_2
163,SI_ref_17,Alkali-modified SCG biochars,EE2,Synthetic,0.06892444951131721,0.1993412862376498,Huber,Huber_2
164,SI_ref_17,Alkali-modified SCG biochars,EE2,Synthetic,0.0402114435413677,0.3245842005383367,Huber,Huber_2
165,SI_ref_17,Alkali-modified SCG biochars,EE2,Synthetic,0.06161971981332274,0.19334142326163767,Huber,Huber_2
166,SI_ref_17,Alkali-modified SCG biochars,EE2,Synthetic,0.014122078362060976,0.3185819266438364,Huber,Huber_2
167,SI_ref_17,Alkali-modified SCG biochars,EE2,Synthetic,0.06227375203350968,0.18733914936713736,Huber,Huber_2
170,SI_ref_17,Alkali-modified SCG biochars,EE2,Synthetic,0.13791601981601773,0.31011923320585266,Huber,Huber_2
171,SI_ref_17,Alkali-modified SCG biochars,EE2,Synthetic,0.09051861058315946,0.17887645592915363,Huber,Huber_2
180,SI_ref_17,Alkali-modified SCG biochars,EE2,Synthetic,0.2279548813058391,0.17887645592915363,Huber,Huber_2
203,SI_ref_17,Alkali-modified SCG biochars,IBU,Synthetic,0.10913541523053398,0.29490610649900134,Huber,Huber_2
216,SI_ref_17,Alkali-modified SCG biochars,IBU,Synthetic,0.10107027265594352,0.20767270706288937,Huber,Huber_2
217,SI_ref_17,Alkali-modified SCG biochars,IBU,Synthetic,0.6889998443034063,0.3829248621801754,Huber,Huber_2
219,SI_ref_17,Alkali-modified SCG biochars,IBU,Synthetic,0.1184746430703935,0.3389154843395884,Huber,Huber_2
222,SI_ref_17,Alkali-modified SCG biochars,IBU,Synthetic,0.04374442489311713,0.20767270706288937,Huber,Huber_2
224,SI_ref_17,Alkali-modified SCG biochars,IBU,Synthetic,0.2945083196339574,0.20767270706288937,Huber,Huber_2
225,SI_ref_17,Alkali-modified SCG biochars,IBU,Synthetic,0.5901579894748284,0.3389154843395884,Huber,Huber_2
227,SI_ref_17,Alkali-modified SCG biochars,IBU,Synthetic,0.6910697148739985,0.3389154843395884,Huber,Huber_2
235,SI_ref_16,C-Biochar,ATE,Synthetic,0.8511111111111113,0.7859912251204162,Huber,Huber_2
237,SI_ref_16,C-Biochar,ATE,Synthetic,0.8733333333333334,0.7859912251204162,Huber,Huber_2
239,SI_ref_16,C-Biochar,ATE,Synthetic,0.6511111111111112,0.7530638280579243,Huber,Huber_2
241,SI_ref_16,C-Biochar,ATE,Synthetic,0.7774074074074075,0.7859912251204162,Huber,Huber_2
247,SI_ref_16,C-Biochar,CBZ,Synthetic,0.44146825396825395,0.5628471552191014,Huber,Huber_2
249,SI_ref_16,C-Biochar,CBZ,Synthetic,0.4430976430976431,0.584851844139395,Huber,Huber_2
253,SI_ref_16,C-Biochar,CBZ,Synthetic,0.4044973544973545,0.584851844139395,Huber,Huber_2
255,SI_ref_16,C-Biochar,CBZ,Synthetic,0.46792328042328046,0.568388145608149,Huber,Huber_2
257,SI_ref_16,C-Biochar,CBZ,Synthetic,0.46197089947089953,0.6068565330596885,Huber,Huber_2
273,SI_ref_16,C-Biochar,IBU,Synthetic,0.6000000000000001,0.633022509803825,Huber,Huber_2
278,SI_ref_16,C-Biochar,IBU,Synthetic,0.8430555555555557,0.6659499068663168,Huber,Huber_2
299,SI_ref_19,CB,IBU,Lake water,0.9811931645978613,0.934630855645093,Huber,Huber_2
300,SI_ref_19,CB,IBU,Ground water,0.9595058090644278,0.890968381808516,Huber,Huber_2
304,SI_ref_19,CB,IBU,Ground water,0.9323428884090048,0.907432080339762,Huber,Huber_2
305,SI_ref_19,CB,IBU,Lake water,0.9442367850805692,0.934630855645093,Huber,Huber_2
320,SI_ref_19,CB,IBU,Ground water,0.9303445651202417,0.9238957788710079,Huber,Huber_2
326,SI_ref_19,CB,IBU,Ground water,0.9318432124429017,0.9238957788710079,Huber,Huber_2
329,SI_ref_19,CB,IBU,Lake water,0.9296205387839244,0.934630855645093,Huber,Huber_2
330,SI_ref_19,CB,IBU,Ground water,0.9174641264203113,0.890968381808516,Huber,Huber_2
345,SI_ref_14,GCRB,ALA,Synthetic,0.9324051079932012,1.0013306356782707,Huber,Huber_2
348,SI_ref_14,GCRB,ALA,Synthetic,0.959711660682908,1.045340013518858,Huber,Huber_2
374,SI_ref_14,GCRB,DIU,Synthetic,1.0082496176169822,0.8447968031938164,Huber,Huber_2
376,SI_ref_14,GCRB,SIM,Synthetic,0.9862955626477844,1.138064562190299,Huber,Huber_2
377,SI_ref_14,GCRB,SIM,Synthetic,0.9834030650434858,1.1239247766249858,Huber,Huber_2
378,SI_ref_14,GCRB,SIM,Synthetic,0.9809240251187635,1.1096172483751383,Huber,Huber_2
379,SI_ref_14,GCRB,SIM,Synthetic,0.977408497407208,1.0952242884334558,Huber,Huber_2
380,SI_ref_14,GCRB,SIM,Synthetic,0.9725866254178165,1.080788213751783,Huber,Huber_2
381,SI_ref_14,GCRB,SIM,Synthetic,0.9707397150816074,1.0723327547427046,Huber,Huber_2
382,SI_ref_14,GCRB,SIM,Synthetic,0.9682512913168398,1.0663304808482046,Huber,Huber_2
383,SI_ref_14,GCRB,SIM,Synthetic,0.9596267727831934,1.0138584095696337,Huber,Huber_2
393,SI_ref_14,GCRB,SIM,Synthetic,0.9681949882765674,1.0578677874102207,Huber,Huber_2
397,SI_ref_14,GCRB,SIM,Synthetic,0.9595581925458377,1.0578677874102207,Huber,Huber_2
410,SI_ref_14,GCRB-N,ALA,Synthetic,0.42098834230158483,0.5222747074147418,Huber,Huber_2
419,SI_ref_14,GCRB-N,ALA,Synthetic,0.3038540896584293,0.47819297257974813,Huber,Huber_2
428,SI_ref_14,GCRB-N,ALA,Synthetic,0.2941679236692388,0.47812086535109344,Huber,Huber_2
437,SI_ref_14,GCRB-N,ALA,Synthetic,0.299011006663834,0.478049006169811,Huber,Huber_2
459,SI_ref_14,GCRB-N,DIU,Synthetic,0.6455190877003087,0.32167359145761293,Huber,Huber_2
468,SI_ref_14,GCRB-N,DIU,Synthetic,0.6564705601884918,0.3216014344138481,Huber,Huber_2
477,SI_ref_14,GCRB-N,DIU,Synthetic,0.6413243626564091,0.3215295257597097,Huber,Huber_2
480,SI_ref_14,GCRB-N,SIM,Synthetic,0.8709260833889569,0.6149992560861829,Huber,Huber_2
481,SI_ref_14,GCRB-N,SIM,Synthetic,0.7937886433454202,0.6008594705208696,Huber,Huber_2
482,SI_ref_14,GCRB-N,SIM,Synthetic,0.7230251055630271,0.5865519422710223,Huber,Huber_2
483,SI_ref_14,GCRB-N,SIM,Synthetic,0.6451471952322713,0.5721589823293398,Huber,Huber_2
484,SI_ref_14,GCRB-N,SIM,Synthetic,0.579106572580609,0.557722907647667,Huber,Huber_2
485,SI_ref_14,GCRB-N,SIM,Synthetic,0.5461098630342859,0.5492674486385887,Huber,Huber_2
486,SI_ref_14,GCRB-N,SIM,Synthetic,0.526458395826474,0.5432651747440884,Huber,Huber_2
487,SI_ref_14,GCRB-N,SIM,Synthetic,0.44952651357619516,0.49079310346551763,Huber,Huber_2
493,SI_ref_14,GCRB-N,SIM,Synthetic,0.525804086252399,0.5348024813061047,Huber,Huber_2
502,SI_ref_14,GCRB-N,SIM,Synthetic,0.8453757948497886,0.534730124311698,Huber,Huber_2
511,SI_ref_14,GCRB-N,SIM,Synthetic,0.8584308799035202,0.5346580170830433,Huber,Huber_2
520,SI_ref_14,GCRB-N,SIM,Synthetic,0.8519033373766544,0.5345861579017609,Huber,Huber_2
540,SI_ref_19,MCB,IBU,Lake water,0.9742126323294387,0.8739161311828376,Huber,Huber_2
541,SI_ref_19,MCB,IBU,Ground water,0.9483485035015843,0.8302536573462608,Huber,Huber_2
547,SI_ref_19,MCB,IBU,Ground water,0.9263512886233829,0.8467028644142829,Huber,Huber_2
548,SI_ref_19,MCB,IBU,Lake water,0.9349728899053784,0.8739016397196139,Huber,Huber_2
565,SI_ref_19,MCB,IBU,Ground water,0.9254612605703445,0.8631376101433897,Huber,Huber_2
571,SI_ref_19,MCB,IBU,Ground water,0.927696260267614,0.8631231487766652,Huber,Huber_2
574,SI_ref_19,MCB,IBU,Lake water,0.9258585842402297,0.8738582255507502,Huber,Huber_2
575,SI_ref_19,MCB,IBU,Ground water,0.9173366162788351,0.8301957517141734,Huber,Huber_2
580,SI_ref_19,MCB,IBU,Lake water,0.974635205338439,0.873843774188431,Huber,Huber_2
581,SI_ref_19,MCB,IBU,Ground water,0.95367292982704,0.8301813003518541,Huber,Huber_2
585,SI_ref_19,MCB,IBU,Ground water,0.925414707326754,0.8466305575113535,Huber,Huber_2
586,SI_ref_19,MCB,IBU,Lake water,0.9347814302861347,0.8738293328166845,Huber,Huber_2
595,SI_ref_19,MCB,IBU,Ground water,0.9248851497651674,0.8630654032156377,Huber,Huber_2
601,SI_ref_19,MCB,IBU,Ground water,0.9300914246503462,0.8630509917329003,Huber,Huber_2
604,SI_ref_19,MCB,IBU,Lake water,0.9282701343021136,0.8737860685069854,Huber,Huber_2
605,SI_ref_19,MCB,IBU,Ground water,0.9160948152334054,0.8301235946704085,Huber,Huber_2
610,SI_ref_19,MCB,IBU,Lake water,0.9716179138912365,0.8737716669597763,Huber,Huber_2
611,SI_ref_19,MCB,IBU,Ground water,0.9529992532644452,0.8301091931231994,Huber,Huber_2
615,SI_ref_19,MCB,IBU,Ground water,0.9284499518994666,0.8465585000290746,Huber,Huber_2
616,SI_ref_19,MCB,IBU,Lake water,0.935069554315652,0.8737572753344056,Huber,Huber_2
625,SI_ref_19,MCB,IBU,Ground water,0.9258221154816445,0.8629934450204754,Huber,Huber_2
631,SI_ref_19,MCB,IBU,Ground water,0.9296259863973036,0.862979083078762,Huber,Huber_2
634,SI_ref_19,MCB,IBU,Lake water,0.9271225782160609,0.8737141598528471,Huber,Huber_2
635,SI_ref_19,MCB,IBU,Ground water,0.9188076045934327,0.8300516860162702,Huber,Huber_2
640,SI_ref_18,NaOH-activated SCW biochars,DCF,Secondary effluent,0.7547018161110076,0.5104310213300653,Huber,Huber_2
642,SI_ref_18,NaOH-activated SCW biochars,DCF,Secondary effluent,0.6981463000238689,0.4962912357647521,Huber,Huber_2
644,SI_ref_18,NaOH-activated SCW biochars,DCF,Secondary effluent,0.6293744945066856,0.4819837075149047,Huber,Huber_2
646,SI_ref_18,NaOH-activated SCW biochars,DCF,Secondary effluent,0.588788451165352,0.4675907475732223,Huber,Huber_2
648,SI_ref_18,NaOH-activated SCW biochars,DCF,Secondary effluent,0.5891686823750966,0.4531546728915494,Huber,Huber_2
650,SI_ref_18,NaOH-activated SCW biochars,DCF,Secondary effluent,0.5849511312086796,0.4446992138824712,Huber,Huber_2
652,SI_ref_18,NaOH-activated SCW biochars,DCF,Secondary effluent,0.5864672759838442,0.4386969399879709,Huber,Huber_2
655,SI_ref_18,NaOH-activated SCW biochars,DCF,Lake water,0.28283236606156975,0.42636713364957324,Huber,Huber_2
657,SI_ref_18,NaOH-activated SCW biochars,DCF,Lake water,0.4098052873550469,0.40436244472927974,Huber,Huber_2
662,SI_ref_18,NaOH-activated SCW biochars,DCF,Secondary effluent,0.600008865661574,0.4302342465499871,Huber,Huber_2
668,SI_ref_18,NaOH-activated SCW biochars,DCF,Lake water,0.5638671837826676,0.42636713364957324,Huber,Huber_2
673,SI_ref_18,NaOH-activated SCW biochars,DCF,Lake water,0.5356816504619031,0.42636713364957324,Huber,Huber_2
679,SI_ref_18,NaOH-activated SCW biochars,DCF,Lake water,0.48550836273532816,0.42636713364957324,Huber,Huber_2
682,SI_ref_18,NaOH-activated SCW biochars,DCF,Secondary effluent,0.5965252581670849,0.4302342465499871,Huber,Huber_2
688,SI_ref_18,NaOH-activated SCW biochars,DCF,Lake water,0.5703611171190489,0.44837182256986674,Huber,Huber_2
693,SI_ref_18,NaOH-activated SCW biochars,DCF,Secondary effluent,0.6557026735074662,0.4302342465499871,Huber,Huber_2
694,SI_ref_18,NaOH-activated SCW biochars,DCF,Lake water,0.7297297292522416,0.42636713364957324,Huber,Huber_2
699,SI_ref_18,NaOH-activated SCW biochars,IBU,Secondary effluent,0.8098199350756726,0.57041735797045,Huber,Huber_2
701,SI_ref_18,NaOH-activated SCW biochars,IBU,Secondary effluent,0.7485969905050348,0.5562775724051368,Huber,Huber_2
703,SI_ref_18,NaOH-activated SCW biochars,IBU,Secondary effluent,0.6850179499229786,0.5419700441552894,Huber,Huber_2
705,SI_ref_18,NaOH-activated SCW biochars,IBU,Secondary effluent,0.6861011679416551,0.5275770842136069,Huber,Huber_2
707,SI_ref_18,NaOH-activated SCW biochars,IBU,Secondary effluent,0.6799185617433835,0.5131410095319341,Huber,Huber_2
709,SI_ref_18,NaOH-activated SCW biochars,IBU,Secondary effluent,0.6765813990931481,0.5046855505228558,Huber,Huber_2
711,SI_ref_18,NaOH-activated SCW biochars,IBU,Secondary effluent,0.6777803451607008,0.49868327662835554,Huber,Huber_2
712,SI_ref_18,NaOH-activated SCW biochars,IBU,Lake water,0.10371139816269948,0.4863534702899579,Huber,Huber_2
714,SI_ref_18,NaOH-activated SCW biochars,IBU,Lake water,0.46656560236114836,0.4863534702899579,Huber,Huber_2
721,SI_ref_18,NaOH-activated SCW biochars,IBU,Secondary effluent,0.675113405421536,0.4902205831903718,Huber,Huber_2
730,SI_ref_18,NaOH-activated SCW biochars,IBU,Lake water,0.627404015064595,0.4863534702899579,Huber,Huber_2
738,SI_ref_18,NaOH-activated SCW biochars,IBU,Lake water,0.6298527247859258,0.4863534702899579,Huber,Huber_2
740,SI_ref_18,NaOH-activated SCW biochars,IBU,Lake water,0.5791171913994386,0.4863534702899579,Huber,Huber_2
747,SI_ref_18,NaOH-activated SCW biochars,IBU,Lake water,0.6846241766923425,0.5083581592102514,Huber,Huber_2
752,SI_ref_18,NaOH-activated SCW biochars,IBU,Secondary effluent,0.7252319435730717,0.4902205831903718,Huber,Huber_2
758,SI_ref_18,NaOH-activated SCW biochars,NPX,Secondary effluent,0.5521972966156422,0.28646706912355746,Huber,Huber_2
760,SI_ref_18,NaOH-activated SCW biochars,NPX,Secondary effluent,0.4814245289032641,0.2723272835582442,Huber,Huber_2
762,SI_ref_18,NaOH-activated SCW biochars,NPX,Secondary effluent,0.34455951981715066,0.2580197553083968,Huber,Huber_2
764,SI_ref_18,NaOH-activated SCW biochars,NPX,Secondary effluent,0.2493517679350271,0.24362679536671442,Huber,Huber_2
766,SI_ref_18,NaOH-activated SCW biochars,NPX,Secondary effluent,0.16764900163614713,0.22919072068504157,Huber,Huber_2
768,SI_ref_18,NaOH-activated SCW biochars,NPX,Secondary effluent,0.12846350911521487,0.22073526167596327,Huber,Huber_2
770,SI_ref_18,NaOH-activated SCW biochars,NPX,Secondary effluent,0.12873702561203082,0.21473298778146302,Huber,Huber_2
771,SI_ref_18,NaOH-activated SCW biochars,NPX,Lake water,0.03570310331741743,0.20240318144306543,Huber,Huber_2
780,SI_ref_18,NaOH-activated SCW biochars,NPX,Secondary effluent,0.11864589305153721,0.20627029434347935,Huber,Huber_2
781,SI_ref_18,NaOH-activated SCW biochars,NPX,Lake water,0.04234525136924403,0.20240318144306543,Huber,Huber_2
791,SI_ref_18,NaOH-activated SCW biochars,NPX,Lake water,0.05751855059175114,0.18593948291181947,Huber,Huber_2
795,SI_ref_18,NaOH-activated SCW biochars,NPX,Lake water,0.1386164882936624,0.24641255928365244,Huber,Huber_2
859,SI_ref_13,PB600,CBZ,Synthetic,0.4773489932885906,0.5339857586146197,Huber,Huber_2
892,SI_ref_13,PB600,IBU,Synthetic,0.8533052267445003,0.5986201228102958,Huber,Huber_2
906,SI_ref_13,PB800,CBZ,Synthetic,0.16135346756152125,0.3175794134176506,Huber,Huber_2
939,SI_ref_13,PB800,IBU,Synthetic,0.5875275377054737,0.38221377761332664,Huber,Huber_2
959,SI_ref_15,PSB,CAR,Synthetic,0.898502105289309,0.8524952965263042,Huber,Huber_2
963,SI_ref_15,PSB,CAR,Synthetic,0.8690891098845278,0.8524952965263042,Huber,Huber_2
976,SI_ref_15,PSB,PYR,Synthetic,0.9599614728522631,0.9406306516992624,Huber,Huber_2
980,SI_ref_15,PSB,PYR,Synthetic,0.8739092070679689,0.9406306516992624,Huber,Huber_2
982,SI_ref_15,PSB,PYR,Synthetic,0.8750456231185068,0.9406306516992624,Huber,Huber_2
983,SI_ref_15,PSB,PYR,Synthetic,0.950707773566655,0.9406306516992624,Huber,Huber_2
1000,SI_ref_15,PSB,TEB,Synthetic,0.8714762044822667,0.9071746038936903,Huber,Huber_2
1001,SI_ref_15,PSB,TEB,Synthetic,0.8650362109004135,0.9071746038936903,Huber,Huber_2
1020,SI_ref_15,PSBOX-A,CAR,Synthetic,0.024826351018054676,0.18626447826112497,Huber,Huber_2
1024,SI_ref_15,PSBOX-A,CAR,Synthetic,0.013386578068051812,0.18626447826112497,Huber,Huber_2
1039,SI_ref_15,PSBOX-A,PYR,Synthetic,0.10520884210859399,0.27439983343408314,Huber,Huber_2
1041,SI_ref_15,PSBOX-A,PYR,Synthetic,0.5321591562240328,0.31840921127467015,Huber,Huber_2
1045,SI_ref_15,PSBOX-A,PYR,Synthetic,0.07450853175519283,0.27439983343408314,Huber,Huber_2
1047,SI_ref_15,PSBOX-A,PYR,Synthetic,0.07530521810797475,0.27439983343408314,Huber,Huber_2
1048,SI_ref_15,PSBOX-A,PYR,Synthetic,0.1335562050140622,0.27439983343408314,Huber,Huber_2
1065,SI_ref_15,PSBOX-A,TEB,Synthetic,0.5160089507499187,0.284953163469098,Huber,Huber_2
1070,SI_ref_15,PSBOX-A,TEB,Synthetic,0.04527670142322688,0.240943785628511,Huber,Huber_2
1071,SI_ref_15,PSBOX-A,TEB,Synthetic,0.04243318293660387,0.240943785628511,Huber,Huber_2
1095,SI_ref_17,Pristine SCG biochar,CBZ,Synthetic,0.9071706166070994,0.7464742498523349,Huber,Huber_2
1104,SI_ref_17,Pristine SCG biochar,CBZ,Synthetic,0.8748284470323213,0.9217264049696209,Huber,Huber_2
1108,SI_ref_17,Pristine SCG biochar,CBZ,Synthetic,0.8967497590877974,0.8777170271290339,Huber,Huber_2
1112,SI_ref_17,Pristine SCG biochar,CBZ,Synthetic,0.8867934815653573,0.8777170271290339,Huber,Huber_2
1115,SI_ref_17,Pristine SCG biochar,CBZ,Synthetic,0.925161257978969,0.7464742498523349,Huber,Huber_2
1116,SI_ref_17,Pristine SCG biochar,EE2,Synthetic,0.9879675366998732,1.0102156135022984,Huber,Huber_2
1117,SI_ref_17,Pristine SCG biochar,EE2,Synthetic,0.9630524728687239,0.8789728362255993,Huber,Huber_2
1118,SI_ref_17,Pristine SCG biochar,EE2,Synthetic,0.9308917481943695,0.9960758279369851,Huber,Huber_2
1119,SI_ref_17,Pristine SCG biochar,EE2,Synthetic,0.9610835485312063,0.864833050660286,Huber,Huber_2
1120,SI_ref_17,Pristine SCG biochar,EE2,Synthetic,0.8890050918282607,0.9733559853482128,Huber,Huber_2
1121,SI_ref_17,Pristine SCG biochar,EE2,Synthetic,0.9527872619203276,0.8421132080715137,Huber,Huber_2
1122,SI_ref_17,Pristine SCG biochar,EE2,Synthetic,0.8965951913819401,0.9589343120482728,Huber,Huber_2
1123,SI_ref_17,Pristine SCG biochar,EE2,Synthetic,0.9558259103687238,0.8276915347715739,Huber,Huber_2
1124,SI_ref_17,Pristine SCG biochar,EE2,Synthetic,0.8793895099735648,0.9504836690307162,Huber,Huber_2
1125,SI_ref_17,Pristine SCG biochar,EE2,Synthetic,0.9519368217180961,0.8192408917540173,Huber,Huber_2
1126,SI_ref_17,Pristine SCG biochar,EE2,Synthetic,0.8770554520720774,0.9444838060547042,Huber,Huber_2
1127,SI_ref_17,Pristine SCG biochar,EE2,Synthetic,0.9377852461427824,0.8132410287780052,Huber,Huber_2
1128,SI_ref_17,Pristine SCG biochar,EE2,Synthetic,0.8833014060151289,0.9384815321602039,Huber,Huber_2
1129,SI_ref_17,Pristine SCG biochar,EE2,Synthetic,0.9348668633411785,0.8072387548835048,Huber,Huber_2
1132,SI_ref_17,Pristine SCG biochar,EE2,Synthetic,0.8374361704672763,0.9300188387222201,Huber,Huber_2
1133,SI_ref_17,Pristine SCG biochar,EE2,Synthetic,0.8609155049620831,0.798776061445521,Huber,Huber_2
1137,SI_ref_17,Pristine SCG biochar,EE2,Synthetic,0.8257334628724249,0.798776061445521,Huber,Huber_2
1147,SI_ref_17,Pristine SCG biochar,EE2,Synthetic,0.8965862728271835,0.798776061445521,Huber,Huber_2
1170,SI_ref_17,Pristine SCG biochar,IBU,Synthetic,0.7820004901373623,0.9148057120153688,Huber,Huber_2
1183,SI_ref_17,Pristine SCG biochar,IBU,Synthetic,0.9114748664800524,0.8275723125792569,Huber,Huber_2
1184,SI_ref_17,Pristine SCG biochar,IBU,Synthetic,0.9484982246288517,1.0028244676965428,Huber,Huber_2
1186,SI_ref_17,Pristine SCG biochar,IBU,Synthetic,0.893754721851682,0.9588150898559559,Huber,Huber_2
1189,SI_ref_17,Pristine SCG biochar,IBU,Synthetic,0.9210277046979152,0.8275723125792569,Huber,Huber_2
1191,SI_ref_17,Pristine SCG biochar,IBU,Synthetic,0.9513456586569363,0.8275723125792569,Huber,Huber_2
1192,SI_ref_17,Pristine SCG biochar,IBU,Synthetic,0.9226237248225028,0.9588150898559559,Huber,Huber_2
1194,SI_ref_17,Pristine SCG biochar,IBU,Synthetic,0.8857728699803085,0.9588150898559559,Huber,Huber_2
1199,SI_ref_18,Pristine SCW Biochar,DCF,Secondary effluent,0.918928852227115,1.0948269369966166,Huber,Huber_2
1201,SI_ref_18,Pristine SCW Biochar,DCF,Secondary effluent,0.9102784904019702,1.0806871514313037,Huber,Huber_2
1203,SI_ref_18,Pristine SCW Biochar,DCF,Secondary effluent,0.9056826438576806,1.0663796231814562,Huber,Huber_2
1205,SI_ref_18,Pristine SCW Biochar,DCF,Secondary effluent,0.9047459643543814,1.0519866632397736,Huber,Huber_2
1207,SI_ref_18,Pristine SCW Biochar,DCF,Secondary effluent,0.9046272834515193,1.037550588558101,Huber,Huber_2
1209,SI_ref_18,Pristine SCW Biochar,DCF,Secondary effluent,0.9011959807369067,1.0290951295490225,Huber,Huber_2
1211,SI_ref_18,Pristine SCW Biochar,DCF,Secondary effluent,0.9001936082465184,1.0230928556545225,Huber,Huber_2
1214,SI_ref_18,Pristine SCW Biochar,DCF,Lake water,0.9077130214504949,0.9887583603958312,Huber,Huber_2
1219,SI_ref_18,Pristine SCW Biochar,DCF,Secondary effluent,0.9048873911798646,1.0146301622165386,Huber,Huber_2
1225,SI_ref_18,Pristine SCW Biochar,DCF,Lake water,0.9209005359691885,1.0107630493161248,Huber,Huber_2
1230,SI_ref_18,Pristine SCW Biochar,DCF,Lake water,0.9255037841040696,1.0107630493161248,Huber,Huber_2
1236,SI_ref_18,Pristine SCW Biochar,DCF,Lake water,0.9092724465153025,1.0107630493161248,Huber,Huber_2
1239,SI_ref_18,Pristine SCW Biochar,DCF,Secondary effluent,0.9186059768996898,1.0146301622165386,Huber,Huber_2
1245,SI_ref_18,Pristine SCW Biochar,DCF,Lake water,0.926603142736896,1.0327677382364182,Huber,Huber_2
1249,SI_ref_18,Pristine SCW Biochar,DCF,Secondary effluent,0.9174019043807426,1.0146301622165386,Huber,Huber_2
1254,SI_ref_18,Pristine SCW Biochar,IBU,Secondary effluent,0.9156726978407875,1.1548132736370014,Huber,Huber_2
1256,SI_ref_18,Pristine SCW Biochar,IBU,Secondary effluent,0.9079673942368781,1.1406734880716882,Huber,Huber_2
1258,SI_ref_18,Pristine SCW Biochar,IBU,Secondary effluent,0.9043236251446873,1.126365959821841,Huber,Huber_2
1260,SI_ref_18,Pristine SCW Biochar,IBU,Secondary effluent,0.9020547983951682,1.1119729998801584,Huber,Huber_2
1262,SI_ref_18,Pristine SCW Biochar,IBU,Secondary effluent,0.9004882379050155,1.0975369251984857,Huber,Huber_2
1264,SI_ref_18,Pristine SCW Biochar,IBU,Secondary effluent,0.897458530238549,1.0890814661894073,Huber,Huber_2
1266,SI_ref_18,Pristine SCW Biochar,IBU,Secondary effluent,0.8973424975849196,1.083079192294907,Huber,Huber_2
1274,SI_ref_18,Pristine SCW Biochar,IBU,Secondary effluent,0.8992057856547054,1.0746164988569231,Huber,Huber_2
1283,SI_ref_18,Pristine SCW Biochar,IBU,Lake water,0.9158900362354069,1.0707493859565094,Huber,Huber_2
1291,SI_ref_18,Pristine SCW Biochar,IBU,Lake water,0.9068652159539504,1.0707493859565094,Huber,Huber_2
1293,SI_ref_18,Pristine SCW Biochar,IBU,Lake water,0.9067682424855283,1.0707493859565094,Huber,Huber_2
1300,SI_ref_18,Pristine SCW Biochar,IBU,Lake water,0.9277221749920567,1.0927540748768028,Huber,Huber_2
1304,SI_ref_18,Pristine SCW Biochar,IBU,Secondary effluent,0.911352956646831,1.0746164988569231,Huber,Huber_2
1309,SI_ref_18,Pristine SCW Biochar,NPX,Secondary effluent,0.9276600601799115,0.8708629847901089,Huber,Huber_2
1311,SI_ref_18,Pristine SCW Biochar,NPX,Secondary effluent,0.9217275625657669,0.8567231992247957,Huber,Huber_2
1313,SI_ref_18,Pristine SCW Biochar,NPX,Secondary effluent,0.9151672500810683,0.8424156709749483,Huber,Huber_2
1315,SI_ref_18,Pristine SCW Biochar,NPX,Secondary effluent,0.914870212237198,0.8280227110332659,Huber,Huber_2
1317,SI_ref_18,Pristine SCW Biochar,NPX,Secondary effluent,0.9125118045566373,0.813586636351593,Huber,Huber_2
1319,SI_ref_18,Pristine SCW Biochar,NPX,Secondary effluent,0.9122370962869346,0.8051311773425147,Huber,Huber_2
1321,SI_ref_18,Pristine SCW Biochar,NPX,Secondary effluent,0.9100475600528815,0.7991289034480145,Huber,Huber_2
1329,SI_ref_18,Pristine SCW Biochar,NPX,Secondary effluent,0.910898633301941,0.7906662100100308,Huber,Huber_2
1330,SI_ref_18,Pristine SCW Biochar,NPX,Lake water,0.9241969522882365,0.7867990971096168,Huber,Huber_2
1340,SI_ref_18,Pristine SCW Biochar,NPX,Lake water,0.9210401821004949,0.770335398578371,Huber,Huber_2
1344,SI_ref_18,Pristine SCW Biochar,NPX,Lake water,0.9309313456555985,0.8308084749502038,Huber,Huber_2
19,SI_ref_19,AMCB,IBU,Lake water,0.12160249298048154,0.40094944830429374,KNN,KNN_1
20,SI_ref_19,AMCB,IBU,Ground water,0.0023766372681587895,0.23657344686653353,KNN,KNN_1
26,SI_ref_19,AMCB,IBU,Ground water,0.1894672613641715,0.2603945557996516,KNN,KNN_1
27,SI_ref_19,AMCB,IBU,Lake water,0.343266669603983,0.39967592746276326,KNN,KNN_1
36,SI_ref_19,AMCB,IBU,Ground water,0.41496556078686897,0.20144329346395937,KNN,KNN_1
42,SI_ref_19,AMCB,IBU,Ground water,0.5182383095521604,0.18268964202699448,KNN,KNN_1
45,SI_ref_19,AMCB,IBU,Lake water,0.5439346954470261,0.44135793846488225,KNN,KNN_1
46,SI_ref_19,AMCB,IBU,Ground water,0.48210720700720494,0.2920956799497814,KNN,KNN_1
51,SI_ref_19,AMCB,IBU,Lake water,0.0829192384873889,0.4368066727014612,KNN,KNN_1
52,SI_ref_19,AMCB,IBU,Ground water,0.003531050071646246,0.2834626998860552,KNN,KNN_1
56,SI_ref_19,AMCB,IBU,Ground water,0.17260220522445793,0.28538701495958274,KNN,KNN_1
57,SI_ref_19,AMCB,IBU,Lake water,0.2799685707152232,0.44353734099214204,KNN,KNN_1
66,SI_ref_19,AMCB,IBU,Ground water,0.4885549946229274,0.2012406555837142,KNN,KNN_1
72,SI_ref_19,AMCB,IBU,Ground water,0.5107350299703324,0.17964352835022307,KNN,KNN_1
75,SI_ref_19,AMCB,IBU,Lake water,0.539673236909249,0.4638650996950885,KNN,KNN_1
76,SI_ref_19,AMCB,IBU,Ground water,0.4945842701164504,0.30641017337985044,KNN,KNN_1
81,SI_ref_19,AMCB,IBU,Lake water,0.11734271672387758,0.46265280403595344,KNN,KNN_1
82,SI_ref_19,AMCB,IBU,Ground water,0.0,0.28666891090246127,KNN,KNN_1
86,SI_ref_19,AMCB,IBU,Ground water,0.16952726930244136,0.2771858995696947,KNN,KNN_1
87,SI_ref_19,AMCB,IBU,Lake water,0.245380335735257,0.46558851607987806,KNN,KNN_1
96,SI_ref_19,AMCB,IBU,Ground water,0.45590621693388655,0.24980719708130011,KNN,KNN_1
110,SI_ref_19,AMCB,IBU,Ground water,0.5205305455205957,0.2352173269921038,KNN,KNN_1
113,SI_ref_19,AMCB,IBU,Lake water,0.5570792394486925,0.4160698108709722,KNN,KNN_1
114,SI_ref_19,AMCB,IBU,Ground water,0.48301499525722014,0.3449921736924772,KNN,KNN_1
134,SI_ref_17,Alkali-modified SCG biochars,CBZ,Synthetic,0.00635796336582959,0.017435978857195084,KNN,KNN_1
143,SI_ref_17,Alkali-modified SCG biochars,CBZ,Synthetic,0.12158111194827703,0.386381332818589,KNN,KNN_1
146,SI_ref_17,Alkali-modified SCG biochars,CBZ,Synthetic,0.6777397154224275,0.22322747556032385,KNN,KNN_1
150,SI_ref_17,Alkali-modified SCG biochars,CBZ,Synthetic,0.8144073973371778,0.22322747556032385,KNN,KNN_1
153,SI_ref_17,Alkali-modified SCG biochars,CBZ,Synthetic,0.5612135486607656,0.017435978857195084,KNN,KNN_1
154,SI_ref_17,Alkali-modified SCG biochars,EE2,Synthetic,0.32691906294512396,0.5013918987995384,KNN,KNN_1
155,SI_ref_17,Alkali-modified SCG biochars,EE2,Synthetic,0.281684429186895,0.21031573422401523,KNN,KNN_1
156,SI_ref_17,Alkali-modified SCG biochars,EE2,Synthetic,0.2985885901242538,0.513048440431837,KNN,KNN_1
157,SI_ref_17,Alkali-modified SCG biochars,EE2,Synthetic,0.1736546812353491,0.13260973353925148,KNN,KNN_1
158,SI_ref_17,Alkali-modified SCG biochars,EE2,Synthetic,0.08297647774499996,0.39969809036261017,KNN,KNN_1
159,SI_ref_17,Alkali-modified SCG biochars,EE2,Synthetic,0.0890939833732563,0.06147627153233115,KNN,KNN_1
160,SI_ref_17,Alkali-modified SCG biochars,EE2,Synthetic,0.12434438865468556,0.1079472564987601,KNN,KNN_1
161,SI_ref_17,Alkali-modified SCG biochars,EE2,Synthetic,0.0719303611000807,0.40507033834287987,KNN,KNN_1
162,SI_ref_17,Alkali-modified SCG biochars,EE2,Synthetic,0.050886215526030655,0.1079472564987601,KNN,KNN_1
163,SI_ref_17,Alkali-modified SCG biochars,EE2,Synthetic,0.06892444951131721,0.4260732101930948,KNN,KNN_1
164,SI_ref_17,Alkali-modified SCG biochars,EE2,Synthetic,0.0402114435413677,0.10794725649876012,KNN,KNN_1
165,SI_ref_17,Alkali-modified SCG biochars,EE2,Synthetic,0.06161971981332274,0.4398653876156635,KNN,KNN_1
166,SI_ref_17,Alkali-modified SCG biochars,EE2,Synthetic,0.014122078362060976,0.10794725649876011,KNN,KNN_1
167,SI_ref_17,Alkali-modified SCG biochars,EE2,Synthetic,0.06227375203350968,0.45654468231496026,KNN,KNN_1
170,SI_ref_17,Alkali-modified SCG biochars,EE2,Synthetic,0.13791601981601773,0.1079472564987601,KNN,KNN_1
171,SI_ref_17,Alkali-modified SCG biochars,EE2,Synthetic,0.09051861058315946,0.4821263491934375,KNN,KNN_1
180,SI_ref_17,Alkali-modified SCG biochars,EE2,Synthetic,0.2279548813058391,0.4821263491934375,KNN,KNN_1
203,SI_ref_17,Alkali-modified SCG biochars,IBU,Synthetic,0.10913541523053398,0.17795120746091433,KNN,KNN_1
216,SI_ref_17,Alkali-modified SCG biochars,IBU,Synthetic,0.10107027265594352,0.09570711771197773,KNN,KNN_1
217,SI_ref_17,Alkali-modified SCG biochars,IBU,Synthetic,0.6889998443034063,0.38811753330578236,KNN,KNN_1
219,SI_ref_17,Alkali-modified SCG biochars,IBU,Synthetic,0.1184746430703935,0.35701547926053406,KNN,KNN_1
222,SI_ref_17,Alkali-modified SCG biochars,IBU,Synthetic,0.04374442489311713,0.09570711771197773,KNN,KNN_1
224,SI_ref_17,Alkali-modified SCG biochars,IBU,Synthetic,0.2945083196339574,0.09570711771197773,KNN,KNN_1
225,SI_ref_17,Alkali-modified SCG biochars,IBU,Synthetic,0.5901579894748284,0.35701547926053406,KNN,KNN_1
227,SI_ref_17,Alkali-modified SCG biochars,IBU,Synthetic,0.6910697148739985,0.35701547926053406,KNN,KNN_1
235,SI_ref_16,C-Biochar,ATE,Synthetic,0.8511111111111113,0.8029046015712684,KNN,KNN_1
237,SI_ref_16,C-Biochar,ATE,Synthetic,0.8733333333333334,0.8029046015712684,KNN,KNN_1
239,SI_ref_16,C-Biochar,ATE,Synthetic,0.6511111111111112,0.605411112804462,KNN,KNN_1
241,SI_ref_16,C-Biochar,ATE,Synthetic,0.7774074074074075,0.8029046015712684,KNN,KNN_1
247,SI_ref_16,C-Biochar,CBZ,Synthetic,0.44146825396825395,0.6213666247178735,KNN,KNN_1
249,SI_ref_16,C-Biochar,CBZ,Synthetic,0.4430976430976431,0.48237654320987655,KNN,KNN_1
253,SI_ref_16,C-Biochar,CBZ,Synthetic,0.4044973544973545,0.48237654320987655,KNN,KNN_1
255,SI_ref_16,C-Biochar,CBZ,Synthetic,0.46792328042328046,0.5619774401402646,KNN,KNN_1
257,SI_ref_16,C-Biochar,CBZ,Synthetic,0.46197089947089953,0.6634016810324207,KNN,KNN_1
273,SI_ref_16,C-Biochar,IBU,Synthetic,0.6000000000000001,0.5725157502594099,KNN,KNN_1
278,SI_ref_16,C-Biochar,IBU,Synthetic,0.8430555555555557,0.5802020202020202,KNN,KNN_1
299,SI_ref_19,CB,IBU,Lake water,0.9811931645978613,0.9249450467552759,KNN,KNN_1
300,SI_ref_19,CB,IBU,Ground water,0.9595058090644278,0.9203465954977389,KNN,KNN_1
304,SI_ref_19,CB,IBU,Ground water,0.9323428884090048,0.9368317399941302,KNN,KNN_1
305,SI_ref_19,CB,IBU,Lake water,0.9442367850805692,0.9249450467552759,KNN,KNN_1
320,SI_ref_19,CB,IBU,Ground water,0.9303445651202417,0.9565152310881185,KNN,KNN_1
326,SI_ref_19,CB,IBU,Ground water,0.9318432124429017,0.9565152310881185,KNN,KNN_1
329,SI_ref_19,CB,IBU,Lake water,0.9296205387839244,0.9249450467552759,KNN,KNN_1
330,SI_ref_19,CB,IBU,Ground water,0.9174641264203113,0.9203465954977389,KNN,KNN_1
345,SI_ref_14,GCRB,ALA,Synthetic,0.9324051079932012,0.9462518024165384,KNN,KNN_1
348,SI_ref_14,GCRB,ALA,Synthetic,0.959711660682908,0.9386664134076425,KNN,KNN_1
374,SI_ref_14,GCRB,DIU,Synthetic,1.0082496176169822,0.9352579736266818,KNN,KNN_1
376,SI_ref_14,GCRB,SIM,Synthetic,0.9862955626477844,0.9695443690344284,KNN,KNN_1
377,SI_ref_14,GCRB,SIM,Synthetic,0.9834030650434858,0.9686246221151438,KNN,KNN_1
378,SI_ref_14,GCRB,SIM,Synthetic,0.9809240251187635,0.960971173683884,KNN,KNN_1
379,SI_ref_14,GCRB,SIM,Synthetic,0.977408497407208,0.9684055596046383,KNN,KNN_1
380,SI_ref_14,GCRB,SIM,Synthetic,0.9725866254178165,0.9609539065566272,KNN,KNN_1
381,SI_ref_14,GCRB,SIM,Synthetic,0.9707397150816074,0.9609539065566272,KNN,KNN_1
382,SI_ref_14,GCRB,SIM,Synthetic,0.9682512913168398,0.960953906556627,KNN,KNN_1
383,SI_ref_14,GCRB,SIM,Synthetic,0.9596267727831934,0.8826529030553443,KNN,KNN_1
393,SI_ref_14,GCRB,SIM,Synthetic,0.9681949882765674,0.9609539065566273,KNN,KNN_1
397,SI_ref_14,GCRB,SIM,Synthetic,0.9595581925458377,0.9609539065566273,KNN,KNN_1
410,SI_ref_14,GCRB-N,ALA,Synthetic,0.42098834230158483,0.3877307736323046,KNN,KNN_1
419,SI_ref_14,GCRB-N,ALA,Synthetic,0.3038540896584293,0.8095476866923599,KNN,KNN_1
428,SI_ref_14,GCRB-N,ALA,Synthetic,0.2941679236692388,0.8094524783371442,KNN,KNN_1
437,SI_ref_14,GCRB-N,ALA,Synthetic,0.299011006663834,0.8095000825147521,KNN,KNN_1
459,SI_ref_14,GCRB-N,DIU,Synthetic,0.6455190877003087,0.12629127082807837,KNN,KNN_1
468,SI_ref_14,GCRB-N,DIU,Synthetic,0.6564705601884918,0.13173953864692908,KNN,KNN_1
477,SI_ref_14,GCRB-N,DIU,Synthetic,0.6413243626564091,0.12901540473750372,KNN,KNN_1
480,SI_ref_14,GCRB-N,SIM,Synthetic,0.8709260833889569,0.7105839308500452,KNN,KNN_1
481,SI_ref_14,GCRB-N,SIM,Synthetic,0.7937886433454202,0.7069991050028893,KNN,KNN_1
482,SI_ref_14,GCRB-N,SIM,Synthetic,0.7230251055630271,0.6267712924619525,KNN,KNN_1
483,SI_ref_14,GCRB-N,SIM,Synthetic,0.6451471952322713,0.5243249514202248,KNN,KNN_1
484,SI_ref_14,GCRB-N,SIM,Synthetic,0.579106572580609,0.5694806531741079,KNN,KNN_1
485,SI_ref_14,GCRB-N,SIM,Synthetic,0.5461098630342859,0.5694845965878543,KNN,KNN_1
486,SI_ref_14,GCRB-N,SIM,Synthetic,0.526458395826474,0.5694920987693051,KNN,KNN_1
487,SI_ref_14,GCRB-N,SIM,Synthetic,0.44952651357619516,0.2940622797773006,KNN,KNN_1
493,SI_ref_14,GCRB-N,SIM,Synthetic,0.525804086252399,0.48449664301281564,KNN,KNN_1
502,SI_ref_14,GCRB-N,SIM,Synthetic,0.8453757948497886,0.40066251926877233,KNN,KNN_1
511,SI_ref_14,GCRB-N,SIM,Synthetic,0.8584308799035202,0.395916297934069,KNN,KNN_1
520,SI_ref_14,GCRB-N,SIM,Synthetic,0.8519033373766544,0.39828940860142065,KNN,KNN_1
540,SI_ref_19,MCB,IBU,Lake water,0.9742126323294387,0.9196891703292159,KNN,KNN_1
541,SI_ref_19,MCB,IBU,Ground water,0.9483485035015843,0.9139840582845734,KNN,KNN_1
547,SI_ref_19,MCB,IBU,Ground water,0.9263512886233829,0.932220690730021,KNN,KNN_1
548,SI_ref_19,MCB,IBU,Lake water,0.9349728899053784,0.9221409927912942,KNN,KNN_1
565,SI_ref_19,MCB,IBU,Ground water,0.9254612605703445,0.9497428031419776,KNN,KNN_1
571,SI_ref_19,MCB,IBU,Ground water,0.927696260267614,0.9540417333843652,KNN,KNN_1
574,SI_ref_19,MCB,IBU,Lake water,0.9258585842402297,0.9246186318837091,KNN,KNN_1
575,SI_ref_19,MCB,IBU,Ground water,0.9173366162788351,0.9138602614663,KNN,KNN_1
580,SI_ref_19,MCB,IBU,Lake water,0.974635205338439,0.923402982016558,KNN,KNN_1
581,SI_ref_19,MCB,IBU,Ground water,0.95367292982704,0.9155374767076108,KNN,KNN_1
585,SI_ref_19,MCB,IBU,Ground water,0.925414707326754,0.9370108379963782,KNN,KNN_1
586,SI_ref_19,MCB,IBU,Lake water,0.9347814302861347,0.92223241336914,KNN,KNN_1
595,SI_ref_19,MCB,IBU,Ground water,0.9248851497651674,0.9500559282973959,KNN,KNN_1
601,SI_ref_19,MCB,IBU,Ground water,0.9300914246503462,0.9524682372028705,KNN,KNN_1
604,SI_ref_19,MCB,IBU,Lake water,0.9282701343021136,0.9206641054102547,KNN,KNN_1
605,SI_ref_19,MCB,IBU,Ground water,0.9160948152334054,0.915565152352456,KNN,KNN_1
610,SI_ref_19,MCB,IBU,Lake water,0.9716179138912365,0.9207312484806963,KNN,KNN_1
611,SI_ref_19,MCB,IBU,Ground water,0.9529992532644452,0.9148671919292335,KNN,KNN_1
615,SI_ref_19,MCB,IBU,Ground water,0.9284499518994666,0.9339622151479657,KNN,KNN_1
616,SI_ref_19,MCB,IBU,Lake water,0.935069554315652,0.9204152314636403,KNN,KNN_1
625,SI_ref_19,MCB,IBU,Ground water,0.9258221154816445,0.9384277300548254,KNN,KNN_1
631,SI_ref_19,MCB,IBU,Ground water,0.9296259863973036,0.9407828629801448,KNN,KNN_1
634,SI_ref_19,MCB,IBU,Lake water,0.9271225782160609,0.9205290054149958,KNN,KNN_1
635,SI_ref_19,MCB,IBU,Ground water,0.9188076045934327,0.914190651796175,KNN,KNN_1
640,SI_ref_18,NaOH-activated SCW biochars,DCF,Secondary effluent,0.7547018161110076,0.4778068321938545,KNN,KNN_1
642,SI_ref_18,NaOH-activated SCW biochars,DCF,Secondary effluent,0.6981463000238689,0.5371809586507347,KNN,KNN_1
644,SI_ref_18,NaOH-activated SCW biochars,DCF,Secondary effluent,0.6293744945066856,0.5184699218413794,KNN,KNN_1
646,SI_ref_18,NaOH-activated SCW biochars,DCF,Secondary effluent,0.588788451165352,0.5795183369107038,KNN,KNN_1
648,SI_ref_18,NaOH-activated SCW biochars,DCF,Secondary effluent,0.5891686823750966,0.4760809555683126,KNN,KNN_1
650,SI_ref_18,NaOH-activated SCW biochars,DCF,Secondary effluent,0.5849511312086796,0.4760809555683125,KNN,KNN_1
652,SI_ref_18,NaOH-activated SCW biochars,DCF,Secondary effluent,0.5864672759838442,0.4760809555683126,KNN,KNN_1
655,SI_ref_18,NaOH-activated SCW biochars,DCF,Lake water,0.28283236606156975,0.4528761663855286,KNN,KNN_1
657,SI_ref_18,NaOH-activated SCW biochars,DCF,Lake water,0.4098052873550469,0.3163223984983145,KNN,KNN_1
662,SI_ref_18,NaOH-activated SCW biochars,DCF,Secondary effluent,0.600008865661574,0.2940908471881757,KNN,KNN_1
668,SI_ref_18,NaOH-activated SCW biochars,DCF,Lake water,0.5638671837826676,0.4528761663855286,KNN,KNN_1
673,SI_ref_18,NaOH-activated SCW biochars,DCF,Lake water,0.5356816504619031,0.4528761663855286,KNN,KNN_1
679,SI_ref_18,NaOH-activated SCW biochars,DCF,Lake water,0.48550836273532816,0.4528761663855286,KNN,KNN_1
682,SI_ref_18,NaOH-activated SCW biochars,DCF,Secondary effluent,0.5965252581670849,0.2940908471881757,KNN,KNN_1
688,SI_ref_18,NaOH-activated SCW biochars,DCF,Lake water,0.5703611171190489,0.3741541043440547,KNN,KNN_1
693,SI_ref_18,NaOH-activated SCW biochars,DCF,Secondary effluent,0.6557026735074662,0.2940908471881757,KNN,KNN_1
694,SI_ref_18,NaOH-activated SCW biochars,DCF,Lake water,0.7297297292522416,0.4528761663855286,KNN,KNN_1
699,SI_ref_18,NaOH-activated SCW biochars,IBU,Secondary effluent,0.8098199350756726,0.5194985787199491,KNN,KNN_1
701,SI_ref_18,NaOH-activated SCW biochars,IBU,Secondary effluent,0.7485969905050348,0.5975289638793848,KNN,KNN_1
703,SI_ref_18,NaOH-activated SCW biochars,IBU,Secondary effluent,0.6850179499229786,0.6115754226652027,KNN,KNN_1
705,SI_ref_18,NaOH-activated SCW biochars,IBU,Secondary effluent,0.6861011679416551,0.5072994301429256,KNN,KNN_1
707,SI_ref_18,NaOH-activated SCW biochars,IBU,Secondary effluent,0.6799185617433835,0.5097747668403818,KNN,KNN_1
709,SI_ref_18,NaOH-activated SCW biochars,IBU,Secondary effluent,0.6765813990931481,0.5097747668403818,KNN,KNN_1
711,SI_ref_18,NaOH-activated SCW biochars,IBU,Secondary effluent,0.6777803451607008,0.5097747668403819,KNN,KNN_1
712,SI_ref_18,NaOH-activated SCW biochars,IBU,Lake water,0.10371139816269948,0.6421381708759356,KNN,KNN_1
714,SI_ref_18,NaOH-activated SCW biochars,IBU,Lake water,0.46656560236114836,0.6421381708759356,KNN,KNN_1
721,SI_ref_18,NaOH-activated SCW biochars,IBU,Secondary effluent,0.675113405421536,0.5097747668403818,KNN,KNN_1
730,SI_ref_18,NaOH-activated SCW biochars,IBU,Lake water,0.627404015064595,0.6421381708759356,KNN,KNN_1
738,SI_ref_18,NaOH-activated SCW biochars,IBU,Lake water,0.6298527247859258,0.6421381708759356,KNN,KNN_1
740,SI_ref_18,NaOH-activated SCW biochars,IBU,Lake water,0.5791171913994386,0.6421381708759356,KNN,KNN_1
747,SI_ref_18,NaOH-activated SCW biochars,IBU,Lake water,0.6846241766923425,0.49130647519602916,KNN,KNN_1
752,SI_ref_18,NaOH-activated SCW biochars,IBU,Secondary effluent,0.7252319435730717,0.5097747668403818,KNN,KNN_1
758,SI_ref_18,NaOH-activated SCW biochars,NPX,Secondary effluent,0.5521972966156422,0.329135467381755,KNN,KNN_1
760,SI_ref_18,NaOH-activated SCW biochars,NPX,Secondary effluent,0.4814245289032641,0.2723955651380022,KNN,KNN_1
762,SI_ref_18,NaOH-activated SCW biochars,NPX,Secondary effluent,0.34455951981715066,0.17310775646117305,KNN,KNN_1
764,SI_ref_18,NaOH-activated SCW biochars,NPX,Secondary effluent,0.2493517679350271,0.08903313981240418,KNN,KNN_1
766,SI_ref_18,NaOH-activated SCW biochars,NPX,Secondary effluent,0.16764900163614713,0.07657770344427264,KNN,KNN_1
768,SI_ref_18,NaOH-activated SCW biochars,NPX,Secondary effluent,0.12846350911521487,0.07657770344427266,KNN,KNN_1
770,SI_ref_18,NaOH-activated SCW biochars,NPX,Secondary effluent,0.12873702561203082,0.07657770344427266,KNN,KNN_1
771,SI_ref_18,NaOH-activated SCW biochars,NPX,Lake water,0.03570310331741743,0.04177680231927232,KNN,KNN_1
780,SI_ref_18,NaOH-activated SCW biochars,NPX,Secondary effluent,0.11864589305153721,0.07657770344427266,KNN,KNN_1
781,SI_ref_18,NaOH-activated SCW biochars,NPX,Lake water,0.04234525136924403,0.04177680231927232,KNN,KNN_1
791,SI_ref_18,NaOH-activated SCW biochars,NPX,Lake water,0.05751855059175114,0.445866575558768,KNN,KNN_1
795,SI_ref_18,NaOH-activated SCW biochars,NPX,Lake water,0.1386164882936624,0.6141396608575108,KNN,KNN_1
859,SI_ref_13,PB600,CBZ,Synthetic,0.4773489932885906,0.46979922776475563,KNN,KNN_1
892,SI_ref_13,PB600,IBU,Synthetic,0.8533052267445003,0.4514480732508952,KNN,KNN_1
906,SI_ref_13,PB800,CBZ,Synthetic,0.16135346756152125,0.27689885996411173,KNN,KNN_1
939,SI_ref_13,PB800,IBU,Synthetic,0.5875275377054737,0.22183854727696897,KNN,KNN_1
959,SI_ref_15,PSB,CAR,Synthetic,0.898502105289309,0.9101933423237183,KNN,KNN_1
963,SI_ref_15,PSB,CAR,Synthetic,0.8690891098845278,0.9101933423237183,KNN,KNN_1
976,SI_ref_15,PSB,PYR,Synthetic,0.9599614728522631,0.9169719291837115,KNN,KNN_1
980,SI_ref_15,PSB,PYR,Synthetic,0.8739092070679689,0.9169719291837115,KNN,KNN_1
982,SI_ref_15,PSB,PYR,Synthetic,0.8750456231185068,0.9169719291837115,KNN,KNN_1
983,SI_ref_15,PSB,PYR,Synthetic,0.950707773566655,0.9169719291837115,KNN,KNN_1
1000,SI_ref_15,PSB,TEB,Synthetic,0.8714762044822667,0.9257478503360173,KNN,KNN_1
1001,SI_ref_15,PSB,TEB,Synthetic,0.8650362109004135,0.9257478503360173,KNN,KNN_1
1020,SI_ref_15,PSBOX-A,CAR,Synthetic,0.024826351018054676,0.028669885964317403,KNN,KNN_1
1024,SI_ref_15,PSBOX-A,CAR,Synthetic,0.013386578068051812,0.028669885964317403,KNN,KNN_1
1039,SI_ref_15,PSBOX-A,PYR,Synthetic,0.10520884210859399,0.1581624827704399,KNN,KNN_1
1041,SI_ref_15,PSBOX-A,PYR,Synthetic,0.5321591562240328,0.4422525736976665,KNN,KNN_1
1045,SI_ref_15,PSBOX-A,PYR,Synthetic,0.07450853175519283,0.1581624827704399,KNN,KNN_1
1047,SI_ref_15,PSBOX-A,PYR,Synthetic,0.07530521810797475,0.1581624827704399,KNN,KNN_1
1048,SI_ref_15,PSBOX-A,PYR,Synthetic,0.1335562050140622,0.1581624827704399,KNN,KNN_1
1065,SI_ref_15,PSBOX-A,TEB,Synthetic,0.5160089507499187,0.4422525736976665,KNN,KNN_1
1070,SI_ref_15,PSBOX-A,TEB,Synthetic,0.04527670142322688,0.15226468493423226,KNN,KNN_1
1071,SI_ref_15,PSBOX-A,TEB,Synthetic,0.04243318293660387,0.15226468493423226,KNN,KNN_1
1095,SI_ref_17,Pristine SCG biochar,CBZ,Synthetic,0.9071706166070994,0.9073167537122917,KNN,KNN_1
1104,SI_ref_17,Pristine SCG biochar,CBZ,Synthetic,0.8748284470323213,0.7981726505528548,KNN,KNN_1
1108,SI_ref_17,Pristine SCG biochar,CBZ,Synthetic,0.8967497590877974,0.9009101683699082,KNN,KNN_1
1112,SI_ref_17,Pristine SCG biochar,CBZ,Synthetic,0.8867934815653573,0.9018184608211737,KNN,KNN_1
1115,SI_ref_17,Pristine SCG biochar,CBZ,Synthetic,0.925161257978969,0.9073167537122917,KNN,KNN_1
1116,SI_ref_17,Pristine SCG biochar,EE2,Synthetic,0.9879675366998732,0.951246946758327,KNN,KNN_1
1117,SI_ref_17,Pristine SCG biochar,EE2,Synthetic,0.9630524728687239,0.9288142683696234,KNN,KNN_1
1118,SI_ref_17,Pristine SCG biochar,EE2,Synthetic,0.9308917481943695,0.9485011257944128,KNN,KNN_1
1119,SI_ref_17,Pristine SCG biochar,EE2,Synthetic,0.9610835485312063,0.9229867101739281,KNN,KNN_1
1120,SI_ref_17,Pristine SCG biochar,EE2,Synthetic,0.8890050918282607,0.943480478405416,KNN,KNN_1
1121,SI_ref_17,Pristine SCG biochar,EE2,Synthetic,0.9527872619203276,0.9160207410272745,KNN,KNN_1
1122,SI_ref_17,Pristine SCG biochar,EE2,Synthetic,0.8965951913819401,0.8496618609133217,KNN,KNN_1
1123,SI_ref_17,Pristine SCG biochar,EE2,Synthetic,0.9558259103687238,0.8691608683190603,KNN,KNN_1
1124,SI_ref_17,Pristine SCG biochar,EE2,Synthetic,0.8793895099735648,0.8496618609133217,KNN,KNN_1
1125,SI_ref_17,Pristine SCG biochar,EE2,Synthetic,0.9519368217180961,0.8691608683190604,KNN,KNN_1
1126,SI_ref_17,Pristine SCG biochar,EE2,Synthetic,0.8770554520720774,0.8496618609133217,KNN,KNN_1
1127,SI_ref_17,Pristine SCG biochar,EE2,Synthetic,0.9377852461427824,0.8691608683190603,KNN,KNN_1
1128,SI_ref_17,Pristine SCG biochar,EE2,Synthetic,0.8833014060151289,0.8479525844028097,KNN,KNN_1
1129,SI_ref_17,Pristine SCG biochar,EE2,Synthetic,0.9348668633411785,0.8691608683190606,KNN,KNN_1
1132,SI_ref_17,Pristine SCG biochar,EE2,Synthetic,0.8374361704672763,0.8481015830536099,KNN,KNN_1
1133,SI_ref_17,Pristine SCG biochar,EE2,Synthetic,0.8609155049620831,0.8691608683190604,KNN,KNN_1
1137,SI_ref_17,Pristine SCG biochar,EE2,Synthetic,0.8257334628724249,0.8691608683190604,KNN,KNN_1
1147,SI_ref_17,Pristine SCG biochar,EE2,Synthetic,0.8965862728271835,0.8691608683190604,KNN,KNN_1
1170,SI_ref_17,Pristine SCG biochar,IBU,Synthetic,0.7820004901373623,0.8386785299504244,KNN,KNN_1
1183,SI_ref_17,Pristine SCG biochar,IBU,Synthetic,0.9114748664800524,0.9298563640625892,KNN,KNN_1
1184,SI_ref_17,Pristine SCG biochar,IBU,Synthetic,0.9484982246288517,0.9204363540703181,KNN,KNN_1
1186,SI_ref_17,Pristine SCG biochar,IBU,Synthetic,0.893754721851682,0.9188358348848189,KNN,KNN_1
1189,SI_ref_17,Pristine SCG biochar,IBU,Synthetic,0.9210277046979152,0.9412870727822202,KNN,KNN_1
1191,SI_ref_17,Pristine SCG biochar,IBU,Synthetic,0.9513456586569363,0.9298563640625892,KNN,KNN_1
1192,SI_ref_17,Pristine SCG biochar,IBU,Synthetic,0.9226237248225028,0.9188358348848189,KNN,KNN_1
1194,SI_ref_17,Pristine SCG biochar,IBU,Synthetic,0.8857728699803085,0.9188358348848189,KNN,KNN_1
1199,SI_ref_18,Pristine SCW Biochar,DCF,Secondary effluent,0.918928852227115,0.9265668723303466,KNN,KNN_1
1201,SI_ref_18,Pristine SCW Biochar,DCF,Secondary effluent,0.9102784904019702,0.9245081777650204,KNN,KNN_1
1203,SI_ref_18,Pristine SCW Biochar,DCF,Secondary effluent,0.9056826438576806,0.9267933007246886,KNN,KNN_1
1205,SI_ref_18,Pristine SCW Biochar,DCF,Secondary effluent,0.9047459643543814,0.9142050427698443,KNN,KNN_1
1207,SI_ref_18,Pristine SCW Biochar,DCF,Secondary effluent,0.9046272834515193,0.9117309909840321,KNN,KNN_1
1209,SI_ref_18,Pristine SCW Biochar,DCF,Secondary effluent,0.9011959807369067,0.9117309909840321,KNN,KNN_1
1211,SI_ref_18,Pristine SCW Biochar,DCF,Secondary effluent,0.9001936082465184,0.9117309909840322,KNN,KNN_1
1214,SI_ref_18,Pristine SCW Biochar,DCF,Lake water,0.9077130214504949,0.8981865110877401,KNN,KNN_1
1219,SI_ref_18,Pristine SCW Biochar,DCF,Secondary effluent,0.9048873911798646,0.9117309909840321,KNN,KNN_1
1225,SI_ref_18,Pristine SCW Biochar,DCF,Lake water,0.9209005359691885,0.9257669383060634,KNN,KNN_1
1230,SI_ref_18,Pristine SCW Biochar,DCF,Lake water,0.9255037841040696,0.9257669383060634,KNN,KNN_1
1236,SI_ref_18,Pristine SCW Biochar,DCF,Lake water,0.9092724465153025,0.9257669383060634,KNN,KNN_1
1239,SI_ref_18,Pristine SCW Biochar,DCF,Secondary effluent,0.9186059768996898,0.9117309909840321,KNN,KNN_1
1245,SI_ref_18,Pristine SCW Biochar,DCF,Lake water,0.926603142736896,0.9181167467387898,KNN,KNN_1
1249,SI_ref_18,Pristine SCW Biochar,DCF,Secondary effluent,0.9174019043807426,0.9117309909840321,KNN,KNN_1
1254,SI_ref_18,Pristine SCW Biochar,IBU,Secondary effluent,0.9156726978407875,0.9140142837681342,KNN,KNN_1
1256,SI_ref_18,Pristine SCW Biochar,IBU,Secondary effluent,0.9079673942368781,0.9138903577086704,KNN,KNN_1
1258,SI_ref_18,Pristine SCW Biochar,IBU,Secondary effluent,0.9043236251446873,0.9112939074372264,KNN,KNN_1
1260,SI_ref_18,Pristine SCW Biochar,IBU,Secondary effluent,0.9020547983951682,0.8993178173913688,KNN,KNN_1
1262,SI_ref_18,Pristine SCW Biochar,IBU,Secondary effluent,0.9004882379050155,0.8973138464411266,KNN,KNN_1
1264,SI_ref_18,Pristine SCW Biochar,IBU,Secondary effluent,0.897458530238549,0.8973138464411264,KNN,KNN_1
1266,SI_ref_18,Pristine SCW Biochar,IBU,Secondary effluent,0.8973424975849196,0.8973138464411263,KNN,KNN_1
1274,SI_ref_18,Pristine SCW Biochar,IBU,Secondary effluent,0.8992057856547054,0.8973138464411263,KNN,KNN_1
1283,SI_ref_18,Pristine SCW Biochar,IBU,Lake water,0.9158900362354069,0.9245102252632765,KNN,KNN_1
1291,SI_ref_18,Pristine SCW Biochar,IBU,Lake water,0.9068652159539504,0.9245102252632765,KNN,KNN_1
1293,SI_ref_18,Pristine SCW Biochar,IBU,Lake water,0.9067682424855283,0.9245102252632765,KNN,KNN_1
1300,SI_ref_18,Pristine SCW Biochar,IBU,Lake water,0.9277221749920567,0.9189497120672245,KNN,KNN_1
1304,SI_ref_18,Pristine SCW Biochar,IBU,Secondary effluent,0.911352956646831,0.8973138464411263,KNN,KNN_1
1309,SI_ref_18,Pristine SCW Biochar,NPX,Secondary effluent,0.9276600601799115,0.9243050066120118,KNN,KNN_1
1311,SI_ref_18,Pristine SCW Biochar,NPX,Secondary effluent,0.9217275625657669,0.9214102229612996,KNN,KNN_1
1313,SI_ref_18,Pristine SCW Biochar,NPX,Secondary effluent,0.9151672500810683,0.9216651642549247,KNN,KNN_1
1315,SI_ref_18,Pristine SCW Biochar,NPX,Secondary effluent,0.914870212237198,0.9075357370573285,KNN,KNN_1
1317,SI_ref_18,Pristine SCW Biochar,NPX,Secondary effluent,0.9125118045566373,0.9049546993160251,KNN,KNN_1
1319,SI_ref_18,Pristine SCW Biochar,NPX,Secondary effluent,0.9122370962869346,0.904954699316025,KNN,KNN_1
1321,SI_ref_18,Pristine SCW Biochar,NPX,Secondary effluent,0.9100475600528815,0.904954699316025,KNN,KNN_1
1329,SI_ref_18,Pristine SCW Biochar,NPX,Secondary effluent,0.910898633301941,0.904954699316025,KNN,KNN_1
1330,SI_ref_18,Pristine SCW Biochar,NPX,Lake water,0.9241969522882365,0.9192441584542508,KNN,KNN_1
1340,SI_ref_18,Pristine SCW Biochar,NPX,Lake water,0.9210401821004949,0.9116392275144182,KNN,KNN_1
1344,SI_ref_18,Pristine SCW Biochar,NPX,Lake water,0.9309313456555985,0.9229418520820967,KNN,KNN_1
19,SI_ref_19,AMCB,IBU,Lake water,0.12160249298048154,0.38952889386253287,KernelRidge,KernelRidge_1
20,SI_ref_19,AMCB,IBU,Ground water,0.0023766372681587895,0.32514610034394903,KernelRidge,KernelRidge_1
26,SI_ref_19,AMCB,IBU,Ground water,0.1894672613641715,0.30420609151777783,KernelRidge,KernelRidge_1
27,SI_ref_19,AMCB,IBU,Lake water,0.343266669603983,0.3895390087583824,KernelRidge,KernelRidge_1
36,SI_ref_19,AMCB,IBU,Ground water,0.41496556078686897,0.28367003240194166,KernelRidge,KernelRidge_1
42,SI_ref_19,AMCB,IBU,Ground water,0.5182383095521604,0.2836739889119592,KernelRidge,KernelRidge_1
45,SI_ref_19,AMCB,IBU,Lake water,0.5439346954470261,0.3895694102451185,KernelRidge,KernelRidge_1
46,SI_ref_19,AMCB,IBU,Ground water,0.48210720700720494,0.3251563305622573,KernelRidge,KernelRidge_1
51,SI_ref_19,AMCB,IBU,Lake water,0.0829192384873889,0.389579562912775,KernelRidge,KernelRidge_1
52,SI_ref_19,AMCB,IBU,Ground water,0.003531050071646246,0.32515892033738764,KernelRidge,KernelRidge_1
56,SI_ref_19,AMCB,IBU,Ground water,0.17260220522445793,0.30423517790572796,KernelRidge,KernelRidge_1
57,SI_ref_19,AMCB,IBU,Lake water,0.2799685707152232,0.3895897249528375,KernelRidge,KernelRidge_1
66,SI_ref_19,AMCB,IBU,Ground water,0.4885549946229274,0.2836899427599125,KernelRidge,KernelRidge_1
72,SI_ref_19,AMCB,IBU,Ground water,0.5107350299703324,0.2836939630171854,KernelRidge,KernelRidge_1
75,SI_ref_19,AMCB,IBU,Lake water,0.539673236909249,0.3896202670274477,KernelRidge,KernelRidge_1
76,SI_ref_19,AMCB,IBU,Ground water,0.4945842701164504,0.32516940739605216,KernelRidge,KernelRidge_1
81,SI_ref_19,AMCB,IBU,Lake water,0.11734271672387758,0.3896304662774889,KernelRidge,KernelRidge_1
82,SI_ref_19,AMCB,IBU,Ground water,0.0,0.3251720609972705,KernelRidge,KernelRidge_1
86,SI_ref_19,AMCB,IBU,Ground water,0.16952726930244136,0.30426462845692537,KernelRidge,KernelRidge_1
87,SI_ref_19,AMCB,IBU,Lake water,0.245380335735257,0.3896406747604514,KernelRidge,KernelRidge_1
96,SI_ref_19,AMCB,IBU,Ground water,0.45590621693388655,0.2837101702935475,KernelRidge,KernelRidge_1
110,SI_ref_19,AMCB,IBU,Ground water,0.5205305455205957,0.283714253519839,KernelRidge,KernelRidge_1
113,SI_ref_19,AMCB,IBU,Lake water,0.5570792394486925,0.38967135533095876,KernelRidge,KernelRidge_1
114,SI_ref_19,AMCB,IBU,Ground water,0.48301499525722014,0.3251828018363934,KernelRidge,KernelRidge_1
134,SI_ref_17,Alkali-modified SCG biochars,CBZ,Synthetic,0.00635796336582959,0.14180634108859957,KernelRidge,KernelRidge_1
143,SI_ref_17,Alkali-modified SCG biochars,CBZ,Synthetic,0.12158111194827703,0.23788670008488405,KernelRidge,KernelRidge_1
146,SI_ref_17,Alkali-modified SCG biochars,CBZ,Synthetic,0.6777397154224275,0.31241702231502466,KernelRidge,KernelRidge_1
150,SI_ref_17,Alkali-modified SCG biochars,CBZ,Synthetic,0.8144073973371778,0.31241702231502466,KernelRidge,KernelRidge_1
153,SI_ref_17,Alkali-modified SCG biochars,CBZ,Synthetic,0.5612135486607656,0.14180634108859957,KernelRidge,KernelRidge_1
154,SI_ref_17,Alkali-modified SCG biochars,EE2,Synthetic,0.32691906294512396,0.6064219423465604,KernelRidge,KernelRidge_1
155,SI_ref_17,Alkali-modified SCG biochars,EE2,Synthetic,0.281684429186895,0.410669234330887,KernelRidge,KernelRidge_1
156,SI_ref_17,Alkali-modified SCG biochars,EE2,Synthetic,0.2985885901242538,0.5482813193726044,KernelRidge,KernelRidge_1
157,SI_ref_17,Alkali-modified SCG biochars,EE2,Synthetic,0.1736546812353491,0.3523567671319259,KernelRidge,KernelRidge_1
158,SI_ref_17,Alkali-modified SCG biochars,EE2,Synthetic,0.08297647774499996,0.4684613252628994,KernelRidge,KernelRidge_1
159,SI_ref_17,Alkali-modified SCG biochars,EE2,Synthetic,0.0890939833732563,0.2821735055659601,KernelRidge,KernelRidge_1
160,SI_ref_17,Alkali-modified SCG biochars,EE2,Synthetic,0.12434438865468556,0.4344985972882165,KernelRidge,KernelRidge_1
161,SI_ref_17,Alkali-modified SCG biochars,EE2,Synthetic,0.0719303611000807,0.26027661789540857,KernelRidge,KernelRidge_1
162,SI_ref_17,Alkali-modified SCG biochars,EE2,Synthetic,0.050886215526030655,0.4222044998506903,KernelRidge,KernelRidge_1
163,SI_ref_17,Alkali-modified SCG biochars,EE2,Synthetic,0.06892444951131721,0.2569079536920226,KernelRidge,KernelRidge_1
164,SI_ref_17,Alkali-modified SCG biochars,EE2,Synthetic,0.0402114435413677,0.4170399751681517,KernelRidge,KernelRidge_1
165,SI_ref_17,Alkali-modified SCG biochars,EE2,Synthetic,0.06161971981332274,0.25879446576610055,KernelRidge,KernelRidge_1
166,SI_ref_17,Alkali-modified SCG biochars,EE2,Synthetic,0.014122078362060976,0.4147993303002606,KernelRidge,KernelRidge_1
167,SI_ref_17,Alkali-modified SCG biochars,EE2,Synthetic,0.06227375203350968,0.26412037778881514,KernelRidge,KernelRidge_1
170,SI_ref_17,Alkali-modified SCG biochars,EE2,Synthetic,0.13791601981601773,0.41638098957784364,KernelRidge,KernelRidge_1
171,SI_ref_17,Alkali-modified SCG biochars,EE2,Synthetic,0.09051861058315946,0.27709256967201734,KernelRidge,KernelRidge_1
180,SI_ref_17,Alkali-modified SCG biochars,EE2,Synthetic,0.2279548813058391,0.27709256967201734,KernelRidge,KernelRidge_1
203,SI_ref_17,Alkali-modified SCG biochars,IBU,Synthetic,0.10913541523053398,0.1751917116246905,KernelRidge,KernelRidge_1
216,SI_ref_17,Alkali-modified SCG biochars,IBU,Synthetic,0.10107027265594352,0.1990986869485024,KernelRidge,KernelRidge_1
217,SI_ref_17,Alkali-modified SCG biochars,IBU,Synthetic,0.6889998443034063,0.3430397687579729,KernelRidge,KernelRidge_1
219,SI_ref_17,Alkali-modified SCG biochars,IBU,Synthetic,0.1184746430703935,0.3834148771607533,KernelRidge,KernelRidge_1
222,SI_ref_17,Alkali-modified SCG biochars,IBU,Synthetic,0.04374442489311713,0.1990986869485024,KernelRidge,KernelRidge_1
224,SI_ref_17,Alkali-modified SCG biochars,IBU,Synthetic,0.2945083196339574,0.1990986869485024,KernelRidge,KernelRidge_1
225,SI_ref_17,Alkali-modified SCG biochars,IBU,Synthetic,0.5901579894748284,0.3834148771607533,KernelRidge,KernelRidge_1
227,SI_ref_17,Alkali-modified SCG biochars,IBU,Synthetic,0.6910697148739985,0.3834148771607533,KernelRidge,KernelRidge_1
235,SI_ref_16,C-Biochar,ATE,Synthetic,0.8511111111111113,0.7834417379961347,KernelRidge,KernelRidge_1
237,SI_ref_16,C-Biochar,ATE,Synthetic,0.8733333333333334,0.7834417379961347,KernelRidge,KernelRidge_1
239,SI_ref_16,C-Biochar,ATE,Synthetic,0.6511111111111112,0.5056373224278814,KernelRidge,KernelRidge_1
241,SI_ref_16,C-Biochar,ATE,Synthetic,0.7774074074074075,0.7834417379961347,KernelRidge,KernelRidge_1
247,SI_ref_16,C-Biochar,CBZ,Synthetic,0.44146825396825395,0.5708952317818402,KernelRidge,KernelRidge_1
249,SI_ref_16,C-Biochar,CBZ,Synthetic,0.4430976430976431,0.6020016783898399,KernelRidge,KernelRidge_1
253,SI_ref_16,C-Biochar,CBZ,Synthetic,0.4044973544973545,0.6020016783898399,KernelRidge,KernelRidge_1
255,SI_ref_16,C-Biochar,CBZ,Synthetic,0.46792328042328046,0.5297893397118597,KernelRidge,KernelRidge_1
257,SI_ref_16,C-Biochar,CBZ,Synthetic,0.46197089947089953,0.6595230121919163,KernelRidge,KernelRidge_1
273,SI_ref_16,C-Biochar,IBU,Synthetic,0.6000000000000001,0.4628438709020873,KernelRidge,KernelRidge_1
278,SI_ref_16,C-Biochar,IBU,Synthetic,0.8430555555555557,0.6757376306721916,KernelRidge,KernelRidge_1
299,SI_ref_19,CB,IBU,Lake water,0.9811931645978613,0.9384759095675504,KernelRidge,KernelRidge_1
300,SI_ref_19,CB,IBU,Ground water,0.9595058090644278,0.9173623479821483,KernelRidge,KernelRidge_1
304,SI_ref_19,CB,IBU,Ground water,0.9323428884090048,0.9349302607943096,KernelRidge,KernelRidge_1
305,SI_ref_19,CB,IBU,Lake water,0.9442367850805692,0.9384759095675504,KernelRidge,KernelRidge_1
320,SI_ref_19,CB,IBU,Ground water,0.9303445651202417,0.9373269013573503,KernelRidge,KernelRidge_1
326,SI_ref_19,CB,IBU,Ground water,0.9318432124429017,0.9373269013573503,KernelRidge,KernelRidge_1
329,SI_ref_19,CB,IBU,Lake water,0.9296205387839244,0.9384759095675504,KernelRidge,KernelRidge_1
330,SI_ref_19,CB,IBU,Ground water,0.9174641264203113,0.9173623479821483,KernelRidge,KernelRidge_1
345,SI_ref_14,GCRB,ALA,Synthetic,0.9324051079932012,0.9841305695714763,KernelRidge,KernelRidge_1
348,SI_ref_14,GCRB,ALA,Synthetic,0.959711660682908,0.9242812901787667,KernelRidge,KernelRidge_1
374,SI_ref_14,GCRB,DIU,Synthetic,1.0082496176169822,0.9101283578763902,KernelRidge,KernelRidge_1
376,SI_ref_14,GCRB,SIM,Synthetic,0.9862955626477844,1.0480371365357275,KernelRidge,KernelRidge_1
377,SI_ref_14,GCRB,SIM,Synthetic,0.9834030650434858,1.0476190523686635,KernelRidge,KernelRidge_1
378,SI_ref_14,GCRB,SIM,Synthetic,0.9809240251187635,1.044442758374513,KernelRidge,KernelRidge_1
379,SI_ref_14,GCRB,SIM,Synthetic,0.977408497407208,1.0410378896030337,KernelRidge,KernelRidge_1
380,SI_ref_14,GCRB,SIM,Synthetic,0.9725866254178165,1.0389654774669332,KernelRidge,KernelRidge_1
381,SI_ref_14,GCRB,SIM,Synthetic,0.9707397150816074,1.038515496501856,KernelRidge,KernelRidge_1
382,SI_ref_14,GCRB,SIM,Synthetic,0.9682512913168398,1.038437875523397,KernelRidge,KernelRidge_1
383,SI_ref_14,GCRB,SIM,Synthetic,0.9596267727831934,0.9345634273332682,KernelRidge,KernelRidge_1
393,SI_ref_14,GCRB,SIM,Synthetic,0.9681949882765674,1.0384212959632872,KernelRidge,KernelRidge_1
397,SI_ref_14,GCRB,SIM,Synthetic,0.9595581925458377,1.0384212959632872,KernelRidge,KernelRidge_1
410,SI_ref_14,GCRB-N,ALA,Synthetic,0.42098834230158483,0.4760091359936689,KernelRidge,KernelRidge_1
419,SI_ref_14,GCRB-N,ALA,Synthetic,0.3038540896584293,0.5163105221549829,KernelRidge,KernelRidge_1
428,SI_ref_14,GCRB-N,ALA,Synthetic,0.2941679236692388,0.5163454067101308,KernelRidge,KernelRidge_1
437,SI_ref_14,GCRB-N,ALA,Synthetic,0.299011006663834,0.5163805289976771,KernelRidge,KernelRidge_1
459,SI_ref_14,GCRB-N,DIU,Synthetic,0.6455190877003087,0.2968438555896432,KernelRidge,KernelRidge_1
468,SI_ref_14,GCRB-N,DIU,Synthetic,0.6564705601884918,0.2968544583302749,KernelRidge,KernelRidge_1
477,SI_ref_14,GCRB-N,DIU,Synthetic,0.6413243626564091,0.29686550134148537,KernelRidge,KernelRidge_1
480,SI_ref_14,GCRB-N,SIM,Synthetic,0.8709260833889569,0.7163656806176386,KernelRidge,KernelRidge_1
481,SI_ref_14,GCRB-N,SIM,Synthetic,0.7937886433454202,0.6680718188372389,KernelRidge,KernelRidge_1
482,SI_ref_14,GCRB-N,SIM,Synthetic,0.7230251055630271,0.6246621244182353,KernelRidge,KernelRidge_1
483,SI_ref_14,GCRB-N,SIM,Synthetic,0.6451471952322713,0.5918053856718931,KernelRidge,KernelRidge_1
484,SI_ref_14,GCRB-N,SIM,Synthetic,0.579106572580609,0.5732292149727232,KernelRidge,KernelRidge_1
485,SI_ref_14,GCRB-N,SIM,Synthetic,0.5461098630342859,0.5695935678840917,KernelRidge,KernelRidge_1
486,SI_ref_14,GCRB-N,SIM,Synthetic,0.526458395826474,0.5701908881376168,KernelRidge,KernelRidge_1
487,SI_ref_14,GCRB-N,SIM,Synthetic,0.44952651357619516,0.41339719463303765,KernelRidge,KernelRidge_1
493,SI_ref_14,GCRB-N,SIM,Synthetic,0.525804086252399,0.5751907082945175,KernelRidge,KernelRidge_1
502,SI_ref_14,GCRB-N,SIM,Synthetic,0.8453757948497886,0.5752529389561316,KernelRidge,KernelRidge_1
511,SI_ref_14,GCRB-N,SIM,Synthetic,0.8584308799035202,0.5753152658297368,KernelRidge,KernelRidge_1
520,SI_ref_14,GCRB-N,SIM,Synthetic,0.8519033373766544,0.5753776867091362,KernelRidge,KernelRidge_1
540,SI_ref_19,MCB,IBU,Lake water,0.9742126323294387,0.956504523777713,KernelRidge,KernelRidge_1
541,SI_ref_19,MCB,IBU,Ground water,0.9483485035015843,0.8870843001766042,KernelRidge,KernelRidge_1
547,SI_ref_19,MCB,IBU,Ground water,0.9263512886233829,0.9252825504877253,KernelRidge,KernelRidge_1
548,SI_ref_19,MCB,IBU,Lake water,0.9349728899053784,0.9565157180201354,KernelRidge,KernelRidge_1
565,SI_ref_19,MCB,IBU,Ground water,0.9254612605703445,0.8822674063545386,KernelRidge,KernelRidge_1
571,SI_ref_19,MCB,IBU,Ground water,0.927696260267614,0.882272560080452,KernelRidge,KernelRidge_1
574,SI_ref_19,MCB,IBU,Lake water,0.9258585842402297,0.9565492735954394,KernelRidge,KernelRidge_1
575,SI_ref_19,MCB,IBU,Ground water,0.9173366162788351,0.8871005774325382,KernelRidge,KernelRidge_1
580,SI_ref_19,MCB,IBU,Lake water,0.974635205338439,0.9565604497378281,KernelRidge,KernelRidge_1
581,SI_ref_19,MCB,IBU,Ground water,0.95367292982704,0.8871046440111969,KernelRidge,KernelRidge_1
585,SI_ref_19,MCB,IBU,Ground water,0.925414707326754,0.925319036800431,KernelRidge,KernelRidge_1
586,SI_ref_19,MCB,IBU,Lake water,0.9347814302861347,0.9565716213561773,KernelRidge,KernelRidge_1
595,SI_ref_19,MCB,IBU,Ground water,0.9248851497651674,0.8822931580000906,KernelRidge,KernelRidge_1
601,SI_ref_19,MCB,IBU,Ground water,0.9300914246503462,0.8822983032249132,KernelRidge,KernelRidge_1
604,SI_ref_19,MCB,IBU,Lake water,0.9282701343021136,0.9566051090711502,KernelRidge,KernelRidge_1
605,SI_ref_19,MCB,IBU,Ground water,0.9160948152334054,0.8871208993101303,KernelRidge,KernelRidge_1
610,SI_ref_19,MCB,IBU,Lake water,0.9716179138912365,0.9566162625975759,KernelRidge,KernelRidge_1
611,SI_ref_19,MCB,IBU,Ground water,0.9529992532644452,0.8871249603686532,KernelRidge,KernelRidge_1
615,SI_ref_19,MCB,IBU,Ground water,0.9284499518994666,0.9253555041144115,KernelRidge,KernelRidge_1
616,SI_ref_19,MCB,IBU,Lake water,0.935069554315652,0.9566274116020923,KernelRidge,KernelRidge_1
625,SI_ref_19,MCB,IBU,Ground water,0.9258221154816445,0.8823188670500918,KernelRidge,KernelRidge_1
631,SI_ref_19,MCB,IBU,Ground water,0.9296259863973036,0.8823240037290284,KernelRidge,KernelRidge_1
634,SI_ref_19,MCB,IBU,Lake water,0.9271225782160609,0.9566608314888423,KernelRidge,KernelRidge_1
635,SI_ref_19,MCB,IBU,Ground water,0.9188076045934327,0.8871411934652201,KernelRidge,KernelRidge_1
640,SI_ref_18,NaOH-activated SCW biochars,DCF,Secondary effluent,0.7547018161110076,0.5449534450124724,KernelRidge,KernelRidge_1
642,SI_ref_18,NaOH-activated SCW biochars,DCF,Secondary effluent,0.6981463000238689,0.5251399664353376,KernelRidge,KernelRidge_1
644,SI_ref_18,NaOH-activated SCW biochars,DCF,Secondary effluent,0.6293744945066856,0.5090218167613836,KernelRidge,KernelRidge_1
646,SI_ref_18,NaOH-activated SCW biochars,DCF,Secondary effluent,0.588788451165352,0.4998302375655739,KernelRidge,KernelRidge_1
648,SI_ref_18,NaOH-activated SCW biochars,DCF,Secondary effluent,0.5891686823750966,0.49945134906913546,KernelRidge,KernelRidge_1
650,SI_ref_18,NaOH-activated SCW biochars,DCF,Secondary effluent,0.5849511312086796,0.5034737890055083,KernelRidge,KernelRidge_1
652,SI_ref_18,NaOH-activated SCW biochars,DCF,Secondary effluent,0.5864672759838442,0.5081023081826398,KernelRidge,KernelRidge_1
655,SI_ref_18,NaOH-activated SCW biochars,DCF,Lake water,0.28283236606156975,0.5114046135774082,KernelRidge,KernelRidge_1
657,SI_ref_18,NaOH-activated SCW biochars,DCF,Lake water,0.4098052873550469,0.42623058731627006,KernelRidge,KernelRidge_1
662,SI_ref_18,NaOH-activated SCW biochars,DCF,Secondary effluent,0.600008865661574,0.5168227200443894,KernelRidge,KernelRidge_1
668,SI_ref_18,NaOH-activated SCW biochars,DCF,Lake water,0.5638671837826676,0.5114046135774082,KernelRidge,KernelRidge_1
673,SI_ref_18,NaOH-activated SCW biochars,DCF,Lake water,0.5356816504619031,0.5114046135774082,KernelRidge,KernelRidge_1
679,SI_ref_18,NaOH-activated SCW biochars,DCF,Lake water,0.48550836273532816,0.5114046135774082,KernelRidge,KernelRidge_1
682,SI_ref_18,NaOH-activated SCW biochars,DCF,Secondary effluent,0.5965252581670849,0.5168227200443894,KernelRidge,KernelRidge_1
688,SI_ref_18,NaOH-activated SCW biochars,DCF,Lake water,0.5703611171190489,0.5896394889865797,KernelRidge,KernelRidge_1
693,SI_ref_18,NaOH-activated SCW biochars,DCF,Secondary effluent,0.6557026735074662,0.5168227200443894,KernelRidge,KernelRidge_1
694,SI_ref_18,NaOH-activated SCW biochars,DCF,Lake water,0.7297297292522416,0.5114046135774082,KernelRidge,KernelRidge_1
699,SI_ref_18,NaOH-activated SCW biochars,IBU,Secondary effluent,0.8098199350756726,0.5809682550550679,KernelRidge,KernelRidge_1
701,SI_ref_18,NaOH-activated SCW biochars,IBU,Secondary effluent,0.7485969905050348,0.5658656066892153,KernelRidge,KernelRidge_1
703,SI_ref_18,NaOH-activated SCW biochars,IBU,Secondary effluent,0.6850179499229786,0.5542429416373944,KernelRidge,KernelRidge_1
705,SI_ref_18,NaOH-activated SCW biochars,IBU,Secondary effluent,0.6861011679416551,0.5490761434534699,KernelRidge,KernelRidge_1
707,SI_ref_18,NaOH-activated SCW biochars,IBU,Secondary effluent,0.6799185617433835,0.5520155160323252,KernelRidge,KernelRidge_1
709,SI_ref_18,NaOH-activated SCW biochars,IBU,Secondary effluent,0.6765813990931481,0.5575692620914825,KernelRidge,KernelRidge_1
711,SI_ref_18,NaOH-activated SCW biochars,IBU,Secondary effluent,0.6777803451607008,0.5630771346981746,KernelRidge,KernelRidge_1
712,SI_ref_18,NaOH-activated SCW biochars,IBU,Lake water,0.10371139816269948,0.5913394216814236,KernelRidge,KernelRidge_1
714,SI_ref_18,NaOH-activated SCW biochars,IBU,Lake water,0.46656560236114836,0.5913394216814236,KernelRidge,KernelRidge_1
721,SI_ref_18,NaOH-activated SCW biochars,IBU,Secondary effluent,0.675113405421536,0.5727241843452854,KernelRidge,KernelRidge_1
730,SI_ref_18,NaOH-activated SCW biochars,IBU,Lake water,0.627404015064595,0.5913394216814236,KernelRidge,KernelRidge_1
738,SI_ref_18,NaOH-activated SCW biochars,IBU,Lake water,0.6298527247859258,0.5913394216814236,KernelRidge,KernelRidge_1
740,SI_ref_18,NaOH-activated SCW biochars,IBU,Lake water,0.5791171913994386,0.5913394216814236,KernelRidge,KernelRidge_1
747,SI_ref_18,NaOH-activated SCW biochars,IBU,Lake water,0.6846241766923425,0.6867006714769479,KernelRidge,KernelRidge_1
752,SI_ref_18,NaOH-activated SCW biochars,IBU,Secondary effluent,0.7252319435730717,0.5727241843452854,KernelRidge,KernelRidge_1
758,SI_ref_18,NaOH-activated SCW biochars,NPX,Secondary effluent,0.5521972966156422,0.28526553609587046,KernelRidge,KernelRidge_1
760,SI_ref_18,NaOH-activated SCW biochars,NPX,Secondary effluent,0.4814245289032641,0.23542031393997487,KernelRidge,KernelRidge_1
762,SI_ref_18,NaOH-activated SCW biochars,NPX,Secondary effluent,0.34455951981715066,0.1920646964418058,KernelRidge,KernelRidge_1
764,SI_ref_18,NaOH-activated SCW biochars,NPX,Secondary effluent,0.2493517679350271,0.16013605037160938,KernelRidge,KernelRidge_1
766,SI_ref_18,NaOH-activated SCW biochars,NPX,Secondary effluent,0.16764900163614713,0.14295028099453955,KernelRidge,KernelRidge_1
768,SI_ref_18,NaOH-activated SCW biochars,NPX,Secondary effluent,0.12846350911521487,0.14033277010520728,KernelRidge,KernelRidge_1
770,SI_ref_18,NaOH-activated SCW biochars,NPX,Secondary effluent,0.12873702561203082,0.14178790090493754,KernelRidge,KernelRidge_1
771,SI_ref_18,NaOH-activated SCW biochars,NPX,Lake water,0.03570310331741743,0.13812698199796325,KernelRidge,KernelRidge_1
780,SI_ref_18,NaOH-activated SCW biochars,NPX,Secondary effluent,0.11864589305153721,0.14827779479375292,KernelRidge,KernelRidge_1
781,SI_ref_18,NaOH-activated SCW biochars,NPX,Lake water,0.04234525136924403,0.13812698199796325,KernelRidge,KernelRidge_1
791,SI_ref_18,NaOH-activated SCW biochars,NPX,Lake water,0.05751855059175114,0.17450513990247274,KernelRidge,KernelRidge_1
795,SI_ref_18,NaOH-activated SCW biochars,NPX,Lake water,0.1386164882936624,0.3471848045127476,KernelRidge,KernelRidge_1
859,SI_ref_13,PB600,CBZ,Synthetic,0.4773489932885906,0.5639468601460838,KernelRidge,KernelRidge_1
892,SI_ref_13,PB600,IBU,Synthetic,0.8533052267445003,0.5858037057775652,KernelRidge,KernelRidge_1
906,SI_ref_13,PB800,CBZ,Synthetic,0.16135346756152125,0.25090017644206464,KernelRidge,KernelRidge_1
939,SI_ref_13,PB800,IBU,Synthetic,0.5875275377054737,0.36199185402773804,KernelRidge,KernelRidge_1
959,SI_ref_15,PSB,CAR,Synthetic,0.898502105289309,0.9169418124074652,KernelRidge,KernelRidge_1
963,SI_ref_15,PSB,CAR,Synthetic,0.8690891098845278,0.9169418124074652,KernelRidge,KernelRidge_1
976,SI_ref_15,PSB,PYR,Synthetic,0.9599614728522631,0.9346224358596661,KernelRidge,KernelRidge_1
980,SI_ref_15,PSB,PYR,Synthetic,0.8739092070679689,0.9346224358596661,KernelRidge,KernelRidge_1
982,SI_ref_15,PSB,PYR,Synthetic,0.8750456231185068,0.9346224358596661,KernelRidge,KernelRidge_1
983,SI_ref_15,PSB,PYR,Synthetic,0.950707773566655,0.9346224358596661,KernelRidge,KernelRidge_1
1000,SI_ref_15,PSB,TEB,Synthetic,0.8714762044822667,0.9233020694777706,KernelRidge,KernelRidge_1
1001,SI_ref_15,PSB,TEB,Synthetic,0.8650362109004135,0.9233020694777706,KernelRidge,KernelRidge_1
1020,SI_ref_15,PSBOX-A,CAR,Synthetic,0.024826351018054676,0.10660073829622163,KernelRidge,KernelRidge_1
1024,SI_ref_15,PSBOX-A,CAR,Synthetic,0.013386578068051812,0.10660073829622163,KernelRidge,KernelRidge_1
1039,SI_ref_15,PSBOX-A,PYR,Synthetic,0.10520884210859399,0.2512203115142423,KernelRidge,KernelRidge_1
1041,SI_ref_15,PSBOX-A,PYR,Synthetic,0.5321591562240328,0.13538584309979643,KernelRidge,KernelRidge_1
1045,SI_ref_15,PSBOX-A,PYR,Synthetic,0.07450853175519283,0.2512203115142423,KernelRidge,KernelRidge_1
1047,SI_ref_15,PSBOX-A,PYR,Synthetic,0.07530521810797475,0.2512203115142423,KernelRidge,KernelRidge_1
1048,SI_ref_15,PSBOX-A,PYR,Synthetic,0.1335562050140622,0.2512203115142423,KernelRidge,KernelRidge_1
1065,SI_ref_15,PSBOX-A,TEB,Synthetic,0.5160089507499187,0.1070758928248067,KernelRidge,KernelRidge_1
1070,SI_ref_15,PSBOX-A,TEB,Synthetic,0.04527670142322688,0.20528978922532415,KernelRidge,KernelRidge_1
1071,SI_ref_15,PSBOX-A,TEB,Synthetic,0.04243318293660387,0.20528978922532415,KernelRidge,KernelRidge_1
1095,SI_ref_17,Pristine SCG biochar,CBZ,Synthetic,0.9071706166070994,0.8967246561516217,KernelRidge,KernelRidge_1
1104,SI_ref_17,Pristine SCG biochar,CBZ,Synthetic,0.8748284470323213,0.8149322476038681,KernelRidge,KernelRidge_1
1108,SI_ref_17,Pristine SCG biochar,CBZ,Synthetic,0.8967497590877974,0.9144609636886362,KernelRidge,KernelRidge_1
1112,SI_ref_17,Pristine SCG biochar,CBZ,Synthetic,0.8867934815653573,0.9144609636886362,KernelRidge,KernelRidge_1
1115,SI_ref_17,Pristine SCG biochar,CBZ,Synthetic,0.925161257978969,0.8967246561516217,KernelRidge,KernelRidge_1
1116,SI_ref_17,Pristine SCG biochar,EE2,Synthetic,0.9879675366998732,0.9908783413391454,KernelRidge,KernelRidge_1
1117,SI_ref_17,Pristine SCG biochar,EE2,Synthetic,0.9630524728687239,0.9201956130624422,KernelRidge,KernelRidge_1
1118,SI_ref_17,Pristine SCG biochar,EE2,Synthetic,0.9308917481943695,0.9757210740069415,KernelRidge,KernelRidge_1
1119,SI_ref_17,Pristine SCG biochar,EE2,Synthetic,0.9610835485312063,0.913886604492399,KernelRidge,KernelRidge_1
1120,SI_ref_17,Pristine SCG biochar,EE2,Synthetic,0.8890050918282607,0.9445125217557886,KernelRidge,KernelRidge_1
1121,SI_ref_17,Pristine SCG biochar,EE2,Synthetic,0.9527872619203276,0.9023332791945238,KernelRidge,KernelRidge_1
1122,SI_ref_17,Pristine SCG biochar,EE2,Synthetic,0.8965951913819401,0.9250749171645445,KernelRidge,KernelRidge_1
1123,SI_ref_17,Pristine SCG biochar,EE2,Synthetic,0.9558259103687238,0.8979048580694056,KernelRidge,KernelRidge_1
1124,SI_ref_17,Pristine SCG biochar,EE2,Synthetic,0.8793895099735648,0.91482138360231,KernelRidge,KernelRidge_1
1125,SI_ref_17,Pristine SCG biochar,EE2,Synthetic,0.9519368217180961,0.8969636451556855,KernelRidge,KernelRidge_1
1126,SI_ref_17,Pristine SCG biochar,EE2,Synthetic,0.8770554520720774,0.908170019290786,KernelRidge,KernelRidge_1
1127,SI_ref_17,Pristine SCG biochar,EE2,Synthetic,0.9377852461427824,0.8970285048584843,KernelRidge,KernelRidge_1
1128,SI_ref_17,Pristine SCG biochar,EE2,Synthetic,0.8833014060151289,0.9020371791116921,KernelRidge,KernelRidge_1
1129,SI_ref_17,Pristine SCG biochar,EE2,Synthetic,0.9348668633411785,0.8976238847684018,KernelRidge,KernelRidge_1
1132,SI_ref_17,Pristine SCG biochar,EE2,Synthetic,0.8374361704672763,0.8941772738652657,KernelRidge,KernelRidge_1
1133,SI_ref_17,Pristine SCG biochar,EE2,Synthetic,0.8609155049620831,0.8991343427889026,KernelRidge,KernelRidge_1
1137,SI_ref_17,Pristine SCG biochar,EE2,Synthetic,0.8257334628724249,0.8991343427889026,KernelRidge,KernelRidge_1
1147,SI_ref_17,Pristine SCG biochar,EE2,Synthetic,0.8965862728271835,0.8991343427889026,KernelRidge,KernelRidge_1
1170,SI_ref_17,Pristine SCG biochar,IBU,Synthetic,0.7820004901373623,0.7848182611911048,KernelRidge,KernelRidge_1
1183,SI_ref_17,Pristine SCG biochar,IBU,Synthetic,0.9114748664800524,0.8806339412843401,KernelRidge,KernelRidge_1
1184,SI_ref_17,Pristine SCG biochar,IBU,Synthetic,0.9484982246288517,0.8628231806158573,KernelRidge,KernelRidge_1
1186,SI_ref_17,Pristine SCG biochar,IBU,Synthetic,0.893754721851682,0.916295506798298,KernelRidge,KernelRidge_1
1189,SI_ref_17,Pristine SCG biochar,IBU,Synthetic,0.9210277046979152,0.8806339412843401,KernelRidge,KernelRidge_1
1191,SI_ref_17,Pristine SCG biochar,IBU,Synthetic,0.9513456586569363,0.8806339412843401,KernelRidge,KernelRidge_1
1192,SI_ref_17,Pristine SCG biochar,IBU,Synthetic,0.9226237248225028,0.916295506798298,KernelRidge,KernelRidge_1
1194,SI_ref_17,Pristine SCG biochar,IBU,Synthetic,0.8857728699803085,0.916295506798298,KernelRidge,KernelRidge_1
1199,SI_ref_18,Pristine SCW Biochar,DCF,Secondary effluent,0.918928852227115,0.9258944438217028,KernelRidge,KernelRidge_1
1201,SI_ref_18,Pristine SCW Biochar,DCF,Secondary effluent,0.9102784904019702,0.931341796491207,KernelRidge,KernelRidge_1
1203,SI_ref_18,Pristine SCW Biochar,DCF,Secondary effluent,0.9056826438576806,0.9333393286953663,KernelRidge,KernelRidge_1
1205,SI_ref_18,Pristine SCW Biochar,DCF,Secondary effluent,0.9047459643543814,0.9336848290297628,KernelRidge,KernelRidge_1
1207,SI_ref_18,Pristine SCW Biochar,DCF,Secondary effluent,0.9046272834515193,0.9335001407346182,KernelRidge,KernelRidge_1
1209,SI_ref_18,Pristine SCW Biochar,DCF,Secondary effluent,0.9011959807369067,0.9332427835401033,KernelRidge,KernelRidge_1
1211,SI_ref_18,Pristine SCW Biochar,DCF,Secondary effluent,0.9001936082465184,0.9329152317415567,KernelRidge,KernelRidge_1
1214,SI_ref_18,Pristine SCW Biochar,DCF,Lake water,0.9077130214504949,0.9091987524191867,KernelRidge,KernelRidge_1
1219,SI_ref_18,Pristine SCW Biochar,DCF,Secondary effluent,0.9048873911798646,0.9320599866967223,KernelRidge,KernelRidge_1
1225,SI_ref_18,Pristine SCW Biochar,DCF,Lake water,0.9209005359691885,0.9272303161568706,KernelRidge,KernelRidge_1
1230,SI_ref_18,Pristine SCW Biochar,DCF,Lake water,0.9255037841040696,0.9272303161568706,KernelRidge,KernelRidge_1
1236,SI_ref_18,Pristine SCW Biochar,DCF,Lake water,0.9092724465153025,0.9272303161568706,KernelRidge,KernelRidge_1
1239,SI_ref_18,Pristine SCW Biochar,DCF,Secondary effluent,0.9186059768996898,0.9320599866967223,KernelRidge,KernelRidge_1
1245,SI_ref_18,Pristine SCW Biochar,DCF,Lake water,0.926603142736896,0.946718308144739,KernelRidge,KernelRidge_1
1249,SI_ref_18,Pristine SCW Biochar,DCF,Secondary effluent,0.9174019043807426,0.9320599866967223,KernelRidge,KernelRidge_1
1254,SI_ref_18,Pristine SCW Biochar,IBU,Secondary effluent,0.9156726978407875,0.9170254084659025,KernelRidge,KernelRidge_1
1256,SI_ref_18,Pristine SCW Biochar,IBU,Secondary effluent,0.9079673942368781,0.9241021423278604,KernelRidge,KernelRidge_1
1258,SI_ref_18,Pristine SCW Biochar,IBU,Secondary effluent,0.9043236251446873,0.9281778947058977,KernelRidge,KernelRidge_1
1260,SI_ref_18,Pristine SCW Biochar,IBU,Secondary effluent,0.9020547983951682,0.9309565171400538,KernelRidge,KernelRidge_1
1262,SI_ref_18,Pristine SCW Biochar,IBU,Secondary effluent,0.9004882379050155,0.9334297138147027,KernelRidge,KernelRidge_1
1264,SI_ref_18,Pristine SCW Biochar,IBU,Secondary effluent,0.897458530238549,0.9347706081138151,KernelRidge,KernelRidge_1
1266,SI_ref_18,Pristine SCW Biochar,IBU,Secondary effluent,0.8973424975849196,0.9355741651386281,KernelRidge,KernelRidge_1
1274,SI_ref_18,Pristine SCW Biochar,IBU,Secondary effluent,0.8992057856547054,0.9362840008766926,KernelRidge,KernelRidge_1
1283,SI_ref_18,Pristine SCW Biochar,IBU,Lake water,0.9158900362354069,0.9485983351950827,KernelRidge,KernelRidge_1
1291,SI_ref_18,Pristine SCW Biochar,IBU,Lake water,0.9068652159539504,0.9485983351950827,KernelRidge,KernelRidge_1
1293,SI_ref_18,Pristine SCW Biochar,IBU,Lake water,0.9067682424855283,0.9485983351950827,KernelRidge,KernelRidge_1
1300,SI_ref_18,Pristine SCW Biochar,IBU,Lake water,0.9277221749920567,0.9857418131450661,KernelRidge,KernelRidge_1
1304,SI_ref_18,Pristine SCW Biochar,IBU,Secondary effluent,0.911352956646831,0.9362840008766926,KernelRidge,KernelRidge_1
1309,SI_ref_18,Pristine SCW Biochar,NPX,Secondary effluent,0.9276600601799115,0.892169082548085,KernelRidge,KernelRidge_1
1311,SI_ref_18,Pristine SCW Biochar,NPX,Secondary effluent,0.9217275625657669,0.8897948978587232,KernelRidge,KernelRidge_1
1313,SI_ref_18,Pristine SCW Biochar,NPX,Secondary effluent,0.9151672500810683,0.8839630871920706,KernelRidge,KernelRidge_1
1315,SI_ref_18,Pristine SCW Biochar,NPX,Secondary effluent,0.914870212237198,0.8769408251144962,KernelRidge,KernelRidge_1
1317,SI_ref_18,Pristine SCW Biochar,NPX,Secondary effluent,0.9125118045566373,0.8703028039073812,KernelRidge,KernelRidge_1
1319,SI_ref_18,Pristine SCW Biochar,NPX,Secondary effluent,0.9122370962869346,0.8668570666590955,KernelRidge,KernelRidge_1
1321,SI_ref_18,Pristine SCW Biochar,NPX,Secondary effluent,0.9100475600528815,0.8645779801822272,KernelRidge,KernelRidge_1
1329,SI_ref_18,Pristine SCW Biochar,NPX,Secondary effluent,0.910898633301941,0.8614535116971644,KernelRidge,KernelRidge_1
1330,SI_ref_18,Pristine SCW Biochar,NPX,Lake water,0.9241969522882365,0.8532489581030998,KernelRidge,KernelRidge_1
1340,SI_ref_18,Pristine SCW Biochar,NPX,Lake water,0.9210401821004949,0.8345896706104874,KernelRidge,KernelRidge_1
1344,SI_ref_18,Pristine SCW Biochar,NPX,Lake water,0.9309313456555985,0.8571774007965625,KernelRidge,KernelRidge_1
19,SI_ref_19,AMCB,IBU,Lake water,0.12160249298048154,0.413336020681116,Lasso,Lasso_1
20,SI_ref_19,AMCB,IBU,Ground water,0.0023766372681587895,0.38807440017346356,Lasso,Lasso_1
26,SI_ref_19,AMCB,IBU,Ground water,0.1894672613641715,0.40087065209966133,Lasso,Lasso_1
27,SI_ref_19,AMCB,IBU,Lake water,0.343266669603983,0.4133222864482011,Lasso,Lasso_1
36,SI_ref_19,AMCB,IBU,Ground water,0.41496556078686897,0.41365319834315084,Lasso,Lasso_1
42,SI_ref_19,AMCB,IBU,Ground water,0.5182383095521604,0.4136394926340865,Lasso,Lasso_1
45,SI_ref_19,AMCB,IBU,Lake water,0.5439346954470261,0.41328114082351364,Lasso,Lasso_1
46,SI_ref_19,AMCB,IBU,Ground water,0.48210720700720494,0.3880195203158612,Lasso,Lasso_1
51,SI_ref_19,AMCB,IBU,Lake water,0.0829192384873889,0.41326744459608894,Lasso,Lasso_1
52,SI_ref_19,AMCB,IBU,Ground water,0.003531050071646246,0.3880058240884365,Lasso,Lasso_1
56,SI_ref_19,AMCB,IBU,Ground water,0.17260220522445793,0.4008021234886544,Lasso,Lasso_1
57,SI_ref_19,AMCB,IBU,Lake water,0.2799685707152232,0.4132537578371942,Lasso,Lasso_1
66,SI_ref_19,AMCB,IBU,Ground water,0.4885549946229274,0.4135847644832639,Lasso,Lasso_1
72,SI_ref_19,AMCB,IBU,Ground water,0.5107350299703324,0.4135711060515716,Lasso,Lasso_1
75,SI_ref_19,AMCB,IBU,Lake water,0.539673236909249,0.41321275424099874,Lasso,Lasso_1
76,SI_ref_19,AMCB,IBU,Ground water,0.4945842701164504,0.3879511337333463,Lasso,Lasso_1
81,SI_ref_19,AMCB,IBU,Lake water,0.11734271672387758,0.41319910522566816,Lasso,Lasso_1
82,SI_ref_19,AMCB,IBU,Ground water,0.0,0.3879374847180157,Lasso,Lasso_1
86,SI_ref_19,AMCB,IBU,Ground water,0.16952726930244136,0.400733831265185,Lasso,Lasso_1
87,SI_ref_19,AMCB,IBU,Lake water,0.245380335735257,0.4131854656137248,Lasso,Lasso_1
96,SI_ref_19,AMCB,IBU,Ground water,0.45590621693388655,0.41351656635880746,Lasso,Lasso_1
110,SI_ref_19,AMCB,IBU,Ground water,0.5205305455205957,0.413502954879445,Lasso,Lasso_1
113,SI_ref_19,AMCB,IBU,Lake water,0.5570792394486925,0.41314460306887213,Lasso,Lasso_1
114,SI_ref_19,AMCB,IBU,Ground water,0.48301499525722014,0.38788298256121967,Lasso,Lasso_1
134,SI_ref_17,Alkali-modified SCG biochars,CBZ,Synthetic,0.00635796336582959,0.18034713635882427,Lasso,Lasso_1
143,SI_ref_17,Alkali-modified SCG biochars,CBZ,Synthetic,0.12158111194827703,0.3027768542613006,Lasso,Lasso_1
146,SI_ref_17,Alkali-modified SCG biochars,CBZ,Synthetic,0.6777397154224275,0.2609482564488414,Lasso,Lasso_1
150,SI_ref_17,Alkali-modified SCG biochars,CBZ,Synthetic,0.8144073973371778,0.2609482564488414,Lasso,Lasso_1
153,SI_ref_17,Alkali-modified SCG biochars,CBZ,Synthetic,0.5612135486607656,0.18034713635882427,Lasso,Lasso_1
154,SI_ref_17,Alkali-modified SCG biochars,EE2,Synthetic,0.32691906294512396,0.42969604757437174,Lasso,Lasso_1
155,SI_ref_17,Alkali-modified SCG biochars,EE2,Synthetic,0.281684429186895,0.34909492748435456,Lasso,Lasso_1
156,SI_ref_17,Alkali-modified SCG biochars,EE2,Synthetic,0.2985885901242538,0.4162951159140328,Lasso,Lasso_1
157,SI_ref_17,Alkali-modified SCG biochars,EE2,Synthetic,0.1736546812353491,0.3356939958240156,Lasso,Lasso_1
158,SI_ref_17,Alkali-modified SCG biochars,EE2,Synthetic,0.08297647774499996,0.39476246561608946,Lasso,Lasso_1
159,SI_ref_17,Alkali-modified SCG biochars,EE2,Synthetic,0.0890939833732563,0.31416134552607233,Lasso,Lasso_1
160,SI_ref_17,Alkali-modified SCG biochars,EE2,Synthetic,0.12434438865468556,0.3810943758542241,Lasso,Lasso_1
161,SI_ref_17,Alkali-modified SCG biochars,EE2,Synthetic,0.0719303611000807,0.30049325576420693,Lasso,Lasso_1
162,SI_ref_17,Alkali-modified SCG biochars,EE2,Synthetic,0.050886215526030655,0.3730853088820909,Lasso,Lasso_1
163,SI_ref_17,Alkali-modified SCG biochars,EE2,Synthetic,0.06892444951131721,0.2924841887920737,Lasso,Lasso_1
164,SI_ref_17,Alkali-modified SCG biochars,EE2,Synthetic,0.0402114435413677,0.36739896000915057,Lasso,Lasso_1
165,SI_ref_17,Alkali-modified SCG biochars,EE2,Synthetic,0.06161971981332274,0.28679783991913343,Lasso,Lasso_1
166,SI_ref_17,Alkali-modified SCG biochars,EE2,Synthetic,0.014122078362060976,0.3617103261967571,Lasso,Lasso_1
167,SI_ref_17,Alkali-modified SCG biochars,EE2,Synthetic,0.06227375203350968,0.28110920610673995,Lasso,Lasso_1
170,SI_ref_17,Alkali-modified SCG biochars,EE2,Synthetic,0.13791601981601773,0.3536898384813688,Lasso,Lasso_1
171,SI_ref_17,Alkali-modified SCG biochars,EE2,Synthetic,0.09051861058315946,0.2730887183913516,Lasso,Lasso_1
180,SI_ref_17,Alkali-modified SCG biochars,EE2,Synthetic,0.2279548813058391,0.2730887183913516,Lasso,Lasso_1
203,SI_ref_17,Alkali-modified SCG biochars,IBU,Synthetic,0.10913541523053398,0.31186124066890963,Lasso,Lasso_1
216,SI_ref_17,Alkali-modified SCG biochars,IBU,Synthetic,0.10107027265594352,0.2730887183913516,Lasso,Lasso_1
217,SI_ref_17,Alkali-modified SCG biochars,IBU,Synthetic,0.6889998443034063,0.395518436293828,Lasso,Lasso_1
219,SI_ref_17,Alkali-modified SCG biochars,IBU,Synthetic,0.1184746430703935,0.3536898384813688,Lasso,Lasso_1
222,SI_ref_17,Alkali-modified SCG biochars,IBU,Synthetic,0.04374442489311713,0.2730887183913516,Lasso,Lasso_1
224,SI_ref_17,Alkali-modified SCG biochars,IBU,Synthetic,0.2945083196339574,0.2730887183913516,Lasso,Lasso_1
225,SI_ref_17,Alkali-modified SCG biochars,IBU,Synthetic,0.5901579894748284,0.3536898384813688,Lasso,Lasso_1
227,SI_ref_17,Alkali-modified SCG biochars,IBU,Synthetic,0.6910697148739985,0.3536898384813688,Lasso,Lasso_1
235,SI_ref_16,C-Biochar,ATE,Synthetic,0.8511111111111113,0.7078133921994207,Lasso,Lasso_1
237,SI_ref_16,C-Biochar,ATE,Synthetic,0.8733333333333334,0.7078133921994207,Lasso,Lasso_1
239,SI_ref_16,C-Biochar,ATE,Synthetic,0.6511111111111112,0.6821934198811955,Lasso,Lasso_1
241,SI_ref_16,C-Biochar,ATE,Synthetic,0.7774074074074075,0.7078133921994207,Lasso,Lasso_1
247,SI_ref_16,C-Biochar,CBZ,Synthetic,0.44146825396825395,0.57804154293833,Lasso,Lasso_1
249,SI_ref_16,C-Biochar,CBZ,Synthetic,0.4430976430976431,0.5989558418445595,Lasso,Lasso_1
253,SI_ref_16,C-Biochar,CBZ,Synthetic,0.4044973544973545,0.5989558418445595,Lasso,Lasso_1
255,SI_ref_16,C-Biochar,CBZ,Synthetic,0.46792328042328046,0.586145855685447,Lasso,Lasso_1
257,SI_ref_16,C-Biochar,CBZ,Synthetic,0.46197089947089953,0.6198701407507892,Lasso,Lasso_1
273,SI_ref_16,C-Biochar,IBU,Synthetic,0.6000000000000001,0.6660774515588617,Lasso,Lasso_1
278,SI_ref_16,C-Biochar,IBU,Synthetic,0.8430555555555557,0.691697423877087,Lasso,Lasso_1
299,SI_ref_19,CB,IBU,Lake water,0.9811931645978613,0.9175506842537006,Lasso,Lasso_1
300,SI_ref_19,CB,IBU,Ground water,0.9595058090644278,0.8922890637460481,Lasso,Lasso_1
304,SI_ref_19,CB,IBU,Ground water,0.9323428884090048,0.9050990499051608,Lasso,Lasso_1
305,SI_ref_19,CB,IBU,Lake water,0.9442367850805692,0.9175506842537006,Lasso,Lasso_1
320,SI_ref_19,CB,IBU,Ground water,0.9303445651202417,0.9179090360642734,Lasso,Lasso_1
326,SI_ref_19,CB,IBU,Ground water,0.9318432124429017,0.9179090360642734,Lasso,Lasso_1
329,SI_ref_19,CB,IBU,Lake water,0.9296205387839244,0.9175506842537006,Lasso,Lasso_1
330,SI_ref_19,CB,IBU,Ground water,0.9174641264203113,0.8922890637460481,Lasso,Lasso_1
345,SI_ref_14,GCRB,ALA,Synthetic,0.9324051079932012,1.0042515440894932,Lasso,Lasso_1
348,SI_ref_14,GCRB,ALA,Synthetic,0.959711660682908,1.0460801419019523,Lasso,Lasso_1
374,SI_ref_14,GCRB,DIU,Synthetic,1.0082496176169822,0.8588157468031372,Lasso,Lasso_1
376,SI_ref_14,GCRB,SIM,Synthetic,0.9862955626477844,1.1115410148293436,Lasso,Lasso_1
377,SI_ref_14,GCRB,SIM,Synthetic,0.9834030650434858,1.0981400831690047,Lasso,Lasso_1
378,SI_ref_14,GCRB,SIM,Synthetic,0.9809240251187635,1.084580173973852,Lasso,Lasso_1
379,SI_ref_14,GCRB,SIM,Synthetic,0.977408497407208,1.0709392971955198,Lasso,Lasso_1
380,SI_ref_14,GCRB,SIM,Synthetic,0.9725866254178165,1.0572575585751531,Lasso,Lasso_1
381,SI_ref_14,GCRB,SIM,Synthetic,0.9707397150816074,1.0492439272641225,Lasso,Lasso_1
382,SI_ref_14,GCRB,SIM,Synthetic,0.9682512913168398,1.043555293451729,Lasso,Lasso_1
383,SI_ref_14,GCRB,SIM,Synthetic,0.9596267727831934,0.9937062079238814,Lasso,Lasso_1
393,SI_ref_14,GCRB,SIM,Synthetic,0.9681949882765674,1.0355348057363405,Lasso,Lasso_1
397,SI_ref_14,GCRB,SIM,Synthetic,0.9595581925458377,1.0355348057363405,Lasso,Lasso_1
410,SI_ref_14,GCRB-N,ALA,Synthetic,0.42098834230158483,0.5391130636098895,Lasso,Lasso_1
419,SI_ref_14,GCRB-N,ALA,Synthetic,0.3038540896584293,0.4972158897124033,Lasso,Lasso_1
428,SI_ref_14,GCRB-N,ALA,Synthetic,0.2941679236692388,0.4971475503419826,Lasso,Lasso_1
437,SI_ref_14,GCRB-N,ALA,Synthetic,0.299011006663834,0.4970794460575798,Lasso,Lasso_1
459,SI_ref_14,GCRB-N,DIU,Synthetic,0.6455190877003087,0.351793788653472,Lasso,Lasso_1
468,SI_ref_14,GCRB-N,DIU,Synthetic,0.6564705601884918,0.3517254020709571,Lasso,Lasso_1
477,SI_ref_14,GCRB-N,DIU,Synthetic,0.6413243626564091,0.3516572508988305,Lasso,Lasso_1
480,SI_ref_14,GCRB-N,SIM,Synthetic,0.8709260833889569,0.6045739365372808,Lasso,Lasso_1
481,SI_ref_14,GCRB-N,SIM,Synthetic,0.7937886433454202,0.5911730048769418,Lasso,Lasso_1
482,SI_ref_14,GCRB-N,SIM,Synthetic,0.7230251055630271,0.5776130956817894,Lasso,Lasso_1
483,SI_ref_14,GCRB-N,SIM,Synthetic,0.6451471952322713,0.563972218903457,Lasso,Lasso_1
484,SI_ref_14,GCRB-N,SIM,Synthetic,0.579106572580609,0.5502904802830904,Lasso,Lasso_1
485,SI_ref_14,GCRB-N,SIM,Synthetic,0.5461098630342859,0.5422768489720596,Lasso,Lasso_1
486,SI_ref_14,GCRB-N,SIM,Synthetic,0.526458395826474,0.5365882151596661,Lasso,Lasso_1
487,SI_ref_14,GCRB-N,SIM,Synthetic,0.44952651357619516,0.48673912963181865,Lasso,Lasso_1
493,SI_ref_14,GCRB-N,SIM,Synthetic,0.525804086252399,0.5285677274442778,Lasso,Lasso_1
502,SI_ref_14,GCRB-N,SIM,Synthetic,0.8453757948497886,0.5284991513592507,Lasso,Lasso_1
511,SI_ref_14,GCRB-N,SIM,Synthetic,0.8584308799035202,0.52843081198883,Lasso,Lasso_1
520,SI_ref_14,GCRB-N,SIM,Synthetic,0.8519033373766544,0.5283627077044273,Lasso,Lasso_1
540,SI_ref_19,MCB,IBU,Lake water,0.9742126323294387,0.8546179378355908,Lasso,Lasso_1
541,SI_ref_19,MCB,IBU,Ground water,0.9483485035015843,0.8293563173279384,Lasso,Lasso_1
547,SI_ref_19,MCB,IBU,Ground water,0.9263512886233829,0.8421525692541363,Lasso,Lasso_1
548,SI_ref_19,MCB,IBU,Lake water,0.9349728899053784,0.854604203602676,Lasso,Lasso_1
565,SI_ref_19,MCB,IBU,Ground water,0.9254612605703445,0.8549351154976257,Lasso,Lasso_1
571,SI_ref_19,MCB,IBU,Ground water,0.927696260267614,0.8549214097885613,Lasso,Lasso_1
574,SI_ref_19,MCB,IBU,Lake water,0.9258585842402297,0.8545630579779885,Lasso,Lasso_1
575,SI_ref_19,MCB,IBU,Ground water,0.9173366162788351,0.829301437470336,Lasso,Lasso_1
580,SI_ref_19,MCB,IBU,Lake water,0.974635205338439,0.8545493617505638,Lasso,Lasso_1
581,SI_ref_19,MCB,IBU,Ground water,0.95367292982704,0.8292877412429114,Lasso,Lasso_1
585,SI_ref_19,MCB,IBU,Ground water,0.925414707326754,0.8420840406431293,Lasso,Lasso_1
586,SI_ref_19,MCB,IBU,Lake water,0.9347814302861347,0.854535674991669,Lasso,Lasso_1
595,SI_ref_19,MCB,IBU,Ground water,0.9248851497651674,0.8548666816377388,Lasso,Lasso_1
601,SI_ref_19,MCB,IBU,Ground water,0.9300914246503462,0.8548530232060464,Lasso,Lasso_1
604,SI_ref_19,MCB,IBU,Lake water,0.9282701343021136,0.8544946713954735,Lasso,Lasso_1
605,SI_ref_19,MCB,IBU,Ground water,0.9160948152334054,0.8292330508878212,Lasso,Lasso_1
610,SI_ref_19,MCB,IBU,Lake water,0.9716179138912365,0.854481022380143,Lasso,Lasso_1
611,SI_ref_19,MCB,IBU,Ground water,0.9529992532644452,0.8292194018724905,Lasso,Lasso_1
615,SI_ref_19,MCB,IBU,Ground water,0.9284499518994666,0.8420157484196599,Lasso,Lasso_1
616,SI_ref_19,MCB,IBU,Lake water,0.935069554315652,0.8544673827681997,Lasso,Lasso_1
625,SI_ref_19,MCB,IBU,Ground water,0.9258221154816445,0.8547984835132822,Lasso,Lasso_1
631,SI_ref_19,MCB,IBU,Ground water,0.9296259863973036,0.8547848720339198,Lasso,Lasso_1
634,SI_ref_19,MCB,IBU,Lake water,0.9271225782160609,0.854426520223347,Lasso,Lasso_1
635,SI_ref_19,MCB,IBU,Ground water,0.9188076045934327,0.8291648997156946,Lasso,Lasso_1
640,SI_ref_18,NaOH-activated SCW biochars,DCF,Secondary effluent,0.7547018161110076,0.5090325809484726,Lasso,Lasso_1
642,SI_ref_18,NaOH-activated SCW biochars,DCF,Secondary effluent,0.6981463000238689,0.4956316492881336,Lasso,Lasso_1
644,SI_ref_18,NaOH-activated SCW biochars,DCF,Secondary effluent,0.6293744945066856,0.48207174009298115,Lasso,Lasso_1
646,SI_ref_18,NaOH-activated SCW biochars,DCF,Secondary effluent,0.588788451165352,0.46843086331464867,Lasso,Lasso_1
648,SI_ref_18,NaOH-activated SCW biochars,DCF,Secondary effluent,0.5891686823750966,0.45474912469428214,Lasso,Lasso_1
650,SI_ref_18,NaOH-activated SCW biochars,DCF,Secondary effluent,0.5849511312086796,0.44673549338325136,Lasso,Lasso_1
652,SI_ref_18,NaOH-activated SCW biochars,DCF,Secondary effluent,0.5864672759838442,0.4410468595708579,Lasso,Lasso_1
655,SI_ref_18,NaOH-activated SCW biochars,DCF,Lake water,0.28283236606156975,0.4448235860142922,Lasso,Lasso_1
657,SI_ref_18,NaOH-activated SCW biochars,DCF,Lake water,0.4098052873550469,0.42390928710806264,Lasso,Lasso_1
662,SI_ref_18,NaOH-activated SCW biochars,DCF,Secondary effluent,0.600008865661574,0.43302637185546955,Lasso,Lasso_1
668,SI_ref_18,NaOH-activated SCW biochars,DCF,Lake water,0.5638671837826676,0.4448235860142922,Lasso,Lasso_1
673,SI_ref_18,NaOH-activated SCW biochars,DCF,Lake water,0.5356816504619031,0.4448235860142922,Lasso,Lasso_1
679,SI_ref_18,NaOH-activated SCW biochars,DCF,Lake water,0.48550836273532816,0.4448235860142922,Lasso,Lasso_1
682,SI_ref_18,NaOH-activated SCW biochars,DCF,Secondary effluent,0.5965252581670849,0.43302637185546955,Lasso,Lasso_1
688,SI_ref_18,NaOH-activated SCW biochars,DCF,Lake water,0.5703611171190489,0.4657378849205218,Lasso,Lasso_1
693,SI_ref_18,NaOH-activated SCW biochars,DCF,Secondary effluent,0.6557026735074662,0.43302637185546955,Lasso,Lasso_1
694,SI_ref_18,NaOH-activated SCW biochars,DCF,Lake water,0.7297297292522416,0.4448235860142922,Lasso,Lasso_1
699,SI_ref_18,NaOH-activated SCW biochars,IBU,Secondary effluent,0.8098199350756726,0.5222018306426368,Lasso,Lasso_1
701,SI_ref_18,NaOH-activated SCW biochars,IBU,Secondary effluent,0.7485969905050348,0.5088008989822979,Lasso,Lasso_1
703,SI_ref_18,NaOH-activated SCW biochars,IBU,Secondary effluent,0.6850179499229786,0.4952409897871455,Lasso,Lasso_1
705,SI_ref_18,NaOH-activated SCW biochars,IBU,Secondary effluent,0.6861011679416551,0.481600113008813,Lasso,Lasso_1
707,SI_ref_18,NaOH-activated SCW biochars,IBU,Secondary effluent,0.6799185617433835,0.4679183743884464,Lasso,Lasso_1
709,SI_ref_18,NaOH-activated SCW biochars,IBU,Secondary effluent,0.6765813990931481,0.4599047430774157,Lasso,Lasso_1
711,SI_ref_18,NaOH-activated SCW biochars,IBU,Secondary effluent,0.6777803451607008,0.45421610926502215,Lasso,Lasso_1
712,SI_ref_18,NaOH-activated SCW biochars,IBU,Lake water,0.10371139816269948,0.45799283570845656,Lasso,Lasso_1
714,SI_ref_18,NaOH-activated SCW biochars,IBU,Lake water,0.46656560236114836,0.45799283570845656,Lasso,Lasso_1
721,SI_ref_18,NaOH-activated SCW biochars,IBU,Secondary effluent,0.675113405421536,0.4461956215496339,Lasso,Lasso_1
730,SI_ref_18,NaOH-activated SCW biochars,IBU,Lake water,0.627404015064595,0.45799283570845656,Lasso,Lasso_1
738,SI_ref_18,NaOH-activated SCW biochars,IBU,Lake water,0.6298527247859258,0.45799283570845656,Lasso,Lasso_1
740,SI_ref_18,NaOH-activated SCW biochars,IBU,Lake water,0.5791171913994386,0.45799283570845656,Lasso,Lasso_1
747,SI_ref_18,NaOH-activated SCW biochars,IBU,Lake water,0.6846241766923425,0.47890713461468615,Lasso,Lasso_1
752,SI_ref_18,NaOH-activated SCW biochars,IBU,Secondary effluent,0.7252319435730717,0.4461956215496339,Lasso,Lasso_1
758,SI_ref_18,NaOH-activated SCW biochars,NPX,Secondary effluent,0.5521972966156422,0.2922921054485258,Lasso,Lasso_1
760,SI_ref_18,NaOH-activated SCW biochars,NPX,Secondary effluent,0.4814245289032641,0.27889117378818684,Lasso,Lasso_1
762,SI_ref_18,NaOH-activated SCW biochars,NPX,Secondary effluent,0.34455951981715066,0.26533126459303435,Lasso,Lasso_1
764,SI_ref_18,NaOH-activated SCW biochars,NPX,Secondary effluent,0.2493517679350271,0.2516903878147019,Lasso,Lasso_1
766,SI_ref_18,NaOH-activated SCW biochars,NPX,Secondary effluent,0.16764900163614713,0.2380086491943354,Lasso,Lasso_1
768,SI_ref_18,NaOH-activated SCW biochars,NPX,Secondary effluent,0.12846350911521487,0.22999501788330456,Lasso,Lasso_1
770,SI_ref_18,NaOH-activated SCW biochars,NPX,Secondary effluent,0.12873702561203082,0.2243063840709112,Lasso,Lasso_1
771,SI_ref_18,NaOH-activated SCW biochars,NPX,Lake water,0.03570310331741743,0.22808311051434543,Lasso,Lasso_1
780,SI_ref_18,NaOH-activated SCW biochars,NPX,Secondary effluent,0.11864589305153721,0.21628589635552276,Lasso,Lasso_1
781,SI_ref_18,NaOH-activated SCW biochars,NPX,Lake water,0.04234525136924403,0.22808311051434543,Lasso,Lasso_1
791,SI_ref_18,NaOH-activated SCW biochars,NPX,Lake water,0.05751855059175114,0.21527312435523283,Lasso,Lasso_1
795,SI_ref_18,NaOH-activated SCW biochars,NPX,Lake water,0.1386164882936624,0.2699117083268046,Lasso,Lasso_1
859,SI_ref_13,PB600,CBZ,Synthetic,0.4773489932885906,0.5607601867777844,Lasso,Lasso_1
892,SI_ref_13,PB600,IBU,Synthetic,0.8533052267445003,0.6406917826511991,Lasso,Lasso_1
906,SI_ref_13,PB800,CBZ,Synthetic,0.16135346756152125,0.3045684581804343,Lasso,Lasso_1
939,SI_ref_13,PB800,IBU,Synthetic,0.5875275377054737,0.384500054053849,Lasso,Lasso_1
959,SI_ref_15,PSB,CAR,Synthetic,0.898502105289309,0.7981973222934939,Lasso,Lasso_1
963,SI_ref_15,PSB,CAR,Synthetic,0.8690891098845278,0.7981973222934939,Lasso,Lasso_1
976,SI_ref_15,PSB,PYR,Synthetic,0.9599614728522631,0.880337575753835,Lasso,Lasso_1
980,SI_ref_15,PSB,PYR,Synthetic,0.8739092070679689,0.880337575753835,Lasso,Lasso_1
982,SI_ref_15,PSB,PYR,Synthetic,0.8750456231185068,0.880337575753835,Lasso,Lasso_1
983,SI_ref_15,PSB,PYR,Synthetic,0.950707773566655,0.880337575753835,Lasso,Lasso_1
1000,SI_ref_15,PSB,TEB,Synthetic,0.8714762044822667,0.8519036654649852,Lasso,Lasso_1
1001,SI_ref_15,PSB,TEB,Synthetic,0.8650362109004135,0.8519036654649852,Lasso,Lasso_1
1020,SI_ref_15,PSBOX-A,CAR,Synthetic,0.024826351018054676,0.19698880085692405,Lasso,Lasso_1
1024,SI_ref_15,PSBOX-A,CAR,Synthetic,0.013386578068051812,0.19698880085692405,Lasso,Lasso_1
1039,SI_ref_15,PSBOX-A,PYR,Synthetic,0.10520884210859399,0.279129054317265,Lasso,Lasso_1
1041,SI_ref_15,PSBOX-A,PYR,Synthetic,0.5321591562240328,0.32095765212972427,Lasso,Lasso_1
1045,SI_ref_15,PSBOX-A,PYR,Synthetic,0.07450853175519283,0.279129054317265,Lasso,Lasso_1
1047,SI_ref_15,PSBOX-A,PYR,Synthetic,0.07530521810797475,0.279129054317265,Lasso,Lasso_1
1048,SI_ref_15,PSBOX-A,PYR,Synthetic,0.1335562050140622,0.279129054317265,Lasso,Lasso_1
1065,SI_ref_15,PSBOX-A,TEB,Synthetic,0.5160089507499187,0.2925237418408745,Lasso,Lasso_1
1070,SI_ref_15,PSBOX-A,TEB,Synthetic,0.04527670142322688,0.2506951440284152,Lasso,Lasso_1
1071,SI_ref_15,PSBOX-A,TEB,Synthetic,0.04243318293660387,0.2506951440284152,Lasso,Lasso_1
1095,SI_ref_17,Pristine SCG biochar,CBZ,Synthetic,0.9071706166070994,0.7816912526094744,Lasso,Lasso_1
1104,SI_ref_17,Pristine SCG biochar,CBZ,Synthetic,0.8748284470323213,0.9041209705119506,Lasso,Lasso_1
1108,SI_ref_17,Pristine SCG biochar,CBZ,Synthetic,0.8967497590877974,0.8622923726994915,Lasso,Lasso_1
1112,SI_ref_17,Pristine SCG biochar,CBZ,Synthetic,0.8867934815653573,0.8622923726994915,Lasso,Lasso_1
1115,SI_ref_17,Pristine SCG biochar,CBZ,Synthetic,0.925161257978969,0.7816912526094744,Lasso,Lasso_1
1116,SI_ref_17,Pristine SCG biochar,EE2,Synthetic,0.9879675366998732,1.031040163825022,Lasso,Lasso_1
1117,SI_ref_17,Pristine SCG biochar,EE2,Synthetic,0.9630524728687239,0.9504390437350048,Lasso,Lasso_1
1118,SI_ref_17,Pristine SCG biochar,EE2,Synthetic,0.9308917481943695,1.017639232164683,Lasso,Lasso_1
1119,SI_ref_17,Pristine SCG biochar,EE2,Synthetic,0.9610835485312063,0.9370381120746658,Lasso,Lasso_1
1120,SI_ref_17,Pristine SCG biochar,EE2,Synthetic,0.8890050918282607,0.9961065818667396,Lasso,Lasso_1
1121,SI_ref_17,Pristine SCG biochar,EE2,Synthetic,0.9527872619203276,0.9155054617767224,Lasso,Lasso_1
1122,SI_ref_17,Pristine SCG biochar,EE2,Synthetic,0.8965951913819401,0.9824384921048743,Lasso,Lasso_1
1123,SI_ref_17,Pristine SCG biochar,EE2,Synthetic,0.9558259103687238,0.9018373720148571,Lasso,Lasso_1
1124,SI_ref_17,Pristine SCG biochar,EE2,Synthetic,0.8793895099735648,0.9744294251327411,Lasso,Lasso_1
1125,SI_ref_17,Pristine SCG biochar,EE2,Synthetic,0.9519368217180961,0.8938283050427239,Lasso,Lasso_1
1126,SI_ref_17,Pristine SCG biochar,EE2,Synthetic,0.8770554520720774,0.9687430762598007,Lasso,Lasso_1
1127,SI_ref_17,Pristine SCG biochar,EE2,Synthetic,0.9377852461427824,0.8881419561697835,Lasso,Lasso_1
1128,SI_ref_17,Pristine SCG biochar,EE2,Synthetic,0.8833014060151289,0.9630544424474072,Lasso,Lasso_1
1129,SI_ref_17,Pristine SCG biochar,EE2,Synthetic,0.9348668633411785,0.88245332235739,Lasso,Lasso_1
1132,SI_ref_17,Pristine SCG biochar,EE2,Synthetic,0.8374361704672763,0.955033954732019,Lasso,Lasso_1
1133,SI_ref_17,Pristine SCG biochar,EE2,Synthetic,0.8609155049620831,0.8744328346420018,Lasso,Lasso_1
1137,SI_ref_17,Pristine SCG biochar,EE2,Synthetic,0.8257334628724249,0.8744328346420018,Lasso,Lasso_1
1147,SI_ref_17,Pristine SCG biochar,EE2,Synthetic,0.8965862728271835,0.8744328346420018,Lasso,Lasso_1
1170,SI_ref_17,Pristine SCG biochar,IBU,Synthetic,0.7820004901373623,0.9132053569195597,Lasso,Lasso_1
1183,SI_ref_17,Pristine SCG biochar,IBU,Synthetic,0.9114748664800524,0.8744328346420018,Lasso,Lasso_1
1184,SI_ref_17,Pristine SCG biochar,IBU,Synthetic,0.9484982246288517,0.9968625525444781,Lasso,Lasso_1
1186,SI_ref_17,Pristine SCG biochar,IBU,Synthetic,0.893754721851682,0.955033954732019,Lasso,Lasso_1
1189,SI_ref_17,Pristine SCG biochar,IBU,Synthetic,0.9210277046979152,0.8744328346420018,Lasso,Lasso_1
1191,SI_ref_17,Pristine SCG biochar,IBU,Synthetic,0.9513456586569363,0.8744328346420018,Lasso,Lasso_1
1192,SI_ref_17,Pristine SCG biochar,IBU,Synthetic,0.9226237248225028,0.955033954732019,Lasso,Lasso_1
1194,SI_ref_17,Pristine SCG biochar,IBU,Synthetic,0.8857728699803085,0.955033954732019,Lasso,Lasso_1
1199,SI_ref_18,Pristine SCW Biochar,DCF,Secondary effluent,0.918928852227115,1.0909189413299403,Lasso,Lasso_1
1201,SI_ref_18,Pristine SCW Biochar,DCF,Secondary effluent,0.9102784904019702,1.0775180096696013,Lasso,Lasso_1
1203,SI_ref_18,Pristine SCW Biochar,DCF,Secondary effluent,0.9056826438576806,1.0639581004744487,Lasso,Lasso_1
1205,SI_ref_18,Pristine SCW Biochar,DCF,Secondary effluent,0.9047459643543814,1.0503172236961165,Lasso,Lasso_1
1207,SI_ref_18,Pristine SCW Biochar,DCF,Secondary effluent,0.9046272834515193,1.0366354850757498,Lasso,Lasso_1
1209,SI_ref_18,Pristine SCW Biochar,DCF,Secondary effluent,0.9011959807369067,1.0286218537647192,Lasso,Lasso_1
1211,SI_ref_18,Pristine SCW Biochar,DCF,Secondary effluent,0.9001936082465184,1.0229332199523256,Lasso,Lasso_1
1214,SI_ref_18,Pristine SCW Biochar,DCF,Lake water,0.9077130214504949,1.0057956474895304,Lasso,Lasso_1
1219,SI_ref_18,Pristine SCW Biochar,DCF,Secondary effluent,0.9048873911798646,1.0149127322369371,Lasso,Lasso_1
1225,SI_ref_18,Pristine SCW Biochar,DCF,Lake water,0.9209005359691885,1.0267099463957599,Lasso,Lasso_1
1230,SI_ref_18,Pristine SCW Biochar,DCF,Lake water,0.9255037841040696,1.0267099463957599,Lasso,Lasso_1
1236,SI_ref_18,Pristine SCW Biochar,DCF,Lake water,0.9092724465153025,1.0267099463957599,Lasso,Lasso_1
1239,SI_ref_18,Pristine SCW Biochar,DCF,Secondary effluent,0.9186059768996898,1.0149127322369371,Lasso,Lasso_1
1245,SI_ref_18,Pristine SCW Biochar,DCF,Lake water,0.926603142736896,1.0476242453019895,Lasso,Lasso_1
1249,SI_ref_18,Pristine SCW Biochar,DCF,Secondary effluent,0.9174019043807426,1.0149127322369371,Lasso,Lasso_1
1254,SI_ref_18,Pristine SCW Biochar,IBU,Secondary effluent,0.9156726978407875,1.1040881910241045,Lasso,Lasso_1
1256,SI_ref_18,Pristine SCW Biochar,IBU,Secondary effluent,0.9079673942368781,1.0906872593637655,Lasso,Lasso_1
1258,SI_ref_18,Pristine SCW Biochar,IBU,Secondary effluent,0.9043236251446873,1.0771273501686132,Lasso,Lasso_1
1260,SI_ref_18,Pristine SCW Biochar,IBU,Secondary effluent,0.9020547983951682,1.0634864733902807,Lasso,Lasso_1
1262,SI_ref_18,Pristine SCW Biochar,IBU,Secondary effluent,0.9004882379050155,1.0498047347699142,Lasso,Lasso_1
1264,SI_ref_18,Pristine SCW Biochar,IBU,Secondary effluent,0.897458530238549,1.0417911034588834,Lasso,Lasso_1
1266,SI_ref_18,Pristine SCW Biochar,IBU,Secondary effluent,0.8973424975849196,1.0361024696464898,Lasso,Lasso_1
1274,SI_ref_18,Pristine SCW Biochar,IBU,Secondary effluent,0.8992057856547054,1.0280819819311016,Lasso,Lasso_1
1283,SI_ref_18,Pristine SCW Biochar,IBU,Lake water,0.9158900362354069,1.0398791960899243,Lasso,Lasso_1
1291,SI_ref_18,Pristine SCW Biochar,IBU,Lake water,0.9068652159539504,1.0398791960899243,Lasso,Lasso_1
1293,SI_ref_18,Pristine SCW Biochar,IBU,Lake water,0.9067682424855283,1.0398791960899243,Lasso,Lasso_1
1300,SI_ref_18,Pristine SCW Biochar,IBU,Lake water,0.9277221749920567,1.0607934949961537,Lasso,Lasso_1
1304,SI_ref_18,Pristine SCW Biochar,IBU,Secondary effluent,0.911352956646831,1.0280819819311016,Lasso,Lasso_1
1309,SI_ref_18,Pristine SCW Biochar,NPX,Secondary effluent,0.9276600601799115,0.8741784658299935,Lasso,Lasso_1
1311,SI_ref_18,Pristine SCW Biochar,NPX,Secondary effluent,0.9217275625657669,0.8607775341696545,Lasso,Lasso_1
1313,SI_ref_18,Pristine SCW Biochar,NPX,Secondary effluent,0.9151672500810683,0.8472176249745021,Lasso,Lasso_1
1315,SI_ref_18,Pristine SCW Biochar,NPX,Secondary effluent,0.914870212237198,0.8335767481961697,Lasso,Lasso_1
1317,SI_ref_18,Pristine SCW Biochar,NPX,Secondary effluent,0.9125118045566373,0.8198950095758031,Lasso,Lasso_1
1319,SI_ref_18,Pristine SCW Biochar,NPX,Secondary effluent,0.9122370962869346,0.8118813782647722,Lasso,Lasso_1
1321,SI_ref_18,Pristine SCW Biochar,NPX,Secondary effluent,0.9100475600528815,0.8061927444523788,Lasso,Lasso_1
1329,SI_ref_18,Pristine SCW Biochar,NPX,Secondary effluent,0.910898633301941,0.7981722567369905,Lasso,Lasso_1
1330,SI_ref_18,Pristine SCW Biochar,NPX,Lake water,0.9241969522882365,0.8099694708958132,Lasso,Lasso_1
1340,SI_ref_18,Pristine SCW Biochar,NPX,Lake water,0.9210401821004949,0.7971594847367005,Lasso,Lasso_1
1344,SI_ref_18,Pristine SCW Biochar,NPX,Lake water,0.9309313456555985,0.8517980687082723,Lasso,Lasso_1
19,SI_ref_19,AMCB,IBU,Lake water,0.12160249298048154,0.2938153450661594,LightGBM,LightGBM_1
20,SI_ref_19,AMCB,IBU,Ground water,0.0023766372681587895,0.18114838983685172,LightGBM,LightGBM_1
26,SI_ref_19,AMCB,IBU,Ground water,0.1894672613641715,0.23771140292188983,LightGBM,LightGBM_1
27,SI_ref_19,AMCB,IBU,Lake water,0.343266669603983,0.31735739345311836,LightGBM,LightGBM_1
36,SI_ref_19,AMCB,IBU,Ground water,0.41496556078686897,0.3235243217937938,LightGBM,LightGBM_1
42,SI_ref_19,AMCB,IBU,Ground water,0.5182383095521604,0.3220771930760324,LightGBM,LightGBM_1
45,SI_ref_19,AMCB,IBU,Lake water,0.5439346954470261,0.4541135435947783,LightGBM,LightGBM_1
46,SI_ref_19,AMCB,IBU,Ground water,0.48210720700720494,0.3268308194828969,LightGBM,LightGBM_1
51,SI_ref_19,AMCB,IBU,Lake water,0.0829192384873889,0.3297343313097461,LightGBM,LightGBM_1
52,SI_ref_19,AMCB,IBU,Ground water,0.003531050071646246,0.20563846799176613,LightGBM,LightGBM_1
56,SI_ref_19,AMCB,IBU,Ground water,0.17260220522445793,0.22821425680038587,LightGBM,LightGBM_1
57,SI_ref_19,AMCB,IBU,Lake water,0.2799685707152232,0.3296138236541349,LightGBM,LightGBM_1
66,SI_ref_19,AMCB,IBU,Ground water,0.4885549946229274,0.33431307969313284,LightGBM,LightGBM_1
72,SI_ref_19,AMCB,IBU,Ground water,0.5107350299703324,0.33431307969313284,LightGBM,LightGBM_1
75,SI_ref_19,AMCB,IBU,Lake water,0.539673236909249,0.4556463903314984,LightGBM,LightGBM_1
76,SI_ref_19,AMCB,IBU,Ground water,0.4945842701164504,0.3370636392091643,LightGBM,LightGBM_1
81,SI_ref_19,AMCB,IBU,Lake water,0.11734271672387758,0.29938336262960885,LightGBM,LightGBM_1
82,SI_ref_19,AMCB,IBU,Ground water,0.0,0.18567622280075138,LightGBM,LightGBM_1
86,SI_ref_19,AMCB,IBU,Ground water,0.16952726930244136,0.2030148183542189,LightGBM,LightGBM_1
87,SI_ref_19,AMCB,IBU,Lake water,0.245380335735257,0.3006939786565536,LightGBM,LightGBM_1
96,SI_ref_19,AMCB,IBU,Ground water,0.45590621693388655,0.3711968283813557,LightGBM,LightGBM_1
110,SI_ref_19,AMCB,IBU,Ground water,0.5205305455205957,0.37126784296168924,LightGBM,LightGBM_1
113,SI_ref_19,AMCB,IBU,Lake water,0.5570792394486925,0.47737346641532685,LightGBM,LightGBM_1
114,SI_ref_19,AMCB,IBU,Ground water,0.48301499525722014,0.3762549069135919,LightGBM,LightGBM_1
134,SI_ref_17,Alkali-modified SCG biochars,CBZ,Synthetic,0.00635796336582959,0.14558736641267536,LightGBM,LightGBM_1
143,SI_ref_17,Alkali-modified SCG biochars,CBZ,Synthetic,0.12158111194827703,0.32807586131006294,LightGBM,LightGBM_1
146,SI_ref_17,Alkali-modified SCG biochars,CBZ,Synthetic,0.6777397154224275,0.3510838121413172,LightGBM,LightGBM_1
150,SI_ref_17,Alkali-modified SCG biochars,CBZ,Synthetic,0.8144073973371778,0.3510838121413172,LightGBM,LightGBM_1
153,SI_ref_17,Alkali-modified SCG biochars,CBZ,Synthetic,0.5612135486607656,0.14558736641267536,LightGBM,LightGBM_1
154,SI_ref_17,Alkali-modified SCG biochars,EE2,Synthetic,0.32691906294512396,0.6198083684432762,LightGBM,LightGBM_1
155,SI_ref_17,Alkali-modified SCG biochars,EE2,Synthetic,0.281684429186895,0.5132382869568546,LightGBM,LightGBM_1
156,SI_ref_17,Alkali-modified SCG biochars,EE2,Synthetic,0.2985885901242538,0.5863411785772125,LightGBM,LightGBM_1
157,SI_ref_17,Alkali-modified SCG biochars,EE2,Synthetic,0.1736546812353491,0.47200058564587954,LightGBM,LightGBM_1
158,SI_ref_17,Alkali-modified SCG biochars,EE2,Synthetic,0.08297647774499996,0.43799242606673594,LightGBM,LightGBM_1
159,SI_ref_17,Alkali-modified SCG biochars,EE2,Synthetic,0.0890939833732563,0.27072076492074204,LightGBM,LightGBM_1
160,SI_ref_17,Alkali-modified SCG biochars,EE2,Synthetic,0.12434438865468556,0.37296682568623485,LightGBM,LightGBM_1
161,SI_ref_17,Alkali-modified SCG biochars,EE2,Synthetic,0.0719303611000807,0.20076037555461596,LightGBM,LightGBM_1
162,SI_ref_17,Alkali-modified SCG biochars,EE2,Synthetic,0.050886215526030655,0.3543703795790172,LightGBM,LightGBM_1
163,SI_ref_17,Alkali-modified SCG biochars,EE2,Synthetic,0.06892444951131721,0.18288753879730812,LightGBM,LightGBM_1
164,SI_ref_17,Alkali-modified SCG biochars,EE2,Synthetic,0.0402114435413677,0.3534258830350671,LightGBM,LightGBM_1
165,SI_ref_17,Alkali-modified SCG biochars,EE2,Synthetic,0.06161971981332274,0.181943042253358,LightGBM,LightGBM_1
166,SI_ref_17,Alkali-modified SCG biochars,EE2,Synthetic,0.014122078362060976,0.35202620372327,LightGBM,LightGBM_1
167,SI_ref_17,Alkali-modified SCG biochars,EE2,Synthetic,0.06227375203350968,0.18119862890404426,LightGBM,LightGBM_1
170,SI_ref_17,Alkali-modified SCG biochars,EE2,Synthetic,0.13791601981601773,0.4266999337297748,LightGBM,LightGBM_1
171,SI_ref_17,Alkali-modified SCG biochars,EE2,Synthetic,0.09051861058315946,0.2917003410640408,LightGBM,LightGBM_1
180,SI_ref_17,Alkali-modified SCG biochars,EE2,Synthetic,0.2279548813058391,0.2917003410640408,LightGBM,LightGBM_1
203,SI_ref_17,Alkali-modified SCG biochars,IBU,Synthetic,0.10913541523053398,0.3056779269206731,LightGBM,LightGBM_1
216,SI_ref_17,Alkali-modified SCG biochars,IBU,Synthetic,0.10107027265594352,0.16792860877483978,LightGBM,LightGBM_1
217,SI_ref_17,Alkali-modified SCG biochars,IBU,Synthetic,0.6889998443034063,0.4000814047239749,LightGBM,LightGBM_1
219,SI_ref_17,Alkali-modified SCG biochars,IBU,Synthetic,0.1184746430703935,0.40381492454001844,LightGBM,LightGBM_1
222,SI_ref_17,Alkali-modified SCG biochars,IBU,Synthetic,0.04374442489311713,0.16792860877483978,LightGBM,LightGBM_1
224,SI_ref_17,Alkali-modified SCG biochars,IBU,Synthetic,0.2945083196339574,0.16792860877483978,LightGBM,LightGBM_1
225,SI_ref_17,Alkali-modified SCG biochars,IBU,Synthetic,0.5901579894748284,0.40381492454001844,LightGBM,LightGBM_1
227,SI_ref_17,Alkali-modified SCG biochars,IBU,Synthetic,0.6910697148739985,0.40381492454001844,LightGBM,LightGBM_1
235,SI_ref_16,C-Biochar,ATE,Synthetic,0.8511111111111113,0.7792697822916216,LightGBM,LightGBM_1
237,SI_ref_16,C-Biochar,ATE,Synthetic,0.8733333333333334,0.7792697822916216,LightGBM,LightGBM_1
239,SI_ref_16,C-Biochar,ATE,Synthetic,0.6511111111111112,0.7575663228906239,LightGBM,LightGBM_1
241,SI_ref_16,C-Biochar,ATE,Synthetic,0.7774074074074075,0.7792697822916216,LightGBM,LightGBM_1
247,SI_ref_16,C-Biochar,CBZ,Synthetic,0.44146825396825395,0.5748877644301159,LightGBM,LightGBM_1
249,SI_ref_16,C-Biochar,CBZ,Synthetic,0.4430976430976431,0.5897014201069936,LightGBM,LightGBM_1
253,SI_ref_16,C-Biochar,CBZ,Synthetic,0.4044973544973545,0.5897014201069936,LightGBM,LightGBM_1
255,SI_ref_16,C-Biochar,CBZ,Synthetic,0.46792328042328046,0.574386993385598,LightGBM,LightGBM_1
257,SI_ref_16,C-Biochar,CBZ,Synthetic,0.46197089947089953,0.6629218606835676,LightGBM,LightGBM_1
273,SI_ref_16,C-Biochar,IBU,Synthetic,0.6000000000000001,0.6451657133951035,LightGBM,LightGBM_1
278,SI_ref_16,C-Biochar,IBU,Synthetic,0.8430555555555557,0.6653696758874196,LightGBM,LightGBM_1
299,SI_ref_19,CB,IBU,Lake water,0.9811931645978613,0.9242851403714277,LightGBM,LightGBM_1
300,SI_ref_19,CB,IBU,Ground water,0.9595058090644278,0.927847650359532,LightGBM,LightGBM_1
304,SI_ref_19,CB,IBU,Ground water,0.9323428884090048,0.923588990154261,LightGBM,LightGBM_1
305,SI_ref_19,CB,IBU,Lake water,0.9442367850805692,0.9242851403714277,LightGBM,LightGBM_1
320,SI_ref_19,CB,IBU,Ground water,0.9303445651202417,0.9511256580636929,LightGBM,LightGBM_1
326,SI_ref_19,CB,IBU,Ground water,0.9318432124429017,0.9511256580636929,LightGBM,LightGBM_1
329,SI_ref_19,CB,IBU,Lake water,0.9296205387839244,0.9242851403714277,LightGBM,LightGBM_1
330,SI_ref_19,CB,IBU,Ground water,0.9174641264203113,0.927847650359532,LightGBM,LightGBM_1
345,SI_ref_14,GCRB,ALA,Synthetic,0.9324051079932012,0.9524833044162823,LightGBM,LightGBM_1
348,SI_ref_14,GCRB,ALA,Synthetic,0.959711660682908,0.9472498514151444,LightGBM,LightGBM_1
374,SI_ref_14,GCRB,DIU,Synthetic,1.0082496176169822,0.9500588448662496,LightGBM,LightGBM_1
376,SI_ref_14,GCRB,SIM,Synthetic,0.9862955626477844,1.0031590884305104,LightGBM,LightGBM_1
377,SI_ref_14,GCRB,SIM,Synthetic,0.9834030650434858,0.984478014028994,LightGBM,LightGBM_1
378,SI_ref_14,GCRB,SIM,Synthetic,0.9809240251187635,0.9763712004983984,LightGBM,LightGBM_1
379,SI_ref_14,GCRB,SIM,Synthetic,0.977408497407208,0.9727019115126073,LightGBM,LightGBM_1
380,SI_ref_14,GCRB,SIM,Synthetic,0.9725866254178165,0.9635878346745395,LightGBM,LightGBM_1
381,SI_ref_14,GCRB,SIM,Synthetic,0.9707397150816074,0.9619930787907813,LightGBM,LightGBM_1
382,SI_ref_14,GCRB,SIM,Synthetic,0.9682512913168398,0.9619930787907813,LightGBM,LightGBM_1
383,SI_ref_14,GCRB,SIM,Synthetic,0.9596267727831934,0.8919844400452017,LightGBM,LightGBM_1
393,SI_ref_14,GCRB,SIM,Synthetic,0.9681949882765674,0.9646472694957191,LightGBM,LightGBM_1
397,SI_ref_14,GCRB,SIM,Synthetic,0.9595581925458377,0.9646472694957191,LightGBM,LightGBM_1
410,SI_ref_14,GCRB-N,ALA,Synthetic,0.42098834230158483,0.4190299967263189,LightGBM,LightGBM_1
419,SI_ref_14,GCRB-N,ALA,Synthetic,0.3038540896584293,0.5251476119460221,LightGBM,LightGBM_1
428,SI_ref_14,GCRB-N,ALA,Synthetic,0.2941679236692388,0.5328010151950592,LightGBM,LightGBM_1
437,SI_ref_14,GCRB-N,ALA,Synthetic,0.299011006663834,0.5688576511804013,LightGBM,LightGBM_1
459,SI_ref_14,GCRB-N,DIU,Synthetic,0.6455190877003087,0.29709451491929906,LightGBM,LightGBM_1
468,SI_ref_14,GCRB-N,DIU,Synthetic,0.6564705601884918,0.2950382584844184,LightGBM,LightGBM_1
477,SI_ref_14,GCRB-N,DIU,Synthetic,0.6413243626564091,0.3176809720745871,LightGBM,LightGBM_1
480,SI_ref_14,GCRB-N,SIM,Synthetic,0.8709260833889569,0.7958116173147134,LightGBM,LightGBM_1
481,SI_ref_14,GCRB-N,SIM,Synthetic,0.7937886433454202,0.755519627378998,LightGBM,LightGBM_1
482,SI_ref_14,GCRB-N,SIM,Synthetic,0.7230251055630271,0.7173023795877262,LightGBM,LightGBM_1
483,SI_ref_14,GCRB-N,SIM,Synthetic,0.6451471952322713,0.6899806463360251,LightGBM,LightGBM_1
484,SI_ref_14,GCRB-N,SIM,Synthetic,0.579106572580609,0.6106895281403587,LightGBM,LightGBM_1
485,SI_ref_14,GCRB-N,SIM,Synthetic,0.5461098630342859,0.5725887868510304,LightGBM,LightGBM_1
486,SI_ref_14,GCRB-N,SIM,Synthetic,0.526458395826474,0.5521257306384311,LightGBM,LightGBM_1
487,SI_ref_14,GCRB-N,SIM,Synthetic,0.44952651357619516,0.44569654980188855,LightGBM,LightGBM_1
493,SI_ref_14,GCRB-N,SIM,Synthetic,0.525804086252399,0.5264587576418704,LightGBM,LightGBM_1
502,SI_ref_14,GCRB-N,SIM,Synthetic,0.8453757948497886,0.5886412693013218,LightGBM,LightGBM_1
511,SI_ref_14,GCRB-N,SIM,Synthetic,0.8584308799035202,0.5961216782841477,LightGBM,LightGBM_1
520,SI_ref_14,GCRB-N,SIM,Synthetic,0.8519033373766544,0.6029722731211486,LightGBM,LightGBM_1
540,SI_ref_19,MCB,IBU,Lake water,0.9742126323294387,0.9159358261768096,LightGBM,LightGBM_1
541,SI_ref_19,MCB,IBU,Ground water,0.9483485035015843,0.9017311903738819,LightGBM,LightGBM_1
547,SI_ref_19,MCB,IBU,Ground water,0.9263512886233829,0.9197672986715448,LightGBM,LightGBM_1
548,SI_ref_19,MCB,IBU,Lake water,0.9349728899053784,0.9229899923727864,LightGBM,LightGBM_1
565,SI_ref_19,MCB,IBU,Ground water,0.9254612605703445,0.9434229878938826,LightGBM,LightGBM_1
571,SI_ref_19,MCB,IBU,Ground water,0.927696260267614,0.9488751138729222,LightGBM,LightGBM_1
574,SI_ref_19,MCB,IBU,Lake water,0.9258585842402297,0.9443521381215648,LightGBM,LightGBM_1
575,SI_ref_19,MCB,IBU,Ground water,0.9173366162788351,0.9401512088104584,LightGBM,LightGBM_1
580,SI_ref_19,MCB,IBU,Lake water,0.974635205338439,0.9219584865272622,LightGBM,LightGBM_1
581,SI_ref_19,MCB,IBU,Ground water,0.95367292982704,0.911113890860969,LightGBM,LightGBM_1
585,SI_ref_19,MCB,IBU,Ground water,0.925414707326754,0.9103886144562272,LightGBM,LightGBM_1
586,SI_ref_19,MCB,IBU,Lake water,0.9347814302861347,0.9121888724643598,LightGBM,LightGBM_1
595,SI_ref_19,MCB,IBU,Ground water,0.9248851497651674,0.957870510856116,LightGBM,LightGBM_1
601,SI_ref_19,MCB,IBU,Ground water,0.9300914246503462,0.957870510856116,LightGBM,LightGBM_1
604,SI_ref_19,MCB,IBU,Lake water,0.9282701343021136,0.9460474119541696,LightGBM,LightGBM_1
605,SI_ref_19,MCB,IBU,Ground water,0.9160948152334054,0.9473062433457137,LightGBM,LightGBM_1
610,SI_ref_19,MCB,IBU,Lake water,0.9716179138912365,0.9160200613170995,LightGBM,LightGBM_1
611,SI_ref_19,MCB,IBU,Ground water,0.9529992532644452,0.910331126658164,LightGBM,LightGBM_1
615,SI_ref_19,MCB,IBU,Ground water,0.9284499518994666,0.905572301929335,LightGBM,LightGBM_1
616,SI_ref_19,MCB,IBU,Lake water,0.935069554315652,0.9073725599374676,LightGBM,LightGBM_1
625,SI_ref_19,MCB,IBU,Ground water,0.9258221154816445,0.9427533653637448,LightGBM,LightGBM_1
631,SI_ref_19,MCB,IBU,Ground water,0.9296259863973036,0.9428243799440783,LightGBM,LightGBM_1
634,SI_ref_19,MCB,IBU,Lake water,0.9271225782160609,0.9276959286770663,LightGBM,LightGBM_1
635,SI_ref_19,MCB,IBU,Ground water,0.9188076045934327,0.9271134633115538,LightGBM,LightGBM_1
640,SI_ref_18,NaOH-activated SCW biochars,DCF,Secondary effluent,0.7547018161110076,0.5796332506816587,LightGBM,LightGBM_1
642,SI_ref_18,NaOH-activated SCW biochars,DCF,Secondary effluent,0.6981463000238689,0.5577203045986364,LightGBM,LightGBM_1
644,SI_ref_18,NaOH-activated SCW biochars,DCF,Secondary effluent,0.6293744945066856,0.5272425215039213,LightGBM,LightGBM_1
646,SI_ref_18,NaOH-activated SCW biochars,DCF,Secondary effluent,0.588788451165352,0.5268040492637991,LightGBM,LightGBM_1
648,SI_ref_18,NaOH-activated SCW biochars,DCF,Secondary effluent,0.5891686823750966,0.5112380769761309,LightGBM,LightGBM_1
650,SI_ref_18,NaOH-activated SCW biochars,DCF,Secondary effluent,0.5849511312086796,0.5153624386937553,LightGBM,LightGBM_1
652,SI_ref_18,NaOH-activated SCW biochars,DCF,Secondary effluent,0.5864672759838442,0.5147998277737651,LightGBM,LightGBM_1
655,SI_ref_18,NaOH-activated SCW biochars,DCF,Lake water,0.28283236606156975,0.5171356881389318,LightGBM,LightGBM_1
657,SI_ref_18,NaOH-activated SCW biochars,DCF,Lake water,0.4098052873550469,0.46983898280230907,LightGBM,LightGBM_1
662,SI_ref_18,NaOH-activated SCW biochars,DCF,Secondary effluent,0.600008865661574,0.5411177193962425,LightGBM,LightGBM_1
668,SI_ref_18,NaOH-activated SCW biochars,DCF,Lake water,0.5638671837826676,0.5171356881389318,LightGBM,LightGBM_1
673,SI_ref_18,NaOH-activated SCW biochars,DCF,Lake water,0.5356816504619031,0.5171356881389318,LightGBM,LightGBM_1
679,SI_ref_18,NaOH-activated SCW biochars,DCF,Lake water,0.48550836273532816,0.5171356881389318,LightGBM,LightGBM_1
682,SI_ref_18,NaOH-activated SCW biochars,DCF,Secondary effluent,0.5965252581670849,0.5411177193962425,LightGBM,LightGBM_1
688,SI_ref_18,NaOH-activated SCW biochars,DCF,Lake water,0.5703611171190489,0.6000846829457818,LightGBM,LightGBM_1
693,SI_ref_18,NaOH-activated SCW biochars,DCF,Secondary effluent,0.6557026735074662,0.5411177193962425,LightGBM,LightGBM_1
694,SI_ref_18,NaOH-activated SCW biochars,DCF,Lake water,0.7297297292522416,0.5171356881389318,LightGBM,LightGBM_1
699,SI_ref_18,NaOH-activated SCW biochars,IBU,Secondary effluent,0.8098199350756726,0.5831805039352757,LightGBM,LightGBM_1
701,SI_ref_18,NaOH-activated SCW biochars,IBU,Secondary effluent,0.7485969905050348,0.5741230618520244,LightGBM,LightGBM_1
703,SI_ref_18,NaOH-activated SCW biochars,IBU,Secondary effluent,0.6850179499229786,0.5562798962499086,LightGBM,LightGBM_1
705,SI_ref_18,NaOH-activated SCW biochars,IBU,Secondary effluent,0.6861011679416551,0.5695141959064127,LightGBM,LightGBM_1
707,SI_ref_18,NaOH-activated SCW biochars,IBU,Secondary effluent,0.6799185617433835,0.5796885597873702,LightGBM,LightGBM_1
709,SI_ref_18,NaOH-activated SCW biochars,IBU,Secondary effluent,0.6765813990931481,0.5838129215049946,LightGBM,LightGBM_1
711,SI_ref_18,NaOH-activated SCW biochars,IBU,Secondary effluent,0.6777803451607008,0.5832503105850044,LightGBM,LightGBM_1
712,SI_ref_18,NaOH-activated SCW biochars,IBU,Lake water,0.10371139816269948,0.6261493436750183,LightGBM,LightGBM_1
714,SI_ref_18,NaOH-activated SCW biochars,IBU,Lake water,0.46656560236114836,0.6261493436750183,LightGBM,LightGBM_1
721,SI_ref_18,NaOH-activated SCW biochars,IBU,Secondary effluent,0.675113405421536,0.6050234826452306,LightGBM,LightGBM_1
730,SI_ref_18,NaOH-activated SCW biochars,IBU,Lake water,0.627404015064595,0.6261493436750183,LightGBM,LightGBM_1
738,SI_ref_18,NaOH-activated SCW biochars,IBU,Lake water,0.6298527247859258,0.6261493436750183,LightGBM,LightGBM_1
740,SI_ref_18,NaOH-activated SCW biochars,IBU,Lake water,0.5791171913994386,0.6261493436750183,LightGBM,LightGBM_1
747,SI_ref_18,NaOH-activated SCW biochars,IBU,Lake water,0.6846241766923425,0.6992354257091775,LightGBM,LightGBM_1
752,SI_ref_18,NaOH-activated SCW biochars,IBU,Secondary effluent,0.7252319435730717,0.6050234826452306,LightGBM,LightGBM_1
758,SI_ref_18,NaOH-activated SCW biochars,NPX,Secondary effluent,0.5521972966156422,0.23991120088459914,LightGBM,LightGBM_1
760,SI_ref_18,NaOH-activated SCW biochars,NPX,Secondary effluent,0.4814245289032641,0.20420672768916312,LightGBM,LightGBM_1
762,SI_ref_18,NaOH-activated SCW biochars,NPX,Secondary effluent,0.34455951981715066,0.18083572420860008,LightGBM,LightGBM_1
764,SI_ref_18,NaOH-activated SCW biochars,NPX,Secondary effluent,0.2493517679350271,0.12442031345095465,LightGBM,LightGBM_1
766,SI_ref_18,NaOH-activated SCW biochars,NPX,Secondary effluent,0.16764900163614713,0.08650373160741558,LightGBM,LightGBM_1
768,SI_ref_18,NaOH-activated SCW biochars,NPX,Secondary effluent,0.12846350911521487,0.09062809332504014,LightGBM,LightGBM_1
770,SI_ref_18,NaOH-activated SCW biochars,NPX,Secondary effluent,0.12873702561203082,0.0900654824050499,LightGBM,LightGBM_1
771,SI_ref_18,NaOH-activated SCW biochars,NPX,Lake water,0.03570310331741743,0.08141674875220678,LightGBM,LightGBM_1
780,SI_ref_18,NaOH-activated SCW biochars,NPX,Secondary effluent,0.11864589305153721,0.10320683539567524,LightGBM,LightGBM_1
781,SI_ref_18,NaOH-activated SCW biochars,NPX,Lake water,0.04234525136924403,0.08141674875220678,LightGBM,LightGBM_1
791,SI_ref_18,NaOH-activated SCW biochars,NPX,Lake water,0.05751855059175114,0.08387881886626336,LightGBM,LightGBM_1
795,SI_ref_18,NaOH-activated SCW biochars,NPX,Lake water,0.1386164882936624,0.18289961935597202,LightGBM,LightGBM_1
859,SI_ref_13,PB600,CBZ,Synthetic,0.4773489932885906,0.49721250934007694,LightGBM,LightGBM_1
892,SI_ref_13,PB600,IBU,Synthetic,0.8533052267445003,0.584870569371324,LightGBM,LightGBM_1
906,SI_ref_13,PB800,CBZ,Synthetic,0.16135346756152125,0.20904165790557416,LightGBM,LightGBM_1
939,SI_ref_13,PB800,IBU,Synthetic,0.5875275377054737,0.36305701793493483,LightGBM,LightGBM_1
959,SI_ref_15,PSB,CAR,Synthetic,0.898502105289309,0.9193788540312963,LightGBM,LightGBM_1
963,SI_ref_15,PSB,CAR,Synthetic,0.8690891098845278,0.9193788540312963,LightGBM,LightGBM_1
976,SI_ref_15,PSB,PYR,Synthetic,0.9599614728522631,0.9435035758380829,LightGBM,LightGBM_1
980,SI_ref_15,PSB,PYR,Synthetic,0.8739092070679689,0.9435035758380829,LightGBM,LightGBM_1
982,SI_ref_15,PSB,PYR,Synthetic,0.8750456231185068,0.9435035758380829,LightGBM,LightGBM_1
983,SI_ref_15,PSB,PYR,Synthetic,0.950707773566655,0.9435035758380829,LightGBM,LightGBM_1
1000,SI_ref_15,PSB,TEB,Synthetic,0.8714762044822667,0.9215372887099444,LightGBM,LightGBM_1
1001,SI_ref_15,PSB,TEB,Synthetic,0.8650362109004135,0.9215372887099444,LightGBM,LightGBM_1
1020,SI_ref_15,PSBOX-A,CAR,Synthetic,0.024826351018054676,0.12712963888480525,LightGBM,LightGBM_1
1024,SI_ref_15,PSBOX-A,CAR,Synthetic,0.013386578068051812,0.12712963888480525,LightGBM,LightGBM_1
1039,SI_ref_15,PSBOX-A,PYR,Synthetic,0.10520884210859399,0.2800193293455809,LightGBM,LightGBM_1
1041,SI_ref_15,PSBOX-A,PYR,Synthetic,0.5321591562240328,0.28564015518116215,LightGBM,LightGBM_1
1045,SI_ref_15,PSBOX-A,PYR,Synthetic,0.07450853175519283,0.2800193293455809,LightGBM,LightGBM_1
1047,SI_ref_15,PSBOX-A,PYR,Synthetic,0.07530521810797475,0.2800193293455809,LightGBM,LightGBM_1
1048,SI_ref_15,PSBOX-A,PYR,Synthetic,0.1335562050140622,0.2800193293455809,LightGBM,LightGBM_1
1065,SI_ref_15,PSBOX-A,TEB,Synthetic,0.5160089507499187,0.2451572234554342,LightGBM,LightGBM_1
1070,SI_ref_15,PSBOX-A,TEB,Synthetic,0.04527670142322688,0.232542378039875,LightGBM,LightGBM_1
1071,SI_ref_15,PSBOX-A,TEB,Synthetic,0.04243318293660387,0.232542378039875,LightGBM,LightGBM_1
1095,SI_ref_17,Pristine SCG biochar,CBZ,Synthetic,0.9071706166070994,0.9105152898614395,LightGBM,LightGBM_1
1104,SI_ref_17,Pristine SCG biochar,CBZ,Synthetic,0.8748284470323213,0.9162373522273125,LightGBM,LightGBM_1
1108,SI_ref_17,Pristine SCG biochar,CBZ,Synthetic,0.8967497590877974,0.9100744670012144,LightGBM,LightGBM_1
1112,SI_ref_17,Pristine SCG biochar,CBZ,Synthetic,0.8867934815653573,0.9100744670012144,LightGBM,LightGBM_1
1115,SI_ref_17,Pristine SCG biochar,CBZ,Synthetic,0.925161257978969,0.9105152898614395,LightGBM,LightGBM_1
1116,SI_ref_17,Pristine SCG biochar,EE2,Synthetic,0.9879675366998732,0.9143389847395087,LightGBM,LightGBM_1
1117,SI_ref_17,Pristine SCG biochar,EE2,Synthetic,0.9630524728687239,0.9198955044763144,LightGBM,LightGBM_1
1118,SI_ref_17,Pristine SCG biochar,EE2,Synthetic,0.9308917481943695,0.8899732189688284,LightGBM,LightGBM_1
1119,SI_ref_17,Pristine SCG biochar,EE2,Synthetic,0.9610835485312063,0.8955297387056341,LightGBM,LightGBM_1
1120,SI_ref_17,Pristine SCG biochar,EE2,Synthetic,0.8890050918282607,0.8873745823361167,LightGBM,LightGBM_1
1121,SI_ref_17,Pristine SCG biochar,EE2,Synthetic,0.9527872619203276,0.8929311020729224,LightGBM,LightGBM_1
1122,SI_ref_17,Pristine SCG biochar,EE2,Synthetic,0.8965951913819401,0.8736622010627272,LightGBM,LightGBM_1
1123,SI_ref_17,Pristine SCG biochar,EE2,Synthetic,0.9558259103687238,0.8854753133510516,LightGBM,LightGBM_1
1124,SI_ref_17,Pristine SCG biochar,EE2,Synthetic,0.8793895099735648,0.8695772114839505,LightGBM,LightGBM_1
1125,SI_ref_17,Pristine SCG biochar,EE2,Synthetic,0.9519368217180961,0.8841629517151642,LightGBM,LightGBM_1
1126,SI_ref_17,Pristine SCG biochar,EE2,Synthetic,0.8770554520720774,0.8695772114839505,LightGBM,LightGBM_1
1127,SI_ref_17,Pristine SCG biochar,EE2,Synthetic,0.9377852461427824,0.8841629517151642,LightGBM,LightGBM_1
1128,SI_ref_17,Pristine SCG biochar,EE2,Synthetic,0.8833014060151289,0.8695772114839505,LightGBM,LightGBM_1
1129,SI_ref_17,Pristine SCG biochar,EE2,Synthetic,0.9348668633411785,0.8841629517151642,LightGBM,LightGBM_1
1132,SI_ref_17,Pristine SCG biochar,EE2,Synthetic,0.8374361704672763,0.8669182282378456,LightGBM,LightGBM_1
1133,SI_ref_17,Pristine SCG biochar,EE2,Synthetic,0.8609155049620831,0.8819932611084158,LightGBM,LightGBM_1
1137,SI_ref_17,Pristine SCG biochar,EE2,Synthetic,0.8257334628724249,0.8819932611084158,LightGBM,LightGBM_1
1147,SI_ref_17,Pristine SCG biochar,EE2,Synthetic,0.8965862728271835,0.8819932611084158,LightGBM,LightGBM_1
1170,SI_ref_17,Pristine SCG biochar,IBU,Synthetic,0.7820004901373623,0.8546839343875918,LightGBM,LightGBM_1
1183,SI_ref_17,Pristine SCG biochar,IBU,Synthetic,0.9114748664800524,0.9121338602458711,LightGBM,LightGBM_1
1184,SI_ref_17,Pristine SCG biochar,IBU,Synthetic,0.9484982246288517,0.923893270813737,LightGBM,LightGBM_1
1186,SI_ref_17,Pristine SCG biochar,IBU,Synthetic,0.893754721851682,0.9109102847063304,LightGBM,LightGBM_1
1189,SI_ref_17,Pristine SCG biochar,IBU,Synthetic,0.9210277046979152,0.9121338602458711,LightGBM,LightGBM_1
1191,SI_ref_17,Pristine SCG biochar,IBU,Synthetic,0.9513456586569363,0.9121338602458711,LightGBM,LightGBM_1
1192,SI_ref_17,Pristine SCG biochar,IBU,Synthetic,0.9226237248225028,0.9109102847063304,LightGBM,LightGBM_1
1194,SI_ref_17,Pristine SCG biochar,IBU,Synthetic,0.8857728699803085,0.9109102847063304,LightGBM,LightGBM_1
1199,SI_ref_18,Pristine SCW Biochar,DCF,Secondary effluent,0.918928852227115,0.9229230008099919,LightGBM,LightGBM_1
1201,SI_ref_18,Pristine SCW Biochar,DCF,Secondary effluent,0.9102784904019702,0.907120330583071,LightGBM,LightGBM_1
1203,SI_ref_18,Pristine SCW Biochar,DCF,Secondary effluent,0.9056826438576806,0.9068335765156346,LightGBM,LightGBM_1
1205,SI_ref_18,Pristine SCW Biochar,DCF,Secondary effluent,0.9047459643543814,0.9056400698507073,LightGBM,LightGBM_1
1207,SI_ref_18,Pristine SCW Biochar,DCF,Secondary effluent,0.9046272834515193,0.9095521416757923,LightGBM,LightGBM_1
1209,SI_ref_18,Pristine SCW Biochar,DCF,Secondary effluent,0.9011959807369067,0.909054983517789,LightGBM,LightGBM_1
1211,SI_ref_18,Pristine SCW Biochar,DCF,Secondary effluent,0.9001936082465184,0.9084923725977988,LightGBM,LightGBM_1
1214,SI_ref_18,Pristine SCW Biochar,DCF,Lake water,0.9077130214504949,0.8644929553111148,LightGBM,LightGBM_1
1219,SI_ref_18,Pristine SCW Biochar,DCF,Secondary effluent,0.9048873911798646,0.9082724727172342,LightGBM,LightGBM_1
1225,SI_ref_18,Pristine SCW Biochar,DCF,Lake water,0.9209005359691885,0.9156113857388464,LightGBM,LightGBM_1
1230,SI_ref_18,Pristine SCW Biochar,DCF,Lake water,0.9255037841040696,0.9156113857388464,LightGBM,LightGBM_1
1236,SI_ref_18,Pristine SCW Biochar,DCF,Lake water,0.9092724465153025,0.9156113857388464,LightGBM,LightGBM_1
1239,SI_ref_18,Pristine SCW Biochar,DCF,Secondary effluent,0.9186059768996898,0.9082724727172342,LightGBM,LightGBM_1
1245,SI_ref_18,Pristine SCW Biochar,DCF,Lake water,0.926603142736896,0.9267547920484687,LightGBM,LightGBM_1
1249,SI_ref_18,Pristine SCW Biochar,DCF,Secondary effluent,0.9174019043807426,0.9082724727172342,LightGBM,LightGBM_1
1254,SI_ref_18,Pristine SCW Biochar,IBU,Secondary effluent,0.9156726978407875,0.9155288236464817,LightGBM,LightGBM_1
1256,SI_ref_18,Pristine SCW Biochar,IBU,Secondary effluent,0.9079673942368781,0.903223687494653,LightGBM,LightGBM_1
1258,SI_ref_18,Pristine SCW Biochar,IBU,Secondary effluent,0.9043236251446873,0.9035201681719369,LightGBM,LightGBM_1
1260,SI_ref_18,Pristine SCW Biochar,IBU,Secondary effluent,0.9020547983951682,0.9023559869264747,LightGBM,LightGBM_1
1262,SI_ref_18,Pristine SCW Biochar,IBU,Secondary effluent,0.9004882379050155,0.903943747010087,LightGBM,LightGBM_1
1264,SI_ref_18,Pristine SCW Biochar,IBU,Secondary effluent,0.897458530238549,0.9034465888520836,LightGBM,LightGBM_1
1266,SI_ref_18,Pristine SCW Biochar,IBU,Secondary effluent,0.8973424975849196,0.9028839779320934,LightGBM,LightGBM_1
1274,SI_ref_18,Pristine SCW Biochar,IBU,Secondary effluent,0.8992057856547054,0.9030093098861779,LightGBM,LightGBM_1
1283,SI_ref_18,Pristine SCW Biochar,IBU,Lake water,0.9158900362354069,0.9159313536924442,LightGBM,LightGBM_1
1291,SI_ref_18,Pristine SCW Biochar,IBU,Lake water,0.9068652159539504,0.9159313536924442,LightGBM,LightGBM_1
1293,SI_ref_18,Pristine SCW Biochar,IBU,Lake water,0.9067682424855283,0.9159313536924442,LightGBM,LightGBM_1
1300,SI_ref_18,Pristine SCW Biochar,IBU,Lake water,0.9277221749920567,0.9405287418711789,LightGBM,LightGBM_1
1304,SI_ref_18,Pristine SCW Biochar,IBU,Secondary effluent,0.911352956646831,0.9030093098861779,LightGBM,LightGBM_1
1309,SI_ref_18,Pristine SCW Biochar,NPX,Secondary effluent,0.9276600601799115,0.9229230008099919,LightGBM,LightGBM_1
1311,SI_ref_18,Pristine SCW Biochar,NPX,Secondary effluent,0.9217275625657669,0.907120330583071,LightGBM,LightGBM_1
1313,SI_ref_18,Pristine SCW Biochar,NPX,Secondary effluent,0.9151672500810683,0.9064228952881273,LightGBM,LightGBM_1
1315,SI_ref_18,Pristine SCW Biochar,NPX,Secondary effluent,0.914870212237198,0.9052293886232,LightGBM,LightGBM_1
1317,SI_ref_18,Pristine SCW Biochar,NPX,Secondary effluent,0.9125118045566373,0.9083966328816004,LightGBM,LightGBM_1
1319,SI_ref_18,Pristine SCW Biochar,NPX,Secondary effluent,0.9122370962869346,0.9078994747235971,LightGBM,LightGBM_1
1321,SI_ref_18,Pristine SCW Biochar,NPX,Secondary effluent,0.9100475600528815,0.9073368638036069,LightGBM,LightGBM_1
1329,SI_ref_18,Pristine SCW Biochar,NPX,Secondary effluent,0.910898633301941,0.9071169639230423,LightGBM,LightGBM_1
1330,SI_ref_18,Pristine SCW Biochar,NPX,Lake water,0.9241969522882365,0.9144558769446545,LightGBM,LightGBM_1
1340,SI_ref_18,Pristine SCW Biochar,NPX,Lake water,0.9210401821004949,0.9172019423687594,LightGBM,LightGBM_1
1344,SI_ref_18,Pristine SCW Biochar,NPX,Lake water,0.9309313456555985,0.9190629035461462,LightGBM,LightGBM_1
19,SI_ref_19,AMCB,IBU,Lake water,0.12160249298048154,0.3943009347935361,MLP,MLP_2
20,SI_ref_19,AMCB,IBU,Ground water,0.0023766372681587895,0.3160959570623888,MLP,MLP_2
26,SI_ref_19,AMCB,IBU,Ground water,0.1894672613641715,0.326037221095206,MLP,MLP_2
27,SI_ref_19,AMCB,IBU,Lake water,0.343266669603983,0.3942856706222211,MLP,MLP_2
36,SI_ref_19,AMCB,IBU,Ground water,0.41496556078686897,0.2991062912534508,MLP,MLP_2
42,SI_ref_19,AMCB,IBU,Ground water,0.5182383095521604,0.2990584275720566,MLP,MLP_2
45,SI_ref_19,AMCB,IBU,Lake water,0.5439346954470261,0.3942399415401542,MLP,MLP_2
46,SI_ref_19,AMCB,IBU,Ground water,0.48210720700720494,0.31611247540867815,MLP,MLP_2
51,SI_ref_19,AMCB,IBU,Lake water,0.0829192384873889,0.39422471960798844,MLP,MLP_2
52,SI_ref_19,AMCB,IBU,Ground water,0.003531050071646246,0.316116597850633,MLP,MLP_2
56,SI_ref_19,AMCB,IBU,Ground water,0.17260220522445793,0.32590068513239967,MLP,MLP_2
57,SI_ref_19,AMCB,IBU,Lake water,0.2799685707152232,0.3942095081991086,MLP,MLP_2
66,SI_ref_19,AMCB,IBU,Ground water,0.4885549946229274,0.2988673035111303,MLP,MLP_2
72,SI_ref_19,AMCB,IBU,Ground water,0.5107350299703324,0.2988196049338589,MLP,MLP_2
75,SI_ref_19,AMCB,IBU,Lake water,0.539673236909249,0.39416393696693747,MLP,MLP_2
76,SI_ref_19,AMCB,IBU,Ground water,0.4945842701164504,0.316133059158361,MLP,MLP_2
81,SI_ref_19,AMCB,IBU,Lake water,0.11734271672387758,0.3941487675061036,MLP,MLP_2
82,SI_ref_19,AMCB,IBU,Ground water,0.0,0.3161371673898979,MLP,MLP_2
86,SI_ref_19,AMCB,IBU,Ground water,0.16952726930244136,0.32576462014659957,MLP,MLP_2
87,SI_ref_19,AMCB,IBU,Lake water,0.245380335735257,0.3941336084961563,MLP,MLP_2
96,SI_ref_19,AMCB,IBU,Ground water,0.45590621693388655,0.2986291390144716,MLP,MLP_2
110,SI_ref_19,AMCB,IBU,Ground water,0.5205305455205957,0.29858160440619685,MLP,MLP_2
113,SI_ref_19,AMCB,IBU,Lake water,0.5570792394486925,0.39408819402788114,MLP,MLP_2
114,SI_ref_19,AMCB,IBU,Ground water,0.48301499525722014,0.31615357205162253,MLP,MLP_2
134,SI_ref_17,Alkali-modified SCG biochars,CBZ,Synthetic,0.00635796336582959,0.1429596350169549,MLP,MLP_2
143,SI_ref_17,Alkali-modified SCG biochars,CBZ,Synthetic,0.12158111194827703,0.38988393276009065,MLP,MLP_2
146,SI_ref_17,Alkali-modified SCG biochars,CBZ,Synthetic,0.6777397154224275,0.30668082952788,MLP,MLP_2
150,SI_ref_17,Alkali-modified SCG biochars,CBZ,Synthetic,0.8144073973371778,0.30668082952788,MLP,MLP_2
153,SI_ref_17,Alkali-modified SCG biochars,CBZ,Synthetic,0.5612135486607656,0.1429596350169549,MLP,MLP_2
154,SI_ref_17,Alkali-modified SCG biochars,EE2,Synthetic,0.32691906294512396,0.3055186001290413,MLP,MLP_2
155,SI_ref_17,Alkali-modified SCG biochars,EE2,Synthetic,0.281684429186895,0.2076033398711807,MLP,MLP_2
156,SI_ref_17,Alkali-modified SCG biochars,EE2,Synthetic,0.2985885901242538,0.26205070726174573,MLP,MLP_2
157,SI_ref_17,Alkali-modified SCG biochars,EE2,Synthetic,0.1736546812353491,0.19166816852253704,MLP,MLP_2
158,SI_ref_17,Alkali-modified SCG biochars,EE2,Synthetic,0.08297647774499996,0.22788163548387685,MLP,MLP_2
159,SI_ref_17,Alkali-modified SCG biochars,EE2,Synthetic,0.0890939833732563,0.14304951177261432,MLP,MLP_2
160,SI_ref_17,Alkali-modified SCG biochars,EE2,Synthetic,0.12434438865468556,0.23875554169207142,MLP,MLP_2
161,SI_ref_17,Alkali-modified SCG biochars,EE2,Synthetic,0.0719303611000807,0.1556024426881688,MLP,MLP_2
162,SI_ref_17,Alkali-modified SCG biochars,EE2,Synthetic,0.050886215526030655,0.285896125733722,MLP,MLP_2
163,SI_ref_17,Alkali-modified SCG biochars,EE2,Synthetic,0.06892444951131721,0.17703381965370563,MLP,MLP_2
164,SI_ref_17,Alkali-modified SCG biochars,EE2,Synthetic,0.0402114435413677,0.3144721233742584,MLP,MLP_2
165,SI_ref_17,Alkali-modified SCG biochars,EE2,Synthetic,0.06161971981332274,0.194902564603081,MLP,MLP_2
166,SI_ref_17,Alkali-modified SCG biochars,EE2,Synthetic,0.014122078362060976,0.34214929996684557,MLP,MLP_2
167,SI_ref_17,Alkali-modified SCG biochars,EE2,Synthetic,0.06227375203350968,0.21268851451383264,MLP,MLP_2
170,SI_ref_17,Alkali-modified SCG biochars,EE2,Synthetic,0.13791601981601773,0.39549125483606934,MLP,MLP_2
171,SI_ref_17,Alkali-modified SCG biochars,EE2,Synthetic,0.09051861058315946,0.2462937088198146,MLP,MLP_2
180,SI_ref_17,Alkali-modified SCG biochars,EE2,Synthetic,0.2279548813058391,0.2462937088198146,MLP,MLP_2
203,SI_ref_17,Alkali-modified SCG biochars,IBU,Synthetic,0.10913541523053398,0.3234314890459319,MLP,MLP_2
216,SI_ref_17,Alkali-modified SCG biochars,IBU,Synthetic,0.10107027265594352,0.20398022366192264,MLP,MLP_2
217,SI_ref_17,Alkali-modified SCG biochars,IBU,Synthetic,0.6889998443034063,0.4955827049952509,MLP,MLP_2
219,SI_ref_17,Alkali-modified SCG biochars,IBU,Synthetic,0.1184746430703935,0.4001966936190974,MLP,MLP_2
222,SI_ref_17,Alkali-modified SCG biochars,IBU,Synthetic,0.04374442489311713,0.20398022366192264,MLP,MLP_2
224,SI_ref_17,Alkali-modified SCG biochars,IBU,Synthetic,0.2945083196339574,0.20398022366192264,MLP,MLP_2
225,SI_ref_17,Alkali-modified SCG biochars,IBU,Synthetic,0.5901579894748284,0.4001966936190974,MLP,MLP_2
227,SI_ref_17,Alkali-modified SCG biochars,IBU,Synthetic,0.6910697148739985,0.4001966936190974,MLP,MLP_2
235,SI_ref_16,C-Biochar,ATE,Synthetic,0.8511111111111113,0.7770233849547896,MLP,MLP_2
237,SI_ref_16,C-Biochar,ATE,Synthetic,0.8733333333333334,0.7770233849547896,MLP,MLP_2
239,SI_ref_16,C-Biochar,ATE,Synthetic,0.6511111111111112,0.589989944356396,MLP,MLP_2
241,SI_ref_16,C-Biochar,ATE,Synthetic,0.7774074074074075,0.7770233849547896,MLP,MLP_2
247,SI_ref_16,C-Biochar,CBZ,Synthetic,0.44146825396825395,0.5642166270651838,MLP,MLP_2
249,SI_ref_16,C-Biochar,CBZ,Synthetic,0.4430976430976431,0.6206958683039069,MLP,MLP_2
253,SI_ref_16,C-Biochar,CBZ,Synthetic,0.4044973544973545,0.6206958683039069,MLP,MLP_2
255,SI_ref_16,C-Biochar,CBZ,Synthetic,0.46792328042328046,0.5000670648564691,MLP,MLP_2
257,SI_ref_16,C-Biochar,CBZ,Synthetic,0.46197089947089953,0.8004287958264942,MLP,MLP_2
273,SI_ref_16,C-Biochar,IBU,Synthetic,0.6000000000000001,0.41821450633206464,MLP,MLP_2
278,SI_ref_16,C-Biochar,IBU,Synthetic,0.8430555555555557,0.6373953188407311,MLP,MLP_2
299,SI_ref_19,CB,IBU,Lake water,0.9811931645978613,0.9246605167168154,MLP,MLP_2
300,SI_ref_19,CB,IBU,Ground water,0.9595058090644278,0.9052749396096711,MLP,MLP_2
304,SI_ref_19,CB,IBU,Ground water,0.9323428884090048,0.8857790379263966,MLP,MLP_2
305,SI_ref_19,CB,IBU,Lake water,0.9442367850805692,0.9246605167168154,MLP,MLP_2
320,SI_ref_19,CB,IBU,Ground water,0.9303445651202417,0.9164006466606911,MLP,MLP_2
326,SI_ref_19,CB,IBU,Ground water,0.9318432124429017,0.9164006466606911,MLP,MLP_2
329,SI_ref_19,CB,IBU,Lake water,0.9296205387839244,0.9246605167168154,MLP,MLP_2
330,SI_ref_19,CB,IBU,Ground water,0.9174641264203113,0.9052749396096711,MLP,MLP_2
345,SI_ref_14,GCRB,ALA,Synthetic,0.9324051079932012,0.9515349173239,MLP,MLP_2
348,SI_ref_14,GCRB,ALA,Synthetic,0.959711660682908,1.0086244365333885,MLP,MLP_2
374,SI_ref_14,GCRB,DIU,Synthetic,1.0082496176169822,0.9078113546809026,MLP,MLP_2
376,SI_ref_14,GCRB,SIM,Synthetic,0.9862955626477844,1.0894793923782276,MLP,MLP_2
377,SI_ref_14,GCRB,SIM,Synthetic,0.9834030650434858,1.1061876698708724,MLP,MLP_2
378,SI_ref_14,GCRB,SIM,Synthetic,0.9809240251187635,1.1122786010938979,MLP,MLP_2
379,SI_ref_14,GCRB,SIM,Synthetic,0.977408497407208,1.101027044359059,MLP,MLP_2
380,SI_ref_14,GCRB,SIM,Synthetic,0.9725866254178165,1.0546356377382122,MLP,MLP_2
381,SI_ref_14,GCRB,SIM,Synthetic,0.9707397150816074,1.027463387268073,MLP,MLP_2
382,SI_ref_14,GCRB,SIM,Synthetic,0.9682512913168398,1.012032874620099,MLP,MLP_2
383,SI_ref_14,GCRB,SIM,Synthetic,0.9596267727831934,0.8991802061641889,MLP,MLP_2
393,SI_ref_14,GCRB,SIM,Synthetic,0.9681949882765674,1.0053593993133438,MLP,MLP_2
397,SI_ref_14,GCRB,SIM,Synthetic,0.9595581925458377,1.0053593993133438,MLP,MLP_2
410,SI_ref_14,GCRB-N,ALA,Synthetic,0.42098834230158483,0.5532749560790993,MLP,MLP_2
419,SI_ref_14,GCRB-N,ALA,Synthetic,0.3038540896584293,0.5283505810113378,MLP,MLP_2
428,SI_ref_14,GCRB-N,ALA,Synthetic,0.2941679236692388,0.5284537808782597,MLP,MLP_2
437,SI_ref_14,GCRB-N,ALA,Synthetic,0.299011006663834,0.5285566257397784,MLP,MLP_2
459,SI_ref_14,GCRB-N,DIU,Synthetic,0.6455190877003087,0.30165603371859884,MLP,MLP_2
468,SI_ref_14,GCRB-N,DIU,Synthetic,0.6564705601884918,0.30165820634491475,MLP,MLP_2
477,SI_ref_14,GCRB-N,DIU,Synthetic,0.6413243626564091,0.30166037149229574,MLP,MLP_2
480,SI_ref_14,GCRB-N,SIM,Synthetic,0.8709260833889569,0.6186707728108627,MLP,MLP_2
481,SI_ref_14,GCRB-N,SIM,Synthetic,0.7937886433454202,0.6022776613184464,MLP,MLP_2
482,SI_ref_14,GCRB-N,SIM,Synthetic,0.7230251055630271,0.5941410846339767,MLP,MLP_2
483,SI_ref_14,GCRB-N,SIM,Synthetic,0.6451471952322713,0.5834673808408986,MLP,MLP_2
484,SI_ref_14,GCRB-N,SIM,Synthetic,0.579106572580609,0.5804084307336146,MLP,MLP_2
485,SI_ref_14,GCRB-N,SIM,Synthetic,0.5461098630342859,0.5673646936170809,MLP,MLP_2
486,SI_ref_14,GCRB-N,SIM,Synthetic,0.526458395826474,0.5569209663775883,MLP,MLP_2
487,SI_ref_14,GCRB-N,SIM,Synthetic,0.44952651357619516,0.34336099060722924,MLP,MLP_2
493,SI_ref_14,GCRB-N,SIM,Synthetic,0.525804086252399,0.5716774428104177,MLP,MLP_2
502,SI_ref_14,GCRB-N,SIM,Synthetic,0.8453757948497886,0.5717747189464508,MLP,MLP_2
511,SI_ref_14,GCRB-N,SIM,Synthetic,0.8584308799035202,0.571871659299503,MLP,MLP_2
520,SI_ref_14,GCRB-N,SIM,Synthetic,0.8519033373766544,0.5719682661797498,MLP,MLP_2
540,SI_ref_19,MCB,IBU,Lake water,0.9742126323294387,0.922694232728652,MLP,MLP_2
541,SI_ref_19,MCB,IBU,Ground water,0.9483485035015843,0.8856379909100183,MLP,MLP_2
547,SI_ref_19,MCB,IBU,Ground water,0.9263512886233829,0.9201853286465616,MLP,MLP_2
548,SI_ref_19,MCB,IBU,Lake water,0.9349728899053784,0.9226906082458926,MLP,MLP_2
565,SI_ref_19,MCB,IBU,Ground water,0.9254612605703445,0.9228290927310314,MLP,MLP_2
571,SI_ref_19,MCB,IBU,Ground water,0.927696260267614,0.9227990801570631,MLP,MLP_2
574,SI_ref_19,MCB,IBU,Lake water,0.9258585842402297,0.9226797498595356,MLP,MLP_2
575,SI_ref_19,MCB,IBU,Ground water,0.9173366162788351,0.8854260597889003,MLP,MLP_2
580,SI_ref_19,MCB,IBU,Lake water,0.974635205338439,0.9226761354064767,MLP,MLP_2
581,SI_ref_19,MCB,IBU,Ground water,0.95367292982704,0.8853731686743818,MLP,MLP_2
585,SI_ref_19,MCB,IBU,Ground water,0.925414707326754,0.9202642279506934,MLP,MLP_2
586,SI_ref_19,MCB,IBU,Lake water,0.9347814302861347,0.9226725234521758,MLP,MLP_2
595,SI_ref_19,MCB,IBU,Ground water,0.9248851497651674,0.9226792372020591,MLP,MLP_2
601,SI_ref_19,MCB,IBU,Ground water,0.9300914246503462,0.9226493281554329,MLP,MLP_2
604,SI_ref_19,MCB,IBU,Lake water,0.9282701343021136,0.9226617025473312,MLP,MLP_2
605,SI_ref_19,MCB,IBU,Ground water,0.9160948152334054,0.8851619693605537,MLP,MLP_2
610,SI_ref_19,MCB,IBU,Lake water,0.9716179138912365,0.9226581005536083,MLP,MLP_2
611,SI_ref_19,MCB,IBU,Ground water,0.9529992532644452,0.8851092605663344,MLP,MLP_2
615,SI_ref_19,MCB,IBU,Ground water,0.9284499518994666,0.9203428550938704,MLP,MLP_2
616,SI_ref_19,MCB,IBU,Lake water,0.935069554315652,0.922654501041452,MLP,MLP_2
625,SI_ref_19,MCB,IBU,Ground water,0.9258221154816445,0.9225298978833036,MLP,MLP_2
631,SI_ref_19,MCB,IBU,Ground water,0.9296259863973036,0.9225000916522463,MLP,MLP_2
634,SI_ref_19,MCB,IBU,Lake water,0.9271225782160609,0.9226437173602486,MLP,MLP_2
635,SI_ref_19,MCB,IBU,Ground water,0.9188076045934327,0.8848987880232599,MLP,MLP_2
640,SI_ref_18,NaOH-activated SCW biochars,DCF,Secondary effluent,0.7547018161110076,0.48250706723765474,MLP,MLP_2
642,SI_ref_18,NaOH-activated SCW biochars,DCF,Secondary effluent,0.6981463000238689,0.4483976436651811,MLP,MLP_2
644,SI_ref_18,NaOH-activated SCW biochars,DCF,Secondary effluent,0.6293744945066856,0.4595697461702459,MLP,MLP_2
646,SI_ref_18,NaOH-activated SCW biochars,DCF,Secondary effluent,0.588788451165352,0.46982824769527964,MLP,MLP_2
648,SI_ref_18,NaOH-activated SCW biochars,DCF,Secondary effluent,0.5891686823750966,0.5029240751896977,MLP,MLP_2
650,SI_ref_18,NaOH-activated SCW biochars,DCF,Secondary effluent,0.5849511312086796,0.5135939816042202,MLP,MLP_2
652,SI_ref_18,NaOH-activated SCW biochars,DCF,Secondary effluent,0.5864672759838442,0.521168224547139,MLP,MLP_2
655,SI_ref_18,NaOH-activated SCW biochars,DCF,Lake water,0.28283236606156975,0.5458468743281959,MLP,MLP_2
657,SI_ref_18,NaOH-activated SCW biochars,DCF,Lake water,0.4098052873550469,0.4253871366508153,MLP,MLP_2
662,SI_ref_18,NaOH-activated SCW biochars,DCF,Secondary effluent,0.600008865661574,0.5216311995559713,MLP,MLP_2
668,SI_ref_18,NaOH-activated SCW biochars,DCF,Lake water,0.5638671837826676,0.5458468743281959,MLP,MLP_2
673,SI_ref_18,NaOH-activated SCW biochars,DCF,Lake water,0.5356816504619031,0.5458468743281959,MLP,MLP_2
679,SI_ref_18,NaOH-activated SCW biochars,DCF,Lake water,0.48550836273532816,0.5458468743281959,MLP,MLP_2
682,SI_ref_18,NaOH-activated SCW biochars,DCF,Secondary effluent,0.5965252581670849,0.5216311995559713,MLP,MLP_2
688,SI_ref_18,NaOH-activated SCW biochars,DCF,Lake water,0.5703611171190489,0.5762397544922344,MLP,MLP_2
693,SI_ref_18,NaOH-activated SCW biochars,DCF,Secondary effluent,0.6557026735074662,0.5216311995559713,MLP,MLP_2
694,SI_ref_18,NaOH-activated SCW biochars,DCF,Lake water,0.7297297292522416,0.5458468743281959,MLP,MLP_2
699,SI_ref_18,NaOH-activated SCW biochars,IBU,Secondary effluent,0.8098199350756726,0.6747095146459783,MLP,MLP_2
701,SI_ref_18,NaOH-activated SCW biochars,IBU,Secondary effluent,0.7485969905050348,0.6487761379860141,MLP,MLP_2
703,SI_ref_18,NaOH-activated SCW biochars,IBU,Secondary effluent,0.6850179499229786,0.6308722198266443,MLP,MLP_2
705,SI_ref_18,NaOH-activated SCW biochars,IBU,Secondary effluent,0.6861011679416551,0.6167201284331973,MLP,MLP_2
707,SI_ref_18,NaOH-activated SCW biochars,IBU,Secondary effluent,0.6799185617433835,0.5845084462770498,MLP,MLP_2
709,SI_ref_18,NaOH-activated SCW biochars,IBU,Secondary effluent,0.6765813990931481,0.5626337789905287,MLP,MLP_2
711,SI_ref_18,NaOH-activated SCW biochars,IBU,Secondary effluent,0.6777803451607008,0.5551223490560813,MLP,MLP_2
712,SI_ref_18,NaOH-activated SCW biochars,IBU,Lake water,0.10371139816269948,0.5664274136779763,MLP,MLP_2
714,SI_ref_18,NaOH-activated SCW biochars,IBU,Lake water,0.46656560236114836,0.5664274136779763,MLP,MLP_2
721,SI_ref_18,NaOH-activated SCW biochars,IBU,Secondary effluent,0.675113405421536,0.5452413479516425,MLP,MLP_2
730,SI_ref_18,NaOH-activated SCW biochars,IBU,Lake water,0.627404015064595,0.5664274136779763,MLP,MLP_2
738,SI_ref_18,NaOH-activated SCW biochars,IBU,Lake water,0.6298527247859258,0.5664274136779763,MLP,MLP_2
740,SI_ref_18,NaOH-activated SCW biochars,IBU,Lake water,0.5791171913994386,0.5664274136779763,MLP,MLP_2
747,SI_ref_18,NaOH-activated SCW biochars,IBU,Lake water,0.6846241766923425,0.4738080633732679,MLP,MLP_2
752,SI_ref_18,NaOH-activated SCW biochars,IBU,Secondary effluent,0.7252319435730717,0.5452413479516425,MLP,MLP_2
758,SI_ref_18,NaOH-activated SCW biochars,NPX,Secondary effluent,0.5521972966156422,0.34739123636958835,MLP,MLP_2
760,SI_ref_18,NaOH-activated SCW biochars,NPX,Secondary effluent,0.4814245289032641,0.3133615935456028,MLP,MLP_2
762,SI_ref_18,NaOH-activated SCW biochars,NPX,Secondary effluent,0.34455951981715066,0.27691212347867666,MLP,MLP_2
764,SI_ref_18,NaOH-activated SCW biochars,NPX,Secondary effluent,0.2493517679350271,0.21424572958446506,MLP,MLP_2
766,SI_ref_18,NaOH-activated SCW biochars,NPX,Secondary effluent,0.16764900163614713,0.164078426315931,MLP,MLP_2
768,SI_ref_18,NaOH-activated SCW biochars,NPX,Secondary effluent,0.12846350911521487,0.16555105880228727,MLP,MLP_2
770,SI_ref_18,NaOH-activated SCW biochars,NPX,Secondary effluent,0.12873702561203082,0.17155288055243675,MLP,MLP_2
771,SI_ref_18,NaOH-activated SCW biochars,NPX,Lake water,0.03570310331741743,0.13791920893070148,MLP,MLP_2
780,SI_ref_18,NaOH-activated SCW biochars,NPX,Secondary effluent,0.11864589305153721,0.1805563676532971,MLP,MLP_2
781,SI_ref_18,NaOH-activated SCW biochars,NPX,Lake water,0.04234525136924403,0.13791920893070148,MLP,MLP_2
791,SI_ref_18,NaOH-activated SCW biochars,NPX,Lake water,0.05751855059175114,0.33878339640243565,MLP,MLP_2
795,SI_ref_18,NaOH-activated SCW biochars,NPX,Lake water,0.1386164882936624,0.29833709705870026,MLP,MLP_2
859,SI_ref_13,PB600,CBZ,Synthetic,0.4773489932885906,0.5423789467577291,MLP,MLP_2
892,SI_ref_13,PB600,IBU,Synthetic,0.8533052267445003,0.5822842608038473,MLP,MLP_2
906,SI_ref_13,PB800,CBZ,Synthetic,0.16135346756152125,0.3336332612589647,MLP,MLP_2
939,SI_ref_13,PB800,IBU,Synthetic,0.5875275377054737,0.38486906588258524,MLP,MLP_2
959,SI_ref_15,PSB,CAR,Synthetic,0.898502105289309,0.9023840856305541,MLP,MLP_2
963,SI_ref_15,PSB,CAR,Synthetic,0.8690891098845278,0.9023840856305541,MLP,MLP_2
976,SI_ref_15,PSB,PYR,Synthetic,0.9599614728522631,0.9253781459110721,MLP,MLP_2
980,SI_ref_15,PSB,PYR,Synthetic,0.8739092070679689,0.9253781459110721,MLP,MLP_2
982,SI_ref_15,PSB,PYR,Synthetic,0.8750456231185068,0.9253781459110721,MLP,MLP_2
983,SI_ref_15,PSB,PYR,Synthetic,0.950707773566655,0.9253781459110721,MLP,MLP_2
1000,SI_ref_15,PSB,TEB,Synthetic,0.8714762044822667,0.9266073894960662,MLP,MLP_2
1001,SI_ref_15,PSB,TEB,Synthetic,0.8650362109004135,0.9266073894960662,MLP,MLP_2
1020,SI_ref_15,PSBOX-A,CAR,Synthetic,0.024826351018054676,0.12802321400687547,MLP,MLP_2
1024,SI_ref_15,PSBOX-A,CAR,Synthetic,0.013386578068051812,0.12802321400687547,MLP,MLP_2
1039,SI_ref_15,PSBOX-A,PYR,Synthetic,0.10520884210859399,0.2656456604538048,MLP,MLP_2
1041,SI_ref_15,PSBOX-A,PYR,Synthetic,0.5321591562240328,0.13411435912839578,MLP,MLP_2
1045,SI_ref_15,PSBOX-A,PYR,Synthetic,0.07450853175519283,0.2656456604538048,MLP,MLP_2
1047,SI_ref_15,PSBOX-A,PYR,Synthetic,0.07530521810797475,0.2656456604538048,MLP,MLP_2
1048,SI_ref_15,PSBOX-A,PYR,Synthetic,0.1335562050140622,0.2656456604538048,MLP,MLP_2
1065,SI_ref_15,PSBOX-A,TEB,Synthetic,0.5160089507499187,0.16291300313735255,MLP,MLP_2
1070,SI_ref_15,PSBOX-A,TEB,Synthetic,0.04527670142322688,0.20628753019582946,MLP,MLP_2
1071,SI_ref_15,PSBOX-A,TEB,Synthetic,0.04243318293660387,0.20628753019582946,MLP,MLP_2
1095,SI_ref_17,Pristine SCG biochar,CBZ,Synthetic,0.9071706166070994,0.8877222946202876,MLP,MLP_2
1104,SI_ref_17,Pristine SCG biochar,CBZ,Synthetic,0.8748284470323213,0.813006443775028,MLP,MLP_2
1108,SI_ref_17,Pristine SCG biochar,CBZ,Synthetic,0.8967497590877974,0.9043321226753032,MLP,MLP_2
1112,SI_ref_17,Pristine SCG biochar,CBZ,Synthetic,0.8867934815653573,0.9043321226753032,MLP,MLP_2
1115,SI_ref_17,Pristine SCG biochar,CBZ,Synthetic,0.925161257978969,0.8877222946202876,MLP,MLP_2
1116,SI_ref_17,Pristine SCG biochar,EE2,Synthetic,0.9879675366998732,0.8765842235523607,MLP,MLP_2
1117,SI_ref_17,Pristine SCG biochar,EE2,Synthetic,0.9630524728687239,0.8738205018679519,MLP,MLP_2
1118,SI_ref_17,Pristine SCG biochar,EE2,Synthetic,0.9308917481943695,0.8735591113919878,MLP,MLP_2
1119,SI_ref_17,Pristine SCG biochar,EE2,Synthetic,0.9610835485312063,0.8719145929307242,MLP,MLP_2
1120,SI_ref_17,Pristine SCG biochar,EE2,Synthetic,0.8890050918282607,0.8749734505271394,MLP,MLP_2
1121,SI_ref_17,Pristine SCG biochar,EE2,Synthetic,0.9527872619203276,0.877311575372367,MLP,MLP_2
1122,SI_ref_17,Pristine SCG biochar,EE2,Synthetic,0.8965951913819401,0.8750073171950181,MLP,MLP_2
1123,SI_ref_17,Pristine SCG biochar,EE2,Synthetic,0.9558259103687238,0.8762398430505303,MLP,MLP_2
1124,SI_ref_17,Pristine SCG biochar,EE2,Synthetic,0.8793895099735648,0.8857305357140415,MLP,MLP_2
1125,SI_ref_17,Pristine SCG biochar,EE2,Synthetic,0.9519368217180961,0.8731079884742472,MLP,MLP_2
1126,SI_ref_17,Pristine SCG biochar,EE2,Synthetic,0.8770554520720774,0.8899907479345517,MLP,MLP_2
1127,SI_ref_17,Pristine SCG biochar,EE2,Synthetic,0.9377852461427824,0.868675604940027,MLP,MLP_2
1128,SI_ref_17,Pristine SCG biochar,EE2,Synthetic,0.8833014060151289,0.8942526720315576,MLP,MLP_2
1129,SI_ref_17,Pristine SCG biochar,EE2,Synthetic,0.9348668633411785,0.8587179330604013,MLP,MLP_2
1132,SI_ref_17,Pristine SCG biochar,EE2,Synthetic,0.8374361704672763,0.9055690960774216,MLP,MLP_2
1133,SI_ref_17,Pristine SCG biochar,EE2,Synthetic,0.8609155049620831,0.8375958697008623,MLP,MLP_2
1137,SI_ref_17,Pristine SCG biochar,EE2,Synthetic,0.8257334628724249,0.8375958697008623,MLP,MLP_2
1147,SI_ref_17,Pristine SCG biochar,EE2,Synthetic,0.8965862728271835,0.8375958697008623,MLP,MLP_2
1170,SI_ref_17,Pristine SCG biochar,IBU,Synthetic,0.7820004901373623,0.9095235132467447,MLP,MLP_2
1183,SI_ref_17,Pristine SCG biochar,IBU,Synthetic,0.9114748664800524,0.87821871507949,MLP,MLP_2
1184,SI_ref_17,Pristine SCG biochar,IBU,Synthetic,0.9484982246288517,0.9171363983623515,MLP,MLP_2
1186,SI_ref_17,Pristine SCG biochar,IBU,Synthetic,0.893754721851682,0.9282791823482397,MLP,MLP_2
1189,SI_ref_17,Pristine SCG biochar,IBU,Synthetic,0.9210277046979152,0.87821871507949,MLP,MLP_2
1191,SI_ref_17,Pristine SCG biochar,IBU,Synthetic,0.9513456586569363,0.87821871507949,MLP,MLP_2
1192,SI_ref_17,Pristine SCG biochar,IBU,Synthetic,0.9226237248225028,0.9282791823482397,MLP,MLP_2
1194,SI_ref_17,Pristine SCG biochar,IBU,Synthetic,0.8857728699803085,0.9282791823482397,MLP,MLP_2
1199,SI_ref_18,Pristine SCW Biochar,DCF,Secondary effluent,0.918928852227115,1.0110025314150348,MLP,MLP_2
1201,SI_ref_18,Pristine SCW Biochar,DCF,Secondary effluent,0.9102784904019702,0.9780015667887758,MLP,MLP_2
1203,SI_ref_18,Pristine SCW Biochar,DCF,Secondary effluent,0.9056826438576806,0.9699301654477743,MLP,MLP_2
1205,SI_ref_18,Pristine SCW Biochar,DCF,Secondary effluent,0.9047459643543814,0.9579463854088914,MLP,MLP_2
1207,SI_ref_18,Pristine SCW Biochar,DCF,Secondary effluent,0.9046272834515193,0.9459267074336164,MLP,MLP_2
1209,SI_ref_18,Pristine SCW Biochar,DCF,Secondary effluent,0.9011959807369067,0.9472992461701406,MLP,MLP_2
1211,SI_ref_18,Pristine SCW Biochar,DCF,Secondary effluent,0.9001936082465184,0.9346820457760932,MLP,MLP_2
1214,SI_ref_18,Pristine SCW Biochar,DCF,Lake water,0.9077130214504949,0.8761139910518081,MLP,MLP_2
1219,SI_ref_18,Pristine SCW Biochar,DCF,Secondary effluent,0.9048873911798646,0.9460416580647426,MLP,MLP_2
1225,SI_ref_18,Pristine SCW Biochar,DCF,Lake water,0.9209005359691885,0.9366987680974215,MLP,MLP_2
1230,SI_ref_18,Pristine SCW Biochar,DCF,Lake water,0.9255037841040696,0.9366987680974215,MLP,MLP_2
1236,SI_ref_18,Pristine SCW Biochar,DCF,Lake water,0.9092724465153025,0.9366987680974215,MLP,MLP_2
1239,SI_ref_18,Pristine SCW Biochar,DCF,Secondary effluent,0.9186059768996898,0.9460416580647426,MLP,MLP_2
1245,SI_ref_18,Pristine SCW Biochar,DCF,Lake water,0.926603142736896,1.0010405756488197,MLP,MLP_2
1249,SI_ref_18,Pristine SCW Biochar,DCF,Secondary effluent,0.9174019043807426,0.9460416580647426,MLP,MLP_2
1254,SI_ref_18,Pristine SCW Biochar,IBU,Secondary effluent,0.9156726978407875,1.0054936274239243,MLP,MLP_2
1256,SI_ref_18,Pristine SCW Biochar,IBU,Secondary effluent,0.9079673942368781,0.9535110123143054,MLP,MLP_2
1258,SI_ref_18,Pristine SCW Biochar,IBU,Secondary effluent,0.9043236251446873,0.9393690350120978,MLP,MLP_2
1260,SI_ref_18,Pristine SCW Biochar,IBU,Secondary effluent,0.9020547983951682,0.9343894570995617,MLP,MLP_2
1262,SI_ref_18,Pristine SCW Biochar,IBU,Secondary effluent,0.9004882379050155,0.9345829551335836,MLP,MLP_2
1264,SI_ref_18,Pristine SCW Biochar,IBU,Secondary effluent,0.897458530238549,0.9354718254358496,MLP,MLP_2
1266,SI_ref_18,Pristine SCW Biochar,IBU,Secondary effluent,0.8973424975849196,0.9361028075037845,MLP,MLP_2
1274,SI_ref_18,Pristine SCW Biochar,IBU,Secondary effluent,0.8992057856547054,0.9342923514136183,MLP,MLP_2
1283,SI_ref_18,Pristine SCW Biochar,IBU,Lake water,0.9158900362354069,0.9556268248461259,MLP,MLP_2
1291,SI_ref_18,Pristine SCW Biochar,IBU,Lake water,0.9068652159539504,0.9556268248461259,MLP,MLP_2
1293,SI_ref_18,Pristine SCW Biochar,IBU,Lake water,0.9067682424855283,0.9556268248461259,MLP,MLP_2
1300,SI_ref_18,Pristine SCW Biochar,IBU,Lake water,0.9277221749920567,0.940390613377176,MLP,MLP_2
1304,SI_ref_18,Pristine SCW Biochar,IBU,Secondary effluent,0.911352956646831,0.9342923514136183,MLP,MLP_2
1309,SI_ref_18,Pristine SCW Biochar,NPX,Secondary effluent,0.9276600601799115,0.9311895163452175,MLP,MLP_2
1311,SI_ref_18,Pristine SCW Biochar,NPX,Secondary effluent,0.9217275625657669,0.9005171489374943,MLP,MLP_2
1313,SI_ref_18,Pristine SCW Biochar,NPX,Secondary effluent,0.9151672500810683,0.8694809100109124,MLP,MLP_2
1315,SI_ref_18,Pristine SCW Biochar,NPX,Secondary effluent,0.914870212237198,0.8414755484632428,MLP,MLP_2
1317,SI_ref_18,Pristine SCW Biochar,NPX,Secondary effluent,0.9125118045566373,0.8319950801482587,MLP,MLP_2
1319,SI_ref_18,Pristine SCW Biochar,NPX,Secondary effluent,0.9122370962869346,0.8509584292371044,MLP,MLP_2
1321,SI_ref_18,Pristine SCW Biochar,NPX,Secondary effluent,0.9100475600528815,0.8678226554969959,MLP,MLP_2
1329,SI_ref_18,Pristine SCW Biochar,NPX,Secondary effluent,0.910898633301941,0.888590886527497,MLP,MLP_2
1330,SI_ref_18,Pristine SCW Biochar,NPX,Lake water,0.9241969522882365,0.8490357988741619,MLP,MLP_2
1340,SI_ref_18,Pristine SCW Biochar,NPX,Lake water,0.9210401821004949,0.8045818834034242,MLP,MLP_2
1344,SI_ref_18,Pristine SCW Biochar,NPX,Lake water,0.9309313456555985,0.8019275412265223,MLP,MLP_2
19,SI_ref_19,AMCB,IBU,Lake water,0.12160249298048154,0.4195006243933962,OLS,OLS_1
20,SI_ref_19,AMCB,IBU,Ground water,0.0023766372681587895,0.3727726020336329,OLS,OLS_1
26,SI_ref_19,AMCB,IBU,Ground water,0.1894672613641715,0.38726530071312015,OLS,OLS_1
27,SI_ref_19,AMCB,IBU,Lake water,0.343266669603983,0.41948644748597397,OLS,OLS_1
36,SI_ref_19,AMCB,IBU,Ground water,0.41496556078686897,0.4017438519556069,OLS,OLS_1
42,SI_ref_19,AMCB,IBU,Ground water,0.5182383095521604,0.4017297044914009,OLS,OLS_1
45,SI_ref_19,AMCB,IBU,Lake water,0.5439346954470261,0.4194439756773452,OLS,OLS_1
46,SI_ref_19,AMCB,IBU,Ground water,0.48210720700720494,0.37271595331758195,OLS,OLS_1
51,SI_ref_19,AMCB,IBU,Lake water,0.0829192384873889,0.41942983800038597,OLS,OLS_1
52,SI_ref_19,AMCB,IBU,Ground water,0.003531050071646246,0.3727018156406227,OLS,OLS_1
56,SI_ref_19,AMCB,IBU,Ground water,0.17260220522445793,0.3871945633242875,OLS,OLS_1
57,SI_ref_19,AMCB,IBU,Lake water,0.2799685707152232,0.4194157100971413,OLS,OLS_1
66,SI_ref_19,AMCB,IBU,Ground water,0.4885549946229274,0.40167321237186215,OLS,OLS_1
72,SI_ref_19,AMCB,IBU,Ground water,0.5107350299703324,0.4016591137088472,OLS,OLS_1
75,SI_ref_19,AMCB,IBU,Lake water,0.539673236909249,0.4193733848947916,OLS,OLS_1
76,SI_ref_19,AMCB,IBU,Ground water,0.4945842701164504,0.3726453625350283,OLS,OLS_1
81,SI_ref_19,AMCB,IBU,Lake water,0.11734271672387758,0.4193592959516417,OLS,OLS_1
82,SI_ref_19,AMCB,IBU,Ground water,0.0,0.37263127359187836,OLS,OLS_1
86,SI_ref_19,AMCB,IBU,Ground water,0.16952726930244136,0.3871240699421101,OLS,OLS_1
87,SI_ref_19,AMCB,IBU,Lake water,0.245380335735257,0.41934521671496383,OLS,OLS_1
96,SI_ref_19,AMCB,IBU,Ground water,0.45590621693388655,0.40160281612164705,OLS,OLS_1
110,SI_ref_19,AMCB,IBU,Ground water,0.5205305455205957,0.4015887659243046,OLS,OLS_1
113,SI_ref_19,AMCB,IBU,Lake water,0.5570792394486925,0.41930303711024897,OLS,OLS_1
114,SI_ref_19,AMCB,IBU,Ground water,0.48301499525722014,0.37257501475048566,OLS,OLS_1
134,SI_ref_17,Alkali-modified SCG biochars,CBZ,Synthetic,0.00635796336582959,0.14020302192823111,OLS,OLS_1
143,SI_ref_17,Alkali-modified SCG biochars,CBZ,Synthetic,0.12158111194827703,0.3241327823129337,OLS,OLS_1
146,SI_ref_17,Alkali-modified SCG biochars,CBZ,Synthetic,0.6777397154224275,0.27856408912694275,OLS,OLS_1
150,SI_ref_17,Alkali-modified SCG biochars,CBZ,Synthetic,0.8144073973371778,0.27856408912694275,OLS,OLS_1
153,SI_ref_17,Alkali-modified SCG biochars,CBZ,Synthetic,0.5612135486607656,0.14020302192823111,OLS,OLS_1
154,SI_ref_17,Alkali-modified SCG biochars,EE2,Synthetic,0.32691906294512396,0.43253168069637393,OLS,OLS_1
155,SI_ref_17,Alkali-modified SCG biochars,EE2,Synthetic,0.281684429186895,0.29417061349766227,OLS,OLS_1
156,SI_ref_17,Alkali-modified SCG biochars,EE2,Synthetic,0.2985885901242538,0.41869881731787395,OLS,OLS_1
157,SI_ref_17,Alkali-modified SCG biochars,EE2,Synthetic,0.1736546812353491,0.2803377501191624,OLS,OLS_1
158,SI_ref_17,Alkali-modified SCG biochars,EE2,Synthetic,0.08297647774499996,0.3964721380616848,OLS,OLS_1
159,SI_ref_17,Alkali-modified SCG biochars,EE2,Synthetic,0.0890939833732563,0.2581110708629732,OLS,OLS_1
160,SI_ref_17,Alkali-modified SCG biochars,EE2,Synthetic,0.12434438865468556,0.38236350568349575,OLS,OLS_1
161,SI_ref_17,Alkali-modified SCG biochars,EE2,Synthetic,0.0719303611000807,0.2440024384847842,OLS,OLS_1
162,SI_ref_17,Alkali-modified SCG biochars,EE2,Synthetic,0.050886215526030655,0.37409629471467487,OLS,OLS_1
163,SI_ref_17,Alkali-modified SCG biochars,EE2,Synthetic,0.06892444951131721,0.2357352275159632,OLS,OLS_1
164,SI_ref_17,Alkali-modified SCG biochars,EE2,Synthetic,0.0402114435413677,0.3682266664622851,OLS,OLS_1
165,SI_ref_17,Alkali-modified SCG biochars,EE2,Synthetic,0.06161971981332274,0.22986559926357342,OLS,OLS_1
166,SI_ref_17,Alkali-modified SCG biochars,EE2,Synthetic,0.014122078362060976,0.3623546796234861,OLS,OLS_1
167,SI_ref_17,Alkali-modified SCG biochars,EE2,Synthetic,0.06227375203350968,0.22399361242477445,OLS,OLS_1
170,SI_ref_17,Alkali-modified SCG biochars,EE2,Synthetic,0.13791601981601773,0.35407567980407373,OLS,OLS_1
171,SI_ref_17,Alkali-modified SCG biochars,EE2,Synthetic,0.09051861058315946,0.21571461260536218,OLS,OLS_1
180,SI_ref_17,Alkali-modified SCG biochars,EE2,Synthetic,0.2279548813058391,0.21571461260536218,OLS,OLS_1
203,SI_ref_17,Alkali-modified SCG biochars,IBU,Synthetic,0.10913541523053398,0.30769937027484534,OLS,OLS_1
216,SI_ref_17,Alkali-modified SCG biochars,IBU,Synthetic,0.10107027265594352,0.21490699626212473,OLS,OLS_1
217,SI_ref_17,Alkali-modified SCG biochars,IBU,Synthetic,0.6889998443034063,0.39883675664682733,OLS,OLS_1
219,SI_ref_17,Alkali-modified SCG biochars,IBU,Synthetic,0.1184746430703935,0.35326806346083633,OLS,OLS_1
222,SI_ref_17,Alkali-modified SCG biochars,IBU,Synthetic,0.04374442489311713,0.21490699626212473,OLS,OLS_1
224,SI_ref_17,Alkali-modified SCG biochars,IBU,Synthetic,0.2945083196339574,0.21490699626212473,OLS,OLS_1
225,SI_ref_17,Alkali-modified SCG biochars,IBU,Synthetic,0.5901579894748284,0.35326806346083633,OLS,OLS_1
227,SI_ref_17,Alkali-modified SCG biochars,IBU,Synthetic,0.6910697148739985,0.35326806346083633,OLS,OLS_1
235,SI_ref_16,C-Biochar,ATE,Synthetic,0.8511111111111113,0.7861010710203515,OLS,OLS_1
237,SI_ref_16,C-Biochar,ATE,Synthetic,0.8733333333333334,0.7861010710203515,OLS,OLS_1
239,SI_ref_16,C-Biochar,ATE,Synthetic,0.6511111111111112,0.7570873198465327,OLS,OLS_1
241,SI_ref_16,C-Biochar,ATE,Synthetic,0.7774074074074075,0.7861010710203515,OLS,OLS_1
247,SI_ref_16,C-Biochar,CBZ,Synthetic,0.44146825396825395,0.5711222755074059,OLS,OLS_1
249,SI_ref_16,C-Biochar,CBZ,Synthetic,0.4430976430976431,0.5939066221004013,OLS,OLS_1
253,SI_ref_16,C-Biochar,CBZ,Synthetic,0.4044973544973545,0.5939066221004013,OLS,OLS_1
255,SI_ref_16,C-Biochar,CBZ,Synthetic,0.46792328042328046,0.5793997465134919,OLS,OLS_1
257,SI_ref_16,C-Biochar,CBZ,Synthetic,0.46197089947089953,0.6166909686933968,OLS,OLS_1
273,SI_ref_16,C-Biochar,IBU,Synthetic,0.6000000000000001,0.639596845260476,OLS,OLS_1
278,SI_ref_16,C-Biochar,IBU,Synthetic,0.8430555555555557,0.668610596434295,OLS,OLS_1
299,SI_ref_19,CB,IBU,Lake water,0.9811931645978613,0.929989675097632,OLS,OLS_1
300,SI_ref_19,CB,IBU,Ground water,0.9595058090644278,0.8832616527378686,OLS,OLS_1
304,SI_ref_19,CB,IBU,Ground water,0.9323428884090048,0.897768528324778,OLS,OLS_1
305,SI_ref_19,CB,IBU,Lake water,0.9442367850805692,0.929989675097632,OLS,OLS_1
320,SI_ref_19,CB,IBU,Ground water,0.9303445651202417,0.9122754039116876,OLS,OLS_1
326,SI_ref_19,CB,IBU,Ground water,0.9318432124429017,0.9122754039116876,OLS,OLS_1
329,SI_ref_19,CB,IBU,Lake water,0.9296205387839244,0.929989675097632,OLS,OLS_1
330,SI_ref_19,CB,IBU,Ground water,0.9174641264203113,0.8832616527378686,OLS,OLS_1
345,SI_ref_14,GCRB,ALA,Synthetic,0.9324051079932012,1.0086770955889994,OLS,OLS_1
348,SI_ref_14,GCRB,ALA,Synthetic,0.959711660682908,1.0542457887749903,OLS,OLS_1
374,SI_ref_14,GCRB,DIU,Synthetic,1.0082496176169822,0.8466704040343493,OLS,OLS_1
376,SI_ref_14,GCRB,SIM,Synthetic,0.9862955626477844,1.144416043145864,OLS,OLS_1
377,SI_ref_14,GCRB,SIM,Synthetic,0.9834030650434858,1.1305831797673642,OLS,OLS_1
378,SI_ref_14,GCRB,SIM,Synthetic,0.9809240251187635,1.1165862147745091,OLS,OLS_1
379,SI_ref_14,GCRB,SIM,Synthetic,0.977408497407208,1.1025056724942979,OLS,OLS_1
380,SI_ref_14,GCRB,SIM,Synthetic,0.9725866254178165,1.088382951334843,OLS,OLS_1
381,SI_ref_14,GCRB,SIM,Synthetic,0.9707397150816074,1.0801110289117752,OLS,OLS_1
382,SI_ref_14,GCRB,SIM,Synthetic,0.9682512913168398,1.0742390420729762,OLS,OLS_1
383,SI_ref_14,GCRB,SIM,Synthetic,0.9596267727831934,1.020391349067573,OLS,OLS_1
393,SI_ref_14,GCRB,SIM,Synthetic,0.9681949882765674,1.0659600422535638,OLS,OLS_1
397,SI_ref_14,GCRB,SIM,Synthetic,0.9595581925458377,1.0659600422535638,OLS,OLS_1
410,SI_ref_14,GCRB-N,ALA,Synthetic,0.42098834230158483,0.5390911107659897,OLS,OLS_1
419,SI_ref_14,GCRB-N,ALA,Synthetic,0.3038540896584293,0.49345163118698854,OLS,OLS_1
428,SI_ref_14,GCRB-N,ALA,Synthetic,0.2941679236692388,0.4933810891382442,OLS,OLS_1
437,SI_ref_14,GCRB-N,ALA,Synthetic,0.299011006663834,0.4933107897526856,OLS,OLS_1
459,SI_ref_14,GCRB-N,DIU,Synthetic,0.6455190877003087,0.3314590773092978,OLS,OLS_1
468,SI_ref_14,GCRB-N,DIU,Synthetic,0.6564705601884918,0.33138848652674424,OLS,OLS_1
477,SI_ref_14,GCRB-N,DIU,Synthetic,0.6413243626564091,0.3313181387422016,OLS,OLS_1
480,SI_ref_14,GCRB-N,SIM,Synthetic,0.8709260833889569,0.6292613651368635,OLS,OLS_1
481,SI_ref_14,GCRB-N,SIM,Synthetic,0.7937886433454202,0.6154285017583636,OLS,OLS_1
482,SI_ref_14,GCRB-N,SIM,Synthetic,0.7230251055630271,0.6014315367655085,OLS,OLS_1
483,SI_ref_14,GCRB-N,SIM,Synthetic,0.6451471952322713,0.5873509944852972,OLS,OLS_1
484,SI_ref_14,GCRB-N,SIM,Synthetic,0.579106572580609,0.5732282733258425,OLS,OLS_1
485,SI_ref_14,GCRB-N,SIM,Synthetic,0.5461098630342859,0.5649563509027746,OLS,OLS_1
486,SI_ref_14,GCRB-N,SIM,Synthetic,0.526458395826474,0.5590843640639757,OLS,OLS_1
487,SI_ref_14,GCRB-N,SIM,Synthetic,0.44952651357619516,0.5052366710585723,OLS,OLS_1
493,SI_ref_14,GCRB-N,SIM,Synthetic,0.525804086252399,0.5508053642445633,OLS,OLS_1
502,SI_ref_14,GCRB-N,SIM,Synthetic,0.8453757948497886,0.5507345778515531,OLS,OLS_1
511,SI_ref_14,GCRB-N,SIM,Synthetic,0.8584308799035202,0.5506640358028088,OLS,OLS_1
520,SI_ref_14,GCRB-N,SIM,Synthetic,0.8519033373766544,0.5505937364172502,OLS,OLS_1
540,SI_ref_19,MCB,IBU,Lake water,0.9742126323294387,0.8664699541971809,OLS,OLS_1
541,SI_ref_19,MCB,IBU,Ground water,0.9483485035015843,0.8197419318374176,OLS,OLS_1
547,SI_ref_19,MCB,IBU,Ground water,0.9263512886233829,0.8342346305169048,OLS,OLS_1
548,SI_ref_19,MCB,IBU,Lake water,0.9349728899053784,0.8664557772897586,OLS,OLS_1
565,SI_ref_19,MCB,IBU,Ground water,0.9254612605703445,0.8487131817593916,OLS,OLS_1
571,SI_ref_19,MCB,IBU,Ground water,0.927696260267614,0.8486990342951855,OLS,OLS_1
574,SI_ref_19,MCB,IBU,Lake water,0.9258585842402297,0.8664133054811298,OLS,OLS_1
575,SI_ref_19,MCB,IBU,Ground water,0.9173366162788351,0.8196852831213666,OLS,OLS_1
580,SI_ref_19,MCB,IBU,Lake water,0.974635205338439,0.8663991678041706,OLS,OLS_1
581,SI_ref_19,MCB,IBU,Ground water,0.95367292982704,0.8196711454444074,OLS,OLS_1
585,SI_ref_19,MCB,IBU,Ground water,0.925414707326754,0.8341638931280722,OLS,OLS_1
586,SI_ref_19,MCB,IBU,Lake water,0.9347814302861347,0.866385039900926,OLS,OLS_1
595,SI_ref_19,MCB,IBU,Ground water,0.9248851497651674,0.8486425421756467,OLS,OLS_1
601,SI_ref_19,MCB,IBU,Ground water,0.9300914246503462,0.8486284435126319,OLS,OLS_1
604,SI_ref_19,MCB,IBU,Lake water,0.9282701343021136,0.8663427146985762,OLS,OLS_1
605,SI_ref_19,MCB,IBU,Ground water,0.9160948152334054,0.819614692338813,OLS,OLS_1
610,SI_ref_19,MCB,IBU,Lake water,0.9716179138912365,0.8663286257554262,OLS,OLS_1
611,SI_ref_19,MCB,IBU,Ground water,0.9529992532644452,0.8196006033956631,OLS,OLS_1
615,SI_ref_19,MCB,IBU,Ground water,0.9284499518994666,0.8340933997458947,OLS,OLS_1
616,SI_ref_19,MCB,IBU,Lake water,0.935069554315652,0.8663145465187485,OLS,OLS_1
625,SI_ref_19,MCB,IBU,Ground water,0.9258221154816445,0.8485721459254316,OLS,OLS_1
631,SI_ref_19,MCB,IBU,Ground water,0.9296259863973036,0.8485580957280893,OLS,OLS_1
634,SI_ref_19,MCB,IBU,Lake water,0.9271225782160609,0.8662723669140336,OLS,OLS_1
635,SI_ref_19,MCB,IBU,Ground water,0.9188076045934327,0.8195443445542704,OLS,OLS_1
640,SI_ref_18,NaOH-activated SCW biochars,DCF,Secondary effluent,0.7547018161110076,0.5121592831582404,OLS,OLS_1
642,SI_ref_18,NaOH-activated SCW biochars,DCF,Secondary effluent,0.6981463000238689,0.4983264197797405,OLS,OLS_1
644,SI_ref_18,NaOH-activated SCW biochars,DCF,Secondary effluent,0.6293744945066856,0.4843294547868855,OLS,OLS_1
646,SI_ref_18,NaOH-activated SCW biochars,DCF,Secondary effluent,0.588788451165352,0.47024891250667417,OLS,OLS_1
648,SI_ref_18,NaOH-activated SCW biochars,DCF,Secondary effluent,0.5891686823750966,0.4561261913472194,OLS,OLS_1
650,SI_ref_18,NaOH-activated SCW biochars,DCF,Secondary effluent,0.5849511312086796,0.4478542689241516,OLS,OLS_1
652,SI_ref_18,NaOH-activated SCW biochars,DCF,Secondary effluent,0.5864672759838442,0.4419822820853526,OLS,OLS_1
655,SI_ref_18,NaOH-activated SCW biochars,DCF,Lake water,0.28283236606156975,0.42749245334456143,OLS,OLS_1
657,SI_ref_18,NaOH-activated SCW biochars,DCF,Lake water,0.4098052873550469,0.4047081067515659,OLS,OLS_1
662,SI_ref_18,NaOH-activated SCW biochars,DCF,Secondary effluent,0.600008865661574,0.4337032822659403,OLS,OLS_1
668,SI_ref_18,NaOH-activated SCW biochars,DCF,Lake water,0.5638671837826676,0.42749245334456143,OLS,OLS_1
673,SI_ref_18,NaOH-activated SCW biochars,DCF,Lake water,0.5356816504619031,0.42749245334456143,OLS,OLS_1
679,SI_ref_18,NaOH-activated SCW biochars,DCF,Lake water,0.48550836273532816,0.42749245334456143,OLS,OLS_1
682,SI_ref_18,NaOH-activated SCW biochars,DCF,Secondary effluent,0.5965252581670849,0.4337032822659403,OLS,OLS_1
688,SI_ref_18,NaOH-activated SCW biochars,DCF,Lake water,0.5703611171190489,0.45027679993755687,OLS,OLS_1
693,SI_ref_18,NaOH-activated SCW biochars,DCF,Secondary effluent,0.6557026735074662,0.4337032822659403,OLS,OLS_1
694,SI_ref_18,NaOH-activated SCW biochars,DCF,Lake water,0.7297297292522416,0.42749245334456143,OLS,OLS_1
699,SI_ref_18,NaOH-activated SCW biochars,IBU,Secondary effluent,0.8098199350756726,0.5733547965887641,OLS,OLS_1
701,SI_ref_18,NaOH-activated SCW biochars,IBU,Secondary effluent,0.7485969905050348,0.5595219332102641,OLS,OLS_1
703,SI_ref_18,NaOH-activated SCW biochars,IBU,Secondary effluent,0.6850179499229786,0.5455249682174091,OLS,OLS_1
705,SI_ref_18,NaOH-activated SCW biochars,IBU,Secondary effluent,0.6861011679416551,0.5314444259371978,OLS,OLS_1
707,SI_ref_18,NaOH-activated SCW biochars,IBU,Secondary effluent,0.6799185617433835,0.517321704777743,OLS,OLS_1
709,SI_ref_18,NaOH-activated SCW biochars,IBU,Secondary effluent,0.6765813990931481,0.5090497823546752,OLS,OLS_1
711,SI_ref_18,NaOH-activated SCW biochars,IBU,Secondary effluent,0.6777803451607008,0.5031777955158763,OLS,OLS_1
712,SI_ref_18,NaOH-activated SCW biochars,IBU,Lake water,0.10371139816269948,0.4886879667750851,OLS,OLS_1
714,SI_ref_18,NaOH-activated SCW biochars,IBU,Lake water,0.46656560236114836,0.4886879667750851,OLS,OLS_1
721,SI_ref_18,NaOH-activated SCW biochars,IBU,Secondary effluent,0.675113405421536,0.49489879569646394,OLS,OLS_1
730,SI_ref_18,NaOH-activated SCW biochars,IBU,Lake water,0.627404015064595,0.4886879667750851,OLS,OLS_1
738,SI_ref_18,NaOH-activated SCW biochars,IBU,Lake water,0.6298527247859258,0.4886879667750851,OLS,OLS_1
740,SI_ref_18,NaOH-activated SCW biochars,IBU,Lake water,0.5791171913994386,0.4886879667750851,OLS,OLS_1
747,SI_ref_18,NaOH-activated SCW biochars,IBU,Lake water,0.6846241766923425,0.5114723133680805,OLS,OLS_1
752,SI_ref_18,NaOH-activated SCW biochars,IBU,Secondary effluent,0.7252319435730717,0.49489879569646394,OLS,OLS_1
758,SI_ref_18,NaOH-activated SCW biochars,NPX,Secondary effluent,0.5521972966156422,0.28898382457943234,OLS,OLS_1
760,SI_ref_18,NaOH-activated SCW biochars,NPX,Secondary effluent,0.4814245289032641,0.27515096120093246,OLS,OLS_1
762,SI_ref_18,NaOH-activated SCW biochars,NPX,Secondary effluent,0.34455951981715066,0.2611539962080774,OLS,OLS_1
764,SI_ref_18,NaOH-activated SCW biochars,NPX,Secondary effluent,0.2493517679350271,0.24707345392786612,OLS,OLS_1
766,SI_ref_18,NaOH-activated SCW biochars,NPX,Secondary effluent,0.16764900163614713,0.23295073276841133,OLS,OLS_1
768,SI_ref_18,NaOH-activated SCW biochars,NPX,Secondary effluent,0.12846350911521487,0.22467881034534348,OLS,OLS_1
770,SI_ref_18,NaOH-activated SCW biochars,NPX,Secondary effluent,0.12873702561203082,0.2188068235065445,OLS,OLS_1
771,SI_ref_18,NaOH-activated SCW biochars,NPX,Lake water,0.03570310331741743,0.20431699476575338,OLS,OLS_1
780,SI_ref_18,NaOH-activated SCW biochars,NPX,Secondary effluent,0.11864589305153721,0.21052782368713224,OLS,OLS_1
781,SI_ref_18,NaOH-activated SCW biochars,NPX,Lake water,0.04234525136924403,0.20431699476575338,OLS,OLS_1
791,SI_ref_18,NaOH-activated SCW biochars,NPX,Lake water,0.05751855059175114,0.18981011917884388,OLS,OLS_1
795,SI_ref_18,NaOH-activated SCW biochars,NPX,Lake water,0.1386164882936624,0.24988568795174437,OLS,OLS_1
859,SI_ref_13,PB600,CBZ,Synthetic,0.4773489932885906,0.5296852558875987,OLS,OLS_1
892,SI_ref_13,PB600,IBU,Synthetic,0.8533052267445003,0.5898823546345828,OLS,OLS_1
906,SI_ref_13,PB800,CBZ,Synthetic,0.16135346756152125,0.31699255780758784,OLS,OLS_1
939,SI_ref_13,PB800,IBU,Synthetic,0.5875275377054737,0.377189656554572,OLS,OLS_1
959,SI_ref_15,PSB,CAR,Synthetic,0.898502105289309,0.8526313998252928,OLS,OLS_1
963,SI_ref_15,PSB,CAR,Synthetic,0.8690891098845278,0.8526313998252928,OLS,OLS_1
976,SI_ref_15,PSB,PYR,Synthetic,0.9599614728522631,0.9441487106188592,OLS,OLS_1
980,SI_ref_15,PSB,PYR,Synthetic,0.8739092070679689,0.9441487106188592,OLS,OLS_1
982,SI_ref_15,PSB,PYR,Synthetic,0.8750456231185068,0.9441487106188592,OLS,OLS_1
983,SI_ref_15,PSB,PYR,Synthetic,0.950707773566655,0.9441487106188592,OLS,OLS_1
1000,SI_ref_15,PSB,TEB,Synthetic,0.8714762044822667,0.9121659976693158,OLS,OLS_1
1001,SI_ref_15,PSB,TEB,Synthetic,0.8650362109004135,0.9121659976693158,OLS,OLS_1
1020,SI_ref_15,PSBOX-A,CAR,Synthetic,0.024826351018054676,0.19002227292912077,OLS,OLS_1
1024,SI_ref_15,PSBOX-A,CAR,Synthetic,0.013386578068051812,0.19002227292912077,OLS,OLS_1
1039,SI_ref_15,PSBOX-A,PYR,Synthetic,0.10520884210859399,0.28153958372268717,OLS,OLS_1
1041,SI_ref_15,PSBOX-A,PYR,Synthetic,0.5321591562240328,0.32710827690867816,OLS,OLS_1
1045,SI_ref_15,PSBOX-A,PYR,Synthetic,0.07450853175519283,0.28153958372268717,OLS,OLS_1
1047,SI_ref_15,PSBOX-A,PYR,Synthetic,0.07530521810797475,0.28153958372268717,OLS,OLS_1
1048,SI_ref_15,PSBOX-A,PYR,Synthetic,0.1335562050140622,0.28153958372268717,OLS,OLS_1
1065,SI_ref_15,PSBOX-A,TEB,Synthetic,0.5160089507499187,0.2951255639591348,OLS,OLS_1
1070,SI_ref_15,PSBOX-A,TEB,Synthetic,0.04527670142322688,0.24955687077314384,OLS,OLS_1
1071,SI_ref_15,PSBOX-A,TEB,Synthetic,0.04243318293660387,0.24955687077314384,OLS,OLS_1
1095,SI_ref_17,Pristine SCG biochar,CBZ,Synthetic,0.9071706166070994,0.7505001783049217,OLS,OLS_1
1104,SI_ref_17,Pristine SCG biochar,CBZ,Synthetic,0.8748284470323213,0.9344299386896243,OLS,OLS_1
1108,SI_ref_17,Pristine SCG biochar,CBZ,Synthetic,0.8967497590877974,0.8888612455036333,OLS,OLS_1
1112,SI_ref_17,Pristine SCG biochar,CBZ,Synthetic,0.8867934815653573,0.8888612455036333,OLS,OLS_1
1115,SI_ref_17,Pristine SCG biochar,CBZ,Synthetic,0.925161257978969,0.7505001783049217,OLS,OLS_1
1116,SI_ref_17,Pristine SCG biochar,EE2,Synthetic,0.9879675366998732,1.0428288370730647,OLS,OLS_1
1117,SI_ref_17,Pristine SCG biochar,EE2,Synthetic,0.9630524728687239,0.9044677698743531,OLS,OLS_1
1118,SI_ref_17,Pristine SCG biochar,EE2,Synthetic,0.9308917481943695,1.0289959736945646,OLS,OLS_1
1119,SI_ref_17,Pristine SCG biochar,EE2,Synthetic,0.9610835485312063,0.8906349064958532,OLS,OLS_1
1120,SI_ref_17,Pristine SCG biochar,EE2,Synthetic,0.8890050918282607,1.0067692944383755,OLS,OLS_1
1121,SI_ref_17,Pristine SCG biochar,EE2,Synthetic,0.9527872619203276,0.8684082272396638,OLS,OLS_1
1122,SI_ref_17,Pristine SCG biochar,EE2,Synthetic,0.8965951913819401,0.9926606620601864,OLS,OLS_1
1123,SI_ref_17,Pristine SCG biochar,EE2,Synthetic,0.9558259103687238,0.8542995948614749,OLS,OLS_1
1124,SI_ref_17,Pristine SCG biochar,EE2,Synthetic,0.8793895099735648,0.9843934510913654,OLS,OLS_1
1125,SI_ref_17,Pristine SCG biochar,EE2,Synthetic,0.9519368217180961,0.846032383892654,OLS,OLS_1
1126,SI_ref_17,Pristine SCG biochar,EE2,Synthetic,0.8770554520720774,0.9785238228389757,OLS,OLS_1
1127,SI_ref_17,Pristine SCG biochar,EE2,Synthetic,0.9377852461427824,0.8401627556402642,OLS,OLS_1
1128,SI_ref_17,Pristine SCG biochar,EE2,Synthetic,0.8833014060151289,0.9726518360001767,OLS,OLS_1
1129,SI_ref_17,Pristine SCG biochar,EE2,Synthetic,0.9348668633411785,0.8342907688014651,OLS,OLS_1
1132,SI_ref_17,Pristine SCG biochar,EE2,Synthetic,0.8374361704672763,0.9643728361807644,OLS,OLS_1
1133,SI_ref_17,Pristine SCG biochar,EE2,Synthetic,0.8609155049620831,0.8260117689820529,OLS,OLS_1
1137,SI_ref_17,Pristine SCG biochar,EE2,Synthetic,0.8257334628724249,0.8260117689820529,OLS,OLS_1
1147,SI_ref_17,Pristine SCG biochar,EE2,Synthetic,0.8965862728271835,0.8260117689820529,OLS,OLS_1
1170,SI_ref_17,Pristine SCG biochar,IBU,Synthetic,0.7820004901373623,0.917996526651536,OLS,OLS_1
1183,SI_ref_17,Pristine SCG biochar,IBU,Synthetic,0.9114748664800524,0.8252041526388154,OLS,OLS_1
1184,SI_ref_17,Pristine SCG biochar,IBU,Synthetic,0.9484982246288517,1.009133913023518,OLS,OLS_1
1186,SI_ref_17,Pristine SCG biochar,IBU,Synthetic,0.893754721851682,0.963565219837527,OLS,OLS_1
1189,SI_ref_17,Pristine SCG biochar,IBU,Synthetic,0.9210277046979152,0.8252041526388154,OLS,OLS_1
1191,SI_ref_17,Pristine SCG biochar,IBU,Synthetic,0.9513456586569363,0.8252041526388154,OLS,OLS_1
1192,SI_ref_17,Pristine SCG biochar,IBU,Synthetic,0.9226237248225028,0.963565219837527,OLS,OLS_1
1194,SI_ref_17,Pristine SCG biochar,IBU,Synthetic,0.8857728699803085,0.963565219837527,OLS,OLS_1
1199,SI_ref_18,Pristine SCW Biochar,DCF,Secondary effluent,0.918928852227115,1.0907178004556575,OLS,OLS_1
1201,SI_ref_18,Pristine SCW Biochar,DCF,Secondary effluent,0.9102784904019702,1.0768849370771576,OLS,OLS_1
1203,SI_ref_18,Pristine SCW Biochar,DCF,Secondary effluent,0.9056826438576806,1.0628879720843027,OLS,OLS_1
1205,SI_ref_18,Pristine SCW Biochar,DCF,Secondary effluent,0.9047459643543814,1.0488074298040913,OLS,OLS_1
1207,SI_ref_18,Pristine SCW Biochar,DCF,Secondary effluent,0.9046272834515193,1.0346847086446365,OLS,OLS_1
1209,SI_ref_18,Pristine SCW Biochar,DCF,Secondary effluent,0.9011959807369067,1.0264127862215688,OLS,OLS_1
1211,SI_ref_18,Pristine SCW Biochar,DCF,Secondary effluent,0.9001936082465184,1.0205407993827698,OLS,OLS_1
1214,SI_ref_18,Pristine SCW Biochar,DCF,Lake water,0.9077130214504949,0.983266624048983,OLS,OLS_1
1219,SI_ref_18,Pristine SCW Biochar,DCF,Secondary effluent,0.9048873911798646,1.0122617995633574,OLS,OLS_1
1225,SI_ref_18,Pristine SCW Biochar,DCF,Lake water,0.9209005359691885,1.0060509706419785,OLS,OLS_1
1230,SI_ref_18,Pristine SCW Biochar,DCF,Lake water,0.9255037841040696,1.0060509706419785,OLS,OLS_1
1236,SI_ref_18,Pristine SCW Biochar,DCF,Lake water,0.9092724465153025,1.0060509706419785,OLS,OLS_1
1239,SI_ref_18,Pristine SCW Biochar,DCF,Secondary effluent,0.9186059768996898,1.0122617995633574,OLS,OLS_1
1245,SI_ref_18,Pristine SCW Biochar,DCF,Lake water,0.926603142736896,1.028835317234974,OLS,OLS_1
1249,SI_ref_18,Pristine SCW Biochar,DCF,Secondary effluent,0.9174019043807426,1.0122617995633574,OLS,OLS_1
1254,SI_ref_18,Pristine SCW Biochar,IBU,Secondary effluent,0.9156726978407875,1.1519133138861812,OLS,OLS_1
1256,SI_ref_18,Pristine SCW Biochar,IBU,Secondary effluent,0.9079673942368781,1.1380804505076814,OLS,OLS_1
1258,SI_ref_18,Pristine SCW Biochar,IBU,Secondary effluent,0.9043236251446873,1.1240834855148263,OLS,OLS_1
1260,SI_ref_18,Pristine SCW Biochar,IBU,Secondary effluent,0.9020547983951682,1.110002943234615,OLS,OLS_1
1262,SI_ref_18,Pristine SCW Biochar,IBU,Secondary effluent,0.9004882379050155,1.0958802220751602,OLS,OLS_1
1264,SI_ref_18,Pristine SCW Biochar,IBU,Secondary effluent,0.897458530238549,1.0876082996520924,OLS,OLS_1
1266,SI_ref_18,Pristine SCW Biochar,IBU,Secondary effluent,0.8973424975849196,1.0817363128132933,OLS,OLS_1
1274,SI_ref_18,Pristine SCW Biochar,IBU,Secondary effluent,0.8992057856547054,1.073457312993881,OLS,OLS_1
1283,SI_ref_18,Pristine SCW Biochar,IBU,Lake water,0.9158900362354069,1.0672464840725022,OLS,OLS_1
1291,SI_ref_18,Pristine SCW Biochar,IBU,Lake water,0.9068652159539504,1.0672464840725022,OLS,OLS_1
1293,SI_ref_18,Pristine SCW Biochar,IBU,Lake water,0.9067682424855283,1.0672464840725022,OLS,OLS_1
1300,SI_ref_18,Pristine SCW Biochar,IBU,Lake water,0.9277221749920567,1.0900308306654978,OLS,OLS_1
1304,SI_ref_18,Pristine SCW Biochar,IBU,Secondary effluent,0.911352956646831,1.073457312993881,OLS,OLS_1
1309,SI_ref_18,Pristine SCW Biochar,NPX,Secondary effluent,0.9276600601799115,0.8675423418768495,OLS,OLS_1
1311,SI_ref_18,Pristine SCW Biochar,NPX,Secondary effluent,0.9217275625657669,0.8537094784983495,OLS,OLS_1
1313,SI_ref_18,Pristine SCW Biochar,NPX,Secondary effluent,0.9151672500810683,0.8397125135054945,OLS,OLS_1
1315,SI_ref_18,Pristine SCW Biochar,NPX,Secondary effluent,0.914870212237198,0.8256319712252832,OLS,OLS_1
1317,SI_ref_18,Pristine SCW Biochar,NPX,Secondary effluent,0.9125118045566373,0.8115092500658284,OLS,OLS_1
1319,SI_ref_18,Pristine SCW Biochar,NPX,Secondary effluent,0.9122370962869346,0.8032373276427606,OLS,OLS_1
1321,SI_ref_18,Pristine SCW Biochar,NPX,Secondary effluent,0.9100475600528815,0.7973653408039616,OLS,OLS_1
1329,SI_ref_18,Pristine SCW Biochar,NPX,Secondary effluent,0.910898633301941,0.7890863409845493,OLS,OLS_1
1330,SI_ref_18,Pristine SCW Biochar,NPX,Lake water,0.9241969522882365,0.7828755120631704,OLS,OLS_1
1340,SI_ref_18,Pristine SCW Biochar,NPX,Lake water,0.9210401821004949,0.768368636476261,OLS,OLS_1
1344,SI_ref_18,Pristine SCW Biochar,NPX,Lake water,0.9309313456555985,0.8284442052491614,OLS,OLS_1
19,SI_ref_19,AMCB,IBU,Lake water,0.12160249298048154,0.447645168171168,PCR,PCR_2
20,SI_ref_19,AMCB,IBU,Ground water,0.0023766372681587895,0.40673303943785105,PCR,PCR_2
26,SI_ref_19,AMCB,IBU,Ground water,0.1894672613641715,0.41766518266314856,PCR,PCR_2
27,SI_ref_19,AMCB,IBU,Lake water,0.343266669603983,0.44763050220832057,PCR,PCR_2
36,SI_ref_19,AMCB,IBU,Ground water,0.41496556078686897,0.4285826904126507,PCR,PCR_2
42,SI_ref_19,AMCB,IBU,Ground water,0.5182383095521604,0.4285680549087108,PCR,PCR_2
45,SI_ref_19,AMCB,IBU,Lake water,0.5439346954470261,0.44758656526573815,PCR,PCR_2
46,SI_ref_19,AMCB,IBU,Ground water,0.48210720700720494,0.406674436532421,PCR,PCR_2
51,SI_ref_19,AMCB,IBU,Lake water,0.0829192384873889,0.44757193988667215,PCR,PCR_2
52,SI_ref_19,AMCB,IBU,Ground water,0.003531050071646246,0.40665981115335514,PCR,PCR_2
56,SI_ref_19,AMCB,IBU,Ground water,0.17260220522445793,0.41759200507330907,PCR,PCR_2
57,SI_ref_19,AMCB,IBU,Lake water,0.2799685707152232,0.4475573246184809,PCR,PCR_2
66,SI_ref_19,AMCB,IBU,Ground water,0.4885549946229274,0.42850961400184395,PCR,PCR_2
72,SI_ref_19,AMCB,IBU,Ground water,0.5107350299703324,0.42849502898257175,PCR,PCR_2
75,SI_ref_19,AMCB,IBU,Lake water,0.539673236909249,0.447513539339599,PCR,PCR_2
76,SI_ref_19,AMCB,IBU,Ground water,0.4945842701164504,0.40660141060628197,PCR,PCR_2
81,SI_ref_19,AMCB,IBU,Lake water,0.11734271672387758,0.44749896437549413,PCR,PCR_2
82,SI_ref_19,AMCB,IBU,Ground water,0.0,0.40658683564217724,PCR,PCR_2
86,SI_ref_19,AMCB,IBU,Ground water,0.16952726930244136,0.41751907990752996,PCR,PCR_2
87,SI_ref_19,AMCB,IBU,Lake water,0.245380335735257,0.4474843994527021,PCR,PCR_2
96,SI_ref_19,AMCB,IBU,Ground water,0.45590621693388655,0.42843678931875206,PCR,PCR_2
110,SI_ref_19,AMCB,IBU,Ground water,0.5205305455205957,0.42842225443705434,PCR,PCR_2
113,SI_ref_19,AMCB,IBU,Lake water,0.5570792394486925,0.4474407647940814,PCR,PCR_2
114,SI_ref_19,AMCB,IBU,Ground water,0.48301499525722014,0.4065286360607645,PCR,PCR_2
134,SI_ref_17,Alkali-modified SCG biochars,CBZ,Synthetic,0.00635796336582959,0.31464929635541383,PCR,PCR_2
143,SI_ref_17,Alkali-modified SCG biochars,CBZ,Synthetic,0.12158111194827703,0.3053093008054262,PCR,PCR_2
146,SI_ref_17,Alkali-modified SCG biochars,CBZ,Synthetic,0.6777397154224275,0.26158652118149084,PCR,PCR_2
150,SI_ref_17,Alkali-modified SCG biochars,CBZ,Synthetic,0.8144073973371778,0.26158652118149084,PCR,PCR_2
153,SI_ref_17,Alkali-modified SCG biochars,CBZ,Synthetic,0.5612135486607656,0.31464929635541383,PCR,PCR_2
154,SI_ref_17,Alkali-modified SCG biochars,EE2,Synthetic,0.32691906294512396,0.38277654367688213,PCR,PCR_2
155,SI_ref_17,Alkali-modified SCG biochars,EE2,Synthetic,0.281684429186895,0.43583931885080507,PCR,PCR_2
156,SI_ref_17,Alkali-modified SCG biochars,EE2,Synthetic,0.2985885901242538,0.36846649323080105,PCR,PCR_2
157,SI_ref_17,Alkali-modified SCG biochars,EE2,Synthetic,0.1736546812353491,0.421529268404724,PCR,PCR_2
158,SI_ref_17,Alkali-modified SCG biochars,EE2,Synthetic,0.08297647774499996,0.3454730686084418,PCR,PCR_2
159,SI_ref_17,Alkali-modified SCG biochars,EE2,Synthetic,0.0890939833732563,0.3985358437823646,PCR,PCR_2
160,SI_ref_17,Alkali-modified SCG biochars,EE2,Synthetic,0.12434438865468556,0.3308777360635618,PCR,PCR_2
161,SI_ref_17,Alkali-modified SCG biochars,EE2,Synthetic,0.0719303611000807,0.3839405112374847,PCR,PCR_2
162,SI_ref_17,Alkali-modified SCG biochars,EE2,Synthetic,0.050886215526030655,0.3223253342379137,PCR,PCR_2
163,SI_ref_17,Alkali-modified SCG biochars,EE2,Synthetic,0.06892444951131721,0.37538810941183653,PCR,PCR_2
164,SI_ref_17,Alkali-modified SCG biochars,EE2,Synthetic,0.0402114435413677,0.3162532236348412,PCR,PCR_2
165,SI_ref_17,Alkali-modified SCG biochars,EE2,Synthetic,0.06161971981332274,0.3693159988087642,PCR,PCR_2
166,SI_ref_17,Alkali-modified SCG biochars,EE2,Synthetic,0.014122078362060976,0.31017867308209446,PCR,PCR_2
167,SI_ref_17,Alkali-modified SCG biochars,EE2,Synthetic,0.06227375203350968,0.3632414482560175,PCR,PCR_2
170,SI_ref_17,Alkali-modified SCG biochars,EE2,Synthetic,0.13791601981601773,0.30161407573032517,PCR,PCR_2
171,SI_ref_17,Alkali-modified SCG biochars,EE2,Synthetic,0.09051861058315946,0.3546768509042482,PCR,PCR_2
180,SI_ref_17,Alkali-modified SCG biochars,EE2,Synthetic,0.2279548813058391,0.3546768509042482,PCR,PCR_2
203,SI_ref_17,Alkali-modified SCG biochars,IBU,Synthetic,0.10913541523053398,0.26764049180395166,PCR,PCR_2
216,SI_ref_17,Alkali-modified SCG biochars,IBU,Synthetic,0.10107027265594352,0.36442604660180977,PCR,PCR_2
217,SI_ref_17,Alkali-modified SCG biochars,IBU,Synthetic,0.6889998443034063,0.3550860510518221,PCR,PCR_2
219,SI_ref_17,Alkali-modified SCG biochars,IBU,Synthetic,0.1184746430703935,0.31136327142788683,PCR,PCR_2
222,SI_ref_17,Alkali-modified SCG biochars,IBU,Synthetic,0.04374442489311713,0.36442604660180977,PCR,PCR_2
224,SI_ref_17,Alkali-modified SCG biochars,IBU,Synthetic,0.2945083196339574,0.36442604660180977,PCR,PCR_2
225,SI_ref_17,Alkali-modified SCG biochars,IBU,Synthetic,0.5901579894748284,0.31136327142788683,PCR,PCR_2
227,SI_ref_17,Alkali-modified SCG biochars,IBU,Synthetic,0.6910697148739985,0.31136327142788683,PCR,PCR_2
235,SI_ref_16,C-Biochar,ATE,Synthetic,0.8511111111111113,0.6894302884032708,PCR,PCR_2
237,SI_ref_16,C-Biochar,ATE,Synthetic,0.8733333333333334,0.6894302884032708,PCR,PCR_2
239,SI_ref_16,C-Biochar,ATE,Synthetic,0.6511111111111112,0.667536670026981,PCR,PCR_2
241,SI_ref_16,C-Biochar,ATE,Synthetic,0.7774074074074075,0.6894302884032708,PCR,PCR_2
247,SI_ref_16,C-Biochar,CBZ,Synthetic,0.44146825396825395,0.6148559171125597,PCR,PCR_2
249,SI_ref_16,C-Biochar,CBZ,Synthetic,0.4430976430976431,0.6367173069245273,PCR,PCR_2
253,SI_ref_16,C-Biochar,CBZ,Synthetic,0.4044973544973545,0.6367173069245273,PCR,PCR_2
255,SI_ref_16,C-Biochar,CBZ,Synthetic,0.46792328042328046,0.6257704977363825,PCR,PCR_2
257,SI_ref_16,C-Biochar,CBZ,Synthetic,0.46197089947089953,0.6585786967364949,PCR,PCR_2
273,SI_ref_16,C-Biochar,IBU,Synthetic,0.6000000000000001,0.6646004387946335,PCR,PCR_2
278,SI_ref_16,C-Biochar,IBU,Synthetic,0.8430555555555557,0.6864940571709233,PCR,PCR_2
299,SI_ref_19,CB,IBU,Lake water,0.9811931645978613,0.9574271280756103,PCR,PCR_2
300,SI_ref_19,CB,IBU,Ground water,0.9595058090644278,0.9165149993422933,PCR,PCR_2
304,SI_ref_19,CB,IBU,Ground water,0.9323428884090048,0.9274618085304381,PCR,PCR_2
305,SI_ref_19,CB,IBU,Lake water,0.9442367850805692,0.9574271280756103,PCR,PCR_2
320,SI_ref_19,CB,IBU,Ground water,0.9303445651202417,0.9384086177185831,PCR,PCR_2
326,SI_ref_19,CB,IBU,Ground water,0.9318432124429017,0.9384086177185831,PCR,PCR_2
329,SI_ref_19,CB,IBU,Lake water,0.9296205387839244,0.9574271280756103,PCR,PCR_2
330,SI_ref_19,CB,IBU,Ground water,0.9174641264203113,0.9165149993422933,PCR,PCR_2
345,SI_ref_14,GCRB,ALA,Synthetic,0.9324051079932012,0.9389874732305015,PCR,PCR_2
348,SI_ref_14,GCRB,ALA,Synthetic,0.959711660682908,0.9827102528544367,PCR,PCR_2
374,SI_ref_14,GCRB,DIU,Synthetic,1.0082496176169822,0.9397764670504207,PCR,PCR_2
376,SI_ref_14,GCRB,SIM,Synthetic,0.9862955626477844,1.015325119351959,PCR,PCR_2
377,SI_ref_14,GCRB,SIM,Synthetic,0.9834030650434858,1.001015068905878,PCR,PCR_2
378,SI_ref_14,GCRB,SIM,Synthetic,0.9809240251187635,0.9865352558939817,PCR,PCR_2
379,SI_ref_14,GCRB,SIM,Synthetic,0.977408497407208,0.9719689824605886,PCR,PCR_2
380,SI_ref_14,GCRB,SIM,Synthetic,0.9725866254178165,0.9573590751190724,PCR,PCR_2
381,SI_ref_14,GCRB,SIM,Synthetic,0.9707397150816074,0.9488017993099184,PCR,PCR_2
382,SI_ref_14,GCRB,SIM,Synthetic,0.9682512913168398,0.9427272487571716,PCR,PCR_2
383,SI_ref_14,GCRB,SIM,Synthetic,0.9596267727831934,0.8904398717814672,PCR,PCR_2
393,SI_ref_14,GCRB,SIM,Synthetic,0.9681949882765674,0.9341626514054022,PCR,PCR_2
397,SI_ref_14,GCRB,SIM,Synthetic,0.9595581925458377,0.9341626514054022,PCR,PCR_2
410,SI_ref_14,GCRB-N,ALA,Synthetic,0.42098834230158483,0.5339385406076705,PCR,PCR_2
419,SI_ref_14,GCRB-N,ALA,Synthetic,0.3038540896584293,0.49014253269923963,PCR,PCR_2
428,SI_ref_14,GCRB-N,ALA,Synthetic,0.2941679236692388,0.4900695571880616,PCR,PCR_2
437,SI_ref_14,GCRB-N,ALA,Synthetic,0.299011006663834,0.4899968327111297,PCR,PCR_2
459,SI_ref_14,GCRB-N,DIU,Synthetic,0.6455190877003087,0.4909461518982248,PCR,PCR_2
468,SI_ref_14,GCRB-N,DIU,Synthetic,0.6564705601884918,0.49087312597208566,PCR,PCR_2
477,SI_ref_14,GCRB-N,DIU,Synthetic,0.6413243626564091,0.49080035142656825,PCR,PCR_2
480,SI_ref_14,GCRB-N,SIM,Synthetic,0.8709260833889569,0.5665534071051932,PCR,PCR_2
481,SI_ref_14,GCRB-N,SIM,Synthetic,0.7937886433454202,0.5522433566591122,PCR,PCR_2
482,SI_ref_14,GCRB-N,SIM,Synthetic,0.7230251055630271,0.5377635436472158,PCR,PCR_2
483,SI_ref_14,GCRB-N,SIM,Synthetic,0.6451471952322713,0.5231972702138225,PCR,PCR_2
484,SI_ref_14,GCRB-N,SIM,Synthetic,0.579106572580609,0.5085873628723064,PCR,PCR_2
485,SI_ref_14,GCRB-N,SIM,Synthetic,0.5461098630342859,0.5000300870631523,PCR,PCR_2
486,SI_ref_14,GCRB-N,SIM,Synthetic,0.526458395826474,0.4939555365104056,PCR,PCR_2
487,SI_ref_14,GCRB-N,SIM,Synthetic,0.44952651357619516,0.44166815953470123,PCR,PCR_2
493,SI_ref_14,GCRB-N,SIM,Synthetic,0.525804086252399,0.48539093915863635,PCR,PCR_2
502,SI_ref_14,GCRB-N,SIM,Synthetic,0.8453757948497886,0.4853177108741405,PCR,PCR_2
511,SI_ref_14,GCRB-N,SIM,Synthetic,0.8584308799035202,0.48524473536296253,PCR,PCR_2
520,SI_ref_14,GCRB-N,SIM,Synthetic,0.8519033373766544,0.4851720108860306,PCR,PCR_2
540,SI_ref_19,MCB,IBU,Lake water,0.9742126323294387,0.8437619277709537,PCR,PCR_2
541,SI_ref_19,MCB,IBU,Ground water,0.9483485035015843,0.8028497990376368,PCR,PCR_2
547,SI_ref_19,MCB,IBU,Ground water,0.9263512886233829,0.8137819422629343,PCR,PCR_2
548,SI_ref_19,MCB,IBU,Lake water,0.9349728899053784,0.8437472618081064,PCR,PCR_2
565,SI_ref_19,MCB,IBU,Ground water,0.9254612605703445,0.8246994500124365,PCR,PCR_2
571,SI_ref_19,MCB,IBU,Ground water,0.927696260267614,0.8246848145084966,PCR,PCR_2
574,SI_ref_19,MCB,IBU,Lake water,0.9258585842402297,0.8437033248655239,PCR,PCR_2
575,SI_ref_19,MCB,IBU,Ground water,0.9173366162788351,0.8027911961322068,PCR,PCR_2
580,SI_ref_19,MCB,IBU,Lake water,0.974635205338439,0.8436886994864579,PCR,PCR_2
581,SI_ref_19,MCB,IBU,Ground water,0.95367292982704,0.802776570753141,PCR,PCR_2
585,SI_ref_19,MCB,IBU,Ground water,0.925414707326754,0.8137087646730948,PCR,PCR_2
586,SI_ref_19,MCB,IBU,Lake water,0.9347814302861347,0.8436740842182666,PCR,PCR_2
595,SI_ref_19,MCB,IBU,Ground water,0.9248851497651674,0.8246263736016298,PCR,PCR_2
601,SI_ref_19,MCB,IBU,Ground water,0.9300914246503462,0.8246117885823575,PCR,PCR_2
604,SI_ref_19,MCB,IBU,Lake water,0.9282701343021136,0.8436302989393847,PCR,PCR_2
605,SI_ref_19,MCB,IBU,Ground water,0.9160948152334054,0.8027181702060678,PCR,PCR_2
610,SI_ref_19,MCB,IBU,Lake water,0.9716179138912365,0.84361572397528,PCR,PCR_2
611,SI_ref_19,MCB,IBU,Ground water,0.9529992532644452,0.802703595241963,PCR,PCR_2
615,SI_ref_19,MCB,IBU,Ground water,0.9284499518994666,0.8136358395073158,PCR,PCR_2
616,SI_ref_19,MCB,IBU,Lake water,0.935069554315652,0.8436011590524878,PCR,PCR_2
625,SI_ref_19,MCB,IBU,Ground water,0.9258221154816445,0.8245535489185378,PCR,PCR_2
631,SI_ref_19,MCB,IBU,Ground water,0.9296259863973036,0.8245390140368402,PCR,PCR_2
634,SI_ref_19,MCB,IBU,Lake water,0.9271225782160609,0.8435575243938673,PCR,PCR_2
635,SI_ref_19,MCB,IBU,Ground water,0.9188076045934327,0.8026453956605504,PCR,PCR_2
640,SI_ref_18,NaOH-activated SCW biochars,DCF,Secondary effluent,0.7547018161110076,0.4490614853121543,PCR,PCR_2
642,SI_ref_18,NaOH-activated SCW biochars,DCF,Secondary effluent,0.6981463000238689,0.4347514348660732,PCR,PCR_2
644,SI_ref_18,NaOH-activated SCW biochars,DCF,Secondary effluent,0.6293744945066856,0.42027162185417677,PCR,PCR_2
646,SI_ref_18,NaOH-activated SCW biochars,DCF,Secondary effluent,0.588788451165352,0.4057053484207836,PCR,PCR_2
648,SI_ref_18,NaOH-activated SCW biochars,DCF,Secondary effluent,0.5891686823750966,0.39109544107926736,PCR,PCR_2
650,SI_ref_18,NaOH-activated SCW biochars,DCF,Secondary effluent,0.5849511312086796,0.38253816527011336,PCR,PCR_2
652,SI_ref_18,NaOH-activated SCW biochars,DCF,Secondary effluent,0.5864672759838442,0.3764636147173667,PCR,PCR_2
655,SI_ref_18,NaOH-activated SCW biochars,DCF,Lake water,0.28283236606156975,0.4028551598604828,PCR,PCR_2
657,SI_ref_18,NaOH-activated SCW biochars,DCF,Lake water,0.4098052873550469,0.3809937700485153,PCR,PCR_2
662,SI_ref_18,NaOH-activated SCW biochars,DCF,Secondary effluent,0.600008865661574,0.36789901736559727,PCR,PCR_2
668,SI_ref_18,NaOH-activated SCW biochars,DCF,Lake water,0.5638671837826676,0.4028551598604828,PCR,PCR_2
673,SI_ref_18,NaOH-activated SCW biochars,DCF,Lake water,0.5356816504619031,0.4028551598604828,PCR,PCR_2
679,SI_ref_18,NaOH-activated SCW biochars,DCF,Lake water,0.48550836273532816,0.4028551598604828,PCR,PCR_2
682,SI_ref_18,NaOH-activated SCW biochars,DCF,Secondary effluent,0.5965252581670849,0.36789901736559727,PCR,PCR_2
688,SI_ref_18,NaOH-activated SCW biochars,DCF,Lake water,0.5703611171190489,0.42471654967245037,PCR,PCR_2
693,SI_ref_18,NaOH-activated SCW biochars,DCF,Secondary effluent,0.6557026735074662,0.36789901736559727,PCR,PCR_2
694,SI_ref_18,NaOH-activated SCW biochars,DCF,Lake water,0.7297297292522416,0.4028551598604828,PCR,PCR_2
699,SI_ref_18,NaOH-activated SCW biochars,IBU,Secondary effluent,0.8098199350756726,0.4410703911980878,PCR,PCR_2
701,SI_ref_18,NaOH-activated SCW biochars,IBU,Secondary effluent,0.7485969905050348,0.42676034075200664,PCR,PCR_2
703,SI_ref_18,NaOH-activated SCW biochars,IBU,Secondary effluent,0.6850179499229786,0.41228052774011026,PCR,PCR_2
705,SI_ref_18,NaOH-activated SCW biochars,IBU,Secondary effluent,0.6861011679416551,0.39771425430671703,PCR,PCR_2
707,SI_ref_18,NaOH-activated SCW biochars,IBU,Secondary effluent,0.6799185617433835,0.383104346965201,PCR,PCR_2
709,SI_ref_18,NaOH-activated SCW biochars,IBU,Secondary effluent,0.6765813990931481,0.37454707115604685,PCR,PCR_2
711,SI_ref_18,NaOH-activated SCW biochars,IBU,Secondary effluent,0.6777803451607008,0.36847252060330005,PCR,PCR_2
712,SI_ref_18,NaOH-activated SCW biochars,IBU,Lake water,0.10371139816269948,0.39486406574641625,PCR,PCR_2
714,SI_ref_18,NaOH-activated SCW biochars,IBU,Lake water,0.46656560236114836,0.39486406574641625,PCR,PCR_2
721,SI_ref_18,NaOH-activated SCW biochars,IBU,Secondary effluent,0.675113405421536,0.35990792325153087,PCR,PCR_2
730,SI_ref_18,NaOH-activated SCW biochars,IBU,Lake water,0.627404015064595,0.39486406574641625,PCR,PCR_2
738,SI_ref_18,NaOH-activated SCW biochars,IBU,Lake water,0.6298527247859258,0.39486406574641625,PCR,PCR_2
740,SI_ref_18,NaOH-activated SCW biochars,IBU,Lake water,0.5791171913994386,0.39486406574641625,PCR,PCR_2
747,SI_ref_18,NaOH-activated SCW biochars,IBU,Lake water,0.6846241766923425,0.4167254555583838,PCR,PCR_2
752,SI_ref_18,NaOH-activated SCW biochars,IBU,Secondary effluent,0.7252319435730717,0.35990792325153087,PCR,PCR_2
758,SI_ref_18,NaOH-activated SCW biochars,NPX,Secondary effluent,0.5521972966156422,0.44307012759326786,PCR,PCR_2
760,SI_ref_18,NaOH-activated SCW biochars,NPX,Secondary effluent,0.4814245289032641,0.42876007714718667,PCR,PCR_2
762,SI_ref_18,NaOH-activated SCW biochars,NPX,Secondary effluent,0.34455951981715066,0.4142802641352904,PCR,PCR_2
764,SI_ref_18,NaOH-activated SCW biochars,NPX,Secondary effluent,0.2493517679350271,0.39971399070189717,PCR,PCR_2
766,SI_ref_18,NaOH-activated SCW biochars,NPX,Secondary effluent,0.16764900163614713,0.385104083360381,PCR,PCR_2
768,SI_ref_18,NaOH-activated SCW biochars,NPX,Secondary effluent,0.12846350911521487,0.3765468075512268,PCR,PCR_2
770,SI_ref_18,NaOH-activated SCW biochars,NPX,Secondary effluent,0.12873702561203082,0.37047225699848013,PCR,PCR_2
771,SI_ref_18,NaOH-activated SCW biochars,NPX,Lake water,0.03570310331741743,0.3968638021415964,PCR,PCR_2
780,SI_ref_18,NaOH-activated SCW biochars,NPX,Secondary effluent,0.11864589305153721,0.36190765964671084,PCR,PCR_2
781,SI_ref_18,NaOH-activated SCW biochars,NPX,Lake water,0.04234525136924403,0.3968638021415964,PCR,PCR_2
791,SI_ref_18,NaOH-activated SCW biochars,NPX,Lake water,0.05751855059175114,0.38591699295345133,PCR,PCR_2
795,SI_ref_18,NaOH-activated SCW biochars,NPX,Lake water,0.1386164882936624,0.44058658176553156,PCR,PCR_2
859,SI_ref_13,PB600,CBZ,Synthetic,0.4773489932885906,0.6142842212668852,PCR,PCR_2
892,SI_ref_13,PB600,IBU,Synthetic,0.8533052267445003,0.6531141623251361,PCR,PCR_2
906,SI_ref_13,PB800,CBZ,Synthetic,0.16135346756152125,0.2044021500175778,PCR,PCR_2
939,SI_ref_13,PB800,IBU,Synthetic,0.5875275377054737,0.24323209107582888,PCR,PCR_2
959,SI_ref_15,PSB,CAR,Synthetic,0.898502105289309,0.7836002005805979,PCR,PCR_2
963,SI_ref_15,PSB,CAR,Synthetic,0.8690891098845278,0.7836002005805979,PCR,PCR_2
976,SI_ref_15,PSB,PYR,Synthetic,0.9599614728522631,0.7841531558745638,PCR,PCR_2
980,SI_ref_15,PSB,PYR,Synthetic,0.8739092070679689,0.7841531558745638,PCR,PCR_2
982,SI_ref_15,PSB,PYR,Synthetic,0.8750456231185068,0.7841531558745638,PCR,PCR_2
983,SI_ref_15,PSB,PYR,Synthetic,0.950707773566655,0.7841531558745638,PCR,PCR_2
1000,SI_ref_15,PSB,TEB,Synthetic,0.8714762044822667,0.7836676634757821,PCR,PCR_2
1001,SI_ref_15,PSB,TEB,Synthetic,0.8650362109004135,0.7836676634757821,PCR,PCR_2
1020,SI_ref_15,PSBOX-A,CAR,Synthetic,0.024826351018054676,0.2109540101775319,PCR,PCR_2
1024,SI_ref_15,PSBOX-A,CAR,Synthetic,0.013386578068051812,0.2109540101775319,PCR,PCR_2
1039,SI_ref_15,PSBOX-A,PYR,Synthetic,0.10520884210859399,0.21150696547149778,PCR,PCR_2
1041,SI_ref_15,PSBOX-A,PYR,Synthetic,0.5321591562240328,0.2552297450954329,PCR,PCR_2
1045,SI_ref_15,PSBOX-A,PYR,Synthetic,0.07450853175519283,0.21150696547149778,PCR,PCR_2
1047,SI_ref_15,PSBOX-A,PYR,Synthetic,0.07530521810797475,0.21150696547149778,PCR,PCR_2
1048,SI_ref_15,PSBOX-A,PYR,Synthetic,0.1335562050140622,0.21150696547149778,PCR,PCR_2
1065,SI_ref_15,PSBOX-A,TEB,Synthetic,0.5160089507499187,0.2547442526966514,PCR,PCR_2
1070,SI_ref_15,PSBOX-A,TEB,Synthetic,0.04527670142322688,0.2110214730727162,PCR,PCR_2
1071,SI_ref_15,PSBOX-A,TEB,Synthetic,0.04243318293660387,0.2110214730727162,PCR,PCR_2
1095,SI_ref_17,Pristine SCG biochar,CBZ,Synthetic,0.9071706166070994,0.8453410563978445,PCR,PCR_2
1104,SI_ref_17,Pristine SCG biochar,CBZ,Synthetic,0.8748284470323213,0.8360010608478567,PCR,PCR_2
1108,SI_ref_17,Pristine SCG biochar,CBZ,Synthetic,0.8967497590877974,0.7922782812239217,PCR,PCR_2
1112,SI_ref_17,Pristine SCG biochar,CBZ,Synthetic,0.8867934815653573,0.7922782812239217,PCR,PCR_2
1115,SI_ref_17,Pristine SCG biochar,CBZ,Synthetic,0.925161257978969,0.8453410563978445,PCR,PCR_2
1116,SI_ref_17,Pristine SCG biochar,EE2,Synthetic,0.9879675366998732,0.9134683037193128,PCR,PCR_2
1117,SI_ref_17,Pristine SCG biochar,EE2,Synthetic,0.9630524728687239,0.9665310788932354,PCR,PCR_2
1118,SI_ref_17,Pristine SCG biochar,EE2,Synthetic,0.9308917481943695,0.8991582532732316,PCR,PCR_2
1119,SI_ref_17,Pristine SCG biochar,EE2,Synthetic,0.9610835485312063,0.9522210284471546,PCR,PCR_2
1120,SI_ref_17,Pristine SCG biochar,EE2,Synthetic,0.8890050918282607,0.8761648286508724,PCR,PCR_2
1121,SI_ref_17,Pristine SCG biochar,EE2,Synthetic,0.9527872619203276,0.9292276038247952,PCR,PCR_2
1122,SI_ref_17,Pristine SCG biochar,EE2,Synthetic,0.8965951913819401,0.8615694961059923,PCR,PCR_2
1123,SI_ref_17,Pristine SCG biochar,EE2,Synthetic,0.9558259103687238,0.9146322712799153,PCR,PCR_2
1124,SI_ref_17,Pristine SCG biochar,EE2,Synthetic,0.8793895099735648,0.8530170942803442,PCR,PCR_2
1125,SI_ref_17,Pristine SCG biochar,EE2,Synthetic,0.9519368217180961,0.9060798694542671,PCR,PCR_2
1126,SI_ref_17,Pristine SCG biochar,EE2,Synthetic,0.8770554520720774,0.846944983677272,PCR,PCR_2
1127,SI_ref_17,Pristine SCG biochar,EE2,Synthetic,0.9377852461427824,0.9000077588511949,PCR,PCR_2
1128,SI_ref_17,Pristine SCG biochar,EE2,Synthetic,0.8833014060151289,0.8408704331245251,PCR,PCR_2
1129,SI_ref_17,Pristine SCG biochar,EE2,Synthetic,0.9348668633411785,0.8939332082984479,PCR,PCR_2
1132,SI_ref_17,Pristine SCG biochar,EE2,Synthetic,0.8374361704672763,0.8323058357727559,PCR,PCR_2
1133,SI_ref_17,Pristine SCG biochar,EE2,Synthetic,0.8609155049620831,0.8853686109466787,PCR,PCR_2
1137,SI_ref_17,Pristine SCG biochar,EE2,Synthetic,0.8257334628724249,0.8853686109466787,PCR,PCR_2
1147,SI_ref_17,Pristine SCG biochar,EE2,Synthetic,0.8965862728271835,0.8853686109466787,PCR,PCR_2
1170,SI_ref_17,Pristine SCG biochar,IBU,Synthetic,0.7820004901373623,0.7983322518463823,PCR,PCR_2
1183,SI_ref_17,Pristine SCG biochar,IBU,Synthetic,0.9114748664800524,0.8951178066442405,PCR,PCR_2
1184,SI_ref_17,Pristine SCG biochar,IBU,Synthetic,0.9484982246288517,0.8857778110942527,PCR,PCR_2
1186,SI_ref_17,Pristine SCG biochar,IBU,Synthetic,0.893754721851682,0.8420550314703176,PCR,PCR_2
1189,SI_ref_17,Pristine SCG biochar,IBU,Synthetic,0.9210277046979152,0.8951178066442405,PCR,PCR_2
1191,SI_ref_17,Pristine SCG biochar,IBU,Synthetic,0.9513456586569363,0.8951178066442405,PCR,PCR_2
1192,SI_ref_17,Pristine SCG biochar,IBU,Synthetic,0.9226237248225028,0.8420550314703176,PCR,PCR_2
1194,SI_ref_17,Pristine SCG biochar,IBU,Synthetic,0.8857728699803085,0.8420550314703176,PCR,PCR_2
1199,SI_ref_18,Pristine SCW Biochar,DCF,Secondary effluent,0.918928852227115,1.0542990301078063,PCR,PCR_2
1201,SI_ref_18,Pristine SCW Biochar,DCF,Secondary effluent,0.9102784904019702,1.039988979661725,PCR,PCR_2
1203,SI_ref_18,Pristine SCW Biochar,DCF,Secondary effluent,0.9056826438576806,1.0255091666498286,PCR,PCR_2
1205,SI_ref_18,Pristine SCW Biochar,DCF,Secondary effluent,0.9047459643543814,1.0109428932164353,PCR,PCR_2
1207,SI_ref_18,Pristine SCW Biochar,DCF,Secondary effluent,0.9046272834515193,0.9963329858749193,PCR,PCR_2
1209,SI_ref_18,Pristine SCW Biochar,DCF,Secondary effluent,0.9011959807369067,0.9877757100657654,PCR,PCR_2
1211,SI_ref_18,Pristine SCW Biochar,DCF,Secondary effluent,0.9001936082465184,0.9817011595130185,PCR,PCR_2
1214,SI_ref_18,Pristine SCW Biochar,DCF,Lake water,0.9077130214504949,0.9862313148441673,PCR,PCR_2
1219,SI_ref_18,Pristine SCW Biochar,DCF,Secondary effluent,0.9048873911798646,0.9731365621612492,PCR,PCR_2
1225,SI_ref_18,Pristine SCW Biochar,DCF,Lake water,0.9209005359691885,1.0080927046561348,PCR,PCR_2
1230,SI_ref_18,Pristine SCW Biochar,DCF,Lake water,0.9255037841040696,1.0080927046561348,PCR,PCR_2
1236,SI_ref_18,Pristine SCW Biochar,DCF,Lake water,0.9092724465153025,1.0080927046561348,PCR,PCR_2
1239,SI_ref_18,Pristine SCW Biochar,DCF,Secondary effluent,0.9186059768996898,0.9731365621612492,PCR,PCR_2
1245,SI_ref_18,Pristine SCW Biochar,DCF,Lake water,0.926603142736896,1.0299540944681023,PCR,PCR_2
1249,SI_ref_18,Pristine SCW Biochar,DCF,Secondary effluent,0.9174019043807426,0.9731365621612492,PCR,PCR_2
1254,SI_ref_18,Pristine SCW Biochar,IBU,Secondary effluent,0.9156726978407875,1.0463079359937397,PCR,PCR_2
1256,SI_ref_18,Pristine SCW Biochar,IBU,Secondary effluent,0.9079673942368781,1.0319978855476584,PCR,PCR_2
1258,SI_ref_18,Pristine SCW Biochar,IBU,Secondary effluent,0.9043236251446873,1.0175180725357622,PCR,PCR_2
1260,SI_ref_18,Pristine SCW Biochar,IBU,Secondary effluent,0.9020547983951682,1.002951799102369,PCR,PCR_2
1262,SI_ref_18,Pristine SCW Biochar,IBU,Secondary effluent,0.9004882379050155,0.9883418917608527,PCR,PCR_2
1264,SI_ref_18,Pristine SCW Biochar,IBU,Secondary effluent,0.897458530238549,0.9797846159516987,PCR,PCR_2
1266,SI_ref_18,Pristine SCW Biochar,IBU,Secondary effluent,0.8973424975849196,0.9737100653989519,PCR,PCR_2
1274,SI_ref_18,Pristine SCW Biochar,IBU,Secondary effluent,0.8992057856547054,0.9651454680471827,PCR,PCR_2
1283,SI_ref_18,Pristine SCW Biochar,IBU,Lake water,0.9158900362354069,1.0001016105420681,PCR,PCR_2
1291,SI_ref_18,Pristine SCW Biochar,IBU,Lake water,0.9068652159539504,1.0001016105420681,PCR,PCR_2
1293,SI_ref_18,Pristine SCW Biochar,IBU,Lake water,0.9067682424855283,1.0001016105420681,PCR,PCR_2
1300,SI_ref_18,Pristine SCW Biochar,IBU,Lake water,0.9277221749920567,1.0219630003540359,PCR,PCR_2
1304,SI_ref_18,Pristine SCW Biochar,IBU,Secondary effluent,0.911352956646831,0.9651454680471827,PCR,PCR_2
1309,SI_ref_18,Pristine SCW Biochar,NPX,Secondary effluent,0.9276600601799115,1.0483076723889195,PCR,PCR_2
1311,SI_ref_18,Pristine SCW Biochar,NPX,Secondary effluent,0.9217275625657669,1.0339976219428384,PCR,PCR_2
1313,SI_ref_18,Pristine SCW Biochar,NPX,Secondary effluent,0.9151672500810683,1.019517808930942,PCR,PCR_2
1315,SI_ref_18,Pristine SCW Biochar,NPX,Secondary effluent,0.914870212237198,1.004951535497549,PCR,PCR_2
1317,SI_ref_18,Pristine SCW Biochar,NPX,Secondary effluent,0.9125118045566373,0.9903416281560329,PCR,PCR_2
1319,SI_ref_18,Pristine SCW Biochar,NPX,Secondary effluent,0.9122370962869346,0.9817843523468789,PCR,PCR_2
1321,SI_ref_18,Pristine SCW Biochar,NPX,Secondary effluent,0.9100475600528815,0.975709801794132,PCR,PCR_2
1329,SI_ref_18,Pristine SCW Biochar,NPX,Secondary effluent,0.910898633301941,0.9671452044423627,PCR,PCR_2
1330,SI_ref_18,Pristine SCW Biochar,NPX,Lake water,0.9241969522882365,1.0021013469372484,PCR,PCR_2
1340,SI_ref_18,Pristine SCW Biochar,NPX,Lake water,0.9210401821004949,0.9911545377491033,PCR,PCR_2
1344,SI_ref_18,Pristine SCW Biochar,NPX,Lake water,0.9309313456555985,1.0458241265611834,PCR,PCR_2
19,SI_ref_19,AMCB,IBU,Lake water,0.12160249298048154,0.4122374036163192,PLS,PLS_2
20,SI_ref_19,AMCB,IBU,Ground water,0.0023766372681587895,0.37272410968521447,PLS,PLS_2
26,SI_ref_19,AMCB,IBU,Ground water,0.1894672613641715,0.3813539792905929,PLS,PLS_2
27,SI_ref_19,AMCB,IBU,Lake water,0.343266669603983,0.4122209649334516,PLS,PLS_2
36,SI_ref_19,AMCB,IBU,Ground water,0.41496556078686897,0.38996744438521924,PLS,PLS_2
42,SI_ref_19,AMCB,IBU,Ground water,0.5182383095521604,0.389951039842921,PLS,PLS_2
45,SI_ref_19,AMCB,IBU,Lake water,0.5439346954470261,0.41217171719753354,PLS,PLS_2
46,SI_ref_19,AMCB,IBU,Ground water,0.48210720700720494,0.3726584232664288,PLS,PLS_2
51,SI_ref_19,AMCB,IBU,Lake water,0.0829192384873889,0.41215532400393384,PLS,PLS_2
52,SI_ref_19,AMCB,IBU,Ground water,0.003531050071646246,0.3726420300728291,PLS,PLS_2
56,SI_ref_19,AMCB,IBU,Ground water,0.17260220522445793,0.3812719565004826,PLS,PLS_2
57,SI_ref_19,AMCB,IBU,Lake water,0.2799685707152232,0.41213894214334135,PLS,PLS_2
66,SI_ref_19,AMCB,IBU,Ground water,0.4885549946229274,0.3898855350039628,PLS,PLS_2
72,SI_ref_19,AMCB,IBU,Ground water,0.5107350299703324,0.3898691870485691,PLS,PLS_2
75,SI_ref_19,AMCB,IBU,Lake water,0.539673236909249,0.4120898644031816,PLS,PLS_2
76,SI_ref_19,AMCB,IBU,Ground water,0.4945842701164504,0.3725765704720769,PLS,PLS_2
81,SI_ref_19,AMCB,IBU,Lake water,0.11734271672387758,0.41207352771835437,PLS,PLS_2
82,SI_ref_19,AMCB,IBU,Ground water,0.0,0.3725602337872496,PLS,PLS_2
86,SI_ref_19,AMCB,IBU,Ground water,0.16952726930244136,0.38119021664570546,PLS,PLS_2
87,SI_ref_19,AMCB,IBU,Lake water,0.245380335735257,0.41205720228856413,PLS,PLS_2
96,SI_ref_19,AMCB,IBU,Ground water,0.45590621693388655,0.38980390777752394,PLS,PLS_2
110,SI_ref_19,AMCB,IBU,Ground water,0.5205305455205957,0.38978761601998746,PLS,PLS_2
113,SI_ref_19,AMCB,IBU,Lake water,0.5570792394486925,0.4120082933746,PLS,PLS_2
114,SI_ref_19,AMCB,IBU,Ground water,0.48301499525722014,0.37249499944349523,PLS,PLS_2
134,SI_ref_17,Alkali-modified SCG biochars,CBZ,Synthetic,0.00635796336582959,0.1345320471066797,PLS,PLS_2
143,SI_ref_17,Alkali-modified SCG biochars,CBZ,Synthetic,0.12158111194827703,0.268627123746026,PLS,PLS_2
146,SI_ref_17,Alkali-modified SCG biochars,CBZ,Synthetic,0.6777397154224275,0.2511410668471562,PLS,PLS_2
150,SI_ref_17,Alkali-modified SCG biochars,CBZ,Synthetic,0.8144073973371778,0.2511410668471562,PLS,PLS_2
153,SI_ref_17,Alkali-modified SCG biochars,CBZ,Synthetic,0.5612135486607656,0.1345320471066797,PLS,PLS_2
154,SI_ref_17,Alkali-modified SCG biochars,EE2,Synthetic,0.32691906294512396,0.43466683267652456,PLS,PLS_2
155,SI_ref_17,Alkali-modified SCG biochars,EE2,Synthetic,0.281684429186895,0.31805781293604807,PLS,PLS_2
156,SI_ref_17,Alkali-modified SCG biochars,EE2,Synthetic,0.2985885901242538,0.418627082436348,PLS,PLS_2
157,SI_ref_17,Alkali-modified SCG biochars,EE2,Synthetic,0.1736546812353491,0.3020180626958715,PLS,PLS_2
158,SI_ref_17,Alkali-modified SCG biochars,EE2,Synthetic,0.08297647774499996,0.39285437188591316,PLS,PLS_2
159,SI_ref_17,Alkali-modified SCG biochars,EE2,Synthetic,0.0890939833732563,0.27624535214543666,PLS,PLS_2
160,SI_ref_17,Alkali-modified SCG biochars,EE2,Synthetic,0.12434438865468556,0.3764948566225475,PLS,PLS_2
161,SI_ref_17,Alkali-modified SCG biochars,EE2,Synthetic,0.0719303611000807,0.259885836882071,PLS,PLS_2
162,SI_ref_17,Alkali-modified SCG biochars,EE2,Synthetic,0.050886215526030655,0.36690869969361845,PLS,PLS_2
163,SI_ref_17,Alkali-modified SCG biochars,EE2,Synthetic,0.06892444951131721,0.25029967995314195,PLS,PLS_2
164,SI_ref_17,Alkali-modified SCG biochars,EE2,Synthetic,0.0402114435413677,0.3601026344130672,PLS,PLS_2
165,SI_ref_17,Alkali-modified SCG biochars,EE2,Synthetic,0.06161971981332274,0.24349361467259073,PLS,PLS_2
166,SI_ref_17,Alkali-modified SCG biochars,EE2,Synthetic,0.014122078362060976,0.35329383425862276,PLS,PLS_2
167,SI_ref_17,Alkali-modified SCG biochars,EE2,Synthetic,0.06227375203350968,0.23668481451814627,PLS,PLS_2
170,SI_ref_17,Alkali-modified SCG biochars,EE2,Synthetic,0.13791601981601773,0.3436940076928347,PLS,PLS_2
171,SI_ref_17,Alkali-modified SCG biochars,EE2,Synthetic,0.09051861058315946,0.2270849879523582,PLS,PLS_2
180,SI_ref_17,Alkali-modified SCG biochars,EE2,Synthetic,0.2279548813058391,0.2270849879523582,PLS,PLS_2
203,SI_ref_17,Alkali-modified SCG biochars,IBU,Synthetic,0.10913541523053398,0.37299076229529365,PLS,PLS_2
216,SI_ref_17,Alkali-modified SCG biochars,IBU,Synthetic,0.10107027265594352,0.27386779945368694,PLS,PLS_2
217,SI_ref_17,Alkali-modified SCG biochars,IBU,Synthetic,0.6889998443034063,0.4079628760930332,PLS,PLS_2
219,SI_ref_17,Alkali-modified SCG biochars,IBU,Synthetic,0.1184746430703935,0.39047681919416344,PLS,PLS_2
222,SI_ref_17,Alkali-modified SCG biochars,IBU,Synthetic,0.04374442489311713,0.27386779945368694,PLS,PLS_2
224,SI_ref_17,Alkali-modified SCG biochars,IBU,Synthetic,0.2945083196339574,0.27386779945368694,PLS,PLS_2
225,SI_ref_17,Alkali-modified SCG biochars,IBU,Synthetic,0.5901579894748284,0.39047681919416344,PLS,PLS_2
227,SI_ref_17,Alkali-modified SCG biochars,IBU,Synthetic,0.6910697148739985,0.39047681919416344,PLS,PLS_2
235,SI_ref_16,C-Biochar,ATE,Synthetic,0.8511111111111113,0.6931302230632248,PLS,PLS_2
237,SI_ref_16,C-Biochar,ATE,Synthetic,0.8733333333333334,0.6931302230632248,PLS,PLS_2
239,SI_ref_16,C-Biochar,ATE,Synthetic,0.6511111111111112,0.6758376064867325,PLS,PLS_2
241,SI_ref_16,C-Biochar,ATE,Synthetic,0.7774074074074075,0.6931302230632248,PLS,PLS_2
247,SI_ref_16,C-Biochar,CBZ,Synthetic,0.44146825396825395,0.5571786141219239,PLS,PLS_2
249,SI_ref_16,C-Biochar,CBZ,Synthetic,0.4430976430976431,0.5659216425713588,PLS,PLS_2
253,SI_ref_16,C-Biochar,CBZ,Synthetic,0.4044973544973545,0.5659216425713588,PLS,PLS_2
255,SI_ref_16,C-Biochar,CBZ,Synthetic,0.46792328042328046,0.5572753342831127,PLS,PLS_2
257,SI_ref_16,C-Biochar,CBZ,Synthetic,0.46197089947089953,0.5746646710207938,PLS,PLS_2
273,SI_ref_16,C-Biochar,IBU,Synthetic,0.6000000000000001,0.6879647783418739,PLS,PLS_2
278,SI_ref_16,C-Biochar,IBU,Synthetic,0.8430555555555557,0.705257394918366,PLS,PLS_2
299,SI_ref_19,CB,IBU,Lake water,0.9811931645978613,0.9169231425635821,PLS,PLS_2
300,SI_ref_19,CB,IBU,Ground water,0.9595058090644278,0.8774098486324773,PLS,PLS_2
304,SI_ref_19,CB,IBU,Ground water,0.9323428884090048,0.8860561569207234,PLS,PLS_2
305,SI_ref_19,CB,IBU,Lake water,0.9442367850805692,0.9169231425635821,PLS,PLS_2
320,SI_ref_19,CB,IBU,Ground water,0.9303445651202417,0.8947024652089695,PLS,PLS_2
326,SI_ref_19,CB,IBU,Ground water,0.9318432124429017,0.8947024652089695,PLS,PLS_2
329,SI_ref_19,CB,IBU,Lake water,0.9296205387839244,0.9169231425635821,PLS,PLS_2
330,SI_ref_19,CB,IBU,Ground water,0.9174641264203113,0.8774098486324773,PLS,PLS_2
345,SI_ref_14,GCRB,ALA,Synthetic,0.9324051079932012,1.0340721558972161,PLS,PLS_2
348,SI_ref_14,GCRB,ALA,Synthetic,0.959711660682908,1.0515582127960859,PLS,PLS_2
374,SI_ref_14,GCRB,DIU,Synthetic,1.0082496176169822,0.8785313251406718,PLS,PLS_2
376,SI_ref_14,GCRB,SIM,Synthetic,0.9862955626477844,1.160927674976307,PLS,PLS_2
377,SI_ref_14,GCRB,SIM,Synthetic,0.9834030650434858,1.14488792473613,PLS,PLS_2
378,SI_ref_14,GCRB,SIM,Synthetic,0.9809240251187635,1.1286578922068684,PLS,PLS_2
379,SI_ref_14,GCRB,SIM,Synthetic,0.977408497407208,1.112330948519138,PLS,PLS_2
380,SI_ref_14,GCRB,SIM,Synthetic,0.9725866254178165,1.0959550967586562,PLS,PLS_2
381,SI_ref_14,GCRB,SIM,Synthetic,0.9707397150816074,1.0863634767128496,PLS,PLS_2
382,SI_ref_14,GCRB,SIM,Synthetic,0.9682512913168398,1.079554676558405,PLS,PLS_2
383,SI_ref_14,GCRB,SIM,Synthetic,0.9596267727831934,1.0524687930937473,PLS,PLS_2
393,SI_ref_14,GCRB,SIM,Synthetic,0.9681949882765674,1.069954849992617,PLS,PLS_2
397,SI_ref_14,GCRB,SIM,Synthetic,0.9595581925458377,1.069954849992617,PLS,PLS_2
410,SI_ref_14,GCRB-N,ALA,Synthetic,0.42098834230158483,0.5221279796462293,PLS,PLS_2
419,SI_ref_14,GCRB-N,ALA,Synthetic,0.3038540896584293,0.504559843134974,PLS,PLS_2
428,SI_ref_14,GCRB-N,ALA,Synthetic,0.2941679236692388,0.5044780468493947,PLS,PLS_2
437,SI_ref_14,GCRB-N,ALA,Synthetic,0.299011006663834,0.5043965319413425,PLS,PLS_2
459,SI_ref_14,GCRB-N,DIU,Synthetic,0.6455190877003087,0.34903540557202956,PLS,PLS_2
468,SI_ref_14,GCRB-N,DIU,Synthetic,0.6564705601884918,0.34895355277767764,PLS,PLS_2
477,SI_ref_14,GCRB-N,DIU,Synthetic,0.6413243626564091,0.348871981749096,PLS,PLS_2
480,SI_ref_14,GCRB-N,SIM,Synthetic,0.8709260833889569,0.6314974418264503,PLS,PLS_2
481,SI_ref_14,GCRB-N,SIM,Synthetic,0.7937886433454202,0.6154576915862737,PLS,PLS_2
482,SI_ref_14,GCRB-N,SIM,Synthetic,0.7230251055630271,0.5992276590570117,PLS,PLS_2
483,SI_ref_14,GCRB-N,SIM,Synthetic,0.6451471952322713,0.5829007153692813,PLS,PLS_2
484,SI_ref_14,GCRB-N,SIM,Synthetic,0.579106572580609,0.5665248636087996,PLS,PLS_2
485,SI_ref_14,GCRB-N,SIM,Synthetic,0.5461098630342859,0.5569332435629929,PLS,PLS_2
486,SI_ref_14,GCRB-N,SIM,Synthetic,0.526458395826474,0.5501244434085485,PLS,PLS_2
487,SI_ref_14,GCRB-N,SIM,Synthetic,0.44952651357619516,0.5230385599438906,PLS,PLS_2
493,SI_ref_14,GCRB-N,SIM,Synthetic,0.525804086252399,0.5405246168427604,PLS,PLS_2
502,SI_ref_14,GCRB-N,SIM,Synthetic,0.8453757948497886,0.540442537230375,PLS,PLS_2
511,SI_ref_14,GCRB-N,SIM,Synthetic,0.8584308799035202,0.5403607409447956,PLS,PLS_2
520,SI_ref_14,GCRB-N,SIM,Synthetic,0.8519033373766544,0.5402792260367435,PLS,PLS_2
540,SI_ref_19,MCB,IBU,Lake water,0.9742126323294387,0.8723617924358535,PLS,PLS_2
541,SI_ref_19,MCB,IBU,Ground water,0.9483485035015843,0.8328484985047486,PLS,PLS_2
547,SI_ref_19,MCB,IBU,Ground water,0.9263512886233829,0.8414783681101272,PLS,PLS_2
548,SI_ref_19,MCB,IBU,Lake water,0.9349728899053784,0.8723453537529859,PLS,PLS_2
565,SI_ref_19,MCB,IBU,Ground water,0.9254612605703445,0.8500918332047535,PLS,PLS_2
571,SI_ref_19,MCB,IBU,Ground water,0.927696260267614,0.8500754286624552,PLS,PLS_2
574,SI_ref_19,MCB,IBU,Lake water,0.9258585842402297,0.8722961060170679,PLS,PLS_2
575,SI_ref_19,MCB,IBU,Ground water,0.9173366162788351,0.832782812085963,PLS,PLS_2
580,SI_ref_19,MCB,IBU,Lake water,0.974635205338439,0.8722797128234681,PLS,PLS_2
581,SI_ref_19,MCB,IBU,Ground water,0.95367292982704,0.8327664188923632,PLS,PLS_2
585,SI_ref_19,MCB,IBU,Ground water,0.925414707326754,0.8413963453200168,PLS,PLS_2
586,SI_ref_19,MCB,IBU,Lake water,0.9347814302861347,0.8722633309628756,PLS,PLS_2
595,SI_ref_19,MCB,IBU,Ground water,0.9248851497651674,0.850009923823497,PLS,PLS_2
601,SI_ref_19,MCB,IBU,Ground water,0.9300914246503462,0.8499935758681033,PLS,PLS_2
604,SI_ref_19,MCB,IBU,Lake water,0.9282701343021136,0.872214253222716,PLS,PLS_2
605,SI_ref_19,MCB,IBU,Ground water,0.9160948152334054,0.832700959291611,PLS,PLS_2
610,SI_ref_19,MCB,IBU,Lake water,0.9716179138912365,0.8721979165378887,PLS,PLS_2
611,SI_ref_19,MCB,IBU,Ground water,0.9529992532644452,0.8326846226067839,PLS,PLS_2
615,SI_ref_19,MCB,IBU,Ground water,0.9284499518994666,0.8413146054652396,PLS,PLS_2
616,SI_ref_19,MCB,IBU,Lake water,0.935069554315652,0.8721815911080983,PLS,PLS_2
625,SI_ref_19,MCB,IBU,Ground water,0.9258221154816445,0.8499282965970582,PLS,PLS_2
631,SI_ref_19,MCB,IBU,Ground water,0.9296259863973036,0.8499120048395217,PLS,PLS_2
634,SI_ref_19,MCB,IBU,Lake water,0.9271225782160609,0.8721326821941343,PLS,PLS_2
635,SI_ref_19,MCB,IBU,Ground water,0.9188076045934327,0.8326193882630295,PLS,PLS_2
640,SI_ref_18,NaOH-activated SCW biochars,DCF,Secondary effluent,0.7547018161110076,0.5177669821358879,PLS,PLS_2
642,SI_ref_18,NaOH-activated SCW biochars,DCF,Secondary effluent,0.6981463000238689,0.5017272318957113,PLS,PLS_2
644,SI_ref_18,NaOH-activated SCW biochars,DCF,Secondary effluent,0.6293744945066856,0.4854971993664494,PLS,PLS_2
646,SI_ref_18,NaOH-activated SCW biochars,DCF,Secondary effluent,0.588788451165352,0.469170255678719,PLS,PLS_2
648,SI_ref_18,NaOH-activated SCW biochars,DCF,Secondary effluent,0.5891686823750966,0.4527944039182373,PLS,PLS_2
650,SI_ref_18,NaOH-activated SCW biochars,DCF,Secondary effluent,0.5849511312086796,0.4432027838724307,PLS,PLS_2
652,SI_ref_18,NaOH-activated SCW biochars,DCF,Secondary effluent,0.5864672759838442,0.43639398371798616,PLS,PLS_2
655,SI_ref_18,NaOH-activated SCW biochars,DCF,Lake water,0.28283236606156975,0.44101042768420967,PLS,PLS_2
657,SI_ref_18,NaOH-activated SCW biochars,DCF,Lake water,0.4098052873550469,0.43226739923477475,PLS,PLS_2
662,SI_ref_18,NaOH-activated SCW biochars,DCF,Secondary effluent,0.600008865661574,0.4267941571521981,PLS,PLS_2
668,SI_ref_18,NaOH-activated SCW biochars,DCF,Lake water,0.5638671837826676,0.44101042768420967,PLS,PLS_2
673,SI_ref_18,NaOH-activated SCW biochars,DCF,Lake water,0.5356816504619031,0.44101042768420967,PLS,PLS_2
679,SI_ref_18,NaOH-activated SCW biochars,DCF,Lake water,0.48550836273532816,0.44101042768420967,PLS,PLS_2
682,SI_ref_18,NaOH-activated SCW biochars,DCF,Secondary effluent,0.5965252581670849,0.4267941571521981,PLS,PLS_2
688,SI_ref_18,NaOH-activated SCW biochars,DCF,Lake water,0.5703611171190489,0.4497534561336446,PLS,PLS_2
693,SI_ref_18,NaOH-activated SCW biochars,DCF,Secondary effluent,0.6557026735074662,0.4267941571521981,PLS,PLS_2
694,SI_ref_18,NaOH-activated SCW biochars,DCF,Lake water,0.7297297292522416,0.44101042768420967,PLS,PLS_2
699,SI_ref_18,NaOH-activated SCW biochars,IBU,Secondary effluent,0.8098199350756726,0.5236629520662097,PLS,PLS_2
701,SI_ref_18,NaOH-activated SCW biochars,IBU,Secondary effluent,0.7485969905050348,0.5076232018260332,PLS,PLS_2
703,SI_ref_18,NaOH-activated SCW biochars,IBU,Secondary effluent,0.6850179499229786,0.4913931692967712,PLS,PLS_2
705,SI_ref_18,NaOH-activated SCW biochars,IBU,Secondary effluent,0.6861011679416551,0.4750662256090408,PLS,PLS_2
707,SI_ref_18,NaOH-activated SCW biochars,IBU,Secondary effluent,0.6799185617433835,0.4586903738485591,PLS,PLS_2
709,SI_ref_18,NaOH-activated SCW biochars,IBU,Secondary effluent,0.6765813990931481,0.44909875380275244,PLS,PLS_2
711,SI_ref_18,NaOH-activated SCW biochars,IBU,Secondary effluent,0.6777803451607008,0.442289953648308,PLS,PLS_2
712,SI_ref_18,NaOH-activated SCW biochars,IBU,Lake water,0.10371139816269948,0.44690639761453144,PLS,PLS_2
714,SI_ref_18,NaOH-activated SCW biochars,IBU,Lake water,0.46656560236114836,0.44690639761453144,PLS,PLS_2
721,SI_ref_18,NaOH-activated SCW biochars,IBU,Secondary effluent,0.675113405421536,0.4326901270825199,PLS,PLS_2
730,SI_ref_18,NaOH-activated SCW biochars,IBU,Lake water,0.627404015064595,0.44690639761453144,PLS,PLS_2
738,SI_ref_18,NaOH-activated SCW biochars,IBU,Lake water,0.6298527247859258,0.44690639761453144,PLS,PLS_2
740,SI_ref_18,NaOH-activated SCW biochars,IBU,Lake water,0.5791171913994386,0.44690639761453144,PLS,PLS_2
747,SI_ref_18,NaOH-activated SCW biochars,IBU,Lake water,0.6846241766923425,0.4556494260639663,PLS,PLS_2
752,SI_ref_18,NaOH-activated SCW biochars,IBU,Secondary effluent,0.7252319435730717,0.4326901270825199,PLS,PLS_2
758,SI_ref_18,NaOH-activated SCW biochars,NPX,Secondary effluent,0.5521972966156422,0.29883085367695744,PLS,PLS_2
760,SI_ref_18,NaOH-activated SCW biochars,NPX,Secondary effluent,0.4814245289032641,0.2827911034367809,PLS,PLS_2
762,SI_ref_18,NaOH-activated SCW biochars,NPX,Secondary effluent,0.34455951981715066,0.26656107090751896,PLS,PLS_2
764,SI_ref_18,NaOH-activated SCW biochars,NPX,Secondary effluent,0.2493517679350271,0.2502341272197885,PLS,PLS_2
766,SI_ref_18,NaOH-activated SCW biochars,NPX,Secondary effluent,0.16764900163614713,0.23385827545930676,PLS,PLS_2
768,SI_ref_18,NaOH-activated SCW biochars,NPX,Secondary effluent,0.12846350911521487,0.22426665541350016,PLS,PLS_2
770,SI_ref_18,NaOH-activated SCW biochars,NPX,Secondary effluent,0.12873702561203082,0.21745785525905564,PLS,PLS_2
771,SI_ref_18,NaOH-activated SCW biochars,NPX,Lake water,0.03570310331741743,0.22207429922527916,PLS,PLS_2
780,SI_ref_18,NaOH-activated SCW biochars,NPX,Secondary effluent,0.11864589305153721,0.20785802869326758,PLS,PLS_2
781,SI_ref_18,NaOH-activated SCW biochars,NPX,Lake water,0.04234525136924403,0.22207429922527916,PLS,PLS_2
791,SI_ref_18,NaOH-activated SCW biochars,NPX,Lake water,0.05751855059175114,0.21342799093703302,PLS,PLS_2
795,SI_ref_18,NaOH-activated SCW biochars,NPX,Lake water,0.1386164882936624,0.23956035612414894,PLS,PLS_2
859,SI_ref_13,PB600,CBZ,Synthetic,0.4773489932885906,0.5719399491590188,PLS,PLS_2
892,SI_ref_13,PB600,IBU,Synthetic,0.8533052267445003,0.70262939321778,PLS,PLS_2
906,SI_ref_13,PB800,CBZ,Synthetic,0.16135346756152125,0.28609453355989684,PLS,PLS_2
939,SI_ref_13,PB800,IBU,Synthetic,0.5875275377054737,0.416783977618658,PLS,PLS_2
959,SI_ref_15,PSB,CAR,Synthetic,0.898502105289309,0.738675771788877,PLS,PLS_2
963,SI_ref_15,PSB,CAR,Synthetic,0.8690891098845278,0.738675771788877,PLS,PLS_2
976,SI_ref_15,PSB,PYR,Synthetic,0.9599614728522631,0.7887452015866867,PLS,PLS_2
980,SI_ref_15,PSB,PYR,Synthetic,0.8739092070679689,0.7887452015866867,PLS,PLS_2
982,SI_ref_15,PSB,PYR,Synthetic,0.8750456231185068,0.7887452015866867,PLS,PLS_2
983,SI_ref_15,PSB,PYR,Synthetic,0.950707773566655,0.7887452015866867,PLS,PLS_2
1000,SI_ref_15,PSB,TEB,Synthetic,0.8714762044822667,0.7743412993426968,PLS,PLS_2
1001,SI_ref_15,PSB,TEB,Synthetic,0.8650362109004135,0.7743412993426968,PLS,PLS_2
1020,SI_ref_15,PSBOX-A,CAR,Synthetic,0.024826351018054676,0.20444495385078976,PLS,PLS_2
1024,SI_ref_15,PSBOX-A,CAR,Synthetic,0.013386578068051812,0.20444495385078976,PLS,PLS_2
1039,SI_ref_15,PSBOX-A,PYR,Synthetic,0.10520884210859399,0.25451438364859946,PLS,PLS_2
1041,SI_ref_15,PSBOX-A,PYR,Synthetic,0.5321591562240328,0.2720004405474692,PLS,PLS_2
1045,SI_ref_15,PSBOX-A,PYR,Synthetic,0.07450853175519283,0.25451438364859946,PLS,PLS_2
1047,SI_ref_15,PSBOX-A,PYR,Synthetic,0.07530521810797475,0.25451438364859946,PLS,PLS_2
1048,SI_ref_15,PSBOX-A,PYR,Synthetic,0.1335562050140622,0.25451438364859946,PLS,PLS_2
1065,SI_ref_15,PSBOX-A,TEB,Synthetic,0.5160089507499187,0.2575965383034794,PLS,PLS_2
1070,SI_ref_15,PSBOX-A,TEB,Synthetic,0.04527670142322688,0.24011048140460955,PLS,PLS_2
1071,SI_ref_15,PSBOX-A,TEB,Synthetic,0.04243318293660387,0.24011048140460955,PLS,PLS_2
1095,SI_ref_17,Pristine SCG biochar,CBZ,Synthetic,0.9071706166070994,0.7641246469152716,PLS,PLS_2
1104,SI_ref_17,Pristine SCG biochar,CBZ,Synthetic,0.8748284470323213,0.8982197235546179,PLS,PLS_2
1108,SI_ref_17,Pristine SCG biochar,CBZ,Synthetic,0.8967497590877974,0.880733666655748,PLS,PLS_2
1112,SI_ref_17,Pristine SCG biochar,CBZ,Synthetic,0.8867934815653573,0.880733666655748,PLS,PLS_2
1115,SI_ref_17,Pristine SCG biochar,CBZ,Synthetic,0.925161257978969,0.7641246469152716,PLS,PLS_2
1116,SI_ref_17,Pristine SCG biochar,EE2,Synthetic,0.9879675366998732,1.0642594324851165,PLS,PLS_2
1117,SI_ref_17,Pristine SCG biochar,EE2,Synthetic,0.9630524728687239,0.9476504127446399,PLS,PLS_2
1118,SI_ref_17,Pristine SCG biochar,EE2,Synthetic,0.9308917481943695,1.0482196822449399,PLS,PLS_2
1119,SI_ref_17,Pristine SCG biochar,EE2,Synthetic,0.9610835485312063,0.9316106625044633,PLS,PLS_2
1120,SI_ref_17,Pristine SCG biochar,EE2,Synthetic,0.8890050918282607,1.022446971694505,PLS,PLS_2
1121,SI_ref_17,Pristine SCG biochar,EE2,Synthetic,0.9527872619203276,0.9058379519540285,PLS,PLS_2
1122,SI_ref_17,Pristine SCG biochar,EE2,Synthetic,0.8965951913819401,1.0060874564311393,PLS,PLS_2
1123,SI_ref_17,Pristine SCG biochar,EE2,Synthetic,0.9558259103687238,0.8894784366906628,PLS,PLS_2
1124,SI_ref_17,Pristine SCG biochar,EE2,Synthetic,0.8793895099735648,0.9965012995022102,PLS,PLS_2
1125,SI_ref_17,Pristine SCG biochar,EE2,Synthetic,0.9519368217180961,0.8798922797617338,PLS,PLS_2
1126,SI_ref_17,Pristine SCG biochar,EE2,Synthetic,0.8770554520720774,0.9896952342216591,PLS,PLS_2
1127,SI_ref_17,Pristine SCG biochar,EE2,Synthetic,0.9377852461427824,0.8730862144811826,PLS,PLS_2
1128,SI_ref_17,Pristine SCG biochar,EE2,Synthetic,0.8833014060151289,0.9828864340672145,PLS,PLS_2
1129,SI_ref_17,Pristine SCG biochar,EE2,Synthetic,0.9348668633411785,0.8662774143267381,PLS,PLS_2
1132,SI_ref_17,Pristine SCG biochar,EE2,Synthetic,0.8374361704672763,0.9732866075014266,PLS,PLS_2
1133,SI_ref_17,Pristine SCG biochar,EE2,Synthetic,0.8609155049620831,0.85667758776095,PLS,PLS_2
1137,SI_ref_17,Pristine SCG biochar,EE2,Synthetic,0.8257334628724249,0.85667758776095,PLS,PLS_2
1147,SI_ref_17,Pristine SCG biochar,EE2,Synthetic,0.8965862728271835,0.85667758776095,PLS,PLS_2
1170,SI_ref_17,Pristine SCG biochar,IBU,Synthetic,0.7820004901373623,1.0025833621038855,PLS,PLS_2
1183,SI_ref_17,Pristine SCG biochar,IBU,Synthetic,0.9114748664800524,0.9034603992622787,PLS,PLS_2
1184,SI_ref_17,Pristine SCG biochar,IBU,Synthetic,0.9484982246288517,1.037555475901625,PLS,PLS_2
1186,SI_ref_17,Pristine SCG biochar,IBU,Synthetic,0.893754721851682,1.0200694190027553,PLS,PLS_2
1189,SI_ref_17,Pristine SCG biochar,IBU,Synthetic,0.9210277046979152,0.9034603992622787,PLS,PLS_2
1191,SI_ref_17,Pristine SCG biochar,IBU,Synthetic,0.9513456586569363,0.9034603992622787,PLS,PLS_2
1192,SI_ref_17,Pristine SCG biochar,IBU,Synthetic,0.9226237248225028,1.0200694190027553,PLS,PLS_2
1194,SI_ref_17,Pristine SCG biochar,IBU,Synthetic,0.8857728699803085,1.0200694190027553,PLS,PLS_2
1199,SI_ref_18,Pristine SCW Biochar,DCF,Secondary effluent,0.918928852227115,1.1062613200792784,PLS,PLS_2
1201,SI_ref_18,Pristine SCW Biochar,DCF,Secondary effluent,0.9102784904019702,1.0902215698391018,PLS,PLS_2
1203,SI_ref_18,Pristine SCW Biochar,DCF,Secondary effluent,0.9056826438576806,1.0739915373098397,PLS,PLS_2
1205,SI_ref_18,Pristine SCW Biochar,DCF,Secondary effluent,0.9047459643543814,1.0576645936221094,PLS,PLS_2
1207,SI_ref_18,Pristine SCW Biochar,DCF,Secondary effluent,0.9046272834515193,1.0412887418616275,PLS,PLS_2
1209,SI_ref_18,Pristine SCW Biochar,DCF,Secondary effluent,0.9011959807369067,1.0316971218158209,PLS,PLS_2
1211,SI_ref_18,Pristine SCW Biochar,DCF,Secondary effluent,0.9001936082465184,1.0248883216613764,PLS,PLS_2
1214,SI_ref_18,Pristine SCW Biochar,DCF,Lake water,0.9077130214504949,1.020761737178165,PLS,PLS_2
1219,SI_ref_18,Pristine SCW Biochar,DCF,Secondary effluent,0.9048873911798646,1.0152884950955885,PLS,PLS_2
1225,SI_ref_18,Pristine SCW Biochar,DCF,Lake water,0.9209005359691885,1.0295047656276,PLS,PLS_2
1230,SI_ref_18,Pristine SCW Biochar,DCF,Lake water,0.9255037841040696,1.0295047656276,PLS,PLS_2
1236,SI_ref_18,Pristine SCW Biochar,DCF,Lake water,0.9092724465153025,1.0295047656276,PLS,PLS_2
1239,SI_ref_18,Pristine SCW Biochar,DCF,Secondary effluent,0.9186059768996898,1.0152884950955885,PLS,PLS_2
1245,SI_ref_18,Pristine SCW Biochar,DCF,Lake water,0.926603142736896,1.0382477940770347,PLS,PLS_2
1249,SI_ref_18,Pristine SCW Biochar,DCF,Secondary effluent,0.9174019043807426,1.0152884950955885,PLS,PLS_2
1254,SI_ref_18,Pristine SCW Biochar,IBU,Secondary effluent,0.9156726978407875,1.1121572900096002,PLS,PLS_2
1256,SI_ref_18,Pristine SCW Biochar,IBU,Secondary effluent,0.9079673942368781,1.0961175397694234,PLS,PLS_2
1258,SI_ref_18,Pristine SCW Biochar,IBU,Secondary effluent,0.9043236251446873,1.0798875072401615,PLS,PLS_2
1260,SI_ref_18,Pristine SCW Biochar,IBU,Secondary effluent,0.9020547983951682,1.0635605635524312,PLS,PLS_2
1262,SI_ref_18,Pristine SCW Biochar,IBU,Secondary effluent,0.9004882379050155,1.0471847117919493,PLS,PLS_2
1264,SI_ref_18,Pristine SCW Biochar,IBU,Secondary effluent,0.897458530238549,1.0375930917461427,PLS,PLS_2
1266,SI_ref_18,Pristine SCW Biochar,IBU,Secondary effluent,0.8973424975849196,1.0307842915916983,PLS,PLS_2
1274,SI_ref_18,Pristine SCW Biochar,IBU,Secondary effluent,0.8992057856547054,1.02118446502591,PLS,PLS_2
1283,SI_ref_18,Pristine SCW Biochar,IBU,Lake water,0.9158900362354069,1.0354007355579218,PLS,PLS_2
1291,SI_ref_18,Pristine SCW Biochar,IBU,Lake water,0.9068652159539504,1.0354007355579218,PLS,PLS_2
1293,SI_ref_18,Pristine SCW Biochar,IBU,Lake water,0.9067682424855283,1.0354007355579218,PLS,PLS_2
1300,SI_ref_18,Pristine SCW Biochar,IBU,Lake water,0.9277221749920567,1.0441437640073565,PLS,PLS_2
1304,SI_ref_18,Pristine SCW Biochar,IBU,Secondary effluent,0.911352956646831,1.02118446502591,PLS,PLS_2
1309,SI_ref_18,Pristine SCW Biochar,NPX,Secondary effluent,0.9276600601799115,0.8873251916203477,PLS,PLS_2
1311,SI_ref_18,Pristine SCW Biochar,NPX,Secondary effluent,0.9217275625657669,0.8712854413801712,PLS,PLS_2
1313,SI_ref_18,Pristine SCW Biochar,NPX,Secondary effluent,0.9151672500810683,0.8550554088509092,PLS,PLS_2
1315,SI_ref_18,Pristine SCW Biochar,NPX,Secondary effluent,0.914870212237198,0.8387284651631788,PLS,PLS_2
1317,SI_ref_18,Pristine SCW Biochar,NPX,Secondary effluent,0.9125118045566373,0.822352613402697,PLS,PLS_2
1319,SI_ref_18,Pristine SCW Biochar,NPX,Secondary effluent,0.9122370962869346,0.8127609933568904,PLS,PLS_2
1321,SI_ref_18,Pristine SCW Biochar,NPX,Secondary effluent,0.9100475600528815,0.8059521932024459,PLS,PLS_2
1329,SI_ref_18,Pristine SCW Biochar,NPX,Secondary effluent,0.910898633301941,0.7963523666366579,PLS,PLS_2
1330,SI_ref_18,Pristine SCW Biochar,NPX,Lake water,0.9241969522882365,0.8105686371686693,PLS,PLS_2
1340,SI_ref_18,Pristine SCW Biochar,NPX,Lake water,0.9210401821004949,0.8019223288804233,PLS,PLS_2
1344,SI_ref_18,Pristine SCW Biochar,NPX,Lake water,0.9309313456555985,0.8280546940675393,PLS,PLS_2
19,SI_ref_19,AMCB,IBU,Lake water,0.12160249298048154,0.3122738221414746,RandomForest,RandomForest_2
20,SI_ref_19,AMCB,IBU,Ground water,0.0023766372681587895,0.21180121610774041,RandomForest,RandomForest_2
26,SI_ref_19,AMCB,IBU,Ground water,0.1894672613641715,0.231144012580903,RandomForest,RandomForest_2
27,SI_ref_19,AMCB,IBU,Lake water,0.343266669603983,0.3384484901192397,RandomForest,RandomForest_2
36,SI_ref_19,AMCB,IBU,Ground water,0.41496556078686897,0.29622881927685263,RandomForest,RandomForest_2
42,SI_ref_19,AMCB,IBU,Ground water,0.5182383095521604,0.2647275623642422,RandomForest,RandomForest_2
45,SI_ref_19,AMCB,IBU,Lake water,0.5439346954470261,0.4706580631389161,RandomForest,RandomForest_2
46,SI_ref_19,AMCB,IBU,Ground water,0.48210720700720494,0.3234563860054439,RandomForest,RandomForest_2
51,SI_ref_19,AMCB,IBU,Lake water,0.0829192384873889,0.2869929260024612,RandomForest,RandomForest_2
52,SI_ref_19,AMCB,IBU,Ground water,0.003531050071646246,0.194083747486152,RandomForest,RandomForest_2
56,SI_ref_19,AMCB,IBU,Ground water,0.17260220522445793,0.22912365441083554,RandomForest,RandomForest_2
57,SI_ref_19,AMCB,IBU,Lake water,0.2799685707152232,0.30691460224992295,RandomForest,RandomForest_2
66,SI_ref_19,AMCB,IBU,Ground water,0.4885549946229274,0.3029490663323531,RandomForest,RandomForest_2
72,SI_ref_19,AMCB,IBU,Ground water,0.5107350299703324,0.28126389568936716,RandomForest,RandomForest_2
75,SI_ref_19,AMCB,IBU,Lake water,0.539673236909249,0.45658381473625675,RandomForest,RandomForest_2
76,SI_ref_19,AMCB,IBU,Ground water,0.4945842701164504,0.3504311036108694,RandomForest,RandomForest_2
81,SI_ref_19,AMCB,IBU,Lake water,0.11734271672387758,0.2984828058040744,RandomForest,RandomForest_2
82,SI_ref_19,AMCB,IBU,Ground water,0.0,0.21096238009070944,RandomForest,RandomForest_2
86,SI_ref_19,AMCB,IBU,Ground water,0.16952726930244136,0.2320219423073199,RandomForest,RandomForest_2
87,SI_ref_19,AMCB,IBU,Lake water,0.245380335735257,0.3153996966125879,RandomForest,RandomForest_2
96,SI_ref_19,AMCB,IBU,Ground water,0.45590621693388655,0.33338957822630105,RandomForest,RandomForest_2
110,SI_ref_19,AMCB,IBU,Ground water,0.5205305455205957,0.3278256343595693,RandomForest,RandomForest_2
113,SI_ref_19,AMCB,IBU,Lake water,0.5570792394486925,0.4542874047176468,RandomForest,RandomForest_2
114,SI_ref_19,AMCB,IBU,Ground water,0.48301499525722014,0.3719008870179435,RandomForest,RandomForest_2
134,SI_ref_17,Alkali-modified SCG biochars,CBZ,Synthetic,0.00635796336582959,0.1241537562140898,RandomForest,RandomForest_2
143,SI_ref_17,Alkali-modified SCG biochars,CBZ,Synthetic,0.12158111194827703,0.361550405179943,RandomForest,RandomForest_2
146,SI_ref_17,Alkali-modified SCG biochars,CBZ,Synthetic,0.6777397154224275,0.3644975766274991,RandomForest,RandomForest_2
150,SI_ref_17,Alkali-modified SCG biochars,CBZ,Synthetic,0.8144073973371778,0.3644975766274991,RandomForest,RandomForest_2
153,SI_ref_17,Alkali-modified SCG biochars,CBZ,Synthetic,0.5612135486607656,0.1241537562140898,RandomForest,RandomForest_2
154,SI_ref_17,Alkali-modified SCG biochars,EE2,Synthetic,0.32691906294512396,0.49119891240714814,RandomForest,RandomForest_2
155,SI_ref_17,Alkali-modified SCG biochars,EE2,Synthetic,0.281684429186895,0.3765749714300466,RandomForest,RandomForest_2
156,SI_ref_17,Alkali-modified SCG biochars,EE2,Synthetic,0.2985885901242538,0.4674072453650843,RandomForest,RandomForest_2
157,SI_ref_17,Alkali-modified SCG biochars,EE2,Synthetic,0.1736546812353491,0.34181565849884793,RandomForest,RandomForest_2
158,SI_ref_17,Alkali-modified SCG biochars,EE2,Synthetic,0.08297647774499996,0.39703224207378374,RandomForest,RandomForest_2
159,SI_ref_17,Alkali-modified SCG biochars,EE2,Synthetic,0.0890939833732563,0.2821217941065215,RandomForest,RandomForest_2
160,SI_ref_17,Alkali-modified SCG biochars,EE2,Synthetic,0.12434438865468556,0.3703121704236026,RandomForest,RandomForest_2
161,SI_ref_17,Alkali-modified SCG biochars,EE2,Synthetic,0.0719303611000807,0.27439355348430317,RandomForest,RandomForest_2
162,SI_ref_17,Alkali-modified SCG biochars,EE2,Synthetic,0.050886215526030655,0.3669360239294584,RandomForest,RandomForest_2
163,SI_ref_17,Alkali-modified SCG biochars,EE2,Synthetic,0.06892444951131721,0.2755697379457938,RandomForest,RandomForest_2
164,SI_ref_17,Alkali-modified SCG biochars,EE2,Synthetic,0.0402114435413677,0.3642817560997634,RandomForest,RandomForest_2
165,SI_ref_17,Alkali-modified SCG biochars,EE2,Synthetic,0.06161971981332274,0.2754772294865077,RandomForest,RandomForest_2
166,SI_ref_17,Alkali-modified SCG biochars,EE2,Synthetic,0.014122078362060976,0.35956793559874,RandomForest,RandomForest_2
167,SI_ref_17,Alkali-modified SCG biochars,EE2,Synthetic,0.06227375203350968,0.2799487022693383,RandomForest,RandomForest_2
170,SI_ref_17,Alkali-modified SCG biochars,EE2,Synthetic,0.13791601981601773,0.38689693140371517,RandomForest,RandomForest_2
171,SI_ref_17,Alkali-modified SCG biochars,EE2,Synthetic,0.09051861058315946,0.33757281410891493,RandomForest,RandomForest_2
180,SI_ref_17,Alkali-modified SCG biochars,EE2,Synthetic,0.2279548813058391,0.33757281410891493,RandomForest,RandomForest_2
203,SI_ref_17,Alkali-modified SCG biochars,IBU,Synthetic,0.10913541523053398,0.35409011264458834,RandomForest,RandomForest_2
216,SI_ref_17,Alkali-modified SCG biochars,IBU,Synthetic,0.10107027265594352,0.17354363930664912,RandomForest,RandomForest_2
217,SI_ref_17,Alkali-modified SCG biochars,IBU,Synthetic,0.6889998443034063,0.3742898293391916,RandomForest,RandomForest_2
219,SI_ref_17,Alkali-modified SCG biochars,IBU,Synthetic,0.1184746430703935,0.3797834786906323,RandomForest,RandomForest_2
222,SI_ref_17,Alkali-modified SCG biochars,IBU,Synthetic,0.04374442489311713,0.17354363930664912,RandomForest,RandomForest_2
224,SI_ref_17,Alkali-modified SCG biochars,IBU,Synthetic,0.2945083196339574,0.17354363930664912,RandomForest,RandomForest_2
225,SI_ref_17,Alkali-modified SCG biochars,IBU,Synthetic,0.5901579894748284,0.3797834786906323,RandomForest,RandomForest_2
227,SI_ref_17,Alkali-modified SCG biochars,IBU,Synthetic,0.6910697148739985,0.3797834786906323,RandomForest,RandomForest_2
235,SI_ref_16,C-Biochar,ATE,Synthetic,0.8511111111111113,0.7809001580144058,RandomForest,RandomForest_2
237,SI_ref_16,C-Biochar,ATE,Synthetic,0.8733333333333334,0.7809001580144058,RandomForest,RandomForest_2
239,SI_ref_16,C-Biochar,ATE,Synthetic,0.6511111111111112,0.7809001580144058,RandomForest,RandomForest_2
241,SI_ref_16,C-Biochar,ATE,Synthetic,0.7774074074074075,0.7809001580144058,RandomForest,RandomForest_2
247,SI_ref_16,C-Biochar,CBZ,Synthetic,0.44146825396825395,0.5727564427236078,RandomForest,RandomForest_2
249,SI_ref_16,C-Biochar,CBZ,Synthetic,0.4430976430976431,0.5754478818473839,RandomForest,RandomForest_2
253,SI_ref_16,C-Biochar,CBZ,Synthetic,0.4044973544973545,0.5754478818473839,RandomForest,RandomForest_2
255,SI_ref_16,C-Biochar,CBZ,Synthetic,0.46792328042328046,0.5738131581362739,RandomForest,RandomForest_2
257,SI_ref_16,C-Biochar,CBZ,Synthetic,0.46197089947089953,0.586395952866535,RandomForest,RandomForest_2
273,SI_ref_16,C-Biochar,IBU,Synthetic,0.6000000000000001,0.6562924873235048,RandomForest,RandomForest_2
278,SI_ref_16,C-Biochar,IBU,Synthetic,0.8430555555555557,0.6567289544818634,RandomForest,RandomForest_2
299,SI_ref_19,CB,IBU,Lake water,0.9811931645978613,0.9267610949704429,RandomForest,RandomForest_2
300,SI_ref_19,CB,IBU,Ground water,0.9595058090644278,0.9252590419689506,RandomForest,RandomForest_2
304,SI_ref_19,CB,IBU,Ground water,0.9323428884090048,0.9297984780576799,RandomForest,RandomForest_2
305,SI_ref_19,CB,IBU,Lake water,0.9442367850805692,0.9267610949704429,RandomForest,RandomForest_2
320,SI_ref_19,CB,IBU,Ground water,0.9303445651202417,0.9526806421466251,RandomForest,RandomForest_2
326,SI_ref_19,CB,IBU,Ground water,0.9318432124429017,0.9526806421466251,RandomForest,RandomForest_2
329,SI_ref_19,CB,IBU,Lake water,0.9296205387839244,0.9267610949704429,RandomForest,RandomForest_2
330,SI_ref_19,CB,IBU,Ground water,0.9174641264203113,0.9252590419689506,RandomForest,RandomForest_2
345,SI_ref_14,GCRB,ALA,Synthetic,0.9324051079932012,0.9544900039407759,RandomForest,RandomForest_2
348,SI_ref_14,GCRB,ALA,Synthetic,0.959711660682908,0.9544900039407759,RandomForest,RandomForest_2
374,SI_ref_14,GCRB,DIU,Synthetic,1.0082496176169822,0.9487325929104681,RandomForest,RandomForest_2
376,SI_ref_14,GCRB,SIM,Synthetic,0.9862955626477844,0.978446719964921,RandomForest,RandomForest_2
377,SI_ref_14,GCRB,SIM,Synthetic,0.9834030650434858,0.978446719964921,RandomForest,RandomForest_2
378,SI_ref_14,GCRB,SIM,Synthetic,0.9809240251187635,0.978179253329037,RandomForest,RandomForest_2
379,SI_ref_14,GCRB,SIM,Synthetic,0.977408497407208,0.9778211096269099,RandomForest,RandomForest_2
380,SI_ref_14,GCRB,SIM,Synthetic,0.9725866254178165,0.97755000647793,RandomForest,RandomForest_2
381,SI_ref_14,GCRB,SIM,Synthetic,0.9707397150816074,0.9776026662065496,RandomForest,RandomForest_2
382,SI_ref_14,GCRB,SIM,Synthetic,0.9682512913168398,0.9777021984639793,RandomForest,RandomForest_2
383,SI_ref_14,GCRB,SIM,Synthetic,0.9596267727831934,0.9776020457521257,RandomForest,RandomForest_2
393,SI_ref_14,GCRB,SIM,Synthetic,0.9681949882765674,0.9779063353704684,RandomForest,RandomForest_2
397,SI_ref_14,GCRB,SIM,Synthetic,0.9595581925458377,0.9779063353704684,RandomForest,RandomForest_2
410,SI_ref_14,GCRB-N,ALA,Synthetic,0.42098834230158483,0.4038213201352799,RandomForest,RandomForest_2
419,SI_ref_14,GCRB-N,ALA,Synthetic,0.3038540896584293,0.5896349205406868,RandomForest,RandomForest_2
428,SI_ref_14,GCRB-N,ALA,Synthetic,0.2941679236692388,0.5789654386021406,RandomForest,RandomForest_2
437,SI_ref_14,GCRB-N,ALA,Synthetic,0.299011006663834,0.5859153520455161,RandomForest,RandomForest_2
459,SI_ref_14,GCRB-N,DIU,Synthetic,0.6455190877003087,0.2781992278787817,RandomForest,RandomForest_2
468,SI_ref_14,GCRB-N,DIU,Synthetic,0.6564705601884918,0.2735961122456654,RandomForest,RandomForest_2
477,SI_ref_14,GCRB-N,DIU,Synthetic,0.6413243626564091,0.3238238165296136,RandomForest,RandomForest_2
480,SI_ref_14,GCRB-N,SIM,Synthetic,0.8709260833889569,0.6567707926139257,RandomForest,RandomForest_2
481,SI_ref_14,GCRB-N,SIM,Synthetic,0.7937886433454202,0.6541441944412898,RandomForest,RandomForest_2
482,SI_ref_14,GCRB-N,SIM,Synthetic,0.7230251055630271,0.6406642054089642,RandomForest,RandomForest_2
483,SI_ref_14,GCRB-N,SIM,Synthetic,0.6451471952322713,0.5889834055346698,RandomForest,RandomForest_2
484,SI_ref_14,GCRB-N,SIM,Synthetic,0.579106572580609,0.5493616763023068,RandomForest,RandomForest_2
485,SI_ref_14,GCRB-N,SIM,Synthetic,0.5461098630342859,0.5424303898109053,RandomForest,RandomForest_2
486,SI_ref_14,GCRB-N,SIM,Synthetic,0.526458395826474,0.5348593838100267,RandomForest,RandomForest_2
487,SI_ref_14,GCRB-N,SIM,Synthetic,0.44952651357619516,0.5282704248726049,RandomForest,RandomForest_2
493,SI_ref_14,GCRB-N,SIM,Synthetic,0.525804086252399,0.5282704248726049,RandomForest,RandomForest_2
502,SI_ref_14,GCRB-N,SIM,Synthetic,0.8453757948497886,0.5878653529722982,RandomForest,RandomForest_2
511,SI_ref_14,GCRB-N,SIM,Synthetic,0.8584308799035202,0.5891859719613008,RandomForest,RandomForest_2
520,SI_ref_14,GCRB-N,SIM,Synthetic,0.8519033373766544,0.6058524611220752,RandomForest,RandomForest_2
540,SI_ref_19,MCB,IBU,Lake water,0.9742126323294387,0.9331422853656663,RandomForest,RandomForest_2
541,SI_ref_19,MCB,IBU,Ground water,0.9483485035015843,0.9299255593399844,RandomForest,RandomForest_2
547,SI_ref_19,MCB,IBU,Ground water,0.9263512886233829,0.923017236542767,RandomForest,RandomForest_2
548,SI_ref_19,MCB,IBU,Lake water,0.9349728899053784,0.9254537714675587,RandomForest,RandomForest_2
565,SI_ref_19,MCB,IBU,Ground water,0.9254612605703445,0.9488304747233565,RandomForest,RandomForest_2
571,SI_ref_19,MCB,IBU,Ground water,0.927696260267614,0.9519636767523374,RandomForest,RandomForest_2
574,SI_ref_19,MCB,IBU,Lake water,0.9258585842402297,0.9264180972366972,RandomForest,RandomForest_2
575,SI_ref_19,MCB,IBU,Ground water,0.9173366162788351,0.92042084313124,RandomForest,RandomForest_2
580,SI_ref_19,MCB,IBU,Lake water,0.974635205338439,0.9355667092136664,RandomForest,RandomForest_2
581,SI_ref_19,MCB,IBU,Ground water,0.95367292982704,0.9311159003022808,RandomForest,RandomForest_2
585,SI_ref_19,MCB,IBU,Ground water,0.925414707326754,0.9341617908268506,RandomForest,RandomForest_2
586,SI_ref_19,MCB,IBU,Lake water,0.9347814302861347,0.93366798423002,RandomForest,RandomForest_2
595,SI_ref_19,MCB,IBU,Ground water,0.9248851497651674,0.9473195665206465,RandomForest,RandomForest_2
601,SI_ref_19,MCB,IBU,Ground water,0.9300914246503462,0.9496462362898801,RandomForest,RandomForest_2
604,SI_ref_19,MCB,IBU,Lake water,0.9282701343021136,0.9278879275713154,RandomForest,RandomForest_2
605,SI_ref_19,MCB,IBU,Ground water,0.9160948152334054,0.922779424269637,RandomForest,RandomForest_2
610,SI_ref_19,MCB,IBU,Lake water,0.9716179138912365,0.9333598367512664,RandomForest,RandomForest_2
611,SI_ref_19,MCB,IBU,Ground water,0.9529992532644452,0.9286704690727882,RandomForest,RandomForest_2
615,SI_ref_19,MCB,IBU,Ground water,0.9284499518994666,0.9290491094142312,RandomForest,RandomForest_2
616,SI_ref_19,MCB,IBU,Lake water,0.935069554315652,0.9287078558658598,RandomForest,RandomForest_2
625,SI_ref_19,MCB,IBU,Ground water,0.9258221154816445,0.9376809508842409,RandomForest,RandomForest_2
631,SI_ref_19,MCB,IBU,Ground water,0.9296259863973036,0.9376809508842409,RandomForest,RandomForest_2
634,SI_ref_19,MCB,IBU,Lake water,0.9271225782160609,0.9211513029958028,RandomForest,RandomForest_2
635,SI_ref_19,MCB,IBU,Ground water,0.9188076045934327,0.9155555465572401,RandomForest,RandomForest_2
640,SI_ref_18,NaOH-activated SCW biochars,DCF,Secondary effluent,0.7547018161110076,0.5522991741164734,RandomForest,RandomForest_2
642,SI_ref_18,NaOH-activated SCW biochars,DCF,Secondary effluent,0.6981463000238689,0.5522646642237168,RandomForest,RandomForest_2
644,SI_ref_18,NaOH-activated SCW biochars,DCF,Secondary effluent,0.6293744945066856,0.5525602175912071,RandomForest,RandomForest_2
646,SI_ref_18,NaOH-activated SCW biochars,DCF,Secondary effluent,0.588788451165352,0.5526738643077896,RandomForest,RandomForest_2
648,SI_ref_18,NaOH-activated SCW biochars,DCF,Secondary effluent,0.5891686823750966,0.552751274437371,RandomForest,RandomForest_2
650,SI_ref_18,NaOH-activated SCW biochars,DCF,Secondary effluent,0.5849511312086796,0.553043979377849,RandomForest,RandomForest_2
652,SI_ref_18,NaOH-activated SCW biochars,DCF,Secondary effluent,0.5864672759838442,0.5540874871367898,RandomForest,RandomForest_2
655,SI_ref_18,NaOH-activated SCW biochars,DCF,Lake water,0.28283236606156975,0.5165901811645583,RandomForest,RandomForest_2
657,SI_ref_18,NaOH-activated SCW biochars,DCF,Lake water,0.4098052873550469,0.5165901811645583,RandomForest,RandomForest_2
662,SI_ref_18,NaOH-activated SCW biochars,DCF,Secondary effluent,0.600008865661574,0.5560402173723659,RandomForest,RandomForest_2
668,SI_ref_18,NaOH-activated SCW biochars,DCF,Lake water,0.5638671837826676,0.5165901811645583,RandomForest,RandomForest_2
673,SI_ref_18,NaOH-activated SCW biochars,DCF,Lake water,0.5356816504619031,0.5165901811645583,RandomForest,RandomForest_2
679,SI_ref_18,NaOH-activated SCW biochars,DCF,Lake water,0.48550836273532816,0.5165901811645583,RandomForest,RandomForest_2
682,SI_ref_18,NaOH-activated SCW biochars,DCF,Secondary effluent,0.5965252581670849,0.5560402173723659,RandomForest,RandomForest_2
688,SI_ref_18,NaOH-activated SCW biochars,DCF,Lake water,0.5703611171190489,0.5971793523584482,RandomForest,RandomForest_2
693,SI_ref_18,NaOH-activated SCW biochars,DCF,Secondary effluent,0.6557026735074662,0.5560402173723659,RandomForest,RandomForest_2
694,SI_ref_18,NaOH-activated SCW biochars,DCF,Lake water,0.7297297292522416,0.5165901811645583,RandomForest,RandomForest_2
699,SI_ref_18,NaOH-activated SCW biochars,IBU,Secondary effluent,0.8098199350756726,0.5959591969077842,RandomForest,RandomForest_2
701,SI_ref_18,NaOH-activated SCW biochars,IBU,Secondary effluent,0.7485969905050348,0.5966360555751806,RandomForest,RandomForest_2
703,SI_ref_18,NaOH-activated SCW biochars,IBU,Secondary effluent,0.6850179499229786,0.5988424547622091,RandomForest,RandomForest_2
705,SI_ref_18,NaOH-activated SCW biochars,IBU,Secondary effluent,0.6861011679416551,0.5990621234554685,RandomForest,RandomForest_2
707,SI_ref_18,NaOH-activated SCW biochars,IBU,Secondary effluent,0.6799185617433835,0.599850977520285,RandomForest,RandomForest_2
709,SI_ref_18,NaOH-activated SCW biochars,IBU,Secondary effluent,0.6765813990931481,0.598794291235945,RandomForest,RandomForest_2
711,SI_ref_18,NaOH-activated SCW biochars,IBU,Secondary effluent,0.6777803451607008,0.5991256478340337,RandomForest,RandomForest_2
712,SI_ref_18,NaOH-activated SCW biochars,IBU,Lake water,0.10371139816269948,0.6283429831293134,RandomForest,RandomForest_2
714,SI_ref_18,NaOH-activated SCW biochars,IBU,Lake water,0.46656560236114836,0.6283429831293134,RandomForest,RandomForest_2
721,SI_ref_18,NaOH-activated SCW biochars,IBU,Secondary effluent,0.675113405421536,0.6023828851942299,RandomForest,RandomForest_2
730,SI_ref_18,NaOH-activated SCW biochars,IBU,Lake water,0.627404015064595,0.6283429831293134,RandomForest,RandomForest_2
738,SI_ref_18,NaOH-activated SCW biochars,IBU,Lake water,0.6298527247859258,0.6283429831293134,RandomForest,RandomForest_2
740,SI_ref_18,NaOH-activated SCW biochars,IBU,Lake water,0.5791171913994386,0.6283429831293134,RandomForest,RandomForest_2
747,SI_ref_18,NaOH-activated SCW biochars,IBU,Lake water,0.6846241766923425,0.6838307251525011,RandomForest,RandomForest_2
752,SI_ref_18,NaOH-activated SCW biochars,IBU,Secondary effluent,0.7252319435730717,0.6023828851942299,RandomForest,RandomForest_2
758,SI_ref_18,NaOH-activated SCW biochars,NPX,Secondary effluent,0.5521972966156422,0.18831779607828633,RandomForest,RandomForest_2
760,SI_ref_18,NaOH-activated SCW biochars,NPX,Secondary effluent,0.4814245289032641,0.18267359251331822,RandomForest,RandomForest_2
762,SI_ref_18,NaOH-activated SCW biochars,NPX,Secondary effluent,0.34455951981715066,0.173955043399756,RandomForest,RandomForest_2
764,SI_ref_18,NaOH-activated SCW biochars,NPX,Secondary effluent,0.2493517679350271,0.15597018775264276,RandomForest,RandomForest_2
766,SI_ref_18,NaOH-activated SCW biochars,NPX,Secondary effluent,0.16764900163614713,0.13182641352378432,RandomForest,RandomForest_2
768,SI_ref_18,NaOH-activated SCW biochars,NPX,Secondary effluent,0.12846350911521487,0.12342018218362444,RandomForest,RandomForest_2
770,SI_ref_18,NaOH-activated SCW biochars,NPX,Secondary effluent,0.12873702561203082,0.11916102657931649,RandomForest,RandomForest_2
771,SI_ref_18,NaOH-activated SCW biochars,NPX,Lake water,0.03570310331741743,0.0672972267374305,RandomForest,RandomForest_2
780,SI_ref_18,NaOH-activated SCW biochars,NPX,Secondary effluent,0.11864589305153721,0.11908355550691642,RandomForest,RandomForest_2
781,SI_ref_18,NaOH-activated SCW biochars,NPX,Lake water,0.04234525136924403,0.0672972267374305,RandomForest,RandomForest_2
791,SI_ref_18,NaOH-activated SCW biochars,NPX,Lake water,0.05751855059175114,0.06860545317873849,RandomForest,RandomForest_2
795,SI_ref_18,NaOH-activated SCW biochars,NPX,Lake water,0.1386164882936624,0.09266806564474266,RandomForest,RandomForest_2
859,SI_ref_13,PB600,CBZ,Synthetic,0.4773489932885906,0.4664647095588256,RandomForest,RandomForest_2
892,SI_ref_13,PB600,IBU,Synthetic,0.8533052267445003,0.5903794953898881,RandomForest,RandomForest_2
906,SI_ref_13,PB800,CBZ,Synthetic,0.16135346756152125,0.2341855719361093,RandomForest,RandomForest_2
939,SI_ref_13,PB800,IBU,Synthetic,0.5875275377054737,0.35524516697259967,RandomForest,RandomForest_2
959,SI_ref_15,PSB,CAR,Synthetic,0.898502105289309,0.9204224449530816,RandomForest,RandomForest_2
963,SI_ref_15,PSB,CAR,Synthetic,0.8690891098845278,0.9204224449530816,RandomForest,RandomForest_2
976,SI_ref_15,PSB,PYR,Synthetic,0.9599614728522631,0.9339682985247987,RandomForest,RandomForest_2
980,SI_ref_15,PSB,PYR,Synthetic,0.8739092070679689,0.9339682985247987,RandomForest,RandomForest_2
982,SI_ref_15,PSB,PYR,Synthetic,0.8750456231185068,0.9339682985247987,RandomForest,RandomForest_2
983,SI_ref_15,PSB,PYR,Synthetic,0.950707773566655,0.9339682985247987,RandomForest,RandomForest_2
1000,SI_ref_15,PSB,TEB,Synthetic,0.8714762044822667,0.929561545200485,RandomForest,RandomForest_2
1001,SI_ref_15,PSB,TEB,Synthetic,0.8650362109004135,0.929561545200485,RandomForest,RandomForest_2
1020,SI_ref_15,PSBOX-A,CAR,Synthetic,0.024826351018054676,0.10373289959075553,RandomForest,RandomForest_2
1024,SI_ref_15,PSBOX-A,CAR,Synthetic,0.013386578068051812,0.10373289959075553,RandomForest,RandomForest_2
1039,SI_ref_15,PSBOX-A,PYR,Synthetic,0.10520884210859399,0.3181579304408313,RandomForest,RandomForest_2
1041,SI_ref_15,PSBOX-A,PYR,Synthetic,0.5321591562240328,0.31556230339904123,RandomForest,RandomForest_2
1045,SI_ref_15,PSBOX-A,PYR,Synthetic,0.07450853175519283,0.3181579304408313,RandomForest,RandomForest_2
1047,SI_ref_15,PSBOX-A,PYR,Synthetic,0.07530521810797475,0.3181579304408313,RandomForest,RandomForest_2
1048,SI_ref_15,PSBOX-A,PYR,Synthetic,0.1335562050140622,0.3181579304408313,RandomForest,RandomForest_2
1065,SI_ref_15,PSBOX-A,TEB,Synthetic,0.5160089507499187,0.24919619680689858,RandomForest,RandomForest_2
1070,SI_ref_15,PSBOX-A,TEB,Synthetic,0.04527670142322688,0.25199593223232486,RandomForest,RandomForest_2
1071,SI_ref_15,PSBOX-A,TEB,Synthetic,0.04243318293660387,0.25199593223232486,RandomForest,RandomForest_2
1095,SI_ref_17,Pristine SCG biochar,CBZ,Synthetic,0.9071706166070994,0.9158377208832935,RandomForest,RandomForest_2
1104,SI_ref_17,Pristine SCG biochar,CBZ,Synthetic,0.8748284470323213,0.9019114789378658,RandomForest,RandomForest_2
1108,SI_ref_17,Pristine SCG biochar,CBZ,Synthetic,0.8967497590877974,0.8993269595756429,RandomForest,RandomForest_2
1112,SI_ref_17,Pristine SCG biochar,CBZ,Synthetic,0.8867934815653573,0.8993269595756429,RandomForest,RandomForest_2
1115,SI_ref_17,Pristine SCG biochar,CBZ,Synthetic,0.925161257978969,0.9158377208832935,RandomForest,RandomForest_2
1116,SI_ref_17,Pristine SCG biochar,EE2,Synthetic,0.9879675366998732,0.8599336493703905,RandomForest,RandomForest_2
1117,SI_ref_17,Pristine SCG biochar,EE2,Synthetic,0.9630524728687239,0.8633427121565147,RandomForest,RandomForest_2
1118,SI_ref_17,Pristine SCG biochar,EE2,Synthetic,0.9308917481943695,0.8599336493703905,RandomForest,RandomForest_2
1119,SI_ref_17,Pristine SCG biochar,EE2,Synthetic,0.9610835485312063,0.863268926963538,RandomForest,RandomForest_2
1120,SI_ref_17,Pristine SCG biochar,EE2,Synthetic,0.8890050918282607,0.8595434014740835,RandomForest,RandomForest_2
1121,SI_ref_17,Pristine SCG biochar,EE2,Synthetic,0.9527872619203276,0.8632123047995311,RandomForest,RandomForest_2
1122,SI_ref_17,Pristine SCG biochar,EE2,Synthetic,0.8965951913819401,0.8595434014740835,RandomForest,RandomForest_2
1123,SI_ref_17,Pristine SCG biochar,EE2,Synthetic,0.9558259103687238,0.8632123047995311,RandomForest,RandomForest_2
1124,SI_ref_17,Pristine SCG biochar,EE2,Synthetic,0.8793895099735648,0.8595434014740835,RandomForest,RandomForest_2
1125,SI_ref_17,Pristine SCG biochar,EE2,Synthetic,0.9519368217180961,0.8632123047995311,RandomForest,RandomForest_2
1126,SI_ref_17,Pristine SCG biochar,EE2,Synthetic,0.8770554520720774,0.8590694196519476,RandomForest,RandomForest_2
1127,SI_ref_17,Pristine SCG biochar,EE2,Synthetic,0.9377852461427824,0.862751494701224,RandomForest,RandomForest_2
1128,SI_ref_17,Pristine SCG biochar,EE2,Synthetic,0.8833014060151289,0.8590694196519476,RandomForest,RandomForest_2
1129,SI_ref_17,Pristine SCG biochar,EE2,Synthetic,0.9348668633411785,0.862751494701224,RandomForest,RandomForest_2
1132,SI_ref_17,Pristine SCG biochar,EE2,Synthetic,0.8374361704672763,0.8590694196519476,RandomForest,RandomForest_2
1133,SI_ref_17,Pristine SCG biochar,EE2,Synthetic,0.8609155049620831,0.862751494701224,RandomForest,RandomForest_2
1137,SI_ref_17,Pristine SCG biochar,EE2,Synthetic,0.8257334628724249,0.862751494701224,RandomForest,RandomForest_2
1147,SI_ref_17,Pristine SCG biochar,EE2,Synthetic,0.8965862728271835,0.862751494701224,RandomForest,RandomForest_2
1170,SI_ref_17,Pristine SCG biochar,IBU,Synthetic,0.7820004901373623,0.8767406535172338,RandomForest,RandomForest_2
1183,SI_ref_17,Pristine SCG biochar,IBU,Synthetic,0.9114748664800524,0.9233815235117889,RandomForest,RandomForest_2
1184,SI_ref_17,Pristine SCG biochar,IBU,Synthetic,0.9484982246288517,0.9185318506756619,RandomForest,RandomForest_2
1186,SI_ref_17,Pristine SCG biochar,IBU,Synthetic,0.893754721851682,0.9161290530681641,RandomForest,RandomForest_2
1189,SI_ref_17,Pristine SCG biochar,IBU,Synthetic,0.9210277046979152,0.9233815235117889,RandomForest,RandomForest_2
1191,SI_ref_17,Pristine SCG biochar,IBU,Synthetic,0.9513456586569363,0.9233815235117889,RandomForest,RandomForest_2
1192,SI_ref_17,Pristine SCG biochar,IBU,Synthetic,0.9226237248225028,0.9161290530681641,RandomForest,RandomForest_2
1194,SI_ref_17,Pristine SCG biochar,IBU,Synthetic,0.8857728699803085,0.9161290530681641,RandomForest,RandomForest_2
1199,SI_ref_18,Pristine SCW Biochar,DCF,Secondary effluent,0.918928852227115,0.9223070055453281,RandomForest,RandomForest_2
1201,SI_ref_18,Pristine SCW Biochar,DCF,Secondary effluent,0.9102784904019702,0.9193541965309214,RandomForest,RandomForest_2
1203,SI_ref_18,Pristine SCW Biochar,DCF,Secondary effluent,0.9056826438576806,0.9173950950805458,RandomForest,RandomForest_2
1205,SI_ref_18,Pristine SCW Biochar,DCF,Secondary effluent,0.9047459643543814,0.9178348051198134,RandomForest,RandomForest_2
1207,SI_ref_18,Pristine SCW Biochar,DCF,Secondary effluent,0.9046272834515193,0.9169925534311116,RandomForest,RandomForest_2
1209,SI_ref_18,Pristine SCW Biochar,DCF,Secondary effluent,0.9011959807369067,0.9106568562291261,RandomForest,RandomForest_2
1211,SI_ref_18,Pristine SCW Biochar,DCF,Secondary effluent,0.9001936082465184,0.9102348745088569,RandomForest,RandomForest_2
1214,SI_ref_18,Pristine SCW Biochar,DCF,Lake water,0.9077130214504949,0.8979843594886912,RandomForest,RandomForest_2
1219,SI_ref_18,Pristine SCW Biochar,DCF,Secondary effluent,0.9048873911798646,0.9097761722382812,RandomForest,RandomForest_2
1225,SI_ref_18,Pristine SCW Biochar,DCF,Lake water,0.9209005359691885,0.9192325652158253,RandomForest,RandomForest_2
1230,SI_ref_18,Pristine SCW Biochar,DCF,Lake water,0.9255037841040696,0.9192325652158253,RandomForest,RandomForest_2
1236,SI_ref_18,Pristine SCW Biochar,DCF,Lake water,0.9092724465153025,0.9192325652158253,RandomForest,RandomForest_2
1239,SI_ref_18,Pristine SCW Biochar,DCF,Secondary effluent,0.9186059768996898,0.9097761722382812,RandomForest,RandomForest_2
1245,SI_ref_18,Pristine SCW Biochar,DCF,Lake water,0.926603142736896,0.9237731057594325,RandomForest,RandomForest_2
1249,SI_ref_18,Pristine SCW Biochar,DCF,Secondary effluent,0.9174019043807426,0.9097761722382812,RandomForest,RandomForest_2
1254,SI_ref_18,Pristine SCW Biochar,IBU,Secondary effluent,0.9156726978407875,0.9145177896820543,RandomForest,RandomForest_2
1256,SI_ref_18,Pristine SCW Biochar,IBU,Secondary effluent,0.9079673942368781,0.9119637746362547,RandomForest,RandomForest_2
1258,SI_ref_18,Pristine SCW Biochar,IBU,Secondary effluent,0.9043236251446873,0.909895540791386,RandomForest,RandomForest_2
1260,SI_ref_18,Pristine SCW Biochar,IBU,Secondary effluent,0.9020547983951682,0.9100739622912519,RandomForest,RandomForest_2
1262,SI_ref_18,Pristine SCW Biochar,IBU,Secondary effluent,0.9004882379050155,0.9092334802258286,RandomForest,RandomForest_2
1264,SI_ref_18,Pristine SCW Biochar,IBU,Secondary effluent,0.897458530238549,0.9039660674028802,RandomForest,RandomForest_2
1266,SI_ref_18,Pristine SCW Biochar,IBU,Secondary effluent,0.8973424975849196,0.9033452506329485,RandomForest,RandomForest_2
1274,SI_ref_18,Pristine SCW Biochar,IBU,Secondary effluent,0.8992057856547054,0.9029885095735639,RandomForest,RandomForest_2
1283,SI_ref_18,Pristine SCW Biochar,IBU,Lake water,0.9158900362354069,0.9162992734520903,RandomForest,RandomForest_2
1291,SI_ref_18,Pristine SCW Biochar,IBU,Lake water,0.9068652159539504,0.9162992734520903,RandomForest,RandomForest_2
1293,SI_ref_18,Pristine SCW Biochar,IBU,Lake water,0.9067682424855283,0.9162992734520903,RandomForest,RandomForest_2
1300,SI_ref_18,Pristine SCW Biochar,IBU,Lake water,0.9277221749920567,0.9220128637438808,RandomForest,RandomForest_2
1304,SI_ref_18,Pristine SCW Biochar,IBU,Secondary effluent,0.911352956646831,0.9029885095735639,RandomForest,RandomForest_2
1309,SI_ref_18,Pristine SCW Biochar,NPX,Secondary effluent,0.9276600601799115,0.9209022254551692,RandomForest,RandomForest_2
1311,SI_ref_18,Pristine SCW Biochar,NPX,Secondary effluent,0.9217275625657669,0.917683110490065,RandomForest,RandomForest_2
1313,SI_ref_18,Pristine SCW Biochar,NPX,Secondary effluent,0.9151672500810683,0.9155402486753865,RandomForest,RandomForest_2
1315,SI_ref_18,Pristine SCW Biochar,NPX,Secondary effluent,0.914870212237198,0.9160741004708164,RandomForest,RandomForest_2
1317,SI_ref_18,Pristine SCW Biochar,NPX,Secondary effluent,0.9125118045566373,0.9153021640071344,RandomForest,RandomForest_2
1319,SI_ref_18,Pristine SCW Biochar,NPX,Secondary effluent,0.9122370962869346,0.909558887634718,RandomForest,RandomForest_2
1321,SI_ref_18,Pristine SCW Biochar,NPX,Secondary effluent,0.9100475600528815,0.909189064447541,RandomForest,RandomForest_2
1329,SI_ref_18,Pristine SCW Biochar,NPX,Secondary effluent,0.910898633301941,0.9088908342334345,RandomForest,RandomForest_2
1330,SI_ref_18,Pristine SCW Biochar,NPX,Lake water,0.9241969522882365,0.9203529485236918,RandomForest,RandomForest_2
1340,SI_ref_18,Pristine SCW Biochar,NPX,Lake water,0.9210401821004949,0.920876253798781,RandomForest,RandomForest_2
1344,SI_ref_18,Pristine SCW Biochar,NPX,Lake water,0.9309313456555985,0.9248205767233422,RandomForest,RandomForest_2
19,SI_ref_19,AMCB,IBU,Lake water,0.12160249298048154,0.41983756217392987,Ridge,Ridge_1
20,SI_ref_19,AMCB,IBU,Ground water,0.0023766372681587895,0.3731451412726363,Ridge,Ridge_1
26,SI_ref_19,AMCB,IBU,Ground water,0.1894672613641715,0.38769639667579625,Ridge,Ridge_1
27,SI_ref_19,AMCB,IBU,Lake water,0.343266669603983,0.4198233180726476,Ridge,Ridge_1
36,SI_ref_19,AMCB,IBU,Ground water,0.41496556078686897,0.40223343758777574,Ridge,Ridge_1
42,SI_ref_19,AMCB,IBU,Ground water,0.5182383095521604,0.4022192230692607,Ridge,Ridge_1
45,SI_ref_19,AMCB,IBU,Lake water,0.5439346954470261,0.41978064496167,Ridge,Ridge_1
46,SI_ref_19,AMCB,IBU,Ground water,0.48210720700720494,0.37308822406037645,Ridge,Ridge_1
51,SI_ref_19,AMCB,IBU,Lake water,0.0829192384873889,0.4197664402767902,Ridge,Ridge_1
52,SI_ref_19,AMCB,IBU,Ground water,0.003531050071646246,0.37307401937549656,Ridge,Ridge_1
56,SI_ref_19,AMCB,IBU,Ground water,0.17260220522445793,0.38762532401509775,Ridge,Ridge_1
57,SI_ref_19,AMCB,IBU,Lake water,0.2799685707152232,0.4197522454119491,Ridge,Ridge_1
66,SI_ref_19,AMCB,IBU,Ground water,0.4885549946229274,0.4021624631957289,Ridge,Ridge_1
72,SI_ref_19,AMCB,IBU,Ground water,0.5107350299703324,0.4021482977097066,Ridge,Ridge_1
75,SI_ref_19,AMCB,IBU,Lake water,0.539673236909249,0.4197097196021159,Ridge,Ridge_1
76,SI_ref_19,AMCB,IBU,Ground water,0.4945842701164504,0.37301729870082234,Ridge,Ridge_1
81,SI_ref_19,AMCB,IBU,Lake water,0.11734271672387758,0.41969556388202756,Ridge,Ridge_1
82,SI_ref_19,AMCB,IBU,Ground water,0.0,0.373003142980734,Ridge,Ridge_1
86,SI_ref_19,AMCB,IBU,Ground water,0.16952726930244136,0.38755449651756546,Ridge,Ridge_1
87,SI_ref_19,AMCB,IBU,Lake water,0.245380335735257,0.4196814179144168,Ridge,Ridge_1
96,SI_ref_19,AMCB,IBU,Ground water,0.45590621693388655,0.4020917332905324,Ridge,Ridge_1
110,SI_ref_19,AMCB,IBU,Ground water,0.5205305455205957,0.4020776164998938,Ridge,Ridge_1
113,SI_ref_19,AMCB,IBU,Lake water,0.5570792394486925,0.4196390383923031,Ridge,Ridge_1
114,SI_ref_19,AMCB,IBU,Ground water,0.48301499525722014,0.37294661749100955,Ridge,Ridge_1
134,SI_ref_17,Alkali-modified SCG biochars,CBZ,Synthetic,0.00635796336582959,0.1451929802549191,Ridge,Ridge_1
143,SI_ref_17,Alkali-modified SCG biochars,CBZ,Synthetic,0.12158111194827703,0.322820063933597,Ridge,Ridge_1
146,SI_ref_17,Alkali-modified SCG biochars,CBZ,Synthetic,0.6777397154224275,0.2773291822985349,Ridge,Ridge_1
150,SI_ref_17,Alkali-modified SCG biochars,CBZ,Synthetic,0.8144073973371778,0.2773291822985349,Ridge,Ridge_1
153,SI_ref_17,Alkali-modified SCG biochars,CBZ,Synthetic,0.5612135486607656,0.1451929802549191,Ridge,Ridge_1
154,SI_ref_17,Alkali-modified SCG biochars,EE2,Synthetic,0.32691906294512396,0.43220829727959725,Ridge,Ridge_1
155,SI_ref_17,Alkali-modified SCG biochars,EE2,Synthetic,0.281684429186895,0.30007209523598144,Ridge,Ridge_1
156,SI_ref_17,Alkali-modified SCG biochars,EE2,Synthetic,0.2985885901242538,0.4183098706962456,Ridge,Ridge_1
157,SI_ref_17,Alkali-modified SCG biochars,EE2,Synthetic,0.1736546812353491,0.2861736686526297,Ridge,Ridge_1
158,SI_ref_17,Alkali-modified SCG biochars,EE2,Synthetic,0.08297647774499996,0.39597784431955263,Ridge,Ridge_1
159,SI_ref_17,Alkali-modified SCG biochars,EE2,Synthetic,0.0890939833732563,0.26384164227593676,Ridge,Ridge_1
160,SI_ref_17,Alkali-modified SCG biochars,EE2,Synthetic,0.12434438865468556,0.38180234168251126,Ridge,Ridge_1
161,SI_ref_17,Alkali-modified SCG biochars,EE2,Synthetic,0.0719303611000807,0.2496661396388954,Ridge,Ridge_1
162,SI_ref_17,Alkali-modified SCG biochars,EE2,Synthetic,0.050886215526030655,0.3734959468635018,Ridge,Ridge_1
163,SI_ref_17,Alkali-modified SCG biochars,EE2,Synthetic,0.06892444951131721,0.24135974481988598,Ridge,Ridge_1
164,SI_ref_17,Alkali-modified SCG biochars,EE2,Synthetic,0.0402114435413677,0.3675984985113261,Ridge,Ridge_1
165,SI_ref_17,Alkali-modified SCG biochars,EE2,Synthetic,0.06161971981332274,0.23546229646771022,Ridge,Ridge_1
166,SI_ref_17,Alkali-modified SCG biochars,EE2,Synthetic,0.014122078362060976,0.3616986803938204,Ridge,Ridge_1
167,SI_ref_17,Alkali-modified SCG biochars,EE2,Synthetic,0.06227375203350968,0.2295624783502046,Ridge,Ridge_1
170,SI_ref_17,Alkali-modified SCG biochars,EE2,Synthetic,0.13791601981601773,0.3533804408489605,Ridge,Ridge_1
171,SI_ref_17,Alkali-modified SCG biochars,EE2,Synthetic,0.09051861058315946,0.2212442388053446,Ridge,Ridge_1
180,SI_ref_17,Alkali-modified SCG biochars,EE2,Synthetic,0.2279548813058391,0.2212442388053446,Ridge,Ridge_1
203,SI_ref_17,Alkali-modified SCG biochars,IBU,Synthetic,0.10913541523053398,0.31006418090280674,Ridge,Ridge_1
216,SI_ref_17,Alkali-modified SCG biochars,IBU,Synthetic,0.10107027265594352,0.22341886049425297,Ridge,Ridge_1
217,SI_ref_17,Alkali-modified SCG biochars,IBU,Synthetic,0.6889998443034063,0.40104594417293093,Ridge,Ridge_1
219,SI_ref_17,Alkali-modified SCG biochars,IBU,Synthetic,0.1184746430703935,0.35555506253786884,Ridge,Ridge_1
222,SI_ref_17,Alkali-modified SCG biochars,IBU,Synthetic,0.04374442489311713,0.22341886049425297,Ridge,Ridge_1
224,SI_ref_17,Alkali-modified SCG biochars,IBU,Synthetic,0.2945083196339574,0.22341886049425297,Ridge,Ridge_1
225,SI_ref_17,Alkali-modified SCG biochars,IBU,Synthetic,0.5901579894748284,0.35555506253786884,Ridge,Ridge_1
227,SI_ref_17,Alkali-modified SCG biochars,IBU,Synthetic,0.6910697148739985,0.35555506253786884,Ridge,Ridge_1
235,SI_ref_16,C-Biochar,ATE,Synthetic,0.8511111111111113,0.7798897348583212,Ridge,Ridge_1
237,SI_ref_16,C-Biochar,ATE,Synthetic,0.8733333333333334,0.7798897348583212,Ridge,Ridge_1
239,SI_ref_16,C-Biochar,ATE,Synthetic,0.6511111111111112,0.7507587358494369,Ridge,Ridge_1
241,SI_ref_16,C-Biochar,ATE,Synthetic,0.7774074074074075,0.7798897348583212,Ridge,Ridge_1
247,SI_ref_16,C-Biochar,CBZ,Synthetic,0.44146825396825395,0.5691444970759908,Ridge,Ridge_1
249,SI_ref_16,C-Biochar,CBZ,Synthetic,0.4430976430976431,0.5918899378935218,Ridge,Ridge_1
253,SI_ref_16,C-Biochar,CBZ,Synthetic,0.4044973544973545,0.5918899378935218,Ridge,Ridge_1
255,SI_ref_16,C-Biochar,CBZ,Synthetic,0.46792328042328046,0.5773244383890797,Ridge,Ridge_1
257,SI_ref_16,C-Biochar,CBZ,Synthetic,0.46197089947089953,0.6146353787110529,Ridge,Ridge_1
273,SI_ref_16,C-Biochar,IBU,Synthetic,0.6000000000000001,0.6409848191239713,Ridge,Ridge_1
278,SI_ref_16,C-Biochar,IBU,Synthetic,0.8430555555555557,0.6701158181328557,Ridge,Ridge_1
299,SI_ref_19,CB,IBU,Lake water,0.9811931645978613,0.929818124239438,Ridge,Ridge_1
300,SI_ref_19,CB,IBU,Ground water,0.9595058090644278,0.8831257033381443,Ridge,Ridge_1
304,SI_ref_19,CB,IBU,Ground water,0.9323428884090048,0.8976912028425865,Ridge,Ridge_1
305,SI_ref_19,CB,IBU,Lake water,0.9442367850805692,0.929818124239438,Ridge,Ridge_1
320,SI_ref_19,CB,IBU,Ground water,0.9303445651202417,0.9122567023470287,Ridge,Ridge_1
326,SI_ref_19,CB,IBU,Ground water,0.9318432124429017,0.9122567023470287,Ridge,Ridge_1
329,SI_ref_19,CB,IBU,Lake water,0.9296205387839244,0.929818124239438,Ridge,Ridge_1
330,SI_ref_19,CB,IBU,Ground water,0.9174641264203113,0.8831257033381443,Ridge,Ridge_1
345,SI_ref_14,GCRB,ALA,Synthetic,0.9324051079932012,1.0075133215618204,Ridge,Ridge_1
348,SI_ref_14,GCRB,ALA,Synthetic,0.959711660682908,1.0530042031968825,Ridge,Ridge_1
374,SI_ref_14,GCRB,DIU,Synthetic,1.0082496176169822,0.8482214117495319,Ridge,Ridge_1
376,SI_ref_14,GCRB,SIM,Synthetic,0.9862955626477844,1.1421917671763693,Ridge,Ridge_1
377,SI_ref_14,GCRB,SIM,Synthetic,0.9834030650434858,1.1282933405930176,Ridge,Ridge_1
378,SI_ref_14,GCRB,SIM,Synthetic,0.9809240251187635,1.1142300346078446,Ridge,Ridge_1
379,SI_ref_14,GCRB,SIM,Synthetic,0.977408497407208,1.1000827552065702,Ridge,Ridge_1
380,SI_ref_14,GCRB,SIM,Synthetic,0.9725866254178165,1.085893097012092,Ridge,Ridge_1
381,SI_ref_14,GCRB,SIM,Synthetic,0.9707397150816074,1.077581968408098,Ridge,Ridge_1
382,SI_ref_14,GCRB,SIM,Synthetic,0.9682512913168398,1.0716821502905924,Ridge,Ridge_1
383,SI_ref_14,GCRB,SIM,Synthetic,0.9596267727831934,1.0178730291106706,Ridge,Ridge_1
393,SI_ref_14,GCRB,SIM,Synthetic,0.9681949882765674,1.0633639107457324,Ridge,Ridge_1
397,SI_ref_14,GCRB,SIM,Synthetic,0.9595581925458377,1.0633639107457324,Ridge,Ridge_1
410,SI_ref_14,GCRB-N,ALA,Synthetic,0.42098834230158483,0.5394526836894791,Ridge,Ridge_1
419,SI_ref_14,GCRB-N,ALA,Synthetic,0.3038540896584293,0.49389068015727733,Ridge,Ridge_1
428,SI_ref_14,GCRB-N,ALA,Synthetic,0.2941679236692388,0.49381980376251466,Ridge,Ridge_1
437,SI_ref_14,GCRB-N,ALA,Synthetic,0.299011006663834,0.4937491711810812,Ridge,Ridge_1
459,SI_ref_14,GCRB-N,DIU,Synthetic,0.6455190877003087,0.33461297502986875,Ridge,Ridge_1
468,SI_ref_14,GCRB-N,DIU,Synthetic,0.6564705601884918,0.33454204967031465,Ridge,Ridge_1
477,SI_ref_14,GCRB-N,DIU,Synthetic,0.6413243626564091,0.33447136846050185,Ridge,Ridge_1
480,SI_ref_14,GCRB-N,SIM,Synthetic,0.8709260833889569,0.6286402476689659,Ridge,Ridge_1
481,SI_ref_14,GCRB-N,SIM,Synthetic,0.7937886433454202,0.6147418210856144,Ridge,Ridge_1
482,SI_ref_14,GCRB-N,SIM,Synthetic,0.7230251055630271,0.6006785151004412,Ridge,Ridge_1
483,SI_ref_14,GCRB-N,SIM,Synthetic,0.6451471952322713,0.5865312356991668,Ridge,Ridge_1
484,SI_ref_14,GCRB-N,SIM,Synthetic,0.579106572580609,0.5723415775046886,Ridge,Ridge_1
485,SI_ref_14,GCRB-N,SIM,Synthetic,0.5461098630342859,0.5640304489006949,Ridge,Ridge_1
486,SI_ref_14,GCRB-N,SIM,Synthetic,0.526458395826474,0.5581306307831891,Ridge,Ridge_1
487,SI_ref_14,GCRB-N,SIM,Synthetic,0.44952651357619516,0.504321509603267,Ridge,Ridge_1
493,SI_ref_14,GCRB-N,SIM,Synthetic,0.525804086252399,0.5498123912383291,Ridge,Ridge_1
502,SI_ref_14,GCRB-N,SIM,Synthetic,0.8453757948497886,0.5497412693411895,Ridge,Ridge_1
511,SI_ref_14,GCRB-N,SIM,Synthetic,0.8584308799035202,0.5496703929464268,Ridge,Ridge_1
520,SI_ref_14,GCRB-N,SIM,Synthetic,0.8519033373766544,0.5495997603649934,Ridge,Ridge_1
540,SI_ref_19,MCB,IBU,Lake water,0.9742126323294387,0.8654679097996331,Ridge,Ridge_1
541,SI_ref_19,MCB,IBU,Ground water,0.9483485035015843,0.8187754888983394,Ridge,Ridge_1
547,SI_ref_19,MCB,IBU,Ground water,0.9263512886233829,0.8333267443014993,Ridge,Ridge_1
548,SI_ref_19,MCB,IBU,Lake water,0.9349728899053784,0.8654536656983508,Ridge,Ridge_1
565,SI_ref_19,MCB,IBU,Ground water,0.9254612605703445,0.8478637852134788,Ridge,Ridge_1
571,SI_ref_19,MCB,IBU,Ground water,0.927696260267614,0.8478495706949639,Ridge,Ridge_1
574,SI_ref_19,MCB,IBU,Lake water,0.9258585842402297,0.8654109925873732,Ridge,Ridge_1
575,SI_ref_19,MCB,IBU,Ground water,0.9173366162788351,0.8187185716860795,Ridge,Ridge_1
580,SI_ref_19,MCB,IBU,Lake water,0.974635205338439,0.8653967879024933,Ridge,Ridge_1
581,SI_ref_19,MCB,IBU,Ground water,0.95367292982704,0.8187043670011998,Ridge,Ridge_1
585,SI_ref_19,MCB,IBU,Ground water,0.925414707326754,0.8332556716408008,Ridge,Ridge_1
586,SI_ref_19,MCB,IBU,Lake water,0.9347814302861347,0.8653825930376523,Ridge,Ridge_1
595,SI_ref_19,MCB,IBU,Ground water,0.9248851497651674,0.847792810821432,Ridge,Ridge_1
601,SI_ref_19,MCB,IBU,Ground water,0.9300914246503462,0.8477786453354098,Ridge,Ridge_1
604,SI_ref_19,MCB,IBU,Lake water,0.9282701343021136,0.8653400672278191,Ridge,Ridge_1
605,SI_ref_19,MCB,IBU,Ground water,0.9160948152334054,0.8186476463265254,Ridge,Ridge_1
610,SI_ref_19,MCB,IBU,Lake water,0.9716179138912365,0.8653259115077307,Ridge,Ridge_1
611,SI_ref_19,MCB,IBU,Ground water,0.9529992532644452,0.8186334906064371,Ridge,Ridge_1
615,SI_ref_19,MCB,IBU,Ground water,0.9284499518994666,0.8331848441432685,Ridge,Ridge_1
616,SI_ref_19,MCB,IBU,Lake water,0.935069554315652,0.86531176554012,Ridge,Ridge_1
625,SI_ref_19,MCB,IBU,Ground water,0.9258221154816445,0.8477220809162355,Ridge,Ridge_1
631,SI_ref_19,MCB,IBU,Ground water,0.9296259863973036,0.847707964125597,Ridge,Ridge_1
634,SI_ref_19,MCB,IBU,Lake water,0.9271225782160609,0.8652693860180063,Ridge,Ridge_1
635,SI_ref_19,MCB,IBU,Ground water,0.9188076045934327,0.8185769651167127,Ridge,Ridge_1
640,SI_ref_18,NaOH-activated SCW biochars,DCF,Secondary effluent,0.7547018161110076,0.5123939760084202,Ridge,Ridge_1
642,SI_ref_18,NaOH-activated SCW biochars,DCF,Secondary effluent,0.6981463000238689,0.49849554942506863,Ridge,Ridge_1
644,SI_ref_18,NaOH-activated SCW biochars,DCF,Secondary effluent,0.6293744945066856,0.4844322434398956,Ridge,Ridge_1
646,SI_ref_18,NaOH-activated SCW biochars,DCF,Secondary effluent,0.588788451165352,0.47028496403862113,Ridge,Ridge_1
648,SI_ref_18,NaOH-activated SCW biochars,DCF,Secondary effluent,0.5891686823750966,0.4560953058441429,Ridge,Ridge_1
650,SI_ref_18,NaOH-activated SCW biochars,DCF,Secondary effluent,0.5849511312086796,0.4477841772401491,Ridge,Ridge_1
652,SI_ref_18,NaOH-activated SCW biochars,DCF,Secondary effluent,0.5864672759838442,0.44188435912264346,Ridge,Ridge_1
655,SI_ref_18,NaOH-activated SCW biochars,DCF,Lake water,0.28283236606156975,0.42879524577902817,Ridge,Ridge_1
657,SI_ref_18,NaOH-activated SCW biochars,DCF,Lake water,0.4098052873550469,0.4060498049614971,Ridge,Ridge_1
662,SI_ref_18,NaOH-activated SCW biochars,DCF,Secondary effluent,0.600008865661574,0.43356611957778346,Ridge,Ridge_1
668,SI_ref_18,NaOH-activated SCW biochars,DCF,Lake water,0.5638671837826676,0.42879524577902817,Ridge,Ridge_1
673,SI_ref_18,NaOH-activated SCW biochars,DCF,Lake water,0.5356816504619031,0.42879524577902817,Ridge,Ridge_1
679,SI_ref_18,NaOH-activated SCW biochars,DCF,Lake water,0.48550836273532816,0.42879524577902817,Ridge,Ridge_1
682,SI_ref_18,NaOH-activated SCW biochars,DCF,Secondary effluent,0.5965252581670849,0.43356611957778346,Ridge,Ridge_1
688,SI_ref_18,NaOH-activated SCW biochars,DCF,Lake water,0.5703611171190489,0.4515406865965592,Ridge,Ridge_1
693,SI_ref_18,NaOH-activated SCW biochars,DCF,Secondary effluent,0.6557026735074662,0.43356611957778346,Ridge,Ridge_1
694,SI_ref_18,NaOH-activated SCW biochars,DCF,Lake water,0.7297297292522416,0.42879524577902817,Ridge,Ridge_1
699,SI_ref_18,NaOH-activated SCW biochars,IBU,Secondary effluent,0.8098199350756726,0.5669313654591165,Ridge,Ridge_1
701,SI_ref_18,NaOH-activated SCW biochars,IBU,Secondary effluent,0.7485969905050348,0.5530329388757649,Ridge,Ridge_1
703,SI_ref_18,NaOH-activated SCW biochars,IBU,Secondary effluent,0.6850179499229786,0.5389696328905917,Ridge,Ridge_1
705,SI_ref_18,NaOH-activated SCW biochars,IBU,Secondary effluent,0.6861011679416551,0.5248223534893173,Ridge,Ridge_1
707,SI_ref_18,NaOH-activated SCW biochars,IBU,Secondary effluent,0.6799185617433835,0.5106326952948391,Ridge,Ridge_1
709,SI_ref_18,NaOH-activated SCW biochars,IBU,Secondary effluent,0.6765813990931481,0.5023215666908454,Ridge,Ridge_1
711,SI_ref_18,NaOH-activated SCW biochars,IBU,Secondary effluent,0.6777803451607008,0.49642174857333965,Ridge,Ridge_1
712,SI_ref_18,NaOH-activated SCW biochars,IBU,Lake water,0.10371139816269948,0.48333263522972447,Ridge,Ridge_1
714,SI_ref_18,NaOH-activated SCW biochars,IBU,Lake water,0.46656560236114836,0.48333263522972447,Ridge,Ridge_1
721,SI_ref_18,NaOH-activated SCW biochars,IBU,Secondary effluent,0.675113405421536,0.48810350902847965,Ridge,Ridge_1
730,SI_ref_18,NaOH-activated SCW biochars,IBU,Lake water,0.627404015064595,0.48333263522972447,Ridge,Ridge_1
738,SI_ref_18,NaOH-activated SCW biochars,IBU,Lake water,0.6298527247859258,0.48333263522972447,Ridge,Ridge_1
740,SI_ref_18,NaOH-activated SCW biochars,IBU,Lake water,0.5791171913994386,0.48333263522972447,Ridge,Ridge_1
747,SI_ref_18,NaOH-activated SCW biochars,IBU,Lake water,0.6846241766923425,0.5060780760472555,Ridge,Ridge_1
752,SI_ref_18,NaOH-activated SCW biochars,IBU,Secondary effluent,0.7252319435730717,0.48810350902847965,Ridge,Ridge_1
758,SI_ref_18,NaOH-activated SCW biochars,NPX,Secondary effluent,0.5521972966156422,0.2933184122340904,Ridge,Ridge_1
760,SI_ref_18,NaOH-activated SCW biochars,NPX,Secondary effluent,0.4814245289032641,0.2794199856507388,Ridge,Ridge_1
762,SI_ref_18,NaOH-activated SCW biochars,NPX,Secondary effluent,0.34455951981715066,0.26535667966556564,Ridge,Ridge_1
764,SI_ref_18,NaOH-activated SCW biochars,NPX,Secondary effluent,0.2493517679350271,0.25120940026429117,Ridge,Ridge_1
766,SI_ref_18,NaOH-activated SCW biochars,NPX,Secondary effluent,0.16764900163614713,0.23701974206981302,Ridge,Ridge_1
768,SI_ref_18,NaOH-activated SCW biochars,NPX,Secondary effluent,0.12846350911521487,0.22870861346581928,Ridge,Ridge_1
770,SI_ref_18,NaOH-activated SCW biochars,NPX,Secondary effluent,0.12873702561203082,0.22280879534831355,Ridge,Ridge_1
771,SI_ref_18,NaOH-activated SCW biochars,NPX,Lake water,0.03570310331741743,0.20971968200469837,Ridge,Ridge_1
780,SI_ref_18,NaOH-activated SCW biochars,NPX,Secondary effluent,0.11864589305153721,0.21449055580345366,Ridge,Ridge_1
781,SI_ref_18,NaOH-activated SCW biochars,NPX,Lake water,0.04234525136924403,0.20971968200469837,Ridge,Ridge_1
791,SI_ref_18,NaOH-activated SCW biochars,NPX,Lake water,0.05751855059175114,0.19515418250025618,Ridge,Ridge_1
795,SI_ref_18,NaOH-activated SCW biochars,NPX,Lake water,0.1386164882936624,0.25521056363976047,Ridge,Ridge_1
859,SI_ref_13,PB600,CBZ,Synthetic,0.4773489932885906,0.5364552106670999,Ridge,Ridge_1
892,SI_ref_13,PB600,IBU,Synthetic,0.8533052267445003,0.6001155914019916,Ridge,Ridge_1
906,SI_ref_13,PB800,CBZ,Synthetic,0.16135346756152125,0.3128713500521002,Ridge,Ridge_1
939,SI_ref_13,PB800,IBU,Synthetic,0.5875275377054737,0.376531730786992,Ridge,Ridge_1
959,SI_ref_15,PSB,CAR,Synthetic,0.898502105289309,0.8436453799565652,Ridge,Ridge_1
963,SI_ref_15,PSB,CAR,Synthetic,0.8690891098845278,0.8436453799565652,Ridge,Ridge_1
976,SI_ref_15,PSB,PYR,Synthetic,0.9599614728522631,0.9310777986415794,Ridge,Ridge_1
980,SI_ref_15,PSB,PYR,Synthetic,0.8739092070679689,0.9310777986415794,Ridge,Ridge_1
982,SI_ref_15,PSB,PYR,Synthetic,0.8750456231185068,0.9310777986415794,Ridge,Ridge_1
983,SI_ref_15,PSB,PYR,Synthetic,0.950707773566655,0.9310777986415794,Ridge,Ridge_1
1000,SI_ref_15,PSB,TEB,Synthetic,0.8714762044822667,0.9007298114192998,Ridge,Ridge_1
1001,SI_ref_15,PSB,TEB,Synthetic,0.8650362109004135,0.9007298114192998,Ridge,Ridge_1
1020,SI_ref_15,PSBOX-A,CAR,Synthetic,0.024826351018054676,0.19223057621786466,Ridge,Ridge_1
1024,SI_ref_15,PSBOX-A,CAR,Synthetic,0.013386578068051812,0.19223057621786466,Ridge,Ridge_1
1039,SI_ref_15,PSBOX-A,PYR,Synthetic,0.10520884210859399,0.27966299490287894,Ridge,Ridge_1
1041,SI_ref_15,PSBOX-A,PYR,Synthetic,0.5321591562240328,0.32515387653794103,Ridge,Ridge_1
1045,SI_ref_15,PSBOX-A,PYR,Synthetic,0.07450853175519283,0.27966299490287894,Ridge,Ridge_1
1047,SI_ref_15,PSBOX-A,PYR,Synthetic,0.07530521810797475,0.27966299490287894,Ridge,Ridge_1
1048,SI_ref_15,PSBOX-A,PYR,Synthetic,0.1335562050140622,0.27966299490287894,Ridge,Ridge_1
1065,SI_ref_15,PSBOX-A,TEB,Synthetic,0.5160089507499187,0.29480588931566143,Ridge,Ridge_1
1070,SI_ref_15,PSBOX-A,TEB,Synthetic,0.04527670142322688,0.24931500768059933,Ridge,Ridge_1
1071,SI_ref_15,PSBOX-A,TEB,Synthetic,0.04243318293660387,0.24931500768059933,Ridge,Ridge_1
1095,SI_ref_17,Pristine SCG biochar,CBZ,Synthetic,0.9071706166070994,0.7536488046126102,Ridge,Ridge_1
1104,SI_ref_17,Pristine SCG biochar,CBZ,Synthetic,0.8748284470323213,0.9312758882912882,Ridge,Ridge_1
1108,SI_ref_17,Pristine SCG biochar,CBZ,Synthetic,0.8967497590877974,0.8857850066562261,Ridge,Ridge_1
1112,SI_ref_17,Pristine SCG biochar,CBZ,Synthetic,0.8867934815653573,0.8857850066562261,Ridge,Ridge_1
1115,SI_ref_17,Pristine SCG biochar,CBZ,Synthetic,0.925161257978969,0.7536488046126102,Ridge,Ridge_1
1116,SI_ref_17,Pristine SCG biochar,EE2,Synthetic,0.9879675366998732,1.0406641216372883,Ridge,Ridge_1
1117,SI_ref_17,Pristine SCG biochar,EE2,Synthetic,0.9630524728687239,0.9085279195936725,Ridge,Ridge_1
1118,SI_ref_17,Pristine SCG biochar,EE2,Synthetic,0.9308917481943695,1.0267656950539368,Ridge,Ridge_1
1119,SI_ref_17,Pristine SCG biochar,EE2,Synthetic,0.9610835485312063,0.8946294930103209,Ridge,Ridge_1
1120,SI_ref_17,Pristine SCG biochar,EE2,Synthetic,0.8890050918282607,1.004433668677244,Ridge,Ridge_1
1121,SI_ref_17,Pristine SCG biochar,EE2,Synthetic,0.9527872619203276,0.872297466633628,Ridge,Ridge_1
1122,SI_ref_17,Pristine SCG biochar,EE2,Synthetic,0.8965951913819401,0.9902581660402024,Ridge,Ridge_1
1123,SI_ref_17,Pristine SCG biochar,EE2,Synthetic,0.9558259103687238,0.8581219639965866,Ridge,Ridge_1
1124,SI_ref_17,Pristine SCG biochar,EE2,Synthetic,0.8793895099735648,0.9819517712211929,Ridge,Ridge_1
1125,SI_ref_17,Pristine SCG biochar,EE2,Synthetic,0.9519368217180961,0.8498155691775771,Ridge,Ridge_1
1126,SI_ref_17,Pristine SCG biochar,EE2,Synthetic,0.8770554520720774,0.9760543228690173,Ridge,Ridge_1
1127,SI_ref_17,Pristine SCG biochar,EE2,Synthetic,0.9377852461427824,0.8439181208254014,Ridge,Ridge_1
1128,SI_ref_17,Pristine SCG biochar,EE2,Synthetic,0.8833014060151289,0.9701545047515115,Ridge,Ridge_1
1129,SI_ref_17,Pristine SCG biochar,EE2,Synthetic,0.9348668633411785,0.8380183027078957,Ridge,Ridge_1
1132,SI_ref_17,Pristine SCG biochar,EE2,Synthetic,0.8374361704672763,0.9618362652066517,Ridge,Ridge_1
1133,SI_ref_17,Pristine SCG biochar,EE2,Synthetic,0.8609155049620831,0.8297000631630358,Ridge,Ridge_1
1137,SI_ref_17,Pristine SCG biochar,EE2,Synthetic,0.8257334628724249,0.8297000631630358,Ridge,Ridge_1
1147,SI_ref_17,Pristine SCG biochar,EE2,Synthetic,0.8965862728271835,0.8297000631630358,Ridge,Ridge_1
1170,SI_ref_17,Pristine SCG biochar,IBU,Synthetic,0.7820004901373623,0.9185200052604978,Ridge,Ridge_1
1183,SI_ref_17,Pristine SCG biochar,IBU,Synthetic,0.9114748664800524,0.831874684851944,Ridge,Ridge_1
1184,SI_ref_17,Pristine SCG biochar,IBU,Synthetic,0.9484982246288517,1.009501768530622,Ridge,Ridge_1
1186,SI_ref_17,Pristine SCG biochar,IBU,Synthetic,0.893754721851682,0.9640108868955599,Ridge,Ridge_1
1189,SI_ref_17,Pristine SCG biochar,IBU,Synthetic,0.9210277046979152,0.831874684851944,Ridge,Ridge_1
1191,SI_ref_17,Pristine SCG biochar,IBU,Synthetic,0.9513456586569363,0.831874684851944,Ridge,Ridge_1
1192,SI_ref_17,Pristine SCG biochar,IBU,Synthetic,0.9226237248225028,0.9640108868955599,Ridge,Ridge_1
1194,SI_ref_17,Pristine SCG biochar,IBU,Synthetic,0.8857728699803085,0.9640108868955599,Ridge,Ridge_1
1199,SI_ref_18,Pristine SCW Biochar,DCF,Secondary effluent,0.918928852227115,1.0913284486790888,Ridge,Ridge_1
1201,SI_ref_18,Pristine SCW Biochar,DCF,Secondary effluent,0.9102784904019702,1.0774300220957373,Ridge,Ridge_1
1203,SI_ref_18,Pristine SCW Biochar,DCF,Secondary effluent,0.9056826438576806,1.0633667161105644,Ridge,Ridge_1
1205,SI_ref_18,Pristine SCW Biochar,DCF,Secondary effluent,0.9047459643543814,1.04921943670929,Ridge,Ridge_1
1207,SI_ref_18,Pristine SCW Biochar,DCF,Secondary effluent,0.9046272834515193,1.0350297785148115,Ridge,Ridge_1
1209,SI_ref_18,Pristine SCW Biochar,DCF,Secondary effluent,0.9011959807369067,1.0267186499108178,Ridge,Ridge_1
1211,SI_ref_18,Pristine SCW Biochar,DCF,Secondary effluent,0.9001936082465184,1.0208188317933122,Ridge,Ridge_1
1214,SI_ref_18,Pristine SCW Biochar,DCF,Lake water,0.9077130214504949,0.9849842776321659,Ridge,Ridge_1
1219,SI_ref_18,Pristine SCW Biochar,DCF,Secondary effluent,0.9048873911798646,1.0125005922484522,Ridge,Ridge_1
1225,SI_ref_18,Pristine SCW Biochar,DCF,Lake water,0.9209005359691885,1.007729718449697,Ridge,Ridge_1
1230,SI_ref_18,Pristine SCW Biochar,DCF,Lake water,0.9255037841040696,1.007729718449697,Ridge,Ridge_1
1236,SI_ref_18,Pristine SCW Biochar,DCF,Lake water,0.9092724465153025,1.007729718449697,Ridge,Ridge_1
1239,SI_ref_18,Pristine SCW Biochar,DCF,Secondary effluent,0.9186059768996898,1.0125005922484522,Ridge,Ridge_1
1245,SI_ref_18,Pristine SCW Biochar,DCF,Lake water,0.926603142736896,1.0304751592672279,Ridge,Ridge_1
1249,SI_ref_18,Pristine SCW Biochar,DCF,Secondary effluent,0.9174019043807426,1.0125005922484522,Ridge,Ridge_1
1254,SI_ref_18,Pristine SCW Biochar,IBU,Secondary effluent,0.9156726978407875,1.1458658381297853,Ridge,Ridge_1
1256,SI_ref_18,Pristine SCW Biochar,IBU,Secondary effluent,0.9079673942368781,1.1319674115464335,Ridge,Ridge_1
1258,SI_ref_18,Pristine SCW Biochar,IBU,Secondary effluent,0.9043236251446873,1.1179041055612604,Ridge,Ridge_1
1260,SI_ref_18,Pristine SCW Biochar,IBU,Secondary effluent,0.9020547983951682,1.103756826159986,Ridge,Ridge_1
1262,SI_ref_18,Pristine SCW Biochar,IBU,Secondary effluent,0.9004882379050155,1.089567167965508,Ridge,Ridge_1
1264,SI_ref_18,Pristine SCW Biochar,IBU,Secondary effluent,0.897458530238549,1.081256039361514,Ridge,Ridge_1
1266,SI_ref_18,Pristine SCW Biochar,IBU,Secondary effluent,0.8973424975849196,1.0753562212440084,Ridge,Ridge_1
1274,SI_ref_18,Pristine SCW Biochar,IBU,Secondary effluent,0.8992057856547054,1.0670379816991484,Ridge,Ridge_1
1283,SI_ref_18,Pristine SCW Biochar,IBU,Lake water,0.9158900362354069,1.0622671079003931,Ridge,Ridge_1
1291,SI_ref_18,Pristine SCW Biochar,IBU,Lake water,0.9068652159539504,1.0622671079003931,Ridge,Ridge_1
1293,SI_ref_18,Pristine SCW Biochar,IBU,Lake water,0.9067682424855283,1.0622671079003931,Ridge,Ridge_1
1300,SI_ref_18,Pristine SCW Biochar,IBU,Lake water,0.9277221749920567,1.0850125487179243,Ridge,Ridge_1
1304,SI_ref_18,Pristine SCW Biochar,IBU,Secondary effluent,0.911352956646831,1.0670379816991484,Ridge,Ridge_1
1309,SI_ref_18,Pristine SCW Biochar,NPX,Secondary effluent,0.9276600601799115,0.8722528849047592,Ridge,Ridge_1
1311,SI_ref_18,Pristine SCW Biochar,NPX,Secondary effluent,0.9217275625657669,0.8583544583214074,Ridge,Ridge_1
1313,SI_ref_18,Pristine SCW Biochar,NPX,Secondary effluent,0.9151672500810683,0.8442911523362344,Ridge,Ridge_1
1315,SI_ref_18,Pristine SCW Biochar,NPX,Secondary effluent,0.914870212237198,0.83014387293496,Ridge,Ridge_1
1317,SI_ref_18,Pristine SCW Biochar,NPX,Secondary effluent,0.9125118045566373,0.8159542147404818,Ridge,Ridge_1
1319,SI_ref_18,Pristine SCW Biochar,NPX,Secondary effluent,0.9122370962869346,0.8076430861364879,Ridge,Ridge_1
1321,SI_ref_18,Pristine SCW Biochar,NPX,Secondary effluent,0.9100475600528815,0.8017432680189823,Ridge,Ridge_1
1329,SI_ref_18,Pristine SCW Biochar,NPX,Secondary effluent,0.910898633301941,0.7934250284741223,Ridge,Ridge_1
1330,SI_ref_18,Pristine SCW Biochar,NPX,Lake water,0.9241969522882365,0.7886541546753671,Ridge,Ridge_1
1340,SI_ref_18,Pristine SCW Biochar,NPX,Lake water,0.9210401821004949,0.774088655170925,Ridge,Ridge_1
1344,SI_ref_18,Pristine SCW Biochar,NPX,Lake water,0.9309313456555985,0.8341450363104292,Ridge,Ridge_1
19,SI_ref_19,AMCB,IBU,Lake water,0.12160249298048154,0.4357688006145764,SVR,SVR_1
20,SI_ref_19,AMCB,IBU,Ground water,0.0023766372681587895,0.33902686858433795,SVR,SVR_1
26,SI_ref_19,AMCB,IBU,Ground water,0.1894672613641715,0.32767839785953584,SVR,SVR_1
27,SI_ref_19,AMCB,IBU,Lake water,0.343266669603983,0.43580956632366086,SVR,SVR_1
36,SI_ref_19,AMCB,IBU,Ground water,0.41496556078686897,0.2958410028462288,SVR,SVR_1
42,SI_ref_19,AMCB,IBU,Ground water,0.5182383095521604,0.2958621038519683,SVR,SVR_1
45,SI_ref_19,AMCB,IBU,Lake water,0.5439346954470261,0.43593180063475495,SVR,SVR_1
46,SI_ref_19,AMCB,IBU,Ground water,0.48210720700720494,0.339110590646085,SVR,SVR_1
51,SI_ref_19,AMCB,IBU,Lake water,0.0829192384873889,0.4359725244314817,SVR,SVR_1
52,SI_ref_19,AMCB,IBU,Ground water,0.003531050071646246,0.33913154042912413,SVR,SVR_1
56,SI_ref_19,AMCB,IBU,Ground water,0.17260220522445793,0.32783841672591235,SVR,SVR_1
57,SI_ref_19,AMCB,IBU,Lake water,0.2799685707152232,0.43601323772409895,SVR,SVR_1
66,SI_ref_19,AMCB,IBU,Ground water,0.4885549946229274,0.2959466087081291,SVR,SVR_1
72,SI_ref_19,AMCB,IBU,Ground water,0.5107350299703324,0.29596775993792784,SVR,SVR_1
75,SI_ref_19,AMCB,IBU,Lake water,0.539673236909249,0.4361353144747656,SVR,SVR_1
76,SI_ref_19,AMCB,IBU,Ground water,0.4945842701164504,0.3392154156272553,SVR,SVR_1
81,SI_ref_19,AMCB,IBU,Lake water,0.11734271672387758,0.43617598564872795,SVR,SVR_1
82,SI_ref_19,AMCB,IBU,Ground water,0.0,0.3392364032771622,SVR,SVR_1
86,SI_ref_19,AMCB,IBU,Ground water,0.16952726930244136,0.32799853529469475,SVR,SVR_1
87,SI_ref_19,AMCB,IBU,Lake water,0.245380335735257,0.4362166462677864,SVR,SVR_1
96,SI_ref_19,AMCB,IBU,Ground water,0.45590621693388655,0.29605246377362665,SVR,SVR_1
110,SI_ref_19,AMCB,IBU,Ground water,0.5205305455205957,0.2960736642720067,SVR,SVR_1
113,SI_ref_19,AMCB,IBU,Lake water,0.5570792394486925,0.4363385646961103,SVR,SVR_1
114,SI_ref_19,AMCB,IBU,Ground water,0.48301499525722014,0.3393204282892584,SVR,SVR_1
134,SI_ref_17,Alkali-modified SCG biochars,CBZ,Synthetic,0.00635796336582959,0.07714246137777536,SVR,SVR_1
143,SI_ref_17,Alkali-modified SCG biochars,CBZ,Synthetic,0.12158111194827703,0.15015703793576146,SVR,SVR_1
146,SI_ref_17,Alkali-modified SCG biochars,CBZ,Synthetic,0.6777397154224275,0.24508559832493276,SVR,SVR_1
150,SI_ref_17,Alkali-modified SCG biochars,CBZ,Synthetic,0.8144073973371778,0.24508559832493276,SVR,SVR_1
153,SI_ref_17,Alkali-modified SCG biochars,CBZ,Synthetic,0.5612135486607656,0.07714246137777536,SVR,SVR_1
154,SI_ref_17,Alkali-modified SCG biochars,EE2,Synthetic,0.32691906294512396,0.6914395789276835,SVR,SVR_1
155,SI_ref_17,Alkali-modified SCG biochars,EE2,Synthetic,0.281684429186895,0.397977524367752,SVR,SVR_1
156,SI_ref_17,Alkali-modified SCG biochars,EE2,Synthetic,0.2985885901242538,0.6537458870161736,SVR,SVR_1
157,SI_ref_17,Alkali-modified SCG biochars,EE2,Synthetic,0.1736546812353491,0.35489243009470767,SVR,SVR_1
158,SI_ref_17,Alkali-modified SCG biochars,EE2,Synthetic,0.08297647774499996,0.5767690350991278,SVR,SVR_1
159,SI_ref_17,Alkali-modified SCG biochars,EE2,Synthetic,0.0890939833732563,0.3027849717369065,SVR,SVR_1
160,SI_ref_17,Alkali-modified SCG biochars,EE2,Synthetic,0.12434438865468556,0.5311205266691689,SVR,SVR_1
161,SI_ref_17,Alkali-modified SCG biochars,EE2,Synthetic,0.0719303611000807,0.2915227300054074,SVR,SVR_1
162,SI_ref_17,Alkali-modified SCG biochars,EE2,Synthetic,0.050886215526030655,0.5100157942674414,SVR,SVR_1
163,SI_ref_17,Alkali-modified SCG biochars,EE2,Synthetic,0.06892444951131721,0.295292563845891,SVR,SVR_1
164,SI_ref_17,Alkali-modified SCG biochars,EE2,Synthetic,0.0402114435413677,0.49853191160083826,SVR,SVR_1
165,SI_ref_17,Alkali-modified SCG biochars,EE2,Synthetic,0.06161971981332274,0.30284777652709716,SVR,SVR_1
166,SI_ref_17,Alkali-modified SCG biochars,EE2,Synthetic,0.014122078362060976,0.49030722994736564,SVR,SVR_1
167,SI_ref_17,Alkali-modified SCG biochars,EE2,Synthetic,0.06227375203350968,0.3143487162485364,SVR,SVR_1
170,SI_ref_17,Alkali-modified SCG biochars,EE2,Synthetic,0.13791601981601773,0.4845068574457015,SVR,SVR_1
171,SI_ref_17,Alkali-modified SCG biochars,EE2,Synthetic,0.09051861058315946,0.3367239155133256,SVR,SVR_1
180,SI_ref_17,Alkali-modified SCG biochars,EE2,Synthetic,0.2279548813058391,0.3367239155133256,SVR,SVR_1
203,SI_ref_17,Alkali-modified SCG biochars,IBU,Synthetic,0.10913541523053398,0.12058411239585698,SVR,SVR_1
216,SI_ref_17,Alkali-modified SCG biochars,IBU,Synthetic,0.10107027265594352,0.11430831864196556,SVR,SVR_1
217,SI_ref_17,Alkali-modified SCG biochars,IBU,Synthetic,0.6889998443034063,0.2681555779186315,SVR,SVR_1
219,SI_ref_17,Alkali-modified SCG biochars,IBU,Synthetic,0.1184746430703935,0.3640502646930906,SVR,SVR_1
222,SI_ref_17,Alkali-modified SCG biochars,IBU,Synthetic,0.04374442489311713,0.11430831864196556,SVR,SVR_1
224,SI_ref_17,Alkali-modified SCG biochars,IBU,Synthetic,0.2945083196339574,0.11430831864196556,SVR,SVR_1
225,SI_ref_17,Alkali-modified SCG biochars,IBU,Synthetic,0.5901579894748284,0.3640502646930906,SVR,SVR_1
227,SI_ref_17,Alkali-modified SCG biochars,IBU,Synthetic,0.6910697148739985,0.3640502646930906,SVR,SVR_1
235,SI_ref_16,C-Biochar,ATE,Synthetic,0.8511111111111113,0.8043873147318973,SVR,SVR_1
237,SI_ref_16,C-Biochar,ATE,Synthetic,0.8733333333333334,0.8043873147318973,SVR,SVR_1
239,SI_ref_16,C-Biochar,ATE,Synthetic,0.6511111111111112,0.5299208002848607,SVR,SVR_1
241,SI_ref_16,C-Biochar,ATE,Synthetic,0.7774074074074075,0.8043873147318973,SVR,SVR_1
247,SI_ref_16,C-Biochar,CBZ,Synthetic,0.44146825396825395,0.5280755166249274,SVR,SVR_1
249,SI_ref_16,C-Biochar,CBZ,Synthetic,0.4430976430976431,0.5526187562618681,SVR,SVR_1
253,SI_ref_16,C-Biochar,CBZ,Synthetic,0.4044973544973545,0.5526187562618681,SVR,SVR_1
255,SI_ref_16,C-Biochar,CBZ,Synthetic,0.46792328042328046,0.499729773717317,SVR,SVR_1
257,SI_ref_16,C-Biochar,CBZ,Synthetic,0.46197089947089953,0.5813806782828648,SVR,SVR_1
273,SI_ref_16,C-Biochar,IBU,Synthetic,0.6000000000000001,0.5081778952271541,SVR,SVR_1
278,SI_ref_16,C-Biochar,IBU,Synthetic,0.8430555555555557,0.6316775203665744,SVR,SVR_1
299,SI_ref_19,CB,IBU,Lake water,0.9811931645978613,0.9342259442600472,SVR,SVR_1
300,SI_ref_19,CB,IBU,Ground water,0.9595058090644278,0.933890182407844,SVR,SVR_1
304,SI_ref_19,CB,IBU,Ground water,0.9323428884090048,0.9431593073880185,SVR,SVR_1
305,SI_ref_19,CB,IBU,Lake water,0.9442367850805692,0.9342259442600472,SVR,SVR_1
320,SI_ref_19,CB,IBU,Ground water,0.9303445651202417,0.9610745724189447,SVR,SVR_1
326,SI_ref_19,CB,IBU,Ground water,0.9318432124429017,0.9610745724189447,SVR,SVR_1
329,SI_ref_19,CB,IBU,Lake water,0.9296205387839244,0.9342259442600472,SVR,SVR_1
330,SI_ref_19,CB,IBU,Ground water,0.9174641264203113,0.933890182407844,SVR,SVR_1
345,SI_ref_14,GCRB,ALA,Synthetic,0.9324051079932012,0.960585204348078,SVR,SVR_1
348,SI_ref_14,GCRB,ALA,Synthetic,0.959711660682908,0.9599221700572897,SVR,SVR_1
374,SI_ref_14,GCRB,DIU,Synthetic,1.0082496176169822,0.9436113383638067,SVR,SVR_1
376,SI_ref_14,GCRB,SIM,Synthetic,0.9862955626477844,0.9746086011673868,SVR,SVR_1
377,SI_ref_14,GCRB,SIM,Synthetic,0.9834030650434858,0.983615584767756,SVR,SVR_1
378,SI_ref_14,GCRB,SIM,Synthetic,0.9809240251187635,0.9871035158897412,SVR,SVR_1
379,SI_ref_14,GCRB,SIM,Synthetic,0.977408497407208,0.988292336865726,SVR,SVR_1
380,SI_ref_14,GCRB,SIM,Synthetic,0.9725866254178165,0.9889379079192545,SVR,SVR_1
381,SI_ref_14,GCRB,SIM,Synthetic,0.9707397150816074,0.9888542121237689,SVR,SVR_1
382,SI_ref_14,GCRB,SIM,Synthetic,0.9682512913168398,0.9882475591314861,SVR,SVR_1
383,SI_ref_14,GCRB,SIM,Synthetic,0.9596267727831934,0.9295666199724296,SVR,SVR_1
393,SI_ref_14,GCRB,SIM,Synthetic,0.9681949882765674,0.9860556308301378,SVR,SVR_1
397,SI_ref_14,GCRB,SIM,Synthetic,0.9595581925458377,0.9860556308301378,SVR,SVR_1
410,SI_ref_14,GCRB-N,ALA,Synthetic,0.42098834230158483,0.44173519785313947,SVR,SVR_1
419,SI_ref_14,GCRB-N,ALA,Synthetic,0.3038540896584293,0.45364655252829106,SVR,SVR_1
428,SI_ref_14,GCRB-N,ALA,Synthetic,0.2941679236692388,0.4535647740344655,SVR,SVR_1
437,SI_ref_14,GCRB-N,ALA,Synthetic,0.299011006663834,0.45348396928261137,SVR,SVR_1
459,SI_ref_14,GCRB-N,DIU,Synthetic,0.6455190877003087,0.18269726847633244,SVR,SVR_1
468,SI_ref_14,GCRB-N,DIU,Synthetic,0.6564705601884918,0.18259273663929393,SVR,SVR_1
477,SI_ref_14,GCRB-N,DIU,Synthetic,0.6413243626564091,0.18248961623887683,SVR,SVR_1
480,SI_ref_14,GCRB-N,SIM,Synthetic,0.8709260833889569,0.7533531213479607,SVR,SVR_1
481,SI_ref_14,GCRB-N,SIM,Synthetic,0.7937886433454202,0.7045178757564567,SVR,SVR_1
482,SI_ref_14,GCRB-N,SIM,Synthetic,0.7230251055630271,0.6465860922486062,SVR,SVR_1
483,SI_ref_14,GCRB-N,SIM,Synthetic,0.6451471952322713,0.5895764921584028,SVR,SVR_1
484,SI_ref_14,GCRB-N,SIM,Synthetic,0.579106572580609,0.5435901867678057,SVR,SVR_1
485,SI_ref_14,GCRB-N,SIM,Synthetic,0.5461098630342859,0.5248812206595789,SVR,SVR_1
486,SI_ref_14,GCRB-N,SIM,Synthetic,0.526458395826474,0.5158738455646903,SVR,SVR_1
487,SI_ref_14,GCRB-N,SIM,Synthetic,0.44952651357619516,0.33040609364713985,SVR,SVR_1
493,SI_ref_14,GCRB-N,SIM,Synthetic,0.525804086252399,0.5093325795170762,SVR,SVR_1
502,SI_ref_14,GCRB-N,SIM,Synthetic,0.8453757948497886,0.5093071009907366,SVR,SVR_1
511,SI_ref_14,GCRB-N,SIM,Synthetic,0.8584308799035202,0.5092822115981043,SVR,SVR_1
520,SI_ref_14,GCRB-N,SIM,Synthetic,0.8519033373766544,0.5092579051665198,SVR,SVR_1
540,SI_ref_19,MCB,IBU,Lake water,0.9742126323294387,0.9393382656809883,SVR,SVR_1
541,SI_ref_19,MCB,IBU,Ground water,0.9483485035015843,0.8967574440540041,SVR,SVR_1
547,SI_ref_19,MCB,IBU,Ground water,0.9263512886233829,0.9408144837925811,SVR,SVR_1
548,SI_ref_19,MCB,IBU,Lake water,0.9349728899053784,0.9393537371526657,SVR,SVR_1
565,SI_ref_19,MCB,IBU,Ground water,0.9254612605703445,0.9453924559387035,SVR,SVR_1
571,SI_ref_19,MCB,IBU,Ground water,0.927696260267614,0.9454002500426376,SVR,SVR_1
574,SI_ref_19,MCB,IBU,Lake water,0.9258585842402297,0.9394000417844612,SVR,SVR_1
575,SI_ref_19,MCB,IBU,Ground water,0.9173366162788351,0.8967920825361577,SVR,SVR_1
580,SI_ref_19,MCB,IBU,Lake water,0.974635205338439,0.9394154401399231,SVR,SVR_1
581,SI_ref_19,MCB,IBU,Ground water,0.95367292982704,0.896800705469754,SVR,SVR_1
585,SI_ref_19,MCB,IBU,Ground water,0.925414707326754,0.940873048580912,SVR,SVR_1
586,SI_ref_19,MCB,IBU,Lake water,0.9347814302861347,0.939430820270712,SVR,SVR_1
595,SI_ref_19,MCB,IBU,Ground water,0.9248851497651674,0.9454312580265025,SVR,SVR_1
601,SI_ref_19,MCB,IBU,Ground water,0.9300914246503462,0.9454389680433969,SVR,SVR_1
604,SI_ref_19,MCB,IBU,Lake water,0.9282701343021136,0.9394768515317418,SVR,SVR_1
605,SI_ref_19,MCB,IBU,Ground water,0.9160948152334054,0.8968350510780894,SVR,SVR_1
610,SI_ref_19,MCB,IBU,Lake water,0.9716179138912365,0.93949215898038,SVR,SVR_1
611,SI_ref_19,MCB,IBU,Ground water,0.9529992532644452,0.8968436010518065,SVR,SVR_1
615,SI_ref_19,MCB,IBU,Ground water,0.9284499518994666,0.9409312430628953,SVR,SVR_1
616,SI_ref_19,MCB,IBU,Lake water,0.935069554315652,0.9395074483124608,SVR,SVR_1
625,SI_ref_19,MCB,IBU,Ground water,0.9258221154816445,0.945469640964195,SVR,SVR_1
631,SI_ref_19,MCB,IBU,Ground water,0.9296259863973036,0.9454772675353317,SVR,SVR_1
634,SI_ref_19,MCB,IBU,Lake water,0.9271225782160609,0.9395532078244512,SVR,SVR_1
635,SI_ref_19,MCB,IBU,Ground water,0.9188076045934327,0.896877655849271,SVR,SVR_1
640,SI_ref_18,NaOH-activated SCW biochars,DCF,Secondary effluent,0.7547018161110076,0.5310978928290433,SVR,SVR_1
642,SI_ref_18,NaOH-activated SCW biochars,DCF,Secondary effluent,0.6981463000238689,0.5448246494851151,SVR,SVR_1
644,SI_ref_18,NaOH-activated SCW biochars,DCF,Secondary effluent,0.6293744945066856,0.5559014618575921,SVR,SVR_1
646,SI_ref_18,NaOH-activated SCW biochars,DCF,Secondary effluent,0.588788451165352,0.5639561370770179,SVR,SVR_1
648,SI_ref_18,NaOH-activated SCW biochars,DCF,Secondary effluent,0.5891686823750966,0.5707411165761224,SVR,SVR_1
650,SI_ref_18,NaOH-activated SCW biochars,DCF,Secondary effluent,0.5849511312086796,0.5751869117961109,SVR,SVR_1
652,SI_ref_18,NaOH-activated SCW biochars,DCF,Secondary effluent,0.5864672759838442,0.5788871034645416,SVR,SVR_1
655,SI_ref_18,NaOH-activated SCW biochars,DCF,Lake water,0.28283236606156975,0.531302606103385,SVR,SVR_1
657,SI_ref_18,NaOH-activated SCW biochars,DCF,Lake water,0.4098052873550469,0.4222086331146837,SVR,SVR_1
662,SI_ref_18,NaOH-activated SCW biochars,DCF,Secondary effluent,0.600008865661574,0.5850959191170316,SVR,SVR_1
668,SI_ref_18,NaOH-activated SCW biochars,DCF,Lake water,0.5638671837826676,0.531302606103385,SVR,SVR_1
673,SI_ref_18,NaOH-activated SCW biochars,DCF,Lake water,0.5356816504619031,0.531302606103385,SVR,SVR_1
679,SI_ref_18,NaOH-activated SCW biochars,DCF,Lake water,0.48550836273532816,0.531302606103385,SVR,SVR_1
682,SI_ref_18,NaOH-activated SCW biochars,DCF,Secondary effluent,0.5965252581670849,0.5850959191170316,SVR,SVR_1
688,SI_ref_18,NaOH-activated SCW biochars,DCF,Lake water,0.5703611171190489,0.5785232173396564,SVR,SVR_1
693,SI_ref_18,NaOH-activated SCW biochars,DCF,Secondary effluent,0.6557026735074662,0.5850959191170316,SVR,SVR_1
694,SI_ref_18,NaOH-activated SCW biochars,DCF,Lake water,0.7297297292522416,0.531302606103385,SVR,SVR_1
699,SI_ref_18,NaOH-activated SCW biochars,IBU,Secondary effluent,0.8098199350756726,0.5788698585820656,SVR,SVR_1
701,SI_ref_18,NaOH-activated SCW biochars,IBU,Secondary effluent,0.7485969905050348,0.5959995201442742,SVR,SVR_1
703,SI_ref_18,NaOH-activated SCW biochars,IBU,Secondary effluent,0.6850179499229786,0.609458873368792,SVR,SVR_1
705,SI_ref_18,NaOH-activated SCW biochars,IBU,Secondary effluent,0.6861011679416551,0.6186507385640647,SVR,SVR_1
707,SI_ref_18,NaOH-activated SCW biochars,IBU,Secondary effluent,0.6799185617433835,0.6250853573142429,SVR,SVR_1
709,SI_ref_18,NaOH-activated SCW biochars,IBU,Secondary effluent,0.6765813990931481,0.6285525782968253,SVR,SVR_1
711,SI_ref_18,NaOH-activated SCW biochars,IBU,Secondary effluent,0.6777803451607008,0.6311952818231445,SVR,SVR_1
712,SI_ref_18,NaOH-activated SCW biochars,IBU,Lake water,0.10371139816269948,0.6271442363833253,SVR,SVR_1
714,SI_ref_18,NaOH-activated SCW biochars,IBU,Lake water,0.46656560236114836,0.6271442363833253,SVR,SVR_1
721,SI_ref_18,NaOH-activated SCW biochars,IBU,Secondary effluent,0.675113405421536,0.6354025154774766,SVR,SVR_1
730,SI_ref_18,NaOH-activated SCW biochars,IBU,Lake water,0.627404015064595,0.6271442363833253,SVR,SVR_1
738,SI_ref_18,NaOH-activated SCW biochars,IBU,Lake water,0.6298527247859258,0.6271442363833253,SVR,SVR_1
740,SI_ref_18,NaOH-activated SCW biochars,IBU,Lake water,0.5791171913994386,0.6271442363833253,SVR,SVR_1
747,SI_ref_18,NaOH-activated SCW biochars,IBU,Lake water,0.6846241766923425,0.687981244279233,SVR,SVR_1
752,SI_ref_18,NaOH-activated SCW biochars,IBU,Secondary effluent,0.7252319435730717,0.6354025154774766,SVR,SVR_1
758,SI_ref_18,NaOH-activated SCW biochars,NPX,Secondary effluent,0.5521972966156422,0.3061422977781894,SVR,SVR_1
760,SI_ref_18,NaOH-activated SCW biochars,NPX,Secondary effluent,0.4814245289032641,0.25580557029563794,SVR,SVR_1
762,SI_ref_18,NaOH-activated SCW biochars,NPX,Secondary effluent,0.34455951981715066,0.20048322770110838,SVR,SVR_1
764,SI_ref_18,NaOH-activated SCW biochars,NPX,Secondary effluent,0.2493517679350271,0.1478259599974583,SVR,SVR_1
766,SI_ref_18,NaOH-activated SCW biochars,NPX,Secondary effluent,0.16764900163614713,0.10845561981593754,SVR,SVR_1
768,SI_ref_18,NaOH-activated SCW biochars,NPX,Secondary effluent,0.12846350911521487,0.0958332309477885,SVR,SVR_1
770,SI_ref_18,NaOH-activated SCW biochars,NPX,Secondary effluent,0.12873702561203082,0.0926889461072844,SVR,SVR_1
771,SI_ref_18,NaOH-activated SCW biochars,NPX,Lake water,0.03570310331741743,0.06082282475681722,SVR,SVR_1
780,SI_ref_18,NaOH-activated SCW biochars,NPX,Secondary effluent,0.11864589305153721,0.09718824986135,SVR,SVR_1
781,SI_ref_18,NaOH-activated SCW biochars,NPX,Lake water,0.04234525136924403,0.06082282475681722,SVR,SVR_1
791,SI_ref_18,NaOH-activated SCW biochars,NPX,Lake water,0.05751855059175114,0.17355207804542205,SVR,SVR_1
795,SI_ref_18,NaOH-activated SCW biochars,NPX,Lake water,0.1386164882936624,0.37044809143546253,SVR,SVR_1
859,SI_ref_13,PB600,CBZ,Synthetic,0.4773489932885906,0.5886769789121641,SVR,SVR_1
892,SI_ref_13,PB600,IBU,Synthetic,0.8533052267445003,0.613354516210221,SVR,SVR_1
906,SI_ref_13,PB800,CBZ,Synthetic,0.16135346756152125,0.2154469593803195,SVR,SVR_1
939,SI_ref_13,PB800,IBU,Synthetic,0.5875275377054737,0.3452554304051488,SVR,SVR_1
959,SI_ref_15,PSB,CAR,Synthetic,0.898502105289309,0.9196638416042582,SVR,SVR_1
963,SI_ref_15,PSB,CAR,Synthetic,0.8690891098845278,0.9196638416042582,SVR,SVR_1
976,SI_ref_15,PSB,PYR,Synthetic,0.9599614728522631,0.9322249273696115,SVR,SVR_1
980,SI_ref_15,PSB,PYR,Synthetic,0.8739092070679689,0.9322249273696115,SVR,SVR_1
982,SI_ref_15,PSB,PYR,Synthetic,0.8750456231185068,0.9322249273696115,SVR,SVR_1
983,SI_ref_15,PSB,PYR,Synthetic,0.950707773566655,0.9322249273696115,SVR,SVR_1
1000,SI_ref_15,PSB,TEB,Synthetic,0.8714762044822667,0.9330456421968432,SVR,SVR_1
1001,SI_ref_15,PSB,TEB,Synthetic,0.8650362109004135,0.9330456421968432,SVR,SVR_1
1020,SI_ref_15,PSBOX-A,CAR,Synthetic,0.024826351018054676,0.04024618841138239,SVR,SVR_1
1024,SI_ref_15,PSBOX-A,CAR,Synthetic,0.013386578068051812,0.04024618841138239,SVR,SVR_1
1039,SI_ref_15,PSBOX-A,PYR,Synthetic,0.10520884210859399,0.1541115577051239,SVR,SVR_1
1041,SI_ref_15,PSBOX-A,PYR,Synthetic,0.5321591562240328,0.1252208297469351,SVR,SVR_1
1045,SI_ref_15,PSBOX-A,PYR,Synthetic,0.07450853175519283,0.1541115577051239,SVR,SVR_1
1047,SI_ref_15,PSBOX-A,PYR,Synthetic,0.07530521810797475,0.1541115577051239,SVR,SVR_1
1048,SI_ref_15,PSBOX-A,PYR,Synthetic,0.1335562050140622,0.1541115577051239,SVR,SVR_1
1065,SI_ref_15,PSBOX-A,TEB,Synthetic,0.5160089507499187,0.11182711107274379,SVR,SVR_1
1070,SI_ref_15,PSBOX-A,TEB,Synthetic,0.04527670142322688,0.09313459150347769,SVR,SVR_1
1071,SI_ref_15,PSBOX-A,TEB,Synthetic,0.04243318293660387,0.09313459150347769,SVR,SVR_1
1095,SI_ref_17,Pristine SCG biochar,CBZ,Synthetic,0.9071706166070994,0.9203278780021542,SVR,SVR_1
1104,SI_ref_17,Pristine SCG biochar,CBZ,Synthetic,0.8748284470323213,0.8376606714484055,SVR,SVR_1
1108,SI_ref_17,Pristine SCG biochar,CBZ,Synthetic,0.8967497590877974,0.8925933168817486,SVR,SVR_1
1112,SI_ref_17,Pristine SCG biochar,CBZ,Synthetic,0.8867934815653573,0.8925933168817486,SVR,SVR_1
1115,SI_ref_17,Pristine SCG biochar,CBZ,Synthetic,0.925161257978969,0.9203278780021542,SVR,SVR_1
1116,SI_ref_17,Pristine SCG biochar,EE2,Synthetic,0.9879675366998732,0.9482775506126655,SVR,SVR_1
1117,SI_ref_17,Pristine SCG biochar,EE2,Synthetic,0.9630524728687239,0.8898577629302702,SVR,SVR_1
1118,SI_ref_17,Pristine SCG biochar,EE2,Synthetic,0.9308917481943695,0.9445562100550211,SVR,SVR_1
1119,SI_ref_17,Pristine SCG biochar,EE2,Synthetic,0.9610835485312063,0.8872856995634977,SVR,SVR_1
1120,SI_ref_17,Pristine SCG biochar,EE2,Synthetic,0.8890050918282607,0.9170460308933731,SVR,SVR_1
1121,SI_ref_17,Pristine SCG biochar,EE2,Synthetic,0.9527872619203276,0.8735278299804923,SVR,SVR_1
1122,SI_ref_17,Pristine SCG biochar,EE2,Synthetic,0.8965951913819401,0.8942993399538665,SVR,SVR_1
1123,SI_ref_17,Pristine SCG biochar,EE2,Synthetic,0.9558259103687238,0.8664776976246202,SVR,SVR_1
1124,SI_ref_17,Pristine SCG biochar,EE2,Synthetic,0.8793895099735648,0.881464811071152,SVR,SVR_1
1125,SI_ref_17,Pristine SCG biochar,EE2,Synthetic,0.9519368217180961,0.8645512354651542,SVR,SVR_1
1126,SI_ref_17,Pristine SCG biochar,EE2,Synthetic,0.8770554520720774,0.8729754814809819,SVR,SVR_1
1127,SI_ref_17,Pristine SCG biochar,EE2,Synthetic,0.9377852461427824,0.8642211105289936,SVR,SVR_1
1128,SI_ref_17,Pristine SCG biochar,EE2,Synthetic,0.8833014060151289,0.8650882201569934,SVR,SVR_1
1129,SI_ref_17,Pristine SCG biochar,EE2,Synthetic,0.9348668633411785,0.8646028243986899,SVR,SVR_1
1132,SI_ref_17,Pristine SCG biochar,EE2,Synthetic,0.8374361704672763,0.8549422939655638,SVR,SVR_1
1133,SI_ref_17,Pristine SCG biochar,EE2,Synthetic,0.8609155049620831,0.8658776285290999,SVR,SVR_1
1137,SI_ref_17,Pristine SCG biochar,EE2,Synthetic,0.8257334628724249,0.8658776285290999,SVR,SVR_1
1147,SI_ref_17,Pristine SCG biochar,EE2,Synthetic,0.8965862728271835,0.8658776285290999,SVR,SVR_1
1170,SI_ref_17,Pristine SCG biochar,IBU,Synthetic,0.7820004901373623,0.8193892858858244,SVR,SVR_1
1183,SI_ref_17,Pristine SCG biochar,IBU,Synthetic,0.9114748664800524,0.9111250979212977,SVR,SVR_1
1184,SI_ref_17,Pristine SCG biochar,IBU,Synthetic,0.9484982246288517,0.8888279555038853,SVR,SVR_1
1186,SI_ref_17,Pristine SCG biochar,IBU,Synthetic,0.893754721851682,0.9104131609203336,SVR,SVR_1
1189,SI_ref_17,Pristine SCG biochar,IBU,Synthetic,0.9210277046979152,0.9111250979212977,SVR,SVR_1
1191,SI_ref_17,Pristine SCG biochar,IBU,Synthetic,0.9513456586569363,0.9111250979212977,SVR,SVR_1
1192,SI_ref_17,Pristine SCG biochar,IBU,Synthetic,0.9226237248225028,0.9104131609203336,SVR,SVR_1
1194,SI_ref_17,Pristine SCG biochar,IBU,Synthetic,0.8857728699803085,0.9104131609203336,SVR,SVR_1
1199,SI_ref_18,Pristine SCW Biochar,DCF,Secondary effluent,0.918928852227115,0.8926079313522304,SVR,SVR_1
1201,SI_ref_18,Pristine SCW Biochar,DCF,Secondary effluent,0.9102784904019702,0.9076822179410755,SVR,SVR_1
1203,SI_ref_18,Pristine SCW Biochar,DCF,Secondary effluent,0.9056826438576806,0.9156112010134492,SVR,SVR_1
1205,SI_ref_18,Pristine SCW Biochar,DCF,Secondary effluent,0.9047459643543814,0.9187476239124119,SVR,SVR_1
1207,SI_ref_18,Pristine SCW Biochar,DCF,Secondary effluent,0.9046272834515193,0.9193734205012414,SVR,SVR_1
1209,SI_ref_18,Pristine SCW Biochar,DCF,Secondary effluent,0.9011959807369067,0.9189658043023048,SVR,SVR_1
1211,SI_ref_18,Pristine SCW Biochar,DCF,Secondary effluent,0.9001936082465184,0.9182479103567531,SVR,SVR_1
1214,SI_ref_18,Pristine SCW Biochar,DCF,Lake water,0.9077130214504949,0.9222623215856458,SVR,SVR_1
1219,SI_ref_18,Pristine SCW Biochar,DCF,Secondary effluent,0.9048873911798646,0.9163411142627546,SVR,SVR_1
1225,SI_ref_18,Pristine SCW Biochar,DCF,Lake water,0.9209005359691885,0.927547056368313,SVR,SVR_1
1230,SI_ref_18,Pristine SCW Biochar,DCF,Lake water,0.9255037841040696,0.927547056368313,SVR,SVR_1
1236,SI_ref_18,Pristine SCW Biochar,DCF,Lake water,0.9092724465153025,0.927547056368313,SVR,SVR_1
1239,SI_ref_18,Pristine SCW Biochar,DCF,Secondary effluent,0.9186059768996898,0.9163411142627546,SVR,SVR_1
1245,SI_ref_18,Pristine SCW Biochar,DCF,Lake water,0.926603142736896,0.9318963896865176,SVR,SVR_1
1249,SI_ref_18,Pristine SCW Biochar,DCF,Secondary effluent,0.9174019043807426,0.9163411142627546,SVR,SVR_1
1254,SI_ref_18,Pristine SCW Biochar,IBU,Secondary effluent,0.9156726978407875,0.8873816868888764,SVR,SVR_1
1256,SI_ref_18,Pristine SCW Biochar,IBU,Secondary effluent,0.9079673942368781,0.8981170174340984,SVR,SVR_1
1258,SI_ref_18,Pristine SCW Biochar,IBU,Secondary effluent,0.9043236251446873,0.9021900604948108,SVR,SVR_1
1260,SI_ref_18,Pristine SCW Biochar,IBU,Secondary effluent,0.9020547983951682,0.9025739722983117,SVR,SVR_1
1262,SI_ref_18,Pristine SCW Biochar,IBU,Secondary effluent,0.9004882379050155,0.9019275160876592,SVR,SVR_1
1264,SI_ref_18,Pristine SCW Biochar,IBU,Secondary effluent,0.897458530238549,0.9014984480216999,SVR,SVR_1
1266,SI_ref_18,Pristine SCW Biochar,IBU,Secondary effluent,0.8973424975849196,0.9010688055172404,SVR,SVR_1
1274,SI_ref_18,Pristine SCW Biochar,IBU,Secondary effluent,0.8992057856547054,0.8999472884613798,SVR,SVR_1
1283,SI_ref_18,Pristine SCW Biochar,IBU,Lake water,0.9158900362354069,0.9228224219828991,SVR,SVR_1
1291,SI_ref_18,Pristine SCW Biochar,IBU,Lake water,0.9068652159539504,0.9228224219828991,SVR,SVR_1
1293,SI_ref_18,Pristine SCW Biochar,IBU,Lake water,0.9067682424855283,0.9228224219828991,SVR,SVR_1
1300,SI_ref_18,Pristine SCW Biochar,IBU,Lake water,0.9277221749920567,0.9423826330014908,SVR,SVR_1
1304,SI_ref_18,Pristine SCW Biochar,IBU,Secondary effluent,0.911352956646831,0.8999472884613798,SVR,SVR_1
1309,SI_ref_18,Pristine SCW Biochar,NPX,Secondary effluent,0.9276600601799115,0.8872578885149939,SVR,SVR_1
1311,SI_ref_18,Pristine SCW Biochar,NPX,Secondary effluent,0.9217275625657669,0.8993977001500557,SVR,SVR_1
1313,SI_ref_18,Pristine SCW Biochar,NPX,Secondary effluent,0.9151672500810683,0.9039732508821854,SVR,SVR_1
1315,SI_ref_18,Pristine SCW Biochar,NPX,Secondary effluent,0.914870212237198,0.9038359598151313,SVR,SVR_1
1317,SI_ref_18,Pristine SCW Biochar,NPX,Secondary effluent,0.9125118045566373,0.9018597420923666,SVR,SVR_1
1319,SI_ref_18,Pristine SCW Biochar,NPX,Secondary effluent,0.9122370962869346,0.9004543999926717,SVR,SVR_1
1321,SI_ref_18,Pristine SCW Biochar,NPX,Secondary effluent,0.9100475600528815,0.8993157791502804,SVR,SVR_1
1329,SI_ref_18,Pristine SCW Biochar,NPX,Secondary effluent,0.910898633301941,0.8972494822509285,SVR,SVR_1
1330,SI_ref_18,Pristine SCW Biochar,NPX,Lake water,0.9241969522882365,0.9055391136741668,SVR,SVR_1
1340,SI_ref_18,Pristine SCW Biochar,NPX,Lake water,0.9210401821004949,0.8833693766290345,SVR,SVR_1
1344,SI_ref_18,Pristine SCW Biochar,NPX,Lake water,0.9309313456555985,0.9090808312959389,SVR,SVR_1
19,SI_ref_19,AMCB,IBU,Lake water,0.12160249298048154,0.37938849328585533,SplineRidge,SplineRidge_2
20,SI_ref_19,AMCB,IBU,Ground water,0.0023766372681587895,0.31189887097057073,SplineRidge,SplineRidge_2
26,SI_ref_19,AMCB,IBU,Ground water,0.1894672613641715,0.3337429633666361,SplineRidge,SplineRidge_2
27,SI_ref_19,AMCB,IBU,Lake water,0.343266669603983,0.3794371453907791,SplineRidge,SplineRidge_2
36,SI_ref_19,AMCB,IBU,Ground water,0.41496556078686897,0.3387394820057933,SplineRidge,SplineRidge_2
42,SI_ref_19,AMCB,IBU,Ground water,0.5182383095521604,0.33878817629217595,SplineRidge,SplineRidge_2
45,SI_ref_19,AMCB,IBU,Lake water,0.5439346954470261,0.3795831861736825,SplineRidge,SplineRidge_2
46,SI_ref_19,AMCB,IBU,Ground water,0.48210720700720494,0.31209356385839787,SplineRidge,SplineRidge_2
51,SI_ref_19,AMCB,IBU,Lake water,0.0829192384873889,0.3796318944155954,SplineRidge,SplineRidge_2
52,SI_ref_19,AMCB,IBU,Ground water,0.003531050071646246,0.31214227210031087,SplineRidge,SplineRidge_2
56,SI_ref_19,AMCB,IBU,Ground water,0.17260220522445793,0.33398643453667515,SplineRidge,SplineRidge_2
57,SI_ref_19,AMCB,IBU,Lake water,0.2799685707152232,0.3796806165608182,SplineRidge,SplineRidge_2
66,SI_ref_19,AMCB,IBU,Ground water,0.4885549946229274,0.3389830924715728,SplineRidge,SplineRidge_2
72,SI_ref_19,AMCB,IBU,Ground water,0.5107350299703324,0.33903185601493663,SplineRidge,SplineRidge_2
75,SI_ref_19,AMCB,IBU,Lake water,0.539673236909249,0.3798268658964431,SplineRidge,SplineRidge_2
76,SI_ref_19,AMCB,IBU,Ground water,0.4945842701164504,0.31233724358115855,SplineRidge,SplineRidge_2
81,SI_ref_19,AMCB,IBU,Lake water,0.11734271672387758,0.3798756431357666,SplineRidge,SplineRidge_2
82,SI_ref_19,AMCB,IBU,Ground water,0.0,0.31238602082048206,SplineRidge,SplineRidge_2
86,SI_ref_19,AMCB,IBU,Ground water,0.16952726930244136,0.3342302519954497,SplineRidge,SplineRidge_2
87,SI_ref_19,AMCB,IBU,Lake water,0.245380335735257,0.37992443401959275,SplineRidge,SplineRidge_2
96,SI_ref_19,AMCB,IBU,Ground water,0.45590621693388655,0.33922704663417286,SplineRidge,SplineRidge_2
110,SI_ref_19,AMCB,IBU,Ground water,0.5205305455205957,0.3392758781442728,SplineRidge,SplineRidge_2
113,SI_ref_19,AMCB,IBU,Lake water,0.5570792394486925,0.38007088802577926,SplineRidge,SplineRidge_2
114,SI_ref_19,AMCB,IBU,Ground water,0.48301499525722014,0.3125812657104947,SplineRidge,SplineRidge_2
134,SI_ref_17,Alkali-modified SCG biochars,CBZ,Synthetic,0.00635796336582959,0.17615324970172452,SplineRidge,SplineRidge_2
143,SI_ref_17,Alkali-modified SCG biochars,CBZ,Synthetic,0.12158111194827703,0.30464313848590135,SplineRidge,SplineRidge_2
146,SI_ref_17,Alkali-modified SCG biochars,CBZ,Synthetic,0.6777397154224275,0.2836114351147546,SplineRidge,SplineRidge_2
150,SI_ref_17,Alkali-modified SCG biochars,CBZ,Synthetic,0.8144073973371778,0.2836114351147546,SplineRidge,SplineRidge_2
153,SI_ref_17,Alkali-modified SCG biochars,CBZ,Synthetic,0.5612135486607656,0.17615324970172452,SplineRidge,SplineRidge_2
154,SI_ref_17,Alkali-modified SCG biochars,EE2,Synthetic,0.32691906294512396,0.4374457389675185,SplineRidge,SplineRidge_2
155,SI_ref_17,Alkali-modified SCG biochars,EE2,Synthetic,0.281684429186895,0.32998755355448844,SplineRidge,SplineRidge_2
156,SI_ref_17,Alkali-modified SCG biochars,EE2,Synthetic,0.2985885901242538,0.4082981041045599,SplineRidge,SplineRidge_2
157,SI_ref_17,Alkali-modified SCG biochars,EE2,Synthetic,0.1736546812353491,0.3008399186915298,SplineRidge,SplineRidge_2
158,SI_ref_17,Alkali-modified SCG biochars,EE2,Synthetic,0.08297647774499996,0.35449487543161745,SplineRidge,SplineRidge_2
159,SI_ref_17,Alkali-modified SCG biochars,EE2,Synthetic,0.0890939833732563,0.24703669001858736,SplineRidge,SplineRidge_2
160,SI_ref_17,Alkali-modified SCG biochars,EE2,Synthetic,0.12434438865468556,0.3276170340818855,SplineRidge,SplineRidge_2
161,SI_ref_17,Alkali-modified SCG biochars,EE2,Synthetic,0.0719303611000807,0.22015884866885543,SplineRidge,SplineRidge_2
162,SI_ref_17,Alkali-modified SCG biochars,EE2,Synthetic,0.050886215526030655,0.3159232304313407,SplineRidge,SplineRidge_2
163,SI_ref_17,Alkali-modified SCG biochars,EE2,Synthetic,0.06892444951131721,0.2084650450183106,SplineRidge,SplineRidge_2
164,SI_ref_17,Alkali-modified SCG biochars,EE2,Synthetic,0.0402114435413677,0.312191189116039,SplineRidge,SplineRidge_2
165,SI_ref_17,Alkali-modified SCG biochars,EE2,Synthetic,0.06161971981332274,0.2047330037030089,SplineRidge,SplineRidge_2
166,SI_ref_17,Alkali-modified SCG biochars,EE2,Synthetic,0.014122078362060976,0.316640940927061,SplineRidge,SplineRidge_2
167,SI_ref_17,Alkali-modified SCG biochars,EE2,Synthetic,0.06227375203350968,0.20918275551403093,SplineRidge,SplineRidge_2
170,SI_ref_17,Alkali-modified SCG biochars,EE2,Synthetic,0.13791601981601773,0.3368726505495125,SplineRidge,SplineRidge_2
171,SI_ref_17,Alkali-modified SCG biochars,EE2,Synthetic,0.09051861058315946,0.2294144651364824,SplineRidge,SplineRidge_2
180,SI_ref_17,Alkali-modified SCG biochars,EE2,Synthetic,0.2279548813058391,0.2294144651364824,SplineRidge,SplineRidge_2
203,SI_ref_17,Alkali-modified SCG biochars,IBU,Synthetic,0.10913541523053398,0.30752748847597017,SplineRidge,SplineRidge_2
216,SI_ref_17,Alkali-modified SCG biochars,IBU,Synthetic,0.10107027265594352,0.25297560022344845,SplineRidge,SplineRidge_2
217,SI_ref_17,Alkali-modified SCG biochars,IBU,Synthetic,0.6889998443034063,0.3814654890076253,SplineRidge,SplineRidge_2
219,SI_ref_17,Alkali-modified SCG biochars,IBU,Synthetic,0.1184746430703935,0.36043378563647854,SplineRidge,SplineRidge_2
222,SI_ref_17,Alkali-modified SCG biochars,IBU,Synthetic,0.04374442489311713,0.25297560022344845,SplineRidge,SplineRidge_2
224,SI_ref_17,Alkali-modified SCG biochars,IBU,Synthetic,0.2945083196339574,0.25297560022344845,SplineRidge,SplineRidge_2
225,SI_ref_17,Alkali-modified SCG biochars,IBU,Synthetic,0.5901579894748284,0.36043378563647854,SplineRidge,SplineRidge_2
227,SI_ref_17,Alkali-modified SCG biochars,IBU,Synthetic,0.6910697148739985,0.36043378563647854,SplineRidge,SplineRidge_2
235,SI_ref_16,C-Biochar,ATE,Synthetic,0.8511111111111113,0.7878276956459266,SplineRidge,SplineRidge_2
237,SI_ref_16,C-Biochar,ATE,Synthetic,0.8733333333333334,0.7878276956459266,SplineRidge,SplineRidge_2
239,SI_ref_16,C-Biochar,ATE,Synthetic,0.6511111111111112,0.7841817852068727,SplineRidge,SplineRidge_2
241,SI_ref_16,C-Biochar,ATE,Synthetic,0.7774074074074075,0.7878276956459266,SplineRidge,SplineRidge_2
247,SI_ref_16,C-Biochar,CBZ,Synthetic,0.44146825396825395,0.5339133372049953,SplineRidge,SplineRidge_2
249,SI_ref_16,C-Biochar,CBZ,Synthetic,0.4430976430976431,0.5856192155957847,SplineRidge,SplineRidge_2
253,SI_ref_16,C-Biochar,CBZ,Synthetic,0.4044973544973545,0.5856192155957847,SplineRidge,SplineRidge_2
255,SI_ref_16,C-Biochar,CBZ,Synthetic,0.46792328042328046,0.5638237753046431,SplineRidge,SplineRidge_2
257,SI_ref_16,C-Biochar,CBZ,Synthetic,0.46197089947089953,0.6353376963388124,SplineRidge,SplineRidge_2
273,SI_ref_16,C-Biochar,IBU,Synthetic,0.6000000000000001,0.6587956556784547,SplineRidge,SplineRidge_2
278,SI_ref_16,C-Biochar,IBU,Synthetic,0.8430555555555557,0.6624415661175086,SplineRidge,SplineRidge_2
299,SI_ref_19,CB,IBU,Lake water,0.9811931645978613,0.9524208411615736,SplineRidge,SplineRidge_2
300,SI_ref_19,CB,IBU,Ground water,0.9595058090644278,0.8849312188462889,SplineRidge,SplineRidge_2
304,SI_ref_19,CB,IBU,Ground water,0.9323428884090048,0.9067266591374304,SplineRidge,SplineRidge_2
305,SI_ref_19,CB,IBU,Lake water,0.9442367850805692,0.9524208411615736,SplineRidge,SplineRidge_2
320,SI_ref_19,CB,IBU,Ground water,0.9303445651202417,0.9116258312800669,SplineRidge,SplineRidge_2
326,SI_ref_19,CB,IBU,Ground water,0.9318432124429017,0.9116258312800669,SplineRidge,SplineRidge_2
329,SI_ref_19,CB,IBU,Lake water,0.9296205387839244,0.9524208411615736,SplineRidge,SplineRidge_2
330,SI_ref_19,CB,IBU,Ground water,0.9174641264203113,0.8849312188462889,SplineRidge,SplineRidge_2
345,SI_ref_14,GCRB,ALA,Synthetic,0.9324051079932012,1.0065524742490564,SplineRidge,SplineRidge_2
348,SI_ref_14,GCRB,ALA,Synthetic,0.959711660682908,1.027584177620203,SplineRidge,SplineRidge_2
374,SI_ref_14,GCRB,DIU,Synthetic,1.0082496176169822,0.8457486061902804,SplineRidge,SplineRidge_2
376,SI_ref_14,GCRB,SIM,Synthetic,0.9862955626477844,1.1604559291388576,SplineRidge,SplineRidge_2
377,SI_ref_14,GCRB,SIM,Synthetic,0.9834030650434858,1.131308294275899,SplineRidge,SplineRidge_2
378,SI_ref_14,GCRB,SIM,Synthetic,0.9809240251187635,1.0962783209761853,SplineRidge,SplineRidge_2
379,SI_ref_14,GCRB,SIM,Synthetic,0.977408497407208,1.0653393011955976,SplineRidge,SplineRidge_2
380,SI_ref_14,GCRB,SIM,Synthetic,0.9725866254178165,1.0420184129982792,SplineRidge,SplineRidge_2
381,SI_ref_14,GCRB,SIM,Synthetic,0.9707397150816074,1.0352013792873778,SplineRidge,SplineRidge_2
382,SI_ref_14,GCRB,SIM,Synthetic,0.9682512913168398,1.0396511310983998,SplineRidge,SplineRidge_2
383,SI_ref_14,GCRB,SIM,Synthetic,0.9596267727831934,1.0069765435603428,SplineRidge,SplineRidge_2
393,SI_ref_14,GCRB,SIM,Synthetic,0.9681949882765674,1.0598828407208514,SplineRidge,SplineRidge_2
397,SI_ref_14,GCRB,SIM,Synthetic,0.9595581925458377,1.0598828407208514,SplineRidge,SplineRidge_2
410,SI_ref_14,GCRB-N,ALA,Synthetic,0.42098834230158483,0.5229311943294838,SplineRidge,SplineRidge_2
419,SI_ref_14,GCRB-N,ALA,Synthetic,0.3038540896584293,0.5021428920880772,SplineRidge,SplineRidge_2
428,SI_ref_14,GCRB-N,ALA,Synthetic,0.2941679236692388,0.5023866408082484,SplineRidge,SplineRidge_2
437,SI_ref_14,GCRB-N,ALA,Synthetic,0.299011006663834,0.5026307306485411,SplineRidge,SplineRidge_2
459,SI_ref_14,GCRB-N,DIU,Synthetic,0.6455190877003087,0.3412903157873883,SplineRidge,SplineRidge_2
468,SI_ref_14,GCRB-N,DIU,Synthetic,0.6564705601884918,0.34153399551014896,SplineRidge,SplineRidge_2
477,SI_ref_14,GCRB-N,DIU,Synthetic,0.6413243626564091,0.3417780176394851,SplineRidge,SplineRidge_2
480,SI_ref_14,GCRB-N,SIM,Synthetic,0.8709260833889569,0.6558029458481381,SplineRidge,SplineRidge_2
481,SI_ref_14,GCRB-N,SIM,Synthetic,0.7937886433454202,0.6266553109851795,SplineRidge,SplineRidge_2
482,SI_ref_14,GCRB-N,SIM,Synthetic,0.7230251055630271,0.5916253376854661,SplineRidge,SplineRidge_2
483,SI_ref_14,GCRB-N,SIM,Synthetic,0.6451471952322713,0.5606863179048782,SplineRidge,SplineRidge_2
484,SI_ref_14,GCRB-N,SIM,Synthetic,0.579106572580609,0.5373654297075601,SplineRidge,SplineRidge_2
485,SI_ref_14,GCRB-N,SIM,Synthetic,0.5461098630342859,0.5305483959966586,SplineRidge,SplineRidge_2
486,SI_ref_14,GCRB-N,SIM,Synthetic,0.526458395826474,0.5349981478076806,SplineRidge,SplineRidge_2
487,SI_ref_14,GCRB-N,SIM,Synthetic,0.44952651357619516,0.5023235602696238,SplineRidge,SplineRidge_2
493,SI_ref_14,GCRB-N,SIM,Synthetic,0.525804086252399,0.5552298574301321,SplineRidge,SplineRidge_2
502,SI_ref_14,GCRB-N,SIM,Synthetic,0.8453757948497886,0.5554732585598722,SplineRidge,SplineRidge_2
511,SI_ref_14,GCRB-N,SIM,Synthetic,0.8584308799035202,0.5557170072800434,SplineRidge,SplineRidge_2
520,SI_ref_14,GCRB-N,SIM,Synthetic,0.8519033373766544,0.5559610971203363,SplineRidge,SplineRidge_2
540,SI_ref_19,MCB,IBU,Lake water,0.9742126323294387,0.9476210855789754,SplineRidge,SplineRidge_2
541,SI_ref_19,MCB,IBU,Ground water,0.9483485035015843,0.8801314632636908,SplineRidge,SplineRidge_2
547,SI_ref_19,MCB,IBU,Ground water,0.9263512886233829,0.9019755556597562,SplineRidge,SplineRidge_2
548,SI_ref_19,MCB,IBU,Lake water,0.9349728899053784,0.9476697376838992,SplineRidge,SplineRidge_2
565,SI_ref_19,MCB,IBU,Ground water,0.9254612605703445,0.9069720742989134,SplineRidge,SplineRidge_2
571,SI_ref_19,MCB,IBU,Ground water,0.927696260267614,0.907020768585296,SplineRidge,SplineRidge_2
574,SI_ref_19,MCB,IBU,Lake water,0.9258585842402297,0.9478157784668025,SplineRidge,SplineRidge_2
575,SI_ref_19,MCB,IBU,Ground water,0.9173366162788351,0.880326156151518,SplineRidge,SplineRidge_2
580,SI_ref_19,MCB,IBU,Lake water,0.974635205338439,0.9478644867087156,SplineRidge,SplineRidge_2
581,SI_ref_19,MCB,IBU,Ground water,0.95367292982704,0.880374864393431,SplineRidge,SplineRidge_2
585,SI_ref_19,MCB,IBU,Ground water,0.925414707326754,0.9022190268297952,SplineRidge,SplineRidge_2
586,SI_ref_19,MCB,IBU,Lake water,0.9347814302861347,0.9479132088539383,SplineRidge,SplineRidge_2
595,SI_ref_19,MCB,IBU,Ground water,0.9248851497651674,0.9072156847646928,SplineRidge,SplineRidge_2
601,SI_ref_19,MCB,IBU,Ground water,0.9300914246503462,0.9072644483080567,SplineRidge,SplineRidge_2
604,SI_ref_19,MCB,IBU,Lake water,0.9282701343021136,0.9480594581895632,SplineRidge,SplineRidge_2
605,SI_ref_19,MCB,IBU,Ground water,0.9160948152334054,0.8805698358742786,SplineRidge,SplineRidge_2
610,SI_ref_19,MCB,IBU,Lake water,0.9716179138912365,0.9481082354288868,SplineRidge,SplineRidge_2
611,SI_ref_19,MCB,IBU,Ground water,0.9529992532644452,0.8806186131136022,SplineRidge,SplineRidge_2
615,SI_ref_19,MCB,IBU,Ground water,0.9284499518994666,0.9024628442885698,SplineRidge,SplineRidge_2
616,SI_ref_19,MCB,IBU,Lake water,0.935069554315652,0.9481570263127128,SplineRidge,SplineRidge_2
625,SI_ref_19,MCB,IBU,Ground water,0.9258221154816445,0.9074596389272929,SplineRidge,SplineRidge_2
631,SI_ref_19,MCB,IBU,Ground water,0.9296259863973036,0.9075084704373928,SplineRidge,SplineRidge_2
634,SI_ref_19,MCB,IBU,Lake water,0.9271225782160609,0.9483034803188994,SplineRidge,SplineRidge_2
635,SI_ref_19,MCB,IBU,Ground water,0.9188076045934327,0.8808138580036149,SplineRidge,SplineRidge_2
640,SI_ref_18,NaOH-activated SCW biochars,DCF,Secondary effluent,0.7547018161110076,0.5999735779890242,SplineRidge,SplineRidge_2
642,SI_ref_18,NaOH-activated SCW biochars,DCF,Secondary effluent,0.6981463000238689,0.5708259431260654,SplineRidge,SplineRidge_2
644,SI_ref_18,NaOH-activated SCW biochars,DCF,Secondary effluent,0.6293744945066856,0.5357959698263521,SplineRidge,SplineRidge_2
646,SI_ref_18,NaOH-activated SCW biochars,DCF,Secondary effluent,0.588788451165352,0.5048569500457641,SplineRidge,SplineRidge_2
648,SI_ref_18,NaOH-activated SCW biochars,DCF,Secondary effluent,0.5891686823750966,0.481536061848446,SplineRidge,SplineRidge_2
650,SI_ref_18,NaOH-activated SCW biochars,DCF,Secondary effluent,0.5849511312086796,0.47471902813754446,SplineRidge,SplineRidge_2
652,SI_ref_18,NaOH-activated SCW biochars,DCF,Secondary effluent,0.5864672759838442,0.4791687799485665,SplineRidge,SplineRidge_2
655,SI_ref_18,NaOH-activated SCW biochars,DCF,Lake water,0.28283236606156975,0.484763516361044,SplineRidge,SplineRidge_2
657,SI_ref_18,NaOH-activated SCW biochars,DCF,Lake water,0.4098052873550469,0.43305763797025465,SplineRidge,SplineRidge_2
662,SI_ref_18,NaOH-activated SCW biochars,DCF,Secondary effluent,0.600008865661574,0.49940048957101796,SplineRidge,SplineRidge_2
668,SI_ref_18,NaOH-activated SCW biochars,DCF,Lake water,0.5638671837826676,0.484763516361044,SplineRidge,SplineRidge_2
673,SI_ref_18,NaOH-activated SCW biochars,DCF,Lake water,0.5356816504619031,0.484763516361044,SplineRidge,SplineRidge_2
679,SI_ref_18,NaOH-activated SCW biochars,DCF,Lake water,0.48550836273532816,0.484763516361044,SplineRidge,SplineRidge_2
682,SI_ref_18,NaOH-activated SCW biochars,DCF,Secondary effluent,0.5965252581670849,0.49940048957101796,SplineRidge,SplineRidge_2
688,SI_ref_18,NaOH-activated SCW biochars,DCF,Lake water,0.5703611171190489,0.5344819971040717,SplineRidge,SplineRidge_2
693,SI_ref_18,NaOH-activated SCW biochars,DCF,Secondary effluent,0.6557026735074662,0.49940048957101796,SplineRidge,SplineRidge_2
694,SI_ref_18,NaOH-activated SCW biochars,DCF,Lake water,0.7297297292522416,0.484763516361044,SplineRidge,SplineRidge_2
699,SI_ref_18,NaOH-activated SCW biochars,IBU,Secondary effluent,0.8098199350756726,0.6419631209987084,SplineRidge,SplineRidge_2
701,SI_ref_18,NaOH-activated SCW biochars,IBU,Secondary effluent,0.7485969905050348,0.6128154861357498,SplineRidge,SplineRidge_2
703,SI_ref_18,NaOH-activated SCW biochars,IBU,Secondary effluent,0.6850179499229786,0.5777855128360364,SplineRidge,SplineRidge_2
705,SI_ref_18,NaOH-activated SCW biochars,IBU,Secondary effluent,0.6861011679416551,0.5468464930554484,SplineRidge,SplineRidge_2
707,SI_ref_18,NaOH-activated SCW biochars,IBU,Secondary effluent,0.6799185617433835,0.5235256048581303,SplineRidge,SplineRidge_2
709,SI_ref_18,NaOH-activated SCW biochars,IBU,Secondary effluent,0.6765813990931481,0.5167085711472287,SplineRidge,SplineRidge_2
711,SI_ref_18,NaOH-activated SCW biochars,IBU,Secondary effluent,0.6777803451607008,0.5211583229582508,SplineRidge,SplineRidge_2
712,SI_ref_18,NaOH-activated SCW biochars,IBU,Lake water,0.10371139816269948,0.5267530593707282,SplineRidge,SplineRidge_2
714,SI_ref_18,NaOH-activated SCW biochars,IBU,Lake water,0.46656560236114836,0.5267530593707282,SplineRidge,SplineRidge_2
721,SI_ref_18,NaOH-activated SCW biochars,IBU,Secondary effluent,0.675113405421536,0.5413900325807023,SplineRidge,SplineRidge_2
730,SI_ref_18,NaOH-activated SCW biochars,IBU,Lake water,0.627404015064595,0.5267530593707282,SplineRidge,SplineRidge_2
738,SI_ref_18,NaOH-activated SCW biochars,IBU,Lake water,0.6298527247859258,0.5267530593707282,SplineRidge,SplineRidge_2
740,SI_ref_18,NaOH-activated SCW biochars,IBU,Lake water,0.5791171913994386,0.5267530593707282,SplineRidge,SplineRidge_2
747,SI_ref_18,NaOH-activated SCW biochars,IBU,Lake water,0.6846241766923425,0.576471540113756,SplineRidge,SplineRidge_2
752,SI_ref_18,NaOH-activated SCW biochars,IBU,Secondary effluent,0.7252319435730717,0.5413900325807023,SplineRidge,SplineRidge_2
758,SI_ref_18,NaOH-activated SCW biochars,NPX,Secondary effluent,0.5521972966156422,0.37542432387267677,SplineRidge,SplineRidge_2
760,SI_ref_18,NaOH-activated SCW biochars,NPX,Secondary effluent,0.4814245289032641,0.3462766890097181,SplineRidge,SplineRidge_2
762,SI_ref_18,NaOH-activated SCW biochars,NPX,Secondary effluent,0.34455951981715066,0.3112467157100047,SplineRidge,SplineRidge_2
764,SI_ref_18,NaOH-activated SCW biochars,NPX,Secondary effluent,0.2493517679350271,0.2803076959294168,SplineRidge,SplineRidge_2
766,SI_ref_18,NaOH-activated SCW biochars,NPX,Secondary effluent,0.16764900163614713,0.2569868077320986,SplineRidge,SplineRidge_2
768,SI_ref_18,NaOH-activated SCW biochars,NPX,Secondary effluent,0.12846350911521487,0.25016977402119706,SplineRidge,SplineRidge_2
770,SI_ref_18,NaOH-activated SCW biochars,NPX,Secondary effluent,0.12873702561203082,0.2546195258322191,SplineRidge,SplineRidge_2
771,SI_ref_18,NaOH-activated SCW biochars,NPX,Lake water,0.03570310331741743,0.2602142622446965,SplineRidge,SplineRidge_2
780,SI_ref_18,NaOH-activated SCW biochars,NPX,Secondary effluent,0.11864589305153721,0.27485123545467055,SplineRidge,SplineRidge_2
781,SI_ref_18,NaOH-activated SCW biochars,NPX,Lake water,0.04234525136924403,0.2602142622446965,SplineRidge,SplineRidge_2
791,SI_ref_18,NaOH-activated SCW biochars,NPX,Lake water,0.05751855059175114,0.23841882195355502,SplineRidge,SplineRidge_2
795,SI_ref_18,NaOH-activated SCW biochars,NPX,Lake water,0.1386164882936624,0.28124596561584336,SplineRidge,SplineRidge_2
859,SI_ref_13,PB600,CBZ,Synthetic,0.4773489932885906,0.49112719077496536,SplineRidge,SplineRidge_2
892,SI_ref_13,PB600,IBU,Synthetic,0.8533052267445003,0.5630503691540528,SplineRidge,SplineRidge_2
906,SI_ref_13,PB800,CBZ,Synthetic,0.16135346756152125,0.25196629994197817,SplineRidge,SplineRidge_2
939,SI_ref_13,PB800,IBU,Synthetic,0.5875275377054737,0.3238894783210655,SplineRidge,SplineRidge_2
959,SI_ref_15,PSB,CAR,Synthetic,0.898502105289309,0.872395425262408,SplineRidge,SplineRidge_2
963,SI_ref_15,PSB,CAR,Synthetic,0.8690891098845278,0.872395425262408,SplineRidge,SplineRidge_2
976,SI_ref_15,PSB,PYR,Synthetic,0.9599614728522631,0.9647388673746531,SplineRidge,SplineRidge_2
980,SI_ref_15,PSB,PYR,Synthetic,0.8739092070679689,0.9647388673746531,SplineRidge,SplineRidge_2
982,SI_ref_15,PSB,PYR,Synthetic,0.8750456231185068,0.9647388673746531,SplineRidge,SplineRidge_2
983,SI_ref_15,PSB,PYR,Synthetic,0.950707773566655,0.9647388673746531,SplineRidge,SplineRidge_2
1000,SI_ref_15,PSB,TEB,Synthetic,0.8714762044822667,0.9319528222543441,SplineRidge,SplineRidge_2
1001,SI_ref_15,PSB,TEB,Synthetic,0.8650362109004135,0.9319528222543441,SplineRidge,SplineRidge_2
1020,SI_ref_15,PSBOX-A,CAR,Synthetic,0.024826351018054676,0.18552965588436904,SplineRidge,SplineRidge_2
1024,SI_ref_15,PSBOX-A,CAR,Synthetic,0.013386578068051812,0.18552965588436904,SplineRidge,SplineRidge_2
1039,SI_ref_15,PSBOX-A,PYR,Synthetic,0.10520884210859399,0.2778730979966141,SplineRidge,SplineRidge_2
1041,SI_ref_15,PSBOX-A,PYR,Synthetic,0.5321591562240328,0.2989048013677608,SplineRidge,SplineRidge_2
1045,SI_ref_15,PSBOX-A,PYR,Synthetic,0.07450853175519283,0.2778730979966141,SplineRidge,SplineRidge_2
1047,SI_ref_15,PSBOX-A,PYR,Synthetic,0.07530521810797475,0.2778730979966141,SplineRidge,SplineRidge_2
1048,SI_ref_15,PSBOX-A,PYR,Synthetic,0.1335562050140622,0.2778730979966141,SplineRidge,SplineRidge_2
1065,SI_ref_15,PSBOX-A,TEB,Synthetic,0.5160089507499187,0.26611875624745174,SplineRidge,SplineRidge_2
1070,SI_ref_15,PSBOX-A,TEB,Synthetic,0.04527670142322688,0.24508705287630494,SplineRidge,SplineRidge_2
1071,SI_ref_15,PSBOX-A,TEB,Synthetic,0.04243318293660387,0.24508705287630494,SplineRidge,SplineRidge_2
1095,SI_ref_17,Pristine SCG biochar,CBZ,Synthetic,0.9071706166070994,0.8013905762699862,SplineRidge,SplineRidge_2
1104,SI_ref_17,Pristine SCG biochar,CBZ,Synthetic,0.8748284470323213,0.9298804650541632,SplineRidge,SplineRidge_2
1108,SI_ref_17,Pristine SCG biochar,CBZ,Synthetic,0.8967497590877974,0.9088487616830163,SplineRidge,SplineRidge_2
1112,SI_ref_17,Pristine SCG biochar,CBZ,Synthetic,0.8867934815653573,0.9088487616830163,SplineRidge,SplineRidge_2
1115,SI_ref_17,Pristine SCG biochar,CBZ,Synthetic,0.925161257978969,0.8013905762699862,SplineRidge,SplineRidge_2
1116,SI_ref_17,Pristine SCG biochar,EE2,Synthetic,0.9879675366998732,1.0626830655357804,SplineRidge,SplineRidge_2
1117,SI_ref_17,Pristine SCG biochar,EE2,Synthetic,0.9630524728687239,0.9552248801227503,SplineRidge,SplineRidge_2
1118,SI_ref_17,Pristine SCG biochar,EE2,Synthetic,0.9308917481943695,1.0335354306728217,SplineRidge,SplineRidge_2
1119,SI_ref_17,Pristine SCG biochar,EE2,Synthetic,0.9610835485312063,0.9260772452597916,SplineRidge,SplineRidge_2
1120,SI_ref_17,Pristine SCG biochar,EE2,Synthetic,0.8890050918282607,0.9797322019998793,SplineRidge,SplineRidge_2
1121,SI_ref_17,Pristine SCG biochar,EE2,Synthetic,0.9527872619203276,0.8722740165868492,SplineRidge,SplineRidge_2
1122,SI_ref_17,Pristine SCG biochar,EE2,Synthetic,0.8965951913819401,0.9528543606501474,SplineRidge,SplineRidge_2
1123,SI_ref_17,Pristine SCG biochar,EE2,Synthetic,0.9558259103687238,0.8453961752371173,SplineRidge,SplineRidge_2
1124,SI_ref_17,Pristine SCG biochar,EE2,Synthetic,0.8793895099735648,0.9411605569996024,SplineRidge,SplineRidge_2
1125,SI_ref_17,Pristine SCG biochar,EE2,Synthetic,0.9519368217180961,0.8337023715865725,SplineRidge,SplineRidge_2
1126,SI_ref_17,Pristine SCG biochar,EE2,Synthetic,0.8770554520720774,0.9374285156843007,SplineRidge,SplineRidge_2
1127,SI_ref_17,Pristine SCG biochar,EE2,Synthetic,0.9377852461427824,0.8299703302712708,SplineRidge,SplineRidge_2
1128,SI_ref_17,Pristine SCG biochar,EE2,Synthetic,0.8833014060151289,0.9418782674953228,SplineRidge,SplineRidge_2
1129,SI_ref_17,Pristine SCG biochar,EE2,Synthetic,0.9348668633411785,0.8344200820822928,SplineRidge,SplineRidge_2
1132,SI_ref_17,Pristine SCG biochar,EE2,Synthetic,0.8374361704672763,0.9621099771177744,SplineRidge,SplineRidge_2
1133,SI_ref_17,Pristine SCG biochar,EE2,Synthetic,0.8609155049620831,0.8546517917047443,SplineRidge,SplineRidge_2
1137,SI_ref_17,Pristine SCG biochar,EE2,Synthetic,0.8257334628724249,0.8546517917047443,SplineRidge,SplineRidge_2
1147,SI_ref_17,Pristine SCG biochar,EE2,Synthetic,0.8965862728271835,0.8546517917047443,SplineRidge,SplineRidge_2
1170,SI_ref_17,Pristine SCG biochar,IBU,Synthetic,0.7820004901373623,0.932764815044232,SplineRidge,SplineRidge_2
1183,SI_ref_17,Pristine SCG biochar,IBU,Synthetic,0.9114748664800524,0.8782129267917103,SplineRidge,SplineRidge_2
1184,SI_ref_17,Pristine SCG biochar,IBU,Synthetic,0.9484982246288517,1.006702815575887,SplineRidge,SplineRidge_2
1186,SI_ref_17,Pristine SCG biochar,IBU,Synthetic,0.893754721851682,0.9856711122047404,SplineRidge,SplineRidge_2
1189,SI_ref_17,Pristine SCG biochar,IBU,Synthetic,0.9210277046979152,0.8782129267917103,SplineRidge,SplineRidge_2
1191,SI_ref_17,Pristine SCG biochar,IBU,Synthetic,0.9513456586569363,0.8782129267917103,SplineRidge,SplineRidge_2
1192,SI_ref_17,Pristine SCG biochar,IBU,Synthetic,0.9226237248225028,0.9856711122047404,SplineRidge,SplineRidge_2
1194,SI_ref_17,Pristine SCG biochar,IBU,Synthetic,0.8857728699803085,0.9856711122047404,SplineRidge,SplineRidge_2
1199,SI_ref_18,Pristine SCW Biochar,DCF,Secondary effluent,0.918928852227115,1.0671330120766673,SplineRidge,SplineRidge_2
1201,SI_ref_18,Pristine SCW Biochar,DCF,Secondary effluent,0.9102784904019702,1.0379853772137086,SplineRidge,SplineRidge_2
1203,SI_ref_18,Pristine SCW Biochar,DCF,Secondary effluent,0.9056826438576806,1.0029554039139952,SplineRidge,SplineRidge_2
1205,SI_ref_18,Pristine SCW Biochar,DCF,Secondary effluent,0.9047459643543814,0.9720163841334073,SplineRidge,SplineRidge_2
1207,SI_ref_18,Pristine SCW Biochar,DCF,Secondary effluent,0.9046272834515193,0.9486954959360892,SplineRidge,SplineRidge_2
1209,SI_ref_18,Pristine SCW Biochar,DCF,Secondary effluent,0.9011959807369067,0.9418784622251877,SplineRidge,SplineRidge_2
1211,SI_ref_18,Pristine SCW Biochar,DCF,Secondary effluent,0.9001936082465184,0.9463282140362097,SplineRidge,SplineRidge_2
1214,SI_ref_18,Pristine SCW Biochar,DCF,Lake water,0.9077130214504949,0.9002170720578978,SplineRidge,SplineRidge_2
1219,SI_ref_18,Pristine SCW Biochar,DCF,Secondary effluent,0.9048873911798646,0.9665599236586613,SplineRidge,SplineRidge_2
1225,SI_ref_18,Pristine SCW Biochar,DCF,Lake water,0.9209005359691885,0.9519229504486872,SplineRidge,SplineRidge_2
1230,SI_ref_18,Pristine SCW Biochar,DCF,Lake water,0.9255037841040696,0.9519229504486872,SplineRidge,SplineRidge_2
1236,SI_ref_18,Pristine SCW Biochar,DCF,Lake water,0.9092724465153025,0.9519229504486872,SplineRidge,SplineRidge_2
1239,SI_ref_18,Pristine SCW Biochar,DCF,Secondary effluent,0.9186059768996898,0.9665599236586613,SplineRidge,SplineRidge_2
1245,SI_ref_18,Pristine SCW Biochar,DCF,Lake water,0.926603142736896,1.001641431191715,SplineRidge,SplineRidge_2
1249,SI_ref_18,Pristine SCW Biochar,DCF,Secondary effluent,0.9174019043807426,0.9665599236586613,SplineRidge,SplineRidge_2
1254,SI_ref_18,Pristine SCW Biochar,IBU,Secondary effluent,0.9156726978407875,1.1091225550863517,SplineRidge,SplineRidge_2
1256,SI_ref_18,Pristine SCW Biochar,IBU,Secondary effluent,0.9079673942368781,1.079974920223393,SplineRidge,SplineRidge_2
1258,SI_ref_18,Pristine SCW Biochar,IBU,Secondary effluent,0.9043236251446873,1.0449449469236796,SplineRidge,SplineRidge_2
1260,SI_ref_18,Pristine SCW Biochar,IBU,Secondary effluent,0.9020547983951682,1.0140059271430917,SplineRidge,SplineRidge_2
1262,SI_ref_18,Pristine SCW Biochar,IBU,Secondary effluent,0.9004882379050155,0.9906850389457735,SplineRidge,SplineRidge_2
1264,SI_ref_18,Pristine SCW Biochar,IBU,Secondary effluent,0.897458530238549,0.9838680052348721,SplineRidge,SplineRidge_2
1266,SI_ref_18,Pristine SCW Biochar,IBU,Secondary effluent,0.8973424975849196,0.9883177570458941,SplineRidge,SplineRidge_2
1274,SI_ref_18,Pristine SCW Biochar,IBU,Secondary effluent,0.8992057856547054,1.0085494666683457,SplineRidge,SplineRidge_2
1283,SI_ref_18,Pristine SCW Biochar,IBU,Lake water,0.9158900362354069,0.9939124934583715,SplineRidge,SplineRidge_2
1291,SI_ref_18,Pristine SCW Biochar,IBU,Lake water,0.9068652159539504,0.9939124934583715,SplineRidge,SplineRidge_2
1293,SI_ref_18,Pristine SCW Biochar,IBU,Lake water,0.9067682424855283,0.9939124934583715,SplineRidge,SplineRidge_2
1300,SI_ref_18,Pristine SCW Biochar,IBU,Lake water,0.9277221749920567,1.0436309742013992,SplineRidge,SplineRidge_2
1304,SI_ref_18,Pristine SCW Biochar,IBU,Secondary effluent,0.911352956646831,1.0085494666683457,SplineRidge,SplineRidge_2
1309,SI_ref_18,Pristine SCW Biochar,NPX,Secondary effluent,0.9276600601799115,0.8425837579603201,SplineRidge,SplineRidge_2
1311,SI_ref_18,Pristine SCW Biochar,NPX,Secondary effluent,0.9217275625657669,0.8134361230973612,SplineRidge,SplineRidge_2
1313,SI_ref_18,Pristine SCW Biochar,NPX,Secondary effluent,0.9151672500810683,0.7784061497976479,SplineRidge,SplineRidge_2
1315,SI_ref_18,Pristine SCW Biochar,NPX,Secondary effluent,0.914870212237198,0.74746713001706,SplineRidge,SplineRidge_2
1317,SI_ref_18,Pristine SCW Biochar,NPX,Secondary effluent,0.9125118045566373,0.7241462418197419,SplineRidge,SplineRidge_2
1319,SI_ref_18,Pristine SCW Biochar,NPX,Secondary effluent,0.9122370962869346,0.7173292081088403,SplineRidge,SplineRidge_2
1321,SI_ref_18,Pristine SCW Biochar,NPX,Secondary effluent,0.9100475600528815,0.7217789599198624,SplineRidge,SplineRidge_2
1329,SI_ref_18,Pristine SCW Biochar,NPX,Secondary effluent,0.910898633301941,0.7420106695423139,SplineRidge,SplineRidge_2
1330,SI_ref_18,Pristine SCW Biochar,NPX,Lake water,0.9241969522882365,0.7273736963323398,SplineRidge,SplineRidge_2
1340,SI_ref_18,Pristine SCW Biochar,NPX,Lake water,0.9210401821004949,0.7055782560411983,SplineRidge,SplineRidge_2
1344,SI_ref_18,Pristine SCW Biochar,NPX,Lake water,0.9309313456555985,0.7484053997034865,SplineRidge,SplineRidge_2
19,SI_ref_19,AMCB,IBU,Lake water,0.12160249298048154,0.2784031927585602,XGBoost,XGBoost_2
20,SI_ref_19,AMCB,IBU,Ground water,0.0023766372681587895,0.1936861127614975,XGBoost,XGBoost_2
26,SI_ref_19,AMCB,IBU,Ground water,0.1894672613641715,0.23509815335273743,XGBoost,XGBoost_2
27,SI_ref_19,AMCB,IBU,Lake water,0.343266669603983,0.302240252494812,XGBoost,XGBoost_2
36,SI_ref_19,AMCB,IBU,Ground water,0.41496556078686897,0.35672950744628906,XGBoost,XGBoost_2
42,SI_ref_19,AMCB,IBU,Ground water,0.5182383095521604,0.3895057439804077,XGBoost,XGBoost_2
45,SI_ref_19,AMCB,IBU,Lake water,0.5439346954470261,0.48717907071113586,XGBoost,XGBoost_2
46,SI_ref_19,AMCB,IBU,Ground water,0.48210720700720494,0.3952997326850891,XGBoost,XGBoost_2
51,SI_ref_19,AMCB,IBU,Lake water,0.0829192384873889,0.23031939566135406,XGBoost,XGBoost_2
52,SI_ref_19,AMCB,IBU,Ground water,0.003531050071646246,0.13096056878566742,XGBoost,XGBoost_2
56,SI_ref_19,AMCB,IBU,Ground water,0.17260220522445793,0.21548910439014435,XGBoost,XGBoost_2
57,SI_ref_19,AMCB,IBU,Lake water,0.2799685707152232,0.30364692211151123,XGBoost,XGBoost_2
66,SI_ref_19,AMCB,IBU,Ground water,0.4885549946229274,0.37814319133758545,XGBoost,XGBoost_2
72,SI_ref_19,AMCB,IBU,Ground water,0.5107350299703324,0.4081040620803833,XGBoost,XGBoost_2
75,SI_ref_19,AMCB,IBU,Lake water,0.539673236909249,0.5057774186134338,XGBoost,XGBoost_2
76,SI_ref_19,AMCB,IBU,Ground water,0.4945842701164504,0.41703492403030396,XGBoost,XGBoost_2
81,SI_ref_19,AMCB,IBU,Lake water,0.11734271672387758,0.18590810894966125,XGBoost,XGBoost_2
82,SI_ref_19,AMCB,IBU,Ground water,0.0,0.09153351187705994,XGBoost,XGBoost_2
86,SI_ref_19,AMCB,IBU,Ground water,0.16952726930244136,0.21761688590049744,XGBoost,XGBoost_2
87,SI_ref_19,AMCB,IBU,Lake water,0.245380335735257,0.30502066016197205,XGBoost,XGBoost_2
96,SI_ref_19,AMCB,IBU,Ground water,0.45590621693388655,0.40752142667770386,XGBoost,XGBoost_2
110,SI_ref_19,AMCB,IBU,Ground water,0.5205305455205957,0.40725770592689514,XGBoost,XGBoost_2
113,SI_ref_19,AMCB,IBU,Lake water,0.5570792394486925,0.49321386218070984,XGBoost,XGBoost_2
114,SI_ref_19,AMCB,IBU,Ground water,0.48301499525722014,0.3960106074810028,XGBoost,XGBoost_2
134,SI_ref_17,Alkali-modified SCG biochars,CBZ,Synthetic,0.00635796336582959,0.12118367850780487,XGBoost,XGBoost_2
143,SI_ref_17,Alkali-modified SCG biochars,CBZ,Synthetic,0.12158111194827703,0.22951488196849823,XGBoost,XGBoost_2
146,SI_ref_17,Alkali-modified SCG biochars,CBZ,Synthetic,0.6777397154224275,0.36345893144607544,XGBoost,XGBoost_2
150,SI_ref_17,Alkali-modified SCG biochars,CBZ,Synthetic,0.8144073973371778,0.36345893144607544,XGBoost,XGBoost_2
153,SI_ref_17,Alkali-modified SCG biochars,CBZ,Synthetic,0.5612135486607656,0.12118367850780487,XGBoost,XGBoost_2
154,SI_ref_17,Alkali-modified SCG biochars,EE2,Synthetic,0.32691906294512396,0.663411557674408,XGBoost,XGBoost_2
155,SI_ref_17,Alkali-modified SCG biochars,EE2,Synthetic,0.281684429186895,0.42009127140045166,XGBoost,XGBoost_2
156,SI_ref_17,Alkali-modified SCG biochars,EE2,Synthetic,0.2985885901242538,0.6293597221374512,XGBoost,XGBoost_2
157,SI_ref_17,Alkali-modified SCG biochars,EE2,Synthetic,0.1736546812353491,0.36671605706214905,XGBoost,XGBoost_2
158,SI_ref_17,Alkali-modified SCG biochars,EE2,Synthetic,0.08297647774499996,0.48441803455352783,XGBoost,XGBoost_2
159,SI_ref_17,Alkali-modified SCG biochars,EE2,Synthetic,0.0890939833732563,0.36121970415115356,XGBoost,XGBoost_2
160,SI_ref_17,Alkali-modified SCG biochars,EE2,Synthetic,0.12434438865468556,0.41297462582588196,XGBoost,XGBoost_2
161,SI_ref_17,Alkali-modified SCG biochars,EE2,Synthetic,0.0719303611000807,0.35083821415901184,XGBoost,XGBoost_2
162,SI_ref_17,Alkali-modified SCG biochars,EE2,Synthetic,0.050886215526030655,0.41297462582588196,XGBoost,XGBoost_2
163,SI_ref_17,Alkali-modified SCG biochars,EE2,Synthetic,0.06892444951131721,0.35083821415901184,XGBoost,XGBoost_2
164,SI_ref_17,Alkali-modified SCG biochars,EE2,Synthetic,0.0402114435413677,0.4059388339519501,XGBoost,XGBoost_2
165,SI_ref_17,Alkali-modified SCG biochars,EE2,Synthetic,0.06161971981332274,0.35083821415901184,XGBoost,XGBoost_2
166,SI_ref_17,Alkali-modified SCG biochars,EE2,Synthetic,0.014122078362060976,0.3903313875198364,XGBoost,XGBoost_2
167,SI_ref_17,Alkali-modified SCG biochars,EE2,Synthetic,0.06227375203350968,0.3483373522758484,XGBoost,XGBoost_2
170,SI_ref_17,Alkali-modified SCG biochars,EE2,Synthetic,0.13791601981601773,0.4182496964931488,XGBoost,XGBoost_2
171,SI_ref_17,Alkali-modified SCG biochars,EE2,Synthetic,0.09051861058315946,0.4058811664581299,XGBoost,XGBoost_2
180,SI_ref_17,Alkali-modified SCG biochars,EE2,Synthetic,0.2279548813058391,0.4058811664581299,XGBoost,XGBoost_2
203,SI_ref_17,Alkali-modified SCG biochars,IBU,Synthetic,0.10913541523053398,0.12241359800100327,XGBoost,XGBoost_2
216,SI_ref_17,Alkali-modified SCG biochars,IBU,Synthetic,0.10107027265594352,0.1948840618133545,XGBoost,XGBoost_2
217,SI_ref_17,Alkali-modified SCG biochars,IBU,Synthetic,0.6889998443034063,0.2639065384864807,XGBoost,XGBoost_2
219,SI_ref_17,Alkali-modified SCG biochars,IBU,Synthetic,0.1184746430703935,0.38850632309913635,XGBoost,XGBoost_2
222,SI_ref_17,Alkali-modified SCG biochars,IBU,Synthetic,0.04374442489311713,0.1948840618133545,XGBoost,XGBoost_2
224,SI_ref_17,Alkali-modified SCG biochars,IBU,Synthetic,0.2945083196339574,0.1948840618133545,XGBoost,XGBoost_2
225,SI_ref_17,Alkali-modified SCG biochars,IBU,Synthetic,0.5901579894748284,0.38850632309913635,XGBoost,XGBoost_2
227,SI_ref_17,Alkali-modified SCG biochars,IBU,Synthetic,0.6910697148739985,0.38850632309913635,XGBoost,XGBoost_2
235,SI_ref_16,C-Biochar,ATE,Synthetic,0.8511111111111113,0.7951163649559021,XGBoost,XGBoost_2
237,SI_ref_16,C-Biochar,ATE,Synthetic,0.8733333333333334,0.7951163649559021,XGBoost,XGBoost_2
239,SI_ref_16,C-Biochar,ATE,Synthetic,0.6511111111111112,0.7091134190559387,XGBoost,XGBoost_2
241,SI_ref_16,C-Biochar,ATE,Synthetic,0.7774074074074075,0.7951163649559021,XGBoost,XGBoost_2
247,SI_ref_16,C-Biochar,CBZ,Synthetic,0.44146825396825395,0.5833172798156738,XGBoost,XGBoost_2
249,SI_ref_16,C-Biochar,CBZ,Synthetic,0.4430976430976431,0.591332197189331,XGBoost,XGBoost_2
253,SI_ref_16,C-Biochar,CBZ,Synthetic,0.4044973544973545,0.591332197189331,XGBoost,XGBoost_2
255,SI_ref_16,C-Biochar,CBZ,Synthetic,0.46792328042328046,0.455268919467926,XGBoost,XGBoost_2
257,SI_ref_16,C-Biochar,CBZ,Synthetic,0.46197089947089953,0.8126505017280579,XGBoost,XGBoost_2
273,SI_ref_16,C-Biochar,IBU,Synthetic,0.6000000000000001,0.6161916255950928,XGBoost,XGBoost_2
278,SI_ref_16,C-Biochar,IBU,Synthetic,0.8430555555555557,0.6577804684638977,XGBoost,XGBoost_2
299,SI_ref_19,CB,IBU,Lake water,0.9811931645978613,0.9275364875793457,XGBoost,XGBoost_2
300,SI_ref_19,CB,IBU,Ground water,0.9595058090644278,0.9252188205718994,XGBoost,XGBoost_2
304,SI_ref_19,CB,IBU,Ground water,0.9323428884090048,0.9269513487815857,XGBoost,XGBoost_2
305,SI_ref_19,CB,IBU,Lake water,0.9442367850805692,0.9275364875793457,XGBoost,XGBoost_2
320,SI_ref_19,CB,IBU,Ground water,0.9303445651202417,0.9531072974205017,XGBoost,XGBoost_2
326,SI_ref_19,CB,IBU,Ground water,0.9318432124429017,0.9531072974205017,XGBoost,XGBoost_2
329,SI_ref_19,CB,IBU,Lake water,0.9296205387839244,0.9275364875793457,XGBoost,XGBoost_2
330,SI_ref_19,CB,IBU,Ground water,0.9174641264203113,0.9252188205718994,XGBoost,XGBoost_2
345,SI_ref_14,GCRB,ALA,Synthetic,0.9324051079932012,0.9498628377914429,XGBoost,XGBoost_2
348,SI_ref_14,GCRB,ALA,Synthetic,0.959711660682908,0.9574962854385376,XGBoost,XGBoost_2
374,SI_ref_14,GCRB,DIU,Synthetic,1.0082496176169822,0.9467907547950745,XGBoost,XGBoost_2
376,SI_ref_14,GCRB,SIM,Synthetic,0.9862955626477844,0.9847703576087952,XGBoost,XGBoost_2
377,SI_ref_14,GCRB,SIM,Synthetic,0.9834030650434858,0.9810889959335327,XGBoost,XGBoost_2
378,SI_ref_14,GCRB,SIM,Synthetic,0.9809240251187635,0.9852855801582336,XGBoost,XGBoost_2
379,SI_ref_14,GCRB,SIM,Synthetic,0.977408497407208,0.984494686126709,XGBoost,XGBoost_2
380,SI_ref_14,GCRB,SIM,Synthetic,0.9725866254178165,0.9799595475196838,XGBoost,XGBoost_2
381,SI_ref_14,GCRB,SIM,Synthetic,0.9707397150816074,0.9788928627967834,XGBoost,XGBoost_2
382,SI_ref_14,GCRB,SIM,Synthetic,0.9682512913168398,0.976635217666626,XGBoost,XGBoost_2
383,SI_ref_14,GCRB,SIM,Synthetic,0.9596267727831934,0.956563413143158,XGBoost,XGBoost_2
393,SI_ref_14,GCRB,SIM,Synthetic,0.9681949882765674,0.9782752394676208,XGBoost,XGBoost_2
397,SI_ref_14,GCRB,SIM,Synthetic,0.9595581925458377,0.9782752394676208,XGBoost,XGBoost_2
410,SI_ref_14,GCRB-N,ALA,Synthetic,0.42098834230158483,0.4363075792789459,XGBoost,XGBoost_2
419,SI_ref_14,GCRB-N,ALA,Synthetic,0.3038540896584293,0.5520474314689636,XGBoost,XGBoost_2
428,SI_ref_14,GCRB-N,ALA,Synthetic,0.2941679236692388,0.6023901104927063,XGBoost,XGBoost_2
437,SI_ref_14,GCRB-N,ALA,Synthetic,0.299011006663834,0.7168872356414795,XGBoost,XGBoost_2
459,SI_ref_14,GCRB-N,DIU,Synthetic,0.6455190877003087,0.25258341431617737,XGBoost,XGBoost_2
468,SI_ref_14,GCRB-N,DIU,Synthetic,0.6564705601884918,0.267342209815979,XGBoost,XGBoost_2
477,SI_ref_14,GCRB-N,DIU,Synthetic,0.6413243626564091,0.23831883072853088,XGBoost,XGBoost_2
480,SI_ref_14,GCRB-N,SIM,Synthetic,0.8709260833889569,0.812842071056366,XGBoost,XGBoost_2
481,SI_ref_14,GCRB-N,SIM,Synthetic,0.7937886433454202,0.7550841569900513,XGBoost,XGBoost_2
482,SI_ref_14,GCRB-N,SIM,Synthetic,0.7230251055630271,0.6799979209899902,XGBoost,XGBoost_2
483,SI_ref_14,GCRB-N,SIM,Synthetic,0.6451471952322713,0.6066423654556274,XGBoost,XGBoost_2
484,SI_ref_14,GCRB-N,SIM,Synthetic,0.579106572580609,0.5347073078155518,XGBoost,XGBoost_2
485,SI_ref_14,GCRB-N,SIM,Synthetic,0.5461098630342859,0.5205864906311035,XGBoost,XGBoost_2
486,SI_ref_14,GCRB-N,SIM,Synthetic,0.526458395826474,0.518328845500946,XGBoost,XGBoost_2
487,SI_ref_14,GCRB-N,SIM,Synthetic,0.44952651357619516,0.4350643455982208,XGBoost,XGBoost_2
493,SI_ref_14,GCRB-N,SIM,Synthetic,0.525804086252399,0.5108355283737183,XGBoost,XGBoost_2
502,SI_ref_14,GCRB-N,SIM,Synthetic,0.8453757948497886,0.5694896578788757,XGBoost,XGBoost_2
511,SI_ref_14,GCRB-N,SIM,Synthetic,0.8584308799035202,0.531772255897522,XGBoost,XGBoost_2
520,SI_ref_14,GCRB-N,SIM,Synthetic,0.8519033373766544,0.4908641278743744,XGBoost,XGBoost_2
540,SI_ref_19,MCB,IBU,Lake water,0.9742126323294387,0.9146130084991455,XGBoost,XGBoost_2
541,SI_ref_19,MCB,IBU,Ground water,0.9483485035015843,0.9053875207901001,XGBoost,XGBoost_2
547,SI_ref_19,MCB,IBU,Ground water,0.9263512886233829,0.9093766212463379,XGBoost,XGBoost_2
548,SI_ref_19,MCB,IBU,Lake water,0.9349728899053784,0.9125502705574036,XGBoost,XGBoost_2
565,SI_ref_19,MCB,IBU,Ground water,0.9254612605703445,0.9440459609031677,XGBoost,XGBoost_2
571,SI_ref_19,MCB,IBU,Ground water,0.927696260267614,0.9430850744247437,XGBoost,XGBoost_2
574,SI_ref_19,MCB,IBU,Lake water,0.9258585842402297,0.9309371113777161,XGBoost,XGBoost_2
575,SI_ref_19,MCB,IBU,Ground water,0.9173366162788351,0.9197390079498291,XGBoost,XGBoost_2
580,SI_ref_19,MCB,IBU,Lake water,0.974635205338439,0.937278151512146,XGBoost,XGBoost_2
581,SI_ref_19,MCB,IBU,Ground water,0.95367292982704,0.9285109043121338,XGBoost,XGBoost_2
585,SI_ref_19,MCB,IBU,Ground water,0.925414707326754,0.9250758290290833,XGBoost,XGBoost_2
586,SI_ref_19,MCB,IBU,Lake water,0.9347814302861347,0.9312605857849121,XGBoost,XGBoost_2
595,SI_ref_19,MCB,IBU,Ground water,0.9248851497651674,0.9423654079437256,XGBoost,XGBoost_2
601,SI_ref_19,MCB,IBU,Ground water,0.9300914246503462,0.9383413791656494,XGBoost,XGBoost_2
604,SI_ref_19,MCB,IBU,Lake water,0.9282701343021136,0.9252033829689026,XGBoost,XGBoost_2
605,SI_ref_19,MCB,IBU,Ground water,0.9160948152334054,0.9149953126907349,XGBoost,XGBoost_2
610,SI_ref_19,MCB,IBU,Lake water,0.9716179138912365,0.9516133666038513,XGBoost,XGBoost_2
611,SI_ref_19,MCB,IBU,Ground water,0.9529992532644452,0.9414052963256836,XGBoost,XGBoost_2
615,SI_ref_19,MCB,IBU,Ground water,0.9284499518994666,0.9185813665390015,XGBoost,XGBoost_2
616,SI_ref_19,MCB,IBU,Lake water,0.935069554315652,0.9247661232948303,XGBoost,XGBoost_2
625,SI_ref_19,MCB,IBU,Ground water,0.9258221154816445,0.9328173398971558,XGBoost,XGBoost_2
631,SI_ref_19,MCB,IBU,Ground water,0.9296259863973036,0.9248210787773132,XGBoost,XGBoost_2
634,SI_ref_19,MCB,IBU,Lake water,0.9271225782160609,0.9163962006568909,XGBoost,XGBoost_2
635,SI_ref_19,MCB,IBU,Ground water,0.9188076045934327,0.9077991843223572,XGBoost,XGBoost_2
640,SI_ref_18,NaOH-activated SCW biochars,DCF,Secondary effluent,0.7547018161110076,0.515189528465271,XGBoost,XGBoost_2
642,SI_ref_18,NaOH-activated SCW biochars,DCF,Secondary effluent,0.6981463000238689,0.5177976489067078,XGBoost,XGBoost_2
644,SI_ref_18,NaOH-activated SCW biochars,DCF,Secondary effluent,0.6293744945066856,0.5183870196342468,XGBoost,XGBoost_2
646,SI_ref_18,NaOH-activated SCW biochars,DCF,Secondary effluent,0.588788451165352,0.5055760145187378,XGBoost,XGBoost_2
648,SI_ref_18,NaOH-activated SCW biochars,DCF,Secondary effluent,0.5891686823750966,0.5011269450187683,XGBoost,XGBoost_2
650,SI_ref_18,NaOH-activated SCW biochars,DCF,Secondary effluent,0.5849511312086796,0.5011269450187683,XGBoost,XGBoost_2
652,SI_ref_18,NaOH-activated SCW biochars,DCF,Secondary effluent,0.5864672759838442,0.49862611293792725,XGBoost,XGBoost_2
655,SI_ref_18,NaOH-activated SCW biochars,DCF,Lake water,0.28283236606156975,0.5253931283950806,XGBoost,XGBoost_2
657,SI_ref_18,NaOH-activated SCW biochars,DCF,Lake water,0.4098052873550469,0.4502545893192291,XGBoost,XGBoost_2
662,SI_ref_18,NaOH-activated SCW biochars,DCF,Secondary effluent,0.600008865661574,0.5150378346443176,XGBoost,XGBoost_2
668,SI_ref_18,NaOH-activated SCW biochars,DCF,Lake water,0.5638671837826676,0.5253931283950806,XGBoost,XGBoost_2
673,SI_ref_18,NaOH-activated SCW biochars,DCF,Lake water,0.5356816504619031,0.5253931283950806,XGBoost,XGBoost_2
679,SI_ref_18,NaOH-activated SCW biochars,DCF,Lake water,0.48550836273532816,0.5253931283950806,XGBoost,XGBoost_2
682,SI_ref_18,NaOH-activated SCW biochars,DCF,Secondary effluent,0.5965252581670849,0.5150378346443176,XGBoost,XGBoost_2
688,SI_ref_18,NaOH-activated SCW biochars,DCF,Lake water,0.5703611171190489,0.6207708120346069,XGBoost,XGBoost_2
693,SI_ref_18,NaOH-activated SCW biochars,DCF,Secondary effluent,0.6557026735074662,0.5150378346443176,XGBoost,XGBoost_2
694,SI_ref_18,NaOH-activated SCW biochars,DCF,Lake water,0.7297297292522416,0.5253931283950806,XGBoost,XGBoost_2
699,SI_ref_18,NaOH-activated SCW biochars,IBU,Secondary effluent,0.8098199350756726,0.5834411382675171,XGBoost,XGBoost_2
701,SI_ref_18,NaOH-activated SCW biochars,IBU,Secondary effluent,0.7485969905050348,0.5860492587089539,XGBoost,XGBoost_2
703,SI_ref_18,NaOH-activated SCW biochars,IBU,Secondary effluent,0.6850179499229786,0.5984400510787964,XGBoost,XGBoost_2
705,SI_ref_18,NaOH-activated SCW biochars,IBU,Secondary effluent,0.6861011679416551,0.5871607661247253,XGBoost,XGBoost_2
707,SI_ref_18,NaOH-activated SCW biochars,IBU,Secondary effluent,0.6799185617433835,0.5827116966247559,XGBoost,XGBoost_2
709,SI_ref_18,NaOH-activated SCW biochars,IBU,Secondary effluent,0.6765813990931481,0.5827116966247559,XGBoost,XGBoost_2
711,SI_ref_18,NaOH-activated SCW biochars,IBU,Secondary effluent,0.6777803451607008,0.58021080493927,XGBoost,XGBoost_2
712,SI_ref_18,NaOH-activated SCW biochars,IBU,Lake water,0.10371139816269948,0.6157381534576416,XGBoost,XGBoost_2
714,SI_ref_18,NaOH-activated SCW biochars,IBU,Lake water,0.46656560236114836,0.6157381534576416,XGBoost,XGBoost_2
721,SI_ref_18,NaOH-activated SCW biochars,IBU,Secondary effluent,0.675113405421536,0.5928520560264587,XGBoost,XGBoost_2
730,SI_ref_18,NaOH-activated SCW biochars,IBU,Lake water,0.627404015064595,0.6157381534576416,XGBoost,XGBoost_2
738,SI_ref_18,NaOH-activated SCW biochars,IBU,Lake water,0.6298527247859258,0.6157381534576416,XGBoost,XGBoost_2
740,SI_ref_18,NaOH-activated SCW biochars,IBU,Lake water,0.5791171913994386,0.6157381534576416,XGBoost,XGBoost_2
747,SI_ref_18,NaOH-activated SCW biochars,IBU,Lake water,0.6846241766923425,0.717481255531311,XGBoost,XGBoost_2
752,SI_ref_18,NaOH-activated SCW biochars,IBU,Secondary effluent,0.7252319435730717,0.5928520560264587,XGBoost,XGBoost_2
758,SI_ref_18,NaOH-activated SCW biochars,NPX,Secondary effluent,0.5521972966156422,0.22085082530975342,XGBoost,XGBoost_2
760,SI_ref_18,NaOH-activated SCW biochars,NPX,Secondary effluent,0.4814245289032641,0.2275562584400177,XGBoost,XGBoost_2
762,SI_ref_18,NaOH-activated SCW biochars,NPX,Secondary effluent,0.34455951981715066,0.21666738390922546,XGBoost,XGBoost_2
764,SI_ref_18,NaOH-activated SCW biochars,NPX,Secondary effluent,0.2493517679350271,0.15383945405483246,XGBoost,XGBoost_2
766,SI_ref_18,NaOH-activated SCW biochars,NPX,Secondary effluent,0.16764900163614713,0.10283596813678741,XGBoost,XGBoost_2
768,SI_ref_18,NaOH-activated SCW biochars,NPX,Secondary effluent,0.12846350911521487,0.10283596813678741,XGBoost,XGBoost_2
770,SI_ref_18,NaOH-activated SCW biochars,NPX,Secondary effluent,0.12873702561203082,0.10033508390188217,XGBoost,XGBoost_2
771,SI_ref_18,NaOH-activated SCW biochars,NPX,Lake water,0.03570310331741743,0.08010151982307434,XGBoost,XGBoost_2
780,SI_ref_18,NaOH-activated SCW biochars,NPX,Secondary effluent,0.11864589305153721,0.11664754152297974,XGBoost,XGBoost_2
781,SI_ref_18,NaOH-activated SCW biochars,NPX,Lake water,0.04234525136924403,0.08010151982307434,XGBoost,XGBoost_2
791,SI_ref_18,NaOH-activated SCW biochars,NPX,Lake water,0.05751855059175114,0.0730433538556099,XGBoost,XGBoost_2
795,SI_ref_18,NaOH-activated SCW biochars,NPX,Lake water,0.1386164882936624,0.19832096993923187,XGBoost,XGBoost_2
859,SI_ref_13,PB600,CBZ,Synthetic,0.4773489932885906,0.5078411102294922,XGBoost,XGBoost_2
892,SI_ref_13,PB600,IBU,Synthetic,0.8533052267445003,0.572645366191864,XGBoost,XGBoost_2
906,SI_ref_13,PB800,CBZ,Synthetic,0.16135346756152125,0.2350478172302246,XGBoost,XGBoost_2
939,SI_ref_13,PB800,IBU,Synthetic,0.5875275377054737,0.3647194802761078,XGBoost,XGBoost_2
959,SI_ref_15,PSB,CAR,Synthetic,0.898502105289309,0.9242886900901794,XGBoost,XGBoost_2
963,SI_ref_15,PSB,CAR,Synthetic,0.8690891098845278,0.9242886900901794,XGBoost,XGBoost_2
976,SI_ref_15,PSB,PYR,Synthetic,0.9599614728522631,0.9313443899154663,XGBoost,XGBoost_2
980,SI_ref_15,PSB,PYR,Synthetic,0.8739092070679689,0.9313443899154663,XGBoost,XGBoost_2
982,SI_ref_15,PSB,PYR,Synthetic,0.8750456231185068,0.9313443899154663,XGBoost,XGBoost_2
983,SI_ref_15,PSB,PYR,Synthetic,0.950707773566655,0.9313443899154663,XGBoost,XGBoost_2
1000,SI_ref_15,PSB,TEB,Synthetic,0.8714762044822667,0.9252980351448059,XGBoost,XGBoost_2
1001,SI_ref_15,PSB,TEB,Synthetic,0.8650362109004135,0.9252980351448059,XGBoost,XGBoost_2
1020,SI_ref_15,PSBOX-A,CAR,Synthetic,0.024826351018054676,0.1100054532289505,XGBoost,XGBoost_2
1024,SI_ref_15,PSBOX-A,CAR,Synthetic,0.013386578068051812,0.1100054532289505,XGBoost,XGBoost_2
1039,SI_ref_15,PSBOX-A,PYR,Synthetic,0.10520884210859399,0.2630053460597992,XGBoost,XGBoost_2
1041,SI_ref_15,PSBOX-A,PYR,Synthetic,0.5321591562240328,0.24810728430747986,XGBoost,XGBoost_2
1045,SI_ref_15,PSBOX-A,PYR,Synthetic,0.07450853175519283,0.2630053460597992,XGBoost,XGBoost_2
1047,SI_ref_15,PSBOX-A,PYR,Synthetic,0.07530521810797475,0.2630053460597992,XGBoost,XGBoost_2
1048,SI_ref_15,PSBOX-A,PYR,Synthetic,0.1335562050140622,0.2630053460597992,XGBoost,XGBoost_2
1065,SI_ref_15,PSBOX-A,TEB,Synthetic,0.5160089507499187,0.20178259909152985,XGBoost,XGBoost_2
1070,SI_ref_15,PSBOX-A,TEB,Synthetic,0.04527670142322688,0.22195741534233093,XGBoost,XGBoost_2
1071,SI_ref_15,PSBOX-A,TEB,Synthetic,0.04243318293660387,0.22195741534233093,XGBoost,XGBoost_2
1095,SI_ref_17,Pristine SCG biochar,CBZ,Synthetic,0.9071706166070994,0.9122133851051331,XGBoost,XGBoost_2
1104,SI_ref_17,Pristine SCG biochar,CBZ,Synthetic,0.8748284470323213,0.9084429144859314,XGBoost,XGBoost_2
1108,SI_ref_17,Pristine SCG biochar,CBZ,Synthetic,0.8967497590877974,0.9078441262245178,XGBoost,XGBoost_2
1112,SI_ref_17,Pristine SCG biochar,CBZ,Synthetic,0.8867934815653573,0.9078441262245178,XGBoost,XGBoost_2
1115,SI_ref_17,Pristine SCG biochar,CBZ,Synthetic,0.925161257978969,0.9122133851051331,XGBoost,XGBoost_2
1116,SI_ref_17,Pristine SCG biochar,EE2,Synthetic,0.9879675366998732,0.9180299639701843,XGBoost,XGBoost_2
1117,SI_ref_17,Pristine SCG biochar,EE2,Synthetic,0.9630524728687239,0.8828088641166687,XGBoost,XGBoost_2
1118,SI_ref_17,Pristine SCG biochar,EE2,Synthetic,0.9308917481943695,0.9151402115821838,XGBoost,XGBoost_2
1119,SI_ref_17,Pristine SCG biochar,EE2,Synthetic,0.9610835485312063,0.8799191117286682,XGBoost,XGBoost_2
1120,SI_ref_17,Pristine SCG biochar,EE2,Synthetic,0.8890050918282607,0.9089891314506531,XGBoost,XGBoost_2
1121,SI_ref_17,Pristine SCG biochar,EE2,Synthetic,0.9527872619203276,0.8725569248199463,XGBoost,XGBoost_2
1122,SI_ref_17,Pristine SCG biochar,EE2,Synthetic,0.8965951913819401,0.8967933654785156,XGBoost,XGBoost_2
1123,SI_ref_17,Pristine SCG biochar,EE2,Synthetic,0.9558259103687238,0.8725472092628479,XGBoost,XGBoost_2
1124,SI_ref_17,Pristine SCG biochar,EE2,Synthetic,0.8793895099735648,0.8876326084136963,XGBoost,XGBoost_2
1125,SI_ref_17,Pristine SCG biochar,EE2,Synthetic,0.9519368217180961,0.8651183247566223,XGBoost,XGBoost_2
1126,SI_ref_17,Pristine SCG biochar,EE2,Synthetic,0.8770554520720774,0.8885921835899353,XGBoost,XGBoost_2
1127,SI_ref_17,Pristine SCG biochar,EE2,Synthetic,0.9377852461427824,0.8651183247566223,XGBoost,XGBoost_2
1128,SI_ref_17,Pristine SCG biochar,EE2,Synthetic,0.8833014060151289,0.8836430907249451,XGBoost,XGBoost_2
1129,SI_ref_17,Pristine SCG biochar,EE2,Synthetic,0.9348668633411785,0.8628606796264648,XGBoost,XGBoost_2
1132,SI_ref_17,Pristine SCG biochar,EE2,Synthetic,0.8374361704672763,0.862183690071106,XGBoost,XGBoost_2
1133,SI_ref_17,Pristine SCG biochar,EE2,Synthetic,0.8609155049620831,0.8632029294967651,XGBoost,XGBoost_2
1137,SI_ref_17,Pristine SCG biochar,EE2,Synthetic,0.8257334628724249,0.8632029294967651,XGBoost,XGBoost_2
1147,SI_ref_17,Pristine SCG biochar,EE2,Synthetic,0.8965862728271835,0.8632029294967651,XGBoost,XGBoost_2
1170,SI_ref_17,Pristine SCG biochar,IBU,Synthetic,0.7820004901373623,0.8291792869567871,XGBoost,XGBoost_2
1183,SI_ref_17,Pristine SCG biochar,IBU,Synthetic,0.9114748664800524,0.9149016737937927,XGBoost,XGBoost_2
1184,SI_ref_17,Pristine SCG biochar,IBU,Synthetic,0.9484982246288517,0.9282402992248535,XGBoost,XGBoost_2
1186,SI_ref_17,Pristine SCG biochar,IBU,Synthetic,0.893754721851682,0.9133766293525696,XGBoost,XGBoost_2
1189,SI_ref_17,Pristine SCG biochar,IBU,Synthetic,0.9210277046979152,0.9149016737937927,XGBoost,XGBoost_2
1191,SI_ref_17,Pristine SCG biochar,IBU,Synthetic,0.9513456586569363,0.9149016737937927,XGBoost,XGBoost_2
1192,SI_ref_17,Pristine SCG biochar,IBU,Synthetic,0.9226237248225028,0.9133766293525696,XGBoost,XGBoost_2
1194,SI_ref_17,Pristine SCG biochar,IBU,Synthetic,0.8857728699803085,0.9133766293525696,XGBoost,XGBoost_2
1199,SI_ref_18,Pristine SCW Biochar,DCF,Secondary effluent,0.918928852227115,0.9234358072280884,XGBoost,XGBoost_2
1201,SI_ref_18,Pristine SCW Biochar,DCF,Secondary effluent,0.9102784904019702,0.9202191233634949,XGBoost,XGBoost_2
1203,SI_ref_18,Pristine SCW Biochar,DCF,Secondary effluent,0.9056826438576806,0.9181872606277466,XGBoost,XGBoost_2
1205,SI_ref_18,Pristine SCW Biochar,DCF,Secondary effluent,0.9047459643543814,0.9182395935058594,XGBoost,XGBoost_2
1207,SI_ref_18,Pristine SCW Biochar,DCF,Secondary effluent,0.9046272834515193,0.9164709448814392,XGBoost,XGBoost_2
1209,SI_ref_18,Pristine SCW Biochar,DCF,Secondary effluent,0.9011959807369067,0.9112781882286072,XGBoost,XGBoost_2
1211,SI_ref_18,Pristine SCW Biochar,DCF,Secondary effluent,0.9001936082465184,0.9090205430984497,XGBoost,XGBoost_2
1214,SI_ref_18,Pristine SCW Biochar,DCF,Lake water,0.9077130214504949,0.8954272866249084,XGBoost,XGBoost_2
1219,SI_ref_18,Pristine SCW Biochar,DCF,Secondary effluent,0.9048873911798646,0.9097789525985718,XGBoost,XGBoost_2
1225,SI_ref_18,Pristine SCW Biochar,DCF,Lake water,0.9209005359691885,0.9167332053184509,XGBoost,XGBoost_2
1230,SI_ref_18,Pristine SCW Biochar,DCF,Lake water,0.9255037841040696,0.9167332053184509,XGBoost,XGBoost_2
1236,SI_ref_18,Pristine SCW Biochar,DCF,Lake water,0.9092724465153025,0.9167332053184509,XGBoost,XGBoost_2
1239,SI_ref_18,Pristine SCW Biochar,DCF,Secondary effluent,0.9186059768996898,0.9097789525985718,XGBoost,XGBoost_2
1245,SI_ref_18,Pristine SCW Biochar,DCF,Lake water,0.926603142736896,0.9253392815589905,XGBoost,XGBoost_2
1249,SI_ref_18,Pristine SCW Biochar,DCF,Secondary effluent,0.9174019043807426,0.9097789525985718,XGBoost,XGBoost_2
1254,SI_ref_18,Pristine SCW Biochar,IBU,Secondary effluent,0.9156726978407875,0.9163156151771545,XGBoost,XGBoost_2
1256,SI_ref_18,Pristine SCW Biochar,IBU,Secondary effluent,0.9079673942368781,0.9147700071334839,XGBoost,XGBoost_2
1258,SI_ref_18,Pristine SCW Biochar,IBU,Secondary effluent,0.9043236251446873,0.9135258197784424,XGBoost,XGBoost_2
1260,SI_ref_18,Pristine SCW Biochar,IBU,Secondary effluent,0.9020547983951682,0.9144747257232666,XGBoost,XGBoost_2
1262,SI_ref_18,Pristine SCW Biochar,IBU,Secondary effluent,0.9004882379050155,0.9117250442504883,XGBoost,XGBoost_2
1264,SI_ref_18,Pristine SCW Biochar,IBU,Secondary effluent,0.897458530238549,0.9087533950805664,XGBoost,XGBoost_2
1266,SI_ref_18,Pristine SCW Biochar,IBU,Secondary effluent,0.8973424975849196,0.9064957499504089,XGBoost,XGBoost_2
1274,SI_ref_18,Pristine SCW Biochar,IBU,Secondary effluent,0.8992057856547054,0.9097684621810913,XGBoost,XGBoost_2
1283,SI_ref_18,Pristine SCW Biochar,IBU,Lake water,0.9158900362354069,0.9170390963554382,XGBoost,XGBoost_2
1291,SI_ref_18,Pristine SCW Biochar,IBU,Lake water,0.9068652159539504,0.9170390963554382,XGBoost,XGBoost_2
1293,SI_ref_18,Pristine SCW Biochar,IBU,Lake water,0.9067682424855283,0.9170390963554382,XGBoost,XGBoost_2
1300,SI_ref_18,Pristine SCW Biochar,IBU,Lake water,0.9277221749920567,0.9260799288749695,XGBoost,XGBoost_2
1304,SI_ref_18,Pristine SCW Biochar,IBU,Secondary effluent,0.911352956646831,0.9097684621810913,XGBoost,XGBoost_2
1309,SI_ref_18,Pristine SCW Biochar,NPX,Secondary effluent,0.9276600601799115,0.9209144115447998,XGBoost,XGBoost_2
1311,SI_ref_18,Pristine SCW Biochar,NPX,Secondary effluent,0.9217275625657669,0.9163281321525574,XGBoost,XGBoost_2
1313,SI_ref_18,Pristine SCW Biochar,NPX,Secondary effluent,0.9151672500810683,0.9133169651031494,XGBoost,XGBoost_2
1315,SI_ref_18,Pristine SCW Biochar,NPX,Secondary effluent,0.914870212237198,0.9135054349899292,XGBoost,XGBoost_2
1317,SI_ref_18,Pristine SCW Biochar,NPX,Secondary effluent,0.9125118045566373,0.9143616557121277,XGBoost,XGBoost_2
1319,SI_ref_18,Pristine SCW Biochar,NPX,Secondary effluent,0.9122370962869346,0.9091688990592957,XGBoost,XGBoost_2
1321,SI_ref_18,Pristine SCW Biochar,NPX,Secondary effluent,0.9100475600528815,0.9069112539291382,XGBoost,XGBoost_2
1329,SI_ref_18,Pristine SCW Biochar,NPX,Secondary effluent,0.910898633301941,0.9074646234512329,XGBoost,XGBoost_2
1330,SI_ref_18,Pristine SCW Biochar,NPX,Lake water,0.9241969522882365,0.916339099407196,XGBoost,XGBoost_2
1340,SI_ref_18,Pristine SCW Biochar,NPX,Lake water,0.9210401821004949,0.9106579422950745,XGBoost,XGBoost_2
1344,SI_ref_18,Pristine SCW Biochar,NPX,Lake water,0.9309313456555985,0.9276179671287537,XGBoost,XGBoost_2
19,SI_ref_19,AMCB,IBU,Lake water,0.12160249298048154,0.4203991439990928,Point,ExtraTrees_2
20,SI_ref_19,AMCB,IBU,Ground water,0.0023766372681587895,0.2729924918038154,Point,ExtraTrees_2
26,SI_ref_19,AMCB,IBU,Ground water,0.1894672613641715,0.29308192057755444,Point,ExtraTrees_2
27,SI_ref_19,AMCB,IBU,Lake water,0.343266669603983,0.42417122077767244,Point,ExtraTrees_2
36,SI_ref_19,AMCB,IBU,Ground water,0.41496556078686897,0.1956311341506279,Point,ExtraTrees_2
42,SI_ref_19,AMCB,IBU,Ground water,0.5182383095521604,0.19222218781388672,Point,ExtraTrees_2
45,SI_ref_19,AMCB,IBU,Lake water,0.5439346954470261,0.42800661367017356,Point,ExtraTrees_2
46,SI_ref_19,AMCB,IBU,Ground water,0.48210720700720494,0.28764749190706396,Point,ExtraTrees_2
51,SI_ref_19,AMCB,IBU,Lake water,0.0829192384873889,0.42605140458651536,Point,ExtraTrees_2
52,SI_ref_19,AMCB,IBU,Ground water,0.003531050071646246,0.28820629528656294,Point,ExtraTrees_2
56,SI_ref_19,AMCB,IBU,Ground water,0.17260220522445793,0.311377389481741,Point,ExtraTrees_2
57,SI_ref_19,AMCB,IBU,Lake water,0.2799685707152232,0.4269220304348842,Point,ExtraTrees_2
66,SI_ref_19,AMCB,IBU,Ground water,0.4885549946229274,0.1978403751772047,Point,ExtraTrees_2
72,SI_ref_19,AMCB,IBU,Ground water,0.5107350299703324,0.1975419410698854,Point,ExtraTrees_2
75,SI_ref_19,AMCB,IBU,Lake water,0.539673236909249,0.4323496395380598,Point,ExtraTrees_2
76,SI_ref_19,AMCB,IBU,Ground water,0.4945842701164504,0.30072759050940634,Point,ExtraTrees_2
81,SI_ref_19,AMCB,IBU,Lake water,0.11734271672387758,0.42988484051136583,Point,ExtraTrees_2
82,SI_ref_19,AMCB,IBU,Ground water,0.0,0.2973555683681576,Point,ExtraTrees_2
86,SI_ref_19,AMCB,IBU,Ground water,0.16952726930244136,0.32015343817385,Point,ExtraTrees_2
87,SI_ref_19,AMCB,IBU,Lake water,0.245380335735257,0.4303502921221578,Point,ExtraTrees_2
96,SI_ref_19,AMCB,IBU,Ground water,0.45590621693388655,0.20930192176786291,Point,ExtraTrees_2
110,SI_ref_19,AMCB,IBU,Ground water,0.5205305455205957,0.21078042078400328,Point,ExtraTrees_2
113,SI_ref_19,AMCB,IBU,Lake water,0.5570792394486925,0.43375923746580525,Point,ExtraTrees_2
114,SI_ref_19,AMCB,IBU,Ground water,0.48301499525722014,0.3063614149804825,Point,ExtraTrees_2
134,SI_ref_17,Alkali-modified SCG biochars,CBZ,Synthetic,0.00635796336582959,0.10710986571402191,Point,ExtraTrees_2
143,SI_ref_17,Alkali-modified SCG biochars,CBZ,Synthetic,0.12158111194827703,0.3375128352005593,Point,ExtraTrees_2
146,SI_ref_17,Alkali-modified SCG biochars,CBZ,Synthetic,0.6777397154224275,0.3375128352005593,Point,ExtraTrees_2
150,SI_ref_17,Alkali-modified SCG biochars,CBZ,Synthetic,0.8144073973371778,0.3375128352005593,Point,ExtraTrees_2
153,SI_ref_17,Alkali-modified SCG biochars,CBZ,Synthetic,0.5612135486607656,0.10710986571402191,Point,ExtraTrees_2
154,SI_ref_17,Alkali-modified SCG biochars,EE2,Synthetic,0.32691906294512396,0.4412198838777045,Point,ExtraTrees_2
155,SI_ref_17,Alkali-modified SCG biochars,EE2,Synthetic,0.281684429186895,0.35076266077645046,Point,ExtraTrees_2
156,SI_ref_17,Alkali-modified SCG biochars,EE2,Synthetic,0.2985885901242538,0.43834948673111496,Point,ExtraTrees_2
157,SI_ref_17,Alkali-modified SCG biochars,EE2,Synthetic,0.1736546812353491,0.33869393267629294,Point,ExtraTrees_2
158,SI_ref_17,Alkali-modified SCG biochars,EE2,Synthetic,0.08297647774499996,0.4077561744101436,Point,ExtraTrees_2
159,SI_ref_17,Alkali-modified SCG biochars,EE2,Synthetic,0.0890939833732563,0.32518195186181376,Point,ExtraTrees_2
160,SI_ref_17,Alkali-modified SCG biochars,EE2,Synthetic,0.12434438865468556,0.3843917218626982,Point,ExtraTrees_2
161,SI_ref_17,Alkali-modified SCG biochars,EE2,Synthetic,0.0719303611000807,0.32818007587748765,Point,ExtraTrees_2
162,SI_ref_17,Alkali-modified SCG biochars,EE2,Synthetic,0.050886215526030655,0.3784105553553519,Point,ExtraTrees_2
163,SI_ref_17,Alkali-modified SCG biochars,EE2,Synthetic,0.06892444951131721,0.33378783328770056,Point,ExtraTrees_2
164,SI_ref_17,Alkali-modified SCG biochars,EE2,Synthetic,0.0402114435413677,0.3741229782773165,Point,ExtraTrees_2
165,SI_ref_17,Alkali-modified SCG biochars,EE2,Synthetic,0.06161971981332274,0.33364223499995194,Point,ExtraTrees_2
166,SI_ref_17,Alkali-modified SCG biochars,EE2,Synthetic,0.014122078362060976,0.36904365199605216,Point,ExtraTrees_2
167,SI_ref_17,Alkali-modified SCG biochars,EE2,Synthetic,0.06227375203350968,0.3326990941192083,Point,ExtraTrees_2
170,SI_ref_17,Alkali-modified SCG biochars,EE2,Synthetic,0.13791601981601773,0.3725567461903705,Point,ExtraTrees_2
171,SI_ref_17,Alkali-modified SCG biochars,EE2,Synthetic,0.09051861058315946,0.3353732703422906,Point,ExtraTrees_2
180,SI_ref_17,Alkali-modified SCG biochars,EE2,Synthetic,0.2279548813058391,0.3353732703422906,Point,ExtraTrees_2
203,SI_ref_17,Alkali-modified SCG biochars,IBU,Synthetic,0.10913541523053398,0.39400820477989823,Point,ExtraTrees_2
216,SI_ref_17,Alkali-modified SCG biochars,IBU,Synthetic,0.10107027265594352,0.15748376450916837,Point,ExtraTrees_2
217,SI_ref_17,Alkali-modified SCG biochars,IBU,Synthetic,0.6889998443034063,0.39572416181492576,Point,ExtraTrees_2
219,SI_ref_17,Alkali-modified SCG biochars,IBU,Synthetic,0.1184746430703935,0.39572416181492576,Point,ExtraTrees_2
222,SI_ref_17,Alkali-modified SCG biochars,IBU,Synthetic,0.04374442489311713,0.15748376450916837,Point,ExtraTrees_2
224,SI_ref_17,Alkali-modified SCG biochars,IBU,Synthetic,0.2945083196339574,0.15748376450916837,Point,ExtraTrees_2
225,SI_ref_17,Alkali-modified SCG biochars,IBU,Synthetic,0.5901579894748284,0.39572416181492576,Point,ExtraTrees_2
227,SI_ref_17,Alkali-modified SCG biochars,IBU,Synthetic,0.6910697148739985,0.39572416181492576,Point,ExtraTrees_2
235,SI_ref_16,C-Biochar,ATE,Synthetic,0.8511111111111113,0.7826117207370256,Point,ExtraTrees_2
237,SI_ref_16,C-Biochar,ATE,Synthetic,0.8733333333333334,0.7826117207370256,Point,ExtraTrees_2
239,SI_ref_16,C-Biochar,ATE,Synthetic,0.6511111111111112,0.7826117207370256,Point,ExtraTrees_2
241,SI_ref_16,C-Biochar,ATE,Synthetic,0.7774074074074075,0.7826117207370256,Point,ExtraTrees_2
247,SI_ref_16,C-Biochar,CBZ,Synthetic,0.44146825396825395,0.5760676246194969,Point,ExtraTrees_2
249,SI_ref_16,C-Biochar,CBZ,Synthetic,0.4430976430976431,0.5763830638326362,Point,ExtraTrees_2
253,SI_ref_16,C-Biochar,CBZ,Synthetic,0.4044973544973545,0.5763830638326362,Point,ExtraTrees_2
255,SI_ref_16,C-Biochar,CBZ,Synthetic,0.46792328042328046,0.5763830638326362,Point,ExtraTrees_2
257,SI_ref_16,C-Biochar,CBZ,Synthetic,0.46197089947089953,0.5786339422394275,Point,ExtraTrees_2
273,SI_ref_16,C-Biochar,IBU,Synthetic,0.6000000000000001,0.6610735431492339,Point,ExtraTrees_2
278,SI_ref_16,C-Biochar,IBU,Synthetic,0.8430555555555557,0.6610735431492339,Point,ExtraTrees_2
299,SI_ref_19,CB,IBU,Lake water,0.9811931645978613,0.9265817786275748,Point,ExtraTrees_2
300,SI_ref_19,CB,IBU,Ground water,0.9595058090644278,0.92001311674162,Point,ExtraTrees_2
304,SI_ref_19,CB,IBU,Ground water,0.9323428884090048,0.9312159828020805,Point,ExtraTrees_2
305,SI_ref_19,CB,IBU,Lake water,0.9442367850805692,0.9265817786275748,Point,ExtraTrees_2
320,SI_ref_19,CB,IBU,Ground water,0.9303445651202417,0.9567080043092738,Point,ExtraTrees_2
326,SI_ref_19,CB,IBU,Ground water,0.9318432124429017,0.9567080043092738,Point,ExtraTrees_2
329,SI_ref_19,CB,IBU,Lake water,0.9296205387839244,0.9265817786275748,Point,ExtraTrees_2
330,SI_ref_19,CB,IBU,Ground water,0.9174641264203113,0.92001311674162,Point,ExtraTrees_2
345,SI_ref_14,GCRB,ALA,Synthetic,0.9324051079932012,0.9544256086063041,Point,ExtraTrees_2
348,SI_ref_14,GCRB,ALA,Synthetic,0.959711660682908,0.9544256086063041,Point,ExtraTrees_2
374,SI_ref_14,GCRB,DIU,Synthetic,1.0082496176169822,0.9496104111588852,Point,ExtraTrees_2
376,SI_ref_14,GCRB,SIM,Synthetic,0.9862955626477844,0.9760748732297466,Point,ExtraTrees_2
377,SI_ref_14,GCRB,SIM,Synthetic,0.9834030650434858,0.9760748732297466,Point,ExtraTrees_2
378,SI_ref_14,GCRB,SIM,Synthetic,0.9809240251187635,0.9760748732297466,Point,ExtraTrees_2
379,SI_ref_14,GCRB,SIM,Synthetic,0.977408497407208,0.9760748732297466,Point,ExtraTrees_2
380,SI_ref_14,GCRB,SIM,Synthetic,0.9725866254178165,0.9760748732297466,Point,ExtraTrees_2
381,SI_ref_14,GCRB,SIM,Synthetic,0.9707397150816074,0.9760748732297466,Point,ExtraTrees_2
382,SI_ref_14,GCRB,SIM,Synthetic,0.9682512913168398,0.9760748732297466,Point,ExtraTrees_2
383,SI_ref_14,GCRB,SIM,Synthetic,0.9596267727831934,0.9760748732297466,Point,ExtraTrees_2
393,SI_ref_14,GCRB,SIM,Synthetic,0.9681949882765674,0.9760748732297466,Point,ExtraTrees_2
397,SI_ref_14,GCRB,SIM,Synthetic,0.9595581925458377,0.9760748732297466,Point,ExtraTrees_2
410,SI_ref_14,GCRB-N,ALA,Synthetic,0.42098834230158483,0.5029894732542805,Point,ExtraTrees_2
419,SI_ref_14,GCRB-N,ALA,Synthetic,0.3038540896584293,0.5301322186082744,Point,ExtraTrees_2
428,SI_ref_14,GCRB-N,ALA,Synthetic,0.2941679236692388,0.5344406417438071,Point,ExtraTrees_2
437,SI_ref_14,GCRB-N,ALA,Synthetic,0.299011006663834,0.539639874627806,Point,ExtraTrees_2
459,SI_ref_14,GCRB-N,DIU,Synthetic,0.6455190877003087,0.2693117017794781,Point,ExtraTrees_2
468,SI_ref_14,GCRB-N,DIU,Synthetic,0.6564705601884918,0.27113290595823025,Point,ExtraTrees_2
477,SI_ref_14,GCRB-N,DIU,Synthetic,0.6413243626564091,0.276887926474425,Point,ExtraTrees_2
480,SI_ref_14,GCRB-N,SIM,Synthetic,0.8709260833889569,0.6088407668147632,Point,ExtraTrees_2
481,SI_ref_14,GCRB-N,SIM,Synthetic,0.7937886433454202,0.6058262250313712,Point,ExtraTrees_2
482,SI_ref_14,GCRB-N,SIM,Synthetic,0.7230251055630271,0.5959794047690479,Point,ExtraTrees_2
483,SI_ref_14,GCRB-N,SIM,Synthetic,0.6451471952322713,0.5815014120357602,Point,ExtraTrees_2
484,SI_ref_14,GCRB-N,SIM,Synthetic,0.579106572580609,0.5608857696452738,Point,ExtraTrees_2
485,SI_ref_14,GCRB-N,SIM,Synthetic,0.5461098630342859,0.5490040486835617,Point,ExtraTrees_2
486,SI_ref_14,GCRB-N,SIM,Synthetic,0.526458395826474,0.5462194888806711,Point,ExtraTrees_2
487,SI_ref_14,GCRB-N,SIM,Synthetic,0.44952651357619516,0.5450711170584197,Point,ExtraTrees_2
493,SI_ref_14,GCRB-N,SIM,Synthetic,0.525804086252399,0.5450711170584197,Point,ExtraTrees_2
502,SI_ref_14,GCRB-N,SIM,Synthetic,0.8453757948497886,0.5920434770192317,Point,ExtraTrees_2
511,SI_ref_14,GCRB-N,SIM,Synthetic,0.8584308799035202,0.5921915754664976,Point,ExtraTrees_2
520,SI_ref_14,GCRB-N,SIM,Synthetic,0.8519033373766544,0.5831538007784428,Point,ExtraTrees_2
540,SI_ref_19,MCB,IBU,Lake water,0.9742126323294387,0.9219541670223341,Point,ExtraTrees_2
541,SI_ref_19,MCB,IBU,Ground water,0.9483485035015843,0.9143580295271618,Point,ExtraTrees_2
547,SI_ref_19,MCB,IBU,Ground water,0.9263512886233829,0.9264604793166924,Point,ExtraTrees_2
548,SI_ref_19,MCB,IBU,Lake water,0.9349728899053784,0.9217002007826592,Point,ExtraTrees_2
565,SI_ref_19,MCB,IBU,Ground water,0.9254612605703445,0.9516491721698876,Point,ExtraTrees_2
571,SI_ref_19,MCB,IBU,Ground water,0.927696260267614,0.9533047241153283,Point,ExtraTrees_2
574,SI_ref_19,MCB,IBU,Lake water,0.9258585842402297,0.9212181509974847,Point,ExtraTrees_2
575,SI_ref_19,MCB,IBU,Ground water,0.9173366162788351,0.9142862834317198,Point,ExtraTrees_2
580,SI_ref_19,MCB,IBU,Lake water,0.974635205338439,0.9214991183243737,Point,ExtraTrees_2
581,SI_ref_19,MCB,IBU,Ground water,0.95367292982704,0.9150139728279143,Point,ExtraTrees_2
585,SI_ref_19,MCB,IBU,Ground water,0.925414707326754,0.9271576240691999,Point,ExtraTrees_2
586,SI_ref_19,MCB,IBU,Lake water,0.9347814302861347,0.9214666968358314,Point,ExtraTrees_2
595,SI_ref_19,MCB,IBU,Ground water,0.9248851497651674,0.9478878811852222,Point,ExtraTrees_2
601,SI_ref_19,MCB,IBU,Ground water,0.9300914246503462,0.9494219591617297,Point,ExtraTrees_2
604,SI_ref_19,MCB,IBU,Lake water,0.9282701343021136,0.9212187064021865,Point,ExtraTrees_2
605,SI_ref_19,MCB,IBU,Ground water,0.9160948152334054,0.9149709080156846,Point,ExtraTrees_2
610,SI_ref_19,MCB,IBU,Lake water,0.9716179138912365,0.921288141906046,Point,ExtraTrees_2
611,SI_ref_19,MCB,IBU,Ground water,0.9529992532644452,0.9148980187299182,Point,ExtraTrees_2
615,SI_ref_19,MCB,IBU,Ground water,0.9284499518994666,0.9263355823617114,Point,ExtraTrees_2
616,SI_ref_19,MCB,IBU,Lake water,0.935069554315652,0.921077844440639,Point,ExtraTrees_2
625,SI_ref_19,MCB,IBU,Ground water,0.9258221154816445,0.942907543926295,Point,ExtraTrees_2
631,SI_ref_19,MCB,IBU,Ground water,0.9296259863973036,0.942907543926295,Point,ExtraTrees_2
634,SI_ref_19,MCB,IBU,Lake water,0.9271225782160609,0.9209459319930703,Point,ExtraTrees_2
635,SI_ref_19,MCB,IBU,Ground water,0.9188076045934327,0.9144994752963075,Point,ExtraTrees_2
640,SI_ref_18,NaOH-activated SCW biochars,DCF,Secondary effluent,0.7547018161110076,0.5594090714239968,Point,ExtraTrees_2
642,SI_ref_18,NaOH-activated SCW biochars,DCF,Secondary effluent,0.6981463000238689,0.5591417512759027,Point,ExtraTrees_2
644,SI_ref_18,NaOH-activated SCW biochars,DCF,Secondary effluent,0.6293744945066856,0.556168339570483,Point,ExtraTrees_2
646,SI_ref_18,NaOH-activated SCW biochars,DCF,Secondary effluent,0.588788451165352,0.5565850623265797,Point,ExtraTrees_2
648,SI_ref_18,NaOH-activated SCW biochars,DCF,Secondary effluent,0.5891686823750966,0.5544104699035705,Point,ExtraTrees_2
650,SI_ref_18,NaOH-activated SCW biochars,DCF,Secondary effluent,0.5849511312086796,0.5550482488811896,Point,ExtraTrees_2
652,SI_ref_18,NaOH-activated SCW biochars,DCF,Secondary effluent,0.5864672759838442,0.5555847339592845,Point,ExtraTrees_2
655,SI_ref_18,NaOH-activated SCW biochars,DCF,Lake water,0.28283236606156975,0.5173894211037564,Point,ExtraTrees_2
657,SI_ref_18,NaOH-activated SCW biochars,DCF,Lake water,0.4098052873550469,0.5173894211037564,Point,ExtraTrees_2
662,SI_ref_18,NaOH-activated SCW biochars,DCF,Secondary effluent,0.600008865661574,0.5566036636951118,Point,ExtraTrees_2
668,SI_ref_18,NaOH-activated SCW biochars,DCF,Lake water,0.5638671837826676,0.5173894211037564,Point,ExtraTrees_2
673,SI_ref_18,NaOH-activated SCW biochars,DCF,Lake water,0.5356816504619031,0.5173894211037564,Point,ExtraTrees_2
679,SI_ref_18,NaOH-activated SCW biochars,DCF,Lake water,0.48550836273532816,0.5173894211037564,Point,ExtraTrees_2
682,SI_ref_18,NaOH-activated SCW biochars,DCF,Secondary effluent,0.5965252581670849,0.5566036636951118,Point,ExtraTrees_2
688,SI_ref_18,NaOH-activated SCW biochars,DCF,Lake water,0.5703611171190489,0.5835537563473919,Point,ExtraTrees_2
693,SI_ref_18,NaOH-activated SCW biochars,DCF,Secondary effluent,0.6557026735074662,0.5566036636951118,Point,ExtraTrees_2
694,SI_ref_18,NaOH-activated SCW biochars,DCF,Lake water,0.7297297292522416,0.5173894211037564,Point,ExtraTrees_2
699,SI_ref_18,NaOH-activated SCW biochars,IBU,Secondary effluent,0.8098199350756726,0.6067494485519876,Point,ExtraTrees_2
701,SI_ref_18,NaOH-activated SCW biochars,IBU,Secondary effluent,0.7485969905050348,0.6079129385199745,Point,ExtraTrees_2
703,SI_ref_18,NaOH-activated SCW biochars,IBU,Secondary effluent,0.6850179499229786,0.607668855374587,Point,ExtraTrees_2
705,SI_ref_18,NaOH-activated SCW biochars,IBU,Secondary effluent,0.6861011679416551,0.6057834333352703,Point,ExtraTrees_2
707,SI_ref_18,NaOH-activated SCW biochars,IBU,Secondary effluent,0.6799185617433835,0.6046543129457107,Point,ExtraTrees_2
709,SI_ref_18,NaOH-activated SCW biochars,IBU,Secondary effluent,0.6765813990931481,0.6018696137210988,Point,ExtraTrees_2
711,SI_ref_18,NaOH-activated SCW biochars,IBU,Secondary effluent,0.6777803451607008,0.6016217880613586,Point,ExtraTrees_2
712,SI_ref_18,NaOH-activated SCW biochars,IBU,Lake water,0.10371139816269948,0.6264622233454079,Point,ExtraTrees_2
714,SI_ref_18,NaOH-activated SCW biochars,IBU,Lake water,0.46656560236114836,0.6264622233454079,Point,ExtraTrees_2
721,SI_ref_18,NaOH-activated SCW biochars,IBU,Secondary effluent,0.675113405421536,0.6014615713662791,Point,ExtraTrees_2
730,SI_ref_18,NaOH-activated SCW biochars,IBU,Lake water,0.627404015064595,0.6264622233454079,Point,ExtraTrees_2
738,SI_ref_18,NaOH-activated SCW biochars,IBU,Lake water,0.6298527247859258,0.6264622233454079,Point,ExtraTrees_2
740,SI_ref_18,NaOH-activated SCW biochars,IBU,Lake water,0.5791171913994386,0.6264622233454079,Point,ExtraTrees_2
747,SI_ref_18,NaOH-activated SCW biochars,IBU,Lake water,0.6846241766923425,0.7060327507828306,Point,ExtraTrees_2
752,SI_ref_18,NaOH-activated SCW biochars,IBU,Secondary effluent,0.7252319435730717,0.6014615713662791,Point,ExtraTrees_2
758,SI_ref_18,NaOH-activated SCW biochars,NPX,Secondary effluent,0.5521972966156422,0.16575641542114528,Point,ExtraTrees_2
760,SI_ref_18,NaOH-activated SCW biochars,NPX,Secondary effluent,0.4814245289032641,0.16503736985519193,Point,ExtraTrees_2
762,SI_ref_18,NaOH-activated SCW biochars,NPX,Secondary effluent,0.34455951981715066,0.1639691564130095,Point,ExtraTrees_2
764,SI_ref_18,NaOH-activated SCW biochars,NPX,Secondary effluent,0.2493517679350271,0.1435057335296931,Point,ExtraTrees_2
766,SI_ref_18,NaOH-activated SCW biochars,NPX,Secondary effluent,0.16764900163614713,0.1262280915296119,Point,ExtraTrees_2
768,SI_ref_18,NaOH-activated SCW biochars,NPX,Secondary effluent,0.12846350911521487,0.12229660061108588,Point,ExtraTrees_2
770,SI_ref_18,NaOH-activated SCW biochars,NPX,Secondary effluent,0.12873702561203082,0.12070208890925167,Point,ExtraTrees_2
771,SI_ref_18,NaOH-activated SCW biochars,NPX,Lake water,0.03570310331741743,0.07224314429911287,Point,ExtraTrees_2
780,SI_ref_18,NaOH-activated SCW biochars,NPX,Secondary effluent,0.11864589305153721,0.1213770145300712,Point,ExtraTrees_2
781,SI_ref_18,NaOH-activated SCW biochars,NPX,Lake water,0.04234525136924403,0.07224314429911287,Point,ExtraTrees_2
791,SI_ref_18,NaOH-activated SCW biochars,NPX,Lake water,0.05751855059175114,0.07224314429911287,Point,ExtraTrees_2
795,SI_ref_18,NaOH-activated SCW biochars,NPX,Lake water,0.1386164882936624,0.12335472840745804,Point,ExtraTrees_2
859,SI_ref_13,PB600,CBZ,Synthetic,0.4773489932885906,0.4718546840654397,Point,ExtraTrees_2
892,SI_ref_13,PB600,IBU,Synthetic,0.8533052267445003,0.5922892944990551,Point,ExtraTrees_2
906,SI_ref_13,PB800,CBZ,Synthetic,0.16135346756152125,0.2364950559108856,Point,ExtraTrees_2
939,SI_ref_13,PB800,IBU,Synthetic,0.5875275377054737,0.36509344978361097,Point,ExtraTrees_2
959,SI_ref_15,PSB,CAR,Synthetic,0.898502105289309,0.9217684821791959,Point,ExtraTrees_2
963,SI_ref_15,PSB,CAR,Synthetic,0.8690891098845278,0.9217684821791959,Point,ExtraTrees_2
976,SI_ref_15,PSB,PYR,Synthetic,0.9599614728522631,0.9354839524716121,Point,ExtraTrees_2
980,SI_ref_15,PSB,PYR,Synthetic,0.8739092070679689,0.9354839524716121,Point,ExtraTrees_2
982,SI_ref_15,PSB,PYR,Synthetic,0.8750456231185068,0.9354839524716121,Point,ExtraTrees_2
983,SI_ref_15,PSB,PYR,Synthetic,0.950707773566655,0.9354839524716121,Point,ExtraTrees_2
1000,SI_ref_15,PSB,TEB,Synthetic,0.8714762044822667,0.9300808874636168,Point,ExtraTrees_2
1001,SI_ref_15,PSB,TEB,Synthetic,0.8650362109004135,0.9300808874636168,Point,ExtraTrees_2
1020,SI_ref_15,PSBOX-A,CAR,Synthetic,0.024826351018054676,0.10819607678032435,Point,ExtraTrees_2
1024,SI_ref_15,PSBOX-A,CAR,Synthetic,0.013386578068051812,0.10819607678032435,Point,ExtraTrees_2
1039,SI_ref_15,PSBOX-A,PYR,Synthetic,0.10520884210859399,0.30909355314329895,Point,ExtraTrees_2
1041,SI_ref_15,PSBOX-A,PYR,Synthetic,0.5321591562240328,0.30830333125871834,Point,ExtraTrees_2
1045,SI_ref_15,PSBOX-A,PYR,Synthetic,0.07450853175519283,0.30909355314329895,Point,ExtraTrees_2
1047,SI_ref_15,PSBOX-A,PYR,Synthetic,0.07530521810797475,0.30909355314329895,Point,ExtraTrees_2
1048,SI_ref_15,PSBOX-A,PYR,Synthetic,0.1335562050140622,0.30909355314329895,Point,ExtraTrees_2
1065,SI_ref_15,PSBOX-A,TEB,Synthetic,0.5160089507499187,0.24643945144693077,Point,ExtraTrees_2
1070,SI_ref_15,PSBOX-A,TEB,Synthetic,0.04527670142322688,0.24690490385997074,Point,ExtraTrees_2
1071,SI_ref_15,PSBOX-A,TEB,Synthetic,0.04243318293660387,0.24690490385997074,Point,ExtraTrees_2
1095,SI_ref_17,Pristine SCG biochar,CBZ,Synthetic,0.9071706166070994,0.914887537570308,Point,ExtraTrees_2
1104,SI_ref_17,Pristine SCG biochar,CBZ,Synthetic,0.8748284470323213,0.899848645447004,Point,ExtraTrees_2
1108,SI_ref_17,Pristine SCG biochar,CBZ,Synthetic,0.8967497590877974,0.899848645447004,Point,ExtraTrees_2
1112,SI_ref_17,Pristine SCG biochar,CBZ,Synthetic,0.8867934815653573,0.899848645447004,Point,ExtraTrees_2
1115,SI_ref_17,Pristine SCG biochar,CBZ,Synthetic,0.925161257978969,0.914887537570308,Point,ExtraTrees_2
1116,SI_ref_17,Pristine SCG biochar,EE2,Synthetic,0.9879675366998732,0.8589211055401931,Point,ExtraTrees_2
1117,SI_ref_17,Pristine SCG biochar,EE2,Synthetic,0.9630524728687239,0.8605894111335318,Point,ExtraTrees_2
1118,SI_ref_17,Pristine SCG biochar,EE2,Synthetic,0.9308917481943695,0.8589211055401931,Point,ExtraTrees_2
1119,SI_ref_17,Pristine SCG biochar,EE2,Synthetic,0.9610835485312063,0.8605894111335318,Point,ExtraTrees_2
1120,SI_ref_17,Pristine SCG biochar,EE2,Synthetic,0.8890050918282607,0.8589211055401931,Point,ExtraTrees_2
1121,SI_ref_17,Pristine SCG biochar,EE2,Synthetic,0.9527872619203276,0.8605894111335318,Point,ExtraTrees_2
1122,SI_ref_17,Pristine SCG biochar,EE2,Synthetic,0.8965951913819401,0.8589211055401931,Point,ExtraTrees_2
1123,SI_ref_17,Pristine SCG biochar,EE2,Synthetic,0.9558259103687238,0.8605894111335318,Point,ExtraTrees_2
1124,SI_ref_17,Pristine SCG biochar,EE2,Synthetic,0.8793895099735648,0.8589211055401931,Point,ExtraTrees_2
1125,SI_ref_17,Pristine SCG biochar,EE2,Synthetic,0.9519368217180961,0.8605894111335318,Point,ExtraTrees_2
1126,SI_ref_17,Pristine SCG biochar,EE2,Synthetic,0.8770554520720774,0.8589211055401931,Point,ExtraTrees_2
1127,SI_ref_17,Pristine SCG biochar,EE2,Synthetic,0.9377852461427824,0.8605894111335318,Point,ExtraTrees_2
1128,SI_ref_17,Pristine SCG biochar,EE2,Synthetic,0.8833014060151289,0.8589211055401931,Point,ExtraTrees_2
1129,SI_ref_17,Pristine SCG biochar,EE2,Synthetic,0.9348668633411785,0.8605894111335318,Point,ExtraTrees_2
1132,SI_ref_17,Pristine SCG biochar,EE2,Synthetic,0.8374361704672763,0.8589211055401931,Point,ExtraTrees_2
1133,SI_ref_17,Pristine SCG biochar,EE2,Synthetic,0.8609155049620831,0.8605894111335318,Point,ExtraTrees_2
1137,SI_ref_17,Pristine SCG biochar,EE2,Synthetic,0.8257334628724249,0.8605894111335318,Point,ExtraTrees_2
1147,SI_ref_17,Pristine SCG biochar,EE2,Synthetic,0.8965862728271835,0.8605894111335318,Point,ExtraTrees_2
1170,SI_ref_17,Pristine SCG biochar,IBU,Synthetic,0.7820004901373623,0.8634559293866585,Point,ExtraTrees_2
1183,SI_ref_17,Pristine SCG biochar,IBU,Synthetic,0.9114748664800524,0.9203239413825903,Point,ExtraTrees_2
1184,SI_ref_17,Pristine SCG biochar,IBU,Synthetic,0.9484982246288517,0.9230712998116414,Point,ExtraTrees_2
1186,SI_ref_17,Pristine SCG biochar,IBU,Synthetic,0.893754721851682,0.9194396259916118,Point,ExtraTrees_2
1189,SI_ref_17,Pristine SCG biochar,IBU,Synthetic,0.9210277046979152,0.9203239413825903,Point,ExtraTrees_2
1191,SI_ref_17,Pristine SCG biochar,IBU,Synthetic,0.9513456586569363,0.9203239413825903,Point,ExtraTrees_2
1192,SI_ref_17,Pristine SCG biochar,IBU,Synthetic,0.9226237248225028,0.9194396259916118,Point,ExtraTrees_2
1194,SI_ref_17,Pristine SCG biochar,IBU,Synthetic,0.8857728699803085,0.9194396259916118,Point,ExtraTrees_2
1199,SI_ref_18,Pristine SCW Biochar,DCF,Secondary effluent,0.918928852227115,0.9153403887722864,Point,ExtraTrees_2
1201,SI_ref_18,Pristine SCW Biochar,DCF,Secondary effluent,0.9102784904019702,0.9148998855653555,Point,ExtraTrees_2
1203,SI_ref_18,Pristine SCW Biochar,DCF,Secondary effluent,0.9056826438576806,0.9147202430707534,Point,ExtraTrees_2
1205,SI_ref_18,Pristine SCW Biochar,DCF,Secondary effluent,0.9047459643543814,0.9142072147148808,Point,ExtraTrees_2
1207,SI_ref_18,Pristine SCW Biochar,DCF,Secondary effluent,0.9046272834515193,0.9127196279618082,Point,ExtraTrees_2
1209,SI_ref_18,Pristine SCW Biochar,DCF,Secondary effluent,0.9011959807369067,0.9111986461298804,Point,ExtraTrees_2
1211,SI_ref_18,Pristine SCW Biochar,DCF,Secondary effluent,0.9001936082465184,0.9103447381369295,Point,ExtraTrees_2
1214,SI_ref_18,Pristine SCW Biochar,DCF,Lake water,0.9077130214504949,0.9080425376086019,Point,ExtraTrees_2
1219,SI_ref_18,Pristine SCW Biochar,DCF,Secondary effluent,0.9048873911798646,0.9091630936782247,Point,ExtraTrees_2
1225,SI_ref_18,Pristine SCW Biochar,DCF,Lake water,0.9209005359691885,0.9195418009052928,Point,ExtraTrees_2
1230,SI_ref_18,Pristine SCW Biochar,DCF,Lake water,0.9255037841040696,0.9195418009052928,Point,ExtraTrees_2
1236,SI_ref_18,Pristine SCW Biochar,DCF,Lake water,0.9092724465153025,0.9195418009052928,Point,ExtraTrees_2
1239,SI_ref_18,Pristine SCW Biochar,DCF,Secondary effluent,0.9186059768996898,0.9091630936782247,Point,ExtraTrees_2
1245,SI_ref_18,Pristine SCW Biochar,DCF,Lake water,0.926603142736896,0.9263261235954126,Point,ExtraTrees_2
1249,SI_ref_18,Pristine SCW Biochar,DCF,Secondary effluent,0.9174019043807426,0.9091630936782247,Point,ExtraTrees_2
1254,SI_ref_18,Pristine SCW Biochar,IBU,Secondary effluent,0.9156726978407875,0.9074194333845773,Point,ExtraTrees_2
1256,SI_ref_18,Pristine SCW Biochar,IBU,Secondary effluent,0.9079673942368781,0.9074194333845773,Point,ExtraTrees_2
1258,SI_ref_18,Pristine SCW Biochar,IBU,Secondary effluent,0.9043236251446873,0.9074194333845773,Point,ExtraTrees_2
1260,SI_ref_18,Pristine SCW Biochar,IBU,Secondary effluent,0.9020547983951682,0.9071632538632123,Point,ExtraTrees_2
1262,SI_ref_18,Pristine SCW Biochar,IBU,Secondary effluent,0.9004882379050155,0.9056488080025765,Point,ExtraTrees_2
1264,SI_ref_18,Pristine SCW Biochar,IBU,Secondary effluent,0.897458530238549,0.904348109505179,Point,ExtraTrees_2
1266,SI_ref_18,Pristine SCW Biochar,IBU,Secondary effluent,0.8973424975849196,0.9033310236964662,Point,ExtraTrees_2
1274,SI_ref_18,Pristine SCW Biochar,IBU,Secondary effluent,0.8992057856547054,0.902464076269419,Point,ExtraTrees_2
1283,SI_ref_18,Pristine SCW Biochar,IBU,Lake water,0.9158900362354069,0.9162395697260177,Point,ExtraTrees_2
1291,SI_ref_18,Pristine SCW Biochar,IBU,Lake water,0.9068652159539504,0.9162395697260177,Point,ExtraTrees_2
1293,SI_ref_18,Pristine SCW Biochar,IBU,Lake water,0.9067682424855283,0.9162395697260177,Point,ExtraTrees_2
1300,SI_ref_18,Pristine SCW Biochar,IBU,Lake water,0.9277221749920567,0.9246820258802331,Point,ExtraTrees_2
1304,SI_ref_18,Pristine SCW Biochar,IBU,Secondary effluent,0.911352956646831,0.902464076269419,Point,ExtraTrees_2
1309,SI_ref_18,Pristine SCW Biochar,NPX,Secondary effluent,0.9276600601799115,0.9138539325577412,Point,ExtraTrees_2
1311,SI_ref_18,Pristine SCW Biochar,NPX,Secondary effluent,0.9217275625657669,0.9132647598082823,Point,ExtraTrees_2
1313,SI_ref_18,Pristine SCW Biochar,NPX,Secondary effluent,0.9151672500810683,0.913160256088949,Point,ExtraTrees_2
1315,SI_ref_18,Pristine SCW Biochar,NPX,Secondary effluent,0.914870212237198,0.9127613126161787,Point,ExtraTrees_2
1317,SI_ref_18,Pristine SCW Biochar,NPX,Secondary effluent,0.9125118045566373,0.9117501075732091,Point,ExtraTrees_2
1319,SI_ref_18,Pristine SCW Biochar,NPX,Secondary effluent,0.9122370962869346,0.9106378818417871,Point,ExtraTrees_2
1321,SI_ref_18,Pristine SCW Biochar,NPX,Secondary effluent,0.9100475600528815,0.9101145252989028,Point,ExtraTrees_2
1329,SI_ref_18,Pristine SCW Biochar,NPX,Secondary effluent,0.910898633301941,0.9091591483787017,Point,ExtraTrees_2
1330,SI_ref_18,Pristine SCW Biochar,NPX,Lake water,0.9241969522882365,0.920535200229579,Point,ExtraTrees_2
1340,SI_ref_18,Pristine SCW Biochar,NPX,Lake water,0.9210401821004949,0.920535200229579,Point,ExtraTrees_2
1344,SI_ref_18,Pristine SCW Biochar,NPX,Lake water,0.9309313456555985,0.9295721528243855,Point,ExtraTrees_2
19,SI_ref_19,AMCB,IBU,Lake water,0.12160249298048154,0.2784031927585602,Contrast,XGBoost_2
20,SI_ref_19,AMCB,IBU,Ground water,0.0023766372681587895,0.1936861127614975,Contrast,XGBoost_2
26,SI_ref_19,AMCB,IBU,Ground water,0.1894672613641715,0.23509815335273743,Contrast,XGBoost_2
27,SI_ref_19,AMCB,IBU,Lake water,0.343266669603983,0.302240252494812,Contrast,XGBoost_2
36,SI_ref_19,AMCB,IBU,Ground water,0.41496556078686897,0.35672950744628906,Contrast,XGBoost_2
42,SI_ref_19,AMCB,IBU,Ground water,0.5182383095521604,0.3895057439804077,Contrast,XGBoost_2
45,SI_ref_19,AMCB,IBU,Lake water,0.5439346954470261,0.48717907071113586,Contrast,XGBoost_2
46,SI_ref_19,AMCB,IBU,Ground water,0.48210720700720494,0.3952997326850891,Contrast,XGBoost_2
51,SI_ref_19,AMCB,IBU,Lake water,0.0829192384873889,0.23031939566135406,Contrast,XGBoost_2
52,SI_ref_19,AMCB,IBU,Ground water,0.003531050071646246,0.13096056878566742,Contrast,XGBoost_2
56,SI_ref_19,AMCB,IBU,Ground water,0.17260220522445793,0.21548910439014435,Contrast,XGBoost_2
57,SI_ref_19,AMCB,IBU,Lake water,0.2799685707152232,0.30364692211151123,Contrast,XGBoost_2
66,SI_ref_19,AMCB,IBU,Ground water,0.4885549946229274,0.37814319133758545,Contrast,XGBoost_2
72,SI_ref_19,AMCB,IBU,Ground water,0.5107350299703324,0.4081040620803833,Contrast,XGBoost_2
75,SI_ref_19,AMCB,IBU,Lake water,0.539673236909249,0.5057774186134338,Contrast,XGBoost_2
76,SI_ref_19,AMCB,IBU,Ground water,0.4945842701164504,0.41703492403030396,Contrast,XGBoost_2
81,SI_ref_19,AMCB,IBU,Lake water,0.11734271672387758,0.18590810894966125,Contrast,XGBoost_2
82,SI_ref_19,AMCB,IBU,Ground water,0.0,0.09153351187705994,Contrast,XGBoost_2
86,SI_ref_19,AMCB,IBU,Ground water,0.16952726930244136,0.21761688590049744,Contrast,XGBoost_2
87,SI_ref_19,AMCB,IBU,Lake water,0.245380335735257,0.30502066016197205,Contrast,XGBoost_2
96,SI_ref_19,AMCB,IBU,Ground water,0.45590621693388655,0.40752142667770386,Contrast,XGBoost_2
110,SI_ref_19,AMCB,IBU,Ground water,0.5205305455205957,0.40725770592689514,Contrast,XGBoost_2
113,SI_ref_19,AMCB,IBU,Lake water,0.5570792394486925,0.49321386218070984,Contrast,XGBoost_2
114,SI_ref_19,AMCB,IBU,Ground water,0.48301499525722014,0.3960106074810028,Contrast,XGBoost_2
134,SI_ref_17,Alkali-modified SCG biochars,CBZ,Synthetic,0.00635796336582959,0.12118367850780487,Contrast,XGBoost_2
143,SI_ref_17,Alkali-modified SCG biochars,CBZ,Synthetic,0.12158111194827703,0.22951488196849823,Contrast,XGBoost_2
146,SI_ref_17,Alkali-modified SCG biochars,CBZ,Synthetic,0.6777397154224275,0.36345893144607544,Contrast,XGBoost_2
150,SI_ref_17,Alkali-modified SCG biochars,CBZ,Synthetic,0.8144073973371778,0.36345893144607544,Contrast,XGBoost_2
153,SI_ref_17,Alkali-modified SCG biochars,CBZ,Synthetic,0.5612135486607656,0.12118367850780487,Contrast,XGBoost_2
154,SI_ref_17,Alkali-modified SCG biochars,EE2,Synthetic,0.32691906294512396,0.663411557674408,Contrast,XGBoost_2
155,SI_ref_17,Alkali-modified SCG biochars,EE2,Synthetic,0.281684429186895,0.42009127140045166,Contrast,XGBoost_2
156,SI_ref_17,Alkali-modified SCG biochars,EE2,Synthetic,0.2985885901242538,0.6293597221374512,Contrast,XGBoost_2
157,SI_ref_17,Alkali-modified SCG biochars,EE2,Synthetic,0.1736546812353491,0.36671605706214905,Contrast,XGBoost_2
158,SI_ref_17,Alkali-modified SCG biochars,EE2,Synthetic,0.08297647774499996,0.48441803455352783,Contrast,XGBoost_2
159,SI_ref_17,Alkali-modified SCG biochars,EE2,Synthetic,0.0890939833732563,0.36121970415115356,Contrast,XGBoost_2
160,SI_ref_17,Alkali-modified SCG biochars,EE2,Synthetic,0.12434438865468556,0.41297462582588196,Contrast,XGBoost_2
161,SI_ref_17,Alkali-modified SCG biochars,EE2,Synthetic,0.0719303611000807,0.35083821415901184,Contrast,XGBoost_2
162,SI_ref_17,Alkali-modified SCG biochars,EE2,Synthetic,0.050886215526030655,0.41297462582588196,Contrast,XGBoost_2
163,SI_ref_17,Alkali-modified SCG biochars,EE2,Synthetic,0.06892444951131721,0.35083821415901184,Contrast,XGBoost_2
164,SI_ref_17,Alkali-modified SCG biochars,EE2,Synthetic,0.0402114435413677,0.4059388339519501,Contrast,XGBoost_2
165,SI_ref_17,Alkali-modified SCG biochars,EE2,Synthetic,0.06161971981332274,0.35083821415901184,Contrast,XGBoost_2
166,SI_ref_17,Alkali-modified SCG biochars,EE2,Synthetic,0.014122078362060976,0.3903313875198364,Contrast,XGBoost_2
167,SI_ref_17,Alkali-modified SCG biochars,EE2,Synthetic,0.06227375203350968,0.3483373522758484,Contrast,XGBoost_2
170,SI_ref_17,Alkali-modified SCG biochars,EE2,Synthetic,0.13791601981601773,0.4182496964931488,Contrast,XGBoost_2
171,SI_ref_17,Alkali-modified SCG biochars,EE2,Synthetic,0.09051861058315946,0.4058811664581299,Contrast,XGBoost_2
180,SI_ref_17,Alkali-modified SCG biochars,EE2,Synthetic,0.2279548813058391,0.4058811664581299,Contrast,XGBoost_2
203,SI_ref_17,Alkali-modified SCG biochars,IBU,Synthetic,0.10913541523053398,0.12241359800100327,Contrast,XGBoost_2
216,SI_ref_17,Alkali-modified SCG biochars,IBU,Synthetic,0.10107027265594352,0.1948840618133545,Contrast,XGBoost_2
217,SI_ref_17,Alkali-modified SCG biochars,IBU,Synthetic,0.6889998443034063,0.2639065384864807,Contrast,XGBoost_2
219,SI_ref_17,Alkali-modified SCG biochars,IBU,Synthetic,0.1184746430703935,0.38850632309913635,Contrast,XGBoost_2
222,SI_ref_17,Alkali-modified SCG biochars,IBU,Synthetic,0.04374442489311713,0.1948840618133545,Contrast,XGBoost_2
224,SI_ref_17,Alkali-modified SCG biochars,IBU,Synthetic,0.2945083196339574,0.1948840618133545,Contrast,XGBoost_2
225,SI_ref_17,Alkali-modified SCG biochars,IBU,Synthetic,0.5901579894748284,0.38850632309913635,Contrast,XGBoost_2
227,SI_ref_17,Alkali-modified SCG biochars,IBU,Synthetic,0.6910697148739985,0.38850632309913635,Contrast,XGBoost_2
235,SI_ref_16,C-Biochar,ATE,Synthetic,0.8511111111111113,0.7951163649559021,Contrast,XGBoost_2
237,SI_ref_16,C-Biochar,ATE,Synthetic,0.8733333333333334,0.7951163649559021,Contrast,XGBoost_2
239,SI_ref_16,C-Biochar,ATE,Synthetic,0.6511111111111112,0.7091134190559387,Contrast,XGBoost_2
241,SI_ref_16,C-Biochar,ATE,Synthetic,0.7774074074074075,0.7951163649559021,Contrast,XGBoost_2
247,SI_ref_16,C-Biochar,CBZ,Synthetic,0.44146825396825395,0.5833172798156738,Contrast,XGBoost_2
249,SI_ref_16,C-Biochar,CBZ,Synthetic,0.4430976430976431,0.591332197189331,Contrast,XGBoost_2
253,SI_ref_16,C-Biochar,CBZ,Synthetic,0.4044973544973545,0.591332197189331,Contrast,XGBoost_2
255,SI_ref_16,C-Biochar,CBZ,Synthetic,0.46792328042328046,0.455268919467926,Contrast,XGBoost_2
257,SI_ref_16,C-Biochar,CBZ,Synthetic,0.46197089947089953,0.8126505017280579,Contrast,XGBoost_2
273,SI_ref_16,C-Biochar,IBU,Synthetic,0.6000000000000001,0.6161916255950928,Contrast,XGBoost_2
278,SI_ref_16,C-Biochar,IBU,Synthetic,0.8430555555555557,0.6577804684638977,Contrast,XGBoost_2
299,SI_ref_19,CB,IBU,Lake water,0.9811931645978613,0.9275364875793457,Contrast,XGBoost_2
300,SI_ref_19,CB,IBU,Ground water,0.9595058090644278,0.9252188205718994,Contrast,XGBoost_2
304,SI_ref_19,CB,IBU,Ground water,0.9323428884090048,0.9269513487815857,Contrast,XGBoost_2
305,SI_ref_19,CB,IBU,Lake water,0.9442367850805692,0.9275364875793457,Contrast,XGBoost_2
320,SI_ref_19,CB,IBU,Ground water,0.9303445651202417,0.9531072974205017,Contrast,XGBoost_2
326,SI_ref_19,CB,IBU,Ground water,0.9318432124429017,0.9531072974205017,Contrast,XGBoost_2
329,SI_ref_19,CB,IBU,Lake water,0.9296205387839244,0.9275364875793457,Contrast,XGBoost_2
330,SI_ref_19,CB,IBU,Ground water,0.9174641264203113,0.9252188205718994,Contrast,XGBoost_2
345,SI_ref_14,GCRB,ALA,Synthetic,0.9324051079932012,0.9498628377914429,Contrast,XGBoost_2
348,SI_ref_14,GCRB,ALA,Synthetic,0.959711660682908,0.9574962854385376,Contrast,XGBoost_2
374,SI_ref_14,GCRB,DIU,Synthetic,1.0082496176169822,0.9467907547950745,Contrast,XGBoost_2
376,SI_ref_14,GCRB,SIM,Synthetic,0.9862955626477844,0.9847703576087952,Contrast,XGBoost_2
377,SI_ref_14,GCRB,SIM,Synthetic,0.9834030650434858,0.9810889959335327,Contrast,XGBoost_2
378,SI_ref_14,GCRB,SIM,Synthetic,0.9809240251187635,0.9852855801582336,Contrast,XGBoost_2
379,SI_ref_14,GCRB,SIM,Synthetic,0.977408497407208,0.984494686126709,Contrast,XGBoost_2
380,SI_ref_14,GCRB,SIM,Synthetic,0.9725866254178165,0.9799595475196838,Contrast,XGBoost_2
381,SI_ref_14,GCRB,SIM,Synthetic,0.9707397150816074,0.9788928627967834,Contrast,XGBoost_2
382,SI_ref_14,GCRB,SIM,Synthetic,0.9682512913168398,0.976635217666626,Contrast,XGBoost_2
383,SI_ref_14,GCRB,SIM,Synthetic,0.9596267727831934,0.956563413143158,Contrast,XGBoost_2
393,SI_ref_14,GCRB,SIM,Synthetic,0.9681949882765674,0.9782752394676208,Contrast,XGBoost_2
397,SI_ref_14,GCRB,SIM,Synthetic,0.9595581925458377,0.9782752394676208,Contrast,XGBoost_2
410,SI_ref_14,GCRB-N,ALA,Synthetic,0.42098834230158483,0.4363075792789459,Contrast,XGBoost_2
419,SI_ref_14,GCRB-N,ALA,Synthetic,0.3038540896584293,0.5520474314689636,Contrast,XGBoost_2
428,SI_ref_14,GCRB-N,ALA,Synthetic,0.2941679236692388,0.6023901104927063,Contrast,XGBoost_2
437,SI_ref_14,GCRB-N,ALA,Synthetic,0.299011006663834,0.7168872356414795,Contrast,XGBoost_2
459,SI_ref_14,GCRB-N,DIU,Synthetic,0.6455190877003087,0.25258341431617737,Contrast,XGBoost_2
468,SI_ref_14,GCRB-N,DIU,Synthetic,0.6564705601884918,0.267342209815979,Contrast,XGBoost_2
477,SI_ref_14,GCRB-N,DIU,Synthetic,0.6413243626564091,0.23831883072853088,Contrast,XGBoost_2
480,SI_ref_14,GCRB-N,SIM,Synthetic,0.8709260833889569,0.812842071056366,Contrast,XGBoost_2
481,SI_ref_14,GCRB-N,SIM,Synthetic,0.7937886433454202,0.7550841569900513,Contrast,XGBoost_2
482,SI_ref_14,GCRB-N,SIM,Synthetic,0.7230251055630271,0.6799979209899902,Contrast,XGBoost_2
483,SI_ref_14,GCRB-N,SIM,Synthetic,0.6451471952322713,0.6066423654556274,Contrast,XGBoost_2
484,SI_ref_14,GCRB-N,SIM,Synthetic,0.579106572580609,0.5347073078155518,Contrast,XGBoost_2
485,SI_ref_14,GCRB-N,SIM,Synthetic,0.5461098630342859,0.5205864906311035,Contrast,XGBoost_2
486,SI_ref_14,GCRB-N,SIM,Synthetic,0.526458395826474,0.518328845500946,Contrast,XGBoost_2
487,SI_ref_14,GCRB-N,SIM,Synthetic,0.44952651357619516,0.4350643455982208,Contrast,XGBoost_2
493,SI_ref_14,GCRB-N,SIM,Synthetic,0.525804086252399,0.5108355283737183,Contrast,XGBoost_2
502,SI_ref_14,GCRB-N,SIM,Synthetic,0.8453757948497886,0.5694896578788757,Contrast,XGBoost_2
511,SI_ref_14,GCRB-N,SIM,Synthetic,0.8584308799035202,0.531772255897522,Contrast,XGBoost_2
520,SI_ref_14,GCRB-N,SIM,Synthetic,0.8519033373766544,0.4908641278743744,Contrast,XGBoost_2
540,SI_ref_19,MCB,IBU,Lake water,0.9742126323294387,0.9146130084991455,Contrast,XGBoost_2
541,SI_ref_19,MCB,IBU,Ground water,0.9483485035015843,0.9053875207901001,Contrast,XGBoost_2
547,SI_ref_19,MCB,IBU,Ground water,0.9263512886233829,0.9093766212463379,Contrast,XGBoost_2
548,SI_ref_19,MCB,IBU,Lake water,0.9349728899053784,0.9125502705574036,Contrast,XGBoost_2
565,SI_ref_19,MCB,IBU,Ground water,0.9254612605703445,0.9440459609031677,Contrast,XGBoost_2
571,SI_ref_19,MCB,IBU,Ground water,0.927696260267614,0.9430850744247437,Contrast,XGBoost_2
574,SI_ref_19,MCB,IBU,Lake water,0.9258585842402297,0.9309371113777161,Contrast,XGBoost_2
575,SI_ref_19,MCB,IBU,Ground water,0.9173366162788351,0.9197390079498291,Contrast,XGBoost_2
580,SI_ref_19,MCB,IBU,Lake water,0.974635205338439,0.937278151512146,Contrast,XGBoost_2
581,SI_ref_19,MCB,IBU,Ground water,0.95367292982704,0.9285109043121338,Contrast,XGBoost_2
585,SI_ref_19,MCB,IBU,Ground water,0.925414707326754,0.9250758290290833,Contrast,XGBoost_2
586,SI_ref_19,MCB,IBU,Lake water,0.9347814302861347,0.9312605857849121,Contrast,XGBoost_2
595,SI_ref_19,MCB,IBU,Ground water,0.9248851497651674,0.9423654079437256,Contrast,XGBoost_2
601,SI_ref_19,MCB,IBU,Ground water,0.9300914246503462,0.9383413791656494,Contrast,XGBoost_2
604,SI_ref_19,MCB,IBU,Lake water,0.9282701343021136,0.9252033829689026,Contrast,XGBoost_2
605,SI_ref_19,MCB,IBU,Ground water,0.9160948152334054,0.9149953126907349,Contrast,XGBoost_2
610,SI_ref_19,MCB,IBU,Lake water,0.9716179138912365,0.9516133666038513,Contrast,XGBoost_2
611,SI_ref_19,MCB,IBU,Ground water,0.9529992532644452,0.9414052963256836,Contrast,XGBoost_2
615,SI_ref_19,MCB,IBU,Ground water,0.9284499518994666,0.9185813665390015,Contrast,XGBoost_2
616,SI_ref_19,MCB,IBU,Lake water,0.935069554315652,0.9247661232948303,Contrast,XGBoost_2
625,SI_ref_19,MCB,IBU,Ground water,0.9258221154816445,0.9328173398971558,Contrast,XGBoost_2
631,SI_ref_19,MCB,IBU,Ground water,0.9296259863973036,0.9248210787773132,Contrast,XGBoost_2
634,SI_ref_19,MCB,IBU,Lake water,0.9271225782160609,0.9163962006568909,Contrast,XGBoost_2
635,SI_ref_19,MCB,IBU,Ground water,0.9188076045934327,0.9077991843223572,Contrast,XGBoost_2
640,SI_ref_18,NaOH-activated SCW biochars,DCF,Secondary effluent,0.7547018161110076,0.515189528465271,Contrast,XGBoost_2
642,SI_ref_18,NaOH-activated SCW biochars,DCF,Secondary effluent,0.6981463000238689,0.5177976489067078,Contrast,XGBoost_2
644,SI_ref_18,NaOH-activated SCW biochars,DCF,Secondary effluent,0.6293744945066856,0.5183870196342468,Contrast,XGBoost_2
646,SI_ref_18,NaOH-activated SCW biochars,DCF,Secondary effluent,0.588788451165352,0.5055760145187378,Contrast,XGBoost_2
648,SI_ref_18,NaOH-activated SCW biochars,DCF,Secondary effluent,0.5891686823750966,0.5011269450187683,Contrast,XGBoost_2
650,SI_ref_18,NaOH-activated SCW biochars,DCF,Secondary effluent,0.5849511312086796,0.5011269450187683,Contrast,XGBoost_2
652,SI_ref_18,NaOH-activated SCW biochars,DCF,Secondary effluent,0.5864672759838442,0.49862611293792725,Contrast,XGBoost_2
655,SI_ref_18,NaOH-activated SCW biochars,DCF,Lake water,0.28283236606156975,0.5253931283950806,Contrast,XGBoost_2
657,SI_ref_18,NaOH-activated SCW biochars,DCF,Lake water,0.4098052873550469,0.4502545893192291,Contrast,XGBoost_2
662,SI_ref_18,NaOH-activated SCW biochars,DCF,Secondary effluent,0.600008865661574,0.5150378346443176,Contrast,XGBoost_2
668,SI_ref_18,NaOH-activated SCW biochars,DCF,Lake water,0.5638671837826676,0.5253931283950806,Contrast,XGBoost_2
673,SI_ref_18,NaOH-activated SCW biochars,DCF,Lake water,0.5356816504619031,0.5253931283950806,Contrast,XGBoost_2
679,SI_ref_18,NaOH-activated SCW biochars,DCF,Lake water,0.48550836273532816,0.5253931283950806,Contrast,XGBoost_2
682,SI_ref_18,NaOH-activated SCW biochars,DCF,Secondary effluent,0.5965252581670849,0.5150378346443176,Contrast,XGBoost_2
688,SI_ref_18,NaOH-activated SCW biochars,DCF,Lake water,0.5703611171190489,0.6207708120346069,Contrast,XGBoost_2
693,SI_ref_18,NaOH-activated SCW biochars,DCF,Secondary effluent,0.6557026735074662,0.5150378346443176,Contrast,XGBoost_2
694,SI_ref_18,NaOH-activated SCW biochars,DCF,Lake water,0.7297297292522416,0.5253931283950806,Contrast,XGBoost_2
699,SI_ref_18,NaOH-activated SCW biochars,IBU,Secondary effluent,0.8098199350756726,0.5834411382675171,Contrast,XGBoost_2
701,SI_ref_18,NaOH-activated SCW biochars,IBU,Secondary effluent,0.7485969905050348,0.5860492587089539,Contrast,XGBoost_2
703,SI_ref_18,NaOH-activated SCW biochars,IBU,Secondary effluent,0.6850179499229786,0.5984400510787964,Contrast,XGBoost_2
705,SI_ref_18,NaOH-activated SCW biochars,IBU,Secondary effluent,0.6861011679416551,0.5871607661247253,Contrast,XGBoost_2
707,SI_ref_18,NaOH-activated SCW biochars,IBU,Secondary effluent,0.6799185617433835,0.5827116966247559,Contrast,XGBoost_2
709,SI_ref_18,NaOH-activated SCW biochars,IBU,Secondary effluent,0.6765813990931481,0.5827116966247559,Contrast,XGBoost_2
711,SI_ref_18,NaOH-activated SCW biochars,IBU,Secondary effluent,0.6777803451607008,0.58021080493927,Contrast,XGBoost_2
712,SI_ref_18,NaOH-activated SCW biochars,IBU,Lake water,0.10371139816269948,0.6157381534576416,Contrast,XGBoost_2
714,SI_ref_18,NaOH-activated SCW biochars,IBU,Lake water,0.46656560236114836,0.6157381534576416,Contrast,XGBoost_2
721,SI_ref_18,NaOH-activated SCW biochars,IBU,Secondary effluent,0.675113405421536,0.5928520560264587,Contrast,XGBoost_2
730,SI_ref_18,NaOH-activated SCW biochars,IBU,Lake water,0.627404015064595,0.6157381534576416,Contrast,XGBoost_2
738,SI_ref_18,NaOH-activated SCW biochars,IBU,Lake water,0.6298527247859258,0.6157381534576416,Contrast,XGBoost_2
740,SI_ref_18,NaOH-activated SCW biochars,IBU,Lake water,0.5791171913994386,0.6157381534576416,Contrast,XGBoost_2
747,SI_ref_18,NaOH-activated SCW biochars,IBU,Lake water,0.6846241766923425,0.717481255531311,Contrast,XGBoost_2
752,SI_ref_18,NaOH-activated SCW biochars,IBU,Secondary effluent,0.7252319435730717,0.5928520560264587,Contrast,XGBoost_2
758,SI_ref_18,NaOH-activated SCW biochars,NPX,Secondary effluent,0.5521972966156422,0.22085082530975342,Contrast,XGBoost_2
760,SI_ref_18,NaOH-activated SCW biochars,NPX,Secondary effluent,0.4814245289032641,0.2275562584400177,Contrast,XGBoost_2
762,SI_ref_18,NaOH-activated SCW biochars,NPX,Secondary effluent,0.34455951981715066,0.21666738390922546,Contrast,XGBoost_2
764,SI_ref_18,NaOH-activated SCW biochars,NPX,Secondary effluent,0.2493517679350271,0.15383945405483246,Contrast,XGBoost_2
766,SI_ref_18,NaOH-activated SCW biochars,NPX,Secondary effluent,0.16764900163614713,0.10283596813678741,Contrast,XGBoost_2
768,SI_ref_18,NaOH-activated SCW biochars,NPX,Secondary effluent,0.12846350911521487,0.10283596813678741,Contrast,XGBoost_2
770,SI_ref_18,NaOH-activated SCW biochars,NPX,Secondary effluent,0.12873702561203082,0.10033508390188217,Contrast,XGBoost_2
771,SI_ref_18,NaOH-activated SCW biochars,NPX,Lake water,0.03570310331741743,0.08010151982307434,Contrast,XGBoost_2
780,SI_ref_18,NaOH-activated SCW biochars,NPX,Secondary effluent,0.11864589305153721,0.11664754152297974,Contrast,XGBoost_2
781,SI_ref_18,NaOH-activated SCW biochars,NPX,Lake water,0.04234525136924403,0.08010151982307434,Contrast,XGBoost_2
791,SI_ref_18,NaOH-activated SCW biochars,NPX,Lake water,0.05751855059175114,0.0730433538556099,Contrast,XGBoost_2
795,SI_ref_18,NaOH-activated SCW biochars,NPX,Lake water,0.1386164882936624,0.19832096993923187,Contrast,XGBoost_2
859,SI_ref_13,PB600,CBZ,Synthetic,0.4773489932885906,0.5078411102294922,Contrast,XGBoost_2
892,SI_ref_13,PB600,IBU,Synthetic,0.8533052267445003,0.572645366191864,Contrast,XGBoost_2
906,SI_ref_13,PB800,CBZ,Synthetic,0.16135346756152125,0.2350478172302246,Contrast,XGBoost_2
939,SI_ref_13,PB800,IBU,Synthetic,0.5875275377054737,0.3647194802761078,Contrast,XGBoost_2
959,SI_ref_15,PSB,CAR,Synthetic,0.898502105289309,0.9242886900901794,Contrast,XGBoost_2
963,SI_ref_15,PSB,CAR,Synthetic,0.8690891098845278,0.9242886900901794,Contrast,XGBoost_2
976,SI_ref_15,PSB,PYR,Synthetic,0.9599614728522631,0.9313443899154663,Contrast,XGBoost_2
980,SI_ref_15,PSB,PYR,Synthetic,0.8739092070679689,0.9313443899154663,Contrast,XGBoost_2
982,SI_ref_15,PSB,PYR,Synthetic,0.8750456231185068,0.9313443899154663,Contrast,XGBoost_2
983,SI_ref_15,PSB,PYR,Synthetic,0.950707773566655,0.9313443899154663,Contrast,XGBoost_2
1000,SI_ref_15,PSB,TEB,Synthetic,0.8714762044822667,0.9252980351448059,Contrast,XGBoost_2
1001,SI_ref_15,PSB,TEB,Synthetic,0.8650362109004135,0.9252980351448059,Contrast,XGBoost_2
1020,SI_ref_15,PSBOX-A,CAR,Synthetic,0.024826351018054676,0.1100054532289505,Contrast,XGBoost_2
1024,SI_ref_15,PSBOX-A,CAR,Synthetic,0.013386578068051812,0.1100054532289505,Contrast,XGBoost_2
1039,SI_ref_15,PSBOX-A,PYR,Synthetic,0.10520884210859399,0.2630053460597992,Contrast,XGBoost_2
1041,SI_ref_15,PSBOX-A,PYR,Synthetic,0.5321591562240328,0.24810728430747986,Contrast,XGBoost_2
1045,SI_ref_15,PSBOX-A,PYR,Synthetic,0.07450853175519283,0.2630053460597992,Contrast,XGBoost_2
1047,SI_ref_15,PSBOX-A,PYR,Synthetic,0.07530521810797475,0.2630053460597992,Contrast,XGBoost_2
1048,SI_ref_15,PSBOX-A,PYR,Synthetic,0.1335562050140622,0.2630053460597992,Contrast,XGBoost_2
1065,SI_ref_15,PSBOX-A,TEB,Synthetic,0.5160089507499187,0.20178259909152985,Contrast,XGBoost_2
1070,SI_ref_15,PSBOX-A,TEB,Synthetic,0.04527670142322688,0.22195741534233093,Contrast,XGBoost_2
1071,SI_ref_15,PSBOX-A,TEB,Synthetic,0.04243318293660387,0.22195741534233093,Contrast,XGBoost_2
1095,SI_ref_17,Pristine SCG biochar,CBZ,Synthetic,0.9071706166070994,0.9122133851051331,Contrast,XGBoost_2
1104,SI_ref_17,Pristine SCG biochar,CBZ,Synthetic,0.8748284470323213,0.9084429144859314,Contrast,XGBoost_2
1108,SI_ref_17,Pristine SCG biochar,CBZ,Synthetic,0.8967497590877974,0.9078441262245178,Contrast,XGBoost_2
1112,SI_ref_17,Pristine SCG biochar,CBZ,Synthetic,0.8867934815653573,0.9078441262245178,Contrast,XGBoost_2
1115,SI_ref_17,Pristine SCG biochar,CBZ,Synthetic,0.925161257978969,0.9122133851051331,Contrast,XGBoost_2
1116,SI_ref_17,Pristine SCG biochar,EE2,Synthetic,0.9879675366998732,0.9180299639701843,Contrast,XGBoost_2
1117,SI_ref_17,Pristine SCG biochar,EE2,Synthetic,0.9630524728687239,0.8828088641166687,Contrast,XGBoost_2
1118,SI_ref_17,Pristine SCG biochar,EE2,Synthetic,0.9308917481943695,0.9151402115821838,Contrast,XGBoost_2
1119,SI_ref_17,Pristine SCG biochar,EE2,Synthetic,0.9610835485312063,0.8799191117286682,Contrast,XGBoost_2
1120,SI_ref_17,Pristine SCG biochar,EE2,Synthetic,0.8890050918282607,0.9089891314506531,Contrast,XGBoost_2
1121,SI_ref_17,Pristine SCG biochar,EE2,Synthetic,0.9527872619203276,0.8725569248199463,Contrast,XGBoost_2
1122,SI_ref_17,Pristine SCG biochar,EE2,Synthetic,0.8965951913819401,0.8967933654785156,Contrast,XGBoost_2
1123,SI_ref_17,Pristine SCG biochar,EE2,Synthetic,0.9558259103687238,0.8725472092628479,Contrast,XGBoost_2
1124,SI_ref_17,Pristine SCG biochar,EE2,Synthetic,0.8793895099735648,0.8876326084136963,Contrast,XGBoost_2
1125,SI_ref_17,Pristine SCG biochar,EE2,Synthetic,0.9519368217180961,0.8651183247566223,Contrast,XGBoost_2
1126,SI_ref_17,Pristine SCG biochar,EE2,Synthetic,0.8770554520720774,0.8885921835899353,Contrast,XGBoost_2
1127,SI_ref_17,Pristine SCG biochar,EE2,Synthetic,0.9377852461427824,0.8651183247566223,Contrast,XGBoost_2
1128,SI_ref_17,Pristine SCG biochar,EE2,Synthetic,0.8833014060151289,0.8836430907249451,Contrast,XGBoost_2
1129,SI_ref_17,Pristine SCG biochar,EE2,Synthetic,0.9348668633411785,0.8628606796264648,Contrast,XGBoost_2
1132,SI_ref_17,Pristine SCG biochar,EE2,Synthetic,0.8374361704672763,0.862183690071106,Contrast,XGBoost_2
1133,SI_ref_17,Pristine SCG biochar,EE2,Synthetic,0.8609155049620831,0.8632029294967651,Contrast,XGBoost_2
1137,SI_ref_17,Pristine SCG biochar,EE2,Synthetic,0.8257334628724249,0.8632029294967651,Contrast,XGBoost_2
1147,SI_ref_17,Pristine SCG biochar,EE2,Synthetic,0.8965862728271835,0.8632029294967651,Contrast,XGBoost_2
1170,SI_ref_17,Pristine SCG biochar,IBU,Synthetic,0.7820004901373623,0.8291792869567871,Contrast,XGBoost_2
1183,SI_ref_17,Pristine SCG biochar,IBU,Synthetic,0.9114748664800524,0.9149016737937927,Contrast,XGBoost_2
1184,SI_ref_17,Pristine SCG biochar,IBU,Synthetic,0.9484982246288517,0.9282402992248535,Contrast,XGBoost_2
1186,SI_ref_17,Pristine SCG biochar,IBU,Synthetic,0.893754721851682,0.9133766293525696,Contrast,XGBoost_2
1189,SI_ref_17,Pristine SCG biochar,IBU,Synthetic,0.9210277046979152,0.9149016737937927,Contrast,XGBoost_2
1191,SI_ref_17,Pristine SCG biochar,IBU,Synthetic,0.9513456586569363,0.9149016737937927,Contrast,XGBoost_2
1192,SI_ref_17,Pristine SCG biochar,IBU,Synthetic,0.9226237248225028,0.9133766293525696,Contrast,XGBoost_2
1194,SI_ref_17,Pristine SCG biochar,IBU,Synthetic,0.8857728699803085,0.9133766293525696,Contrast,XGBoost_2
1199,SI_ref_18,Pristine SCW Biochar,DCF,Secondary effluent,0.918928852227115,0.9234358072280884,Contrast,XGBoost_2
1201,SI_ref_18,Pristine SCW Biochar,DCF,Secondary effluent,0.9102784904019702,0.9202191233634949,Contrast,XGBoost_2
1203,SI_ref_18,Pristine SCW Biochar,DCF,Secondary effluent,0.9056826438576806,0.9181872606277466,Contrast,XGBoost_2
1205,SI_ref_18,Pristine SCW Biochar,DCF,Secondary effluent,0.9047459643543814,0.9182395935058594,Contrast,XGBoost_2
1207,SI_ref_18,Pristine SCW Biochar,DCF,Secondary effluent,0.9046272834515193,0.9164709448814392,Contrast,XGBoost_2
1209,SI_ref_18,Pristine SCW Biochar,DCF,Secondary effluent,0.9011959807369067,0.9112781882286072,Contrast,XGBoost_2
1211,SI_ref_18,Pristine SCW Biochar,DCF,Secondary effluent,0.9001936082465184,0.9090205430984497,Contrast,XGBoost_2
1214,SI_ref_18,Pristine SCW Biochar,DCF,Lake water,0.9077130214504949,0.8954272866249084,Contrast,XGBoost_2
1219,SI_ref_18,Pristine SCW Biochar,DCF,Secondary effluent,0.9048873911798646,0.9097789525985718,Contrast,XGBoost_2
1225,SI_ref_18,Pristine SCW Biochar,DCF,Lake water,0.9209005359691885,0.9167332053184509,Contrast,XGBoost_2
1230,SI_ref_18,Pristine SCW Biochar,DCF,Lake water,0.9255037841040696,0.9167332053184509,Contrast,XGBoost_2
1236,SI_ref_18,Pristine SCW Biochar,DCF,Lake water,0.9092724465153025,0.9167332053184509,Contrast,XGBoost_2
1239,SI_ref_18,Pristine SCW Biochar,DCF,Secondary effluent,0.9186059768996898,0.9097789525985718,Contrast,XGBoost_2
1245,SI_ref_18,Pristine SCW Biochar,DCF,Lake water,0.926603142736896,0.9253392815589905,Contrast,XGBoost_2
1249,SI_ref_18,Pristine SCW Biochar,DCF,Secondary effluent,0.9174019043807426,0.9097789525985718,Contrast,XGBoost_2
1254,SI_ref_18,Pristine SCW Biochar,IBU,Secondary effluent,0.9156726978407875,0.9163156151771545,Contrast,XGBoost_2
1256,SI_ref_18,Pristine SCW Biochar,IBU,Secondary effluent,0.9079673942368781,0.9147700071334839,Contrast,XGBoost_2
1258,SI_ref_18,Pristine SCW Biochar,IBU,Secondary effluent,0.9043236251446873,0.9135258197784424,Contrast,XGBoost_2
1260,SI_ref_18,Pristine SCW Biochar,IBU,Secondary effluent,0.9020547983951682,0.9144747257232666,Contrast,XGBoost_2
1262,SI_ref_18,Pristine SCW Biochar,IBU,Secondary effluent,0.9004882379050155,0.9117250442504883,Contrast,XGBoost_2
1264,SI_ref_18,Pristine SCW Biochar,IBU,Secondary effluent,0.897458530238549,0.9087533950805664,Contrast,XGBoost_2
1266,SI_ref_18,Pristine SCW Biochar,IBU,Secondary effluent,0.8973424975849196,0.9064957499504089,Contrast,XGBoost_2
1274,SI_ref_18,Pristine SCW Biochar,IBU,Secondary effluent,0.8992057856547054,0.9097684621810913,Contrast,XGBoost_2
1283,SI_ref_18,Pristine SCW Biochar,IBU,Lake water,0.9158900362354069,0.9170390963554382,Contrast,XGBoost_2
1291,SI_ref_18,Pristine SCW Biochar,IBU,Lake water,0.9068652159539504,0.9170390963554382,Contrast,XGBoost_2
1293,SI_ref_18,Pristine SCW Biochar,IBU,Lake water,0.9067682424855283,0.9170390963554382,Contrast,XGBoost_2
1300,SI_ref_18,Pristine SCW Biochar,IBU,Lake water,0.9277221749920567,0.9260799288749695,Contrast,XGBoost_2
1304,SI_ref_18,Pristine SCW Biochar,IBU,Secondary effluent,0.911352956646831,0.9097684621810913,Contrast,XGBoost_2
1309,SI_ref_18,Pristine SCW Biochar,NPX,Secondary effluent,0.9276600601799115,0.9209144115447998,Contrast,XGBoost_2
1311,SI_ref_18,Pristine SCW Biochar,NPX,Secondary effluent,0.9217275625657669,0.9163281321525574,Contrast,XGBoost_2
1313,SI_ref_18,Pristine SCW Biochar,NPX,Secondary effluent,0.9151672500810683,0.9133169651031494,Contrast,XGBoost_2
1315,SI_ref_18,Pristine SCW Biochar,NPX,Secondary effluent,0.914870212237198,0.9135054349899292,Contrast,XGBoost_2
1317,SI_ref_18,Pristine SCW Biochar,NPX,Secondary effluent,0.9125118045566373,0.9143616557121277,Contrast,XGBoost_2
1319,SI_ref_18,Pristine SCW Biochar,NPX,Secondary effluent,0.9122370962869346,0.9091688990592957,Contrast,XGBoost_2
1321,SI_ref_18,Pristine SCW Biochar,NPX,Secondary effluent,0.9100475600528815,0.9069112539291382,Contrast,XGBoost_2
1329,SI_ref_18,Pristine SCW Biochar,NPX,Secondary effluent,0.910898633301941,0.9074646234512329,Contrast,XGBoost_2
1330,SI_ref_18,Pristine SCW Biochar,NPX,Lake water,0.9241969522882365,0.916339099407196,Contrast,XGBoost_2
1340,SI_ref_18,Pristine SCW Biochar,NPX,Lake water,0.9210401821004949,0.9106579422950745,Contrast,XGBoost_2
1344,SI_ref_18,Pristine SCW Biochar,NPX,Lake water,0.9309313456555985,0.9276179671287537,Contrast,XGBoost_2
19,SI_ref_19,AMCB,IBU,Lake water,0.12160249298048154,0.2784031927585602,TOPSIS,XGBoost_2
20,SI_ref_19,AMCB,IBU,Ground water,0.0023766372681587895,0.1936861127614975,TOPSIS,XGBoost_2
26,SI_ref_19,AMCB,IBU,Ground water,0.1894672613641715,0.23509815335273743,TOPSIS,XGBoost_2
27,SI_ref_19,AMCB,IBU,Lake water,0.343266669603983,0.302240252494812,TOPSIS,XGBoost_2
36,SI_ref_19,AMCB,IBU,Ground water,0.41496556078686897,0.35672950744628906,TOPSIS,XGBoost_2
42,SI_ref_19,AMCB,IBU,Ground water,0.5182383095521604,0.3895057439804077,TOPSIS,XGBoost_2
45,SI_ref_19,AMCB,IBU,Lake water,0.5439346954470261,0.48717907071113586,TOPSIS,XGBoost_2
46,SI_ref_19,AMCB,IBU,Ground water,0.48210720700720494,0.3952997326850891,TOPSIS,XGBoost_2
51,SI_ref_19,AMCB,IBU,Lake water,0.0829192384873889,0.23031939566135406,TOPSIS,XGBoost_2
52,SI_ref_19,AMCB,IBU,Ground water,0.003531050071646246,0.13096056878566742,TOPSIS,XGBoost_2
56,SI_ref_19,AMCB,IBU,Ground water,0.17260220522445793,0.21548910439014435,TOPSIS,XGBoost_2
57,SI_ref_19,AMCB,IBU,Lake water,0.2799685707152232,0.30364692211151123,TOPSIS,XGBoost_2
66,SI_ref_19,AMCB,IBU,Ground water,0.4885549946229274,0.37814319133758545,TOPSIS,XGBoost_2
72,SI_ref_19,AMCB,IBU,Ground water,0.5107350299703324,0.4081040620803833,TOPSIS,XGBoost_2
75,SI_ref_19,AMCB,IBU,Lake water,0.539673236909249,0.5057774186134338,TOPSIS,XGBoost_2
76,SI_ref_19,AMCB,IBU,Ground water,0.4945842701164504,0.41703492403030396,TOPSIS,XGBoost_2
81,SI_ref_19,AMCB,IBU,Lake water,0.11734271672387758,0.18590810894966125,TOPSIS,XGBoost_2
82,SI_ref_19,AMCB,IBU,Ground water,0.0,0.09153351187705994,TOPSIS,XGBoost_2
86,SI_ref_19,AMCB,IBU,Ground water,0.16952726930244136,0.21761688590049744,TOPSIS,XGBoost_2
87,SI_ref_19,AMCB,IBU,Lake water,0.245380335735257,0.30502066016197205,TOPSIS,XGBoost_2
96,SI_ref_19,AMCB,IBU,Ground water,0.45590621693388655,0.40752142667770386,TOPSIS,XGBoost_2
110,SI_ref_19,AMCB,IBU,Ground water,0.5205305455205957,0.40725770592689514,TOPSIS,XGBoost_2
113,SI_ref_19,AMCB,IBU,Lake water,0.5570792394486925,0.49321386218070984,TOPSIS,XGBoost_2
114,SI_ref_19,AMCB,IBU,Ground water,0.48301499525722014,0.3960106074810028,TOPSIS,XGBoost_2
134,SI_ref_17,Alkali-modified SCG biochars,CBZ,Synthetic,0.00635796336582959,0.12118367850780487,TOPSIS,XGBoost_2
143,SI_ref_17,Alkali-modified SCG biochars,CBZ,Synthetic,0.12158111194827703,0.22951488196849823,TOPSIS,XGBoost_2
146,SI_ref_17,Alkali-modified SCG biochars,CBZ,Synthetic,0.6777397154224275,0.36345893144607544,TOPSIS,XGBoost_2
150,SI_ref_17,Alkali-modified SCG biochars,CBZ,Synthetic,0.8144073973371778,0.36345893144607544,TOPSIS,XGBoost_2
153,SI_ref_17,Alkali-modified SCG biochars,CBZ,Synthetic,0.5612135486607656,0.12118367850780487,TOPSIS,XGBoost_2
154,SI_ref_17,Alkali-modified SCG biochars,EE2,Synthetic,0.32691906294512396,0.663411557674408,TOPSIS,XGBoost_2
155,SI_ref_17,Alkali-modified SCG biochars,EE2,Synthetic,0.281684429186895,0.42009127140045166,TOPSIS,XGBoost_2
156,SI_ref_17,Alkali-modified SCG biochars,EE2,Synthetic,0.2985885901242538,0.6293597221374512,TOPSIS,XGBoost_2
157,SI_ref_17,Alkali-modified SCG biochars,EE2,Synthetic,0.1736546812353491,0.36671605706214905,TOPSIS,XGBoost_2
158,SI_ref_17,Alkali-modified SCG biochars,EE2,Synthetic,0.08297647774499996,0.48441803455352783,TOPSIS,XGBoost_2
159,SI_ref_17,Alkali-modified SCG biochars,EE2,Synthetic,0.0890939833732563,0.36121970415115356,TOPSIS,XGBoost_2
160,SI_ref_17,Alkali-modified SCG biochars,EE2,Synthetic,0.12434438865468556,0.41297462582588196,TOPSIS,XGBoost_2
161,SI_ref_17,Alkali-modified SCG biochars,EE2,Synthetic,0.0719303611000807,0.35083821415901184,TOPSIS,XGBoost_2
162,SI_ref_17,Alkali-modified SCG biochars,EE2,Synthetic,0.050886215526030655,0.41297462582588196,TOPSIS,XGBoost_2
163,SI_ref_17,Alkali-modified SCG biochars,EE2,Synthetic,0.06892444951131721,0.35083821415901184,TOPSIS,XGBoost_2
164,SI_ref_17,Alkali-modified SCG biochars,EE2,Synthetic,0.0402114435413677,0.4059388339519501,TOPSIS,XGBoost_2
165,SI_ref_17,Alkali-modified SCG biochars,EE2,Synthetic,0.06161971981332274,0.35083821415901184,TOPSIS,XGBoost_2
166,SI_ref_17,Alkali-modified SCG biochars,EE2,Synthetic,0.014122078362060976,0.3903313875198364,TOPSIS,XGBoost_2
167,SI_ref_17,Alkali-modified SCG biochars,EE2,Synthetic,0.06227375203350968,0.3483373522758484,TOPSIS,XGBoost_2
170,SI_ref_17,Alkali-modified SCG biochars,EE2,Synthetic,0.13791601981601773,0.4182496964931488,TOPSIS,XGBoost_2
171,SI_ref_17,Alkali-modified SCG biochars,EE2,Synthetic,0.09051861058315946,0.4058811664581299,TOPSIS,XGBoost_2
180,SI_ref_17,Alkali-modified SCG biochars,EE2,Synthetic,0.2279548813058391,0.4058811664581299,TOPSIS,XGBoost_2
203,SI_ref_17,Alkali-modified SCG biochars,IBU,Synthetic,0.10913541523053398,0.12241359800100327,TOPSIS,XGBoost_2
216,SI_ref_17,Alkali-modified SCG biochars,IBU,Synthetic,0.10107027265594352,0.1948840618133545,TOPSIS,XGBoost_2
217,SI_ref_17,Alkali-modified SCG biochars,IBU,Synthetic,0.6889998443034063,0.2639065384864807,TOPSIS,XGBoost_2
219,SI_ref_17,Alkali-modified SCG biochars,IBU,Synthetic,0.1184746430703935,0.38850632309913635,TOPSIS,XGBoost_2
222,SI_ref_17,Alkali-modified SCG biochars,IBU,Synthetic,0.04374442489311713,0.1948840618133545,TOPSIS,XGBoost_2
224,SI_ref_17,Alkali-modified SCG biochars,IBU,Synthetic,0.2945083196339574,0.1948840618133545,TOPSIS,XGBoost_2
225,SI_ref_17,Alkali-modified SCG biochars,IBU,Synthetic,0.5901579894748284,0.38850632309913635,TOPSIS,XGBoost_2
227,SI_ref_17,Alkali-modified SCG biochars,IBU,Synthetic,0.6910697148739985,0.38850632309913635,TOPSIS,XGBoost_2
235,SI_ref_16,C-Biochar,ATE,Synthetic,0.8511111111111113,0.7951163649559021,TOPSIS,XGBoost_2
237,SI_ref_16,C-Biochar,ATE,Synthetic,0.8733333333333334,0.7951163649559021,TOPSIS,XGBoost_2
239,SI_ref_16,C-Biochar,ATE,Synthetic,0.6511111111111112,0.7091134190559387,TOPSIS,XGBoost_2
241,SI_ref_16,C-Biochar,ATE,Synthetic,0.7774074074074075,0.7951163649559021,TOPSIS,XGBoost_2
247,SI_ref_16,C-Biochar,CBZ,Synthetic,0.44146825396825395,0.5833172798156738,TOPSIS,XGBoost_2
249,SI_ref_16,C-Biochar,CBZ,Synthetic,0.4430976430976431,0.591332197189331,TOPSIS,XGBoost_2
253,SI_ref_16,C-Biochar,CBZ,Synthetic,0.4044973544973545,0.591332197189331,TOPSIS,XGBoost_2
255,SI_ref_16,C-Biochar,CBZ,Synthetic,0.46792328042328046,0.455268919467926,TOPSIS,XGBoost_2
257,SI_ref_16,C-Biochar,CBZ,Synthetic,0.46197089947089953,0.8126505017280579,TOPSIS,XGBoost_2
273,SI_ref_16,C-Biochar,IBU,Synthetic,0.6000000000000001,0.6161916255950928,TOPSIS,XGBoost_2
278,SI_ref_16,C-Biochar,IBU,Synthetic,0.8430555555555557,0.6577804684638977,TOPSIS,XGBoost_2
299,SI_ref_19,CB,IBU,Lake water,0.9811931645978613,0.9275364875793457,TOPSIS,XGBoost_2
300,SI_ref_19,CB,IBU,Ground water,0.9595058090644278,0.9252188205718994,TOPSIS,XGBoost_2
304,SI_ref_19,CB,IBU,Ground water,0.9323428884090048,0.9269513487815857,TOPSIS,XGBoost_2
305,SI_ref_19,CB,IBU,Lake water,0.9442367850805692,0.9275364875793457,TOPSIS,XGBoost_2
320,SI_ref_19,CB,IBU,Ground water,0.9303445651202417,0.9531072974205017,TOPSIS,XGBoost_2
326,SI_ref_19,CB,IBU,Ground water,0.9318432124429017,0.9531072974205017,TOPSIS,XGBoost_2
329,SI_ref_19,CB,IBU,Lake water,0.9296205387839244,0.9275364875793457,TOPSIS,XGBoost_2
330,SI_ref_19,CB,IBU,Ground water,0.9174641264203113,0.9252188205718994,TOPSIS,XGBoost_2
345,SI_ref_14,GCRB,ALA,Synthetic,0.9324051079932012,0.9498628377914429,TOPSIS,XGBoost_2
348,SI_ref_14,GCRB,ALA,Synthetic,0.959711660682908,0.9574962854385376,TOPSIS,XGBoost_2
374,SI_ref_14,GCRB,DIU,Synthetic,1.0082496176169822,0.9467907547950745,TOPSIS,XGBoost_2
376,SI_ref_14,GCRB,SIM,Synthetic,0.9862955626477844,0.9847703576087952,TOPSIS,XGBoost_2
377,SI_ref_14,GCRB,SIM,Synthetic,0.9834030650434858,0.9810889959335327,TOPSIS,XGBoost_2
378,SI_ref_14,GCRB,SIM,Synthetic,0.9809240251187635,0.9852855801582336,TOPSIS,XGBoost_2
379,SI_ref_14,GCRB,SIM,Synthetic,0.977408497407208,0.984494686126709,TOPSIS,XGBoost_2
380,SI_ref_14,GCRB,SIM,Synthetic,0.9725866254178165,0.9799595475196838,TOPSIS,XGBoost_2
381,SI_ref_14,GCRB,SIM,Synthetic,0.9707397150816074,0.9788928627967834,TOPSIS,XGBoost_2
382,SI_ref_14,GCRB,SIM,Synthetic,0.9682512913168398,0.976635217666626,TOPSIS,XGBoost_2
383,SI_ref_14,GCRB,SIM,Synthetic,0.9596267727831934,0.956563413143158,TOPSIS,XGBoost_2
393,SI_ref_14,GCRB,SIM,Synthetic,0.9681949882765674,0.9782752394676208,TOPSIS,XGBoost_2
397,SI_ref_14,GCRB,SIM,Synthetic,0.9595581925458377,0.9782752394676208,TOPSIS,XGBoost_2
410,SI_ref_14,GCRB-N,ALA,Synthetic,0.42098834230158483,0.4363075792789459,TOPSIS,XGBoost_2
419,SI_ref_14,GCRB-N,ALA,Synthetic,0.3038540896584293,0.5520474314689636,TOPSIS,XGBoost_2
428,SI_ref_14,GCRB-N,ALA,Synthetic,0.2941679236692388,0.6023901104927063,TOPSIS,XGBoost_2
437,SI_ref_14,GCRB-N,ALA,Synthetic,0.299011006663834,0.7168872356414795,TOPSIS,XGBoost_2
459,SI_ref_14,GCRB-N,DIU,Synthetic,0.6455190877003087,0.25258341431617737,TOPSIS,XGBoost_2
468,SI_ref_14,GCRB-N,DIU,Synthetic,0.6564705601884918,0.267342209815979,TOPSIS,XGBoost_2
477,SI_ref_14,GCRB-N,DIU,Synthetic,0.6413243626564091,0.23831883072853088,TOPSIS,XGBoost_2
480,SI_ref_14,GCRB-N,SIM,Synthetic,0.8709260833889569,0.812842071056366,TOPSIS,XGBoost_2
481,SI_ref_14,GCRB-N,SIM,Synthetic,0.7937886433454202,0.7550841569900513,TOPSIS,XGBoost_2
482,SI_ref_14,GCRB-N,SIM,Synthetic,0.7230251055630271,0.6799979209899902,TOPSIS,XGBoost_2
483,SI_ref_14,GCRB-N,SIM,Synthetic,0.6451471952322713,0.6066423654556274,TOPSIS,XGBoost_2
484,SI_ref_14,GCRB-N,SIM,Synthetic,0.579106572580609,0.5347073078155518,TOPSIS,XGBoost_2
485,SI_ref_14,GCRB-N,SIM,Synthetic,0.5461098630342859,0.5205864906311035,TOPSIS,XGBoost_2
486,SI_ref_14,GCRB-N,SIM,Synthetic,0.526458395826474,0.518328845500946,TOPSIS,XGBoost_2
487,SI_ref_14,GCRB-N,SIM,Synthetic,0.44952651357619516,0.4350643455982208,TOPSIS,XGBoost_2
493,SI_ref_14,GCRB-N,SIM,Synthetic,0.525804086252399,0.5108355283737183,TOPSIS,XGBoost_2
502,SI_ref_14,GCRB-N,SIM,Synthetic,0.8453757948497886,0.5694896578788757,TOPSIS,XGBoost_2
511,SI_ref_14,GCRB-N,SIM,Synthetic,0.8584308799035202,0.531772255897522,TOPSIS,XGBoost_2
520,SI_ref_14,GCRB-N,SIM,Synthetic,0.8519033373766544,0.4908641278743744,TOPSIS,XGBoost_2
540,SI_ref_19,MCB,IBU,Lake water,0.9742126323294387,0.9146130084991455,TOPSIS,XGBoost_2
541,SI_ref_19,MCB,IBU,Ground water,0.9483485035015843,0.9053875207901001,TOPSIS,XGBoost_2
547,SI_ref_19,MCB,IBU,Ground water,0.9263512886233829,0.9093766212463379,TOPSIS,XGBoost_2
548,SI_ref_19,MCB,IBU,Lake water,0.9349728899053784,0.9125502705574036,TOPSIS,XGBoost_2
565,SI_ref_19,MCB,IBU,Ground water,0.9254612605703445,0.9440459609031677,TOPSIS,XGBoost_2
571,SI_ref_19,MCB,IBU,Ground water,0.927696260267614,0.9430850744247437,TOPSIS,XGBoost_2
574,SI_ref_19,MCB,IBU,Lake water,0.9258585842402297,0.9309371113777161,TOPSIS,XGBoost_2
575,SI_ref_19,MCB,IBU,Ground water,0.9173366162788351,0.9197390079498291,TOPSIS,XGBoost_2
580,SI_ref_19,MCB,IBU,Lake water,0.974635205338439,0.937278151512146,TOPSIS,XGBoost_2
581,SI_ref_19,MCB,IBU,Ground water,0.95367292982704,0.9285109043121338,TOPSIS,XGBoost_2
585,SI_ref_19,MCB,IBU,Ground water,0.925414707326754,0.9250758290290833,TOPSIS,XGBoost_2
586,SI_ref_19,MCB,IBU,Lake water,0.9347814302861347,0.9312605857849121,TOPSIS,XGBoost_2
595,SI_ref_19,MCB,IBU,Ground water,0.9248851497651674,0.9423654079437256,TOPSIS,XGBoost_2
601,SI_ref_19,MCB,IBU,Ground water,0.9300914246503462,0.9383413791656494,TOPSIS,XGBoost_2
604,SI_ref_19,MCB,IBU,Lake water,0.9282701343021136,0.9252033829689026,TOPSIS,XGBoost_2
605,SI_ref_19,MCB,IBU,Ground water,0.9160948152334054,0.9149953126907349,TOPSIS,XGBoost_2
610,SI_ref_19,MCB,IBU,Lake water,0.9716179138912365,0.9516133666038513,TOPSIS,XGBoost_2
611,SI_ref_19,MCB,IBU,Ground water,0.9529992532644452,0.9414052963256836,TOPSIS,XGBoost_2
615,SI_ref_19,MCB,IBU,Ground water,0.9284499518994666,0.9185813665390015,TOPSIS,XGBoost_2
616,SI_ref_19,MCB,IBU,Lake water,0.935069554315652,0.9247661232948303,TOPSIS,XGBoost_2
625,SI_ref_19,MCB,IBU,Ground water,0.9258221154816445,0.9328173398971558,TOPSIS,XGBoost_2
631,SI_ref_19,MCB,IBU,Ground water,0.9296259863973036,0.9248210787773132,TOPSIS,XGBoost_2
634,SI_ref_19,MCB,IBU,Lake water,0.9271225782160609,0.9163962006568909,TOPSIS,XGBoost_2
635,SI_ref_19,MCB,IBU,Ground water,0.9188076045934327,0.9077991843223572,TOPSIS,XGBoost_2
640,SI_ref_18,NaOH-activated SCW biochars,DCF,Secondary effluent,0.7547018161110076,0.515189528465271,TOPSIS,XGBoost_2
642,SI_ref_18,NaOH-activated SCW biochars,DCF,Secondary effluent,0.6981463000238689,0.5177976489067078,TOPSIS,XGBoost_2
644,SI_ref_18,NaOH-activated SCW biochars,DCF,Secondary effluent,0.6293744945066856,0.5183870196342468,TOPSIS,XGBoost_2
646,SI_ref_18,NaOH-activated SCW biochars,DCF,Secondary effluent,0.588788451165352,0.5055760145187378,TOPSIS,XGBoost_2
648,SI_ref_18,NaOH-activated SCW biochars,DCF,Secondary effluent,0.5891686823750966,0.5011269450187683,TOPSIS,XGBoost_2
650,SI_ref_18,NaOH-activated SCW biochars,DCF,Secondary effluent,0.5849511312086796,0.5011269450187683,TOPSIS,XGBoost_2
652,SI_ref_18,NaOH-activated SCW biochars,DCF,Secondary effluent,0.5864672759838442,0.49862611293792725,TOPSIS,XGBoost_2
655,SI_ref_18,NaOH-activated SCW biochars,DCF,Lake water,0.28283236606156975,0.5253931283950806,TOPSIS,XGBoost_2
657,SI_ref_18,NaOH-activated SCW biochars,DCF,Lake water,0.4098052873550469,0.4502545893192291,TOPSIS,XGBoost_2
662,SI_ref_18,NaOH-activated SCW biochars,DCF,Secondary effluent,0.600008865661574,0.5150378346443176,TOPSIS,XGBoost_2
668,SI_ref_18,NaOH-activated SCW biochars,DCF,Lake water,0.5638671837826676,0.5253931283950806,TOPSIS,XGBoost_2
673,SI_ref_18,NaOH-activated SCW biochars,DCF,Lake water,0.5356816504619031,0.5253931283950806,TOPSIS,XGBoost_2
679,SI_ref_18,NaOH-activated SCW biochars,DCF,Lake water,0.48550836273532816,0.5253931283950806,TOPSIS,XGBoost_2
682,SI_ref_18,NaOH-activated SCW biochars,DCF,Secondary effluent,0.5965252581670849,0.5150378346443176,TOPSIS,XGBoost_2
688,SI_ref_18,NaOH-activated SCW biochars,DCF,Lake water,0.5703611171190489,0.6207708120346069,TOPSIS,XGBoost_2
693,SI_ref_18,NaOH-activated SCW biochars,DCF,Secondary effluent,0.6557026735074662,0.5150378346443176,TOPSIS,XGBoost_2
694,SI_ref_18,NaOH-activated SCW biochars,DCF,Lake water,0.7297297292522416,0.5253931283950806,TOPSIS,XGBoost_2
699,SI_ref_18,NaOH-activated SCW biochars,IBU,Secondary effluent,0.8098199350756726,0.5834411382675171,TOPSIS,XGBoost_2
701,SI_ref_18,NaOH-activated SCW biochars,IBU,Secondary effluent,0.7485969905050348,0.5860492587089539,TOPSIS,XGBoost_2
703,SI_ref_18,NaOH-activated SCW biochars,IBU,Secondary effluent,0.6850179499229786,0.5984400510787964,TOPSIS,XGBoost_2
705,SI_ref_18,NaOH-activated SCW biochars,IBU,Secondary effluent,0.6861011679416551,0.5871607661247253,TOPSIS,XGBoost_2
707,SI_ref_18,NaOH-activated SCW biochars,IBU,Secondary effluent,0.6799185617433835,0.5827116966247559,TOPSIS,XGBoost_2
709,SI_ref_18,NaOH-activated SCW biochars,IBU,Secondary effluent,0.6765813990931481,0.5827116966247559,TOPSIS,XGBoost_2
711,SI_ref_18,NaOH-activated SCW biochars,IBU,Secondary effluent,0.6777803451607008,0.58021080493927,TOPSIS,XGBoost_2
712,SI_ref_18,NaOH-activated SCW biochars,IBU,Lake water,0.10371139816269948,0.6157381534576416,TOPSIS,XGBoost_2
714,SI_ref_18,NaOH-activated SCW biochars,IBU,Lake water,0.46656560236114836,0.6157381534576416,TOPSIS,XGBoost_2
721,SI_ref_18,NaOH-activated SCW biochars,IBU,Secondary effluent,0.675113405421536,0.5928520560264587,TOPSIS,XGBoost_2
730,SI_ref_18,NaOH-activated SCW biochars,IBU,Lake water,0.627404015064595,0.6157381534576416,TOPSIS,XGBoost_2
738,SI_ref_18,NaOH-activated SCW biochars,IBU,Lake water,0.6298527247859258,0.6157381534576416,TOPSIS,XGBoost_2
740,SI_ref_18,NaOH-activated SCW biochars,IBU,Lake water,0.5791171913994386,0.6157381534576416,TOPSIS,XGBoost_2
747,SI_ref_18,NaOH-activated SCW biochars,IBU,Lake water,0.6846241766923425,0.717481255531311,TOPSIS,XGBoost_2
752,SI_ref_18,NaOH-activated SCW biochars,IBU,Secondary effluent,0.7252319435730717,0.5928520560264587,TOPSIS,XGBoost_2
758,SI_ref_18,NaOH-activated SCW biochars,NPX,Secondary effluent,0.5521972966156422,0.22085082530975342,TOPSIS,XGBoost_2
760,SI_ref_18,NaOH-activated SCW biochars,NPX,Secondary effluent,0.4814245289032641,0.2275562584400177,TOPSIS,XGBoost_2
762,SI_ref_18,NaOH-activated SCW biochars,NPX,Secondary effluent,0.34455951981715066,0.21666738390922546,TOPSIS,XGBoost_2
764,SI_ref_18,NaOH-activated SCW biochars,NPX,Secondary effluent,0.2493517679350271,0.15383945405483246,TOPSIS,XGBoost_2
766,SI_ref_18,NaOH-activated SCW biochars,NPX,Secondary effluent,0.16764900163614713,0.10283596813678741,TOPSIS,XGBoost_2
768,SI_ref_18,NaOH-activated SCW biochars,NPX,Secondary effluent,0.12846350911521487,0.10283596813678741,TOPSIS,XGBoost_2
770,SI_ref_18,NaOH-activated SCW biochars,NPX,Secondary effluent,0.12873702561203082,0.10033508390188217,TOPSIS,XGBoost_2
771,SI_ref_18,NaOH-activated SCW biochars,NPX,Lake water,0.03570310331741743,0.08010151982307434,TOPSIS,XGBoost_2
780,SI_ref_18,NaOH-activated SCW biochars,NPX,Secondary effluent,0.11864589305153721,0.11664754152297974,TOPSIS,XGBoost_2
781,SI_ref_18,NaOH-activated SCW biochars,NPX,Lake water,0.04234525136924403,0.08010151982307434,TOPSIS,XGBoost_2
791,SI_ref_18,NaOH-activated SCW biochars,NPX,Lake water,0.05751855059175114,0.0730433538556099,TOPSIS,XGBoost_2
795,SI_ref_18,NaOH-activated SCW biochars,NPX,Lake water,0.1386164882936624,0.19832096993923187,TOPSIS,XGBoost_2
859,SI_ref_13,PB600,CBZ,Synthetic,0.4773489932885906,0.5078411102294922,TOPSIS,XGBoost_2
892,SI_ref_13,PB600,IBU,Synthetic,0.8533052267445003,0.572645366191864,TOPSIS,XGBoost_2
906,SI_ref_13,PB800,CBZ,Synthetic,0.16135346756152125,0.2350478172302246,TOPSIS,XGBoost_2
939,SI_ref_13,PB800,IBU,Synthetic,0.5875275377054737,0.3647194802761078,TOPSIS,XGBoost_2
959,SI_ref_15,PSB,CAR,Synthetic,0.898502105289309,0.9242886900901794,TOPSIS,XGBoost_2
963,SI_ref_15,PSB,CAR,Synthetic,0.8690891098845278,0.9242886900901794,TOPSIS,XGBoost_2
976,SI_ref_15,PSB,PYR,Synthetic,0.9599614728522631,0.9313443899154663,TOPSIS,XGBoost_2
980,SI_ref_15,PSB,PYR,Synthetic,0.8739092070679689,0.9313443899154663,TOPSIS,XGBoost_2
982,SI_ref_15,PSB,PYR,Synthetic,0.8750456231185068,0.9313443899154663,TOPSIS,XGBoost_2
983,SI_ref_15,PSB,PYR,Synthetic,0.950707773566655,0.9313443899154663,TOPSIS,XGBoost_2
1000,SI_ref_15,PSB,TEB,Synthetic,0.8714762044822667,0.9252980351448059,TOPSIS,XGBoost_2
1001,SI_ref_15,PSB,TEB,Synthetic,0.8650362109004135,0.9252980351448059,TOPSIS,XGBoost_2
1020,SI_ref_15,PSBOX-A,CAR,Synthetic,0.024826351018054676,0.1100054532289505,TOPSIS,XGBoost_2
1024,SI_ref_15,PSBOX-A,CAR,Synthetic,0.013386578068051812,0.1100054532289505,TOPSIS,XGBoost_2
1039,SI_ref_15,PSBOX-A,PYR,Synthetic,0.10520884210859399,0.2630053460597992,TOPSIS,XGBoost_2
1041,SI_ref_15,PSBOX-A,PYR,Synthetic,0.5321591562240328,0.24810728430747986,TOPSIS,XGBoost_2
1045,SI_ref_15,PSBOX-A,PYR,Synthetic,0.07450853175519283,0.2630053460597992,TOPSIS,XGBoost_2
1047,SI_ref_15,PSBOX-A,PYR,Synthetic,0.07530521810797475,0.2630053460597992,TOPSIS,XGBoost_2
1048,SI_ref_15,PSBOX-A,PYR,Synthetic,0.1335562050140622,0.2630053460597992,TOPSIS,XGBoost_2
1065,SI_ref_15,PSBOX-A,TEB,Synthetic,0.5160089507499187,0.20178259909152985,TOPSIS,XGBoost_2
1070,SI_ref_15,PSBOX-A,TEB,Synthetic,0.04527670142322688,0.22195741534233093,TOPSIS,XGBoost_2
1071,SI_ref_15,PSBOX-A,TEB,Synthetic,0.04243318293660387,0.22195741534233093,TOPSIS,XGBoost_2
1095,SI_ref_17,Pristine SCG biochar,CBZ,Synthetic,0.9071706166070994,0.9122133851051331,TOPSIS,XGBoost_2
1104,SI_ref_17,Pristine SCG biochar,CBZ,Synthetic,0.8748284470323213,0.9084429144859314,TOPSIS,XGBoost_2
1108,SI_ref_17,Pristine SCG biochar,CBZ,Synthetic,0.8967497590877974,0.9078441262245178,TOPSIS,XGBoost_2
1112,SI_ref_17,Pristine SCG biochar,CBZ,Synthetic,0.8867934815653573,0.9078441262245178,TOPSIS,XGBoost_2
1115,SI_ref_17,Pristine SCG biochar,CBZ,Synthetic,0.925161257978969,0.9122133851051331,TOPSIS,XGBoost_2
1116,SI_ref_17,Pristine SCG biochar,EE2,Synthetic,0.9879675366998732,0.9180299639701843,TOPSIS,XGBoost_2
1117,SI_ref_17,Pristine SCG biochar,EE2,Synthetic,0.9630524728687239,0.8828088641166687,TOPSIS,XGBoost_2
1118,SI_ref_17,Pristine SCG biochar,EE2,Synthetic,0.9308917481943695,0.9151402115821838,TOPSIS,XGBoost_2
1119,SI_ref_17,Pristine SCG biochar,EE2,Synthetic,0.9610835485312063,0.8799191117286682,TOPSIS,XGBoost_2
1120,SI_ref_17,Pristine SCG biochar,EE2,Synthetic,0.8890050918282607,0.9089891314506531,TOPSIS,XGBoost_2
1121,SI_ref_17,Pristine SCG biochar,EE2,Synthetic,0.9527872619203276,0.8725569248199463,TOPSIS,XGBoost_2
1122,SI_ref_17,Pristine SCG biochar,EE2,Synthetic,0.8965951913819401,0.8967933654785156,TOPSIS,XGBoost_2
1123,SI_ref_17,Pristine SCG biochar,EE2,Synthetic,0.9558259103687238,0.8725472092628479,TOPSIS,XGBoost_2
1124,SI_ref_17,Pristine SCG biochar,EE2,Synthetic,0.8793895099735648,0.8876326084136963,TOPSIS,XGBoost_2
1125,SI_ref_17,Pristine SCG biochar,EE2,Synthetic,0.9519368217180961,0.8651183247566223,TOPSIS,XGBoost_2
1126,SI_ref_17,Pristine SCG biochar,EE2,Synthetic,0.8770554520720774,0.8885921835899353,TOPSIS,XGBoost_2
1127,SI_ref_17,Pristine SCG biochar,EE2,Synthetic,0.9377852461427824,0.8651183247566223,TOPSIS,XGBoost_2
1128,SI_ref_17,Pristine SCG biochar,EE2,Synthetic,0.8833014060151289,0.8836430907249451,TOPSIS,XGBoost_2
1129,SI_ref_17,Pristine SCG biochar,EE2,Synthetic,0.9348668633411785,0.8628606796264648,TOPSIS,XGBoost_2
1132,SI_ref_17,Pristine SCG biochar,EE2,Synthetic,0.8374361704672763,0.862183690071106,TOPSIS,XGBoost_2
1133,SI_ref_17,Pristine SCG biochar,EE2,Synthetic,0.8609155049620831,0.8632029294967651,TOPSIS,XGBoost_2
1137,SI_ref_17,Pristine SCG biochar,EE2,Synthetic,0.8257334628724249,0.8632029294967651,TOPSIS,XGBoost_2
1147,SI_ref_17,Pristine SCG biochar,EE2,Synthetic,0.8965862728271835,0.8632029294967651,TOPSIS,XGBoost_2
1170,SI_ref_17,Pristine SCG biochar,IBU,Synthetic,0.7820004901373623,0.8291792869567871,TOPSIS,XGBoost_2
1183,SI_ref_17,Pristine SCG biochar,IBU,Synthetic,0.9114748664800524,0.9149016737937927,TOPSIS,XGBoost_2
1184,SI_ref_17,Pristine SCG biochar,IBU,Synthetic,0.9484982246288517,0.9282402992248535,TOPSIS,XGBoost_2
1186,SI_ref_17,Pristine SCG biochar,IBU,Synthetic,0.893754721851682,0.9133766293525696,TOPSIS,XGBoost_2
1189,SI_ref_17,Pristine SCG biochar,IBU,Synthetic,0.9210277046979152,0.9149016737937927,TOPSIS,XGBoost_2
1191,SI_ref_17,Pristine SCG biochar,IBU,Synthetic,0.9513456586569363,0.9149016737937927,TOPSIS,XGBoost_2
1192,SI_ref_17,Pristine SCG biochar,IBU,Synthetic,0.9226237248225028,0.9133766293525696,TOPSIS,XGBoost_2
1194,SI_ref_17,Pristine SCG biochar,IBU,Synthetic,0.8857728699803085,0.9133766293525696,TOPSIS,XGBoost_2
1199,SI_ref_18,Pristine SCW Biochar,DCF,Secondary effluent,0.918928852227115,0.9234358072280884,TOPSIS,XGBoost_2
1201,SI_ref_18,Pristine SCW Biochar,DCF,Secondary effluent,0.9102784904019702,0.9202191233634949,TOPSIS,XGBoost_2
1203,SI_ref_18,Pristine SCW Biochar,DCF,Secondary effluent,0.9056826438576806,0.9181872606277466,TOPSIS,XGBoost_2
1205,SI_ref_18,Pristine SCW Biochar,DCF,Secondary effluent,0.9047459643543814,0.9182395935058594,TOPSIS,XGBoost_2
1207,SI_ref_18,Pristine SCW Biochar,DCF,Secondary effluent,0.9046272834515193,0.9164709448814392,TOPSIS,XGBoost_2
1209,SI_ref_18,Pristine SCW Biochar,DCF,Secondary effluent,0.9011959807369067,0.9112781882286072,TOPSIS,XGBoost_2
1211,SI_ref_18,Pristine SCW Biochar,DCF,Secondary effluent,0.9001936082465184,0.9090205430984497,TOPSIS,XGBoost_2
1214,SI_ref_18,Pristine SCW Biochar,DCF,Lake water,0.9077130214504949,0.8954272866249084,TOPSIS,XGBoost_2
1219,SI_ref_18,Pristine SCW Biochar,DCF,Secondary effluent,0.9048873911798646,0.9097789525985718,TOPSIS,XGBoost_2
1225,SI_ref_18,Pristine SCW Biochar,DCF,Lake water,0.9209005359691885,0.9167332053184509,TOPSIS,XGBoost_2
1230,SI_ref_18,Pristine SCW Biochar,DCF,Lake water,0.9255037841040696,0.9167332053184509,TOPSIS,XGBoost_2
1236,SI_ref_18,Pristine SCW Biochar,DCF,Lake water,0.9092724465153025,0.9167332053184509,TOPSIS,XGBoost_2
1239,SI_ref_18,Pristine SCW Biochar,DCF,Secondary effluent,0.9186059768996898,0.9097789525985718,TOPSIS,XGBoost_2
1245,SI_ref_18,Pristine SCW Biochar,DCF,Lake water,0.926603142736896,0.9253392815589905,TOPSIS,XGBoost_2
1249,SI_ref_18,Pristine SCW Biochar,DCF,Secondary effluent,0.9174019043807426,0.9097789525985718,TOPSIS,XGBoost_2
1254,SI_ref_18,Pristine SCW Biochar,IBU,Secondary effluent,0.9156726978407875,0.9163156151771545,TOPSIS,XGBoost_2
1256,SI_ref_18,Pristine SCW Biochar,IBU,Secondary effluent,0.9079673942368781,0.9147700071334839,TOPSIS,XGBoost_2
1258,SI_ref_18,Pristine SCW Biochar,IBU,Secondary effluent,0.9043236251446873,0.9135258197784424,TOPSIS,XGBoost_2
1260,SI_ref_18,Pristine SCW Biochar,IBU,Secondary effluent,0.9020547983951682,0.9144747257232666,TOPSIS,XGBoost_2
1262,SI_ref_18,Pristine SCW Biochar,IBU,Secondary effluent,0.9004882379050155,0.9117250442504883,TOPSIS,XGBoost_2
1264,SI_ref_18,Pristine SCW Biochar,IBU,Secondary effluent,0.897458530238549,0.9087533950805664,TOPSIS,XGBoost_2
1266,SI_ref_18,Pristine SCW Biochar,IBU,Secondary effluent,0.8973424975849196,0.9064957499504089,TOPSIS,XGBoost_2
1274,SI_ref_18,Pristine SCW Biochar,IBU,Secondary effluent,0.8992057856547054,0.9097684621810913,TOPSIS,XGBoost_2
1283,SI_ref_18,Pristine SCW Biochar,IBU,Lake water,0.9158900362354069,0.9170390963554382,TOPSIS,XGBoost_2
1291,SI_ref_18,Pristine SCW Biochar,IBU,Lake water,0.9068652159539504,0.9170390963554382,TOPSIS,XGBoost_2
1293,SI_ref_18,Pristine SCW Biochar,IBU,Lake water,0.9067682424855283,0.9170390963554382,TOPSIS,XGBoost_2
1300,SI_ref_18,Pristine SCW Biochar,IBU,Lake water,0.9277221749920567,0.9260799288749695,TOPSIS,XGBoost_2
1304,SI_ref_18,Pristine SCW Biochar,IBU,Secondary effluent,0.911352956646831,0.9097684621810913,TOPSIS,XGBoost_2
1309,SI_ref_18,Pristine SCW Biochar,NPX,Secondary effluent,0.9276600601799115,0.9209144115447998,TOPSIS,XGBoost_2
1311,SI_ref_18,Pristine SCW Biochar,NPX,Secondary effluent,0.9217275625657669,0.9163281321525574,TOPSIS,XGBoost_2
1313,SI_ref_18,Pristine SCW Biochar,NPX,Secondary effluent,0.9151672500810683,0.9133169651031494,TOPSIS,XGBoost_2
1315,SI_ref_18,Pristine SCW Biochar,NPX,Secondary effluent,0.914870212237198,0.9135054349899292,TOPSIS,XGBoost_2
1317,SI_ref_18,Pristine SCW Biochar,NPX,Secondary effluent,0.9125118045566373,0.9143616557121277,TOPSIS,XGBoost_2
1319,SI_ref_18,Pristine SCW Biochar,NPX,Secondary effluent,0.9122370962869346,0.9091688990592957,TOPSIS,XGBoost_2
1321,SI_ref_18,Pristine SCW Biochar,NPX,Secondary effluent,0.9100475600528815,0.9069112539291382,TOPSIS,XGBoost_2
1329,SI_ref_18,Pristine SCW Biochar,NPX,Secondary effluent,0.910898633301941,0.9074646234512329,TOPSIS,XGBoost_2
1330,SI_ref_18,Pristine SCW Biochar,NPX,Lake water,0.9241969522882365,0.916339099407196,TOPSIS,XGBoost_2
1340,SI_ref_18,Pristine SCW Biochar,NPX,Lake water,0.9210401821004949,0.9106579422950745,TOPSIS,XGBoost_2
1344,SI_ref_18,Pristine SCW Biochar,NPX,Lake water,0.9309313456555985,0.9276179671287537,TOPSIS,XGBoost_2
19,SI_ref_19,AMCB,IBU,Lake water,0.12160249298048154,0.6247240052735632,Constant,Constant
20,SI_ref_19,AMCB,IBU,Ground water,0.0023766372681587895,0.6247240052735632,Constant,Constant
26,SI_ref_19,AMCB,IBU,Ground water,0.1894672613641715,0.6247240052735632,Constant,Constant
27,SI_ref_19,AMCB,IBU,Lake water,0.343266669603983,0.6247240052735632,Constant,Constant
36,SI_ref_19,AMCB,IBU,Ground water,0.41496556078686897,0.6247240052735632,Constant,Constant
42,SI_ref_19,AMCB,IBU,Ground water,0.5182383095521604,0.6247240052735632,Constant,Constant
45,SI_ref_19,AMCB,IBU,Lake water,0.5439346954470261,0.6247240052735632,Constant,Constant
46,SI_ref_19,AMCB,IBU,Ground water,0.48210720700720494,0.6247240052735632,Constant,Constant
51,SI_ref_19,AMCB,IBU,Lake water,0.0829192384873889,0.6247240052735632,Constant,Constant
52,SI_ref_19,AMCB,IBU,Ground water,0.003531050071646246,0.6247240052735632,Constant,Constant
56,SI_ref_19,AMCB,IBU,Ground water,0.17260220522445793,0.6247240052735632,Constant,Constant
57,SI_ref_19,AMCB,IBU,Lake water,0.2799685707152232,0.6247240052735632,Constant,Constant
66,SI_ref_19,AMCB,IBU,Ground water,0.4885549946229274,0.6247240052735632,Constant,Constant
72,SI_ref_19,AMCB,IBU,Ground water,0.5107350299703324,0.6247240052735632,Constant,Constant
75,SI_ref_19,AMCB,IBU,Lake water,0.539673236909249,0.6247240052735632,Constant,Constant
76,SI_ref_19,AMCB,IBU,Ground water,0.4945842701164504,0.6247240052735632,Constant,Constant
81,SI_ref_19,AMCB,IBU,Lake water,0.11734271672387758,0.6247240052735632,Constant,Constant
82,SI_ref_19,AMCB,IBU,Ground water,0.0,0.6247240052735632,Constant,Constant
86,SI_ref_19,AMCB,IBU,Ground water,0.16952726930244136,0.6247240052735632,Constant,Constant
87,SI_ref_19,AMCB,IBU,Lake water,0.245380335735257,0.6247240052735632,Constant,Constant
96,SI_ref_19,AMCB,IBU,Ground water,0.45590621693388655,0.6247240052735632,Constant,Constant
110,SI_ref_19,AMCB,IBU,Ground water,0.5205305455205957,0.6247240052735632,Constant,Constant
113,SI_ref_19,AMCB,IBU,Lake water,0.5570792394486925,0.6247240052735632,Constant,Constant
114,SI_ref_19,AMCB,IBU,Ground water,0.48301499525722014,0.6247240052735632,Constant,Constant
134,SI_ref_17,Alkali-modified SCG biochars,CBZ,Synthetic,0.00635796336582959,0.6247240052735632,Constant,Constant
143,SI_ref_17,Alkali-modified SCG biochars,CBZ,Synthetic,0.12158111194827703,0.6247240052735632,Constant,Constant
146,SI_ref_17,Alkali-modified SCG biochars,CBZ,Synthetic,0.6777397154224275,0.6247240052735632,Constant,Constant
150,SI_ref_17,Alkali-modified SCG biochars,CBZ,Synthetic,0.8144073973371778,0.6247240052735632,Constant,Constant
153,SI_ref_17,Alkali-modified SCG biochars,CBZ,Synthetic,0.5612135486607656,0.6247240052735632,Constant,Constant
154,SI_ref_17,Alkali-modified SCG biochars,EE2,Synthetic,0.32691906294512396,0.6247240052735632,Constant,Constant
155,SI_ref_17,Alkali-modified SCG biochars,EE2,Synthetic,0.281684429186895,0.6247240052735632,Constant,Constant
156,SI_ref_17,Alkali-modified SCG biochars,EE2,Synthetic,0.2985885901242538,0.6247240052735632,Constant,Constant
157,SI_ref_17,Alkali-modified SCG biochars,EE2,Synthetic,0.1736546812353491,0.6247240052735632,Constant,Constant
158,SI_ref_17,Alkali-modified SCG biochars,EE2,Synthetic,0.08297647774499996,0.6247240052735632,Constant,Constant
159,SI_ref_17,Alkali-modified SCG biochars,EE2,Synthetic,0.0890939833732563,0.6247240052735632,Constant,Constant
160,SI_ref_17,Alkali-modified SCG biochars,EE2,Synthetic,0.12434438865468556,0.6247240052735632,Constant,Constant
161,SI_ref_17,Alkali-modified SCG biochars,EE2,Synthetic,0.0719303611000807,0.6247240052735632,Constant,Constant
162,SI_ref_17,Alkali-modified SCG biochars,EE2,Synthetic,0.050886215526030655,0.6247240052735632,Constant,Constant
163,SI_ref_17,Alkali-modified SCG biochars,EE2,Synthetic,0.06892444951131721,0.6247240052735632,Constant,Constant
164,SI_ref_17,Alkali-modified SCG biochars,EE2,Synthetic,0.0402114435413677,0.6247240052735632,Constant,Constant
165,SI_ref_17,Alkali-modified SCG biochars,EE2,Synthetic,0.06161971981332274,0.6247240052735632,Constant,Constant
166,SI_ref_17,Alkali-modified SCG biochars,EE2,Synthetic,0.014122078362060976,0.6247240052735632,Constant,Constant
167,SI_ref_17,Alkali-modified SCG biochars,EE2,Synthetic,0.06227375203350968,0.6247240052735632,Constant,Constant
170,SI_ref_17,Alkali-modified SCG biochars,EE2,Synthetic,0.13791601981601773,0.6247240052735632,Constant,Constant
171,SI_ref_17,Alkali-modified SCG biochars,EE2,Synthetic,0.09051861058315946,0.6247240052735632,Constant,Constant
180,SI_ref_17,Alkali-modified SCG biochars,EE2,Synthetic,0.2279548813058391,0.6247240052735632,Constant,Constant
203,SI_ref_17,Alkali-modified SCG biochars,IBU,Synthetic,0.10913541523053398,0.6247240052735632,Constant,Constant
216,SI_ref_17,Alkali-modified SCG biochars,IBU,Synthetic,0.10107027265594352,0.6247240052735632,Constant,Constant
217,SI_ref_17,Alkali-modified SCG biochars,IBU,Synthetic,0.6889998443034063,0.6247240052735632,Constant,Constant
219,SI_ref_17,Alkali-modified SCG biochars,IBU,Synthetic,0.1184746430703935,0.6247240052735632,Constant,Constant
222,SI_ref_17,Alkali-modified SCG biochars,IBU,Synthetic,0.04374442489311713,0.6247240052735632,Constant,Constant
224,SI_ref_17,Alkali-modified SCG biochars,IBU,Synthetic,0.2945083196339574,0.6247240052735632,Constant,Constant
225,SI_ref_17,Alkali-modified SCG biochars,IBU,Synthetic,0.5901579894748284,0.6247240052735632,Constant,Constant
227,SI_ref_17,Alkali-modified SCG biochars,IBU,Synthetic,0.6910697148739985,0.6247240052735632,Constant,Constant
235,SI_ref_16,C-Biochar,ATE,Synthetic,0.8511111111111113,0.6247240052735632,Constant,Constant
237,SI_ref_16,C-Biochar,ATE,Synthetic,0.8733333333333334,0.6247240052735632,Constant,Constant
239,SI_ref_16,C-Biochar,ATE,Synthetic,0.6511111111111112,0.6247240052735632,Constant,Constant
241,SI_ref_16,C-Biochar,ATE,Synthetic,0.7774074074074075,0.6247240052735632,Constant,Constant
247,SI_ref_16,C-Biochar,CBZ,Synthetic,0.44146825396825395,0.6247240052735632,Constant,Constant
249,SI_ref_16,C-Biochar,CBZ,Synthetic,0.4430976430976431,0.6247240052735632,Constant,Constant
253,SI_ref_16,C-Biochar,CBZ,Synthetic,0.4044973544973545,0.6247240052735632,Constant,Constant
255,SI_ref_16,C-Biochar,CBZ,Synthetic,0.46792328042328046,0.6247240052735632,Constant,Constant
257,SI_ref_16,C-Biochar,CBZ,Synthetic,0.46197089947089953,0.6247240052735632,Constant,Constant
273,SI_ref_16,C-Biochar,IBU,Synthetic,0.6000000000000001,0.6247240052735632,Constant,Constant
278,SI_ref_16,C-Biochar,IBU,Synthetic,0.8430555555555557,0.6247240052735632,Constant,Constant
299,SI_ref_19,CB,IBU,Lake water,0.9811931645978613,0.6247240052735632,Constant,Constant
300,SI_ref_19,CB,IBU,Ground water,0.9595058090644278,0.6247240052735632,Constant,Constant
304,SI_ref_19,CB,IBU,Ground water,0.9323428884090048,0.6247240052735632,Constant,Constant
305,SI_ref_19,CB,IBU,Lake water,0.9442367850805692,0.6247240052735632,Constant,Constant
320,SI_ref_19,CB,IBU,Ground water,0.9303445651202417,0.6247240052735632,Constant,Constant
326,SI_ref_19,CB,IBU,Ground water,0.9318432124429017,0.6247240052735632,Constant,Constant
329,SI_ref_19,CB,IBU,Lake water,0.9296205387839244,0.6247240052735632,Constant,Constant
330,SI_ref_19,CB,IBU,Ground water,0.9174641264203113,0.6247240052735632,Constant,Constant
345,SI_ref_14,GCRB,ALA,Synthetic,0.9324051079932012,0.6247240052735632,Constant,Constant
348,SI_ref_14,GCRB,ALA,Synthetic,0.959711660682908,0.6247240052735632,Constant,Constant
374,SI_ref_14,GCRB,DIU,Synthetic,1.0082496176169822,0.6247240052735632,Constant,Constant
376,SI_ref_14,GCRB,SIM,Synthetic,0.9862955626477844,0.6247240052735632,Constant,Constant
377,SI_ref_14,GCRB,SIM,Synthetic,0.9834030650434858,0.6247240052735632,Constant,Constant
378,SI_ref_14,GCRB,SIM,Synthetic,0.9809240251187635,0.6247240052735632,Constant,Constant
379,SI_ref_14,GCRB,SIM,Synthetic,0.977408497407208,0.6247240052735632,Constant,Constant
380,SI_ref_14,GCRB,SIM,Synthetic,0.9725866254178165,0.6247240052735632,Constant,Constant
381,SI_ref_14,GCRB,SIM,Synthetic,0.9707397150816074,0.6247240052735632,Constant,Constant
382,SI_ref_14,GCRB,SIM,Synthetic,0.9682512913168398,0.6247240052735632,Constant,Constant
383,SI_ref_14,GCRB,SIM,Synthetic,0.9596267727831934,0.6247240052735632,Constant,Constant
393,SI_ref_14,GCRB,SIM,Synthetic,0.9681949882765674,0.6247240052735632,Constant,Constant
397,SI_ref_14,GCRB,SIM,Synthetic,0.9595581925458377,0.6247240052735632,Constant,Constant
410,SI_ref_14,GCRB-N,ALA,Synthetic,0.42098834230158483,0.6247240052735632,Constant,Constant
419,SI_ref_14,GCRB-N,ALA,Synthetic,0.3038540896584293,0.6247240052735632,Constant,Constant
428,SI_ref_14,GCRB-N,ALA,Synthetic,0.2941679236692388,0.6247240052735632,Constant,Constant
437,SI_ref_14,GCRB-N,ALA,Synthetic,0.299011006663834,0.6247240052735632,Constant,Constant
459,SI_ref_14,GCRB-N,DIU,Synthetic,0.6455190877003087,0.6247240052735632,Constant,Constant
468,SI_ref_14,GCRB-N,DIU,Synthetic,0.6564705601884918,0.6247240052735632,Constant,Constant
477,SI_ref_14,GCRB-N,DIU,Synthetic,0.6413243626564091,0.6247240052735632,Constant,Constant
480,SI_ref_14,GCRB-N,SIM,Synthetic,0.8709260833889569,0.6247240052735632,Constant,Constant
481,SI_ref_14,GCRB-N,SIM,Synthetic,0.7937886433454202,0.6247240052735632,Constant,Constant
482,SI_ref_14,GCRB-N,SIM,Synthetic,0.7230251055630271,0.6247240052735632,Constant,Constant
483,SI_ref_14,GCRB-N,SIM,Synthetic,0.6451471952322713,0.6247240052735632,Constant,Constant
484,SI_ref_14,GCRB-N,SIM,Synthetic,0.579106572580609,0.6247240052735632,Constant,Constant
485,SI_ref_14,GCRB-N,SIM,Synthetic,0.5461098630342859,0.6247240052735632,Constant,Constant
486,SI_ref_14,GCRB-N,SIM,Synthetic,0.526458395826474,0.6247240052735632,Constant,Constant
487,SI_ref_14,GCRB-N,SIM,Synthetic,0.44952651357619516,0.6247240052735632,Constant,Constant
493,SI_ref_14,GCRB-N,SIM,Synthetic,0.525804086252399,0.6247240052735632,Constant,Constant
502,SI_ref_14,GCRB-N,SIM,Synthetic,0.8453757948497886,0.6247240052735632,Constant,Constant
511,SI_ref_14,GCRB-N,SIM,Synthetic,0.8584308799035202,0.6247240052735632,Constant,Constant
520,SI_ref_14,GCRB-N,SIM,Synthetic,0.8519033373766544,0.6247240052735632,Constant,Constant
540,SI_ref_19,MCB,IBU,Lake water,0.9742126323294387,0.6247240052735632,Constant,Constant
541,SI_ref_19,MCB,IBU,Ground water,0.9483485035015843,0.6247240052735632,Constant,Constant
547,SI_ref_19,MCB,IBU,Ground water,0.9263512886233829,0.6247240052735632,Constant,Constant
548,SI_ref_19,MCB,IBU,Lake water,0.9349728899053784,0.6247240052735632,Constant,Constant
565,SI_ref_19,MCB,IBU,Ground water,0.9254612605703445,0.6247240052735632,Constant,Constant
571,SI_ref_19,MCB,IBU,Ground water,0.927696260267614,0.6247240052735632,Constant,Constant
574,SI_ref_19,MCB,IBU,Lake water,0.9258585842402297,0.6247240052735632,Constant,Constant
575,SI_ref_19,MCB,IBU,Ground water,0.9173366162788351,0.6247240052735632,Constant,Constant
580,SI_ref_19,MCB,IBU,Lake water,0.974635205338439,0.6247240052735632,Constant,Constant
581,SI_ref_19,MCB,IBU,Ground water,0.95367292982704,0.6247240052735632,Constant,Constant
585,SI_ref_19,MCB,IBU,Ground water,0.925414707326754,0.6247240052735632,Constant,Constant
586,SI_ref_19,MCB,IBU,Lake water,0.9347814302861347,0.6247240052735632,Constant,Constant
595,SI_ref_19,MCB,IBU,Ground water,0.9248851497651674,0.6247240052735632,Constant,Constant
601,SI_ref_19,MCB,IBU,Ground water,0.9300914246503462,0.6247240052735632,Constant,Constant
604,SI_ref_19,MCB,IBU,Lake water,0.9282701343021136,0.6247240052735632,Constant,Constant
605,SI_ref_19,MCB,IBU,Ground water,0.9160948152334054,0.6247240052735632,Constant,Constant
610,SI_ref_19,MCB,IBU,Lake water,0.9716179138912365,0.6247240052735632,Constant,Constant
611,SI_ref_19,MCB,IBU,Ground water,0.9529992532644452,0.6247240052735632,Constant,Constant
615,SI_ref_19,MCB,IBU,Ground water,0.9284499518994666,0.6247240052735632,Constant,Constant
616,SI_ref_19,MCB,IBU,Lake water,0.935069554315652,0.6247240052735632,Constant,Constant
625,SI_ref_19,MCB,IBU,Ground water,0.9258221154816445,0.6247240052735632,Constant,Constant
631,SI_ref_19,MCB,IBU,Ground water,0.9296259863973036,0.6247240052735632,Constant,Constant
634,SI_ref_19,MCB,IBU,Lake water,0.9271225782160609,0.6247240052735632,Constant,Constant
635,SI_ref_19,MCB,IBU,Ground water,0.9188076045934327,0.6247240052735632,Constant,Constant
640,SI_ref_18,NaOH-activated SCW biochars,DCF,Secondary effluent,0.7547018161110076,0.6247240052735632,Constant,Constant
642,SI_ref_18,NaOH-activated SCW biochars,DCF,Secondary effluent,0.6981463000238689,0.6247240052735632,Constant,Constant
644,SI_ref_18,NaOH-activated SCW biochars,DCF,Secondary effluent,0.6293744945066856,0.6247240052735632,Constant,Constant
646,SI_ref_18,NaOH-activated SCW biochars,DCF,Secondary effluent,0.588788451165352,0.6247240052735632,Constant,Constant
648,SI_ref_18,NaOH-activated SCW biochars,DCF,Secondary effluent,0.5891686823750966,0.6247240052735632,Constant,Constant
650,SI_ref_18,NaOH-activated SCW biochars,DCF,Secondary effluent,0.5849511312086796,0.6247240052735632,Constant,Constant
652,SI_ref_18,NaOH-activated SCW biochars,DCF,Secondary effluent,0.5864672759838442,0.6247240052735632,Constant,Constant
655,SI_ref_18,NaOH-activated SCW biochars,DCF,Lake water,0.28283236606156975,0.6247240052735632,Constant,Constant
657,SI_ref_18,NaOH-activated SCW biochars,DCF,Lake water,0.4098052873550469,0.6247240052735632,Constant,Constant
662,SI_ref_18,NaOH-activated SCW biochars,DCF,Secondary effluent,0.600008865661574,0.6247240052735632,Constant,Constant
668,SI_ref_18,NaOH-activated SCW biochars,DCF,Lake water,0.5638671837826676,0.6247240052735632,Constant,Constant
673,SI_ref_18,NaOH-activated SCW biochars,DCF,Lake water,0.5356816504619031,0.6247240052735632,Constant,Constant
679,SI_ref_18,NaOH-activated SCW biochars,DCF,Lake water,0.48550836273532816,0.6247240052735632,Constant,Constant
682,SI_ref_18,NaOH-activated SCW biochars,DCF,Secondary effluent,0.5965252581670849,0.6247240052735632,Constant,Constant
688,SI_ref_18,NaOH-activated SCW biochars,DCF,Lake water,0.5703611171190489,0.6247240052735632,Constant,Constant
693,SI_ref_18,NaOH-activated SCW biochars,DCF,Secondary effluent,0.6557026735074662,0.6247240052735632,Constant,Constant
694,SI_ref_18,NaOH-activated SCW biochars,DCF,Lake water,0.7297297292522416,0.6247240052735632,Constant,Constant
699,SI_ref_18,NaOH-activated SCW biochars,IBU,Secondary effluent,0.8098199350756726,0.6247240052735632,Constant,Constant
701,SI_ref_18,NaOH-activated SCW biochars,IBU,Secondary effluent,0.7485969905050348,0.6247240052735632,Constant,Constant
703,SI_ref_18,NaOH-activated SCW biochars,IBU,Secondary effluent,0.6850179499229786,0.6247240052735632,Constant,Constant
705,SI_ref_18,NaOH-activated SCW biochars,IBU,Secondary effluent,0.6861011679416551,0.6247240052735632,Constant,Constant
707,SI_ref_18,NaOH-activated SCW biochars,IBU,Secondary effluent,0.6799185617433835,0.6247240052735632,Constant,Constant
709,SI_ref_18,NaOH-activated SCW biochars,IBU,Secondary effluent,0.6765813990931481,0.6247240052735632,Constant,Constant
711,SI_ref_18,NaOH-activated SCW biochars,IBU,Secondary effluent,0.6777803451607008,0.6247240052735632,Constant,Constant
712,SI_ref_18,NaOH-activated SCW biochars,IBU,Lake water,0.10371139816269948,0.6247240052735632,Constant,Constant
714,SI_ref_18,NaOH-activated SCW biochars,IBU,Lake water,0.46656560236114836,0.6247240052735632,Constant,Constant
721,SI_ref_18,NaOH-activated SCW biochars,IBU,Secondary effluent,0.675113405421536,0.6247240052735632,Constant,Constant
730,SI_ref_18,NaOH-activated SCW biochars,IBU,Lake water,0.627404015064595,0.6247240052735632,Constant,Constant
738,SI_ref_18,NaOH-activated SCW biochars,IBU,Lake water,0.6298527247859258,0.6247240052735632,Constant,Constant
740,SI_ref_18,NaOH-activated SCW biochars,IBU,Lake water,0.5791171913994386,0.6247240052735632,Constant,Constant
747,SI_ref_18,NaOH-activated SCW biochars,IBU,Lake water,0.6846241766923425,0.6247240052735632,Constant,Constant
752,SI_ref_18,NaOH-activated SCW biochars,IBU,Secondary effluent,0.7252319435730717,0.6247240052735632,Constant,Constant
758,SI_ref_18,NaOH-activated SCW biochars,NPX,Secondary effluent,0.5521972966156422,0.6247240052735632,Constant,Constant
760,SI_ref_18,NaOH-activated SCW biochars,NPX,Secondary effluent,0.4814245289032641,0.6247240052735632,Constant,Constant
762,SI_ref_18,NaOH-activated SCW biochars,NPX,Secondary effluent,0.34455951981715066,0.6247240052735632,Constant,Constant
764,SI_ref_18,NaOH-activated SCW biochars,NPX,Secondary effluent,0.2493517679350271,0.6247240052735632,Constant,Constant
766,SI_ref_18,NaOH-activated SCW biochars,NPX,Secondary effluent,0.16764900163614713,0.6247240052735632,Constant,Constant
768,SI_ref_18,NaOH-activated SCW biochars,NPX,Secondary effluent,0.12846350911521487,0.6247240052735632,Constant,Constant
770,SI_ref_18,NaOH-activated SCW biochars,NPX,Secondary effluent,0.12873702561203082,0.6247240052735632,Constant,Constant
771,SI_ref_18,NaOH-activated SCW biochars,NPX,Lake water,0.03570310331741743,0.6247240052735632,Constant,Constant
780,SI_ref_18,NaOH-activated SCW biochars,NPX,Secondary effluent,0.11864589305153721,0.6247240052735632,Constant,Constant
781,SI_ref_18,NaOH-activated SCW biochars,NPX,Lake water,0.04234525136924403,0.6247240052735632,Constant,Constant
791,SI_ref_18,NaOH-activated SCW biochars,NPX,Lake water,0.05751855059175114,0.6247240052735632,Constant,Constant
795,SI_ref_18,NaOH-activated SCW biochars,NPX,Lake water,0.1386164882936624,0.6247240052735632,Constant,Constant
859,SI_ref_13,PB600,CBZ,Synthetic,0.4773489932885906,0.6247240052735632,Constant,Constant
892,SI_ref_13,PB600,IBU,Synthetic,0.8533052267445003,0.6247240052735632,Constant,Constant
906,SI_ref_13,PB800,CBZ,Synthetic,0.16135346756152125,0.6247240052735632,Constant,Constant
939,SI_ref_13,PB800,IBU,Synthetic,0.5875275377054737,0.6247240052735632,Constant,Constant
959,SI_ref_15,PSB,CAR,Synthetic,0.898502105289309,0.6247240052735632,Constant,Constant
963,SI_ref_15,PSB,CAR,Synthetic,0.8690891098845278,0.6247240052735632,Constant,Constant
976,SI_ref_15,PSB,PYR,Synthetic,0.9599614728522631,0.6247240052735632,Constant,Constant
980,SI_ref_15,PSB,PYR,Synthetic,0.8739092070679689,0.6247240052735632,Constant,Constant
982,SI_ref_15,PSB,PYR,Synthetic,0.8750456231185068,0.6247240052735632,Constant,Constant
983,SI_ref_15,PSB,PYR,Synthetic,0.950707773566655,0.6247240052735632,Constant,Constant
1000,SI_ref_15,PSB,TEB,Synthetic,0.8714762044822667,0.6247240052735632,Constant,Constant
1001,SI_ref_15,PSB,TEB,Synthetic,0.8650362109004135,0.6247240052735632,Constant,Constant
1020,SI_ref_15,PSBOX-A,CAR,Synthetic,0.024826351018054676,0.6247240052735632,Constant,Constant
1024,SI_ref_15,PSBOX-A,CAR,Synthetic,0.013386578068051812,0.6247240052735632,Constant,Constant
1039,SI_ref_15,PSBOX-A,PYR,Synthetic,0.10520884210859399,0.6247240052735632,Constant,Constant
1041,SI_ref_15,PSBOX-A,PYR,Synthetic,0.5321591562240328,0.6247240052735632,Constant,Constant
1045,SI_ref_15,PSBOX-A,PYR,Synthetic,0.07450853175519283,0.6247240052735632,Constant,Constant
1047,SI_ref_15,PSBOX-A,PYR,Synthetic,0.07530521810797475,0.6247240052735632,Constant,Constant
1048,SI_ref_15,PSBOX-A,PYR,Synthetic,0.1335562050140622,0.6247240052735632,Constant,Constant
1065,SI_ref_15,PSBOX-A,TEB,Synthetic,0.5160089507499187,0.6247240052735632,Constant,Constant
1070,SI_ref_15,PSBOX-A,TEB,Synthetic,0.04527670142322688,0.6247240052735632,Constant,Constant
1071,SI_ref_15,PSBOX-A,TEB,Synthetic,0.04243318293660387,0.6247240052735632,Constant,Constant
1095,SI_ref_17,Pristine SCG biochar,CBZ,Synthetic,0.9071706166070994,0.6247240052735632,Constant,Constant
1104,SI_ref_17,Pristine SCG biochar,CBZ,Synthetic,0.8748284470323213,0.6247240052735632,Constant,Constant
1108,SI_ref_17,Pristine SCG biochar,CBZ,Synthetic,0.8967497590877974,0.6247240052735632,Constant,Constant
1112,SI_ref_17,Pristine SCG biochar,CBZ,Synthetic,0.8867934815653573,0.6247240052735632,Constant,Constant
1115,SI_ref_17,Pristine SCG biochar,CBZ,Synthetic,0.925161257978969,0.6247240052735632,Constant,Constant
1116,SI_ref_17,Pristine SCG biochar,EE2,Synthetic,0.9879675366998732,0.6247240052735632,Constant,Constant
1117,SI_ref_17,Pristine SCG biochar,EE2,Synthetic,0.9630524728687239,0.6247240052735632,Constant,Constant
1118,SI_ref_17,Pristine SCG biochar,EE2,Synthetic,0.9308917481943695,0.6247240052735632,Constant,Constant
1119,SI_ref_17,Pristine SCG biochar,EE2,Synthetic,0.9610835485312063,0.6247240052735632,Constant,Constant
1120,SI_ref_17,Pristine SCG biochar,EE2,Synthetic,0.8890050918282607,0.6247240052735632,Constant,Constant
1121,SI_ref_17,Pristine SCG biochar,EE2,Synthetic,0.9527872619203276,0.6247240052735632,Constant,Constant
1122,SI_ref_17,Pristine SCG biochar,EE2,Synthetic,0.8965951913819401,0.6247240052735632,Constant,Constant
1123,SI_ref_17,Pristine SCG biochar,EE2,Synthetic,0.9558259103687238,0.6247240052735632,Constant,Constant
1124,SI_ref_17,Pristine SCG biochar,EE2,Synthetic,0.8793895099735648,0.6247240052735632,Constant,Constant
1125,SI_ref_17,Pristine SCG biochar,EE2,Synthetic,0.9519368217180961,0.6247240052735632,Constant,Constant
1126,SI_ref_17,Pristine SCG biochar,EE2,Synthetic,0.8770554520720774,0.6247240052735632,Constant,Constant
1127,SI_ref_17,Pristine SCG biochar,EE2,Synthetic,0.9377852461427824,0.6247240052735632,Constant,Constant
1128,SI_ref_17,Pristine SCG biochar,EE2,Synthetic,0.8833014060151289,0.6247240052735632,Constant,Constant
1129,SI_ref_17,Pristine SCG biochar,EE2,Synthetic,0.9348668633411785,0.6247240052735632,Constant,Constant
1132,SI_ref_17,Pristine SCG biochar,EE2,Synthetic,0.8374361704672763,0.6247240052735632,Constant,Constant
1133,SI_ref_17,Pristine SCG biochar,EE2,Synthetic,0.8609155049620831,0.6247240052735632,Constant,Constant
1137,SI_ref_17,Pristine SCG biochar,EE2,Synthetic,0.8257334628724249,0.6247240052735632,Constant,Constant
1147,SI_ref_17,Pristine SCG biochar,EE2,Synthetic,0.8965862728271835,0.6247240052735632,Constant,Constant
1170,SI_ref_17,Pristine SCG biochar,IBU,Synthetic,0.7820004901373623,0.6247240052735632,Constant,Constant
1183,SI_ref_17,Pristine SCG biochar,IBU,Synthetic,0.9114748664800524,0.6247240052735632,Constant,Constant
1184,SI_ref_17,Pristine SCG biochar,IBU,Synthetic,0.9484982246288517,0.6247240052735632,Constant,Constant
1186,SI_ref_17,Pristine SCG biochar,IBU,Synthetic,0.893754721851682,0.6247240052735632,Constant,Constant
1189,SI_ref_17,Pristine SCG biochar,IBU,Synthetic,0.9210277046979152,0.6247240052735632,Constant,Constant
1191,SI_ref_17,Pristine SCG biochar,IBU,Synthetic,0.9513456586569363,0.6247240052735632,Constant,Constant
1192,SI_ref_17,Pristine SCG biochar,IBU,Synthetic,0.9226237248225028,0.6247240052735632,Constant,Constant
1194,SI_ref_17,Pristine SCG biochar,IBU,Synthetic,0.8857728699803085,0.6247240052735632,Constant,Constant
1199,SI_ref_18,Pristine SCW Biochar,DCF,Secondary effluent,0.918928852227115,0.6247240052735632,Constant,Constant
1201,SI_ref_18,Pristine SCW Biochar,DCF,Secondary effluent,0.9102784904019702,0.6247240052735632,Constant,Constant
1203,SI_ref_18,Pristine SCW Biochar,DCF,Secondary effluent,0.9056826438576806,0.6247240052735632,Constant,Constant
1205,SI_ref_18,Pristine SCW Biochar,DCF,Secondary effluent,0.9047459643543814,0.6247240052735632,Constant,Constant
1207,SI_ref_18,Pristine SCW Biochar,DCF,Secondary effluent,0.9046272834515193,0.6247240052735632,Constant,Constant
1209,SI_ref_18,Pristine SCW Biochar,DCF,Secondary effluent,0.9011959807369067,0.6247240052735632,Constant,Constant
1211,SI_ref_18,Pristine SCW Biochar,DCF,Secondary effluent,0.9001936082465184,0.6247240052735632,Constant,Constant
1214,SI_ref_18,Pristine SCW Biochar,DCF,Lake water,0.9077130214504949,0.6247240052735632,Constant,Constant
1219,SI_ref_18,Pristine SCW Biochar,DCF,Secondary effluent,0.9048873911798646,0.6247240052735632,Constant,Constant
1225,SI_ref_18,Pristine SCW Biochar,DCF,Lake water,0.9209005359691885,0.6247240052735632,Constant,Constant
1230,SI_ref_18,Pristine SCW Biochar,DCF,Lake water,0.9255037841040696,0.6247240052735632,Constant,Constant
1236,SI_ref_18,Pristine SCW Biochar,DCF,Lake water,0.9092724465153025,0.6247240052735632,Constant,Constant
1239,SI_ref_18,Pristine SCW Biochar,DCF,Secondary effluent,0.9186059768996898,0.6247240052735632,Constant,Constant
1245,SI_ref_18,Pristine SCW Biochar,DCF,Lake water,0.926603142736896,0.6247240052735632,Constant,Constant
1249,SI_ref_18,Pristine SCW Biochar,DCF,Secondary effluent,0.9174019043807426,0.6247240052735632,Constant,Constant
1254,SI_ref_18,Pristine SCW Biochar,IBU,Secondary effluent,0.9156726978407875,0.6247240052735632,Constant,Constant
1256,SI_ref_18,Pristine SCW Biochar,IBU,Secondary effluent,0.9079673942368781,0.6247240052735632,Constant,Constant
1258,SI_ref_18,Pristine SCW Biochar,IBU,Secondary effluent,0.9043236251446873,0.6247240052735632,Constant,Constant
1260,SI_ref_18,Pristine SCW Biochar,IBU,Secondary effluent,0.9020547983951682,0.6247240052735632,Constant,Constant
1262,SI_ref_18,Pristine SCW Biochar,IBU,Secondary effluent,0.9004882379050155,0.6247240052735632,Constant,Constant
1264,SI_ref_18,Pristine SCW Biochar,IBU,Secondary effluent,0.897458530238549,0.6247240052735632,Constant,Constant
1266,SI_ref_18,Pristine SCW Biochar,IBU,Secondary effluent,0.8973424975849196,0.6247240052735632,Constant,Constant
1274,SI_ref_18,Pristine SCW Biochar,IBU,Secondary effluent,0.8992057856547054,0.6247240052735632,Constant,Constant
1283,SI_ref_18,Pristine SCW Biochar,IBU,Lake water,0.9158900362354069,0.6247240052735632,Constant,Constant
1291,SI_ref_18,Pristine SCW Biochar,IBU,Lake water,0.9068652159539504,0.6247240052735632,Constant,Constant
1293,SI_ref_18,Pristine SCW Biochar,IBU,Lake water,0.9067682424855283,0.6247240052735632,Constant,Constant
1300,SI_ref_18,Pristine SCW Biochar,IBU,Lake water,0.9277221749920567,0.6247240052735632,Constant,Constant
1304,SI_ref_18,Pristine SCW Biochar,IBU,Secondary effluent,0.911352956646831,0.6247240052735632,Constant,Constant
1309,SI_ref_18,Pristine SCW Biochar,NPX,Secondary effluent,0.9276600601799115,0.6247240052735632,Constant,Constant
1311,SI_ref_18,Pristine SCW Biochar,NPX,Secondary effluent,0.9217275625657669,0.6247240052735632,Constant,Constant
1313,SI_ref_18,Pristine SCW Biochar,NPX,Secondary effluent,0.9151672500810683,0.6247240052735632,Constant,Constant
1315,SI_ref_18,Pristine SCW Biochar,NPX,Secondary effluent,0.914870212237198,0.6247240052735632,Constant,Constant
1317,SI_ref_18,Pristine SCW Biochar,NPX,Secondary effluent,0.9125118045566373,0.6247240052735632,Constant,Constant
1319,SI_ref_18,Pristine SCW Biochar,NPX,Secondary effluent,0.9122370962869346,0.6247240052735632,Constant,Constant
1321,SI_ref_18,Pristine SCW Biochar,NPX,Secondary effluent,0.9100475600528815,0.6247240052735632,Constant,Constant
1329,SI_ref_18,Pristine SCW Biochar,NPX,Secondary effluent,0.910898633301941,0.6247240052735632,Constant,Constant
1330,SI_ref_18,Pristine SCW Biochar,NPX,Lake water,0.9241969522882365,0.6247240052735632,Constant,Constant
1340,SI_ref_18,Pristine SCW Biochar,NPX,Lake water,0.9210401821004949,0.6247240052735632,Constant,Constant
1344,SI_ref_18,Pristine SCW Biochar,NPX,Lake water,0.9309313456555985,0.6247240052735632,Constant,Constant
19,SI_ref_19,AMCB,IBU,Lake water,0.12160249298048154,0.6988807459431023,Operations,Operations
20,SI_ref_19,AMCB,IBU,Ground water,0.0023766372681587895,0.6486318082175104,Operations,Operations
26,SI_ref_19,AMCB,IBU,Ground water,0.1894672613641715,0.6621071803555074,Operations,Operations
27,SI_ref_19,AMCB,IBU,Lake water,0.343266669603983,0.6988628222845026,Operations,Operations
36,SI_ref_19,AMCB,IBU,Ground water,0.41496556078686897,0.6755646660939316,Operations,Operations
42,SI_ref_19,AMCB,IBU,Ground water,0.5182383095521604,0.6755467796599632,Operations,Operations
45,SI_ref_19,AMCB,IBU,Lake water,0.5439346954470261,0.6988091257923617,Operations,Operations
46,SI_ref_19,AMCB,IBU,Ground water,0.48210720700720494,0.6485601880667697,Operations,Operations
51,SI_ref_19,AMCB,IBU,Lake water,0.0829192384873889,0.6987912517322677,Operations,Operations
52,SI_ref_19,AMCB,IBU,Ground water,0.003531050071646246,0.6485423140066758,Operations,Operations
56,SI_ref_19,AMCB,IBU,Ground water,0.17260220522445793,0.6620177480999442,Operations,Operations
57,SI_ref_19,AMCB,IBU,Lake water,0.2799685707152232,0.6987733900289395,Operations,Operations
66,SI_ref_19,AMCB,IBU,Ground water,0.4885549946229274,0.6754753574919236,Operations,Operations
72,SI_ref_19,AMCB,IBU,Ground water,0.5107350299703324,0.675457532756594,Operations,Operations
75,SI_ref_19,AMCB,IBU,Lake water,0.539673236909249,0.6987198788889926,Operations,Operations
76,SI_ref_19,AMCB,IBU,Ground water,0.4945842701164504,0.6484709411634006,Operations,Operations
81,SI_ref_19,AMCB,IBU,Lake water,0.11734271672387758,0.6987020664423473,Operations,Operations
82,SI_ref_19,AMCB,IBU,Ground water,0.0,0.6484531287167554,Operations,Operations
86,SI_ref_19,AMCB,IBU,Ground water,0.16952726930244136,0.6619286243384591,Operations,Operations
87,SI_ref_19,AMCB,IBU,Lake water,0.245380335735257,0.6986842662674543,Operations,Operations
96,SI_ref_19,AMCB,IBU,Ground water,0.45590621693388655,0.6753863565329709,Operations,Operations
110,SI_ref_19,AMCB,IBU,Ground water,0.5205305455205957,0.6753685930720886,Operations,Operations
113,SI_ref_19,AMCB,IBU,Lake water,0.5570792394486925,0.6986309392044872,Operations,Operations
114,SI_ref_19,AMCB,IBU,Ground water,0.48301499525722014,0.6483820014788952,Operations,Operations
134,SI_ref_17,Alkali-modified SCG biochars,CBZ,Synthetic,0.00635796336582959,0.4490710160979128,Operations,Operations
143,SI_ref_17,Alkali-modified SCG biochars,CBZ,Synthetic,0.12158111194827703,0.6218792783287382,Operations,Operations
146,SI_ref_17,Alkali-modified SCG biochars,CBZ,Synthetic,0.6777397154224275,0.5588600323270243,Operations,Operations
150,SI_ref_17,Alkali-modified SCG biochars,CBZ,Synthetic,0.8144073973371778,0.5588600323270243,Operations,Operations
153,SI_ref_17,Alkali-modified SCG biochars,CBZ,Synthetic,0.5612135486607656,0.4490710160979128,Operations,Operations
154,SI_ref_17,Alkali-modified SCG biochars,EE2,Synthetic,0.32691906294512396,0.7731869965342199,Operations,Operations
155,SI_ref_17,Alkali-modified SCG biochars,EE2,Synthetic,0.281684429186895,0.6633979803051083,Operations,Operations
156,SI_ref_17,Alkali-modified SCG biochars,EE2,Synthetic,0.2985885901242538,0.7556983078329406,Operations,Operations
157,SI_ref_17,Alkali-modified SCG biochars,EE2,Synthetic,0.1736546812353491,0.6459092916038289,Operations,Operations
158,SI_ref_17,Alkali-modified SCG biochars,EE2,Synthetic,0.08297647774499996,0.7275974393620751,Operations,Operations
159,SI_ref_17,Alkali-modified SCG biochars,EE2,Synthetic,0.0890939833732563,0.6178084231329636,Operations,Operations
160,SI_ref_17,Alkali-modified SCG biochars,EE2,Synthetic,0.12434438865468556,0.709760099910979,Operations,Operations
161,SI_ref_17,Alkali-modified SCG biochars,EE2,Synthetic,0.0719303611000807,0.5999710836818675,Operations,Operations
162,SI_ref_17,Alkali-modified SCG biochars,EE2,Synthetic,0.050886215526030655,0.6993079848928958,Operations,Operations
163,SI_ref_17,Alkali-modified SCG biochars,EE2,Synthetic,0.06892444951131721,0.5895189686637843,Operations,Operations
164,SI_ref_17,Alkali-modified SCG biochars,EE2,Synthetic,0.0402114435413677,0.6918870989570288,Operations,Operations
165,SI_ref_17,Alkali-modified SCG biochars,EE2,Synthetic,0.06161971981332274,0.5820980827279172,Operations,Operations
166,SI_ref_17,Alkali-modified SCG biochars,EE2,Synthetic,0.014122078362060976,0.6844632310945457,Operations,Operations
167,SI_ref_17,Alkali-modified SCG biochars,EE2,Synthetic,0.06227375203350968,0.5746742148654341,Operations,Operations
170,SI_ref_17,Alkali-modified SCG biochars,EE2,Synthetic,0.13791601981601773,0.6739962116035059,Operations,Operations
171,SI_ref_17,Alkali-modified SCG biochars,EE2,Synthetic,0.09051861058315946,0.5642071953743943,Operations,Operations
180,SI_ref_17,Alkali-modified SCG biochars,EE2,Synthetic,0.2279548813058391,0.5642071953743943,Operations,Operations
203,SI_ref_17,Alkali-modified SCG biochars,IBU,Synthetic,0.10913541523053398,0.5855828661043209,Operations,Operations
216,SI_ref_17,Alkali-modified SCG biochars,IBU,Synthetic,0.10107027265594352,0.5388130958769232,Operations,Operations
217,SI_ref_17,Alkali-modified SCG biochars,IBU,Synthetic,0.6889998443034063,0.7116213581077486,Operations,Operations
219,SI_ref_17,Alkali-modified SCG biochars,IBU,Synthetic,0.1184746430703935,0.6486021121060347,Operations,Operations
222,SI_ref_17,Alkali-modified SCG biochars,IBU,Synthetic,0.04374442489311713,0.5388130958769232,Operations,Operations
224,SI_ref_17,Alkali-modified SCG biochars,IBU,Synthetic,0.2945083196339574,0.5388130958769232,Operations,Operations
225,SI_ref_17,Alkali-modified SCG biochars,IBU,Synthetic,0.5901579894748284,0.6486021121060347,Operations,Operations
227,SI_ref_17,Alkali-modified SCG biochars,IBU,Synthetic,0.6910697148739985,0.6486021121060347,Operations,Operations
235,SI_ref_16,C-Biochar,ATE,Synthetic,0.8511111111111113,0.7562767381551301,Operations,Operations
237,SI_ref_16,C-Biochar,ATE,Synthetic,0.8733333333333334,0.7562767381551301,Operations,Operations
239,SI_ref_16,C-Biochar,ATE,Synthetic,0.6511111111111112,0.7292901465619366,Operations,Operations
241,SI_ref_16,C-Biochar,ATE,Synthetic,0.7774074074074075,0.7562767381551301,Operations,Operations
247,SI_ref_16,C-Biochar,CBZ,Synthetic,0.44146825396825395,0.5863705831510642,Operations,Operations
249,SI_ref_16,C-Biochar,CBZ,Synthetic,0.4430976430976431,0.6178802061519211,Operations,Operations
253,SI_ref_16,C-Biochar,CBZ,Synthetic,0.4044973544973545,0.6178802061519211,Operations,Operations
255,SI_ref_16,C-Biochar,CBZ,Synthetic,0.46792328042328046,0.6043869103553243,Operations,Operations
257,SI_ref_16,C-Biochar,CBZ,Synthetic,0.46197089947089953,0.649389829152778,Operations,Operations
273,SI_ref_16,C-Biochar,IBU,Synthetic,0.6000000000000001,0.6806356943377381,Operations,Operations
278,SI_ref_16,C-Biochar,IBU,Synthetic,0.8430555555555557,0.7076222859309315,Operations,Operations
299,SI_ref_19,CB,IBU,Lake water,0.9811931645978613,0.6988807459431023,Operations,Operations
300,SI_ref_19,CB,IBU,Ground water,0.9595058090644278,0.6486318082175104,Operations,Operations
304,SI_ref_19,CB,IBU,Ground water,0.9323428884090048,0.6621251040141072,Operations,Operations
305,SI_ref_19,CB,IBU,Lake water,0.9442367850805692,0.6988807459431023,Operations,Operations
320,SI_ref_19,CB,IBU,Ground water,0.9303445651202417,0.6756183998107039,Operations,Operations
326,SI_ref_19,CB,IBU,Ground water,0.9318432124429017,0.6756183998107039,Operations,Operations
329,SI_ref_19,CB,IBU,Lake water,0.9296205387839244,0.6988807459431023,Operations,Operations
330,SI_ref_19,CB,IBU,Ground water,0.9174641264203113,0.6486318082175104,Operations,Operations
345,SI_ref_14,GCRB,ALA,Synthetic,0.9324051079932012,0.6510076575649886,Operations,Operations
348,SI_ref_14,GCRB,ALA,Synthetic,0.959711660682908,0.7140269035667025,Operations,Operations
374,SI_ref_14,GCRB,DIU,Synthetic,1.0082496176169822,0.5148757656995135,Operations,Operations
376,SI_ref_14,GCRB,SIM,Synthetic,0.9862955626477844,0.7663305392028529,Operations,Operations
377,SI_ref_14,GCRB,SIM,Synthetic,0.9834030650434858,0.7488418505015735,Operations,Operations
378,SI_ref_14,GCRB,SIM,Synthetic,0.9809240251187635,0.7311456905074528,Operations,Operations
379,SI_ref_14,GCRB,SIM,Synthetic,0.977408497407208,0.7133438649601436,Operations,Operations
380,SI_ref_14,GCRB,SIM,Synthetic,0.9725866254178165,0.6954887132670702,Operations,Operations
381,SI_ref_14,GCRB,SIM,Synthetic,0.9707397150816074,0.6850306416256617,Operations,Operations
382,SI_ref_14,GCRB,SIM,Synthetic,0.9682512913168398,0.6776067737631787,Operations,Operations
383,SI_ref_14,GCRB,SIM,Synthetic,0.9596267727831934,0.604120508270425,Operations,Operations
393,SI_ref_14,GCRB,SIM,Synthetic,0.9681949882765674,0.6671397542721389,Operations,Operations
397,SI_ref_14,GCRB,SIM,Synthetic,0.9595581925458377,0.6671397542721389,Operations,Operations
410,SI_ref_14,GCRB-N,ALA,Synthetic,0.42098834230158483,0.7140269035667025,Operations,Operations
419,SI_ref_14,GCRB-N,ALA,Synthetic,0.3038540896584293,0.650918163354154,Operations,Operations
428,SI_ref_14,GCRB-N,ALA,Synthetic,0.2941679236692388,0.6508289780642337,Operations,Operations
437,SI_ref_14,GCRB-N,ALA,Synthetic,0.299011006663834,0.6507400995698625,Operations,Operations
459,SI_ref_14,GCRB-N,DIU,Synthetic,0.6455190877003087,0.5148041455487729,Operations,Operations
468,SI_ref_14,GCRB-N,DIU,Synthetic,0.6564705601884918,0.5147148986454038,Operations,Operations
477,SI_ref_14,GCRB-N,DIU,Synthetic,0.6413243626564091,0.5146259589608984,Operations,Operations
480,SI_ref_14,GCRB-N,SIM,Synthetic,0.8709260833889569,0.7663305392028529,Operations,Operations
481,SI_ref_14,GCRB-N,SIM,Synthetic,0.7937886433454202,0.7488418505015735,Operations,Operations
482,SI_ref_14,GCRB-N,SIM,Synthetic,0.7230251055630271,0.7311456905074528,Operations,Operations
483,SI_ref_14,GCRB-N,SIM,Synthetic,0.6451471952322713,0.7133438649601436,Operations,Operations
484,SI_ref_14,GCRB-N,SIM,Synthetic,0.579106572580609,0.6954887132670702,Operations,Operations
485,SI_ref_14,GCRB-N,SIM,Synthetic,0.5461098630342859,0.6850306416256617,Operations,Operations
486,SI_ref_14,GCRB-N,SIM,Synthetic,0.526458395826474,0.6776067737631787,Operations,Operations
487,SI_ref_14,GCRB-N,SIM,Synthetic,0.44952651357619516,0.604120508270425,Operations,Operations
493,SI_ref_14,GCRB-N,SIM,Synthetic,0.525804086252399,0.6671397542721389,Operations,Operations
502,SI_ref_14,GCRB-N,SIM,Synthetic,0.8453757948497886,0.6670502600613042,Operations,Operations
511,SI_ref_14,GCRB-N,SIM,Synthetic,0.8584308799035202,0.6669610747713839,Operations,Operations
520,SI_ref_14,GCRB-N,SIM,Synthetic,0.8519033373766544,0.6668721962770127,Operations,Operations
540,SI_ref_19,MCB,IBU,Lake water,0.9742126323294387,0.6988807459431023,Operations,Operations
541,SI_ref_19,MCB,IBU,Ground water,0.9483485035015843,0.6486318082175104,Operations,Operations
547,SI_ref_19,MCB,IBU,Ground water,0.9263512886233829,0.6621071803555074,Operations,Operations
548,SI_ref_19,MCB,IBU,Lake water,0.9349728899053784,0.6988628222845026,Operations,Operations
565,SI_ref_19,MCB,IBU,Ground water,0.9254612605703445,0.6755646660939316,Operations,Operations
571,SI_ref_19,MCB,IBU,Ground water,0.927696260267614,0.6755467796599632,Operations,Operations
574,SI_ref_19,MCB,IBU,Lake water,0.9258585842402297,0.6988091257923617,Operations,Operations
575,SI_ref_19,MCB,IBU,Ground water,0.9173366162788351,0.6485601880667697,Operations,Operations
580,SI_ref_19,MCB,IBU,Lake water,0.974635205338439,0.6987912517322677,Operations,Operations
581,SI_ref_19,MCB,IBU,Ground water,0.95367292982704,0.6485423140066758,Operations,Operations
585,SI_ref_19,MCB,IBU,Ground water,0.925414707326754,0.6620177480999442,Operations,Operations
586,SI_ref_19,MCB,IBU,Lake water,0.9347814302861347,0.6987733900289395,Operations,Operations
595,SI_ref_19,MCB,IBU,Ground water,0.9248851497651674,0.6754753574919236,Operations,Operations
601,SI_ref_19,MCB,IBU,Ground water,0.9300914246503462,0.675457532756594,Operations,Operations
604,SI_ref_19,MCB,IBU,Lake water,0.9282701343021136,0.6987198788889926,Operations,Operations
605,SI_ref_19,MCB,IBU,Ground water,0.9160948152334054,0.6484709411634006,Operations,Operations
610,SI_ref_19,MCB,IBU,Lake water,0.9716179138912365,0.6987020664423473,Operations,Operations
611,SI_ref_19,MCB,IBU,Ground water,0.9529992532644452,0.6484531287167554,Operations,Operations
615,SI_ref_19,MCB,IBU,Ground water,0.9284499518994666,0.6619286243384591,Operations,Operations
616,SI_ref_19,MCB,IBU,Lake water,0.935069554315652,0.6986842662674543,Operations,Operations
625,SI_ref_19,MCB,IBU,Ground water,0.9258221154816445,0.6753863565329709,Operations,Operations
631,SI_ref_19,MCB,IBU,Ground water,0.9296259863973036,0.6753685930720886,Operations,Operations
634,SI_ref_19,MCB,IBU,Lake water,0.9271225782160609,0.6986309392044872,Operations,Operations
635,SI_ref_19,MCB,IBU,Ground water,0.9188076045934327,0.6483820014788952,Operations,Operations
640,SI_ref_18,NaOH-activated SCW biochars,DCF,Secondary effluent,0.7547018161110076,0.8206059448869398,Operations,Operations
642,SI_ref_18,NaOH-activated SCW biochars,DCF,Secondary effluent,0.6981463000238689,0.8031172561856605,Operations,Operations
644,SI_ref_18,NaOH-activated SCW biochars,DCF,Secondary effluent,0.6293744945066856,0.7854210961915398,Operations,Operations
646,SI_ref_18,NaOH-activated SCW biochars,DCF,Secondary effluent,0.588788451165352,0.7676192706442305,Operations,Operations
648,SI_ref_18,NaOH-activated SCW biochars,DCF,Secondary effluent,0.5891686823750966,0.7497641189511571,Operations,Operations
650,SI_ref_18,NaOH-activated SCW biochars,DCF,Secondary effluent,0.5849511312086796,0.7393060473097488,Operations,Operations
652,SI_ref_18,NaOH-activated SCW biochars,DCF,Secondary effluent,0.5864672759838442,0.7318821794472656,Operations,Operations
655,SI_ref_18,NaOH-activated SCW biochars,DCF,Lake water,0.28283236606156975,0.7061523134703678,Operations,Operations
657,SI_ref_18,NaOH-activated SCW biochars,DCF,Lake water,0.4098052873550469,0.6746426904695109,Operations,Operations
662,SI_ref_18,NaOH-activated SCW biochars,DCF,Secondary effluent,0.600008865661574,0.7214151599562258,Operations,Operations
668,SI_ref_18,NaOH-activated SCW biochars,DCF,Lake water,0.5638671837826676,0.7061523134703678,Operations,Operations
673,SI_ref_18,NaOH-activated SCW biochars,DCF,Lake water,0.5356816504619031,0.7061523134703678,Operations,Operations
679,SI_ref_18,NaOH-activated SCW biochars,DCF,Lake water,0.48550836273532816,0.7061523134703678,Operations,Operations
682,SI_ref_18,NaOH-activated SCW biochars,DCF,Secondary effluent,0.5965252581670849,0.7214151599562258,Operations,Operations
688,SI_ref_18,NaOH-activated SCW biochars,DCF,Lake water,0.5703611171190489,0.7376619364712247,Operations,Operations
693,SI_ref_18,NaOH-activated SCW biochars,DCF,Secondary effluent,0.6557026735074662,0.7214151599562258,Operations,Operations
694,SI_ref_18,NaOH-activated SCW biochars,DCF,Lake water,0.7297297292522416,0.7061523134703678,Operations,Operations
699,SI_ref_18,NaOH-activated SCW biochars,IBU,Secondary effluent,0.8098199350756726,0.830738978640498,Operations,Operations
701,SI_ref_18,NaOH-activated SCW biochars,IBU,Secondary effluent,0.7485969905050348,0.8132502899392187,Operations,Operations
703,SI_ref_18,NaOH-activated SCW biochars,IBU,Secondary effluent,0.6850179499229786,0.7955541299450979,Operations,Operations
705,SI_ref_18,NaOH-activated SCW biochars,IBU,Secondary effluent,0.6861011679416551,0.7777523043977886,Operations,Operations
707,SI_ref_18,NaOH-activated SCW biochars,IBU,Secondary effluent,0.6799185617433835,0.7598971527047153,Operations,Operations
709,SI_ref_18,NaOH-activated SCW biochars,IBU,Secondary effluent,0.6765813990931481,0.7494390810633069,Operations,Operations
711,SI_ref_18,NaOH-activated SCW biochars,IBU,Secondary effluent,0.6777803451607008,0.7420152132008239,Operations,Operations
712,SI_ref_18,NaOH-activated SCW biochars,IBU,Lake water,0.10371139816269948,0.7162853472239259,Operations,Operations
714,SI_ref_18,NaOH-activated SCW biochars,IBU,Lake water,0.46656560236114836,0.7162853472239259,Operations,Operations
721,SI_ref_18,NaOH-activated SCW biochars,IBU,Secondary effluent,0.675113405421536,0.731548193709784,Operations,Operations
730,SI_ref_18,NaOH-activated SCW biochars,IBU,Lake water,0.627404015064595,0.7162853472239259,Operations,Operations
738,SI_ref_18,NaOH-activated SCW biochars,IBU,Lake water,0.6298527247859258,0.7162853472239259,Operations,Operations
740,SI_ref_18,NaOH-activated SCW biochars,IBU,Lake water,0.5791171913994386,0.7162853472239259,Operations,Operations
747,SI_ref_18,NaOH-activated SCW biochars,IBU,Lake water,0.6846241766923425,0.7477949702247829,Operations,Operations
752,SI_ref_18,NaOH-activated SCW biochars,IBU,Secondary effluent,0.7252319435730717,0.731548193709784,Operations,Operations
758,SI_ref_18,NaOH-activated SCW biochars,NPX,Secondary effluent,0.5521972966156422,0.6222567644377688,Operations,Operations
760,SI_ref_18,NaOH-activated SCW biochars,NPX,Secondary effluent,0.4814245289032641,0.6047680757364895,Operations,Operations
762,SI_ref_18,NaOH-activated SCW biochars,NPX,Secondary effluent,0.34455951981715066,0.5870719157423687,Operations,Operations
764,SI_ref_18,NaOH-activated SCW biochars,NPX,Secondary effluent,0.2493517679350271,0.5692700901950595,Operations,Operations
766,SI_ref_18,NaOH-activated SCW biochars,NPX,Secondary effluent,0.16764900163614713,0.5514149385019861,Operations,Operations
768,SI_ref_18,NaOH-activated SCW biochars,NPX,Secondary effluent,0.12846350911521487,0.5409568668605778,Operations,Operations
770,SI_ref_18,NaOH-activated SCW biochars,NPX,Secondary effluent,0.12873702561203082,0.5335329989980946,Operations,Operations
771,SI_ref_18,NaOH-activated SCW biochars,NPX,Lake water,0.03570310331741743,0.5078031330211967,Operations,Operations
780,SI_ref_18,NaOH-activated SCW biochars,NPX,Secondary effluent,0.11864589305153721,0.5230659795070548,Operations,Operations
781,SI_ref_18,NaOH-activated SCW biochars,NPX,Lake water,0.04234525136924403,0.5078031330211967,Operations,Operations
791,SI_ref_18,NaOH-activated SCW biochars,NPX,Lake water,0.05751855059175114,0.49430983722460003,Operations,Operations
795,SI_ref_18,NaOH-activated SCW biochars,NPX,Lake water,0.1386164882936624,0.5708223790229107,Operations,Operations
859,SI_ref_13,PB600,CBZ,Synthetic,0.4773489932885906,0.4630505979672088,Operations,Operations
892,SI_ref_13,PB600,IBU,Synthetic,0.8533052267445003,0.5392993819496226,Operations,Operations
906,SI_ref_13,PB800,CBZ,Synthetic,0.16135346756152125,0.4630505979672088,Operations,Operations
939,SI_ref_13,PB800,IBU,Synthetic,0.5875275377054737,0.5392993819496226,Operations,Operations
959,SI_ref_15,PSB,CAR,Synthetic,0.898502105289309,0.52011111156903,Operations,Operations
963,SI_ref_15,PSB,CAR,Synthetic,0.8690891098845278,0.52011111156903,Operations,Operations
976,SI_ref_15,PSB,PYR,Synthetic,0.9599614728522631,0.5673824277407873,Operations,Operations
980,SI_ref_15,PSB,PYR,Synthetic,0.8739092070679689,0.5673824277407873,Operations,Operations
982,SI_ref_15,PSB,PYR,Synthetic,0.8750456231185068,0.5673824277407873,Operations,Operations
983,SI_ref_15,PSB,PYR,Synthetic,0.950707773566655,0.5673824277407873,Operations,Operations
1000,SI_ref_15,PSB,TEB,Synthetic,0.8714762044822667,0.5398961973578539,Operations,Operations
1001,SI_ref_15,PSB,TEB,Synthetic,0.8650362109004135,0.5398961973578539,Operations,Operations
1020,SI_ref_15,PSBOX-A,CAR,Synthetic,0.024826351018054676,0.52011111156903,Operations,Operations
1024,SI_ref_15,PSBOX-A,CAR,Synthetic,0.013386578068051812,0.52011111156903,Operations,Operations
1039,SI_ref_15,PSBOX-A,PYR,Synthetic,0.10520884210859399,0.5673824277407873,Operations,Operations
1041,SI_ref_15,PSBOX-A,PYR,Synthetic,0.5321591562240328,0.6304016737425011,Operations,Operations
1045,SI_ref_15,PSBOX-A,PYR,Synthetic,0.07450853175519283,0.5673824277407873,Operations,Operations
1047,SI_ref_15,PSBOX-A,PYR,Synthetic,0.07530521810797475,0.5673824277407873,Operations,Operations
1048,SI_ref_15,PSBOX-A,PYR,Synthetic,0.1335562050140622,0.5673824277407873,Operations,Operations
1065,SI_ref_15,PSBOX-A,TEB,Synthetic,0.5160089507499187,0.6029154433595677,Operations,Operations
1070,SI_ref_15,PSBOX-A,TEB,Synthetic,0.04527670142322688,0.5398961973578539,Operations,Operations
1071,SI_ref_15,PSBOX-A,TEB,Synthetic,0.04243318293660387,0.5398961973578539,Operations,Operations
1095,SI_ref_17,Pristine SCG biochar,CBZ,Synthetic,0.9071706166070994,0.4490710160979128,Operations,Operations
1104,SI_ref_17,Pristine SCG biochar,CBZ,Synthetic,0.8748284470323213,0.6218792783287382,Operations,Operations
1108,SI_ref_17,Pristine SCG biochar,CBZ,Synthetic,0.8967497590877974,0.5588600323270243,Operations,Operations
1112,SI_ref_17,Pristine SCG biochar,CBZ,Synthetic,0.8867934815653573,0.5588600323270243,Operations,Operations
1115,SI_ref_17,Pristine SCG biochar,CBZ,Synthetic,0.925161257978969,0.4490710160979128,Operations,Operations
1116,SI_ref_17,Pristine SCG biochar,EE2,Synthetic,0.9879675366998732,0.7731869965342199,Operations,Operations
1117,SI_ref_17,Pristine SCG biochar,EE2,Synthetic,0.9630524728687239,0.6633979803051083,Operations,Operations
1118,SI_ref_17,Pristine SCG biochar,EE2,Synthetic,0.9308917481943695,0.7556983078329406,Operations,Operations
1119,SI_ref_17,Pristine SCG biochar,EE2,Synthetic,0.9610835485312063,0.6459092916038289,Operations,Operations
1120,SI_ref_17,Pristine SCG biochar,EE2,Synthetic,0.8890050918282607,0.7275974393620751,Operations,Operations
1121,SI_ref_17,Pristine SCG biochar,EE2,Synthetic,0.9527872619203276,0.6178084231329636,Operations,Operations
1122,SI_ref_17,Pristine SCG biochar,EE2,Synthetic,0.8965951913819401,0.709760099910979,Operations,Operations
1123,SI_ref_17,Pristine SCG biochar,EE2,Synthetic,0.9558259103687238,0.5999710836818675,Operations,Operations
1124,SI_ref_17,Pristine SCG biochar,EE2,Synthetic,0.8793895099735648,0.6993079848928958,Operations,Operations
1125,SI_ref_17,Pristine SCG biochar,EE2,Synthetic,0.9519368217180961,0.5895189686637843,Operations,Operations
1126,SI_ref_17,Pristine SCG biochar,EE2,Synthetic,0.8770554520720774,0.6918870989570288,Operations,Operations
1127,SI_ref_17,Pristine SCG biochar,EE2,Synthetic,0.9377852461427824,0.5820980827279172,Operations,Operations
1128,SI_ref_17,Pristine SCG biochar,EE2,Synthetic,0.8833014060151289,0.6844632310945457,Operations,Operations
1129,SI_ref_17,Pristine SCG biochar,EE2,Synthetic,0.9348668633411785,0.5746742148654341,Operations,Operations
1132,SI_ref_17,Pristine SCG biochar,EE2,Synthetic,0.8374361704672763,0.6739962116035059,Operations,Operations
1133,SI_ref_17,Pristine SCG biochar,EE2,Synthetic,0.8609155049620831,0.5642071953743943,Operations,Operations
1137,SI_ref_17,Pristine SCG biochar,EE2,Synthetic,0.8257334628724249,0.5642071953743943,Operations,Operations
1147,SI_ref_17,Pristine SCG biochar,EE2,Synthetic,0.8965862728271835,0.5642071953743943,Operations,Operations
1170,SI_ref_17,Pristine SCG biochar,IBU,Synthetic,0.7820004901373623,0.5855828661043209,Operations,Operations
1183,SI_ref_17,Pristine SCG biochar,IBU,Synthetic,0.9114748664800524,0.5388130958769232,Operations,Operations
1184,SI_ref_17,Pristine SCG biochar,IBU,Synthetic,0.9484982246288517,0.7116213581077486,Operations,Operations
1186,SI_ref_17,Pristine SCG biochar,IBU,Synthetic,0.893754721851682,0.6486021121060347,Operations,Operations
1189,SI_ref_17,Pristine SCG biochar,IBU,Synthetic,0.9210277046979152,0.5388130958769232,Operations,Operations
1191,SI_ref_17,Pristine SCG biochar,IBU,Synthetic,0.9513456586569363,0.5388130958769232,Operations,Operations
1192,SI_ref_17,Pristine SCG biochar,IBU,Synthetic,0.9226237248225028,0.6486021121060347,Operations,Operations
1194,SI_ref_17,Pristine SCG biochar,IBU,Synthetic,0.8857728699803085,0.6486021121060347,Operations,Operations
1199,SI_ref_18,Pristine SCW Biochar,DCF,Secondary effluent,0.918928852227115,0.8206059448869398,Operations,Operations
1201,SI_ref_18,Pristine SCW Biochar,DCF,Secondary effluent,0.9102784904019702,0.8031172561856605,Operations,Operations
1203,SI_ref_18,Pristine SCW Biochar,DCF,Secondary effluent,0.9056826438576806,0.7854210961915398,Operations,Operations
1205,SI_ref_18,Pristine SCW Biochar,DCF,Secondary effluent,0.9047459643543814,0.7676192706442305,Operations,Operations
1207,SI_ref_18,Pristine SCW Biochar,DCF,Secondary effluent,0.9046272834515193,0.7497641189511571,Operations,Operations
1209,SI_ref_18,Pristine SCW Biochar,DCF,Secondary effluent,0.9011959807369067,0.7393060473097488,Operations,Operations
1211,SI_ref_18,Pristine SCW Biochar,DCF,Secondary effluent,0.9001936082465184,0.7318821794472656,Operations,Operations
1214,SI_ref_18,Pristine SCW Biochar,DCF,Lake water,0.9077130214504949,0.6746426904695109,Operations,Operations
1219,SI_ref_18,Pristine SCW Biochar,DCF,Secondary effluent,0.9048873911798646,0.7214151599562258,Operations,Operations
1225,SI_ref_18,Pristine SCW Biochar,DCF,Lake water,0.9209005359691885,0.7061523134703678,Operations,Operations
1230,SI_ref_18,Pristine SCW Biochar,DCF,Lake water,0.9255037841040696,0.7061523134703678,Operations,Operations
1236,SI_ref_18,Pristine SCW Biochar,DCF,Lake water,0.9092724465153025,0.7061523134703678,Operations,Operations
1239,SI_ref_18,Pristine SCW Biochar,DCF,Secondary effluent,0.9186059768996898,0.7214151599562258,Operations,Operations
1245,SI_ref_18,Pristine SCW Biochar,DCF,Lake water,0.926603142736896,0.7376619364712247,Operations,Operations
1249,SI_ref_18,Pristine SCW Biochar,DCF,Secondary effluent,0.9174019043807426,0.7214151599562258,Operations,Operations
1254,SI_ref_18,Pristine SCW Biochar,IBU,Secondary effluent,0.9156726978407875,0.830738978640498,Operations,Operations
1256,SI_ref_18,Pristine SCW Biochar,IBU,Secondary effluent,0.9079673942368781,0.8132502899392187,Operations,Operations
1258,SI_ref_18,Pristine SCW Biochar,IBU,Secondary effluent,0.9043236251446873,0.7955541299450979,Operations,Operations
1260,SI_ref_18,Pristine SCW Biochar,IBU,Secondary effluent,0.9020547983951682,0.7777523043977886,Operations,Operations
1262,SI_ref_18,Pristine SCW Biochar,IBU,Secondary effluent,0.9004882379050155,0.7598971527047153,Operations,Operations
1264,SI_ref_18,Pristine SCW Biochar,IBU,Secondary effluent,0.897458530238549,0.7494390810633069,Operations,Operations
1266,SI_ref_18,Pristine SCW Biochar,IBU,Secondary effluent,0.8973424975849196,0.7420152132008239,Operations,Operations
1274,SI_ref_18,Pristine SCW Biochar,IBU,Secondary effluent,0.8992057856547054,0.731548193709784,Operations,Operations
1283,SI_ref_18,Pristine SCW Biochar,IBU,Lake water,0.9158900362354069,0.7162853472239259,Operations,Operations
1291,SI_ref_18,Pristine SCW Biochar,IBU,Lake water,0.9068652159539504,0.7162853472239259,Operations,Operations
1293,SI_ref_18,Pristine SCW Biochar,IBU,Lake water,0.9067682424855283,0.7162853472239259,Operations,Operations
1300,SI_ref_18,Pristine SCW Biochar,IBU,Lake water,0.9277221749920567,0.7477949702247829,Operations,Operations
1304,SI_ref_18,Pristine SCW Biochar,IBU,Secondary effluent,0.911352956646831,0.731548193709784,Operations,Operations
1309,SI_ref_18,Pristine SCW Biochar,NPX,Secondary effluent,0.9276600601799115,0.6222567644377688,Operations,Operations
1311,SI_ref_18,Pristine SCW Biochar,NPX,Secondary effluent,0.9217275625657669,0.6047680757364895,Operations,Operations
1313,SI_ref_18,Pristine SCW Biochar,NPX,Secondary effluent,0.9151672500810683,0.5870719157423687,Operations,Operations
1315,SI_ref_18,Pristine SCW Biochar,NPX,Secondary effluent,0.914870212237198,0.5692700901950595,Operations,Operations
1317,SI_ref_18,Pristine SCW Biochar,NPX,Secondary effluent,0.9125118045566373,0.5514149385019861,Operations,Operations
1319,SI_ref_18,Pristine SCW Biochar,NPX,Secondary effluent,0.9122370962869346,0.5409568668605778,Operations,Operations
1321,SI_ref_18,Pristine SCW Biochar,NPX,Secondary effluent,0.9100475600528815,0.5335329989980946,Operations,Operations
1329,SI_ref_18,Pristine SCW Biochar,NPX,Secondary effluent,0.910898633301941,0.5230659795070548,Operations,Operations
1330,SI_ref_18,Pristine SCW Biochar,NPX,Lake water,0.9241969522882365,0.5078031330211967,Operations,Operations
1340,SI_ref_18,Pristine SCW Biochar,NPX,Lake water,0.9210401821004949,0.49430983722460003,Operations,Operations
1344,SI_ref_18,Pristine SCW Biochar,NPX,Lake water,0.9309313456555985,0.5708223790229107,Operations,Operations
