condition_id,source_candidate,Adsorbent,Pollutant,Wastewater type,r,prediction,strategy,id
16,SI_ref_19,AMCB,IBU,Ground water,0.029204625724030753,0.4125962016795326,ARD,ARD_1
25,SI_ref_19,AMCB,IBU,Lake water,0.3473743729830984,0.4125822709319355,ARD,ARD_1
34,SI_ref_19,AMCB,IBU,Ground water,0.303030777614079,0.41256834984170315,ARD,ARD_1
36,SI_ref_19,AMCB,IBU,Ground water,0.41496556078686897,0.4125544383954552,ARD,ARD_1
44,SI_ref_19,AMCB,IBU,Ground water,0.5024496962602676,0.4125405365798388,ARD,ARD_1
48,SI_ref_19,AMCB,IBU,Ground water,0.03338351934448727,0.41252664438152903,ARD,ARD_1
55,SI_ref_19,AMCB,IBU,Lake water,0.34535416691700616,0.41251276178722857,ARD,ARD_1
64,SI_ref_19,AMCB,IBU,Ground water,0.3258728934993643,0.4124988887836676,ARD,ARD_1
66,SI_ref_19,AMCB,IBU,Ground water,0.4885549946229274,0.41248502535760373,ARD,ARD_1
74,SI_ref_19,AMCB,IBU,Ground water,0.5226317382792791,0.4124711714958222,ARD,ARD_1
78,SI_ref_19,AMCB,IBU,Ground water,0.025848755777109534,0.4124573271851354,ARD,ARD_1
85,SI_ref_19,AMCB,IBU,Lake water,0.32220691257344963,0.41244349241238293,ARD,ARD_1
94,SI_ref_19,AMCB,IBU,Ground water,0.3191737471997417,0.4124296671644318,ARD,ARD_1
96,SI_ref_19,AMCB,IBU,Ground water,0.45590621693388655,0.4124158514281759,ARD,ARD_1
106,SI_ref_19,AMCB,IBU,Ground water,0.3644459510905023,0.4348682961836847,ARD,ARD_1
112,SI_ref_19,AMCB,IBU,Ground water,0.5464029950150356,0.41240204519053625,ARD,ARD_1
140,SI_ref_17,Alkali-modified SCG biochars,CBZ,Synthetic,0.006132526431344026,0.17035853949235213,ARD,ARD_1
146,SI_ref_17,Alkali-modified SCG biochars,CBZ,Synthetic,0.6777397154224275,0.2764508745652262,ARD,ARD_1
151,SI_ref_17,Alkali-modified SCG biochars,CBZ,Synthetic,0.4516798693491866,0.17035853949235213,ARD,ARD_1
168,SI_ref_17,Alkali-modified SCG biochars,EE2,Synthetic,0.0796235147045166,0.27203146539968315,ARD,ARD_1
176,SI_ref_17,Alkali-modified SCG biochars,EE2,Synthetic,0.07754174693450858,0.3169639673859801,ARD,ARD_1
181,SI_ref_17,Alkali-modified SCG biochars,EE2,Synthetic,0.7086029202646077,0.3169639673859801,ARD,ARD_1
190,SI_ref_17,Alkali-modified SCG biochars,IBU,Synthetic,0.22674008618295227,0.3414684722236034,ARD,ARD_1
192,SI_ref_17,Alkali-modified SCG biochars,IBU,Synthetic,0.18762987622773672,0.3278757948834614,ARD,ARD_1
194,SI_ref_17,Alkali-modified SCG biochars,IBU,Synthetic,0.0964989432139522,0.30603504715065394,ARD,ARD_1
196,SI_ref_17,Alkali-modified SCG biochars,IBU,Synthetic,0.056403766337859394,0.29217138910820745,ARD,ARD_1
198,SI_ref_17,Alkali-modified SCG biochars,IBU,Synthetic,0.04365646649895644,0.28404772532817435,ARD,ARD_1
200,SI_ref_17,Alkali-modified SCG biochars,IBU,Synthetic,0.05275302685215311,0.2782800139904536,ARD,ARD_1
202,SI_ref_17,Alkali-modified SCG biochars,IBU,Synthetic,0.051463060103218494,0.2725099850194879,ARD,ARD_1
206,SI_ref_17,Alkali-modified SCG biochars,IBU,Synthetic,0.05901922048526246,0.26437473708381654,ARD,ARD_1
213,SI_ref_17,Alkali-modified SCG biochars,IBU,Synthetic,0.33928547446435453,0.3704670721566907,ARD,ARD_1
220,SI_ref_17,Alkali-modified SCG biochars,IBU,Synthetic,0.004839210099114782,0.26437473708381654,ARD,ARD_1
222,SI_ref_17,Alkali-modified SCG biochars,IBU,Synthetic,0.04374442489311713,0.26437473708381654,ARD,ARD_1
224,SI_ref_17,Alkali-modified SCG biochars,IBU,Synthetic,0.2945083196339574,0.26437473708381654,ARD,ARD_1
229,SI_ref_16,C-Biochar,ATE,Synthetic,0.8511111111111113,0.7284908203027629,ARD,ARD_1
231,SI_ref_16,C-Biochar,ATE,Synthetic,0.7400000000000001,0.7734233222890599,ARD,ARD_1
235,SI_ref_16,C-Biochar,ATE,Synthetic,0.8511111111111113,0.7734233222890599,ARD,ARD_1
238,SI_ref_16,C-Biochar,ATE,Synthetic,0.6733333333333335,0.7734233222890599,ARD,ARD_1
250,SI_ref_16,C-Biochar,CBZ,Synthetic,0.4840388007054674,0.561983765618748,ARD,ARD_1
251,SI_ref_16,C-Biochar,CBZ,Synthetic,0.5325396825396824,0.561983765618748,ARD,ARD_1
252,SI_ref_16,C-Biochar,CBZ,Synthetic,0.4258377425044091,0.561983765618748,ARD,ARD_1
258,SI_ref_16,C-Biochar,CBZ,Synthetic,0.4990079365079365,0.561983765618748,ARD,ARD_1
264,SI_ref_16,C-Biochar,IBU,Synthetic,0.7333333333333333,0.633533712217064,ARD,ARD_1
266,SI_ref_16,C-Biochar,IBU,Synthetic,0.6121212121212122,0.6559999632102125,ARD,ARD_1
271,SI_ref_16,C-Biochar,IBU,Synthetic,0.6000000000000001,0.6559999632102125,ARD,ARD_1
277,SI_ref_16,C-Biochar,IBU,Synthetic,0.7844444444444444,0.6559999632102125,ARD,ARD_1
278,SI_ref_16,C-Biochar,IBU,Synthetic,0.8430555555555557,0.6559999632102125,ARD,ARD_1
279,SI_ref_16,C-Biochar,IBU,Synthetic,0.861111111111111,0.6559999632102125,ARD,ARD_1
296,SI_ref_19,CB,IBU,Ground water,0.9945207101387852,0.9150321698449975,ARD,ARD_1
303,SI_ref_19,CB,IBU,Lake water,0.9505925590656487,0.9150321698449975,ARD,ARD_1
314,SI_ref_19,CB,IBU,Ground water,0.917590560186213,0.9150321698449975,ARD,ARD_1
316,SI_ref_19,CB,IBU,Ground water,0.9236132062907854,0.9374984208381459,ARD,ARD_1
320,SI_ref_19,CB,IBU,Ground water,0.9303445651202417,0.9150321698449975,ARD,ARD_1
328,SI_ref_19,CB,IBU,Ground water,0.9241489703794897,0.9150321698449975,ARD,ARD_1
340,SI_ref_14,GCRB,ALA,Synthetic,0.9700055250053173,0.98299768823663,ARD,ARD_1
361,SI_ref_14,GCRB,DIU,Synthetic,0.9291396445453227,0.8314345632458823,ARD,ARD_1
363,SI_ref_14,GCRB,DIU,Synthetic,0.9527369648004039,0.8763670652321792,ARD,ARD_1
365,SI_ref_14,GCRB,DIU,Synthetic,0.9265327424413893,0.8763670652321792,ARD,ARD_1
367,SI_ref_14,GCRB,DIU,Synthetic,0.9238760352548926,0.8763670652321792,ARD,ARD_1
369,SI_ref_14,GCRB,DIU,Synthetic,0.9147016410628197,0.8763670652321792,ARD,ARD_1
374,SI_ref_14,GCRB,DIU,Synthetic,1.0082496176169822,0.8763670652321792,ARD,ARD_1
390,SI_ref_14,GCRB,SIM,Synthetic,0.9757367710073495,1.0554421883539862,ARD,ARD_1
406,SI_ref_14,GCRB-N,ALA,Synthetic,0.4281694326598611,0.48850525741348183,ARD,ARD_1
446,SI_ref_14,GCRB-N,DIU,Synthetic,0.2075726875081201,0.3369421324227341,ARD,ARD_1
448,SI_ref_14,GCRB-N,DIU,Synthetic,0.1819381767074788,0.381874634409031,ARD,ARD_1
450,SI_ref_14,GCRB-N,DIU,Synthetic,0.1736169508150928,0.381874634409031,ARD,ARD_1
453,SI_ref_14,GCRB-N,DIU,Synthetic,0.1683505359330984,0.3818607036614339,ARD,ARD_1
456,SI_ref_14,GCRB-N,DIU,Synthetic,0.1402528461142079,0.3818328711249536,ARD,ARD_1
459,SI_ref_14,GCRB-N,DIU,Synthetic,0.6455190877003087,0.38181896930933723,ARD,ARD_1
460,SI_ref_14,GCRB-N,DIU,Synthetic,0.12138562309836234,0.3818050771110275,ARD,ARD_1
462,SI_ref_14,GCRB-N,DIU,Synthetic,0.16773925939532233,0.381791194516727,ARD,ARD_1
465,SI_ref_14,GCRB-N,DIU,Synthetic,0.1405827183894587,0.3817634580871022,ARD,ARD_1
468,SI_ref_14,GCRB-N,DIU,Synthetic,0.6564705601884918,0.38174960422532067,ARD,ARD_1
469,SI_ref_14,GCRB-N,DIU,Synthetic,0.12617131727344172,0.3817357599146338,ARD,ARD_1
471,SI_ref_14,GCRB-N,DIU,Synthetic,0.1676281074261493,0.3817219251418814,ARD,ARD_1
474,SI_ref_14,GCRB-N,DIU,Synthetic,0.14041778225183332,0.38169428415767437,ARD,ARD_1
477,SI_ref_14,GCRB-N,DIU,Synthetic,0.6413243626564091,0.3816804779200347,ARD,ARD_1
478,SI_ref_14,GCRB-N,DIU,Synthetic,0.12377847018590202,0.3816666811679592,ARD,ARD_1
490,SI_ref_14,GCRB-N,SIM,Synthetic,0.38105997172266487,0.5609497575308379,ARD,ARD_1
537,SI_ref_19,MCB,IBU,Ground water,0.9902068659306948,0.8395603481917338,ARD,ARD_1
546,SI_ref_19,MCB,IBU,Lake water,0.9468798357239083,0.8395464174441367,ARD,ARD_1
555,SI_ref_19,MCB,IBU,Ground water,0.910886274193223,0.8395324963539044,ARD,ARD_1
561,SI_ref_19,MCB,IBU,Ground water,0.9227697266379059,0.8619848359008049,ARD,ARD_1
565,SI_ref_19,MCB,IBU,Ground water,0.9254612605703445,0.8395185849076564,ARD,ARD_1
573,SI_ref_19,MCB,IBU,Ground water,0.9222883610163676,0.8395046830920401,ARD,ARD_1
577,SI_ref_19,MCB,IBU,Ground water,0.9896236049163454,0.8394907908937302,ARD,ARD_1
584,SI_ref_19,MCB,IBU,Lake water,0.9474280457633885,0.8394769082994298,ARD,ARD_1
593,SI_ref_19,MCB,IBU,Ground water,0.911624129649438,0.8394630352958687,ARD,ARD_1
595,SI_ref_19,MCB,IBU,Ground water,0.9248851497651674,0.8394491718698049,ARD,ARD_1
603,SI_ref_19,MCB,IBU,Ground water,0.920786534541565,0.8394353180080234,ARD,ARD_1
607,SI_ref_19,MCB,IBU,Ground water,0.9861765121394982,0.8394214736973367,ARD,ARD_1
614,SI_ref_19,MCB,IBU,Lake water,0.9465039927474991,0.8394076389245841,ARD,ARD_1
623,SI_ref_19,MCB,IBU,Ground water,0.9103224686673798,0.839393813676633,ARD,ARD_1
625,SI_ref_19,MCB,IBU,Ground water,0.9258221154816445,0.8393799979403771,ARD,ARD_1
633,SI_ref_19,MCB,IBU,Ground water,0.9216175906678238,0.8393661917027375,ARD,ARD_1
653,SI_ref_18,NaOH-activated SCW biochars,DCF,Lake water,0.060393710525153486,0.4575070159417671,ARD,ARD_1
654,SI_ref_18,NaOH-activated SCW biochars,DCF,Secondary effluent,0.1736813951376961,0.4575070159417671,ARD,ARD_1
657,SI_ref_18,NaOH-activated SCW biochars,DCF,Lake water,0.4098052873550469,0.43504076494861865,ARD,ARD_1
666,SI_ref_18,NaOH-activated SCW biochars,DCF,Secondary effluent,0.6160844980694858,0.4575070159417671,ARD,ARD_1
668,SI_ref_18,NaOH-activated SCW biochars,DCF,Lake water,0.5638671837826676,0.4575070159417671,ARD,ARD_1
671,SI_ref_18,NaOH-activated SCW biochars,DCF,Lake water,0.5111881637893111,0.4575070159417671,ARD,ARD_1
680,SI_ref_18,NaOH-activated SCW biochars,DCF,Lake water,0.5451956691534918,0.4575070159417671,ARD,ARD_1
681,SI_ref_18,NaOH-activated SCW biochars,DCF,Lake water,0.5155236787057735,0.4575070159417671,ARD,ARD_1
684,SI_ref_18,NaOH-activated SCW biochars,DCF,Lake water,0.5054530420964745,0.4575070159417671,ARD,ARD_1
689,SI_ref_18,NaOH-activated SCW biochars,DCF,Secondary effluent,0.6862219778123194,0.4799732669349156,ARD,ARD_1
717,SI_ref_18,NaOH-activated SCW biochars,IBU,Secondary effluent,0.5431517029603264,0.46428142376690473,ARD,ARD_1
726,SI_ref_18,NaOH-activated SCW biochars,IBU,Lake water,0.6298354173553987,0.4867476747600532,ARD,ARD_1
732,SI_ref_18,NaOH-activated SCW biochars,IBU,Lake water,0.6159420233488258,0.4867476747600532,ARD,ARD_1
736,SI_ref_18,NaOH-activated SCW biochars,IBU,Lake water,0.6281995086504742,0.4867476747600532,ARD,ARD_1
750,SI_ref_18,NaOH-activated SCW biochars,IBU,Secondary effluent,0.811827151849907,0.5316801767463502,ARD,ARD_1
751,SI_ref_18,NaOH-activated SCW biochars,IBU,Lake water,0.6869669848084122,0.4867476747600532,ARD,ARD_1
754,SI_ref_18,NaOH-activated SCW biochars,IBU,Secondary effluent,0.7786423949758233,0.4867476747600532,ARD,ARD_1
757,SI_ref_18,NaOH-activated SCW biochars,NPX,Lake water,0.20620314882650506,0.3104454237666348,ARD,ARD_1
759,SI_ref_18,NaOH-activated SCW biochars,NPX,Lake water,0.23676500653660967,0.2968527464264928,ARD,ARD_1
761,SI_ref_18,NaOH-activated SCW biochars,NPX,Lake water,0.21090148006849843,0.28309881683987853,ARD,ARD_1
763,SI_ref_18,NaOH-activated SCW biochars,NPX,Lake water,0.14381242837395034,0.2692627611547906,ARD,ARD_1
765,SI_ref_18,NaOH-activated SCW biochars,NPX,Lake water,0.049549349058709447,0.2553852589607306,ARD,ARD_1
767,SI_ref_18,NaOH-activated SCW biochars,NPX,Lake water,0.0742796412273446,0.24725696553348508,ARD,ARD_1
769,SI_ref_18,NaOH-activated SCW biochars,NPX,Lake water,0.041917196066405205,0.2414869365625194,ARD,ARD_1
773,SI_ref_18,NaOH-activated SCW biochars,NPX,Lake water,0.02383921541973232,0.23335168862684808,ARD,ARD_1
776,SI_ref_18,NaOH-activated SCW biochars,NPX,Secondary effluent,0.048092629555703405,0.2108854376336995,ARD,ARD_1
779,SI_ref_18,NaOH-activated SCW biochars,NPX,Lake water,0.0651330447328621,0.23335168862684808,ARD,ARD_1
781,SI_ref_18,NaOH-activated SCW biochars,NPX,Lake water,0.04234525136924403,0.23335168862684808,ARD,ARD_1
788,SI_ref_18,NaOH-activated SCW biochars,NPX,Secondary effluent,0.09141898602740345,0.23335168862684808,ARD,ARD_1
798,SI_ref_18,NaOH-activated SCW biochars,NPX,Secondary effluent,0.15082313311850198,0.23335168862684808,ARD,ARD_1
800,SI_ref_18,NaOH-activated SCW biochars,NPX,Secondary effluent,0.24701864815812044,0.23335168862684808,ARD,ARD_1
871,SI_ref_13,PB600,CBZ,Synthetic,0.6953242835595775,0.5009767983833152,ARD,ARD_1
881,SI_ref_13,PB600,IBU,Synthetic,0.2096102913356035,0.6088982728814167,ARD,ARD_1
918,SI_ref_13,PB800,CBZ,Synthetic,0.30905619203491547,0.2986459236831354,ARD,ARD_1
928,SI_ref_13,PB800,IBU,Synthetic,0.23013048635824437,0.4065673981812369,ARD,ARD_1
954,SI_ref_15,PSB,CAR,Synthetic,0.9395494569882223,0.8430275873493371,ARD,ARD_1
955,SI_ref_15,PSB,CAR,Synthetic,0.9231398092867221,0.8430275873493371,ARD,ARD_1
957,SI_ref_15,PSB,CAR,Synthetic,0.9436310458092197,0.8879600893356341,ARD,ARD_1
964,SI_ref_15,PSB,CAR,Synthetic,0.9383522096618221,0.8430275873493371,ARD,ARD_1
978,SI_ref_15,PSB,PYR,Synthetic,0.919631586959635,0.907854806752012,ARD,ARD_1
985,SI_ref_15,PSB,PYR,Synthetic,0.9775942152304119,0.907854806752012,ARD,ARD_1
994,SI_ref_15,PSB,TEB,Synthetic,0.9362126098667423,0.8962912774525809,ARD,ARD_1
1000,SI_ref_15,PSB,TEB,Synthetic,0.8714762044822667,0.8962912774525809,ARD,ARD_1
1015,SI_ref_15,PSBOX-A,CAR,Synthetic,0.03563496474916306,0.19769610135991134,ARD,ARD_1
1016,SI_ref_15,PSBOX-A,CAR,Synthetic,0.026325197069833068,0.19769610135991134,ARD,ARD_1
1018,SI_ref_15,PSBOX-A,CAR,Synthetic,0.034457194657534405,0.24262860334620828,ARD,ARD_1
1025,SI_ref_15,PSBOX-A,CAR,Synthetic,0.0497879777437964,0.19769610135991134,ARD,ARD_1
1040,SI_ref_15,PSBOX-A,PYR,Synthetic,0.5200236643843362,0.2625233207625861,ARD,ARD_1
1043,SI_ref_15,PSBOX-A,PYR,Synthetic,0.08786555053416333,0.2625233207625861,ARD,ARD_1
1050,SI_ref_15,PSBOX-A,PYR,Synthetic,0.48794917248977554,0.2625233207625861,ARD,ARD_1
1059,SI_ref_15,PSBOX-A,TEB,Synthetic,0.07277962857952934,0.25095979146315495,ARD,ARD_1
1061,SI_ref_15,PSBOX-A,TEB,Synthetic,0.5163778457532948,0.25095979146315495,ARD,ARD_1
1070,SI_ref_15,PSBOX-A,TEB,Synthetic,0.04527670142322688,0.25095979146315495,ARD,ARD_1
1101,SI_ref_17,Pristine SCG biochar,CBZ,Synthetic,0.9071468090110305,0.7551196169025403,ARD,ARD_1
1108,SI_ref_17,Pristine SCG biochar,CBZ,Synthetic,0.8967497590877974,0.8612119519754143,ARD,ARD_1
1113,SI_ref_17,Pristine SCG biochar,CBZ,Synthetic,0.9373850128799738,0.7551196169025403,ARD,ARD_1
1130,SI_ref_17,Pristine SCG biochar,EE2,Synthetic,0.817422791958414,0.8567925428098713,ARD,ARD_1
1137,SI_ref_17,Pristine SCG biochar,EE2,Synthetic,0.8257334628724249,0.795632709723294,ARD,ARD_1
1139,SI_ref_17,Pristine SCG biochar,EE2,Synthetic,0.8269992896243368,0.795632709723294,ARD,ARD_1
1141,SI_ref_17,Pristine SCG biochar,EE2,Synthetic,0.8244509213990222,0.795632709723294,ARD,ARD_1
1142,SI_ref_17,Pristine SCG biochar,EE2,Synthetic,0.859538444436826,0.9017250447961682,ARD,ARD_1
1148,SI_ref_17,Pristine SCG biochar,EE2,Synthetic,0.823763814163292,0.9017250447961682,ARD,ARD_1
1157,SI_ref_17,Pristine SCG biochar,IBU,Synthetic,0.9060511140454979,0.9262295496337916,ARD,ARD_1
1159,SI_ref_17,Pristine SCG biochar,IBU,Synthetic,0.9004320791615827,0.9126368722936495,ARD,ARD_1
1161,SI_ref_17,Pristine SCG biochar,IBU,Synthetic,0.894961472244973,0.890796124560842,ARD,ARD_1
1163,SI_ref_17,Pristine SCG biochar,IBU,Synthetic,0.8949151720794959,0.8769324665183955,ARD,ARD_1
1165,SI_ref_17,Pristine SCG biochar,IBU,Synthetic,0.892599829508416,0.8688088027383625,ARD,ARD_1
1167,SI_ref_17,Pristine SCG biochar,IBU,Synthetic,0.8914167516338777,0.8630410914006417,ARD,ARD_1
1169,SI_ref_17,Pristine SCG biochar,IBU,Synthetic,0.886841225533622,0.857271062429676,ARD,ARD_1
1173,SI_ref_17,Pristine SCG biochar,IBU,Synthetic,0.9319085004678631,0.8491358144940047,ARD,ARD_1
1180,SI_ref_17,Pristine SCG biochar,IBU,Synthetic,0.9167234922708469,0.9552281495668788,ARD,ARD_1
1187,SI_ref_17,Pristine SCG biochar,IBU,Synthetic,0.9448963419259283,0.8491358144940047,ARD,ARD_1
1189,SI_ref_17,Pristine SCG biochar,IBU,Synthetic,0.9210277046979152,0.8491358144940047,ARD,ARD_1
1191,SI_ref_17,Pristine SCG biochar,IBU,Synthetic,0.9513456586569363,0.8491358144940047,ARD,ARD_1
1212,SI_ref_18,Pristine SCW Biochar,DCF,Secondary effluent,0.8964391711737753,1.0165007226744045,ARD,ARD_1
1214,SI_ref_18,Pristine SCW Biochar,DCF,Lake water,0.9077130214504949,0.9940344716812561,ARD,ARD_1
1223,SI_ref_18,Pristine SCW Biochar,DCF,Secondary effluent,0.916228597953408,1.0165007226744045,ARD,ARD_1
1225,SI_ref_18,Pristine SCW Biochar,DCF,Lake water,0.9209005359691885,1.0165007226744045,ARD,ARD_1
1228,SI_ref_18,Pristine SCW Biochar,DCF,Lake water,0.918118398017722,1.0165007226744045,ARD,ARD_1
1237,SI_ref_18,Pristine SCW Biochar,DCF,Lake water,0.9176779336906461,1.0165007226744045,ARD,ARD_1
1238,SI_ref_18,Pristine SCW Biochar,DCF,Lake water,0.9153943997055312,1.0165007226744045,ARD,ARD_1
1241,SI_ref_18,Pristine SCW Biochar,DCF,Lake water,0.9102639266700783,1.0165007226744045,ARD,ARD_1
1246,SI_ref_18,Pristine SCW Biochar,DCF,Secondary effluent,0.9052859627037971,1.038966973667553,ARD,ARD_1
1270,SI_ref_18,Pristine SCW Biochar,IBU,Secondary effluent,0.8874692330465712,1.0232751304995422,ARD,ARD_1
1279,SI_ref_18,Pristine SCW Biochar,IBU,Lake water,0.9204127206373283,1.0457413814926906,ARD,ARD_1
1285,SI_ref_18,Pristine SCW Biochar,IBU,Lake water,0.9175495400890653,1.0457413814926906,ARD,ARD_1
1289,SI_ref_18,Pristine SCW Biochar,IBU,Lake water,0.91141920930323,1.0457413814926906,ARD,ARD_1
1303,SI_ref_18,Pristine SCW Biochar,IBU,Secondary effluent,0.9145392250293353,1.0906738834789875,ARD,ARD_1
1305,SI_ref_18,Pristine SCW Biochar,IBU,Secondary effluent,0.8992133437264335,1.0457413814926906,ARD,ARD_1
1308,SI_ref_18,Pristine SCW Biochar,NPX,Lake water,0.9299082628630408,0.8694391304992721,ARD,ARD_1
1310,SI_ref_18,Pristine SCW Biochar,NPX,Lake water,0.9179731197519893,0.8558464531591302,ARD,ARD_1
1312,SI_ref_18,Pristine SCW Biochar,NPX,Lake water,0.9157588621166984,0.842092523572516,ARD,ARD_1
1314,SI_ref_18,Pristine SCW Biochar,NPX,Lake water,0.9211177808704595,0.8282564678874279,ARD,ARD_1
1316,SI_ref_18,Pristine SCW Biochar,NPX,Lake water,0.9261251958543161,0.814378965693368,ARD,ARD_1
1318,SI_ref_18,Pristine SCW Biochar,NPX,Lake water,0.9179250714018231,0.8062506722661223,ARD,ARD_1
1320,SI_ref_18,Pristine SCW Biochar,NPX,Lake water,0.9238791357631378,0.8004806432951567,ARD,ARD_1
1325,SI_ref_18,Pristine SCW Biochar,NPX,Secondary effluent,0.8954095327862793,0.7698791443663369,ARD,ARD_1
1328,SI_ref_18,Pristine SCW Biochar,NPX,Lake water,0.9239571578457322,0.7923453953594853,ARD,ARD_1
1330,SI_ref_18,Pristine SCW Biochar,NPX,Lake water,0.9241969522882365,0.7923453953594853,ARD,ARD_1
1337,SI_ref_18,Pristine SCW Biochar,NPX,Secondary effluent,0.9109852392346297,0.7923453953594853,ARD,ARD_1
1346,SI_ref_18,Pristine SCW Biochar,NPX,Secondary effluent,0.9136165317560039,0.7923453953594853,ARD,ARD_1
1347,SI_ref_18,Pristine SCW Biochar,NPX,Secondary effluent,0.9038576927569927,0.7923453953594853,ARD,ARD_1
16,SI_ref_19,AMCB,IBU,Ground water,0.029204625724030753,0.34707859684562137,AdaBoost,AdaBoost_2
25,SI_ref_19,AMCB,IBU,Lake water,0.3473743729830984,0.34707859684562137,AdaBoost,AdaBoost_2
34,SI_ref_19,AMCB,IBU,Ground water,0.303030777614079,0.34707859684562137,AdaBoost,AdaBoost_2
36,SI_ref_19,AMCB,IBU,Ground water,0.41496556078686897,0.34707859684562137,AdaBoost,AdaBoost_2
44,SI_ref_19,AMCB,IBU,Ground water,0.5024496962602676,0.34707859684562137,AdaBoost,AdaBoost_2
48,SI_ref_19,AMCB,IBU,Ground water,0.03338351934448727,0.34707859684562137,AdaBoost,AdaBoost_2
55,SI_ref_19,AMCB,IBU,Lake water,0.34535416691700616,0.34707859684562137,AdaBoost,AdaBoost_2
64,SI_ref_19,AMCB,IBU,Ground water,0.3258728934993643,0.34707859684562137,AdaBoost,AdaBoost_2
66,SI_ref_19,AMCB,IBU,Ground water,0.4885549946229274,0.34707859684562137,AdaBoost,AdaBoost_2
74,SI_ref_19,AMCB,IBU,Ground water,0.5226317382792791,0.34707859684562137,AdaBoost,AdaBoost_2
78,SI_ref_19,AMCB,IBU,Ground water,0.025848755777109534,0.34707859684562137,AdaBoost,AdaBoost_2
85,SI_ref_19,AMCB,IBU,Lake water,0.32220691257344963,0.34707859684562137,AdaBoost,AdaBoost_2
94,SI_ref_19,AMCB,IBU,Ground water,0.3191737471997417,0.34707859684562137,AdaBoost,AdaBoost_2
96,SI_ref_19,AMCB,IBU,Ground water,0.45590621693388655,0.34707859684562137,AdaBoost,AdaBoost_2
106,SI_ref_19,AMCB,IBU,Ground water,0.3644459510905023,0.34707859684562137,AdaBoost,AdaBoost_2
112,SI_ref_19,AMCB,IBU,Ground water,0.5464029950150356,0.34707859684562137,AdaBoost,AdaBoost_2
140,SI_ref_17,Alkali-modified SCG biochars,CBZ,Synthetic,0.006132526431344026,0.35619401827951896,AdaBoost,AdaBoost_2
146,SI_ref_17,Alkali-modified SCG biochars,CBZ,Synthetic,0.6777397154224275,0.35619401827951896,AdaBoost,AdaBoost_2
151,SI_ref_17,Alkali-modified SCG biochars,CBZ,Synthetic,0.4516798693491866,0.35619401827951896,AdaBoost,AdaBoost_2
168,SI_ref_17,Alkali-modified SCG biochars,EE2,Synthetic,0.0796235147045166,0.35619401827951896,AdaBoost,AdaBoost_2
176,SI_ref_17,Alkali-modified SCG biochars,EE2,Synthetic,0.07754174693450858,0.35619401827951896,AdaBoost,AdaBoost_2
181,SI_ref_17,Alkali-modified SCG biochars,EE2,Synthetic,0.7086029202646077,0.35619401827951896,AdaBoost,AdaBoost_2
190,SI_ref_17,Alkali-modified SCG biochars,IBU,Synthetic,0.22674008618295227,0.3595836711391048,AdaBoost,AdaBoost_2
192,SI_ref_17,Alkali-modified SCG biochars,IBU,Synthetic,0.18762987622773672,0.3595836711391048,AdaBoost,AdaBoost_2
194,SI_ref_17,Alkali-modified SCG biochars,IBU,Synthetic,0.0964989432139522,0.3595836711391048,AdaBoost,AdaBoost_2
196,SI_ref_17,Alkali-modified SCG biochars,IBU,Synthetic,0.056403766337859394,0.3595836711391048,AdaBoost,AdaBoost_2
198,SI_ref_17,Alkali-modified SCG biochars,IBU,Synthetic,0.04365646649895644,0.3595836711391048,AdaBoost,AdaBoost_2
200,SI_ref_17,Alkali-modified SCG biochars,IBU,Synthetic,0.05275302685215311,0.3595836711391048,AdaBoost,AdaBoost_2
202,SI_ref_17,Alkali-modified SCG biochars,IBU,Synthetic,0.051463060103218494,0.3595836711391048,AdaBoost,AdaBoost_2
206,SI_ref_17,Alkali-modified SCG biochars,IBU,Synthetic,0.05901922048526246,0.3595836711391048,AdaBoost,AdaBoost_2
213,SI_ref_17,Alkali-modified SCG biochars,IBU,Synthetic,0.33928547446435453,0.3595836711391048,AdaBoost,AdaBoost_2
220,SI_ref_17,Alkali-modified SCG biochars,IBU,Synthetic,0.004839210099114782,0.3595836711391048,AdaBoost,AdaBoost_2
222,SI_ref_17,Alkali-modified SCG biochars,IBU,Synthetic,0.04374442489311713,0.3595836711391048,AdaBoost,AdaBoost_2
224,SI_ref_17,Alkali-modified SCG biochars,IBU,Synthetic,0.2945083196339574,0.3595836711391048,AdaBoost,AdaBoost_2
229,SI_ref_16,C-Biochar,ATE,Synthetic,0.8511111111111113,0.6777384224493068,AdaBoost,AdaBoost_2
231,SI_ref_16,C-Biochar,ATE,Synthetic,0.7400000000000001,0.6777384224493068,AdaBoost,AdaBoost_2
235,SI_ref_16,C-Biochar,ATE,Synthetic,0.8511111111111113,0.6777384224493068,AdaBoost,AdaBoost_2
238,SI_ref_16,C-Biochar,ATE,Synthetic,0.6733333333333335,0.6777384224493068,AdaBoost,AdaBoost_2
250,SI_ref_16,C-Biochar,CBZ,Synthetic,0.4840388007054674,0.6457755117486477,AdaBoost,AdaBoost_2
251,SI_ref_16,C-Biochar,CBZ,Synthetic,0.5325396825396824,0.6457755117486477,AdaBoost,AdaBoost_2
252,SI_ref_16,C-Biochar,CBZ,Synthetic,0.4258377425044091,0.6457755117486477,AdaBoost,AdaBoost_2
258,SI_ref_16,C-Biochar,CBZ,Synthetic,0.4990079365079365,0.6457755117486477,AdaBoost,AdaBoost_2
264,SI_ref_16,C-Biochar,IBU,Synthetic,0.7333333333333333,0.6777384224493068,AdaBoost,AdaBoost_2
266,SI_ref_16,C-Biochar,IBU,Synthetic,0.6121212121212122,0.6777384224493068,AdaBoost,AdaBoost_2
271,SI_ref_16,C-Biochar,IBU,Synthetic,0.6000000000000001,0.6777384224493068,AdaBoost,AdaBoost_2
277,SI_ref_16,C-Biochar,IBU,Synthetic,0.7844444444444444,0.6777384224493068,AdaBoost,AdaBoost_2
278,SI_ref_16,C-Biochar,IBU,Synthetic,0.8430555555555557,0.6777384224493068,AdaBoost,AdaBoost_2
279,SI_ref_16,C-Biochar,IBU,Synthetic,0.861111111111111,0.6777384224493068,AdaBoost,AdaBoost_2
296,SI_ref_19,CB,IBU,Ground water,0.9945207101387852,0.9181916567948835,AdaBoost,AdaBoost_2
303,SI_ref_19,CB,IBU,Lake water,0.9505925590656487,0.9181916567948835,AdaBoost,AdaBoost_2
314,SI_ref_19,CB,IBU,Ground water,0.917590560186213,0.9181916567948835,AdaBoost,AdaBoost_2
316,SI_ref_19,CB,IBU,Ground water,0.9236132062907854,0.9181916567948835,AdaBoost,AdaBoost_2
320,SI_ref_19,CB,IBU,Ground water,0.9303445651202417,0.9181916567948835,AdaBoost,AdaBoost_2
328,SI_ref_19,CB,IBU,Ground water,0.9241489703794897,0.9181916567948835,AdaBoost,AdaBoost_2
340,SI_ref_14,GCRB,ALA,Synthetic,0.9700055250053173,0.9517492589205607,AdaBoost,AdaBoost_2
361,SI_ref_14,GCRB,DIU,Synthetic,0.9291396445453227,0.9573400303448644,AdaBoost,AdaBoost_2
363,SI_ref_14,GCRB,DIU,Synthetic,0.9527369648004039,0.9577212914707192,AdaBoost,AdaBoost_2
365,SI_ref_14,GCRB,DIU,Synthetic,0.9265327424413893,0.9577212914707192,AdaBoost,AdaBoost_2
367,SI_ref_14,GCRB,DIU,Synthetic,0.9238760352548926,0.9577212914707192,AdaBoost,AdaBoost_2
369,SI_ref_14,GCRB,DIU,Synthetic,0.9147016410628197,0.9573808458132276,AdaBoost,AdaBoost_2
374,SI_ref_14,GCRB,DIU,Synthetic,1.0082496176169822,0.9577212914707192,AdaBoost,AdaBoost_2
390,SI_ref_14,GCRB,SIM,Synthetic,0.9757367710073495,0.9687180774555303,AdaBoost,AdaBoost_2
406,SI_ref_14,GCRB-N,ALA,Synthetic,0.4281694326598611,0.5231384050311976,AdaBoost,AdaBoost_2
446,SI_ref_14,GCRB-N,DIU,Synthetic,0.2075726875081201,0.4794196712233786,AdaBoost,AdaBoost_2
448,SI_ref_14,GCRB-N,DIU,Synthetic,0.1819381767074788,0.4794196712233786,AdaBoost,AdaBoost_2
450,SI_ref_14,GCRB-N,DIU,Synthetic,0.1736169508150928,0.4794196712233786,AdaBoost,AdaBoost_2
453,SI_ref_14,GCRB-N,DIU,Synthetic,0.1683505359330984,0.4794196712233786,AdaBoost,AdaBoost_2
456,SI_ref_14,GCRB-N,DIU,Synthetic,0.1402528461142079,0.4794196712233786,AdaBoost,AdaBoost_2
459,SI_ref_14,GCRB-N,DIU,Synthetic,0.6455190877003087,0.4794196712233786,AdaBoost,AdaBoost_2
460,SI_ref_14,GCRB-N,DIU,Synthetic,0.12138562309836234,0.4794196712233786,AdaBoost,AdaBoost_2
462,SI_ref_14,GCRB-N,DIU,Synthetic,0.16773925939532233,0.4794196712233786,AdaBoost,AdaBoost_2
465,SI_ref_14,GCRB-N,DIU,Synthetic,0.1405827183894587,0.4794196712233786,AdaBoost,AdaBoost_2
468,SI_ref_14,GCRB-N,DIU,Synthetic,0.6564705601884918,0.4794196712233786,AdaBoost,AdaBoost_2
469,SI_ref_14,GCRB-N,DIU,Synthetic,0.12617131727344172,0.4794196712233786,AdaBoost,AdaBoost_2
471,SI_ref_14,GCRB-N,DIU,Synthetic,0.1676281074261493,0.4794196712233786,AdaBoost,AdaBoost_2
474,SI_ref_14,GCRB-N,DIU,Synthetic,0.14041778225183332,0.4794196712233786,AdaBoost,AdaBoost_2
477,SI_ref_14,GCRB-N,DIU,Synthetic,0.6413243626564091,0.4794196712233786,AdaBoost,AdaBoost_2
478,SI_ref_14,GCRB-N,DIU,Synthetic,0.12377847018590202,0.4794196712233786,AdaBoost,AdaBoost_2
490,SI_ref_14,GCRB-N,SIM,Synthetic,0.38105997172266487,0.5517029923539398,AdaBoost,AdaBoost_2
537,SI_ref_19,MCB,IBU,Ground water,0.9902068659306948,0.9279892857569796,AdaBoost,AdaBoost_2
546,SI_ref_19,MCB,IBU,Lake water,0.9468798357239083,0.9279892857569796,AdaBoost,AdaBoost_2
555,SI_ref_19,MCB,IBU,Ground water,0.910886274193223,0.9279892857569796,AdaBoost,AdaBoost_2
561,SI_ref_19,MCB,IBU,Ground water,0.9227697266379059,0.9279892857569796,AdaBoost,AdaBoost_2
565,SI_ref_19,MCB,IBU,Ground water,0.9254612605703445,0.9279892857569796,AdaBoost,AdaBoost_2
573,SI_ref_19,MCB,IBU,Ground water,0.9222883610163676,0.9279892857569796,AdaBoost,AdaBoost_2
577,SI_ref_19,MCB,IBU,Ground water,0.9896236049163454,0.9279892857569796,AdaBoost,AdaBoost_2
584,SI_ref_19,MCB,IBU,Lake water,0.9474280457633885,0.9279892857569796,AdaBoost,AdaBoost_2
593,SI_ref_19,MCB,IBU,Ground water,0.911624129649438,0.9279892857569796,AdaBoost,AdaBoost_2
595,SI_ref_19,MCB,IBU,Ground water,0.9248851497651674,0.9279892857569796,AdaBoost,AdaBoost_2
603,SI_ref_19,MCB,IBU,Ground water,0.920786534541565,0.9279892857569796,AdaBoost,AdaBoost_2
607,SI_ref_19,MCB,IBU,Ground water,0.9861765121394982,0.9279892857569796,AdaBoost,AdaBoost_2
614,SI_ref_19,MCB,IBU,Lake water,0.9465039927474991,0.9279892857569796,AdaBoost,AdaBoost_2
623,SI_ref_19,MCB,IBU,Ground water,0.9103224686673798,0.9279892857569796,AdaBoost,AdaBoost_2
625,SI_ref_19,MCB,IBU,Ground water,0.9258221154816445,0.9279892857569796,AdaBoost,AdaBoost_2
633,SI_ref_19,MCB,IBU,Ground water,0.9216175906678238,0.9279892857569796,AdaBoost,AdaBoost_2
653,SI_ref_18,NaOH-activated SCW biochars,DCF,Lake water,0.060393710525153486,0.362653296954139,AdaBoost,AdaBoost_2
654,SI_ref_18,NaOH-activated SCW biochars,DCF,Secondary effluent,0.1736813951376961,0.362653296954139,AdaBoost,AdaBoost_2
657,SI_ref_18,NaOH-activated SCW biochars,DCF,Lake water,0.4098052873550469,0.362653296954139,AdaBoost,AdaBoost_2
666,SI_ref_18,NaOH-activated SCW biochars,DCF,Secondary effluent,0.6160844980694858,0.362653296954139,AdaBoost,AdaBoost_2
668,SI_ref_18,NaOH-activated SCW biochars,DCF,Lake water,0.5638671837826676,0.362653296954139,AdaBoost,AdaBoost_2
671,SI_ref_18,NaOH-activated SCW biochars,DCF,Lake water,0.5111881637893111,0.362653296954139,AdaBoost,AdaBoost_2
680,SI_ref_18,NaOH-activated SCW biochars,DCF,Lake water,0.5451956691534918,0.362653296954139,AdaBoost,AdaBoost_2
681,SI_ref_18,NaOH-activated SCW biochars,DCF,Lake water,0.5155236787057735,0.362653296954139,AdaBoost,AdaBoost_2
684,SI_ref_18,NaOH-activated SCW biochars,DCF,Lake water,0.5054530420964745,0.362653296954139,AdaBoost,AdaBoost_2
689,SI_ref_18,NaOH-activated SCW biochars,DCF,Secondary effluent,0.6862219778123194,0.362653296954139,AdaBoost,AdaBoost_2
717,SI_ref_18,NaOH-activated SCW biochars,IBU,Secondary effluent,0.5431517029603264,0.362653296954139,AdaBoost,AdaBoost_2
726,SI_ref_18,NaOH-activated SCW biochars,IBU,Lake water,0.6298354173553987,0.362653296954139,AdaBoost,AdaBoost_2
732,SI_ref_18,NaOH-activated SCW biochars,IBU,Lake water,0.6159420233488258,0.362653296954139,AdaBoost,AdaBoost_2
736,SI_ref_18,NaOH-activated SCW biochars,IBU,Lake water,0.6281995086504742,0.362653296954139,AdaBoost,AdaBoost_2
750,SI_ref_18,NaOH-activated SCW biochars,IBU,Secondary effluent,0.811827151849907,0.362653296954139,AdaBoost,AdaBoost_2
751,SI_ref_18,NaOH-activated SCW biochars,IBU,Lake water,0.6869669848084122,0.362653296954139,AdaBoost,AdaBoost_2
754,SI_ref_18,NaOH-activated SCW biochars,IBU,Secondary effluent,0.7786423949758233,0.362653296954139,AdaBoost,AdaBoost_2
757,SI_ref_18,NaOH-activated SCW biochars,NPX,Lake water,0.20620314882650506,0.3545124807723283,AdaBoost,AdaBoost_2
759,SI_ref_18,NaOH-activated SCW biochars,NPX,Lake water,0.23676500653660967,0.3545124807723283,AdaBoost,AdaBoost_2
761,SI_ref_18,NaOH-activated SCW biochars,NPX,Lake water,0.21090148006849843,0.3545124807723283,AdaBoost,AdaBoost_2
763,SI_ref_18,NaOH-activated SCW biochars,NPX,Lake water,0.14381242837395034,0.3545124807723283,AdaBoost,AdaBoost_2
765,SI_ref_18,NaOH-activated SCW biochars,NPX,Lake water,0.049549349058709447,0.3545124807723283,AdaBoost,AdaBoost_2
767,SI_ref_18,NaOH-activated SCW biochars,NPX,Lake water,0.0742796412273446,0.3545124807723283,AdaBoost,AdaBoost_2
769,SI_ref_18,NaOH-activated SCW biochars,NPX,Lake water,0.041917196066405205,0.3545124807723283,AdaBoost,AdaBoost_2
773,SI_ref_18,NaOH-activated SCW biochars,NPX,Lake water,0.02383921541973232,0.3545124807723283,AdaBoost,AdaBoost_2
776,SI_ref_18,NaOH-activated SCW biochars,NPX,Secondary effluent,0.048092629555703405,0.3545124807723283,AdaBoost,AdaBoost_2
779,SI_ref_18,NaOH-activated SCW biochars,NPX,Lake water,0.0651330447328621,0.3545124807723283,AdaBoost,AdaBoost_2
781,SI_ref_18,NaOH-activated SCW biochars,NPX,Lake water,0.04234525136924403,0.3545124807723283,AdaBoost,AdaBoost_2
788,SI_ref_18,NaOH-activated SCW biochars,NPX,Secondary effluent,0.09141898602740345,0.3545124807723283,AdaBoost,AdaBoost_2
798,SI_ref_18,NaOH-activated SCW biochars,NPX,Secondary effluent,0.15082313311850198,0.3545124807723283,AdaBoost,AdaBoost_2
800,SI_ref_18,NaOH-activated SCW biochars,NPX,Secondary effluent,0.24701864815812044,0.3545124807723283,AdaBoost,AdaBoost_2
871,SI_ref_13,PB600,CBZ,Synthetic,0.6953242835595775,0.5355933715256791,AdaBoost,AdaBoost_2
881,SI_ref_13,PB600,IBU,Synthetic,0.2096102913356035,0.540605960366158,AdaBoost,AdaBoost_2
918,SI_ref_13,PB800,CBZ,Synthetic,0.30905619203491547,0.3595836711391048,AdaBoost,AdaBoost_2
928,SI_ref_13,PB800,IBU,Synthetic,0.23013048635824437,0.36066848526603235,AdaBoost,AdaBoost_2
954,SI_ref_15,PSB,CAR,Synthetic,0.9395494569882223,0.9180976347138846,AdaBoost,AdaBoost_2
955,SI_ref_15,PSB,CAR,Synthetic,0.9231398092867221,0.9180976347138846,AdaBoost,AdaBoost_2
957,SI_ref_15,PSB,CAR,Synthetic,0.9436310458092197,0.9180976347138846,AdaBoost,AdaBoost_2
964,SI_ref_15,PSB,CAR,Synthetic,0.9383522096618221,0.9180976347138846,AdaBoost,AdaBoost_2
978,SI_ref_15,PSB,PYR,Synthetic,0.919631586959635,0.9181916567948835,AdaBoost,AdaBoost_2
985,SI_ref_15,PSB,PYR,Synthetic,0.9775942152304119,0.9181916567948835,AdaBoost,AdaBoost_2
994,SI_ref_15,PSB,TEB,Synthetic,0.9362126098667423,0.9181916567948835,AdaBoost,AdaBoost_2
1000,SI_ref_15,PSB,TEB,Synthetic,0.8714762044822667,0.9181916567948835,AdaBoost,AdaBoost_2
1015,SI_ref_15,PSBOX-A,CAR,Synthetic,0.03563496474916306,0.34048903776795475,AdaBoost,AdaBoost_2
1016,SI_ref_15,PSBOX-A,CAR,Synthetic,0.026325197069833068,0.34048903776795475,AdaBoost,AdaBoost_2
1018,SI_ref_15,PSBOX-A,CAR,Synthetic,0.034457194657534405,0.3433408027727079,AdaBoost,AdaBoost_2
1025,SI_ref_15,PSBOX-A,CAR,Synthetic,0.0497879777437964,0.34048903776795475,AdaBoost,AdaBoost_2
1040,SI_ref_15,PSBOX-A,PYR,Synthetic,0.5200236643843362,0.34048903776795475,AdaBoost,AdaBoost_2
1043,SI_ref_15,PSBOX-A,PYR,Synthetic,0.08786555053416333,0.34048903776795475,AdaBoost,AdaBoost_2
1050,SI_ref_15,PSBOX-A,PYR,Synthetic,0.48794917248977554,0.34048903776795475,AdaBoost,AdaBoost_2
1059,SI_ref_15,PSBOX-A,TEB,Synthetic,0.07277962857952934,0.34048903776795475,AdaBoost,AdaBoost_2
1061,SI_ref_15,PSBOX-A,TEB,Synthetic,0.5163778457532948,0.34048903776795475,AdaBoost,AdaBoost_2
1070,SI_ref_15,PSBOX-A,TEB,Synthetic,0.04527670142322688,0.34048903776795475,AdaBoost,AdaBoost_2
1101,SI_ref_17,Pristine SCG biochar,CBZ,Synthetic,0.9071468090110305,0.9170377190203959,AdaBoost,AdaBoost_2
1108,SI_ref_17,Pristine SCG biochar,CBZ,Synthetic,0.8967497590877974,0.9170377190203959,AdaBoost,AdaBoost_2
1113,SI_ref_17,Pristine SCG biochar,CBZ,Synthetic,0.9373850128799738,0.9170377190203959,AdaBoost,AdaBoost_2
1130,SI_ref_17,Pristine SCG biochar,EE2,Synthetic,0.817422791958414,0.8675306909007795,AdaBoost,AdaBoost_2
1137,SI_ref_17,Pristine SCG biochar,EE2,Synthetic,0.8257334628724249,0.9147578897172322,AdaBoost,AdaBoost_2
1139,SI_ref_17,Pristine SCG biochar,EE2,Synthetic,0.8269992896243368,0.9147578897172322,AdaBoost,AdaBoost_2
1141,SI_ref_17,Pristine SCG biochar,EE2,Synthetic,0.8244509213990222,0.9147578897172322,AdaBoost,AdaBoost_2
1142,SI_ref_17,Pristine SCG biochar,EE2,Synthetic,0.859538444436826,0.9147578897172322,AdaBoost,AdaBoost_2
1148,SI_ref_17,Pristine SCG biochar,EE2,Synthetic,0.823763814163292,0.9147578897172322,AdaBoost,AdaBoost_2
1157,SI_ref_17,Pristine SCG biochar,IBU,Synthetic,0.9060511140454979,0.9181916567948835,AdaBoost,AdaBoost_2
1159,SI_ref_17,Pristine SCG biochar,IBU,Synthetic,0.9004320791615827,0.9181916567948835,AdaBoost,AdaBoost_2
1161,SI_ref_17,Pristine SCG biochar,IBU,Synthetic,0.894961472244973,0.9176095535801128,AdaBoost,AdaBoost_2
1163,SI_ref_17,Pristine SCG biochar,IBU,Synthetic,0.8949151720794959,0.9176095535801128,AdaBoost,AdaBoost_2
1165,SI_ref_17,Pristine SCG biochar,IBU,Synthetic,0.892599829508416,0.9173494839096146,AdaBoost,AdaBoost_2
1167,SI_ref_17,Pristine SCG biochar,IBU,Synthetic,0.8914167516338777,0.9172002710907134,AdaBoost,AdaBoost_2
1169,SI_ref_17,Pristine SCG biochar,IBU,Synthetic,0.886841225533622,0.917071665218565,AdaBoost,AdaBoost_2
1173,SI_ref_17,Pristine SCG biochar,IBU,Synthetic,0.9319085004678631,0.9170377190203959,AdaBoost,AdaBoost_2
1180,SI_ref_17,Pristine SCG biochar,IBU,Synthetic,0.9167234922708469,0.9170377190203959,AdaBoost,AdaBoost_2
1187,SI_ref_17,Pristine SCG biochar,IBU,Synthetic,0.9448963419259283,0.9170377190203959,AdaBoost,AdaBoost_2
1189,SI_ref_17,Pristine SCG biochar,IBU,Synthetic,0.9210277046979152,0.9170377190203959,AdaBoost,AdaBoost_2
1191,SI_ref_17,Pristine SCG biochar,IBU,Synthetic,0.9513456586569363,0.9170377190203959,AdaBoost,AdaBoost_2
1212,SI_ref_18,Pristine SCW Biochar,DCF,Secondary effluent,0.8964391711737753,0.9170377190203959,AdaBoost,AdaBoost_2
1214,SI_ref_18,Pristine SCW Biochar,DCF,Lake water,0.9077130214504949,0.9165450854065427,AdaBoost,AdaBoost_2
1223,SI_ref_18,Pristine SCW Biochar,DCF,Secondary effluent,0.916228597953408,0.9170377190203959,AdaBoost,AdaBoost_2
1225,SI_ref_18,Pristine SCW Biochar,DCF,Lake water,0.9209005359691885,0.9170377190203959,AdaBoost,AdaBoost_2
1228,SI_ref_18,Pristine SCW Biochar,DCF,Lake water,0.918118398017722,0.9170377190203959,AdaBoost,AdaBoost_2
1237,SI_ref_18,Pristine SCW Biochar,DCF,Lake water,0.9176779336906461,0.9170377190203959,AdaBoost,AdaBoost_2
1238,SI_ref_18,Pristine SCW Biochar,DCF,Lake water,0.9153943997055312,0.9170377190203959,AdaBoost,AdaBoost_2
1241,SI_ref_18,Pristine SCW Biochar,DCF,Lake water,0.9102639266700783,0.9170377190203959,AdaBoost,AdaBoost_2
1246,SI_ref_18,Pristine SCW Biochar,DCF,Secondary effluent,0.9052859627037971,0.9170377190203959,AdaBoost,AdaBoost_2
1270,SI_ref_18,Pristine SCW Biochar,IBU,Secondary effluent,0.8874692330465712,0.9165450854065427,AdaBoost,AdaBoost_2
1279,SI_ref_18,Pristine SCW Biochar,IBU,Lake water,0.9204127206373283,0.9170377190203959,AdaBoost,AdaBoost_2
1285,SI_ref_18,Pristine SCW Biochar,IBU,Lake water,0.9175495400890653,0.9170377190203959,AdaBoost,AdaBoost_2
1289,SI_ref_18,Pristine SCW Biochar,IBU,Lake water,0.91141920930323,0.9170377190203959,AdaBoost,AdaBoost_2
1303,SI_ref_18,Pristine SCW Biochar,IBU,Secondary effluent,0.9145392250293353,0.9170377190203959,AdaBoost,AdaBoost_2
1305,SI_ref_18,Pristine SCW Biochar,IBU,Secondary effluent,0.8992133437264335,0.9170377190203959,AdaBoost,AdaBoost_2
1308,SI_ref_18,Pristine SCW Biochar,NPX,Lake water,0.9299082628630408,0.9181916567948835,AdaBoost,AdaBoost_2
1310,SI_ref_18,Pristine SCW Biochar,NPX,Lake water,0.9179731197519893,0.9181916567948835,AdaBoost,AdaBoost_2
1312,SI_ref_18,Pristine SCW Biochar,NPX,Lake water,0.9157588621166984,0.9176095535801128,AdaBoost,AdaBoost_2
1314,SI_ref_18,Pristine SCW Biochar,NPX,Lake water,0.9211177808704595,0.9176095535801128,AdaBoost,AdaBoost_2
1316,SI_ref_18,Pristine SCW Biochar,NPX,Lake water,0.9261251958543161,0.9175797570199938,AdaBoost,AdaBoost_2
1318,SI_ref_18,Pristine SCW Biochar,NPX,Lake water,0.9179250714018231,0.9172002710907134,AdaBoost,AdaBoost_2
1320,SI_ref_18,Pristine SCW Biochar,NPX,Lake water,0.9238791357631378,0.917071665218565,AdaBoost,AdaBoost_2
1325,SI_ref_18,Pristine SCW Biochar,NPX,Secondary effluent,0.8954095327862793,0.9165450854065427,AdaBoost,AdaBoost_2
1328,SI_ref_18,Pristine SCW Biochar,NPX,Lake water,0.9239571578457322,0.9170377190203959,AdaBoost,AdaBoost_2
1330,SI_ref_18,Pristine SCW Biochar,NPX,Lake water,0.9241969522882365,0.9170377190203959,AdaBoost,AdaBoost_2
1337,SI_ref_18,Pristine SCW Biochar,NPX,Secondary effluent,0.9109852392346297,0.9170377190203959,AdaBoost,AdaBoost_2
1346,SI_ref_18,Pristine SCW Biochar,NPX,Secondary effluent,0.9136165317560039,0.9170377190203959,AdaBoost,AdaBoost_2
1347,SI_ref_18,Pristine SCW Biochar,NPX,Secondary effluent,0.9038576927569927,0.9170377190203959,AdaBoost,AdaBoost_2
16,SI_ref_19,AMCB,IBU,Ground water,0.029204625724030753,0.30473896545893203,Bagging,Bagging_2
25,SI_ref_19,AMCB,IBU,Lake water,0.3473743729830984,0.3444456567109391,Bagging,Bagging_2
34,SI_ref_19,AMCB,IBU,Ground water,0.303030777614079,0.30812687041416226,Bagging,Bagging_2
36,SI_ref_19,AMCB,IBU,Ground water,0.41496556078686897,0.3168062336807129,Bagging,Bagging_2
44,SI_ref_19,AMCB,IBU,Ground water,0.5024496962602676,0.3105564317028817,Bagging,Bagging_2
48,SI_ref_19,AMCB,IBU,Ground water,0.03338351934448727,0.2875665792872125,Bagging,Bagging_2
55,SI_ref_19,AMCB,IBU,Lake water,0.34535416691700616,0.34402457208172366,Bagging,Bagging_2
64,SI_ref_19,AMCB,IBU,Ground water,0.3258728934993643,0.3129609701505753,Bagging,Bagging_2
66,SI_ref_19,AMCB,IBU,Ground water,0.4885549946229274,0.32275729922396257,Bagging,Bagging_2
74,SI_ref_19,AMCB,IBU,Ground water,0.5226317382792791,0.3146350560714236,Bagging,Bagging_2
78,SI_ref_19,AMCB,IBU,Ground water,0.025848755777109534,0.25683026987702234,Bagging,Bagging_2
85,SI_ref_19,AMCB,IBU,Lake water,0.32220691257344963,0.3210182324860028,Bagging,Bagging_2
94,SI_ref_19,AMCB,IBU,Ground water,0.3191737471997417,0.33992824365590246,Bagging,Bagging_2
96,SI_ref_19,AMCB,IBU,Ground water,0.45590621693388655,0.38547959207921123,Bagging,Bagging_2
106,SI_ref_19,AMCB,IBU,Ground water,0.3644459510905023,0.3875351403399807,Bagging,Bagging_2
112,SI_ref_19,AMCB,IBU,Ground water,0.5464029950150356,0.3758291044949006,Bagging,Bagging_2
140,SI_ref_17,Alkali-modified SCG biochars,CBZ,Synthetic,0.006132526431344026,0.19794870023740777,Bagging,Bagging_2
146,SI_ref_17,Alkali-modified SCG biochars,CBZ,Synthetic,0.6777397154224275,0.3502445049716728,Bagging,Bagging_2
151,SI_ref_17,Alkali-modified SCG biochars,CBZ,Synthetic,0.4516798693491866,0.19794870023740777,Bagging,Bagging_2
168,SI_ref_17,Alkali-modified SCG biochars,EE2,Synthetic,0.0796235147045166,0.3465242699264057,Bagging,Bagging_2
176,SI_ref_17,Alkali-modified SCG biochars,EE2,Synthetic,0.07754174693450858,0.35270750724406263,Bagging,Bagging_2
181,SI_ref_17,Alkali-modified SCG biochars,EE2,Synthetic,0.7086029202646077,0.35270750724406263,Bagging,Bagging_2
190,SI_ref_17,Alkali-modified SCG biochars,IBU,Synthetic,0.22674008618295227,0.48891485797191647,Bagging,Bagging_2
192,SI_ref_17,Alkali-modified SCG biochars,IBU,Synthetic,0.18762987622773672,0.45912773302043364,Bagging,Bagging_2
194,SI_ref_17,Alkali-modified SCG biochars,IBU,Synthetic,0.0964989432139522,0.3614520221162303,Bagging,Bagging_2
196,SI_ref_17,Alkali-modified SCG biochars,IBU,Synthetic,0.056403766337859394,0.35205765429774644,Bagging,Bagging_2
198,SI_ref_17,Alkali-modified SCG biochars,IBU,Synthetic,0.04365646649895644,0.34907594757576055,Bagging,Bagging_2
200,SI_ref_17,Alkali-modified SCG biochars,IBU,Synthetic,0.05275302685215311,0.34615191791248556,Bagging,Bagging_2
202,SI_ref_17,Alkali-modified SCG biochars,IBU,Synthetic,0.051463060103218494,0.33399275253854255,Bagging,Bagging_2
206,SI_ref_17,Alkali-modified SCG biochars,IBU,Synthetic,0.05901922048526246,0.3116948549566622,Bagging,Bagging_2
213,SI_ref_17,Alkali-modified SCG biochars,IBU,Synthetic,0.33928547446435453,0.3651742431137464,Bagging,Bagging_2
220,SI_ref_17,Alkali-modified SCG biochars,IBU,Synthetic,0.004839210099114782,0.3116948549566622,Bagging,Bagging_2
222,SI_ref_17,Alkali-modified SCG biochars,IBU,Synthetic,0.04374442489311713,0.3116948549566622,Bagging,Bagging_2
224,SI_ref_17,Alkali-modified SCG biochars,IBU,Synthetic,0.2945083196339574,0.3116948549566622,Bagging,Bagging_2
229,SI_ref_16,C-Biochar,ATE,Synthetic,0.8511111111111113,0.7844048756650116,Bagging,Bagging_2
231,SI_ref_16,C-Biochar,ATE,Synthetic,0.7400000000000001,0.786770147878274,Bagging,Bagging_2
235,SI_ref_16,C-Biochar,ATE,Synthetic,0.8511111111111113,0.786770147878274,Bagging,Bagging_2
238,SI_ref_16,C-Biochar,ATE,Synthetic,0.6733333333333335,0.77459251637871,Bagging,Bagging_2
250,SI_ref_16,C-Biochar,CBZ,Synthetic,0.4840388007054674,0.5621130078062091,Bagging,Bagging_2
251,SI_ref_16,C-Biochar,CBZ,Synthetic,0.5325396825396824,0.5621130078062091,Bagging,Bagging_2
252,SI_ref_16,C-Biochar,CBZ,Synthetic,0.4258377425044091,0.5621130078062091,Bagging,Bagging_2
258,SI_ref_16,C-Biochar,CBZ,Synthetic,0.4990079365079365,0.5621130078062091,Bagging,Bagging_2
264,SI_ref_16,C-Biochar,IBU,Synthetic,0.7333333333333333,0.6266822996892247,Bagging,Bagging_2
266,SI_ref_16,C-Biochar,IBU,Synthetic,0.6121212121212122,0.6397746271857215,Bagging,Bagging_2
271,SI_ref_16,C-Biochar,IBU,Synthetic,0.6000000000000001,0.6397746271857215,Bagging,Bagging_2
277,SI_ref_16,C-Biochar,IBU,Synthetic,0.7844444444444444,0.6397746271857215,Bagging,Bagging_2
278,SI_ref_16,C-Biochar,IBU,Synthetic,0.8430555555555557,0.6397746271857215,Bagging,Bagging_2
279,SI_ref_16,C-Biochar,IBU,Synthetic,0.861111111111111,0.6397746271857215,Bagging,Bagging_2
296,SI_ref_19,CB,IBU,Ground water,0.9945207101387852,0.9394501414555961,Bagging,Bagging_2
303,SI_ref_19,CB,IBU,Lake water,0.9505925590656487,0.9465766528769766,Bagging,Bagging_2
314,SI_ref_19,CB,IBU,Ground water,0.917590560186213,0.9281055798295028,Bagging,Bagging_2
316,SI_ref_19,CB,IBU,Ground water,0.9236132062907854,0.927914210322773,Bagging,Bagging_2
320,SI_ref_19,CB,IBU,Ground water,0.9303445651202417,0.9394501414555961,Bagging,Bagging_2
328,SI_ref_19,CB,IBU,Ground water,0.9241489703794897,0.9278299792222172,Bagging,Bagging_2
340,SI_ref_14,GCRB,ALA,Synthetic,0.9700055250053173,0.9519287562911396,Bagging,Bagging_2
361,SI_ref_14,GCRB,DIU,Synthetic,0.9291396445453227,0.9576988285655759,Bagging,Bagging_2
363,SI_ref_14,GCRB,DIU,Synthetic,0.9527369648004039,0.9576988285655759,Bagging,Bagging_2
365,SI_ref_14,GCRB,DIU,Synthetic,0.9265327424413893,0.9576988285655759,Bagging,Bagging_2
367,SI_ref_14,GCRB,DIU,Synthetic,0.9238760352548926,0.9576988285655759,Bagging,Bagging_2
369,SI_ref_14,GCRB,DIU,Synthetic,0.9147016410628197,0.9535178049184115,Bagging,Bagging_2
374,SI_ref_14,GCRB,DIU,Synthetic,1.0082496176169822,0.9576988285655759,Bagging,Bagging_2
390,SI_ref_14,GCRB,SIM,Synthetic,0.9757367710073495,0.9712881292264062,Bagging,Bagging_2
406,SI_ref_14,GCRB-N,ALA,Synthetic,0.4281694326598611,0.45607751204346636,Bagging,Bagging_2
446,SI_ref_14,GCRB-N,DIU,Synthetic,0.2075726875081201,0.23318232229815586,Bagging,Bagging_2
448,SI_ref_14,GCRB-N,DIU,Synthetic,0.1819381767074788,0.23318232229815586,Bagging,Bagging_2
450,SI_ref_14,GCRB-N,DIU,Synthetic,0.1736169508150928,0.23136599526462515,Bagging,Bagging_2
453,SI_ref_14,GCRB-N,DIU,Synthetic,0.1683505359330984,0.2582386809423896,Bagging,Bagging_2
456,SI_ref_14,GCRB-N,DIU,Synthetic,0.1402528461142079,0.3204858403904216,Bagging,Bagging_2
459,SI_ref_14,GCRB-N,DIU,Synthetic,0.6455190877003087,0.3252925372308876,Bagging,Bagging_2
460,SI_ref_14,GCRB-N,DIU,Synthetic,0.12138562309836234,0.38422111511427387,Bagging,Bagging_2
462,SI_ref_14,GCRB-N,DIU,Synthetic,0.16773925939532233,0.37172072703542297,Bagging,Bagging_2
465,SI_ref_14,GCRB-N,DIU,Synthetic,0.1405827183894587,0.39543881441900985,Bagging,Bagging_2
468,SI_ref_14,GCRB-N,DIU,Synthetic,0.6564705601884918,0.3863317153766988,Bagging,Bagging_2
469,SI_ref_14,GCRB-N,DIU,Synthetic,0.12617131727344172,0.39358054429581896,Bagging,Bagging_2
471,SI_ref_14,GCRB-N,DIU,Synthetic,0.1676281074261493,0.37357064843395926,Bagging,Bagging_2
474,SI_ref_14,GCRB-N,DIU,Synthetic,0.14041778225183332,0.386501059059994,Bagging,Bagging_2
477,SI_ref_14,GCRB-N,DIU,Synthetic,0.6413243626564091,0.386501059059994,Bagging,Bagging_2
478,SI_ref_14,GCRB-N,DIU,Synthetic,0.12377847018590202,0.3894161356743244,Bagging,Bagging_2
490,SI_ref_14,GCRB-N,SIM,Synthetic,0.38105997172266487,0.5482393633947404,Bagging,Bagging_2
537,SI_ref_19,MCB,IBU,Ground water,0.9902068659306948,0.9413066414128295,Bagging,Bagging_2
546,SI_ref_19,MCB,IBU,Lake water,0.9468798357239083,0.9416687599564761,Bagging,Bagging_2
555,SI_ref_19,MCB,IBU,Ground water,0.910886274193223,0.9211067124997652,Bagging,Bagging_2
561,SI_ref_19,MCB,IBU,Ground water,0.9227697266379059,0.9194332666578,Bagging,Bagging_2
565,SI_ref_19,MCB,IBU,Ground water,0.9254612605703445,0.9315445515768482,Bagging,Bagging_2
573,SI_ref_19,MCB,IBU,Ground water,0.9222883610163676,0.9240834035085959,Bagging,Bagging_2
577,SI_ref_19,MCB,IBU,Ground water,0.9896236049163454,0.9439107490068263,Bagging,Bagging_2
584,SI_ref_19,MCB,IBU,Lake water,0.9474280457633885,0.9389004995382834,Bagging,Bagging_2
593,SI_ref_19,MCB,IBU,Ground water,0.911624129649438,0.9241353669270773,Bagging,Bagging_2
595,SI_ref_19,MCB,IBU,Ground water,0.9248851497651674,0.932013177042183,Bagging,Bagging_2
603,SI_ref_19,MCB,IBU,Ground water,0.920786534541565,0.9288538983153662,Bagging,Bagging_2
607,SI_ref_19,MCB,IBU,Ground water,0.9861765121394982,0.9405633181860203,Bagging,Bagging_2
614,SI_ref_19,MCB,IBU,Lake water,0.9465039927474991,0.9357266362916306,Bagging,Bagging_2
623,SI_ref_19,MCB,IBU,Ground water,0.9103224686673798,0.9220324964038557,Bagging,Bagging_2
625,SI_ref_19,MCB,IBU,Ground water,0.9258221154816445,0.9293775903888783,Bagging,Bagging_2
633,SI_ref_19,MCB,IBU,Ground water,0.9216175906678238,0.9254881030315079,Bagging,Bagging_2
653,SI_ref_18,NaOH-activated SCW biochars,DCF,Lake water,0.060393710525153486,0.544889715274583,Bagging,Bagging_2
654,SI_ref_18,NaOH-activated SCW biochars,DCF,Secondary effluent,0.1736813951376961,0.5940245776907325,Bagging,Bagging_2
657,SI_ref_18,NaOH-activated SCW biochars,DCF,Lake water,0.4098052873550469,0.5444048953504891,Bagging,Bagging_2
666,SI_ref_18,NaOH-activated SCW biochars,DCF,Secondary effluent,0.6160844980694858,0.5940245776907325,Bagging,Bagging_2
668,SI_ref_18,NaOH-activated SCW biochars,DCF,Lake water,0.5638671837826676,0.544889715274583,Bagging,Bagging_2
671,SI_ref_18,NaOH-activated SCW biochars,DCF,Lake water,0.5111881637893111,0.544889715274583,Bagging,Bagging_2
680,SI_ref_18,NaOH-activated SCW biochars,DCF,Lake water,0.5451956691534918,0.544889715274583,Bagging,Bagging_2
681,SI_ref_18,NaOH-activated SCW biochars,DCF,Lake water,0.5155236787057735,0.544889715274583,Bagging,Bagging_2
684,SI_ref_18,NaOH-activated SCW biochars,DCF,Lake water,0.5054530420964745,0.544889715274583,Bagging,Bagging_2
689,SI_ref_18,NaOH-activated SCW biochars,DCF,Secondary effluent,0.6862219778123194,0.6231473687943567,Bagging,Bagging_2
717,SI_ref_18,NaOH-activated SCW biochars,IBU,Secondary effluent,0.5431517029603264,0.6102936369645889,Bagging,Bagging_2
726,SI_ref_18,NaOH-activated SCW biochars,IBU,Lake water,0.6298354173553987,0.5920997187713927,Bagging,Bagging_2
732,SI_ref_18,NaOH-activated SCW biochars,IBU,Lake water,0.6159420233488258,0.5920997187713927,Bagging,Bagging_2
736,SI_ref_18,NaOH-activated SCW biochars,IBU,Lake water,0.6281995086504742,0.5920997187713927,Bagging,Bagging_2
750,SI_ref_18,NaOH-activated SCW biochars,IBU,Secondary effluent,0.811827151849907,0.6504790767808812,Bagging,Bagging_2
751,SI_ref_18,NaOH-activated SCW biochars,IBU,Lake water,0.6869669848084122,0.5920997187713927,Bagging,Bagging_2
754,SI_ref_18,NaOH-activated SCW biochars,IBU,Secondary effluent,0.7786423949758233,0.6119082529640292,Bagging,Bagging_2
757,SI_ref_18,NaOH-activated SCW biochars,NPX,Lake water,0.20620314882650506,0.37464866811790826,Bagging,Bagging_2
759,SI_ref_18,NaOH-activated SCW biochars,NPX,Lake water,0.23676500653660967,0.366384950208226,Bagging,Bagging_2
761,SI_ref_18,NaOH-activated SCW biochars,NPX,Lake water,0.21090148006849843,0.3577909948199357,Bagging,Bagging_2
763,SI_ref_18,NaOH-activated SCW biochars,NPX,Lake water,0.14381242837395034,0.24816774741077569,Bagging,Bagging_2
765,SI_ref_18,NaOH-activated SCW biochars,NPX,Lake water,0.049549349058709447,0.16749828217378807,Bagging,Bagging_2
767,SI_ref_18,NaOH-activated SCW biochars,NPX,Lake water,0.0742796412273446,0.12191634304807032,Bagging,Bagging_2
769,SI_ref_18,NaOH-activated SCW biochars,NPX,Lake water,0.041917196066405205,0.1045145063368536,Bagging,Bagging_2
773,SI_ref_18,NaOH-activated SCW biochars,NPX,Lake water,0.02383921541973232,0.07448269250058728,Bagging,Bagging_2
776,SI_ref_18,NaOH-activated SCW biochars,NPX,Secondary effluent,0.048092629555703405,0.12534973102631064,Bagging,Bagging_2
779,SI_ref_18,NaOH-activated SCW biochars,NPX,Lake water,0.0651330447328621,0.07448269250058728,Bagging,Bagging_2
781,SI_ref_18,NaOH-activated SCW biochars,NPX,Lake water,0.04234525136924403,0.07448269250058728,Bagging,Bagging_2
788,SI_ref_18,NaOH-activated SCW biochars,NPX,Secondary effluent,0.09141898602740345,0.12534973102631064,Bagging,Bagging_2
798,SI_ref_18,NaOH-activated SCW biochars,NPX,Secondary effluent,0.15082313311850198,0.12534973102631064,Bagging,Bagging_2
800,SI_ref_18,NaOH-activated SCW biochars,NPX,Secondary effluent,0.24701864815812044,0.12534973102631064,Bagging,Bagging_2
871,SI_ref_13,PB600,CBZ,Synthetic,0.6953242835595775,0.46723479310349475,Bagging,Bagging_2
881,SI_ref_13,PB600,IBU,Synthetic,0.2096102913356035,0.6338613561934693,Bagging,Bagging_2
918,SI_ref_13,PB800,CBZ,Synthetic,0.30905619203491547,0.2229790927866789,Bagging,Bagging_2
928,SI_ref_13,PB800,IBU,Synthetic,0.23013048635824437,0.3794005100206922,Bagging,Bagging_2
954,SI_ref_15,PSB,CAR,Synthetic,0.9395494569882223,0.9188905533670793,Bagging,Bagging_2
955,SI_ref_15,PSB,CAR,Synthetic,0.9231398092867221,0.9188905533670793,Bagging,Bagging_2
957,SI_ref_15,PSB,CAR,Synthetic,0.9436310458092197,0.9189756278682814,Bagging,Bagging_2
964,SI_ref_15,PSB,CAR,Synthetic,0.9383522096618221,0.9188905533670793,Bagging,Bagging_2
978,SI_ref_15,PSB,PYR,Synthetic,0.919631586959635,0.9262516267136882,Bagging,Bagging_2
985,SI_ref_15,PSB,PYR,Synthetic,0.9775942152304119,0.9262516267136882,Bagging,Bagging_2
994,SI_ref_15,PSB,TEB,Synthetic,0.9362126098667423,0.9233983937356264,Bagging,Bagging_2
1000,SI_ref_15,PSB,TEB,Synthetic,0.8714762044822667,0.9233983937356264,Bagging,Bagging_2
1015,SI_ref_15,PSBOX-A,CAR,Synthetic,0.03563496474916306,0.13670955428234566,Bagging,Bagging_2
1016,SI_ref_15,PSBOX-A,CAR,Synthetic,0.026325197069833068,0.13670955428234566,Bagging,Bagging_2
1018,SI_ref_15,PSBOX-A,CAR,Synthetic,0.034457194657534405,0.14766308311126372,Bagging,Bagging_2
1025,SI_ref_15,PSBOX-A,CAR,Synthetic,0.0497879777437964,0.13670955428234566,Bagging,Bagging_2
1040,SI_ref_15,PSBOX-A,PYR,Synthetic,0.5200236643843362,0.24605887862935882,Bagging,Bagging_2
1043,SI_ref_15,PSBOX-A,PYR,Synthetic,0.08786555053416333,0.24684308504584293,Bagging,Bagging_2
1050,SI_ref_15,PSBOX-A,PYR,Synthetic,0.48794917248977554,0.24684308504584293,Bagging,Bagging_2
1059,SI_ref_15,PSBOX-A,TEB,Synthetic,0.07277962857952934,0.23912621668905307,Bagging,Bagging_2
1061,SI_ref_15,PSBOX-A,TEB,Synthetic,0.5163778457532948,0.23896076440690528,Bagging,Bagging_2
1070,SI_ref_15,PSBOX-A,TEB,Synthetic,0.04527670142322688,0.23912621668905307,Bagging,Bagging_2
1101,SI_ref_17,Pristine SCG biochar,CBZ,Synthetic,0.9071468090110305,0.9111623686789401,Bagging,Bagging_2
1108,SI_ref_17,Pristine SCG biochar,CBZ,Synthetic,0.8967497590877974,0.9040224549538703,Bagging,Bagging_2
1113,SI_ref_17,Pristine SCG biochar,CBZ,Synthetic,0.9373850128799738,0.9111623686789401,Bagging,Bagging_2
1130,SI_ref_17,Pristine SCG biochar,EE2,Synthetic,0.817422791958414,0.8440546506890619,Bagging,Bagging_2
1137,SI_ref_17,Pristine SCG biochar,EE2,Synthetic,0.8257334628724249,0.8772325427180325,Bagging,Bagging_2
1139,SI_ref_17,Pristine SCG biochar,EE2,Synthetic,0.8269992896243368,0.8772325427180325,Bagging,Bagging_2
1141,SI_ref_17,Pristine SCG biochar,EE2,Synthetic,0.8244509213990222,0.8772325427180325,Bagging,Bagging_2
1142,SI_ref_17,Pristine SCG biochar,EE2,Synthetic,0.859538444436826,0.865153054439699,Bagging,Bagging_2
1148,SI_ref_17,Pristine SCG biochar,EE2,Synthetic,0.823763814163292,0.865153054439699,Bagging,Bagging_2
1157,SI_ref_17,Pristine SCG biochar,IBU,Synthetic,0.9060511140454979,0.9492890824844601,Bagging,Bagging_2
1159,SI_ref_17,Pristine SCG biochar,IBU,Synthetic,0.9004320791615827,0.9458927555568402,Bagging,Bagging_2
1161,SI_ref_17,Pristine SCG biochar,IBU,Synthetic,0.894961472244973,0.9407702202891756,Bagging,Bagging_2
1163,SI_ref_17,Pristine SCG biochar,IBU,Synthetic,0.8949151720794959,0.9377139276236235,Bagging,Bagging_2
1165,SI_ref_17,Pristine SCG biochar,IBU,Synthetic,0.892599829508416,0.9251953636360649,Bagging,Bagging_2
1167,SI_ref_17,Pristine SCG biochar,IBU,Synthetic,0.8914167516338777,0.9218285088724497,Bagging,Bagging_2
1169,SI_ref_17,Pristine SCG biochar,IBU,Synthetic,0.886841225533622,0.9188895798738801,Bagging,Bagging_2
1173,SI_ref_17,Pristine SCG biochar,IBU,Synthetic,0.9319085004678631,0.915568921027038,Bagging,Bagging_2
1180,SI_ref_17,Pristine SCG biochar,IBU,Synthetic,0.9167234922708469,0.9134701680154652,Bagging,Bagging_2
1187,SI_ref_17,Pristine SCG biochar,IBU,Synthetic,0.9448963419259283,0.915568921027038,Bagging,Bagging_2
1189,SI_ref_17,Pristine SCG biochar,IBU,Synthetic,0.9210277046979152,0.915568921027038,Bagging,Bagging_2
1191,SI_ref_17,Pristine SCG biochar,IBU,Synthetic,0.9513456586569363,0.915568921027038,Bagging,Bagging_2
1212,SI_ref_18,Pristine SCW Biochar,DCF,Secondary effluent,0.8964391711737753,0.909062089359923,Bagging,Bagging_2
1214,SI_ref_18,Pristine SCW Biochar,DCF,Lake water,0.9077130214504949,0.9086058116805892,Bagging,Bagging_2
1223,SI_ref_18,Pristine SCW Biochar,DCF,Secondary effluent,0.916228597953408,0.909062089359923,Bagging,Bagging_2
1225,SI_ref_18,Pristine SCW Biochar,DCF,Lake water,0.9209005359691885,0.9188871645531776,Bagging,Bagging_2
1228,SI_ref_18,Pristine SCW Biochar,DCF,Lake water,0.918118398017722,0.9188871645531776,Bagging,Bagging_2
1237,SI_ref_18,Pristine SCW Biochar,DCF,Lake water,0.9176779336906461,0.9188871645531776,Bagging,Bagging_2
1238,SI_ref_18,Pristine SCW Biochar,DCF,Lake water,0.9153943997055312,0.9188871645531776,Bagging,Bagging_2
1241,SI_ref_18,Pristine SCW Biochar,DCF,Lake water,0.9102639266700783,0.9188871645531776,Bagging,Bagging_2
1246,SI_ref_18,Pristine SCW Biochar,DCF,Secondary effluent,0.9052859627037971,0.9101272840506575,Bagging,Bagging_2
1270,SI_ref_18,Pristine SCW Biochar,IBU,Secondary effluent,0.8874692330465712,0.898503349044213,Bagging,Bagging_2
1279,SI_ref_18,Pristine SCW Biochar,IBU,Lake water,0.9204127206373283,0.9183313168205156,Bagging,Bagging_2
1285,SI_ref_18,Pristine SCW Biochar,IBU,Lake water,0.9175495400890653,0.9183313168205156,Bagging,Bagging_2
1289,SI_ref_18,Pristine SCW Biochar,IBU,Lake water,0.91141920930323,0.9183313168205156,Bagging,Bagging_2
1303,SI_ref_18,Pristine SCW Biochar,IBU,Secondary effluent,0.9145392250293353,0.9072342952676163,Bagging,Bagging_2
1305,SI_ref_18,Pristine SCW Biochar,IBU,Secondary effluent,0.8992133437264335,0.9058854535705236,Bagging,Bagging_2
1308,SI_ref_18,Pristine SCW Biochar,NPX,Lake water,0.9299082628630408,0.9274674022733145,Bagging,Bagging_2
1310,SI_ref_18,Pristine SCW Biochar,NPX,Lake water,0.9179731197519893,0.9254337414351713,Bagging,Bagging_2
1312,SI_ref_18,Pristine SCW Biochar,NPX,Lake water,0.9157588621166984,0.9237794287703729,Bagging,Bagging_2
1314,SI_ref_18,Pristine SCW Biochar,NPX,Lake water,0.9211177808704595,0.9243873719517913,Bagging,Bagging_2
1316,SI_ref_18,Pristine SCW Biochar,NPX,Lake water,0.9261251958543161,0.9239861189852917,Bagging,Bagging_2
1318,SI_ref_18,Pristine SCW Biochar,NPX,Lake water,0.9179250714018231,0.9225373474872677,Bagging,Bagging_2
1320,SI_ref_18,Pristine SCW Biochar,NPX,Lake water,0.9238791357631378,0.9212909126956521,Bagging,Bagging_2
1325,SI_ref_18,Pristine SCW Biochar,NPX,Secondary effluent,0.8954095327862793,0.902422493553964,Bagging,Bagging_2
1328,SI_ref_18,Pristine SCW Biochar,NPX,Lake water,0.9239571578457322,0.919006409356749,Bagging,Bagging_2
1330,SI_ref_18,Pristine SCW Biochar,NPX,Lake water,0.9241969522882365,0.919006409356749,Bagging,Bagging_2
1337,SI_ref_18,Pristine SCW Biochar,NPX,Secondary effluent,0.9109852392346297,0.9098353191686424,Bagging,Bagging_2
1346,SI_ref_18,Pristine SCW Biochar,NPX,Secondary effluent,0.9136165317560039,0.9098353191686424,Bagging,Bagging_2
1347,SI_ref_18,Pristine SCW Biochar,NPX,Secondary effluent,0.9038576927569927,0.9098353191686424,Bagging,Bagging_2
16,SI_ref_19,AMCB,IBU,Ground water,0.029204625724030753,0.4201564262922208,BayesianRidge,BayesianRidge_1
25,SI_ref_19,AMCB,IBU,Lake water,0.3473743729830984,0.4474800520862138,BayesianRidge,BayesianRidge_1
34,SI_ref_19,AMCB,IBU,Ground water,0.303030777614079,0.3768765019455146,BayesianRidge,BayesianRidge_1
36,SI_ref_19,AMCB,IBU,Ground water,0.41496556078686897,0.4201130642929369,BayesianRidge,BayesianRidge_1
44,SI_ref_19,AMCB,IBU,Ground water,0.5024496962602676,0.398473127145566,BayesianRidge,BayesianRidge_1
48,SI_ref_19,AMCB,IBU,Ground water,0.03338351934448727,0.42008420631304894,BayesianRidge,BayesianRidge_1
55,SI_ref_19,AMCB,IBU,Lake water,0.34535416691700616,0.447407882103666,BayesianRidge,BayesianRidge_1
64,SI_ref_19,AMCB,IBU,Ground water,0.3258728934993643,0.3768043818904151,BayesianRidge,BayesianRidge_1
66,SI_ref_19,AMCB,IBU,Ground water,0.4885549946229274,0.42004099409625345,BayesianRidge,BayesianRidge_1
74,SI_ref_19,AMCB,IBU,Ground water,0.5226317382792791,0.3984011067384093,BayesianRidge,BayesianRidge_1
78,SI_ref_19,AMCB,IBU,Ground water,0.025848755777109534,0.4200122356266725,BayesianRidge,BayesianRidge_1
85,SI_ref_19,AMCB,IBU,Lake water,0.32220691257344963,0.4473359610694656,BayesianRidge,BayesianRidge_1
94,SI_ref_19,AMCB,IBU,Ground water,0.3191737471997417,0.3767325104399284,BayesianRidge,BayesianRidge_1
96,SI_ref_19,AMCB,IBU,Ground water,0.45590621693388655,0.41996917216115953,BayesianRidge,BayesianRidge_1
106,SI_ref_19,AMCB,IBU,Ground water,0.3644459510905023,0.4240581232743989,BayesianRidge,BayesianRidge_1
112,SI_ref_19,AMCB,IBU,Ground water,0.5464029950150356,0.39832933425052847,BayesianRidge,BayesianRidge_1
140,SI_ref_17,Alkali-modified SCG biochars,CBZ,Synthetic,0.006132526431344026,0.1701032976703465,BayesianRidge,BayesianRidge_1
146,SI_ref_17,Alkali-modified SCG biochars,CBZ,Synthetic,0.6777397154224275,0.2774405577797174,BayesianRidge,BayesianRidge_1
151,SI_ref_17,Alkali-modified SCG biochars,CBZ,Synthetic,0.4516798693491866,0.1701032976703465,BayesianRidge,BayesianRidge_1
168,SI_ref_17,Alkali-modified SCG biochars,EE2,Synthetic,0.0796235147045166,0.26316344096538313,BayesianRidge,BayesianRidge_1
176,SI_ref_17,Alkali-modified SCG biochars,EE2,Synthetic,0.07754174693450858,0.31462101901312406,BayesianRidge,BayesianRidge_1
181,SI_ref_17,Alkali-modified SCG biochars,EE2,Synthetic,0.7086029202646077,0.31462101901312406,BayesianRidge,BayesianRidge_1
190,SI_ref_17,Alkali-modified SCG biochars,IBU,Synthetic,0.22674008618295227,0.34945103996874893,BayesianRidge,BayesianRidge_1
192,SI_ref_17,Alkali-modified SCG biochars,IBU,Synthetic,0.18762987622773672,0.3353380295072863,BayesianRidge,BayesianRidge_1
194,SI_ref_17,Alkali-modified SCG biochars,IBU,Synthetic,0.0964989432139522,0.31266120922192675,BayesianRidge,BayesianRidge_1
196,SI_ref_17,Alkali-modified SCG biochars,IBU,Synthetic,0.056403766337859394,0.29826684480856935,BayesianRidge,BayesianRidge_1
198,SI_ref_17,Alkali-modified SCG biochars,IBU,Synthetic,0.04365646649895644,0.28983220393215936,BayesianRidge,BayesianRidge_1
200,SI_ref_17,Alkali-modified SCG biochars,IBU,Synthetic,0.05275302685215311,0.2838437022991839,BayesianRidge,BayesianRidge_1
202,SI_ref_17,Alkali-modified SCG biochars,IBU,Synthetic,0.051463060103218494,0.27785279431303644,BayesianRidge,BayesianRidge_1
206,SI_ref_17,Alkali-modified SCG biochars,IBU,Synthetic,0.05901922048526246,0.26940612583488044,BayesianRidge,BayesianRidge_1
213,SI_ref_17,Alkali-modified SCG biochars,IBU,Synthetic,0.33928547446435453,0.3767433859442513,BayesianRidge,BayesianRidge_1
220,SI_ref_17,Alkali-modified SCG biochars,IBU,Synthetic,0.004839210099114782,0.26940612583488044,BayesianRidge,BayesianRidge_1
222,SI_ref_17,Alkali-modified SCG biochars,IBU,Synthetic,0.04374442489311713,0.26940612583488044,BayesianRidge,BayesianRidge_1
224,SI_ref_17,Alkali-modified SCG biochars,IBU,Synthetic,0.2945083196339574,0.26940612583488044,BayesianRidge,BayesianRidge_1
229,SI_ref_16,C-Biochar,ATE,Synthetic,0.8511111111111113,0.7254819179072495,BayesianRidge,BayesianRidge_1
231,SI_ref_16,C-Biochar,ATE,Synthetic,0.7400000000000001,0.7985649991196867,BayesianRidge,BayesianRidge_1
235,SI_ref_16,C-Biochar,ATE,Synthetic,0.8511111111111113,0.7769394959549903,BayesianRidge,BayesianRidge_1
238,SI_ref_16,C-Biochar,ATE,Synthetic,0.6733333333333335,0.7553139927902939,BayesianRidge,BayesianRidge_1
250,SI_ref_16,C-Biochar,CBZ,Synthetic,0.4840388007054674,0.5634864882766655,BayesianRidge,BayesianRidge_1
251,SI_ref_16,C-Biochar,CBZ,Synthetic,0.5325396825396824,0.5634864882766655,BayesianRidge,BayesianRidge_1
252,SI_ref_16,C-Biochar,CBZ,Synthetic,0.4258377425044091,0.5634864882766655,BayesianRidge,BayesianRidge_1
258,SI_ref_16,C-Biochar,CBZ,Synthetic,0.4990079365079365,0.5634864882766655,BayesianRidge,BayesianRidge_1
264,SI_ref_16,C-Biochar,IBU,Synthetic,0.7333333333333333,0.6370605274173289,BayesianRidge,BayesianRidge_1
266,SI_ref_16,C-Biochar,IBU,Synthetic,0.6121212121212122,0.6627893164411993,BayesianRidge,BayesianRidge_1
271,SI_ref_16,C-Biochar,IBU,Synthetic,0.6000000000000001,0.6627893164411993,BayesianRidge,BayesianRidge_1
277,SI_ref_16,C-Biochar,IBU,Synthetic,0.7844444444444444,0.6627893164411993,BayesianRidge,BayesianRidge_1
278,SI_ref_16,C-Biochar,IBU,Synthetic,0.8430555555555557,0.6627893164411993,BayesianRidge,BayesianRidge_1
279,SI_ref_16,C-Biochar,IBU,Synthetic,0.861111111111111,0.6627893164411993,BayesianRidge,BayesianRidge_1
296,SI_ref_19,CB,IBU,Ground water,0.9945207101387852,0.9210639950146118,BayesianRidge,BayesianRidge_1
303,SI_ref_19,CB,IBU,Lake water,0.9505925590656487,0.9484020848307877,BayesianRidge,BayesianRidge_1
314,SI_ref_19,CB,IBU,Ground water,0.917590560186213,0.877812988685219,BayesianRidge,BayesianRidge_1
316,SI_ref_19,CB,IBU,Ground water,0.9236132062907854,0.9251672808737859,BayesianRidge,BayesianRidge_1
320,SI_ref_19,CB,IBU,Ground water,0.9303445651202417,0.9210639950146118,BayesianRidge,BayesianRidge_1
328,SI_ref_19,CB,IBU,Ground water,0.9241489703794897,0.8994384918499154,BayesianRidge,BayesianRidge_1
340,SI_ref_14,GCRB,ALA,Synthetic,0.9700055250053173,1.0036263523754705,BayesianRidge,BayesianRidge_1
361,SI_ref_14,GCRB,DIU,Synthetic,0.9291396445453227,0.8223631393699511,BayesianRidge,BayesianRidge_1
363,SI_ref_14,GCRB,DIU,Synthetic,0.9527369648004039,0.873820717417692,BayesianRidge,BayesianRidge_1
365,SI_ref_14,GCRB,DIU,Synthetic,0.9265327424413893,0.873820717417692,BayesianRidge,BayesianRidge_1
367,SI_ref_14,GCRB,DIU,Synthetic,0.9238760352548926,0.873820717417692,BayesianRidge,BayesianRidge_1
369,SI_ref_14,GCRB,DIU,Synthetic,0.9147016410628197,0.8521952142529956,BayesianRidge,BayesianRidge_1
374,SI_ref_14,GCRB,DIU,Synthetic,1.0082496176169822,0.873820717417692,BayesianRidge,BayesianRidge_1
390,SI_ref_14,GCRB,SIM,Synthetic,0.9757367710073495,1.0347931491322828,BayesianRidge,BayesianRidge_1
406,SI_ref_14,GCRB-N,ALA,Synthetic,0.4281694326598611,0.5115914829559071,BayesianRidge,BayesianRidge_1
446,SI_ref_14,GCRB-N,DIU,Synthetic,0.2075726875081201,0.33032826995038767,BayesianRidge,BayesianRidge_1
448,SI_ref_14,GCRB-N,DIU,Synthetic,0.1819381767074788,0.3817858479981286,BayesianRidge,BayesianRidge_1
450,SI_ref_14,GCRB-N,DIU,Synthetic,0.1736169508150928,0.3601603448334322,BayesianRidge,BayesianRidge_1
453,SI_ref_14,GCRB-N,DIU,Synthetic,0.1683505359330984,0.3817713839759456,BayesianRidge,BayesianRidge_1
456,SI_ref_14,GCRB-N,DIU,Synthetic,0.1402528461142079,0.38174248599884475,BayesianRidge,BayesianRidge_1
459,SI_ref_14,GCRB-N,DIU,Synthetic,0.6455190877003087,0.3817280520161702,BayesianRidge,BayesianRidge_1
460,SI_ref_14,GCRB-N,DIU,Synthetic,0.12138562309836234,0.3817136280189567,BayesianRidge,BayesianRidge_1
462,SI_ref_14,GCRB-N,DIU,Synthetic,0.16773925939532233,0.3816992139933978,BayesianRidge,BayesianRidge_1
465,SI_ref_14,GCRB-N,DIU,Synthetic,0.1405827183894587,0.3816704158021612,BayesianRidge,BayesianRidge_1
468,SI_ref_14,GCRB-N,DIU,Synthetic,0.6564705601884918,0.38165603160901357,BayesianRidge,BayesianRidge_1
469,SI_ref_14,GCRB-N,DIU,Synthetic,0.12617131727344172,0.3816416573325803,BayesianRidge,BayesianRidge_1
471,SI_ref_14,GCRB-N,DIU,Synthetic,0.1676281074261493,0.38162729295919745,BayesianRidge,BayesianRidge_1
474,SI_ref_14,GCRB-N,DIU,Synthetic,0.14041778225183332,0.38159859386706735,BayesianRidge,BayesianRidge_1
477,SI_ref_14,GCRB-N,DIU,Synthetic,0.6413243626564091,0.3815842591211327,BayesianRidge,BayesianRidge_1
478,SI_ref_14,GCRB-N,DIU,Synthetic,0.12377847018590202,0.38156993422387353,BayesianRidge,BayesianRidge_1
490,SI_ref_14,GCRB-N,SIM,Synthetic,0.38105997172266487,0.5427582797127194,BayesianRidge,BayesianRidge_1
537,SI_ref_19,MCB,IBU,Ground water,0.9902068659306948,0.845605965242231,BayesianRidge,BayesianRidge_1
546,SI_ref_19,MCB,IBU,Lake water,0.9468798357239083,0.872929591036224,BayesianRidge,BayesianRidge_1
555,SI_ref_19,MCB,IBU,Ground water,0.910886274193223,0.8023260408955248,BayesianRidge,BayesianRidge_1
561,SI_ref_19,MCB,IBU,Ground water,0.9227697266379059,0.8496658891021212,BayesianRidge,BayesianRidge_1
565,SI_ref_19,MCB,IBU,Ground water,0.9254612605703445,0.8455626032429472,BayesianRidge,BayesianRidge_1
573,SI_ref_19,MCB,IBU,Ground water,0.9222883610163676,0.8239226660955763,BayesianRidge,BayesianRidge_1
577,SI_ref_19,MCB,IBU,Ground water,0.9896236049163454,0.8455337452630591,BayesianRidge,BayesianRidge_1
584,SI_ref_19,MCB,IBU,Lake water,0.9474280457633885,0.8728574210536763,BayesianRidge,BayesianRidge_1
593,SI_ref_19,MCB,IBU,Ground water,0.911624129649438,0.8022539208404253,BayesianRidge,BayesianRidge_1
595,SI_ref_19,MCB,IBU,Ground water,0.9248851497651674,0.8454905330462636,BayesianRidge,BayesianRidge_1
603,SI_ref_19,MCB,IBU,Ground water,0.920786534541565,0.8238506456884196,BayesianRidge,BayesianRidge_1
607,SI_ref_19,MCB,IBU,Ground water,0.9861765121394982,0.8454617745766828,BayesianRidge,BayesianRidge_1
614,SI_ref_19,MCB,IBU,Lake water,0.9465039927474991,0.8727855000194759,BayesianRidge,BayesianRidge_1
623,SI_ref_19,MCB,IBU,Ground water,0.9103224686673798,0.8021820493899386,BayesianRidge,BayesianRidge_1
625,SI_ref_19,MCB,IBU,Ground water,0.9258221154816445,0.8454187111111697,BayesianRidge,BayesianRidge_1
633,SI_ref_19,MCB,IBU,Ground water,0.9216175906678238,0.8237788732005388,BayesianRidge,BayesianRidge_1
653,SI_ref_18,NaOH-activated SCW biochars,DCF,Lake water,0.060393710525153486,0.44728080827895367,BayesianRidge,BayesianRidge_1
654,SI_ref_18,NaOH-activated SCW biochars,DCF,Secondary effluent,0.1736813951376961,0.45633631225437776,BayesianRidge,BayesianRidge_1
657,SI_ref_18,NaOH-activated SCW biochars,DCF,Lake water,0.4098052873550469,0.4215520192550832,BayesianRidge,BayesianRidge_1
666,SI_ref_18,NaOH-activated SCW biochars,DCF,Secondary effluent,0.6160844980694858,0.45633631225437776,BayesianRidge,BayesianRidge_1
668,SI_ref_18,NaOH-activated SCW biochars,DCF,Lake water,0.5638671837826676,0.44728080827895367,BayesianRidge,BayesianRidge_1
671,SI_ref_18,NaOH-activated SCW biochars,DCF,Lake water,0.5111881637893111,0.44728080827895367,BayesianRidge,BayesianRidge_1
680,SI_ref_18,NaOH-activated SCW biochars,DCF,Lake water,0.5451956691534918,0.44728080827895367,BayesianRidge,BayesianRidge_1
681,SI_ref_18,NaOH-activated SCW biochars,DCF,Lake water,0.5155236787057735,0.44728080827895367,BayesianRidge,BayesianRidge_1
684,SI_ref_18,NaOH-activated SCW biochars,DCF,Lake water,0.5054530420964745,0.44728080827895367,BayesianRidge,BayesianRidge_1
689,SI_ref_18,NaOH-activated SCW biochars,DCF,Secondary effluent,0.6862219778123194,0.4820651012782482,BayesianRidge,BayesianRidge_1
717,SI_ref_18,NaOH-activated SCW biochars,IBU,Secondary effluent,0.5431517029603264,0.46881782571115943,BayesianRidge,BayesianRidge_1
726,SI_ref_18,NaOH-activated SCW biochars,IBU,Lake water,0.6298354173553987,0.48549111075960577,BayesianRidge,BayesianRidge_1
732,SI_ref_18,NaOH-activated SCW biochars,IBU,Lake water,0.6159420233488258,0.48549111075960577,BayesianRidge,BayesianRidge_1
736,SI_ref_18,NaOH-activated SCW biochars,IBU,Lake water,0.6281995086504742,0.48549111075960577,BayesianRidge,BayesianRidge_1
750,SI_ref_18,NaOH-activated SCW biochars,IBU,Secondary effluent,0.811827151849907,0.5460041927827708,BayesianRidge,BayesianRidge_1
751,SI_ref_18,NaOH-activated SCW biochars,IBU,Lake water,0.6869669848084122,0.48549111075960577,BayesianRidge,BayesianRidge_1
754,SI_ref_18,NaOH-activated SCW biochars,IBU,Secondary effluent,0.7786423949758233,0.49454661473502987,BayesianRidge,BayesianRidge_1
757,SI_ref_18,NaOH-activated SCW biochars,NPX,Lake water,0.20620314882650506,0.3115916243800279,BayesianRidge,BayesianRidge_1
759,SI_ref_18,NaOH-activated SCW biochars,NPX,Lake water,0.23676500653660967,0.29747861391856517,BayesianRidge,BayesianRidge_1
761,SI_ref_18,NaOH-activated SCW biochars,NPX,Lake water,0.21090148006849843,0.28319817841018585,BayesianRidge,BayesianRidge_1
763,SI_ref_18,NaOH-activated SCW biochars,NPX,Lake water,0.14381242837395034,0.26883247298345875,BayesianRidge,BayesianRidge_1
765,SI_ref_18,NaOH-activated SCW biochars,NPX,Lake water,0.049549349058709447,0.2544237344588309,BayesianRidge,BayesianRidge_1
767,SI_ref_18,NaOH-activated SCW biochars,NPX,Lake water,0.0742796412273446,0.24598428671046274,BayesianRidge,BayesianRidge_1
769,SI_ref_18,NaOH-activated SCW biochars,NPX,Lake water,0.041917196066405205,0.23999337872431548,BayesianRidge,BayesianRidge_1
773,SI_ref_18,NaOH-activated SCW biochars,NPX,Lake water,0.02383921541973232,0.23154671024615947,BayesianRidge,BayesianRidge_1
776,SI_ref_18,NaOH-activated SCW biochars,NPX,Secondary effluent,0.048092629555703405,0.21487342519771313,BayesianRidge,BayesianRidge_1
779,SI_ref_18,NaOH-activated SCW biochars,NPX,Lake water,0.0651330447328621,0.23154671024615947,BayesianRidge,BayesianRidge_1
781,SI_ref_18,NaOH-activated SCW biochars,NPX,Lake water,0.04234525136924403,0.23154671024615947,BayesianRidge,BayesianRidge_1
788,SI_ref_18,NaOH-activated SCW biochars,NPX,Secondary effluent,0.09141898602740345,0.24060221422158357,BayesianRidge,BayesianRidge_1
798,SI_ref_18,NaOH-activated SCW biochars,NPX,Secondary effluent,0.15082313311850198,0.24060221422158357,BayesianRidge,BayesianRidge_1
800,SI_ref_18,NaOH-activated SCW biochars,NPX,Secondary effluent,0.24701864815812044,0.24060221422158357,BayesianRidge,BayesianRidge_1
871,SI_ref_13,PB600,CBZ,Synthetic,0.6953242835595775,0.5120744680375836,BayesianRidge,BayesianRidge_1
881,SI_ref_13,PB600,IBU,Synthetic,0.2096102913356035,0.6258148726664209,BayesianRidge,BayesianRidge_1
918,SI_ref_13,PB800,CBZ,Synthetic,0.30905619203491547,0.28979621928522226,BayesianRidge,BayesianRidge_1
928,SI_ref_13,PB800,IBU,Synthetic,0.23013048635824437,0.40353662391405953,BayesianRidge,BayesianRidge_1
954,SI_ref_15,PSB,CAR,Synthetic,0.9395494569882223,0.8381680776392109,BayesianRidge,BayesianRidge_1
955,SI_ref_15,PSB,CAR,Synthetic,0.9231398092867221,0.8381680776392109,BayesianRidge,BayesianRidge_1
957,SI_ref_15,PSB,CAR,Synthetic,0.9436310458092197,0.8896256556869517,BayesianRidge,BayesianRidge_1
964,SI_ref_15,PSB,CAR,Synthetic,0.9383522096618221,0.8381680776392109,BayesianRidge,BayesianRidge_1
978,SI_ref_15,PSB,PYR,Synthetic,0.919631586959635,0.8982620675104457,BayesianRidge,BayesianRidge_1
985,SI_ref_15,PSB,PYR,Synthetic,0.9775942152304119,0.8982620675104457,BayesianRidge,BayesianRidge_1
994,SI_ref_15,PSB,TEB,Synthetic,0.9362126098667423,0.8884310823935656,BayesianRidge,BayesianRidge_1
1000,SI_ref_15,PSB,TEB,Synthetic,0.8714762044822667,0.8884310823935656,BayesianRidge,BayesianRidge_1
1015,SI_ref_15,PSBOX-A,CAR,Synthetic,0.03563496474916306,0.1997704219135722,BayesianRidge,BayesianRidge_1
1016,SI_ref_15,PSBOX-A,CAR,Synthetic,0.026325197069833068,0.1997704219135722,BayesianRidge,BayesianRidge_1
1018,SI_ref_15,PSBOX-A,CAR,Synthetic,0.034457194657534405,0.25122799996131306,BayesianRidge,BayesianRidge_1
1025,SI_ref_15,PSBOX-A,CAR,Synthetic,0.0497879777437964,0.1997704219135722,BayesianRidge,BayesianRidge_1
1040,SI_ref_15,PSBOX-A,PYR,Synthetic,0.5200236643843362,0.23823890862011032,BayesianRidge,BayesianRidge_1
1043,SI_ref_15,PSBOX-A,PYR,Synthetic,0.08786555053416333,0.2598644117848068,BayesianRidge,BayesianRidge_1
1050,SI_ref_15,PSBOX-A,PYR,Synthetic,0.48794917248977554,0.2598644117848068,BayesianRidge,BayesianRidge_1
1059,SI_ref_15,PSBOX-A,TEB,Synthetic,0.07277962857952934,0.25003342666792683,BayesianRidge,BayesianRidge_1
1061,SI_ref_15,PSBOX-A,TEB,Synthetic,0.5163778457532948,0.2716589298326233,BayesianRidge,BayesianRidge_1
1070,SI_ref_15,PSBOX-A,TEB,Synthetic,0.04527670142322688,0.25003342666792683,BayesianRidge,BayesianRidge_1
1101,SI_ref_17,Pristine SCG biochar,CBZ,Synthetic,0.9071468090110305,0.7520961345561511,BayesianRidge,BayesianRidge_1
1108,SI_ref_17,Pristine SCG biochar,CBZ,Synthetic,0.8967497590877974,0.8594333946655219,BayesianRidge,BayesianRidge_1
1113,SI_ref_17,Pristine SCG biochar,CBZ,Synthetic,0.9373850128799738,0.7520961345561511,BayesianRidge,BayesianRidge_1
1130,SI_ref_17,Pristine SCG biochar,EE2,Synthetic,0.817422791958414,0.8451562778511876,BayesianRidge,BayesianRidge_1
1137,SI_ref_17,Pristine SCG biochar,EE2,Synthetic,0.8257334628724249,0.7892765957895577,BayesianRidge,BayesianRidge_1
1139,SI_ref_17,Pristine SCG biochar,EE2,Synthetic,0.8269992896243368,0.7892765957895577,BayesianRidge,BayesianRidge_1
1141,SI_ref_17,Pristine SCG biochar,EE2,Synthetic,0.8244509213990222,0.7892765957895577,BayesianRidge,BayesianRidge_1
1142,SI_ref_17,Pristine SCG biochar,EE2,Synthetic,0.859538444436826,0.8966138558989285,BayesianRidge,BayesianRidge_1
1148,SI_ref_17,Pristine SCG biochar,EE2,Synthetic,0.823763814163292,0.8966138558989285,BayesianRidge,BayesianRidge_1
1157,SI_ref_17,Pristine SCG biochar,IBU,Synthetic,0.9060511140454979,0.9314438768545534,BayesianRidge,BayesianRidge_1
1159,SI_ref_17,Pristine SCG biochar,IBU,Synthetic,0.9004320791615827,0.9173308663930908,BayesianRidge,BayesianRidge_1
1161,SI_ref_17,Pristine SCG biochar,IBU,Synthetic,0.894961472244973,0.8946540461077312,BayesianRidge,BayesianRidge_1
1163,SI_ref_17,Pristine SCG biochar,IBU,Synthetic,0.8949151720794959,0.8802596816943739,BayesianRidge,BayesianRidge_1
1165,SI_ref_17,Pristine SCG biochar,IBU,Synthetic,0.892599829508416,0.8718250408179639,BayesianRidge,BayesianRidge_1
1167,SI_ref_17,Pristine SCG biochar,IBU,Synthetic,0.8914167516338777,0.8658365391849884,BayesianRidge,BayesianRidge_1
1169,SI_ref_17,Pristine SCG biochar,IBU,Synthetic,0.886841225533622,0.8598456311988409,BayesianRidge,BayesianRidge_1
1173,SI_ref_17,Pristine SCG biochar,IBU,Synthetic,0.9319085004678631,0.8513989627206849,BayesianRidge,BayesianRidge_1
1180,SI_ref_17,Pristine SCG biochar,IBU,Synthetic,0.9167234922708469,0.9587362228300558,BayesianRidge,BayesianRidge_1
1187,SI_ref_17,Pristine SCG biochar,IBU,Synthetic,0.9448963419259283,0.8513989627206849,BayesianRidge,BayesianRidge_1
1189,SI_ref_17,Pristine SCG biochar,IBU,Synthetic,0.9210277046979152,0.8513989627206849,BayesianRidge,BayesianRidge_1
1191,SI_ref_17,Pristine SCG biochar,IBU,Synthetic,0.9513456586569363,0.8513989627206849,BayesianRidge,BayesianRidge_1
1212,SI_ref_18,Pristine SCW Biochar,DCF,Secondary effluent,0.8964391711737753,1.016599989379967,BayesianRidge,BayesianRidge_1
1214,SI_ref_18,Pristine SCW Biochar,DCF,Lake water,0.9077130214504949,0.9818156963806726,BayesianRidge,BayesianRidge_1
1223,SI_ref_18,Pristine SCW Biochar,DCF,Secondary effluent,0.916228597953408,1.016599989379967,BayesianRidge,BayesianRidge_1
1225,SI_ref_18,Pristine SCW Biochar,DCF,Lake water,0.9209005359691885,1.007544485404543,BayesianRidge,BayesianRidge_1
1228,SI_ref_18,Pristine SCW Biochar,DCF,Lake water,0.918118398017722,1.007544485404543,BayesianRidge,BayesianRidge_1
1237,SI_ref_18,Pristine SCW Biochar,DCF,Lake water,0.9176779336906461,1.007544485404543,BayesianRidge,BayesianRidge_1
1238,SI_ref_18,Pristine SCW Biochar,DCF,Lake water,0.9153943997055312,1.007544485404543,BayesianRidge,BayesianRidge_1
1241,SI_ref_18,Pristine SCW Biochar,DCF,Lake water,0.9102639266700783,1.007544485404543,BayesianRidge,BayesianRidge_1
1246,SI_ref_18,Pristine SCW Biochar,DCF,Secondary effluent,0.9052859627037971,1.0423287784038375,BayesianRidge,BayesianRidge_1
1270,SI_ref_18,Pristine SCW Biochar,IBU,Secondary effluent,0.8874692330465712,1.0290815028367488,BayesianRidge,BayesianRidge_1
1279,SI_ref_18,Pristine SCW Biochar,IBU,Lake water,0.9204127206373283,1.0457547878851952,BayesianRidge,BayesianRidge_1
1285,SI_ref_18,Pristine SCW Biochar,IBU,Lake water,0.9175495400890653,1.0457547878851952,BayesianRidge,BayesianRidge_1
1289,SI_ref_18,Pristine SCW Biochar,IBU,Lake water,0.91141920930323,1.0457547878851952,BayesianRidge,BayesianRidge_1
1303,SI_ref_18,Pristine SCW Biochar,IBU,Secondary effluent,0.9145392250293353,1.1062678699083601,BayesianRidge,BayesianRidge_1
1305,SI_ref_18,Pristine SCW Biochar,IBU,Secondary effluent,0.8992133437264335,1.0548102918606193,BayesianRidge,BayesianRidge_1
1308,SI_ref_18,Pristine SCW Biochar,NPX,Lake water,0.9299082628630408,0.8718553015056173,BayesianRidge,BayesianRidge_1
1310,SI_ref_18,Pristine SCW Biochar,NPX,Lake water,0.9179731197519893,0.8577422910441547,BayesianRidge,BayesianRidge_1
1312,SI_ref_18,Pristine SCW Biochar,NPX,Lake water,0.9157588621166984,0.8434618555357752,BayesianRidge,BayesianRidge_1
1314,SI_ref_18,Pristine SCW Biochar,NPX,Lake water,0.9211177808704595,0.8290961501090481,BayesianRidge,BayesianRidge_1
1316,SI_ref_18,Pristine SCW Biochar,NPX,Lake water,0.9261251958543161,0.8146874115844203,BayesianRidge,BayesianRidge_1
1318,SI_ref_18,Pristine SCW Biochar,NPX,Lake water,0.9179250714018231,0.8062479638360521,BayesianRidge,BayesianRidge_1
1320,SI_ref_18,Pristine SCW Biochar,NPX,Lake water,0.9238791357631378,0.8002570558499048,BayesianRidge,BayesianRidge_1
1325,SI_ref_18,Pristine SCW Biochar,NPX,Secondary effluent,0.8954095327862793,0.7751371023233025,BayesianRidge,BayesianRidge_1
1328,SI_ref_18,Pristine SCW Biochar,NPX,Lake water,0.9239571578457322,0.7918103873717488,BayesianRidge,BayesianRidge_1
1330,SI_ref_18,Pristine SCW Biochar,NPX,Lake water,0.9241969522882365,0.7918103873717488,BayesianRidge,BayesianRidge_1
1337,SI_ref_18,Pristine SCW Biochar,NPX,Secondary effluent,0.9109852392346297,0.800865891347173,BayesianRidge,BayesianRidge_1
1346,SI_ref_18,Pristine SCW Biochar,NPX,Secondary effluent,0.9136165317560039,0.800865891347173,BayesianRidge,BayesianRidge_1
1347,SI_ref_18,Pristine SCW Biochar,NPX,Secondary effluent,0.9038576927569927,0.800865891347173,BayesianRidge,BayesianRidge_1
16,SI_ref_19,AMCB,IBU,Ground water,0.029204625724030753,0.276462537456192,CatBoost,CatBoost_2
25,SI_ref_19,AMCB,IBU,Lake water,0.3473743729830984,0.3494020255127926,CatBoost,CatBoost_2
34,SI_ref_19,AMCB,IBU,Ground water,0.303030777614079,0.29029507485491773,CatBoost,CatBoost_2
36,SI_ref_19,AMCB,IBU,Ground water,0.41496556078686897,0.3658432352806967,CatBoost,CatBoost_2
44,SI_ref_19,AMCB,IBU,Ground water,0.5024496962602676,0.344889245506173,CatBoost,CatBoost_2
48,SI_ref_19,AMCB,IBU,Ground water,0.03338351934448727,0.258980821977968,CatBoost,CatBoost_2
55,SI_ref_19,AMCB,IBU,Lake water,0.34535416691700616,0.3475546002153419,CatBoost,CatBoost_2
64,SI_ref_19,AMCB,IBU,Ground water,0.3258728934993643,0.29342425227228547,CatBoost,CatBoost_2
66,SI_ref_19,AMCB,IBU,Ground water,0.4885549946229274,0.3596356447944313,CatBoost,CatBoost_2
74,SI_ref_19,AMCB,IBU,Ground water,0.5226317382792791,0.3407920543493107,CatBoost,CatBoost_2
78,SI_ref_19,AMCB,IBU,Ground water,0.025848755777109534,0.26342559047660635,CatBoost,CatBoost_2
85,SI_ref_19,AMCB,IBU,Lake water,0.32220691257344963,0.338166247814646,CatBoost,CatBoost_2
94,SI_ref_19,AMCB,IBU,Ground water,0.3191737471997417,0.31050858450517255,CatBoost,CatBoost_2
96,SI_ref_19,AMCB,IBU,Ground water,0.45590621693388655,0.39368303153153583,CatBoost,CatBoost_2
106,SI_ref_19,AMCB,IBU,Ground water,0.3644459510905023,0.44860046690335975,CatBoost,CatBoost_2
112,SI_ref_19,AMCB,IBU,Ground water,0.5464029950150356,0.39332405289345795,CatBoost,CatBoost_2
140,SI_ref_17,Alkali-modified SCG biochars,CBZ,Synthetic,0.006132526431344026,0.16465903768763424,CatBoost,CatBoost_2
146,SI_ref_17,Alkali-modified SCG biochars,CBZ,Synthetic,0.6777397154224275,0.34006376529320637,CatBoost,CatBoost_2
151,SI_ref_17,Alkali-modified SCG biochars,CBZ,Synthetic,0.4516798693491866,0.16465903768763424,CatBoost,CatBoost_2
168,SI_ref_17,Alkali-modified SCG biochars,EE2,Synthetic,0.0796235147045166,0.18411244859093479,CatBoost,CatBoost_2
176,SI_ref_17,Alkali-modified SCG biochars,EE2,Synthetic,0.07754174693450858,0.3526926377011722,CatBoost,CatBoost_2
181,SI_ref_17,Alkali-modified SCG biochars,EE2,Synthetic,0.7086029202646077,0.3526926377011722,CatBoost,CatBoost_2
190,SI_ref_17,Alkali-modified SCG biochars,IBU,Synthetic,0.22674008618295227,0.44476594309615003,CatBoost,CatBoost_2
192,SI_ref_17,Alkali-modified SCG biochars,IBU,Synthetic,0.18762987622773672,0.41601847228053923,CatBoost,CatBoost_2
194,SI_ref_17,Alkali-modified SCG biochars,IBU,Synthetic,0.0964989432139522,0.3186199324796498,CatBoost,CatBoost_2
196,SI_ref_17,Alkali-modified SCG biochars,IBU,Synthetic,0.056403766337859394,0.3012484132443336,CatBoost,CatBoost_2
198,SI_ref_17,Alkali-modified SCG biochars,IBU,Synthetic,0.04365646649895644,0.2879858261237544,CatBoost,CatBoost_2
200,SI_ref_17,Alkali-modified SCG biochars,IBU,Synthetic,0.05275302685215311,0.2820183636455812,CatBoost,CatBoost_2
202,SI_ref_17,Alkali-modified SCG biochars,IBU,Synthetic,0.051463060103218494,0.28100678780204214,CatBoost,CatBoost_2
206,SI_ref_17,Alkali-modified SCG biochars,IBU,Synthetic,0.05901922048526246,0.28314114430479875,CatBoost,CatBoost_2
213,SI_ref_17,Alkali-modified SCG biochars,IBU,Synthetic,0.33928547446435453,0.4007222038806667,CatBoost,CatBoost_2
220,SI_ref_17,Alkali-modified SCG biochars,IBU,Synthetic,0.004839210099114782,0.28314114430479875,CatBoost,CatBoost_2
222,SI_ref_17,Alkali-modified SCG biochars,IBU,Synthetic,0.04374442489311713,0.28314114430479875,CatBoost,CatBoost_2
224,SI_ref_17,Alkali-modified SCG biochars,IBU,Synthetic,0.2945083196339574,0.28314114430479875,CatBoost,CatBoost_2
229,SI_ref_16,C-Biochar,ATE,Synthetic,0.8511111111111113,0.6544593805517102,CatBoost,CatBoost_2
231,SI_ref_16,C-Biochar,ATE,Synthetic,0.7400000000000001,0.774778545209698,CatBoost,CatBoost_2
235,SI_ref_16,C-Biochar,ATE,Synthetic,0.8511111111111113,0.7730960976053306,CatBoost,CatBoost_2
238,SI_ref_16,C-Biochar,ATE,Synthetic,0.6733333333333335,0.7364651767880337,CatBoost,CatBoost_2
250,SI_ref_16,C-Biochar,CBZ,Synthetic,0.4840388007054674,0.5750924371273644,CatBoost,CatBoost_2
251,SI_ref_16,C-Biochar,CBZ,Synthetic,0.5325396825396824,0.5750924371273644,CatBoost,CatBoost_2
252,SI_ref_16,C-Biochar,CBZ,Synthetic,0.4258377425044091,0.5750924371273644,CatBoost,CatBoost_2
258,SI_ref_16,C-Biochar,CBZ,Synthetic,0.4990079365079365,0.5750924371273644,CatBoost,CatBoost_2
264,SI_ref_16,C-Biochar,IBU,Synthetic,0.7333333333333333,0.5898776037625072,CatBoost,CatBoost_2
266,SI_ref_16,C-Biochar,IBU,Synthetic,0.6121212121212122,0.6672306346098745,CatBoost,CatBoost_2
271,SI_ref_16,C-Biochar,IBU,Synthetic,0.6000000000000001,0.6672306346098745,CatBoost,CatBoost_2
277,SI_ref_16,C-Biochar,IBU,Synthetic,0.7844444444444444,0.6672306346098745,CatBoost,CatBoost_2
278,SI_ref_16,C-Biochar,IBU,Synthetic,0.8430555555555557,0.6672306346098745,CatBoost,CatBoost_2
279,SI_ref_16,C-Biochar,IBU,Synthetic,0.861111111111111,0.6672306346098745,CatBoost,CatBoost_2
296,SI_ref_19,CB,IBU,Ground water,0.9945207101387852,0.9460603168198112,CatBoost,CatBoost_2
303,SI_ref_19,CB,IBU,Lake water,0.9505925590656487,0.9501714356107424,CatBoost,CatBoost_2
314,SI_ref_19,CB,IBU,Ground water,0.917590560186213,0.9277992530086385,CatBoost,CatBoost_2
316,SI_ref_19,CB,IBU,Ground water,0.9236132062907854,0.941035929032722,CatBoost,CatBoost_2
320,SI_ref_19,CB,IBU,Ground water,0.9303445651202417,0.9460603168198112,CatBoost,CatBoost_2
328,SI_ref_19,CB,IBU,Ground water,0.9241489703794897,0.9343001198987612,CatBoost,CatBoost_2
340,SI_ref_14,GCRB,ALA,Synthetic,0.9700055250053173,0.9494724804032744,CatBoost,CatBoost_2
361,SI_ref_14,GCRB,DIU,Synthetic,0.9291396445453227,0.8693636752548984,CatBoost,CatBoost_2
363,SI_ref_14,GCRB,DIU,Synthetic,0.9527369648004039,0.9440646239471686,CatBoost,CatBoost_2
365,SI_ref_14,GCRB,DIU,Synthetic,0.9265327424413893,0.9440646239471686,CatBoost,CatBoost_2
367,SI_ref_14,GCRB,DIU,Synthetic,0.9238760352548926,0.9440646239471686,CatBoost,CatBoost_2
369,SI_ref_14,GCRB,DIU,Synthetic,0.9147016410628197,0.934345646918378,CatBoost,CatBoost_2
374,SI_ref_14,GCRB,DIU,Synthetic,1.0082496176169822,0.9440646239471686,CatBoost,CatBoost_2
390,SI_ref_14,GCRB,SIM,Synthetic,0.9757367710073495,0.9627933770302719,CatBoost,CatBoost_2
406,SI_ref_14,GCRB-N,ALA,Synthetic,0.4281694326598611,0.4834447502787258,CatBoost,CatBoost_2
446,SI_ref_14,GCRB-N,DIU,Synthetic,0.2075726875081201,0.24924488826637797,CatBoost,CatBoost_2
448,SI_ref_14,GCRB-N,DIU,Synthetic,0.1819381767074788,0.30251811846661797,CatBoost,CatBoost_2
450,SI_ref_14,GCRB-N,DIU,Synthetic,0.1736169508150928,0.2777920679662168,CatBoost,CatBoost_2
453,SI_ref_14,GCRB-N,DIU,Synthetic,0.1683505359330984,0.3112639435931403,CatBoost,CatBoost_2
456,SI_ref_14,GCRB-N,DIU,Synthetic,0.1402528461142079,0.3442466896026845,CatBoost,CatBoost_2
459,SI_ref_14,GCRB-N,DIU,Synthetic,0.6455190877003087,0.3442466896026845,CatBoost,CatBoost_2
460,SI_ref_14,GCRB-N,DIU,Synthetic,0.12138562309836234,0.3664794510503945,CatBoost,CatBoost_2
462,SI_ref_14,GCRB-N,DIU,Synthetic,0.16773925939532233,0.3560712761636003,CatBoost,CatBoost_2
465,SI_ref_14,GCRB-N,DIU,Synthetic,0.1405827183894587,0.354818912556048,CatBoost,CatBoost_2
468,SI_ref_14,GCRB-N,DIU,Synthetic,0.6564705601884918,0.3543050723359963,CatBoost,CatBoost_2
469,SI_ref_14,GCRB-N,DIU,Synthetic,0.12617131727344172,0.37333277404861787,CatBoost,CatBoost_2
471,SI_ref_14,GCRB-N,DIU,Synthetic,0.1676281074261493,0.371711843314844,CatBoost,CatBoost_2
474,SI_ref_14,GCRB-N,DIU,Synthetic,0.14041778225183332,0.3843241486820954,CatBoost,CatBoost_2
477,SI_ref_14,GCRB-N,DIU,Synthetic,0.6413243626564091,0.3408291049411547,CatBoost,CatBoost_2
478,SI_ref_14,GCRB-N,DIU,Synthetic,0.12377847018590202,0.47974158476024004,CatBoost,CatBoost_2
490,SI_ref_14,GCRB-N,SIM,Synthetic,0.38105997172266487,0.5392898950143387,CatBoost,CatBoost_2
537,SI_ref_19,MCB,IBU,Ground water,0.9902068659306948,0.9149239686006629,CatBoost,CatBoost_2
546,SI_ref_19,MCB,IBU,Lake water,0.9468798357239083,0.9308887429407287,CatBoost,CatBoost_2
555,SI_ref_19,MCB,IBU,Ground water,0.910886274193223,0.9070585001495034,CatBoost,CatBoost_2
561,SI_ref_19,MCB,IBU,Ground water,0.9227697266379059,0.9323841917139912,CatBoost,CatBoost_2
565,SI_ref_19,MCB,IBU,Ground water,0.9254612605703445,0.9339411131555663,CatBoost,CatBoost_2
573,SI_ref_19,MCB,IBU,Ground water,0.9222883610163676,0.9184675194711538,CatBoost,CatBoost_2
577,SI_ref_19,MCB,IBU,Ground water,0.9896236049163454,0.946297121066231,CatBoost,CatBoost_2
584,SI_ref_19,MCB,IBU,Lake water,0.9474280457633885,0.9525859483456038,CatBoost,CatBoost_2
593,SI_ref_19,MCB,IBU,Ground water,0.911624129649438,0.9091779759517833,CatBoost,CatBoost_2
595,SI_ref_19,MCB,IBU,Ground water,0.9248851497651674,0.9346354523699526,CatBoost,CatBoost_2
603,SI_ref_19,MCB,IBU,Ground water,0.920786534541565,0.918502703392629,CatBoost,CatBoost_2
607,SI_ref_19,MCB,IBU,Ground water,0.9861765121394982,0.9485631704552648,CatBoost,CatBoost_2
614,SI_ref_19,MCB,IBU,Lake water,0.9465039927474991,0.9549080945392958,CatBoost,CatBoost_2
623,SI_ref_19,MCB,IBU,Ground water,0.9103224686673798,0.9115305752930252,CatBoost,CatBoost_2
625,SI_ref_19,MCB,IBU,Ground water,0.9258221154816445,0.9515721393862513,CatBoost,CatBoost_2
633,SI_ref_19,MCB,IBU,Ground water,0.9216175906678238,0.937207354456695,CatBoost,CatBoost_2
653,SI_ref_18,NaOH-activated SCW biochars,DCF,Lake water,0.060393710525153486,0.5361433771655949,CatBoost,CatBoost_2
654,SI_ref_18,NaOH-activated SCW biochars,DCF,Secondary effluent,0.1736813951376961,0.5638073538957228,CatBoost,CatBoost_2
657,SI_ref_18,NaOH-activated SCW biochars,DCF,Lake water,0.4098052873550469,0.435535983960915,CatBoost,CatBoost_2
666,SI_ref_18,NaOH-activated SCW biochars,DCF,Secondary effluent,0.6160844980694858,0.5638073538957228,CatBoost,CatBoost_2
668,SI_ref_18,NaOH-activated SCW biochars,DCF,Lake water,0.5638671837826676,0.5361433771655949,CatBoost,CatBoost_2
671,SI_ref_18,NaOH-activated SCW biochars,DCF,Lake water,0.5111881637893111,0.5361433771655949,CatBoost,CatBoost_2
680,SI_ref_18,NaOH-activated SCW biochars,DCF,Lake water,0.5451956691534918,0.5361433771655949,CatBoost,CatBoost_2
681,SI_ref_18,NaOH-activated SCW biochars,DCF,Lake water,0.5155236787057735,0.5361433771655949,CatBoost,CatBoost_2
684,SI_ref_18,NaOH-activated SCW biochars,DCF,Lake water,0.5054530420964745,0.5361433771655949,CatBoost,CatBoost_2
689,SI_ref_18,NaOH-activated SCW biochars,DCF,Secondary effluent,0.6862219778123194,0.5949284134803042,CatBoost,CatBoost_2
717,SI_ref_18,NaOH-activated SCW biochars,IBU,Secondary effluent,0.5431517029603264,0.4955463857208017,CatBoost,CatBoost_2
726,SI_ref_18,NaOH-activated SCW biochars,IBU,Lake water,0.6298354173553987,0.5788440330226702,CatBoost,CatBoost_2
732,SI_ref_18,NaOH-activated SCW biochars,IBU,Lake water,0.6159420233488258,0.5788440330226702,CatBoost,CatBoost_2
736,SI_ref_18,NaOH-activated SCW biochars,IBU,Lake water,0.6281995086504742,0.5788440330226702,CatBoost,CatBoost_2
750,SI_ref_18,NaOH-activated SCW biochars,IBU,Secondary effluent,0.811827151849907,0.6685563947384584,CatBoost,CatBoost_2
751,SI_ref_18,NaOH-activated SCW biochars,IBU,Lake water,0.6869669848084122,0.5788440330226702,CatBoost,CatBoost_2
754,SI_ref_18,NaOH-activated SCW biochars,IBU,Secondary effluent,0.7786423949758233,0.6060793652524405,CatBoost,CatBoost_2
757,SI_ref_18,NaOH-activated SCW biochars,NPX,Lake water,0.20620314882650506,0.35870230323629804,CatBoost,CatBoost_2
759,SI_ref_18,NaOH-activated SCW biochars,NPX,Lake water,0.23676500653660967,0.3505937203230033,CatBoost,CatBoost_2
761,SI_ref_18,NaOH-activated SCW biochars,NPX,Lake water,0.21090148006849843,0.29104901858003085,CatBoost,CatBoost_2
763,SI_ref_18,NaOH-activated SCW biochars,NPX,Lake water,0.14381242837395034,0.20734935330396742,CatBoost,CatBoost_2
765,SI_ref_18,NaOH-activated SCW biochars,NPX,Lake water,0.049549349058709447,0.153124730645389,CatBoost,CatBoost_2
767,SI_ref_18,NaOH-activated SCW biochars,NPX,Lake water,0.0742796412273446,0.14044299729950388,CatBoost,CatBoost_2
769,SI_ref_18,NaOH-activated SCW biochars,NPX,Lake water,0.041917196066405205,0.13943142145596482,CatBoost,CatBoost_2
773,SI_ref_18,NaOH-activated SCW biochars,NPX,Lake water,0.02383921541973232,0.10935677276003619,CatBoost,CatBoost_2
776,SI_ref_18,NaOH-activated SCW biochars,NPX,Secondary effluent,0.048092629555703405,0.07981079501090604,CatBoost,CatBoost_2
779,SI_ref_18,NaOH-activated SCW biochars,NPX,Lake water,0.0651330447328621,0.10935677276003619,CatBoost,CatBoost_2
781,SI_ref_18,NaOH-activated SCW biochars,NPX,Lake water,0.04234525136924403,0.10935677276003619,CatBoost,CatBoost_2
788,SI_ref_18,NaOH-activated SCW biochars,NPX,Secondary effluent,0.09141898602740345,0.14030827836674853,CatBoost,CatBoost_2
798,SI_ref_18,NaOH-activated SCW biochars,NPX,Secondary effluent,0.15082313311850198,0.14030827836674853,CatBoost,CatBoost_2
800,SI_ref_18,NaOH-activated SCW biochars,NPX,Secondary effluent,0.24701864815812044,0.14030827836674853,CatBoost,CatBoost_2
871,SI_ref_13,PB600,CBZ,Synthetic,0.6953242835595775,0.47746156938768813,CatBoost,CatBoost_2
881,SI_ref_13,PB600,IBU,Synthetic,0.2096102913356035,0.5928311776025418,CatBoost,CatBoost_2
918,SI_ref_13,PB800,CBZ,Synthetic,0.30905619203491547,0.24498247726964129,CatBoost,CatBoost_2
928,SI_ref_13,PB800,IBU,Synthetic,0.23013048635824437,0.39213354568416575,CatBoost,CatBoost_2
954,SI_ref_15,PSB,CAR,Synthetic,0.9395494569882223,0.912036464890488,CatBoost,CatBoost_2
955,SI_ref_15,PSB,CAR,Synthetic,0.9231398092867221,0.912036464890488,CatBoost,CatBoost_2
957,SI_ref_15,PSB,CAR,Synthetic,0.9436310458092197,0.9230490660859072,CatBoost,CatBoost_2
964,SI_ref_15,PSB,CAR,Synthetic,0.9383522096618221,0.912036464890488,CatBoost,CatBoost_2
978,SI_ref_15,PSB,PYR,Synthetic,0.919631586959635,0.9156365258108403,CatBoost,CatBoost_2
985,SI_ref_15,PSB,PYR,Synthetic,0.9775942152304119,0.9156365258108403,CatBoost,CatBoost_2
994,SI_ref_15,PSB,TEB,Synthetic,0.9362126098667423,0.9142688617784342,CatBoost,CatBoost_2
1000,SI_ref_15,PSB,TEB,Synthetic,0.8714762044822667,0.9142688617784342,CatBoost,CatBoost_2
1015,SI_ref_15,PSBOX-A,CAR,Synthetic,0.03563496474916306,0.1500333307021195,CatBoost,CatBoost_2
1016,SI_ref_15,PSBOX-A,CAR,Synthetic,0.026325197069833068,0.1500333307021195,CatBoost,CatBoost_2
1018,SI_ref_15,PSBOX-A,CAR,Synthetic,0.034457194657534405,0.2992082578914534,CatBoost,CatBoost_2
1025,SI_ref_15,PSBOX-A,CAR,Synthetic,0.0497879777437964,0.1500333307021195,CatBoost,CatBoost_2
1040,SI_ref_15,PSBOX-A,PYR,Synthetic,0.5200236643843362,0.22475636921773967,CatBoost,CatBoost_2
1043,SI_ref_15,PSBOX-A,PYR,Synthetic,0.08786555053416333,0.208730676518797,CatBoost,CatBoost_2
1050,SI_ref_15,PSBOX-A,PYR,Synthetic,0.48794917248977554,0.208730676518797,CatBoost,CatBoost_2
1059,SI_ref_15,PSBOX-A,TEB,Synthetic,0.07277962857952934,0.20619867042523055,CatBoost,CatBoost_2
1061,SI_ref_15,PSBOX-A,TEB,Synthetic,0.5163778457532948,0.2498608881994025,CatBoost,CatBoost_2
1070,SI_ref_15,PSBOX-A,TEB,Synthetic,0.04527670142322688,0.20619867042523055,CatBoost,CatBoost_2
1101,SI_ref_17,Pristine SCG biochar,CBZ,Synthetic,0.9071468090110305,0.9061874488154475,CatBoost,CatBoost_2
1108,SI_ref_17,Pristine SCG biochar,CBZ,Synthetic,0.8967497590877974,0.8996488700480114,CatBoost,CatBoost_2
1113,SI_ref_17,Pristine SCG biochar,CBZ,Synthetic,0.9373850128799738,0.9061874488154475,CatBoost,CatBoost_2
1130,SI_ref_17,Pristine SCG biochar,EE2,Synthetic,0.817422791958414,0.8086978275627695,CatBoost,CatBoost_2
1137,SI_ref_17,Pristine SCG biochar,EE2,Synthetic,0.8257334628724249,0.8905888704295886,CatBoost,CatBoost_2
1139,SI_ref_17,Pristine SCG biochar,EE2,Synthetic,0.8269992896243368,0.8905888704295886,CatBoost,CatBoost_2
1141,SI_ref_17,Pristine SCG biochar,EE2,Synthetic,0.8244509213990222,0.8905888704295886,CatBoost,CatBoost_2
1142,SI_ref_17,Pristine SCG biochar,EE2,Synthetic,0.859538444436826,0.875089624524968,CatBoost,CatBoost_2
1148,SI_ref_17,Pristine SCG biochar,EE2,Synthetic,0.823763814163292,0.875089624524968,CatBoost,CatBoost_2
1157,SI_ref_17,Pristine SCG biochar,IBU,Synthetic,0.9060511140454979,0.9550695617131644,CatBoost,CatBoost_2
1159,SI_ref_17,Pristine SCG biochar,IBU,Synthetic,0.9004320791615827,0.9478676740240798,CatBoost,CatBoost_2
1161,SI_ref_17,Pristine SCG biochar,IBU,Synthetic,0.894961472244973,0.9376337955353787,CatBoost,CatBoost_2
1163,SI_ref_17,Pristine SCG biochar,IBU,Synthetic,0.8949151720794959,0.92815589452384,CatBoost,CatBoost_2
1165,SI_ref_17,Pristine SCG biochar,IBU,Synthetic,0.892599829508416,0.9255941513719528,CatBoost,CatBoost_2
1167,SI_ref_17,Pristine SCG biochar,IBU,Synthetic,0.8914167516338777,0.9259655388512413,CatBoost,CatBoost_2
1169,SI_ref_17,Pristine SCG biochar,IBU,Synthetic,0.886841225533622,0.9262367962322786,CatBoost,CatBoost_2
1173,SI_ref_17,Pristine SCG biochar,IBU,Synthetic,0.9319085004678631,0.9249802684602317,CatBoost,CatBoost_2
1180,SI_ref_17,Pristine SCG biochar,IBU,Synthetic,0.9167234922708469,0.9105564109921462,CatBoost,CatBoost_2
1187,SI_ref_17,Pristine SCG biochar,IBU,Synthetic,0.9448963419259283,0.9249802684602317,CatBoost,CatBoost_2
1189,SI_ref_17,Pristine SCG biochar,IBU,Synthetic,0.9210277046979152,0.9249802684602317,CatBoost,CatBoost_2
1191,SI_ref_17,Pristine SCG biochar,IBU,Synthetic,0.9513456586569363,0.9249802684602317,CatBoost,CatBoost_2
1212,SI_ref_18,Pristine SCW Biochar,DCF,Secondary effluent,0.8964391711737753,0.9140296864219486,CatBoost,CatBoost_2
1214,SI_ref_18,Pristine SCW Biochar,DCF,Lake water,0.9077130214504949,0.8933057512570182,CatBoost,CatBoost_2
1223,SI_ref_18,Pristine SCW Biochar,DCF,Secondary effluent,0.916228597953408,0.9140296864219486,CatBoost,CatBoost_2
1225,SI_ref_18,Pristine SCW Biochar,DCF,Lake water,0.9209005359691885,0.9212327528158923,CatBoost,CatBoost_2
1228,SI_ref_18,Pristine SCW Biochar,DCF,Lake water,0.918118398017722,0.9212327528158923,CatBoost,CatBoost_2
1237,SI_ref_18,Pristine SCW Biochar,DCF,Lake water,0.9176779336906461,0.9212327528158923,CatBoost,CatBoost_2
1238,SI_ref_18,Pristine SCW Biochar,DCF,Lake water,0.9153943997055312,0.9212327528158923,CatBoost,CatBoost_2
1241,SI_ref_18,Pristine SCW Biochar,DCF,Lake water,0.9102639266700783,0.9212327528158923,CatBoost,CatBoost_2
1246,SI_ref_18,Pristine SCW Biochar,DCF,Secondary effluent,0.9052859627037971,0.9211311584073074,CatBoost,CatBoost_2
1270,SI_ref_18,Pristine SCW Biochar,IBU,Secondary effluent,0.8874692330465712,0.8775702266908768,CatBoost,CatBoost_2
1279,SI_ref_18,Pristine SCW Biochar,IBU,Lake water,0.9204127206373283,0.9238181393843511,CatBoost,CatBoost_2
1285,SI_ref_18,Pristine SCW Biochar,IBU,Lake water,0.9175495400890653,0.9238181393843511,CatBoost,CatBoost_2
1289,SI_ref_18,Pristine SCW Biochar,IBU,Lake water,0.91141920930323,0.9238181393843511,CatBoost,CatBoost_2
1303,SI_ref_18,Pristine SCW Biochar,IBU,Secondary effluent,0.9145392250293353,0.9251292477986421,CatBoost,CatBoost_2
1305,SI_ref_18,Pristine SCW Biochar,IBU,Secondary effluent,0.8992133437264335,0.9161543178017592,CatBoost,CatBoost_2
1308,SI_ref_18,Pristine SCW Biochar,NPX,Lake water,0.9299082628630408,0.9345711590678265,CatBoost,CatBoost_2
1310,SI_ref_18,Pristine SCW Biochar,NPX,Lake water,0.9179731197519893,0.9281993402552808,CatBoost,CatBoost_2
1312,SI_ref_18,Pristine SCW Biochar,NPX,Lake water,0.9157588621166984,0.9175375583228969,CatBoost,CatBoost_2
1314,SI_ref_18,Pristine SCW Biochar,NPX,Lake water,0.9211177808704595,0.9141041684835857,CatBoost,CatBoost_2
1316,SI_ref_18,Pristine SCW Biochar,NPX,Lake water,0.9261251958543161,0.9151224414640173,CatBoost,CatBoost_2
1318,SI_ref_18,Pristine SCW Biochar,NPX,Lake water,0.9179250714018231,0.9137195337051249,CatBoost,CatBoost_2
1320,SI_ref_18,Pristine SCW Biochar,NPX,Lake water,0.9238791357631378,0.9139907910861622,CatBoost,CatBoost_2
1325,SI_ref_18,Pristine SCW Biochar,NPX,Secondary effluent,0.8954095327862793,0.8840928507012846,CatBoost,CatBoost_2
1328,SI_ref_18,Pristine SCW Biochar,NPX,Lake water,0.9239571578457322,0.9187229376617547,CatBoost,CatBoost_2
1330,SI_ref_18,Pristine SCW Biochar,NPX,Lake water,0.9241969522882365,0.9187229376617547,CatBoost,CatBoost_2
1337,SI_ref_18,Pristine SCW Biochar,NPX,Secondary effluent,0.9109852392346297,0.9117811491728567,CatBoost,CatBoost_2
1346,SI_ref_18,Pristine SCW Biochar,NPX,Secondary effluent,0.9136165317560039,0.9117811491728567,CatBoost,CatBoost_2
1347,SI_ref_18,Pristine SCW Biochar,NPX,Secondary effluent,0.9038576927569927,0.9117811491728567,CatBoost,CatBoost_2
16,SI_ref_19,AMCB,IBU,Ground water,0.029204625724030753,0.2603282744871391,DecisionTree,DecisionTree_2
25,SI_ref_19,AMCB,IBU,Lake water,0.3473743729830984,0.3818448601175261,DecisionTree,DecisionTree_2
34,SI_ref_19,AMCB,IBU,Ground water,0.303030777614079,0.2603282744871391,DecisionTree,DecisionTree_2
36,SI_ref_19,AMCB,IBU,Ground water,0.41496556078686897,0.2603282744871391,DecisionTree,DecisionTree_2
44,SI_ref_19,AMCB,IBU,Ground water,0.5024496962602676,0.2603282744871391,DecisionTree,DecisionTree_2
48,SI_ref_19,AMCB,IBU,Ground water,0.03338351934448727,0.2603282744871391,DecisionTree,DecisionTree_2
55,SI_ref_19,AMCB,IBU,Lake water,0.34535416691700616,0.3818448601175261,DecisionTree,DecisionTree_2
64,SI_ref_19,AMCB,IBU,Ground water,0.3258728934993643,0.2603282744871391,DecisionTree,DecisionTree_2
66,SI_ref_19,AMCB,IBU,Ground water,0.4885549946229274,0.2603282744871391,DecisionTree,DecisionTree_2
74,SI_ref_19,AMCB,IBU,Ground water,0.5226317382792791,0.2603282744871391,DecisionTree,DecisionTree_2
78,SI_ref_19,AMCB,IBU,Ground water,0.025848755777109534,0.2603282744871391,DecisionTree,DecisionTree_2
85,SI_ref_19,AMCB,IBU,Lake water,0.32220691257344963,0.3818448601175261,DecisionTree,DecisionTree_2
94,SI_ref_19,AMCB,IBU,Ground water,0.3191737471997417,0.3852692885577536,DecisionTree,DecisionTree_2
96,SI_ref_19,AMCB,IBU,Ground water,0.45590621693388655,0.3852692885577536,DecisionTree,DecisionTree_2
106,SI_ref_19,AMCB,IBU,Ground water,0.3644459510905023,0.3852692885577536,DecisionTree,DecisionTree_2
112,SI_ref_19,AMCB,IBU,Ground water,0.5464029950150356,0.3852692885577536,DecisionTree,DecisionTree_2
140,SI_ref_17,Alkali-modified SCG biochars,CBZ,Synthetic,0.006132526431344026,0.20605762208586656,DecisionTree,DecisionTree_2
146,SI_ref_17,Alkali-modified SCG biochars,CBZ,Synthetic,0.6777397154224275,0.3848772413934176,DecisionTree,DecisionTree_2
151,SI_ref_17,Alkali-modified SCG biochars,CBZ,Synthetic,0.4516798693491866,0.20605762208586656,DecisionTree,DecisionTree_2
168,SI_ref_17,Alkali-modified SCG biochars,EE2,Synthetic,0.0796235147045166,0.3739736918644351,DecisionTree,DecisionTree_2
176,SI_ref_17,Alkali-modified SCG biochars,EE2,Synthetic,0.07754174693450858,0.3739736918644351,DecisionTree,DecisionTree_2
181,SI_ref_17,Alkali-modified SCG biochars,EE2,Synthetic,0.7086029202646077,0.3739736918644351,DecisionTree,DecisionTree_2
190,SI_ref_17,Alkali-modified SCG biochars,IBU,Synthetic,0.22674008618295227,0.6078102857923424,DecisionTree,DecisionTree_2
192,SI_ref_17,Alkali-modified SCG biochars,IBU,Synthetic,0.18762987622773672,0.5266108026389641,DecisionTree,DecisionTree_2
194,SI_ref_17,Alkali-modified SCG biochars,IBU,Synthetic,0.0964989432139522,0.3818448601175261,DecisionTree,DecisionTree_2
196,SI_ref_17,Alkali-modified SCG biochars,IBU,Synthetic,0.056403766337859394,0.3818448601175261,DecisionTree,DecisionTree_2
198,SI_ref_17,Alkali-modified SCG biochars,IBU,Synthetic,0.04365646649895644,0.3818448601175261,DecisionTree,DecisionTree_2
200,SI_ref_17,Alkali-modified SCG biochars,IBU,Synthetic,0.05275302685215311,0.3818448601175261,DecisionTree,DecisionTree_2
202,SI_ref_17,Alkali-modified SCG biochars,IBU,Synthetic,0.051463060103218494,0.3818448601175261,DecisionTree,DecisionTree_2
206,SI_ref_17,Alkali-modified SCG biochars,IBU,Synthetic,0.05901922048526246,0.3818448601175261,DecisionTree,DecisionTree_2
213,SI_ref_17,Alkali-modified SCG biochars,IBU,Synthetic,0.33928547446435453,0.3818448601175261,DecisionTree,DecisionTree_2
220,SI_ref_17,Alkali-modified SCG biochars,IBU,Synthetic,0.004839210099114782,0.3818448601175261,DecisionTree,DecisionTree_2
222,SI_ref_17,Alkali-modified SCG biochars,IBU,Synthetic,0.04374442489311713,0.3818448601175261,DecisionTree,DecisionTree_2
224,SI_ref_17,Alkali-modified SCG biochars,IBU,Synthetic,0.2945083196339574,0.3818448601175261,DecisionTree,DecisionTree_2
229,SI_ref_16,C-Biochar,ATE,Synthetic,0.8511111111111113,0.7854732798066131,DecisionTree,DecisionTree_2
231,SI_ref_16,C-Biochar,ATE,Synthetic,0.7400000000000001,0.7854732798066131,DecisionTree,DecisionTree_2
235,SI_ref_16,C-Biochar,ATE,Synthetic,0.8511111111111113,0.7854732798066131,DecisionTree,DecisionTree_2
238,SI_ref_16,C-Biochar,ATE,Synthetic,0.6733333333333335,0.7854732798066131,DecisionTree,DecisionTree_2
250,SI_ref_16,C-Biochar,CBZ,Synthetic,0.4840388007054674,0.5532569089860757,DecisionTree,DecisionTree_2
251,SI_ref_16,C-Biochar,CBZ,Synthetic,0.5325396825396824,0.5532569089860757,DecisionTree,DecisionTree_2
252,SI_ref_16,C-Biochar,CBZ,Synthetic,0.4258377425044091,0.5532569089860757,DecisionTree,DecisionTree_2
258,SI_ref_16,C-Biochar,CBZ,Synthetic,0.4990079365079365,0.5532569089860757,DecisionTree,DecisionTree_2
264,SI_ref_16,C-Biochar,IBU,Synthetic,0.7333333333333333,0.6287878787878789,DecisionTree,DecisionTree_2
266,SI_ref_16,C-Biochar,IBU,Synthetic,0.6121212121212122,0.6287878787878789,DecisionTree,DecisionTree_2
271,SI_ref_16,C-Biochar,IBU,Synthetic,0.6000000000000001,0.6287878787878789,DecisionTree,DecisionTree_2
277,SI_ref_16,C-Biochar,IBU,Synthetic,0.7844444444444444,0.6287878787878789,DecisionTree,DecisionTree_2
278,SI_ref_16,C-Biochar,IBU,Synthetic,0.8430555555555557,0.6287878787878789,DecisionTree,DecisionTree_2
279,SI_ref_16,C-Biochar,IBU,Synthetic,0.861111111111111,0.6287878787878789,DecisionTree,DecisionTree_2
296,SI_ref_19,CB,IBU,Ground water,0.9945207101387852,0.938457702577771,DecisionTree,DecisionTree_2
303,SI_ref_19,CB,IBU,Lake water,0.9505925590656487,0.938457702577771,DecisionTree,DecisionTree_2
314,SI_ref_19,CB,IBU,Ground water,0.917590560186213,0.9214811890857625,DecisionTree,DecisionTree_2
316,SI_ref_19,CB,IBU,Ground water,0.9236132062907854,0.9214811890857625,DecisionTree,DecisionTree_2
320,SI_ref_19,CB,IBU,Ground water,0.9303445651202417,0.938457702577771,DecisionTree,DecisionTree_2
328,SI_ref_19,CB,IBU,Ground water,0.9241489703794897,0.9214811890857625,DecisionTree,DecisionTree_2
340,SI_ref_14,GCRB,ALA,Synthetic,0.9700055250053173,0.9544303415306055,DecisionTree,DecisionTree_2
361,SI_ref_14,GCRB,DIU,Synthetic,0.9291396445453227,0.9568804995194935,DecisionTree,DecisionTree_2
363,SI_ref_14,GCRB,DIU,Synthetic,0.9527369648004039,0.9568804995194935,DecisionTree,DecisionTree_2
365,SI_ref_14,GCRB,DIU,Synthetic,0.9265327424413893,0.9568804995194935,DecisionTree,DecisionTree_2
367,SI_ref_14,GCRB,DIU,Synthetic,0.9238760352548926,0.9568804995194935,DecisionTree,DecisionTree_2
369,SI_ref_14,GCRB,DIU,Synthetic,0.9147016410628197,0.9298604485339305,DecisionTree,DecisionTree_2
374,SI_ref_14,GCRB,DIU,Synthetic,1.0082496176169822,0.9568804995194935,DecisionTree,DecisionTree_2
390,SI_ref_14,GCRB,SIM,Synthetic,0.9757367710073495,0.9731815472396551,DecisionTree,DecisionTree_2
406,SI_ref_14,GCRB-N,ALA,Synthetic,0.4281694326598611,0.45355183780539615,DecisionTree,DecisionTree_2
446,SI_ref_14,GCRB-N,DIU,Synthetic,0.2075726875081201,0.2106540242067297,DecisionTree,DecisionTree_2
448,SI_ref_14,GCRB-N,DIU,Synthetic,0.1819381767074788,0.2106540242067297,DecisionTree,DecisionTree_2
450,SI_ref_14,GCRB-N,DIU,Synthetic,0.1736169508150928,0.2106540242067297,DecisionTree,DecisionTree_2
453,SI_ref_14,GCRB-N,DIU,Synthetic,0.1683505359330984,0.2106540242067297,DecisionTree,DecisionTree_2
456,SI_ref_14,GCRB-N,DIU,Synthetic,0.1402528461142079,0.43720851158536406,DecisionTree,DecisionTree_2
459,SI_ref_14,GCRB-N,DIU,Synthetic,0.6455190877003087,0.43720851158536406,DecisionTree,DecisionTree_2
460,SI_ref_14,GCRB-N,DIU,Synthetic,0.12138562309836234,0.43720851158536406,DecisionTree,DecisionTree_2
462,SI_ref_14,GCRB-N,DIU,Synthetic,0.16773925939532233,0.32328006182549107,DecisionTree,DecisionTree_2
465,SI_ref_14,GCRB-N,DIU,Synthetic,0.1405827183894587,0.32328006182549107,DecisionTree,DecisionTree_2
468,SI_ref_14,GCRB-N,DIU,Synthetic,0.6564705601884918,0.32328006182549107,DecisionTree,DecisionTree_2
469,SI_ref_14,GCRB-N,DIU,Synthetic,0.12617131727344172,0.32328006182549107,DecisionTree,DecisionTree_2
471,SI_ref_14,GCRB-N,DIU,Synthetic,0.1676281074261493,0.32328006182549107,DecisionTree,DecisionTree_2
474,SI_ref_14,GCRB-N,DIU,Synthetic,0.14041778225183332,0.44530062220973576,DecisionTree,DecisionTree_2
477,SI_ref_14,GCRB-N,DIU,Synthetic,0.6413243626564091,0.44530062220973576,DecisionTree,DecisionTree_2
478,SI_ref_14,GCRB-N,DIU,Synthetic,0.12377847018590202,0.44530062220973576,DecisionTree,DecisionTree_2
490,SI_ref_14,GCRB-N,SIM,Synthetic,0.38105997172266487,0.5249515424902003,DecisionTree,DecisionTree_2
537,SI_ref_19,MCB,IBU,Ground water,0.9902068659306948,0.9302186746677252,DecisionTree,DecisionTree_2
546,SI_ref_19,MCB,IBU,Lake water,0.9468798357239083,0.9535182290042441,DecisionTree,DecisionTree_2
555,SI_ref_19,MCB,IBU,Ground water,0.910886274193223,0.9105092106100315,DecisionTree,DecisionTree_2
561,SI_ref_19,MCB,IBU,Ground water,0.9227697266379059,0.927423348011028,DecisionTree,DecisionTree_2
565,SI_ref_19,MCB,IBU,Ground water,0.9254612605703445,0.9302186746677252,DecisionTree,DecisionTree_2
573,SI_ref_19,MCB,IBU,Ground water,0.9222883610163676,0.9105092106100315,DecisionTree,DecisionTree_2
577,SI_ref_19,MCB,IBU,Ground water,0.9896236049163454,0.9333027037208959,DecisionTree,DecisionTree_2
584,SI_ref_19,MCB,IBU,Lake water,0.9474280457633885,0.9438367640806649,DecisionTree,DecisionTree_2
593,SI_ref_19,MCB,IBU,Ground water,0.911624129649438,0.9215039898486296,DecisionTree,DecisionTree_2
595,SI_ref_19,MCB,IBU,Ground water,0.9248851497651674,0.9333027037208959,DecisionTree,DecisionTree_2
603,SI_ref_19,MCB,IBU,Ground water,0.920786534541565,0.9215039898486296,DecisionTree,DecisionTree_2
607,SI_ref_19,MCB,IBU,Ground water,0.9861765121394982,0.9333027037208959,DecisionTree,DecisionTree_2
614,SI_ref_19,MCB,IBU,Lake water,0.9465039927474991,0.9438367640806649,DecisionTree,DecisionTree_2
623,SI_ref_19,MCB,IBU,Ground water,0.9103224686673798,0.9158938814992321,DecisionTree,DecisionTree_2
625,SI_ref_19,MCB,IBU,Ground water,0.9258221154816445,0.9270611326365458,DecisionTree,DecisionTree_2
633,SI_ref_19,MCB,IBU,Ground water,0.9216175906678238,0.9214659681782464,DecisionTree,DecisionTree_2
653,SI_ref_18,NaOH-activated SCW biochars,DCF,Lake water,0.060393710525153486,0.5404719810484928,DecisionTree,DecisionTree_2
654,SI_ref_18,NaOH-activated SCW biochars,DCF,Secondary effluent,0.1736813951376961,0.6041698637354963,DecisionTree,DecisionTree_2
657,SI_ref_18,NaOH-activated SCW biochars,DCF,Lake water,0.4098052873550469,0.5404719810484928,DecisionTree,DecisionTree_2
666,SI_ref_18,NaOH-activated SCW biochars,DCF,Secondary effluent,0.6160844980694858,0.6041698637354963,DecisionTree,DecisionTree_2
668,SI_ref_18,NaOH-activated SCW biochars,DCF,Lake water,0.5638671837826676,0.5404719810484928,DecisionTree,DecisionTree_2
671,SI_ref_18,NaOH-activated SCW biochars,DCF,Lake water,0.5111881637893111,0.5404719810484928,DecisionTree,DecisionTree_2
680,SI_ref_18,NaOH-activated SCW biochars,DCF,Lake water,0.5451956691534918,0.5404719810484928,DecisionTree,DecisionTree_2
681,SI_ref_18,NaOH-activated SCW biochars,DCF,Lake water,0.5155236787057735,0.5404719810484928,DecisionTree,DecisionTree_2
684,SI_ref_18,NaOH-activated SCW biochars,DCF,Lake water,0.5054530420964745,0.5404719810484928,DecisionTree,DecisionTree_2
689,SI_ref_18,NaOH-activated SCW biochars,DCF,Secondary effluent,0.6862219778123194,0.6041698637354963,DecisionTree,DecisionTree_2
717,SI_ref_18,NaOH-activated SCW biochars,IBU,Secondary effluent,0.5431517029603264,0.6041698637354963,DecisionTree,DecisionTree_2
726,SI_ref_18,NaOH-activated SCW biochars,IBU,Lake water,0.6298354173553987,0.5998844186357775,DecisionTree,DecisionTree_2
732,SI_ref_18,NaOH-activated SCW biochars,IBU,Lake water,0.6159420233488258,0.5998844186357775,DecisionTree,DecisionTree_2
736,SI_ref_18,NaOH-activated SCW biochars,IBU,Lake water,0.6281995086504742,0.5998844186357775,DecisionTree,DecisionTree_2
750,SI_ref_18,NaOH-activated SCW biochars,IBU,Secondary effluent,0.811827151849907,0.6041698637354963,DecisionTree,DecisionTree_2
751,SI_ref_18,NaOH-activated SCW biochars,IBU,Lake water,0.6869669848084122,0.5998844186357775,DecisionTree,DecisionTree_2
754,SI_ref_18,NaOH-activated SCW biochars,IBU,Secondary effluent,0.7786423949758233,0.6041698637354963,DecisionTree,DecisionTree_2
757,SI_ref_18,NaOH-activated SCW biochars,NPX,Lake water,0.20620314882650506,0.4593937817786857,DecisionTree,DecisionTree_2
759,SI_ref_18,NaOH-activated SCW biochars,NPX,Lake water,0.23676500653660967,0.4593937817786857,DecisionTree,DecisionTree_2
761,SI_ref_18,NaOH-activated SCW biochars,NPX,Lake water,0.21090148006849843,0.4593937817786857,DecisionTree,DecisionTree_2
763,SI_ref_18,NaOH-activated SCW biochars,NPX,Lake water,0.14381242837395034,0.18182142622879638,DecisionTree,DecisionTree_2
765,SI_ref_18,NaOH-activated SCW biochars,NPX,Lake water,0.049549349058709447,0.18182142622879638,DecisionTree,DecisionTree_2
767,SI_ref_18,NaOH-activated SCW biochars,NPX,Lake water,0.0742796412273446,0.18182142622879638,DecisionTree,DecisionTree_2
769,SI_ref_18,NaOH-activated SCW biochars,NPX,Lake water,0.041917196066405205,0.08395027657875628,DecisionTree,DecisionTree_2
773,SI_ref_18,NaOH-activated SCW biochars,NPX,Lake water,0.02383921541973232,0.08395027657875628,DecisionTree,DecisionTree_2
776,SI_ref_18,NaOH-activated SCW biochars,NPX,Secondary effluent,0.048092629555703405,0.08395027657875628,DecisionTree,DecisionTree_2
779,SI_ref_18,NaOH-activated SCW biochars,NPX,Lake water,0.0651330447328621,0.08395027657875628,DecisionTree,DecisionTree_2
781,SI_ref_18,NaOH-activated SCW biochars,NPX,Lake water,0.04234525136924403,0.08395027657875628,DecisionTree,DecisionTree_2
788,SI_ref_18,NaOH-activated SCW biochars,NPX,Secondary effluent,0.09141898602740345,0.08395027657875628,DecisionTree,DecisionTree_2
798,SI_ref_18,NaOH-activated SCW biochars,NPX,Secondary effluent,0.15082313311850198,0.08395027657875628,DecisionTree,DecisionTree_2
800,SI_ref_18,NaOH-activated SCW biochars,NPX,Secondary effluent,0.24701864815812044,0.08395027657875628,DecisionTree,DecisionTree_2
871,SI_ref_13,PB600,CBZ,Synthetic,0.6953242835595775,0.45355183780539615,DecisionTree,DecisionTree_2
881,SI_ref_13,PB600,IBU,Synthetic,0.2096102913356035,0.6505849837154615,DecisionTree,DecisionTree_2
918,SI_ref_13,PB800,CBZ,Synthetic,0.30905619203491547,0.20605762208586656,DecisionTree,DecisionTree_2
928,SI_ref_13,PB800,IBU,Synthetic,0.23013048635824437,0.3818448601175261,DecisionTree,DecisionTree_2
954,SI_ref_15,PSB,CAR,Synthetic,0.9395494569882223,0.9214811890857625,DecisionTree,DecisionTree_2
955,SI_ref_15,PSB,CAR,Synthetic,0.9231398092867221,0.9214811890857625,DecisionTree,DecisionTree_2
957,SI_ref_15,PSB,CAR,Synthetic,0.9436310458092197,0.9214811890857625,DecisionTree,DecisionTree_2
964,SI_ref_15,PSB,CAR,Synthetic,0.9383522096618221,0.9214811890857625,DecisionTree,DecisionTree_2
978,SI_ref_15,PSB,PYR,Synthetic,0.919631586959635,0.9214811890857625,DecisionTree,DecisionTree_2
985,SI_ref_15,PSB,PYR,Synthetic,0.9775942152304119,0.9214811890857625,DecisionTree,DecisionTree_2
994,SI_ref_15,PSB,TEB,Synthetic,0.9362126098667423,0.9214811890857625,DecisionTree,DecisionTree_2
1000,SI_ref_15,PSB,TEB,Synthetic,0.8714762044822667,0.9214811890857625,DecisionTree,DecisionTree_2
1015,SI_ref_15,PSBOX-A,CAR,Synthetic,0.03563496474916306,0.10604690400324437,DecisionTree,DecisionTree_2
1016,SI_ref_15,PSBOX-A,CAR,Synthetic,0.026325197069833068,0.10604690400324437,DecisionTree,DecisionTree_2
1018,SI_ref_15,PSBOX-A,CAR,Synthetic,0.034457194657534405,0.10604690400324437,DecisionTree,DecisionTree_2
1025,SI_ref_15,PSBOX-A,CAR,Synthetic,0.0497879777437964,0.10604690400324437,DecisionTree,DecisionTree_2
1040,SI_ref_15,PSBOX-A,PYR,Synthetic,0.5200236643843362,0.20605762208586656,DecisionTree,DecisionTree_2
1043,SI_ref_15,PSBOX-A,PYR,Synthetic,0.08786555053416333,0.20605762208586656,DecisionTree,DecisionTree_2
1050,SI_ref_15,PSBOX-A,PYR,Synthetic,0.48794917248977554,0.20605762208586656,DecisionTree,DecisionTree_2
1059,SI_ref_15,PSBOX-A,TEB,Synthetic,0.07277962857952934,0.20605762208586656,DecisionTree,DecisionTree_2
1061,SI_ref_15,PSBOX-A,TEB,Synthetic,0.5163778457532948,0.20605762208586656,DecisionTree,DecisionTree_2
1070,SI_ref_15,PSBOX-A,TEB,Synthetic,0.04527670142322688,0.20605762208586656,DecisionTree,DecisionTree_2
1101,SI_ref_17,Pristine SCG biochar,CBZ,Synthetic,0.9071468090110305,0.9138987206123397,DecisionTree,DecisionTree_2
1108,SI_ref_17,Pristine SCG biochar,CBZ,Synthetic,0.8967497590877974,0.8990982426202462,DecisionTree,DecisionTree_2
1113,SI_ref_17,Pristine SCG biochar,CBZ,Synthetic,0.9373850128799738,0.9138987206123397,DecisionTree,DecisionTree_2
1130,SI_ref_17,Pristine SCG biochar,EE2,Synthetic,0.817422791958414,0.8438329739677976,DecisionTree,DecisionTree_2
1137,SI_ref_17,Pristine SCG biochar,EE2,Synthetic,0.8257334628724249,0.877868936730412,DecisionTree,DecisionTree_2
1139,SI_ref_17,Pristine SCG biochar,EE2,Synthetic,0.8269992896243368,0.877868936730412,DecisionTree,DecisionTree_2
1141,SI_ref_17,Pristine SCG biochar,EE2,Synthetic,0.8244509213990222,0.877868936730412,DecisionTree,DecisionTree_2
1142,SI_ref_17,Pristine SCG biochar,EE2,Synthetic,0.859538444436826,0.8643764386391108,DecisionTree,DecisionTree_2
1148,SI_ref_17,Pristine SCG biochar,EE2,Synthetic,0.823763814163292,0.8643764386391108,DecisionTree,DecisionTree_2
1157,SI_ref_17,Pristine SCG biochar,IBU,Synthetic,0.9060511140454979,0.9626122137913227,DecisionTree,DecisionTree_2
1159,SI_ref_17,Pristine SCG biochar,IBU,Synthetic,0.9004320791615827,0.9626122137913227,DecisionTree,DecisionTree_2
1161,SI_ref_17,Pristine SCG biochar,IBU,Synthetic,0.894961472244973,0.9626122137913227,DecisionTree,DecisionTree_2
1163,SI_ref_17,Pristine SCG biochar,IBU,Synthetic,0.8949151720794959,0.9626122137913227,DecisionTree,DecisionTree_2
1165,SI_ref_17,Pristine SCG biochar,IBU,Synthetic,0.892599829508416,0.9214811890857625,DecisionTree,DecisionTree_2
1167,SI_ref_17,Pristine SCG biochar,IBU,Synthetic,0.8914167516338777,0.9214811890857625,DecisionTree,DecisionTree_2
1169,SI_ref_17,Pristine SCG biochar,IBU,Synthetic,0.886841225533622,0.9214811890857625,DecisionTree,DecisionTree_2
1173,SI_ref_17,Pristine SCG biochar,IBU,Synthetic,0.9319085004678631,0.9214811890857625,DecisionTree,DecisionTree_2
1180,SI_ref_17,Pristine SCG biochar,IBU,Synthetic,0.9167234922708469,0.9214811890857625,DecisionTree,DecisionTree_2
1187,SI_ref_17,Pristine SCG biochar,IBU,Synthetic,0.9448963419259283,0.9214811890857625,DecisionTree,DecisionTree_2
1189,SI_ref_17,Pristine SCG biochar,IBU,Synthetic,0.9210277046979152,0.9214811890857625,DecisionTree,DecisionTree_2
1191,SI_ref_17,Pristine SCG biochar,IBU,Synthetic,0.9513456586569363,0.9214811890857625,DecisionTree,DecisionTree_2
1212,SI_ref_18,Pristine SCW Biochar,DCF,Secondary effluent,0.8964391711737753,0.9089773084397594,DecisionTree,DecisionTree_2
1214,SI_ref_18,Pristine SCW Biochar,DCF,Lake water,0.9077130214504949,0.9214811890857625,DecisionTree,DecisionTree_2
1223,SI_ref_18,Pristine SCW Biochar,DCF,Secondary effluent,0.916228597953408,0.9089773084397594,DecisionTree,DecisionTree_2
1225,SI_ref_18,Pristine SCW Biochar,DCF,Lake water,0.9209005359691885,0.9214811890857625,DecisionTree,DecisionTree_2
1228,SI_ref_18,Pristine SCW Biochar,DCF,Lake water,0.918118398017722,0.9214811890857625,DecisionTree,DecisionTree_2
1237,SI_ref_18,Pristine SCW Biochar,DCF,Lake water,0.9176779336906461,0.9214811890857625,DecisionTree,DecisionTree_2
1238,SI_ref_18,Pristine SCW Biochar,DCF,Lake water,0.9153943997055312,0.9214811890857625,DecisionTree,DecisionTree_2
1241,SI_ref_18,Pristine SCW Biochar,DCF,Lake water,0.9102639266700783,0.9214811890857625,DecisionTree,DecisionTree_2
1246,SI_ref_18,Pristine SCW Biochar,DCF,Secondary effluent,0.9052859627037971,0.9147250102917305,DecisionTree,DecisionTree_2
1270,SI_ref_18,Pristine SCW Biochar,IBU,Secondary effluent,0.8874692330465712,0.9026000837919076,DecisionTree,DecisionTree_2
1279,SI_ref_18,Pristine SCW Biochar,IBU,Lake water,0.9204127206373283,0.9214811890857625,DecisionTree,DecisionTree_2
1285,SI_ref_18,Pristine SCW Biochar,IBU,Lake water,0.9175495400890653,0.9214811890857625,DecisionTree,DecisionTree_2
1289,SI_ref_18,Pristine SCW Biochar,IBU,Lake water,0.91141920930323,0.9214811890857625,DecisionTree,DecisionTree_2
1303,SI_ref_18,Pristine SCW Biochar,IBU,Secondary effluent,0.9145392250293353,0.9026000837919076,DecisionTree,DecisionTree_2
1305,SI_ref_18,Pristine SCW Biochar,IBU,Secondary effluent,0.8992133437264335,0.9026000837919076,DecisionTree,DecisionTree_2
1308,SI_ref_18,Pristine SCW Biochar,NPX,Lake water,0.9299082628630408,0.9290527223478736,DecisionTree,DecisionTree_2
1310,SI_ref_18,Pristine SCW Biochar,NPX,Lake water,0.9179731197519893,0.9232233303843418,DecisionTree,DecisionTree_2
1312,SI_ref_18,Pristine SCW Biochar,NPX,Lake water,0.9157588621166984,0.9232233303843418,DecisionTree,DecisionTree_2
1314,SI_ref_18,Pristine SCW Biochar,NPX,Lake water,0.9211177808704595,0.9232233303843418,DecisionTree,DecisionTree_2
1316,SI_ref_18,Pristine SCW Biochar,NPX,Lake water,0.9261251958543161,0.9232233303843418,DecisionTree,DecisionTree_2
1318,SI_ref_18,Pristine SCW Biochar,NPX,Lake water,0.9179250714018231,0.9214811890857625,DecisionTree,DecisionTree_2
1320,SI_ref_18,Pristine SCW Biochar,NPX,Lake water,0.9238791357631378,0.9214811890857625,DecisionTree,DecisionTree_2
1325,SI_ref_18,Pristine SCW Biochar,NPX,Secondary effluent,0.8954095327862793,0.9089773084397594,DecisionTree,DecisionTree_2
1328,SI_ref_18,Pristine SCW Biochar,NPX,Lake water,0.9239571578457322,0.9214811890857625,DecisionTree,DecisionTree_2
1330,SI_ref_18,Pristine SCW Biochar,NPX,Lake water,0.9241969522882365,0.9214811890857625,DecisionTree,DecisionTree_2
1337,SI_ref_18,Pristine SCW Biochar,NPX,Secondary effluent,0.9109852392346297,0.9089773084397594,DecisionTree,DecisionTree_2
1346,SI_ref_18,Pristine SCW Biochar,NPX,Secondary effluent,0.9136165317560039,0.9089773084397594,DecisionTree,DecisionTree_2
1347,SI_ref_18,Pristine SCW Biochar,NPX,Secondary effluent,0.9038576927569927,0.9089773084397594,DecisionTree,DecisionTree_2
16,SI_ref_19,AMCB,IBU,Ground water,0.029204625724030753,0.4251950102653478,ElasticNet,ElasticNet_1
25,SI_ref_19,AMCB,IBU,Lake water,0.3473743729830984,0.4427929885596836,ElasticNet,ElasticNet_1
34,SI_ref_19,AMCB,IBU,Ground water,0.303030777614079,0.38376759062638666,ElasticNet,ElasticNet_1
36,SI_ref_19,AMCB,IBU,Ground water,0.41496556078686897,0.425151457874747,ElasticNet,ElasticNet_1
44,SI_ref_19,AMCB,IBU,Ground water,0.5024496962602676,0.4044377731911312,ElasticNet,ElasticNet_1
48,SI_ref_19,AMCB,IBU,Ground water,0.03338351934448727,0.42512247318693763,ElasticNet,ElasticNet_1
55,SI_ref_19,AMCB,IBU,Lake water,0.34535416691700616,0.4427205016974197,ElasticNet,ElasticNet_1
64,SI_ref_19,AMCB,IBU,Ground water,0.3258728934993643,0.3836951539107896,ElasticNet,ElasticNet_1
66,SI_ref_19,AMCB,IBU,Ground water,0.4885549946229274,0.42507907123648137,ElasticNet,ElasticNet_1
74,SI_ref_19,AMCB,IBU,Ground water,0.5226317382792791,0.4043654365610053,ElasticNet,ElasticNet_1
78,SI_ref_19,AMCB,IBU,Ground water,0.025848755777109534,0.4250501864959031,ElasticNet,ElasticNet_1
85,SI_ref_19,AMCB,IBU,Lake water,0.32220691257344963,0.44264826487657105,ElasticNet,ElasticNet_1
94,SI_ref_19,AMCB,IBU,Ground water,0.3191737471997417,0.3836229668913639,ElasticNet,ElasticNet_1
96,SI_ref_19,AMCB,IBU,Ground water,0.45590621693388655,0.4250069339498577,ElasticNet,ElasticNet_1
106,SI_ref_19,AMCB,IBU,Ground water,0.3644459510905023,0.42870118248448286,ElasticNet,ElasticNet_1
112,SI_ref_19,AMCB,IBU,Ground water,0.5464029950150356,0.4042933489387047,ElasticNet,ElasticNet_1
140,SI_ref_17,Alkali-modified SCG biochars,CBZ,Synthetic,0.006132526431344026,0.18468015018427442,ElasticNet,ElasticNet_1
146,SI_ref_17,Alkali-modified SCG biochars,CBZ,Synthetic,0.6777397154224275,0.27195408190449893,ElasticNet,ElasticNet_1
151,SI_ref_17,Alkali-modified SCG biochars,CBZ,Synthetic,0.4516798693491866,0.18468015018427442,ElasticNet,ElasticNet_1
168,SI_ref_17,Alkali-modified SCG biochars,EE2,Synthetic,0.0796235147045166,0.264898893848956,ElasticNet,ElasticNet_1
176,SI_ref_17,Alkali-modified SCG biochars,EE2,Synthetic,0.07754174693450858,0.31371456094051237,ElasticNet,ElasticNet_1
181,SI_ref_17,Alkali-modified SCG biochars,EE2,Synthetic,0.7086029202646077,0.31371456094051237,ElasticNet,ElasticNet_1
190,SI_ref_17,Alkali-modified SCG biochars,IBU,Synthetic,0.22674008618295227,0.3683458539669131,ElasticNet,ElasticNet_1
192,SI_ref_17,Alkali-modified SCG biochars,IBU,Synthetic,0.18762987622773672,0.3541708769289076,ElasticNet,ElasticNet_1
194,SI_ref_17,Alkali-modified SCG biochars,IBU,Synthetic,0.0964989432139522,0.3313944885943499,ElasticNet,ElasticNet_1
196,SI_ref_17,Alkali-modified SCG biochars,IBU,Synthetic,0.056403766337859394,0.31693692225206027,ElasticNet,ElasticNet_1
198,SI_ref_17,Alkali-modified SCG biochars,IBU,Synthetic,0.04365646649895644,0.30846524705041506,ElasticNet,ElasticNet_1
200,SI_ref_17,Alkali-modified SCG biochars,IBU,Synthetic,0.05275302685215311,0.30245045145657057,ElasticNet,ElasticNet_1
202,SI_ref_17,Alkali-modified SCG biochars,IBU,Synthetic,0.051463060103218494,0.2964332389438802,ElasticNet,ElasticNet_1
206,SI_ref_17,Alkali-modified SCG biochars,IBU,Synthetic,0.05901922048526246,0.2879494833304023,ElasticNet,ElasticNet_1
213,SI_ref_17,Alkali-modified SCG biochars,IBU,Synthetic,0.33928547446435453,0.3752234150506268,ElasticNet,ElasticNet_1
220,SI_ref_17,Alkali-modified SCG biochars,IBU,Synthetic,0.004839210099114782,0.2879494833304023,ElasticNet,ElasticNet_1
222,SI_ref_17,Alkali-modified SCG biochars,IBU,Synthetic,0.04374442489311713,0.2879494833304023,ElasticNet,ElasticNet_1
224,SI_ref_17,Alkali-modified SCG biochars,IBU,Synthetic,0.2945083196339574,0.2879494833304023,ElasticNet,ElasticNet_1
229,SI_ref_16,C-Biochar,ATE,Synthetic,0.8511111111111113,0.6952445296139117,ElasticNet,ElasticNet_1
231,SI_ref_16,C-Biochar,ATE,Synthetic,0.7400000000000001,0.7647593840305269,ElasticNet,ElasticNet_1
235,SI_ref_16,C-Biochar,ATE,Synthetic,0.8511111111111113,0.7440601967054681,ElasticNet,ElasticNet_1
238,SI_ref_16,C-Biochar,ATE,Synthetic,0.6733333333333335,0.7233610093804093,ElasticNet,ElasticNet_1
250,SI_ref_16,C-Biochar,CBZ,Synthetic,0.4840388007054674,0.571156757902148,ElasticNet,ElasticNet_1
251,SI_ref_16,C-Biochar,CBZ,Synthetic,0.5325396825396824,0.571156757902148,ElasticNet,ElasticNet_1
252,SI_ref_16,C-Biochar,CBZ,Synthetic,0.4258377425044091,0.571156757902148,ElasticNet,ElasticNet_1
258,SI_ref_16,C-Biochar,CBZ,Synthetic,0.4990079365079365,0.571156757902148,ElasticNet,ElasticNet_1
264,SI_ref_16,C-Biochar,IBU,Synthetic,0.7333333333333333,0.6500182575024978,ElasticNet,ElasticNet_1
266,SI_ref_16,C-Biochar,IBU,Synthetic,0.6121212121212122,0.674426091048276,ElasticNet,ElasticNet_1
271,SI_ref_16,C-Biochar,IBU,Synthetic,0.6000000000000001,0.674426091048276,ElasticNet,ElasticNet_1
277,SI_ref_16,C-Biochar,IBU,Synthetic,0.7844444444444444,0.674426091048276,ElasticNet,ElasticNet_1
278,SI_ref_16,C-Biochar,IBU,Synthetic,0.8430555555555557,0.674426091048276,ElasticNet,ElasticNet_1
279,SI_ref_16,C-Biochar,IBU,Synthetic,0.861111111111111,0.674426091048276,ElasticNet,ElasticNet_1
296,SI_ref_19,CB,IBU,Ground water,0.9945207101387852,0.9262176162816618,ElasticNet,ElasticNet_1
303,SI_ref_19,CB,IBU,Lake water,0.9505925590656487,0.9438301221059587,ElasticNet,ElasticNet_1
314,SI_ref_19,CB,IBU,Ground water,0.917590560186213,0.8848192416315441,ElasticNet,ElasticNet_1
316,SI_ref_19,CB,IBU,Ground water,0.9236132062907854,0.9299262625023811,ElasticNet,ElasticNet_1
320,SI_ref_19,CB,IBU,Ground water,0.9303445651202417,0.9262176162816618,ElasticNet,ElasticNet_1
328,SI_ref_19,CB,IBU,Ground water,0.9241489703794897,0.905518428956603,ElasticNet,ElasticNet_1
340,SI_ref_14,GCRB,ALA,Synthetic,0.9700055250053173,1.0092711406480024,ElasticNet,ElasticNet_1
361,SI_ref_14,GCRB,DIU,Synthetic,0.9291396445453227,0.833254667919176,ElasticNet,ElasticNet_1
363,SI_ref_14,GCRB,DIU,Synthetic,0.9527369648004039,0.8820703350107324,ElasticNet,ElasticNet_1
365,SI_ref_14,GCRB,DIU,Synthetic,0.9265327424413893,0.8820703350107324,ElasticNet,ElasticNet_1
367,SI_ref_14,GCRB,DIU,Synthetic,0.9238760352548926,0.8820703350107324,ElasticNet,ElasticNet_1
369,SI_ref_14,GCRB,DIU,Synthetic,0.9147016410628197,0.8613711476856736,ElasticNet,ElasticNet_1
374,SI_ref_14,GCRB,DIU,Synthetic,1.0082496176169822,0.8820703350107324,ElasticNet,ElasticNet_1
390,SI_ref_14,GCRB,SIM,Synthetic,0.9757367710073495,1.0259171340880289,ElasticNet,ElasticNet_1
406,SI_ref_14,GCRB-N,ALA,Synthetic,0.4281694326598611,0.5201134959753216,ElasticNet,ElasticNet_1
446,SI_ref_14,GCRB-N,DIU,Synthetic,0.2075726875081201,0.34409702324649527,ElasticNet,ElasticNet_1
448,SI_ref_14,GCRB-N,DIU,Synthetic,0.1819381767074788,0.39291269033805154,ElasticNet,ElasticNet_1
450,SI_ref_14,GCRB-N,DIU,Synthetic,0.1736169508150928,0.3722135030129927,ElasticNet,ElasticNet_1
453,SI_ref_14,GCRB-N,DIU,Synthetic,0.1683505359330984,0.3928981628080904,ElasticNet,ElasticNet_1
456,SI_ref_14,GCRB-N,DIU,Synthetic,0.1402528461142079,0.39286913794745076,ElasticNet,ElasticNet_1
459,SI_ref_14,GCRB-N,DIU,Synthetic,0.6455190877003087,0.3928546405888938,ElasticNet,ElasticNet_1
460,SI_ref_14,GCRB-N,DIU,Synthetic,0.12138562309836234,0.3928401532596414,ElasticNet,ElasticNet_1
462,SI_ref_14,GCRB-N,DIU,Synthetic,0.16773925939532233,0.39282567594582657,ElasticNet,ElasticNet_1
465,SI_ref_14,GCRB-N,DIU,Synthetic,0.1405827183894587,0.3927967513091851,ElasticNet,ElasticNet_1
468,SI_ref_14,GCRB-N,DIU,Synthetic,0.6564705601884918,0.3927823039587679,ElasticNet,ElasticNet_1
469,SI_ref_14,GCRB-N,DIU,Synthetic,0.12617131727344172,0.39276786656860685,ElasticNet,ElasticNet_1
471,SI_ref_14,GCRB-N,DIU,Synthetic,0.1676281074261493,0.3927534391249779,ElasticNet,ElasticNet_1
474,SI_ref_14,GCRB-N,DIU,Synthetic,0.14041778225183332,0.3927246140225615,ElasticNet,ElasticNet_1
477,SI_ref_14,GCRB-N,DIU,Synthetic,0.6413243626564091,0.39271021633646724,ElasticNet,ElasticNet_1
478,SI_ref_14,GCRB-N,DIU,Synthetic,0.12377847018590202,0.39269582854229146,ElasticNet,ElasticNet_1
490,SI_ref_14,GCRB-N,SIM,Synthetic,0.38105997172266487,0.536759489415348,ElasticNet,ElasticNet_1
537,SI_ref_19,MCB,IBU,Ground water,0.9902068659306948,0.8477239167330165,ElasticNet,ElasticNet_1
546,SI_ref_19,MCB,IBU,Lake water,0.9468798357239083,0.8653218950273522,ElasticNet,ElasticNet_1
555,SI_ref_19,MCB,IBU,Ground water,0.910886274193223,0.8062964970940553,ElasticNet,ElasticNet_1
561,SI_ref_19,MCB,IBU,Ground water,0.9227697266379059,0.851389010563135,ElasticNet,ElasticNet_1
565,SI_ref_19,MCB,IBU,Ground water,0.9254612605703445,0.8476803643424157,ElasticNet,ElasticNet_1
573,SI_ref_19,MCB,IBU,Ground water,0.9222883610163676,0.8269666796587999,ElasticNet,ElasticNet_1
577,SI_ref_19,MCB,IBU,Ground water,0.9896236049163454,0.8476513796546064,ElasticNet,ElasticNet_1
584,SI_ref_19,MCB,IBU,Lake water,0.9474280457633885,0.8652494081650883,ElasticNet,ElasticNet_1
593,SI_ref_19,MCB,IBU,Ground water,0.911624129649438,0.8062240603784583,ElasticNet,ElasticNet_1
595,SI_ref_19,MCB,IBU,Ground water,0.9248851497651674,0.8476079777041501,ElasticNet,ElasticNet_1
603,SI_ref_19,MCB,IBU,Ground water,0.920786534541565,0.8268943430286739,ElasticNet,ElasticNet_1
607,SI_ref_19,MCB,IBU,Ground water,0.9861765121394982,0.8475790929635718,ElasticNet,ElasticNet_1
614,SI_ref_19,MCB,IBU,Lake water,0.9465039927474991,0.8651771713442398,ElasticNet,ElasticNet_1
623,SI_ref_19,MCB,IBU,Ground water,0.9103224686673798,0.8061518733590325,ElasticNet,ElasticNet_1
625,SI_ref_19,MCB,IBU,Ground water,0.9258221154816445,0.8475358404175264,ElasticNet,ElasticNet_1
633,SI_ref_19,MCB,IBU,Ground water,0.9216175906678238,0.8268222554063733,ElasticNet,ElasticNet_1
653,SI_ref_18,NaOH-activated SCW biochars,DCF,Lake water,0.060393710525153486,0.45582522073065607,ElasticNet,ElasticNet_1
654,SI_ref_18,NaOH-activated SCW biochars,DCF,Secondary effluent,0.1736813951376961,0.45745095875347025,ElasticNet,ElasticNet_1
657,SI_ref_18,NaOH-activated SCW biochars,DCF,Lake water,0.4098052873550469,0.43141738718487793,ElasticNet,ElasticNet_1
666,SI_ref_18,NaOH-activated SCW biochars,DCF,Secondary effluent,0.6160844980694858,0.45745095875347025,ElasticNet,ElasticNet_1
668,SI_ref_18,NaOH-activated SCW biochars,DCF,Lake water,0.5638671837826676,0.45582522073065607,ElasticNet,ElasticNet_1
671,SI_ref_18,NaOH-activated SCW biochars,DCF,Lake water,0.5111881637893111,0.45582522073065607,ElasticNet,ElasticNet_1
680,SI_ref_18,NaOH-activated SCW biochars,DCF,Lake water,0.5451956691534918,0.45582522073065607,ElasticNet,ElasticNet_1
681,SI_ref_18,NaOH-activated SCW biochars,DCF,Lake water,0.5155236787057735,0.45582522073065607,ElasticNet,ElasticNet_1
684,SI_ref_18,NaOH-activated SCW biochars,DCF,Lake water,0.5054530420964745,0.45582522073065607,ElasticNet,ElasticNet_1
689,SI_ref_18,NaOH-activated SCW biochars,DCF,Secondary effluent,0.6862219778123194,0.4818587922992484,ElasticNet,ElasticNet_1
717,SI_ref_18,NaOH-activated SCW biochars,IBU,Secondary effluent,0.5431517029603264,0.454724631023336,ElasticNet,ElasticNet_1
726,SI_ref_18,NaOH-activated SCW biochars,IBU,Lake water,0.6298354173553987,0.47750672654629994,ElasticNet,ElasticNet_1
732,SI_ref_18,NaOH-activated SCW biochars,IBU,Lake water,0.6159420233488258,0.47750672654629994,ElasticNet,ElasticNet_1
736,SI_ref_18,NaOH-activated SCW biochars,IBU,Lake water,0.6281995086504742,0.47750672654629994,ElasticNet,ElasticNet_1
750,SI_ref_18,NaOH-activated SCW biochars,IBU,Secondary effluent,0.811827151849907,0.5279481316606704,ElasticNet,ElasticNet_1
751,SI_ref_18,NaOH-activated SCW biochars,IBU,Lake water,0.6869669848084122,0.47750672654629994,ElasticNet,ElasticNet_1
754,SI_ref_18,NaOH-activated SCW biochars,IBU,Secondary effluent,0.7786423949758233,0.4791324645691141,ElasticNet,ElasticNet_1
757,SI_ref_18,NaOH-activated SCW biochars,NPX,Lake water,0.20620314882650506,0.32173438054108716,ElasticNet,ElasticNet_1
759,SI_ref_18,NaOH-activated SCW biochars,NPX,Lake water,0.23676500653660967,0.30755940350308175,ElasticNet,ElasticNet_1
761,SI_ref_18,NaOH-activated SCW biochars,NPX,Lake water,0.21090148006849843,0.2932162662981075,ElasticNet,ElasticNet_1
763,SI_ref_18,NaOH-activated SCW biochars,NPX,Lake water,0.14381242837395034,0.2787874847766416,ElasticNet,ElasticNet_1
765,SI_ref_18,NaOH-activated SCW biochars,NPX,Lake water,0.049549349058709447,0.264315481210079,ElasticNet,ElasticNet_1
767,SI_ref_18,NaOH-activated SCW biochars,NPX,Lake water,0.0742796412273446,0.25583897803074473,ElasticNet,ElasticNet_1
769,SI_ref_18,NaOH-activated SCW biochars,NPX,Lake water,0.041917196066405205,0.24982176551805435,ElasticNet,ElasticNet_1
773,SI_ref_18,NaOH-activated SCW biochars,NPX,Lake water,0.02383921541973232,0.24133800990457654,ElasticNet,ElasticNet_1
776,SI_ref_18,NaOH-activated SCW biochars,NPX,Secondary effluent,0.048092629555703405,0.21855591438161248,ElasticNet,ElasticNet_1
779,SI_ref_18,NaOH-activated SCW biochars,NPX,Lake water,0.0651330447328621,0.24133800990457654,ElasticNet,ElasticNet_1
781,SI_ref_18,NaOH-activated SCW biochars,NPX,Lake water,0.04234525136924403,0.24133800990457654,ElasticNet,ElasticNet_1
788,SI_ref_18,NaOH-activated SCW biochars,NPX,Secondary effluent,0.09141898602740345,0.24296374792739062,ElasticNet,ElasticNet_1
798,SI_ref_18,NaOH-activated SCW biochars,NPX,Secondary effluent,0.15082313311850198,0.24296374792739062,ElasticNet,ElasticNet_1
800,SI_ref_18,NaOH-activated SCW biochars,NPX,Secondary effluent,0.24701864815812044,0.24296374792739062,ElasticNet,ElasticNet_1
871,SI_ref_13,PB600,CBZ,Synthetic,0.6953242835595775,0.5244299320898363,ElasticNet,ElasticNet_1
881,SI_ref_13,PB600,IBU,Synthetic,0.2096102913356035,0.6422002333621325,ElasticNet,ElasticNet_1
918,SI_ref_13,PB800,CBZ,Synthetic,0.30905619203491547,0.28393505025095617,ElasticNet,ElasticNet_1
928,SI_ref_13,PB800,IBU,Synthetic,0.23013048635824437,0.40170535152325226,ElasticNet,ElasticNet_1
954,SI_ref_15,PSB,CAR,Synthetic,0.9395494569882223,0.8157263694737792,ElasticNet,ElasticNet_1
955,SI_ref_15,PSB,CAR,Synthetic,0.9231398092867221,0.8157263694737792,ElasticNet,ElasticNet_1
957,SI_ref_15,PSB,CAR,Synthetic,0.9436310458092197,0.8645420365653356,ElasticNet,ElasticNet_1
964,SI_ref_15,PSB,CAR,Synthetic,0.9383522096618221,0.8157263694737792,ElasticNet,ElasticNet_1
978,SI_ref_15,PSB,PYR,Synthetic,0.919631586959635,0.8762976488633184,ElasticNet,ElasticNet_1
985,SI_ref_15,PSB,PYR,Synthetic,0.9775942152304119,0.8762976488633184,ElasticNet,ElasticNet_1
994,SI_ref_15,PSB,TEB,Synthetic,0.9362126098667423,0.8661519544491021,ElasticNet,ElasticNet_1
1000,SI_ref_15,PSB,TEB,Synthetic,0.8714762044822667,0.8661519544491021,ElasticNet,ElasticNet_1
1015,SI_ref_15,PSBOX-A,CAR,Synthetic,0.03563496474916306,0.20023590720768047,ElasticNet,ElasticNet_1
1016,SI_ref_15,PSBOX-A,CAR,Synthetic,0.026325197069833068,0.20023590720768047,ElasticNet,ElasticNet_1
1018,SI_ref_15,PSBOX-A,CAR,Synthetic,0.034457194657534405,0.24905157429923674,ElasticNet,ElasticNet_1
1025,SI_ref_15,PSBOX-A,CAR,Synthetic,0.0497879777437964,0.20023590720768047,ElasticNet,ElasticNet_1
1040,SI_ref_15,PSBOX-A,PYR,Synthetic,0.5200236643843362,0.2401079992721608,ElasticNet,ElasticNet_1
1043,SI_ref_15,PSBOX-A,PYR,Synthetic,0.08786555053416333,0.2608071865972197,ElasticNet,ElasticNet_1
1050,SI_ref_15,PSBOX-A,PYR,Synthetic,0.48794917248977554,0.2608071865972197,ElasticNet,ElasticNet_1
1059,SI_ref_15,PSBOX-A,TEB,Synthetic,0.07277962857952934,0.25066149218300326,ElasticNet,ElasticNet_1
1061,SI_ref_15,PSBOX-A,TEB,Synthetic,0.5163778457532948,0.2713606795080621,ElasticNet,ElasticNet_1
1070,SI_ref_15,PSBOX-A,TEB,Synthetic,0.04527670142322688,0.25066149218300326,ElasticNet,ElasticNet_1
1101,SI_ref_17,Pristine SCG biochar,CBZ,Synthetic,0.9071468090110305,0.7632358641769362,ElasticNet,ElasticNet_1
1108,SI_ref_17,Pristine SCG biochar,CBZ,Synthetic,0.8967497590877974,0.8505097958971607,ElasticNet,ElasticNet_1
1113,SI_ref_17,Pristine SCG biochar,CBZ,Synthetic,0.9373850128799738,0.7632358641769362,ElasticNet,ElasticNet_1
1130,SI_ref_17,Pristine SCG biochar,EE2,Synthetic,0.817422791958414,0.8434546078416177,ElasticNet,ElasticNet_1
1137,SI_ref_17,Pristine SCG biochar,EE2,Synthetic,0.8257334628724249,0.8049963432129497,ElasticNet,ElasticNet_1
1139,SI_ref_17,Pristine SCG biochar,EE2,Synthetic,0.8269992896243368,0.8049963432129497,ElasticNet,ElasticNet_1
1141,SI_ref_17,Pristine SCG biochar,EE2,Synthetic,0.8244509213990222,0.8049963432129497,ElasticNet,ElasticNet_1
1142,SI_ref_17,Pristine SCG biochar,EE2,Synthetic,0.859538444436826,0.8922702749331741,ElasticNet,ElasticNet_1
1148,SI_ref_17,Pristine SCG biochar,EE2,Synthetic,0.823763814163292,0.8922702749331741,ElasticNet,ElasticNet_1
1157,SI_ref_17,Pristine SCG biochar,IBU,Synthetic,0.9060511140454979,0.9469015679595749,ElasticNet,ElasticNet_1
1159,SI_ref_17,Pristine SCG biochar,IBU,Synthetic,0.9004320791615827,0.9327265909215694,ElasticNet,ElasticNet_1
1161,SI_ref_17,Pristine SCG biochar,IBU,Synthetic,0.894961472244973,0.9099502025870116,ElasticNet,ElasticNet_1
1163,SI_ref_17,Pristine SCG biochar,IBU,Synthetic,0.8949151720794959,0.895492636244722,ElasticNet,ElasticNet_1
1165,SI_ref_17,Pristine SCG biochar,IBU,Synthetic,0.892599829508416,0.8870209610430768,ElasticNet,ElasticNet_1
1167,SI_ref_17,Pristine SCG biochar,IBU,Synthetic,0.8914167516338777,0.8810061654492323,ElasticNet,ElasticNet_1
1169,SI_ref_17,Pristine SCG biochar,IBU,Synthetic,0.886841225533622,0.874988952936542,ElasticNet,ElasticNet_1
1173,SI_ref_17,Pristine SCG biochar,IBU,Synthetic,0.9319085004678631,0.8665051973230642,ElasticNet,ElasticNet_1
1180,SI_ref_17,Pristine SCG biochar,IBU,Synthetic,0.9167234922708469,0.9537791290432887,ElasticNet,ElasticNet_1
1187,SI_ref_17,Pristine SCG biochar,IBU,Synthetic,0.9448963419259283,0.8665051973230642,ElasticNet,ElasticNet_1
1189,SI_ref_17,Pristine SCG biochar,IBU,Synthetic,0.9210277046979152,0.8665051973230642,ElasticNet,ElasticNet_1
1191,SI_ref_17,Pristine SCG biochar,IBU,Synthetic,0.9513456586569363,0.8665051973230642,ElasticNet,ElasticNet_1
1212,SI_ref_18,Pristine SCW Biochar,DCF,Secondary effluent,0.8964391711737753,1.017468389729106,ElasticNet,ElasticNet_1
1214,SI_ref_18,Pristine SCW Biochar,DCF,Lake water,0.9077130214504949,0.9914348181605137,ElasticNet,ElasticNet_1
1223,SI_ref_18,Pristine SCW Biochar,DCF,Secondary effluent,0.916228597953408,1.017468389729106,ElasticNet,ElasticNet_1
1225,SI_ref_18,Pristine SCW Biochar,DCF,Lake water,0.9209005359691885,1.0158426517062917,ElasticNet,ElasticNet_1
1228,SI_ref_18,Pristine SCW Biochar,DCF,Lake water,0.918118398017722,1.0158426517062917,ElasticNet,ElasticNet_1
1237,SI_ref_18,Pristine SCW Biochar,DCF,Lake water,0.9176779336906461,1.0158426517062917,ElasticNet,ElasticNet_1
1238,SI_ref_18,Pristine SCW Biochar,DCF,Lake water,0.9153943997055312,1.0158426517062917,ElasticNet,ElasticNet_1
1241,SI_ref_18,Pristine SCW Biochar,DCF,Lake water,0.9102639266700783,1.0158426517062917,ElasticNet,ElasticNet_1
1246,SI_ref_18,Pristine SCW Biochar,DCF,Secondary effluent,0.9052859627037971,1.0418762232748842,ElasticNet,ElasticNet_1
1270,SI_ref_18,Pristine SCW Biochar,IBU,Secondary effluent,0.8874692330465712,1.0147420619989718,ElasticNet,ElasticNet_1
1279,SI_ref_18,Pristine SCW Biochar,IBU,Lake water,0.9204127206373283,1.0375241575219358,ElasticNet,ElasticNet_1
1285,SI_ref_18,Pristine SCW Biochar,IBU,Lake water,0.9175495400890653,1.0375241575219358,ElasticNet,ElasticNet_1
1289,SI_ref_18,Pristine SCW Biochar,IBU,Lake water,0.91141920930323,1.0375241575219358,ElasticNet,ElasticNet_1
1303,SI_ref_18,Pristine SCW Biochar,IBU,Secondary effluent,0.9145392250293353,1.0879655626363063,ElasticNet,ElasticNet_1
1305,SI_ref_18,Pristine SCW Biochar,IBU,Secondary effluent,0.8992133437264335,1.03914989554475,ElasticNet,ElasticNet_1
1308,SI_ref_18,Pristine SCW Biochar,NPX,Lake water,0.9299082628630408,0.881751811516723,ElasticNet,ElasticNet_1
1310,SI_ref_18,Pristine SCW Biochar,NPX,Lake water,0.9179731197519893,0.8675768344787175,ElasticNet,ElasticNet_1
1312,SI_ref_18,Pristine SCW Biochar,NPX,Lake water,0.9157588621166984,0.8532336972737432,ElasticNet,ElasticNet_1
1314,SI_ref_18,Pristine SCW Biochar,NPX,Lake water,0.9211177808704595,0.8388049157522774,ElasticNet,ElasticNet_1
1316,SI_ref_18,Pristine SCW Biochar,NPX,Lake water,0.9261251958543161,0.8243329121857146,ElasticNet,ElasticNet_1
1318,SI_ref_18,Pristine SCW Biochar,NPX,Lake water,0.9179250714018231,0.8158564090063805,ElasticNet,ElasticNet_1
1320,SI_ref_18,Pristine SCW Biochar,NPX,Lake water,0.9238791357631378,0.8098391964936901,ElasticNet,ElasticNet_1
1325,SI_ref_18,Pristine SCW Biochar,NPX,Secondary effluent,0.8954095327862793,0.7785733453572482,ElasticNet,ElasticNet_1
1328,SI_ref_18,Pristine SCW Biochar,NPX,Lake water,0.9239571578457322,0.8013554408802122,ElasticNet,ElasticNet_1
1330,SI_ref_18,Pristine SCW Biochar,NPX,Lake water,0.9241969522882365,0.8013554408802122,ElasticNet,ElasticNet_1
1337,SI_ref_18,Pristine SCW Biochar,NPX,Secondary effluent,0.9109852392346297,0.8029811789030263,ElasticNet,ElasticNet_1
1346,SI_ref_18,Pristine SCW Biochar,NPX,Secondary effluent,0.9136165317560039,0.8029811789030263,ElasticNet,ElasticNet_1
1347,SI_ref_18,Pristine SCW Biochar,NPX,Secondary effluent,0.9038576927569927,0.8029811789030263,ElasticNet,ElasticNet_1
16,SI_ref_19,AMCB,IBU,Ground water,0.029204625724030753,0.33724529172464296,ExtraTrees,ExtraTrees_2
25,SI_ref_19,AMCB,IBU,Lake water,0.3473743729830984,0.3889955355232358,ExtraTrees,ExtraTrees_2
34,SI_ref_19,AMCB,IBU,Ground water,0.303030777614079,0.24016864134801097,ExtraTrees,ExtraTrees_2
36,SI_ref_19,AMCB,IBU,Ground water,0.41496556078686897,0.34670047605416576,ExtraTrees,ExtraTrees_2
44,SI_ref_19,AMCB,IBU,Ground water,0.5024496962602676,0.2507033474190813,ExtraTrees,ExtraTrees_2
48,SI_ref_19,AMCB,IBU,Ground water,0.03338351934448727,0.34507246547284237,ExtraTrees,ExtraTrees_2
55,SI_ref_19,AMCB,IBU,Lake water,0.34535416691700616,0.401337567843011,ExtraTrees,ExtraTrees_2
64,SI_ref_19,AMCB,IBU,Ground water,0.3258728934993643,0.26906277315955357,ExtraTrees,ExtraTrees_2
66,SI_ref_19,AMCB,IBU,Ground water,0.4885549946229274,0.3577012075965767,ExtraTrees,ExtraTrees_2
74,SI_ref_19,AMCB,IBU,Ground water,0.5226317382792791,0.2568499598643966,ExtraTrees,ExtraTrees_2
78,SI_ref_19,AMCB,IBU,Ground water,0.025848755777109534,0.3547630087549477,ExtraTrees,ExtraTrees_2
85,SI_ref_19,AMCB,IBU,Lake water,0.32220691257344963,0.42434845836343654,ExtraTrees,ExtraTrees_2
94,SI_ref_19,AMCB,IBU,Ground water,0.3191737471997417,0.29364611372310234,ExtraTrees,ExtraTrees_2
96,SI_ref_19,AMCB,IBU,Ground water,0.45590621693388655,0.3647714736246763,ExtraTrees,ExtraTrees_2
106,SI_ref_19,AMCB,IBU,Ground water,0.3644459510905023,0.3076706161726443,ExtraTrees,ExtraTrees_2
112,SI_ref_19,AMCB,IBU,Ground water,0.5464029950150356,0.2992967499284505,ExtraTrees,ExtraTrees_2
140,SI_ref_17,Alkali-modified SCG biochars,CBZ,Synthetic,0.006132526431344026,0.11623211930748548,ExtraTrees,ExtraTrees_2
146,SI_ref_17,Alkali-modified SCG biochars,CBZ,Synthetic,0.6777397154224275,0.3580991061002993,ExtraTrees,ExtraTrees_2
151,SI_ref_17,Alkali-modified SCG biochars,CBZ,Synthetic,0.4516798693491866,0.11623211930748548,ExtraTrees,ExtraTrees_2
168,SI_ref_17,Alkali-modified SCG biochars,EE2,Synthetic,0.0796235147045166,0.3246375253522653,ExtraTrees,ExtraTrees_2
176,SI_ref_17,Alkali-modified SCG biochars,EE2,Synthetic,0.07754174693450858,0.3293490228419953,ExtraTrees,ExtraTrees_2
181,SI_ref_17,Alkali-modified SCG biochars,EE2,Synthetic,0.7086029202646077,0.3293490228419953,ExtraTrees,ExtraTrees_2
190,SI_ref_17,Alkali-modified SCG biochars,IBU,Synthetic,0.22674008618295227,0.3729808661429451,ExtraTrees,ExtraTrees_2
192,SI_ref_17,Alkali-modified SCG biochars,IBU,Synthetic,0.18762987622773672,0.32954646735856746,ExtraTrees,ExtraTrees_2
194,SI_ref_17,Alkali-modified SCG biochars,IBU,Synthetic,0.0964989432139522,0.2589896712004439,ExtraTrees,ExtraTrees_2
196,SI_ref_17,Alkali-modified SCG biochars,IBU,Synthetic,0.056403766337859394,0.21785254250893094,ExtraTrees,ExtraTrees_2
198,SI_ref_17,Alkali-modified SCG biochars,IBU,Synthetic,0.04365646649895644,0.20358117298390246,ExtraTrees,ExtraTrees_2
200,SI_ref_17,Alkali-modified SCG biochars,IBU,Synthetic,0.05275302685215311,0.20040618590150763,ExtraTrees,ExtraTrees_2
202,SI_ref_17,Alkali-modified SCG biochars,IBU,Synthetic,0.051463060103218494,0.19439873978790373,ExtraTrees,ExtraTrees_2
206,SI_ref_17,Alkali-modified SCG biochars,IBU,Synthetic,0.05901922048526246,0.20379249337215433,ExtraTrees,ExtraTrees_2
213,SI_ref_17,Alkali-modified SCG biochars,IBU,Synthetic,0.33928547446435453,0.420792996985586,ExtraTrees,ExtraTrees_2
220,SI_ref_17,Alkali-modified SCG biochars,IBU,Synthetic,0.004839210099114782,0.20379249337215433,ExtraTrees,ExtraTrees_2
222,SI_ref_17,Alkali-modified SCG biochars,IBU,Synthetic,0.04374442489311713,0.20379249337215433,ExtraTrees,ExtraTrees_2
224,SI_ref_17,Alkali-modified SCG biochars,IBU,Synthetic,0.2945083196339574,0.20379249337215433,ExtraTrees,ExtraTrees_2
229,SI_ref_16,C-Biochar,ATE,Synthetic,0.8511111111111113,0.7854732798066115,ExtraTrees,ExtraTrees_2
231,SI_ref_16,C-Biochar,ATE,Synthetic,0.7400000000000001,0.7854732798066115,ExtraTrees,ExtraTrees_2
235,SI_ref_16,C-Biochar,ATE,Synthetic,0.8511111111111113,0.7854732798066115,ExtraTrees,ExtraTrees_2
238,SI_ref_16,C-Biochar,ATE,Synthetic,0.6733333333333335,0.7854732798066115,ExtraTrees,ExtraTrees_2
250,SI_ref_16,C-Biochar,CBZ,Synthetic,0.4840388007054674,0.5541555226582683,ExtraTrees,ExtraTrees_2
251,SI_ref_16,C-Biochar,CBZ,Synthetic,0.5325396825396824,0.5541555226582683,ExtraTrees,ExtraTrees_2
252,SI_ref_16,C-Biochar,CBZ,Synthetic,0.4258377425044091,0.5541555226582683,ExtraTrees,ExtraTrees_2
258,SI_ref_16,C-Biochar,CBZ,Synthetic,0.4990079365079365,0.5541555226582683,ExtraTrees,ExtraTrees_2
264,SI_ref_16,C-Biochar,IBU,Synthetic,0.7333333333333333,0.6267857613193365,ExtraTrees,ExtraTrees_2
266,SI_ref_16,C-Biochar,IBU,Synthetic,0.6121212121212122,0.6297352652875903,ExtraTrees,ExtraTrees_2
271,SI_ref_16,C-Biochar,IBU,Synthetic,0.6000000000000001,0.6297352652875903,ExtraTrees,ExtraTrees_2
277,SI_ref_16,C-Biochar,IBU,Synthetic,0.7844444444444444,0.6297352652875903,ExtraTrees,ExtraTrees_2
278,SI_ref_16,C-Biochar,IBU,Synthetic,0.8430555555555557,0.6297352652875903,ExtraTrees,ExtraTrees_2
279,SI_ref_16,C-Biochar,IBU,Synthetic,0.861111111111111,0.6297352652875903,ExtraTrees,ExtraTrees_2
296,SI_ref_19,CB,IBU,Ground water,0.9945207101387852,0.9356229983245206,ExtraTrees,ExtraTrees_2
303,SI_ref_19,CB,IBU,Lake water,0.9505925590656487,0.9497618095746948,ExtraTrees,ExtraTrees_2
314,SI_ref_19,CB,IBU,Ground water,0.917590560186213,0.9301434124453358,ExtraTrees,ExtraTrees_2
316,SI_ref_19,CB,IBU,Ground water,0.9236132062907854,0.9302568590497481,ExtraTrees,ExtraTrees_2
320,SI_ref_19,CB,IBU,Ground water,0.9303445651202417,0.9356229983245206,ExtraTrees,ExtraTrees_2
328,SI_ref_19,CB,IBU,Ground water,0.9241489703794897,0.931203057600415,ExtraTrees,ExtraTrees_2
340,SI_ref_14,GCRB,ALA,Synthetic,0.9700055250053173,0.9518097500132783,ExtraTrees,ExtraTrees_2
361,SI_ref_14,GCRB,DIU,Synthetic,0.9291396445453227,0.9576147011548005,ExtraTrees,ExtraTrees_2
363,SI_ref_14,GCRB,DIU,Synthetic,0.9527369648004039,0.9576147011548005,ExtraTrees,ExtraTrees_2
365,SI_ref_14,GCRB,DIU,Synthetic,0.9265327424413893,0.9576147011548005,ExtraTrees,ExtraTrees_2
367,SI_ref_14,GCRB,DIU,Synthetic,0.9238760352548926,0.9576147011548005,ExtraTrees,ExtraTrees_2
369,SI_ref_14,GCRB,DIU,Synthetic,0.9147016410628197,0.9393884416248339,ExtraTrees,ExtraTrees_2
374,SI_ref_14,GCRB,DIU,Synthetic,1.0082496176169822,0.9576147011548005,ExtraTrees,ExtraTrees_2
390,SI_ref_14,GCRB,SIM,Synthetic,0.9757367710073495,0.9734562056695111,ExtraTrees,ExtraTrees_2
406,SI_ref_14,GCRB-N,ALA,Synthetic,0.4281694326598611,0.47920178043501804,ExtraTrees,ExtraTrees_2
446,SI_ref_14,GCRB-N,DIU,Synthetic,0.2075726875081201,0.30296851782265233,ExtraTrees,ExtraTrees_2
448,SI_ref_14,GCRB-N,DIU,Synthetic,0.1819381767074788,0.3084785792187745,ExtraTrees,ExtraTrees_2
450,SI_ref_14,GCRB-N,DIU,Synthetic,0.1736169508150928,0.3057008275893369,ExtraTrees,ExtraTrees_2
453,SI_ref_14,GCRB-N,DIU,Synthetic,0.1683505359330984,0.31451541728018145,ExtraTrees,ExtraTrees_2
456,SI_ref_14,GCRB-N,DIU,Synthetic,0.1402528461142079,0.32810707386967874,ExtraTrees,ExtraTrees_2
459,SI_ref_14,GCRB-N,DIU,Synthetic,0.6455190877003087,0.3283786974133687,ExtraTrees,ExtraTrees_2
460,SI_ref_14,GCRB-N,DIU,Synthetic,0.12138562309836234,0.3331562170713673,ExtraTrees,ExtraTrees_2
462,SI_ref_14,GCRB-N,DIU,Synthetic,0.16773925939532233,0.33248682575324023,ExtraTrees,ExtraTrees_2
465,SI_ref_14,GCRB-N,DIU,Synthetic,0.1405827183894587,0.33259717906727687,ExtraTrees,ExtraTrees_2
468,SI_ref_14,GCRB-N,DIU,Synthetic,0.6564705601884918,0.33252271059655847,ExtraTrees,ExtraTrees_2
469,SI_ref_14,GCRB-N,DIU,Synthetic,0.12617131727344172,0.33541420832740465,ExtraTrees,ExtraTrees_2
471,SI_ref_14,GCRB-N,DIU,Synthetic,0.1676281074261493,0.33552203415110887,ExtraTrees,ExtraTrees_2
474,SI_ref_14,GCRB-N,DIU,Synthetic,0.14041778225183332,0.33751366836746366,ExtraTrees,ExtraTrees_2
477,SI_ref_14,GCRB-N,DIU,Synthetic,0.6413243626564091,0.33751366836746366,ExtraTrees,ExtraTrees_2
478,SI_ref_14,GCRB-N,DIU,Synthetic,0.12377847018590202,0.33751366836746366,ExtraTrees,ExtraTrees_2
490,SI_ref_14,GCRB-N,SIM,Synthetic,0.38105997172266487,0.6007577328734898,ExtraTrees,ExtraTrees_2
537,SI_ref_19,MCB,IBU,Ground water,0.9902068659306948,0.9315644969167423,ExtraTrees,ExtraTrees_2
546,SI_ref_19,MCB,IBU,Lake water,0.9468798357239083,0.9474258453405661,ExtraTrees,ExtraTrees_2
555,SI_ref_19,MCB,IBU,Ground water,0.910886274193223,0.9246073989822176,ExtraTrees,ExtraTrees_2
561,SI_ref_19,MCB,IBU,Ground water,0.9227697266379059,0.9224684498442534,ExtraTrees,ExtraTrees_2
565,SI_ref_19,MCB,IBU,Ground water,0.9254612605703445,0.9307601987911831,ExtraTrees,ExtraTrees_2
573,SI_ref_19,MCB,IBU,Ground water,0.9222883610163676,0.9262876117000407,ExtraTrees,ExtraTrees_2
577,SI_ref_19,MCB,IBU,Ground water,0.9896236049163454,0.9313494648411994,ExtraTrees,ExtraTrees_2
584,SI_ref_19,MCB,IBU,Lake water,0.9474280457633885,0.9456884988714933,ExtraTrees,ExtraTrees_2
593,SI_ref_19,MCB,IBU,Ground water,0.911624129649438,0.9249914054504341,ExtraTrees,ExtraTrees_2
595,SI_ref_19,MCB,IBU,Ground water,0.9248851497651674,0.9313023820483767,ExtraTrees,ExtraTrees_2
603,SI_ref_19,MCB,IBU,Ground water,0.920786534541565,0.9298910409446599,ExtraTrees,ExtraTrees_2
607,SI_ref_19,MCB,IBU,Ground water,0.9861765121394982,0.9311122355619904,ExtraTrees,ExtraTrees_2
614,SI_ref_19,MCB,IBU,Lake water,0.9465039927474991,0.9409298541142143,ExtraTrees,ExtraTrees_2
623,SI_ref_19,MCB,IBU,Ground water,0.9103224686673798,0.9227800309009901,ExtraTrees,ExtraTrees_2
625,SI_ref_19,MCB,IBU,Ground water,0.9258221154816445,0.9302557721410964,ExtraTrees,ExtraTrees_2
633,SI_ref_19,MCB,IBU,Ground water,0.9216175906678238,0.9266094311257178,ExtraTrees,ExtraTrees_2
653,SI_ref_18,NaOH-activated SCW biochars,DCF,Lake water,0.060393710525153486,0.5380535605765384,ExtraTrees,ExtraTrees_2
654,SI_ref_18,NaOH-activated SCW biochars,DCF,Secondary effluent,0.1736813951376961,0.6003871948795194,ExtraTrees,ExtraTrees_2
657,SI_ref_18,NaOH-activated SCW biochars,DCF,Lake water,0.4098052873550469,0.5347462937375999,ExtraTrees,ExtraTrees_2
666,SI_ref_18,NaOH-activated SCW biochars,DCF,Secondary effluent,0.6160844980694858,0.6003871948795194,ExtraTrees,ExtraTrees_2
668,SI_ref_18,NaOH-activated SCW biochars,DCF,Lake water,0.5638671837826676,0.5380535605765384,ExtraTrees,ExtraTrees_2
671,SI_ref_18,NaOH-activated SCW biochars,DCF,Lake water,0.5111881637893111,0.5380535605765384,ExtraTrees,ExtraTrees_2
680,SI_ref_18,NaOH-activated SCW biochars,DCF,Lake water,0.5451956691534918,0.5380535605765384,ExtraTrees,ExtraTrees_2
681,SI_ref_18,NaOH-activated SCW biochars,DCF,Lake water,0.5155236787057735,0.5380535605765384,ExtraTrees,ExtraTrees_2
684,SI_ref_18,NaOH-activated SCW biochars,DCF,Lake water,0.5054530420964745,0.5380535605765384,ExtraTrees,ExtraTrees_2
689,SI_ref_18,NaOH-activated SCW biochars,DCF,Secondary effluent,0.6862219778123194,0.6009055201515185,ExtraTrees,ExtraTrees_2
717,SI_ref_18,NaOH-activated SCW biochars,IBU,Secondary effluent,0.5431517029603264,0.6051537692069442,ExtraTrees,ExtraTrees_2
726,SI_ref_18,NaOH-activated SCW biochars,IBU,Lake water,0.6298354173553987,0.59947970038845,ExtraTrees,ExtraTrees_2
732,SI_ref_18,NaOH-activated SCW biochars,IBU,Lake water,0.6159420233488258,0.59947970038845,ExtraTrees,ExtraTrees_2
736,SI_ref_18,NaOH-activated SCW biochars,IBU,Lake water,0.6281995086504742,0.59947970038845,ExtraTrees,ExtraTrees_2
750,SI_ref_18,NaOH-activated SCW biochars,IBU,Secondary effluent,0.811827151849907,0.6468631248649096,ExtraTrees,ExtraTrees_2
751,SI_ref_18,NaOH-activated SCW biochars,IBU,Lake water,0.6869669848084122,0.59947970038845,ExtraTrees,ExtraTrees_2
754,SI_ref_18,NaOH-activated SCW biochars,IBU,Secondary effluent,0.7786423949758233,0.6137818573711707,ExtraTrees,ExtraTrees_2
757,SI_ref_18,NaOH-activated SCW biochars,NPX,Lake water,0.20620314882650506,0.3127904972277818,ExtraTrees,ExtraTrees_2
759,SI_ref_18,NaOH-activated SCW biochars,NPX,Lake water,0.23676500653660967,0.2927946739073204,ExtraTrees,ExtraTrees_2
761,SI_ref_18,NaOH-activated SCW biochars,NPX,Lake water,0.21090148006849843,0.2667715804495794,ExtraTrees,ExtraTrees_2
763,SI_ref_18,NaOH-activated SCW biochars,NPX,Lake water,0.14381242837395034,0.18889696778801174,ExtraTrees,ExtraTrees_2
765,SI_ref_18,NaOH-activated SCW biochars,NPX,Lake water,0.049549349058709447,0.1295370265539271,ExtraTrees,ExtraTrees_2
767,SI_ref_18,NaOH-activated SCW biochars,NPX,Lake water,0.0742796412273446,0.10159909116120559,ExtraTrees,ExtraTrees_2
769,SI_ref_18,NaOH-activated SCW biochars,NPX,Lake water,0.041917196066405205,0.08833688278458494,ExtraTrees,ExtraTrees_2
773,SI_ref_18,NaOH-activated SCW biochars,NPX,Lake water,0.02383921541973232,0.07372369059075501,ExtraTrees,ExtraTrees_2
776,SI_ref_18,NaOH-activated SCW biochars,NPX,Secondary effluent,0.048092629555703405,0.1326752192894252,ExtraTrees,ExtraTrees_2
779,SI_ref_18,NaOH-activated SCW biochars,NPX,Lake water,0.0651330447328621,0.07372369059075501,ExtraTrees,ExtraTrees_2
781,SI_ref_18,NaOH-activated SCW biochars,NPX,Lake water,0.04234525136924403,0.07372369059075501,ExtraTrees,ExtraTrees_2
788,SI_ref_18,NaOH-activated SCW biochars,NPX,Secondary effluent,0.09141898602740345,0.1326752192894252,ExtraTrees,ExtraTrees_2
798,SI_ref_18,NaOH-activated SCW biochars,NPX,Secondary effluent,0.15082313311850198,0.1326752192894252,ExtraTrees,ExtraTrees_2
800,SI_ref_18,NaOH-activated SCW biochars,NPX,Secondary effluent,0.24701864815812044,0.1326752192894252,ExtraTrees,ExtraTrees_2
871,SI_ref_13,PB600,CBZ,Synthetic,0.6953242835595775,0.4772614409949735,ExtraTrees,ExtraTrees_2
881,SI_ref_13,PB600,IBU,Synthetic,0.2096102913356035,0.6404203545006878,ExtraTrees,ExtraTrees_2
918,SI_ref_13,PB800,CBZ,Synthetic,0.30905619203491547,0.23246868270158097,ExtraTrees,ExtraTrees_2
928,SI_ref_13,PB800,IBU,Synthetic,0.23013048635824437,0.38889959093264254,ExtraTrees,ExtraTrees_2
954,SI_ref_15,PSB,CAR,Synthetic,0.9395494569882223,0.9117900755391171,ExtraTrees,ExtraTrees_2
955,SI_ref_15,PSB,CAR,Synthetic,0.9231398092867221,0.9117900755391171,ExtraTrees,ExtraTrees_2
957,SI_ref_15,PSB,CAR,Synthetic,0.9436310458092197,0.9124574836936481,ExtraTrees,ExtraTrees_2
964,SI_ref_15,PSB,CAR,Synthetic,0.9383522096618221,0.9117900755391171,ExtraTrees,ExtraTrees_2
978,SI_ref_15,PSB,PYR,Synthetic,0.919631586959635,0.9250980376419206,ExtraTrees,ExtraTrees_2
985,SI_ref_15,PSB,PYR,Synthetic,0.9775942152304119,0.9250980376419206,ExtraTrees,ExtraTrees_2
994,SI_ref_15,PSB,TEB,Synthetic,0.9362126098667423,0.9232564248984707,ExtraTrees,ExtraTrees_2
1000,SI_ref_15,PSB,TEB,Synthetic,0.8714762044822667,0.9232564248984707,ExtraTrees,ExtraTrees_2
1015,SI_ref_15,PSBOX-A,CAR,Synthetic,0.03563496474916306,0.11145889153546408,ExtraTrees,ExtraTrees_2
1016,SI_ref_15,PSBOX-A,CAR,Synthetic,0.026325197069833068,0.11145889153546408,ExtraTrees,ExtraTrees_2
1018,SI_ref_15,PSBOX-A,CAR,Synthetic,0.034457194657534405,0.11269990715518693,ExtraTrees,ExtraTrees_2
1025,SI_ref_15,PSBOX-A,CAR,Synthetic,0.0497879777437964,0.11145889153546408,ExtraTrees,ExtraTrees_2
1040,SI_ref_15,PSBOX-A,PYR,Synthetic,0.5200236643843362,0.2525556009254775,ExtraTrees,ExtraTrees_2
1043,SI_ref_15,PSBOX-A,PYR,Synthetic,0.08786555053416333,0.2511866399831669,ExtraTrees,ExtraTrees_2
1050,SI_ref_15,PSBOX-A,PYR,Synthetic,0.48794917248977554,0.2511866399831669,ExtraTrees,ExtraTrees_2
1059,SI_ref_15,PSBOX-A,TEB,Synthetic,0.07277962857952934,0.24327512609720447,ExtraTrees,ExtraTrees_2
1061,SI_ref_15,PSBOX-A,TEB,Synthetic,0.5163778457532948,0.25911203430400337,ExtraTrees,ExtraTrees_2
1070,SI_ref_15,PSBOX-A,TEB,Synthetic,0.04527670142322688,0.24327512609720447,ExtraTrees,ExtraTrees_2
1101,SI_ref_17,Pristine SCG biochar,CBZ,Synthetic,0.9071468090110305,0.9139212097180891,ExtraTrees,ExtraTrees_2
1108,SI_ref_17,Pristine SCG biochar,CBZ,Synthetic,0.8967497590877974,0.8970772537887125,ExtraTrees,ExtraTrees_2
1113,SI_ref_17,Pristine SCG biochar,CBZ,Synthetic,0.9373850128799738,0.9139212097180891,ExtraTrees,ExtraTrees_2
1130,SI_ref_17,Pristine SCG biochar,EE2,Synthetic,0.817422791958414,0.8543446556270579,ExtraTrees,ExtraTrees_2
1137,SI_ref_17,Pristine SCG biochar,EE2,Synthetic,0.8257334628724249,0.8813189990163852,ExtraTrees,ExtraTrees_2
1139,SI_ref_17,Pristine SCG biochar,EE2,Synthetic,0.8269992896243368,0.8813189990163852,ExtraTrees,ExtraTrees_2
1141,SI_ref_17,Pristine SCG biochar,EE2,Synthetic,0.8244509213990222,0.8813189990163852,ExtraTrees,ExtraTrees_2
1142,SI_ref_17,Pristine SCG biochar,EE2,Synthetic,0.859538444436826,0.8671236407547017,ExtraTrees,ExtraTrees_2
1148,SI_ref_17,Pristine SCG biochar,EE2,Synthetic,0.823763814163292,0.8671236407547017,ExtraTrees,ExtraTrees_2
1157,SI_ref_17,Pristine SCG biochar,IBU,Synthetic,0.9060511140454979,0.952009402625213,ExtraTrees,ExtraTrees_2
1159,SI_ref_17,Pristine SCG biochar,IBU,Synthetic,0.9004320791615827,0.9463028845285636,ExtraTrees,ExtraTrees_2
1161,SI_ref_17,Pristine SCG biochar,IBU,Synthetic,0.894961472244973,0.9421226709771954,ExtraTrees,ExtraTrees_2
1163,SI_ref_17,Pristine SCG biochar,IBU,Synthetic,0.8949151720794959,0.9383727649944028,ExtraTrees,ExtraTrees_2
1165,SI_ref_17,Pristine SCG biochar,IBU,Synthetic,0.892599829508416,0.9359599299750165,ExtraTrees,ExtraTrees_2
1167,SI_ref_17,Pristine SCG biochar,IBU,Synthetic,0.8914167516338777,0.9326601152421383,ExtraTrees,ExtraTrees_2
1169,SI_ref_17,Pristine SCG biochar,IBU,Synthetic,0.886841225533622,0.9303546892291676,ExtraTrees,ExtraTrees_2
1173,SI_ref_17,Pristine SCG biochar,IBU,Synthetic,0.9319085004678631,0.9190091427578467,ExtraTrees,ExtraTrees_2
1180,SI_ref_17,Pristine SCG biochar,IBU,Synthetic,0.9167234922708469,0.9127800395401431,ExtraTrees,ExtraTrees_2
1187,SI_ref_17,Pristine SCG biochar,IBU,Synthetic,0.9448963419259283,0.9190091427578467,ExtraTrees,ExtraTrees_2
1189,SI_ref_17,Pristine SCG biochar,IBU,Synthetic,0.9210277046979152,0.9190091427578467,ExtraTrees,ExtraTrees_2
1191,SI_ref_17,Pristine SCG biochar,IBU,Synthetic,0.9513456586569363,0.9190091427578467,ExtraTrees,ExtraTrees_2
1212,SI_ref_18,Pristine SCW Biochar,DCF,Secondary effluent,0.8964391711737753,0.9097162032670049,ExtraTrees,ExtraTrees_2
1214,SI_ref_18,Pristine SCW Biochar,DCF,Lake water,0.9077130214504949,0.9076402420172676,ExtraTrees,ExtraTrees_2
1223,SI_ref_18,Pristine SCW Biochar,DCF,Secondary effluent,0.916228597953408,0.9097162032670049,ExtraTrees,ExtraTrees_2
1225,SI_ref_18,Pristine SCW Biochar,DCF,Lake water,0.9209005359691885,0.9201402665371401,ExtraTrees,ExtraTrees_2
1228,SI_ref_18,Pristine SCW Biochar,DCF,Lake water,0.918118398017722,0.9201402665371401,ExtraTrees,ExtraTrees_2
1237,SI_ref_18,Pristine SCW Biochar,DCF,Lake water,0.9176779336906461,0.9201402665371401,ExtraTrees,ExtraTrees_2
1238,SI_ref_18,Pristine SCW Biochar,DCF,Lake water,0.9153943997055312,0.9201402665371401,ExtraTrees,ExtraTrees_2
1241,SI_ref_18,Pristine SCW Biochar,DCF,Lake water,0.9102639266700783,0.9201402665371401,ExtraTrees,ExtraTrees_2
1246,SI_ref_18,Pristine SCW Biochar,DCF,Secondary effluent,0.9052859627037971,0.9113202193488248,ExtraTrees,ExtraTrees_2
1270,SI_ref_18,Pristine SCW Biochar,IBU,Secondary effluent,0.8874692330465712,0.8891381743599015,ExtraTrees,ExtraTrees_2
1279,SI_ref_18,Pristine SCW Biochar,IBU,Lake water,0.9204127206373283,0.9149876683291005,ExtraTrees,ExtraTrees_2
1285,SI_ref_18,Pristine SCW Biochar,IBU,Lake water,0.9175495400890653,0.9149876683291005,ExtraTrees,ExtraTrees_2
1289,SI_ref_18,Pristine SCW Biochar,IBU,Lake water,0.91141920930323,0.9149876683291005,ExtraTrees,ExtraTrees_2
1303,SI_ref_18,Pristine SCW Biochar,IBU,Secondary effluent,0.9145392250293353,0.9029749986800194,ExtraTrees,ExtraTrees_2
1305,SI_ref_18,Pristine SCW Biochar,IBU,Secondary effluent,0.8992133437264335,0.9023367862453866,ExtraTrees,ExtraTrees_2
1308,SI_ref_18,Pristine SCW Biochar,NPX,Lake water,0.9299082628630408,0.926279305926895,ExtraTrees,ExtraTrees_2
1310,SI_ref_18,Pristine SCW Biochar,NPX,Lake water,0.9179731197519893,0.9231817383405145,ExtraTrees,ExtraTrees_2
1312,SI_ref_18,Pristine SCW Biochar,NPX,Lake water,0.9157588621166984,0.9239052265602139,ExtraTrees,ExtraTrees_2
1314,SI_ref_18,Pristine SCW Biochar,NPX,Lake water,0.9211177808704595,0.9255791272810547,ExtraTrees,ExtraTrees_2
1316,SI_ref_18,Pristine SCW Biochar,NPX,Lake water,0.9261251958543161,0.9268425660080779,ExtraTrees,ExtraTrees_2
1318,SI_ref_18,Pristine SCW Biochar,NPX,Lake water,0.9179250714018231,0.9261349761727896,ExtraTrees,ExtraTrees_2
1320,SI_ref_18,Pristine SCW Biochar,NPX,Lake water,0.9238791357631378,0.9267184654159071,ExtraTrees,ExtraTrees_2
1325,SI_ref_18,Pristine SCW Biochar,NPX,Secondary effluent,0.8954095327862793,0.9015865894553634,ExtraTrees,ExtraTrees_2
1328,SI_ref_18,Pristine SCW Biochar,NPX,Lake water,0.9239571578457322,0.9194390250607887,ExtraTrees,ExtraTrees_2
1330,SI_ref_18,Pristine SCW Biochar,NPX,Lake water,0.9241969522882365,0.9194390250607887,ExtraTrees,ExtraTrees_2
1337,SI_ref_18,Pristine SCW Biochar,NPX,Secondary effluent,0.9109852392346297,0.9102382776822744,ExtraTrees,ExtraTrees_2
1346,SI_ref_18,Pristine SCW Biochar,NPX,Secondary effluent,0.9136165317560039,0.9102382776822744,ExtraTrees,ExtraTrees_2
1347,SI_ref_18,Pristine SCW Biochar,NPX,Secondary effluent,0.9038576927569927,0.9102382776822744,ExtraTrees,ExtraTrees_2
16,SI_ref_19,AMCB,IBU,Ground water,0.029204625724030753,0.31660188898578656,GradientBoosting,GradientBoosting_2
25,SI_ref_19,AMCB,IBU,Lake water,0.3473743729830984,0.34413175400541873,GradientBoosting,GradientBoosting_2
34,SI_ref_19,AMCB,IBU,Ground water,0.303030777614079,0.3057550127802256,GradientBoosting,GradientBoosting_2
36,SI_ref_19,AMCB,IBU,Ground water,0.41496556078686897,0.3763722495445107,GradientBoosting,GradientBoosting_2
44,SI_ref_19,AMCB,IBU,Ground water,0.5024496962602676,0.3468618309484803,GradientBoosting,GradientBoosting_2
48,SI_ref_19,AMCB,IBU,Ground water,0.03338351934448727,0.3212567431201895,GradientBoosting,GradientBoosting_2
55,SI_ref_19,AMCB,IBU,Lake water,0.34535416691700616,0.35379565796369145,GradientBoosting,GradientBoosting_2
64,SI_ref_19,AMCB,IBU,Ground water,0.3258728934993643,0.2891148920025645,GradientBoosting,GradientBoosting_2
66,SI_ref_19,AMCB,IBU,Ground water,0.4885549946229274,0.35714815902430297,GradientBoosting,GradientBoosting_2
74,SI_ref_19,AMCB,IBU,Ground water,0.5226317382792791,0.3276377404282726,GradientBoosting,GradientBoosting_2
78,SI_ref_19,AMCB,IBU,Ground water,0.025848755777109534,0.33051639630749935,GradientBoosting,GradientBoosting_2
85,SI_ref_19,AMCB,IBU,Lake water,0.32220691257344963,0.3630553111510013,GradientBoosting,GradientBoosting_2
94,SI_ref_19,AMCB,IBU,Ground water,0.3191737471997417,0.3432645588226026,GradientBoosting,GradientBoosting_2
96,SI_ref_19,AMCB,IBU,Ground water,0.45590621693388655,0.42425249740858767,GradientBoosting,GradientBoosting_2
106,SI_ref_19,AMCB,IBU,Ground water,0.3644459510905023,0.43988894584285615,GradientBoosting,GradientBoosting_2
112,SI_ref_19,AMCB,IBU,Ground water,0.5464029950150356,0.39474207881255724,GradientBoosting,GradientBoosting_2
140,SI_ref_17,Alkali-modified SCG biochars,CBZ,Synthetic,0.006132526431344026,0.18293830791172916,GradientBoosting,GradientBoosting_2
146,SI_ref_17,Alkali-modified SCG biochars,CBZ,Synthetic,0.6777397154224275,0.31915394787341805,GradientBoosting,GradientBoosting_2
151,SI_ref_17,Alkali-modified SCG biochars,CBZ,Synthetic,0.4516798693491866,0.18293830791172916,GradientBoosting,GradientBoosting_2
168,SI_ref_17,Alkali-modified SCG biochars,EE2,Synthetic,0.0796235147045166,0.20575050541846493,GradientBoosting,GradientBoosting_2
176,SI_ref_17,Alkali-modified SCG biochars,EE2,Synthetic,0.07754174693450858,0.33204473485345837,GradientBoosting,GradientBoosting_2
181,SI_ref_17,Alkali-modified SCG biochars,EE2,Synthetic,0.7086029202646077,0.33204473485345837,GradientBoosting,GradientBoosting_2
190,SI_ref_17,Alkali-modified SCG biochars,IBU,Synthetic,0.22674008618295227,0.44086477956914755,GradientBoosting,GradientBoosting_2
192,SI_ref_17,Alkali-modified SCG biochars,IBU,Synthetic,0.18762987622773672,0.3971827170509291,GradientBoosting,GradientBoosting_2
194,SI_ref_17,Alkali-modified SCG biochars,IBU,Synthetic,0.0964989432139522,0.3146626842434033,GradientBoosting,GradientBoosting_2
196,SI_ref_17,Alkali-modified SCG biochars,IBU,Synthetic,0.056403766337859394,0.3131509395504878,GradientBoosting,GradientBoosting_2
198,SI_ref_17,Alkali-modified SCG biochars,IBU,Synthetic,0.04365646649895644,0.30684671296675425,GradientBoosting,GradientBoosting_2
200,SI_ref_17,Alkali-modified SCG biochars,IBU,Synthetic,0.05275302685215311,0.30684671296675425,GradientBoosting,GradientBoosting_2
202,SI_ref_17,Alkali-modified SCG biochars,IBU,Synthetic,0.051463060103218494,0.30684671296675425,GradientBoosting,GradientBoosting_2
206,SI_ref_17,Alkali-modified SCG biochars,IBU,Synthetic,0.05901922048526246,0.30684671296675425,GradientBoosting,GradientBoosting_2
213,SI_ref_17,Alkali-modified SCG biochars,IBU,Synthetic,0.33928547446435453,0.3827224206190797,GradientBoosting,GradientBoosting_2
220,SI_ref_17,Alkali-modified SCG biochars,IBU,Synthetic,0.004839210099114782,0.30684671296675425,GradientBoosting,GradientBoosting_2
222,SI_ref_17,Alkali-modified SCG biochars,IBU,Synthetic,0.04374442489311713,0.30684671296675425,GradientBoosting,GradientBoosting_2
224,SI_ref_17,Alkali-modified SCG biochars,IBU,Synthetic,0.2945083196339574,0.30684671296675425,GradientBoosting,GradientBoosting_2
229,SI_ref_16,C-Biochar,ATE,Synthetic,0.8511111111111113,0.7062510628093742,GradientBoosting,GradientBoosting_2
231,SI_ref_16,C-Biochar,ATE,Synthetic,0.7400000000000001,0.779274643226048,GradientBoosting,GradientBoosting_2
235,SI_ref_16,C-Biochar,ATE,Synthetic,0.8511111111111113,0.7677191558385869,GradientBoosting,GradientBoosting_2
238,SI_ref_16,C-Biochar,ATE,Synthetic,0.6733333333333335,0.7133720325188132,GradientBoosting,GradientBoosting_2
250,SI_ref_16,C-Biochar,CBZ,Synthetic,0.4840388007054674,0.5479242380935518,GradientBoosting,GradientBoosting_2
251,SI_ref_16,C-Biochar,CBZ,Synthetic,0.5325396825396824,0.5479242380935518,GradientBoosting,GradientBoosting_2
252,SI_ref_16,C-Biochar,CBZ,Synthetic,0.4258377425044091,0.5479242380935518,GradientBoosting,GradientBoosting_2
258,SI_ref_16,C-Biochar,CBZ,Synthetic,0.4990079365079365,0.5479242380935518,GradientBoosting,GradientBoosting_2
264,SI_ref_16,C-Biochar,IBU,Synthetic,0.7333333333333333,0.6083820811046423,GradientBoosting,GradientBoosting_2
266,SI_ref_16,C-Biochar,IBU,Synthetic,0.6121212121212122,0.6946611088175214,GradientBoosting,GradientBoosting_2
271,SI_ref_16,C-Biochar,IBU,Synthetic,0.6000000000000001,0.6946611088175214,GradientBoosting,GradientBoosting_2
277,SI_ref_16,C-Biochar,IBU,Synthetic,0.7844444444444444,0.6946611088175214,GradientBoosting,GradientBoosting_2
278,SI_ref_16,C-Biochar,IBU,Synthetic,0.8430555555555557,0.6946611088175214,GradientBoosting,GradientBoosting_2
279,SI_ref_16,C-Biochar,IBU,Synthetic,0.861111111111111,0.6946611088175214,GradientBoosting,GradientBoosting_2
296,SI_ref_19,CB,IBU,Ground water,0.9945207101387852,0.9389527319846632,GradientBoosting,GradientBoosting_2
303,SI_ref_19,CB,IBU,Lake water,0.9505925590656487,0.9435484698510258,GradientBoosting,GradientBoosting_2
314,SI_ref_19,CB,IBU,Ground water,0.917590560186213,0.9244391717663103,GradientBoosting,GradientBoosting_2
316,SI_ref_19,CB,IBU,Ground water,0.9236132062907854,0.9352189021199003,GradientBoosting,GradientBoosting_2
320,SI_ref_19,CB,IBU,Ground water,0.9303445651202417,0.9389527319846632,GradientBoosting,GradientBoosting_2
328,SI_ref_19,CB,IBU,Ground water,0.9241489703794897,0.9231324679809417,GradientBoosting,GradientBoosting_2
340,SI_ref_14,GCRB,ALA,Synthetic,0.9700055250053173,0.9579730401077066,GradientBoosting,GradientBoosting_2
361,SI_ref_14,GCRB,DIU,Synthetic,0.9291396445453227,0.9252397827317247,GradientBoosting,GradientBoosting_2
363,SI_ref_14,GCRB,DIU,Synthetic,0.9527369648004039,0.9368611809712203,GradientBoosting,GradientBoosting_2
365,SI_ref_14,GCRB,DIU,Synthetic,0.9265327424413893,0.9368611809712203,GradientBoosting,GradientBoosting_2
367,SI_ref_14,GCRB,DIU,Synthetic,0.9238760352548926,0.9368611809712203,GradientBoosting,GradientBoosting_2
369,SI_ref_14,GCRB,DIU,Synthetic,0.9147016410628197,0.9390730298184222,GradientBoosting,GradientBoosting_2
374,SI_ref_14,GCRB,DIU,Synthetic,1.0082496176169822,0.9368611809712203,GradientBoosting,GradientBoosting_2
390,SI_ref_14,GCRB,SIM,Synthetic,0.9757367710073495,0.9687538846587328,GradientBoosting,GradientBoosting_2
406,SI_ref_14,GCRB-N,ALA,Synthetic,0.4281694326598611,0.49235996852798425,GradientBoosting,GradientBoosting_2
446,SI_ref_14,GCRB-N,DIU,Synthetic,0.2075726875081201,0.24402817455895678,GradientBoosting,GradientBoosting_2
448,SI_ref_14,GCRB-N,DIU,Synthetic,0.1819381767074788,0.32943602977592024,GradientBoosting,GradientBoosting_2
450,SI_ref_14,GCRB-N,DIU,Synthetic,0.1736169508150928,0.3160012434132154,GradientBoosting,GradientBoosting_2
453,SI_ref_14,GCRB-N,DIU,Synthetic,0.1683505359330984,0.32943602977592024,GradientBoosting,GradientBoosting_2
456,SI_ref_14,GCRB-N,DIU,Synthetic,0.1402528461142079,0.35650984797813373,GradientBoosting,GradientBoosting_2
459,SI_ref_14,GCRB-N,DIU,Synthetic,0.6455190877003087,0.35650984797813373,GradientBoosting,GradientBoosting_2
460,SI_ref_14,GCRB-N,DIU,Synthetic,0.12138562309836234,0.3501571627248225,GradientBoosting,GradientBoosting_2
462,SI_ref_14,GCRB-N,DIU,Synthetic,0.16773925939532233,0.3501571627248225,GradientBoosting,GradientBoosting_2
465,SI_ref_14,GCRB-N,DIU,Synthetic,0.1405827183894587,0.3650309137046898,GradientBoosting,GradientBoosting_2
468,SI_ref_14,GCRB-N,DIU,Synthetic,0.6564705601884918,0.3650309137046898,GradientBoosting,GradientBoosting_2
469,SI_ref_14,GCRB-N,DIU,Synthetic,0.12617131727344172,0.355159378122831,GradientBoosting,GradientBoosting_2
471,SI_ref_14,GCRB-N,DIU,Synthetic,0.1676281074261493,0.355159378122831,GradientBoosting,GradientBoosting_2
474,SI_ref_14,GCRB-N,DIU,Synthetic,0.14041778225183332,0.3829467721897903,GradientBoosting,GradientBoosting_2
477,SI_ref_14,GCRB-N,DIU,Synthetic,0.6413243626564091,0.3829467721897903,GradientBoosting,GradientBoosting_2
478,SI_ref_14,GCRB-N,DIU,Synthetic,0.12377847018590202,0.447462626759259,GradientBoosting,GradientBoosting_2
490,SI_ref_14,GCRB-N,SIM,Synthetic,0.38105997172266487,0.5364805683908663,GradientBoosting,GradientBoosting_2
537,SI_ref_19,MCB,IBU,Ground water,0.9902068659306948,0.905109838681317,GradientBoosting,GradientBoosting_2
546,SI_ref_19,MCB,IBU,Lake water,0.9468798357239083,0.9113700225855349,GradientBoosting,GradientBoosting_2
555,SI_ref_19,MCB,IBU,Ground water,0.910886274193223,0.904840473132667,GradientBoosting,GradientBoosting_2
561,SI_ref_19,MCB,IBU,Ground water,0.9227697266379059,0.9315224461509032,GradientBoosting,GradientBoosting_2
565,SI_ref_19,MCB,IBU,Ground water,0.9254612605703445,0.9286935756104452,GradientBoosting,GradientBoosting_2
573,SI_ref_19,MCB,IBU,Ground water,0.9222883610163676,0.9084457117790486,GradientBoosting,GradientBoosting_2
577,SI_ref_19,MCB,IBU,Ground water,0.9896236049163454,0.9178651122397594,GradientBoosting,GradientBoosting_2
584,SI_ref_19,MCB,IBU,Lake water,0.9474280457633885,0.9291343459678473,GradientBoosting,GradientBoosting_2
593,SI_ref_19,MCB,IBU,Ground water,0.911624129649438,0.9130423472733283,GradientBoosting,GradientBoosting_2
595,SI_ref_19,MCB,IBU,Ground water,0.9248851497651674,0.9327388632196267,GradientBoosting,GradientBoosting_2
603,SI_ref_19,MCB,IBU,Ground water,0.920786534541565,0.9124909993882302,GradientBoosting,GradientBoosting_2
607,SI_ref_19,MCB,IBU,Ground water,0.9861765121394982,0.9228673276377679,GradientBoosting,GradientBoosting_2
614,SI_ref_19,MCB,IBU,Lake water,0.9465039927474991,0.9341365613658558,GradientBoosting,GradientBoosting_2
623,SI_ref_19,MCB,IBU,Ground water,0.9103224686673798,0.9089325637296477,GradientBoosting,GradientBoosting_2
625,SI_ref_19,MCB,IBU,Ground water,0.9258221154816445,0.9445977768581193,GradientBoosting,GradientBoosting_2
633,SI_ref_19,MCB,IBU,Ground water,0.9216175906678238,0.9243499130267228,GradientBoosting,GradientBoosting_2
653,SI_ref_18,NaOH-activated SCW biochars,DCF,Lake water,0.060393710525153486,0.535002850776688,GradientBoosting,GradientBoosting_2
654,SI_ref_18,NaOH-activated SCW biochars,DCF,Secondary effluent,0.1736813951376961,0.5567599941170643,GradientBoosting,GradientBoosting_2
657,SI_ref_18,NaOH-activated SCW biochars,DCF,Lake water,0.4098052873550469,0.46441627085816095,GradientBoosting,GradientBoosting_2
666,SI_ref_18,NaOH-activated SCW biochars,DCF,Secondary effluent,0.6160844980694858,0.5567599941170643,GradientBoosting,GradientBoosting_2
668,SI_ref_18,NaOH-activated SCW biochars,DCF,Lake water,0.5638671837826676,0.535002850776688,GradientBoosting,GradientBoosting_2
671,SI_ref_18,NaOH-activated SCW biochars,DCF,Lake water,0.5111881637893111,0.535002850776688,GradientBoosting,GradientBoosting_2
680,SI_ref_18,NaOH-activated SCW biochars,DCF,Lake water,0.5451956691534918,0.535002850776688,GradientBoosting,GradientBoosting_2
681,SI_ref_18,NaOH-activated SCW biochars,DCF,Lake water,0.5155236787057735,0.535002850776688,GradientBoosting,GradientBoosting_2
684,SI_ref_18,NaOH-activated SCW biochars,DCF,Lake water,0.5054530420964745,0.535002850776688,GradientBoosting,GradientBoosting_2
689,SI_ref_18,NaOH-activated SCW biochars,DCF,Secondary effluent,0.6862219778123194,0.5952239916090477,GradientBoosting,GradientBoosting_2
717,SI_ref_18,NaOH-activated SCW biochars,IBU,Secondary effluent,0.5431517029603264,0.5095324687770392,GradientBoosting,GradientBoosting_2
726,SI_ref_18,NaOH-activated SCW biochars,IBU,Lake water,0.6298354173553987,0.5794836831744846,GradientBoosting,GradientBoosting_2
732,SI_ref_18,NaOH-activated SCW biochars,IBU,Lake water,0.6159420233488258,0.5794836831744846,GradientBoosting,GradientBoosting_2
736,SI_ref_18,NaOH-activated SCW biochars,IBU,Lake water,0.6281995086504742,0.5794836831744846,GradientBoosting,GradientBoosting_2
750,SI_ref_18,NaOH-activated SCW biochars,IBU,Secondary effluent,0.811827151849907,0.652485839766843,GradientBoosting,GradientBoosting_2
751,SI_ref_18,NaOH-activated SCW biochars,IBU,Lake water,0.6869669848084122,0.5794836831744846,GradientBoosting,GradientBoosting_2
754,SI_ref_18,NaOH-activated SCW biochars,IBU,Secondary effluent,0.7786423949758233,0.601240826514861,GradientBoosting,GradientBoosting_2
757,SI_ref_18,NaOH-activated SCW biochars,NPX,Lake water,0.20620314882650506,0.32612361699328335,GradientBoosting,GradientBoosting_2
759,SI_ref_18,NaOH-activated SCW biochars,NPX,Lake water,0.23676500653660967,0.30970356938616805,GradientBoosting,GradientBoosting_2
761,SI_ref_18,NaOH-activated SCW biochars,NPX,Lake water,0.21090148006849843,0.2697385404583348,GradientBoosting,GradientBoosting_2
763,SI_ref_18,NaOH-activated SCW biochars,NPX,Lake water,0.14381242837395034,0.20687779177673316,GradientBoosting,GradientBoosting_2
765,SI_ref_18,NaOH-activated SCW biochars,NPX,Lake water,0.049549349058709447,0.14197251547811404,GradientBoosting,GradientBoosting_2
767,SI_ref_18,NaOH-activated SCW biochars,NPX,Lake water,0.0742796412273446,0.14197251547811404,GradientBoosting,GradientBoosting_2
769,SI_ref_18,NaOH-activated SCW biochars,NPX,Lake water,0.041917196066405205,0.14197251547811404,GradientBoosting,GradientBoosting_2
773,SI_ref_18,NaOH-activated SCW biochars,NPX,Lake water,0.02383921541973232,0.14197251547811404,GradientBoosting,GradientBoosting_2
776,SI_ref_18,NaOH-activated SCW biochars,NPX,Secondary effluent,0.048092629555703405,0.09245026964357732,GradientBoosting,GradientBoosting_2
779,SI_ref_18,NaOH-activated SCW biochars,NPX,Lake water,0.0651330447328621,0.14197251547811404,GradientBoosting,GradientBoosting_2
781,SI_ref_18,NaOH-activated SCW biochars,NPX,Lake water,0.04234525136924403,0.14197251547811404,GradientBoosting,GradientBoosting_2
788,SI_ref_18,NaOH-activated SCW biochars,NPX,Secondary effluent,0.09141898602740345,0.1621932283737888,GradientBoosting,GradientBoosting_2
798,SI_ref_18,NaOH-activated SCW biochars,NPX,Secondary effluent,0.15082313311850198,0.1621932283737888,GradientBoosting,GradientBoosting_2
800,SI_ref_18,NaOH-activated SCW biochars,NPX,Secondary effluent,0.24701864815812044,0.1621932283737888,GradientBoosting,GradientBoosting_2
871,SI_ref_13,PB600,CBZ,Synthetic,0.6953242835595775,0.4779164689269635,GradientBoosting,GradientBoosting_2
881,SI_ref_13,PB600,IBU,Synthetic,0.2096102913356035,0.5910660692735569,GradientBoosting,GradientBoosting_2
918,SI_ref_13,PB800,CBZ,Synthetic,0.30905619203491547,0.25225750886730136,GradientBoosting,GradientBoosting_2
928,SI_ref_13,PB800,IBU,Synthetic,0.23013048635824437,0.3875817975102463,GradientBoosting,GradientBoosting_2
954,SI_ref_15,PSB,CAR,Synthetic,0.9395494569882223,0.9105010301545546,GradientBoosting,GradientBoosting_2
955,SI_ref_15,PSB,CAR,Synthetic,0.9231398092867221,0.9105010301545546,GradientBoosting,GradientBoosting_2
957,SI_ref_15,PSB,CAR,Synthetic,0.9436310458092197,0.9273452127566759,GradientBoosting,GradientBoosting_2
964,SI_ref_15,PSB,CAR,Synthetic,0.9383522096618221,0.9105010301545546,GradientBoosting,GradientBoosting_2
978,SI_ref_15,PSB,PYR,Synthetic,0.919631586959635,0.9217333917481421,GradientBoosting,GradientBoosting_2
985,SI_ref_15,PSB,PYR,Synthetic,0.9775942152304119,0.9217333917481421,GradientBoosting,GradientBoosting_2
994,SI_ref_15,PSB,TEB,Synthetic,0.9362126098667423,0.9217333917481421,GradientBoosting,GradientBoosting_2
1000,SI_ref_15,PSB,TEB,Synthetic,0.8714762044822667,0.9217333917481421,GradientBoosting,GradientBoosting_2
1015,SI_ref_15,PSBOX-A,CAR,Synthetic,0.03563496474916306,0.13501708098031664,GradientBoosting,GradientBoosting_2
1016,SI_ref_15,PSBOX-A,CAR,Synthetic,0.026325197069833068,0.13501708098031664,GradientBoosting,GradientBoosting_2
1018,SI_ref_15,PSBOX-A,CAR,Synthetic,0.034457194657534405,0.20833182837139957,GradientBoosting,GradientBoosting_2
1025,SI_ref_15,PSBOX-A,CAR,Synthetic,0.0497879777437964,0.13501708098031664,GradientBoosting,GradientBoosting_2
1040,SI_ref_15,PSBOX-A,PYR,Synthetic,0.5200236643843362,0.22134831217056963,GradientBoosting,GradientBoosting_2
1043,SI_ref_15,PSBOX-A,PYR,Synthetic,0.08786555053416333,0.21672656714671465,GradientBoosting,GradientBoosting_2
1050,SI_ref_15,PSBOX-A,PYR,Synthetic,0.48794917248977554,0.21672656714671465,GradientBoosting,GradientBoosting_2
1059,SI_ref_15,PSBOX-A,TEB,Synthetic,0.07277962857952934,0.21672656714671465,GradientBoosting,GradientBoosting_2
1061,SI_ref_15,PSBOX-A,TEB,Synthetic,0.5163778457532948,0.2670649156851344,GradientBoosting,GradientBoosting_2
1070,SI_ref_15,PSBOX-A,TEB,Synthetic,0.04527670142322688,0.21672656714671465,GradientBoosting,GradientBoosting_2
1101,SI_ref_17,Pristine SCG biochar,CBZ,Synthetic,0.9071468090110305,0.8776903547913921,GradientBoosting,GradientBoosting_2
1108,SI_ref_17,Pristine SCG biochar,CBZ,Synthetic,0.8967497590877974,0.9082517310464375,GradientBoosting,GradientBoosting_2
1113,SI_ref_17,Pristine SCG biochar,CBZ,Synthetic,0.9373850128799738,0.8776903547913921,GradientBoosting,GradientBoosting_2
1130,SI_ref_17,Pristine SCG biochar,EE2,Synthetic,0.817422791958414,0.8421455867406267,GradientBoosting,GradientBoosting_2
1137,SI_ref_17,Pristine SCG biochar,EE2,Synthetic,0.8257334628724249,0.8912192308293526,GradientBoosting,GradientBoosting_2
1139,SI_ref_17,Pristine SCG biochar,EE2,Synthetic,0.8269992896243368,0.8912192308293526,GradientBoosting,GradientBoosting_2
1141,SI_ref_17,Pristine SCG biochar,EE2,Synthetic,0.8244509213990222,0.8912192308293526,GradientBoosting,GradientBoosting_2
1142,SI_ref_17,Pristine SCG biochar,EE2,Synthetic,0.859538444436826,0.8912192308293526,GradientBoosting,GradientBoosting_2
1148,SI_ref_17,Pristine SCG biochar,EE2,Synthetic,0.823763814163292,0.8912192308293526,GradientBoosting,GradientBoosting_2
1157,SI_ref_17,Pristine SCG biochar,IBU,Synthetic,0.9060511140454979,0.9622608426926947,GradientBoosting,GradientBoosting_2
1159,SI_ref_17,Pristine SCG biochar,IBU,Synthetic,0.9004320791615827,0.957323117529525,GradientBoosting,GradientBoosting_2
1161,SI_ref_17,Pristine SCG biochar,IBU,Synthetic,0.894961472244973,0.9376028039104898,GradientBoosting,GradientBoosting_2
1163,SI_ref_17,Pristine SCG biochar,IBU,Synthetic,0.8949151720794959,0.9320393496770741,GradientBoosting,GradientBoosting_2
1165,SI_ref_17,Pristine SCG biochar,IBU,Synthetic,0.892599829508416,0.922810007042213,GradientBoosting,GradientBoosting_2
1167,SI_ref_17,Pristine SCG biochar,IBU,Synthetic,0.8914167516338777,0.9207892617496047,GradientBoosting,GradientBoosting_2
1169,SI_ref_17,Pristine SCG biochar,IBU,Synthetic,0.886841225533622,0.9207892617496047,GradientBoosting,GradientBoosting_2
1173,SI_ref_17,Pristine SCG biochar,IBU,Synthetic,0.9319085004678631,0.9199676100287548,GradientBoosting,GradientBoosting_2
1180,SI_ref_17,Pristine SCG biochar,IBU,Synthetic,0.9167234922708469,0.9229437020358109,GradientBoosting,GradientBoosting_2
1187,SI_ref_17,Pristine SCG biochar,IBU,Synthetic,0.9448963419259283,0.9199676100287548,GradientBoosting,GradientBoosting_2
1189,SI_ref_17,Pristine SCG biochar,IBU,Synthetic,0.9210277046979152,0.9199676100287548,GradientBoosting,GradientBoosting_2
1191,SI_ref_17,Pristine SCG biochar,IBU,Synthetic,0.9513456586569363,0.9199676100287548,GradientBoosting,GradientBoosting_2
1212,SI_ref_18,Pristine SCW Biochar,DCF,Secondary effluent,0.8964391711737753,0.9089102037211513,GradientBoosting,GradientBoosting_2
1214,SI_ref_18,Pristine SCW Biochar,DCF,Lake water,0.9077130214504949,0.8989280190147294,GradientBoosting,GradientBoosting_2
1223,SI_ref_18,Pristine SCW Biochar,DCF,Secondary effluent,0.916228597953408,0.9089102037211513,GradientBoosting,GradientBoosting_2
1225,SI_ref_18,Pristine SCW Biochar,DCF,Lake water,0.9209005359691885,0.9142109563114081,GradientBoosting,GradientBoosting_2
1228,SI_ref_18,Pristine SCW Biochar,DCF,Lake water,0.918118398017722,0.9142109563114081,GradientBoosting,GradientBoosting_2
1237,SI_ref_18,Pristine SCW Biochar,DCF,Lake water,0.9176779336906461,0.9142109563114081,GradientBoosting,GradientBoosting_2
1238,SI_ref_18,Pristine SCW Biochar,DCF,Lake water,0.9153943997055312,0.9142109563114081,GradientBoosting,GradientBoosting_2
1241,SI_ref_18,Pristine SCW Biochar,DCF,Lake water,0.9102639266700783,0.9142109563114081,GradientBoosting,GradientBoosting_2
1246,SI_ref_18,Pristine SCW Biochar,DCF,Secondary effluent,0.9052859627037971,0.9209966378601099,GradientBoosting,GradientBoosting_2
1270,SI_ref_18,Pristine SCW Biochar,IBU,Secondary effluent,0.8874692330465712,0.896849218545584,GradientBoosting,GradientBoosting_2
1279,SI_ref_18,Pristine SCW Biochar,IBU,Lake water,0.9204127206373283,0.9218723684682985,GradientBoosting,GradientBoosting_2
1285,SI_ref_18,Pristine SCW Biochar,IBU,Lake water,0.9175495400890653,0.9218723684682985,GradientBoosting,GradientBoosting_2
1289,SI_ref_18,Pristine SCW Biochar,IBU,Lake water,0.91141920930323,0.9218723684682985,GradientBoosting,GradientBoosting_2
1303,SI_ref_18,Pristine SCW Biochar,IBU,Secondary effluent,0.9145392250293353,0.9378301643521237,GradientBoosting,GradientBoosting_2
1305,SI_ref_18,Pristine SCW Biochar,IBU,Secondary effluent,0.8992133437264335,0.9165716158780416,GradientBoosting,GradientBoosting_2
1308,SI_ref_18,Pristine SCW Biochar,NPX,Lake water,0.9299082628630408,0.939819832679402,GradientBoosting,GradientBoosting_2
1310,SI_ref_18,Pristine SCW Biochar,NPX,Lake water,0.9179731197519893,0.9233997850722864,GradientBoosting,GradientBoosting_2
1312,SI_ref_18,Pristine SCW Biochar,NPX,Lake water,0.9157588621166984,0.9161378902880666,GradientBoosting,GradientBoosting_2
1314,SI_ref_18,Pristine SCW Biochar,NPX,Lake water,0.9211177808704595,0.9094389101391865,GradientBoosting,GradientBoosting_2
1316,SI_ref_18,Pristine SCW Biochar,NPX,Lake water,0.9261251958543161,0.9011242529535441,GradientBoosting,GradientBoosting_2
1318,SI_ref_18,Pristine SCW Biochar,NPX,Lake water,0.9179250714018231,0.8991035076609357,GradientBoosting,GradientBoosting_2
1320,SI_ref_18,Pristine SCW Biochar,NPX,Lake water,0.9238791357631378,0.8991035076609357,GradientBoosting,GradientBoosting_2
1325,SI_ref_18,Pristine SCW Biochar,NPX,Secondary effluent,0.8954095327862793,0.8814026542333635,GradientBoosting,GradientBoosting_2
1328,SI_ref_18,Pristine SCW Biochar,NPX,Lake water,0.9239571578457322,0.8982818559400858,GradientBoosting,GradientBoosting_2
1330,SI_ref_18,Pristine SCW Biochar,NPX,Lake water,0.9241969522882365,0.8982818559400858,GradientBoosting,GradientBoosting_2
1337,SI_ref_18,Pristine SCW Biochar,NPX,Secondary effluent,0.9109852392346297,0.8958419703417262,GradientBoosting,GradientBoosting_2
1346,SI_ref_18,Pristine SCW Biochar,NPX,Secondary effluent,0.9136165317560039,0.8958419703417262,GradientBoosting,GradientBoosting_2
1347,SI_ref_18,Pristine SCW Biochar,NPX,Secondary effluent,0.9038576927569927,0.8958419703417262,GradientBoosting,GradientBoosting_2
16,SI_ref_19,AMCB,IBU,Ground water,0.029204625724030753,0.1870086895081933,HistGradientBoosting,HistGradientBoosting_2
25,SI_ref_19,AMCB,IBU,Lake water,0.3473743729830984,0.32941707618170746,HistGradientBoosting,HistGradientBoosting_2
34,SI_ref_19,AMCB,IBU,Ground water,0.303030777614079,0.2747974163832068,HistGradientBoosting,HistGradientBoosting_2
36,SI_ref_19,AMCB,IBU,Ground water,0.41496556078686897,0.4342309669841019,HistGradientBoosting,HistGradientBoosting_2
44,SI_ref_19,AMCB,IBU,Ground water,0.5024496962602676,0.3872061828812722,HistGradientBoosting,HistGradientBoosting_2
48,SI_ref_19,AMCB,IBU,Ground water,0.03338351934448727,0.16549854366744227,HistGradientBoosting,HistGradientBoosting_2
55,SI_ref_19,AMCB,IBU,Lake water,0.34535416691700616,0.3034834188583842,HistGradientBoosting,HistGradientBoosting_2
64,SI_ref_19,AMCB,IBU,Ground water,0.3258728934993643,0.28456760208735604,HistGradientBoosting,HistGradientBoosting_2
66,SI_ref_19,AMCB,IBU,Ground water,0.4885549946229274,0.41062205683466385,HistGradientBoosting,HistGradientBoosting_2
74,SI_ref_19,AMCB,IBU,Ground water,0.5226317382792791,0.37228363497214645,HistGradientBoosting,HistGradientBoosting_2
78,SI_ref_19,AMCB,IBU,Ground water,0.025848755777109534,0.18900075174462957,HistGradientBoosting,HistGradientBoosting_2
85,SI_ref_19,AMCB,IBU,Lake water,0.32220691257344963,0.29248729924489414,HistGradientBoosting,HistGradientBoosting_2
94,SI_ref_19,AMCB,IBU,Ground water,0.3191737471997417,0.31733580051108945,HistGradientBoosting,HistGradientBoosting_2
96,SI_ref_19,AMCB,IBU,Ground water,0.45590621693388655,0.4618277047926232,HistGradientBoosting,HistGradientBoosting_2
106,SI_ref_19,AMCB,IBU,Ground water,0.3644459510905023,0.48495672160822006,HistGradientBoosting,HistGradientBoosting_2
112,SI_ref_19,AMCB,IBU,Ground water,0.5464029950150356,0.40028584990449495,HistGradientBoosting,HistGradientBoosting_2
140,SI_ref_17,Alkali-modified SCG biochars,CBZ,Synthetic,0.006132526431344026,0.1505925348957539,HistGradientBoosting,HistGradientBoosting_2
146,SI_ref_17,Alkali-modified SCG biochars,CBZ,Synthetic,0.6777397154224275,0.41805969629562323,HistGradientBoosting,HistGradientBoosting_2
151,SI_ref_17,Alkali-modified SCG biochars,CBZ,Synthetic,0.4516798693491866,0.1505925348957539,HistGradientBoosting,HistGradientBoosting_2
168,SI_ref_17,Alkali-modified SCG biochars,EE2,Synthetic,0.0796235147045166,0.2665281834377008,HistGradientBoosting,HistGradientBoosting_2
176,SI_ref_17,Alkali-modified SCG biochars,EE2,Synthetic,0.07754174693450858,0.40837006584437535,HistGradientBoosting,HistGradientBoosting_2
181,SI_ref_17,Alkali-modified SCG biochars,EE2,Synthetic,0.7086029202646077,0.40837006584437535,HistGradientBoosting,HistGradientBoosting_2
190,SI_ref_17,Alkali-modified SCG biochars,IBU,Synthetic,0.22674008618295227,0.5013577820320936,HistGradientBoosting,HistGradientBoosting_2
192,SI_ref_17,Alkali-modified SCG biochars,IBU,Synthetic,0.18762987622773672,0.46398412897902924,HistGradientBoosting,HistGradientBoosting_2
194,SI_ref_17,Alkali-modified SCG biochars,IBU,Synthetic,0.0964989432139522,0.35180926262047285,HistGradientBoosting,HistGradientBoosting_2
196,SI_ref_17,Alkali-modified SCG biochars,IBU,Synthetic,0.056403766337859394,0.33305763477188544,HistGradientBoosting,HistGradientBoosting_2
198,SI_ref_17,Alkali-modified SCG biochars,IBU,Synthetic,0.04365646649895644,0.33096488390524287,HistGradientBoosting,HistGradientBoosting_2
200,SI_ref_17,Alkali-modified SCG biochars,IBU,Synthetic,0.05275302685215311,0.28212703180735743,HistGradientBoosting,HistGradientBoosting_2
202,SI_ref_17,Alkali-modified SCG biochars,IBU,Synthetic,0.051463060103218494,0.26547829019185426,HistGradientBoosting,HistGradientBoosting_2
206,SI_ref_17,Alkali-modified SCG biochars,IBU,Synthetic,0.05901922048526246,0.22364256148453815,HistGradientBoosting,HistGradientBoosting_2
213,SI_ref_17,Alkali-modified SCG biochars,IBU,Synthetic,0.33928547446435453,0.39864479615102927,HistGradientBoosting,HistGradientBoosting_2
220,SI_ref_17,Alkali-modified SCG biochars,IBU,Synthetic,0.004839210099114782,0.22364256148453815,HistGradientBoosting,HistGradientBoosting_2
222,SI_ref_17,Alkali-modified SCG biochars,IBU,Synthetic,0.04374442489311713,0.22364256148453815,HistGradientBoosting,HistGradientBoosting_2
224,SI_ref_17,Alkali-modified SCG biochars,IBU,Synthetic,0.2945083196339574,0.22364256148453815,HistGradientBoosting,HistGradientBoosting_2
229,SI_ref_16,C-Biochar,ATE,Synthetic,0.8511111111111113,0.6599458085073945,HistGradientBoosting,HistGradientBoosting_2
231,SI_ref_16,C-Biochar,ATE,Synthetic,0.7400000000000001,0.7745636711911387,HistGradientBoosting,HistGradientBoosting_2
235,SI_ref_16,C-Biochar,ATE,Synthetic,0.8511111111111113,0.7895313447727969,HistGradientBoosting,HistGradientBoosting_2
238,SI_ref_16,C-Biochar,ATE,Synthetic,0.6733333333333335,0.6932189107049183,HistGradientBoosting,HistGradientBoosting_2
250,SI_ref_16,C-Biochar,CBZ,Synthetic,0.4840388007054674,0.5828867253376532,HistGradientBoosting,HistGradientBoosting_2
251,SI_ref_16,C-Biochar,CBZ,Synthetic,0.5325396825396824,0.5828867253376532,HistGradientBoosting,HistGradientBoosting_2
252,SI_ref_16,C-Biochar,CBZ,Synthetic,0.4258377425044091,0.5828867253376532,HistGradientBoosting,HistGradientBoosting_2
258,SI_ref_16,C-Biochar,CBZ,Synthetic,0.4990079365079365,0.5828867253376532,HistGradientBoosting,HistGradientBoosting_2
264,SI_ref_16,C-Biochar,IBU,Synthetic,0.7333333333333333,0.5981128630793929,HistGradientBoosting,HistGradientBoosting_2
266,SI_ref_16,C-Biochar,IBU,Synthetic,0.6121212121212122,0.6524618278099179,HistGradientBoosting,HistGradientBoosting_2
271,SI_ref_16,C-Biochar,IBU,Synthetic,0.6000000000000001,0.6524618278099179,HistGradientBoosting,HistGradientBoosting_2
277,SI_ref_16,C-Biochar,IBU,Synthetic,0.7844444444444444,0.6524618278099179,HistGradientBoosting,HistGradientBoosting_2
278,SI_ref_16,C-Biochar,IBU,Synthetic,0.8430555555555557,0.6524618278099179,HistGradientBoosting,HistGradientBoosting_2
279,SI_ref_16,C-Biochar,IBU,Synthetic,0.861111111111111,0.6524618278099179,HistGradientBoosting,HistGradientBoosting_2
296,SI_ref_19,CB,IBU,Ground water,0.9945207101387852,0.945887693644887,HistGradientBoosting,HistGradientBoosting_2
303,SI_ref_19,CB,IBU,Lake water,0.9505925590656487,0.9500979115988735,HistGradientBoosting,HistGradientBoosting_2
314,SI_ref_19,CB,IBU,Ground water,0.917590560186213,0.9311668614547024,HistGradientBoosting,HistGradientBoosting_2
316,SI_ref_19,CB,IBU,Ground water,0.9236132062907854,0.9456008584886935,HistGradientBoosting,HistGradientBoosting_2
320,SI_ref_19,CB,IBU,Ground water,0.9303445651202417,0.945887693644887,HistGradientBoosting,HistGradientBoosting_2
328,SI_ref_19,CB,IBU,Ground water,0.9241489703794897,0.9318239068278887,HistGradientBoosting,HistGradientBoosting_2
340,SI_ref_14,GCRB,ALA,Synthetic,0.9700055250053173,0.9708620011978673,HistGradientBoosting,HistGradientBoosting_2
361,SI_ref_14,GCRB,DIU,Synthetic,0.9291396445453227,0.8923355093194151,HistGradientBoosting,HistGradientBoosting_2
363,SI_ref_14,GCRB,DIU,Synthetic,0.9527369648004039,0.9485134846184565,HistGradientBoosting,HistGradientBoosting_2
365,SI_ref_14,GCRB,DIU,Synthetic,0.9265327424413893,0.9485134846184565,HistGradientBoosting,HistGradientBoosting_2
367,SI_ref_14,GCRB,DIU,Synthetic,0.9238760352548926,0.9485134846184565,HistGradientBoosting,HistGradientBoosting_2
369,SI_ref_14,GCRB,DIU,Synthetic,0.9147016410628197,0.9416322681805,HistGradientBoosting,HistGradientBoosting_2
374,SI_ref_14,GCRB,DIU,Synthetic,1.0082496176169822,0.9485134846184565,HistGradientBoosting,HistGradientBoosting_2
390,SI_ref_14,GCRB,SIM,Synthetic,0.9757367710073495,0.9718581410988383,HistGradientBoosting,HistGradientBoosting_2
406,SI_ref_14,GCRB-N,ALA,Synthetic,0.4281694326598611,0.4281906173695104,HistGradientBoosting,HistGradientBoosting_2
446,SI_ref_14,GCRB-N,DIU,Synthetic,0.2075726875081201,0.21689637090942196,HistGradientBoosting,HistGradientBoosting_2
448,SI_ref_14,GCRB-N,DIU,Synthetic,0.1819381767074788,0.2498819393362748,HistGradientBoosting,HistGradientBoosting_2
450,SI_ref_14,GCRB-N,DIU,Synthetic,0.1736169508150928,0.23540265820124853,HistGradientBoosting,HistGradientBoosting_2
453,SI_ref_14,GCRB-N,DIU,Synthetic,0.1683505359330984,0.27144795485745266,HistGradientBoosting,HistGradientBoosting_2
456,SI_ref_14,GCRB-N,DIU,Synthetic,0.1402528461142079,0.3528221263234042,HistGradientBoosting,HistGradientBoosting_2
459,SI_ref_14,GCRB-N,DIU,Synthetic,0.6455190877003087,0.360507456269768,HistGradientBoosting,HistGradientBoosting_2
460,SI_ref_14,GCRB-N,DIU,Synthetic,0.12138562309836234,0.3566540009555593,HistGradientBoosting,HistGradientBoosting_2
462,SI_ref_14,GCRB-N,DIU,Synthetic,0.16773925939532233,0.3523009566248972,HistGradientBoosting,HistGradientBoosting_2
465,SI_ref_14,GCRB-N,DIU,Synthetic,0.1405827183894587,0.36758425083619506,HistGradientBoosting,HistGradientBoosting_2
468,SI_ref_14,GCRB-N,DIU,Synthetic,0.6564705601884918,0.3635744124523033,HistGradientBoosting,HistGradientBoosting_2
469,SI_ref_14,GCRB-N,DIU,Synthetic,0.12617131727344172,0.3598054278678134,HistGradientBoosting,HistGradientBoosting_2
471,SI_ref_14,GCRB-N,DIU,Synthetic,0.1676281074261493,0.34985839281452624,HistGradientBoosting,HistGradientBoosting_2
474,SI_ref_14,GCRB-N,DIU,Synthetic,0.14041778225183332,0.38706586925653963,HistGradientBoosting,HistGradientBoosting_2
477,SI_ref_14,GCRB-N,DIU,Synthetic,0.6413243626564091,0.3843434765679575,HistGradientBoosting,HistGradientBoosting_2
478,SI_ref_14,GCRB-N,DIU,Synthetic,0.12377847018590202,0.3843434765679575,HistGradientBoosting,HistGradientBoosting_2
490,SI_ref_14,GCRB-N,SIM,Synthetic,0.38105997172266487,0.48732454884598175,HistGradientBoosting,HistGradientBoosting_2
537,SI_ref_19,MCB,IBU,Ground water,0.9902068659306948,0.9439929976784751,HistGradientBoosting,HistGradientBoosting_2
546,SI_ref_19,MCB,IBU,Lake water,0.9468798357239083,0.948635970378967,HistGradientBoosting,HistGradientBoosting_2
555,SI_ref_19,MCB,IBU,Ground water,0.910886274193223,0.9102822504439397,HistGradientBoosting,HistGradientBoosting_2
561,SI_ref_19,MCB,IBU,Ground water,0.9227697266379059,0.9575510690352775,HistGradientBoosting,HistGradientBoosting_2
565,SI_ref_19,MCB,IBU,Ground water,0.9254612605703445,0.9431033546629073,HistGradientBoosting,HistGradientBoosting_2
573,SI_ref_19,MCB,IBU,Ground water,0.9222883610163676,0.9421690822473765,HistGradientBoosting,HistGradientBoosting_2
577,SI_ref_19,MCB,IBU,Ground water,0.9896236049163454,0.9222391929370032,HistGradientBoosting,HistGradientBoosting_2
584,SI_ref_19,MCB,IBU,Lake water,0.9474280457633885,0.9198238371068669,HistGradientBoosting,HistGradientBoosting_2
593,SI_ref_19,MCB,IBU,Ground water,0.911624129649438,0.9352132369650276,HistGradientBoosting,HistGradientBoosting_2
595,SI_ref_19,MCB,IBU,Ground water,0.9248851497651674,0.9544399452822561,HistGradientBoosting,HistGradientBoosting_2
603,SI_ref_19,MCB,IBU,Ground water,0.920786534541565,0.9397503127948769,HistGradientBoosting,HistGradientBoosting_2
607,SI_ref_19,MCB,IBU,Ground water,0.9861765121394982,0.9312293592855913,HistGradientBoosting,HistGradientBoosting_2
614,SI_ref_19,MCB,IBU,Lake water,0.9465039927474991,0.919292621037286,HistGradientBoosting,HistGradientBoosting_2
623,SI_ref_19,MCB,IBU,Ground water,0.9103224686673798,0.9280543344359061,HistGradientBoosting,HistGradientBoosting_2
625,SI_ref_19,MCB,IBU,Ground water,0.9258221154816445,0.9375739598314498,HistGradientBoosting,HistGradientBoosting_2
633,SI_ref_19,MCB,IBU,Ground water,0.9216175906678238,0.9267732288804016,HistGradientBoosting,HistGradientBoosting_2
653,SI_ref_18,NaOH-activated SCW biochars,DCF,Lake water,0.060393710525153486,0.5349071373960138,HistGradientBoosting,HistGradientBoosting_2
654,SI_ref_18,NaOH-activated SCW biochars,DCF,Secondary effluent,0.1736813951376961,0.5901620581638859,HistGradientBoosting,HistGradientBoosting_2
657,SI_ref_18,NaOH-activated SCW biochars,DCF,Lake water,0.4098052873550469,0.47691597487756754,HistGradientBoosting,HistGradientBoosting_2
666,SI_ref_18,NaOH-activated SCW biochars,DCF,Secondary effluent,0.6160844980694858,0.5901620581638859,HistGradientBoosting,HistGradientBoosting_2
668,SI_ref_18,NaOH-activated SCW biochars,DCF,Lake water,0.5638671837826676,0.5349071373960138,HistGradientBoosting,HistGradientBoosting_2
671,SI_ref_18,NaOH-activated SCW biochars,DCF,Lake water,0.5111881637893111,0.5349071373960138,HistGradientBoosting,HistGradientBoosting_2
680,SI_ref_18,NaOH-activated SCW biochars,DCF,Lake water,0.5451956691534918,0.5349071373960138,HistGradientBoosting,HistGradientBoosting_2
681,SI_ref_18,NaOH-activated SCW biochars,DCF,Lake water,0.5155236787057735,0.5349071373960138,HistGradientBoosting,HistGradientBoosting_2
684,SI_ref_18,NaOH-activated SCW biochars,DCF,Lake water,0.5054530420964745,0.5349071373960138,HistGradientBoosting,HistGradientBoosting_2
689,SI_ref_18,NaOH-activated SCW biochars,DCF,Secondary effluent,0.6862219778123194,0.6504248795823532,HistGradientBoosting,HistGradientBoosting_2
717,SI_ref_18,NaOH-activated SCW biochars,IBU,Secondary effluent,0.5431517029603264,0.5413668414438709,HistGradientBoosting,HistGradientBoosting_2
726,SI_ref_18,NaOH-activated SCW biochars,IBU,Lake water,0.6298354173553987,0.5949055961966296,HistGradientBoosting,HistGradientBoosting_2
732,SI_ref_18,NaOH-activated SCW biochars,IBU,Lake water,0.6159420233488258,0.5949055961966296,HistGradientBoosting,HistGradientBoosting_2
736,SI_ref_18,NaOH-activated SCW biochars,IBU,Lake water,0.6281995086504742,0.5949055961966296,HistGradientBoosting,HistGradientBoosting_2
750,SI_ref_18,NaOH-activated SCW biochars,IBU,Secondary effluent,0.811827151849907,0.6790652369698593,HistGradientBoosting,HistGradientBoosting_2
751,SI_ref_18,NaOH-activated SCW biochars,IBU,Lake water,0.6869669848084122,0.5949055961966296,HistGradientBoosting,HistGradientBoosting_2
754,SI_ref_18,NaOH-activated SCW biochars,IBU,Secondary effluent,0.7786423949758233,0.5988007859931358,HistGradientBoosting,HistGradientBoosting_2
757,SI_ref_18,NaOH-activated SCW biochars,NPX,Lake water,0.20620314882650506,0.36532931215305386,HistGradientBoosting,HistGradientBoosting_2
759,SI_ref_18,NaOH-activated SCW biochars,NPX,Lake water,0.23676500653660967,0.3069949735538479,HistGradientBoosting,HistGradientBoosting_2
761,SI_ref_18,NaOH-activated SCW biochars,NPX,Lake water,0.21090148006849843,0.19314193309150784,HistGradientBoosting,HistGradientBoosting_2
763,SI_ref_18,NaOH-activated SCW biochars,NPX,Lake water,0.14381242837395034,0.10202622825453916,HistGradientBoosting,HistGradientBoosting_2
765,SI_ref_18,NaOH-activated SCW biochars,NPX,Lake water,0.049549349058709447,0.07722291682664552,HistGradientBoosting,HistGradientBoosting_2
767,SI_ref_18,NaOH-activated SCW biochars,NPX,Lake water,0.0742796412273446,0.072162289656395,HistGradientBoosting,HistGradientBoosting_2
769,SI_ref_18,NaOH-activated SCW biochars,NPX,Lake water,0.041917196066405205,0.06731031905851108,HistGradientBoosting,HistGradientBoosting_2
773,SI_ref_18,NaOH-activated SCW biochars,NPX,Lake water,0.02383921541973232,0.07009164736339239,HistGradientBoosting,HistGradientBoosting_2
776,SI_ref_18,NaOH-activated SCW biochars,NPX,Secondary effluent,0.048092629555703405,0.06499310851189546,HistGradientBoosting,HistGradientBoosting_2
779,SI_ref_18,NaOH-activated SCW biochars,NPX,Lake water,0.0651330447328621,0.07009164736339239,HistGradientBoosting,HistGradientBoosting_2
781,SI_ref_18,NaOH-activated SCW biochars,NPX,Lake water,0.04234525136924403,0.07009164736339239,HistGradientBoosting,HistGradientBoosting_2
788,SI_ref_18,NaOH-activated SCW biochars,NPX,Secondary effluent,0.09141898602740345,0.09596289904852984,HistGradientBoosting,HistGradientBoosting_2
798,SI_ref_18,NaOH-activated SCW biochars,NPX,Secondary effluent,0.15082313311850198,0.09596289904852984,HistGradientBoosting,HistGradientBoosting_2
800,SI_ref_18,NaOH-activated SCW biochars,NPX,Secondary effluent,0.24701864815812044,0.09596289904852984,HistGradientBoosting,HistGradientBoosting_2
871,SI_ref_13,PB600,CBZ,Synthetic,0.6953242835595775,0.4688425527652936,HistGradientBoosting,HistGradientBoosting_2
881,SI_ref_13,PB600,IBU,Synthetic,0.2096102913356035,0.6498407269131418,HistGradientBoosting,HistGradientBoosting_2
918,SI_ref_13,PB800,CBZ,Synthetic,0.30905619203491547,0.24534429505604677,HistGradientBoosting,HistGradientBoosting_2
928,SI_ref_13,PB800,IBU,Synthetic,0.23013048635824437,0.3928373220648403,HistGradientBoosting,HistGradientBoosting_2
954,SI_ref_15,PSB,CAR,Synthetic,0.9395494569882223,0.8978732214984065,HistGradientBoosting,HistGradientBoosting_2
955,SI_ref_15,PSB,CAR,Synthetic,0.9231398092867221,0.8978732214984065,HistGradientBoosting,HistGradientBoosting_2
957,SI_ref_15,PSB,CAR,Synthetic,0.9436310458092197,0.8939063248096877,HistGradientBoosting,HistGradientBoosting_2
964,SI_ref_15,PSB,CAR,Synthetic,0.9383522096618221,0.8978732214984065,HistGradientBoosting,HistGradientBoosting_2
978,SI_ref_15,PSB,PYR,Synthetic,0.919631586959635,0.9290972882546114,HistGradientBoosting,HistGradientBoosting_2
985,SI_ref_15,PSB,PYR,Synthetic,0.9775942152304119,0.9290972882546114,HistGradientBoosting,HistGradientBoosting_2
994,SI_ref_15,PSB,TEB,Synthetic,0.9362126098667423,0.9272753328098835,HistGradientBoosting,HistGradientBoosting_2
1000,SI_ref_15,PSB,TEB,Synthetic,0.8714762044822667,0.9272753328098835,HistGradientBoosting,HistGradientBoosting_2
1015,SI_ref_15,PSBOX-A,CAR,Synthetic,0.03563496474916306,0.1341891330506457,HistGradientBoosting,HistGradientBoosting_2
1016,SI_ref_15,PSBOX-A,CAR,Synthetic,0.026325197069833068,0.1341891330506457,HistGradientBoosting,HistGradientBoosting_2
1018,SI_ref_15,PSBOX-A,CAR,Synthetic,0.034457194657534405,0.2733753614399629,HistGradientBoosting,HistGradientBoosting_2
1025,SI_ref_15,PSBOX-A,CAR,Synthetic,0.0497879777437964,0.1341891330506457,HistGradientBoosting,HistGradientBoosting_2
1040,SI_ref_15,PSBOX-A,PYR,Synthetic,0.5200236643843362,0.2290990526962721,HistGradientBoosting,HistGradientBoosting_2
1043,SI_ref_15,PSBOX-A,PYR,Synthetic,0.08786555053416333,0.22952737760652606,HistGradientBoosting,HistGradientBoosting_2
1050,SI_ref_15,PSBOX-A,PYR,Synthetic,0.48794917248977554,0.22952737760652606,HistGradientBoosting,HistGradientBoosting_2
1059,SI_ref_15,PSBOX-A,TEB,Synthetic,0.07277962857952934,0.2167164426604919,HistGradientBoosting,HistGradientBoosting_2
1061,SI_ref_15,PSBOX-A,TEB,Synthetic,0.5163778457532948,0.26169669286739045,HistGradientBoosting,HistGradientBoosting_2
1070,SI_ref_15,PSBOX-A,TEB,Synthetic,0.04527670142322688,0.2167164426604919,HistGradientBoosting,HistGradientBoosting_2
1101,SI_ref_17,Pristine SCG biochar,CBZ,Synthetic,0.9071468090110305,0.9112586733125236,HistGradientBoosting,HistGradientBoosting_2
1108,SI_ref_17,Pristine SCG biochar,CBZ,Synthetic,0.8967497590877974,0.9008974737112491,HistGradientBoosting,HistGradientBoosting_2
1113,SI_ref_17,Pristine SCG biochar,CBZ,Synthetic,0.9373850128799738,0.9112586733125236,HistGradientBoosting,HistGradientBoosting_2
1130,SI_ref_17,Pristine SCG biochar,EE2,Synthetic,0.817422791958414,0.794290564319086,HistGradientBoosting,HistGradientBoosting_2
1137,SI_ref_17,Pristine SCG biochar,EE2,Synthetic,0.8257334628724249,0.890369232131266,HistGradientBoosting,HistGradientBoosting_2
1139,SI_ref_17,Pristine SCG biochar,EE2,Synthetic,0.8269992896243368,0.890369232131266,HistGradientBoosting,HistGradientBoosting_2
1141,SI_ref_17,Pristine SCG biochar,EE2,Synthetic,0.8244509213990222,0.890369232131266,HistGradientBoosting,HistGradientBoosting_2
1142,SI_ref_17,Pristine SCG biochar,EE2,Synthetic,0.859538444436826,0.8524879825030883,HistGradientBoosting,HistGradientBoosting_2
1148,SI_ref_17,Pristine SCG biochar,EE2,Synthetic,0.823763814163292,0.8524879825030883,HistGradientBoosting,HistGradientBoosting_2
1157,SI_ref_17,Pristine SCG biochar,IBU,Synthetic,0.9060511140454979,0.9556071624898148,HistGradientBoosting,HistGradientBoosting_2
1159,SI_ref_17,Pristine SCG biochar,IBU,Synthetic,0.9004320791615827,0.952583621929054,HistGradientBoosting,HistGradientBoosting_2
1161,SI_ref_17,Pristine SCG biochar,IBU,Synthetic,0.894961472244973,0.9474495043006085,HistGradientBoosting,HistGradientBoosting_2
1163,SI_ref_17,Pristine SCG biochar,IBU,Synthetic,0.8949151720794959,0.9466247205185006,HistGradientBoosting,HistGradientBoosting_2
1165,SI_ref_17,Pristine SCG biochar,IBU,Synthetic,0.892599829508416,0.9371050489871962,HistGradientBoosting,HistGradientBoosting_2
1167,SI_ref_17,Pristine SCG biochar,IBU,Synthetic,0.8914167516338777,0.9373287928093731,HistGradientBoosting,HistGradientBoosting_2
1169,SI_ref_17,Pristine SCG biochar,IBU,Synthetic,0.886841225533622,0.9361818842154882,HistGradientBoosting,HistGradientBoosting_2
1173,SI_ref_17,Pristine SCG biochar,IBU,Synthetic,0.9319085004678631,0.9160192407073315,HistGradientBoosting,HistGradientBoosting_2
1180,SI_ref_17,Pristine SCG biochar,IBU,Synthetic,0.9167234922708469,0.9085617510596807,HistGradientBoosting,HistGradientBoosting_2
1187,SI_ref_17,Pristine SCG biochar,IBU,Synthetic,0.9448963419259283,0.9160192407073315,HistGradientBoosting,HistGradientBoosting_2
1189,SI_ref_17,Pristine SCG biochar,IBU,Synthetic,0.9210277046979152,0.9160192407073315,HistGradientBoosting,HistGradientBoosting_2
1191,SI_ref_17,Pristine SCG biochar,IBU,Synthetic,0.9513456586569363,0.9160192407073315,HistGradientBoosting,HistGradientBoosting_2
1212,SI_ref_18,Pristine SCW Biochar,DCF,Secondary effluent,0.8964391711737753,0.9098580623795776,HistGradientBoosting,HistGradientBoosting_2
1214,SI_ref_18,Pristine SCW Biochar,DCF,Lake water,0.9077130214504949,0.857262727933456,HistGradientBoosting,HistGradientBoosting_2
1223,SI_ref_18,Pristine SCW Biochar,DCF,Secondary effluent,0.916228597953408,0.9098580623795776,HistGradientBoosting,HistGradientBoosting_2
1225,SI_ref_18,Pristine SCW Biochar,DCF,Lake water,0.9209005359691885,0.9213545989958736,HistGradientBoosting,HistGradientBoosting_2
1228,SI_ref_18,Pristine SCW Biochar,DCF,Lake water,0.918118398017722,0.9213545989958736,HistGradientBoosting,HistGradientBoosting_2
1237,SI_ref_18,Pristine SCW Biochar,DCF,Lake water,0.9176779336906461,0.9213545989958736,HistGradientBoosting,HistGradientBoosting_2
1238,SI_ref_18,Pristine SCW Biochar,DCF,Lake water,0.9153943997055312,0.9213545989958736,HistGradientBoosting,HistGradientBoosting_2
1241,SI_ref_18,Pristine SCW Biochar,DCF,Lake water,0.9102639266700783,0.9213545989958736,HistGradientBoosting,HistGradientBoosting_2
1246,SI_ref_18,Pristine SCW Biochar,DCF,Secondary effluent,0.9052859627037971,0.9080138043126339,HistGradientBoosting,HistGradientBoosting_2
1270,SI_ref_18,Pristine SCW Biochar,IBU,Secondary effluent,0.8874692330465712,0.8451792505768644,HistGradientBoosting,HistGradientBoosting_2
1279,SI_ref_18,Pristine SCW Biochar,IBU,Lake water,0.9204127206373283,0.9164354187118106,HistGradientBoosting,HistGradientBoosting_2
1285,SI_ref_18,Pristine SCW Biochar,IBU,Lake water,0.9175495400890653,0.9164354187118106,HistGradientBoosting,HistGradientBoosting_2
1289,SI_ref_18,Pristine SCW Biochar,IBU,Lake water,0.91141920930323,0.9164354187118106,HistGradientBoosting,HistGradientBoosting_2
1303,SI_ref_18,Pristine SCW Biochar,IBU,Secondary effluent,0.9145392250293353,0.9369002829411133,HistGradientBoosting,HistGradientBoosting_2
1305,SI_ref_18,Pristine SCW Biochar,IBU,Secondary effluent,0.8992133437264335,0.9033324409684876,HistGradientBoosting,HistGradientBoosting_2
1308,SI_ref_18,Pristine SCW Biochar,NPX,Lake water,0.9299082628630408,0.9391848568097043,HistGradientBoosting,HistGradientBoosting_2
1310,SI_ref_18,Pristine SCW Biochar,NPX,Lake water,0.9179731197519893,0.9279544720578867,HistGradientBoosting,HistGradientBoosting_2
1312,SI_ref_18,Pristine SCW Biochar,NPX,Lake water,0.9157588621166984,0.9245527794360535,HistGradientBoosting,HistGradientBoosting_2
1314,SI_ref_18,Pristine SCW Biochar,NPX,Lake water,0.9211177808704595,0.9267918812199357,HistGradientBoosting,HistGradientBoosting_2
1316,SI_ref_18,Pristine SCW Biochar,NPX,Lake water,0.9261251958543161,0.9274898096115021,HistGradientBoosting,HistGradientBoosting_2
1318,SI_ref_18,Pristine SCW Biochar,NPX,Lake water,0.9179250714018231,0.9254592657816179,HistGradientBoosting,HistGradientBoosting_2
1320,SI_ref_18,Pristine SCW Biochar,NPX,Lake water,0.9238791357631378,0.9259956982568817,HistGradientBoosting,HistGradientBoosting_2
1325,SI_ref_18,Pristine SCW Biochar,NPX,Secondary effluent,0.8954095327862793,0.8485557984920509,HistGradientBoosting,HistGradientBoosting_2
1328,SI_ref_18,Pristine SCW Biochar,NPX,Lake water,0.9239571578457322,0.9169314099369074,HistGradientBoosting,HistGradientBoosting_2
1330,SI_ref_18,Pristine SCW Biochar,NPX,Lake water,0.9241969522882365,0.9169314099369074,HistGradientBoosting,HistGradientBoosting_2
1337,SI_ref_18,Pristine SCW Biochar,NPX,Secondary effluent,0.9109852392346297,0.9067220413271584,HistGradientBoosting,HistGradientBoosting_2
1346,SI_ref_18,Pristine SCW Biochar,NPX,Secondary effluent,0.9136165317560039,0.9067220413271584,HistGradientBoosting,HistGradientBoosting_2
1347,SI_ref_18,Pristine SCW Biochar,NPX,Secondary effluent,0.9038576927569927,0.9067220413271584,HistGradientBoosting,HistGradientBoosting_2
16,SI_ref_19,AMCB,IBU,Ground water,0.029204625724030753,0.43455399249795135,Huber,Huber_1
25,SI_ref_19,AMCB,IBU,Lake water,0.3473743729830984,0.4553640435720209,Huber,Huber_1
34,SI_ref_19,AMCB,IBU,Ground water,0.303030777614079,0.40058138405241817,Huber,Huber_1
36,SI_ref_19,AMCB,IBU,Ground water,0.41496556078686897,0.43451180363778896,Huber,Huber_1
44,SI_ref_19,AMCB,IBU,Ground water,0.5024496962602676,0.41752552376393803,Huber,Huber_1
48,SI_ref_19,AMCB,IBU,Ground water,0.03338351934448727,0.4344837263973902,Huber,Huber_1
55,SI_ref_19,AMCB,IBU,Lake water,0.34535416691700616,0.4552938261154479,Huber,Huber_1
64,SI_ref_19,AMCB,IBU,Ground water,0.3258728934993643,0.4005112151725292,Huber,Huber_1
66,SI_ref_19,AMCB,IBU,Ground water,0.4885549946229274,0.43444168326741917,Huber,Huber_1
74,SI_ref_19,AMCB,IBU,Ground water,0.5226317382792791,0.41745545183606214,Huber,Huber_1
78,SI_ref_19,AMCB,IBU,Ground water,0.025848755777109534,0.4344137028451215,Huber,Huber_1
85,SI_ref_19,AMCB,IBU,Lake water,0.32220691257344963,0.4552238508720383,Huber,Huber_1
94,SI_ref_19,AMCB,IBU,Ground water,0.3191737471997417,0.4004412881713685,Huber,Huber_1
96,SI_ref_19,AMCB,IBU,Ground water,0.45590621693388655,0.43437180444203494,Huber,Huber_1
106,SI_ref_19,AMCB,IBU,Ground water,0.3644459510905023,0.44177705855401095,Huber,Huber_1
112,SI_ref_19,AMCB,IBU,Ground water,0.5464029950150356,0.4173856211201191,Huber,Huber_1
140,SI_ref_17,Alkali-modified SCG biochars,CBZ,Synthetic,0.006132526431344026,0.12015662219094358,Huber,Huber_1
146,SI_ref_17,Alkali-modified SCG biochars,CBZ,Synthetic,0.6777397154224275,0.23717241280072826,Huber,Huber_1
151,SI_ref_17,Alkali-modified SCG biochars,CBZ,Synthetic,0.4516798693491866,0.12015662219094358,Huber,Huber_1
168,SI_ref_17,Alkali-modified SCG biochars,EE2,Synthetic,0.0796235147045166,0.23902611560905945,Huber,Huber_1
176,SI_ref_17,Alkali-modified SCG biochars,EE2,Synthetic,0.07754174693450858,0.287808990476843,Huber,Huber_1
181,SI_ref_17,Alkali-modified SCG biochars,EE2,Synthetic,0.7086029202646077,0.287808990476843,Huber,Huber_1
190,SI_ref_17,Alkali-modified SCG biochars,IBU,Synthetic,0.22674008618295227,0.30634465116469606,Huber,Huber_1
192,SI_ref_17,Alkali-modified SCG biochars,IBU,Synthetic,0.18762987622773672,0.2926134617670037,Huber,Huber_1
194,SI_ref_17,Alkali-modified SCG biochars,IBU,Synthetic,0.0964989432139522,0.2705501525158723,Huber,Huber_1
196,SI_ref_17,Alkali-modified SCG biochars,IBU,Synthetic,0.056403766337859394,0.25654522106918165,Huber,Huber_1
198,SI_ref_17,Alkali-modified SCG biochars,IBU,Synthetic,0.04365646649895644,0.24833877555624473,Huber,Huber_1
200,SI_ref_17,Alkali-modified SCG biochars,IBU,Synthetic,0.05275302685215311,0.24251229010473074,Huber,Huber_1
202,SI_ref_17,Alkali-modified SCG biochars,IBU,Synthetic,0.051463060103218494,0.23668346340283286,Huber,Huber_1
206,SI_ref_17,Alkali-modified SCG biochars,IBU,Synthetic,0.05901922048526246,0.22846531568943163,Huber,Huber_1
213,SI_ref_17,Alkali-modified SCG biochars,IBU,Synthetic,0.33928547446435453,0.3454811062992163,Huber,Huber_1
220,SI_ref_17,Alkali-modified SCG biochars,IBU,Synthetic,0.004839210099114782,0.22846531568943163,Huber,Huber_1
222,SI_ref_17,Alkali-modified SCG biochars,IBU,Synthetic,0.04374442489311713,0.22846531568943163,Huber,Huber_1
224,SI_ref_17,Alkali-modified SCG biochars,IBU,Synthetic,0.2945083196339574,0.22846531568943163,Huber,Huber_1
229,SI_ref_16,C-Biochar,ATE,Synthetic,0.8511111111111113,0.7439772501155801,Huber,Huber_1
231,SI_ref_16,C-Biochar,ATE,Synthetic,0.7400000000000001,0.8097323613793608,Huber,Huber_1
235,SI_ref_16,C-Biochar,ATE,Synthetic,0.8511111111111113,0.7927601249833638,Huber,Huber_1
238,SI_ref_16,C-Biochar,ATE,Synthetic,0.6733333333333335,0.7757878885873666,Huber,Huber_1
250,SI_ref_16,C-Biochar,CBZ,Synthetic,0.4840388007054674,0.5326309040628219,Huber,Huber_1
251,SI_ref_16,C-Biochar,CBZ,Synthetic,0.5325396825396824,0.5326309040628219,Huber,Huber_1
252,SI_ref_16,C-Biochar,CBZ,Synthetic,0.4258377425044091,0.5326309040628219,Huber,Huber_1
258,SI_ref_16,C-Biochar,CBZ,Synthetic,0.4990079365079365,0.5326309040628219,Huber,Huber_1
264,SI_ref_16,C-Biochar,IBU,Synthetic,0.7333333333333333,0.6165481601274181,Huber,Huber_1
266,SI_ref_16,C-Biochar,IBU,Synthetic,0.6121212121212122,0.6409395975613099,Huber,Huber_1
271,SI_ref_16,C-Biochar,IBU,Synthetic,0.6000000000000001,0.6409395975613099,Huber,Huber_1
277,SI_ref_16,C-Biochar,IBU,Synthetic,0.7844444444444444,0.6409395975613099,Huber,Huber_1
278,SI_ref_16,C-Biochar,IBU,Synthetic,0.8430555555555557,0.6409395975613099,Huber,Huber_1
279,SI_ref_16,C-Biochar,IBU,Synthetic,0.861111111111111,0.6409395975613099,Huber,Huber_1
296,SI_ref_19,CB,IBU,Ground water,0.9945207101387852,0.9387849747008712,Huber,Huber_1
303,SI_ref_19,CB,IBU,Lake water,0.9505925590656487,0.959609098479598,Huber,Huber_1
314,SI_ref_19,CB,IBU,Ground water,0.917590560186213,0.9048405019088772,Huber,Huber_1
316,SI_ref_19,CB,IBU,Ground water,0.9236132062907854,0.946204175738766,Huber,Huber_1
320,SI_ref_19,CB,IBU,Ground water,0.9303445651202417,0.9387849747008712,Huber,Huber_1
328,SI_ref_19,CB,IBU,Ground water,0.9241489703794897,0.9218127383048742,Huber,Huber_1
340,SI_ref_14,GCRB,ALA,Synthetic,0.9700055250053173,0.9735692077052805,Huber,Huber_1
361,SI_ref_14,GCRB,DIU,Synthetic,0.9291396445453227,0.8412514492836354,Huber,Huber_1
363,SI_ref_14,GCRB,DIU,Synthetic,0.9527369648004039,0.890034324151419,Huber,Huber_1
365,SI_ref_14,GCRB,DIU,Synthetic,0.9265327424413893,0.890034324151419,Huber,Huber_1
367,SI_ref_14,GCRB,DIU,Synthetic,0.9238760352548926,0.890034324151419,Huber,Huber_1
369,SI_ref_14,GCRB,DIU,Synthetic,0.9147016410628197,0.8730620877554219,Huber,Huber_1
374,SI_ref_14,GCRB,DIU,Synthetic,1.0082496176169822,0.890034324151419,Huber,Huber_1
390,SI_ref_14,GCRB,SIM,Synthetic,0.9757367710073495,1.0114684639790483,Huber,Huber_1
406,SI_ref_14,GCRB-N,ALA,Synthetic,0.4281694326598611,0.46438855544408475,Huber,Huber_1
446,SI_ref_14,GCRB-N,DIU,Synthetic,0.2075726875081201,0.33207079702243963,Huber,Huber_1
448,SI_ref_14,GCRB-N,DIU,Synthetic,0.1819381767074788,0.38085367189022323,Huber,Huber_1
450,SI_ref_14,GCRB-N,DIU,Synthetic,0.1736169508150928,0.36388143549422614,Huber,Huber_1
453,SI_ref_14,GCRB-N,DIU,Synthetic,0.1683505359330984,0.3808395991855661,Huber,Huber_1
456,SI_ref_14,GCRB-N,DIU,Synthetic,0.1402528461142079,0.3808114830300608,Huber,Huber_1
459,SI_ref_14,GCRB-N,DIU,Synthetic,0.6455190877003087,0.38079743955220696,Huber,Huber_1
460,SI_ref_14,GCRB-N,DIU,Synthetic,0.12138562309836234,0.380783405789662,Huber,Huber_1
462,SI_ref_14,GCRB-N,DIU,Synthetic,0.16773925939532233,0.3807693817289931,Huber,Huber_1
465,SI_ref_14,GCRB-N,DIU,Synthetic,0.1405827183894587,0.38074136265969105,Huber,Huber_1
468,SI_ref_14,GCRB-N,DIU,Synthetic,0.6564705601884918,0.38072736762433107,Huber,Huber_1
469,SI_ref_14,GCRB-N,DIU,Synthetic,0.12617131727344172,0.38071338223739337,Huber,Huber_1
471,SI_ref_14,GCRB-N,DIU,Synthetic,0.1676281074261493,0.3806994064855835,Huber,Huber_1
474,SI_ref_14,GCRB-N,DIU,Synthetic,0.14041778225183332,0.38067148383430677,Huber,Huber_1
477,SI_ref_14,GCRB-N,DIU,Synthetic,0.6413243626564091,0.38065753690838805,Huber,Huber_1
478,SI_ref_14,GCRB-N,DIU,Synthetic,0.12377847018590202,0.3806435995646934,Huber,Huber_1
490,SI_ref_14,GCRB-N,SIM,Synthetic,0.38105997172266487,0.5022878117178524,Huber,Huber_1
537,SI_ref_19,MCB,IBU,Ground water,0.9902068659306948,0.8751603191176645,Huber,Huber_1
546,SI_ref_19,MCB,IBU,Lake water,0.9468798357239083,0.8959703701917339,Huber,Huber_1
555,SI_ref_19,MCB,IBU,Ground water,0.910886274193223,0.8411877106721313,Huber,Huber_1
561,SI_ref_19,MCB,IBU,Ground water,0.9227697266379059,0.8825373312953966,Huber,Huber_1
565,SI_ref_19,MCB,IBU,Ground water,0.9254612605703445,0.875118130257502,Huber,Huber_1
573,SI_ref_19,MCB,IBU,Ground water,0.9222883610163676,0.858131850383651,Huber,Huber_1
577,SI_ref_19,MCB,IBU,Ground water,0.9896236049163454,0.8750900530171031,Huber,Huber_1
584,SI_ref_19,MCB,IBU,Lake water,0.9474280457633885,0.8959001527351609,Huber,Huber_1
593,SI_ref_19,MCB,IBU,Ground water,0.911624129649438,0.8411175417922422,Huber,Huber_1
595,SI_ref_19,MCB,IBU,Ground water,0.9248851497651674,0.8750480098871323,Huber,Huber_1
603,SI_ref_19,MCB,IBU,Ground water,0.920786534541565,0.8580617784557751,Huber,Huber_1
607,SI_ref_19,MCB,IBU,Ground water,0.9861765121394982,0.8750200294648345,Huber,Huber_1
614,SI_ref_19,MCB,IBU,Lake water,0.9465039927474991,0.8958301774917512,Huber,Huber_1
623,SI_ref_19,MCB,IBU,Ground water,0.9103224686673798,0.8410476147910815,Huber,Huber_1
625,SI_ref_19,MCB,IBU,Ground water,0.9258221154816445,0.8749781310617479,Huber,Huber_1
633,SI_ref_19,MCB,IBU,Ground water,0.9216175906678238,0.8579919477398321,Huber,Huber_1
653,SI_ref_18,NaOH-activated SCW biochars,DCF,Lake water,0.060393710525153486,0.4370609263722426,Huber,Huber_1
654,SI_ref_18,NaOH-activated SCW biochars,DCF,Secondary effluent,0.1736813951376961,0.4463038399236997,Huber,Huber_1
657,SI_ref_18,NaOH-activated SCW biochars,DCF,Lake water,0.4098052873550469,0.41266948893835076,Huber,Huber_1
666,SI_ref_18,NaOH-activated SCW biochars,DCF,Secondary effluent,0.6160844980694858,0.4463038399236997,Huber,Huber_1
668,SI_ref_18,NaOH-activated SCW biochars,DCF,Lake water,0.5638671837826676,0.4370609263722426,Huber,Huber_1
671,SI_ref_18,NaOH-activated SCW biochars,DCF,Lake water,0.5111881637893111,0.4370609263722426,Huber,Huber_1
680,SI_ref_18,NaOH-activated SCW biochars,DCF,Lake water,0.5451956691534918,0.4370609263722426,Huber,Huber_1
681,SI_ref_18,NaOH-activated SCW biochars,DCF,Lake water,0.5155236787057735,0.4370609263722426,Huber,Huber_1
684,SI_ref_18,NaOH-activated SCW biochars,DCF,Lake water,0.5054530420964745,0.4370609263722426,Huber,Huber_1
689,SI_ref_18,NaOH-activated SCW biochars,DCF,Secondary effluent,0.6862219778123194,0.47069527735759153,Huber,Huber_1
717,SI_ref_18,NaOH-activated SCW biochars,IBU,Secondary effluent,0.5431517029603264,0.48774860567552486,Huber,Huber_1
726,SI_ref_18,NaOH-activated SCW biochars,IBU,Lake water,0.6298354173553987,0.5028971295579594,Huber,Huber_1
732,SI_ref_18,NaOH-activated SCW biochars,IBU,Lake water,0.6159420233488258,0.5028971295579594,Huber,Huber_1
736,SI_ref_18,NaOH-activated SCW biochars,IBU,Lake water,0.6281995086504742,0.5028971295579594,Huber,Huber_1
750,SI_ref_18,NaOH-activated SCW biochars,IBU,Secondary effluent,0.811827151849907,0.5609229179772002,Huber,Huber_1
751,SI_ref_18,NaOH-activated SCW biochars,IBU,Lake water,0.6869669848084122,0.5028971295579594,Huber,Huber_1
754,SI_ref_18,NaOH-activated SCW biochars,IBU,Secondary effluent,0.7786423949758233,0.5121400431094166,Huber,Huber_1
757,SI_ref_18,NaOH-activated SCW biochars,NPX,Lake water,0.20620314882650506,0.3097917572320004,Huber,Huber_1
759,SI_ref_18,NaOH-activated SCW biochars,NPX,Lake water,0.23676500653660967,0.29606056783430806,Huber,Huber_1
761,SI_ref_18,NaOH-activated SCW biochars,NPX,Lake water,0.21090148006849843,0.28216648299801256,Huber,Huber_1
763,SI_ref_18,NaOH-activated SCW biochars,NPX,Lake water,0.14381242837395034,0.26818943518213484,Huber,Huber_1
765,SI_ref_18,NaOH-activated SCW biochars,NPX,Lake water,0.049549349058709447,0.25417051850920086,Huber,Huber_1
767,SI_ref_18,NaOH-activated SCW biochars,NPX,Lake water,0.0742796412273446,0.24595939617203505,Huber,Huber_1
769,SI_ref_18,NaOH-activated SCW biochars,NPX,Lake water,0.041917196066405205,0.24013056947013717,Huber,Huber_1
773,SI_ref_18,NaOH-activated SCW biochars,NPX,Lake water,0.02383921541973232,0.23191242175673593,Huber,Huber_1
776,SI_ref_18,NaOH-activated SCW biochars,NPX,Secondary effluent,0.048092629555703405,0.21676389787430128,Huber,Huber_1
779,SI_ref_18,NaOH-activated SCW biochars,NPX,Lake water,0.0651330447328621,0.23191242175673593,Huber,Huber_1
781,SI_ref_18,NaOH-activated SCW biochars,NPX,Lake water,0.04234525136924403,0.23191242175673593,Huber,Huber_1
788,SI_ref_18,NaOH-activated SCW biochars,NPX,Secondary effluent,0.09141898602740345,0.24115533530819305,Huber,Huber_1
798,SI_ref_18,NaOH-activated SCW biochars,NPX,Secondary effluent,0.15082313311850198,0.24115533530819305,Huber,Huber_1
800,SI_ref_18,NaOH-activated SCW biochars,NPX,Secondary effluent,0.24701864815812044,0.24115533530819305,Huber,Huber_1
871,SI_ref_13,PB600,CBZ,Synthetic,0.6953242835595775,0.5005984332642976,Huber,Huber_1
881,SI_ref_13,PB600,IBU,Synthetic,0.2096102913356035,0.6229541011780849,Huber,Huber_1
918,SI_ref_13,PB800,CBZ,Synthetic,0.30905619203491547,0.30825470268056343,Huber,Huber_1
928,SI_ref_13,PB800,IBU,Synthetic,0.23013048635824437,0.43061037059435064,Huber,Huber_1
954,SI_ref_15,PSB,CAR,Synthetic,0.9395494569882223,0.8610263319259763,Huber,Huber_1
955,SI_ref_15,PSB,CAR,Synthetic,0.9231398092867221,0.8610263319259763,Huber,Huber_1
957,SI_ref_15,PSB,CAR,Synthetic,0.9436310458092197,0.9098092067937599,Huber,Huber_1
964,SI_ref_15,PSB,CAR,Synthetic,0.9383522096618221,0.8610263319259763,Huber,Huber_1
978,SI_ref_15,PSB,PYR,Synthetic,0.919631586959635,0.9063105314852236,Huber,Huber_1
985,SI_ref_15,PSB,PYR,Synthetic,0.9775942152304119,0.9063105314852236,Huber,Huber_1
994,SI_ref_15,PSB,TEB,Synthetic,0.9362126098667423,0.8996206262385747,Huber,Huber_1
1000,SI_ref_15,PSB,TEB,Synthetic,0.8714762044822667,0.8996206262385747,Huber,Huber_1
1015,SI_ref_15,PSBOX-A,CAR,Synthetic,0.03563496474916306,0.17853549490510462,Huber,Huber_1
1016,SI_ref_15,PSBOX-A,CAR,Synthetic,0.026325197069833068,0.17853549490510462,Huber,Huber_1
1018,SI_ref_15,PSBOX-A,CAR,Synthetic,0.034457194657534405,0.22731836977288816,Huber,Huber_1
1025,SI_ref_15,PSBOX-A,CAR,Synthetic,0.0497879777437964,0.17853549490510462,Huber,Huber_1
1040,SI_ref_15,PSBOX-A,PYR,Synthetic,0.5200236643843362,0.2068474580683547,Huber,Huber_1
1043,SI_ref_15,PSBOX-A,PYR,Synthetic,0.08786555053416333,0.22381969446435168,Huber,Huber_1
1050,SI_ref_15,PSBOX-A,PYR,Synthetic,0.48794917248977554,0.22381969446435168,Huber,Huber_1
1059,SI_ref_15,PSBOX-A,TEB,Synthetic,0.07277962857952934,0.21712978921770298,Huber,Huber_1
1061,SI_ref_15,PSBOX-A,TEB,Synthetic,0.5163778457532948,0.23410202561370008,Huber,Huber_1
1070,SI_ref_15,PSBOX-A,TEB,Synthetic,0.04527670142322688,0.21712978921770298,Huber,Huber_1
1101,SI_ref_17,Pristine SCG biochar,CBZ,Synthetic,0.9071468090110305,0.7228509022846905,Huber,Huber_1
1108,SI_ref_17,Pristine SCG biochar,CBZ,Synthetic,0.8967497590877974,0.8398666928944752,Huber,Huber_1
1113,SI_ref_17,Pristine SCG biochar,CBZ,Synthetic,0.9373850128799738,0.7228509022846905,Huber,Huber_1
1130,SI_ref_17,Pristine SCG biochar,EE2,Synthetic,0.817422791958414,0.8417203957028064,Huber,Huber_1
1137,SI_ref_17,Pristine SCG biochar,EE2,Synthetic,0.8257334628724249,0.7734874799608054,Huber,Huber_1
1139,SI_ref_17,Pristine SCG biochar,EE2,Synthetic,0.8269992896243368,0.7734874799608054,Huber,Huber_1
1141,SI_ref_17,Pristine SCG biochar,EE2,Synthetic,0.8244509213990222,0.7734874799608054,Huber,Huber_1
1142,SI_ref_17,Pristine SCG biochar,EE2,Synthetic,0.859538444436826,0.89050327057059,Huber,Huber_1
1148,SI_ref_17,Pristine SCG biochar,EE2,Synthetic,0.823763814163292,0.89050327057059,Huber,Huber_1
1157,SI_ref_17,Pristine SCG biochar,IBU,Synthetic,0.9060511140454979,0.909038931258443,Huber,Huber_1
1159,SI_ref_17,Pristine SCG biochar,IBU,Synthetic,0.9004320791615827,0.8953077418607507,Huber,Huber_1
1161,SI_ref_17,Pristine SCG biochar,IBU,Synthetic,0.894961472244973,0.8732444326096193,Huber,Huber_1
1163,SI_ref_17,Pristine SCG biochar,IBU,Synthetic,0.8949151720794959,0.8592395011629287,Huber,Huber_1
1165,SI_ref_17,Pristine SCG biochar,IBU,Synthetic,0.892599829508416,0.8510330556499917,Huber,Huber_1
1167,SI_ref_17,Pristine SCG biochar,IBU,Synthetic,0.8914167516338777,0.8452065701984777,Huber,Huber_1
1169,SI_ref_17,Pristine SCG biochar,IBU,Synthetic,0.886841225533622,0.8393777434965799,Huber,Huber_1
1173,SI_ref_17,Pristine SCG biochar,IBU,Synthetic,0.9319085004678631,0.8311595957831786,Huber,Huber_1
1180,SI_ref_17,Pristine SCG biochar,IBU,Synthetic,0.9167234922708469,0.9481753863929633,Huber,Huber_1
1187,SI_ref_17,Pristine SCG biochar,IBU,Synthetic,0.9448963419259283,0.8311595957831786,Huber,Huber_1
1189,SI_ref_17,Pristine SCG biochar,IBU,Synthetic,0.9210277046979152,0.8311595957831786,Huber,Huber_1
1191,SI_ref_17,Pristine SCG biochar,IBU,Synthetic,0.9513456586569363,0.8311595957831786,Huber,Huber_1
1212,SI_ref_18,Pristine SCW Biochar,DCF,Secondary effluent,0.8964391711737753,1.0102704395518844,Huber,Huber_1
1214,SI_ref_18,Pristine SCW Biochar,DCF,Lake water,0.9077130214504949,0.9766360885665355,Huber,Huber_1
1223,SI_ref_18,Pristine SCW Biochar,DCF,Secondary effluent,0.916228597953408,1.0102704395518844,Huber,Huber_1
1225,SI_ref_18,Pristine SCW Biochar,DCF,Lake water,0.9209005359691885,1.0010275260004273,Huber,Huber_1
1228,SI_ref_18,Pristine SCW Biochar,DCF,Lake water,0.918118398017722,1.0010275260004273,Huber,Huber_1
1237,SI_ref_18,Pristine SCW Biochar,DCF,Lake water,0.9176779336906461,1.0010275260004273,Huber,Huber_1
1238,SI_ref_18,Pristine SCW Biochar,DCF,Lake water,0.9153943997055312,1.0010275260004273,Huber,Huber_1
1241,SI_ref_18,Pristine SCW Biochar,DCF,Lake water,0.9102639266700783,1.0010275260004273,Huber,Huber_1
1246,SI_ref_18,Pristine SCW Biochar,DCF,Secondary effluent,0.9052859627037971,1.0346618769857763,Huber,Huber_1
1270,SI_ref_18,Pristine SCW Biochar,IBU,Secondary effluent,0.8874692330465712,1.0517152053037095,Huber,Huber_1
1279,SI_ref_18,Pristine SCW Biochar,IBU,Lake water,0.9204127206373283,1.0668637291861442,Huber,Huber_1
1285,SI_ref_18,Pristine SCW Biochar,IBU,Lake water,0.9175495400890653,1.0668637291861442,Huber,Huber_1
1289,SI_ref_18,Pristine SCW Biochar,IBU,Lake water,0.91141920930323,1.0668637291861442,Huber,Huber_1
1303,SI_ref_18,Pristine SCW Biochar,IBU,Secondary effluent,0.9145392250293353,1.124889517605385,Huber,Huber_1
1305,SI_ref_18,Pristine SCW Biochar,IBU,Secondary effluent,0.8992133437264335,1.0761066427376014,Huber,Huber_1
1308,SI_ref_18,Pristine SCW Biochar,NPX,Lake water,0.9299082628630408,0.873758356860185,Huber,Huber_1
1310,SI_ref_18,Pristine SCW Biochar,NPX,Lake water,0.9179731197519893,0.8600271674624926,Huber,Huber_1
1312,SI_ref_18,Pristine SCW Biochar,NPX,Lake water,0.9157588621166984,0.8461330826261972,Huber,Huber_1
1314,SI_ref_18,Pristine SCW Biochar,NPX,Lake water,0.9211177808704595,0.8321560348103196,Huber,Huber_1
1316,SI_ref_18,Pristine SCW Biochar,NPX,Lake water,0.9261251958543161,0.8181371181373855,Huber,Huber_1
1318,SI_ref_18,Pristine SCW Biochar,NPX,Lake water,0.9179250714018231,0.8099259958002197,Huber,Huber_1
1320,SI_ref_18,Pristine SCW Biochar,NPX,Lake water,0.9238791357631378,0.8040971690983219,Huber,Huber_1
1325,SI_ref_18,Pristine SCW Biochar,NPX,Secondary effluent,0.8954095327862793,0.780730497502486,Huber,Huber_1
1328,SI_ref_18,Pristine SCW Biochar,NPX,Lake water,0.9239571578457322,0.7958790213849206,Huber,Huber_1
1330,SI_ref_18,Pristine SCW Biochar,NPX,Lake water,0.9241969522882365,0.7958790213849206,Huber,Huber_1
1337,SI_ref_18,Pristine SCW Biochar,NPX,Secondary effluent,0.9109852392346297,0.8051219349363778,Huber,Huber_1
1346,SI_ref_18,Pristine SCW Biochar,NPX,Secondary effluent,0.9136165317560039,0.8051219349363778,Huber,Huber_1
1347,SI_ref_18,Pristine SCW Biochar,NPX,Secondary effluent,0.9038576927569927,0.8051219349363778,Huber,Huber_1
16,SI_ref_19,AMCB,IBU,Ground water,0.029204625724030753,0.28315276144011714,KNN,KNN_1
25,SI_ref_19,AMCB,IBU,Lake water,0.3473743729830984,0.3463152239173519,KNN,KNN_1
34,SI_ref_19,AMCB,IBU,Ground water,0.303030777614079,0.23580762624511048,KNN,KNN_1
36,SI_ref_19,AMCB,IBU,Ground water,0.41496556078686897,0.36179366654089823,KNN,KNN_1
44,SI_ref_19,AMCB,IBU,Ground water,0.5024496962602676,0.21761127754613155,KNN,KNN_1
48,SI_ref_19,AMCB,IBU,Ground water,0.03338351934448727,0.36769289451419124,KNN,KNN_1
55,SI_ref_19,AMCB,IBU,Lake water,0.34535416691700616,0.3849895352207301,KNN,KNN_1
64,SI_ref_19,AMCB,IBU,Ground water,0.3258728934993643,0.24830564023134458,KNN,KNN_1
66,SI_ref_19,AMCB,IBU,Ground water,0.4885549946229274,0.3594967288804112,KNN,KNN_1
74,SI_ref_19,AMCB,IBU,Ground water,0.5226317382792791,0.22924336440454984,KNN,KNN_1
78,SI_ref_19,AMCB,IBU,Ground water,0.025848755777109534,0.36545508428532886,KNN,KNN_1
85,SI_ref_19,AMCB,IBU,Lake water,0.32220691257344963,0.3962707700599427,KNN,KNN_1
94,SI_ref_19,AMCB,IBU,Ground water,0.3191737471997417,0.29029666134390475,KNN,KNN_1
96,SI_ref_19,AMCB,IBU,Ground water,0.45590621693388655,0.393046296267943,KNN,KNN_1
106,SI_ref_19,AMCB,IBU,Ground water,0.3644459510905023,0.5366962810937153,KNN,KNN_1
112,SI_ref_19,AMCB,IBU,Ground water,0.5464029950150356,0.32070040208616674,KNN,KNN_1
140,SI_ref_17,Alkali-modified SCG biochars,CBZ,Synthetic,0.006132526431344026,0.017481066244092198,KNN,KNN_1
146,SI_ref_17,Alkali-modified SCG biochars,CBZ,Synthetic,0.6777397154224275,0.4749422447717506,KNN,KNN_1
151,SI_ref_17,Alkali-modified SCG biochars,CBZ,Synthetic,0.4516798693491866,0.017481066244092198,KNN,KNN_1
168,SI_ref_17,Alkali-modified SCG biochars,EE2,Synthetic,0.0796235147045166,0.1841029056560957,KNN,KNN_1
176,SI_ref_17,Alkali-modified SCG biochars,EE2,Synthetic,0.07754174693450858,0.267092287443295,KNN,KNN_1
181,SI_ref_17,Alkali-modified SCG biochars,EE2,Synthetic,0.7086029202646077,0.23903402999365297,KNN,KNN_1
190,SI_ref_17,Alkali-modified SCG biochars,IBU,Synthetic,0.22674008618295227,0.265004433306747,KNN,KNN_1
192,SI_ref_17,Alkali-modified SCG biochars,IBU,Synthetic,0.18762987622773672,0.2556476145900238,KNN,KNN_1
194,SI_ref_17,Alkali-modified SCG biochars,IBU,Synthetic,0.0964989432139522,0.15423312507504214,KNN,KNN_1
196,SI_ref_17,Alkali-modified SCG biochars,IBU,Synthetic,0.056403766337859394,0.10411732814611395,KNN,KNN_1
198,SI_ref_17,Alkali-modified SCG biochars,IBU,Synthetic,0.04365646649895644,0.10411732814611396,KNN,KNN_1
200,SI_ref_17,Alkali-modified SCG biochars,IBU,Synthetic,0.05275302685215311,0.10411732814611394,KNN,KNN_1
202,SI_ref_17,Alkali-modified SCG biochars,IBU,Synthetic,0.051463060103218494,0.10411732814611395,KNN,KNN_1
206,SI_ref_17,Alkali-modified SCG biochars,IBU,Synthetic,0.05901922048526246,0.10411732814611394,KNN,KNN_1
213,SI_ref_17,Alkali-modified SCG biochars,IBU,Synthetic,0.33928547446435453,0.3538484872066151,KNN,KNN_1
220,SI_ref_17,Alkali-modified SCG biochars,IBU,Synthetic,0.004839210099114782,0.10411732814611394,KNN,KNN_1
222,SI_ref_17,Alkali-modified SCG biochars,IBU,Synthetic,0.04374442489311713,0.10411732814611394,KNN,KNN_1
224,SI_ref_17,Alkali-modified SCG biochars,IBU,Synthetic,0.2945083196339574,0.10411732814611394,KNN,KNN_1
229,SI_ref_16,C-Biochar,ATE,Synthetic,0.8511111111111113,0.5820466104575747,KNN,KNN_1
231,SI_ref_16,C-Biochar,ATE,Synthetic,0.7400000000000001,0.7140109517145926,KNN,KNN_1
235,SI_ref_16,C-Biochar,ATE,Synthetic,0.8511111111111113,0.8210774410774413,KNN,KNN_1
238,SI_ref_16,C-Biochar,ATE,Synthetic,0.6733333333333335,0.6728504421693741,KNN,KNN_1
250,SI_ref_16,C-Biochar,CBZ,Synthetic,0.4840388007054674,0.5275172358505692,KNN,KNN_1
251,SI_ref_16,C-Biochar,CBZ,Synthetic,0.5325396825396824,0.5275172358505692,KNN,KNN_1
252,SI_ref_16,C-Biochar,CBZ,Synthetic,0.4258377425044091,0.5275172358505692,KNN,KNN_1
258,SI_ref_16,C-Biochar,CBZ,Synthetic,0.4990079365079365,0.5275172358505692,KNN,KNN_1
264,SI_ref_16,C-Biochar,IBU,Synthetic,0.7333333333333333,0.5842260072993953,KNN,KNN_1
266,SI_ref_16,C-Biochar,IBU,Synthetic,0.6121212121212122,0.5633333333333332,KNN,KNN_1
271,SI_ref_16,C-Biochar,IBU,Synthetic,0.6000000000000001,0.5633333333333332,KNN,KNN_1
277,SI_ref_16,C-Biochar,IBU,Synthetic,0.7844444444444444,0.5633333333333332,KNN,KNN_1
278,SI_ref_16,C-Biochar,IBU,Synthetic,0.8430555555555557,0.5633333333333332,KNN,KNN_1
279,SI_ref_16,C-Biochar,IBU,Synthetic,0.861111111111111,0.5633333333333332,KNN,KNN_1
296,SI_ref_19,CB,IBU,Ground water,0.9945207101387852,0.9356227318561574,KNN,KNN_1
303,SI_ref_19,CB,IBU,Lake water,0.9505925590656487,0.9492314712082918,KNN,KNN_1
314,SI_ref_19,CB,IBU,Ground water,0.917590560186213,0.9301047904479357,KNN,KNN_1
316,SI_ref_19,CB,IBU,Ground water,0.9236132062907854,0.9371711597210725,KNN,KNN_1
320,SI_ref_19,CB,IBU,Ground water,0.9303445651202417,0.9356227318561574,KNN,KNN_1
328,SI_ref_19,CB,IBU,Ground water,0.9241489703794897,0.9388802195015089,KNN,KNN_1
340,SI_ref_14,GCRB,ALA,Synthetic,0.9700055250053173,0.8049633201248422,KNN,KNN_1
361,SI_ref_14,GCRB,DIU,Synthetic,0.9291396445453227,0.8905932834605901,KNN,KNN_1
363,SI_ref_14,GCRB,DIU,Synthetic,0.9527369648004039,0.9642016374358156,KNN,KNN_1
365,SI_ref_14,GCRB,DIU,Synthetic,0.9265327424413893,0.9729001113752703,KNN,KNN_1
367,SI_ref_14,GCRB,DIU,Synthetic,0.9238760352548926,0.9642016374358156,KNN,KNN_1
369,SI_ref_14,GCRB,DIU,Synthetic,0.9147016410628197,0.9417552695951205,KNN,KNN_1
374,SI_ref_14,GCRB,DIU,Synthetic,1.0082496176169822,0.9642016374358156,KNN,KNN_1
390,SI_ref_14,GCRB,SIM,Synthetic,0.9757367710073495,0.9635134535485301,KNN,KNN_1
406,SI_ref_14,GCRB-N,ALA,Synthetic,0.4281694326598611,0.6078935135401486,KNN,KNN_1
446,SI_ref_14,GCRB-N,DIU,Synthetic,0.2075726875081201,0.3618864348489039,KNN,KNN_1
448,SI_ref_14,GCRB-N,DIU,Synthetic,0.1819381767074788,0.1932052297084895,KNN,KNN_1
450,SI_ref_14,GCRB-N,DIU,Synthetic,0.1736169508150928,0.150930192295533,KNN,KNN_1
453,SI_ref_14,GCRB-N,DIU,Synthetic,0.1683505359330984,0.2603354430038044,KNN,KNN_1
456,SI_ref_14,GCRB-N,DIU,Synthetic,0.1402528461142079,0.5187315058108145,KNN,KNN_1
459,SI_ref_14,GCRB-N,DIU,Synthetic,0.6455190877003087,0.12636855486396087,KNN,KNN_1
460,SI_ref_14,GCRB-N,DIU,Synthetic,0.12138562309836234,0.6666027581171994,KNN,KNN_1
462,SI_ref_14,GCRB-N,DIU,Synthetic,0.16773925939532233,0.3609591637862421,KNN,KNN_1
465,SI_ref_14,GCRB-N,DIU,Synthetic,0.1405827183894587,0.5605758859577746,KNN,KNN_1
468,SI_ref_14,GCRB-N,DIU,Synthetic,0.6564705601884918,0.13179331731589933,KNN,KNN_1
469,SI_ref_14,GCRB-N,DIU,Synthetic,0.12617131727344172,0.6552382323647495,KNN,KNN_1
471,SI_ref_14,GCRB-N,DIU,Synthetic,0.1676281074261493,0.3682844831917588,KNN,KNN_1
474,SI_ref_14,GCRB-N,DIU,Synthetic,0.14041778225183332,0.5409787158836077,KNN,KNN_1
477,SI_ref_14,GCRB-N,DIU,Synthetic,0.6413243626564091,0.12901540473750372,KNN,KNN_1
478,SI_ref_14,GCRB-N,DIU,Synthetic,0.12377847018590202,0.665837914589971,KNN,KNN_1
490,SI_ref_14,GCRB-N,SIM,Synthetic,0.38105997172266487,0.5567923708453258,KNN,KNN_1
537,SI_ref_19,MCB,IBU,Ground water,0.9902068659306948,0.9324920123347104,KNN,KNN_1
546,SI_ref_19,MCB,IBU,Lake water,0.9468798357239083,0.9539411411540752,KNN,KNN_1
555,SI_ref_19,MCB,IBU,Ground water,0.910886274193223,0.9235722990931128,KNN,KNN_1
561,SI_ref_19,MCB,IBU,Ground water,0.9227697266379059,0.8431920208585744,KNN,KNN_1
565,SI_ref_19,MCB,IBU,Ground water,0.9254612605703445,0.9301213596904004,KNN,KNN_1
573,SI_ref_19,MCB,IBU,Ground water,0.9222883610163676,0.9343149099035455,KNN,KNN_1
577,SI_ref_19,MCB,IBU,Ground water,0.9896236049163454,0.9315410058857321,KNN,KNN_1
584,SI_ref_19,MCB,IBU,Lake water,0.9474280457633885,0.9472950424915746,KNN,KNN_1
593,SI_ref_19,MCB,IBU,Ground water,0.911624129649438,0.926892652437927,KNN,KNN_1
595,SI_ref_19,MCB,IBU,Ground water,0.9248851497651674,0.9314592840220038,KNN,KNN_1
603,SI_ref_19,MCB,IBU,Ground water,0.920786534541565,0.9354937781899946,KNN,KNN_1
607,SI_ref_19,MCB,IBU,Ground water,0.9861765121394982,0.9309653440990492,KNN,KNN_1
614,SI_ref_19,MCB,IBU,Lake water,0.9465039927474991,0.946339788115062,KNN,KNN_1
623,SI_ref_19,MCB,IBU,Ground water,0.9103224686673798,0.9220175947305475,KNN,KNN_1
625,SI_ref_19,MCB,IBU,Ground water,0.9258221154816445,0.9292543737647831,KNN,KNN_1
633,SI_ref_19,MCB,IBU,Ground water,0.9216175906678238,0.9268595821539111,KNN,KNN_1
653,SI_ref_18,NaOH-activated SCW biochars,DCF,Lake water,0.060393710525153486,0.48557585491753985,KNN,KNN_1
654,SI_ref_18,NaOH-activated SCW biochars,DCF,Secondary effluent,0.1736813951376961,0.6357190175995102,KNN,KNN_1
657,SI_ref_18,NaOH-activated SCW biochars,DCF,Lake water,0.4098052873550469,0.351479880898805,KNN,KNN_1
666,SI_ref_18,NaOH-activated SCW biochars,DCF,Secondary effluent,0.6160844980694858,0.6357190175995102,KNN,KNN_1
668,SI_ref_18,NaOH-activated SCW biochars,DCF,Lake water,0.5638671837826676,0.48557585491753985,KNN,KNN_1
671,SI_ref_18,NaOH-activated SCW biochars,DCF,Lake water,0.5111881637893111,0.48557585491753985,KNN,KNN_1
680,SI_ref_18,NaOH-activated SCW biochars,DCF,Lake water,0.5451956691534918,0.48557585491753985,KNN,KNN_1
681,SI_ref_18,NaOH-activated SCW biochars,DCF,Lake water,0.5155236787057735,0.48557585491753985,KNN,KNN_1
684,SI_ref_18,NaOH-activated SCW biochars,DCF,Lake water,0.5054530420964745,0.48557585491753985,KNN,KNN_1
689,SI_ref_18,NaOH-activated SCW biochars,DCF,Secondary effluent,0.6862219778123194,0.47790626367688416,KNN,KNN_1
717,SI_ref_18,NaOH-activated SCW biochars,IBU,Secondary effluent,0.5431517029603264,0.34921055777301585,KNN,KNN_1
726,SI_ref_18,NaOH-activated SCW biochars,IBU,Lake water,0.6298354173553987,0.6423224463946724,KNN,KNN_1
732,SI_ref_18,NaOH-activated SCW biochars,IBU,Lake water,0.6159420233488258,0.6423224463946724,KNN,KNN_1
736,SI_ref_18,NaOH-activated SCW biochars,IBU,Lake water,0.6281995086504742,0.6423224463946724,KNN,KNN_1
750,SI_ref_18,NaOH-activated SCW biochars,IBU,Secondary effluent,0.811827151849907,0.5153194080097088,KNN,KNN_1
751,SI_ref_18,NaOH-activated SCW biochars,IBU,Lake water,0.6869669848084122,0.6423224463946724,KNN,KNN_1
754,SI_ref_18,NaOH-activated SCW biochars,IBU,Secondary effluent,0.7786423949758233,0.507879443694255,KNN,KNN_1
757,SI_ref_18,NaOH-activated SCW biochars,NPX,Lake water,0.20620314882650506,0.5491889173925043,KNN,KNN_1
759,SI_ref_18,NaOH-activated SCW biochars,NPX,Lake water,0.23676500653660967,0.5484310915018751,KNN,KNN_1
761,SI_ref_18,NaOH-activated SCW biochars,NPX,Lake water,0.21090148006849843,0.499627082179399,KNN,KNN_1
763,SI_ref_18,NaOH-activated SCW biochars,NPX,Lake water,0.14381242837395034,0.2935518410525735,KNN,KNN_1
765,SI_ref_18,NaOH-activated SCW biochars,NPX,Lake water,0.049549349058709447,0.07113358985987372,KNN,KNN_1
767,SI_ref_18,NaOH-activated SCW biochars,NPX,Lake water,0.0742796412273446,0.07113358985987371,KNN,KNN_1
769,SI_ref_18,NaOH-activated SCW biochars,NPX,Lake water,0.041917196066405205,0.07113358985987371,KNN,KNN_1
773,SI_ref_18,NaOH-activated SCW biochars,NPX,Lake water,0.02383921541973232,0.07113358985987372,KNN,KNN_1
776,SI_ref_18,NaOH-activated SCW biochars,NPX,Secondary effluent,0.048092629555703405,0.23830491812588128,KNN,KNN_1
779,SI_ref_18,NaOH-activated SCW biochars,NPX,Lake water,0.0651330447328621,0.07113358985987372,KNN,KNN_1
781,SI_ref_18,NaOH-activated SCW biochars,NPX,Lake water,0.04234525136924403,0.07113358985987372,KNN,KNN_1
788,SI_ref_18,NaOH-activated SCW biochars,NPX,Secondary effluent,0.09141898602740345,0.08764962717624132,KNN,KNN_1
798,SI_ref_18,NaOH-activated SCW biochars,NPX,Secondary effluent,0.15082313311850198,0.09692518280017436,KNN,KNN_1
800,SI_ref_18,NaOH-activated SCW biochars,NPX,Secondary effluent,0.24701864815812044,0.08764962717624132,KNN,KNN_1
871,SI_ref_13,PB600,CBZ,Synthetic,0.6953242835595775,0.4819004524886878,KNN,KNN_1
881,SI_ref_13,PB600,IBU,Synthetic,0.2096102913356035,0.5547019514196427,KNN,KNN_1
918,SI_ref_13,PB800,CBZ,Synthetic,0.30905619203491547,0.23771212492059882,KNN,KNN_1
928,SI_ref_13,PB800,IBU,Synthetic,0.23013048635824437,0.27865942509428804,KNN,KNN_1
954,SI_ref_15,PSB,CAR,Synthetic,0.9395494569882223,0.8918811040807139,KNN,KNN_1
955,SI_ref_15,PSB,CAR,Synthetic,0.9231398092867221,0.9320245896617017,KNN,KNN_1
957,SI_ref_15,PSB,CAR,Synthetic,0.9436310458092197,0.9401990227496748,KNN,KNN_1
964,SI_ref_15,PSB,CAR,Synthetic,0.9383522096618221,0.9320245896617017,KNN,KNN_1
978,SI_ref_15,PSB,PYR,Synthetic,0.919631586959635,0.9232170395434942,KNN,KNN_1
985,SI_ref_15,PSB,PYR,Synthetic,0.9775942152304119,0.9232170395434942,KNN,KNN_1
994,SI_ref_15,PSB,TEB,Synthetic,0.9362126098667423,0.9107241806819744,KNN,KNN_1
1000,SI_ref_15,PSB,TEB,Synthetic,0.8714762044822667,0.9107241806819744,KNN,KNN_1
1015,SI_ref_15,PSBOX-A,CAR,Synthetic,0.03563496474916306,0.02424611723994359,KNN,KNN_1
1016,SI_ref_15,PSBOX-A,CAR,Synthetic,0.026325197069833068,0.02424611723994359,KNN,KNN_1
1018,SI_ref_15,PSBOX-A,CAR,Synthetic,0.034457194657534405,0.5634604639779146,KNN,KNN_1
1025,SI_ref_15,PSBOX-A,CAR,Synthetic,0.0497879777437964,0.02424611723994359,KNN,KNN_1
1040,SI_ref_15,PSBOX-A,PYR,Synthetic,0.5200236643843362,0.23673086366773097,KNN,KNN_1
1043,SI_ref_15,PSBOX-A,PYR,Synthetic,0.08786555053416333,0.16133429501211874,KNN,KNN_1
1050,SI_ref_15,PSBOX-A,PYR,Synthetic,0.48794917248977554,0.16133429501211874,KNN,KNN_1
1059,SI_ref_15,PSBOX-A,TEB,Synthetic,0.07277962857952934,0.14721020414778904,KNN,KNN_1
1061,SI_ref_15,PSBOX-A,TEB,Synthetic,0.5163778457532948,0.2531772027425915,KNN,KNN_1
1070,SI_ref_15,PSBOX-A,TEB,Synthetic,0.04527670142322688,0.14721020414778904,KNN,KNN_1
1101,SI_ref_17,Pristine SCG biochar,CBZ,Synthetic,0.9071468090110305,0.9070485484498102,KNN,KNN_1
1108,SI_ref_17,Pristine SCG biochar,CBZ,Synthetic,0.8967497590877974,0.8976551613659091,KNN,KNN_1
1113,SI_ref_17,Pristine SCG biochar,CBZ,Synthetic,0.9373850128799738,0.9070485484498102,KNN,KNN_1
1130,SI_ref_17,Pristine SCG biochar,EE2,Synthetic,0.817422791958414,0.8310227852731714,KNN,KNN_1
1137,SI_ref_17,Pristine SCG biochar,EE2,Synthetic,0.8257334628724249,0.860175316936636,KNN,KNN_1
1139,SI_ref_17,Pristine SCG biochar,EE2,Synthetic,0.8269992896243368,0.8494522276991657,KNN,KNN_1
1141,SI_ref_17,Pristine SCG biochar,EE2,Synthetic,0.8244509213990222,0.860175316936636,KNN,KNN_1
1142,SI_ref_17,Pristine SCG biochar,EE2,Synthetic,0.859538444436826,0.8513239422427763,KNN,KNN_1
1148,SI_ref_17,Pristine SCG biochar,EE2,Synthetic,0.823763814163292,0.8513239422427763,KNN,KNN_1
1157,SI_ref_17,Pristine SCG biochar,IBU,Synthetic,0.9060511140454979,0.9545242841071605,KNN,KNN_1
1159,SI_ref_17,Pristine SCG biochar,IBU,Synthetic,0.9004320791615827,0.9535205235231299,KNN,KNN_1
1161,SI_ref_17,Pristine SCG biochar,IBU,Synthetic,0.894961472244973,0.945552504311711,KNN,KNN_1
1163,SI_ref_17,Pristine SCG biochar,IBU,Synthetic,0.8949151720794959,0.912428387789182,KNN,KNN_1
1165,SI_ref_17,Pristine SCG biochar,IBU,Synthetic,0.892599829508416,0.9124283877891819,KNN,KNN_1
1167,SI_ref_17,Pristine SCG biochar,IBU,Synthetic,0.8914167516338777,0.9124283877891819,KNN,KNN_1
1169,SI_ref_17,Pristine SCG biochar,IBU,Synthetic,0.886841225533622,0.912428387789182,KNN,KNN_1
1173,SI_ref_17,Pristine SCG biochar,IBU,Synthetic,0.9319085004678631,0.912428387789182,KNN,KNN_1
1180,SI_ref_17,Pristine SCG biochar,IBU,Synthetic,0.9167234922708469,0.9179421651700356,KNN,KNN_1
1187,SI_ref_17,Pristine SCG biochar,IBU,Synthetic,0.9448963419259283,0.912428387789182,KNN,KNN_1
1189,SI_ref_17,Pristine SCG biochar,IBU,Synthetic,0.9210277046979152,0.9102617404780687,KNN,KNN_1
1191,SI_ref_17,Pristine SCG biochar,IBU,Synthetic,0.9513456586569363,0.912428387789182,KNN,KNN_1
1212,SI_ref_18,Pristine SCW Biochar,DCF,Secondary effluent,0.8964391711737753,0.9140502061432354,KNN,KNN_1
1214,SI_ref_18,Pristine SCW Biochar,DCF,Lake water,0.9077130214504949,0.9097656598805705,KNN,KNN_1
1223,SI_ref_18,Pristine SCW Biochar,DCF,Secondary effluent,0.916228597953408,0.9140502061432354,KNN,KNN_1
1225,SI_ref_18,Pristine SCW Biochar,DCF,Lake water,0.9209005359691885,0.9257669383060634,KNN,KNN_1
1228,SI_ref_18,Pristine SCW Biochar,DCF,Lake water,0.918118398017722,0.9257669383060634,KNN,KNN_1
1237,SI_ref_18,Pristine SCW Biochar,DCF,Lake water,0.9176779336906461,0.9257669383060634,KNN,KNN_1
1238,SI_ref_18,Pristine SCW Biochar,DCF,Lake water,0.9153943997055312,0.9257669383060634,KNN,KNN_1
1241,SI_ref_18,Pristine SCW Biochar,DCF,Lake water,0.9102639266700783,0.9257669383060634,KNN,KNN_1
1246,SI_ref_18,Pristine SCW Biochar,DCF,Secondary effluent,0.9052859627037971,0.9206379428259686,KNN,KNN_1
1270,SI_ref_18,Pristine SCW Biochar,IBU,Secondary effluent,0.8874692330465712,0.8890432791831798,KNN,KNN_1
1279,SI_ref_18,Pristine SCW Biochar,IBU,Lake water,0.9204127206373283,0.924147054438289,KNN,KNN_1
1285,SI_ref_18,Pristine SCW Biochar,IBU,Lake water,0.9175495400890653,0.924147054438289,KNN,KNN_1
1289,SI_ref_18,Pristine SCW Biochar,IBU,Lake water,0.91141920930323,0.924147054438289,KNN,KNN_1
1303,SI_ref_18,Pristine SCW Biochar,IBU,Secondary effluent,0.9145392250293353,0.9250183711603714,KNN,KNN_1
1305,SI_ref_18,Pristine SCW Biochar,IBU,Secondary effluent,0.8992133437264335,0.8941047422768369,KNN,KNN_1
1308,SI_ref_18,Pristine SCW Biochar,NPX,Lake water,0.9299082628630408,0.9262299694857136,KNN,KNN_1
1310,SI_ref_18,Pristine SCW Biochar,NPX,Lake water,0.9179731197519893,0.924025658686531,KNN,KNN_1
1312,SI_ref_18,Pristine SCW Biochar,NPX,Lake water,0.9157588621166984,0.9193350746680359,KNN,KNN_1
1314,SI_ref_18,Pristine SCW Biochar,NPX,Lake water,0.9211177808704595,0.9225653178287968,KNN,KNN_1
1316,SI_ref_18,Pristine SCW Biochar,NPX,Lake water,0.9261251958543161,0.920072565702365,KNN,KNN_1
1318,SI_ref_18,Pristine SCW Biochar,NPX,Lake water,0.9179250714018231,0.9175262144873634,KNN,KNN_1
1320,SI_ref_18,Pristine SCW Biochar,NPX,Lake water,0.9238791357631378,0.9186223452337806,KNN,KNN_1
1325,SI_ref_18,Pristine SCW Biochar,NPX,Secondary effluent,0.8954095327862793,0.9003324453850063,KNN,KNN_1
1328,SI_ref_18,Pristine SCW Biochar,NPX,Lake water,0.9239571578457322,0.9180659086063803,KNN,KNN_1
1330,SI_ref_18,Pristine SCW Biochar,NPX,Lake water,0.9241969522882365,0.9180659086063803,KNN,KNN_1
1337,SI_ref_18,Pristine SCW Biochar,NPX,Secondary effluent,0.9109852392346297,0.9053011076916491,KNN,KNN_1
1346,SI_ref_18,Pristine SCW Biochar,NPX,Secondary effluent,0.9136165317560039,0.9053011076916491,KNN,KNN_1
1347,SI_ref_18,Pristine SCW Biochar,NPX,Secondary effluent,0.9038576927569927,0.9053011076916491,KNN,KNN_1
16,SI_ref_19,AMCB,IBU,Ground water,0.029204625724030753,0.36491036657726866,KernelRidge,KernelRidge_1
25,SI_ref_19,AMCB,IBU,Lake water,0.3473743729830984,0.4273793883568297,KernelRidge,KernelRidge_1
34,SI_ref_19,AMCB,IBU,Ground water,0.303030777614079,0.28789350008686065,KernelRidge,KernelRidge_1
36,SI_ref_19,AMCB,IBU,Ground water,0.41496556078686897,0.36491027526274517,KernelRidge,KernelRidge_1
44,SI_ref_19,AMCB,IBU,Ground water,0.5024496962602676,0.2806212671071297,KernelRidge,KernelRidge_1
48,SI_ref_19,AMCB,IBU,Ground water,0.03338351934448727,0.36491027870731746,KernelRidge,KernelRidge_1
55,SI_ref_19,AMCB,IBU,Lake water,0.34535416691700616,0.42740337402419226,KernelRidge,KernelRidge_1
64,SI_ref_19,AMCB,IBU,Ground water,0.3258728934993643,0.287860947936453,KernelRidge,KernelRidge_1
66,SI_ref_19,AMCB,IBU,Ground water,0.4885549946229274,0.3649103797701885,KernelRidge,KernelRidge_1
74,SI_ref_19,AMCB,IBU,Ground water,0.5226317382792791,0.2806071840412902,KernelRidge,KernelRidge_1
78,SI_ref_19,AMCB,IBU,Ground water,0.025848755777109534,0.36491051073695024,KernelRidge,KernelRidge_1
85,SI_ref_19,AMCB,IBU,Lake water,0.32220691257344963,0.42742755166855695,KernelRidge,KernelRidge_1
94,SI_ref_19,AMCB,IBU,Ground water,0.3191737471997417,0.2878288683599629,KernelRidge,KernelRidge_1
96,SI_ref_19,AMCB,IBU,Ground water,0.45590621693388655,0.3649108019965712,KernelRidge,KernelRidge_1
106,SI_ref_19,AMCB,IBU,Ground water,0.3644459510905023,0.39170071923146954,KernelRidge,KernelRidge_1
112,SI_ref_19,AMCB,IBU,Ground water,0.5464029950150356,0.28059359833596936,KernelRidge,KernelRidge_1
140,SI_ref_17,Alkali-modified SCG biochars,CBZ,Synthetic,0.006132526431344026,0.1615173453669052,KernelRidge,KernelRidge_1
146,SI_ref_17,Alkali-modified SCG biochars,CBZ,Synthetic,0.6777397154224275,0.33060354689103444,KernelRidge,KernelRidge_1
151,SI_ref_17,Alkali-modified SCG biochars,CBZ,Synthetic,0.4516798693491866,0.1615173453669052,KernelRidge,KernelRidge_1
168,SI_ref_17,Alkali-modified SCG biochars,EE2,Synthetic,0.0796235147045166,0.16534336239765202,KernelRidge,KernelRidge_1
176,SI_ref_17,Alkali-modified SCG biochars,EE2,Synthetic,0.07754174693450858,0.31810568627731217,KernelRidge,KernelRidge_1
181,SI_ref_17,Alkali-modified SCG biochars,EE2,Synthetic,0.7086029202646077,0.31810568627731217,KernelRidge,KernelRidge_1
190,SI_ref_17,Alkali-modified SCG biochars,IBU,Synthetic,0.22674008618295227,0.44136195600429995,KernelRidge,KernelRidge_1
192,SI_ref_17,Alkali-modified SCG biochars,IBU,Synthetic,0.18762987622773672,0.36907318405121636,KernelRidge,KernelRidge_1
194,SI_ref_17,Alkali-modified SCG biochars,IBU,Synthetic,0.0964989432139522,0.28077479571104935,KernelRidge,KernelRidge_1
196,SI_ref_17,Alkali-modified SCG biochars,IBU,Synthetic,0.056403766337859394,0.25102248944711414,KernelRidge,KernelRidge_1
198,SI_ref_17,Alkali-modified SCG biochars,IBU,Synthetic,0.04365646649895644,0.24451541673128818,KernelRidge,KernelRidge_1
200,SI_ref_17,Alkali-modified SCG biochars,IBU,Synthetic,0.05275302685215311,0.24484078335094084,KernelRidge,KernelRidge_1
202,SI_ref_17,Alkali-modified SCG biochars,IBU,Synthetic,0.051463060103218494,0.2491526846516261,KernelRidge,KernelRidge_1
206,SI_ref_17,Alkali-modified SCG biochars,IBU,Synthetic,0.05901922048526246,0.26159844736375115,KernelRidge,KernelRidge_1
213,SI_ref_17,Alkali-modified SCG biochars,IBU,Synthetic,0.33928547446435453,0.41783415547553626,KernelRidge,KernelRidge_1
220,SI_ref_17,Alkali-modified SCG biochars,IBU,Synthetic,0.004839210099114782,0.26159844736375115,KernelRidge,KernelRidge_1
222,SI_ref_17,Alkali-modified SCG biochars,IBU,Synthetic,0.04374442489311713,0.26159844736375115,KernelRidge,KernelRidge_1
224,SI_ref_17,Alkali-modified SCG biochars,IBU,Synthetic,0.2945083196339574,0.26159844736375115,KernelRidge,KernelRidge_1
229,SI_ref_16,C-Biochar,ATE,Synthetic,0.8511111111111113,0.6092096439872404,KernelRidge,KernelRidge_1
231,SI_ref_16,C-Biochar,ATE,Synthetic,0.7400000000000001,0.7326712947342083,KernelRidge,KernelRidge_1
235,SI_ref_16,C-Biochar,ATE,Synthetic,0.8511111111111113,0.7884982740768705,KernelRidge,KernelRidge_1
238,SI_ref_16,C-Biochar,ATE,Synthetic,0.6733333333333335,0.72113529777054,KernelRidge,KernelRidge_1
250,SI_ref_16,C-Biochar,CBZ,Synthetic,0.4840388007054674,0.5859140130139544,KernelRidge,KernelRidge_1
251,SI_ref_16,C-Biochar,CBZ,Synthetic,0.5325396825396824,0.5859140130139544,KernelRidge,KernelRidge_1
252,SI_ref_16,C-Biochar,CBZ,Synthetic,0.4258377425044091,0.5859140130139544,KernelRidge,KernelRidge_1
258,SI_ref_16,C-Biochar,CBZ,Synthetic,0.4990079365079365,0.5859140130139544,KernelRidge,KernelRidge_1
264,SI_ref_16,C-Biochar,IBU,Synthetic,0.7333333333333333,0.5493946598287722,KernelRidge,KernelRidge_1
266,SI_ref_16,C-Biochar,IBU,Synthetic,0.6121212121212122,0.6553508947637791,KernelRidge,KernelRidge_1
271,SI_ref_16,C-Biochar,IBU,Synthetic,0.6000000000000001,0.6553508947637791,KernelRidge,KernelRidge_1
277,SI_ref_16,C-Biochar,IBU,Synthetic,0.7844444444444444,0.6553508947637791,KernelRidge,KernelRidge_1
278,SI_ref_16,C-Biochar,IBU,Synthetic,0.8430555555555557,0.6553508947637791,KernelRidge,KernelRidge_1
279,SI_ref_16,C-Biochar,IBU,Synthetic,0.861111111111111,0.6553508947637791,KernelRidge,KernelRidge_1
296,SI_ref_19,CB,IBU,Ground water,0.9945207101387852,0.9378930243095633,KernelRidge,KernelRidge_1
303,SI_ref_19,CB,IBU,Lake water,0.9505925590656487,0.9484695886744744,KernelRidge,KernelRidge_1
314,SI_ref_19,CB,IBU,Ground water,0.917590560186213,0.9248384280296327,KernelRidge,KernelRidge_1
316,SI_ref_19,CB,IBU,Ground water,0.9236132062907854,0.9563198672944407,KernelRidge,KernelRidge_1
320,SI_ref_19,CB,IBU,Ground water,0.9303445651202417,0.9378930243095633,KernelRidge,KernelRidge_1
328,SI_ref_19,CB,IBU,Ground water,0.9241489703794897,0.9312716255625284,KernelRidge,KernelRidge_1
340,SI_ref_14,GCRB,ALA,Synthetic,0.9700055250053173,0.96063451735446,KernelRidge,KernelRidge_1
361,SI_ref_14,GCRB,DIU,Synthetic,0.9291396445453227,0.8848039155979636,KernelRidge,KernelRidge_1
363,SI_ref_14,GCRB,DIU,Synthetic,0.9527369648004039,0.9214836145585693,KernelRidge,KernelRidge_1
365,SI_ref_14,GCRB,DIU,Synthetic,0.9265327424413893,0.9214836145585693,KernelRidge,KernelRidge_1
367,SI_ref_14,GCRB,DIU,Synthetic,0.9238760352548926,0.9214836145585693,KernelRidge,KernelRidge_1
369,SI_ref_14,GCRB,DIU,Synthetic,0.9147016410628197,0.8813594350873238,KernelRidge,KernelRidge_1
374,SI_ref_14,GCRB,DIU,Synthetic,1.0082496176169822,0.9214836145585693,KernelRidge,KernelRidge_1
390,SI_ref_14,GCRB,SIM,Synthetic,0.9757367710073495,0.9734573387445874,KernelRidge,KernelRidge_1
406,SI_ref_14,GCRB-N,ALA,Synthetic,0.4281694326598611,0.5643409066561835,KernelRidge,KernelRidge_1
446,SI_ref_14,GCRB-N,DIU,Synthetic,0.2075726875081201,0.3386194376679595,KernelRidge,KernelRidge_1
448,SI_ref_14,GCRB-N,DIU,Synthetic,0.1819381767074788,0.3582217710285214,KernelRidge,KernelRidge_1
450,SI_ref_14,GCRB-N,DIU,Synthetic,0.1736169508150928,0.32647726848381964,KernelRidge,KernelRidge_1
453,SI_ref_14,GCRB-N,DIU,Synthetic,0.1683505359330984,0.35823418086939784,KernelRidge,KernelRidge_1
456,SI_ref_14,GCRB-N,DIU,Synthetic,0.1402528461142079,0.3582590321230321,KernelRidge,KernelRidge_1
459,SI_ref_14,GCRB-N,DIU,Synthetic,0.6455190877003087,0.35827147347186983,KernelRidge,KernelRidge_1
460,SI_ref_14,GCRB-N,DIU,Synthetic,0.12138562309836234,0.3582839252595871,KernelRidge,KernelRidge_1
462,SI_ref_14,GCRB-N,DIU,Synthetic,0.16773925939532233,0.3582963874543825,KernelRidge,KernelRidge_1
465,SI_ref_14,GCRB-N,DIU,Synthetic,0.1405827183894587,0.35832134293895257,KernelRidge,KernelRidge_1
468,SI_ref_14,GCRB-N,DIU,Synthetic,0.6564705601884918,0.35833383616567116,KernelRidge,KernelRidge_1
469,SI_ref_14,GCRB-N,DIU,Synthetic,0.12617131727344172,0.3583463396735116,KernelRidge,KernelRidge_1
471,SI_ref_14,GCRB-N,DIU,Synthetic,0.1676281074261493,0.35835885343111507,KernelRidge,KernelRidge_1
474,SI_ref_14,GCRB-N,DIU,Synthetic,0.14041778225183332,0.35838391157104377,KernelRidge,KernelRidge_1
477,SI_ref_14,GCRB-N,DIU,Synthetic,0.6413243626564091,0.35839645589122804,KernelRidge,KernelRidge_1
478,SI_ref_14,GCRB-N,DIU,Synthetic,0.12377847018590202,0.35840901033692074,KernelRidge,KernelRidge_1
490,SI_ref_14,GCRB-N,SIM,Synthetic,0.38105997172266487,0.5450145256712567,KernelRidge,KernelRidge_1
537,SI_ref_19,MCB,IBU,Ground water,0.9902068659306948,0.9073304277445717,KernelRidge,KernelRidge_1
546,SI_ref_19,MCB,IBU,Lake water,0.9468798357239083,0.930059749955499,KernelRidge,KernelRidge_1
555,SI_ref_19,MCB,IBU,Ground water,0.910886274193223,0.892770466147635,KernelRidge,KernelRidge_1
561,SI_ref_19,MCB,IBU,Ground water,0.9227697266379059,0.9504156013516711,KernelRidge,KernelRidge_1
565,SI_ref_19,MCB,IBU,Ground water,0.9254612605703445,0.9073387166659805,KernelRidge,KernelRidge_1
573,SI_ref_19,MCB,IBU,Ground water,0.9222883610163676,0.9116008584252702,KernelRidge,KernelRidge_1
577,SI_ref_19,MCB,IBU,Ground water,0.9896236049163454,0.9073442346796035,KernelRidge,KernelRidge_1
584,SI_ref_19,MCB,IBU,Lake water,0.9474280457633885,0.9300952811334215,KernelRidge,KernelRidge_1
593,SI_ref_19,MCB,IBU,Ground water,0.911624129649438,0.892754133442248,KernelRidge,KernelRidge_1
595,SI_ref_19,MCB,IBU,Ground water,0.9248851497651674,0.9073524997869876,KernelRidge,KernelRidge_1
603,SI_ref_19,MCB,IBU,Ground water,0.920786534541565,0.9116035831601,KernelRidge,KernelRidge_1
607,SI_ref_19,MCB,IBU,Ground water,0.9861765121394982,0.9073580019096033,KernelRidge,KernelRidge_1
614,SI_ref_19,MCB,IBU,Lake water,0.9465039927474991,0.930130674268968,KernelRidge,KernelRidge_1
623,SI_ref_19,MCB,IBU,Ground water,0.9103224686673798,0.8927378753601554,KernelRidge,KernelRidge_1
625,SI_ref_19,MCB,IBU,Ground water,0.9258221154816445,0.9073662431587127,KernelRidge,KernelRidge_1
633,SI_ref_19,MCB,IBU,Ground water,0.9216175906678238,0.9116063863691248,KernelRidge,KernelRidge_1
653,SI_ref_18,NaOH-activated SCW biochars,DCF,Lake water,0.060393710525153486,0.5269113950967058,KernelRidge,KernelRidge_1
654,SI_ref_18,NaOH-activated SCW biochars,DCF,Secondary effluent,0.1736813951376961,0.5631726297284553,KernelRidge,KernelRidge_1
657,SI_ref_18,NaOH-activated SCW biochars,DCF,Lake water,0.4098052873550469,0.449624491043948,KernelRidge,KernelRidge_1
666,SI_ref_18,NaOH-activated SCW biochars,DCF,Secondary effluent,0.6160844980694858,0.5631726297284553,KernelRidge,KernelRidge_1
668,SI_ref_18,NaOH-activated SCW biochars,DCF,Lake water,0.5638671837826676,0.5269113950967058,KernelRidge,KernelRidge_1
671,SI_ref_18,NaOH-activated SCW biochars,DCF,Lake water,0.5111881637893111,0.5269113950967058,KernelRidge,KernelRidge_1
680,SI_ref_18,NaOH-activated SCW biochars,DCF,Lake water,0.5451956691534918,0.5269113950967058,KernelRidge,KernelRidge_1
681,SI_ref_18,NaOH-activated SCW biochars,DCF,Lake water,0.5155236787057735,0.5269113950967058,KernelRidge,KernelRidge_1
684,SI_ref_18,NaOH-activated SCW biochars,DCF,Lake water,0.5054530420964745,0.5269113950967058,KernelRidge,KernelRidge_1
689,SI_ref_18,NaOH-activated SCW biochars,DCF,Secondary effluent,0.6862219778123194,0.6237280875877746,KernelRidge,KernelRidge_1
717,SI_ref_18,NaOH-activated SCW biochars,IBU,Secondary effluent,0.5431517029603264,0.4640524488232975,KernelRidge,KernelRidge_1
726,SI_ref_18,NaOH-activated SCW biochars,IBU,Lake water,0.6298354173553987,0.5710419006128423,KernelRidge,KernelRidge_1
732,SI_ref_18,NaOH-activated SCW biochars,IBU,Lake water,0.6159420233488258,0.5710419006128423,KernelRidge,KernelRidge_1
736,SI_ref_18,NaOH-activated SCW biochars,IBU,Lake water,0.6281995086504742,0.5710419006128423,KernelRidge,KernelRidge_1
750,SI_ref_18,NaOH-activated SCW biochars,IBU,Secondary effluent,0.811827151849907,0.695509952175978,KernelRidge,KernelRidge_1
751,SI_ref_18,NaOH-activated SCW biochars,IBU,Lake water,0.6869669848084122,0.5710419006128423,KernelRidge,KernelRidge_1
754,SI_ref_18,NaOH-activated SCW biochars,IBU,Secondary effluent,0.7786423949758233,0.5889299380583809,KernelRidge,KernelRidge_1
757,SI_ref_18,NaOH-activated SCW biochars,NPX,Lake water,0.20620314882650506,0.36049967329250765,KernelRidge,KernelRidge_1
759,SI_ref_18,NaOH-activated SCW biochars,NPX,Lake water,0.23676500653660967,0.29242013112905463,KernelRidge,KernelRidge_1
761,SI_ref_18,NaOH-activated SCW biochars,NPX,Lake water,0.21090148006849843,0.23056788990759458,KernelRidge,KernelRidge_1
763,SI_ref_18,NaOH-activated SCW biochars,NPX,Lake water,0.14381242837395034,0.18086749335759178,KernelRidge,KernelRidge_1
765,SI_ref_18,NaOH-activated SCW biochars,NPX,Lake water,0.049549349058709447,0.14749074410111518,KernelRidge,KernelRidge_1
767,SI_ref_18,NaOH-activated SCW biochars,NPX,Lake water,0.0742796412273446,0.13641565667702715,KernelRidge,KernelRidge_1
769,SI_ref_18,NaOH-activated SCW biochars,NPX,Lake water,0.041917196066405205,0.1324008103524411,KernelRidge,KernelRidge_1
773,SI_ref_18,NaOH-activated SCW biochars,NPX,Lake water,0.02383921541973232,0.13199452826978364,KernelRidge,KernelRidge_1
776,SI_ref_18,NaOH-activated SCW biochars,NPX,Secondary effluent,0.048092629555703405,0.14426686282478235,KernelRidge,KernelRidge_1
779,SI_ref_18,NaOH-activated SCW biochars,NPX,Lake water,0.0651330447328621,0.13199452826978364,KernelRidge,KernelRidge_1
781,SI_ref_18,NaOH-activated SCW biochars,NPX,Lake water,0.04234525136924403,0.13199452826978364,KernelRidge,KernelRidge_1
788,SI_ref_18,NaOH-activated SCW biochars,NPX,Secondary effluent,0.09141898602740345,0.16910257612501867,KernelRidge,KernelRidge_1
798,SI_ref_18,NaOH-activated SCW biochars,NPX,Secondary effluent,0.15082313311850198,0.16910257612501867,KernelRidge,KernelRidge_1
800,SI_ref_18,NaOH-activated SCW biochars,NPX,Secondary effluent,0.24701864815812044,0.16910257612501867,KernelRidge,KernelRidge_1
871,SI_ref_13,PB600,CBZ,Synthetic,0.6953242835595775,0.4684747285800859,KernelRidge,KernelRidge_1
881,SI_ref_13,PB600,IBU,Synthetic,0.2096102913356035,0.6161547970523933,KernelRidge,KernelRidge_1
918,SI_ref_13,PB800,CBZ,Synthetic,0.30905619203491547,0.23189166343408524,KernelRidge,KernelRidge_1
928,SI_ref_13,PB800,IBU,Synthetic,0.23013048635824437,0.37802883707169355,KernelRidge,KernelRidge_1
954,SI_ref_15,PSB,CAR,Synthetic,0.9395494569882223,0.9099492117176026,KernelRidge,KernelRidge_1
955,SI_ref_15,PSB,CAR,Synthetic,0.9231398092867221,0.9099492117176026,KernelRidge,KernelRidge_1
957,SI_ref_15,PSB,CAR,Synthetic,0.9436310458092197,0.8213742923952373,KernelRidge,KernelRidge_1
964,SI_ref_15,PSB,CAR,Synthetic,0.9383522096618221,0.9099492117176026,KernelRidge,KernelRidge_1
978,SI_ref_15,PSB,PYR,Synthetic,0.919631586959635,0.9238640311950003,KernelRidge,KernelRidge_1
985,SI_ref_15,PSB,PYR,Synthetic,0.9775942152304119,0.9238640311950003,KernelRidge,KernelRidge_1
994,SI_ref_15,PSB,TEB,Synthetic,0.9362126098667423,0.9200380179869984,KernelRidge,KernelRidge_1
1000,SI_ref_15,PSB,TEB,Synthetic,0.8714762044822667,0.9200380179869984,KernelRidge,KernelRidge_1
1015,SI_ref_15,PSBOX-A,CAR,Synthetic,0.03563496474916306,0.10448818396768073,KernelRidge,KernelRidge_1
1016,SI_ref_15,PSBOX-A,CAR,Synthetic,0.026325197069833068,0.10448818396768073,KernelRidge,KernelRidge_1
1018,SI_ref_15,PSBOX-A,CAR,Synthetic,0.034457194657534405,0.43540725941826697,KernelRidge,KernelRidge_1
1025,SI_ref_15,PSBOX-A,CAR,Synthetic,0.0497879777437964,0.10448818396768073,KernelRidge,KernelRidge_1
1040,SI_ref_15,PSBOX-A,PYR,Synthetic,0.5200236643843362,0.20078188524093177,KernelRidge,KernelRidge_1
1043,SI_ref_15,PSBOX-A,PYR,Synthetic,0.08786555053416333,0.19673684398124597,KernelRidge,KernelRidge_1
1050,SI_ref_15,PSBOX-A,PYR,Synthetic,0.48794917248977554,0.19673684398124597,KernelRidge,KernelRidge_1
1059,SI_ref_15,PSBOX-A,TEB,Synthetic,0.07277962857952934,0.18950069340230752,KernelRidge,KernelRidge_1
1061,SI_ref_15,PSBOX-A,TEB,Synthetic,0.5163778457532948,0.24896081822517813,KernelRidge,KernelRidge_1
1070,SI_ref_15,PSBOX-A,TEB,Synthetic,0.04527670142322688,0.18950069340230752,KernelRidge,KernelRidge_1
1101,SI_ref_17,Pristine SCG biochar,CBZ,Synthetic,0.9071468090110305,0.8972652892938371,KernelRidge,KernelRidge_1
1108,SI_ref_17,Pristine SCG biochar,CBZ,Synthetic,0.8967497590877974,0.9254257168361866,KernelRidge,KernelRidge_1
1113,SI_ref_17,Pristine SCG biochar,CBZ,Synthetic,0.9373850128799738,0.8972652892938371,KernelRidge,KernelRidge_1
1130,SI_ref_17,Pristine SCG biochar,EE2,Synthetic,0.817422791958414,0.7600470175657745,KernelRidge,KernelRidge_1
1137,SI_ref_17,Pristine SCG biochar,EE2,Synthetic,0.8257334628724249,0.9072936482269374,KernelRidge,KernelRidge_1
1139,SI_ref_17,Pristine SCG biochar,EE2,Synthetic,0.8269992896243368,0.9072936482269374,KernelRidge,KernelRidge_1
1141,SI_ref_17,Pristine SCG biochar,EE2,Synthetic,0.8244509213990222,0.9072936482269374,KernelRidge,KernelRidge_1
1142,SI_ref_17,Pristine SCG biochar,EE2,Synthetic,0.859538444436826,0.8872893490206363,KernelRidge,KernelRidge_1
1148,SI_ref_17,Pristine SCG biochar,EE2,Synthetic,0.823763814163292,0.8872893490206363,KernelRidge,KernelRidge_1
1157,SI_ref_17,Pristine SCG biochar,IBU,Synthetic,0.9060511140454979,0.950886494385616,KernelRidge,KernelRidge_1
1159,SI_ref_17,Pristine SCG biochar,IBU,Synthetic,0.9004320791615827,0.934341709235693,KernelRidge,KernelRidge_1
1161,SI_ref_17,Pristine SCG biochar,IBU,Synthetic,0.894961472244973,0.9101418700134097,KernelRidge,KernelRidge_1
1163,SI_ref_17,Pristine SCG biochar,IBU,Synthetic,0.8949151720794959,0.9007235968577931,KernelRidge,KernelRidge_1
1165,SI_ref_17,Pristine SCG biochar,IBU,Synthetic,0.892599829508416,0.898037611938519,KernelRidge,KernelRidge_1
1167,SI_ref_17,Pristine SCG biochar,IBU,Synthetic,0.8914167516338777,0.8973887634522433,KernelRidge,KernelRidge_1
1169,SI_ref_17,Pristine SCG biochar,IBU,Synthetic,0.886841225533622,0.8976939550841763,KernelRidge,KernelRidge_1
1173,SI_ref_17,Pristine SCG biochar,IBU,Synthetic,0.9319085004678631,0.8994811678619243,KernelRidge,KernelRidge_1
1180,SI_ref_17,Pristine SCG biochar,IBU,Synthetic,0.9167234922708469,0.9230875897979489,KernelRidge,KernelRidge_1
1187,SI_ref_17,Pristine SCG biochar,IBU,Synthetic,0.9448963419259283,0.8994811678619243,KernelRidge,KernelRidge_1
1189,SI_ref_17,Pristine SCG biochar,IBU,Synthetic,0.9210277046979152,0.8994811678619243,KernelRidge,KernelRidge_1
1191,SI_ref_17,Pristine SCG biochar,IBU,Synthetic,0.9513456586569363,0.8994811678619243,KernelRidge,KernelRidge_1
1212,SI_ref_18,Pristine SCW Biochar,DCF,Secondary effluent,0.8964391711737753,0.9320355998314236,KernelRidge,KernelRidge_1
1214,SI_ref_18,Pristine SCW Biochar,DCF,Lake water,0.9077130214504949,0.9105639898288255,KernelRidge,KernelRidge_1
1223,SI_ref_18,Pristine SCW Biochar,DCF,Secondary effluent,0.916228597953408,0.9320355998314236,KernelRidge,KernelRidge_1
1225,SI_ref_18,Pristine SCW Biochar,DCF,Lake water,0.9209005359691885,0.9319582787949011,KernelRidge,KernelRidge_1
1228,SI_ref_18,Pristine SCW Biochar,DCF,Lake water,0.918118398017722,0.9319582787949011,KernelRidge,KernelRidge_1
1237,SI_ref_18,Pristine SCW Biochar,DCF,Lake water,0.9176779336906461,0.9319582787949011,KernelRidge,KernelRidge_1
1238,SI_ref_18,Pristine SCW Biochar,DCF,Lake water,0.9153943997055312,0.9319582787949011,KernelRidge,KernelRidge_1
1241,SI_ref_18,Pristine SCW Biochar,DCF,Lake water,0.9102639266700783,0.9319582787949011,KernelRidge,KernelRidge_1
1246,SI_ref_18,Pristine SCW Biochar,DCF,Secondary effluent,0.9052859627037971,0.9633489976503407,KernelRidge,KernelRidge_1
1270,SI_ref_18,Pristine SCW Biochar,IBU,Secondary effluent,0.8874692330465712,0.8690874632951346,KernelRidge,KernelRidge_1
1279,SI_ref_18,Pristine SCW Biochar,IBU,Lake water,0.9204127206373283,0.9352925133494606,KernelRidge,KernelRidge_1
1285,SI_ref_18,Pristine SCW Biochar,IBU,Lake water,0.9175495400890653,0.9352925133494606,KernelRidge,KernelRidge_1
1289,SI_ref_18,Pristine SCW Biochar,IBU,Lake water,0.91141920930323,0.9352925133494606,KernelRidge,KernelRidge_1
1303,SI_ref_18,Pristine SCW Biochar,IBU,Secondary effluent,0.9145392250293353,0.9964683413829794,KernelRidge,KernelRidge_1
1305,SI_ref_18,Pristine SCW Biochar,IBU,Secondary effluent,0.8992133437264335,0.922048308209324,KernelRidge,KernelRidge_1
1308,SI_ref_18,Pristine SCW Biochar,NPX,Lake water,0.9299082628630408,0.8918480184737896,KernelRidge,KernelRidge_1
1310,SI_ref_18,Pristine SCW Biochar,NPX,Lake water,0.9179731197519893,0.8808194515143973,KernelRidge,KernelRidge_1
1312,SI_ref_18,Pristine SCW Biochar,NPX,Lake water,0.9157588621166984,0.8687502335127611,KernelRidge,KernelRidge_1
1314,SI_ref_18,Pristine SCW Biochar,NPX,Lake water,0.9211177808704595,0.8583494143248002,KernelRidge,KernelRidge_1
1316,SI_ref_18,Pristine SCW Biochar,NPX,Lake water,0.9261251958543161,0.8513127428434525,KernelRidge,KernelRidge_1
1318,SI_ref_18,Pristine SCW Biochar,NPX,Lake water,0.9179250714018231,0.8489579027354419,KernelRidge,KernelRidge_1
1320,SI_ref_18,Pristine SCW Biochar,NPX,Lake water,0.9238791357631378,0.8479990162397557,KernelRidge,KernelRidge_1
1325,SI_ref_18,Pristine SCW Biochar,NPX,Secondary effluent,0.8954095327862793,0.8396059304059436,KernelRidge,KernelRidge_1
1328,SI_ref_18,Pristine SCW Biochar,NPX,Lake water,0.9239571578457322,0.8474318070154492,KernelRidge,KernelRidge_1
1330,SI_ref_18,Pristine SCW Biochar,NPX,Lake water,0.9241969522882365,0.8474318070154492,KernelRidge,KernelRidge_1
1337,SI_ref_18,Pristine SCW Biochar,NPX,Secondary effluent,0.9109852392346297,0.8519176086420834,KernelRidge,KernelRidge_1
1346,SI_ref_18,Pristine SCW Biochar,NPX,Secondary effluent,0.9136165317560039,0.8519176086420834,KernelRidge,KernelRidge_1
1347,SI_ref_18,Pristine SCW Biochar,NPX,Secondary effluent,0.9038576927569927,0.8519176086420817,KernelRidge,KernelRidge_1
16,SI_ref_19,AMCB,IBU,Ground water,0.029204625724030753,0.4308545645387826,Lasso,Lasso_1
25,SI_ref_19,AMCB,IBU,Lake water,0.3473743729830984,0.43788902615883013,Lasso,Lasso_1
34,SI_ref_19,AMCB,IBU,Ground water,0.303030777614079,0.3912363511980038,Lasso,Lasso_1
36,SI_ref_19,AMCB,IBU,Ground water,0.41496556078686897,0.43081053783386053,Lasso,Lasso_1
44,SI_ref_19,AMCB,IBU,Ground water,0.5024496962602676,0.41100145657308207,Lasso,Lasso_1
48,SI_ref_19,AMCB,IBU,Ground water,0.03338351934448727,0.4307812374836424,Lasso,Lasso_1
55,SI_ref_19,AMCB,IBU,Lake water,0.34535416691700616,0.4378157498667232,Lasso,Lasso_1
64,SI_ref_19,AMCB,IBU,Ground water,0.3258728934993643,0.3911631255986941,Lasso,Lasso_1
66,SI_ref_19,AMCB,IBU,Ground water,0.4885549946229274,0.43073736285725744,Lasso,Lasso_1
74,SI_ref_19,AMCB,IBU,Ground water,0.5226317382792791,0.4109283321492404,Lasso,Lasso_1
78,SI_ref_19,AMCB,IBU,Ground water,0.025848755777109534,0.4307081635427618,Lasso,Lasso_1
85,SI_ref_19,AMCB,IBU,Lake water,0.32220691257344963,0.43774272633914785,Lasso,Lasso_1
94,SI_ref_19,AMCB,IBU,Ground water,0.3191737471997417,0.391090152414912,Lasso,Lasso_1
96,SI_ref_19,AMCB,IBU,Ground water,0.45590621693388655,0.43066443994790055,Lasso,Lasso_1
106,SI_ref_19,AMCB,IBU,Ground water,0.3644459510905023,0.43384311523944785,Lasso,Lasso_1
112,SI_ref_19,AMCB,IBU,Ground water,0.5464029950150356,0.41085545944508384,Lasso,Lasso_1
140,SI_ref_17,Alkali-modified SCG biochars,CBZ,Synthetic,0.006132526431344026,0.20162437668275068,Lasso,Lasso_1
146,SI_ref_17,Alkali-modified SCG biochars,CBZ,Synthetic,0.6777397154224275,0.2655971027415679,Lasso,Lasso_1
151,SI_ref_17,Alkali-modified SCG biochars,CBZ,Synthetic,0.4516798693491866,0.20162437668275068,Lasso,Lasso_1
168,SI_ref_17,Alkali-modified SCG biochars,EE2,Synthetic,0.0796235147045166,0.2661660100518937,Lasso,Lasso_1
176,SI_ref_17,Alkali-modified SCG biochars,EE2,Synthetic,0.07754174693450858,0.3121413216406217,Lasso,Lasso_1
181,SI_ref_17,Alkali-modified SCG biochars,EE2,Synthetic,0.7086029202646077,0.3121413216406217,Lasso,Lasso_1
190,SI_ref_17,Alkali-modified SCG biochars,IBU,Synthetic,0.22674008618295227,0.39227394253685005,Lasso,Lasso_1
192,SI_ref_17,Alkali-modified SCG biochars,IBU,Synthetic,0.18762987622773672,0.37794459062940333,Lasso,Lasso_1
194,SI_ref_17,Alkali-modified SCG biochars,IBU,Synthetic,0.0964989432139522,0.35492015237095076,Lasso,Lasso_1
196,SI_ref_17,Alkali-modified SCG biochars,IBU,Synthetic,0.056403766337859394,0.3403051335749081,Lasso,Lasso_1
198,SI_ref_17,Alkali-modified SCG biochars,IBU,Synthetic,0.04365646649895644,0.3317411962306367,Lasso,Lasso_1
200,SI_ref_17,Alkali-modified SCG biochars,IBU,Synthetic,0.05275302685215311,0.32566089553706434,Lasso,Lasso_1
202,SI_ref_17,Alkali-modified SCG biochars,IBU,Synthetic,0.051463060103218494,0.31957815160280234,Lasso,Lasso_1
206,SI_ref_17,Alkali-modified SCG biochars,IBU,Synthetic,0.05901922048526246,0.31100200228302843,Lasso,Lasso_1
213,SI_ref_17,Alkali-modified SCG biochars,IBU,Synthetic,0.33928547446435453,0.37497472834184564,Lasso,Lasso_1
220,SI_ref_17,Alkali-modified SCG biochars,IBU,Synthetic,0.004839210099114782,0.31100200228302843,Lasso,Lasso_1
222,SI_ref_17,Alkali-modified SCG biochars,IBU,Synthetic,0.04374442489311713,0.31100200228302843,Lasso,Lasso_1
224,SI_ref_17,Alkali-modified SCG biochars,IBU,Synthetic,0.2945083196339574,0.31100200228302843,Lasso,Lasso_1
229,SI_ref_16,C-Biochar,ATE,Synthetic,0.8511111111111113,0.6593114470751141,Lasso,Lasso_1
231,SI_ref_16,C-Biochar,ATE,Synthetic,0.7400000000000001,0.7250811846802463,Lasso,Lasso_1
235,SI_ref_16,C-Biochar,ATE,Synthetic,0.8511111111111113,0.705286758663842,Lasso,Lasso_1
238,SI_ref_16,C-Biochar,ATE,Synthetic,0.6733333333333335,0.6854923326474378,Lasso,Lasso_1
250,SI_ref_16,C-Biochar,CBZ,Synthetic,0.4840388007054674,0.5795404752870867,Lasso,Lasso_1
251,SI_ref_16,C-Biochar,CBZ,Synthetic,0.5325396825396824,0.5795404752870867,Lasso,Lasso_1
252,SI_ref_16,C-Biochar,CBZ,Synthetic,0.4258377425044091,0.5795404752870867,Lasso,Lasso_1
258,SI_ref_16,C-Biochar,CBZ,Synthetic,0.4990079365079365,0.5795404752870867,Lasso,Lasso_1
264,SI_ref_16,C-Biochar,IBU,Synthetic,0.7333333333333333,0.6659304450930006,Lasso,Lasso_1
266,SI_ref_16,C-Biochar,IBU,Synthetic,0.6121212121212122,0.6889181008873646,Lasso,Lasso_1
271,SI_ref_16,C-Biochar,IBU,Synthetic,0.6000000000000001,0.6889181008873646,Lasso,Lasso_1
277,SI_ref_16,C-Biochar,IBU,Synthetic,0.7844444444444444,0.6889181008873646,Lasso,Lasso_1
278,SI_ref_16,C-Biochar,IBU,Synthetic,0.8430555555555557,0.6889181008873646,Lasso,Lasso_1
279,SI_ref_16,C-Biochar,IBU,Synthetic,0.861111111111111,0.6889181008873646,Lasso,Lasso_1
296,SI_ref_19,CB,IBU,Ground water,0.9945207101387852,0.9321226722897343,Lasso,Lasso_1
303,SI_ref_19,CB,IBU,Lake water,0.9505925590656487,0.9391718196541468,Lasso,Lasso_1
314,SI_ref_19,CB,IBU,Ground water,0.917590560186213,0.892533820256926,Lasso,Lasso_1
316,SI_ref_19,CB,IBU,Ground water,0.9236132062907854,0.9353159020676941,Lasso,Lasso_1
320,SI_ref_19,CB,IBU,Ground water,0.9303445651202417,0.9321226722897343,Lasso,Lasso_1
328,SI_ref_19,CB,IBU,Ground water,0.9241489703794897,0.9123282462733301,Lasso,Lasso_1
340,SI_ref_14,GCRB,ALA,Synthetic,0.9700055250053173,1.0148254480920018,Lasso,Lasso_1
361,SI_ref_14,GCRB,DIU,Synthetic,0.9291396445453227,0.8454675655398529,Lasso,Lasso_1
363,SI_ref_14,GCRB,DIU,Synthetic,0.9527369648004039,0.8914428771285808,Lasso,Lasso_1
365,SI_ref_14,GCRB,DIU,Synthetic,0.9265327424413893,0.8914428771285808,Lasso,Lasso_1
367,SI_ref_14,GCRB,DIU,Synthetic,0.9238760352548926,0.8914428771285808,Lasso,Lasso_1
369,SI_ref_14,GCRB,DIU,Synthetic,0.9147016410628197,0.8716484511121766,Lasso,Lasso_1
374,SI_ref_14,GCRB,DIU,Synthetic,1.0082496176169822,0.8914428771285808,Lasso,Lasso_1
390,SI_ref_14,GCRB,SIM,Synthetic,0.9757367710073495,1.0161177082525716,Lasso,Lasso_1
406,SI_ref_14,GCRB-N,ALA,Synthetic,0.4281694326598611,0.5290927712394158,Lasso,Lasso_1
446,SI_ref_14,GCRB-N,DIU,Synthetic,0.2075726875081201,0.3597348886872669,Lasso,Lasso_1
448,SI_ref_14,GCRB-N,DIU,Synthetic,0.1819381767074788,0.4057102002759948,Lasso,Lasso_1
450,SI_ref_14,GCRB-N,DIU,Synthetic,0.1736169508150928,0.3859157742595906,Lasso,Lasso_1
453,SI_ref_14,GCRB-N,DIU,Synthetic,0.1683505359330984,0.4056955145316299,Lasso,Lasso_1
456,SI_ref_14,GCRB-N,DIU,Synthetic,0.1402528461142079,0.4056661735710727,Lasso,Lasso_1
459,SI_ref_14,GCRB-N,DIU,Synthetic,0.6455190877003087,0.40565151832669855,Lasso,Lasso_1
460,SI_ref_14,GCRB-N,DIU,Synthetic,0.12138562309836234,0.4056368732208546,Lasso,Lasso_1
462,SI_ref_14,GCRB-N,DIU,Synthetic,0.16773925939532233,0.405622238239523,Lasso,Lasso_1
465,SI_ref_14,GCRB-N,DIU,Synthetic,0.1405827183894587,0.4055929985944696,Lasso,Lasso_1
468,SI_ref_14,GCRB-N,DIU,Synthetic,0.6564705601884918,0.4055783939028569,Lasso,Lasso_1
469,SI_ref_14,GCRB-N,DIU,Synthetic,0.12617131727344172,0.405563799279974,Lasso,Lasso_1
471,SI_ref_14,GCRB-N,DIU,Synthetic,0.1676281074261493,0.4055492147119476,Lasso,Lasso_1
474,SI_ref_14,GCRB-N,DIU,Synthetic,0.14041778225183332,0.4055200756851128,Lasso,Lasso_1
477,SI_ref_14,GCRB-N,DIU,Synthetic,0.6413243626564091,0.4055055211987003,Lasso,Lasso_1
478,SI_ref_14,GCRB-N,DIU,Synthetic,0.12377847018590202,0.4054909767119357,Lasso,Lasso_1
490,SI_ref_14,GCRB-N,SIM,Synthetic,0.38105997172266487,0.5303850313999858,Lasso,Lasso_1
537,SI_ref_19,MCB,IBU,Ground water,0.9902068659306948,0.8499134342145662,Lasso,Lasso_1
546,SI_ref_19,MCB,IBU,Lake water,0.9468798357239083,0.8569478958346137,Lasso,Lasso_1
555,SI_ref_19,MCB,IBU,Ground water,0.910886274193223,0.8102952208737874,Lasso,Lasso_1
561,SI_ref_19,MCB,IBU,Ground water,0.9227697266379059,0.8530626372876038,Lasso,Lasso_1
565,SI_ref_19,MCB,IBU,Ground water,0.9254612605703445,0.849869407509644,Lasso,Lasso_1
573,SI_ref_19,MCB,IBU,Ground water,0.9222883610163676,0.8300603262488657,Lasso,Lasso_1
577,SI_ref_19,MCB,IBU,Ground water,0.9896236049163454,0.8498401071594259,Lasso,Lasso_1
584,SI_ref_19,MCB,IBU,Lake water,0.9474280457633885,0.8568746195425068,Lasso,Lasso_1
593,SI_ref_19,MCB,IBU,Ground water,0.911624129649438,0.8102219952744776,Lasso,Lasso_1
595,SI_ref_19,MCB,IBU,Ground water,0.9248851497651674,0.849796232533041,Lasso,Lasso_1
603,SI_ref_19,MCB,IBU,Ground water,0.920786534541565,0.8299872018250241,Lasso,Lasso_1
607,SI_ref_19,MCB,IBU,Ground water,0.9861765121394982,0.8497670332185454,Lasso,Lasso_1
614,SI_ref_19,MCB,IBU,Lake water,0.9465039927474991,0.8568015960149314,Lasso,Lasso_1
623,SI_ref_19,MCB,IBU,Ground water,0.9103224686673798,0.8101490220906955,Lasso,Lasso_1
625,SI_ref_19,MCB,IBU,Ground water,0.9258221154816445,0.849723309623684,Lasso,Lasso_1
633,SI_ref_19,MCB,IBU,Ground water,0.9216175906678238,0.8299143291208675,Lasso,Lasso_1
653,SI_ref_18,NaOH-activated SCW biochars,DCF,Lake water,0.060393710525153486,0.4652826942737628,Lasso,Lasso_1
654,SI_ref_18,NaOH-activated SCW biochars,DCF,Secondary effluent,0.1736813951376961,0.45823354690935025,Lasso,Lasso_1
657,SI_ref_18,NaOH-activated SCW biochars,DCF,Lake water,0.4098052873550469,0.44229503847939877,Lasso,Lasso_1
666,SI_ref_18,NaOH-activated SCW biochars,DCF,Secondary effluent,0.6160844980694858,0.45823354690935025,Lasso,Lasso_1
668,SI_ref_18,NaOH-activated SCW biochars,DCF,Lake water,0.5638671837826676,0.4652826942737628,Lasso,Lasso_1
671,SI_ref_18,NaOH-activated SCW biochars,DCF,Lake water,0.5111881637893111,0.4652826942737628,Lasso,Lasso_1
680,SI_ref_18,NaOH-activated SCW biochars,DCF,Lake water,0.5451956691534918,0.4652826942737628,Lasso,Lasso_1
681,SI_ref_18,NaOH-activated SCW biochars,DCF,Lake water,0.5155236787057735,0.4652826942737628,Lasso,Lasso_1
684,SI_ref_18,NaOH-activated SCW biochars,DCF,Lake water,0.5054530420964745,0.4652826942737628,Lasso,Lasso_1
689,SI_ref_18,NaOH-activated SCW biochars,DCF,Secondary effluent,0.6862219778123194,0.48122120270371427,Lasso,Lasso_1
717,SI_ref_18,NaOH-activated SCW biochars,IBU,Secondary effluent,0.5431517029603264,0.43744644117387776,Lasso,Lasso_1
726,SI_ref_18,NaOH-activated SCW biochars,IBU,Lake water,0.6298354173553987,0.46748324433265426,Lasso,Lasso_1
732,SI_ref_18,NaOH-activated SCW biochars,IBU,Lake water,0.6159420233488258,0.46748324433265426,Lasso,Lasso_1
736,SI_ref_18,NaOH-activated SCW biochars,IBU,Lake water,0.6281995086504742,0.46748324433265426,Lasso,Lasso_1
750,SI_ref_18,NaOH-activated SCW biochars,IBU,Secondary effluent,0.811827151849907,0.5064094085569697,Lasso,Lasso_1
751,SI_ref_18,NaOH-activated SCW biochars,IBU,Lake water,0.6869669848084122,0.46748324433265426,Lasso,Lasso_1
754,SI_ref_18,NaOH-activated SCW biochars,IBU,Secondary effluent,0.7786423949758233,0.4604340969682418,Lasso,Lasso_1
757,SI_ref_18,NaOH-activated SCW biochars,NPX,Lake water,0.20620314882650506,0.3355158715459455,Lasso,Lasso_1
759,SI_ref_18,NaOH-activated SCW biochars,NPX,Lake water,0.23676500653660967,0.32118651963849876,Lasso,Lasso_1
761,SI_ref_18,NaOH-activated SCW biochars,NPX,Lake water,0.21090148006849843,0.3066871761887131,Lasso,Lasso_1
763,SI_ref_18,NaOH-activated SCW biochars,NPX,Lake water,0.14381242837395034,0.29210125569921935,Lasso,Lasso_1
765,SI_ref_18,NaOH-activated SCW biochars,NPX,Lake water,0.049549349058709447,0.2774716424479882,Lasso,Lasso_1
767,SI_ref_18,NaOH-activated SCW biochars,NPX,Lake water,0.0742796412273446,0.2689028245461598,Lasso,Lasso_1
769,SI_ref_18,NaOH-activated SCW biochars,NPX,Lake water,0.041917196066405205,0.2628200806118977,Lasso,Lasso_1
773,SI_ref_18,NaOH-activated SCW biochars,NPX,Lake water,0.02383921541973232,0.2542439312921239,Lasso,Lasso_1
776,SI_ref_18,NaOH-activated SCW biochars,NPX,Secondary effluent,0.048092629555703405,0.22420712813334742,Lasso,Lasso_1
779,SI_ref_18,NaOH-activated SCW biochars,NPX,Lake water,0.0651330447328621,0.2542439312921239,Lasso,Lasso_1
781,SI_ref_18,NaOH-activated SCW biochars,NPX,Lake water,0.04234525136924403,0.2542439312921239,Lasso,Lasso_1
788,SI_ref_18,NaOH-activated SCW biochars,NPX,Secondary effluent,0.09141898602740345,0.24719478392771144,Lasso,Lasso_1
798,SI_ref_18,NaOH-activated SCW biochars,NPX,Secondary effluent,0.15082313311850198,0.24719478392771144,Lasso,Lasso_1
800,SI_ref_18,NaOH-activated SCW biochars,NPX,Secondary effluent,0.24701864815812044,0.24719478392771144,Lasso,Lasso_1
871,SI_ref_13,PB600,CBZ,Synthetic,0.6953242835595775,0.5395935924166789,Lasso,Lasso_1
881,SI_ref_13,PB600,IBU,Synthetic,0.2096102913356035,0.6636301112709926,Lasso,Lasso_1
918,SI_ref_13,PB800,CBZ,Synthetic,0.30905619203491547,0.27551974941706425,Lasso,Lasso_1
928,SI_ref_13,PB800,IBU,Synthetic,0.23013048635824437,0.3995562682713779,Lasso,Lasso_1
954,SI_ref_15,PSB,CAR,Synthetic,0.9395494569882223,0.7882080180767319,Lasso,Lasso_1
955,SI_ref_15,PSB,CAR,Synthetic,0.9231398092867221,0.7882080180767319,Lasso,Lasso_1
957,SI_ref_15,PSB,CAR,Synthetic,0.9436310458092197,0.8341833296654598,Lasso,Lasso_1
964,SI_ref_15,PSB,CAR,Synthetic,0.9383522096618221,0.7882080180767319,Lasso,Lasso_1
978,SI_ref_15,PSB,PYR,Synthetic,0.919631586959635,0.8483266837985429,Lasso,Lasso_1
985,SI_ref_15,PSB,PYR,Synthetic,0.9775942152304119,0.8483266837985429,Lasso,Lasso_1
994,SI_ref_15,PSB,TEB,Synthetic,0.9362126098667423,0.8379727160246502,Lasso,Lasso_1
1000,SI_ref_15,PSB,TEB,Synthetic,0.8714762044822667,0.8379727160246502,Lasso,Lasso_1
1015,SI_ref_15,PSBOX-A,CAR,Synthetic,0.03563496474916306,0.20130876673911702,Lasso,Lasso_1
1016,SI_ref_15,PSBOX-A,CAR,Synthetic,0.026325197069833068,0.20130876673911702,Lasso,Lasso_1
1018,SI_ref_15,PSBOX-A,CAR,Synthetic,0.034457194657534405,0.24728407832784494,Lasso,Lasso_1
1025,SI_ref_15,PSBOX-A,CAR,Synthetic,0.0497879777437964,0.20130876673911702,Lasso,Lasso_1
1040,SI_ref_15,PSBOX-A,PYR,Synthetic,0.5200236643843362,0.2416330064445239,Lasso,Lasso_1
1043,SI_ref_15,PSBOX-A,PYR,Synthetic,0.08786555053416333,0.26142743246092803,Lasso,Lasso_1
1050,SI_ref_15,PSBOX-A,PYR,Synthetic,0.48794917248977554,0.26142743246092803,Lasso,Lasso_1
1059,SI_ref_15,PSBOX-A,TEB,Synthetic,0.07277962857952934,0.2510734646870354,Lasso,Lasso_1
1061,SI_ref_15,PSBOX-A,TEB,Synthetic,0.5163778457532948,0.27086789070343953,Lasso,Lasso_1
1070,SI_ref_15,PSBOX-A,TEB,Synthetic,0.04527670142322688,0.2510734646870354,Lasso,Lasso_1
1101,SI_ref_17,Pristine SCG biochar,CBZ,Synthetic,0.9071468090110305,0.7760986981488707,Lasso,Lasso_1
1108,SI_ref_17,Pristine SCG biochar,CBZ,Synthetic,0.8967497590877974,0.8400714242076879,Lasso,Lasso_1
1113,SI_ref_17,Pristine SCG biochar,CBZ,Synthetic,0.9373850128799738,0.7760986981488707,Lasso,Lasso_1
1130,SI_ref_17,Pristine SCG biochar,EE2,Synthetic,0.817422791958414,0.8406403315180138,Lasso,Lasso_1
1137,SI_ref_17,Pristine SCG biochar,EE2,Synthetic,0.8257334628724249,0.8226429170479245,Lasso,Lasso_1
1139,SI_ref_17,Pristine SCG biochar,EE2,Synthetic,0.8269992896243368,0.8226429170479245,Lasso,Lasso_1
1141,SI_ref_17,Pristine SCG biochar,EE2,Synthetic,0.8244509213990222,0.8226429170479245,Lasso,Lasso_1
1142,SI_ref_17,Pristine SCG biochar,EE2,Synthetic,0.859538444436826,0.8866156431067417,Lasso,Lasso_1
1148,SI_ref_17,Pristine SCG biochar,EE2,Synthetic,0.823763814163292,0.8866156431067417,Lasso,Lasso_1
1157,SI_ref_17,Pristine SCG biochar,IBU,Synthetic,0.9060511140454979,0.9667482640029701,Lasso,Lasso_1
1159,SI_ref_17,Pristine SCG biochar,IBU,Synthetic,0.9004320791615827,0.9524189120955233,Lasso,Lasso_1
1161,SI_ref_17,Pristine SCG biochar,IBU,Synthetic,0.894961472244973,0.9293944738370709,Lasso,Lasso_1
1163,SI_ref_17,Pristine SCG biochar,IBU,Synthetic,0.8949151720794959,0.9147794550410281,Lasso,Lasso_1
1165,SI_ref_17,Pristine SCG biochar,IBU,Synthetic,0.892599829508416,0.9062155176967567,Lasso,Lasso_1
1167,SI_ref_17,Pristine SCG biochar,IBU,Synthetic,0.8914167516338777,0.9001352170031843,Lasso,Lasso_1
1169,SI_ref_17,Pristine SCG biochar,IBU,Synthetic,0.886841225533622,0.8940524730689223,Lasso,Lasso_1
1173,SI_ref_17,Pristine SCG biochar,IBU,Synthetic,0.9319085004678631,0.8854763237491485,Lasso,Lasso_1
1180,SI_ref_17,Pristine SCG biochar,IBU,Synthetic,0.9167234922708469,0.9494490498079657,Lasso,Lasso_1
1187,SI_ref_17,Pristine SCG biochar,IBU,Synthetic,0.9448963419259283,0.8854763237491485,Lasso,Lasso_1
1189,SI_ref_17,Pristine SCG biochar,IBU,Synthetic,0.9210277046979152,0.8854763237491485,Lasso,Lasso_1
1191,SI_ref_17,Pristine SCG biochar,IBU,Synthetic,0.9513456586569363,0.8854763237491485,Lasso,Lasso_1
1212,SI_ref_18,Pristine SCW Biochar,DCF,Secondary effluent,0.8964391711737753,1.018216697475975,Lasso,Lasso_1
1214,SI_ref_18,Pristine SCW Biochar,DCF,Lake water,0.9077130214504949,1.0022781890460237,Lasso,Lasso_1
1223,SI_ref_18,Pristine SCW Biochar,DCF,Secondary effluent,0.916228597953408,1.018216697475975,Lasso,Lasso_1
1225,SI_ref_18,Pristine SCW Biochar,DCF,Lake water,0.9209005359691885,1.0252658448403875,Lasso,Lasso_1
1228,SI_ref_18,Pristine SCW Biochar,DCF,Lake water,0.918118398017722,1.0252658448403875,Lasso,Lasso_1
1237,SI_ref_18,Pristine SCW Biochar,DCF,Lake water,0.9176779336906461,1.0252658448403875,Lasso,Lasso_1
1238,SI_ref_18,Pristine SCW Biochar,DCF,Lake water,0.9153943997055312,1.0252658448403875,Lasso,Lasso_1
1241,SI_ref_18,Pristine SCW Biochar,DCF,Lake water,0.9102639266700783,1.0252658448403875,Lasso,Lasso_1
1246,SI_ref_18,Pristine SCW Biochar,DCF,Secondary effluent,0.9052859627037971,1.041204353270339,Lasso,Lasso_1
1270,SI_ref_18,Pristine SCW Biochar,IBU,Secondary effluent,0.8874692330465712,0.9974295917405026,Lasso,Lasso_1
1279,SI_ref_18,Pristine SCW Biochar,IBU,Lake water,0.9204127206373283,1.027466394899279,Lasso,Lasso_1
1285,SI_ref_18,Pristine SCW Biochar,IBU,Lake water,0.9175495400890653,1.027466394899279,Lasso,Lasso_1
1289,SI_ref_18,Pristine SCW Biochar,IBU,Lake water,0.91141920930323,1.027466394899279,Lasso,Lasso_1
1303,SI_ref_18,Pristine SCW Biochar,IBU,Secondary effluent,0.9145392250293353,1.0663925591235945,Lasso,Lasso_1
1305,SI_ref_18,Pristine SCW Biochar,IBU,Secondary effluent,0.8992133437264335,1.0204172475348665,Lasso,Lasso_1
1308,SI_ref_18,Pristine SCW Biochar,NPX,Lake water,0.9299082628630408,0.8954990221125703,Lasso,Lasso_1
1310,SI_ref_18,Pristine SCW Biochar,NPX,Lake water,0.9179731197519893,0.8811696702051236,Lasso,Lasso_1
1312,SI_ref_18,Pristine SCW Biochar,NPX,Lake water,0.9157588621166984,0.866670326755338,Lasso,Lasso_1
1314,SI_ref_18,Pristine SCW Biochar,NPX,Lake water,0.9211177808704595,0.8520844062658441,Lasso,Lasso_1
1316,SI_ref_18,Pristine SCW Biochar,NPX,Lake water,0.9261251958543161,0.8374547930146131,Lasso,Lasso_1
1318,SI_ref_18,Pristine SCW Biochar,NPX,Lake water,0.9179250714018231,0.8288859751127845,Lasso,Lasso_1
1320,SI_ref_18,Pristine SCW Biochar,NPX,Lake water,0.9238791357631378,0.8228032311785225,Lasso,Lasso_1
1325,SI_ref_18,Pristine SCW Biochar,NPX,Secondary effluent,0.8954095327862793,0.7841902786999723,Lasso,Lasso_1
1328,SI_ref_18,Pristine SCW Biochar,NPX,Lake water,0.9239571578457322,0.8142270818587487,Lasso,Lasso_1
1330,SI_ref_18,Pristine SCW Biochar,NPX,Lake water,0.9241969522882365,0.8142270818587487,Lasso,Lasso_1
1337,SI_ref_18,Pristine SCW Biochar,NPX,Secondary effluent,0.9109852392346297,0.8071779344943363,Lasso,Lasso_1
1346,SI_ref_18,Pristine SCW Biochar,NPX,Secondary effluent,0.9136165317560039,0.8071779344943363,Lasso,Lasso_1
1347,SI_ref_18,Pristine SCW Biochar,NPX,Secondary effluent,0.9038576927569927,0.8071779344943362,Lasso,Lasso_1
16,SI_ref_19,AMCB,IBU,Ground water,0.029204625724030753,0.17533659094490062,LightGBM,LightGBM_2
25,SI_ref_19,AMCB,IBU,Lake water,0.3473743729830984,0.318592426264967,LightGBM,LightGBM_2
34,SI_ref_19,AMCB,IBU,Ground water,0.303030777614079,0.28451856684010973,LightGBM,LightGBM_2
36,SI_ref_19,AMCB,IBU,Ground water,0.41496556078686897,0.4222622263596454,LightGBM,LightGBM_2
44,SI_ref_19,AMCB,IBU,Ground water,0.5024496962602676,0.3846231844124656,LightGBM,LightGBM_2
48,SI_ref_19,AMCB,IBU,Ground water,0.03338351934448727,0.14255881696088996,LightGBM,LightGBM_2
55,SI_ref_19,AMCB,IBU,Lake water,0.34535416691700616,0.31450422411318124,LightGBM,LightGBM_2
64,SI_ref_19,AMCB,IBU,Ground water,0.3258728934993643,0.29892192650143123,LightGBM,LightGBM_2
66,SI_ref_19,AMCB,IBU,Ground water,0.4885549946229274,0.43805496560725854,LightGBM,LightGBM_2
74,SI_ref_19,AMCB,IBU,Ground water,0.5226317382792791,0.3694119951740089,LightGBM,LightGBM_2
78,SI_ref_19,AMCB,IBU,Ground water,0.025848755777109534,0.1993444289895312,LightGBM,LightGBM_2
85,SI_ref_19,AMCB,IBU,Lake water,0.32220691257344963,0.28205096744963504,LightGBM,LightGBM_2
94,SI_ref_19,AMCB,IBU,Ground water,0.3191737471997417,0.32919121517251426,LightGBM,LightGBM_2
96,SI_ref_19,AMCB,IBU,Ground water,0.45590621693388655,0.4542781266190323,LightGBM,LightGBM_2
106,SI_ref_19,AMCB,IBU,Ground water,0.3644459510905023,0.482971365709326,LightGBM,LightGBM_2
112,SI_ref_19,AMCB,IBU,Ground water,0.5464029950150356,0.3938632982313291,LightGBM,LightGBM_2
140,SI_ref_17,Alkali-modified SCG biochars,CBZ,Synthetic,0.006132526431344026,0.15417183674551585,LightGBM,LightGBM_2
146,SI_ref_17,Alkali-modified SCG biochars,CBZ,Synthetic,0.6777397154224275,0.4149662471626472,LightGBM,LightGBM_2
151,SI_ref_17,Alkali-modified SCG biochars,CBZ,Synthetic,0.4516798693491866,0.15417183674551585,LightGBM,LightGBM_2
168,SI_ref_17,Alkali-modified SCG biochars,EE2,Synthetic,0.0796235147045166,0.21887614907694913,LightGBM,LightGBM_2
176,SI_ref_17,Alkali-modified SCG biochars,EE2,Synthetic,0.07754174693450858,0.40892552780899205,LightGBM,LightGBM_2
181,SI_ref_17,Alkali-modified SCG biochars,EE2,Synthetic,0.7086029202646077,0.40892552780899205,LightGBM,LightGBM_2
190,SI_ref_17,Alkali-modified SCG biochars,IBU,Synthetic,0.22674008618295227,0.4858031229220879,LightGBM,LightGBM_2
192,SI_ref_17,Alkali-modified SCG biochars,IBU,Synthetic,0.18762987622773672,0.4449333861237069,LightGBM,LightGBM_2
194,SI_ref_17,Alkali-modified SCG biochars,IBU,Synthetic,0.0964989432139522,0.33553568673038386,LightGBM,LightGBM_2
196,SI_ref_17,Alkali-modified SCG biochars,IBU,Synthetic,0.056403766337859394,0.31623307455235034,LightGBM,LightGBM_2
198,SI_ref_17,Alkali-modified SCG biochars,IBU,Synthetic,0.04365646649895644,0.31484753652903097,LightGBM,LightGBM_2
200,SI_ref_17,Alkali-modified SCG biochars,IBU,Synthetic,0.05275302685215311,0.2713972030421942,LightGBM,LightGBM_2
202,SI_ref_17,Alkali-modified SCG biochars,IBU,Synthetic,0.051463060103218494,0.2524018662593782,LightGBM,LightGBM_2
206,SI_ref_17,Alkali-modified SCG biochars,IBU,Synthetic,0.05901922048526246,0.21281091282060785,LightGBM,LightGBM_2
213,SI_ref_17,Alkali-modified SCG biochars,IBU,Synthetic,0.33928547446435453,0.4118507621736019,LightGBM,LightGBM_2
220,SI_ref_17,Alkali-modified SCG biochars,IBU,Synthetic,0.004839210099114782,0.21281091282060785,LightGBM,LightGBM_2
222,SI_ref_17,Alkali-modified SCG biochars,IBU,Synthetic,0.04374442489311713,0.21281091282060785,LightGBM,LightGBM_2
224,SI_ref_17,Alkali-modified SCG biochars,IBU,Synthetic,0.2945083196339574,0.21281091282060785,LightGBM,LightGBM_2
229,SI_ref_16,C-Biochar,ATE,Synthetic,0.8511111111111113,0.6525368972761636,LightGBM,LightGBM_2
231,SI_ref_16,C-Biochar,ATE,Synthetic,0.7400000000000001,0.7649608376002933,LightGBM,LightGBM_2
235,SI_ref_16,C-Biochar,ATE,Synthetic,0.8511111111111113,0.796432383999846,LightGBM,LightGBM_2
238,SI_ref_16,C-Biochar,ATE,Synthetic,0.6733333333333335,0.7276023763281725,LightGBM,LightGBM_2
250,SI_ref_16,C-Biochar,CBZ,Synthetic,0.4840388007054674,0.570528117463786,LightGBM,LightGBM_2
251,SI_ref_16,C-Biochar,CBZ,Synthetic,0.5325396825396824,0.570528117463786,LightGBM,LightGBM_2
252,SI_ref_16,C-Biochar,CBZ,Synthetic,0.4258377425044091,0.570528117463786,LightGBM,LightGBM_2
258,SI_ref_16,C-Biochar,CBZ,Synthetic,0.4990079365079365,0.570528117463786,LightGBM,LightGBM_2
264,SI_ref_16,C-Biochar,IBU,Synthetic,0.7333333333333333,0.5891254261856601,LightGBM,LightGBM_2
266,SI_ref_16,C-Biochar,IBU,Synthetic,0.6121212121212122,0.6387084430718143,LightGBM,LightGBM_2
271,SI_ref_16,C-Biochar,IBU,Synthetic,0.6000000000000001,0.6387084430718143,LightGBM,LightGBM_2
277,SI_ref_16,C-Biochar,IBU,Synthetic,0.7844444444444444,0.6387084430718143,LightGBM,LightGBM_2
278,SI_ref_16,C-Biochar,IBU,Synthetic,0.8430555555555557,0.6387084430718143,LightGBM,LightGBM_2
279,SI_ref_16,C-Biochar,IBU,Synthetic,0.861111111111111,0.6387084430718143,LightGBM,LightGBM_2
296,SI_ref_19,CB,IBU,Ground water,0.9945207101387852,0.9484741749559098,LightGBM,LightGBM_2
303,SI_ref_19,CB,IBU,Lake water,0.9505925590656487,0.9516513001623992,LightGBM,LightGBM_2
314,SI_ref_19,CB,IBU,Ground water,0.917590560186213,0.9326225678097111,LightGBM,LightGBM_2
316,SI_ref_19,CB,IBU,Ground water,0.9236132062907854,0.9527374400102123,LightGBM,LightGBM_2
320,SI_ref_19,CB,IBU,Ground water,0.9303445651202417,0.9484741749559098,LightGBM,LightGBM_2
328,SI_ref_19,CB,IBU,Ground water,0.9241489703794897,0.931155871194437,LightGBM,LightGBM_2
340,SI_ref_14,GCRB,ALA,Synthetic,0.9700055250053173,0.9667990055114917,LightGBM,LightGBM_2
361,SI_ref_14,GCRB,DIU,Synthetic,0.9291396445453227,0.8950505423100446,LightGBM,LightGBM_2
363,SI_ref_14,GCRB,DIU,Synthetic,0.9527369648004039,0.9524015921153697,LightGBM,LightGBM_2
365,SI_ref_14,GCRB,DIU,Synthetic,0.9265327424413893,0.9524015921153697,LightGBM,LightGBM_2
367,SI_ref_14,GCRB,DIU,Synthetic,0.9238760352548926,0.9524015921153697,LightGBM,LightGBM_2
369,SI_ref_14,GCRB,DIU,Synthetic,0.9147016410628197,0.9531940983242755,LightGBM,LightGBM_2
374,SI_ref_14,GCRB,DIU,Synthetic,1.0082496176169822,0.9524015921153697,LightGBM,LightGBM_2
390,SI_ref_14,GCRB,SIM,Synthetic,0.9757367710073495,0.9756700227977645,LightGBM,LightGBM_2
406,SI_ref_14,GCRB-N,ALA,Synthetic,0.4281694326598611,0.4391782424581099,LightGBM,LightGBM_2
446,SI_ref_14,GCRB-N,DIU,Synthetic,0.2075726875081201,0.20693735008391884,LightGBM,LightGBM_2
448,SI_ref_14,GCRB-N,DIU,Synthetic,0.1819381767074788,0.24273110679910154,LightGBM,LightGBM_2
450,SI_ref_14,GCRB-N,DIU,Synthetic,0.1736169508150928,0.2480381722946667,LightGBM,LightGBM_2
453,SI_ref_14,GCRB-N,DIU,Synthetic,0.1683505359330984,0.2641996875370592,LightGBM,LightGBM_2
456,SI_ref_14,GCRB-N,DIU,Synthetic,0.1402528461142079,0.34860919175197663,LightGBM,LightGBM_2
459,SI_ref_14,GCRB-N,DIU,Synthetic,0.6455190877003087,0.35420861620660204,LightGBM,LightGBM_2
460,SI_ref_14,GCRB-N,DIU,Synthetic,0.12138562309836234,0.3744818107872794,LightGBM,LightGBM_2
462,SI_ref_14,GCRB-N,DIU,Synthetic,0.16773925939532233,0.364479295318772,LightGBM,LightGBM_2
465,SI_ref_14,GCRB-N,DIU,Synthetic,0.1405827183894587,0.3635672357643026,LightGBM,LightGBM_2
468,SI_ref_14,GCRB-N,DIU,Synthetic,0.6564705601884918,0.35687523460665516,LightGBM,LightGBM_2
469,SI_ref_14,GCRB-N,DIU,Synthetic,0.12617131727344172,0.37173692931006186,LightGBM,LightGBM_2
471,SI_ref_14,GCRB-N,DIU,Synthetic,0.1676281074261493,0.3631677921487558,LightGBM,LightGBM_2
474,SI_ref_14,GCRB-N,DIU,Synthetic,0.14041778225183332,0.38787510065658826,LightGBM,LightGBM_2
477,SI_ref_14,GCRB-N,DIU,Synthetic,0.6413243626564091,0.3817357901277959,LightGBM,LightGBM_2
478,SI_ref_14,GCRB-N,DIU,Synthetic,0.12377847018590202,0.3817357901277959,LightGBM,LightGBM_2
490,SI_ref_14,GCRB-N,SIM,Synthetic,0.38105997172266487,0.5218953497274802,LightGBM,LightGBM_2
537,SI_ref_19,MCB,IBU,Ground water,0.9902068659306948,0.9338729029334585,LightGBM,LightGBM_2
546,SI_ref_19,MCB,IBU,Lake water,0.9468798357239083,0.9387253145206668,LightGBM,LightGBM_2
555,SI_ref_19,MCB,IBU,Ground water,0.910886274193223,0.9188667448635083,LightGBM,LightGBM_2
561,SI_ref_19,MCB,IBU,Ground water,0.9227697266379059,0.9659920534415511,LightGBM,LightGBM_2
565,SI_ref_19,MCB,IBU,Ground water,0.9254612605703445,0.9322195563911316,LightGBM,LightGBM_2
573,SI_ref_19,MCB,IBU,Ground water,0.9222883610163676,0.9380232959771212,LightGBM,LightGBM_2
577,SI_ref_19,MCB,IBU,Ground water,0.9896236049163454,0.9200997580894897,LightGBM,LightGBM_2
584,SI_ref_19,MCB,IBU,Lake water,0.9474280457633885,0.9145854571774612,LightGBM,LightGBM_2
593,SI_ref_19,MCB,IBU,Ground water,0.911624129649438,0.9260202964745855,LightGBM,LightGBM_2
595,SI_ref_19,MCB,IBU,Ground water,0.9248851497651674,0.9559575635238095,LightGBM,LightGBM_2
603,SI_ref_19,MCB,IBU,Ground water,0.920786534541565,0.9429652728113981,LightGBM,LightGBM_2
607,SI_ref_19,MCB,IBU,Ground water,0.9861765121394982,0.9362297871576303,LightGBM,LightGBM_2
614,SI_ref_19,MCB,IBU,Lake water,0.9465039927474991,0.925035862720128,LightGBM,LightGBM_2
623,SI_ref_19,MCB,IBU,Ground water,0.9103224686673798,0.9272702969998694,LightGBM,LightGBM_2
625,SI_ref_19,MCB,IBU,Ground water,0.9258221154816445,0.938702979631402,LightGBM,LightGBM_2
633,SI_ref_19,MCB,IBU,Ground water,0.9216175906678238,0.9249310433531278,LightGBM,LightGBM_2
653,SI_ref_18,NaOH-activated SCW biochars,DCF,Lake water,0.060393710525153486,0.5337175235694094,LightGBM,LightGBM_2
654,SI_ref_18,NaOH-activated SCW biochars,DCF,Secondary effluent,0.1736813951376961,0.5896838595758649,LightGBM,LightGBM_2
657,SI_ref_18,NaOH-activated SCW biochars,DCF,Lake water,0.4098052873550469,0.46074711121995565,LightGBM,LightGBM_2
666,SI_ref_18,NaOH-activated SCW biochars,DCF,Secondary effluent,0.6160844980694858,0.5896838595758649,LightGBM,LightGBM_2
668,SI_ref_18,NaOH-activated SCW biochars,DCF,Lake water,0.5638671837826676,0.5337175235694094,LightGBM,LightGBM_2
671,SI_ref_18,NaOH-activated SCW biochars,DCF,Lake water,0.5111881637893111,0.5337175235694094,LightGBM,LightGBM_2
680,SI_ref_18,NaOH-activated SCW biochars,DCF,Lake water,0.5451956691534918,0.5337175235694094,LightGBM,LightGBM_2
681,SI_ref_18,NaOH-activated SCW biochars,DCF,Lake water,0.5155236787057735,0.5337175235694094,LightGBM,LightGBM_2
684,SI_ref_18,NaOH-activated SCW biochars,DCF,Lake water,0.5054530420964745,0.5337175235694094,LightGBM,LightGBM_2
689,SI_ref_18,NaOH-activated SCW biochars,DCF,Secondary effluent,0.6862219778123194,0.6449683430319059,LightGBM,LightGBM_2
717,SI_ref_18,NaOH-activated SCW biochars,IBU,Secondary effluent,0.5431517029603264,0.5351898948050526,LightGBM,LightGBM_2
726,SI_ref_18,NaOH-activated SCW biochars,IBU,Lake water,0.6298354173553987,0.5931441698673937,LightGBM,LightGBM_2
732,SI_ref_18,NaOH-activated SCW biochars,IBU,Lake water,0.6159420233488258,0.5931441698673937,LightGBM,LightGBM_2
736,SI_ref_18,NaOH-activated SCW biochars,IBU,Lake water,0.6281995086504742,0.5931441698673937,LightGBM,LightGBM_2
750,SI_ref_18,NaOH-activated SCW biochars,IBU,Secondary effluent,0.811827151849907,0.7208671615890367,LightGBM,LightGBM_2
751,SI_ref_18,NaOH-activated SCW biochars,IBU,Lake water,0.6869669848084122,0.5931441698673937,LightGBM,LightGBM_2
754,SI_ref_18,NaOH-activated SCW biochars,IBU,Secondary effluent,0.7786423949758233,0.5949177262304817,LightGBM,LightGBM_2
757,SI_ref_18,NaOH-activated SCW biochars,NPX,Lake water,0.20620314882650506,0.37535980071008324,LightGBM,LightGBM_2
759,SI_ref_18,NaOH-activated SCW biochars,NPX,Lake water,0.23676500653660967,0.31649733082922693,LightGBM,LightGBM_2
761,SI_ref_18,NaOH-activated SCW biochars,NPX,Lake water,0.21090148006849843,0.2072131460653841,LightGBM,LightGBM_2
763,SI_ref_18,NaOH-activated SCW biochars,NPX,Lake water,0.14381242837395034,0.12328898128787545,LightGBM,LightGBM_2
765,SI_ref_18,NaOH-activated SCW biochars,NPX,Lake water,0.049549349058709447,0.09982152376509296,LightGBM,LightGBM_2
767,SI_ref_18,NaOH-activated SCW biochars,NPX,Lake water,0.0742796412273446,0.09732865644910456,LightGBM,LightGBM_2
769,SI_ref_18,NaOH-activated SCW biochars,NPX,Lake water,0.041917196066405205,0.08583302683817827,LightGBM,LightGBM_2
773,SI_ref_18,NaOH-activated SCW biochars,NPX,Lake water,0.02383921541973232,0.06994063050971008,LightGBM,LightGBM_2
776,SI_ref_18,NaOH-activated SCW biochars,NPX,Secondary effluent,0.048092629555703405,0.05479301976806113,LightGBM,LightGBM_2
779,SI_ref_18,NaOH-activated SCW biochars,NPX,Lake water,0.0651330447328621,0.06994063050971008,LightGBM,LightGBM_2
781,SI_ref_18,NaOH-activated SCW biochars,NPX,Lake water,0.04234525136924403,0.06994063050971008,LightGBM,LightGBM_2
788,SI_ref_18,NaOH-activated SCW biochars,NPX,Secondary effluent,0.09141898602740345,0.09401713421353368,LightGBM,LightGBM_2
798,SI_ref_18,NaOH-activated SCW biochars,NPX,Secondary effluent,0.15082313311850198,0.09401713421353368,LightGBM,LightGBM_2
800,SI_ref_18,NaOH-activated SCW biochars,NPX,Secondary effluent,0.24701864815812044,0.09401713421353368,LightGBM,LightGBM_2
871,SI_ref_13,PB600,CBZ,Synthetic,0.6953242835595775,0.47381834225212005,LightGBM,LightGBM_2
881,SI_ref_13,PB600,IBU,Synthetic,0.2096102913356035,0.6466232317736309,LightGBM,LightGBM_2
918,SI_ref_13,PB800,CBZ,Synthetic,0.30905619203491547,0.24685060310129414,LightGBM,LightGBM_2
928,SI_ref_13,PB800,IBU,Synthetic,0.23013048635824437,0.39297486301413764,LightGBM,LightGBM_2
954,SI_ref_15,PSB,CAR,Synthetic,0.9395494569882223,0.9019618376992607,LightGBM,LightGBM_2
955,SI_ref_15,PSB,CAR,Synthetic,0.9231398092867221,0.9019618376992607,LightGBM,LightGBM_2
957,SI_ref_15,PSB,CAR,Synthetic,0.9436310458092197,0.8741787676535081,LightGBM,LightGBM_2
964,SI_ref_15,PSB,CAR,Synthetic,0.9383522096618221,0.9019618376992607,LightGBM,LightGBM_2
978,SI_ref_15,PSB,PYR,Synthetic,0.919631586959635,0.9280172362987726,LightGBM,LightGBM_2
985,SI_ref_15,PSB,PYR,Synthetic,0.9775942152304119,0.9280172362987726,LightGBM,LightGBM_2
994,SI_ref_15,PSB,TEB,Synthetic,0.9362126098667423,0.9261094873565627,LightGBM,LightGBM_2
1000,SI_ref_15,PSB,TEB,Synthetic,0.8714762044822667,0.9261094873565627,LightGBM,LightGBM_2
1015,SI_ref_15,PSBOX-A,CAR,Synthetic,0.03563496474916306,0.12876566053340446,LightGBM,LightGBM_2
1016,SI_ref_15,PSBOX-A,CAR,Synthetic,0.026325197069833068,0.12876566053340446,LightGBM,LightGBM_2
1018,SI_ref_15,PSBOX-A,CAR,Synthetic,0.034457194657534405,0.2947067916205724,LightGBM,LightGBM_2
1025,SI_ref_15,PSBOX-A,CAR,Synthetic,0.0497879777437964,0.12876566053340446,LightGBM,LightGBM_2
1040,SI_ref_15,PSBOX-A,PYR,Synthetic,0.5200236643843362,0.23791167161755078,LightGBM,LightGBM_2
1043,SI_ref_15,PSBOX-A,PYR,Synthetic,0.08786555053416333,0.22826328839109486,LightGBM,LightGBM_2
1050,SI_ref_15,PSBOX-A,PYR,Synthetic,0.48794917248977554,0.22826328839109486,LightGBM,LightGBM_2
1059,SI_ref_15,PSBOX-A,TEB,Synthetic,0.07277962857952934,0.21674371996355937,LightGBM,LightGBM_2
1061,SI_ref_15,PSBOX-A,TEB,Synthetic,0.5163778457532948,0.302163947093987,LightGBM,LightGBM_2
1070,SI_ref_15,PSBOX-A,TEB,Synthetic,0.04527670142322688,0.21674371996355937,LightGBM,LightGBM_2
1101,SI_ref_17,Pristine SCG biochar,CBZ,Synthetic,0.9071468090110305,0.9087778425294728,LightGBM,LightGBM_2
1108,SI_ref_17,Pristine SCG biochar,CBZ,Synthetic,0.8967497590877974,0.9003546334253051,LightGBM,LightGBM_2
1113,SI_ref_17,Pristine SCG biochar,CBZ,Synthetic,0.9373850128799738,0.9087778425294728,LightGBM,LightGBM_2
1130,SI_ref_17,Pristine SCG biochar,EE2,Synthetic,0.817422791958414,0.802543406737646,LightGBM,LightGBM_2
1137,SI_ref_17,Pristine SCG biochar,EE2,Synthetic,0.8257334628724249,0.888073628022744,LightGBM,LightGBM_2
1139,SI_ref_17,Pristine SCG biochar,EE2,Synthetic,0.8269992896243368,0.888073628022744,LightGBM,LightGBM_2
1141,SI_ref_17,Pristine SCG biochar,EE2,Synthetic,0.8244509213990222,0.888073628022744,LightGBM,LightGBM_2
1142,SI_ref_17,Pristine SCG biochar,EE2,Synthetic,0.859538444436826,0.8555055129463581,LightGBM,LightGBM_2
1148,SI_ref_17,Pristine SCG biochar,EE2,Synthetic,0.823763814163292,0.8555055129463581,LightGBM,LightGBM_2
1157,SI_ref_17,Pristine SCG biochar,IBU,Synthetic,0.9060511140454979,0.9533445290529178,LightGBM,LightGBM_2
1159,SI_ref_17,Pristine SCG biochar,IBU,Synthetic,0.9004320791615827,0.952949603188331,LightGBM,LightGBM_2
1161,SI_ref_17,Pristine SCG biochar,IBU,Synthetic,0.894961472244973,0.9491697537171695,LightGBM,LightGBM_2
1163,SI_ref_17,Pristine SCG biochar,IBU,Synthetic,0.8949151720794959,0.9477403857783435,LightGBM,LightGBM_2
1165,SI_ref_17,Pristine SCG biochar,IBU,Synthetic,0.892599829508416,0.939246361767084,LightGBM,LightGBM_2
1167,SI_ref_17,Pristine SCG biochar,IBU,Synthetic,0.8914167516338777,0.9406788564498437,LightGBM,LightGBM_2
1169,SI_ref_17,Pristine SCG biochar,IBU,Synthetic,0.886841225533622,0.9377736369830145,LightGBM,LightGBM_2
1173,SI_ref_17,Pristine SCG biochar,IBU,Synthetic,0.9319085004678631,0.9158812561029498,LightGBM,LightGBM_2
1180,SI_ref_17,Pristine SCG biochar,IBU,Synthetic,0.9167234922708469,0.9080557724349204,LightGBM,LightGBM_2
1187,SI_ref_17,Pristine SCG biochar,IBU,Synthetic,0.9448963419259283,0.9158812561029498,LightGBM,LightGBM_2
1189,SI_ref_17,Pristine SCG biochar,IBU,Synthetic,0.9210277046979152,0.9158812561029498,LightGBM,LightGBM_2
1191,SI_ref_17,Pristine SCG biochar,IBU,Synthetic,0.9513456586569363,0.9158812561029498,LightGBM,LightGBM_2
1212,SI_ref_18,Pristine SCW Biochar,DCF,Secondary effluent,0.8964391711737753,0.9087385627004304,LightGBM,LightGBM_2
1214,SI_ref_18,Pristine SCW Biochar,DCF,Lake water,0.9077130214504949,0.8613030016907859,LightGBM,LightGBM_2
1223,SI_ref_18,Pristine SCW Biochar,DCF,Secondary effluent,0.916228597953408,0.9087385627004304,LightGBM,LightGBM_2
1225,SI_ref_18,Pristine SCW Biochar,DCF,Lake water,0.9209005359691885,0.9216701819133621,LightGBM,LightGBM_2
1228,SI_ref_18,Pristine SCW Biochar,DCF,Lake water,0.918118398017722,0.9216701819133621,LightGBM,LightGBM_2
1237,SI_ref_18,Pristine SCW Biochar,DCF,Lake water,0.9176779336906461,0.9216701819133621,LightGBM,LightGBM_2
1238,SI_ref_18,Pristine SCW Biochar,DCF,Lake water,0.9153943997055312,0.9216701819133621,LightGBM,LightGBM_2
1241,SI_ref_18,Pristine SCW Biochar,DCF,Lake water,0.9102639266700783,0.9216701819133621,LightGBM,LightGBM_2
1246,SI_ref_18,Pristine SCW Biochar,DCF,Secondary effluent,0.9052859627037971,0.893265914146915,LightGBM,LightGBM_2
1270,SI_ref_18,Pristine SCW Biochar,IBU,Secondary effluent,0.8874692330465712,0.8474920753763817,LightGBM,LightGBM_2
1279,SI_ref_18,Pristine SCW Biochar,IBU,Lake water,0.9204127206373283,0.9152227770844468,LightGBM,LightGBM_2
1285,SI_ref_18,Pristine SCW Biochar,IBU,Lake water,0.9175495400890653,0.9152227770844468,LightGBM,LightGBM_2
1289,SI_ref_18,Pristine SCW Biochar,IBU,Lake water,0.91141920930323,0.9152227770844468,LightGBM,LightGBM_2
1303,SI_ref_18,Pristine SCW Biochar,IBU,Secondary effluent,0.9145392250293353,0.9569305747744598,LightGBM,LightGBM_2
1305,SI_ref_18,Pristine SCW Biochar,IBU,Secondary effluent,0.8992133437264335,0.9004898632433013,LightGBM,LightGBM_2
1308,SI_ref_18,Pristine SCW Biochar,NPX,Lake water,0.9299082628630408,0.9400137241621865,LightGBM,LightGBM_2
1310,SI_ref_18,Pristine SCW Biochar,NPX,Lake water,0.9179731197519893,0.9278815706174441,LightGBM,LightGBM_2
1312,SI_ref_18,Pristine SCW Biochar,NPX,Lake water,0.9157588621166984,0.9247938344059524,LightGBM,LightGBM_2
1314,SI_ref_18,Pristine SCW Biochar,NPX,Lake water,0.9211177808704595,0.9307718833338042,LightGBM,LightGBM_2
1316,SI_ref_18,Pristine SCW Biochar,NPX,Lake water,0.9261251958543161,0.9371993871874068,LightGBM,LightGBM_2
1318,SI_ref_18,Pristine SCW Biochar,NPX,Lake water,0.9179250714018231,0.9335516523319225,LightGBM,LightGBM_2
1320,SI_ref_18,Pristine SCW Biochar,NPX,Lake water,0.9238791357631378,0.9320984085585875,LightGBM,LightGBM_2
1325,SI_ref_18,Pristine SCW Biochar,NPX,Secondary effluent,0.8954095327862793,0.8498049118939598,LightGBM,LightGBM_2
1328,SI_ref_18,Pristine SCW Biochar,NPX,Lake water,0.9239571578457322,0.9138500294944994,LightGBM,LightGBM_2
1330,SI_ref_18,Pristine SCW Biochar,NPX,Lake water,0.9241969522882365,0.9138500294944994,LightGBM,LightGBM_2
1337,SI_ref_18,Pristine SCW Biochar,NPX,Secondary effluent,0.9109852392346297,0.9064700157506445,LightGBM,LightGBM_2
1346,SI_ref_18,Pristine SCW Biochar,NPX,Secondary effluent,0.9136165317560039,0.9064700157506445,LightGBM,LightGBM_2
1347,SI_ref_18,Pristine SCW Biochar,NPX,Secondary effluent,0.9038576927569927,0.9064700157506445,LightGBM,LightGBM_2
16,SI_ref_19,AMCB,IBU,Ground water,0.029204625724030753,0.3505449069603238,MLP,MLP_2
25,SI_ref_19,AMCB,IBU,Lake water,0.3473743729830984,0.4209089391338511,MLP,MLP_2
34,SI_ref_19,AMCB,IBU,Ground water,0.303030777614079,0.2781193966886576,MLP,MLP_2
36,SI_ref_19,AMCB,IBU,Ground water,0.41496556078686897,0.3504359721033873,MLP,MLP_2
44,SI_ref_19,AMCB,IBU,Ground water,0.5024496962602676,0.33075281501419596,MLP,MLP_2
48,SI_ref_19,AMCB,IBU,Ground water,0.03338351934448727,0.35036347452572714,MLP,MLP_2
55,SI_ref_19,AMCB,IBU,Lake water,0.34535416691700616,0.42072249308480636,MLP,MLP_2
64,SI_ref_19,AMCB,IBU,Ground water,0.3258728934993643,0.27811174404690997,MLP,MLP_2
66,SI_ref_19,AMCB,IBU,Ground water,0.4885549946229274,0.35025491595526737,MLP,MLP_2
74,SI_ref_19,AMCB,IBU,Ground water,0.5226317382792791,0.3305768520399095,MLP,MLP_2
78,SI_ref_19,AMCB,IBU,Ground water,0.025848755777109534,0.35018266836933376,MLP,MLP_2
85,SI_ref_19,AMCB,IBU,Lake water,0.32220691257344963,0.4205366901762222,MLP,MLP_2
94,SI_ref_19,AMCB,IBU,Ground water,0.3191737471997417,0.27810411778453803,MLP,MLP_2
96,SI_ref_19,AMCB,IBU,Ground water,0.45590621693388655,0.3500744834947357,MLP,MLP_2
106,SI_ref_19,AMCB,IBU,Ground water,0.3644459510905023,0.4003765107006134,MLP,MLP_2
112,SI_ref_19,AMCB,IBU,Ground water,0.5464029950150356,0.3304014947913453,MLP,MLP_2
140,SI_ref_17,Alkali-modified SCG biochars,CBZ,Synthetic,0.006132526431344026,0.11787879873238438,MLP,MLP_2
146,SI_ref_17,Alkali-modified SCG biochars,CBZ,Synthetic,0.6777397154224275,0.31941597019162205,MLP,MLP_2
151,SI_ref_17,Alkali-modified SCG biochars,CBZ,Synthetic,0.4516798693491866,0.11787879873238438,MLP,MLP_2
168,SI_ref_17,Alkali-modified SCG biochars,EE2,Synthetic,0.0796235147045166,-0.03853107532431027,MLP,MLP_2
176,SI_ref_17,Alkali-modified SCG biochars,EE2,Synthetic,0.07754174693450858,0.23236327011574098,MLP,MLP_2
181,SI_ref_17,Alkali-modified SCG biochars,EE2,Synthetic,0.7086029202646077,0.23236327011574098,MLP,MLP_2
190,SI_ref_17,Alkali-modified SCG biochars,IBU,Synthetic,0.22674008618295227,0.5682146590033338,MLP,MLP_2
192,SI_ref_17,Alkali-modified SCG biochars,IBU,Synthetic,0.18762987622773672,0.43444030719318494,MLP,MLP_2
194,SI_ref_17,Alkali-modified SCG biochars,IBU,Synthetic,0.0964989432139522,0.2676715130523578,MLP,MLP_2
196,SI_ref_17,Alkali-modified SCG biochars,IBU,Synthetic,0.056403766337859394,0.22121760736968332,MLP,MLP_2
198,SI_ref_17,Alkali-modified SCG biochars,IBU,Synthetic,0.04365646649895644,0.2473776841683032,MLP,MLP_2
200,SI_ref_17,Alkali-modified SCG biochars,IBU,Synthetic,0.05275302685215311,0.26008096196597996,MLP,MLP_2
202,SI_ref_17,Alkali-modified SCG biochars,IBU,Synthetic,0.051463060103218494,0.2848643952714668,MLP,MLP_2
206,SI_ref_17,Alkali-modified SCG biochars,IBU,Synthetic,0.05901922048526246,0.301492607367689,MLP,MLP_2
213,SI_ref_17,Alkali-modified SCG biochars,IBU,Synthetic,0.33928547446435453,0.32387062445176673,MLP,MLP_2
220,SI_ref_17,Alkali-modified SCG biochars,IBU,Synthetic,0.004839210099114782,0.301492607367689,MLP,MLP_2
222,SI_ref_17,Alkali-modified SCG biochars,IBU,Synthetic,0.04374442489311713,0.301492607367689,MLP,MLP_2
224,SI_ref_17,Alkali-modified SCG biochars,IBU,Synthetic,0.2945083196339574,0.301492607367689,MLP,MLP_2
229,SI_ref_16,C-Biochar,ATE,Synthetic,0.8511111111111113,0.5738028933033685,MLP,MLP_2
231,SI_ref_16,C-Biochar,ATE,Synthetic,0.7400000000000001,0.5269959930587752,MLP,MLP_2
235,SI_ref_16,C-Biochar,ATE,Synthetic,0.8511111111111113,0.7420674533653268,MLP,MLP_2
238,SI_ref_16,C-Biochar,ATE,Synthetic,0.6733333333333335,0.741361525989276,MLP,MLP_2
250,SI_ref_16,C-Biochar,CBZ,Synthetic,0.4840388007054674,0.6508764493983331,MLP,MLP_2
251,SI_ref_16,C-Biochar,CBZ,Synthetic,0.5325396825396824,0.6508764493983331,MLP,MLP_2
252,SI_ref_16,C-Biochar,CBZ,Synthetic,0.4258377425044091,0.6508764493983331,MLP,MLP_2
258,SI_ref_16,C-Biochar,CBZ,Synthetic,0.4990079365079365,0.6508764493983331,MLP,MLP_2
264,SI_ref_16,C-Biochar,IBU,Synthetic,0.7333333333333333,0.5446208160025229,MLP,MLP_2
266,SI_ref_16,C-Biochar,IBU,Synthetic,0.6121212121212122,0.6630560662459847,MLP,MLP_2
271,SI_ref_16,C-Biochar,IBU,Synthetic,0.6000000000000001,0.6630560662459847,MLP,MLP_2
277,SI_ref_16,C-Biochar,IBU,Synthetic,0.7844444444444444,0.6630560662459847,MLP,MLP_2
278,SI_ref_16,C-Biochar,IBU,Synthetic,0.8430555555555557,0.6630560662459847,MLP,MLP_2
279,SI_ref_16,C-Biochar,IBU,Synthetic,0.861111111111111,0.6630560662459847,MLP,MLP_2
296,SI_ref_19,CB,IBU,Ground water,0.9945207101387852,0.8302792991112414,MLP,MLP_2
303,SI_ref_19,CB,IBU,Lake water,0.9505925590656487,0.8955852482070655,MLP,MLP_2
314,SI_ref_19,CB,IBU,Ground water,0.917590560186213,0.9298640101402954,MLP,MLP_2
316,SI_ref_19,CB,IBU,Ground water,0.9236132062907854,0.909074539214754,MLP,MLP_2
320,SI_ref_19,CB,IBU,Ground water,0.9303445651202417,0.8302792991112414,MLP,MLP_2
328,SI_ref_19,CB,IBU,Ground water,0.9241489703794897,0.8691769428122605,MLP,MLP_2
340,SI_ref_14,GCRB,ALA,Synthetic,0.9700055250053173,0.8600348794268803,MLP,MLP_2
361,SI_ref_14,GCRB,DIU,Synthetic,0.9291396445453227,0.7747664349640807,MLP,MLP_2
363,SI_ref_14,GCRB,DIU,Synthetic,0.9527369648004039,0.8721283876112794,MLP,MLP_2
365,SI_ref_14,GCRB,DIU,Synthetic,0.9265327424413893,0.8721283876112794,MLP,MLP_2
367,SI_ref_14,GCRB,DIU,Synthetic,0.9238760352548926,0.8721283876112794,MLP,MLP_2
369,SI_ref_14,GCRB,DIU,Synthetic,0.9147016410628197,0.8985080692186557,MLP,MLP_2
374,SI_ref_14,GCRB,DIU,Synthetic,1.0082496176169822,0.8721283876112794,MLP,MLP_2
390,SI_ref_14,GCRB,SIM,Synthetic,0.9757367710073495,1.004488044238927,MLP,MLP_2
406,SI_ref_14,GCRB-N,ALA,Synthetic,0.4281694326598611,0.3674214016051026,MLP,MLP_2
446,SI_ref_14,GCRB-N,DIU,Synthetic,0.2075726875081201,0.22859768867658314,MLP,MLP_2
448,SI_ref_14,GCRB-N,DIU,Synthetic,0.1819381767074788,0.39185365302028097,MLP,MLP_2
450,SI_ref_14,GCRB-N,DIU,Synthetic,0.1736169508150928,0.4043834849681339,MLP,MLP_2
453,SI_ref_14,GCRB-N,DIU,Synthetic,0.1683505359330984,0.3919031819793414,MLP,MLP_2
456,SI_ref_14,GCRB-N,DIU,Synthetic,0.1402528461142079,0.3920021369385257,MLP,MLP_2
459,SI_ref_14,GCRB-N,DIU,Synthetic,0.6455190877003087,0.3920515630336959,MLP,MLP_2
460,SI_ref_14,GCRB-N,DIU,Synthetic,0.12138562309836234,0.3921009549357849,MLP,MLP_2
462,SI_ref_14,GCRB-N,DIU,Synthetic,0.16773925939532233,0.39215031269206946,MLP,MLP_2
465,SI_ref_14,GCRB-N,DIU,Synthetic,0.1405827183894587,0.39224892595584393,MLP,MLP_2
468,SI_ref_14,GCRB-N,DIU,Synthetic,0.6564705601884918,0.3922981815573988,MLP,MLP_2
469,SI_ref_14,GCRB-N,DIU,Synthetic,0.12617131727344172,0.392347155737918,MLP,MLP_2
471,SI_ref_14,GCRB-N,DIU,Synthetic,0.1676281074261493,0.3923953205853835,MLP,MLP_2
474,SI_ref_14,GCRB-N,DIU,Synthetic,0.14041778225183332,0.39249155084604337,MLP,MLP_2
477,SI_ref_14,GCRB-N,DIU,Synthetic,0.6413243626564091,0.3925396163503988,MLP,MLP_2
478,SI_ref_14,GCRB-N,DIU,Synthetic,0.12377847018590202,0.39258764883138897,MLP,MLP_2
490,SI_ref_14,GCRB-N,SIM,Synthetic,0.38105997172266487,0.5134177136997761,MLP,MLP_2
537,SI_ref_19,MCB,IBU,Ground water,0.9902068659306948,0.8775707839981933,MLP,MLP_2
546,SI_ref_19,MCB,IBU,Lake water,0.9468798357239083,0.9193388245700732,MLP,MLP_2
555,SI_ref_19,MCB,IBU,Ground water,0.910886274193223,0.8396178402736721,MLP,MLP_2
561,SI_ref_19,MCB,IBU,Ground water,0.9227697266379059,0.8617006321861714,MLP,MLP_2
565,SI_ref_19,MCB,IBU,Ground water,0.9254612605703445,0.8774430335626552,MLP,MLP_2
573,SI_ref_19,MCB,IBU,Ground water,0.9222883610163676,0.8908610111098548,MLP,MLP_2
577,SI_ref_19,MCB,IBU,Ground water,0.9896236049163454,0.8773580139703779,MLP,MLP_2
584,SI_ref_19,MCB,IBU,Lake water,0.9474280457633885,0.9192015077283168,MLP,MLP_2
593,SI_ref_19,MCB,IBU,Ground water,0.911624129649438,0.8397641466347175,MLP,MLP_2
595,SI_ref_19,MCB,IBU,Ground water,0.9248851497651674,0.8772307048147264,MLP,MLP_2
603,SI_ref_19,MCB,IBU,Ground water,0.920786534541565,0.89053446115028,MLP,MLP_2
607,SI_ref_19,MCB,IBU,Ground water,0.9861765121394982,0.8771459783935501,MLP,MLP_2
614,SI_ref_19,MCB,IBU,Lake water,0.9465039927474991,0.9190646645571862,MLP,MLP_2
623,SI_ref_19,MCB,IBU,Ground water,0.9103224686673798,0.8399099486639766,MLP,MLP_2
625,SI_ref_19,MCB,IBU,Ground water,0.9258221154816445,0.8770191074797101,MLP,MLP_2
633,SI_ref_19,MCB,IBU,Ground water,0.9216175906678238,0.890209035289175,MLP,MLP_2
653,SI_ref_18,NaOH-activated SCW biochars,DCF,Lake water,0.060393710525153486,0.5599106192217859,MLP,MLP_2
654,SI_ref_18,NaOH-activated SCW biochars,DCF,Secondary effluent,0.1736813951376961,0.5270589706490202,MLP,MLP_2
657,SI_ref_18,NaOH-activated SCW biochars,DCF,Lake water,0.4098052873550469,0.5401733582724405,MLP,MLP_2
666,SI_ref_18,NaOH-activated SCW biochars,DCF,Secondary effluent,0.6160844980694858,0.5270589706490202,MLP,MLP_2
668,SI_ref_18,NaOH-activated SCW biochars,DCF,Lake water,0.5638671837826676,0.5599106192217859,MLP,MLP_2
671,SI_ref_18,NaOH-activated SCW biochars,DCF,Lake water,0.5111881637893111,0.5599106192217859,MLP,MLP_2
680,SI_ref_18,NaOH-activated SCW biochars,DCF,Lake water,0.5451956691534918,0.5599106192217859,MLP,MLP_2
681,SI_ref_18,NaOH-activated SCW biochars,DCF,Lake water,0.5155236787057735,0.5599106192217859,MLP,MLP_2
684,SI_ref_18,NaOH-activated SCW biochars,DCF,Lake water,0.5054530420964745,0.5599106192217859,MLP,MLP_2
689,SI_ref_18,NaOH-activated SCW biochars,DCF,Secondary effluent,0.6862219778123194,0.4772399728735097,MLP,MLP_2
717,SI_ref_18,NaOH-activated SCW biochars,IBU,Secondary effluent,0.5431517029603264,0.5802550585986358,MLP,MLP_2
726,SI_ref_18,NaOH-activated SCW biochars,IBU,Lake water,0.6298354173553987,0.5580080609962611,MLP,MLP_2
732,SI_ref_18,NaOH-activated SCW biochars,IBU,Lake water,0.6159420233488258,0.5580080609962611,MLP,MLP_2
736,SI_ref_18,NaOH-activated SCW biochars,IBU,Lake water,0.6281995086504742,0.5580080609962611,MLP,MLP_2
750,SI_ref_18,NaOH-activated SCW biochars,IBU,Secondary effluent,0.811827151849907,0.7690893210985709,MLP,MLP_2
751,SI_ref_18,NaOH-activated SCW biochars,IBU,Lake water,0.6869669848084122,0.5580080609962611,MLP,MLP_2
754,SI_ref_18,NaOH-activated SCW biochars,IBU,Secondary effluent,0.7786423949758233,0.5424114691289234,MLP,MLP_2
757,SI_ref_18,NaOH-activated SCW biochars,NPX,Lake water,0.20620314882650506,0.44388743318426105,MLP,MLP_2
759,SI_ref_18,NaOH-activated SCW biochars,NPX,Lake water,0.23676500653660967,0.330532943500652,MLP,MLP_2
761,SI_ref_18,NaOH-activated SCW biochars,NPX,Lake water,0.21090148006849843,0.26729376954039863,MLP,MLP_2
763,SI_ref_18,NaOH-activated SCW biochars,NPX,Lake water,0.14381242837395034,0.20875695236007552,MLP,MLP_2
765,SI_ref_18,NaOH-activated SCW biochars,NPX,Lake water,0.049549349058709447,0.19938557830144643,MLP,MLP_2
767,SI_ref_18,NaOH-activated SCW biochars,NPX,Lake water,0.0742796412273446,0.21573983200057045,MLP,MLP_2
769,SI_ref_18,NaOH-activated SCW biochars,NPX,Lake water,0.041917196066405205,0.23049332074679552,MLP,MLP_2
773,SI_ref_18,NaOH-activated SCW biochars,NPX,Lake water,0.02383921541973232,0.259412921869956,MLP,MLP_2
776,SI_ref_18,NaOH-activated SCW biochars,NPX,Secondary effluent,0.048092629555703405,0.30620986927682947,MLP,MLP_2
779,SI_ref_18,NaOH-activated SCW biochars,NPX,Lake water,0.0651330447328621,0.259412921869956,MLP,MLP_2
781,SI_ref_18,NaOH-activated SCW biochars,NPX,Lake water,0.04234525136924403,0.259412921869956,MLP,MLP_2
788,SI_ref_18,NaOH-activated SCW biochars,NPX,Secondary effluent,0.09141898602740345,0.19450306150431296,MLP,MLP_2
798,SI_ref_18,NaOH-activated SCW biochars,NPX,Secondary effluent,0.15082313311850198,0.19450306150431296,MLP,MLP_2
800,SI_ref_18,NaOH-activated SCW biochars,NPX,Secondary effluent,0.24701864815812044,0.19450306150431296,MLP,MLP_2
871,SI_ref_13,PB600,CBZ,Synthetic,0.6953242835595775,0.48315686902742894,MLP,MLP_2
881,SI_ref_13,PB600,IBU,Synthetic,0.2096102913356035,0.6463669504503434,MLP,MLP_2
918,SI_ref_13,PB800,CBZ,Synthetic,0.30905619203491547,0.19858806558476316,MLP,MLP_2
928,SI_ref_13,PB800,IBU,Synthetic,0.23013048635824437,0.35166983695076837,MLP,MLP_2
954,SI_ref_15,PSB,CAR,Synthetic,0.9395494569882223,0.897837488156971,MLP,MLP_2
955,SI_ref_15,PSB,CAR,Synthetic,0.9231398092867221,0.897837488156971,MLP,MLP_2
957,SI_ref_15,PSB,CAR,Synthetic,0.9436310458092197,0.7263844575255186,MLP,MLP_2
964,SI_ref_15,PSB,CAR,Synthetic,0.9383522096618221,0.897837488156971,MLP,MLP_2
978,SI_ref_15,PSB,PYR,Synthetic,0.919631586959635,0.9213306966998637,MLP,MLP_2
985,SI_ref_15,PSB,PYR,Synthetic,0.9775942152304119,0.9213306966998637,MLP,MLP_2
994,SI_ref_15,PSB,TEB,Synthetic,0.9362126098667423,0.9183026171028515,MLP,MLP_2
1000,SI_ref_15,PSB,TEB,Synthetic,0.8714762044822667,0.9183026171028515,MLP,MLP_2
1015,SI_ref_15,PSBOX-A,CAR,Synthetic,0.03563496474916306,0.11051651359907144,MLP,MLP_2
1016,SI_ref_15,PSBOX-A,CAR,Synthetic,0.026325197069833068,0.11051651359907144,MLP,MLP_2
1018,SI_ref_15,PSBOX-A,CAR,Synthetic,0.034457194657534405,0.13662147684132497,MLP,MLP_2
1025,SI_ref_15,PSBOX-A,CAR,Synthetic,0.0497879777437964,0.11051651359907144,MLP,MLP_2
1040,SI_ref_15,PSBOX-A,PYR,Synthetic,0.5200236643843362,0.06289857664338372,MLP,MLP_2
1043,SI_ref_15,PSBOX-A,PYR,Synthetic,0.08786555053416333,0.20033621945088187,MLP,MLP_2
1050,SI_ref_15,PSBOX-A,PYR,Synthetic,0.48794917248977554,0.20033621945088187,MLP,MLP_2
1059,SI_ref_15,PSBOX-A,TEB,Synthetic,0.07277962857952934,0.1742430889287646,MLP,MLP_2
1061,SI_ref_15,PSBOX-A,TEB,Synthetic,0.5163778457532948,0.45444725637630734,MLP,MLP_2
1070,SI_ref_15,PSBOX-A,TEB,Synthetic,0.04527670142322688,0.1742430889287646,MLP,MLP_2
1101,SI_ref_17,Pristine SCG biochar,CBZ,Synthetic,0.9071468090110305,0.8886663085322978,MLP,MLP_2
1108,SI_ref_17,Pristine SCG biochar,CBZ,Synthetic,0.8967497590877974,0.9466511819931457,MLP,MLP_2
1113,SI_ref_17,Pristine SCG biochar,CBZ,Synthetic,0.9373850128799738,0.8886663085322978,MLP,MLP_2
1130,SI_ref_17,Pristine SCG biochar,EE2,Synthetic,0.817422791958414,0.8140205739864889,MLP,MLP_2
1137,SI_ref_17,Pristine SCG biochar,EE2,Synthetic,0.8257334628724249,0.8840938700767417,MLP,MLP_2
1139,SI_ref_17,Pristine SCG biochar,EE2,Synthetic,0.8269992896243368,0.8840938700767417,MLP,MLP_2
1141,SI_ref_17,Pristine SCG biochar,EE2,Synthetic,0.8244509213990222,0.8840938700767417,MLP,MLP_2
1142,SI_ref_17,Pristine SCG biochar,EE2,Synthetic,0.859538444436826,0.9699286475217682,MLP,MLP_2
1148,SI_ref_17,Pristine SCG biochar,EE2,Synthetic,0.823763814163292,0.9699286475217682,MLP,MLP_2
1157,SI_ref_17,Pristine SCG biochar,IBU,Synthetic,0.9060511140454979,0.9883235336794577,MLP,MLP_2
1159,SI_ref_17,Pristine SCG biochar,IBU,Synthetic,0.9004320791615827,0.8969771048666083,MLP,MLP_2
1161,SI_ref_17,Pristine SCG biochar,IBU,Synthetic,0.894961472244973,0.8188751067485623,MLP,MLP_2
1163,SI_ref_17,Pristine SCG biochar,IBU,Synthetic,0.8949151720794959,0.7992715187606313,MLP,MLP_2
1165,SI_ref_17,Pristine SCG biochar,IBU,Synthetic,0.892599829508416,0.8125447209205555,MLP,MLP_2
1167,SI_ref_17,Pristine SCG biochar,IBU,Synthetic,0.8914167516338777,0.8219685474917414,MLP,MLP_2
1169,SI_ref_17,Pristine SCG biochar,IBU,Synthetic,0.886841225533622,0.8313961608290249,MLP,MLP_2
1173,SI_ref_17,Pristine SCG biochar,IBU,Synthetic,0.9319085004678631,0.8433381459174555,MLP,MLP_2
1180,SI_ref_17,Pristine SCG biochar,IBU,Synthetic,0.9167234922708469,0.961803594524408,MLP,MLP_2
1187,SI_ref_17,Pristine SCG biochar,IBU,Synthetic,0.9448963419259283,0.8433381459174555,MLP,MLP_2
1189,SI_ref_17,Pristine SCG biochar,IBU,Synthetic,0.9210277046979152,0.8433381459174555,MLP,MLP_2
1191,SI_ref_17,Pristine SCG biochar,IBU,Synthetic,0.9513456586569363,0.8433381459174555,MLP,MLP_2
1212,SI_ref_18,Pristine SCW Biochar,DCF,Secondary effluent,0.8964391711737753,0.9916997586587545,MLP,MLP_2
1214,SI_ref_18,Pristine SCW Biochar,DCF,Lake water,0.9077130214504949,1.031016185807776,MLP,MLP_2
1223,SI_ref_18,Pristine SCW Biochar,DCF,Secondary effluent,0.916228597953408,0.9916997586587545,MLP,MLP_2
1225,SI_ref_18,Pristine SCW Biochar,DCF,Lake water,0.9209005359691885,0.9411738149199532,MLP,MLP_2
1228,SI_ref_18,Pristine SCW Biochar,DCF,Lake water,0.918118398017722,0.9411738149199532,MLP,MLP_2
1237,SI_ref_18,Pristine SCW Biochar,DCF,Lake water,0.9176779336906461,0.9411738149199532,MLP,MLP_2
1238,SI_ref_18,Pristine SCW Biochar,DCF,Lake water,0.9153943997055312,0.9411738149199532,MLP,MLP_2
1241,SI_ref_18,Pristine SCW Biochar,DCF,Lake water,0.9102639266700783,0.9411738149199532,MLP,MLP_2
1246,SI_ref_18,Pristine SCW Biochar,DCF,Secondary effluent,0.9052859627037971,0.9532277006899305,MLP,MLP_2
1270,SI_ref_18,Pristine SCW Biochar,IBU,Secondary effluent,0.8874692330465712,1.1476502440032088,MLP,MLP_2
1279,SI_ref_18,Pristine SCW Biochar,IBU,Lake water,0.9204127206373283,0.9598712416489387,MLP,MLP_2
1285,SI_ref_18,Pristine SCW Biochar,IBU,Lake water,0.9175495400890653,0.9598712416489387,MLP,MLP_2
1289,SI_ref_18,Pristine SCW Biochar,IBU,Lake water,0.91141920930323,0.9598712416489387,MLP,MLP_2
1303,SI_ref_18,Pristine SCW Biochar,IBU,Secondary effluent,0.9145392250293353,1.0908736543700686,MLP,MLP_2
1305,SI_ref_18,Pristine SCW Biochar,IBU,Secondary effluent,0.8992133437264335,1.0581750110006825,MLP,MLP_2
1308,SI_ref_18,Pristine SCW Biochar,NPX,Lake water,0.9299082628630408,0.9358666268783841,MLP,MLP_2
1310,SI_ref_18,Pristine SCW Biochar,NPX,Lake water,0.9179731197519893,0.8888439085130898,MLP,MLP_2
1312,SI_ref_18,Pristine SCW Biochar,NPX,Lake water,0.9157588621166984,0.8412633516306373,MLP,MLP_2
1314,SI_ref_18,Pristine SCW Biochar,NPX,Lake water,0.9211177808704595,0.7938023609608508,MLP,MLP_2
1316,SI_ref_18,Pristine SCW Biochar,NPX,Lake water,0.9261251958543161,0.7938383805211792,MLP,MLP_2
1318,SI_ref_18,Pristine SCW Biochar,NPX,Lake water,0.9179250714018231,0.8001180151760215,MLP,MLP_2
1320,SI_ref_18,Pristine SCW Biochar,NPX,Lake water,0.9238791357631378,0.8120894820993722,MLP,MLP_2
1325,SI_ref_18,Pristine SCW Biochar,NPX,Secondary effluent,0.8954095327862793,0.9077344447342165,MLP,MLP_2
1328,SI_ref_18,Pristine SCW Biochar,NPX,Lake water,0.9239571578457322,0.8218762480858931,MLP,MLP_2
1330,SI_ref_18,Pristine SCW Biochar,NPX,Lake water,0.9241969522882365,0.8218762480858931,MLP,MLP_2
1337,SI_ref_18,Pristine SCW Biochar,NPX,Secondary effluent,0.9109852392346297,0.7366181424894217,MLP,MLP_2
1346,SI_ref_18,Pristine SCW Biochar,NPX,Secondary effluent,0.9136165317560039,0.7366181424894217,MLP,MLP_2
1347,SI_ref_18,Pristine SCW Biochar,NPX,Secondary effluent,0.9038576927569927,0.7366181424894219,MLP,MLP_2
16,SI_ref_19,AMCB,IBU,Ground water,0.029204625724030753,0.4196781875873724,OLS,OLS_1
25,SI_ref_19,AMCB,IBU,Lake water,0.3473743729830984,0.44702570816127046,OLS,OLS_1
34,SI_ref_19,AMCB,IBU,Ground water,0.303030777614079,0.37644939158225266,OLS,OLS_1
36,SI_ref_19,AMCB,IBU,Ground water,0.41496556078686897,0.4196355351465889,OLS,OLS_1
44,SI_ref_19,AMCB,IBU,Ground water,0.5024496962602676,0.39802116176049607,OLS,OLS_1
48,SI_ref_19,AMCB,IBU,Ground water,0.03338351934448727,0.4196071493871998,OLS,OLS_1
55,SI_ref_19,AMCB,IBU,Lake water,0.34535416691700616,0.4469547191395971,OLS,OLS_1
64,SI_ref_19,AMCB,IBU,Ground water,0.3258728934993643,0.3763784516710347,OLS,OLS_1
66,SI_ref_19,AMCB,IBU,Ground water,0.4885549946229274,0.4195646442779236,OLS,OLS_1
74,SI_ref_19,AMCB,IBU,Ground water,0.5226317382792791,0.39795031986662155,OLS,OLS_1
78,SI_ref_19,AMCB,IBU,Ground water,0.025848755777109534,0.4195363564004946,OLS,OLS_1
85,SI_ref_19,AMCB,IBU,Lake water,0.32220691257344963,0.4468839749925794,OLS,OLS_1
94,SI_ref_19,AMCB,IBU,Ground water,0.3191737471997417,0.3763077562963626,OLS,OLS_1
96,SI_ref_19,AMCB,IBU,Ground water,0.45590621693388655,0.4194939976083941,OLS,OLS_1
106,SI_ref_19,AMCB,IBU,Ground water,0.3644459510905023,0.4238885218747565,OLS,OLS_1
112,SI_ref_19,AMCB,IBU,Ground water,0.5464029950150356,0.3978797218351706,OLS,OLS_1
140,SI_ref_17,Alkali-modified SCG biochars,CBZ,Synthetic,0.006132526431344026,0.16321110656944124,OLS,OLS_1
146,SI_ref_17,Alkali-modified SCG biochars,CBZ,Synthetic,0.6777397154224275,0.27907598583709303,OLS,OLS_1
151,SI_ref_17,Alkali-modified SCG biochars,CBZ,Synthetic,0.4516798693491866,0.16321110656944124,OLS,OLS_1
168,SI_ref_17,Alkali-modified SCG biochars,EE2,Synthetic,0.0796235147045166,0.2641633292620706,OLS,OLS_1
176,SI_ref_17,Alkali-modified SCG biochars,EE2,Synthetic,0.07754174693450858,0.3161809293412425,OLS,OLS_1
181,SI_ref_17,Alkali-modified SCG biochars,EE2,Synthetic,0.7086029202646077,0.3161809293412425,OLS,OLS_1
190,SI_ref_17,Alkali-modified SCG biochars,IBU,Synthetic,0.22674008618295227,0.33603905077553026,OLS,OLS_1
192,SI_ref_17,Alkali-modified SCG biochars,IBU,Synthetic,0.18762987622773672,0.3221569800009929,OLS,OLS_1
194,SI_ref_17,Alkali-modified SCG biochars,IBU,Synthetic,0.0964989432139522,0.2998512341785527,OLS,OLS_1
196,SI_ref_17,Alkali-modified SCG biochars,IBU,Synthetic,0.056403766337859394,0.28569241341622476,OLS,OLS_1
198,SI_ref_17,Alkali-modified SCG biochars,IBU,Synthetic,0.04365646649895644,0.2773957936465549,OLS,OLS_1
200,SI_ref_17,Alkali-modified SCG biochars,IBU,Synthetic,0.05275302685215311,0.2715052854711799,OLS,OLS_1
202,SI_ref_17,Alkali-modified SCG biochars,IBU,Synthetic,0.051463060103218494,0.2656124103192387,OLS,OLS_1
206,SI_ref_17,Alkali-modified SCG biochars,IBU,Synthetic,0.05901922048526246,0.2573039597627114,OLS,OLS_1
213,SI_ref_17,Alkali-modified SCG biochars,IBU,Synthetic,0.33928547446435453,0.37316883903036324,OLS,OLS_1
220,SI_ref_17,Alkali-modified SCG biochars,IBU,Synthetic,0.004839210099114782,0.2573039597627114,OLS,OLS_1
222,SI_ref_17,Alkali-modified SCG biochars,IBU,Synthetic,0.04374442489311713,0.2573039597627114,OLS,OLS_1
224,SI_ref_17,Alkali-modified SCG biochars,IBU,Synthetic,0.2945083196339574,0.2573039597627114,OLS,OLS_1
229,SI_ref_16,C-Biochar,ATE,Synthetic,0.8511111111111113,0.7367787836651897,OLS,OLS_1
231,SI_ref_16,C-Biochar,ATE,Synthetic,0.7400000000000001,0.8103965593397284,OLS,OLS_1
235,SI_ref_16,C-Biochar,ATE,Synthetic,0.8511111111111113,0.7887963837443616,OLS,OLS_1
238,SI_ref_16,C-Biochar,ATE,Synthetic,0.6733333333333335,0.7671962081489947,OLS,OLS_1
250,SI_ref_16,C-Biochar,CBZ,Synthetic,0.4840388007054674,0.5637185430117038,OLS,OLS_1
251,SI_ref_16,C-Biochar,CBZ,Synthetic,0.5325396825396824,0.5637185430117038,OLS,OLS_1
252,SI_ref_16,C-Biochar,CBZ,Synthetic,0.4258377425044091,0.5637185430117038,OLS,OLS_1
258,SI_ref_16,C-Biochar,CBZ,Synthetic,0.4990079365079365,0.5637185430117038,OLS,OLS_1
264,SI_ref_16,C-Biochar,IBU,Synthetic,0.7333333333333333,0.631802596165388,OLS,OLS_1
266,SI_ref_16,C-Biochar,IBU,Synthetic,0.6121212121212122,0.657811396204974,OLS,OLS_1
271,SI_ref_16,C-Biochar,IBU,Synthetic,0.6000000000000001,0.657811396204974,OLS,OLS_1
277,SI_ref_16,C-Biochar,IBU,Synthetic,0.7844444444444444,0.657811396204974,OLS,OLS_1
278,SI_ref_16,C-Biochar,IBU,Synthetic,0.8430555555555557,0.657811396204974,OLS,OLS_1
279,SI_ref_16,C-Biochar,IBU,Synthetic,0.861111111111111,0.657811396204974,OLS,OLS_1
296,SI_ref_19,CB,IBU,Ground water,0.9945207101387852,0.9207849119918106,OLS,OLS_1
303,SI_ref_19,CB,IBU,Lake water,0.9505925590656487,0.9481466599043886,OLS,OLS_1
314,SI_ref_19,CB,IBU,Ground water,0.917590560186213,0.8775845608010768,OLS,OLS_1
316,SI_ref_19,CB,IBU,Ground water,0.9236132062907854,0.9251935364360295,OLS,OLS_1
320,SI_ref_19,CB,IBU,Ground water,0.9303445651202417,0.9207849119918106,OLS,OLS_1
328,SI_ref_19,CB,IBU,Ground water,0.9241489703794897,0.8991847363964436,OLS,OLS_1
340,SI_ref_14,GCRB,ALA,Synthetic,0.9700055250053173,1.0047142894369212,OLS,OLS_1
361,SI_ref_14,GCRB,DIU,Synthetic,0.9291396445453227,0.8189073191677885,OLS,OLS_1
363,SI_ref_14,GCRB,DIU,Synthetic,0.9527369648004039,0.8709249192469604,OLS,OLS_1
365,SI_ref_14,GCRB,DIU,Synthetic,0.9265327424413893,0.8709249192469604,OLS,OLS_1
367,SI_ref_14,GCRB,DIU,Synthetic,0.9238760352548926,0.8709249192469604,OLS,OLS_1
369,SI_ref_14,GCRB,DIU,Synthetic,0.9147016410628197,0.8493247436515936,OLS,OLS_1
374,SI_ref_14,GCRB,DIU,Synthetic,1.0082496176169822,0.8709249192469604,OLS,OLS_1
390,SI_ref_14,GCRB,SIM,Synthetic,0.9757367710073495,1.0377516824320723,OLS,OLS_1
406,SI_ref_14,GCRB-N,ALA,Synthetic,0.4281694326598611,0.5107293097880519,OLS,OLS_1
446,SI_ref_14,GCRB-N,DIU,Synthetic,0.2075726875081201,0.3249223395189192,OLS,OLS_1
448,SI_ref_14,GCRB-N,DIU,Synthetic,0.1819381767074788,0.3769399395980911,OLS,OLS_1
450,SI_ref_14,GCRB-N,DIU,Synthetic,0.1736169508150928,0.35533976400272427,OLS,OLS_1
453,SI_ref_14,GCRB-N,DIU,Synthetic,0.1683505359330984,0.3769257122594111,OLS,OLS_1
456,SI_ref_14,GCRB-N,DIU,Synthetic,0.1402528461142079,0.3768972871573076,OLS,OLS_1
459,SI_ref_14,GCRB-N,DIU,Synthetic,0.6455190877003087,0.3768830893665816,OLS,OLS_1
460,SI_ref_14,GCRB-N,DIU,Synthetic,0.12138562309836234,0.37686890139791845,OLS,OLS_1
462,SI_ref_14,GCRB-N,DIU,Synthetic,0.16773925939532233,0.3768547232377377,OLS,OLS_1
465,SI_ref_14,GCRB-N,DIU,Synthetic,0.1405827183894587,0.37682639628864234,OLS,OLS_1
468,SI_ref_14,GCRB-N,DIU,Synthetic,0.6564705601884918,0.37681224747270714,OLS,OLS_1
469,SI_ref_14,GCRB-N,DIU,Synthetic,0.12617131727344172,0.37679810841121325,OLS,OLS_1
471,SI_ref_14,GCRB-N,DIU,Synthetic,0.1676281074261493,0.3767839790907201,OLS,OLS_1
474,SI_ref_14,GCRB-N,DIU,Synthetic,0.14041778225183332,0.37675574961911285,OLS,OLS_1
477,SI_ref_14,GCRB-N,DIU,Synthetic,0.6413243626564091,0.3767416494412562,OLS,OLS_1
478,SI_ref_14,GCRB-N,DIU,Synthetic,0.12377847018590202,0.37672755895091514,OLS,OLS_1
490,SI_ref_14,GCRB-N,SIM,Synthetic,0.38105997172266487,0.5437667027832029,OLS,OLS_1
537,SI_ref_19,MCB,IBU,Ground water,0.9902068659306948,0.8468724463418544,OLS,OLS_1
546,SI_ref_19,MCB,IBU,Lake water,0.9468798357239083,0.8742199669157524,OLS,OLS_1
555,SI_ref_19,MCB,IBU,Ground water,0.910886274193223,0.8036436503367347,OLS,OLS_1
561,SI_ref_19,MCB,IBU,Ground water,0.9227697266379059,0.85123841834529,OLS,OLS_1
565,SI_ref_19,MCB,IBU,Ground water,0.9254612605703445,0.8468297939010709,OLS,OLS_1
573,SI_ref_19,MCB,IBU,Ground water,0.9222883610163676,0.8252154205149781,OLS,OLS_1
577,SI_ref_19,MCB,IBU,Ground water,0.9896236049163454,0.8468014081416818,OLS,OLS_1
584,SI_ref_19,MCB,IBU,Lake water,0.9474280457633885,0.8741489778940792,OLS,OLS_1
593,SI_ref_19,MCB,IBU,Ground water,0.911624129649438,0.8035727104255167,OLS,OLS_1
595,SI_ref_19,MCB,IBU,Ground water,0.9248851497651674,0.8467589030324056,OLS,OLS_1
603,SI_ref_19,MCB,IBU,Ground water,0.920786534541565,0.8251445786211036,OLS,OLS_1
607,SI_ref_19,MCB,IBU,Ground water,0.9861765121394982,0.8467306151549765,OLS,OLS_1
614,SI_ref_19,MCB,IBU,Lake water,0.9465039927474991,0.8740782337470614,OLS,OLS_1
623,SI_ref_19,MCB,IBU,Ground water,0.9103224686673798,0.8035020150508445,OLS,OLS_1
625,SI_ref_19,MCB,IBU,Ground water,0.9258221154816445,0.8466882563628761,OLS,OLS_1
633,SI_ref_19,MCB,IBU,Ground water,0.9216175906678238,0.8250739805896526,OLS,OLS_1
653,SI_ref_18,NaOH-activated SCW biochars,DCF,Lake water,0.060393710525153486,0.4458963976154271,OLS,OLS_1
654,SI_ref_18,NaOH-activated SCW biochars,DCF,Secondary effluent,0.1736813951376961,0.45731213872189347,OLS,OLS_1
657,SI_ref_18,NaOH-activated SCW biochars,DCF,Lake water,0.4098052873550469,0.41988759757584115,OLS,OLS_1
666,SI_ref_18,NaOH-activated SCW biochars,DCF,Secondary effluent,0.6160844980694858,0.45731213872189347,OLS,OLS_1
668,SI_ref_18,NaOH-activated SCW biochars,DCF,Lake water,0.5638671837826676,0.4458963976154271,OLS,OLS_1
671,SI_ref_18,NaOH-activated SCW biochars,DCF,Lake water,0.5111881637893111,0.4458963976154271,OLS,OLS_1
680,SI_ref_18,NaOH-activated SCW biochars,DCF,Lake water,0.5451956691534918,0.4458963976154271,OLS,OLS_1
681,SI_ref_18,NaOH-activated SCW biochars,DCF,Lake water,0.5155236787057735,0.4458963976154271,OLS,OLS_1
684,SI_ref_18,NaOH-activated SCW biochars,DCF,Lake water,0.5054530420964745,0.4458963976154271,OLS,OLS_1
689,SI_ref_18,NaOH-activated SCW biochars,DCF,Secondary effluent,0.6862219778123194,0.4833209387614794,OLS,OLS_1
717,SI_ref_18,NaOH-activated SCW biochars,IBU,Secondary effluent,0.5431517029603264,0.4762485962467383,OLS,OLS_1
726,SI_ref_18,NaOH-activated SCW biochars,IBU,Lake water,0.6298354173553987,0.4908416551798579,OLS,OLS_1
732,SI_ref_18,NaOH-activated SCW biochars,IBU,Lake water,0.6159420233488258,0.4908416551798579,OLS,OLS_1
736,SI_ref_18,NaOH-activated SCW biochars,IBU,Lake water,0.6281995086504742,0.4908416551798579,OLS,OLS_1
750,SI_ref_18,NaOH-activated SCW biochars,IBU,Secondary effluent,0.811827151849907,0.5542749963654962,OLS,OLS_1
751,SI_ref_18,NaOH-activated SCW biochars,IBU,Lake water,0.6869669848084122,0.4908416551798579,OLS,OLS_1
754,SI_ref_18,NaOH-activated SCW biochars,IBU,Secondary effluent,0.7786423949758233,0.5022573962863243,OLS,OLS_1
757,SI_ref_18,NaOH-activated SCW biochars,NPX,Lake water,0.20620314882650506,0.30220366641587243,OLS,OLS_1
759,SI_ref_18,NaOH-activated SCW biochars,NPX,Lake water,0.23676500653660967,0.288321595641335,OLS,OLS_1
761,SI_ref_18,NaOH-activated SCW biochars,NPX,Lake water,0.21090148006849843,0.274274839496722,OLS,OLS_1
763,SI_ref_18,NaOH-activated SCW biochars,NPX,Lake water,0.14381242837395034,0.26014420875677197,OLS,OLS_1
765,SI_ref_18,NaOH-activated SCW biochars,NPX,Lake water,0.049549349058709447,0.24597124909541018,OLS,OLS_1
767,SI_ref_18,NaOH-activated SCW biochars,NPX,Lake water,0.0742796412273446,0.23766990111152203,OLS,OLS_1
769,SI_ref_18,NaOH-activated SCW biochars,NPX,Lake water,0.041917196066405205,0.23177702595958088,OLS,OLS_1
773,SI_ref_18,NaOH-activated SCW biochars,NPX,Lake water,0.02383921541973232,0.2234685754030536,OLS,OLS_1
776,SI_ref_18,NaOH-activated SCW biochars,NPX,Secondary effluent,0.048092629555703405,0.20887551646993402,OLS,OLS_1
779,SI_ref_18,NaOH-activated SCW biochars,NPX,Lake water,0.0651330447328621,0.2234685754030536,OLS,OLS_1
781,SI_ref_18,NaOH-activated SCW biochars,NPX,Lake water,0.04234525136924403,0.2234685754030536,OLS,OLS_1
788,SI_ref_18,NaOH-activated SCW biochars,NPX,Secondary effluent,0.09141898602740345,0.23488431650951996,OLS,OLS_1
798,SI_ref_18,NaOH-activated SCW biochars,NPX,Secondary effluent,0.15082313311850198,0.23488431650951996,OLS,OLS_1
800,SI_ref_18,NaOH-activated SCW biochars,NPX,Secondary effluent,0.24701864815812044,0.23488431650951996,OLS,OLS_1
871,SI_ref_13,PB600,CBZ,Synthetic,0.6953242835595775,0.5045304036895839,OLS,OLS_1
881,SI_ref_13,PB600,IBU,Synthetic,0.2096102913356035,0.6128245825913226,OLS,OLS_1
918,SI_ref_13,PB800,CBZ,Synthetic,0.30905619203491547,0.29558906953167013,OLS,OLS_1
928,SI_ref_13,PB800,IBU,Synthetic,0.23013048635824437,0.4038832484334088,OLS,OLS_1
954,SI_ref_15,PSB,CAR,Synthetic,0.9395494569882223,0.8503870098101896,OLS,OLS_1
955,SI_ref_15,PSB,CAR,Synthetic,0.9231398092867221,0.8503870098101896,OLS,OLS_1
957,SI_ref_15,PSB,CAR,Synthetic,0.9436310458092197,0.9024046098893614,OLS,OLS_1
964,SI_ref_15,PSB,CAR,Synthetic,0.9383522096618221,0.8503870098101896,OLS,OLS_1
978,SI_ref_15,PSB,PYR,Synthetic,0.919631586959635,0.913589876231179,OLS,OLS_1
985,SI_ref_15,PSB,PYR,Synthetic,0.9775942152304119,0.913589876231179,OLS,OLS_1
994,SI_ref_15,PSB,TEB,Synthetic,0.9362126098667423,0.9033459157518996,OLS,OLS_1
1000,SI_ref_15,PSB,TEB,Synthetic,0.8714762044822667,0.9033459157518996,OLS,OLS_1
1015,SI_ref_15,PSBOX-A,CAR,Synthetic,0.03563496474916306,0.19765148347593242,OLS,OLS_1
1016,SI_ref_15,PSBOX-A,CAR,Synthetic,0.026325197069833068,0.19765148347593242,OLS,OLS_1
1018,SI_ref_15,PSBOX-A,CAR,Synthetic,0.034457194657534405,0.2496690835551043,OLS,OLS_1
1025,SI_ref_15,PSBOX-A,CAR,Synthetic,0.0497879777437964,0.19765148347593242,OLS,OLS_1
1040,SI_ref_15,PSBOX-A,PYR,Synthetic,0.5200236643843362,0.23925417430155507,OLS,OLS_1
1043,SI_ref_15,PSBOX-A,PYR,Synthetic,0.08786555053416333,0.2608543498969219,OLS,OLS_1
1050,SI_ref_15,PSBOX-A,PYR,Synthetic,0.48794917248977554,0.2608543498969219,OLS,OLS_1
1059,SI_ref_15,PSBOX-A,TEB,Synthetic,0.07277962857952934,0.2506103894176424,OLS,OLS_1
1061,SI_ref_15,PSBOX-A,TEB,Synthetic,0.5163778457532948,0.2722105650130093,OLS,OLS_1
1070,SI_ref_15,PSBOX-A,TEB,Synthetic,0.04527670142322688,0.2506103894176424,OLS,OLS_1
1101,SI_ref_17,Pristine SCG biochar,CBZ,Synthetic,0.9071468090110305,0.7474800203918698,OLS,OLS_1
1108,SI_ref_17,Pristine SCG biochar,CBZ,Synthetic,0.8967497590877974,0.8633448996595214,OLS,OLS_1
1113,SI_ref_17,Pristine SCG biochar,CBZ,Synthetic,0.9373850128799738,0.7474800203918698,OLS,OLS_1
1130,SI_ref_17,Pristine SCG biochar,EE2,Synthetic,0.817422791958414,0.8484322430844992,OLS,OLS_1
1137,SI_ref_17,Pristine SCG biochar,EE2,Synthetic,0.8257334628724249,0.7845849638960192,OLS,OLS_1
1139,SI_ref_17,Pristine SCG biochar,EE2,Synthetic,0.8269992896243368,0.7845849638960192,OLS,OLS_1
1141,SI_ref_17,Pristine SCG biochar,EE2,Synthetic,0.8244509213990222,0.7845849638960192,OLS,OLS_1
1142,SI_ref_17,Pristine SCG biochar,EE2,Synthetic,0.859538444436826,0.900449843163671,OLS,OLS_1
1148,SI_ref_17,Pristine SCG biochar,EE2,Synthetic,0.823763814163292,0.900449843163671,OLS,OLS_1
1157,SI_ref_17,Pristine SCG biochar,IBU,Synthetic,0.9060511140454979,0.9203079645979588,OLS,OLS_1
1159,SI_ref_17,Pristine SCG biochar,IBU,Synthetic,0.9004320791615827,0.9064258938234213,OLS,OLS_1
1161,SI_ref_17,Pristine SCG biochar,IBU,Synthetic,0.894961472244973,0.8841201480009813,OLS,OLS_1
1163,SI_ref_17,Pristine SCG biochar,IBU,Synthetic,0.8949151720794959,0.8699613272386533,OLS,OLS_1
1165,SI_ref_17,Pristine SCG biochar,IBU,Synthetic,0.892599829508416,0.8616647074689834,OLS,OLS_1
1167,SI_ref_17,Pristine SCG biochar,IBU,Synthetic,0.8914167516338777,0.8557741992936084,OLS,OLS_1
1169,SI_ref_17,Pristine SCG biochar,IBU,Synthetic,0.886841225533622,0.8498813241416672,OLS,OLS_1
1173,SI_ref_17,Pristine SCG biochar,IBU,Synthetic,0.9319085004678631,0.84157287358514,OLS,OLS_1
1180,SI_ref_17,Pristine SCG biochar,IBU,Synthetic,0.9167234922708469,0.9574377528527916,OLS,OLS_1
1187,SI_ref_17,Pristine SCG biochar,IBU,Synthetic,0.9448963419259283,0.84157287358514,OLS,OLS_1
1189,SI_ref_17,Pristine SCG biochar,IBU,Synthetic,0.9210277046979152,0.84157287358514,OLS,OLS_1
1191,SI_ref_17,Pristine SCG biochar,IBU,Synthetic,0.9513456586569363,0.84157287358514,OLS,OLS_1
1212,SI_ref_18,Pristine SCW Biochar,DCF,Secondary effluent,0.8964391711737753,1.0171105909202365,OLS,OLS_1
1214,SI_ref_18,Pristine SCW Biochar,DCF,Lake water,0.9077130214504949,0.9796860497741842,OLS,OLS_1
1223,SI_ref_18,Pristine SCW Biochar,DCF,Secondary effluent,0.916228597953408,1.0171105909202365,OLS,OLS_1
1225,SI_ref_18,Pristine SCW Biochar,DCF,Lake water,0.9209005359691885,1.00569484981377,OLS,OLS_1
1228,SI_ref_18,Pristine SCW Biochar,DCF,Lake water,0.918118398017722,1.00569484981377,OLS,OLS_1
1237,SI_ref_18,Pristine SCW Biochar,DCF,Lake water,0.9176779336906461,1.00569484981377,OLS,OLS_1
1238,SI_ref_18,Pristine SCW Biochar,DCF,Lake water,0.9153943997055312,1.00569484981377,OLS,OLS_1
1241,SI_ref_18,Pristine SCW Biochar,DCF,Lake water,0.9102639266700783,1.00569484981377,OLS,OLS_1
1246,SI_ref_18,Pristine SCW Biochar,DCF,Secondary effluent,0.9052859627037971,1.0431193909598224,OLS,OLS_1
1270,SI_ref_18,Pristine SCW Biochar,IBU,Secondary effluent,0.8874692330465712,1.0360470484450814,OLS,OLS_1
1279,SI_ref_18,Pristine SCW Biochar,IBU,Lake water,0.9204127206373283,1.050640107378201,OLS,OLS_1
1285,SI_ref_18,Pristine SCW Biochar,IBU,Lake water,0.9175495400890653,1.050640107378201,OLS,OLS_1
1289,SI_ref_18,Pristine SCW Biochar,IBU,Lake water,0.91141920930323,1.050640107378201,OLS,OLS_1
1303,SI_ref_18,Pristine SCW Biochar,IBU,Secondary effluent,0.9145392250293353,1.1140734485638393,OLS,OLS_1
1305,SI_ref_18,Pristine SCW Biochar,IBU,Secondary effluent,0.8992133437264335,1.0620558484846674,OLS,OLS_1
1308,SI_ref_18,Pristine SCW Biochar,NPX,Lake water,0.9299082628630408,0.8620021186142155,OLS,OLS_1
1310,SI_ref_18,Pristine SCW Biochar,NPX,Lake water,0.9179731197519893,0.8481200478396781,OLS,OLS_1
1312,SI_ref_18,Pristine SCW Biochar,NPX,Lake water,0.9157588621166984,0.834073291695065,OLS,OLS_1
1314,SI_ref_18,Pristine SCW Biochar,NPX,Lake water,0.9211177808704595,0.819942660955115,OLS,OLS_1
1316,SI_ref_18,Pristine SCW Biochar,NPX,Lake water,0.9261251958543161,0.8057697012937532,OLS,OLS_1
1318,SI_ref_18,Pristine SCW Biochar,NPX,Lake water,0.9179250714018231,0.7974683533098651,OLS,OLS_1
1320,SI_ref_18,Pristine SCW Biochar,NPX,Lake water,0.9238791357631378,0.7915754781579238,OLS,OLS_1
1325,SI_ref_18,Pristine SCW Biochar,NPX,Secondary effluent,0.8954095327862793,0.7686739686682771,OLS,OLS_1
1328,SI_ref_18,Pristine SCW Biochar,NPX,Lake water,0.9239571578457322,0.7832670276013967,OLS,OLS_1
1330,SI_ref_18,Pristine SCW Biochar,NPX,Lake water,0.9241969522882365,0.7832670276013967,OLS,OLS_1
1337,SI_ref_18,Pristine SCW Biochar,NPX,Secondary effluent,0.9109852392346297,0.794682768707863,OLS,OLS_1
1346,SI_ref_18,Pristine SCW Biochar,NPX,Secondary effluent,0.9136165317560039,0.794682768707863,OLS,OLS_1
1347,SI_ref_18,Pristine SCW Biochar,NPX,Secondary effluent,0.9038576927569927,0.794682768707863,OLS,OLS_1
16,SI_ref_19,AMCB,IBU,Ground water,0.029204625724030753,0.447922113011783,PCR,PCR_2
25,SI_ref_19,AMCB,IBU,Lake water,0.3473743729830984,0.47420161329342386,PCR,PCR_2
34,SI_ref_19,AMCB,IBU,Ground water,0.303030777614079,0.40610358941839936,PCR,PCR_2
36,SI_ref_19,AMCB,IBU,Ground water,0.41496556078686897,0.4478674804965142,PCR,PCR_2
44,SI_ref_19,AMCB,IBU,Ground water,0.5024496962602676,0.42695825023048,PCR,PCR_2
48,SI_ref_19,AMCB,IBU,Ground water,0.03338351934448727,0.44783112184025087,PCR,PCR_2
55,SI_ref_19,AMCB,IBU,Lake water,0.34535416691700616,0.47411068511348275,PCR,PCR_2
64,SI_ref_19,AMCB,IBU,Ground water,0.3258728934993643,0.4060127241428937,PCR,PCR_2
66,SI_ref_19,AMCB,IBU,Ground water,0.4885549946229274,0.44777667803846877,PCR,PCR_2
74,SI_ref_19,AMCB,IBU,Ground water,0.5226317382792791,0.4268675105031004,PCR,PCR_2
78,SI_ref_19,AMCB,IBU,Ground water,0.025848755777109534,0.447740444756922,PCR,PCR_2
85,SI_ref_19,AMCB,IBU,Lake water,0.32220691257344963,0.4740200705877693,PCR,PCR_2
94,SI_ref_19,AMCB,IBU,Ground water,0.3191737471997417,0.4059221720885383,PCR,PCR_2
96,SI_ref_19,AMCB,IBU,Ground water,0.45590621693388655,0.44768618836939317,PCR,PCR_2
106,SI_ref_19,AMCB,IBU,Ground water,0.3644459510905023,0.44582114287134916,PCR,PCR_2
112,SI_ref_19,AMCB,IBU,Ground water,0.5464029950150356,0.4267770831334038,PCR,PCR_2
140,SI_ref_17,Alkali-modified SCG biochars,CBZ,Synthetic,0.006132526431344026,0.32786601836449836,PCR,PCR_2
146,SI_ref_17,Alkali-modified SCG biochars,CBZ,Synthetic,0.6777397154224275,0.26489483394976066,PCR,PCR_2
151,SI_ref_17,Alkali-modified SCG biochars,CBZ,Synthetic,0.4516798693491866,0.32786601836449836,PCR,PCR_2
168,SI_ref_17,Alkali-modified SCG biochars,EE2,Synthetic,0.0796235147045166,0.2562152379500764,PCR,PCR_2
176,SI_ref_17,Alkali-modified SCG biochars,EE2,Synthetic,0.07754174693450858,0.29430335742596747,PCR,PCR_2
181,SI_ref_17,Alkali-modified SCG biochars,EE2,Synthetic,0.7086029202646077,0.29430335742596747,PCR,PCR_2
190,SI_ref_17,Alkali-modified SCG biochars,IBU,Synthetic,0.22674008618295227,0.47969062158396675,PCR,PCR_2
192,SI_ref_17,Alkali-modified SCG biochars,IBU,Synthetic,0.18762987622773672,0.46190940133908787,PCR,PCR_2
194,SI_ref_17,Alkali-modified SCG biochars,IBU,Synthetic,0.0964989432139522,0.4333384924569209,PCR,PCR_2
196,SI_ref_17,Alkali-modified SCG biochars,IBU,Synthetic,0.056403766337859394,0.4152027896160665,PCR,PCR_2
198,SI_ref_17,Alkali-modified SCG biochars,IBU,Synthetic,0.04365646649895644,0.40457584311734196,PCR,PCR_2
200,SI_ref_17,Alkali-modified SCG biochars,IBU,Synthetic,0.05275302685215311,0.39703082876597307,PCR,PCR_2
202,SI_ref_17,Alkali-modified SCG biochars,IBU,Synthetic,0.051463060103218494,0.3894827826096001,PCR,PCR_2
206,SI_ref_17,Alkali-modified SCG biochars,IBU,Synthetic,0.05901922048526246,0.3788406823322931,PCR,PCR_2
213,SI_ref_17,Alkali-modified SCG biochars,IBU,Synthetic,0.33928547446435453,0.3158694979175555,PCR,PCR_2
220,SI_ref_17,Alkali-modified SCG biochars,IBU,Synthetic,0.004839210099114782,0.3788406823322931,PCR,PCR_2
222,SI_ref_17,Alkali-modified SCG biochars,IBU,Synthetic,0.04374442489311713,0.3788406823322931,PCR,PCR_2
224,SI_ref_17,Alkali-modified SCG biochars,IBU,Synthetic,0.2945083196339574,0.3788406823322931,PCR,PCR_2
229,SI_ref_16,C-Biochar,ATE,Synthetic,0.8511111111111113,0.6285215549267116,PCR,PCR_2
231,SI_ref_16,C-Biochar,ATE,Synthetic,0.7400000000000001,0.6875007190500795,PCR,PCR_2
235,SI_ref_16,C-Biochar,ATE,Synthetic,0.8511111111111113,0.6666096744026027,PCR,PCR_2
238,SI_ref_16,C-Biochar,ATE,Synthetic,0.6733333333333335,0.6457186297551256,PCR,PCR_2
250,SI_ref_16,C-Biochar,CBZ,Synthetic,0.4840388007054674,0.6196826378167849,PCR,PCR_2
251,SI_ref_16,C-Biochar,CBZ,Synthetic,0.5325396825396824,0.6196826378167849,PCR,PCR_2
252,SI_ref_16,C-Biochar,CBZ,Synthetic,0.4258377425044091,0.6196826378167849,PCR,PCR_2
258,SI_ref_16,C-Biochar,CBZ,Synthetic,0.4990079365079365,0.6196826378167849,PCR,PCR_2
264,SI_ref_16,C-Biochar,IBU,Synthetic,0.7333333333333333,0.6516132420466343,PCR,PCR_2
266,SI_ref_16,C-Biochar,IBU,Synthetic,0.6121212121212122,0.6706573017845799,PCR,PCR_2
271,SI_ref_16,C-Biochar,IBU,Synthetic,0.6000000000000001,0.6706573017845799,PCR,PCR_2
277,SI_ref_16,C-Biochar,IBU,Synthetic,0.7844444444444444,0.6706573017845799,PCR,PCR_2
278,SI_ref_16,C-Biochar,IBU,Synthetic,0.8430555555555557,0.6706573017845799,PCR,PCR_2
279,SI_ref_16,C-Biochar,IBU,Synthetic,0.861111111111111,0.6706573017845799,PCR,PCR_2
296,SI_ref_19,CB,IBU,Ground water,0.9945207101387852,0.9467226223390088,PCR,PCR_2
303,SI_ref_19,CB,IBU,Lake water,0.9505925590656487,0.9730203460864911,PCR,PCR_2
314,SI_ref_19,CB,IBU,Ground water,0.917590560186213,0.904940533044055,PCR,PCR_2
316,SI_ref_19,CB,IBU,Ground water,0.9236132062907854,0.9448756374294773,PCR,PCR_2
320,SI_ref_19,CB,IBU,Ground water,0.9303445651202417,0.9467226223390088,PCR,PCR_2
328,SI_ref_19,CB,IBU,Ground water,0.9241489703794897,0.9258315776915319,PCR,PCR_2
340,SI_ref_14,GCRB,ALA,Synthetic,0.9700055250053173,0.9714361158633409,PCR,PCR_2
361,SI_ref_14,GCRB,DIU,Synthetic,0.9291396445453227,0.9107452847637553,PCR,PCR_2
363,SI_ref_14,GCRB,DIU,Synthetic,0.9527369648004039,0.9488334042396462,PCR,PCR_2
365,SI_ref_14,GCRB,DIU,Synthetic,0.9265327424413893,0.9488334042396462,PCR,PCR_2
367,SI_ref_14,GCRB,DIU,Synthetic,0.9238760352548926,0.9488334042396462,PCR,PCR_2
369,SI_ref_14,GCRB,DIU,Synthetic,0.9147016410628197,0.9279423595921693,PCR,PCR_2
374,SI_ref_14,GCRB,DIU,Synthetic,1.0082496176169822,0.9488334042396462,PCR,PCR_2
390,SI_ref_14,GCRB,SIM,Synthetic,0.9757367710073495,0.9297781972890984,PCR,PCR_2
406,SI_ref_14,GCRB-N,ALA,Synthetic,0.4281694326598611,0.5291107639484653,PCR,PCR_2
446,SI_ref_14,GCRB-N,DIU,Synthetic,0.2075726875081201,0.46841993284887967,PCR,PCR_2
448,SI_ref_14,GCRB-N,DIU,Synthetic,0.1819381767074788,0.5065080523247707,PCR,PCR_2
450,SI_ref_14,GCRB-N,DIU,Synthetic,0.1736169508150928,0.48561700767729377,PCR,PCR_2
453,SI_ref_14,GCRB-N,DIU,Synthetic,0.1683505359330984,0.5064898288589293,PCR,PCR_2
456,SI_ref_14,GCRB-N,DIU,Synthetic,0.1402528461142079,0.5064534198095019,PCR,PCR_2
459,SI_ref_14,GCRB-N,DIU,Synthetic,0.6455190877003087,0.5064352341909447,PCR,PCR_2
460,SI_ref_14,GCRB-N,DIU,Synthetic,0.12138562309836234,0.5064170611532385,PCR,PCR_2
462,SI_ref_14,GCRB-N,DIU,Synthetic,0.16773925939532233,0.5063989006789882,PCR,PCR_2
465,SI_ref_14,GCRB-N,DIU,Synthetic,0.1405827183894587,0.5063626173514565,PCR,PCR_2
468,SI_ref_14,GCRB-N,DIU,Synthetic,0.6564705601884918,0.506344494463565,PCR,PCR_2
469,SI_ref_14,GCRB-N,DIU,Synthetic,0.12617131727344172,0.5063263840699096,PCR,PCR_2
471,SI_ref_14,GCRB-N,DIU,Synthetic,0.1676281074261493,0.5063082861532747,PCR,PCR_2
474,SI_ref_14,GCRB-N,DIU,Synthetic,0.14041778225183332,0.506272127682381,PCR,PCR_2
477,SI_ref_14,GCRB-N,DIU,Synthetic,0.6413243626564091,0.5062540670938683,PCR,PCR_2
478,SI_ref_14,GCRB-N,DIU,Synthetic,0.12377847018590202,0.5062360189138684,PCR,PCR_2
490,SI_ref_14,GCRB-N,SIM,Synthetic,0.38105997172266487,0.4874528453742229,PCR,PCR_2
537,SI_ref_19,MCB,IBU,Ground water,0.9902068659306948,0.8374503082917539,PCR,PCR_2
546,SI_ref_19,MCB,IBU,Lake water,0.9468798357239083,0.8637298085733948,PCR,PCR_2
555,SI_ref_19,MCB,IBU,Ground water,0.910886274193223,0.7956317846983703,PCR,PCR_2
561,SI_ref_19,MCB,IBU,Ground water,0.9227697266379059,0.8355486908669536,PCR,PCR_2
565,SI_ref_19,MCB,IBU,Ground water,0.9254612605703445,0.8373956757764852,PCR,PCR_2
573,SI_ref_19,MCB,IBU,Ground water,0.9222883610163676,0.8164864455104509,PCR,PCR_2
577,SI_ref_19,MCB,IBU,Ground water,0.9896236049163454,0.8373593171202216,PCR,PCR_2
584,SI_ref_19,MCB,IBU,Lake water,0.9474280457633885,0.8636388803934536,PCR,PCR_2
593,SI_ref_19,MCB,IBU,Ground water,0.911624129649438,0.7955409194228644,PCR,PCR_2
595,SI_ref_19,MCB,IBU,Ground water,0.9248851497651674,0.8373048733184396,PCR,PCR_2
603,SI_ref_19,MCB,IBU,Ground water,0.920786534541565,0.8163957057830713,PCR,PCR_2
607,SI_ref_19,MCB,IBU,Ground water,0.9861765121394982,0.8372686400368929,PCR,PCR_2
614,SI_ref_19,MCB,IBU,Lake water,0.9465039927474991,0.8635482658677399,PCR,PCR_2
623,SI_ref_19,MCB,IBU,Ground water,0.9103224686673798,0.7954503673685093,PCR,PCR_2
625,SI_ref_19,MCB,IBU,Ground water,0.9258221154816445,0.8372143836493642,PCR,PCR_2
633,SI_ref_19,MCB,IBU,Ground water,0.9216175906678238,0.8163052784133745,PCR,PCR_2
653,SI_ref_18,NaOH-activated SCW biochars,DCF,Lake water,0.060393710525153486,0.42220704901584283,PCR,PCR_2
654,SI_ref_18,NaOH-activated SCW biochars,DCF,Secondary effluent,0.1736813951376961,0.39505700311179864,PCR,PCR_2
657,SI_ref_18,NaOH-activated SCW biochars,DCF,Lake water,0.4098052873550469,0.4031629892778973,PCR,PCR_2
666,SI_ref_18,NaOH-activated SCW biochars,DCF,Secondary effluent,0.6160844980694858,0.39505700311179864,PCR,PCR_2
668,SI_ref_18,NaOH-activated SCW biochars,DCF,Lake water,0.5638671837826676,0.42220704901584283,PCR,PCR_2
671,SI_ref_18,NaOH-activated SCW biochars,DCF,Lake water,0.5111881637893111,0.42220704901584283,PCR,PCR_2
680,SI_ref_18,NaOH-activated SCW biochars,DCF,Lake water,0.5451956691534918,0.42220704901584283,PCR,PCR_2
681,SI_ref_18,NaOH-activated SCW biochars,DCF,Lake water,0.5155236787057735,0.42220704901584283,PCR,PCR_2
684,SI_ref_18,NaOH-activated SCW biochars,DCF,Lake water,0.5054530420964745,0.42220704901584283,PCR,PCR_2
689,SI_ref_18,NaOH-activated SCW biochars,DCF,Secondary effluent,0.6862219778123194,0.41410106284974413,PCR,PCR_2
717,SI_ref_18,NaOH-activated SCW biochars,IBU,Secondary effluent,0.5431517029603264,0.3737511663391785,PCR,PCR_2
726,SI_ref_18,NaOH-activated SCW biochars,IBU,Lake water,0.6298354173553987,0.4199452719811681,PCR,PCR_2
732,SI_ref_18,NaOH-activated SCW biochars,IBU,Lake water,0.6159420233488258,0.4199452719811681,PCR,PCR_2
736,SI_ref_18,NaOH-activated SCW biochars,IBU,Lake water,0.6281995086504742,0.4199452719811681,PCR,PCR_2
750,SI_ref_18,NaOH-activated SCW biochars,IBU,Secondary effluent,0.811827151849907,0.4308833455530149,PCR,PCR_2
751,SI_ref_18,NaOH-activated SCW biochars,IBU,Lake water,0.6869669848084122,0.4199452719811681,PCR,PCR_2
754,SI_ref_18,NaOH-activated SCW biochars,IBU,Secondary effluent,0.7786423949758233,0.39279522607712386,PCR,PCR_2
757,SI_ref_18,NaOH-activated SCW biochars,NPX,Lake water,0.20620314882650506,0.5151510676872406,PCR,PCR_2
759,SI_ref_18,NaOH-activated SCW biochars,NPX,Lake water,0.23676500653660967,0.49736984744236157,PCR,PCR_2
761,SI_ref_18,NaOH-activated SCW biochars,NPX,Lake water,0.21090148006849843,0.47937768555311366,PCR,PCR_2
763,SI_ref_18,NaOH-activated SCW biochars,NPX,Lake water,0.14381242837395034,0.4612780906535565,PCR,PCR_2
765,SI_ref_18,NaOH-activated SCW biochars,NPX,Lake water,0.049549349058709447,0.44312427762713813,PCR,PCR_2
767,SI_ref_18,NaOH-activated SCW biochars,NPX,Lake water,0.0742796412273446,0.43249127486924677,PCR,PCR_2
769,SI_ref_18,NaOH-activated SCW biochars,NPX,Lake water,0.041917196066405205,0.42494322871287393,PCR,PCR_2
773,SI_ref_18,NaOH-activated SCW biochars,NPX,Lake water,0.02383921541973232,0.41430112843556693,PCR,PCR_2
776,SI_ref_18,NaOH-activated SCW biochars,NPX,Secondary effluent,0.048092629555703405,0.3681070227935775,PCR,PCR_2
779,SI_ref_18,NaOH-activated SCW biochars,NPX,Lake water,0.0651330447328621,0.41430112843556693,PCR,PCR_2
781,SI_ref_18,NaOH-activated SCW biochars,NPX,Lake water,0.04234525136924403,0.41430112843556693,PCR,PCR_2
788,SI_ref_18,NaOH-activated SCW biochars,NPX,Secondary effluent,0.09141898602740345,0.3871510825315228,PCR,PCR_2
798,SI_ref_18,NaOH-activated SCW biochars,NPX,Secondary effluent,0.15082313311850198,0.3871510825315228,PCR,PCR_2
800,SI_ref_18,NaOH-activated SCW biochars,NPX,Secondary effluent,0.24701864815812044,0.3871510825315228,PCR,PCR_2
871,SI_ref_13,PB600,CBZ,Synthetic,0.6953242835595775,0.5785434889618384,PCR,PCR_2
881,SI_ref_13,PB600,IBU,Synthetic,0.2096102913356035,0.647708299363313,PCR,PCR_2
918,SI_ref_13,PB800,CBZ,Synthetic,0.30905619203491547,0.22049960066014657,PCR,PCR_2
928,SI_ref_13,PB800,IBU,Synthetic,0.23013048635824437,0.289664411061621,PCR,PCR_2
954,SI_ref_15,PSB,CAR,Synthetic,0.9395494569882223,0.7735471866321082,PCR,PCR_2
955,SI_ref_15,PSB,CAR,Synthetic,0.9231398092867221,0.7735471866321082,PCR,PCR_2
957,SI_ref_15,PSB,CAR,Synthetic,0.9436310458092197,0.8116353061079993,PCR,PCR_2
964,SI_ref_15,PSB,CAR,Synthetic,0.9383522096618221,0.7735471866321082,PCR,PCR_2
978,SI_ref_15,PSB,PYR,Synthetic,0.919631586959635,0.7735430506442215,PCR,PCR_2
985,SI_ref_15,PSB,PYR,Synthetic,0.9775942152304119,0.7735430506442215,PCR,PCR_2
994,SI_ref_15,PSB,TEB,Synthetic,0.9362126098667423,0.7732939600423481,PCR,PCR_2
1000,SI_ref_15,PSB,TEB,Synthetic,0.8714762044822667,0.7732939600423481,PCR,PCR_2
1015,SI_ref_15,PSBOX-A,CAR,Synthetic,0.03563496474916306,0.20632391378959247,PCR,PCR_2
1016,SI_ref_15,PSBOX-A,CAR,Synthetic,0.026325197069833068,0.20632391378959247,PCR,PCR_2
1018,SI_ref_15,PSBOX-A,CAR,Synthetic,0.034457194657534405,0.24441203326548352,PCR,PCR_2
1025,SI_ref_15,PSBOX-A,CAR,Synthetic,0.0497879777437964,0.20632391378959247,PCR,PCR_2
1040,SI_ref_15,PSBOX-A,PYR,Synthetic,0.5200236643843362,0.1854287331542289,PCR,PCR_2
1043,SI_ref_15,PSBOX-A,PYR,Synthetic,0.08786555053416333,0.20631977780170577,PCR,PCR_2
1050,SI_ref_15,PSBOX-A,PYR,Synthetic,0.48794917248977554,0.20631977780170577,PCR,PCR_2
1059,SI_ref_15,PSBOX-A,TEB,Synthetic,0.07277962857952934,0.20607068719983246,PCR,PCR_2
1061,SI_ref_15,PSBOX-A,TEB,Synthetic,0.5163778457532948,0.22696173184730936,PCR,PCR_2
1070,SI_ref_15,PSBOX-A,TEB,Synthetic,0.04527670142322688,0.20607068719983246,PCR,PCR_2
1101,SI_ref_17,Pristine SCG biochar,CBZ,Synthetic,0.9071468090110305,0.8508444331616125,PCR,PCR_2
1108,SI_ref_17,Pristine SCG biochar,CBZ,Synthetic,0.8967497590877974,0.7878732487468747,PCR,PCR_2
1113,SI_ref_17,Pristine SCG biochar,CBZ,Synthetic,0.9373850128799738,0.8508444331616125,PCR,PCR_2
1130,SI_ref_17,Pristine SCG biochar,EE2,Synthetic,0.817422791958414,0.7791936527471905,PCR,PCR_2
1137,SI_ref_17,Pristine SCG biochar,EE2,Synthetic,0.8257334628724249,0.8802529566378192,PCR,PCR_2
1139,SI_ref_17,Pristine SCG biochar,EE2,Synthetic,0.8269992896243368,0.8802529566378192,PCR,PCR_2
1141,SI_ref_17,Pristine SCG biochar,EE2,Synthetic,0.8244509213990222,0.8802529566378192,PCR,PCR_2
1142,SI_ref_17,Pristine SCG biochar,EE2,Synthetic,0.859538444436826,0.8172817722230815,PCR,PCR_2
1148,SI_ref_17,Pristine SCG biochar,EE2,Synthetic,0.823763814163292,0.8172817722230815,PCR,PCR_2
1157,SI_ref_17,Pristine SCG biochar,IBU,Synthetic,0.9060511140454979,1.0026690363810808,PCR,PCR_2
1159,SI_ref_17,Pristine SCG biochar,IBU,Synthetic,0.9004320791615827,0.9848878161362018,PCR,PCR_2
1161,SI_ref_17,Pristine SCG biochar,IBU,Synthetic,0.894961472244973,0.9563169072540348,PCR,PCR_2
1163,SI_ref_17,Pristine SCG biochar,IBU,Synthetic,0.8949151720794959,0.9381812044131806,PCR,PCR_2
1165,SI_ref_17,Pristine SCG biochar,IBU,Synthetic,0.892599829508416,0.927554257914456,PCR,PCR_2
1167,SI_ref_17,Pristine SCG biochar,IBU,Synthetic,0.8914167516338777,0.920009243563087,PCR,PCR_2
1169,SI_ref_17,Pristine SCG biochar,IBU,Synthetic,0.886841225533622,0.9124611974067143,PCR,PCR_2
1173,SI_ref_17,Pristine SCG biochar,IBU,Synthetic,0.9319085004678631,0.9018190971294073,PCR,PCR_2
1180,SI_ref_17,Pristine SCG biochar,IBU,Synthetic,0.9167234922708469,0.8388479127146696,PCR,PCR_2
1187,SI_ref_17,Pristine SCG biochar,IBU,Synthetic,0.9448963419259283,0.9018190971294073,PCR,PCR_2
1189,SI_ref_17,Pristine SCG biochar,IBU,Synthetic,0.9210277046979152,0.9018190971294073,PCR,PCR_2
1191,SI_ref_17,Pristine SCG biochar,IBU,Synthetic,0.9513456586569363,0.9018190971294073,PCR,PCR_2
1212,SI_ref_18,Pristine SCW Biochar,DCF,Secondary effluent,0.8964391711737753,0.9834064553626352,PCR,PCR_2
1214,SI_ref_18,Pristine SCW Biochar,DCF,Lake water,0.9077130214504949,0.9915124415287337,PCR,PCR_2
1223,SI_ref_18,Pristine SCW Biochar,DCF,Secondary effluent,0.916228597953408,0.9834064553626352,PCR,PCR_2
1225,SI_ref_18,Pristine SCW Biochar,DCF,Lake water,0.9209005359691885,1.0105565012666793,PCR,PCR_2
1228,SI_ref_18,Pristine SCW Biochar,DCF,Lake water,0.918118398017722,1.0105565012666793,PCR,PCR_2
1237,SI_ref_18,Pristine SCW Biochar,DCF,Lake water,0.9176779336906461,1.0105565012666793,PCR,PCR_2
1238,SI_ref_18,Pristine SCW Biochar,DCF,Lake water,0.9153943997055312,1.0105565012666793,PCR,PCR_2
1241,SI_ref_18,Pristine SCW Biochar,DCF,Lake water,0.9102639266700783,1.0105565012666793,PCR,PCR_2
1246,SI_ref_18,Pristine SCW Biochar,DCF,Secondary effluent,0.9052859627037971,1.0024505151005807,PCR,PCR_2
1270,SI_ref_18,Pristine SCW Biochar,IBU,Secondary effluent,0.8874692330465712,0.9621006185900147,PCR,PCR_2
1279,SI_ref_18,Pristine SCW Biochar,IBU,Lake water,0.9204127206373283,1.0082947242320046,PCR,PCR_2
1285,SI_ref_18,Pristine SCW Biochar,IBU,Lake water,0.9175495400890653,1.0082947242320046,PCR,PCR_2
1289,SI_ref_18,Pristine SCW Biochar,IBU,Lake water,0.91141920930323,1.0082947242320046,PCR,PCR_2
1303,SI_ref_18,Pristine SCW Biochar,IBU,Secondary effluent,0.9145392250293353,1.0192327978038513,PCR,PCR_2
1305,SI_ref_18,Pristine SCW Biochar,IBU,Secondary effluent,0.8992133437264335,0.9811446783279603,PCR,PCR_2
1308,SI_ref_18,Pristine SCW Biochar,NPX,Lake water,0.9299082628630408,1.103500519938077,PCR,PCR_2
1310,SI_ref_18,Pristine SCW Biochar,NPX,Lake water,0.9179731197519893,1.085719299693198,PCR,PCR_2
1312,SI_ref_18,Pristine SCW Biochar,NPX,Lake water,0.9157588621166984,1.0677271378039501,PCR,PCR_2
1314,SI_ref_18,Pristine SCW Biochar,NPX,Lake water,0.9211177808704595,1.0496275429043929,PCR,PCR_2
1316,SI_ref_18,Pristine SCW Biochar,NPX,Lake water,0.9261251958543161,1.0314737298779744,PCR,PCR_2
1318,SI_ref_18,Pristine SCW Biochar,NPX,Lake water,0.9179250714018231,1.020840727120083,PCR,PCR_2
1320,SI_ref_18,Pristine SCW Biochar,NPX,Lake water,0.9238791357631378,1.0132926809637106,PCR,PCR_2
1325,SI_ref_18,Pristine SCW Biochar,NPX,Secondary effluent,0.8954095327862793,0.9564564750444138,PCR,PCR_2
1328,SI_ref_18,Pristine SCW Biochar,NPX,Lake water,0.9239571578457322,1.0026505806864034,PCR,PCR_2
1330,SI_ref_18,Pristine SCW Biochar,NPX,Lake water,0.9241969522882365,1.0026505806864034,PCR,PCR_2
1337,SI_ref_18,Pristine SCW Biochar,NPX,Secondary effluent,0.9109852392346297,0.9755005347823591,PCR,PCR_2
1346,SI_ref_18,Pristine SCW Biochar,NPX,Secondary effluent,0.9136165317560039,0.9755005347823591,PCR,PCR_2
1347,SI_ref_18,Pristine SCW Biochar,NPX,Secondary effluent,0.9038576927569927,0.9755005347823591,PCR,PCR_2
16,SI_ref_19,AMCB,IBU,Ground water,0.029204625724030753,0.4292431102210046,PLS,PLS_2
25,SI_ref_19,AMCB,IBU,Lake water,0.3473743729830984,0.45402994204190994,PLS,PLS_2
34,SI_ref_19,AMCB,IBU,Ground water,0.303030777614079,0.3569902434381813,PLS,PLS_2
36,SI_ref_19,AMCB,IBU,Ground water,0.41496556078686897,0.4291918495711573,PLS,PLS_2
44,SI_ref_19,AMCB,IBU,Ground water,0.5024496962602676,0.393065445764362,PLS,PLS_2
48,SI_ref_19,AMCB,IBU,Ground water,0.03338351934448727,0.42915773493560616,PLS,PLS_2
55,SI_ref_19,AMCB,IBU,Lake water,0.34535416691700616,0.45394462586032325,PLS,PLS_2
64,SI_ref_19,AMCB,IBU,Ground water,0.3258728934993643,0.3569049862786297,PLS,PLS_2
66,SI_ref_19,AMCB,IBU,Ground water,0.4885549946229274,0.42910665135203396,PLS,PLS_2
74,SI_ref_19,AMCB,IBU,Ground water,0.5226317382792791,0.392980306404229,PLS,PLS_2
78,SI_ref_19,AMCB,IBU,Ground water,0.025848755777109534,0.4290726543531945,PLS,PLS_2
85,SI_ref_19,AMCB,IBU,Lake water,0.32220691257344963,0.45385960397453184,PLS,PLS_2
94,SI_ref_19,AMCB,IBU,Ground water,0.3191737471997417,0.35682002300852556,PLS,PLS_2
96,SI_ref_19,AMCB,IBU,Ground water,0.45590621693388655,0.429021746616851,PLS,PLS_2
106,SI_ref_19,AMCB,IBU,Ground water,0.3644459510905023,0.4491025037212977,PLS,PLS_2
112,SI_ref_19,AMCB,IBU,Ground water,0.5464029950150356,0.3928954601233682,PLS,PLS_2
140,SI_ref_17,Alkali-modified SCG biochars,CBZ,Synthetic,0.006132526431344026,0.19045710244255737,PLS,PLS_2
146,SI_ref_17,Alkali-modified SCG biochars,CBZ,Synthetic,0.6777397154224275,0.2507716390547868,PLS,PLS_2
151,SI_ref_17,Alkali-modified SCG biochars,CBZ,Synthetic,0.4516798693491866,0.19045710244255737,PLS,PLS_2
168,SI_ref_17,Alkali-modified SCG biochars,EE2,Synthetic,0.0796235147045166,0.1866282040331383,PLS,PLS_2
176,SI_ref_17,Alkali-modified SCG biochars,EE2,Synthetic,0.07754174693450858,0.29904229122899734,PLS,PLS_2
181,SI_ref_17,Alkali-modified SCG biochars,EE2,Synthetic,0.7086029202646077,0.29904229122899734,PLS,PLS_2
190,SI_ref_17,Alkali-modified SCG biochars,IBU,Synthetic,0.22674008618295227,0.4250735115172448,PLS,PLS_2
192,SI_ref_17,Alkali-modified SCG biochars,IBU,Synthetic,0.18762987622773672,0.4083897307990241,PLS,PLS_2
194,SI_ref_17,Alkali-modified SCG biochars,IBU,Synthetic,0.0964989432139522,0.38158219047582176,PLS,PLS_2
196,SI_ref_17,Alkali-modified SCG biochars,IBU,Synthetic,0.056403766337859394,0.36456580548082873,PLS,PLS_2
198,SI_ref_17,Alkali-modified SCG biochars,IBU,Synthetic,0.04365646649895644,0.35459474372875094,PLS,PLS_2
200,SI_ref_17,Alkali-modified SCG biochars,IBU,Synthetic,0.05275302685215311,0.3475154002854729,PLS,PLS_2
202,SI_ref_17,Alkali-modified SCG biochars,IBU,Synthetic,0.051463060103218494,0.34043321215723127,PLS,PLS_2
206,SI_ref_17,Alkali-modified SCG biochars,IBU,Synthetic,0.05901922048526246,0.3304479319029675,PLS,PLS_2
213,SI_ref_17,Alkali-modified SCG biochars,IBU,Synthetic,0.33928547446435453,0.3907624685151969,PLS,PLS_2
220,SI_ref_17,Alkali-modified SCG biochars,IBU,Synthetic,0.004839210099114782,0.3304479319029675,PLS,PLS_2
222,SI_ref_17,Alkali-modified SCG biochars,IBU,Synthetic,0.04374442489311713,0.3304479319029675,PLS,PLS_2
224,SI_ref_17,Alkali-modified SCG biochars,IBU,Synthetic,0.2945083196339574,0.3304479319029675,PLS,PLS_2
229,SI_ref_16,C-Biochar,ATE,Synthetic,0.8511111111111113,0.5877565318546094,PLS,PLS_2
231,SI_ref_16,C-Biochar,ATE,Synthetic,0.7400000000000001,0.7362799596373015,PLS,PLS_2
235,SI_ref_16,C-Biochar,ATE,Synthetic,0.8511111111111113,0.7001706190504684,PLS,PLS_2
238,SI_ref_16,C-Biochar,ATE,Synthetic,0.6733333333333335,0.6640612784636353,PLS,PLS_2
250,SI_ref_16,C-Biochar,CBZ,Synthetic,0.4840388007054674,0.5804145532561651,PLS,PLS_2
251,SI_ref_16,C-Biochar,CBZ,Synthetic,0.5325396825396824,0.5804145532561651,PLS,PLS_2
252,SI_ref_16,C-Biochar,CBZ,Synthetic,0.4258377425044091,0.5804145532561651,PLS,PLS_2
258,SI_ref_16,C-Biochar,CBZ,Synthetic,0.4990079365079365,0.5804145532561651,PLS,PLS_2
264,SI_ref_16,C-Biochar,IBU,Synthetic,0.7333333333333333,0.6641983391186457,PLS,PLS_2
266,SI_ref_16,C-Biochar,IBU,Synthetic,0.6121212121212122,0.7204053827165753,PLS,PLS_2
271,SI_ref_16,C-Biochar,IBU,Synthetic,0.6000000000000001,0.7204053827165753,PLS,PLS_2
277,SI_ref_16,C-Biochar,IBU,Synthetic,0.7844444444444444,0.7204053827165753,PLS,PLS_2
278,SI_ref_16,C-Biochar,IBU,Synthetic,0.8430555555555557,0.7204053827165753,PLS,PLS_2
279,SI_ref_16,C-Biochar,IBU,Synthetic,0.861111111111111,0.7204053827165753,PLS,PLS_2
296,SI_ref_19,CB,IBU,Ground water,0.9945207101387852,0.9204536654991955,PLS,PLS_2
303,SI_ref_19,CB,IBU,Lake water,0.9505925590656487,0.9452575960514498,PLS,PLS_2
314,SI_ref_19,CB,IBU,Ground water,0.917590560186213,0.8482349843255292,PLS,PLS_2
316,SI_ref_19,CB,IBU,Ground water,0.9236132062907854,0.9405513685102919,PLS,PLS_2
320,SI_ref_19,CB,IBU,Ground water,0.9303445651202417,0.9204536654991955,PLS,PLS_2
328,SI_ref_19,CB,IBU,Ground water,0.9241489703794897,0.8843443249123624,PLS,PLS_2
340,SI_ref_14,GCRB,ALA,Synthetic,0.9700055250053173,1.033185770534629,PLS,PLS_2
361,SI_ref_14,GCRB,DIU,Synthetic,0.9291396445453227,0.8227712593848369,PLS,PLS_2
363,SI_ref_14,GCRB,DIU,Synthetic,0.9527369648004039,0.9351853465806959,PLS,PLS_2
365,SI_ref_14,GCRB,DIU,Synthetic,0.9265327424413893,0.9351853465806959,PLS,PLS_2
367,SI_ref_14,GCRB,DIU,Synthetic,0.9238760352548926,0.9351853465806959,PLS,PLS_2
369,SI_ref_14,GCRB,DIU,Synthetic,0.9147016410628197,0.8990760059938627,PLS,PLS_2
374,SI_ref_14,GCRB,DIU,Synthetic,1.0082496176169822,0.9351853465806959,PLS,PLS_2
390,SI_ref_14,GCRB,SIM,Synthetic,0.9757367710073495,1.0165730615423088,PLS,PLS_2
406,SI_ref_14,GCRB-N,ALA,Synthetic,0.4281694326598611,0.5338613071480237,PLS,PLS_2
446,SI_ref_14,GCRB-N,DIU,Synthetic,0.2075726875081201,0.32344679599823145,PLS,PLS_2
448,SI_ref_14,GCRB-N,DIU,Synthetic,0.1819381767074788,0.43586088319409044,PLS,PLS_2
450,SI_ref_14,GCRB-N,DIU,Synthetic,0.1736169508150928,0.39975154260725726,PLS,PLS_2
453,SI_ref_14,GCRB-N,DIU,Synthetic,0.1683505359330984,0.4358437844627416,PLS,PLS_2
456,SI_ref_14,GCRB-N,DIU,Synthetic,0.1402528461142079,0.43580962254424316,PLS,PLS_2
459,SI_ref_14,GCRB-N,DIU,Synthetic,0.6455190877003087,0.43579255932428107,PLS,PLS_2
460,SI_ref_14,GCRB-N,DIU,Synthetic,0.12138562309836234,0.435775507908692,PLS,PLS_2
462,SI_ref_14,GCRB-N,DIU,Synthetic,0.16773925939532233,0.43575846828115483,PLS,PLS_2
465,SI_ref_14,GCRB-N,DIU,Synthetic,0.1405827183894587,0.4357244243251198,PLS,PLS_2
468,SI_ref_14,GCRB-N,DIU,Synthetic,0.6564705601884918,0.4357074199641481,PLS,PLS_2
469,SI_ref_14,GCRB-N,DIU,Synthetic,0.12617131727344172,0.4356904273262804,PLS,PLS_2
471,SI_ref_14,GCRB-N,DIU,Synthetic,0.1676281074261493,0.43567344639536354,PLS,PLS_2
474,SI_ref_14,GCRB-N,DIU,Synthetic,0.14041778225183332,0.43563951958993685,PLS,PLS_2
477,SI_ref_14,GCRB-N,DIU,Synthetic,0.6413243626564091,0.4356225736832873,PLS,PLS_2
478,SI_ref_14,GCRB-N,DIU,Synthetic,0.12377847018590202,0.43560563941930897,PLS,PLS_2
490,SI_ref_14,GCRB-N,SIM,Synthetic,0.38105997172266487,0.5172485981557032,PLS,PLS_2
537,SI_ref_19,MCB,IBU,Ground water,0.9902068659306948,0.8652786134647754,PLS,PLS_2
546,SI_ref_19,MCB,IBU,Lake water,0.9468798357239083,0.8900654452856808,PLS,PLS_2
555,SI_ref_19,MCB,IBU,Ground water,0.910886274193223,0.7930257466819521,PLS,PLS_2
561,SI_ref_19,MCB,IBU,Ground water,0.9227697266379059,0.8853250558260244,PLS,PLS_2
565,SI_ref_19,MCB,IBU,Ground water,0.9254612605703445,0.8652273528149281,PLS,PLS_2
573,SI_ref_19,MCB,IBU,Ground water,0.9222883610163676,0.8291009490081328,PLS,PLS_2
577,SI_ref_19,MCB,IBU,Ground water,0.9896236049163454,0.865193238179377,PLS,PLS_2
584,SI_ref_19,MCB,IBU,Lake water,0.9474280457633885,0.8899801291040941,PLS,PLS_2
593,SI_ref_19,MCB,IBU,Ground water,0.911624129649438,0.7929404895224006,PLS,PLS_2
595,SI_ref_19,MCB,IBU,Ground water,0.9248851497651674,0.8651421545958047,PLS,PLS_2
603,SI_ref_19,MCB,IBU,Ground water,0.920786534541565,0.8290158096479998,PLS,PLS_2
607,SI_ref_19,MCB,IBU,Ground water,0.9861765121394982,0.8651081575969652,PLS,PLS_2
614,SI_ref_19,MCB,IBU,Lake water,0.9465039927474991,0.8898951072183027,PLS,PLS_2
623,SI_ref_19,MCB,IBU,Ground water,0.9103224686673798,0.7928555262522964,PLS,PLS_2
625,SI_ref_19,MCB,IBU,Ground water,0.9258221154816445,0.8650572498606218,PLS,PLS_2
633,SI_ref_19,MCB,IBU,Ground water,0.9216175906678238,0.828930963367139,PLS,PLS_2
653,SI_ref_18,NaOH-activated SCW biochars,DCF,Lake water,0.060393710525153486,0.4328227753368833,PLS,PLS_2
654,SI_ref_18,NaOH-activated SCW biochars,DCF,Secondary effluent,0.1736813951376961,0.4219225427690907,PLS,PLS_2
657,SI_ref_18,NaOH-activated SCW biochars,DCF,Lake water,0.4098052873550469,0.37661573173895374,PLS,PLS_2
666,SI_ref_18,NaOH-activated SCW biochars,DCF,Secondary effluent,0.6160844980694858,0.4219225427690907,PLS,PLS_2
668,SI_ref_18,NaOH-activated SCW biochars,DCF,Lake water,0.5638671837826676,0.4328227753368833,PLS,PLS_2
671,SI_ref_18,NaOH-activated SCW biochars,DCF,Lake water,0.5111881637893111,0.4328227753368833,PLS,PLS_2
680,SI_ref_18,NaOH-activated SCW biochars,DCF,Lake water,0.5451956691534918,0.4328227753368833,PLS,PLS_2
681,SI_ref_18,NaOH-activated SCW biochars,DCF,Lake water,0.5155236787057735,0.4328227753368833,PLS,PLS_2
684,SI_ref_18,NaOH-activated SCW biochars,DCF,Lake water,0.5054530420964745,0.4328227753368833,PLS,PLS_2
689,SI_ref_18,NaOH-activated SCW biochars,DCF,Secondary effluent,0.6862219778123194,0.4781295863670202,PLS,PLS_2
717,SI_ref_18,NaOH-activated SCW biochars,IBU,Secondary effluent,0.5431517029603264,0.37377864231423835,PLS,PLS_2
726,SI_ref_18,NaOH-activated SCW biochars,IBU,Lake water,0.6298354173553987,0.4408859184799606,PLS,PLS_2
732,SI_ref_18,NaOH-activated SCW biochars,IBU,Lake water,0.6159420233488258,0.4408859184799606,PLS,PLS_2
736,SI_ref_18,NaOH-activated SCW biochars,IBU,Lake water,0.6281995086504742,0.4408859184799606,PLS,PLS_2
750,SI_ref_18,NaOH-activated SCW biochars,IBU,Secondary effluent,0.811827151849907,0.542399773108027,PLS,PLS_2
751,SI_ref_18,NaOH-activated SCW biochars,IBU,Lake water,0.6869669848084122,0.4408859184799606,PLS,PLS_2
754,SI_ref_18,NaOH-activated SCW biochars,IBU,Secondary effluent,0.7786423949758233,0.4299856859121679,PLS,PLS_2
757,SI_ref_18,NaOH-activated SCW biochars,NPX,Lake water,0.20620314882650506,0.36785280744072624,PLS,PLS_2
759,SI_ref_18,NaOH-activated SCW biochars,NPX,Lake water,0.23676500653660967,0.3511690267225055,PLS,PLS_2
761,SI_ref_18,NaOH-activated SCW biochars,NPX,Lake water,0.21090148006849843,0.33428732347194323,PLS,PLS_2
763,SI_ref_18,NaOH-activated SCW biochars,NPX,Lake water,0.14381242837395034,0.3173048178714176,PLS,PLS_2
765,SI_ref_18,NaOH-activated SCW biochars,NPX,Lake water,0.049549349058709447,0.30027144043380494,PLS,PLS_2
767,SI_ref_18,NaOH-activated SCW biochars,NPX,Lake water,0.0742796412273446,0.2902946962089543,PLS,PLS_2
769,SI_ref_18,NaOH-activated SCW biochars,NPX,Lake water,0.041917196066405205,0.28321250808071263,PLS,PLS_2
773,SI_ref_18,NaOH-activated SCW biochars,NPX,Lake water,0.02383921541973232,0.2732272278264489,PLS,PLS_2
776,SI_ref_18,NaOH-activated SCW biochars,NPX,Secondary effluent,0.048092629555703405,0.20611995166072666,PLS,PLS_2
779,SI_ref_18,NaOH-activated SCW biochars,NPX,Lake water,0.0651330447328621,0.2732272278264489,PLS,PLS_2
781,SI_ref_18,NaOH-activated SCW biochars,NPX,Lake water,0.04234525136924403,0.2732272278264489,PLS,PLS_2
788,SI_ref_18,NaOH-activated SCW biochars,NPX,Secondary effluent,0.09141898602740345,0.2623269952586562,PLS,PLS_2
798,SI_ref_18,NaOH-activated SCW biochars,NPX,Secondary effluent,0.15082313311850198,0.2623269952586562,PLS,PLS_2
800,SI_ref_18,NaOH-activated SCW biochars,NPX,Secondary effluent,0.24701864815812044,0.2623269952586562,PLS,PLS_2
871,SI_ref_13,PB600,CBZ,Synthetic,0.6953242835595775,0.5370004186655579,PLS,PLS_2
881,SI_ref_13,PB600,IBU,Synthetic,0.2096102913356035,0.6940587165084735,PLS,PLS_2
918,SI_ref_13,PB800,CBZ,Synthetic,0.30905619203491547,0.2441950707847243,PLS,PLS_2
928,SI_ref_13,PB800,IBU,Synthetic,0.23013048635824437,0.40125336862763983,PLS,PLS_2
954,SI_ref_15,PSB,CAR,Synthetic,0.9395494569882223,0.7462610695720633,PLS,PLS_2
955,SI_ref_15,PSB,CAR,Synthetic,0.9231398092867221,0.7462610695720633,PLS,PLS_2
957,SI_ref_15,PSB,CAR,Synthetic,0.9436310458092197,0.8586751567679223,PLS,PLS_2
964,SI_ref_15,PSB,CAR,Synthetic,0.9383522096618221,0.7462610695720633,PLS,PLS_2
978,SI_ref_15,PSB,PYR,Synthetic,0.919631586959635,0.7754894559488243,PLS,PLS_2
985,SI_ref_15,PSB,PYR,Synthetic,0.9775942152304119,0.7754894559488243,PLS,PLS_2
994,SI_ref_15,PSB,TEB,Synthetic,0.9362126098667423,0.7706257269796978,PLS,PLS_2
1000,SI_ref_15,PSB,TEB,Synthetic,0.8714762044822667,0.7706257269796978,PLS,PLS_2
1015,SI_ref_15,PSBOX-A,CAR,Synthetic,0.03563496474916306,0.23567754200100832,PLS,PLS_2
1016,SI_ref_15,PSBOX-A,CAR,Synthetic,0.026325197069833068,0.23567754200100832,PLS,PLS_2
1018,SI_ref_15,PSBOX-A,CAR,Synthetic,0.034457194657534405,0.3480916291968673,PLS,PLS_2
1025,SI_ref_15,PSBOX-A,CAR,Synthetic,0.0497879777437964,0.23567754200100832,PLS,PLS_2
1040,SI_ref_15,PSBOX-A,PYR,Synthetic,0.5200236643843362,0.22879658779093615,PLS,PLS_2
1043,SI_ref_15,PSBOX-A,PYR,Synthetic,0.08786555053416333,0.26490592837776933,PLS,PLS_2
1050,SI_ref_15,PSBOX-A,PYR,Synthetic,0.48794917248977554,0.26490592837776933,PLS,PLS_2
1059,SI_ref_15,PSBOX-A,TEB,Synthetic,0.07277962857952934,0.2600421994086428,PLS,PLS_2
1061,SI_ref_15,PSBOX-A,TEB,Synthetic,0.5163778457532948,0.296151539995476,PLS,PLS_2
1070,SI_ref_15,PSBOX-A,TEB,Synthetic,0.04527670142322688,0.2600421994086428,PLS,PLS_2
1101,SI_ref_17,Pristine SCG biochar,CBZ,Synthetic,0.9071468090110305,0.7840623712993093,PLS,PLS_2
1108,SI_ref_17,Pristine SCG biochar,CBZ,Synthetic,0.8967497590877974,0.8443769079115386,PLS,PLS_2
1113,SI_ref_17,Pristine SCG biochar,CBZ,Synthetic,0.9373850128799738,0.7840623712993093,PLS,PLS_2
1130,SI_ref_17,Pristine SCG biochar,EE2,Synthetic,0.817422791958414,0.7802334728898903,PLS,PLS_2
1137,SI_ref_17,Pristine SCG biochar,EE2,Synthetic,0.8257334628724249,0.8323330234735199,PLS,PLS_2
1139,SI_ref_17,Pristine SCG biochar,EE2,Synthetic,0.8269992896243368,0.8323330234735199,PLS,PLS_2
1141,SI_ref_17,Pristine SCG biochar,EE2,Synthetic,0.8244509213990222,0.8323330234735199,PLS,PLS_2
1142,SI_ref_17,Pristine SCG biochar,EE2,Synthetic,0.859538444436826,0.8926475600857493,PLS,PLS_2
1148,SI_ref_17,Pristine SCG biochar,EE2,Synthetic,0.823763814163292,0.8926475600857493,PLS,PLS_2
1157,SI_ref_17,Pristine SCG biochar,IBU,Synthetic,0.9060511140454979,1.0186787803739967,PLS,PLS_2
1159,SI_ref_17,Pristine SCG biochar,IBU,Synthetic,0.9004320791615827,1.001994999655776,PLS,PLS_2
1161,SI_ref_17,Pristine SCG biochar,IBU,Synthetic,0.894961472244973,0.9751874593325737,PLS,PLS_2
1163,SI_ref_17,Pristine SCG biochar,IBU,Synthetic,0.8949151720794959,0.9581710743375806,PLS,PLS_2
1165,SI_ref_17,Pristine SCG biochar,IBU,Synthetic,0.892599829508416,0.9482000125855029,PLS,PLS_2
1167,SI_ref_17,Pristine SCG biochar,IBU,Synthetic,0.8914167516338777,0.9411206691422248,PLS,PLS_2
1169,SI_ref_17,Pristine SCG biochar,IBU,Synthetic,0.886841225533622,0.9340384810139832,PLS,PLS_2
1173,SI_ref_17,Pristine SCG biochar,IBU,Synthetic,0.9319085004678631,0.9240532007597195,PLS,PLS_2
1180,SI_ref_17,Pristine SCG biochar,IBU,Synthetic,0.9167234922708469,0.9843677373719488,PLS,PLS_2
1187,SI_ref_17,Pristine SCG biochar,IBU,Synthetic,0.9448963419259283,0.9240532007597195,PLS,PLS_2
1189,SI_ref_17,Pristine SCG biochar,IBU,Synthetic,0.9210277046979152,0.9240532007597195,PLS,PLS_2
1191,SI_ref_17,Pristine SCG biochar,IBU,Synthetic,0.9513456586569363,0.9240532007597195,PLS,PLS_2
1212,SI_ref_18,Pristine SCW Biochar,DCF,Secondary effluent,0.8964391711737753,1.002174837649926,PLS,PLS_2
1214,SI_ref_18,Pristine SCW Biochar,DCF,Lake water,0.9077130214504949,0.956868026619789,PLS,PLS_2
1223,SI_ref_18,Pristine SCW Biochar,DCF,Secondary effluent,0.916228597953408,1.002174837649926,PLS,PLS_2
1225,SI_ref_18,Pristine SCW Biochar,DCF,Lake water,0.9209005359691885,1.0130750702177185,PLS,PLS_2
1228,SI_ref_18,Pristine SCW Biochar,DCF,Lake water,0.918118398017722,1.0130750702177185,PLS,PLS_2
1237,SI_ref_18,Pristine SCW Biochar,DCF,Lake water,0.9176779336906461,1.0130750702177185,PLS,PLS_2
1238,SI_ref_18,Pristine SCW Biochar,DCF,Lake water,0.9153943997055312,1.0130750702177185,PLS,PLS_2
1241,SI_ref_18,Pristine SCW Biochar,DCF,Lake water,0.9102639266700783,1.0130750702177185,PLS,PLS_2
1246,SI_ref_18,Pristine SCW Biochar,DCF,Secondary effluent,0.9052859627037971,1.0583818812478554,PLS,PLS_2
1270,SI_ref_18,Pristine SCW Biochar,IBU,Secondary effluent,0.8874692330465712,0.9540309371950737,PLS,PLS_2
1279,SI_ref_18,Pristine SCW Biochar,IBU,Lake water,0.9204127206373283,1.0211382133607958,PLS,PLS_2
1285,SI_ref_18,Pristine SCW Biochar,IBU,Lake water,0.9175495400890653,1.0211382133607958,PLS,PLS_2
1289,SI_ref_18,Pristine SCW Biochar,IBU,Lake water,0.91141920930323,1.0211382133607958,PLS,PLS_2
1303,SI_ref_18,Pristine SCW Biochar,IBU,Secondary effluent,0.9145392250293353,1.122652067988862,PLS,PLS_2
1305,SI_ref_18,Pristine SCW Biochar,IBU,Secondary effluent,0.8992133437264335,1.010237980793003,PLS,PLS_2
1308,SI_ref_18,Pristine SCW Biochar,NPX,Lake water,0.9299082628630408,0.9481051023215614,PLS,PLS_2
1310,SI_ref_18,Pristine SCW Biochar,NPX,Lake water,0.9179731197519893,0.9314213216033407,PLS,PLS_2
1312,SI_ref_18,Pristine SCW Biochar,NPX,Lake water,0.9157588621166984,0.9145396183527784,PLS,PLS_2
1314,SI_ref_18,Pristine SCW Biochar,NPX,Lake water,0.9211177808704595,0.8975571127522528,PLS,PLS_2
1316,SI_ref_18,Pristine SCW Biochar,NPX,Lake water,0.9261251958543161,0.8805237353146401,PLS,PLS_2
1318,SI_ref_18,Pristine SCW Biochar,NPX,Lake water,0.9179250714018231,0.8705469910897895,PLS,PLS_2
1320,SI_ref_18,Pristine SCW Biochar,NPX,Lake water,0.9238791357631378,0.8634648029615479,PLS,PLS_2
1325,SI_ref_18,Pristine SCW Biochar,NPX,Secondary effluent,0.8954095327862793,0.7863722465415619,PLS,PLS_2
1328,SI_ref_18,Pristine SCW Biochar,NPX,Lake water,0.9239571578457322,0.8534795227072841,PLS,PLS_2
1330,SI_ref_18,Pristine SCW Biochar,NPX,Lake water,0.9241969522882365,0.8534795227072841,PLS,PLS_2
1337,SI_ref_18,Pristine SCW Biochar,NPX,Secondary effluent,0.9109852392346297,0.8425792901394915,PLS,PLS_2
1346,SI_ref_18,Pristine SCW Biochar,NPX,Secondary effluent,0.9136165317560039,0.8425792901394915,PLS,PLS_2
1347,SI_ref_18,Pristine SCW Biochar,NPX,Secondary effluent,0.9038576927569927,0.8425792901394914,PLS,PLS_2
16,SI_ref_19,AMCB,IBU,Ground water,0.029204625724030753,0.220507162359135,RandomForest,RandomForest_2
25,SI_ref_19,AMCB,IBU,Lake water,0.3473743729830984,0.30146690296773465,RandomForest,RandomForest_2
34,SI_ref_19,AMCB,IBU,Ground water,0.303030777614079,0.3143153491479196,RandomForest,RandomForest_2
36,SI_ref_19,AMCB,IBU,Ground water,0.41496556078686897,0.3979056986786454,RandomForest,RandomForest_2
44,SI_ref_19,AMCB,IBU,Ground water,0.5024496962602676,0.3861760924978936,RandomForest,RandomForest_2
48,SI_ref_19,AMCB,IBU,Ground water,0.03338351934448727,0.173752766329154,RandomForest,RandomForest_2
55,SI_ref_19,AMCB,IBU,Lake water,0.34535416691700616,0.2679959299007964,RandomForest,RandomForest_2
64,SI_ref_19,AMCB,IBU,Ground water,0.3258728934993643,0.34196122368869003,RandomForest,RandomForest_2
66,SI_ref_19,AMCB,IBU,Ground water,0.4885549946229274,0.4175070375962438,RandomForest,RandomForest_2
74,SI_ref_19,AMCB,IBU,Ground water,0.5226317382792791,0.3975077405236878,RandomForest,RandomForest_2
78,SI_ref_19,AMCB,IBU,Ground water,0.025848755777109534,0.1758314533250447,RandomForest,RandomForest_2
85,SI_ref_19,AMCB,IBU,Lake water,0.32220691257344963,0.2611440552609155,RandomForest,RandomForest_2
94,SI_ref_19,AMCB,IBU,Ground water,0.3191737471997417,0.33978956881181943,RandomForest,RandomForest_2
96,SI_ref_19,AMCB,IBU,Ground water,0.45590621693388655,0.41466048961354346,RandomForest,RandomForest_2
106,SI_ref_19,AMCB,IBU,Ground water,0.3644459510905023,0.4103952679121742,RandomForest,RandomForest_2
112,SI_ref_19,AMCB,IBU,Ground water,0.5464029950150356,0.3943256576652622,RandomForest,RandomForest_2
140,SI_ref_17,Alkali-modified SCG biochars,CBZ,Synthetic,0.006132526431344026,0.13870874426444857,RandomForest,RandomForest_2
146,SI_ref_17,Alkali-modified SCG biochars,CBZ,Synthetic,0.6777397154224275,0.38216263846230036,RandomForest,RandomForest_2
151,SI_ref_17,Alkali-modified SCG biochars,CBZ,Synthetic,0.4516798693491866,0.13870874426444857,RandomForest,RandomForest_2
168,SI_ref_17,Alkali-modified SCG biochars,EE2,Synthetic,0.0796235147045166,0.3564663033685247,RandomForest,RandomForest_2
176,SI_ref_17,Alkali-modified SCG biochars,EE2,Synthetic,0.07754174693450858,0.370555441515736,RandomForest,RandomForest_2
181,SI_ref_17,Alkali-modified SCG biochars,EE2,Synthetic,0.7086029202646077,0.370555441515736,RandomForest,RandomForest_2
190,SI_ref_17,Alkali-modified SCG biochars,IBU,Synthetic,0.22674008618295227,0.5042397935472767,RandomForest,RandomForest_2
192,SI_ref_17,Alkali-modified SCG biochars,IBU,Synthetic,0.18762987622773672,0.4648748279548445,RandomForest,RandomForest_2
194,SI_ref_17,Alkali-modified SCG biochars,IBU,Synthetic,0.0964989432139522,0.3414073083299687,RandomForest,RandomForest_2
196,SI_ref_17,Alkali-modified SCG biochars,IBU,Synthetic,0.056403766337859394,0.324359915166954,RandomForest,RandomForest_2
198,SI_ref_17,Alkali-modified SCG biochars,IBU,Synthetic,0.04365646649895644,0.31767821112708416,RandomForest,RandomForest_2
200,SI_ref_17,Alkali-modified SCG biochars,IBU,Synthetic,0.05275302685215311,0.31224852191244196,RandomForest,RandomForest_2
202,SI_ref_17,Alkali-modified SCG biochars,IBU,Synthetic,0.051463060103218494,0.2887150918807589,RandomForest,RandomForest_2
206,SI_ref_17,Alkali-modified SCG biochars,IBU,Synthetic,0.05901922048526246,0.21032126789246994,RandomForest,RandomForest_2
213,SI_ref_17,Alkali-modified SCG biochars,IBU,Synthetic,0.33928547446435453,0.4096429925566536,RandomForest,RandomForest_2
220,SI_ref_17,Alkali-modified SCG biochars,IBU,Synthetic,0.004839210099114782,0.21032126789246994,RandomForest,RandomForest_2
222,SI_ref_17,Alkali-modified SCG biochars,IBU,Synthetic,0.04374442489311713,0.21032126789246994,RandomForest,RandomForest_2
224,SI_ref_17,Alkali-modified SCG biochars,IBU,Synthetic,0.2945083196339574,0.21032126789246994,RandomForest,RandomForest_2
229,SI_ref_16,C-Biochar,ATE,Synthetic,0.8511111111111113,0.7843499464343647,RandomForest,RandomForest_2
231,SI_ref_16,C-Biochar,ATE,Synthetic,0.7400000000000001,0.7866457233850626,RandomForest,RandomForest_2
235,SI_ref_16,C-Biochar,ATE,Synthetic,0.8511111111111113,0.7866457233850626,RandomForest,RandomForest_2
238,SI_ref_16,C-Biochar,ATE,Synthetic,0.6733333333333335,0.776658585044088,RandomForest,RandomForest_2
250,SI_ref_16,C-Biochar,CBZ,Synthetic,0.4840388007054674,0.5642404870817226,RandomForest,RandomForest_2
251,SI_ref_16,C-Biochar,CBZ,Synthetic,0.5325396825396824,0.5642404870817226,RandomForest,RandomForest_2
252,SI_ref_16,C-Biochar,CBZ,Synthetic,0.4258377425044091,0.5642404870817226,RandomForest,RandomForest_2
258,SI_ref_16,C-Biochar,CBZ,Synthetic,0.4990079365079365,0.5642404870817226,RandomForest,RandomForest_2
264,SI_ref_16,C-Biochar,IBU,Synthetic,0.7333333333333333,0.6236637008742109,RandomForest,RandomForest_2
266,SI_ref_16,C-Biochar,IBU,Synthetic,0.6121212121212122,0.6366563501087356,RandomForest,RandomForest_2
271,SI_ref_16,C-Biochar,IBU,Synthetic,0.6000000000000001,0.6366563501087356,RandomForest,RandomForest_2
277,SI_ref_16,C-Biochar,IBU,Synthetic,0.7844444444444444,0.6366563501087356,RandomForest,RandomForest_2
278,SI_ref_16,C-Biochar,IBU,Synthetic,0.8430555555555557,0.6366563501087356,RandomForest,RandomForest_2
279,SI_ref_16,C-Biochar,IBU,Synthetic,0.861111111111111,0.6366563501087356,RandomForest,RandomForest_2
296,SI_ref_19,CB,IBU,Ground water,0.9945207101387852,0.9400834732626021,RandomForest,RandomForest_2
303,SI_ref_19,CB,IBU,Lake water,0.9505925590656487,0.946834575036468,RandomForest,RandomForest_2
314,SI_ref_19,CB,IBU,Ground water,0.917590560186213,0.9306452377290642,RandomForest,RandomForest_2
316,SI_ref_19,CB,IBU,Ground water,0.9236132062907854,0.9315776279198066,RandomForest,RandomForest_2
320,SI_ref_19,CB,IBU,Ground water,0.9303445651202417,0.9400834732626021,RandomForest,RandomForest_2
328,SI_ref_19,CB,IBU,Ground water,0.9241489703794897,0.9321557855808734,RandomForest,RandomForest_2
340,SI_ref_14,GCRB,ALA,Synthetic,0.9700055250053173,0.9519688929396665,RandomForest,RandomForest_2
361,SI_ref_14,GCRB,DIU,Synthetic,0.9291396445453227,0.9568325166613547,RandomForest,RandomForest_2
363,SI_ref_14,GCRB,DIU,Synthetic,0.9527369648004039,0.9568325166613547,RandomForest,RandomForest_2
365,SI_ref_14,GCRB,DIU,Synthetic,0.9265327424413893,0.9568325166613547,RandomForest,RandomForest_2
367,SI_ref_14,GCRB,DIU,Synthetic,0.9238760352548926,0.9568325166613547,RandomForest,RandomForest_2
369,SI_ref_14,GCRB,DIU,Synthetic,0.9147016410628197,0.9517459829608035,RandomForest,RandomForest_2
374,SI_ref_14,GCRB,DIU,Synthetic,1.0082496176169822,0.9568325166613547,RandomForest,RandomForest_2
390,SI_ref_14,GCRB,SIM,Synthetic,0.9757367710073495,0.971842155258906,RandomForest,RandomForest_2
406,SI_ref_14,GCRB-N,ALA,Synthetic,0.4281694326598611,0.3959588519787099,RandomForest,RandomForest_2
446,SI_ref_14,GCRB-N,DIU,Synthetic,0.2075726875081201,0.2158489475400328,RandomForest,RandomForest_2
448,SI_ref_14,GCRB-N,DIU,Synthetic,0.1819381767074788,0.21716200437528488,RandomForest,RandomForest_2
450,SI_ref_14,GCRB-N,DIU,Synthetic,0.1736169508150928,0.2141652373062187,RandomForest,RandomForest_2
453,SI_ref_14,GCRB-N,DIU,Synthetic,0.1683505359330984,0.248040118159841,RandomForest,RandomForest_2
456,SI_ref_14,GCRB-N,DIU,Synthetic,0.1402528461142079,0.31583827583124596,RandomForest,RandomForest_2
459,SI_ref_14,GCRB-N,DIU,Synthetic,0.6455190877003087,0.32030155034375896,RandomForest,RandomForest_2
460,SI_ref_14,GCRB-N,DIU,Synthetic,0.12138562309836234,0.37190373121476034,RandomForest,RandomForest_2
462,SI_ref_14,GCRB-N,DIU,Synthetic,0.16773925939532233,0.3553111574156799,RandomForest,RandomForest_2
465,SI_ref_14,GCRB-N,DIU,Synthetic,0.1405827183894587,0.388525270689246,RandomForest,RandomForest_2
468,SI_ref_14,GCRB-N,DIU,Synthetic,0.6564705601884918,0.36815235619453285,RandomForest,RandomForest_2
469,SI_ref_14,GCRB-N,DIU,Synthetic,0.12617131727344172,0.3833395229203984,RandomForest,RandomForest_2
471,SI_ref_14,GCRB-N,DIU,Synthetic,0.1676281074261493,0.3639032142392565,RandomForest,RandomForest_2
474,SI_ref_14,GCRB-N,DIU,Synthetic,0.14041778225183332,0.3918256047841398,RandomForest,RandomForest_2
477,SI_ref_14,GCRB-N,DIU,Synthetic,0.6413243626564091,0.39076089155599014,RandomForest,RandomForest_2
478,SI_ref_14,GCRB-N,DIU,Synthetic,0.12377847018590202,0.39660643815073265,RandomForest,RandomForest_2
490,SI_ref_14,GCRB-N,SIM,Synthetic,0.38105997172266487,0.5344676503559397,RandomForest,RandomForest_2
537,SI_ref_19,MCB,IBU,Ground water,0.9902068659306948,0.9431676121381734,RandomForest,RandomForest_2
546,SI_ref_19,MCB,IBU,Lake water,0.9468798357239083,0.942007011543243,RandomForest,RandomForest_2
555,SI_ref_19,MCB,IBU,Ground water,0.910886274193223,0.9175932533594127,RandomForest,RandomForest_2
561,SI_ref_19,MCB,IBU,Ground water,0.9227697266379059,0.9171710471825125,RandomForest,RandomForest_2
565,SI_ref_19,MCB,IBU,Ground water,0.9254612605703445,0.9304890970323786,RandomForest,RandomForest_2
573,SI_ref_19,MCB,IBU,Ground water,0.9222883610163676,0.9220284549696619,RandomForest,RandomForest_2
577,SI_ref_19,MCB,IBU,Ground water,0.9896236049163454,0.9457098615894087,RandomForest,RandomForest_2
584,SI_ref_19,MCB,IBU,Lake water,0.9474280457633885,0.9404026192095146,RandomForest,RandomForest_2
593,SI_ref_19,MCB,IBU,Ground water,0.911624129649438,0.9189675894806401,RandomForest,RandomForest_2
595,SI_ref_19,MCB,IBU,Ground water,0.9248851497651674,0.931422853209192,RandomForest,RandomForest_2
603,SI_ref_19,MCB,IBU,Ground water,0.920786534541565,0.9270169569963055,RandomForest,RandomForest_2
607,SI_ref_19,MCB,IBU,Ground water,0.9861765121394982,0.9427748547390258,RandomForest,RandomForest_2
614,SI_ref_19,MCB,IBU,Lake water,0.9465039927474991,0.9387319409624615,RandomForest,RandomForest_2
623,SI_ref_19,MCB,IBU,Ground water,0.9103224686673798,0.9182452523767037,RandomForest,RandomForest_2
625,SI_ref_19,MCB,IBU,Ground water,0.9258221154816445,0.9286167941511323,RandomForest,RandomForest_2
633,SI_ref_19,MCB,IBU,Ground water,0.9216175906678238,0.9231839959661018,RandomForest,RandomForest_2
653,SI_ref_18,NaOH-activated SCW biochars,DCF,Lake water,0.060393710525153486,0.5394904241257893,RandomForest,RandomForest_2
654,SI_ref_18,NaOH-activated SCW biochars,DCF,Secondary effluent,0.1736813951376961,0.5933368719560053,RandomForest,RandomForest_2
657,SI_ref_18,NaOH-activated SCW biochars,DCF,Lake water,0.4098052873550469,0.5388947323763492,RandomForest,RandomForest_2
666,SI_ref_18,NaOH-activated SCW biochars,DCF,Secondary effluent,0.6160844980694858,0.5933368719560053,RandomForest,RandomForest_2
668,SI_ref_18,NaOH-activated SCW biochars,DCF,Lake water,0.5638671837826676,0.5394904241257893,RandomForest,RandomForest_2
671,SI_ref_18,NaOH-activated SCW biochars,DCF,Lake water,0.5111881637893111,0.5394904241257893,RandomForest,RandomForest_2
680,SI_ref_18,NaOH-activated SCW biochars,DCF,Lake water,0.5451956691534918,0.5394904241257893,RandomForest,RandomForest_2
681,SI_ref_18,NaOH-activated SCW biochars,DCF,Lake water,0.5155236787057735,0.5394904241257893,RandomForest,RandomForest_2
684,SI_ref_18,NaOH-activated SCW biochars,DCF,Lake water,0.5054530420964745,0.5394904241257893,RandomForest,RandomForest_2
689,SI_ref_18,NaOH-activated SCW biochars,DCF,Secondary effluent,0.6862219778123194,0.6195980108491187,RandomForest,RandomForest_2
717,SI_ref_18,NaOH-activated SCW biochars,IBU,Secondary effluent,0.5431517029603264,0.6000806270805268,RandomForest,RandomForest_2
726,SI_ref_18,NaOH-activated SCW biochars,IBU,Lake water,0.6298354173553987,0.5943787765517801,RandomForest,RandomForest_2
732,SI_ref_18,NaOH-activated SCW biochars,IBU,Lake water,0.6159420233488258,0.5943787765517801,RandomForest,RandomForest_2
736,SI_ref_18,NaOH-activated SCW biochars,IBU,Lake water,0.6281995086504742,0.5943787765517801,RandomForest,RandomForest_2
750,SI_ref_18,NaOH-activated SCW biochars,IBU,Secondary effluent,0.811827151849907,0.6485561104480034,RandomForest,RandomForest_2
751,SI_ref_18,NaOH-activated SCW biochars,IBU,Lake water,0.6869669848084122,0.5943787765517801,RandomForest,RandomForest_2
754,SI_ref_18,NaOH-activated SCW biochars,IBU,Secondary effluent,0.7786423949758233,0.6020498373719846,RandomForest,RandomForest_2
757,SI_ref_18,NaOH-activated SCW biochars,NPX,Lake water,0.20620314882650506,0.3810696031853039,RandomForest,RandomForest_2
759,SI_ref_18,NaOH-activated SCW biochars,NPX,Lake water,0.23676500653660967,0.3722797837956092,RandomForest,RandomForest_2
761,SI_ref_18,NaOH-activated SCW biochars,NPX,Lake water,0.21090148006849843,0.36014727910325406,RandomForest,RandomForest_2
763,SI_ref_18,NaOH-activated SCW biochars,NPX,Lake water,0.14381242837395034,0.26001735993292957,RandomForest,RandomForest_2
765,SI_ref_18,NaOH-activated SCW biochars,NPX,Lake water,0.049549349058709447,0.15284682777237868,RandomForest,RandomForest_2
767,SI_ref_18,NaOH-activated SCW biochars,NPX,Lake water,0.0742796412273446,0.11254748096049802,RandomForest,RandomForest_2
769,SI_ref_18,NaOH-activated SCW biochars,NPX,Lake water,0.041917196066405205,0.09336249987697462,RandomForest,RandomForest_2
773,SI_ref_18,NaOH-activated SCW biochars,NPX,Lake water,0.02383921541973232,0.0699839989219435,RandomForest,RandomForest_2
776,SI_ref_18,NaOH-activated SCW biochars,NPX,Secondary effluent,0.048092629555703405,0.11950521430241684,RandomForest,RandomForest_2
779,SI_ref_18,NaOH-activated SCW biochars,NPX,Lake water,0.0651330447328621,0.0699839989219435,RandomForest,RandomForest_2
781,SI_ref_18,NaOH-activated SCW biochars,NPX,Lake water,0.04234525136924403,0.0699839989219435,RandomForest,RandomForest_2
788,SI_ref_18,NaOH-activated SCW biochars,NPX,Secondary effluent,0.09141898602740345,0.11950521430241684,RandomForest,RandomForest_2
798,SI_ref_18,NaOH-activated SCW biochars,NPX,Secondary effluent,0.15082313311850198,0.11950521430241684,RandomForest,RandomForest_2
800,SI_ref_18,NaOH-activated SCW biochars,NPX,Secondary effluent,0.24701864815812044,0.11950521430241684,RandomForest,RandomForest_2
871,SI_ref_13,PB600,CBZ,Synthetic,0.6953242835595775,0.46454269131348247,RandomForest,RandomForest_2
881,SI_ref_13,PB600,IBU,Synthetic,0.2096102913356035,0.6463863969207695,RandomForest,RandomForest_2
918,SI_ref_13,PB800,CBZ,Synthetic,0.30905619203491547,0.2265283685885892,RandomForest,RandomForest_2
928,SI_ref_13,PB800,IBU,Synthetic,0.23013048635824437,0.39002065994667406,RandomForest,RandomForest_2
954,SI_ref_15,PSB,CAR,Synthetic,0.9395494569882223,0.9101628028597193,RandomForest,RandomForest_2
955,SI_ref_15,PSB,CAR,Synthetic,0.9231398092867221,0.9101628028597193,RandomForest,RandomForest_2
957,SI_ref_15,PSB,CAR,Synthetic,0.9436310458092197,0.9121047716936644,RandomForest,RandomForest_2
964,SI_ref_15,PSB,CAR,Synthetic,0.9383522096618221,0.9101628028597193,RandomForest,RandomForest_2
978,SI_ref_15,PSB,PYR,Synthetic,0.919631586959635,0.9242522106608427,RandomForest,RandomForest_2
985,SI_ref_15,PSB,PYR,Synthetic,0.9775942152304119,0.9242522106608427,RandomForest,RandomForest_2
994,SI_ref_15,PSB,TEB,Synthetic,0.9362126098667423,0.9232463990784946,RandomForest,RandomForest_2
1000,SI_ref_15,PSB,TEB,Synthetic,0.8714762044822667,0.9232463990784946,RandomForest,RandomForest_2
1015,SI_ref_15,PSBOX-A,CAR,Synthetic,0.03563496474916306,0.11375651811727673,RandomForest,RandomForest_2
1016,SI_ref_15,PSBOX-A,CAR,Synthetic,0.026325197069833068,0.11375651811727673,RandomForest,RandomForest_2
1018,SI_ref_15,PSBOX-A,CAR,Synthetic,0.034457194657534405,0.1283566174427184,RandomForest,RandomForest_2
1025,SI_ref_15,PSBOX-A,CAR,Synthetic,0.0497879777437964,0.11375651811727673,RandomForest,RandomForest_2
1040,SI_ref_15,PSBOX-A,PYR,Synthetic,0.5200236643843362,0.2635088960123916,RandomForest,RandomForest_2
1043,SI_ref_15,PSBOX-A,PYR,Synthetic,0.08786555053416333,0.2637653465561523,RandomForest,RandomForest_2
1050,SI_ref_15,PSBOX-A,PYR,Synthetic,0.48794917248977554,0.2637653465561523,RandomForest,RandomForest_2
1059,SI_ref_15,PSBOX-A,TEB,Synthetic,0.07277962857952934,0.25233933737639963,RandomForest,RandomForest_2
1061,SI_ref_15,PSBOX-A,TEB,Synthetic,0.5163778457532948,0.2526572083969769,RandomForest,RandomForest_2
1070,SI_ref_15,PSBOX-A,TEB,Synthetic,0.04527670142322688,0.25233933737639963,RandomForest,RandomForest_2
1101,SI_ref_17,Pristine SCG biochar,CBZ,Synthetic,0.9071468090110305,0.9137813140626947,RandomForest,RandomForest_2
1108,SI_ref_17,Pristine SCG biochar,CBZ,Synthetic,0.8967497590877974,0.8956121335136555,RandomForest,RandomForest_2
1113,SI_ref_17,Pristine SCG biochar,CBZ,Synthetic,0.9373850128799738,0.9137813140626947,RandomForest,RandomForest_2
1130,SI_ref_17,Pristine SCG biochar,EE2,Synthetic,0.817422791958414,0.8453963834095163,RandomForest,RandomForest_2
1137,SI_ref_17,Pristine SCG biochar,EE2,Synthetic,0.8257334628724249,0.8753174199535367,RandomForest,RandomForest_2
1139,SI_ref_17,Pristine SCG biochar,EE2,Synthetic,0.8269992896243368,0.8753174199535367,RandomForest,RandomForest_2
1141,SI_ref_17,Pristine SCG biochar,EE2,Synthetic,0.8244509213990222,0.8753174199535367,RandomForest,RandomForest_2
1142,SI_ref_17,Pristine SCG biochar,EE2,Synthetic,0.859538444436826,0.8650691897872284,RandomForest,RandomForest_2
1148,SI_ref_17,Pristine SCG biochar,EE2,Synthetic,0.823763814163292,0.8650691897872284,RandomForest,RandomForest_2
1157,SI_ref_17,Pristine SCG biochar,IBU,Synthetic,0.9060511140454979,0.951940209825683,RandomForest,RandomForest_2
1159,SI_ref_17,Pristine SCG biochar,IBU,Synthetic,0.9004320791615827,0.9471746596137018,RandomForest,RandomForest_2
1161,SI_ref_17,Pristine SCG biochar,IBU,Synthetic,0.894961472244973,0.9409916092382573,RandomForest,RandomForest_2
1163,SI_ref_17,Pristine SCG biochar,IBU,Synthetic,0.8949151720794959,0.9389693382269415,RandomForest,RandomForest_2
1165,SI_ref_17,Pristine SCG biochar,IBU,Synthetic,0.892599829508416,0.9300648207744894,RandomForest,RandomForest_2
1167,SI_ref_17,Pristine SCG biochar,IBU,Synthetic,0.8914167516338777,0.9263180696266212,RandomForest,RandomForest_2
1169,SI_ref_17,Pristine SCG biochar,IBU,Synthetic,0.886841225533622,0.9242545165608699,RandomForest,RandomForest_2
1173,SI_ref_17,Pristine SCG biochar,IBU,Synthetic,0.9319085004678631,0.9183825085527937,RandomForest,RandomForest_2
1180,SI_ref_17,Pristine SCG biochar,IBU,Synthetic,0.9167234922708469,0.9125334300075876,RandomForest,RandomForest_2
1187,SI_ref_17,Pristine SCG biochar,IBU,Synthetic,0.9448963419259283,0.9183825085527937,RandomForest,RandomForest_2
1189,SI_ref_17,Pristine SCG biochar,IBU,Synthetic,0.9210277046979152,0.9183825085527937,RandomForest,RandomForest_2
1191,SI_ref_17,Pristine SCG biochar,IBU,Synthetic,0.9513456586569363,0.9183825085527937,RandomForest,RandomForest_2
1212,SI_ref_18,Pristine SCW Biochar,DCF,Secondary effluent,0.8964391711737753,0.9100253914369931,RandomForest,RandomForest_2
1214,SI_ref_18,Pristine SCW Biochar,DCF,Lake water,0.9077130214504949,0.9088656586307066,RandomForest,RandomForest_2
1223,SI_ref_18,Pristine SCW Biochar,DCF,Secondary effluent,0.916228597953408,0.9100253914369931,RandomForest,RandomForest_2
1225,SI_ref_18,Pristine SCW Biochar,DCF,Lake water,0.9209005359691885,0.9199082884987989,RandomForest,RandomForest_2
1228,SI_ref_18,Pristine SCW Biochar,DCF,Lake water,0.918118398017722,0.9199082884987989,RandomForest,RandomForest_2
1237,SI_ref_18,Pristine SCW Biochar,DCF,Lake water,0.9176779336906461,0.9199082884987989,RandomForest,RandomForest_2
1238,SI_ref_18,Pristine SCW Biochar,DCF,Lake water,0.9153943997055312,0.9199082884987989,RandomForest,RandomForest_2
1241,SI_ref_18,Pristine SCW Biochar,DCF,Lake water,0.9102639266700783,0.9199082884987989,RandomForest,RandomForest_2
1246,SI_ref_18,Pristine SCW Biochar,DCF,Secondary effluent,0.9052859627037971,0.9113875458199981,RandomForest,RandomForest_2
1270,SI_ref_18,Pristine SCW Biochar,IBU,Secondary effluent,0.8874692330465712,0.8948954234337475,RandomForest,RandomForest_2
1279,SI_ref_18,Pristine SCW Biochar,IBU,Lake water,0.9204127206373283,0.9144807592216709,RandomForest,RandomForest_2
1285,SI_ref_18,Pristine SCW Biochar,IBU,Lake water,0.9175495400890653,0.9144807592216709,RandomForest,RandomForest_2
1289,SI_ref_18,Pristine SCW Biochar,IBU,Lake water,0.91141920930323,0.9144807592216709,RandomForest,RandomForest_2
1303,SI_ref_18,Pristine SCW Biochar,IBU,Secondary effluent,0.9145392250293353,0.9057441350483292,RandomForest,RandomForest_2
1305,SI_ref_18,Pristine SCW Biochar,IBU,Secondary effluent,0.8992133437264335,0.9023421253120338,RandomForest,RandomForest_2
1308,SI_ref_18,Pristine SCW Biochar,NPX,Lake water,0.9299082628630408,0.9277502246996292,RandomForest,RandomForest_2
1310,SI_ref_18,Pristine SCW Biochar,NPX,Lake water,0.9179731197519893,0.9243133033695057,RandomForest,RandomForest_2
1312,SI_ref_18,Pristine SCW Biochar,NPX,Lake water,0.9157588621166984,0.9235012462031503,RandomForest,RandomForest_2
1314,SI_ref_18,Pristine SCW Biochar,NPX,Lake water,0.9211177808704595,0.9250087764975748,RandomForest,RandomForest_2
1316,SI_ref_18,Pristine SCW Biochar,NPX,Lake water,0.9261251958543161,0.9262990612030435,RandomForest,RandomForest_2
1318,SI_ref_18,Pristine SCW Biochar,NPX,Lake water,0.9179250714018231,0.9248503436634032,RandomForest,RandomForest_2
1320,SI_ref_18,Pristine SCW Biochar,NPX,Lake water,0.9238791357631378,0.9243775403893728,RandomForest,RandomForest_2
1325,SI_ref_18,Pristine SCW Biochar,NPX,Secondary effluent,0.8954095327862793,0.9016671585217898,RandomForest,RandomForest_2
1328,SI_ref_18,Pristine SCW Biochar,NPX,Lake water,0.9239571578457322,0.9190058497172625,RandomForest,RandomForest_2
1330,SI_ref_18,Pristine SCW Biochar,NPX,Lake water,0.9241969522882365,0.9190058497172625,RandomForest,RandomForest_2
1337,SI_ref_18,Pristine SCW Biochar,NPX,Secondary effluent,0.9109852392346297,0.9094638825211555,RandomForest,RandomForest_2
1346,SI_ref_18,Pristine SCW Biochar,NPX,Secondary effluent,0.9136165317560039,0.9094638825211555,RandomForest,RandomForest_2
1347,SI_ref_18,Pristine SCW Biochar,NPX,Secondary effluent,0.9038576927569927,0.9094638825211555,RandomForest,RandomForest_2
16,SI_ref_19,AMCB,IBU,Ground water,0.029204625724030753,0.41999229771443397,Ridge,Ridge_1
25,SI_ref_19,AMCB,IBU,Lake water,0.3473743729830984,0.4473312363036327,Ridge,Ridge_1
34,SI_ref_19,AMCB,IBU,Ground water,0.303030777614079,0.3767250319134755,Ridge,Ridge_1
36,SI_ref_19,AMCB,IBU,Ground water,0.41496556078686897,0.41994915299227403,Ridge,Ridge_1
44,SI_ref_19,AMCB,IBU,Ground water,0.5024496962602676,0.3983155449923776,Ridge,Ridge_1
48,SI_ref_19,AMCB,IBU,Ground water,0.03338351934448727,0.419920439613165,Ridge,Ridge_1
55,SI_ref_19,AMCB,IBU,Lake water,0.34535416691700616,0.447259427948466,Ridge,Ridge_1
64,SI_ref_19,AMCB,IBU,Ground water,0.3258728934993643,0.37665327323558206,Ridge,Ridge_1
66,SI_ref_19,AMCB,IBU,Ground water,0.4885549946229274,0.4198774439229674,Ridge,Ridge_1
74,SI_ref_19,AMCB,IBU,Ground water,0.5226317382792791,0.39824388546311373,Ridge,Ridge_1
78,SI_ref_19,AMCB,IBU,Ground water,0.025848755777109534,0.41984882955554187,Ridge,Ridge_1
85,SI_ref_19,AMCB,IBU,Lake water,0.32220691257344963,0.44718786729422316,Ridge,Ridge_1
94,SI_ref_19,AMCB,IBU,Ground water,0.3191737471997417,0.37658176191660014,Ridge,Ridge_1
96,SI_ref_19,AMCB,IBU,Ground water,0.45590621693388655,0.419805981871268,Ridge,Ridge_1
106,SI_ref_19,AMCB,IBU,Ground water,0.3644459510905023,0.4239884816417686,Ridge,Ridge_1
112,SI_ref_19,AMCB,IBU,Ground water,0.5464029950150356,0.3981724726108586,Ridge,Ridge_1
140,SI_ref_17,Alkali-modified SCG biochars,CBZ,Synthetic,0.006132526431344026,0.16795292774852677,Ridge,Ridge_1
146,SI_ref_17,Alkali-modified SCG biochars,CBZ,Synthetic,0.6777397154224275,0.2779094165014375,Ridge,Ridge_1
151,SI_ref_17,Alkali-modified SCG biochars,CBZ,Synthetic,0.4516798693491866,0.16795292774852677,Ridge,Ridge_1
168,SI_ref_17,Alkali-modified SCG biochars,EE2,Synthetic,0.0796235147045166,0.26343009295784625,Ridge,Ridge_1
176,SI_ref_17,Alkali-modified SCG biochars,EE2,Synthetic,0.07754174693450858,0.31506211101966636,Ridge,Ridge_1
181,SI_ref_17,Alkali-modified SCG biochars,EE2,Synthetic,0.7086029202646077,0.31506211101966636,Ridge,Ridge_1
190,SI_ref_17,Alkali-modified SCG biochars,IBU,Synthetic,0.22674008618295227,0.34535223593430664,Ridge,Ridge_1
192,SI_ref_17,Alkali-modified SCG biochars,IBU,Synthetic,0.18762987622773672,0.3313099425609324,Ridge,Ridge_1
194,SI_ref_17,Alkali-modified SCG biochars,IBU,Synthetic,0.0964989432139522,0.30874675066847057,Ridge,Ridge_1
196,SI_ref_17,Alkali-modified SCG biochars,IBU,Synthetic,0.056403766337859394,0.29442451314391394,Ridge,Ridge_1
198,SI_ref_17,Alkali-modified SCG biochars,IBU,Synthetic,0.04365646649895644,0.2860321363360725,Ridge,Ridge_1
200,SI_ref_17,Alkali-modified SCG biochars,IBU,Synthetic,0.05275302685215311,0.2800736417238282,Ridge,Ridge_1
202,SI_ref_17,Alkali-modified SCG biochars,IBU,Synthetic,0.051463060103218494,0.2741127528161008,Ridge,Ridge_1
206,SI_ref_17,Alkali-modified SCG biochars,IBU,Synthetic,0.05901922048526246,0.2657084086740923,Ridge,Ridge_1
213,SI_ref_17,Alkali-modified SCG biochars,IBU,Synthetic,0.33928547446435453,0.37566489742700304,Ridge,Ridge_1
220,SI_ref_17,Alkali-modified SCG biochars,IBU,Synthetic,0.004839210099114782,0.2657084086740923,Ridge,Ridge_1
222,SI_ref_17,Alkali-modified SCG biochars,IBU,Synthetic,0.04374442489311713,0.2657084086740923,Ridge,Ridge_1
224,SI_ref_17,Alkali-modified SCG biochars,IBU,Synthetic,0.2945083196339574,0.2657084086740923,Ridge,Ridge_1
229,SI_ref_16,C-Biochar,ATE,Synthetic,0.8511111111111113,0.729021517541332,Ridge,Ridge_1
231,SI_ref_16,C-Biochar,ATE,Synthetic,0.7400000000000001,0.8022727819457811,Ridge,Ridge_1
235,SI_ref_16,C-Biochar,ATE,Synthetic,0.8511111111111113,0.7806535356031521,Ridge,Ridge_1
238,SI_ref_16,C-Biochar,ATE,Synthetic,0.6733333333333335,0.7590342892605232,Ridge,Ridge_1
250,SI_ref_16,C-Biochar,CBZ,Synthetic,0.4840388007054674,0.5635122416461115,Ridge,Ridge_1
251,SI_ref_16,C-Biochar,CBZ,Synthetic,0.5325396825396824,0.5635122416461115,Ridge,Ridge_1
252,SI_ref_16,C-Biochar,CBZ,Synthetic,0.4258377425044091,0.5635122416461115,Ridge,Ridge_1
258,SI_ref_16,C-Biochar,CBZ,Synthetic,0.4990079365079365,0.5635122416461115,Ridge,Ridge_1
264,SI_ref_16,C-Biochar,IBU,Synthetic,0.7333333333333333,0.635451713540767,Ridge,Ridge_1
266,SI_ref_16,C-Biochar,IBU,Synthetic,0.6121212121212122,0.6612677225716771,Ridge,Ridge_1
271,SI_ref_16,C-Biochar,IBU,Synthetic,0.6000000000000001,0.6612677225716771,Ridge,Ridge_1
277,SI_ref_16,C-Biochar,IBU,Synthetic,0.7844444444444444,0.6612677225716771,Ridge,Ridge_1
278,SI_ref_16,C-Biochar,IBU,Synthetic,0.8430555555555557,0.6612677225716771,Ridge,Ridge_1
279,SI_ref_16,C-Biochar,IBU,Synthetic,0.861111111111111,0.6612677225716771,Ridge,Ridge_1
296,SI_ref_19,CB,IBU,Ground water,0.9945207101387852,0.9209712971258888,Ridge,Ridge_1
303,SI_ref_19,CB,IBU,Lake water,0.9505925590656487,0.9483246272613425,Ridge,Ridge_1
314,SI_ref_19,CB,IBU,Ground water,0.917590560186213,0.877732804440631,Ridge,Ridge_1
316,SI_ref_19,CB,IBU,Ground water,0.9236132062907854,0.9251680598141699,Ridge,Ridge_1
320,SI_ref_19,CB,IBU,Ground water,0.9303445651202417,0.9209712971258888,Ridge,Ridge_1
328,SI_ref_19,CB,IBU,Ground water,0.9241489703794897,0.8993520507832599,Ridge,Ridge_1
340,SI_ref_14,GCRB,ALA,Synthetic,0.9700055250053173,1.0039882489579621,Ridge,Ridge_1
361,SI_ref_14,GCRB,DIU,Synthetic,0.9291396445453227,0.8212728406422773,Ridge,Ridge_1
363,SI_ref_14,GCRB,DIU,Synthetic,0.9527369648004039,0.8729048587040974,Ridge,Ridge_1
365,SI_ref_14,GCRB,DIU,Synthetic,0.9265327424413893,0.8729048587040974,Ridge,Ridge_1
367,SI_ref_14,GCRB,DIU,Synthetic,0.9238760352548926,0.8729048587040974,Ridge,Ridge_1
369,SI_ref_14,GCRB,DIU,Synthetic,0.9147016410628197,0.8512856123614685,Ridge,Ridge_1
374,SI_ref_14,GCRB,DIU,Synthetic,1.0082496176169822,0.8729048587040974,Ridge,Ridge_1
390,SI_ref_14,GCRB,SIM,Synthetic,0.9757367710073495,1.0357566290525408,Ridge,Ridge_1
406,SI_ref_14,GCRB-N,ALA,Synthetic,0.4281694326598611,0.511322299316777,Ridge,Ridge_1
446,SI_ref_14,GCRB-N,DIU,Synthetic,0.2075726875081201,0.3286068910010921,Ridge,Ridge_1
448,SI_ref_14,GCRB-N,DIU,Synthetic,0.1819381767074788,0.38023890906291224,Ridge,Ridge_1
450,SI_ref_14,GCRB-N,DIU,Synthetic,0.1736169508150928,0.3586196627202833,Ridge,Ridge_1
453,SI_ref_14,GCRB-N,DIU,Synthetic,0.1683505359330984,0.3802245175166573,Ridge,Ridge_1
456,SI_ref_14,GCRB-N,DIU,Synthetic,0.1402528461142079,0.3801957643407523,Ridge,Ridge_1
459,SI_ref_14,GCRB-N,DIU,Synthetic,0.6455190877003087,0.38018140268348477,Ridge,Ridge_1
460,SI_ref_14,GCRB-N,DIU,Synthetic,0.12138562309836234,0.38016705096164327,Ridge,Ridge_1
462,SI_ref_14,GCRB-N,DIU,Synthetic,0.16773925939532233,0.3801527091614907,Ridge,Ridge_1
465,SI_ref_14,GCRB-N,DIU,Synthetic,0.1405827183894587,0.38012405527144566,Ridge,Ridge_1
468,SI_ref_14,GCRB-N,DIU,Synthetic,0.6564705601884918,0.38010974315422086,Ridge,Ridge_1
469,SI_ref_14,GCRB-N,DIU,Synthetic,0.12617131727344172,0.38009544090402014,Ridge,Ridge_1
471,SI_ref_14,GCRB-N,DIU,Synthetic,0.1676281074261493,0.38008114850724783,Ridge,Ridge_1
474,SI_ref_14,GCRB-N,DIU,Synthetic,0.14041778225183332,0.3800525932197462,Ridge,Ridge_1
477,SI_ref_14,GCRB-N,DIU,Synthetic,0.6413243626564091,0.38003833030196577,Ridge,Ridge_1
478,SI_ref_14,GCRB-N,DIU,Synthetic,0.12377847018590202,0.3800240771835113,Ridge,Ridge_1
490,SI_ref_14,GCRB-N,SIM,Synthetic,0.38105997172266487,0.5430906794113559,Ridge,Ridge_1
537,SI_ref_19,MCB,IBU,Ground water,0.9902068659306948,0.8460102515258381,Ridge,Ridge_1
546,SI_ref_19,MCB,IBU,Lake water,0.9468798357239083,0.8733491901150369,Ridge,Ridge_1
555,SI_ref_19,MCB,IBU,Ground water,0.910886274193223,0.8027429857248797,Ridge,Ridge_1
561,SI_ref_19,MCB,IBU,Ground water,0.9227697266379059,0.8501638694919593,Ridge,Ridge_1
565,SI_ref_19,MCB,IBU,Ground water,0.9254612605703445,0.8459671068036781,Ridge,Ridge_1
573,SI_ref_19,MCB,IBU,Ground water,0.9222883610163676,0.8243334988037816,Ridge,Ridge_1
577,SI_ref_19,MCB,IBU,Ground water,0.9896236049163454,0.8459383934245691,Ridge,Ridge_1
584,SI_ref_19,MCB,IBU,Lake water,0.9474280457633885,0.8732773817598702,Ridge,Ridge_1
593,SI_ref_19,MCB,IBU,Ground water,0.911624129649438,0.8026712270469862,Ridge,Ridge_1
595,SI_ref_19,MCB,IBU,Ground water,0.9248851497651674,0.8458953977343715,Ridge,Ridge_1
603,SI_ref_19,MCB,IBU,Ground water,0.920786534541565,0.8242618392745178,Ridge,Ridge_1
607,SI_ref_19,MCB,IBU,Ground water,0.9861765121394982,0.845866783366946,Ridge,Ridge_1
614,SI_ref_19,MCB,IBU,Lake water,0.9465039927474991,0.8732058211056274,Ridge,Ridge_1
623,SI_ref_19,MCB,IBU,Ground water,0.9103224686673798,0.8025997157280044,Ridge,Ridge_1
625,SI_ref_19,MCB,IBU,Ground water,0.9258221154816445,0.8458239356826721,Ridge,Ridge_1
633,SI_ref_19,MCB,IBU,Ground water,0.9216175906678238,0.8241904264222627,Ridge,Ridge_1
653,SI_ref_18,NaOH-activated SCW biochars,DCF,Lake water,0.060393710525153486,0.44686917827916095,Ridge,Ridge_1
654,SI_ref_18,NaOH-activated SCW biochars,DCF,Secondary effluent,0.1736813951376961,0.4566549169245439,Ridge,Ridge_1
657,SI_ref_18,NaOH-activated SCW biochars,DCF,Lake water,0.4098052873550469,0.4210531692482509,Ridge,Ridge_1
666,SI_ref_18,NaOH-activated SCW biochars,DCF,Secondary effluent,0.6160844980694858,0.4566549169245439,Ridge,Ridge_1
668,SI_ref_18,NaOH-activated SCW biochars,DCF,Lake water,0.5638671837826676,0.44686917827916095,Ridge,Ridge_1
671,SI_ref_18,NaOH-activated SCW biochars,DCF,Lake water,0.5111881637893111,0.44686917827916095,Ridge,Ridge_1
680,SI_ref_18,NaOH-activated SCW biochars,DCF,Lake water,0.5451956691534918,0.44686917827916095,Ridge,Ridge_1
681,SI_ref_18,NaOH-activated SCW biochars,DCF,Lake water,0.5155236787057735,0.44686917827916095,Ridge,Ridge_1
684,SI_ref_18,NaOH-activated SCW biochars,DCF,Lake water,0.5054530420964745,0.44686917827916095,Ridge,Ridge_1
689,SI_ref_18,NaOH-activated SCW biochars,DCF,Secondary effluent,0.6862219778123194,0.482470925955454,Ridge,Ridge_1
717,SI_ref_18,NaOH-activated SCW biochars,IBU,Secondary effluent,0.5431517029603264,0.47106676474616127,Ridge,Ridge_1
726,SI_ref_18,NaOH-activated SCW biochars,IBU,Lake water,0.6298354173553987,0.48709703513168834,Ridge,Ridge_1
732,SI_ref_18,NaOH-activated SCW biochars,IBU,Lake water,0.6159420233488258,0.48709703513168834,Ridge,Ridge_1
736,SI_ref_18,NaOH-activated SCW biochars,IBU,Lake water,0.6281995086504742,0.48709703513168834,Ridge,Ridge_1
750,SI_ref_18,NaOH-activated SCW biochars,IBU,Secondary effluent,0.811827151849907,0.5485147918388915,Ridge,Ridge_1
751,SI_ref_18,NaOH-activated SCW biochars,IBU,Lake water,0.6869669848084122,0.48709703513168834,Ridge,Ridge_1
754,SI_ref_18,NaOH-activated SCW biochars,IBU,Secondary effluent,0.7786423949758233,0.49688277377707135,Ridge,Ridge_1
757,SI_ref_18,NaOH-activated SCW biochars,NPX,Lake water,0.20620314882650506,0.30865684580570435,Ridge,Ridge_1
759,SI_ref_18,NaOH-activated SCW biochars,NPX,Lake water,0.23676500653660967,0.2946145524323301,Ridge,Ridge_1
761,SI_ref_18,NaOH-activated SCW biochars,NPX,Lake water,0.21090148006849843,0.2804056729409001,Ridge,Ridge_1
763,SI_ref_18,NaOH-activated SCW biochars,NPX,Lake water,0.14381242837395034,0.2661119507993048,Ridge,Ridge_1
765,SI_ref_18,NaOH-activated SCW biochars,NPX,Lake water,0.049549349058709447,0.2517754111888825,Ridge,Ridge_1
767,SI_ref_18,NaOH-activated SCW biochars,NPX,Lake water,0.0742796412273446,0.24337825159522586,Ridge,Ridge_1
769,SI_ref_18,NaOH-activated SCW biochars,NPX,Lake water,0.041917196066405205,0.23741736268749858,Ridge,Ridge_1
773,SI_ref_18,NaOH-activated SCW biochars,NPX,Lake water,0.02383921541973232,0.22901301854549005,Ridge,Ridge_1
776,SI_ref_18,NaOH-activated SCW biochars,NPX,Secondary effluent,0.048092629555703405,0.212982748159963,Ridge,Ridge_1
779,SI_ref_18,NaOH-activated SCW biochars,NPX,Lake water,0.0651330447328621,0.22901301854549005,Ridge,Ridge_1
781,SI_ref_18,NaOH-activated SCW biochars,NPX,Lake water,0.04234525136924403,0.22901301854549005,Ridge,Ridge_1
788,SI_ref_18,NaOH-activated SCW biochars,NPX,Secondary effluent,0.09141898602740345,0.23879875719087296,Ridge,Ridge_1
798,SI_ref_18,NaOH-activated SCW biochars,NPX,Secondary effluent,0.15082313311850198,0.23879875719087296,Ridge,Ridge_1
800,SI_ref_18,NaOH-activated SCW biochars,NPX,Secondary effluent,0.24701864815812044,0.23879875719087296,Ridge,Ridge_1
871,SI_ref_13,PB600,CBZ,Synthetic,0.6953242835595775,0.5097524210637634,Ridge,Ridge_1
881,SI_ref_13,PB600,IBU,Synthetic,0.2096102913356035,0.6218731350390647,Ridge,Ridge_1
918,SI_ref_13,PB800,CBZ,Synthetic,0.30905619203491547,0.2915410085561585,Ridge,Ridge_1
928,SI_ref_13,PB800,IBU,Synthetic,0.23013048635824437,0.40366172253145993,Ridge,Ridge_1
954,SI_ref_15,PSB,CAR,Synthetic,0.9395494569882223,0.8418688751371219,Ridge,Ridge_1
955,SI_ref_15,PSB,CAR,Synthetic,0.9231398092867221,0.8418688751371219,Ridge,Ridge_1
957,SI_ref_15,PSB,CAR,Synthetic,0.9436310458092197,0.893500893198942,Ridge,Ridge_1
964,SI_ref_15,PSB,CAR,Synthetic,0.9383522096618221,0.8418688751371219,Ridge,Ridge_1
978,SI_ref_15,PSB,PYR,Synthetic,0.919631586959635,0.9029417088193799,Ridge,Ridge_1
985,SI_ref_15,PSB,PYR,Synthetic,0.9775942152304119,0.9029417088193799,Ridge,Ridge_1
994,SI_ref_15,PSB,TEB,Synthetic,0.9362126098667423,0.8929787209842255,Ridge,Ridge_1
1000,SI_ref_15,PSB,TEB,Synthetic,0.8714762044822667,0.8929787209842255,Ridge,Ridge_1
1015,SI_ref_15,PSBOX-A,CAR,Synthetic,0.03563496474916306,0.19910568506783077,Ridge,Ridge_1
1016,SI_ref_15,PSBOX-A,CAR,Synthetic,0.026325197069833068,0.19910568506783077,Ridge,Ridge_1
1018,SI_ref_15,PSBOX-A,CAR,Synthetic,0.034457194657534405,0.25073770312965094,Ridge,Ridge_1
1025,SI_ref_15,PSBOX-A,CAR,Synthetic,0.0497879777437964,0.19910568506783077,Ridge,Ridge_1
1040,SI_ref_15,PSBOX-A,PYR,Synthetic,0.5200236643843362,0.23855927240745967,Ridge,Ridge_1
1043,SI_ref_15,PSBOX-A,PYR,Synthetic,0.08786555053416333,0.26017851875008857,Ridge,Ridge_1
1050,SI_ref_15,PSBOX-A,PYR,Synthetic,0.48794917248977554,0.26017851875008857,Ridge,Ridge_1
1059,SI_ref_15,PSBOX-A,TEB,Synthetic,0.07277962857952934,0.2502155309149343,Ridge,Ridge_1
1061,SI_ref_15,PSBOX-A,TEB,Synthetic,0.5163778457532948,0.27183477725756333,Ridge,Ridge_1
1070,SI_ref_15,PSBOX-A,TEB,Synthetic,0.04527670142322688,0.2502155309149343,Ridge,Ridge_1
1101,SI_ref_17,Pristine SCG biochar,CBZ,Synthetic,0.9071468090110305,0.7506855903036929,Ridge,Ridge_1
1108,SI_ref_17,Pristine SCG biochar,CBZ,Synthetic,0.8967497590877974,0.8606420790566036,Ridge,Ridge_1
1113,SI_ref_17,Pristine SCG biochar,CBZ,Synthetic,0.9373850128799738,0.7506855903036929,Ridge,Ridge_1
1130,SI_ref_17,Pristine SCG biochar,EE2,Synthetic,0.817422791958414,0.8461627555130123,Ridge,Ridge_1
1137,SI_ref_17,Pristine SCG biochar,EE2,Synthetic,0.8257334628724249,0.7878382848219218,Ridge,Ridge_1
1139,SI_ref_17,Pristine SCG biochar,EE2,Synthetic,0.8269992896243368,0.7878382848219218,Ridge,Ridge_1
1141,SI_ref_17,Pristine SCG biochar,EE2,Synthetic,0.8244509213990222,0.7878382848219218,Ridge,Ridge_1
1142,SI_ref_17,Pristine SCG biochar,EE2,Synthetic,0.859538444436826,0.8977947735748324,Ridge,Ridge_1
1148,SI_ref_17,Pristine SCG biochar,EE2,Synthetic,0.823763814163292,0.8977947735748324,Ridge,Ridge_1
1157,SI_ref_17,Pristine SCG biochar,IBU,Synthetic,0.9060511140454979,0.9280848984894726,Ridge,Ridge_1
1159,SI_ref_17,Pristine SCG biochar,IBU,Synthetic,0.9004320791615827,0.9140426051160985,Ridge,Ridge_1
1161,SI_ref_17,Pristine SCG biochar,IBU,Synthetic,0.894961472244973,0.8914794132236367,Ridge,Ridge_1
1163,SI_ref_17,Pristine SCG biochar,IBU,Synthetic,0.8949151720794959,0.87715717569908,Ridge,Ridge_1
1165,SI_ref_17,Pristine SCG biochar,IBU,Synthetic,0.892599829508416,0.8687647988912386,Ridge,Ridge_1
1167,SI_ref_17,Pristine SCG biochar,IBU,Synthetic,0.8914167516338777,0.8628063042789942,Ridge,Ridge_1
1169,SI_ref_17,Pristine SCG biochar,IBU,Synthetic,0.886841225533622,0.8568454153712669,Ridge,Ridge_1
1173,SI_ref_17,Pristine SCG biochar,IBU,Synthetic,0.9319085004678631,0.8484410712292584,Ridge,Ridge_1
1180,SI_ref_17,Pristine SCG biochar,IBU,Synthetic,0.9167234922708469,0.9583975599821691,Ridge,Ridge_1
1187,SI_ref_17,Pristine SCG biochar,IBU,Synthetic,0.9448963419259283,0.8484410712292584,Ridge,Ridge_1
1189,SI_ref_17,Pristine SCG biochar,IBU,Synthetic,0.9210277046979152,0.8484410712292584,Ridge,Ridge_1
1191,SI_ref_17,Pristine SCG biochar,IBU,Synthetic,0.9513456586569363,0.8484410712292584,Ridge,Ridge_1
1212,SI_ref_18,Pristine SCW Biochar,DCF,Secondary effluent,0.8964391711737753,1.0168154611193023,Ridge,Ridge_1
1214,SI_ref_18,Pristine SCW Biochar,DCF,Lake water,0.9077130214504949,0.9812137134430092,Ridge,Ridge_1
1223,SI_ref_18,Pristine SCW Biochar,DCF,Secondary effluent,0.916228597953408,1.0168154611193023,Ridge,Ridge_1
1225,SI_ref_18,Pristine SCW Biochar,DCF,Lake water,0.9209005359691885,1.0070297224739193,Ridge,Ridge_1
1228,SI_ref_18,Pristine SCW Biochar,DCF,Lake water,0.918118398017722,1.0070297224739193,Ridge,Ridge_1
1237,SI_ref_18,Pristine SCW Biochar,DCF,Lake water,0.9176779336906461,1.0070297224739193,Ridge,Ridge_1
1238,SI_ref_18,Pristine SCW Biochar,DCF,Lake water,0.9153943997055312,1.0070297224739193,Ridge,Ridge_1
1241,SI_ref_18,Pristine SCW Biochar,DCF,Lake water,0.9102639266700783,1.0070297224739193,Ridge,Ridge_1
1246,SI_ref_18,Pristine SCW Biochar,DCF,Secondary effluent,0.9052859627037971,1.0426314701502124,Ridge,Ridge_1
1270,SI_ref_18,Pristine SCW Biochar,IBU,Secondary effluent,0.8874692330465712,1.0312273089409196,Ridge,Ridge_1
1279,SI_ref_18,Pristine SCW Biochar,IBU,Lake water,0.9204127206373283,1.0472575793264467,Ridge,Ridge_1
1285,SI_ref_18,Pristine SCW Biochar,IBU,Lake water,0.9175495400890653,1.0472575793264467,Ridge,Ridge_1
1289,SI_ref_18,Pristine SCW Biochar,IBU,Lake water,0.91141920930323,1.0472575793264467,Ridge,Ridge_1
1303,SI_ref_18,Pristine SCW Biochar,IBU,Secondary effluent,0.9145392250293353,1.1086753360336499,Ridge,Ridge_1
1305,SI_ref_18,Pristine SCW Biochar,IBU,Secondary effluent,0.8992133437264335,1.0570433179718297,Ridge,Ridge_1
1308,SI_ref_18,Pristine SCW Biochar,NPX,Lake water,0.9299082628630408,0.8688173900004628,Ridge,Ridge_1
1310,SI_ref_18,Pristine SCW Biochar,NPX,Lake water,0.9179731197519893,0.8547750966270885,Ridge,Ridge_1
1312,SI_ref_18,Pristine SCW Biochar,NPX,Lake water,0.9157588621166984,0.8405662171356585,Ridge,Ridge_1
1314,SI_ref_18,Pristine SCW Biochar,NPX,Lake water,0.9211177808704595,0.8262724949940632,Ridge,Ridge_1
1316,SI_ref_18,Pristine SCW Biochar,NPX,Lake water,0.9261251958543161,0.8119359553836408,Ridge,Ridge_1
1318,SI_ref_18,Pristine SCW Biochar,NPX,Lake water,0.9179250714018231,0.8035387957899843,Ridge,Ridge_1
1320,SI_ref_18,Pristine SCW Biochar,NPX,Lake water,0.9238791357631378,0.7975779068822569,Ridge,Ridge_1
1325,SI_ref_18,Pristine SCW Biochar,NPX,Secondary effluent,0.8954095327862793,0.7731432923547213,Ridge,Ridge_1
1328,SI_ref_18,Pristine SCW Biochar,NPX,Lake water,0.9239571578457322,0.7891735627402484,Ridge,Ridge_1
1330,SI_ref_18,Pristine SCW Biochar,NPX,Lake water,0.9241969522882365,0.7891735627402484,Ridge,Ridge_1
1337,SI_ref_18,Pristine SCW Biochar,NPX,Secondary effluent,0.9109852392346297,0.7989593013856314,Ridge,Ridge_1
1346,SI_ref_18,Pristine SCW Biochar,NPX,Secondary effluent,0.9136165317560039,0.7989593013856314,Ridge,Ridge_1
1347,SI_ref_18,Pristine SCW Biochar,NPX,Secondary effluent,0.9038576927569927,0.7989593013856314,Ridge,Ridge_1
16,SI_ref_19,AMCB,IBU,Ground water,0.029204625724030753,0.3650530522290323,SVR,SVR_1
25,SI_ref_19,AMCB,IBU,Lake water,0.3473743729830984,0.48483413959983507,SVR,SVR_1
34,SI_ref_19,AMCB,IBU,Ground water,0.303030777614079,0.3717980738736699,SVR,SVR_1
36,SI_ref_19,AMCB,IBU,Ground water,0.41496556078686897,0.36508850029565354,SVR,SVR_1
44,SI_ref_19,AMCB,IBU,Ground water,0.5024496962602676,0.3059185953729875,SVR,SVR_1
48,SI_ref_19,AMCB,IBU,Ground water,0.03338351934448727,0.36511217692532705,SVR,SVR_1
55,SI_ref_19,AMCB,IBU,Lake water,0.34535416691700616,0.48492065952373264,SVR,SVR_1
64,SI_ref_19,AMCB,IBU,Ground water,0.3258728934993643,0.3718539851836862,SVR,SVR_1
66,SI_ref_19,AMCB,IBU,Ground water,0.4885549946229274,0.3651477581508187,SVR,SVR_1
74,SI_ref_19,AMCB,IBU,Ground water,0.5226317382792791,0.305992400585451,SVR,SVR_1
78,SI_ref_19,AMCB,IBU,Ground water,0.025848755777109534,0.3651715228094974,SVR,SVR_1
85,SI_ref_19,AMCB,IBU,Lake water,0.32220691257344963,0.4850071158283344,SVR,SVR_1
94,SI_ref_19,AMCB,IBU,Ground water,0.3191737471997417,0.37191012055015715,SVR,SVR_1
96,SI_ref_19,AMCB,IBU,Ground water,0.45590621693388655,0.36520723497191043,SVR,SVR_1
106,SI_ref_19,AMCB,IBU,Ground water,0.3644459510905023,0.43807207680730487,SVR,SVR_1
112,SI_ref_19,AMCB,IBU,Ground water,0.5464029950150356,0.306066519897154,SVR,SVR_1
140,SI_ref_17,Alkali-modified SCG biochars,CBZ,Synthetic,0.006132526431344026,0.06506498381093906,SVR,SVR_1
146,SI_ref_17,Alkali-modified SCG biochars,CBZ,Synthetic,0.6777397154224275,0.24479362372039215,SVR,SVR_1
151,SI_ref_17,Alkali-modified SCG biochars,CBZ,Synthetic,0.4516798693491866,0.06506498381093906,SVR,SVR_1
168,SI_ref_17,Alkali-modified SCG biochars,EE2,Synthetic,0.0796235147045166,0.10922149016976945,SVR,SVR_1
176,SI_ref_17,Alkali-modified SCG biochars,EE2,Synthetic,0.07754174693450858,0.15825880711279172,SVR,SVR_1
181,SI_ref_17,Alkali-modified SCG biochars,EE2,Synthetic,0.7086029202646077,0.15825880711279172,SVR,SVR_1
190,SI_ref_17,Alkali-modified SCG biochars,IBU,Synthetic,0.22674008618295227,0.4758915430216627,SVR,SVR_1
192,SI_ref_17,Alkali-modified SCG biochars,IBU,Synthetic,0.18762987622773672,0.3894584379528899,SVR,SVR_1
194,SI_ref_17,Alkali-modified SCG biochars,IBU,Synthetic,0.0964989432139522,0.2600489675233056,SVR,SVR_1
196,SI_ref_17,Alkali-modified SCG biochars,IBU,Synthetic,0.056403766337859394,0.2002276512603377,SVR,SVR_1
198,SI_ref_17,Alkali-modified SCG biochars,IBU,Synthetic,0.04365646649895644,0.1771903801951633,SVR,SVR_1
200,SI_ref_17,Alkali-modified SCG biochars,IBU,Synthetic,0.05275302685215311,0.16685025843483803,SVR,SVR_1
202,SI_ref_17,Alkali-modified SCG biochars,IBU,Synthetic,0.051463060103218494,0.16163903610959907,SVR,SVR_1
206,SI_ref_17,Alkali-modified SCG biochars,IBU,Synthetic,0.05901922048526246,0.16290928349834805,SVR,SVR_1
213,SI_ref_17,Alkali-modified SCG biochars,IBU,Synthetic,0.33928547446435453,0.37466652513789434,SVR,SVR_1
220,SI_ref_17,Alkali-modified SCG biochars,IBU,Synthetic,0.004839210099114782,0.16290928349834805,SVR,SVR_1
222,SI_ref_17,Alkali-modified SCG biochars,IBU,Synthetic,0.04374442489311713,0.16290928349834805,SVR,SVR_1
224,SI_ref_17,Alkali-modified SCG biochars,IBU,Synthetic,0.2945083196339574,0.16290928349834805,SVR,SVR_1
229,SI_ref_16,C-Biochar,ATE,Synthetic,0.8511111111111113,0.6343160743605684,SVR,SVR_1
231,SI_ref_16,C-Biochar,ATE,Synthetic,0.7400000000000001,0.738198404275062,SVR,SVR_1
235,SI_ref_16,C-Biochar,ATE,Synthetic,0.8511111111111113,0.8094279565969582,SVR,SVR_1
238,SI_ref_16,C-Biochar,ATE,Synthetic,0.6733333333333335,0.7234849018174342,SVR,SVR_1
250,SI_ref_16,C-Biochar,CBZ,Synthetic,0.4840388007054674,0.5635055159426035,SVR,SVR_1
251,SI_ref_16,C-Biochar,CBZ,Synthetic,0.5325396825396824,0.5635055159426035,SVR,SVR_1
252,SI_ref_16,C-Biochar,CBZ,Synthetic,0.4258377425044091,0.5635055159426035,SVR,SVR_1
258,SI_ref_16,C-Biochar,CBZ,Synthetic,0.4990079365079365,0.5635055159426035,SVR,SVR_1
264,SI_ref_16,C-Biochar,IBU,Synthetic,0.7333333333333333,0.4633310155402075,SVR,SVR_1
266,SI_ref_16,C-Biochar,IBU,Synthetic,0.6121212121212122,0.57588600927155,SVR,SVR_1
271,SI_ref_16,C-Biochar,IBU,Synthetic,0.6000000000000001,0.57588600927155,SVR,SVR_1
277,SI_ref_16,C-Biochar,IBU,Synthetic,0.7844444444444444,0.57588600927155,SVR,SVR_1
278,SI_ref_16,C-Biochar,IBU,Synthetic,0.8430555555555557,0.57588600927155,SVR,SVR_1
279,SI_ref_16,C-Biochar,IBU,Synthetic,0.861111111111111,0.57588600927155,SVR,SVR_1
296,SI_ref_19,CB,IBU,Ground water,0.9945207101387852,0.9519214635567332,SVR,SVR_1
303,SI_ref_19,CB,IBU,Lake water,0.9505925590656487,0.9521475197387906,SVR,SVR_1
314,SI_ref_19,CB,IBU,Ground water,0.917590560186213,0.9376622156844188,SVR,SVR_1
316,SI_ref_19,CB,IBU,Ground water,0.9236132062907854,0.9528559379551107,SVR,SVR_1
320,SI_ref_19,CB,IBU,Ground water,0.9303445651202417,0.9519214635567332,SVR,SVR_1
328,SI_ref_19,CB,IBU,Ground water,0.9241489703794897,0.9433194055743672,SVR,SVR_1
340,SI_ref_14,GCRB,ALA,Synthetic,0.9700055250053173,0.9823200074255496,SVR,SVR_1
361,SI_ref_14,GCRB,DIU,Synthetic,0.9291396445453227,0.9238762935115004,SVR,SVR_1
363,SI_ref_14,GCRB,DIU,Synthetic,0.9527369648004039,0.9459879389498703,SVR,SVR_1
365,SI_ref_14,GCRB,DIU,Synthetic,0.9265327424413893,0.9459879389498703,SVR,SVR_1
367,SI_ref_14,GCRB,DIU,Synthetic,0.9238760352548926,0.9459879389498703,SVR,SVR_1
369,SI_ref_14,GCRB,DIU,Synthetic,0.9147016410628197,0.9216578441860714,SVR,SVR_1
374,SI_ref_14,GCRB,DIU,Synthetic,1.0082496176169822,0.9459879389498703,SVR,SVR_1
390,SI_ref_14,GCRB,SIM,Synthetic,0.9757367710073495,0.9831970152540617,SVR,SVR_1
406,SI_ref_14,GCRB-N,ALA,Synthetic,0.4281694326598611,0.5171631810047851,SVR,SVR_1
446,SI_ref_14,GCRB-N,DIU,Synthetic,0.2075726875081201,0.3548622494104876,SVR,SVR_1
448,SI_ref_14,GCRB-N,DIU,Synthetic,0.1819381767074788,0.25408970816985305,SVR,SVR_1
450,SI_ref_14,GCRB-N,DIU,Synthetic,0.1736169508150928,0.28069788765084314,SVR,SVR_1
453,SI_ref_14,GCRB-N,DIU,Synthetic,0.1683505359330984,0.2540998440806358,SVR,SVR_1
456,SI_ref_14,GCRB-N,DIU,Synthetic,0.1402528461142079,0.25412020485601367,SVR,SVR_1
459,SI_ref_14,GCRB-N,DIU,Synthetic,0.6455190877003087,0.25413042957074927,SVR,SVR_1
460,SI_ref_14,GCRB-N,DIU,Synthetic,0.12138562309836234,0.2541406837372958,SVR,SVR_1
462,SI_ref_14,GCRB-N,DIU,Synthetic,0.16773925939532233,0.2541509672812007,SVR,SVR_1
465,SI_ref_14,GCRB-N,DIU,Synthetic,0.1405827183894587,0.2541716222044249,SVR,SVR_1
468,SI_ref_14,GCRB-N,DIU,Synthetic,0.6564705601884918,0.2541819934358881,SVR,SVR_1
469,SI_ref_14,GCRB-N,DIU,Synthetic,0.12617131727344172,0.2541923937490064,SVR,SVR_1
471,SI_ref_14,GCRB-N,DIU,Synthetic,0.1676281074261493,0.25420282307035696,SVR,SVR_1
474,SI_ref_14,GCRB-N,DIU,Synthetic,0.14041778225183332,0.25422376844498273,SVR,SVR_1
477,SI_ref_14,GCRB-N,DIU,Synthetic,0.6413243626564091,0.2542342843523817,SVR,SVR_1
478,SI_ref_14,GCRB-N,DIU,Synthetic,0.12377847018590202,0.2542448289762359,SVR,SVR_1
490,SI_ref_14,GCRB-N,SIM,Synthetic,0.38105997172266487,0.5368075685827265,SVR,SVR_1
537,SI_ref_19,MCB,IBU,Ground water,0.9902068659306948,0.9157030105762192,SVR,SVR_1
546,SI_ref_19,MCB,IBU,Lake water,0.9468798357239083,0.9477145515755558,SVR,SVR_1
555,SI_ref_19,MCB,IBU,Ground water,0.910886274193223,0.932478132474059,SVR,SVR_1
561,SI_ref_19,MCB,IBU,Ground water,0.9227697266379059,0.9418921397358981,SVR,SVR_1
565,SI_ref_19,MCB,IBU,Ground water,0.9254612605703445,0.9157177239161001,SVR,SVR_1
573,SI_ref_19,MCB,IBU,Ground water,0.9222883610163676,0.9399992014812388,SVR,SVR_1
577,SI_ref_19,MCB,IBU,Ground water,0.9896236049163454,0.9157274542486705,SVR,SVR_1
584,SI_ref_19,MCB,IBU,Lake water,0.9474280457633885,0.94775740380283,SVR,SVR_1
593,SI_ref_19,MCB,IBU,Ground water,0.911624129649438,0.932503981011155,SVR,SVR_1
595,SI_ref_19,MCB,IBU,Ground water,0.9248851497651674,0.9157419324153477,SVR,SVR_1
603,SI_ref_19,MCB,IBU,Ground water,0.920786534541565,0.9400206658701147,SVR,SVR_1
607,SI_ref_19,MCB,IBU,Ground water,0.9861765121394982,0.9157515066003268,SVR,SVR_1
614,SI_ref_19,MCB,IBU,Lake water,0.9465039927474991,0.9477997451811053,SVR,SVR_1
623,SI_ref_19,MCB,IBU,Ground water,0.9103224686673798,0.9325294113745565,SVR,SVR_1
625,SI_ref_19,MCB,IBU,Ground water,0.9258221154816445,0.9157657514922797,SVR,SVR_1
633,SI_ref_19,MCB,IBU,Ground water,0.9216175906678238,0.9400418084718982,SVR,SVR_1
653,SI_ref_18,NaOH-activated SCW biochars,DCF,Lake water,0.060393710525153486,0.5385493221174722,SVR,SVR_1
654,SI_ref_18,NaOH-activated SCW biochars,DCF,Secondary effluent,0.1736813951376961,0.6033229050371338,SVR,SVR_1
657,SI_ref_18,NaOH-activated SCW biochars,DCF,Lake water,0.4098052873550469,0.4245570481734763,SVR,SVR_1
666,SI_ref_18,NaOH-activated SCW biochars,DCF,Secondary effluent,0.6160844980694858,0.6033229050371338,SVR,SVR_1
668,SI_ref_18,NaOH-activated SCW biochars,DCF,Lake water,0.5638671837826676,0.5385493221174722,SVR,SVR_1
671,SI_ref_18,NaOH-activated SCW biochars,DCF,Lake water,0.5111881637893111,0.5385493221174722,SVR,SVR_1
680,SI_ref_18,NaOH-activated SCW biochars,DCF,Lake water,0.5451956691534918,0.5385493221174722,SVR,SVR_1
681,SI_ref_18,NaOH-activated SCW biochars,DCF,Lake water,0.5155236787057735,0.5385493221174722,SVR,SVR_1
684,SI_ref_18,NaOH-activated SCW biochars,DCF,Lake water,0.5054530420964745,0.5385493221174722,SVR,SVR_1
689,SI_ref_18,NaOH-activated SCW biochars,DCF,Secondary effluent,0.6862219778123194,0.6644251206741394,SVR,SVR_1
717,SI_ref_18,NaOH-activated SCW biochars,IBU,Secondary effluent,0.5431517029603264,0.47122425958817976,SVR,SVR_1
726,SI_ref_18,NaOH-activated SCW biochars,IBU,Lake water,0.6298354173553987,0.6118231438921715,SVR,SVR_1
732,SI_ref_18,NaOH-activated SCW biochars,IBU,Lake water,0.6159420233488258,0.6118231438921715,SVR,SVR_1
736,SI_ref_18,NaOH-activated SCW biochars,IBU,Lake water,0.6281995086504742,0.6118231438921715,SVR,SVR_1
750,SI_ref_18,NaOH-activated SCW biochars,IBU,Secondary effluent,0.811827151849907,0.6977484631398914,SVR,SVR_1
751,SI_ref_18,NaOH-activated SCW biochars,IBU,Lake water,0.6869669848084122,0.6118231438921715,SVR,SVR_1
754,SI_ref_18,NaOH-activated SCW biochars,IBU,Secondary effluent,0.7786423949758233,0.6435324726387142,SVR,SVR_1
757,SI_ref_18,NaOH-activated SCW biochars,NPX,Lake water,0.20620314882650506,0.3961794044063559,SVR,SVR_1
759,SI_ref_18,NaOH-activated SCW biochars,NPX,Lake water,0.23676500653660967,0.31223833052460204,SVR,SVR_1
761,SI_ref_18,NaOH-activated SCW biochars,NPX,Lake water,0.21090148006849843,0.22705880236059567,SVR,SVR_1
763,SI_ref_18,NaOH-activated SCW biochars,NPX,Lake water,0.14381242837395034,0.15074177042211467,SVR,SVR_1
765,SI_ref_18,NaOH-activated SCW biochars,NPX,Lake water,0.049549349058709447,0.09288812045408879,SVR,SVR_1
767,SI_ref_18,NaOH-activated SCW biochars,NPX,Lake water,0.0742796412273446,0.07066503757567055,SVR,SVR_1
769,SI_ref_18,NaOH-activated SCW biochars,NPX,Lake water,0.041917196066405205,0.060810889831371395,SVR,SVR_1
773,SI_ref_18,NaOH-activated SCW biochars,NPX,Lake water,0.02383921541973232,0.05564583843012616,SVR,SVR_1
776,SI_ref_18,NaOH-activated SCW biochars,NPX,Secondary effluent,0.048092629555703405,0.10926651638211538,SVR,SVR_1
779,SI_ref_18,NaOH-activated SCW biochars,NPX,Lake water,0.0651330447328621,0.05564583843012616,SVR,SVR_1
781,SI_ref_18,NaOH-activated SCW biochars,NPX,Lake water,0.04234525136924403,0.05564583843012616,SVR,SVR_1
788,SI_ref_18,NaOH-activated SCW biochars,NPX,Secondary effluent,0.09141898602740345,0.09842127191657146,SVR,SVR_1
798,SI_ref_18,NaOH-activated SCW biochars,NPX,Secondary effluent,0.15082313311850198,0.09842127191657146,SVR,SVR_1
800,SI_ref_18,NaOH-activated SCW biochars,NPX,Secondary effluent,0.24701864815812044,0.09842127191657146,SVR,SVR_1
871,SI_ref_13,PB600,CBZ,Synthetic,0.6953242835595775,0.41396224663084863,SVR,SVR_1
881,SI_ref_13,PB600,IBU,Synthetic,0.2096102913356035,0.6397227755622065,SVR,SVR_1
918,SI_ref_13,PB800,CBZ,Synthetic,0.30905619203491547,0.14607568488304734,SVR,SVR_1
928,SI_ref_13,PB800,IBU,Synthetic,0.23013048635824437,0.35035670654518036,SVR,SVR_1
954,SI_ref_15,PSB,CAR,Synthetic,0.9395494569882223,0.909558598312495,SVR,SVR_1
955,SI_ref_15,PSB,CAR,Synthetic,0.9231398092867221,0.909558598312495,SVR,SVR_1
957,SI_ref_15,PSB,CAR,Synthetic,0.9436310458092197,0.792644504990986,SVR,SVR_1
964,SI_ref_15,PSB,CAR,Synthetic,0.9383522096618221,0.909558598312495,SVR,SVR_1
978,SI_ref_15,PSB,PYR,Synthetic,0.919631586959635,0.9297129307429461,SVR,SVR_1
985,SI_ref_15,PSB,PYR,Synthetic,0.9775942152304119,0.9297129307429461,SVR,SVR_1
994,SI_ref_15,PSB,TEB,Synthetic,0.9362126098667423,0.9326911197081726,SVR,SVR_1
1000,SI_ref_15,PSB,TEB,Synthetic,0.8714762044822667,0.9326911197081726,SVR,SVR_1
1015,SI_ref_15,PSBOX-A,CAR,Synthetic,0.03563496474916306,0.03351200319166203,SVR,SVR_1
1016,SI_ref_15,PSBOX-A,CAR,Synthetic,0.026325197069833068,0.03351200319166203,SVR,SVR_1
1018,SI_ref_15,PSBOX-A,CAR,Synthetic,0.034457194657534405,0.4892153046312021,SVR,SVR_1
1025,SI_ref_15,PSBOX-A,CAR,Synthetic,0.0497879777437964,0.03351200319166203,SVR,SVR_1
1040,SI_ref_15,PSBOX-A,PYR,Synthetic,0.5200236643843362,0.20764514470746426,SVR,SVR_1
1043,SI_ref_15,PSBOX-A,PYR,Synthetic,0.08786555053416333,0.11345399170121784,SVR,SVR_1
1050,SI_ref_15,PSBOX-A,PYR,Synthetic,0.48794917248977554,0.11345399170121784,SVR,SVR_1
1059,SI_ref_15,PSBOX-A,TEB,Synthetic,0.07277962857952934,0.07908995849681366,SVR,SVR_1
1061,SI_ref_15,PSBOX-A,TEB,Synthetic,0.5163778457532948,0.22801866688852257,SVR,SVR_1
1070,SI_ref_15,PSBOX-A,TEB,Synthetic,0.04527670142322688,0.07908995849681366,SVR,SVR_1
1101,SI_ref_17,Pristine SCG biochar,CBZ,Synthetic,0.9071468090110305,0.91074148441657,SVR,SVR_1
1108,SI_ref_17,Pristine SCG biochar,CBZ,Synthetic,0.8967497590877974,0.894371880068385,SVR,SVR_1
1113,SI_ref_17,Pristine SCG biochar,CBZ,Synthetic,0.9373850128799738,0.91074148441657,SVR,SVR_1
1130,SI_ref_17,Pristine SCG biochar,EE2,Synthetic,0.817422791958414,0.771188701847352,SVR,SVR_1
1137,SI_ref_17,Pristine SCG biochar,EE2,Synthetic,0.8257334628724249,0.9048347606729787,SVR,SVR_1
1139,SI_ref_17,Pristine SCG biochar,EE2,Synthetic,0.8269992896243368,0.9048347606729787,SVR,SVR_1
1141,SI_ref_17,Pristine SCG biochar,EE2,Synthetic,0.8244509213990222,0.9048347606729787,SVR,SVR_1
1142,SI_ref_17,Pristine SCG biochar,EE2,Synthetic,0.859538444436826,0.8553702920988105,SVR,SVR_1
1148,SI_ref_17,Pristine SCG biochar,EE2,Synthetic,0.823763814163292,0.8553702920988105,SVR,SVR_1
1157,SI_ref_17,Pristine SCG biochar,IBU,Synthetic,0.9060511140454979,0.9596716576376414,SVR,SVR_1
1159,SI_ref_17,Pristine SCG biochar,IBU,Synthetic,0.9004320791615827,0.9639962452300062,SVR,SVR_1
1161,SI_ref_17,Pristine SCG biochar,IBU,Synthetic,0.894961472244973,0.9599381552540001,SVR,SVR_1
1163,SI_ref_17,Pristine SCG biochar,IBU,Synthetic,0.8949151720794959,0.9507318362142054,SVR,SVR_1
1165,SI_ref_17,Pristine SCG biochar,IBU,Synthetic,0.892599829508416,0.9424236736444407,SVR,SVR_1
1167,SI_ref_17,Pristine SCG biochar,IBU,Synthetic,0.8914167516338777,0.9349962278418056,SVR,SVR_1
1169,SI_ref_17,Pristine SCG biochar,IBU,Synthetic,0.886841225533622,0.9261833725228588,SVR,SVR_1
1173,SI_ref_17,Pristine SCG biochar,IBU,Synthetic,0.9319085004678631,0.9112947852542537,SVR,SVR_1
1180,SI_ref_17,Pristine SCG biochar,IBU,Synthetic,0.9167234922708469,0.9094902525550045,SVR,SVR_1
1187,SI_ref_17,Pristine SCG biochar,IBU,Synthetic,0.9448963419259283,0.9112947852542537,SVR,SVR_1
1189,SI_ref_17,Pristine SCG biochar,IBU,Synthetic,0.9210277046979152,0.9112947852542537,SVR,SVR_1
1191,SI_ref_17,Pristine SCG biochar,IBU,Synthetic,0.9513456586569363,0.9112947852542537,SVR,SVR_1
1212,SI_ref_18,Pristine SCW Biochar,DCF,Secondary effluent,0.8964391711737753,0.9191199502346291,SVR,SVR_1
1214,SI_ref_18,Pristine SCW Biochar,DCF,Lake water,0.9077130214504949,0.9204755783336278,SVR,SVR_1
1223,SI_ref_18,Pristine SCW Biochar,DCF,Secondary effluent,0.916228597953408,0.9191199502346291,SVR,SVR_1
1225,SI_ref_18,Pristine SCW Biochar,DCF,Lake water,0.9209005359691885,0.9278881622571806,SVR,SVR_1
1228,SI_ref_18,Pristine SCW Biochar,DCF,Lake water,0.918118398017722,0.9278881622571806,SVR,SVR_1
1237,SI_ref_18,Pristine SCW Biochar,DCF,Lake water,0.9176779336906461,0.9278881622571806,SVR,SVR_1
1238,SI_ref_18,Pristine SCW Biochar,DCF,Lake water,0.9153943997055312,0.9278881622571806,SVR,SVR_1
1241,SI_ref_18,Pristine SCW Biochar,DCF,Lake water,0.9102639266700783,0.9278881622571806,SVR,SVR_1
1246,SI_ref_18,Pristine SCW Biochar,DCF,Secondary effluent,0.9052859627037971,0.9326150742998905,SVR,SVR_1
1270,SI_ref_18,Pristine SCW Biochar,IBU,Secondary effluent,0.8874692330465712,0.8782140283602209,SVR,SVR_1
1279,SI_ref_18,Pristine SCW Biochar,IBU,Lake water,0.9204127206373283,0.9229344206197607,SVR,SVR_1
1285,SI_ref_18,Pristine SCW Biochar,IBU,Lake water,0.9175495400890653,0.9229344206197607,SVR,SVR_1
1289,SI_ref_18,Pristine SCW Biochar,IBU,Lake water,0.91141920930323,0.9229344206197607,SVR,SVR_1
1303,SI_ref_18,Pristine SCW Biochar,IBU,Secondary effluent,0.9145392250293353,0.9403791795520186,SVR,SVR_1
1305,SI_ref_18,Pristine SCW Biochar,IBU,Secondary effluent,0.8992133437264335,0.8994192608936565,SVR,SVR_1
1308,SI_ref_18,Pristine SCW Biochar,NPX,Lake water,0.9299082628630408,0.9204189470517767,SVR,SVR_1
1310,SI_ref_18,Pristine SCW Biochar,NPX,Lake water,0.9179731197519893,0.9279368275913874,SVR,SVR_1
1312,SI_ref_18,Pristine SCW Biochar,NPX,Lake water,0.9157588621166984,0.9318740509443317,SVR,SVR_1
1314,SI_ref_18,Pristine SCW Biochar,NPX,Lake water,0.9211177808704595,0.9328248219343469,SVR,SVR_1
1316,SI_ref_18,Pristine SCW Biochar,NPX,Lake water,0.9261251958543161,0.9297627396883281,SVR,SVR_1
1318,SI_ref_18,Pristine SCW Biochar,NPX,Lake water,0.9179250714018231,0.9252283648547317,SVR,SVR_1
1320,SI_ref_18,Pristine SCW Biochar,NPX,Lake water,0.9238791357631378,0.9204325419156445,SVR,SVR_1
1325,SI_ref_18,Pristine SCW Biochar,NPX,Secondary effluent,0.8954095327862793,0.8804231624279794,SVR,SVR_1
1328,SI_ref_18,Pristine SCW Biochar,NPX,Lake water,0.9239571578457322,0.9111169567234249,SVR,SVR_1
1330,SI_ref_18,Pristine SCW Biochar,NPX,Lake water,0.9241969522882365,0.9111169567234249,SVR,SVR_1
1337,SI_ref_18,Pristine SCW Biochar,NPX,Secondary effluent,0.9109852392346297,0.8971202364165254,SVR,SVR_1
1346,SI_ref_18,Pristine SCW Biochar,NPX,Secondary effluent,0.9136165317560039,0.8971202364165254,SVR,SVR_1
1347,SI_ref_18,Pristine SCW Biochar,NPX,Secondary effluent,0.9038576927569927,0.8971202364165254,SVR,SVR_1
16,SI_ref_19,AMCB,IBU,Ground water,0.029204625724030753,0.3513136408342313,SplineRidge,SplineRidge_2
25,SI_ref_19,AMCB,IBU,Lake water,0.3473743729830984,0.391648026215338,SplineRidge,SplineRidge_2
34,SI_ref_19,AMCB,IBU,Ground water,0.303030777614079,0.3087883846123988,SplineRidge,SplineRidge_2
36,SI_ref_19,AMCB,IBU,Ground water,0.41496556078686897,0.35142803474133727,SplineRidge,SplineRidge_2
44,SI_ref_19,AMCB,IBU,Ground water,0.5024496962602676,0.32676086201098803,SplineRidge,SplineRidge_2
48,SI_ref_19,AMCB,IBU,Ground water,0.03338351934448727,0.35150435207275527,SplineRidge,SplineRidge_2
55,SI_ref_19,AMCB,IBU,Lake water,0.34535416691700616,0.39183879211250106,SplineRidge,SplineRidge_2
64,SI_ref_19,AMCB,IBU,Ground water,0.3258728934993643,0.30897920496347014,SplineRidge,SplineRidge_2
66,SI_ref_19,AMCB,IBU,Ground water,0.4885549946229274,0.35161890934218903,SplineRidge,SplineRidge_2
74,SI_ref_19,AMCB,IBU,Ground water,0.5226317382792791,0.3269517906580935,SplineRidge,SplineRidge_2
78,SI_ref_19,AMCB,IBU,Ground water,0.025848755777109534,0.35169533456318663,SplineRidge,SplineRidge_2
85,SI_ref_19,AMCB,IBU,Lake water,0.32220691257344963,0.3920298282439275,SplineRidge,SplineRidge_2
94,SI_ref_19,AMCB,IBU,Ground water,0.3191737471997417,0.30917029453415573,SplineRidge,SplineRidge_2
96,SI_ref_19,AMCB,IBU,Ground water,0.45590621693388655,0.351810052150991,SplineRidge,SplineRidge_2
106,SI_ref_19,AMCB,IBU,Ground water,0.3644459510905023,0.3721928894779402,SplineRidge,SplineRidge_2
112,SI_ref_19,AMCB,IBU,Ground water,0.5464029950150356,0.3271429865044598,SplineRidge,SplineRidge_2
140,SI_ref_17,Alkali-modified SCG biochars,CBZ,Synthetic,0.006132526431344026,0.20052682061111654,SplineRidge,SplineRidge_2
146,SI_ref_17,Alkali-modified SCG biochars,CBZ,Synthetic,0.6777397154224275,0.2745318809839181,SplineRidge,SplineRidge_2
151,SI_ref_17,Alkali-modified SCG biochars,CBZ,Synthetic,0.4516798693491866,0.20052682061111654,SplineRidge,SplineRidge_2
168,SI_ref_17,Alkali-modified SCG biochars,EE2,Synthetic,0.0796235147045166,0.21864402188707588,SplineRidge,SplineRidge_2
176,SI_ref_17,Alkali-modified SCG biochars,EE2,Synthetic,0.07754174693450858,0.2860374031441939,SplineRidge,SplineRidge_2
181,SI_ref_17,Alkali-modified SCG biochars,EE2,Synthetic,0.7086029202646077,0.2860374031441939,SplineRidge,SplineRidge_2
190,SI_ref_17,Alkali-modified SCG biochars,IBU,Synthetic,0.22674008618295227,0.41111747838997553,SplineRidge,SplineRidge_2
192,SI_ref_17,Alkali-modified SCG biochars,IBU,Synthetic,0.18762987622773672,0.37720789484132583,SplineRidge,SplineRidge_2
194,SI_ref_17,Alkali-modified SCG biochars,IBU,Synthetic,0.0964989432139522,0.3176882362606542,SplineRidge,SplineRidge_2
196,SI_ref_17,Alkali-modified SCG biochars,IBU,Synthetic,0.056403766337859394,0.2936553792094348,SplineRidge,SplineRidge_2
198,SI_ref_17,Alkali-modified SCG biochars,IBU,Synthetic,0.04365646649895644,0.2840278531562684,SplineRidge,SplineRidge_2
200,SI_ref_17,Alkali-modified SCG biochars,IBU,Synthetic,0.05275302685215311,0.2811236695545019,SplineRidge,SplineRidge_2
202,SI_ref_17,Alkali-modified SCG biochars,IBU,Synthetic,0.051463060103218494,0.28462467199488223,SplineRidge,SplineRidge_2
206,SI_ref_17,Alkali-modified SCG biochars,IBU,Synthetic,0.05901922048526246,0.300484341396341,SplineRidge,SplineRidge_2
213,SI_ref_17,Alkali-modified SCG biochars,IBU,Synthetic,0.33928547446435453,0.3744894017691426,SplineRidge,SplineRidge_2
220,SI_ref_17,Alkali-modified SCG biochars,IBU,Synthetic,0.004839210099114782,0.300484341396341,SplineRidge,SplineRidge_2
222,SI_ref_17,Alkali-modified SCG biochars,IBU,Synthetic,0.04374442489311713,0.300484341396341,SplineRidge,SplineRidge_2
224,SI_ref_17,Alkali-modified SCG biochars,IBU,Synthetic,0.2945083196339574,0.300484341396341,SplineRidge,SplineRidge_2
229,SI_ref_16,C-Biochar,ATE,Synthetic,0.8511111111111113,0.7212399730207986,SplineRidge,SplineRidge_2
231,SI_ref_16,C-Biochar,ATE,Synthetic,0.7400000000000001,0.8133386802286443,SplineRidge,SplineRidge_2
235,SI_ref_16,C-Biochar,ATE,Synthetic,0.8511111111111113,0.7886333542779166,SplineRidge,SplineRidge_2
238,SI_ref_16,C-Biochar,ATE,Synthetic,0.6733333333333335,0.7707371723884775,SplineRidge,SplineRidge_2
250,SI_ref_16,C-Biochar,CBZ,Synthetic,0.4840388007054674,0.5490954113191115,SplineRidge,SplineRidge_2
251,SI_ref_16,C-Biochar,CBZ,Synthetic,0.5325396825396824,0.5490954113191115,SplineRidge,SplineRidge_2
252,SI_ref_16,C-Biochar,CBZ,Synthetic,0.4258377425044091,0.5490954113191115,SplineRidge,SplineRidge_2
258,SI_ref_16,C-Biochar,CBZ,Synthetic,0.4990079365079365,0.5490954113191115,SplineRidge,SplineRidge_2
264,SI_ref_16,C-Biochar,IBU,Synthetic,0.7333333333333333,0.5864061796613472,SplineRidge,SplineRidge_2
266,SI_ref_16,C-Biochar,IBU,Synthetic,0.6121212121212122,0.649052932104336,SplineRidge,SplineRidge_2
271,SI_ref_16,C-Biochar,IBU,Synthetic,0.6000000000000001,0.649052932104336,SplineRidge,SplineRidge_2
277,SI_ref_16,C-Biochar,IBU,Synthetic,0.7844444444444444,0.649052932104336,SplineRidge,SplineRidge_2
278,SI_ref_16,C-Biochar,IBU,Synthetic,0.8430555555555557,0.649052932104336,SplineRidge,SplineRidge_2
279,SI_ref_16,C-Biochar,IBU,Synthetic,0.861111111111111,0.649052932104336,SplineRidge,SplineRidge_2
296,SI_ref_19,CB,IBU,Ground water,0.9945207101387852,0.9295477062239508,SplineRidge,SplineRidge_2
303,SI_ref_19,CB,IBU,Lake water,0.9505925590656487,0.9698439713028213,SplineRidge,SplineRidge_2
314,SI_ref_19,CB,IBU,Ground water,0.917590560186213,0.8869461983837841,SplineRidge,SplineRidge_2
316,SI_ref_19,CB,IBU,Ground water,0.9236132062907854,0.9498922832467036,SplineRidge,SplineRidge_2
320,SI_ref_19,CB,IBU,Ground water,0.9303445651202417,0.9295477062239508,SplineRidge,SplineRidge_2
328,SI_ref_19,CB,IBU,Ground water,0.9241489703794897,0.9048423802732231,SplineRidge,SplineRidge_2
340,SI_ref_14,GCRB,ALA,Synthetic,0.9700055250053173,0.9855614122582734,SplineRidge,SplineRidge_2
361,SI_ref_14,GCRB,DIU,Synthetic,0.9291396445453227,0.7841929172131274,SplineRidge,SplineRidge_2
363,SI_ref_14,GCRB,DIU,Synthetic,0.9527369648004039,0.8515862984702454,SplineRidge,SplineRidge_2
365,SI_ref_14,GCRB,DIU,Synthetic,0.9265327424413893,0.8515862984702454,SplineRidge,SplineRidge_2
367,SI_ref_14,GCRB,DIU,Synthetic,0.9238760352548926,0.8515862984702454,SplineRidge,SplineRidge_2
369,SI_ref_14,GCRB,DIU,Synthetic,0.9147016410628197,0.8336901165808064,SplineRidge,SplineRidge_2
374,SI_ref_14,GCRB,DIU,Synthetic,1.0082496176169822,0.8515862984702454,SplineRidge,SplineRidge_2
390,SI_ref_14,GCRB,SIM,Synthetic,0.9757367710073495,1.0189962426656778,SplineRidge,SplineRidge_2
406,SI_ref_14,GCRB-N,ALA,Synthetic,0.4281694326598611,0.5307448660462112,SplineRidge,SplineRidge_2
446,SI_ref_14,GCRB-N,DIU,Synthetic,0.2075726875081201,0.3293763710010653,SplineRidge,SplineRidge_2
448,SI_ref_14,GCRB-N,DIU,Synthetic,0.1819381767074788,0.39676975225818323,SplineRidge,SplineRidge_2
450,SI_ref_14,GCRB-N,DIU,Synthetic,0.1736169508150928,0.37887357036874425,SplineRidge,SplineRidge_2
453,SI_ref_14,GCRB-N,DIU,Synthetic,0.1683505359330984,0.39680787256041955,SplineRidge,SplineRidge_2
456,SI_ref_14,GCRB-N,DIU,Synthetic,0.1402528461142079,0.3968841461652892,SplineRidge,SplineRidge_2
459,SI_ref_14,GCRB-N,DIU,Synthetic,0.6455190877003087,0.3969222993856677,SplineRidge,SplineRidge_2
460,SI_ref_14,GCRB-N,DIU,Synthetic,0.12138562309836234,0.39696046349670716,SplineRidge,SplineRidge_2
462,SI_ref_14,GCRB-N,DIU,Synthetic,0.16773925939532233,0.39699863845758254,SplineRidge,SplineRidge_2
465,SI_ref_14,GCRB-N,DIU,Synthetic,0.1405827183894587,0.39707502076614104,SplineRidge,SplineRidge_2
468,SI_ref_14,GCRB-N,DIU,Synthetic,0.6564705601884918,0.39711322803277316,SplineRidge,SplineRidge_2
469,SI_ref_14,GCRB-N,DIU,Synthetic,0.12617131727344172,0.3971514459871386,SplineRidge,SplineRidge_2
471,SI_ref_14,GCRB-N,DIU,Synthetic,0.1676281074261493,0.397189674589009,SplineRidge,SplineRidge_2
474,SI_ref_14,GCRB-N,DIU,Synthetic,0.14041778225183332,0.39726616357494293,SplineRidge,SplineRidge_2
477,SI_ref_14,GCRB-N,DIU,Synthetic,0.6413243626564091,0.39730442387913945,SplineRidge,SplineRidge_2
478,SI_ref_14,GCRB-N,DIU,Synthetic,0.12377847018590202,0.39734269467110617,SplineRidge,SplineRidge_2
490,SI_ref_14,GCRB-N,SIM,Synthetic,0.38105997172266487,0.5641796964536155,SplineRidge,SplineRidge_2
537,SI_ref_19,MCB,IBU,Ground water,0.9902068659306948,0.9248148660775537,SplineRidge,SplineRidge_2
546,SI_ref_19,MCB,IBU,Lake water,0.9468798357239083,0.9651492514586604,SplineRidge,SplineRidge_2
555,SI_ref_19,MCB,IBU,Ground water,0.910886274193223,0.882289609855721,SplineRidge,SplineRidge_2
561,SI_ref_19,MCB,IBU,Ground water,0.9227697266379059,0.9452738370074123,SplineRidge,SplineRidge_2
565,SI_ref_19,MCB,IBU,Ground water,0.9254612605703445,0.9249292599846597,SplineRidge,SplineRidge_2
573,SI_ref_19,MCB,IBU,Ground water,0.9222883610163676,0.9002620872543103,SplineRidge,SplineRidge_2
577,SI_ref_19,MCB,IBU,Ground water,0.9896236049163454,0.9250055773160777,SplineRidge,SplineRidge_2
584,SI_ref_19,MCB,IBU,Lake water,0.9474280457633885,0.9653400173558234,SplineRidge,SplineRidge_2
593,SI_ref_19,MCB,IBU,Ground water,0.911624129649438,0.8824804302067923,SplineRidge,SplineRidge_2
595,SI_ref_19,MCB,IBU,Ground water,0.9248851497651674,0.9251201345855113,SplineRidge,SplineRidge_2
603,SI_ref_19,MCB,IBU,Ground water,0.920786534541565,0.9004530159014159,SplineRidge,SplineRidge_2
607,SI_ref_19,MCB,IBU,Ground water,0.9861765121394982,0.9251965598065091,SplineRidge,SplineRidge_2
614,SI_ref_19,MCB,IBU,Lake water,0.9465039927474991,0.9655310534872499,SplineRidge,SplineRidge_2
623,SI_ref_19,MCB,IBU,Ground water,0.9103224686673798,0.882671519777478,SplineRidge,SplineRidge_2
625,SI_ref_19,MCB,IBU,Ground water,0.9258221154816445,0.9253112773943133,SplineRidge,SplineRidge_2
633,SI_ref_19,MCB,IBU,Ground water,0.9216175906678238,0.9006442117477822,SplineRidge,SplineRidge_2
653,SI_ref_18,NaOH-activated SCW biochars,DCF,Lake water,0.060393710525153486,0.5072204514831329,SplineRidge,SplineRidge_2
654,SI_ref_18,NaOH-activated SCW biochars,DCF,Secondary effluent,0.1736813951376961,0.5376657454436992,SplineRidge,SplineRidge_2
657,SI_ref_18,NaOH-activated SCW biochars,DCF,Lake water,0.4098052873550469,0.444573699040144,SplineRidge,SplineRidge_2
666,SI_ref_18,NaOH-activated SCW biochars,DCF,Secondary effluent,0.6160844980694858,0.5376657454436992,SplineRidge,SplineRidge_2
668,SI_ref_18,NaOH-activated SCW biochars,DCF,Lake water,0.5638671837826676,0.5072204514831329,SplineRidge,SplineRidge_2
671,SI_ref_18,NaOH-activated SCW biochars,DCF,Lake water,0.5111881637893111,0.5072204514831329,SplineRidge,SplineRidge_2
680,SI_ref_18,NaOH-activated SCW biochars,DCF,Lake water,0.5451956691534918,0.5072204514831329,SplineRidge,SplineRidge_2
681,SI_ref_18,NaOH-activated SCW biochars,DCF,Lake water,0.5155236787057735,0.5072204514831329,SplineRidge,SplineRidge_2
684,SI_ref_18,NaOH-activated SCW biochars,DCF,Lake water,0.5054530420964745,0.5072204514831329,SplineRidge,SplineRidge_2
689,SI_ref_18,NaOH-activated SCW biochars,DCF,Secondary effluent,0.6862219778123194,0.5827156484171796,SplineRidge,SplineRidge_2
717,SI_ref_18,NaOH-activated SCW biochars,IBU,Secondary effluent,0.5431517029603264,0.4988997743393933,SplineRidge,SplineRidge_2
726,SI_ref_18,NaOH-activated SCW biochars,IBU,Lake water,0.6298354173553987,0.5311012328218158,SplineRidge,SplineRidge_2
732,SI_ref_18,NaOH-activated SCW biochars,IBU,Lake water,0.6159420233488258,0.5311012328218158,SplineRidge,SplineRidge_2
736,SI_ref_18,NaOH-activated SCW biochars,IBU,Lake water,0.6281995086504742,0.5311012328218158,SplineRidge,SplineRidge_2
750,SI_ref_18,NaOH-activated SCW biochars,IBU,Secondary effluent,0.811827151849907,0.593424590727238,SplineRidge,SplineRidge_2
751,SI_ref_18,NaOH-activated SCW biochars,IBU,Lake water,0.6869669848084122,0.5311012328218158,SplineRidge,SplineRidge_2
754,SI_ref_18,NaOH-activated SCW biochars,IBU,Secondary effluent,0.7786423949758233,0.5615465267823821,SplineRidge,SplineRidge_2
757,SI_ref_18,NaOH-activated SCW biochars,NPX,Lake water,0.20620314882650506,0.38978820358985655,SplineRidge,SplineRidge_2
759,SI_ref_18,NaOH-activated SCW biochars,NPX,Lake water,0.23676500653660967,0.3558786200412069,SplineRidge,SplineRidge_2
761,SI_ref_18,NaOH-activated SCW biochars,NPX,Lake water,0.21090148006849843,0.3155573755240736,SplineRidge,SplineRidge_2
763,SI_ref_18,NaOH-activated SCW biochars,NPX,Lake water,0.14381242837395034,0.2851970603782833,SplineRidge,SplineRidge_2
765,SI_ref_18,NaOH-activated SCW biochars,NPX,Lake water,0.049549349058709447,0.26516014558019296,SplineRidge,SplineRidge_2
767,SI_ref_18,NaOH-activated SCW biochars,NPX,Lake water,0.0742796412273446,0.2597943947543828,SplineRidge,SplineRidge_2
769,SI_ref_18,NaOH-activated SCW biochars,NPX,Lake water,0.041917196066405205,0.26329539719476314,SplineRidge,SplineRidge_2
773,SI_ref_18,NaOH-activated SCW biochars,NPX,Lake water,0.02383921541973232,0.2791550665962218,SplineRidge,SplineRidge_2
776,SI_ref_18,NaOH-activated SCW biochars,NPX,Secondary effluent,0.048092629555703405,0.2469536081137993,SplineRidge,SplineRidge_2
779,SI_ref_18,NaOH-activated SCW biochars,NPX,Lake water,0.0651330447328621,0.2791550665962218,SplineRidge,SplineRidge_2
781,SI_ref_18,NaOH-activated SCW biochars,NPX,Lake water,0.04234525136924403,0.2791550665962218,SplineRidge,SplineRidge_2
788,SI_ref_18,NaOH-activated SCW biochars,NPX,Secondary effluent,0.09141898602740345,0.30960036055678813,SplineRidge,SplineRidge_2
798,SI_ref_18,NaOH-activated SCW biochars,NPX,Secondary effluent,0.15082313311850198,0.30960036055678813,SplineRidge,SplineRidge_2
800,SI_ref_18,NaOH-activated SCW biochars,NPX,Secondary effluent,0.24701864815812044,0.30960036055678813,SplineRidge,SplineRidge_2
871,SI_ref_13,PB600,CBZ,Synthetic,0.6953242835595775,0.5061018288310911,SplineRidge,SplineRidge_2
881,SI_ref_13,PB600,IBU,Synthetic,0.2096102913356035,0.5866986777744767,SplineRidge,SplineRidge_2
918,SI_ref_13,PB800,CBZ,Synthetic,0.30905619203491547,0.2618970125979277,SplineRidge,SplineRidge_2
928,SI_ref_13,PB800,IBU,Synthetic,0.23013048635824437,0.3424938615413131,SplineRidge,SplineRidge_2
954,SI_ref_15,PSB,CAR,Synthetic,0.9395494569882223,0.8728164004262003,SplineRidge,SplineRidge_2
955,SI_ref_15,PSB,CAR,Synthetic,0.9231398092867221,0.8728164004262003,SplineRidge,SplineRidge_2
957,SI_ref_15,PSB,CAR,Synthetic,0.9436310458092197,0.9046944643710562,SplineRidge,SplineRidge_2
964,SI_ref_15,PSB,CAR,Synthetic,0.9383522096618221,0.8728164004262003,SplineRidge,SplineRidge_2
978,SI_ref_15,PSB,PYR,Synthetic,0.919631586959635,0.9377989392138999,SplineRidge,SplineRidge_2
985,SI_ref_15,PSB,PYR,Synthetic,0.9775942152304119,0.9377989392138999,SplineRidge,SplineRidge_2
994,SI_ref_15,PSB,TEB,Synthetic,0.9362126098667423,0.9278318757522057,SplineRidge,SplineRidge_2
1000,SI_ref_15,PSB,TEB,Synthetic,0.8714762044822667,0.9278318757522057,SplineRidge,SplineRidge_2
1015,SI_ref_15,PSBOX-A,CAR,Synthetic,0.03563496474916306,0.18523792351365959,SplineRidge,SplineRidge_2
1016,SI_ref_15,PSBOX-A,CAR,Synthetic,0.026325197069833068,0.18523792351365959,SplineRidge,SplineRidge_2
1018,SI_ref_15,PSBOX-A,CAR,Synthetic,0.034457194657534405,0.21711598745851562,SplineRidge,SplineRidge_2
1025,SI_ref_15,PSBOX-A,CAR,Synthetic,0.0497879777437964,0.18523792351365959,SplineRidge,SplineRidge_2
1040,SI_ref_15,PSBOX-A,PYR,Synthetic,0.5200236643843362,0.2323242804119201,SplineRidge,SplineRidge_2
1043,SI_ref_15,PSBOX-A,PYR,Synthetic,0.08786555053416333,0.2502204623013592,SplineRidge,SplineRidge_2
1050,SI_ref_15,PSBOX-A,PYR,Synthetic,0.48794917248977554,0.2502204623013592,SplineRidge,SplineRidge_2
1059,SI_ref_15,PSBOX-A,TEB,Synthetic,0.07277962857952934,0.24025339883966507,SplineRidge,SplineRidge_2
1061,SI_ref_15,PSBOX-A,TEB,Synthetic,0.5163778457532948,0.2649587247903928,SplineRidge,SplineRidge_2
1070,SI_ref_15,PSBOX-A,TEB,Synthetic,0.04527670142322688,0.24025339883966507,SplineRidge,SplineRidge_2
1101,SI_ref_17,Pristine SCG biochar,CBZ,Synthetic,0.9071468090110305,0.8208843562185253,SplineRidge,SplineRidge_2
1108,SI_ref_17,Pristine SCG biochar,CBZ,Synthetic,0.8967497590877974,0.8948894165913269,SplineRidge,SplineRidge_2
1113,SI_ref_17,Pristine SCG biochar,CBZ,Synthetic,0.9373850128799738,0.8208843562185253,SplineRidge,SplineRidge_2
1130,SI_ref_17,Pristine SCG biochar,EE2,Synthetic,0.817422791958414,0.8390015574944847,SplineRidge,SplineRidge_2
1137,SI_ref_17,Pristine SCG biochar,EE2,Synthetic,0.8257334628724249,0.8323898783788011,SplineRidge,SplineRidge_2
1139,SI_ref_17,Pristine SCG biochar,EE2,Synthetic,0.8269992896243368,0.8323898783788011,SplineRidge,SplineRidge_2
1141,SI_ref_17,Pristine SCG biochar,EE2,Synthetic,0.8244509213990222,0.8323898783788011,SplineRidge,SplineRidge_2
1142,SI_ref_17,Pristine SCG biochar,EE2,Synthetic,0.859538444436826,0.9063949387516027,SplineRidge,SplineRidge_2
1148,SI_ref_17,Pristine SCG biochar,EE2,Synthetic,0.823763814163292,0.9063949387516027,SplineRidge,SplineRidge_2
1157,SI_ref_17,Pristine SCG biochar,IBU,Synthetic,0.9060511140454979,1.0314750139973845,SplineRidge,SplineRidge_2
1159,SI_ref_17,Pristine SCG biochar,IBU,Synthetic,0.9004320791615827,0.9975654304487347,SplineRidge,SplineRidge_2
1161,SI_ref_17,Pristine SCG biochar,IBU,Synthetic,0.894961472244973,0.938045771868063,SplineRidge,SplineRidge_2
1163,SI_ref_17,Pristine SCG biochar,IBU,Synthetic,0.8949151720794959,0.9140129148168437,SplineRidge,SplineRidge_2
1165,SI_ref_17,Pristine SCG biochar,IBU,Synthetic,0.892599829508416,0.9043853887636772,SplineRidge,SplineRidge_2
1167,SI_ref_17,Pristine SCG biochar,IBU,Synthetic,0.8914167516338777,0.9014812051619108,SplineRidge,SplineRidge_2
1169,SI_ref_17,Pristine SCG biochar,IBU,Synthetic,0.886841225533622,0.9049822076022911,SplineRidge,SplineRidge_2
1173,SI_ref_17,Pristine SCG biochar,IBU,Synthetic,0.9319085004678631,0.9208418770037499,SplineRidge,SplineRidge_2
1180,SI_ref_17,Pristine SCG biochar,IBU,Synthetic,0.9167234922708469,0.9948469373765514,SplineRidge,SplineRidge_2
1187,SI_ref_17,Pristine SCG biochar,IBU,Synthetic,0.9448963419259283,0.9208418770037499,SplineRidge,SplineRidge_2
1189,SI_ref_17,Pristine SCG biochar,IBU,Synthetic,0.9210277046979152,0.9208418770037499,SplineRidge,SplineRidge_2
1191,SI_ref_17,Pristine SCG biochar,IBU,Synthetic,0.9513456586569363,0.9208418770037499,SplineRidge,SplineRidge_2
1212,SI_ref_18,Pristine SCW Biochar,DCF,Secondary effluent,0.8964391711737753,0.9651727044482616,SplineRidge,SplineRidge_2
1214,SI_ref_18,Pristine SCW Biochar,DCF,Lake water,0.9077130214504949,0.8720806580447062,SplineRidge,SplineRidge_2
1223,SI_ref_18,Pristine SCW Biochar,DCF,Secondary effluent,0.916228597953408,0.9651727044482616,SplineRidge,SplineRidge_2
1225,SI_ref_18,Pristine SCW Biochar,DCF,Lake water,0.9209005359691885,0.9347274104876954,SplineRidge,SplineRidge_2
1228,SI_ref_18,Pristine SCW Biochar,DCF,Lake water,0.918118398017722,0.9347274104876954,SplineRidge,SplineRidge_2
1237,SI_ref_18,Pristine SCW Biochar,DCF,Lake water,0.9176779336906461,0.9347274104876954,SplineRidge,SplineRidge_2
1238,SI_ref_18,Pristine SCW Biochar,DCF,Lake water,0.9153943997055312,0.9347274104876954,SplineRidge,SplineRidge_2
1241,SI_ref_18,Pristine SCW Biochar,DCF,Lake water,0.9102639266700783,0.9347274104876954,SplineRidge,SplineRidge_2
1246,SI_ref_18,Pristine SCW Biochar,DCF,Secondary effluent,0.9052859627037971,1.010222607421742,SplineRidge,SplineRidge_2
1270,SI_ref_18,Pristine SCW Biochar,IBU,Secondary effluent,0.8874692330465712,0.9264067333439556,SplineRidge,SplineRidge_2
1279,SI_ref_18,Pristine SCW Biochar,IBU,Lake water,0.9204127206373283,0.9586081918263782,SplineRidge,SplineRidge_2
1285,SI_ref_18,Pristine SCW Biochar,IBU,Lake water,0.9175495400890653,0.9586081918263782,SplineRidge,SplineRidge_2
1289,SI_ref_18,Pristine SCW Biochar,IBU,Lake water,0.91141920930323,0.9586081918263782,SplineRidge,SplineRidge_2
1303,SI_ref_18,Pristine SCW Biochar,IBU,Secondary effluent,0.9145392250293353,1.0209315497318006,SplineRidge,SplineRidge_2
1305,SI_ref_18,Pristine SCW Biochar,IBU,Secondary effluent,0.8992133437264335,0.9890534857869446,SplineRidge,SplineRidge_2
1308,SI_ref_18,Pristine SCW Biochar,NPX,Lake water,0.9299082628630408,0.8172951625944187,SplineRidge,SplineRidge_2
1310,SI_ref_18,Pristine SCW Biochar,NPX,Lake water,0.9179731197519893,0.7833855790457691,SplineRidge,SplineRidge_2
1312,SI_ref_18,Pristine SCW Biochar,NPX,Lake water,0.9157588621166984,0.7430643345286356,SplineRidge,SplineRidge_2
1314,SI_ref_18,Pristine SCW Biochar,NPX,Lake water,0.9211177808704595,0.7127040193828454,SplineRidge,SplineRidge_2
1316,SI_ref_18,Pristine SCW Biochar,NPX,Lake water,0.9261251958543161,0.6926671045847551,SplineRidge,SplineRidge_2
1318,SI_ref_18,Pristine SCW Biochar,NPX,Lake water,0.9179250714018231,0.687301353758945,SplineRidge,SplineRidge_2
1320,SI_ref_18,Pristine SCW Biochar,NPX,Lake water,0.9238791357631378,0.6908023561993253,SplineRidge,SplineRidge_2
1325,SI_ref_18,Pristine SCW Biochar,NPX,Secondary effluent,0.8954095327862793,0.6744605671183614,SplineRidge,SplineRidge_2
1328,SI_ref_18,Pristine SCW Biochar,NPX,Lake water,0.9239571578457322,0.7066620256007841,SplineRidge,SplineRidge_2
1330,SI_ref_18,Pristine SCW Biochar,NPX,Lake water,0.9241969522882365,0.7066620256007841,SplineRidge,SplineRidge_2
1337,SI_ref_18,Pristine SCW Biochar,NPX,Secondary effluent,0.9109852392346297,0.7371073195613504,SplineRidge,SplineRidge_2
1346,SI_ref_18,Pristine SCW Biochar,NPX,Secondary effluent,0.9136165317560039,0.7371073195613504,SplineRidge,SplineRidge_2
1347,SI_ref_18,Pristine SCW Biochar,NPX,Secondary effluent,0.9038576927569927,0.7371073195613503,SplineRidge,SplineRidge_2
16,SI_ref_19,AMCB,IBU,Ground water,0.029204625724030753,0.20507945120334625,XGBoost,XGBoost_2
25,SI_ref_19,AMCB,IBU,Lake water,0.3473743729830984,0.3107657730579376,XGBoost,XGBoost_2
34,SI_ref_19,AMCB,IBU,Ground water,0.303030777614079,0.27754995226860046,XGBoost,XGBoost_2
36,SI_ref_19,AMCB,IBU,Ground water,0.41496556078686897,0.4323663115501404,XGBoost,XGBoost_2
44,SI_ref_19,AMCB,IBU,Ground water,0.5024496962602676,0.42615392804145813,XGBoost,XGBoost_2
48,SI_ref_19,AMCB,IBU,Ground water,0.03338351934448727,0.11549810320138931,XGBoost,XGBoost_2
55,SI_ref_19,AMCB,IBU,Lake water,0.34535416691700616,0.2915860712528229,XGBoost,XGBoost_2
64,SI_ref_19,AMCB,IBU,Ground water,0.3258728934993643,0.3045443594455719,XGBoost,XGBoost_2
66,SI_ref_19,AMCB,IBU,Ground water,0.4885549946229274,0.45828548073768616,XGBoost,XGBoost_2
74,SI_ref_19,AMCB,IBU,Ground water,0.5226317382792791,0.4205862283706665,XGBoost,XGBoost_2
78,SI_ref_19,AMCB,IBU,Ground water,0.025848755777109534,0.12846559286117554,XGBoost,XGBoost_2
85,SI_ref_19,AMCB,IBU,Lake water,0.32220691257344963,0.2923216223716736,XGBoost,XGBoost_2
94,SI_ref_19,AMCB,IBU,Ground water,0.3191737471997417,0.3089068531990051,XGBoost,XGBoost_2
96,SI_ref_19,AMCB,IBU,Ground water,0.45590621693388655,0.46480756998062134,XGBoost,XGBoost_2
106,SI_ref_19,AMCB,IBU,Ground water,0.3644459510905023,0.4245125949382782,XGBoost,XGBoost_2
112,SI_ref_19,AMCB,IBU,Ground water,0.5464029950150356,0.39294546842575073,XGBoost,XGBoost_2
140,SI_ref_17,Alkali-modified SCG biochars,CBZ,Synthetic,0.006132526431344026,0.15825337171554565,XGBoost,XGBoost_2
146,SI_ref_17,Alkali-modified SCG biochars,CBZ,Synthetic,0.6777397154224275,0.36607688665390015,XGBoost,XGBoost_2
151,SI_ref_17,Alkali-modified SCG biochars,CBZ,Synthetic,0.4516798693491866,0.15825337171554565,XGBoost,XGBoost_2
168,SI_ref_17,Alkali-modified SCG biochars,EE2,Synthetic,0.0796235147045166,0.17567679286003113,XGBoost,XGBoost_2
176,SI_ref_17,Alkali-modified SCG biochars,EE2,Synthetic,0.07754174693450858,0.3793284296989441,XGBoost,XGBoost_2
181,SI_ref_17,Alkali-modified SCG biochars,EE2,Synthetic,0.7086029202646077,0.3793284296989441,XGBoost,XGBoost_2
190,SI_ref_17,Alkali-modified SCG biochars,IBU,Synthetic,0.22674008618295227,0.46959248185157776,XGBoost,XGBoost_2
192,SI_ref_17,Alkali-modified SCG biochars,IBU,Synthetic,0.18762987622773672,0.431551069021225,XGBoost,XGBoost_2
194,SI_ref_17,Alkali-modified SCG biochars,IBU,Synthetic,0.0964989432139522,0.3066631853580475,XGBoost,XGBoost_2
196,SI_ref_17,Alkali-modified SCG biochars,IBU,Synthetic,0.056403766337859394,0.3056130111217499,XGBoost,XGBoost_2
198,SI_ref_17,Alkali-modified SCG biochars,IBU,Synthetic,0.04365646649895644,0.30709949135780334,XGBoost,XGBoost_2
200,SI_ref_17,Alkali-modified SCG biochars,IBU,Synthetic,0.05275302685215311,0.30366215109825134,XGBoost,XGBoost_2
202,SI_ref_17,Alkali-modified SCG biochars,IBU,Synthetic,0.051463060103218494,0.2895640730857849,XGBoost,XGBoost_2
206,SI_ref_17,Alkali-modified SCG biochars,IBU,Synthetic,0.05901922048526246,0.27758702635765076,XGBoost,XGBoost_2
213,SI_ref_17,Alkali-modified SCG biochars,IBU,Synthetic,0.33928547446435453,0.4331904649734497,XGBoost,XGBoost_2
220,SI_ref_17,Alkali-modified SCG biochars,IBU,Synthetic,0.004839210099114782,0.27758702635765076,XGBoost,XGBoost_2
222,SI_ref_17,Alkali-modified SCG biochars,IBU,Synthetic,0.04374442489311713,0.27758702635765076,XGBoost,XGBoost_2
224,SI_ref_17,Alkali-modified SCG biochars,IBU,Synthetic,0.2945083196339574,0.27758702635765076,XGBoost,XGBoost_2
229,SI_ref_16,C-Biochar,ATE,Synthetic,0.8511111111111113,0.7305050492286682,XGBoost,XGBoost_2
231,SI_ref_16,C-Biochar,ATE,Synthetic,0.7400000000000001,0.7997089624404907,XGBoost,XGBoost_2
235,SI_ref_16,C-Biochar,ATE,Synthetic,0.8511111111111113,0.7999676465988159,XGBoost,XGBoost_2
238,SI_ref_16,C-Biochar,ATE,Synthetic,0.6733333333333335,0.7013066411018372,XGBoost,XGBoost_2
250,SI_ref_16,C-Biochar,CBZ,Synthetic,0.4840388007054674,0.5833771824836731,XGBoost,XGBoost_2
251,SI_ref_16,C-Biochar,CBZ,Synthetic,0.5325396825396824,0.5833771824836731,XGBoost,XGBoost_2
252,SI_ref_16,C-Biochar,CBZ,Synthetic,0.4258377425044091,0.5833771824836731,XGBoost,XGBoost_2
258,SI_ref_16,C-Biochar,CBZ,Synthetic,0.4990079365079365,0.5833771824836731,XGBoost,XGBoost_2
264,SI_ref_16,C-Biochar,IBU,Synthetic,0.7333333333333333,0.536674439907074,XGBoost,XGBoost_2
266,SI_ref_16,C-Biochar,IBU,Synthetic,0.6121212121212122,0.6285989880561829,XGBoost,XGBoost_2
271,SI_ref_16,C-Biochar,IBU,Synthetic,0.6000000000000001,0.6285989880561829,XGBoost,XGBoost_2
277,SI_ref_16,C-Biochar,IBU,Synthetic,0.7844444444444444,0.6285989880561829,XGBoost,XGBoost_2
278,SI_ref_16,C-Biochar,IBU,Synthetic,0.8430555555555557,0.6285989880561829,XGBoost,XGBoost_2
279,SI_ref_16,C-Biochar,IBU,Synthetic,0.861111111111111,0.6285989880561829,XGBoost,XGBoost_2
296,SI_ref_19,CB,IBU,Ground water,0.9945207101387852,0.9422221779823303,XGBoost,XGBoost_2
303,SI_ref_19,CB,IBU,Lake water,0.9505925590656487,0.946444034576416,XGBoost,XGBoost_2
314,SI_ref_19,CB,IBU,Ground water,0.917590560186213,0.9242689609527588,XGBoost,XGBoost_2
316,SI_ref_19,CB,IBU,Ground water,0.9236132062907854,0.9375916123390198,XGBoost,XGBoost_2
320,SI_ref_19,CB,IBU,Ground water,0.9303445651202417,0.9422221779823303,XGBoost,XGBoost_2
328,SI_ref_19,CB,IBU,Ground water,0.9241489703794897,0.924778401851654,XGBoost,XGBoost_2
340,SI_ref_14,GCRB,ALA,Synthetic,0.9700055250053173,0.9684690237045288,XGBoost,XGBoost_2
361,SI_ref_14,GCRB,DIU,Synthetic,0.9291396445453227,0.9341800212860107,XGBoost,XGBoost_2
363,SI_ref_14,GCRB,DIU,Synthetic,0.9527369648004039,0.9486196637153625,XGBoost,XGBoost_2
365,SI_ref_14,GCRB,DIU,Synthetic,0.9265327424413893,0.9486196637153625,XGBoost,XGBoost_2
367,SI_ref_14,GCRB,DIU,Synthetic,0.9238760352548926,0.9486196637153625,XGBoost,XGBoost_2
369,SI_ref_14,GCRB,DIU,Synthetic,0.9147016410628197,0.9359086155891418,XGBoost,XGBoost_2
374,SI_ref_14,GCRB,DIU,Synthetic,1.0082496176169822,0.9486196637153625,XGBoost,XGBoost_2
390,SI_ref_14,GCRB,SIM,Synthetic,0.9757367710073495,0.9634467363357544,XGBoost,XGBoost_2
406,SI_ref_14,GCRB-N,ALA,Synthetic,0.4281694326598611,0.4611703157424927,XGBoost,XGBoost_2
446,SI_ref_14,GCRB-N,DIU,Synthetic,0.2075726875081201,0.18992093205451965,XGBoost,XGBoost_2
448,SI_ref_14,GCRB-N,DIU,Synthetic,0.1819381767074788,0.24385584890842438,XGBoost,XGBoost_2
450,SI_ref_14,GCRB-N,DIU,Synthetic,0.1736169508150928,0.21237917244434357,XGBoost,XGBoost_2
453,SI_ref_14,GCRB-N,DIU,Synthetic,0.1683505359330984,0.2754264771938324,XGBoost,XGBoost_2
456,SI_ref_14,GCRB-N,DIU,Synthetic,0.1402528461142079,0.39058372378349304,XGBoost,XGBoost_2
459,SI_ref_14,GCRB-N,DIU,Synthetic,0.6455190877003087,0.25039413571357727,XGBoost,XGBoost_2
460,SI_ref_14,GCRB-N,DIU,Synthetic,0.12138562309836234,0.49814844131469727,XGBoost,XGBoost_2
462,SI_ref_14,GCRB-N,DIU,Synthetic,0.16773925939532233,0.4135448932647705,XGBoost,XGBoost_2
465,SI_ref_14,GCRB-N,DIU,Synthetic,0.1405827183894587,0.39548009634017944,XGBoost,XGBoost_2
468,SI_ref_14,GCRB-N,DIU,Synthetic,0.6564705601884918,0.32037779688835144,XGBoost,XGBoost_2
469,SI_ref_14,GCRB-N,DIU,Synthetic,0.12617131727344172,0.44136568903923035,XGBoost,XGBoost_2
471,SI_ref_14,GCRB-N,DIU,Synthetic,0.1676281074261493,0.3885367810726166,XGBoost,XGBoost_2
474,SI_ref_14,GCRB-N,DIU,Synthetic,0.14041778225183332,0.44654136896133423,XGBoost,XGBoost_2
477,SI_ref_14,GCRB-N,DIU,Synthetic,0.6413243626564091,0.26642829179763794,XGBoost,XGBoost_2
478,SI_ref_14,GCRB-N,DIU,Synthetic,0.12377847018590202,0.6095058917999268,XGBoost,XGBoost_2
490,SI_ref_14,GCRB-N,SIM,Synthetic,0.38105997172266487,0.5302120447158813,XGBoost,XGBoost_2
537,SI_ref_19,MCB,IBU,Ground water,0.9902068659306948,0.9345118999481201,XGBoost,XGBoost_2
546,SI_ref_19,MCB,IBU,Lake water,0.9468798357239083,0.9367576837539673,XGBoost,XGBoost_2
555,SI_ref_19,MCB,IBU,Ground water,0.910886274193223,0.9123995304107666,XGBoost,XGBoost_2
561,SI_ref_19,MCB,IBU,Ground water,0.9227697266379059,0.9352085590362549,XGBoost,XGBoost_2
565,SI_ref_19,MCB,IBU,Ground water,0.9254612605703445,0.9364140629768372,XGBoost,XGBoost_2
573,SI_ref_19,MCB,IBU,Ground water,0.9222883610163676,0.9153359532356262,XGBoost,XGBoost_2
577,SI_ref_19,MCB,IBU,Ground water,0.9896236049163454,0.951082170009613,XGBoost,XGBoost_2
584,SI_ref_19,MCB,IBU,Lake water,0.9474280457633885,0.9456318020820618,XGBoost,XGBoost_2
593,SI_ref_19,MCB,IBU,Ground water,0.911624129649438,0.9069167375564575,XGBoost,XGBoost_2
595,SI_ref_19,MCB,IBU,Ground water,0.9248851497651674,0.9407134652137756,XGBoost,XGBoost_2
603,SI_ref_19,MCB,IBU,Ground water,0.920786534541565,0.9216060638427734,XGBoost,XGBoost_2
607,SI_ref_19,MCB,IBU,Ground water,0.9861765121394982,0.9686102271080017,XGBoost,XGBoost_2
614,SI_ref_19,MCB,IBU,Lake water,0.9465039927474991,0.9387785196304321,XGBoost,XGBoost_2
623,SI_ref_19,MCB,IBU,Ground water,0.9103224686673798,0.9065440893173218,XGBoost,XGBoost_2
625,SI_ref_19,MCB,IBU,Ground water,0.9258221154816445,0.9413546919822693,XGBoost,XGBoost_2
633,SI_ref_19,MCB,IBU,Ground water,0.9216175906678238,0.9115433096885681,XGBoost,XGBoost_2
653,SI_ref_18,NaOH-activated SCW biochars,DCF,Lake water,0.060393710525153486,0.5386640429496765,XGBoost,XGBoost_2
654,SI_ref_18,NaOH-activated SCW biochars,DCF,Secondary effluent,0.1736813951376961,0.5768557786941528,XGBoost,XGBoost_2
657,SI_ref_18,NaOH-activated SCW biochars,DCF,Lake water,0.4098052873550469,0.492787629365921,XGBoost,XGBoost_2
666,SI_ref_18,NaOH-activated SCW biochars,DCF,Secondary effluent,0.6160844980694858,0.5768557786941528,XGBoost,XGBoost_2
668,SI_ref_18,NaOH-activated SCW biochars,DCF,Lake water,0.5638671837826676,0.5386640429496765,XGBoost,XGBoost_2
671,SI_ref_18,NaOH-activated SCW biochars,DCF,Lake water,0.5111881637893111,0.5386640429496765,XGBoost,XGBoost_2
680,SI_ref_18,NaOH-activated SCW biochars,DCF,Lake water,0.5451956691534918,0.5386640429496765,XGBoost,XGBoost_2
681,SI_ref_18,NaOH-activated SCW biochars,DCF,Lake water,0.5155236787057735,0.5386640429496765,XGBoost,XGBoost_2
684,SI_ref_18,NaOH-activated SCW biochars,DCF,Lake water,0.5054530420964745,0.5386640429496765,XGBoost,XGBoost_2
689,SI_ref_18,NaOH-activated SCW biochars,DCF,Secondary effluent,0.6862219778123194,0.6669072508811951,XGBoost,XGBoost_2
717,SI_ref_18,NaOH-activated SCW biochars,IBU,Secondary effluent,0.5431517029603264,0.4467933475971222,XGBoost,XGBoost_2
726,SI_ref_18,NaOH-activated SCW biochars,IBU,Lake water,0.6298354173553987,0.5848609209060669,XGBoost,XGBoost_2
732,SI_ref_18,NaOH-activated SCW biochars,IBU,Lake water,0.6159420233488258,0.5848609209060669,XGBoost,XGBoost_2
736,SI_ref_18,NaOH-activated SCW biochars,IBU,Lake water,0.6281995086504742,0.5848609209060669,XGBoost,XGBoost_2
750,SI_ref_18,NaOH-activated SCW biochars,IBU,Secondary effluent,0.811827151849907,0.7740128040313721,XGBoost,XGBoost_2
751,SI_ref_18,NaOH-activated SCW biochars,IBU,Lake water,0.6869669848084122,0.5848609209060669,XGBoost,XGBoost_2
754,SI_ref_18,NaOH-activated SCW biochars,IBU,Secondary effluent,0.7786423949758233,0.5962402820587158,XGBoost,XGBoost_2
757,SI_ref_18,NaOH-activated SCW biochars,NPX,Lake water,0.20620314882650506,0.3027558922767639,XGBoost,XGBoost_2
759,SI_ref_18,NaOH-activated SCW biochars,NPX,Lake water,0.23676500653660967,0.2972497344017029,XGBoost,XGBoost_2
761,SI_ref_18,NaOH-activated SCW biochars,NPX,Lake water,0.21090148006849843,0.22838672995567322,XGBoost,XGBoost_2
763,SI_ref_18,NaOH-activated SCW biochars,NPX,Lake water,0.14381242837395034,0.12467982620000839,XGBoost,XGBoost_2
765,SI_ref_18,NaOH-activated SCW biochars,NPX,Lake water,0.049549349058709447,0.08250550925731659,XGBoost,XGBoost_2
767,SI_ref_18,NaOH-activated SCW biochars,NPX,Lake water,0.0742796412273446,0.05726737529039383,XGBoost,XGBoost_2
769,SI_ref_18,NaOH-activated SCW biochars,NPX,Lake water,0.041917196066405205,0.05451183766126633,XGBoost,XGBoost_2
773,SI_ref_18,NaOH-activated SCW biochars,NPX,Lake water,0.02383921541973232,0.08514850586652756,XGBoost,XGBoost_2
776,SI_ref_18,NaOH-activated SCW biochars,NPX,Secondary effluent,0.048092629555703405,0.04109303653240204,XGBoost,XGBoost_2
779,SI_ref_18,NaOH-activated SCW biochars,NPX,Lake water,0.0651330447328621,0.08514850586652756,XGBoost,XGBoost_2
781,SI_ref_18,NaOH-activated SCW biochars,NPX,Lake water,0.04234525136924403,0.08514850586652756,XGBoost,XGBoost_2
788,SI_ref_18,NaOH-activated SCW biochars,NPX,Secondary effluent,0.09141898602740345,0.11110211163759232,XGBoost,XGBoost_2
798,SI_ref_18,NaOH-activated SCW biochars,NPX,Secondary effluent,0.15082313311850198,0.11110211163759232,XGBoost,XGBoost_2
800,SI_ref_18,NaOH-activated SCW biochars,NPX,Secondary effluent,0.24701864815812044,0.11110211163759232,XGBoost,XGBoost_2
871,SI_ref_13,PB600,CBZ,Synthetic,0.6953242835595775,0.4691043794155121,XGBoost,XGBoost_2
881,SI_ref_13,PB600,IBU,Synthetic,0.2096102913356035,0.6203464865684509,XGBoost,XGBoost_2
918,SI_ref_13,PB800,CBZ,Synthetic,0.30905619203491547,0.24657534062862396,XGBoost,XGBoost_2
928,SI_ref_13,PB800,IBU,Synthetic,0.23013048635824437,0.3882606029510498,XGBoost,XGBoost_2
954,SI_ref_15,PSB,CAR,Synthetic,0.9395494569882223,0.9119754433631897,XGBoost,XGBoost_2
955,SI_ref_15,PSB,CAR,Synthetic,0.9231398092867221,0.9119754433631897,XGBoost,XGBoost_2
957,SI_ref_15,PSB,CAR,Synthetic,0.9436310458092197,0.9325462579727173,XGBoost,XGBoost_2
964,SI_ref_15,PSB,CAR,Synthetic,0.9383522096618221,0.9119754433631897,XGBoost,XGBoost_2
978,SI_ref_15,PSB,PYR,Synthetic,0.919631586959635,0.9162957668304443,XGBoost,XGBoost_2
985,SI_ref_15,PSB,PYR,Synthetic,0.9775942152304119,0.9162957668304443,XGBoost,XGBoost_2
994,SI_ref_15,PSB,TEB,Synthetic,0.9362126098667423,0.9215160608291626,XGBoost,XGBoost_2
1000,SI_ref_15,PSB,TEB,Synthetic,0.8714762044822667,0.9215160608291626,XGBoost,XGBoost_2
1015,SI_ref_15,PSBOX-A,CAR,Synthetic,0.03563496474916306,0.12740732729434967,XGBoost,XGBoost_2
1016,SI_ref_15,PSBOX-A,CAR,Synthetic,0.026325197069833068,0.12740732729434967,XGBoost,XGBoost_2
1018,SI_ref_15,PSBOX-A,CAR,Synthetic,0.034457194657534405,0.2943338453769684,XGBoost,XGBoost_2
1025,SI_ref_15,PSBOX-A,CAR,Synthetic,0.0497879777437964,0.12740732729434967,XGBoost,XGBoost_2
1040,SI_ref_15,PSBOX-A,PYR,Synthetic,0.5200236643843362,0.20310275256633759,XGBoost,XGBoost_2
1043,SI_ref_15,PSBOX-A,PYR,Synthetic,0.08786555053416333,0.20474404096603394,XGBoost,XGBoost_2
1050,SI_ref_15,PSBOX-A,PYR,Synthetic,0.48794917248977554,0.20474404096603394,XGBoost,XGBoost_2
1059,SI_ref_15,PSBOX-A,TEB,Synthetic,0.07277962857952934,0.21198086440563202,XGBoost,XGBoost_2
1061,SI_ref_15,PSBOX-A,TEB,Synthetic,0.5163778457532948,0.24109859764575958,XGBoost,XGBoost_2
1070,SI_ref_15,PSBOX-A,TEB,Synthetic,0.04527670142322688,0.21198086440563202,XGBoost,XGBoost_2
1101,SI_ref_17,Pristine SCG biochar,CBZ,Synthetic,0.9071468090110305,0.9109231233596802,XGBoost,XGBoost_2
1108,SI_ref_17,Pristine SCG biochar,CBZ,Synthetic,0.8967497590877974,0.9029862284660339,XGBoost,XGBoost_2
1113,SI_ref_17,Pristine SCG biochar,CBZ,Synthetic,0.9373850128799738,0.9109231233596802,XGBoost,XGBoost_2
1130,SI_ref_17,Pristine SCG biochar,EE2,Synthetic,0.817422791958414,0.8003655672073364,XGBoost,XGBoost_2
1137,SI_ref_17,Pristine SCG biochar,EE2,Synthetic,0.8257334628724249,0.8925583362579346,XGBoost,XGBoost_2
1139,SI_ref_17,Pristine SCG biochar,EE2,Synthetic,0.8269992896243368,0.8925583362579346,XGBoost,XGBoost_2
1141,SI_ref_17,Pristine SCG biochar,EE2,Synthetic,0.8244509213990222,0.8925583362579346,XGBoost,XGBoost_2
1142,SI_ref_17,Pristine SCG biochar,EE2,Synthetic,0.859538444436826,0.8740459084510803,XGBoost,XGBoost_2
1148,SI_ref_17,Pristine SCG biochar,EE2,Synthetic,0.823763814163292,0.8740459084510803,XGBoost,XGBoost_2
1157,SI_ref_17,Pristine SCG biochar,IBU,Synthetic,0.9060511140454979,0.9495328068733215,XGBoost,XGBoost_2
1159,SI_ref_17,Pristine SCG biochar,IBU,Synthetic,0.9004320791615827,0.9440525770187378,XGBoost,XGBoost_2
1161,SI_ref_17,Pristine SCG biochar,IBU,Synthetic,0.894961472244973,0.93504399061203,XGBoost,XGBoost_2
1163,SI_ref_17,Pristine SCG biochar,IBU,Synthetic,0.8949151720794959,0.9328604340553284,XGBoost,XGBoost_2
1165,SI_ref_17,Pristine SCG biochar,IBU,Synthetic,0.892599829508416,0.9288519024848938,XGBoost,XGBoost_2
1167,SI_ref_17,Pristine SCG biochar,IBU,Synthetic,0.8914167516338777,0.9246154427528381,XGBoost,XGBoost_2
1169,SI_ref_17,Pristine SCG biochar,IBU,Synthetic,0.886841225533622,0.92112797498703,XGBoost,XGBoost_2
1173,SI_ref_17,Pristine SCG biochar,IBU,Synthetic,0.9319085004678631,0.9150700569152832,XGBoost,XGBoost_2
1180,SI_ref_17,Pristine SCG biochar,IBU,Synthetic,0.9167234922708469,0.9138298630714417,XGBoost,XGBoost_2
1187,SI_ref_17,Pristine SCG biochar,IBU,Synthetic,0.9448963419259283,0.9150700569152832,XGBoost,XGBoost_2
1189,SI_ref_17,Pristine SCG biochar,IBU,Synthetic,0.9210277046979152,0.9150700569152832,XGBoost,XGBoost_2
1191,SI_ref_17,Pristine SCG biochar,IBU,Synthetic,0.9513456586569363,0.9150700569152832,XGBoost,XGBoost_2
1212,SI_ref_18,Pristine SCW Biochar,DCF,Secondary effluent,0.8964391711737753,0.9084815382957458,XGBoost,XGBoost_2
1214,SI_ref_18,Pristine SCW Biochar,DCF,Lake water,0.9077130214504949,0.9030764698982239,XGBoost,XGBoost_2
1223,SI_ref_18,Pristine SCW Biochar,DCF,Secondary effluent,0.916228597953408,0.9084815382957458,XGBoost,XGBoost_2
1225,SI_ref_18,Pristine SCW Biochar,DCF,Lake water,0.9209005359691885,0.9168699383735657,XGBoost,XGBoost_2
1228,SI_ref_18,Pristine SCW Biochar,DCF,Lake water,0.918118398017722,0.9168699383735657,XGBoost,XGBoost_2
1237,SI_ref_18,Pristine SCW Biochar,DCF,Lake water,0.9176779336906461,0.9168699383735657,XGBoost,XGBoost_2
1238,SI_ref_18,Pristine SCW Biochar,DCF,Lake water,0.9153943997055312,0.9168699383735657,XGBoost,XGBoost_2
1241,SI_ref_18,Pristine SCW Biochar,DCF,Lake water,0.9102639266700783,0.9168699383735657,XGBoost,XGBoost_2
1246,SI_ref_18,Pristine SCW Biochar,DCF,Secondary effluent,0.9052859627037971,0.9183893799781799,XGBoost,XGBoost_2
1270,SI_ref_18,Pristine SCW Biochar,IBU,Secondary effluent,0.8874692330465712,0.8750278949737549,XGBoost,XGBoost_2
1279,SI_ref_18,Pristine SCW Biochar,IBU,Lake water,0.9204127206373283,0.9197370409965515,XGBoost,XGBoost_2
1285,SI_ref_18,Pristine SCW Biochar,IBU,Lake water,0.9175495400890653,0.9197370409965515,XGBoost,XGBoost_2
1289,SI_ref_18,Pristine SCW Biochar,IBU,Lake water,0.91141920930323,0.9197370409965515,XGBoost,XGBoost_2
1303,SI_ref_18,Pristine SCW Biochar,IBU,Secondary effluent,0.9145392250293353,0.9286975264549255,XGBoost,XGBoost_2
1305,SI_ref_18,Pristine SCW Biochar,IBU,Secondary effluent,0.8992133437264335,0.9038053750991821,XGBoost,XGBoost_2
1308,SI_ref_18,Pristine SCW Biochar,NPX,Lake water,0.9299082628630408,0.9262993931770325,XGBoost,XGBoost_2
1310,SI_ref_18,Pristine SCW Biochar,NPX,Lake water,0.9179731197519893,0.92170649766922,XGBoost,XGBoost_2
1312,SI_ref_18,Pristine SCW Biochar,NPX,Lake water,0.9157588621166984,0.9239107966423035,XGBoost,XGBoost_2
1314,SI_ref_18,Pristine SCW Biochar,NPX,Lake water,0.9211177808704595,0.9238697290420532,XGBoost,XGBoost_2
1316,SI_ref_18,Pristine SCW Biochar,NPX,Lake water,0.9261251958543161,0.9202486872673035,XGBoost,XGBoost_2
1318,SI_ref_18,Pristine SCW Biochar,NPX,Lake water,0.9179250714018231,0.9206323623657227,XGBoost,XGBoost_2
1320,SI_ref_18,Pristine SCW Biochar,NPX,Lake water,0.9238791357631378,0.9176878333091736,XGBoost,XGBoost_2
1325,SI_ref_18,Pristine SCW Biochar,NPX,Secondary effluent,0.8954095327862793,0.8972195386886597,XGBoost,XGBoost_2
1328,SI_ref_18,Pristine SCW Biochar,NPX,Lake water,0.9239571578457322,0.915833592414856,XGBoost,XGBoost_2
1330,SI_ref_18,Pristine SCW Biochar,NPX,Lake water,0.9241969522882365,0.915833592414856,XGBoost,XGBoost_2
1337,SI_ref_18,Pristine SCW Biochar,NPX,Secondary effluent,0.9109852392346297,0.9067127108573914,XGBoost,XGBoost_2
1346,SI_ref_18,Pristine SCW Biochar,NPX,Secondary effluent,0.9136165317560039,0.9067127108573914,XGBoost,XGBoost_2
1347,SI_ref_18,Pristine SCW Biochar,NPX,Secondary effluent,0.9038576927569927,0.9067127108573914,XGBoost,XGBoost_2
16,SI_ref_19,AMCB,IBU,Ground water,0.029204625724030753,0.17533659094490062,Point,LightGBM_2
25,SI_ref_19,AMCB,IBU,Lake water,0.3473743729830984,0.318592426264967,Point,LightGBM_2
34,SI_ref_19,AMCB,IBU,Ground water,0.303030777614079,0.28451856684010973,Point,LightGBM_2
36,SI_ref_19,AMCB,IBU,Ground water,0.41496556078686897,0.4222622263596454,Point,LightGBM_2
44,SI_ref_19,AMCB,IBU,Ground water,0.5024496962602676,0.3846231844124656,Point,LightGBM_2
48,SI_ref_19,AMCB,IBU,Ground water,0.03338351934448727,0.14255881696088996,Point,LightGBM_2
55,SI_ref_19,AMCB,IBU,Lake water,0.34535416691700616,0.31450422411318124,Point,LightGBM_2
64,SI_ref_19,AMCB,IBU,Ground water,0.3258728934993643,0.29892192650143123,Point,LightGBM_2
66,SI_ref_19,AMCB,IBU,Ground water,0.4885549946229274,0.43805496560725854,Point,LightGBM_2
74,SI_ref_19,AMCB,IBU,Ground water,0.5226317382792791,0.3694119951740089,Point,LightGBM_2
78,SI_ref_19,AMCB,IBU,Ground water,0.025848755777109534,0.1993444289895312,Point,LightGBM_2
85,SI_ref_19,AMCB,IBU,Lake water,0.32220691257344963,0.28205096744963504,Point,LightGBM_2
94,SI_ref_19,AMCB,IBU,Ground water,0.3191737471997417,0.32919121517251426,Point,LightGBM_2
96,SI_ref_19,AMCB,IBU,Ground water,0.45590621693388655,0.4542781266190323,Point,LightGBM_2
106,SI_ref_19,AMCB,IBU,Ground water,0.3644459510905023,0.482971365709326,Point,LightGBM_2
112,SI_ref_19,AMCB,IBU,Ground water,0.5464029950150356,0.3938632982313291,Point,LightGBM_2
140,SI_ref_17,Alkali-modified SCG biochars,CBZ,Synthetic,0.006132526431344026,0.15417183674551585,Point,LightGBM_2
146,SI_ref_17,Alkali-modified SCG biochars,CBZ,Synthetic,0.6777397154224275,0.4149662471626472,Point,LightGBM_2
151,SI_ref_17,Alkali-modified SCG biochars,CBZ,Synthetic,0.4516798693491866,0.15417183674551585,Point,LightGBM_2
168,SI_ref_17,Alkali-modified SCG biochars,EE2,Synthetic,0.0796235147045166,0.21887614907694913,Point,LightGBM_2
176,SI_ref_17,Alkali-modified SCG biochars,EE2,Synthetic,0.07754174693450858,0.40892552780899205,Point,LightGBM_2
181,SI_ref_17,Alkali-modified SCG biochars,EE2,Synthetic,0.7086029202646077,0.40892552780899205,Point,LightGBM_2
190,SI_ref_17,Alkali-modified SCG biochars,IBU,Synthetic,0.22674008618295227,0.4858031229220879,Point,LightGBM_2
192,SI_ref_17,Alkali-modified SCG biochars,IBU,Synthetic,0.18762987622773672,0.4449333861237069,Point,LightGBM_2
194,SI_ref_17,Alkali-modified SCG biochars,IBU,Synthetic,0.0964989432139522,0.33553568673038386,Point,LightGBM_2
196,SI_ref_17,Alkali-modified SCG biochars,IBU,Synthetic,0.056403766337859394,0.31623307455235034,Point,LightGBM_2
198,SI_ref_17,Alkali-modified SCG biochars,IBU,Synthetic,0.04365646649895644,0.31484753652903097,Point,LightGBM_2
200,SI_ref_17,Alkali-modified SCG biochars,IBU,Synthetic,0.05275302685215311,0.2713972030421942,Point,LightGBM_2
202,SI_ref_17,Alkali-modified SCG biochars,IBU,Synthetic,0.051463060103218494,0.2524018662593782,Point,LightGBM_2
206,SI_ref_17,Alkali-modified SCG biochars,IBU,Synthetic,0.05901922048526246,0.21281091282060785,Point,LightGBM_2
213,SI_ref_17,Alkali-modified SCG biochars,IBU,Synthetic,0.33928547446435453,0.4118507621736019,Point,LightGBM_2
220,SI_ref_17,Alkali-modified SCG biochars,IBU,Synthetic,0.004839210099114782,0.21281091282060785,Point,LightGBM_2
222,SI_ref_17,Alkali-modified SCG biochars,IBU,Synthetic,0.04374442489311713,0.21281091282060785,Point,LightGBM_2
224,SI_ref_17,Alkali-modified SCG biochars,IBU,Synthetic,0.2945083196339574,0.21281091282060785,Point,LightGBM_2
229,SI_ref_16,C-Biochar,ATE,Synthetic,0.8511111111111113,0.6525368972761636,Point,LightGBM_2
231,SI_ref_16,C-Biochar,ATE,Synthetic,0.7400000000000001,0.7649608376002933,Point,LightGBM_2
235,SI_ref_16,C-Biochar,ATE,Synthetic,0.8511111111111113,0.796432383999846,Point,LightGBM_2
238,SI_ref_16,C-Biochar,ATE,Synthetic,0.6733333333333335,0.7276023763281725,Point,LightGBM_2
250,SI_ref_16,C-Biochar,CBZ,Synthetic,0.4840388007054674,0.570528117463786,Point,LightGBM_2
251,SI_ref_16,C-Biochar,CBZ,Synthetic,0.5325396825396824,0.570528117463786,Point,LightGBM_2
252,SI_ref_16,C-Biochar,CBZ,Synthetic,0.4258377425044091,0.570528117463786,Point,LightGBM_2
258,SI_ref_16,C-Biochar,CBZ,Synthetic,0.4990079365079365,0.570528117463786,Point,LightGBM_2
264,SI_ref_16,C-Biochar,IBU,Synthetic,0.7333333333333333,0.5891254261856601,Point,LightGBM_2
266,SI_ref_16,C-Biochar,IBU,Synthetic,0.6121212121212122,0.6387084430718143,Point,LightGBM_2
271,SI_ref_16,C-Biochar,IBU,Synthetic,0.6000000000000001,0.6387084430718143,Point,LightGBM_2
277,SI_ref_16,C-Biochar,IBU,Synthetic,0.7844444444444444,0.6387084430718143,Point,LightGBM_2
278,SI_ref_16,C-Biochar,IBU,Synthetic,0.8430555555555557,0.6387084430718143,Point,LightGBM_2
279,SI_ref_16,C-Biochar,IBU,Synthetic,0.861111111111111,0.6387084430718143,Point,LightGBM_2
296,SI_ref_19,CB,IBU,Ground water,0.9945207101387852,0.9484741749559098,Point,LightGBM_2
303,SI_ref_19,CB,IBU,Lake water,0.9505925590656487,0.9516513001623992,Point,LightGBM_2
314,SI_ref_19,CB,IBU,Ground water,0.917590560186213,0.9326225678097111,Point,LightGBM_2
316,SI_ref_19,CB,IBU,Ground water,0.9236132062907854,0.9527374400102123,Point,LightGBM_2
320,SI_ref_19,CB,IBU,Ground water,0.9303445651202417,0.9484741749559098,Point,LightGBM_2
328,SI_ref_19,CB,IBU,Ground water,0.9241489703794897,0.931155871194437,Point,LightGBM_2
340,SI_ref_14,GCRB,ALA,Synthetic,0.9700055250053173,0.9667990055114917,Point,LightGBM_2
361,SI_ref_14,GCRB,DIU,Synthetic,0.9291396445453227,0.8950505423100446,Point,LightGBM_2
363,SI_ref_14,GCRB,DIU,Synthetic,0.9527369648004039,0.9524015921153697,Point,LightGBM_2
365,SI_ref_14,GCRB,DIU,Synthetic,0.9265327424413893,0.9524015921153697,Point,LightGBM_2
367,SI_ref_14,GCRB,DIU,Synthetic,0.9238760352548926,0.9524015921153697,Point,LightGBM_2
369,SI_ref_14,GCRB,DIU,Synthetic,0.9147016410628197,0.9531940983242755,Point,LightGBM_2
374,SI_ref_14,GCRB,DIU,Synthetic,1.0082496176169822,0.9524015921153697,Point,LightGBM_2
390,SI_ref_14,GCRB,SIM,Synthetic,0.9757367710073495,0.9756700227977645,Point,LightGBM_2
406,SI_ref_14,GCRB-N,ALA,Synthetic,0.4281694326598611,0.4391782424581099,Point,LightGBM_2
446,SI_ref_14,GCRB-N,DIU,Synthetic,0.2075726875081201,0.20693735008391884,Point,LightGBM_2
448,SI_ref_14,GCRB-N,DIU,Synthetic,0.1819381767074788,0.24273110679910154,Point,LightGBM_2
450,SI_ref_14,GCRB-N,DIU,Synthetic,0.1736169508150928,0.2480381722946667,Point,LightGBM_2
453,SI_ref_14,GCRB-N,DIU,Synthetic,0.1683505359330984,0.2641996875370592,Point,LightGBM_2
456,SI_ref_14,GCRB-N,DIU,Synthetic,0.1402528461142079,0.34860919175197663,Point,LightGBM_2
459,SI_ref_14,GCRB-N,DIU,Synthetic,0.6455190877003087,0.35420861620660204,Point,LightGBM_2
460,SI_ref_14,GCRB-N,DIU,Synthetic,0.12138562309836234,0.3744818107872794,Point,LightGBM_2
462,SI_ref_14,GCRB-N,DIU,Synthetic,0.16773925939532233,0.364479295318772,Point,LightGBM_2
465,SI_ref_14,GCRB-N,DIU,Synthetic,0.1405827183894587,0.3635672357643026,Point,LightGBM_2
468,SI_ref_14,GCRB-N,DIU,Synthetic,0.6564705601884918,0.35687523460665516,Point,LightGBM_2
469,SI_ref_14,GCRB-N,DIU,Synthetic,0.12617131727344172,0.37173692931006186,Point,LightGBM_2
471,SI_ref_14,GCRB-N,DIU,Synthetic,0.1676281074261493,0.3631677921487558,Point,LightGBM_2
474,SI_ref_14,GCRB-N,DIU,Synthetic,0.14041778225183332,0.38787510065658826,Point,LightGBM_2
477,SI_ref_14,GCRB-N,DIU,Synthetic,0.6413243626564091,0.3817357901277959,Point,LightGBM_2
478,SI_ref_14,GCRB-N,DIU,Synthetic,0.12377847018590202,0.3817357901277959,Point,LightGBM_2
490,SI_ref_14,GCRB-N,SIM,Synthetic,0.38105997172266487,0.5218953497274802,Point,LightGBM_2
537,SI_ref_19,MCB,IBU,Ground water,0.9902068659306948,0.9338729029334585,Point,LightGBM_2
546,SI_ref_19,MCB,IBU,Lake water,0.9468798357239083,0.9387253145206668,Point,LightGBM_2
555,SI_ref_19,MCB,IBU,Ground water,0.910886274193223,0.9188667448635083,Point,LightGBM_2
561,SI_ref_19,MCB,IBU,Ground water,0.9227697266379059,0.9659920534415511,Point,LightGBM_2
565,SI_ref_19,MCB,IBU,Ground water,0.9254612605703445,0.9322195563911316,Point,LightGBM_2
573,SI_ref_19,MCB,IBU,Ground water,0.9222883610163676,0.9380232959771212,Point,LightGBM_2
577,SI_ref_19,MCB,IBU,Ground water,0.9896236049163454,0.9200997580894897,Point,LightGBM_2
584,SI_ref_19,MCB,IBU,Lake water,0.9474280457633885,0.9145854571774612,Point,LightGBM_2
593,SI_ref_19,MCB,IBU,Ground water,0.911624129649438,0.9260202964745855,Point,LightGBM_2
595,SI_ref_19,MCB,IBU,Ground water,0.9248851497651674,0.9559575635238095,Point,LightGBM_2
603,SI_ref_19,MCB,IBU,Ground water,0.920786534541565,0.9429652728113981,Point,LightGBM_2
607,SI_ref_19,MCB,IBU,Ground water,0.9861765121394982,0.9362297871576303,Point,LightGBM_2
614,SI_ref_19,MCB,IBU,Lake water,0.9465039927474991,0.925035862720128,Point,LightGBM_2
623,SI_ref_19,MCB,IBU,Ground water,0.9103224686673798,0.9272702969998694,Point,LightGBM_2
625,SI_ref_19,MCB,IBU,Ground water,0.9258221154816445,0.938702979631402,Point,LightGBM_2
633,SI_ref_19,MCB,IBU,Ground water,0.9216175906678238,0.9249310433531278,Point,LightGBM_2
653,SI_ref_18,NaOH-activated SCW biochars,DCF,Lake water,0.060393710525153486,0.5337175235694094,Point,LightGBM_2
654,SI_ref_18,NaOH-activated SCW biochars,DCF,Secondary effluent,0.1736813951376961,0.5896838595758649,Point,LightGBM_2
657,SI_ref_18,NaOH-activated SCW biochars,DCF,Lake water,0.4098052873550469,0.46074711121995565,Point,LightGBM_2
666,SI_ref_18,NaOH-activated SCW biochars,DCF,Secondary effluent,0.6160844980694858,0.5896838595758649,Point,LightGBM_2
668,SI_ref_18,NaOH-activated SCW biochars,DCF,Lake water,0.5638671837826676,0.5337175235694094,Point,LightGBM_2
671,SI_ref_18,NaOH-activated SCW biochars,DCF,Lake water,0.5111881637893111,0.5337175235694094,Point,LightGBM_2
680,SI_ref_18,NaOH-activated SCW biochars,DCF,Lake water,0.5451956691534918,0.5337175235694094,Point,LightGBM_2
681,SI_ref_18,NaOH-activated SCW biochars,DCF,Lake water,0.5155236787057735,0.5337175235694094,Point,LightGBM_2
684,SI_ref_18,NaOH-activated SCW biochars,DCF,Lake water,0.5054530420964745,0.5337175235694094,Point,LightGBM_2
689,SI_ref_18,NaOH-activated SCW biochars,DCF,Secondary effluent,0.6862219778123194,0.6449683430319059,Point,LightGBM_2
717,SI_ref_18,NaOH-activated SCW biochars,IBU,Secondary effluent,0.5431517029603264,0.5351898948050526,Point,LightGBM_2
726,SI_ref_18,NaOH-activated SCW biochars,IBU,Lake water,0.6298354173553987,0.5931441698673937,Point,LightGBM_2
732,SI_ref_18,NaOH-activated SCW biochars,IBU,Lake water,0.6159420233488258,0.5931441698673937,Point,LightGBM_2
736,SI_ref_18,NaOH-activated SCW biochars,IBU,Lake water,0.6281995086504742,0.5931441698673937,Point,LightGBM_2
750,SI_ref_18,NaOH-activated SCW biochars,IBU,Secondary effluent,0.811827151849907,0.7208671615890367,Point,LightGBM_2
751,SI_ref_18,NaOH-activated SCW biochars,IBU,Lake water,0.6869669848084122,0.5931441698673937,Point,LightGBM_2
754,SI_ref_18,NaOH-activated SCW biochars,IBU,Secondary effluent,0.7786423949758233,0.5949177262304817,Point,LightGBM_2
757,SI_ref_18,NaOH-activated SCW biochars,NPX,Lake water,0.20620314882650506,0.37535980071008324,Point,LightGBM_2
759,SI_ref_18,NaOH-activated SCW biochars,NPX,Lake water,0.23676500653660967,0.31649733082922693,Point,LightGBM_2
761,SI_ref_18,NaOH-activated SCW biochars,NPX,Lake water,0.21090148006849843,0.2072131460653841,Point,LightGBM_2
763,SI_ref_18,NaOH-activated SCW biochars,NPX,Lake water,0.14381242837395034,0.12328898128787545,Point,LightGBM_2
765,SI_ref_18,NaOH-activated SCW biochars,NPX,Lake water,0.049549349058709447,0.09982152376509296,Point,LightGBM_2
767,SI_ref_18,NaOH-activated SCW biochars,NPX,Lake water,0.0742796412273446,0.09732865644910456,Point,LightGBM_2
769,SI_ref_18,NaOH-activated SCW biochars,NPX,Lake water,0.041917196066405205,0.08583302683817827,Point,LightGBM_2
773,SI_ref_18,NaOH-activated SCW biochars,NPX,Lake water,0.02383921541973232,0.06994063050971008,Point,LightGBM_2
776,SI_ref_18,NaOH-activated SCW biochars,NPX,Secondary effluent,0.048092629555703405,0.05479301976806113,Point,LightGBM_2
779,SI_ref_18,NaOH-activated SCW biochars,NPX,Lake water,0.0651330447328621,0.06994063050971008,Point,LightGBM_2
781,SI_ref_18,NaOH-activated SCW biochars,NPX,Lake water,0.04234525136924403,0.06994063050971008,Point,LightGBM_2
788,SI_ref_18,NaOH-activated SCW biochars,NPX,Secondary effluent,0.09141898602740345,0.09401713421353368,Point,LightGBM_2
798,SI_ref_18,NaOH-activated SCW biochars,NPX,Secondary effluent,0.15082313311850198,0.09401713421353368,Point,LightGBM_2
800,SI_ref_18,NaOH-activated SCW biochars,NPX,Secondary effluent,0.24701864815812044,0.09401713421353368,Point,LightGBM_2
871,SI_ref_13,PB600,CBZ,Synthetic,0.6953242835595775,0.47381834225212005,Point,LightGBM_2
881,SI_ref_13,PB600,IBU,Synthetic,0.2096102913356035,0.6466232317736309,Point,LightGBM_2
918,SI_ref_13,PB800,CBZ,Synthetic,0.30905619203491547,0.24685060310129414,Point,LightGBM_2
928,SI_ref_13,PB800,IBU,Synthetic,0.23013048635824437,0.39297486301413764,Point,LightGBM_2
954,SI_ref_15,PSB,CAR,Synthetic,0.9395494569882223,0.9019618376992607,Point,LightGBM_2
955,SI_ref_15,PSB,CAR,Synthetic,0.9231398092867221,0.9019618376992607,Point,LightGBM_2
957,SI_ref_15,PSB,CAR,Synthetic,0.9436310458092197,0.8741787676535081,Point,LightGBM_2
964,SI_ref_15,PSB,CAR,Synthetic,0.9383522096618221,0.9019618376992607,Point,LightGBM_2
978,SI_ref_15,PSB,PYR,Synthetic,0.919631586959635,0.9280172362987726,Point,LightGBM_2
985,SI_ref_15,PSB,PYR,Synthetic,0.9775942152304119,0.9280172362987726,Point,LightGBM_2
994,SI_ref_15,PSB,TEB,Synthetic,0.9362126098667423,0.9261094873565627,Point,LightGBM_2
1000,SI_ref_15,PSB,TEB,Synthetic,0.8714762044822667,0.9261094873565627,Point,LightGBM_2
1015,SI_ref_15,PSBOX-A,CAR,Synthetic,0.03563496474916306,0.12876566053340446,Point,LightGBM_2
1016,SI_ref_15,PSBOX-A,CAR,Synthetic,0.026325197069833068,0.12876566053340446,Point,LightGBM_2
1018,SI_ref_15,PSBOX-A,CAR,Synthetic,0.034457194657534405,0.2947067916205724,Point,LightGBM_2
1025,SI_ref_15,PSBOX-A,CAR,Synthetic,0.0497879777437964,0.12876566053340446,Point,LightGBM_2
1040,SI_ref_15,PSBOX-A,PYR,Synthetic,0.5200236643843362,0.23791167161755078,Point,LightGBM_2
1043,SI_ref_15,PSBOX-A,PYR,Synthetic,0.08786555053416333,0.22826328839109486,Point,LightGBM_2
1050,SI_ref_15,PSBOX-A,PYR,Synthetic,0.48794917248977554,0.22826328839109486,Point,LightGBM_2
1059,SI_ref_15,PSBOX-A,TEB,Synthetic,0.07277962857952934,0.21674371996355937,Point,LightGBM_2
1061,SI_ref_15,PSBOX-A,TEB,Synthetic,0.5163778457532948,0.302163947093987,Point,LightGBM_2
1070,SI_ref_15,PSBOX-A,TEB,Synthetic,0.04527670142322688,0.21674371996355937,Point,LightGBM_2
1101,SI_ref_17,Pristine SCG biochar,CBZ,Synthetic,0.9071468090110305,0.9087778425294728,Point,LightGBM_2
1108,SI_ref_17,Pristine SCG biochar,CBZ,Synthetic,0.8967497590877974,0.9003546334253051,Point,LightGBM_2
1113,SI_ref_17,Pristine SCG biochar,CBZ,Synthetic,0.9373850128799738,0.9087778425294728,Point,LightGBM_2
1130,SI_ref_17,Pristine SCG biochar,EE2,Synthetic,0.817422791958414,0.802543406737646,Point,LightGBM_2
1137,SI_ref_17,Pristine SCG biochar,EE2,Synthetic,0.8257334628724249,0.888073628022744,Point,LightGBM_2
1139,SI_ref_17,Pristine SCG biochar,EE2,Synthetic,0.8269992896243368,0.888073628022744,Point,LightGBM_2
1141,SI_ref_17,Pristine SCG biochar,EE2,Synthetic,0.8244509213990222,0.888073628022744,Point,LightGBM_2
1142,SI_ref_17,Pristine SCG biochar,EE2,Synthetic,0.859538444436826,0.8555055129463581,Point,LightGBM_2
1148,SI_ref_17,Pristine SCG biochar,EE2,Synthetic,0.823763814163292,0.8555055129463581,Point,LightGBM_2
1157,SI_ref_17,Pristine SCG biochar,IBU,Synthetic,0.9060511140454979,0.9533445290529178,Point,LightGBM_2
1159,SI_ref_17,Pristine SCG biochar,IBU,Synthetic,0.9004320791615827,0.952949603188331,Point,LightGBM_2
1161,SI_ref_17,Pristine SCG biochar,IBU,Synthetic,0.894961472244973,0.9491697537171695,Point,LightGBM_2
1163,SI_ref_17,Pristine SCG biochar,IBU,Synthetic,0.8949151720794959,0.9477403857783435,Point,LightGBM_2
1165,SI_ref_17,Pristine SCG biochar,IBU,Synthetic,0.892599829508416,0.939246361767084,Point,LightGBM_2
1167,SI_ref_17,Pristine SCG biochar,IBU,Synthetic,0.8914167516338777,0.9406788564498437,Point,LightGBM_2
1169,SI_ref_17,Pristine SCG biochar,IBU,Synthetic,0.886841225533622,0.9377736369830145,Point,LightGBM_2
1173,SI_ref_17,Pristine SCG biochar,IBU,Synthetic,0.9319085004678631,0.9158812561029498,Point,LightGBM_2
1180,SI_ref_17,Pristine SCG biochar,IBU,Synthetic,0.9167234922708469,0.9080557724349204,Point,LightGBM_2
1187,SI_ref_17,Pristine SCG biochar,IBU,Synthetic,0.9448963419259283,0.9158812561029498,Point,LightGBM_2
1189,SI_ref_17,Pristine SCG biochar,IBU,Synthetic,0.9210277046979152,0.9158812561029498,Point,LightGBM_2
1191,SI_ref_17,Pristine SCG biochar,IBU,Synthetic,0.9513456586569363,0.9158812561029498,Point,LightGBM_2
1212,SI_ref_18,Pristine SCW Biochar,DCF,Secondary effluent,0.8964391711737753,0.9087385627004304,Point,LightGBM_2
1214,SI_ref_18,Pristine SCW Biochar,DCF,Lake water,0.9077130214504949,0.8613030016907859,Point,LightGBM_2
1223,SI_ref_18,Pristine SCW Biochar,DCF,Secondary effluent,0.916228597953408,0.9087385627004304,Point,LightGBM_2
1225,SI_ref_18,Pristine SCW Biochar,DCF,Lake water,0.9209005359691885,0.9216701819133621,Point,LightGBM_2
1228,SI_ref_18,Pristine SCW Biochar,DCF,Lake water,0.918118398017722,0.9216701819133621,Point,LightGBM_2
1237,SI_ref_18,Pristine SCW Biochar,DCF,Lake water,0.9176779336906461,0.9216701819133621,Point,LightGBM_2
1238,SI_ref_18,Pristine SCW Biochar,DCF,Lake water,0.9153943997055312,0.9216701819133621,Point,LightGBM_2
1241,SI_ref_18,Pristine SCW Biochar,DCF,Lake water,0.9102639266700783,0.9216701819133621,Point,LightGBM_2
1246,SI_ref_18,Pristine SCW Biochar,DCF,Secondary effluent,0.9052859627037971,0.893265914146915,Point,LightGBM_2
1270,SI_ref_18,Pristine SCW Biochar,IBU,Secondary effluent,0.8874692330465712,0.8474920753763817,Point,LightGBM_2
1279,SI_ref_18,Pristine SCW Biochar,IBU,Lake water,0.9204127206373283,0.9152227770844468,Point,LightGBM_2
1285,SI_ref_18,Pristine SCW Biochar,IBU,Lake water,0.9175495400890653,0.9152227770844468,Point,LightGBM_2
1289,SI_ref_18,Pristine SCW Biochar,IBU,Lake water,0.91141920930323,0.9152227770844468,Point,LightGBM_2
1303,SI_ref_18,Pristine SCW Biochar,IBU,Secondary effluent,0.9145392250293353,0.9569305747744598,Point,LightGBM_2
1305,SI_ref_18,Pristine SCW Biochar,IBU,Secondary effluent,0.8992133437264335,0.9004898632433013,Point,LightGBM_2
1308,SI_ref_18,Pristine SCW Biochar,NPX,Lake water,0.9299082628630408,0.9400137241621865,Point,LightGBM_2
1310,SI_ref_18,Pristine SCW Biochar,NPX,Lake water,0.9179731197519893,0.9278815706174441,Point,LightGBM_2
1312,SI_ref_18,Pristine SCW Biochar,NPX,Lake water,0.9157588621166984,0.9247938344059524,Point,LightGBM_2
1314,SI_ref_18,Pristine SCW Biochar,NPX,Lake water,0.9211177808704595,0.9307718833338042,Point,LightGBM_2
1316,SI_ref_18,Pristine SCW Biochar,NPX,Lake water,0.9261251958543161,0.9371993871874068,Point,LightGBM_2
1318,SI_ref_18,Pristine SCW Biochar,NPX,Lake water,0.9179250714018231,0.9335516523319225,Point,LightGBM_2
1320,SI_ref_18,Pristine SCW Biochar,NPX,Lake water,0.9238791357631378,0.9320984085585875,Point,LightGBM_2
1325,SI_ref_18,Pristine SCW Biochar,NPX,Secondary effluent,0.8954095327862793,0.8498049118939598,Point,LightGBM_2
1328,SI_ref_18,Pristine SCW Biochar,NPX,Lake water,0.9239571578457322,0.9138500294944994,Point,LightGBM_2
1330,SI_ref_18,Pristine SCW Biochar,NPX,Lake water,0.9241969522882365,0.9138500294944994,Point,LightGBM_2
1337,SI_ref_18,Pristine SCW Biochar,NPX,Secondary effluent,0.9109852392346297,0.9064700157506445,Point,LightGBM_2
1346,SI_ref_18,Pristine SCW Biochar,NPX,Secondary effluent,0.9136165317560039,0.9064700157506445,Point,LightGBM_2
1347,SI_ref_18,Pristine SCW Biochar,NPX,Secondary effluent,0.9038576927569927,0.9064700157506445,Point,LightGBM_2
16,SI_ref_19,AMCB,IBU,Ground water,0.029204625724030753,0.17533659094490062,Contrast,LightGBM_2
25,SI_ref_19,AMCB,IBU,Lake water,0.3473743729830984,0.318592426264967,Contrast,LightGBM_2
34,SI_ref_19,AMCB,IBU,Ground water,0.303030777614079,0.28451856684010973,Contrast,LightGBM_2
36,SI_ref_19,AMCB,IBU,Ground water,0.41496556078686897,0.4222622263596454,Contrast,LightGBM_2
44,SI_ref_19,AMCB,IBU,Ground water,0.5024496962602676,0.3846231844124656,Contrast,LightGBM_2
48,SI_ref_19,AMCB,IBU,Ground water,0.03338351934448727,0.14255881696088996,Contrast,LightGBM_2
55,SI_ref_19,AMCB,IBU,Lake water,0.34535416691700616,0.31450422411318124,Contrast,LightGBM_2
64,SI_ref_19,AMCB,IBU,Ground water,0.3258728934993643,0.29892192650143123,Contrast,LightGBM_2
66,SI_ref_19,AMCB,IBU,Ground water,0.4885549946229274,0.43805496560725854,Contrast,LightGBM_2
74,SI_ref_19,AMCB,IBU,Ground water,0.5226317382792791,0.3694119951740089,Contrast,LightGBM_2
78,SI_ref_19,AMCB,IBU,Ground water,0.025848755777109534,0.1993444289895312,Contrast,LightGBM_2
85,SI_ref_19,AMCB,IBU,Lake water,0.32220691257344963,0.28205096744963504,Contrast,LightGBM_2
94,SI_ref_19,AMCB,IBU,Ground water,0.3191737471997417,0.32919121517251426,Contrast,LightGBM_2
96,SI_ref_19,AMCB,IBU,Ground water,0.45590621693388655,0.4542781266190323,Contrast,LightGBM_2
106,SI_ref_19,AMCB,IBU,Ground water,0.3644459510905023,0.482971365709326,Contrast,LightGBM_2
112,SI_ref_19,AMCB,IBU,Ground water,0.5464029950150356,0.3938632982313291,Contrast,LightGBM_2
140,SI_ref_17,Alkali-modified SCG biochars,CBZ,Synthetic,0.006132526431344026,0.15417183674551585,Contrast,LightGBM_2
146,SI_ref_17,Alkali-modified SCG biochars,CBZ,Synthetic,0.6777397154224275,0.4149662471626472,Contrast,LightGBM_2
151,SI_ref_17,Alkali-modified SCG biochars,CBZ,Synthetic,0.4516798693491866,0.15417183674551585,Contrast,LightGBM_2
168,SI_ref_17,Alkali-modified SCG biochars,EE2,Synthetic,0.0796235147045166,0.21887614907694913,Contrast,LightGBM_2
176,SI_ref_17,Alkali-modified SCG biochars,EE2,Synthetic,0.07754174693450858,0.40892552780899205,Contrast,LightGBM_2
181,SI_ref_17,Alkali-modified SCG biochars,EE2,Synthetic,0.7086029202646077,0.40892552780899205,Contrast,LightGBM_2
190,SI_ref_17,Alkali-modified SCG biochars,IBU,Synthetic,0.22674008618295227,0.4858031229220879,Contrast,LightGBM_2
192,SI_ref_17,Alkali-modified SCG biochars,IBU,Synthetic,0.18762987622773672,0.4449333861237069,Contrast,LightGBM_2
194,SI_ref_17,Alkali-modified SCG biochars,IBU,Synthetic,0.0964989432139522,0.33553568673038386,Contrast,LightGBM_2
196,SI_ref_17,Alkali-modified SCG biochars,IBU,Synthetic,0.056403766337859394,0.31623307455235034,Contrast,LightGBM_2
198,SI_ref_17,Alkali-modified SCG biochars,IBU,Synthetic,0.04365646649895644,0.31484753652903097,Contrast,LightGBM_2
200,SI_ref_17,Alkali-modified SCG biochars,IBU,Synthetic,0.05275302685215311,0.2713972030421942,Contrast,LightGBM_2
202,SI_ref_17,Alkali-modified SCG biochars,IBU,Synthetic,0.051463060103218494,0.2524018662593782,Contrast,LightGBM_2
206,SI_ref_17,Alkali-modified SCG biochars,IBU,Synthetic,0.05901922048526246,0.21281091282060785,Contrast,LightGBM_2
213,SI_ref_17,Alkali-modified SCG biochars,IBU,Synthetic,0.33928547446435453,0.4118507621736019,Contrast,LightGBM_2
220,SI_ref_17,Alkali-modified SCG biochars,IBU,Synthetic,0.004839210099114782,0.21281091282060785,Contrast,LightGBM_2
222,SI_ref_17,Alkali-modified SCG biochars,IBU,Synthetic,0.04374442489311713,0.21281091282060785,Contrast,LightGBM_2
224,SI_ref_17,Alkali-modified SCG biochars,IBU,Synthetic,0.2945083196339574,0.21281091282060785,Contrast,LightGBM_2
229,SI_ref_16,C-Biochar,ATE,Synthetic,0.8511111111111113,0.6525368972761636,Contrast,LightGBM_2
231,SI_ref_16,C-Biochar,ATE,Synthetic,0.7400000000000001,0.7649608376002933,Contrast,LightGBM_2
235,SI_ref_16,C-Biochar,ATE,Synthetic,0.8511111111111113,0.796432383999846,Contrast,LightGBM_2
238,SI_ref_16,C-Biochar,ATE,Synthetic,0.6733333333333335,0.7276023763281725,Contrast,LightGBM_2
250,SI_ref_16,C-Biochar,CBZ,Synthetic,0.4840388007054674,0.570528117463786,Contrast,LightGBM_2
251,SI_ref_16,C-Biochar,CBZ,Synthetic,0.5325396825396824,0.570528117463786,Contrast,LightGBM_2
252,SI_ref_16,C-Biochar,CBZ,Synthetic,0.4258377425044091,0.570528117463786,Contrast,LightGBM_2
258,SI_ref_16,C-Biochar,CBZ,Synthetic,0.4990079365079365,0.570528117463786,Contrast,LightGBM_2
264,SI_ref_16,C-Biochar,IBU,Synthetic,0.7333333333333333,0.5891254261856601,Contrast,LightGBM_2
266,SI_ref_16,C-Biochar,IBU,Synthetic,0.6121212121212122,0.6387084430718143,Contrast,LightGBM_2
271,SI_ref_16,C-Biochar,IBU,Synthetic,0.6000000000000001,0.6387084430718143,Contrast,LightGBM_2
277,SI_ref_16,C-Biochar,IBU,Synthetic,0.7844444444444444,0.6387084430718143,Contrast,LightGBM_2
278,SI_ref_16,C-Biochar,IBU,Synthetic,0.8430555555555557,0.6387084430718143,Contrast,LightGBM_2
279,SI_ref_16,C-Biochar,IBU,Synthetic,0.861111111111111,0.6387084430718143,Contrast,LightGBM_2
296,SI_ref_19,CB,IBU,Ground water,0.9945207101387852,0.9484741749559098,Contrast,LightGBM_2
303,SI_ref_19,CB,IBU,Lake water,0.9505925590656487,0.9516513001623992,Contrast,LightGBM_2
314,SI_ref_19,CB,IBU,Ground water,0.917590560186213,0.9326225678097111,Contrast,LightGBM_2
316,SI_ref_19,CB,IBU,Ground water,0.9236132062907854,0.9527374400102123,Contrast,LightGBM_2
320,SI_ref_19,CB,IBU,Ground water,0.9303445651202417,0.9484741749559098,Contrast,LightGBM_2
328,SI_ref_19,CB,IBU,Ground water,0.9241489703794897,0.931155871194437,Contrast,LightGBM_2
340,SI_ref_14,GCRB,ALA,Synthetic,0.9700055250053173,0.9667990055114917,Contrast,LightGBM_2
361,SI_ref_14,GCRB,DIU,Synthetic,0.9291396445453227,0.8950505423100446,Contrast,LightGBM_2
363,SI_ref_14,GCRB,DIU,Synthetic,0.9527369648004039,0.9524015921153697,Contrast,LightGBM_2
365,SI_ref_14,GCRB,DIU,Synthetic,0.9265327424413893,0.9524015921153697,Contrast,LightGBM_2
367,SI_ref_14,GCRB,DIU,Synthetic,0.9238760352548926,0.9524015921153697,Contrast,LightGBM_2
369,SI_ref_14,GCRB,DIU,Synthetic,0.9147016410628197,0.9531940983242755,Contrast,LightGBM_2
374,SI_ref_14,GCRB,DIU,Synthetic,1.0082496176169822,0.9524015921153697,Contrast,LightGBM_2
390,SI_ref_14,GCRB,SIM,Synthetic,0.9757367710073495,0.9756700227977645,Contrast,LightGBM_2
406,SI_ref_14,GCRB-N,ALA,Synthetic,0.4281694326598611,0.4391782424581099,Contrast,LightGBM_2
446,SI_ref_14,GCRB-N,DIU,Synthetic,0.2075726875081201,0.20693735008391884,Contrast,LightGBM_2
448,SI_ref_14,GCRB-N,DIU,Synthetic,0.1819381767074788,0.24273110679910154,Contrast,LightGBM_2
450,SI_ref_14,GCRB-N,DIU,Synthetic,0.1736169508150928,0.2480381722946667,Contrast,LightGBM_2
453,SI_ref_14,GCRB-N,DIU,Synthetic,0.1683505359330984,0.2641996875370592,Contrast,LightGBM_2
456,SI_ref_14,GCRB-N,DIU,Synthetic,0.1402528461142079,0.34860919175197663,Contrast,LightGBM_2
459,SI_ref_14,GCRB-N,DIU,Synthetic,0.6455190877003087,0.35420861620660204,Contrast,LightGBM_2
460,SI_ref_14,GCRB-N,DIU,Synthetic,0.12138562309836234,0.3744818107872794,Contrast,LightGBM_2
462,SI_ref_14,GCRB-N,DIU,Synthetic,0.16773925939532233,0.364479295318772,Contrast,LightGBM_2
465,SI_ref_14,GCRB-N,DIU,Synthetic,0.1405827183894587,0.3635672357643026,Contrast,LightGBM_2
468,SI_ref_14,GCRB-N,DIU,Synthetic,0.6564705601884918,0.35687523460665516,Contrast,LightGBM_2
469,SI_ref_14,GCRB-N,DIU,Synthetic,0.12617131727344172,0.37173692931006186,Contrast,LightGBM_2
471,SI_ref_14,GCRB-N,DIU,Synthetic,0.1676281074261493,0.3631677921487558,Contrast,LightGBM_2
474,SI_ref_14,GCRB-N,DIU,Synthetic,0.14041778225183332,0.38787510065658826,Contrast,LightGBM_2
477,SI_ref_14,GCRB-N,DIU,Synthetic,0.6413243626564091,0.3817357901277959,Contrast,LightGBM_2
478,SI_ref_14,GCRB-N,DIU,Synthetic,0.12377847018590202,0.3817357901277959,Contrast,LightGBM_2
490,SI_ref_14,GCRB-N,SIM,Synthetic,0.38105997172266487,0.5218953497274802,Contrast,LightGBM_2
537,SI_ref_19,MCB,IBU,Ground water,0.9902068659306948,0.9338729029334585,Contrast,LightGBM_2
546,SI_ref_19,MCB,IBU,Lake water,0.9468798357239083,0.9387253145206668,Contrast,LightGBM_2
555,SI_ref_19,MCB,IBU,Ground water,0.910886274193223,0.9188667448635083,Contrast,LightGBM_2
561,SI_ref_19,MCB,IBU,Ground water,0.9227697266379059,0.9659920534415511,Contrast,LightGBM_2
565,SI_ref_19,MCB,IBU,Ground water,0.9254612605703445,0.9322195563911316,Contrast,LightGBM_2
573,SI_ref_19,MCB,IBU,Ground water,0.9222883610163676,0.9380232959771212,Contrast,LightGBM_2
577,SI_ref_19,MCB,IBU,Ground water,0.9896236049163454,0.9200997580894897,Contrast,LightGBM_2
584,SI_ref_19,MCB,IBU,Lake water,0.9474280457633885,0.9145854571774612,Contrast,LightGBM_2
593,SI_ref_19,MCB,IBU,Ground water,0.911624129649438,0.9260202964745855,Contrast,LightGBM_2
595,SI_ref_19,MCB,IBU,Ground water,0.9248851497651674,0.9559575635238095,Contrast,LightGBM_2
603,SI_ref_19,MCB,IBU,Ground water,0.920786534541565,0.9429652728113981,Contrast,LightGBM_2
607,SI_ref_19,MCB,IBU,Ground water,0.9861765121394982,0.9362297871576303,Contrast,LightGBM_2
614,SI_ref_19,MCB,IBU,Lake water,0.9465039927474991,0.925035862720128,Contrast,LightGBM_2
623,SI_ref_19,MCB,IBU,Ground water,0.9103224686673798,0.9272702969998694,Contrast,LightGBM_2
625,SI_ref_19,MCB,IBU,Ground water,0.9258221154816445,0.938702979631402,Contrast,LightGBM_2
633,SI_ref_19,MCB,IBU,Ground water,0.9216175906678238,0.9249310433531278,Contrast,LightGBM_2
653,SI_ref_18,NaOH-activated SCW biochars,DCF,Lake water,0.060393710525153486,0.5337175235694094,Contrast,LightGBM_2
654,SI_ref_18,NaOH-activated SCW biochars,DCF,Secondary effluent,0.1736813951376961,0.5896838595758649,Contrast,LightGBM_2
657,SI_ref_18,NaOH-activated SCW biochars,DCF,Lake water,0.4098052873550469,0.46074711121995565,Contrast,LightGBM_2
666,SI_ref_18,NaOH-activated SCW biochars,DCF,Secondary effluent,0.6160844980694858,0.5896838595758649,Contrast,LightGBM_2
668,SI_ref_18,NaOH-activated SCW biochars,DCF,Lake water,0.5638671837826676,0.5337175235694094,Contrast,LightGBM_2
671,SI_ref_18,NaOH-activated SCW biochars,DCF,Lake water,0.5111881637893111,0.5337175235694094,Contrast,LightGBM_2
680,SI_ref_18,NaOH-activated SCW biochars,DCF,Lake water,0.5451956691534918,0.5337175235694094,Contrast,LightGBM_2
681,SI_ref_18,NaOH-activated SCW biochars,DCF,Lake water,0.5155236787057735,0.5337175235694094,Contrast,LightGBM_2
684,SI_ref_18,NaOH-activated SCW biochars,DCF,Lake water,0.5054530420964745,0.5337175235694094,Contrast,LightGBM_2
689,SI_ref_18,NaOH-activated SCW biochars,DCF,Secondary effluent,0.6862219778123194,0.6449683430319059,Contrast,LightGBM_2
717,SI_ref_18,NaOH-activated SCW biochars,IBU,Secondary effluent,0.5431517029603264,0.5351898948050526,Contrast,LightGBM_2
726,SI_ref_18,NaOH-activated SCW biochars,IBU,Lake water,0.6298354173553987,0.5931441698673937,Contrast,LightGBM_2
732,SI_ref_18,NaOH-activated SCW biochars,IBU,Lake water,0.6159420233488258,0.5931441698673937,Contrast,LightGBM_2
736,SI_ref_18,NaOH-activated SCW biochars,IBU,Lake water,0.6281995086504742,0.5931441698673937,Contrast,LightGBM_2
750,SI_ref_18,NaOH-activated SCW biochars,IBU,Secondary effluent,0.811827151849907,0.7208671615890367,Contrast,LightGBM_2
751,SI_ref_18,NaOH-activated SCW biochars,IBU,Lake water,0.6869669848084122,0.5931441698673937,Contrast,LightGBM_2
754,SI_ref_18,NaOH-activated SCW biochars,IBU,Secondary effluent,0.7786423949758233,0.5949177262304817,Contrast,LightGBM_2
757,SI_ref_18,NaOH-activated SCW biochars,NPX,Lake water,0.20620314882650506,0.37535980071008324,Contrast,LightGBM_2
759,SI_ref_18,NaOH-activated SCW biochars,NPX,Lake water,0.23676500653660967,0.31649733082922693,Contrast,LightGBM_2
761,SI_ref_18,NaOH-activated SCW biochars,NPX,Lake water,0.21090148006849843,0.2072131460653841,Contrast,LightGBM_2
763,SI_ref_18,NaOH-activated SCW biochars,NPX,Lake water,0.14381242837395034,0.12328898128787545,Contrast,LightGBM_2
765,SI_ref_18,NaOH-activated SCW biochars,NPX,Lake water,0.049549349058709447,0.09982152376509296,Contrast,LightGBM_2
767,SI_ref_18,NaOH-activated SCW biochars,NPX,Lake water,0.0742796412273446,0.09732865644910456,Contrast,LightGBM_2
769,SI_ref_18,NaOH-activated SCW biochars,NPX,Lake water,0.041917196066405205,0.08583302683817827,Contrast,LightGBM_2
773,SI_ref_18,NaOH-activated SCW biochars,NPX,Lake water,0.02383921541973232,0.06994063050971008,Contrast,LightGBM_2
776,SI_ref_18,NaOH-activated SCW biochars,NPX,Secondary effluent,0.048092629555703405,0.05479301976806113,Contrast,LightGBM_2
779,SI_ref_18,NaOH-activated SCW biochars,NPX,Lake water,0.0651330447328621,0.06994063050971008,Contrast,LightGBM_2
781,SI_ref_18,NaOH-activated SCW biochars,NPX,Lake water,0.04234525136924403,0.06994063050971008,Contrast,LightGBM_2
788,SI_ref_18,NaOH-activated SCW biochars,NPX,Secondary effluent,0.09141898602740345,0.09401713421353368,Contrast,LightGBM_2
798,SI_ref_18,NaOH-activated SCW biochars,NPX,Secondary effluent,0.15082313311850198,0.09401713421353368,Contrast,LightGBM_2
800,SI_ref_18,NaOH-activated SCW biochars,NPX,Secondary effluent,0.24701864815812044,0.09401713421353368,Contrast,LightGBM_2
871,SI_ref_13,PB600,CBZ,Synthetic,0.6953242835595775,0.47381834225212005,Contrast,LightGBM_2
881,SI_ref_13,PB600,IBU,Synthetic,0.2096102913356035,0.6466232317736309,Contrast,LightGBM_2
918,SI_ref_13,PB800,CBZ,Synthetic,0.30905619203491547,0.24685060310129414,Contrast,LightGBM_2
928,SI_ref_13,PB800,IBU,Synthetic,0.23013048635824437,0.39297486301413764,Contrast,LightGBM_2
954,SI_ref_15,PSB,CAR,Synthetic,0.9395494569882223,0.9019618376992607,Contrast,LightGBM_2
955,SI_ref_15,PSB,CAR,Synthetic,0.9231398092867221,0.9019618376992607,Contrast,LightGBM_2
957,SI_ref_15,PSB,CAR,Synthetic,0.9436310458092197,0.8741787676535081,Contrast,LightGBM_2
964,SI_ref_15,PSB,CAR,Synthetic,0.9383522096618221,0.9019618376992607,Contrast,LightGBM_2
978,SI_ref_15,PSB,PYR,Synthetic,0.919631586959635,0.9280172362987726,Contrast,LightGBM_2
985,SI_ref_15,PSB,PYR,Synthetic,0.9775942152304119,0.9280172362987726,Contrast,LightGBM_2
994,SI_ref_15,PSB,TEB,Synthetic,0.9362126098667423,0.9261094873565627,Contrast,LightGBM_2
1000,SI_ref_15,PSB,TEB,Synthetic,0.8714762044822667,0.9261094873565627,Contrast,LightGBM_2
1015,SI_ref_15,PSBOX-A,CAR,Synthetic,0.03563496474916306,0.12876566053340446,Contrast,LightGBM_2
1016,SI_ref_15,PSBOX-A,CAR,Synthetic,0.026325197069833068,0.12876566053340446,Contrast,LightGBM_2
1018,SI_ref_15,PSBOX-A,CAR,Synthetic,0.034457194657534405,0.2947067916205724,Contrast,LightGBM_2
1025,SI_ref_15,PSBOX-A,CAR,Synthetic,0.0497879777437964,0.12876566053340446,Contrast,LightGBM_2
1040,SI_ref_15,PSBOX-A,PYR,Synthetic,0.5200236643843362,0.23791167161755078,Contrast,LightGBM_2
1043,SI_ref_15,PSBOX-A,PYR,Synthetic,0.08786555053416333,0.22826328839109486,Contrast,LightGBM_2
1050,SI_ref_15,PSBOX-A,PYR,Synthetic,0.48794917248977554,0.22826328839109486,Contrast,LightGBM_2
1059,SI_ref_15,PSBOX-A,TEB,Synthetic,0.07277962857952934,0.21674371996355937,Contrast,LightGBM_2
1061,SI_ref_15,PSBOX-A,TEB,Synthetic,0.5163778457532948,0.302163947093987,Contrast,LightGBM_2
1070,SI_ref_15,PSBOX-A,TEB,Synthetic,0.04527670142322688,0.21674371996355937,Contrast,LightGBM_2
1101,SI_ref_17,Pristine SCG biochar,CBZ,Synthetic,0.9071468090110305,0.9087778425294728,Contrast,LightGBM_2
1108,SI_ref_17,Pristine SCG biochar,CBZ,Synthetic,0.8967497590877974,0.9003546334253051,Contrast,LightGBM_2
1113,SI_ref_17,Pristine SCG biochar,CBZ,Synthetic,0.9373850128799738,0.9087778425294728,Contrast,LightGBM_2
1130,SI_ref_17,Pristine SCG biochar,EE2,Synthetic,0.817422791958414,0.802543406737646,Contrast,LightGBM_2
1137,SI_ref_17,Pristine SCG biochar,EE2,Synthetic,0.8257334628724249,0.888073628022744,Contrast,LightGBM_2
1139,SI_ref_17,Pristine SCG biochar,EE2,Synthetic,0.8269992896243368,0.888073628022744,Contrast,LightGBM_2
1141,SI_ref_17,Pristine SCG biochar,EE2,Synthetic,0.8244509213990222,0.888073628022744,Contrast,LightGBM_2
1142,SI_ref_17,Pristine SCG biochar,EE2,Synthetic,0.859538444436826,0.8555055129463581,Contrast,LightGBM_2
1148,SI_ref_17,Pristine SCG biochar,EE2,Synthetic,0.823763814163292,0.8555055129463581,Contrast,LightGBM_2
1157,SI_ref_17,Pristine SCG biochar,IBU,Synthetic,0.9060511140454979,0.9533445290529178,Contrast,LightGBM_2
1159,SI_ref_17,Pristine SCG biochar,IBU,Synthetic,0.9004320791615827,0.952949603188331,Contrast,LightGBM_2
1161,SI_ref_17,Pristine SCG biochar,IBU,Synthetic,0.894961472244973,0.9491697537171695,Contrast,LightGBM_2
1163,SI_ref_17,Pristine SCG biochar,IBU,Synthetic,0.8949151720794959,0.9477403857783435,Contrast,LightGBM_2
1165,SI_ref_17,Pristine SCG biochar,IBU,Synthetic,0.892599829508416,0.939246361767084,Contrast,LightGBM_2
1167,SI_ref_17,Pristine SCG biochar,IBU,Synthetic,0.8914167516338777,0.9406788564498437,Contrast,LightGBM_2
1169,SI_ref_17,Pristine SCG biochar,IBU,Synthetic,0.886841225533622,0.9377736369830145,Contrast,LightGBM_2
1173,SI_ref_17,Pristine SCG biochar,IBU,Synthetic,0.9319085004678631,0.9158812561029498,Contrast,LightGBM_2
1180,SI_ref_17,Pristine SCG biochar,IBU,Synthetic,0.9167234922708469,0.9080557724349204,Contrast,LightGBM_2
1187,SI_ref_17,Pristine SCG biochar,IBU,Synthetic,0.9448963419259283,0.9158812561029498,Contrast,LightGBM_2
1189,SI_ref_17,Pristine SCG biochar,IBU,Synthetic,0.9210277046979152,0.9158812561029498,Contrast,LightGBM_2
1191,SI_ref_17,Pristine SCG biochar,IBU,Synthetic,0.9513456586569363,0.9158812561029498,Contrast,LightGBM_2
1212,SI_ref_18,Pristine SCW Biochar,DCF,Secondary effluent,0.8964391711737753,0.9087385627004304,Contrast,LightGBM_2
1214,SI_ref_18,Pristine SCW Biochar,DCF,Lake water,0.9077130214504949,0.8613030016907859,Contrast,LightGBM_2
1223,SI_ref_18,Pristine SCW Biochar,DCF,Secondary effluent,0.916228597953408,0.9087385627004304,Contrast,LightGBM_2
1225,SI_ref_18,Pristine SCW Biochar,DCF,Lake water,0.9209005359691885,0.9216701819133621,Contrast,LightGBM_2
1228,SI_ref_18,Pristine SCW Biochar,DCF,Lake water,0.918118398017722,0.9216701819133621,Contrast,LightGBM_2
1237,SI_ref_18,Pristine SCW Biochar,DCF,Lake water,0.9176779336906461,0.9216701819133621,Contrast,LightGBM_2
1238,SI_ref_18,Pristine SCW Biochar,DCF,Lake water,0.9153943997055312,0.9216701819133621,Contrast,LightGBM_2
1241,SI_ref_18,Pristine SCW Biochar,DCF,Lake water,0.9102639266700783,0.9216701819133621,Contrast,LightGBM_2
1246,SI_ref_18,Pristine SCW Biochar,DCF,Secondary effluent,0.9052859627037971,0.893265914146915,Contrast,LightGBM_2
1270,SI_ref_18,Pristine SCW Biochar,IBU,Secondary effluent,0.8874692330465712,0.8474920753763817,Contrast,LightGBM_2
1279,SI_ref_18,Pristine SCW Biochar,IBU,Lake water,0.9204127206373283,0.9152227770844468,Contrast,LightGBM_2
1285,SI_ref_18,Pristine SCW Biochar,IBU,Lake water,0.9175495400890653,0.9152227770844468,Contrast,LightGBM_2
1289,SI_ref_18,Pristine SCW Biochar,IBU,Lake water,0.91141920930323,0.9152227770844468,Contrast,LightGBM_2
1303,SI_ref_18,Pristine SCW Biochar,IBU,Secondary effluent,0.9145392250293353,0.9569305747744598,Contrast,LightGBM_2
1305,SI_ref_18,Pristine SCW Biochar,IBU,Secondary effluent,0.8992133437264335,0.9004898632433013,Contrast,LightGBM_2
1308,SI_ref_18,Pristine SCW Biochar,NPX,Lake water,0.9299082628630408,0.9400137241621865,Contrast,LightGBM_2
1310,SI_ref_18,Pristine SCW Biochar,NPX,Lake water,0.9179731197519893,0.9278815706174441,Contrast,LightGBM_2
1312,SI_ref_18,Pristine SCW Biochar,NPX,Lake water,0.9157588621166984,0.9247938344059524,Contrast,LightGBM_2
1314,SI_ref_18,Pristine SCW Biochar,NPX,Lake water,0.9211177808704595,0.9307718833338042,Contrast,LightGBM_2
1316,SI_ref_18,Pristine SCW Biochar,NPX,Lake water,0.9261251958543161,0.9371993871874068,Contrast,LightGBM_2
1318,SI_ref_18,Pristine SCW Biochar,NPX,Lake water,0.9179250714018231,0.9335516523319225,Contrast,LightGBM_2
1320,SI_ref_18,Pristine SCW Biochar,NPX,Lake water,0.9238791357631378,0.9320984085585875,Contrast,LightGBM_2
1325,SI_ref_18,Pristine SCW Biochar,NPX,Secondary effluent,0.8954095327862793,0.8498049118939598,Contrast,LightGBM_2
1328,SI_ref_18,Pristine SCW Biochar,NPX,Lake water,0.9239571578457322,0.9138500294944994,Contrast,LightGBM_2
1330,SI_ref_18,Pristine SCW Biochar,NPX,Lake water,0.9241969522882365,0.9138500294944994,Contrast,LightGBM_2
1337,SI_ref_18,Pristine SCW Biochar,NPX,Secondary effluent,0.9109852392346297,0.9064700157506445,Contrast,LightGBM_2
1346,SI_ref_18,Pristine SCW Biochar,NPX,Secondary effluent,0.9136165317560039,0.9064700157506445,Contrast,LightGBM_2
1347,SI_ref_18,Pristine SCW Biochar,NPX,Secondary effluent,0.9038576927569927,0.9064700157506445,Contrast,LightGBM_2
16,SI_ref_19,AMCB,IBU,Ground water,0.029204625724030753,0.276462537456192,TOPSIS,CatBoost_2
25,SI_ref_19,AMCB,IBU,Lake water,0.3473743729830984,0.3494020255127926,TOPSIS,CatBoost_2
34,SI_ref_19,AMCB,IBU,Ground water,0.303030777614079,0.29029507485491773,TOPSIS,CatBoost_2
36,SI_ref_19,AMCB,IBU,Ground water,0.41496556078686897,0.3658432352806967,TOPSIS,CatBoost_2
44,SI_ref_19,AMCB,IBU,Ground water,0.5024496962602676,0.344889245506173,TOPSIS,CatBoost_2
48,SI_ref_19,AMCB,IBU,Ground water,0.03338351934448727,0.258980821977968,TOPSIS,CatBoost_2
55,SI_ref_19,AMCB,IBU,Lake water,0.34535416691700616,0.3475546002153419,TOPSIS,CatBoost_2
64,SI_ref_19,AMCB,IBU,Ground water,0.3258728934993643,0.29342425227228547,TOPSIS,CatBoost_2
66,SI_ref_19,AMCB,IBU,Ground water,0.4885549946229274,0.3596356447944313,TOPSIS,CatBoost_2
74,SI_ref_19,AMCB,IBU,Ground water,0.5226317382792791,0.3407920543493107,TOPSIS,CatBoost_2
78,SI_ref_19,AMCB,IBU,Ground water,0.025848755777109534,0.26342559047660635,TOPSIS,CatBoost_2
85,SI_ref_19,AMCB,IBU,Lake water,0.32220691257344963,0.338166247814646,TOPSIS,CatBoost_2
94,SI_ref_19,AMCB,IBU,Ground water,0.3191737471997417,0.31050858450517255,TOPSIS,CatBoost_2
96,SI_ref_19,AMCB,IBU,Ground water,0.45590621693388655,0.39368303153153583,TOPSIS,CatBoost_2
106,SI_ref_19,AMCB,IBU,Ground water,0.3644459510905023,0.44860046690335975,TOPSIS,CatBoost_2
112,SI_ref_19,AMCB,IBU,Ground water,0.5464029950150356,0.39332405289345795,TOPSIS,CatBoost_2
140,SI_ref_17,Alkali-modified SCG biochars,CBZ,Synthetic,0.006132526431344026,0.16465903768763424,TOPSIS,CatBoost_2
146,SI_ref_17,Alkali-modified SCG biochars,CBZ,Synthetic,0.6777397154224275,0.34006376529320637,TOPSIS,CatBoost_2
151,SI_ref_17,Alkali-modified SCG biochars,CBZ,Synthetic,0.4516798693491866,0.16465903768763424,TOPSIS,CatBoost_2
168,SI_ref_17,Alkali-modified SCG biochars,EE2,Synthetic,0.0796235147045166,0.18411244859093479,TOPSIS,CatBoost_2
176,SI_ref_17,Alkali-modified SCG biochars,EE2,Synthetic,0.07754174693450858,0.3526926377011722,TOPSIS,CatBoost_2
181,SI_ref_17,Alkali-modified SCG biochars,EE2,Synthetic,0.7086029202646077,0.3526926377011722,TOPSIS,CatBoost_2
190,SI_ref_17,Alkali-modified SCG biochars,IBU,Synthetic,0.22674008618295227,0.44476594309615003,TOPSIS,CatBoost_2
192,SI_ref_17,Alkali-modified SCG biochars,IBU,Synthetic,0.18762987622773672,0.41601847228053923,TOPSIS,CatBoost_2
194,SI_ref_17,Alkali-modified SCG biochars,IBU,Synthetic,0.0964989432139522,0.3186199324796498,TOPSIS,CatBoost_2
196,SI_ref_17,Alkali-modified SCG biochars,IBU,Synthetic,0.056403766337859394,0.3012484132443336,TOPSIS,CatBoost_2
198,SI_ref_17,Alkali-modified SCG biochars,IBU,Synthetic,0.04365646649895644,0.2879858261237544,TOPSIS,CatBoost_2
200,SI_ref_17,Alkali-modified SCG biochars,IBU,Synthetic,0.05275302685215311,0.2820183636455812,TOPSIS,CatBoost_2
202,SI_ref_17,Alkali-modified SCG biochars,IBU,Synthetic,0.051463060103218494,0.28100678780204214,TOPSIS,CatBoost_2
206,SI_ref_17,Alkali-modified SCG biochars,IBU,Synthetic,0.05901922048526246,0.28314114430479875,TOPSIS,CatBoost_2
213,SI_ref_17,Alkali-modified SCG biochars,IBU,Synthetic,0.33928547446435453,0.4007222038806667,TOPSIS,CatBoost_2
220,SI_ref_17,Alkali-modified SCG biochars,IBU,Synthetic,0.004839210099114782,0.28314114430479875,TOPSIS,CatBoost_2
222,SI_ref_17,Alkali-modified SCG biochars,IBU,Synthetic,0.04374442489311713,0.28314114430479875,TOPSIS,CatBoost_2
224,SI_ref_17,Alkali-modified SCG biochars,IBU,Synthetic,0.2945083196339574,0.28314114430479875,TOPSIS,CatBoost_2
229,SI_ref_16,C-Biochar,ATE,Synthetic,0.8511111111111113,0.6544593805517102,TOPSIS,CatBoost_2
231,SI_ref_16,C-Biochar,ATE,Synthetic,0.7400000000000001,0.774778545209698,TOPSIS,CatBoost_2
235,SI_ref_16,C-Biochar,ATE,Synthetic,0.8511111111111113,0.7730960976053306,TOPSIS,CatBoost_2
238,SI_ref_16,C-Biochar,ATE,Synthetic,0.6733333333333335,0.7364651767880337,TOPSIS,CatBoost_2
250,SI_ref_16,C-Biochar,CBZ,Synthetic,0.4840388007054674,0.5750924371273644,TOPSIS,CatBoost_2
251,SI_ref_16,C-Biochar,CBZ,Synthetic,0.5325396825396824,0.5750924371273644,TOPSIS,CatBoost_2
252,SI_ref_16,C-Biochar,CBZ,Synthetic,0.4258377425044091,0.5750924371273644,TOPSIS,CatBoost_2
258,SI_ref_16,C-Biochar,CBZ,Synthetic,0.4990079365079365,0.5750924371273644,TOPSIS,CatBoost_2
264,SI_ref_16,C-Biochar,IBU,Synthetic,0.7333333333333333,0.5898776037625072,TOPSIS,CatBoost_2
266,SI_ref_16,C-Biochar,IBU,Synthetic,0.6121212121212122,0.6672306346098745,TOPSIS,CatBoost_2
271,SI_ref_16,C-Biochar,IBU,Synthetic,0.6000000000000001,0.6672306346098745,TOPSIS,CatBoost_2
277,SI_ref_16,C-Biochar,IBU,Synthetic,0.7844444444444444,0.6672306346098745,TOPSIS,CatBoost_2
278,SI_ref_16,C-Biochar,IBU,Synthetic,0.8430555555555557,0.6672306346098745,TOPSIS,CatBoost_2
279,SI_ref_16,C-Biochar,IBU,Synthetic,0.861111111111111,0.6672306346098745,TOPSIS,CatBoost_2
296,SI_ref_19,CB,IBU,Ground water,0.9945207101387852,0.9460603168198112,TOPSIS,CatBoost_2
303,SI_ref_19,CB,IBU,Lake water,0.9505925590656487,0.9501714356107424,TOPSIS,CatBoost_2
314,SI_ref_19,CB,IBU,Ground water,0.917590560186213,0.9277992530086385,TOPSIS,CatBoost_2
316,SI_ref_19,CB,IBU,Ground water,0.9236132062907854,0.941035929032722,TOPSIS,CatBoost_2
320,SI_ref_19,CB,IBU,Ground water,0.9303445651202417,0.9460603168198112,TOPSIS,CatBoost_2
328,SI_ref_19,CB,IBU,Ground water,0.9241489703794897,0.9343001198987612,TOPSIS,CatBoost_2
340,SI_ref_14,GCRB,ALA,Synthetic,0.9700055250053173,0.9494724804032744,TOPSIS,CatBoost_2
361,SI_ref_14,GCRB,DIU,Synthetic,0.9291396445453227,0.8693636752548984,TOPSIS,CatBoost_2
363,SI_ref_14,GCRB,DIU,Synthetic,0.9527369648004039,0.9440646239471686,TOPSIS,CatBoost_2
365,SI_ref_14,GCRB,DIU,Synthetic,0.9265327424413893,0.9440646239471686,TOPSIS,CatBoost_2
367,SI_ref_14,GCRB,DIU,Synthetic,0.9238760352548926,0.9440646239471686,TOPSIS,CatBoost_2
369,SI_ref_14,GCRB,DIU,Synthetic,0.9147016410628197,0.934345646918378,TOPSIS,CatBoost_2
374,SI_ref_14,GCRB,DIU,Synthetic,1.0082496176169822,0.9440646239471686,TOPSIS,CatBoost_2
390,SI_ref_14,GCRB,SIM,Synthetic,0.9757367710073495,0.9627933770302719,TOPSIS,CatBoost_2
406,SI_ref_14,GCRB-N,ALA,Synthetic,0.4281694326598611,0.4834447502787258,TOPSIS,CatBoost_2
446,SI_ref_14,GCRB-N,DIU,Synthetic,0.2075726875081201,0.24924488826637797,TOPSIS,CatBoost_2
448,SI_ref_14,GCRB-N,DIU,Synthetic,0.1819381767074788,0.30251811846661797,TOPSIS,CatBoost_2
450,SI_ref_14,GCRB-N,DIU,Synthetic,0.1736169508150928,0.2777920679662168,TOPSIS,CatBoost_2
453,SI_ref_14,GCRB-N,DIU,Synthetic,0.1683505359330984,0.3112639435931403,TOPSIS,CatBoost_2
456,SI_ref_14,GCRB-N,DIU,Synthetic,0.1402528461142079,0.3442466896026845,TOPSIS,CatBoost_2
459,SI_ref_14,GCRB-N,DIU,Synthetic,0.6455190877003087,0.3442466896026845,TOPSIS,CatBoost_2
460,SI_ref_14,GCRB-N,DIU,Synthetic,0.12138562309836234,0.3664794510503945,TOPSIS,CatBoost_2
462,SI_ref_14,GCRB-N,DIU,Synthetic,0.16773925939532233,0.3560712761636003,TOPSIS,CatBoost_2
465,SI_ref_14,GCRB-N,DIU,Synthetic,0.1405827183894587,0.354818912556048,TOPSIS,CatBoost_2
468,SI_ref_14,GCRB-N,DIU,Synthetic,0.6564705601884918,0.3543050723359963,TOPSIS,CatBoost_2
469,SI_ref_14,GCRB-N,DIU,Synthetic,0.12617131727344172,0.37333277404861787,TOPSIS,CatBoost_2
471,SI_ref_14,GCRB-N,DIU,Synthetic,0.1676281074261493,0.371711843314844,TOPSIS,CatBoost_2
474,SI_ref_14,GCRB-N,DIU,Synthetic,0.14041778225183332,0.3843241486820954,TOPSIS,CatBoost_2
477,SI_ref_14,GCRB-N,DIU,Synthetic,0.6413243626564091,0.3408291049411547,TOPSIS,CatBoost_2
478,SI_ref_14,GCRB-N,DIU,Synthetic,0.12377847018590202,0.47974158476024004,TOPSIS,CatBoost_2
490,SI_ref_14,GCRB-N,SIM,Synthetic,0.38105997172266487,0.5392898950143387,TOPSIS,CatBoost_2
537,SI_ref_19,MCB,IBU,Ground water,0.9902068659306948,0.9149239686006629,TOPSIS,CatBoost_2
546,SI_ref_19,MCB,IBU,Lake water,0.9468798357239083,0.9308887429407287,TOPSIS,CatBoost_2
555,SI_ref_19,MCB,IBU,Ground water,0.910886274193223,0.9070585001495034,TOPSIS,CatBoost_2
561,SI_ref_19,MCB,IBU,Ground water,0.9227697266379059,0.9323841917139912,TOPSIS,CatBoost_2
565,SI_ref_19,MCB,IBU,Ground water,0.9254612605703445,0.9339411131555663,TOPSIS,CatBoost_2
573,SI_ref_19,MCB,IBU,Ground water,0.9222883610163676,0.9184675194711538,TOPSIS,CatBoost_2
577,SI_ref_19,MCB,IBU,Ground water,0.9896236049163454,0.946297121066231,TOPSIS,CatBoost_2
584,SI_ref_19,MCB,IBU,Lake water,0.9474280457633885,0.9525859483456038,TOPSIS,CatBoost_2
593,SI_ref_19,MCB,IBU,Ground water,0.911624129649438,0.9091779759517833,TOPSIS,CatBoost_2
595,SI_ref_19,MCB,IBU,Ground water,0.9248851497651674,0.9346354523699526,TOPSIS,CatBoost_2
603,SI_ref_19,MCB,IBU,Ground water,0.920786534541565,0.918502703392629,TOPSIS,CatBoost_2
607,SI_ref_19,MCB,IBU,Ground water,0.9861765121394982,0.9485631704552648,TOPSIS,CatBoost_2
614,SI_ref_19,MCB,IBU,Lake water,0.9465039927474991,0.9549080945392958,TOPSIS,CatBoost_2
623,SI_ref_19,MCB,IBU,Ground water,0.9103224686673798,0.9115305752930252,TOPSIS,CatBoost_2
625,SI_ref_19,MCB,IBU,Ground water,0.9258221154816445,0.9515721393862513,TOPSIS,CatBoost_2
633,SI_ref_19,MCB,IBU,Ground water,0.9216175906678238,0.937207354456695,TOPSIS,CatBoost_2
653,SI_ref_18,NaOH-activated SCW biochars,DCF,Lake water,0.060393710525153486,0.5361433771655949,TOPSIS,CatBoost_2
654,SI_ref_18,NaOH-activated SCW biochars,DCF,Secondary effluent,0.1736813951376961,0.5638073538957228,TOPSIS,CatBoost_2
657,SI_ref_18,NaOH-activated SCW biochars,DCF,Lake water,0.4098052873550469,0.435535983960915,TOPSIS,CatBoost_2
666,SI_ref_18,NaOH-activated SCW biochars,DCF,Secondary effluent,0.6160844980694858,0.5638073538957228,TOPSIS,CatBoost_2
668,SI_ref_18,NaOH-activated SCW biochars,DCF,Lake water,0.5638671837826676,0.5361433771655949,TOPSIS,CatBoost_2
671,SI_ref_18,NaOH-activated SCW biochars,DCF,Lake water,0.5111881637893111,0.5361433771655949,TOPSIS,CatBoost_2
680,SI_ref_18,NaOH-activated SCW biochars,DCF,Lake water,0.5451956691534918,0.5361433771655949,TOPSIS,CatBoost_2
681,SI_ref_18,NaOH-activated SCW biochars,DCF,Lake water,0.5155236787057735,0.5361433771655949,TOPSIS,CatBoost_2
684,SI_ref_18,NaOH-activated SCW biochars,DCF,Lake water,0.5054530420964745,0.5361433771655949,TOPSIS,CatBoost_2
689,SI_ref_18,NaOH-activated SCW biochars,DCF,Secondary effluent,0.6862219778123194,0.5949284134803042,TOPSIS,CatBoost_2
717,SI_ref_18,NaOH-activated SCW biochars,IBU,Secondary effluent,0.5431517029603264,0.4955463857208017,TOPSIS,CatBoost_2
726,SI_ref_18,NaOH-activated SCW biochars,IBU,Lake water,0.6298354173553987,0.5788440330226702,TOPSIS,CatBoost_2
732,SI_ref_18,NaOH-activated SCW biochars,IBU,Lake water,0.6159420233488258,0.5788440330226702,TOPSIS,CatBoost_2
736,SI_ref_18,NaOH-activated SCW biochars,IBU,Lake water,0.6281995086504742,0.5788440330226702,TOPSIS,CatBoost_2
750,SI_ref_18,NaOH-activated SCW biochars,IBU,Secondary effluent,0.811827151849907,0.6685563947384584,TOPSIS,CatBoost_2
751,SI_ref_18,NaOH-activated SCW biochars,IBU,Lake water,0.6869669848084122,0.5788440330226702,TOPSIS,CatBoost_2
754,SI_ref_18,NaOH-activated SCW biochars,IBU,Secondary effluent,0.7786423949758233,0.6060793652524405,TOPSIS,CatBoost_2
757,SI_ref_18,NaOH-activated SCW biochars,NPX,Lake water,0.20620314882650506,0.35870230323629804,TOPSIS,CatBoost_2
759,SI_ref_18,NaOH-activated SCW biochars,NPX,Lake water,0.23676500653660967,0.3505937203230033,TOPSIS,CatBoost_2
761,SI_ref_18,NaOH-activated SCW biochars,NPX,Lake water,0.21090148006849843,0.29104901858003085,TOPSIS,CatBoost_2
763,SI_ref_18,NaOH-activated SCW biochars,NPX,Lake water,0.14381242837395034,0.20734935330396742,TOPSIS,CatBoost_2
765,SI_ref_18,NaOH-activated SCW biochars,NPX,Lake water,0.049549349058709447,0.153124730645389,TOPSIS,CatBoost_2
767,SI_ref_18,NaOH-activated SCW biochars,NPX,Lake water,0.0742796412273446,0.14044299729950388,TOPSIS,CatBoost_2
769,SI_ref_18,NaOH-activated SCW biochars,NPX,Lake water,0.041917196066405205,0.13943142145596482,TOPSIS,CatBoost_2
773,SI_ref_18,NaOH-activated SCW biochars,NPX,Lake water,0.02383921541973232,0.10935677276003619,TOPSIS,CatBoost_2
776,SI_ref_18,NaOH-activated SCW biochars,NPX,Secondary effluent,0.048092629555703405,0.07981079501090604,TOPSIS,CatBoost_2
779,SI_ref_18,NaOH-activated SCW biochars,NPX,Lake water,0.0651330447328621,0.10935677276003619,TOPSIS,CatBoost_2
781,SI_ref_18,NaOH-activated SCW biochars,NPX,Lake water,0.04234525136924403,0.10935677276003619,TOPSIS,CatBoost_2
788,SI_ref_18,NaOH-activated SCW biochars,NPX,Secondary effluent,0.09141898602740345,0.14030827836674853,TOPSIS,CatBoost_2
798,SI_ref_18,NaOH-activated SCW biochars,NPX,Secondary effluent,0.15082313311850198,0.14030827836674853,TOPSIS,CatBoost_2
800,SI_ref_18,NaOH-activated SCW biochars,NPX,Secondary effluent,0.24701864815812044,0.14030827836674853,TOPSIS,CatBoost_2
871,SI_ref_13,PB600,CBZ,Synthetic,0.6953242835595775,0.47746156938768813,TOPSIS,CatBoost_2
881,SI_ref_13,PB600,IBU,Synthetic,0.2096102913356035,0.5928311776025418,TOPSIS,CatBoost_2
918,SI_ref_13,PB800,CBZ,Synthetic,0.30905619203491547,0.24498247726964129,TOPSIS,CatBoost_2
928,SI_ref_13,PB800,IBU,Synthetic,0.23013048635824437,0.39213354568416575,TOPSIS,CatBoost_2
954,SI_ref_15,PSB,CAR,Synthetic,0.9395494569882223,0.912036464890488,TOPSIS,CatBoost_2
955,SI_ref_15,PSB,CAR,Synthetic,0.9231398092867221,0.912036464890488,TOPSIS,CatBoost_2
957,SI_ref_15,PSB,CAR,Synthetic,0.9436310458092197,0.9230490660859072,TOPSIS,CatBoost_2
964,SI_ref_15,PSB,CAR,Synthetic,0.9383522096618221,0.912036464890488,TOPSIS,CatBoost_2
978,SI_ref_15,PSB,PYR,Synthetic,0.919631586959635,0.9156365258108403,TOPSIS,CatBoost_2
985,SI_ref_15,PSB,PYR,Synthetic,0.9775942152304119,0.9156365258108403,TOPSIS,CatBoost_2
994,SI_ref_15,PSB,TEB,Synthetic,0.9362126098667423,0.9142688617784342,TOPSIS,CatBoost_2
1000,SI_ref_15,PSB,TEB,Synthetic,0.8714762044822667,0.9142688617784342,TOPSIS,CatBoost_2
1015,SI_ref_15,PSBOX-A,CAR,Synthetic,0.03563496474916306,0.1500333307021195,TOPSIS,CatBoost_2
1016,SI_ref_15,PSBOX-A,CAR,Synthetic,0.026325197069833068,0.1500333307021195,TOPSIS,CatBoost_2
1018,SI_ref_15,PSBOX-A,CAR,Synthetic,0.034457194657534405,0.2992082578914534,TOPSIS,CatBoost_2
1025,SI_ref_15,PSBOX-A,CAR,Synthetic,0.0497879777437964,0.1500333307021195,TOPSIS,CatBoost_2
1040,SI_ref_15,PSBOX-A,PYR,Synthetic,0.5200236643843362,0.22475636921773967,TOPSIS,CatBoost_2
1043,SI_ref_15,PSBOX-A,PYR,Synthetic,0.08786555053416333,0.208730676518797,TOPSIS,CatBoost_2
1050,SI_ref_15,PSBOX-A,PYR,Synthetic,0.48794917248977554,0.208730676518797,TOPSIS,CatBoost_2
1059,SI_ref_15,PSBOX-A,TEB,Synthetic,0.07277962857952934,0.20619867042523055,TOPSIS,CatBoost_2
1061,SI_ref_15,PSBOX-A,TEB,Synthetic,0.5163778457532948,0.2498608881994025,TOPSIS,CatBoost_2
1070,SI_ref_15,PSBOX-A,TEB,Synthetic,0.04527670142322688,0.20619867042523055,TOPSIS,CatBoost_2
1101,SI_ref_17,Pristine SCG biochar,CBZ,Synthetic,0.9071468090110305,0.9061874488154475,TOPSIS,CatBoost_2
1108,SI_ref_17,Pristine SCG biochar,CBZ,Synthetic,0.8967497590877974,0.8996488700480114,TOPSIS,CatBoost_2
1113,SI_ref_17,Pristine SCG biochar,CBZ,Synthetic,0.9373850128799738,0.9061874488154475,TOPSIS,CatBoost_2
1130,SI_ref_17,Pristine SCG biochar,EE2,Synthetic,0.817422791958414,0.8086978275627695,TOPSIS,CatBoost_2
1137,SI_ref_17,Pristine SCG biochar,EE2,Synthetic,0.8257334628724249,0.8905888704295886,TOPSIS,CatBoost_2
1139,SI_ref_17,Pristine SCG biochar,EE2,Synthetic,0.8269992896243368,0.8905888704295886,TOPSIS,CatBoost_2
1141,SI_ref_17,Pristine SCG biochar,EE2,Synthetic,0.8244509213990222,0.8905888704295886,TOPSIS,CatBoost_2
1142,SI_ref_17,Pristine SCG biochar,EE2,Synthetic,0.859538444436826,0.875089624524968,TOPSIS,CatBoost_2
1148,SI_ref_17,Pristine SCG biochar,EE2,Synthetic,0.823763814163292,0.875089624524968,TOPSIS,CatBoost_2
1157,SI_ref_17,Pristine SCG biochar,IBU,Synthetic,0.9060511140454979,0.9550695617131644,TOPSIS,CatBoost_2
1159,SI_ref_17,Pristine SCG biochar,IBU,Synthetic,0.9004320791615827,0.9478676740240798,TOPSIS,CatBoost_2
1161,SI_ref_17,Pristine SCG biochar,IBU,Synthetic,0.894961472244973,0.9376337955353787,TOPSIS,CatBoost_2
1163,SI_ref_17,Pristine SCG biochar,IBU,Synthetic,0.8949151720794959,0.92815589452384,TOPSIS,CatBoost_2
1165,SI_ref_17,Pristine SCG biochar,IBU,Synthetic,0.892599829508416,0.9255941513719528,TOPSIS,CatBoost_2
1167,SI_ref_17,Pristine SCG biochar,IBU,Synthetic,0.8914167516338777,0.9259655388512413,TOPSIS,CatBoost_2
1169,SI_ref_17,Pristine SCG biochar,IBU,Synthetic,0.886841225533622,0.9262367962322786,TOPSIS,CatBoost_2
1173,SI_ref_17,Pristine SCG biochar,IBU,Synthetic,0.9319085004678631,0.9249802684602317,TOPSIS,CatBoost_2
1180,SI_ref_17,Pristine SCG biochar,IBU,Synthetic,0.9167234922708469,0.9105564109921462,TOPSIS,CatBoost_2
1187,SI_ref_17,Pristine SCG biochar,IBU,Synthetic,0.9448963419259283,0.9249802684602317,TOPSIS,CatBoost_2
1189,SI_ref_17,Pristine SCG biochar,IBU,Synthetic,0.9210277046979152,0.9249802684602317,TOPSIS,CatBoost_2
1191,SI_ref_17,Pristine SCG biochar,IBU,Synthetic,0.9513456586569363,0.9249802684602317,TOPSIS,CatBoost_2
1212,SI_ref_18,Pristine SCW Biochar,DCF,Secondary effluent,0.8964391711737753,0.9140296864219486,TOPSIS,CatBoost_2
1214,SI_ref_18,Pristine SCW Biochar,DCF,Lake water,0.9077130214504949,0.8933057512570182,TOPSIS,CatBoost_2
1223,SI_ref_18,Pristine SCW Biochar,DCF,Secondary effluent,0.916228597953408,0.9140296864219486,TOPSIS,CatBoost_2
1225,SI_ref_18,Pristine SCW Biochar,DCF,Lake water,0.9209005359691885,0.9212327528158923,TOPSIS,CatBoost_2
1228,SI_ref_18,Pristine SCW Biochar,DCF,Lake water,0.918118398017722,0.9212327528158923,TOPSIS,CatBoost_2
1237,SI_ref_18,Pristine SCW Biochar,DCF,Lake water,0.9176779336906461,0.9212327528158923,TOPSIS,CatBoost_2
1238,SI_ref_18,Pristine SCW Biochar,DCF,Lake water,0.9153943997055312,0.9212327528158923,TOPSIS,CatBoost_2
1241,SI_ref_18,Pristine SCW Biochar,DCF,Lake water,0.9102639266700783,0.9212327528158923,TOPSIS,CatBoost_2
1246,SI_ref_18,Pristine SCW Biochar,DCF,Secondary effluent,0.9052859627037971,0.9211311584073074,TOPSIS,CatBoost_2
1270,SI_ref_18,Pristine SCW Biochar,IBU,Secondary effluent,0.8874692330465712,0.8775702266908768,TOPSIS,CatBoost_2
1279,SI_ref_18,Pristine SCW Biochar,IBU,Lake water,0.9204127206373283,0.9238181393843511,TOPSIS,CatBoost_2
1285,SI_ref_18,Pristine SCW Biochar,IBU,Lake water,0.9175495400890653,0.9238181393843511,TOPSIS,CatBoost_2
1289,SI_ref_18,Pristine SCW Biochar,IBU,Lake water,0.91141920930323,0.9238181393843511,TOPSIS,CatBoost_2
1303,SI_ref_18,Pristine SCW Biochar,IBU,Secondary effluent,0.9145392250293353,0.9251292477986421,TOPSIS,CatBoost_2
1305,SI_ref_18,Pristine SCW Biochar,IBU,Secondary effluent,0.8992133437264335,0.9161543178017592,TOPSIS,CatBoost_2
1308,SI_ref_18,Pristine SCW Biochar,NPX,Lake water,0.9299082628630408,0.9345711590678265,TOPSIS,CatBoost_2
1310,SI_ref_18,Pristine SCW Biochar,NPX,Lake water,0.9179731197519893,0.9281993402552808,TOPSIS,CatBoost_2
1312,SI_ref_18,Pristine SCW Biochar,NPX,Lake water,0.9157588621166984,0.9175375583228969,TOPSIS,CatBoost_2
1314,SI_ref_18,Pristine SCW Biochar,NPX,Lake water,0.9211177808704595,0.9141041684835857,TOPSIS,CatBoost_2
1316,SI_ref_18,Pristine SCW Biochar,NPX,Lake water,0.9261251958543161,0.9151224414640173,TOPSIS,CatBoost_2
1318,SI_ref_18,Pristine SCW Biochar,NPX,Lake water,0.9179250714018231,0.9137195337051249,TOPSIS,CatBoost_2
1320,SI_ref_18,Pristine SCW Biochar,NPX,Lake water,0.9238791357631378,0.9139907910861622,TOPSIS,CatBoost_2
1325,SI_ref_18,Pristine SCW Biochar,NPX,Secondary effluent,0.8954095327862793,0.8840928507012846,TOPSIS,CatBoost_2
1328,SI_ref_18,Pristine SCW Biochar,NPX,Lake water,0.9239571578457322,0.9187229376617547,TOPSIS,CatBoost_2
1330,SI_ref_18,Pristine SCW Biochar,NPX,Lake water,0.9241969522882365,0.9187229376617547,TOPSIS,CatBoost_2
1337,SI_ref_18,Pristine SCW Biochar,NPX,Secondary effluent,0.9109852392346297,0.9117811491728567,TOPSIS,CatBoost_2
1346,SI_ref_18,Pristine SCW Biochar,NPX,Secondary effluent,0.9136165317560039,0.9117811491728567,TOPSIS,CatBoost_2
1347,SI_ref_18,Pristine SCW Biochar,NPX,Secondary effluent,0.9038576927569927,0.9117811491728567,TOPSIS,CatBoost_2
16,SI_ref_19,AMCB,IBU,Ground water,0.029204625724030753,0.636163433117543,Constant,Constant
25,SI_ref_19,AMCB,IBU,Lake water,0.3473743729830984,0.636163433117543,Constant,Constant
34,SI_ref_19,AMCB,IBU,Ground water,0.303030777614079,0.636163433117543,Constant,Constant
36,SI_ref_19,AMCB,IBU,Ground water,0.41496556078686897,0.636163433117543,Constant,Constant
44,SI_ref_19,AMCB,IBU,Ground water,0.5024496962602676,0.636163433117543,Constant,Constant
48,SI_ref_19,AMCB,IBU,Ground water,0.03338351934448727,0.636163433117543,Constant,Constant
55,SI_ref_19,AMCB,IBU,Lake water,0.34535416691700616,0.636163433117543,Constant,Constant
64,SI_ref_19,AMCB,IBU,Ground water,0.3258728934993643,0.636163433117543,Constant,Constant
66,SI_ref_19,AMCB,IBU,Ground water,0.4885549946229274,0.636163433117543,Constant,Constant
74,SI_ref_19,AMCB,IBU,Ground water,0.5226317382792791,0.636163433117543,Constant,Constant
78,SI_ref_19,AMCB,IBU,Ground water,0.025848755777109534,0.636163433117543,Constant,Constant
85,SI_ref_19,AMCB,IBU,Lake water,0.32220691257344963,0.636163433117543,Constant,Constant
94,SI_ref_19,AMCB,IBU,Ground water,0.3191737471997417,0.636163433117543,Constant,Constant
96,SI_ref_19,AMCB,IBU,Ground water,0.45590621693388655,0.636163433117543,Constant,Constant
106,SI_ref_19,AMCB,IBU,Ground water,0.3644459510905023,0.636163433117543,Constant,Constant
112,SI_ref_19,AMCB,IBU,Ground water,0.5464029950150356,0.636163433117543,Constant,Constant
140,SI_ref_17,Alkali-modified SCG biochars,CBZ,Synthetic,0.006132526431344026,0.636163433117543,Constant,Constant
146,SI_ref_17,Alkali-modified SCG biochars,CBZ,Synthetic,0.6777397154224275,0.636163433117543,Constant,Constant
151,SI_ref_17,Alkali-modified SCG biochars,CBZ,Synthetic,0.4516798693491866,0.636163433117543,Constant,Constant
168,SI_ref_17,Alkali-modified SCG biochars,EE2,Synthetic,0.0796235147045166,0.636163433117543,Constant,Constant
176,SI_ref_17,Alkali-modified SCG biochars,EE2,Synthetic,0.07754174693450858,0.636163433117543,Constant,Constant
181,SI_ref_17,Alkali-modified SCG biochars,EE2,Synthetic,0.7086029202646077,0.636163433117543,Constant,Constant
190,SI_ref_17,Alkali-modified SCG biochars,IBU,Synthetic,0.22674008618295227,0.636163433117543,Constant,Constant
192,SI_ref_17,Alkali-modified SCG biochars,IBU,Synthetic,0.18762987622773672,0.636163433117543,Constant,Constant
194,SI_ref_17,Alkali-modified SCG biochars,IBU,Synthetic,0.0964989432139522,0.636163433117543,Constant,Constant
196,SI_ref_17,Alkali-modified SCG biochars,IBU,Synthetic,0.056403766337859394,0.636163433117543,Constant,Constant
198,SI_ref_17,Alkali-modified SCG biochars,IBU,Synthetic,0.04365646649895644,0.636163433117543,Constant,Constant
200,SI_ref_17,Alkali-modified SCG biochars,IBU,Synthetic,0.05275302685215311,0.636163433117543,Constant,Constant
202,SI_ref_17,Alkali-modified SCG biochars,IBU,Synthetic,0.051463060103218494,0.636163433117543,Constant,Constant
206,SI_ref_17,Alkali-modified SCG biochars,IBU,Synthetic,0.05901922048526246,0.636163433117543,Constant,Constant
213,SI_ref_17,Alkali-modified SCG biochars,IBU,Synthetic,0.33928547446435453,0.636163433117543,Constant,Constant
220,SI_ref_17,Alkali-modified SCG biochars,IBU,Synthetic,0.004839210099114782,0.636163433117543,Constant,Constant
222,SI_ref_17,Alkali-modified SCG biochars,IBU,Synthetic,0.04374442489311713,0.636163433117543,Constant,Constant
224,SI_ref_17,Alkali-modified SCG biochars,IBU,Synthetic,0.2945083196339574,0.636163433117543,Constant,Constant
229,SI_ref_16,C-Biochar,ATE,Synthetic,0.8511111111111113,0.636163433117543,Constant,Constant
231,SI_ref_16,C-Biochar,ATE,Synthetic,0.7400000000000001,0.636163433117543,Constant,Constant
235,SI_ref_16,C-Biochar,ATE,Synthetic,0.8511111111111113,0.636163433117543,Constant,Constant
238,SI_ref_16,C-Biochar,ATE,Synthetic,0.6733333333333335,0.636163433117543,Constant,Constant
250,SI_ref_16,C-Biochar,CBZ,Synthetic,0.4840388007054674,0.636163433117543,Constant,Constant
251,SI_ref_16,C-Biochar,CBZ,Synthetic,0.5325396825396824,0.636163433117543,Constant,Constant
252,SI_ref_16,C-Biochar,CBZ,Synthetic,0.4258377425044091,0.636163433117543,Constant,Constant
258,SI_ref_16,C-Biochar,CBZ,Synthetic,0.4990079365079365,0.636163433117543,Constant,Constant
264,SI_ref_16,C-Biochar,IBU,Synthetic,0.7333333333333333,0.636163433117543,Constant,Constant
266,SI_ref_16,C-Biochar,IBU,Synthetic,0.6121212121212122,0.636163433117543,Constant,Constant
271,SI_ref_16,C-Biochar,IBU,Synthetic,0.6000000000000001,0.636163433117543,Constant,Constant
277,SI_ref_16,C-Biochar,IBU,Synthetic,0.7844444444444444,0.636163433117543,Constant,Constant
278,SI_ref_16,C-Biochar,IBU,Synthetic,0.8430555555555557,0.636163433117543,Constant,Constant
279,SI_ref_16,C-Biochar,IBU,Synthetic,0.861111111111111,0.636163433117543,Constant,Constant
296,SI_ref_19,CB,IBU,Ground water,0.9945207101387852,0.636163433117543,Constant,Constant
303,SI_ref_19,CB,IBU,Lake water,0.9505925590656487,0.636163433117543,Constant,Constant
314,SI_ref_19,CB,IBU,Ground water,0.917590560186213,0.636163433117543,Constant,Constant
316,SI_ref_19,CB,IBU,Ground water,0.9236132062907854,0.636163433117543,Constant,Constant
320,SI_ref_19,CB,IBU,Ground water,0.9303445651202417,0.636163433117543,Constant,Constant
328,SI_ref_19,CB,IBU,Ground water,0.9241489703794897,0.636163433117543,Constant,Constant
340,SI_ref_14,GCRB,ALA,Synthetic,0.9700055250053173,0.636163433117543,Constant,Constant
361,SI_ref_14,GCRB,DIU,Synthetic,0.9291396445453227,0.636163433117543,Constant,Constant
363,SI_ref_14,GCRB,DIU,Synthetic,0.9527369648004039,0.636163433117543,Constant,Constant
365,SI_ref_14,GCRB,DIU,Synthetic,0.9265327424413893,0.636163433117543,Constant,Constant
367,SI_ref_14,GCRB,DIU,Synthetic,0.9238760352548926,0.636163433117543,Constant,Constant
369,SI_ref_14,GCRB,DIU,Synthetic,0.9147016410628197,0.636163433117543,Constant,Constant
374,SI_ref_14,GCRB,DIU,Synthetic,1.0082496176169822,0.636163433117543,Constant,Constant
390,SI_ref_14,GCRB,SIM,Synthetic,0.9757367710073495,0.636163433117543,Constant,Constant
406,SI_ref_14,GCRB-N,ALA,Synthetic,0.4281694326598611,0.636163433117543,Constant,Constant
446,SI_ref_14,GCRB-N,DIU,Synthetic,0.2075726875081201,0.636163433117543,Constant,Constant
448,SI_ref_14,GCRB-N,DIU,Synthetic,0.1819381767074788,0.636163433117543,Constant,Constant
450,SI_ref_14,GCRB-N,DIU,Synthetic,0.1736169508150928,0.636163433117543,Constant,Constant
453,SI_ref_14,GCRB-N,DIU,Synthetic,0.1683505359330984,0.636163433117543,Constant,Constant
456,SI_ref_14,GCRB-N,DIU,Synthetic,0.1402528461142079,0.636163433117543,Constant,Constant
459,SI_ref_14,GCRB-N,DIU,Synthetic,0.6455190877003087,0.636163433117543,Constant,Constant
460,SI_ref_14,GCRB-N,DIU,Synthetic,0.12138562309836234,0.636163433117543,Constant,Constant
462,SI_ref_14,GCRB-N,DIU,Synthetic,0.16773925939532233,0.636163433117543,Constant,Constant
465,SI_ref_14,GCRB-N,DIU,Synthetic,0.1405827183894587,0.636163433117543,Constant,Constant
468,SI_ref_14,GCRB-N,DIU,Synthetic,0.6564705601884918,0.636163433117543,Constant,Constant
469,SI_ref_14,GCRB-N,DIU,Synthetic,0.12617131727344172,0.636163433117543,Constant,Constant
471,SI_ref_14,GCRB-N,DIU,Synthetic,0.1676281074261493,0.636163433117543,Constant,Constant
474,SI_ref_14,GCRB-N,DIU,Synthetic,0.14041778225183332,0.636163433117543,Constant,Constant
477,SI_ref_14,GCRB-N,DIU,Synthetic,0.6413243626564091,0.636163433117543,Constant,Constant
478,SI_ref_14,GCRB-N,DIU,Synthetic,0.12377847018590202,0.636163433117543,Constant,Constant
490,SI_ref_14,GCRB-N,SIM,Synthetic,0.38105997172266487,0.636163433117543,Constant,Constant
537,SI_ref_19,MCB,IBU,Ground water,0.9902068659306948,0.636163433117543,Constant,Constant
546,SI_ref_19,MCB,IBU,Lake water,0.9468798357239083,0.636163433117543,Constant,Constant
555,SI_ref_19,MCB,IBU,Ground water,0.910886274193223,0.636163433117543,Constant,Constant
561,SI_ref_19,MCB,IBU,Ground water,0.9227697266379059,0.636163433117543,Constant,Constant
565,SI_ref_19,MCB,IBU,Ground water,0.9254612605703445,0.636163433117543,Constant,Constant
573,SI_ref_19,MCB,IBU,Ground water,0.9222883610163676,0.636163433117543,Constant,Constant
577,SI_ref_19,MCB,IBU,Ground water,0.9896236049163454,0.636163433117543,Constant,Constant
584,SI_ref_19,MCB,IBU,Lake water,0.9474280457633885,0.636163433117543,Constant,Constant
593,SI_ref_19,MCB,IBU,Ground water,0.911624129649438,0.636163433117543,Constant,Constant
595,SI_ref_19,MCB,IBU,Ground water,0.9248851497651674,0.636163433117543,Constant,Constant
603,SI_ref_19,MCB,IBU,Ground water,0.920786534541565,0.636163433117543,Constant,Constant
607,SI_ref_19,MCB,IBU,Ground water,0.9861765121394982,0.636163433117543,Constant,Constant
614,SI_ref_19,MCB,IBU,Lake water,0.9465039927474991,0.636163433117543,Constant,Constant
623,SI_ref_19,MCB,IBU,Ground water,0.9103224686673798,0.636163433117543,Constant,Constant
625,SI_ref_19,MCB,IBU,Ground water,0.9258221154816445,0.636163433117543,Constant,Constant
633,SI_ref_19,MCB,IBU,Ground water,0.9216175906678238,0.636163433117543,Constant,Constant
653,SI_ref_18,NaOH-activated SCW biochars,DCF,Lake water,0.060393710525153486,0.636163433117543,Constant,Constant
654,SI_ref_18,NaOH-activated SCW biochars,DCF,Secondary effluent,0.1736813951376961,0.636163433117543,Constant,Constant
657,SI_ref_18,NaOH-activated SCW biochars,DCF,Lake water,0.4098052873550469,0.636163433117543,Constant,Constant
666,SI_ref_18,NaOH-activated SCW biochars,DCF,Secondary effluent,0.6160844980694858,0.636163433117543,Constant,Constant
668,SI_ref_18,NaOH-activated SCW biochars,DCF,Lake water,0.5638671837826676,0.636163433117543,Constant,Constant
671,SI_ref_18,NaOH-activated SCW biochars,DCF,Lake water,0.5111881637893111,0.636163433117543,Constant,Constant
680,SI_ref_18,NaOH-activated SCW biochars,DCF,Lake water,0.5451956691534918,0.636163433117543,Constant,Constant
681,SI_ref_18,NaOH-activated SCW biochars,DCF,Lake water,0.5155236787057735,0.636163433117543,Constant,Constant
684,SI_ref_18,NaOH-activated SCW biochars,DCF,Lake water,0.5054530420964745,0.636163433117543,Constant,Constant
689,SI_ref_18,NaOH-activated SCW biochars,DCF,Secondary effluent,0.6862219778123194,0.636163433117543,Constant,Constant
717,SI_ref_18,NaOH-activated SCW biochars,IBU,Secondary effluent,0.5431517029603264,0.636163433117543,Constant,Constant
726,SI_ref_18,NaOH-activated SCW biochars,IBU,Lake water,0.6298354173553987,0.636163433117543,Constant,Constant
732,SI_ref_18,NaOH-activated SCW biochars,IBU,Lake water,0.6159420233488258,0.636163433117543,Constant,Constant
736,SI_ref_18,NaOH-activated SCW biochars,IBU,Lake water,0.6281995086504742,0.636163433117543,Constant,Constant
750,SI_ref_18,NaOH-activated SCW biochars,IBU,Secondary effluent,0.811827151849907,0.636163433117543,Constant,Constant
751,SI_ref_18,NaOH-activated SCW biochars,IBU,Lake water,0.6869669848084122,0.636163433117543,Constant,Constant
754,SI_ref_18,NaOH-activated SCW biochars,IBU,Secondary effluent,0.7786423949758233,0.636163433117543,Constant,Constant
757,SI_ref_18,NaOH-activated SCW biochars,NPX,Lake water,0.20620314882650506,0.636163433117543,Constant,Constant
759,SI_ref_18,NaOH-activated SCW biochars,NPX,Lake water,0.23676500653660967,0.636163433117543,Constant,Constant
761,SI_ref_18,NaOH-activated SCW biochars,NPX,Lake water,0.21090148006849843,0.636163433117543,Constant,Constant
763,SI_ref_18,NaOH-activated SCW biochars,NPX,Lake water,0.14381242837395034,0.636163433117543,Constant,Constant
765,SI_ref_18,NaOH-activated SCW biochars,NPX,Lake water,0.049549349058709447,0.636163433117543,Constant,Constant
767,SI_ref_18,NaOH-activated SCW biochars,NPX,Lake water,0.0742796412273446,0.636163433117543,Constant,Constant
769,SI_ref_18,NaOH-activated SCW biochars,NPX,Lake water,0.041917196066405205,0.636163433117543,Constant,Constant
773,SI_ref_18,NaOH-activated SCW biochars,NPX,Lake water,0.02383921541973232,0.636163433117543,Constant,Constant
776,SI_ref_18,NaOH-activated SCW biochars,NPX,Secondary effluent,0.048092629555703405,0.636163433117543,Constant,Constant
779,SI_ref_18,NaOH-activated SCW biochars,NPX,Lake water,0.0651330447328621,0.636163433117543,Constant,Constant
781,SI_ref_18,NaOH-activated SCW biochars,NPX,Lake water,0.04234525136924403,0.636163433117543,Constant,Constant
788,SI_ref_18,NaOH-activated SCW biochars,NPX,Secondary effluent,0.09141898602740345,0.636163433117543,Constant,Constant
798,SI_ref_18,NaOH-activated SCW biochars,NPX,Secondary effluent,0.15082313311850198,0.636163433117543,Constant,Constant
800,SI_ref_18,NaOH-activated SCW biochars,NPX,Secondary effluent,0.24701864815812044,0.636163433117543,Constant,Constant
871,SI_ref_13,PB600,CBZ,Synthetic,0.6953242835595775,0.636163433117543,Constant,Constant
881,SI_ref_13,PB600,IBU,Synthetic,0.2096102913356035,0.636163433117543,Constant,Constant
918,SI_ref_13,PB800,CBZ,Synthetic,0.30905619203491547,0.636163433117543,Constant,Constant
928,SI_ref_13,PB800,IBU,Synthetic,0.23013048635824437,0.636163433117543,Constant,Constant
954,SI_ref_15,PSB,CAR,Synthetic,0.9395494569882223,0.636163433117543,Constant,Constant
955,SI_ref_15,PSB,CAR,Synthetic,0.9231398092867221,0.636163433117543,Constant,Constant
957,SI_ref_15,PSB,CAR,Synthetic,0.9436310458092197,0.636163433117543,Constant,Constant
964,SI_ref_15,PSB,CAR,Synthetic,0.9383522096618221,0.636163433117543,Constant,Constant
978,SI_ref_15,PSB,PYR,Synthetic,0.919631586959635,0.636163433117543,Constant,Constant
985,SI_ref_15,PSB,PYR,Synthetic,0.9775942152304119,0.636163433117543,Constant,Constant
994,SI_ref_15,PSB,TEB,Synthetic,0.9362126098667423,0.636163433117543,Constant,Constant
1000,SI_ref_15,PSB,TEB,Synthetic,0.8714762044822667,0.636163433117543,Constant,Constant
1015,SI_ref_15,PSBOX-A,CAR,Synthetic,0.03563496474916306,0.636163433117543,Constant,Constant
1016,SI_ref_15,PSBOX-A,CAR,Synthetic,0.026325197069833068,0.636163433117543,Constant,Constant
1018,SI_ref_15,PSBOX-A,CAR,Synthetic,0.034457194657534405,0.636163433117543,Constant,Constant
1025,SI_ref_15,PSBOX-A,CAR,Synthetic,0.0497879777437964,0.636163433117543,Constant,Constant
1040,SI_ref_15,PSBOX-A,PYR,Synthetic,0.5200236643843362,0.636163433117543,Constant,Constant
1043,SI_ref_15,PSBOX-A,PYR,Synthetic,0.08786555053416333,0.636163433117543,Constant,Constant
1050,SI_ref_15,PSBOX-A,PYR,Synthetic,0.48794917248977554,0.636163433117543,Constant,Constant
1059,SI_ref_15,PSBOX-A,TEB,Synthetic,0.07277962857952934,0.636163433117543,Constant,Constant
1061,SI_ref_15,PSBOX-A,TEB,Synthetic,0.5163778457532948,0.636163433117543,Constant,Constant
1070,SI_ref_15,PSBOX-A,TEB,Synthetic,0.04527670142322688,0.636163433117543,Constant,Constant
1101,SI_ref_17,Pristine SCG biochar,CBZ,Synthetic,0.9071468090110305,0.636163433117543,Constant,Constant
1108,SI_ref_17,Pristine SCG biochar,CBZ,Synthetic,0.8967497590877974,0.636163433117543,Constant,Constant
1113,SI_ref_17,Pristine SCG biochar,CBZ,Synthetic,0.9373850128799738,0.636163433117543,Constant,Constant
1130,SI_ref_17,Pristine SCG biochar,EE2,Synthetic,0.817422791958414,0.636163433117543,Constant,Constant
1137,SI_ref_17,Pristine SCG biochar,EE2,Synthetic,0.8257334628724249,0.636163433117543,Constant,Constant
1139,SI_ref_17,Pristine SCG biochar,EE2,Synthetic,0.8269992896243368,0.636163433117543,Constant,Constant
1141,SI_ref_17,Pristine SCG biochar,EE2,Synthetic,0.8244509213990222,0.636163433117543,Constant,Constant
1142,SI_ref_17,Pristine SCG biochar,EE2,Synthetic,0.859538444436826,0.636163433117543,Constant,Constant
1148,SI_ref_17,Pristine SCG biochar,EE2,Synthetic,0.823763814163292,0.636163433117543,Constant,Constant
1157,SI_ref_17,Pristine SCG biochar,IBU,Synthetic,0.9060511140454979,0.636163433117543,Constant,Constant
1159,SI_ref_17,Pristine SCG biochar,IBU,Synthetic,0.9004320791615827,0.636163433117543,Constant,Constant
1161,SI_ref_17,Pristine SCG biochar,IBU,Synthetic,0.894961472244973,0.636163433117543,Constant,Constant
1163,SI_ref_17,Pristine SCG biochar,IBU,Synthetic,0.8949151720794959,0.636163433117543,Constant,Constant
1165,SI_ref_17,Pristine SCG biochar,IBU,Synthetic,0.892599829508416,0.636163433117543,Constant,Constant
1167,SI_ref_17,Pristine SCG biochar,IBU,Synthetic,0.8914167516338777,0.636163433117543,Constant,Constant
1169,SI_ref_17,Pristine SCG biochar,IBU,Synthetic,0.886841225533622,0.636163433117543,Constant,Constant
1173,SI_ref_17,Pristine SCG biochar,IBU,Synthetic,0.9319085004678631,0.636163433117543,Constant,Constant
1180,SI_ref_17,Pristine SCG biochar,IBU,Synthetic,0.9167234922708469,0.636163433117543,Constant,Constant
1187,SI_ref_17,Pristine SCG biochar,IBU,Synthetic,0.9448963419259283,0.636163433117543,Constant,Constant
1189,SI_ref_17,Pristine SCG biochar,IBU,Synthetic,0.9210277046979152,0.636163433117543,Constant,Constant
1191,SI_ref_17,Pristine SCG biochar,IBU,Synthetic,0.9513456586569363,0.636163433117543,Constant,Constant
1212,SI_ref_18,Pristine SCW Biochar,DCF,Secondary effluent,0.8964391711737753,0.636163433117543,Constant,Constant
1214,SI_ref_18,Pristine SCW Biochar,DCF,Lake water,0.9077130214504949,0.636163433117543,Constant,Constant
1223,SI_ref_18,Pristine SCW Biochar,DCF,Secondary effluent,0.916228597953408,0.636163433117543,Constant,Constant
1225,SI_ref_18,Pristine SCW Biochar,DCF,Lake water,0.9209005359691885,0.636163433117543,Constant,Constant
1228,SI_ref_18,Pristine SCW Biochar,DCF,Lake water,0.918118398017722,0.636163433117543,Constant,Constant
1237,SI_ref_18,Pristine SCW Biochar,DCF,Lake water,0.9176779336906461,0.636163433117543,Constant,Constant
1238,SI_ref_18,Pristine SCW Biochar,DCF,Lake water,0.9153943997055312,0.636163433117543,Constant,Constant
1241,SI_ref_18,Pristine SCW Biochar,DCF,Lake water,0.9102639266700783,0.636163433117543,Constant,Constant
1246,SI_ref_18,Pristine SCW Biochar,DCF,Secondary effluent,0.9052859627037971,0.636163433117543,Constant,Constant
1270,SI_ref_18,Pristine SCW Biochar,IBU,Secondary effluent,0.8874692330465712,0.636163433117543,Constant,Constant
1279,SI_ref_18,Pristine SCW Biochar,IBU,Lake water,0.9204127206373283,0.636163433117543,Constant,Constant
1285,SI_ref_18,Pristine SCW Biochar,IBU,Lake water,0.9175495400890653,0.636163433117543,Constant,Constant
1289,SI_ref_18,Pristine SCW Biochar,IBU,Lake water,0.91141920930323,0.636163433117543,Constant,Constant
1303,SI_ref_18,Pristine SCW Biochar,IBU,Secondary effluent,0.9145392250293353,0.636163433117543,Constant,Constant
1305,SI_ref_18,Pristine SCW Biochar,IBU,Secondary effluent,0.8992133437264335,0.636163433117543,Constant,Constant
1308,SI_ref_18,Pristine SCW Biochar,NPX,Lake water,0.9299082628630408,0.636163433117543,Constant,Constant
1310,SI_ref_18,Pristine SCW Biochar,NPX,Lake water,0.9179731197519893,0.636163433117543,Constant,Constant
1312,SI_ref_18,Pristine SCW Biochar,NPX,Lake water,0.9157588621166984,0.636163433117543,Constant,Constant
1314,SI_ref_18,Pristine SCW Biochar,NPX,Lake water,0.9211177808704595,0.636163433117543,Constant,Constant
1316,SI_ref_18,Pristine SCW Biochar,NPX,Lake water,0.9261251958543161,0.636163433117543,Constant,Constant
1318,SI_ref_18,Pristine SCW Biochar,NPX,Lake water,0.9179250714018231,0.636163433117543,Constant,Constant
1320,SI_ref_18,Pristine SCW Biochar,NPX,Lake water,0.9238791357631378,0.636163433117543,Constant,Constant
1325,SI_ref_18,Pristine SCW Biochar,NPX,Secondary effluent,0.8954095327862793,0.636163433117543,Constant,Constant
1328,SI_ref_18,Pristine SCW Biochar,NPX,Lake water,0.9239571578457322,0.636163433117543,Constant,Constant
1330,SI_ref_18,Pristine SCW Biochar,NPX,Lake water,0.9241969522882365,0.636163433117543,Constant,Constant
1337,SI_ref_18,Pristine SCW Biochar,NPX,Secondary effluent,0.9109852392346297,0.636163433117543,Constant,Constant
1346,SI_ref_18,Pristine SCW Biochar,NPX,Secondary effluent,0.9136165317560039,0.636163433117543,Constant,Constant
1347,SI_ref_18,Pristine SCW Biochar,NPX,Secondary effluent,0.9038576927569927,0.636163433117543,Constant,Constant
16,SI_ref_19,AMCB,IBU,Ground water,0.029204625724030753,0.6848576049180516,Operations,Operations
25,SI_ref_19,AMCB,IBU,Lake water,0.3473743729830984,0.7205367785597752,Operations,Operations
34,SI_ref_19,AMCB,IBU,Ground water,0.303030777614079,0.6390762163235116,Operations,Operations
36,SI_ref_19,AMCB,IBU,Ground water,0.41496556078686897,0.684801465474666,Operations,Operations
44,SI_ref_19,AMCB,IBU,Ground water,0.5024496962602676,0.6619108035777636,Operations,Operations
48,SI_ref_19,AMCB,IBU,Ground water,0.03338351934448727,0.6847641039379542,Operations,Operations
55,SI_ref_19,AMCB,IBU,Lake water,0.34535416691700616,0.7204433423087654,Operations,Operations
64,SI_ref_19,AMCB,IBU,Ground water,0.3258728934993643,0.6389828447120296,Operations,Operations
66,SI_ref_19,AMCB,IBU,Ground water,0.4885549946229274,0.6847081584133378,Operations,Operations
74,SI_ref_19,AMCB,IBU,Ground water,0.5226317382792791,0.6618175609774004,Operations,Operations
78,SI_ref_19,AMCB,IBU,Ground water,0.025848755777109534,0.6846709257095521,Operations,Operations
85,SI_ref_19,AMCB,IBU,Lake water,0.32220691257344963,0.7203502283635045,Operations,Operations
94,SI_ref_19,AMCB,IBU,Ground water,0.3191737471997417,0.6388897949612738,Operations,Operations
96,SI_ref_19,AMCB,IBU,Ground water,0.45590621693388655,0.6846151727686343,Operations,Operations
106,SI_ref_19,AMCB,IBU,Ground water,0.3644459510905023,0.6917591412762494,Operations,Operations
112,SI_ref_19,AMCB,IBU,Ground water,0.5464029950150356,0.6617246393504789,Operations,Operations
140,SI_ref_17,Alkali-modified SCG biochars,CBZ,Synthetic,0.006132526431344026,0.44883642709792065,Operations,Operations
146,SI_ref_17,Alkali-modified SCG biochars,CBZ,Synthetic,0.6777397154224275,0.5499969966899905,Operations,Operations
151,SI_ref_17,Alkali-modified SCG biochars,CBZ,Synthetic,0.4516798693491866,0.44883642709792065,Operations,Operations
168,SI_ref_17,Alkali-modified SCG biochars,EE2,Synthetic,0.0796235147045166,0.5510367791794186,Operations,Operations
176,SI_ref_17,Alkali-modified SCG biochars,EE2,Synthetic,0.07754174693450858,0.6111057830309596,Operations,Operations
181,SI_ref_17,Alkali-modified SCG biochars,EE2,Synthetic,0.7086029202646077,0.6111057830309596,Operations,Operations
190,SI_ref_17,Alkali-modified SCG biochars,IBU,Synthetic,0.22674008618295227,0.6599192116283386,Operations,Operations
192,SI_ref_17,Alkali-modified SCG biochars,IBU,Synthetic,0.18762987622773672,0.6416475321650879,Operations,Operations
194,SI_ref_17,Alkali-modified SCG biochars,IBU,Synthetic,0.0964989432139522,0.6122885521918748,Operations,Operations
196,SI_ref_17,Alkali-modified SCG biochars,IBU,Synthetic,0.056403766337859394,0.5936526124427854,Operations,Operations
198,SI_ref_17,Alkali-modified SCG biochars,IBU,Synthetic,0.04365646649895644,0.5827325429861501,Operations,Operations
200,SI_ref_17,Alkali-modified SCG biochars,IBU,Synthetic,0.05275302685215311,0.5749794145801543,Operations,Operations
202,SI_ref_17,Alkali-modified SCG biochars,IBU,Synthetic,0.051463060103218494,0.567223170742908,Operations,Operations
206,SI_ref_17,Alkali-modified SCG biochars,IBU,Synthetic,0.05901922048526246,0.5562875295211687,Operations,Operations
213,SI_ref_17,Alkali-modified SCG biochars,IBU,Synthetic,0.33928547446435453,0.6574480991132385,Operations,Operations
220,SI_ref_17,Alkali-modified SCG biochars,IBU,Synthetic,0.004839210099114782,0.5562875295211687,Operations,Operations
222,SI_ref_17,Alkali-modified SCG biochars,IBU,Synthetic,0.04374442489311713,0.5562875295211687,Operations,Operations
224,SI_ref_17,Alkali-modified SCG biochars,IBU,Synthetic,0.2945083196339574,0.5562875295211687,Operations,Operations
229,SI_ref_16,C-Biochar,ATE,Synthetic,0.8511111111111113,0.6924226681143038,Operations,Operations
231,SI_ref_16,C-Biochar,ATE,Synthetic,0.7400000000000001,0.7753636466304572,Operations,Operations
235,SI_ref_16,C-Biochar,ATE,Synthetic,0.8511111111111113,0.7524916719658448,Operations,Operations
238,SI_ref_16,C-Biochar,ATE,Synthetic,0.6733333333333335,0.7296196973012324,Operations,Operations
250,SI_ref_16,C-Biochar,CBZ,Synthetic,0.4840388007054674,0.6027566491788241,Operations,Operations
251,SI_ref_16,C-Biochar,CBZ,Synthetic,0.5325396825396824,0.6027566491788241,Operations,Operations
252,SI_ref_16,C-Biochar,CBZ,Synthetic,0.4258377425044091,0.6027566491788241,Operations,Operations
258,SI_ref_16,C-Biochar,CBZ,Synthetic,0.4990079365079365,0.6027566491788241,Operations,Operations
264,SI_ref_16,C-Biochar,IBU,Synthetic,0.7333333333333333,0.6801732496763017,Operations,Operations
266,SI_ref_16,C-Biochar,IBU,Synthetic,0.6121212121212122,0.7102077516020722,Operations,Operations
271,SI_ref_16,C-Biochar,IBU,Synthetic,0.6000000000000001,0.7102077516020722,Operations,Operations
277,SI_ref_16,C-Biochar,IBU,Synthetic,0.7844444444444444,0.7102077516020722,Operations,Operations
278,SI_ref_16,C-Biochar,IBU,Synthetic,0.8430555555555557,0.7102077516020722,Operations,Operations
279,SI_ref_16,C-Biochar,IBU,Synthetic,0.861111111111111,0.7102077516020722,Operations,Operations
296,SI_ref_19,CB,IBU,Ground water,0.9945207101387852,0.6848576049180516,Operations,Operations
303,SI_ref_19,CB,IBU,Lake water,0.9505925590656487,0.7205555046832907,Operations,Operations
314,SI_ref_19,CB,IBU,Ground water,0.917590560186213,0.6391136555888268,Operations,Operations
316,SI_ref_19,CB,IBU,Ground water,0.9236132062907854,0.6920201321792097,Operations,Operations
320,SI_ref_19,CB,IBU,Ground water,0.9303445651202417,0.6848576049180516,Operations,Operations
328,SI_ref_19,CB,IBU,Ground water,0.9241489703794897,0.6619856302534392,Operations,Operations
340,SI_ref_14,GCRB,ALA,Synthetic,0.9700055250053173,0.6626964011641368,Operations,Operations
361,SI_ref_14,GCRB,DIU,Synthetic,0.9291396445453227,0.4962882219635633,Operations,Operations
363,SI_ref_14,GCRB,DIU,Synthetic,0.9527369648004039,0.5563572258151044,Operations,Operations
365,SI_ref_14,GCRB,DIU,Synthetic,0.9265327424413893,0.5563572258151044,Operations,Operations
367,SI_ref_14,GCRB,DIU,Synthetic,0.9238760352548926,0.5563572258151044,Operations,Operations
369,SI_ref_14,GCRB,DIU,Synthetic,0.9147016410628197,0.533485251150492,Operations,Operations
374,SI_ref_14,GCRB,DIU,Synthetic,1.0082496176169822,0.5563572258151044,Operations,Operations
390,SI_ref_14,GCRB,SIM,Synthetic,0.9757367710073495,0.6823808349202928,Operations,Operations
406,SI_ref_14,GCRB-N,ALA,Synthetic,0.4281694326598611,0.6626964011641368,Operations,Operations
446,SI_ref_14,GCRB-N,DIU,Synthetic,0.2075726875081201,0.4962882219635633,Operations,Operations
448,SI_ref_14,GCRB-N,DIU,Synthetic,0.1819381767074788,0.5563572258151044,Operations,Operations
450,SI_ref_14,GCRB-N,DIU,Synthetic,0.1736169508150928,0.533485251150492,Operations,Operations
453,SI_ref_14,GCRB-N,DIU,Synthetic,0.1683505359330984,0.5563384996915889,Operations,Operations
456,SI_ref_14,GCRB-N,DIU,Synthetic,0.1402528461142079,0.5563010863717188,Operations,Operations
459,SI_ref_14,GCRB-N,DIU,Synthetic,0.6455190877003087,0.5562823991394287,Operations,Operations
460,SI_ref_14,GCRB-N,DIU,Synthetic,0.12138562309836234,0.556263724835007,Operations,Operations
462,SI_ref_14,GCRB-N,DIU,Synthetic,0.16773925939532233,0.556245063440579,Operations,Operations
465,SI_ref_14,GCRB-N,DIU,Synthetic,0.1405827183894587,0.5562077793103906,Operations,Operations
468,SI_ref_14,GCRB-N,DIU,Synthetic,0.6564705601884918,0.5561891565390655,Operations,Operations
469,SI_ref_14,GCRB-N,DIU,Synthetic,0.12617131727344172,0.5561705466066049,Operations,Operations
471,SI_ref_14,GCRB-N,DIU,Synthetic,0.1676281074261493,0.5561519494953181,Operations,Operations
474,SI_ref_14,GCRB-N,DIU,Synthetic,0.14041778225183332,0.5561147936656871,Operations,Operations
477,SI_ref_14,GCRB-N,DIU,Synthetic,0.6413243626564091,0.5560962349121441,Operations,Operations
478,SI_ref_14,GCRB-N,DIU,Synthetic,0.12377847018590202,0.5560776889093775,Operations,Operations
490,SI_ref_14,GCRB-N,SIM,Synthetic,0.38105997172266487,0.6823808349202928,Operations,Operations
537,SI_ref_19,MCB,IBU,Ground water,0.9902068659306948,0.6848576049180516,Operations,Operations
546,SI_ref_19,MCB,IBU,Lake water,0.9468798357239083,0.7205367785597752,Operations,Operations
555,SI_ref_19,MCB,IBU,Ground water,0.910886274193223,0.6390762163235116,Operations,Operations
561,SI_ref_19,MCB,IBU,Ground water,0.9227697266379059,0.6919639927358242,Operations,Operations
565,SI_ref_19,MCB,IBU,Ground water,0.9254612605703445,0.684801465474666,Operations,Operations
573,SI_ref_19,MCB,IBU,Ground water,0.9222883610163676,0.6619108035777636,Operations,Operations
577,SI_ref_19,MCB,IBU,Ground water,0.9896236049163454,0.6847641039379542,Operations,Operations
584,SI_ref_19,MCB,IBU,Lake water,0.9474280457633885,0.7204433423087654,Operations,Operations
593,SI_ref_19,MCB,IBU,Ground water,0.911624129649438,0.6389828447120296,Operations,Operations
595,SI_ref_19,MCB,IBU,Ground water,0.9248851497651674,0.6847081584133378,Operations,Operations
603,SI_ref_19,MCB,IBU,Ground water,0.920786534541565,0.6618175609774004,Operations,Operations
607,SI_ref_19,MCB,IBU,Ground water,0.9861765121394982,0.6846709257095521,Operations,Operations
614,SI_ref_19,MCB,IBU,Lake water,0.9465039927474991,0.7203502283635045,Operations,Operations
623,SI_ref_19,MCB,IBU,Ground water,0.9103224686673798,0.6388897949612738,Operations,Operations
625,SI_ref_19,MCB,IBU,Ground water,0.9258221154816445,0.6846151727686343,Operations,Operations
633,SI_ref_19,MCB,IBU,Ground water,0.9216175906678238,0.6617246393504789,Operations,Operations
653,SI_ref_18,NaOH-activated SCW biochars,DCF,Lake water,0.060393710525153486,0.7064202679999331,Operations,Operations
654,SI_ref_18,NaOH-activated SCW biochars,DCF,Secondary effluent,0.1736813951376961,0.731750364807367,Operations,Operations
657,SI_ref_18,NaOH-activated SCW biochars,DCF,Lake water,0.4098052873550469,0.6763857660741626,Operations,Operations
666,SI_ref_18,NaOH-activated SCW biochars,DCF,Secondary effluent,0.6160844980694858,0.731750364807367,Operations,Operations
668,SI_ref_18,NaOH-activated SCW biochars,DCF,Lake water,0.5638671837826676,0.7064202679999331,Operations,Operations
671,SI_ref_18,NaOH-activated SCW biochars,DCF,Lake water,0.5111881637893111,0.7064202679999331,Operations,Operations
680,SI_ref_18,NaOH-activated SCW biochars,DCF,Lake water,0.5451956691534918,0.7064202679999331,Operations,Operations
681,SI_ref_18,NaOH-activated SCW biochars,DCF,Lake water,0.5155236787057735,0.7064202679999331,Operations,Operations
684,SI_ref_18,NaOH-activated SCW biochars,DCF,Lake water,0.5054530420964745,0.7064202679999331,Operations,Operations
689,SI_ref_18,NaOH-activated SCW biochars,DCF,Secondary effluent,0.6862219778123194,0.7617848667331375,Operations,Operations
717,SI_ref_18,NaOH-activated SCW biochars,IBU,Secondary effluent,0.5431517029603264,0.7055512598937752,Operations,Operations
726,SI_ref_18,NaOH-activated SCW biochars,IBU,Lake water,0.6298354173553987,0.7102556650121117,Operations,Operations
732,SI_ref_18,NaOH-activated SCW biochars,IBU,Lake water,0.6159420233488258,0.7102556650121117,Operations,Operations
736,SI_ref_18,NaOH-activated SCW biochars,IBU,Lake water,0.6281995086504742,0.7102556650121117,Operations,Operations
750,SI_ref_18,NaOH-activated SCW biochars,IBU,Secondary effluent,0.811827151849907,0.7956547656710866,Operations,Operations
751,SI_ref_18,NaOH-activated SCW biochars,IBU,Lake water,0.6869669848084122,0.7102556650121117,Operations,Operations
754,SI_ref_18,NaOH-activated SCW biochars,IBU,Secondary effluent,0.7786423949758233,0.7355857618195456,Operations,Operations
757,SI_ref_18,NaOH-activated SCW biochars,NPX,Lake water,0.20620314882650506,0.613891170830703,Operations,Operations
759,SI_ref_18,NaOH-activated SCW biochars,NPX,Lake water,0.23676500653660967,0.5956194913674523,Operations,Operations
761,SI_ref_18,NaOH-activated SCW biochars,NPX,Lake water,0.21090148006849843,0.5771310518585875,Operations,Operations
763,SI_ref_18,NaOH-activated SCW biochars,NPX,Lake water,0.14381242837395034,0.5585322160157752,Operations,Operations
765,SI_ref_18,NaOH-activated SCW biochars,NPX,Lake water,0.049549349058709447,0.5398776665480561,Operations,Operations
767,SI_ref_18,NaOH-activated SCW biochars,NPX,Lake water,0.0742796412273446,0.5289513737825188,Operations,Operations
769,SI_ref_18,NaOH-activated SCW biochars,NPX,Lake water,0.041917196066405205,0.5211951299452724,Operations,Operations
773,SI_ref_18,NaOH-activated SCW biochars,NPX,Lake water,0.02383921541973232,0.5102594887235331,Operations,Operations
776,SI_ref_18,NaOH-activated SCW biochars,NPX,Secondary effluent,0.048092629555703405,0.5055550836051965,Operations,Operations
779,SI_ref_18,NaOH-activated SCW biochars,NPX,Lake water,0.0651330447328621,0.5102594887235331,Operations,Operations
781,SI_ref_18,NaOH-activated SCW biochars,NPX,Lake water,0.04234525136924403,0.5102594887235331,Operations,Operations
788,SI_ref_18,NaOH-activated SCW biochars,NPX,Secondary effluent,0.09141898602740345,0.535589585530967,Operations,Operations
798,SI_ref_18,NaOH-activated SCW biochars,NPX,Secondary effluent,0.15082313311850198,0.535589585530967,Operations,Operations
800,SI_ref_18,NaOH-activated SCW biochars,NPX,Secondary effluent,0.24701864815812044,0.535589585530967,Operations,Operations
871,SI_ref_13,PB600,CBZ,Synthetic,0.6953242835595775,0.43626429210448725,Operations,Operations
881,SI_ref_13,PB600,IBU,Synthetic,0.2096102913356035,0.5624072795867209,Operations,Operations
918,SI_ref_13,PB800,CBZ,Synthetic,0.30905619203491547,0.43626429210448725,Operations,Operations
928,SI_ref_13,PB800,IBU,Synthetic,0.23013048635824437,0.5624072795867209,Operations,Operations
954,SI_ref_15,PSB,CAR,Synthetic,0.9395494569882223,0.5237442507579464,Operations,Operations
955,SI_ref_15,PSB,CAR,Synthetic,0.9231398092867221,0.5237442507579464,Operations,Operations
957,SI_ref_15,PSB,CAR,Synthetic,0.9436310458092197,0.5838132546094874,Operations,Operations
964,SI_ref_15,PSB,CAR,Synthetic,0.9383522096618221,0.5237442507579464,Operations,Operations
978,SI_ref_15,PSB,PYR,Synthetic,0.919631586959635,0.5522921904510549,Operations,Operations
985,SI_ref_15,PSB,PYR,Synthetic,0.9775942152304119,0.5522921904510549,Operations,Operations
994,SI_ref_15,PSB,TEB,Synthetic,0.9362126098667423,0.5381637583546333,Operations,Operations
1000,SI_ref_15,PSB,TEB,Synthetic,0.8714762044822667,0.5381637583546333,Operations,Operations
1015,SI_ref_15,PSBOX-A,CAR,Synthetic,0.03563496474916306,0.5237442507579464,Operations,Operations
1016,SI_ref_15,PSBOX-A,CAR,Synthetic,0.026325197069833068,0.5237442507579464,Operations,Operations
1018,SI_ref_15,PSBOX-A,CAR,Synthetic,0.034457194657534405,0.5838132546094874,Operations,Operations
1025,SI_ref_15,PSBOX-A,CAR,Synthetic,0.0497879777437964,0.5237442507579464,Operations,Operations
1040,SI_ref_15,PSBOX-A,PYR,Synthetic,0.5200236643843362,0.5294202157864425,Operations,Operations
1043,SI_ref_15,PSBOX-A,PYR,Synthetic,0.08786555053416333,0.5522921904510549,Operations,Operations
1050,SI_ref_15,PSBOX-A,PYR,Synthetic,0.48794917248977554,0.5522921904510549,Operations,Operations
1059,SI_ref_15,PSBOX-A,TEB,Synthetic,0.07277962857952934,0.5381637583546333,Operations,Operations
1061,SI_ref_15,PSBOX-A,TEB,Synthetic,0.5163778457532948,0.5610357330192457,Operations,Operations
1070,SI_ref_15,PSBOX-A,TEB,Synthetic,0.04527670142322688,0.5381637583546333,Operations,Operations
1101,SI_ref_17,Pristine SCG biochar,CBZ,Synthetic,0.9071468090110305,0.44883642709792065,Operations,Operations
1108,SI_ref_17,Pristine SCG biochar,CBZ,Synthetic,0.8967497590877974,0.5499969966899905,Operations,Operations
1113,SI_ref_17,Pristine SCG biochar,CBZ,Synthetic,0.9373850128799738,0.44883642709792065,Operations,Operations
1130,SI_ref_17,Pristine SCG biochar,EE2,Synthetic,0.817422791958414,0.5510367791794186,Operations,Operations
1137,SI_ref_17,Pristine SCG biochar,EE2,Synthetic,0.8257334628724249,0.5099452134388898,Operations,Operations
1139,SI_ref_17,Pristine SCG biochar,EE2,Synthetic,0.8269992896243368,0.5099452134388898,Operations,Operations
1141,SI_ref_17,Pristine SCG biochar,EE2,Synthetic,0.8244509213990222,0.5099452134388898,Operations,Operations
1142,SI_ref_17,Pristine SCG biochar,EE2,Synthetic,0.859538444436826,0.6111057830309596,Operations,Operations
1148,SI_ref_17,Pristine SCG biochar,EE2,Synthetic,0.823763814163292,0.6111057830309596,Operations,Operations
1157,SI_ref_17,Pristine SCG biochar,IBU,Synthetic,0.9060511140454979,0.6599192116283386,Operations,Operations
1159,SI_ref_17,Pristine SCG biochar,IBU,Synthetic,0.9004320791615827,0.6416475321650879,Operations,Operations
1161,SI_ref_17,Pristine SCG biochar,IBU,Synthetic,0.894961472244973,0.6122885521918748,Operations,Operations
1163,SI_ref_17,Pristine SCG biochar,IBU,Synthetic,0.8949151720794959,0.5936526124427854,Operations,Operations
1165,SI_ref_17,Pristine SCG biochar,IBU,Synthetic,0.892599829508416,0.5827325429861501,Operations,Operations
1167,SI_ref_17,Pristine SCG biochar,IBU,Synthetic,0.8914167516338777,0.5749794145801543,Operations,Operations
1169,SI_ref_17,Pristine SCG biochar,IBU,Synthetic,0.886841225533622,0.567223170742908,Operations,Operations
1173,SI_ref_17,Pristine SCG biochar,IBU,Synthetic,0.9319085004678631,0.5562875295211687,Operations,Operations
1180,SI_ref_17,Pristine SCG biochar,IBU,Synthetic,0.9167234922708469,0.6574480991132385,Operations,Operations
1187,SI_ref_17,Pristine SCG biochar,IBU,Synthetic,0.9448963419259283,0.5562875295211687,Operations,Operations
1189,SI_ref_17,Pristine SCG biochar,IBU,Synthetic,0.9210277046979152,0.5562875295211687,Operations,Operations
1191,SI_ref_17,Pristine SCG biochar,IBU,Synthetic,0.9513456586569363,0.5562875295211687,Operations,Operations
1212,SI_ref_18,Pristine SCW Biochar,DCF,Secondary effluent,0.8964391711737753,0.731750364807367,Operations,Operations
1214,SI_ref_18,Pristine SCW Biochar,DCF,Lake water,0.9077130214504949,0.6763857660741626,Operations,Operations
1223,SI_ref_18,Pristine SCW Biochar,DCF,Secondary effluent,0.916228597953408,0.731750364807367,Operations,Operations
1225,SI_ref_18,Pristine SCW Biochar,DCF,Lake water,0.9209005359691885,0.7064202679999331,Operations,Operations
1228,SI_ref_18,Pristine SCW Biochar,DCF,Lake water,0.918118398017722,0.7064202679999331,Operations,Operations
1237,SI_ref_18,Pristine SCW Biochar,DCF,Lake water,0.9176779336906461,0.7064202679999331,Operations,Operations
1238,SI_ref_18,Pristine SCW Biochar,DCF,Lake water,0.9153943997055312,0.7064202679999331,Operations,Operations
1241,SI_ref_18,Pristine SCW Biochar,DCF,Lake water,0.9102639266700783,0.7064202679999331,Operations,Operations
1246,SI_ref_18,Pristine SCW Biochar,DCF,Secondary effluent,0.9052859627037971,0.7617848667331375,Operations,Operations
1270,SI_ref_18,Pristine SCW Biochar,IBU,Secondary effluent,0.8874692330465712,0.7055512598937752,Operations,Operations
1279,SI_ref_18,Pristine SCW Biochar,IBU,Lake water,0.9204127206373283,0.7102556650121117,Operations,Operations
1285,SI_ref_18,Pristine SCW Biochar,IBU,Lake water,0.9175495400890653,0.7102556650121117,Operations,Operations
1289,SI_ref_18,Pristine SCW Biochar,IBU,Lake water,0.91141920930323,0.7102556650121117,Operations,Operations
1303,SI_ref_18,Pristine SCW Biochar,IBU,Secondary effluent,0.9145392250293353,0.7956547656710866,Operations,Operations
1305,SI_ref_18,Pristine SCW Biochar,IBU,Secondary effluent,0.8992133437264335,0.7355857618195456,Operations,Operations
1308,SI_ref_18,Pristine SCW Biochar,NPX,Lake water,0.9299082628630408,0.613891170830703,Operations,Operations
1310,SI_ref_18,Pristine SCW Biochar,NPX,Lake water,0.9179731197519893,0.5956194913674523,Operations,Operations
1312,SI_ref_18,Pristine SCW Biochar,NPX,Lake water,0.9157588621166984,0.5771310518585875,Operations,Operations
1314,SI_ref_18,Pristine SCW Biochar,NPX,Lake water,0.9211177808704595,0.5585322160157752,Operations,Operations
1316,SI_ref_18,Pristine SCW Biochar,NPX,Lake water,0.9261251958543161,0.5398776665480561,Operations,Operations
1318,SI_ref_18,Pristine SCW Biochar,NPX,Lake water,0.9179250714018231,0.5289513737825188,Operations,Operations
1320,SI_ref_18,Pristine SCW Biochar,NPX,Lake water,0.9238791357631378,0.5211951299452724,Operations,Operations
1325,SI_ref_18,Pristine SCW Biochar,NPX,Secondary effluent,0.8954095327862793,0.5055550836051965,Operations,Operations
1328,SI_ref_18,Pristine SCW Biochar,NPX,Lake water,0.9239571578457322,0.5102594887235331,Operations,Operations
1330,SI_ref_18,Pristine SCW Biochar,NPX,Lake water,0.9241969522882365,0.5102594887235331,Operations,Operations
1337,SI_ref_18,Pristine SCW Biochar,NPX,Secondary effluent,0.9109852392346297,0.535589585530967,Operations,Operations
1346,SI_ref_18,Pristine SCW Biochar,NPX,Secondary effluent,0.9136165317560039,0.535589585530967,Operations,Operations
1347,SI_ref_18,Pristine SCW Biochar,NPX,Secondary effluent,0.9038576927569927,0.535589585530967,Operations,Operations
