condition_id,source_candidate,Adsorbent,Pollutant,Wastewater type,r,prediction,strategy,id
189,SI_ref_17,Alkali-modified SCG biochars,IBU,Synthetic,0.6581206763788531,0.37855344051127476,ARD,ARD_1
191,SI_ref_17,Alkali-modified SCG biochars,IBU,Synthetic,0.6239833523895453,0.36944290395102286,ARD,ARD_1
193,SI_ref_17,Alkali-modified SCG biochars,IBU,Synthetic,0.5119378819344518,0.3548040711630666,ARD,ARD_1
195,SI_ref_17,Alkali-modified SCG biochars,IBU,Synthetic,0.4585781550994164,0.3455119088984969,ARD,ARD_1
197,SI_ref_17,Alkali-modified SCG biochars,IBU,Synthetic,0.44243948810088646,0.3400669966108628,ARD,ARD_1
199,SI_ref_17,Alkali-modified SCG biochars,IBU,Synthetic,0.4544355679658596,0.33620116917331283,ARD,ARD_1
201,SI_ref_17,Alkali-modified SCG biochars,IBU,Synthetic,0.39592651561701936,0.3323337883344805,ARD,ARD_1
203,SI_ref_17,Alkali-modified SCG biochars,IBU,Synthetic,0.10913541523053398,0.32688111172854317,ARD,ARD_1
205,SI_ref_17,Alkali-modified SCG biochars,IBU,Synthetic,0.3052806700714839,0.32688111172854317,ARD,ARD_1
207,SI_ref_17,Alkali-modified SCG biochars,IBU,Synthetic,0.4311083753711556,0.32688111172854317,ARD,ARD_1
209,SI_ref_17,Alkali-modified SCG biochars,IBU,Synthetic,0.3789894895081609,0.32688111172854317,ARD,ARD_1
211,SI_ref_17,Alkali-modified SCG biochars,IBU,Synthetic,0.3304133868875155,0.32688111172854317,ARD,ARD_1
213,SI_ref_17,Alkali-modified SCG biochars,IBU,Synthetic,0.33928547446435453,0.32688111172854317,ARD,ARD_1
215,SI_ref_17,Alkali-modified SCG biochars,IBU,Synthetic,0.3234505141947598,0.32688111172854317,ARD,ARD_1
217,SI_ref_17,Alkali-modified SCG biochars,IBU,Synthetic,0.6889998443034063,0.32688111172854317,ARD,ARD_1
219,SI_ref_17,Alkali-modified SCG biochars,IBU,Synthetic,0.1184746430703935,0.32688111172854317,ARD,ARD_1
221,SI_ref_17,Alkali-modified SCG biochars,IBU,Synthetic,0.35446182653715885,0.32688111172854317,ARD,ARD_1
223,SI_ref_17,Alkali-modified SCG biochars,IBU,Synthetic,0.5365490577861332,0.32688111172854317,ARD,ARD_1
225,SI_ref_17,Alkali-modified SCG biochars,IBU,Synthetic,0.5901579894748284,0.32688111172854317,ARD,ARD_1
227,SI_ref_17,Alkali-modified SCG biochars,IBU,Synthetic,0.6910697148739985,0.32688111172854317,ARD,ARD_1
229,SI_ref_16,C-Biochar,ATE,Synthetic,0.8511111111111113,0.6039140310780603,ARD,ARD_1
230,SI_ref_16,C-Biochar,ATE,Synthetic,0.7400000000000001,0.6039140310780603,ARD,ARD_1
231,SI_ref_16,C-Biochar,ATE,Synthetic,0.7400000000000001,0.6039140310780603,ARD,ARD_1
232,SI_ref_16,C-Biochar,ATE,Synthetic,0.7453872053872055,0.6039140310780603,ARD,ARD_1
233,SI_ref_16,C-Biochar,ATE,Synthetic,0.8733333333333334,0.6039140310780603,ARD,ARD_1
234,SI_ref_16,C-Biochar,ATE,Synthetic,0.8288888888888891,0.6039140310780603,ARD,ARD_1
235,SI_ref_16,C-Biochar,ATE,Synthetic,0.8511111111111113,0.6039140310780603,ARD,ARD_1
236,SI_ref_16,C-Biochar,ATE,Synthetic,0.7844444444444446,0.6039140310780603,ARD,ARD_1
237,SI_ref_16,C-Biochar,ATE,Synthetic,0.8733333333333334,0.6039140310780603,ARD,ARD_1
238,SI_ref_16,C-Biochar,ATE,Synthetic,0.6733333333333335,0.6039140310780603,ARD,ARD_1
239,SI_ref_16,C-Biochar,ATE,Synthetic,0.6511111111111112,0.6039140310780603,ARD,ARD_1
240,SI_ref_16,C-Biochar,ATE,Synthetic,0.6288888888888889,0.6039140310780603,ARD,ARD_1
241,SI_ref_16,C-Biochar,ATE,Synthetic,0.7774074074074075,0.6039140310780603,ARD,ARD_1
242,SI_ref_16,C-Biochar,ATE,Synthetic,0.7824691358024691,0.6039140310780603,ARD,ARD_1
243,SI_ref_16,C-Biochar,ATE,Synthetic,0.8257777777777777,0.6039140310780603,ARD,ARD_1
244,SI_ref_16,C-Biochar,ATE,Synthetic,0.8438888888888889,0.6039140310780603,ARD,ARD_1
245,SI_ref_16,C-Biochar,ATE,Synthetic,0.8562222222222223,0.6039140310780603,ARD,ARD_1
263,SI_ref_16,C-Biochar,IBU,Synthetic,0.5333333333333333,0.6039140310780603,ARD,ARD_1
264,SI_ref_16,C-Biochar,IBU,Synthetic,0.7333333333333333,0.6039140310780603,ARD,ARD_1
265,SI_ref_16,C-Biochar,IBU,Synthetic,0.6000000000000001,0.6039140310780603,ARD,ARD_1
266,SI_ref_16,C-Biochar,IBU,Synthetic,0.6121212121212122,0.6039140310780603,ARD,ARD_1
267,SI_ref_16,C-Biochar,IBU,Synthetic,0.7333333333333333,0.6039140310780603,ARD,ARD_1
268,SI_ref_16,C-Biochar,IBU,Synthetic,0.5333333333333333,0.6039140310780603,ARD,ARD_1
269,SI_ref_16,C-Biochar,IBU,Synthetic,0.4666666666666666,0.6039140310780603,ARD,ARD_1
270,SI_ref_16,C-Biochar,IBU,Synthetic,0.5555555555555556,0.6039140310780603,ARD,ARD_1
271,SI_ref_16,C-Biochar,IBU,Synthetic,0.6000000000000001,0.6039140310780603,ARD,ARD_1
272,SI_ref_16,C-Biochar,IBU,Synthetic,0.6000000000000001,0.6039140310780603,ARD,ARD_1
273,SI_ref_16,C-Biochar,IBU,Synthetic,0.6000000000000001,0.6039140310780603,ARD,ARD_1
274,SI_ref_16,C-Biochar,IBU,Synthetic,1.0666666666666667,0.6039140310780603,ARD,ARD_1
275,SI_ref_16,C-Biochar,IBU,Synthetic,0.5277777777777777,0.6039140310780603,ARD,ARD_1
276,SI_ref_16,C-Biochar,IBU,Synthetic,0.7,0.6039140310780603,ARD,ARD_1
277,SI_ref_16,C-Biochar,IBU,Synthetic,0.7844444444444444,0.6039140310780603,ARD,ARD_1
278,SI_ref_16,C-Biochar,IBU,Synthetic,0.8430555555555557,0.6039140310780603,ARD,ARD_1
279,SI_ref_16,C-Biochar,IBU,Synthetic,0.861111111111111,0.6039140310780603,ARD,ARD_1
354,SI_ref_14,GCRB,DIU,Synthetic,0.983291565929579,1.0449816128660068,ARD,ARD_1
355,SI_ref_14,GCRB,DIU,Synthetic,0.9782739977994132,1.0358710763057548,ARD,ARD_1
356,SI_ref_14,GCRB,DIU,Synthetic,0.9708791324637501,1.0266524598985276,ARD,ARD_1
357,SI_ref_14,GCRB,DIU,Synthetic,0.964507517643233,1.0173787982044908,ARD,ARD_1
358,SI_ref_14,GCRB,DIU,Synthetic,0.960647920928618,1.0080773568519046,ARD,ARD_1
359,SI_ref_14,GCRB,DIU,Synthetic,0.9584857336381704,1.0026293415280447,ARD,ARD_1
360,SI_ref_14,GCRB,DIU,Synthetic,0.9536869714697045,0.9987619606892125,ARD,ARD_1
361,SI_ref_14,GCRB,DIU,Synthetic,0.9291396445453227,0.9933092840832751,ARD,ARD_1
362,SI_ref_14,GCRB,DIU,Synthetic,0.9775416982957918,0.9933092840832751,ARD,ARD_1
363,SI_ref_14,GCRB,DIU,Synthetic,0.9527369648004039,0.9933092840832751,ARD,ARD_1
364,SI_ref_14,GCRB,DIU,Synthetic,0.9478201604463821,0.9933092840832751,ARD,ARD_1
365,SI_ref_14,GCRB,DIU,Synthetic,0.9265327424413893,0.9933092840832751,ARD,ARD_1
366,SI_ref_14,GCRB,DIU,Synthetic,0.9253239651903417,0.9933092840832751,ARD,ARD_1
367,SI_ref_14,GCRB,DIU,Synthetic,0.9238760352548926,0.9933092840832751,ARD,ARD_1
368,SI_ref_14,GCRB,DIU,Synthetic,0.9417552695951205,0.9933092840832751,ARD,ARD_1
369,SI_ref_14,GCRB,DIU,Synthetic,0.9147016410628197,0.9933092840832751,ARD,ARD_1
370,SI_ref_14,GCRB,DIU,Synthetic,0.9192051981667979,0.9933092840832751,ARD,ARD_1
371,SI_ref_14,GCRB,DIU,Synthetic,0.9535021691371877,0.9933092840832751,ARD,ARD_1
372,SI_ref_14,GCRB,DIU,Synthetic,0.9661748102299111,0.9933092840832751,ARD,ARD_1
373,SI_ref_14,GCRB,DIU,Synthetic,1.0173780045422414,0.9933092840832751,ARD,ARD_1
374,SI_ref_14,GCRB,DIU,Synthetic,1.0082496176169822,0.9933092840832751,ARD,ARD_1
375,SI_ref_14,GCRB,DIU,Synthetic,0.9496862840784065,0.9933092840832751,ARD,ARD_1
439,SI_ref_14,GCRB-N,DIU,Synthetic,0.6654043880576614,0.5267687676720959,ARD,ARD_1
440,SI_ref_14,GCRB-N,DIU,Synthetic,0.5844535743219663,0.517658231111844,ARD,ARD_1
441,SI_ref_14,GCRB-N,DIU,Synthetic,0.5079200907404222,0.5084396147046167,ARD,ARD_1
442,SI_ref_14,GCRB-N,DIU,Synthetic,0.37854626102465844,0.4991659530105801,ARD,ARD_1
443,SI_ref_14,GCRB-N,DIU,Synthetic,0.26690125827656935,0.4898645116579938,ARD,ARD_1
444,SI_ref_14,GCRB-N,DIU,Synthetic,0.2332409918272794,0.4844164963341339,ARD,ARD_1
445,SI_ref_14,GCRB-N,DIU,Synthetic,0.1951305004086504,0.4805491154953016,ARD,ARD_1
446,SI_ref_14,GCRB-N,DIU,Synthetic,0.2075726875081201,0.47509643888936426,ARD,ARD_1
447,SI_ref_14,GCRB-N,DIU,Synthetic,0.26826652394124667,0.47509643888936426,ARD,ARD_1
448,SI_ref_14,GCRB-N,DIU,Synthetic,0.1819381767074788,0.47509643888936426,ARD,ARD_1
449,SI_ref_14,GCRB-N,DIU,Synthetic,0.15093015054787579,0.47509643888936426,ARD,ARD_1
450,SI_ref_14,GCRB-N,DIU,Synthetic,0.1736169508150928,0.47509643888936426,ARD,ARD_1
451,SI_ref_14,GCRB-N,DIU,Synthetic,0.16382165003373128,0.47509643888936426,ARD,ARD_1
452,SI_ref_14,GCRB-N,DIU,Synthetic,0.1932052297084895,0.47509643888936426,ARD,ARD_1
453,SI_ref_14,GCRB-N,DIU,Synthetic,0.1683505359330984,0.47508710176010566,ARD,ARD_1
454,SI_ref_14,GCRB-N,DIU,Synthetic,0.1647692025710552,0.4750777711037275,ARD,ARD_1
455,SI_ref_14,GCRB-N,DIU,Synthetic,0.3384549122360595,0.4750777711037275,ARD,ARD_1
456,SI_ref_14,GCRB-N,DIU,Synthetic,0.1402528461142079,0.4750684469112615,ARD,ARD_1
457,SI_ref_14,GCRB-N,DIU,Synthetic,0.5187315058108145,0.4750684469112615,ARD,ARD_1
458,SI_ref_14,GCRB-N,DIU,Synthetic,0.12629127082807837,0.47505912917375787,ARD,ARD_1
459,SI_ref_14,GCRB-N,DIU,Synthetic,0.6455190877003087,0.47505912917375787,ARD,ARD_1
460,SI_ref_14,GCRB-N,DIU,Synthetic,0.12138562309836234,0.4750498178822855,ARD,ARD_1
461,SI_ref_14,GCRB-N,DIU,Synthetic,0.6666027581171994,0.4750498178822855,ARD,ARD_1
462,SI_ref_14,GCRB-N,DIU,Synthetic,0.16773925939532233,0.47504051302793193,ARD,ARD_1
463,SI_ref_14,GCRB-N,DIU,Synthetic,0.15967117649899737,0.47503121460180286,ARD,ARD_1
464,SI_ref_14,GCRB-N,DIU,Synthetic,0.27418422723714847,0.47503121460180286,ARD,ARD_1
465,SI_ref_14,GCRB-N,DIU,Synthetic,0.1405827183894587,0.47502192259502274,ARD,ARD_1
466,SI_ref_14,GCRB-N,DIU,Synthetic,0.5605758859577746,0.47502192259502274,ARD,ARD_1
467,SI_ref_14,GCRB-N,DIU,Synthetic,0.13173953864692908,0.4750126369987342,ARD,ARD_1
468,SI_ref_14,GCRB-N,DIU,Synthetic,0.6564705601884918,0.4750126369987342,ARD,ARD_1
469,SI_ref_14,GCRB-N,DIU,Synthetic,0.12617131727344172,0.47500335780409814,ARD,ARD_1
470,SI_ref_14,GCRB-N,DIU,Synthetic,0.6552893507455957,0.47500335780409814,ARD,ARD_1
471,SI_ref_14,GCRB-N,DIU,Synthetic,0.1676281074261493,0.47499408500229395,ARD,ARD_1
472,SI_ref_14,GCRB-N,DIU,Synthetic,0.1622201895350263,0.474984818584519,ARD,ARD_1
473,SI_ref_14,GCRB-N,DIU,Synthetic,0.31928006415696586,0.474984818584519,ARD,ARD_1
474,SI_ref_14,GCRB-N,DIU,Synthetic,0.14041778225183332,0.47497555854198903,ARD,ARD_1
475,SI_ref_14,GCRB-N,DIU,Synthetic,0.5410485473017326,0.47497555854198903,ARD,ARD_1
476,SI_ref_14,GCRB-N,DIU,Synthetic,0.12901540473750372,0.4749663048659377,ARD,ARD_1
477,SI_ref_14,GCRB-N,DIU,Synthetic,0.6413243626564091,0.4749663048659377,ARD,ARD_1
478,SI_ref_14,GCRB-N,DIU,Synthetic,0.12377847018590202,0.4749570575476169,ARD,ARD_1
479,SI_ref_14,GCRB-N,DIU,Synthetic,0.665837914589971,0.4749570575476169,ARD,ARD_1
699,SI_ref_18,NaOH-activated SCW biochars,IBU,Secondary effluent,0.8098199350756726,0.5349602379574587,ARD,ARD_1
701,SI_ref_18,NaOH-activated SCW biochars,IBU,Secondary effluent,0.7485969905050348,0.5258497013972068,ARD,ARD_1
703,SI_ref_18,NaOH-activated SCW biochars,IBU,Secondary effluent,0.6850179499229786,0.5166310849899796,ARD,ARD_1
705,SI_ref_18,NaOH-activated SCW biochars,IBU,Secondary effluent,0.6861011679416551,0.5073574232959429,ARD,ARD_1
707,SI_ref_18,NaOH-activated SCW biochars,IBU,Secondary effluent,0.6799185617433835,0.4980559819433566,ARD,ARD_1
709,SI_ref_18,NaOH-activated SCW biochars,IBU,Secondary effluent,0.6765813990931481,0.4926079666194968,ARD,ARD_1
711,SI_ref_18,NaOH-activated SCW biochars,IBU,Secondary effluent,0.6777803451607008,0.4887405857806645,ARD,ARD_1
713,SI_ref_18,NaOH-activated SCW biochars,IBU,Secondary effluent,0.19946424836974086,0.4832879091747271,ARD,ARD_1
715,SI_ref_18,NaOH-activated SCW biochars,IBU,Secondary effluent,0.45728603839109744,0.4832879091747271,ARD,ARD_1
717,SI_ref_18,NaOH-activated SCW biochars,IBU,Secondary effluent,0.5431517029603264,0.4832879091747271,ARD,ARD_1
719,SI_ref_18,NaOH-activated SCW biochars,IBU,Secondary effluent,0.6932620426015607,0.4832879091747271,ARD,ARD_1
721,SI_ref_18,NaOH-activated SCW biochars,IBU,Secondary effluent,0.675113405421536,0.4832879091747271,ARD,ARD_1
725,SI_ref_18,NaOH-activated SCW biochars,IBU,Secondary effluent,0.6458796718925713,0.4832879091747271,ARD,ARD_1
729,SI_ref_18,NaOH-activated SCW biochars,IBU,Secondary effluent,0.6230174196820357,0.4832879091747271,ARD,ARD_1
733,SI_ref_18,NaOH-activated SCW biochars,IBU,Secondary effluent,0.6232264558664639,0.4832879091747271,ARD,ARD_1
737,SI_ref_18,NaOH-activated SCW biochars,IBU,Secondary effluent,0.6321330290401536,0.4832879091747271,ARD,ARD_1
741,SI_ref_18,NaOH-activated SCW biochars,IBU,Secondary effluent,0.6274964829882473,0.4832879091747271,ARD,ARD_1
746,SI_ref_18,NaOH-activated SCW biochars,IBU,Secondary effluent,0.6482993087024828,0.4832879091747271,ARD,ARD_1
748,SI_ref_18,NaOH-activated SCW biochars,IBU,Secondary effluent,0.7478636767346728,0.4832879091747271,ARD,ARD_1
750,SI_ref_18,NaOH-activated SCW biochars,IBU,Secondary effluent,0.811827151849907,0.4832879091747271,ARD,ARD_1
752,SI_ref_18,NaOH-activated SCW biochars,IBU,Secondary effluent,0.7252319435730717,0.4832879091747271,ARD,ARD_1
754,SI_ref_18,NaOH-activated SCW biochars,IBU,Secondary effluent,0.7786423949758233,0.4832879091747271,ARD,ARD_1
758,SI_ref_18,NaOH-activated SCW biochars,NPX,Secondary effluent,0.5521972966156422,0.24791093396497355,ARD,ARD_1
760,SI_ref_18,NaOH-activated SCW biochars,NPX,Secondary effluent,0.4814245289032641,0.2388003974047216,ARD,ARD_1
762,SI_ref_18,NaOH-activated SCW biochars,NPX,Secondary effluent,0.34455951981715066,0.22958178099749438,ARD,ARD_1
764,SI_ref_18,NaOH-activated SCW biochars,NPX,Secondary effluent,0.2493517679350271,0.22030811930345762,ARD,ARD_1
766,SI_ref_18,NaOH-activated SCW biochars,NPX,Secondary effluent,0.16764900163614713,0.21100667795087136,ARD,ARD_1
768,SI_ref_18,NaOH-activated SCW biochars,NPX,Secondary effluent,0.12846350911521487,0.2055586626270115,ARD,ARD_1
770,SI_ref_18,NaOH-activated SCW biochars,NPX,Secondary effluent,0.12873702561203082,0.2016912817881792,ARD,ARD_1
772,SI_ref_18,NaOH-activated SCW biochars,NPX,Secondary effluent,0.026110640989477824,0.1962386051822419,ARD,ARD_1
774,SI_ref_18,NaOH-activated SCW biochars,NPX,Secondary effluent,0.054870517105304405,0.1962386051822419,ARD,ARD_1
776,SI_ref_18,NaOH-activated SCW biochars,NPX,Secondary effluent,0.048092629555703405,0.1962386051822419,ARD,ARD_1
778,SI_ref_18,NaOH-activated SCW biochars,NPX,Secondary effluent,0.16521082834331338,0.1962386051822419,ARD,ARD_1
780,SI_ref_18,NaOH-activated SCW biochars,NPX,Secondary effluent,0.11864589305153721,0.1962386051822419,ARD,ARD_1
782,SI_ref_18,NaOH-activated SCW biochars,NPX,Secondary effluent,0.10983576367726838,0.1962386051822419,ARD,ARD_1
784,SI_ref_18,NaOH-activated SCW biochars,NPX,Secondary effluent,0.10668866579384965,0.1962386051822419,ARD,ARD_1
786,SI_ref_18,NaOH-activated SCW biochars,NPX,Secondary effluent,0.08538292965546301,0.1962386051822419,ARD,ARD_1
788,SI_ref_18,NaOH-activated SCW biochars,NPX,Secondary effluent,0.09141898602740345,0.1962386051822419,ARD,ARD_1
790,SI_ref_18,NaOH-activated SCW biochars,NPX,Secondary effluent,0.11725913824368146,0.1962386051822419,ARD,ARD_1
792,SI_ref_18,NaOH-activated SCW biochars,NPX,Secondary effluent,0.10630651659643675,0.1962386051822419,ARD,ARD_1
794,SI_ref_18,NaOH-activated SCW biochars,NPX,Secondary effluent,0.2275589654025283,0.1962386051822419,ARD,ARD_1
796,SI_ref_18,NaOH-activated SCW biochars,NPX,Secondary effluent,0.27043202483921047,0.1962386051822419,ARD,ARD_1
798,SI_ref_18,NaOH-activated SCW biochars,NPX,Secondary effluent,0.15082313311850198,0.1962386051822419,ARD,ARD_1
800,SI_ref_18,NaOH-activated SCW biochars,NPX,Secondary effluent,0.24701864815812044,0.1962386051822419,ARD,ARD_1
1156,SI_ref_17,Pristine SCG biochar,IBU,Synthetic,0.9684057270887299,0.9924289857781102,ARD,ARD_1
1158,SI_ref_17,Pristine SCG biochar,IBU,Synthetic,0.964180236157731,0.9833184492178584,ARD,ARD_1
1160,SI_ref_17,Pristine SCG biochar,IBU,Synthetic,0.9598191197252507,0.9686796164299021,ARD,ARD_1
1162,SI_ref_17,Pristine SCG biochar,IBU,Synthetic,0.9580437721935793,0.9593874541653324,ARD,ARD_1
1164,SI_ref_17,Pristine SCG biochar,IBU,Synthetic,0.9425460946241216,0.9539425418776983,ARD,ARD_1
1166,SI_ref_17,Pristine SCG biochar,IBU,Synthetic,0.9402369906408686,0.9500767144401483,ARD,ARD_1
1168,SI_ref_17,Pristine SCG biochar,IBU,Synthetic,0.9366107784098637,0.946209333601316,ARD,ARD_1
1170,SI_ref_17,Pristine SCG biochar,IBU,Synthetic,0.7820004901373623,0.9407566569953787,ARD,ARD_1
1172,SI_ref_17,Pristine SCG biochar,IBU,Synthetic,0.9276141025756294,0.9407566569953787,ARD,ARD_1
1174,SI_ref_17,Pristine SCG biochar,IBU,Synthetic,0.918292455911169,0.9407566569953787,ARD,ARD_1
1176,SI_ref_17,Pristine SCG biochar,IBU,Synthetic,0.9133007565861092,0.9407566569953787,ARD,ARD_1
1178,SI_ref_17,Pristine SCG biochar,IBU,Synthetic,0.9182483670803396,0.9407566569953787,ARD,ARD_1
1180,SI_ref_17,Pristine SCG biochar,IBU,Synthetic,0.9167234922708469,0.9407566569953787,ARD,ARD_1
1182,SI_ref_17,Pristine SCG biochar,IBU,Synthetic,0.9122551436969301,0.9407566569953787,ARD,ARD_1
1184,SI_ref_17,Pristine SCG biochar,IBU,Synthetic,0.9484982246288517,0.9407566569953787,ARD,ARD_1
1186,SI_ref_17,Pristine SCG biochar,IBU,Synthetic,0.893754721851682,0.9407566569953787,ARD,ARD_1
1188,SI_ref_17,Pristine SCG biochar,IBU,Synthetic,0.8900227639990935,0.9407566569953787,ARD,ARD_1
1190,SI_ref_17,Pristine SCG biochar,IBU,Synthetic,0.924357415959487,0.9407566569953787,ARD,ARD_1
1192,SI_ref_17,Pristine SCG biochar,IBU,Synthetic,0.9226237248225028,0.9407566569953787,ARD,ARD_1
1194,SI_ref_17,Pristine SCG biochar,IBU,Synthetic,0.8857728699803085,0.9407566569953787,ARD,ARD_1
1254,SI_ref_18,Pristine SCW Biochar,IBU,Secondary effluent,0.9156726978407875,1.1164114505119185,ARD,ARD_1
1256,SI_ref_18,Pristine SCW Biochar,IBU,Secondary effluent,0.9079673942368781,1.1073009139516665,ARD,ARD_1
1258,SI_ref_18,Pristine SCW Biochar,IBU,Secondary effluent,0.9043236251446873,1.0980822975444393,ARD,ARD_1
1260,SI_ref_18,Pristine SCW Biochar,IBU,Secondary effluent,0.9020547983951682,1.0888086358504028,ARD,ARD_1
1262,SI_ref_18,Pristine SCW Biochar,IBU,Secondary effluent,0.9004882379050155,1.0795071944978163,ARD,ARD_1
1264,SI_ref_18,Pristine SCW Biochar,IBU,Secondary effluent,0.897458530238549,1.0740591791739567,ARD,ARD_1
1266,SI_ref_18,Pristine SCW Biochar,IBU,Secondary effluent,0.8973424975849196,1.0701917983351241,ARD,ARD_1
1267,SI_ref_18,Pristine SCW Biochar,IBU,Secondary effluent,0.8360939688333745,1.0647391217291868,ARD,ARD_1
1268,SI_ref_18,Pristine SCW Biochar,IBU,Secondary effluent,0.8984823855966844,1.0647391217291868,ARD,ARD_1
1270,SI_ref_18,Pristine SCW Biochar,IBU,Secondary effluent,0.8874692330465712,1.0647391217291868,ARD,ARD_1
1272,SI_ref_18,Pristine SCW Biochar,IBU,Secondary effluent,0.9012569556545285,1.0647391217291868,ARD,ARD_1
1274,SI_ref_18,Pristine SCW Biochar,IBU,Secondary effluent,0.8992057856547054,1.0647391217291868,ARD,ARD_1
1278,SI_ref_18,Pristine SCW Biochar,IBU,Secondary effluent,0.9165018852947014,1.0647391217291868,ARD,ARD_1
1282,SI_ref_18,Pristine SCW Biochar,IBU,Secondary effluent,0.9202396860047187,1.0647391217291868,ARD,ARD_1
1286,SI_ref_18,Pristine SCW Biochar,IBU,Secondary effluent,0.9152513064761528,1.0647391217291868,ARD,ARD_1
1290,SI_ref_18,Pristine SCW Biochar,IBU,Secondary effluent,0.9145713435205399,1.0647391217291868,ARD,ARD_1
1294,SI_ref_18,Pristine SCW Biochar,IBU,Secondary effluent,0.9194281493241605,1.0647391217291868,ARD,ARD_1
1299,SI_ref_18,Pristine SCW Biochar,IBU,Secondary effluent,0.891903218347585,1.0647391217291868,ARD,ARD_1
1301,SI_ref_18,Pristine SCW Biochar,IBU,Secondary effluent,0.9069133641489088,1.0647391217291868,ARD,ARD_1
1303,SI_ref_18,Pristine SCW Biochar,IBU,Secondary effluent,0.9145392250293353,1.0647391217291868,ARD,ARD_1
1304,SI_ref_18,Pristine SCW Biochar,IBU,Secondary effluent,0.911352956646831,1.0647391217291868,ARD,ARD_1
1305,SI_ref_18,Pristine SCW Biochar,IBU,Secondary effluent,0.8992133437264335,1.0647391217291868,ARD,ARD_1
1309,SI_ref_18,Pristine SCW Biochar,NPX,Secondary effluent,0.9276600601799115,0.8293621465194333,ARD,ARD_1
1311,SI_ref_18,Pristine SCW Biochar,NPX,Secondary effluent,0.9217275625657669,0.8202516099591814,ARD,ARD_1
1313,SI_ref_18,Pristine SCW Biochar,NPX,Secondary effluent,0.9151672500810683,0.8110329935519541,ARD,ARD_1
1315,SI_ref_18,Pristine SCW Biochar,NPX,Secondary effluent,0.914870212237198,0.8017593318579175,ARD,ARD_1
1317,SI_ref_18,Pristine SCW Biochar,NPX,Secondary effluent,0.9125118045566373,0.7924578905053312,ARD,ARD_1
1319,SI_ref_18,Pristine SCW Biochar,NPX,Secondary effluent,0.9122370962869346,0.7870098751814714,ARD,ARD_1
1321,SI_ref_18,Pristine SCW Biochar,NPX,Secondary effluent,0.9100475600528815,0.783142494342639,ARD,ARD_1
1322,SI_ref_18,Pristine SCW Biochar,NPX,Secondary effluent,0.8724917016408669,0.7776898177367016,ARD,ARD_1
1323,SI_ref_18,Pristine SCW Biochar,NPX,Secondary effluent,0.9222871559920565,0.7776898177367016,ARD,ARD_1
1325,SI_ref_18,Pristine SCW Biochar,NPX,Secondary effluent,0.8954095327862793,0.7776898177367016,ARD,ARD_1
1327,SI_ref_18,Pristine SCW Biochar,NPX,Secondary effluent,0.9153416500332668,0.7776898177367016,ARD,ARD_1
1329,SI_ref_18,Pristine SCW Biochar,NPX,Secondary effluent,0.910898633301941,0.7776898177367016,ARD,ARD_1
1331,SI_ref_18,Pristine SCW Biochar,NPX,Secondary effluent,0.9081761980542199,0.7776898177367016,ARD,ARD_1
1333,SI_ref_18,Pristine SCW Biochar,NPX,Secondary effluent,0.9126518494691617,0.7776898177367016,ARD,ARD_1
1335,SI_ref_18,Pristine SCW Biochar,NPX,Secondary effluent,0.9091665914238204,0.7776898177367016,ARD,ARD_1
1337,SI_ref_18,Pristine SCW Biochar,NPX,Secondary effluent,0.9109852392346297,0.7776898177367016,ARD,ARD_1
1339,SI_ref_18,Pristine SCW Biochar,NPX,Secondary effluent,0.9170303341534803,0.7776898177367016,ARD,ARD_1
1341,SI_ref_18,Pristine SCW Biochar,NPX,Secondary effluent,0.9109021678864493,0.7776898177367016,ARD,ARD_1
1343,SI_ref_18,Pristine SCW Biochar,NPX,Secondary effluent,0.9138805167442893,0.7776898177367016,ARD,ARD_1
1345,SI_ref_18,Pristine SCW Biochar,NPX,Secondary effluent,0.9200278517039994,0.7776898177367016,ARD,ARD_1
1346,SI_ref_18,Pristine SCW Biochar,NPX,Secondary effluent,0.9136165317560039,0.7776898177367016,ARD,ARD_1
1347,SI_ref_18,Pristine SCW Biochar,NPX,Secondary effluent,0.9038576927569927,0.7776898177367016,ARD,ARD_1
189,SI_ref_17,Alkali-modified SCG biochars,IBU,Synthetic,0.6581206763788531,0.3354101550299987,AdaBoost,AdaBoost_1
191,SI_ref_17,Alkali-modified SCG biochars,IBU,Synthetic,0.6239833523895453,0.3354101550299987,AdaBoost,AdaBoost_1
193,SI_ref_17,Alkali-modified SCG biochars,IBU,Synthetic,0.5119378819344518,0.3354101550299987,AdaBoost,AdaBoost_1
195,SI_ref_17,Alkali-modified SCG biochars,IBU,Synthetic,0.4585781550994164,0.3354101550299987,AdaBoost,AdaBoost_1
197,SI_ref_17,Alkali-modified SCG biochars,IBU,Synthetic,0.44243948810088646,0.3354101550299987,AdaBoost,AdaBoost_1
199,SI_ref_17,Alkali-modified SCG biochars,IBU,Synthetic,0.4544355679658596,0.3354101550299987,AdaBoost,AdaBoost_1
201,SI_ref_17,Alkali-modified SCG biochars,IBU,Synthetic,0.39592651561701936,0.3354101550299987,AdaBoost,AdaBoost_1
203,SI_ref_17,Alkali-modified SCG biochars,IBU,Synthetic,0.10913541523053398,0.3354101550299987,AdaBoost,AdaBoost_1
205,SI_ref_17,Alkali-modified SCG biochars,IBU,Synthetic,0.3052806700714839,0.3354101550299987,AdaBoost,AdaBoost_1
207,SI_ref_17,Alkali-modified SCG biochars,IBU,Synthetic,0.4311083753711556,0.3354101550299987,AdaBoost,AdaBoost_1
209,SI_ref_17,Alkali-modified SCG biochars,IBU,Synthetic,0.3789894895081609,0.3354101550299987,AdaBoost,AdaBoost_1
211,SI_ref_17,Alkali-modified SCG biochars,IBU,Synthetic,0.3304133868875155,0.3354101550299987,AdaBoost,AdaBoost_1
213,SI_ref_17,Alkali-modified SCG biochars,IBU,Synthetic,0.33928547446435453,0.3354101550299987,AdaBoost,AdaBoost_1
215,SI_ref_17,Alkali-modified SCG biochars,IBU,Synthetic,0.3234505141947598,0.3354101550299987,AdaBoost,AdaBoost_1
217,SI_ref_17,Alkali-modified SCG biochars,IBU,Synthetic,0.6889998443034063,0.3354101550299987,AdaBoost,AdaBoost_1
219,SI_ref_17,Alkali-modified SCG biochars,IBU,Synthetic,0.1184746430703935,0.3354101550299987,AdaBoost,AdaBoost_1
221,SI_ref_17,Alkali-modified SCG biochars,IBU,Synthetic,0.35446182653715885,0.3354101550299987,AdaBoost,AdaBoost_1
223,SI_ref_17,Alkali-modified SCG biochars,IBU,Synthetic,0.5365490577861332,0.3354101550299987,AdaBoost,AdaBoost_1
225,SI_ref_17,Alkali-modified SCG biochars,IBU,Synthetic,0.5901579894748284,0.3354101550299987,AdaBoost,AdaBoost_1
227,SI_ref_17,Alkali-modified SCG biochars,IBU,Synthetic,0.6910697148739985,0.3354101550299987,AdaBoost,AdaBoost_1
229,SI_ref_16,C-Biochar,ATE,Synthetic,0.8511111111111113,0.5688194626641596,AdaBoost,AdaBoost_1
230,SI_ref_16,C-Biochar,ATE,Synthetic,0.7400000000000001,0.5688194626641596,AdaBoost,AdaBoost_1
231,SI_ref_16,C-Biochar,ATE,Synthetic,0.7400000000000001,0.5688194626641596,AdaBoost,AdaBoost_1
232,SI_ref_16,C-Biochar,ATE,Synthetic,0.7453872053872055,0.5688194626641596,AdaBoost,AdaBoost_1
233,SI_ref_16,C-Biochar,ATE,Synthetic,0.8733333333333334,0.5688194626641596,AdaBoost,AdaBoost_1
234,SI_ref_16,C-Biochar,ATE,Synthetic,0.8288888888888891,0.5688194626641596,AdaBoost,AdaBoost_1
235,SI_ref_16,C-Biochar,ATE,Synthetic,0.8511111111111113,0.5688194626641596,AdaBoost,AdaBoost_1
236,SI_ref_16,C-Biochar,ATE,Synthetic,0.7844444444444446,0.5688194626641596,AdaBoost,AdaBoost_1
237,SI_ref_16,C-Biochar,ATE,Synthetic,0.8733333333333334,0.5688194626641596,AdaBoost,AdaBoost_1
238,SI_ref_16,C-Biochar,ATE,Synthetic,0.6733333333333335,0.5688194626641596,AdaBoost,AdaBoost_1
239,SI_ref_16,C-Biochar,ATE,Synthetic,0.6511111111111112,0.5688194626641596,AdaBoost,AdaBoost_1
240,SI_ref_16,C-Biochar,ATE,Synthetic,0.6288888888888889,0.5688194626641596,AdaBoost,AdaBoost_1
241,SI_ref_16,C-Biochar,ATE,Synthetic,0.7774074074074075,0.5688194626641596,AdaBoost,AdaBoost_1
242,SI_ref_16,C-Biochar,ATE,Synthetic,0.7824691358024691,0.5688194626641596,AdaBoost,AdaBoost_1
243,SI_ref_16,C-Biochar,ATE,Synthetic,0.8257777777777777,0.5688194626641596,AdaBoost,AdaBoost_1
244,SI_ref_16,C-Biochar,ATE,Synthetic,0.8438888888888889,0.5688194626641596,AdaBoost,AdaBoost_1
245,SI_ref_16,C-Biochar,ATE,Synthetic,0.8562222222222223,0.5688194626641596,AdaBoost,AdaBoost_1
263,SI_ref_16,C-Biochar,IBU,Synthetic,0.5333333333333333,0.5755845213599843,AdaBoost,AdaBoost_1
264,SI_ref_16,C-Biochar,IBU,Synthetic,0.7333333333333333,0.5755845213599843,AdaBoost,AdaBoost_1
265,SI_ref_16,C-Biochar,IBU,Synthetic,0.6000000000000001,0.5755845213599843,AdaBoost,AdaBoost_1
266,SI_ref_16,C-Biochar,IBU,Synthetic,0.6121212121212122,0.5755845213599843,AdaBoost,AdaBoost_1
267,SI_ref_16,C-Biochar,IBU,Synthetic,0.7333333333333333,0.5755845213599843,AdaBoost,AdaBoost_1
268,SI_ref_16,C-Biochar,IBU,Synthetic,0.5333333333333333,0.5755845213599843,AdaBoost,AdaBoost_1
269,SI_ref_16,C-Biochar,IBU,Synthetic,0.4666666666666666,0.5755845213599843,AdaBoost,AdaBoost_1
270,SI_ref_16,C-Biochar,IBU,Synthetic,0.5555555555555556,0.5755845213599843,AdaBoost,AdaBoost_1
271,SI_ref_16,C-Biochar,IBU,Synthetic,0.6000000000000001,0.5755845213599843,AdaBoost,AdaBoost_1
272,SI_ref_16,C-Biochar,IBU,Synthetic,0.6000000000000001,0.5755845213599843,AdaBoost,AdaBoost_1
273,SI_ref_16,C-Biochar,IBU,Synthetic,0.6000000000000001,0.5755845213599843,AdaBoost,AdaBoost_1
274,SI_ref_16,C-Biochar,IBU,Synthetic,1.0666666666666667,0.5755845213599843,AdaBoost,AdaBoost_1
275,SI_ref_16,C-Biochar,IBU,Synthetic,0.5277777777777777,0.5755845213599843,AdaBoost,AdaBoost_1
276,SI_ref_16,C-Biochar,IBU,Synthetic,0.7,0.5755845213599843,AdaBoost,AdaBoost_1
277,SI_ref_16,C-Biochar,IBU,Synthetic,0.7844444444444444,0.5755845213599843,AdaBoost,AdaBoost_1
278,SI_ref_16,C-Biochar,IBU,Synthetic,0.8430555555555557,0.5755845213599843,AdaBoost,AdaBoost_1
279,SI_ref_16,C-Biochar,IBU,Synthetic,0.861111111111111,0.5755845213599843,AdaBoost,AdaBoost_1
354,SI_ref_14,GCRB,DIU,Synthetic,0.983291565929579,0.9606520525125339,AdaBoost,AdaBoost_1
355,SI_ref_14,GCRB,DIU,Synthetic,0.9782739977994132,0.9606520525125339,AdaBoost,AdaBoost_1
356,SI_ref_14,GCRB,DIU,Synthetic,0.9708791324637501,0.9605037400096255,AdaBoost,AdaBoost_1
357,SI_ref_14,GCRB,DIU,Synthetic,0.964507517643233,0.9605037400096255,AdaBoost,AdaBoost_1
358,SI_ref_14,GCRB,DIU,Synthetic,0.960647920928618,0.9605037400096255,AdaBoost,AdaBoost_1
359,SI_ref_14,GCRB,DIU,Synthetic,0.9584857336381704,0.9605037400096255,AdaBoost,AdaBoost_1
360,SI_ref_14,GCRB,DIU,Synthetic,0.9536869714697045,0.9605037400096255,AdaBoost,AdaBoost_1
361,SI_ref_14,GCRB,DIU,Synthetic,0.9291396445453227,0.9604620248462229,AdaBoost,AdaBoost_1
362,SI_ref_14,GCRB,DIU,Synthetic,0.9775416982957918,0.9605037400096255,AdaBoost,AdaBoost_1
363,SI_ref_14,GCRB,DIU,Synthetic,0.9527369648004039,0.9605037400096255,AdaBoost,AdaBoost_1
364,SI_ref_14,GCRB,DIU,Synthetic,0.9478201604463821,0.9605037400096255,AdaBoost,AdaBoost_1
365,SI_ref_14,GCRB,DIU,Synthetic,0.9265327424413893,0.9605037400096255,AdaBoost,AdaBoost_1
366,SI_ref_14,GCRB,DIU,Synthetic,0.9253239651903417,0.9605037400096255,AdaBoost,AdaBoost_1
367,SI_ref_14,GCRB,DIU,Synthetic,0.9238760352548926,0.9605037400096255,AdaBoost,AdaBoost_1
368,SI_ref_14,GCRB,DIU,Synthetic,0.9417552695951205,0.9602540880770299,AdaBoost,AdaBoost_1
369,SI_ref_14,GCRB,DIU,Synthetic,0.9147016410628197,0.9602540880770299,AdaBoost,AdaBoost_1
370,SI_ref_14,GCRB,DIU,Synthetic,0.9192051981667979,0.9605037400096255,AdaBoost,AdaBoost_1
371,SI_ref_14,GCRB,DIU,Synthetic,0.9535021691371877,0.9605037400096255,AdaBoost,AdaBoost_1
372,SI_ref_14,GCRB,DIU,Synthetic,0.9661748102299111,0.9605037400096255,AdaBoost,AdaBoost_1
373,SI_ref_14,GCRB,DIU,Synthetic,1.0173780045422414,0.9605037400096255,AdaBoost,AdaBoost_1
374,SI_ref_14,GCRB,DIU,Synthetic,1.0082496176169822,0.9605037400096255,AdaBoost,AdaBoost_1
375,SI_ref_14,GCRB,DIU,Synthetic,0.9496862840784065,0.9605037400096255,AdaBoost,AdaBoost_1
439,SI_ref_14,GCRB-N,DIU,Synthetic,0.6654043880576614,0.56650590506985,AdaBoost,AdaBoost_1
440,SI_ref_14,GCRB-N,DIU,Synthetic,0.5844535743219663,0.56650590506985,AdaBoost,AdaBoost_1
441,SI_ref_14,GCRB-N,DIU,Synthetic,0.5079200907404222,0.56650590506985,AdaBoost,AdaBoost_1
442,SI_ref_14,GCRB-N,DIU,Synthetic,0.37854626102465844,0.5661222767647264,AdaBoost,AdaBoost_1
443,SI_ref_14,GCRB-N,DIU,Synthetic,0.26690125827656935,0.5654310452870841,AdaBoost,AdaBoost_1
444,SI_ref_14,GCRB-N,DIU,Synthetic,0.2332409918272794,0.5654310452870841,AdaBoost,AdaBoost_1
445,SI_ref_14,GCRB-N,DIU,Synthetic,0.1951305004086504,0.5654310452870841,AdaBoost,AdaBoost_1
446,SI_ref_14,GCRB-N,DIU,Synthetic,0.2075726875081201,0.5654310452870841,AdaBoost,AdaBoost_1
447,SI_ref_14,GCRB-N,DIU,Synthetic,0.26826652394124667,0.5654310452870841,AdaBoost,AdaBoost_1
448,SI_ref_14,GCRB-N,DIU,Synthetic,0.1819381767074788,0.5654310452870841,AdaBoost,AdaBoost_1
449,SI_ref_14,GCRB-N,DIU,Synthetic,0.15093015054787579,0.5654310452870841,AdaBoost,AdaBoost_1
450,SI_ref_14,GCRB-N,DIU,Synthetic,0.1736169508150928,0.5654310452870841,AdaBoost,AdaBoost_1
451,SI_ref_14,GCRB-N,DIU,Synthetic,0.16382165003373128,0.5654310452870841,AdaBoost,AdaBoost_1
452,SI_ref_14,GCRB-N,DIU,Synthetic,0.1932052297084895,0.5654310452870841,AdaBoost,AdaBoost_1
453,SI_ref_14,GCRB-N,DIU,Synthetic,0.1683505359330984,0.5654442298833952,AdaBoost,AdaBoost_1
454,SI_ref_14,GCRB-N,DIU,Synthetic,0.1647692025710552,0.5654442298833952,AdaBoost,AdaBoost_1
455,SI_ref_14,GCRB-N,DIU,Synthetic,0.3384549122360595,0.5654442298833952,AdaBoost,AdaBoost_1
456,SI_ref_14,GCRB-N,DIU,Synthetic,0.1402528461142079,0.5654442298833952,AdaBoost,AdaBoost_1
457,SI_ref_14,GCRB-N,DIU,Synthetic,0.5187315058108145,0.5654442298833952,AdaBoost,AdaBoost_1
458,SI_ref_14,GCRB-N,DIU,Synthetic,0.12629127082807837,0.5654442298833952,AdaBoost,AdaBoost_1
459,SI_ref_14,GCRB-N,DIU,Synthetic,0.6455190877003087,0.5654442298833952,AdaBoost,AdaBoost_1
460,SI_ref_14,GCRB-N,DIU,Synthetic,0.12138562309836234,0.5654442298833952,AdaBoost,AdaBoost_1
461,SI_ref_14,GCRB-N,DIU,Synthetic,0.6666027581171994,0.5654442298833952,AdaBoost,AdaBoost_1
462,SI_ref_14,GCRB-N,DIU,Synthetic,0.16773925939532233,0.5654442298833952,AdaBoost,AdaBoost_1
463,SI_ref_14,GCRB-N,DIU,Synthetic,0.15967117649899737,0.5654442298833952,AdaBoost,AdaBoost_1
464,SI_ref_14,GCRB-N,DIU,Synthetic,0.27418422723714847,0.5654442298833952,AdaBoost,AdaBoost_1
465,SI_ref_14,GCRB-N,DIU,Synthetic,0.1405827183894587,0.5654442298833952,AdaBoost,AdaBoost_1
466,SI_ref_14,GCRB-N,DIU,Synthetic,0.5605758859577746,0.5654442298833952,AdaBoost,AdaBoost_1
467,SI_ref_14,GCRB-N,DIU,Synthetic,0.13173953864692908,0.5654442298833952,AdaBoost,AdaBoost_1
468,SI_ref_14,GCRB-N,DIU,Synthetic,0.6564705601884918,0.5654442298833952,AdaBoost,AdaBoost_1
469,SI_ref_14,GCRB-N,DIU,Synthetic,0.12617131727344172,0.5654442298833952,AdaBoost,AdaBoost_1
470,SI_ref_14,GCRB-N,DIU,Synthetic,0.6552893507455957,0.5654442298833952,AdaBoost,AdaBoost_1
471,SI_ref_14,GCRB-N,DIU,Synthetic,0.1676281074261493,0.5654442298833952,AdaBoost,AdaBoost_1
472,SI_ref_14,GCRB-N,DIU,Synthetic,0.1622201895350263,0.5654442298833952,AdaBoost,AdaBoost_1
473,SI_ref_14,GCRB-N,DIU,Synthetic,0.31928006415696586,0.5654442298833952,AdaBoost,AdaBoost_1
474,SI_ref_14,GCRB-N,DIU,Synthetic,0.14041778225183332,0.5654442298833952,AdaBoost,AdaBoost_1
475,SI_ref_14,GCRB-N,DIU,Synthetic,0.5410485473017326,0.5654442298833952,AdaBoost,AdaBoost_1
476,SI_ref_14,GCRB-N,DIU,Synthetic,0.12901540473750372,0.5654442298833952,AdaBoost,AdaBoost_1
477,SI_ref_14,GCRB-N,DIU,Synthetic,0.6413243626564091,0.5654442298833952,AdaBoost,AdaBoost_1
478,SI_ref_14,GCRB-N,DIU,Synthetic,0.12377847018590202,0.5654442298833952,AdaBoost,AdaBoost_1
479,SI_ref_14,GCRB-N,DIU,Synthetic,0.665837914589971,0.5654442298833952,AdaBoost,AdaBoost_1
699,SI_ref_18,NaOH-activated SCW biochars,IBU,Secondary effluent,0.8098199350756726,0.33858446418892474,AdaBoost,AdaBoost_1
701,SI_ref_18,NaOH-activated SCW biochars,IBU,Secondary effluent,0.7485969905050348,0.33858446418892474,AdaBoost,AdaBoost_1
703,SI_ref_18,NaOH-activated SCW biochars,IBU,Secondary effluent,0.6850179499229786,0.33858446418892474,AdaBoost,AdaBoost_1
705,SI_ref_18,NaOH-activated SCW biochars,IBU,Secondary effluent,0.6861011679416551,0.33858446418892474,AdaBoost,AdaBoost_1
707,SI_ref_18,NaOH-activated SCW biochars,IBU,Secondary effluent,0.6799185617433835,0.33858446418892474,AdaBoost,AdaBoost_1
709,SI_ref_18,NaOH-activated SCW biochars,IBU,Secondary effluent,0.6765813990931481,0.33858446418892474,AdaBoost,AdaBoost_1
711,SI_ref_18,NaOH-activated SCW biochars,IBU,Secondary effluent,0.6777803451607008,0.33858446418892474,AdaBoost,AdaBoost_1
713,SI_ref_18,NaOH-activated SCW biochars,IBU,Secondary effluent,0.19946424836974086,0.33858446418892474,AdaBoost,AdaBoost_1
715,SI_ref_18,NaOH-activated SCW biochars,IBU,Secondary effluent,0.45728603839109744,0.33858446418892474,AdaBoost,AdaBoost_1
717,SI_ref_18,NaOH-activated SCW biochars,IBU,Secondary effluent,0.5431517029603264,0.33858446418892474,AdaBoost,AdaBoost_1
719,SI_ref_18,NaOH-activated SCW biochars,IBU,Secondary effluent,0.6932620426015607,0.33858446418892474,AdaBoost,AdaBoost_1
721,SI_ref_18,NaOH-activated SCW biochars,IBU,Secondary effluent,0.675113405421536,0.33858446418892474,AdaBoost,AdaBoost_1
725,SI_ref_18,NaOH-activated SCW biochars,IBU,Secondary effluent,0.6458796718925713,0.33858446418892474,AdaBoost,AdaBoost_1
729,SI_ref_18,NaOH-activated SCW biochars,IBU,Secondary effluent,0.6230174196820357,0.33858446418892474,AdaBoost,AdaBoost_1
733,SI_ref_18,NaOH-activated SCW biochars,IBU,Secondary effluent,0.6232264558664639,0.33858446418892474,AdaBoost,AdaBoost_1
737,SI_ref_18,NaOH-activated SCW biochars,IBU,Secondary effluent,0.6321330290401536,0.33858446418892474,AdaBoost,AdaBoost_1
741,SI_ref_18,NaOH-activated SCW biochars,IBU,Secondary effluent,0.6274964829882473,0.33858446418892474,AdaBoost,AdaBoost_1
746,SI_ref_18,NaOH-activated SCW biochars,IBU,Secondary effluent,0.6482993087024828,0.33858446418892474,AdaBoost,AdaBoost_1
748,SI_ref_18,NaOH-activated SCW biochars,IBU,Secondary effluent,0.7478636767346728,0.33858446418892474,AdaBoost,AdaBoost_1
750,SI_ref_18,NaOH-activated SCW biochars,IBU,Secondary effluent,0.811827151849907,0.33858446418892474,AdaBoost,AdaBoost_1
752,SI_ref_18,NaOH-activated SCW biochars,IBU,Secondary effluent,0.7252319435730717,0.33858446418892474,AdaBoost,AdaBoost_1
754,SI_ref_18,NaOH-activated SCW biochars,IBU,Secondary effluent,0.7786423949758233,0.33858446418892474,AdaBoost,AdaBoost_1
758,SI_ref_18,NaOH-activated SCW biochars,NPX,Secondary effluent,0.5521972966156422,0.33724778043227377,AdaBoost,AdaBoost_1
760,SI_ref_18,NaOH-activated SCW biochars,NPX,Secondary effluent,0.4814245289032641,0.33724778043227377,AdaBoost,AdaBoost_1
762,SI_ref_18,NaOH-activated SCW biochars,NPX,Secondary effluent,0.34455951981715066,0.33724778043227377,AdaBoost,AdaBoost_1
764,SI_ref_18,NaOH-activated SCW biochars,NPX,Secondary effluent,0.2493517679350271,0.33724778043227377,AdaBoost,AdaBoost_1
766,SI_ref_18,NaOH-activated SCW biochars,NPX,Secondary effluent,0.16764900163614713,0.33724778043227377,AdaBoost,AdaBoost_1
768,SI_ref_18,NaOH-activated SCW biochars,NPX,Secondary effluent,0.12846350911521487,0.33724778043227377,AdaBoost,AdaBoost_1
770,SI_ref_18,NaOH-activated SCW biochars,NPX,Secondary effluent,0.12873702561203082,0.33724778043227377,AdaBoost,AdaBoost_1
772,SI_ref_18,NaOH-activated SCW biochars,NPX,Secondary effluent,0.026110640989477824,0.33724778043227377,AdaBoost,AdaBoost_1
774,SI_ref_18,NaOH-activated SCW biochars,NPX,Secondary effluent,0.054870517105304405,0.33724778043227377,AdaBoost,AdaBoost_1
776,SI_ref_18,NaOH-activated SCW biochars,NPX,Secondary effluent,0.048092629555703405,0.33724778043227377,AdaBoost,AdaBoost_1
778,SI_ref_18,NaOH-activated SCW biochars,NPX,Secondary effluent,0.16521082834331338,0.33724778043227377,AdaBoost,AdaBoost_1
780,SI_ref_18,NaOH-activated SCW biochars,NPX,Secondary effluent,0.11864589305153721,0.33724778043227377,AdaBoost,AdaBoost_1
782,SI_ref_18,NaOH-activated SCW biochars,NPX,Secondary effluent,0.10983576367726838,0.33724778043227377,AdaBoost,AdaBoost_1
784,SI_ref_18,NaOH-activated SCW biochars,NPX,Secondary effluent,0.10668866579384965,0.33724778043227377,AdaBoost,AdaBoost_1
786,SI_ref_18,NaOH-activated SCW biochars,NPX,Secondary effluent,0.08538292965546301,0.33724778043227377,AdaBoost,AdaBoost_1
788,SI_ref_18,NaOH-activated SCW biochars,NPX,Secondary effluent,0.09141898602740345,0.33724778043227377,AdaBoost,AdaBoost_1
790,SI_ref_18,NaOH-activated SCW biochars,NPX,Secondary effluent,0.11725913824368146,0.33724778043227377,AdaBoost,AdaBoost_1
792,SI_ref_18,NaOH-activated SCW biochars,NPX,Secondary effluent,0.10630651659643675,0.33724778043227377,AdaBoost,AdaBoost_1
794,SI_ref_18,NaOH-activated SCW biochars,NPX,Secondary effluent,0.2275589654025283,0.33724778043227377,AdaBoost,AdaBoost_1
796,SI_ref_18,NaOH-activated SCW biochars,NPX,Secondary effluent,0.27043202483921047,0.33724778043227377,AdaBoost,AdaBoost_1
798,SI_ref_18,NaOH-activated SCW biochars,NPX,Secondary effluent,0.15082313311850198,0.33724778043227377,AdaBoost,AdaBoost_1
800,SI_ref_18,NaOH-activated SCW biochars,NPX,Secondary effluent,0.24701864815812044,0.33724778043227377,AdaBoost,AdaBoost_1
1156,SI_ref_17,Pristine SCG biochar,IBU,Synthetic,0.9684057270887299,0.9190457648126827,AdaBoost,AdaBoost_1
1158,SI_ref_17,Pristine SCG biochar,IBU,Synthetic,0.964180236157731,0.9189591145576722,AdaBoost,AdaBoost_1
1160,SI_ref_17,Pristine SCG biochar,IBU,Synthetic,0.9598191197252507,0.9189536692068156,AdaBoost,AdaBoost_1
1162,SI_ref_17,Pristine SCG biochar,IBU,Synthetic,0.9580437721935793,0.9189536692068156,AdaBoost,AdaBoost_1
1164,SI_ref_17,Pristine SCG biochar,IBU,Synthetic,0.9425460946241216,0.9188498746858164,AdaBoost,AdaBoost_1
1166,SI_ref_17,Pristine SCG biochar,IBU,Synthetic,0.9402369906408686,0.9188498746858164,AdaBoost,AdaBoost_1
1168,SI_ref_17,Pristine SCG biochar,IBU,Synthetic,0.9366107784098637,0.9188004517483932,AdaBoost,AdaBoost_1
1170,SI_ref_17,Pristine SCG biochar,IBU,Synthetic,0.7820004901373623,0.9143404857581419,AdaBoost,AdaBoost_1
1172,SI_ref_17,Pristine SCG biochar,IBU,Synthetic,0.9276141025756294,0.9180432500387925,AdaBoost,AdaBoost_1
1174,SI_ref_17,Pristine SCG biochar,IBU,Synthetic,0.918292455911169,0.9180432500387925,AdaBoost,AdaBoost_1
1176,SI_ref_17,Pristine SCG biochar,IBU,Synthetic,0.9133007565861092,0.9180432500387925,AdaBoost,AdaBoost_1
1178,SI_ref_17,Pristine SCG biochar,IBU,Synthetic,0.9182483670803396,0.9180432500387925,AdaBoost,AdaBoost_1
1180,SI_ref_17,Pristine SCG biochar,IBU,Synthetic,0.9167234922708469,0.9180432500387925,AdaBoost,AdaBoost_1
1182,SI_ref_17,Pristine SCG biochar,IBU,Synthetic,0.9122551436969301,0.9180432500387925,AdaBoost,AdaBoost_1
1184,SI_ref_17,Pristine SCG biochar,IBU,Synthetic,0.9484982246288517,0.9181136169724962,AdaBoost,AdaBoost_1
1186,SI_ref_17,Pristine SCG biochar,IBU,Synthetic,0.893754721851682,0.9180432500387925,AdaBoost,AdaBoost_1
1188,SI_ref_17,Pristine SCG biochar,IBU,Synthetic,0.8900227639990935,0.9180432500387925,AdaBoost,AdaBoost_1
1190,SI_ref_17,Pristine SCG biochar,IBU,Synthetic,0.924357415959487,0.9180432500387925,AdaBoost,AdaBoost_1
1192,SI_ref_17,Pristine SCG biochar,IBU,Synthetic,0.9226237248225028,0.9180432500387925,AdaBoost,AdaBoost_1
1194,SI_ref_17,Pristine SCG biochar,IBU,Synthetic,0.8857728699803085,0.9180432500387925,AdaBoost,AdaBoost_1
1254,SI_ref_18,Pristine SCW Biochar,IBU,Secondary effluent,0.9156726978407875,0.9201145780286465,AdaBoost,AdaBoost_1
1256,SI_ref_18,Pristine SCW Biochar,IBU,Secondary effluent,0.9079673942368781,0.9200466027311451,AdaBoost,AdaBoost_1
1258,SI_ref_18,Pristine SCW Biochar,IBU,Secondary effluent,0.9043236251446873,0.9200041318363448,AdaBoost,AdaBoost_1
1260,SI_ref_18,Pristine SCW Biochar,IBU,Secondary effluent,0.9020547983951682,0.9200041318363448,AdaBoost,AdaBoost_1
1262,SI_ref_18,Pristine SCW Biochar,IBU,Secondary effluent,0.9004882379050155,0.9200041318363448,AdaBoost,AdaBoost_1
1264,SI_ref_18,Pristine SCW Biochar,IBU,Secondary effluent,0.897458530238549,0.9200041318363448,AdaBoost,AdaBoost_1
1266,SI_ref_18,Pristine SCW Biochar,IBU,Secondary effluent,0.8973424975849196,0.9200041318363448,AdaBoost,AdaBoost_1
1267,SI_ref_18,Pristine SCW Biochar,IBU,Secondary effluent,0.8360939688333745,0.9199765672810108,AdaBoost,AdaBoost_1
1268,SI_ref_18,Pristine SCW Biochar,IBU,Secondary effluent,0.8984823855966844,0.9199765672810108,AdaBoost,AdaBoost_1
1270,SI_ref_18,Pristine SCW Biochar,IBU,Secondary effluent,0.8874692330465712,0.9199228538229736,AdaBoost,AdaBoost_1
1272,SI_ref_18,Pristine SCW Biochar,IBU,Secondary effluent,0.9012569556545285,0.9200041318363448,AdaBoost,AdaBoost_1
1274,SI_ref_18,Pristine SCW Biochar,IBU,Secondary effluent,0.8992057856547054,0.9199765672810108,AdaBoost,AdaBoost_1
1278,SI_ref_18,Pristine SCW Biochar,IBU,Secondary effluent,0.9165018852947014,0.9199765672810108,AdaBoost,AdaBoost_1
1282,SI_ref_18,Pristine SCW Biochar,IBU,Secondary effluent,0.9202396860047187,0.9199765672810108,AdaBoost,AdaBoost_1
1286,SI_ref_18,Pristine SCW Biochar,IBU,Secondary effluent,0.9152513064761528,0.9199765672810108,AdaBoost,AdaBoost_1
1290,SI_ref_18,Pristine SCW Biochar,IBU,Secondary effluent,0.9145713435205399,0.9199765672810108,AdaBoost,AdaBoost_1
1294,SI_ref_18,Pristine SCW Biochar,IBU,Secondary effluent,0.9194281493241605,0.9199765672810108,AdaBoost,AdaBoost_1
1299,SI_ref_18,Pristine SCW Biochar,IBU,Secondary effluent,0.891903218347585,0.9199765672810108,AdaBoost,AdaBoost_1
1301,SI_ref_18,Pristine SCW Biochar,IBU,Secondary effluent,0.9069133641489088,0.9199765672810108,AdaBoost,AdaBoost_1
1303,SI_ref_18,Pristine SCW Biochar,IBU,Secondary effluent,0.9145392250293353,0.9199765672810108,AdaBoost,AdaBoost_1
1304,SI_ref_18,Pristine SCW Biochar,IBU,Secondary effluent,0.911352956646831,0.9199765672810108,AdaBoost,AdaBoost_1
1305,SI_ref_18,Pristine SCW Biochar,IBU,Secondary effluent,0.8992133437264335,0.9199765672810108,AdaBoost,AdaBoost_1
1309,SI_ref_18,Pristine SCW Biochar,NPX,Secondary effluent,0.9276600601799115,0.9201145780286465,AdaBoost,AdaBoost_1
1311,SI_ref_18,Pristine SCW Biochar,NPX,Secondary effluent,0.9217275625657669,0.9200466027311451,AdaBoost,AdaBoost_1
1313,SI_ref_18,Pristine SCW Biochar,NPX,Secondary effluent,0.9151672500810683,0.9200041318363448,AdaBoost,AdaBoost_1
1315,SI_ref_18,Pristine SCW Biochar,NPX,Secondary effluent,0.914870212237198,0.9200041318363448,AdaBoost,AdaBoost_1
1317,SI_ref_18,Pristine SCW Biochar,NPX,Secondary effluent,0.9125118045566373,0.9200041318363448,AdaBoost,AdaBoost_1
1319,SI_ref_18,Pristine SCW Biochar,NPX,Secondary effluent,0.9122370962869346,0.9200041318363448,AdaBoost,AdaBoost_1
1321,SI_ref_18,Pristine SCW Biochar,NPX,Secondary effluent,0.9100475600528815,0.9200041318363448,AdaBoost,AdaBoost_1
1322,SI_ref_18,Pristine SCW Biochar,NPX,Secondary effluent,0.8724917016408669,0.9199765672810108,AdaBoost,AdaBoost_1
1323,SI_ref_18,Pristine SCW Biochar,NPX,Secondary effluent,0.9222871559920565,0.9199765672810108,AdaBoost,AdaBoost_1
1325,SI_ref_18,Pristine SCW Biochar,NPX,Secondary effluent,0.8954095327862793,0.9199228538229736,AdaBoost,AdaBoost_1
1327,SI_ref_18,Pristine SCW Biochar,NPX,Secondary effluent,0.9153416500332668,0.9200041318363448,AdaBoost,AdaBoost_1
1329,SI_ref_18,Pristine SCW Biochar,NPX,Secondary effluent,0.910898633301941,0.9199765672810108,AdaBoost,AdaBoost_1
1331,SI_ref_18,Pristine SCW Biochar,NPX,Secondary effluent,0.9081761980542199,0.9199765672810108,AdaBoost,AdaBoost_1
1333,SI_ref_18,Pristine SCW Biochar,NPX,Secondary effluent,0.9126518494691617,0.9199765672810108,AdaBoost,AdaBoost_1
1335,SI_ref_18,Pristine SCW Biochar,NPX,Secondary effluent,0.9091665914238204,0.9199765672810108,AdaBoost,AdaBoost_1
1337,SI_ref_18,Pristine SCW Biochar,NPX,Secondary effluent,0.9109852392346297,0.9199765672810108,AdaBoost,AdaBoost_1
1339,SI_ref_18,Pristine SCW Biochar,NPX,Secondary effluent,0.9170303341534803,0.9199765672810108,AdaBoost,AdaBoost_1
1341,SI_ref_18,Pristine SCW Biochar,NPX,Secondary effluent,0.9109021678864493,0.9199765672810108,AdaBoost,AdaBoost_1
1343,SI_ref_18,Pristine SCW Biochar,NPX,Secondary effluent,0.9138805167442893,0.9199765672810108,AdaBoost,AdaBoost_1
1345,SI_ref_18,Pristine SCW Biochar,NPX,Secondary effluent,0.9200278517039994,0.9199765672810108,AdaBoost,AdaBoost_1
1346,SI_ref_18,Pristine SCW Biochar,NPX,Secondary effluent,0.9136165317560039,0.9199765672810108,AdaBoost,AdaBoost_1
1347,SI_ref_18,Pristine SCW Biochar,NPX,Secondary effluent,0.9038576927569927,0.9199765672810108,AdaBoost,AdaBoost_1
189,SI_ref_17,Alkali-modified SCG biochars,IBU,Synthetic,0.6581206763788531,0.2779923543978164,Bagging,Bagging_1
191,SI_ref_17,Alkali-modified SCG biochars,IBU,Synthetic,0.6239833523895453,0.27223603871468005,Bagging,Bagging_1
193,SI_ref_17,Alkali-modified SCG biochars,IBU,Synthetic,0.5119378819344518,0.20236377207699036,Bagging,Bagging_1
195,SI_ref_17,Alkali-modified SCG biochars,IBU,Synthetic,0.4585781550994164,0.18632189206832994,Bagging,Bagging_1
197,SI_ref_17,Alkali-modified SCG biochars,IBU,Synthetic,0.44243948810088646,0.1782579785829109,Bagging,Bagging_1
199,SI_ref_17,Alkali-modified SCG biochars,IBU,Synthetic,0.4544355679658596,0.17156109478844847,Bagging,Bagging_1
201,SI_ref_17,Alkali-modified SCG biochars,IBU,Synthetic,0.39592651561701936,0.1761953263357641,Bagging,Bagging_1
203,SI_ref_17,Alkali-modified SCG biochars,IBU,Synthetic,0.10913541523053398,0.31064708311191686,Bagging,Bagging_1
205,SI_ref_17,Alkali-modified SCG biochars,IBU,Synthetic,0.3052806700714839,0.3254203619642708,Bagging,Bagging_1
207,SI_ref_17,Alkali-modified SCG biochars,IBU,Synthetic,0.4311083753711556,0.3254203619642708,Bagging,Bagging_1
209,SI_ref_17,Alkali-modified SCG biochars,IBU,Synthetic,0.3789894895081609,0.3254203619642708,Bagging,Bagging_1
211,SI_ref_17,Alkali-modified SCG biochars,IBU,Synthetic,0.3304133868875155,0.3254203619642708,Bagging,Bagging_1
213,SI_ref_17,Alkali-modified SCG biochars,IBU,Synthetic,0.33928547446435453,0.3254203619642708,Bagging,Bagging_1
215,SI_ref_17,Alkali-modified SCG biochars,IBU,Synthetic,0.3234505141947598,0.3254203619642708,Bagging,Bagging_1
217,SI_ref_17,Alkali-modified SCG biochars,IBU,Synthetic,0.6889998443034063,0.3254203619642708,Bagging,Bagging_1
219,SI_ref_17,Alkali-modified SCG biochars,IBU,Synthetic,0.1184746430703935,0.3254203619642708,Bagging,Bagging_1
221,SI_ref_17,Alkali-modified SCG biochars,IBU,Synthetic,0.35446182653715885,0.3254203619642708,Bagging,Bagging_1
223,SI_ref_17,Alkali-modified SCG biochars,IBU,Synthetic,0.5365490577861332,0.3254203619642708,Bagging,Bagging_1
225,SI_ref_17,Alkali-modified SCG biochars,IBU,Synthetic,0.5901579894748284,0.3254203619642708,Bagging,Bagging_1
227,SI_ref_17,Alkali-modified SCG biochars,IBU,Synthetic,0.6910697148739985,0.3254203619642708,Bagging,Bagging_1
229,SI_ref_16,C-Biochar,ATE,Synthetic,0.8511111111111113,0.5540488774336039,Bagging,Bagging_1
230,SI_ref_16,C-Biochar,ATE,Synthetic,0.7400000000000001,0.5540488774336039,Bagging,Bagging_1
231,SI_ref_16,C-Biochar,ATE,Synthetic,0.7400000000000001,0.5646153005556066,Bagging,Bagging_1
232,SI_ref_16,C-Biochar,ATE,Synthetic,0.7453872053872055,0.5607672873747461,Bagging,Bagging_1
233,SI_ref_16,C-Biochar,ATE,Synthetic,0.8733333333333334,0.5607672873747461,Bagging,Bagging_1
234,SI_ref_16,C-Biochar,ATE,Synthetic,0.8288888888888891,0.5607672873747461,Bagging,Bagging_1
235,SI_ref_16,C-Biochar,ATE,Synthetic,0.8511111111111113,0.5607672873747461,Bagging,Bagging_1
236,SI_ref_16,C-Biochar,ATE,Synthetic,0.7844444444444446,0.5607672873747461,Bagging,Bagging_1
237,SI_ref_16,C-Biochar,ATE,Synthetic,0.8733333333333334,0.5607672873747461,Bagging,Bagging_1
238,SI_ref_16,C-Biochar,ATE,Synthetic,0.6733333333333335,0.558155272065994,Bagging,Bagging_1
239,SI_ref_16,C-Biochar,ATE,Synthetic,0.6511111111111112,0.558155272065994,Bagging,Bagging_1
240,SI_ref_16,C-Biochar,ATE,Synthetic,0.6288888888888889,0.5627611062512328,Bagging,Bagging_1
241,SI_ref_16,C-Biochar,ATE,Synthetic,0.7774074074074075,0.5607672873747461,Bagging,Bagging_1
242,SI_ref_16,C-Biochar,ATE,Synthetic,0.7824691358024691,0.5607672873747461,Bagging,Bagging_1
243,SI_ref_16,C-Biochar,ATE,Synthetic,0.8257777777777777,0.5607672873747461,Bagging,Bagging_1
244,SI_ref_16,C-Biochar,ATE,Synthetic,0.8438888888888889,0.5607672873747461,Bagging,Bagging_1
245,SI_ref_16,C-Biochar,ATE,Synthetic,0.8562222222222223,0.5607672873747461,Bagging,Bagging_1
263,SI_ref_16,C-Biochar,IBU,Synthetic,0.5333333333333333,0.5846791824729016,Bagging,Bagging_1
264,SI_ref_16,C-Biochar,IBU,Synthetic,0.7333333333333333,0.5846791824729016,Bagging,Bagging_1
265,SI_ref_16,C-Biochar,IBU,Synthetic,0.6000000000000001,0.596667997234806,Bagging,Bagging_1
266,SI_ref_16,C-Biochar,IBU,Synthetic,0.6121212121212122,0.5914981779792756,Bagging,Bagging_1
267,SI_ref_16,C-Biochar,IBU,Synthetic,0.7333333333333333,0.5914981779792756,Bagging,Bagging_1
268,SI_ref_16,C-Biochar,IBU,Synthetic,0.5333333333333333,0.5914981779792756,Bagging,Bagging_1
269,SI_ref_16,C-Biochar,IBU,Synthetic,0.4666666666666666,0.5914981779792756,Bagging,Bagging_1
270,SI_ref_16,C-Biochar,IBU,Synthetic,0.5555555555555556,0.5914981779792756,Bagging,Bagging_1
271,SI_ref_16,C-Biochar,IBU,Synthetic,0.6000000000000001,0.5914981779792756,Bagging,Bagging_1
272,SI_ref_16,C-Biochar,IBU,Synthetic,0.6000000000000001,0.5905170719929607,Bagging,Bagging_1
273,SI_ref_16,C-Biochar,IBU,Synthetic,0.6000000000000001,0.5905170719929607,Bagging,Bagging_1
274,SI_ref_16,C-Biochar,IBU,Synthetic,1.0666666666666667,0.5930501963391813,Bagging,Bagging_1
275,SI_ref_16,C-Biochar,IBU,Synthetic,0.5277777777777777,0.5914981779792756,Bagging,Bagging_1
276,SI_ref_16,C-Biochar,IBU,Synthetic,0.7,0.5914981779792756,Bagging,Bagging_1
277,SI_ref_16,C-Biochar,IBU,Synthetic,0.7844444444444444,0.5914981779792756,Bagging,Bagging_1
278,SI_ref_16,C-Biochar,IBU,Synthetic,0.8430555555555557,0.5914981779792756,Bagging,Bagging_1
279,SI_ref_16,C-Biochar,IBU,Synthetic,0.861111111111111,0.5914981779792756,Bagging,Bagging_1
354,SI_ref_14,GCRB,DIU,Synthetic,0.983291565929579,0.9616425933100525,Bagging,Bagging_1
355,SI_ref_14,GCRB,DIU,Synthetic,0.9782739977994132,0.9612673410654082,Bagging,Bagging_1
356,SI_ref_14,GCRB,DIU,Synthetic,0.9708791324637501,0.9610027137056375,Bagging,Bagging_1
357,SI_ref_14,GCRB,DIU,Synthetic,0.964507517643233,0.9605402355480297,Bagging,Bagging_1
358,SI_ref_14,GCRB,DIU,Synthetic,0.960647920928618,0.959087922607473,Bagging,Bagging_1
359,SI_ref_14,GCRB,DIU,Synthetic,0.9584857336381704,0.9579145926489439,Bagging,Bagging_1
360,SI_ref_14,GCRB,DIU,Synthetic,0.9536869714697045,0.9574967332966398,Bagging,Bagging_1
361,SI_ref_14,GCRB,DIU,Synthetic,0.9291396445453227,0.9561457045632891,Bagging,Bagging_1
362,SI_ref_14,GCRB,DIU,Synthetic,0.9775416982957918,0.9616901114800253,Bagging,Bagging_1
363,SI_ref_14,GCRB,DIU,Synthetic,0.9527369648004039,0.9586703271897967,Bagging,Bagging_1
364,SI_ref_14,GCRB,DIU,Synthetic,0.9478201604463821,0.9586703271897967,Bagging,Bagging_1
365,SI_ref_14,GCRB,DIU,Synthetic,0.9265327424413893,0.9586703271897967,Bagging,Bagging_1
366,SI_ref_14,GCRB,DIU,Synthetic,0.9253239651903417,0.9586703271897967,Bagging,Bagging_1
367,SI_ref_14,GCRB,DIU,Synthetic,0.9238760352548926,0.9586703271897967,Bagging,Bagging_1
368,SI_ref_14,GCRB,DIU,Synthetic,0.9417552695951205,0.957528762010784,Bagging,Bagging_1
369,SI_ref_14,GCRB,DIU,Synthetic,0.9147016410628197,0.957528762010784,Bagging,Bagging_1
370,SI_ref_14,GCRB,DIU,Synthetic,0.9192051981667979,0.9586703271897967,Bagging,Bagging_1
371,SI_ref_14,GCRB,DIU,Synthetic,0.9535021691371877,0.9586703271897967,Bagging,Bagging_1
372,SI_ref_14,GCRB,DIU,Synthetic,0.9661748102299111,0.9586703271897967,Bagging,Bagging_1
373,SI_ref_14,GCRB,DIU,Synthetic,1.0173780045422414,0.9586703271897967,Bagging,Bagging_1
374,SI_ref_14,GCRB,DIU,Synthetic,1.0082496176169822,0.9586703271897967,Bagging,Bagging_1
375,SI_ref_14,GCRB,DIU,Synthetic,0.9496862840784065,0.9586703271897967,Bagging,Bagging_1
439,SI_ref_14,GCRB-N,DIU,Synthetic,0.6654043880576614,0.7263355552551027,Bagging,Bagging_1
440,SI_ref_14,GCRB-N,DIU,Synthetic,0.5844535743219663,0.7189425138761084,Bagging,Bagging_1
441,SI_ref_14,GCRB-N,DIU,Synthetic,0.5079200907404222,0.6971132360843947,Bagging,Bagging_1
442,SI_ref_14,GCRB-N,DIU,Synthetic,0.37854626102465844,0.6092736025650829,Bagging,Bagging_1
443,SI_ref_14,GCRB-N,DIU,Synthetic,0.26690125827656935,0.5351988930069319,Bagging,Bagging_1
444,SI_ref_14,GCRB-N,DIU,Synthetic,0.2332409918272794,0.5139908235795446,Bagging,Bagging_1
445,SI_ref_14,GCRB-N,DIU,Synthetic,0.1951305004086504,0.5011934669907312,Bagging,Bagging_1
446,SI_ref_14,GCRB-N,DIU,Synthetic,0.2075726875081201,0.4856863889888576,Bagging,Bagging_1
447,SI_ref_14,GCRB-N,DIU,Synthetic,0.26826652394124667,0.4856863889888576,Bagging,Bagging_1
448,SI_ref_14,GCRB-N,DIU,Synthetic,0.1819381767074788,0.4856863889888576,Bagging,Bagging_1
449,SI_ref_14,GCRB-N,DIU,Synthetic,0.15093015054787579,0.47976592464264706,Bagging,Bagging_1
450,SI_ref_14,GCRB-N,DIU,Synthetic,0.1736169508150928,0.47976592464264706,Bagging,Bagging_1
451,SI_ref_14,GCRB-N,DIU,Synthetic,0.16382165003373128,0.4856863889888576,Bagging,Bagging_1
452,SI_ref_14,GCRB-N,DIU,Synthetic,0.1932052297084895,0.4856863889888576,Bagging,Bagging_1
453,SI_ref_14,GCRB-N,DIU,Synthetic,0.1683505359330984,0.5297659529796218,Bagging,Bagging_1
454,SI_ref_14,GCRB-N,DIU,Synthetic,0.1647692025710552,0.5432111467496987,Bagging,Bagging_1
455,SI_ref_14,GCRB-N,DIU,Synthetic,0.3384549122360595,0.5432111467496987,Bagging,Bagging_1
456,SI_ref_14,GCRB-N,DIU,Synthetic,0.1402528461142079,0.5524785996711858,Bagging,Bagging_1
457,SI_ref_14,GCRB-N,DIU,Synthetic,0.5187315058108145,0.5524785996711858,Bagging,Bagging_1
458,SI_ref_14,GCRB-N,DIU,Synthetic,0.12629127082807837,0.5698082141512097,Bagging,Bagging_1
459,SI_ref_14,GCRB-N,DIU,Synthetic,0.6455190877003087,0.5698082141512097,Bagging,Bagging_1
460,SI_ref_14,GCRB-N,DIU,Synthetic,0.12138562309836234,0.5713795204790941,Bagging,Bagging_1
461,SI_ref_14,GCRB-N,DIU,Synthetic,0.6666027581171994,0.5713795204790941,Bagging,Bagging_1
462,SI_ref_14,GCRB-N,DIU,Synthetic,0.16773925939532233,0.5725472612087267,Bagging,Bagging_1
463,SI_ref_14,GCRB-N,DIU,Synthetic,0.15967117649899737,0.5800224975900475,Bagging,Bagging_1
464,SI_ref_14,GCRB-N,DIU,Synthetic,0.27418422723714847,0.5800224975900475,Bagging,Bagging_1
465,SI_ref_14,GCRB-N,DIU,Synthetic,0.1405827183894587,0.5808918963779737,Bagging,Bagging_1
466,SI_ref_14,GCRB-N,DIU,Synthetic,0.5605758859577746,0.5808918963779737,Bagging,Bagging_1
467,SI_ref_14,GCRB-N,DIU,Synthetic,0.13173953864692908,0.5691526501104195,Bagging,Bagging_1
468,SI_ref_14,GCRB-N,DIU,Synthetic,0.6564705601884918,0.5691526501104195,Bagging,Bagging_1
469,SI_ref_14,GCRB-N,DIU,Synthetic,0.12617131727344172,0.5772995530667707,Bagging,Bagging_1
470,SI_ref_14,GCRB-N,DIU,Synthetic,0.6552893507455957,0.5772995530667707,Bagging,Bagging_1
471,SI_ref_14,GCRB-N,DIU,Synthetic,0.1676281074261493,0.5679675983859888,Bagging,Bagging_1
472,SI_ref_14,GCRB-N,DIU,Synthetic,0.1622201895350263,0.5693947171782269,Bagging,Bagging_1
473,SI_ref_14,GCRB-N,DIU,Synthetic,0.31928006415696586,0.5693947171782269,Bagging,Bagging_1
474,SI_ref_14,GCRB-N,DIU,Synthetic,0.14041778225183332,0.5662395773897431,Bagging,Bagging_1
475,SI_ref_14,GCRB-N,DIU,Synthetic,0.5410485473017326,0.5662395773897431,Bagging,Bagging_1
476,SI_ref_14,GCRB-N,DIU,Synthetic,0.12901540473750372,0.5759260574485917,Bagging,Bagging_1
477,SI_ref_14,GCRB-N,DIU,Synthetic,0.6413243626564091,0.5759260574485917,Bagging,Bagging_1
478,SI_ref_14,GCRB-N,DIU,Synthetic,0.12377847018590202,0.5771301933808114,Bagging,Bagging_1
479,SI_ref_14,GCRB-N,DIU,Synthetic,0.665837914589971,0.5771301933808114,Bagging,Bagging_1
699,SI_ref_18,NaOH-activated SCW biochars,IBU,Secondary effluent,0.8098199350756726,0.6065170513070828,Bagging,Bagging_1
701,SI_ref_18,NaOH-activated SCW biochars,IBU,Secondary effluent,0.7485969905050348,0.6101314300694994,Bagging,Bagging_1
703,SI_ref_18,NaOH-activated SCW biochars,IBU,Secondary effluent,0.6850179499229786,0.6091350459261762,Bagging,Bagging_1
705,SI_ref_18,NaOH-activated SCW biochars,IBU,Secondary effluent,0.6861011679416551,0.6085821553217784,Bagging,Bagging_1
707,SI_ref_18,NaOH-activated SCW biochars,IBU,Secondary effluent,0.6799185617433835,0.6062336654839996,Bagging,Bagging_1
709,SI_ref_18,NaOH-activated SCW biochars,IBU,Secondary effluent,0.6765813990931481,0.6067305641202598,Bagging,Bagging_1
711,SI_ref_18,NaOH-activated SCW biochars,IBU,Secondary effluent,0.6777803451607008,0.6021757517093808,Bagging,Bagging_1
713,SI_ref_18,NaOH-activated SCW biochars,IBU,Secondary effluent,0.19946424836974086,0.5952608257302372,Bagging,Bagging_1
715,SI_ref_18,NaOH-activated SCW biochars,IBU,Secondary effluent,0.45728603839109744,0.5952608257302372,Bagging,Bagging_1
717,SI_ref_18,NaOH-activated SCW biochars,IBU,Secondary effluent,0.5431517029603264,0.5853374925876306,Bagging,Bagging_1
719,SI_ref_18,NaOH-activated SCW biochars,IBU,Secondary effluent,0.6932620426015607,0.5976744141692936,Bagging,Bagging_1
721,SI_ref_18,NaOH-activated SCW biochars,IBU,Secondary effluent,0.675113405421536,0.5952608257302372,Bagging,Bagging_1
725,SI_ref_18,NaOH-activated SCW biochars,IBU,Secondary effluent,0.6458796718925713,0.5952608257302372,Bagging,Bagging_1
729,SI_ref_18,NaOH-activated SCW biochars,IBU,Secondary effluent,0.6230174196820357,0.5952608257302372,Bagging,Bagging_1
733,SI_ref_18,NaOH-activated SCW biochars,IBU,Secondary effluent,0.6232264558664639,0.5952608257302372,Bagging,Bagging_1
737,SI_ref_18,NaOH-activated SCW biochars,IBU,Secondary effluent,0.6321330290401536,0.5952608257302372,Bagging,Bagging_1
741,SI_ref_18,NaOH-activated SCW biochars,IBU,Secondary effluent,0.6274964829882473,0.5952608257302372,Bagging,Bagging_1
746,SI_ref_18,NaOH-activated SCW biochars,IBU,Secondary effluent,0.6482993087024828,0.592951051924947,Bagging,Bagging_1
748,SI_ref_18,NaOH-activated SCW biochars,IBU,Secondary effluent,0.7478636767346728,0.6083902807471752,Bagging,Bagging_1
750,SI_ref_18,NaOH-activated SCW biochars,IBU,Secondary effluent,0.811827151849907,0.6100879560523477,Bagging,Bagging_1
752,SI_ref_18,NaOH-activated SCW biochars,IBU,Secondary effluent,0.7252319435730717,0.5952608257302372,Bagging,Bagging_1
754,SI_ref_18,NaOH-activated SCW biochars,IBU,Secondary effluent,0.7786423949758233,0.5952608257302372,Bagging,Bagging_1
758,SI_ref_18,NaOH-activated SCW biochars,NPX,Secondary effluent,0.5521972966156422,0.14143472882334016,Bagging,Bagging_1
760,SI_ref_18,NaOH-activated SCW biochars,NPX,Secondary effluent,0.4814245289032641,0.1394474300871544,Bagging,Bagging_1
762,SI_ref_18,NaOH-activated SCW biochars,NPX,Secondary effluent,0.34455951981715066,0.13860108081842415,Bagging,Bagging_1
764,SI_ref_18,NaOH-activated SCW biochars,NPX,Secondary effluent,0.2493517679350271,0.1349220127086712,Bagging,Bagging_1
766,SI_ref_18,NaOH-activated SCW biochars,NPX,Secondary effluent,0.16764900163614713,0.11532740255665017,Bagging,Bagging_1
768,SI_ref_18,NaOH-activated SCW biochars,NPX,Secondary effluent,0.12846350911521487,0.09693127170795561,Bagging,Bagging_1
770,SI_ref_18,NaOH-activated SCW biochars,NPX,Secondary effluent,0.12873702561203082,0.08763854456623356,Bagging,Bagging_1
772,SI_ref_18,NaOH-activated SCW biochars,NPX,Secondary effluent,0.026110640989477824,0.07673192024411359,Bagging,Bagging_1
774,SI_ref_18,NaOH-activated SCW biochars,NPX,Secondary effluent,0.054870517105304405,0.07673192024411359,Bagging,Bagging_1
776,SI_ref_18,NaOH-activated SCW biochars,NPX,Secondary effluent,0.048092629555703405,0.07673192024411359,Bagging,Bagging_1
778,SI_ref_18,NaOH-activated SCW biochars,NPX,Secondary effluent,0.16521082834331338,0.07673192024411359,Bagging,Bagging_1
780,SI_ref_18,NaOH-activated SCW biochars,NPX,Secondary effluent,0.11864589305153721,0.07673192024411359,Bagging,Bagging_1
782,SI_ref_18,NaOH-activated SCW biochars,NPX,Secondary effluent,0.10983576367726838,0.07673192024411359,Bagging,Bagging_1
784,SI_ref_18,NaOH-activated SCW biochars,NPX,Secondary effluent,0.10668866579384965,0.07673192024411359,Bagging,Bagging_1
786,SI_ref_18,NaOH-activated SCW biochars,NPX,Secondary effluent,0.08538292965546301,0.07673192024411359,Bagging,Bagging_1
788,SI_ref_18,NaOH-activated SCW biochars,NPX,Secondary effluent,0.09141898602740345,0.07673192024411359,Bagging,Bagging_1
790,SI_ref_18,NaOH-activated SCW biochars,NPX,Secondary effluent,0.11725913824368146,0.07673192024411359,Bagging,Bagging_1
792,SI_ref_18,NaOH-activated SCW biochars,NPX,Secondary effluent,0.10630651659643675,0.07673192024411359,Bagging,Bagging_1
794,SI_ref_18,NaOH-activated SCW biochars,NPX,Secondary effluent,0.2275589654025283,0.07673192024411359,Bagging,Bagging_1
796,SI_ref_18,NaOH-activated SCW biochars,NPX,Secondary effluent,0.27043202483921047,0.07673192024411359,Bagging,Bagging_1
798,SI_ref_18,NaOH-activated SCW biochars,NPX,Secondary effluent,0.15082313311850198,0.07673192024411359,Bagging,Bagging_1
800,SI_ref_18,NaOH-activated SCW biochars,NPX,Secondary effluent,0.24701864815812044,0.07673192024411359,Bagging,Bagging_1
1156,SI_ref_17,Pristine SCG biochar,IBU,Synthetic,0.9684057270887299,0.9221108722275148,Bagging,Bagging_1
1158,SI_ref_17,Pristine SCG biochar,IBU,Synthetic,0.964180236157731,0.918641086851627,Bagging,Bagging_1
1160,SI_ref_17,Pristine SCG biochar,IBU,Synthetic,0.9598191197252507,0.9144257692944602,Bagging,Bagging_1
1162,SI_ref_17,Pristine SCG biochar,IBU,Synthetic,0.9580437721935793,0.912471020972597,Bagging,Bagging_1
1164,SI_ref_17,Pristine SCG biochar,IBU,Synthetic,0.9425460946241216,0.9078130847084058,Bagging,Bagging_1
1166,SI_ref_17,Pristine SCG biochar,IBU,Synthetic,0.9402369906408686,0.9063587696974658,Bagging,Bagging_1
1168,SI_ref_17,Pristine SCG biochar,IBU,Synthetic,0.9366107784098637,0.9052809821012687,Bagging,Bagging_1
1170,SI_ref_17,Pristine SCG biochar,IBU,Synthetic,0.7820004901373623,0.8740039374922154,Bagging,Bagging_1
1172,SI_ref_17,Pristine SCG biochar,IBU,Synthetic,0.9276141025756294,0.898008984539284,Bagging,Bagging_1
1174,SI_ref_17,Pristine SCG biochar,IBU,Synthetic,0.918292455911169,0.898008984539284,Bagging,Bagging_1
1176,SI_ref_17,Pristine SCG biochar,IBU,Synthetic,0.9133007565861092,0.898008984539284,Bagging,Bagging_1
1178,SI_ref_17,Pristine SCG biochar,IBU,Synthetic,0.9182483670803396,0.898008984539284,Bagging,Bagging_1
1180,SI_ref_17,Pristine SCG biochar,IBU,Synthetic,0.9167234922708469,0.898008984539284,Bagging,Bagging_1
1182,SI_ref_17,Pristine SCG biochar,IBU,Synthetic,0.9122551436969301,0.898008984539284,Bagging,Bagging_1
1184,SI_ref_17,Pristine SCG biochar,IBU,Synthetic,0.9484982246288517,0.8973236110298991,Bagging,Bagging_1
1186,SI_ref_17,Pristine SCG biochar,IBU,Synthetic,0.893754721851682,0.898008984539284,Bagging,Bagging_1
1188,SI_ref_17,Pristine SCG biochar,IBU,Synthetic,0.8900227639990935,0.898008984539284,Bagging,Bagging_1
1190,SI_ref_17,Pristine SCG biochar,IBU,Synthetic,0.924357415959487,0.898008984539284,Bagging,Bagging_1
1192,SI_ref_17,Pristine SCG biochar,IBU,Synthetic,0.9226237248225028,0.898008984539284,Bagging,Bagging_1
1194,SI_ref_17,Pristine SCG biochar,IBU,Synthetic,0.8857728699803085,0.898008984539284,Bagging,Bagging_1
1254,SI_ref_18,Pristine SCW Biochar,IBU,Secondary effluent,0.9156726978407875,0.9171165723866987,Bagging,Bagging_1
1256,SI_ref_18,Pristine SCW Biochar,IBU,Secondary effluent,0.9079673942368781,0.9131238782478366,Bagging,Bagging_1
1258,SI_ref_18,Pristine SCW Biochar,IBU,Secondary effluent,0.9043236251446873,0.9114747166368999,Bagging,Bagging_1
1260,SI_ref_18,Pristine SCW Biochar,IBU,Secondary effluent,0.9020547983951682,0.9110981379003181,Bagging,Bagging_1
1262,SI_ref_18,Pristine SCW Biochar,IBU,Secondary effluent,0.9004882379050155,0.910523836908408,Bagging,Bagging_1
1264,SI_ref_18,Pristine SCW Biochar,IBU,Secondary effluent,0.897458530238549,0.9101735304797658,Bagging,Bagging_1
1266,SI_ref_18,Pristine SCW Biochar,IBU,Secondary effluent,0.8973424975849196,0.9105422152823921,Bagging,Bagging_1
1267,SI_ref_18,Pristine SCW Biochar,IBU,Secondary effluent,0.8360939688333745,0.9134978805787414,Bagging,Bagging_1
1268,SI_ref_18,Pristine SCW Biochar,IBU,Secondary effluent,0.8984823855966844,0.9134978805787414,Bagging,Bagging_1
1270,SI_ref_18,Pristine SCW Biochar,IBU,Secondary effluent,0.8874692330465712,0.8971858150569466,Bagging,Bagging_1
1272,SI_ref_18,Pristine SCW Biochar,IBU,Secondary effluent,0.9012569556545285,0.9189767401239248,Bagging,Bagging_1
1274,SI_ref_18,Pristine SCW Biochar,IBU,Secondary effluent,0.8992057856547054,0.9134978805787414,Bagging,Bagging_1
1278,SI_ref_18,Pristine SCW Biochar,IBU,Secondary effluent,0.9165018852947014,0.9134978805787414,Bagging,Bagging_1
1282,SI_ref_18,Pristine SCW Biochar,IBU,Secondary effluent,0.9202396860047187,0.9134978805787414,Bagging,Bagging_1
1286,SI_ref_18,Pristine SCW Biochar,IBU,Secondary effluent,0.9152513064761528,0.9134978805787414,Bagging,Bagging_1
1290,SI_ref_18,Pristine SCW Biochar,IBU,Secondary effluent,0.9145713435205399,0.9134978805787414,Bagging,Bagging_1
1294,SI_ref_18,Pristine SCW Biochar,IBU,Secondary effluent,0.9194281493241605,0.9134978805787414,Bagging,Bagging_1
1299,SI_ref_18,Pristine SCW Biochar,IBU,Secondary effluent,0.891903218347585,0.9134978805787414,Bagging,Bagging_1
1301,SI_ref_18,Pristine SCW Biochar,IBU,Secondary effluent,0.9069133641489088,0.9129885709377358,Bagging,Bagging_1
1303,SI_ref_18,Pristine SCW Biochar,IBU,Secondary effluent,0.9145392250293353,0.9137722499964979,Bagging,Bagging_1
1304,SI_ref_18,Pristine SCW Biochar,IBU,Secondary effluent,0.911352956646831,0.9134978805787414,Bagging,Bagging_1
1305,SI_ref_18,Pristine SCW Biochar,IBU,Secondary effluent,0.8992133437264335,0.9134978805787414,Bagging,Bagging_1
1309,SI_ref_18,Pristine SCW Biochar,NPX,Secondary effluent,0.9276600601799115,0.9184464073476807,Bagging,Bagging_1
1311,SI_ref_18,Pristine SCW Biochar,NPX,Secondary effluent,0.9217275625657669,0.914583482704848,Bagging,Bagging_1
1313,SI_ref_18,Pristine SCW Biochar,NPX,Secondary effluent,0.9151672500810683,0.9125806258260747,Bagging,Bagging_1
1315,SI_ref_18,Pristine SCW Biochar,NPX,Secondary effluent,0.914870212237198,0.91212647575478,Bagging,Bagging_1
1317,SI_ref_18,Pristine SCW Biochar,NPX,Secondary effluent,0.9125118045566373,0.911304804502612,Bagging,Bagging_1
1319,SI_ref_18,Pristine SCW Biochar,NPX,Secondary effluent,0.9122370962869346,0.9108505404281163,Bagging,Bagging_1
1321,SI_ref_18,Pristine SCW Biochar,NPX,Secondary effluent,0.9100475600528815,0.9107700830509602,Bagging,Bagging_1
1322,SI_ref_18,Pristine SCW Biochar,NPX,Secondary effluent,0.8724917016408669,0.9121346861651858,Bagging,Bagging_1
1323,SI_ref_18,Pristine SCW Biochar,NPX,Secondary effluent,0.9222871559920565,0.9121346861651858,Bagging,Bagging_1
1325,SI_ref_18,Pristine SCW Biochar,NPX,Secondary effluent,0.8954095327862793,0.89689498512202,Bagging,Bagging_1
1327,SI_ref_18,Pristine SCW Biochar,NPX,Secondary effluent,0.9153416500332668,0.916766036261087,Bagging,Bagging_1
1329,SI_ref_18,Pristine SCW Biochar,NPX,Secondary effluent,0.910898633301941,0.9121346861651858,Bagging,Bagging_1
1331,SI_ref_18,Pristine SCW Biochar,NPX,Secondary effluent,0.9081761980542199,0.9121346861651858,Bagging,Bagging_1
1333,SI_ref_18,Pristine SCW Biochar,NPX,Secondary effluent,0.9126518494691617,0.9121346861651858,Bagging,Bagging_1
1335,SI_ref_18,Pristine SCW Biochar,NPX,Secondary effluent,0.9091665914238204,0.9121346861651858,Bagging,Bagging_1
1337,SI_ref_18,Pristine SCW Biochar,NPX,Secondary effluent,0.9109852392346297,0.9121346861651858,Bagging,Bagging_1
1339,SI_ref_18,Pristine SCW Biochar,NPX,Secondary effluent,0.9170303341534803,0.9121346861651858,Bagging,Bagging_1
1341,SI_ref_18,Pristine SCW Biochar,NPX,Secondary effluent,0.9109021678864493,0.9121346861651858,Bagging,Bagging_1
1343,SI_ref_18,Pristine SCW Biochar,NPX,Secondary effluent,0.9138805167442893,0.9118543434800941,Bagging,Bagging_1
1345,SI_ref_18,Pristine SCW Biochar,NPX,Secondary effluent,0.9200278517039994,0.91274532128001,Bagging,Bagging_1
1346,SI_ref_18,Pristine SCW Biochar,NPX,Secondary effluent,0.9136165317560039,0.9121346861651858,Bagging,Bagging_1
1347,SI_ref_18,Pristine SCW Biochar,NPX,Secondary effluent,0.9038576927569927,0.9121346861651858,Bagging,Bagging_1
189,SI_ref_17,Alkali-modified SCG biochars,IBU,Synthetic,0.6581206763788531,0.4007454393135801,BayesianRidge,BayesianRidge_1
191,SI_ref_17,Alkali-modified SCG biochars,IBU,Synthetic,0.6239833523895453,0.3907515436355705,BayesianRidge,BayesianRidge_1
193,SI_ref_17,Alkali-modified SCG biochars,IBU,Synthetic,0.5119378819344518,0.37469332722173787,BayesianRidge,BayesianRidge_1
195,SI_ref_17,Alkali-modified SCG biochars,IBU,Synthetic,0.4585781550994164,0.36450019538135825,BayesianRidge,BayesianRidge_1
197,SI_ref_17,Alkali-modified SCG biochars,IBU,Synthetic,0.44243948810088646,0.35852734350609794,BayesianRidge,BayesianRidge_1
199,SI_ref_17,Alkali-modified SCG biochars,IBU,Synthetic,0.4544355679658596,0.35428668480673886,BayesianRidge,BayesianRidge_1
201,SI_ref_17,Alkali-modified SCG biochars,IBU,Synthetic,0.39592651561701936,0.3500443220880546,BayesianRidge,BayesianRidge_1
203,SI_ref_17,Alkali-modified SCG biochars,IBU,Synthetic,0.10913541523053398,0.3002011820946438,BayesianRidge,BayesianRidge_1
205,SI_ref_17,Alkali-modified SCG biochars,IBU,Synthetic,0.3052806700714839,0.3440629530649161,BayesianRidge,BayesianRidge_1
207,SI_ref_17,Alkali-modified SCG biochars,IBU,Synthetic,0.4311083753711556,0.3440629530649161,BayesianRidge,BayesianRidge_1
209,SI_ref_17,Alkali-modified SCG biochars,IBU,Synthetic,0.3789894895081609,0.3440629530649161,BayesianRidge,BayesianRidge_1
211,SI_ref_17,Alkali-modified SCG biochars,IBU,Synthetic,0.3304133868875155,0.3440629530649161,BayesianRidge,BayesianRidge_1
213,SI_ref_17,Alkali-modified SCG biochars,IBU,Synthetic,0.33928547446435453,0.3440629530649161,BayesianRidge,BayesianRidge_1
215,SI_ref_17,Alkali-modified SCG biochars,IBU,Synthetic,0.3234505141947598,0.3440629530649161,BayesianRidge,BayesianRidge_1
217,SI_ref_17,Alkali-modified SCG biochars,IBU,Synthetic,0.6889998443034063,0.38792472403518835,BayesianRidge,BayesianRidge_1
219,SI_ref_17,Alkali-modified SCG biochars,IBU,Synthetic,0.1184746430703935,0.3440629530649161,BayesianRidge,BayesianRidge_1
221,SI_ref_17,Alkali-modified SCG biochars,IBU,Synthetic,0.35446182653715885,0.3440629530649161,BayesianRidge,BayesianRidge_1
223,SI_ref_17,Alkali-modified SCG biochars,IBU,Synthetic,0.5365490577861332,0.3440629530649161,BayesianRidge,BayesianRidge_1
225,SI_ref_17,Alkali-modified SCG biochars,IBU,Synthetic,0.5901579894748284,0.3440629530649161,BayesianRidge,BayesianRidge_1
227,SI_ref_17,Alkali-modified SCG biochars,IBU,Synthetic,0.6910697148739985,0.3440629530649161,BayesianRidge,BayesianRidge_1
229,SI_ref_16,C-Biochar,ATE,Synthetic,0.8511111111111113,0.6041511859867418,BayesianRidge,BayesianRidge_1
230,SI_ref_16,C-Biochar,ATE,Synthetic,0.7400000000000001,0.6260820714718779,BayesianRidge,BayesianRidge_1
231,SI_ref_16,C-Biochar,ATE,Synthetic,0.7400000000000001,0.665954391346231,BayesianRidge,BayesianRidge_1
232,SI_ref_16,C-Biochar,ATE,Synthetic,0.7453872053872055,0.648012956957014,BayesianRidge,BayesianRidge_1
233,SI_ref_16,C-Biochar,ATE,Synthetic,0.8733333333333334,0.648012956957014,BayesianRidge,BayesianRidge_1
234,SI_ref_16,C-Biochar,ATE,Synthetic,0.8288888888888891,0.648012956957014,BayesianRidge,BayesianRidge_1
235,SI_ref_16,C-Biochar,ATE,Synthetic,0.8511111111111113,0.648012956957014,BayesianRidge,BayesianRidge_1
236,SI_ref_16,C-Biochar,ATE,Synthetic,0.7844444444444446,0.648012956957014,BayesianRidge,BayesianRidge_1
237,SI_ref_16,C-Biochar,ATE,Synthetic,0.8733333333333334,0.648012956957014,BayesianRidge,BayesianRidge_1
238,SI_ref_16,C-Biochar,ATE,Synthetic,0.6733333333333335,0.630071522567797,BayesianRidge,BayesianRidge_1
239,SI_ref_16,C-Biochar,ATE,Synthetic,0.6511111111111112,0.61213008817858,BayesianRidge,BayesianRidge_1
240,SI_ref_16,C-Biochar,ATE,Synthetic,0.6288888888888889,0.6699438424421501,BayesianRidge,BayesianRidge_1
241,SI_ref_16,C-Biochar,ATE,Synthetic,0.7774074074074075,0.648012956957014,BayesianRidge,BayesianRidge_1
242,SI_ref_16,C-Biochar,ATE,Synthetic,0.7824691358024691,0.648012956957014,BayesianRidge,BayesianRidge_1
243,SI_ref_16,C-Biochar,ATE,Synthetic,0.8257777777777777,0.648012956957014,BayesianRidge,BayesianRidge_1
244,SI_ref_16,C-Biochar,ATE,Synthetic,0.8438888888888889,0.648012956957014,BayesianRidge,BayesianRidge_1
245,SI_ref_16,C-Biochar,ATE,Synthetic,0.8562222222222223,0.648012956957014,BayesianRidge,BayesianRidge_1
263,SI_ref_16,C-Biochar,IBU,Synthetic,0.5333333333333333,0.5803018945555148,BayesianRidge,BayesianRidge_1
264,SI_ref_16,C-Biochar,IBU,Synthetic,0.7333333333333333,0.6022327800406511,BayesianRidge,BayesianRidge_1
265,SI_ref_16,C-Biochar,IBU,Synthetic,0.6000000000000001,0.6421050999150042,BayesianRidge,BayesianRidge_1
266,SI_ref_16,C-Biochar,IBU,Synthetic,0.6121212121212122,0.6241636655257872,BayesianRidge,BayesianRidge_1
267,SI_ref_16,C-Biochar,IBU,Synthetic,0.7333333333333333,0.6241636655257872,BayesianRidge,BayesianRidge_1
268,SI_ref_16,C-Biochar,IBU,Synthetic,0.5333333333333333,0.6241636655257872,BayesianRidge,BayesianRidge_1
269,SI_ref_16,C-Biochar,IBU,Synthetic,0.4666666666666666,0.6241636655257872,BayesianRidge,BayesianRidge_1
270,SI_ref_16,C-Biochar,IBU,Synthetic,0.5555555555555556,0.6241636655257872,BayesianRidge,BayesianRidge_1
271,SI_ref_16,C-Biochar,IBU,Synthetic,0.6000000000000001,0.6241636655257872,BayesianRidge,BayesianRidge_1
272,SI_ref_16,C-Biochar,IBU,Synthetic,0.6000000000000001,0.6062222311365701,BayesianRidge,BayesianRidge_1
273,SI_ref_16,C-Biochar,IBU,Synthetic,0.6000000000000001,0.5882807967473531,BayesianRidge,BayesianRidge_1
274,SI_ref_16,C-Biochar,IBU,Synthetic,1.0666666666666667,0.6460945510109233,BayesianRidge,BayesianRidge_1
275,SI_ref_16,C-Biochar,IBU,Synthetic,0.5277777777777777,0.6241636655257872,BayesianRidge,BayesianRidge_1
276,SI_ref_16,C-Biochar,IBU,Synthetic,0.7,0.6241636655257872,BayesianRidge,BayesianRidge_1
277,SI_ref_16,C-Biochar,IBU,Synthetic,0.7844444444444444,0.6241636655257872,BayesianRidge,BayesianRidge_1
278,SI_ref_16,C-Biochar,IBU,Synthetic,0.8430555555555557,0.6241636655257872,BayesianRidge,BayesianRidge_1
279,SI_ref_16,C-Biochar,IBU,Synthetic,0.861111111111111,0.6241636655257872,BayesianRidge,BayesianRidge_1
354,SI_ref_14,GCRB,DIU,Synthetic,0.983291565929579,1.0720657117324197,BayesianRidge,BayesianRidge_1
355,SI_ref_14,GCRB,DIU,Synthetic,0.9782739977994132,1.06207181605441,BayesianRidge,BayesianRidge_1
356,SI_ref_14,GCRB,DIU,Synthetic,0.9708791324637501,1.0519593610897524,BayesianRidge,BayesianRidge_1
357,SI_ref_14,GCRB,DIU,Synthetic,0.964507517643233,1.0417865236382562,BayesianRidge,BayesianRidge_1
358,SI_ref_14,GCRB,DIU,Synthetic,0.960647920928618,1.0315832130079654,BayesianRidge,BayesianRidge_1
359,SI_ref_14,GCRB,DIU,Synthetic,0.9584857336381704,1.0256069572255786,BayesianRidge,BayesianRidge_1
360,SI_ref_14,GCRB,DIU,Synthetic,0.9536869714697045,1.021364594506894,BayesianRidge,BayesianRidge_1
361,SI_ref_14,GCRB,DIU,Synthetic,0.9291396445453227,0.9715214545134835,BayesianRidge,BayesianRidge_1
362,SI_ref_14,GCRB,DIU,Synthetic,0.9775416982957918,1.0333246598729726,BayesianRidge,BayesianRidge_1
363,SI_ref_14,GCRB,DIU,Synthetic,0.9527369648004039,1.0153832254837556,BayesianRidge,BayesianRidge_1
364,SI_ref_14,GCRB,DIU,Synthetic,0.9478201604463821,1.0153832254837556,BayesianRidge,BayesianRidge_1
365,SI_ref_14,GCRB,DIU,Synthetic,0.9265327424413893,1.0153832254837556,BayesianRidge,BayesianRidge_1
366,SI_ref_14,GCRB,DIU,Synthetic,0.9253239651903417,1.0153832254837556,BayesianRidge,BayesianRidge_1
367,SI_ref_14,GCRB,DIU,Synthetic,0.9238760352548926,1.0153832254837556,BayesianRidge,BayesianRidge_1
368,SI_ref_14,GCRB,DIU,Synthetic,0.9417552695951205,0.9974417910945387,BayesianRidge,BayesianRidge_1
369,SI_ref_14,GCRB,DIU,Synthetic,0.9147016410628197,0.9974417910945387,BayesianRidge,BayesianRidge_1
370,SI_ref_14,GCRB,DIU,Synthetic,0.9192051981667979,1.0592449964540278,BayesianRidge,BayesianRidge_1
371,SI_ref_14,GCRB,DIU,Synthetic,0.9535021691371877,1.0153832254837556,BayesianRidge,BayesianRidge_1
372,SI_ref_14,GCRB,DIU,Synthetic,0.9661748102299111,1.0153832254837556,BayesianRidge,BayesianRidge_1
373,SI_ref_14,GCRB,DIU,Synthetic,1.0173780045422414,1.0153832254837556,BayesianRidge,BayesianRidge_1
374,SI_ref_14,GCRB,DIU,Synthetic,1.0082496176169822,1.0153832254837556,BayesianRidge,BayesianRidge_1
375,SI_ref_14,GCRB,DIU,Synthetic,0.9496862840784065,1.0153832254837556,BayesianRidge,BayesianRidge_1
439,SI_ref_14,GCRB-N,DIU,Synthetic,0.6654043880576614,0.5562997621201722,BayesianRidge,BayesianRidge_1
440,SI_ref_14,GCRB-N,DIU,Synthetic,0.5844535743219663,0.5463058664421627,BayesianRidge,BayesianRidge_1
441,SI_ref_14,GCRB-N,DIU,Synthetic,0.5079200907404222,0.5361934114775049,BayesianRidge,BayesianRidge_1
442,SI_ref_14,GCRB-N,DIU,Synthetic,0.37854626102465844,0.5260205740260087,BayesianRidge,BayesianRidge_1
443,SI_ref_14,GCRB-N,DIU,Synthetic,0.26690125827656935,0.5158172633957179,BayesianRidge,BayesianRidge_1
444,SI_ref_14,GCRB-N,DIU,Synthetic,0.2332409918272794,0.5098410076133311,BayesianRidge,BayesianRidge_1
445,SI_ref_14,GCRB-N,DIU,Synthetic,0.1951305004086504,0.5055986448946467,BayesianRidge,BayesianRidge_1
446,SI_ref_14,GCRB-N,DIU,Synthetic,0.2075726875081201,0.45575550490123595,BayesianRidge,BayesianRidge_1
447,SI_ref_14,GCRB-N,DIU,Synthetic,0.26826652394124667,0.5175587102607253,BayesianRidge,BayesianRidge_1
448,SI_ref_14,GCRB-N,DIU,Synthetic,0.1819381767074788,0.4996172758715083,BayesianRidge,BayesianRidge_1
449,SI_ref_14,GCRB-N,DIU,Synthetic,0.15093015054787579,0.48167584148229126,BayesianRidge,BayesianRidge_1
450,SI_ref_14,GCRB-N,DIU,Synthetic,0.1736169508150928,0.48167584148229126,BayesianRidge,BayesianRidge_1
451,SI_ref_14,GCRB-N,DIU,Synthetic,0.16382165003373128,0.5434790468417805,BayesianRidge,BayesianRidge_1
452,SI_ref_14,GCRB-N,DIU,Synthetic,0.1932052297084895,0.4996172758715083,BayesianRidge,BayesianRidge_1
453,SI_ref_14,GCRB-N,DIU,Synthetic,0.1683505359330984,0.49960703341266677,BayesianRidge,BayesianRidge_1
454,SI_ref_14,GCRB-N,DIU,Synthetic,0.1647692025710552,0.4995967980543172,BayesianRidge,BayesianRidge_1
455,SI_ref_14,GCRB-N,DIU,Synthetic,0.3384549122360595,0.4995967980543172,BayesianRidge,BayesianRidge_1
456,SI_ref_14,GCRB-N,DIU,Synthetic,0.1402528461142079,0.4995865697866218,BayesianRidge,BayesianRidge_1
457,SI_ref_14,GCRB-N,DIU,Synthetic,0.5187315058108145,0.4995865697866218,BayesianRidge,BayesianRidge_1
458,SI_ref_14,GCRB-N,DIU,Synthetic,0.12629127082807837,0.49957634859976296,BayesianRidge,BayesianRidge_1
459,SI_ref_14,GCRB-N,DIU,Synthetic,0.6455190877003087,0.49957634859976296,BayesianRidge,BayesianRidge_1
460,SI_ref_14,GCRB-N,DIU,Synthetic,0.12138562309836234,0.4995661344839437,BayesianRidge,BayesianRidge_1
461,SI_ref_14,GCRB-N,DIU,Synthetic,0.6666027581171994,0.4995661344839437,BayesianRidge,BayesianRidge_1
462,SI_ref_14,GCRB-N,DIU,Synthetic,0.16773925939532233,0.49955592742938726,BayesianRidge,BayesianRidge_1
463,SI_ref_14,GCRB-N,DIU,Synthetic,0.15967117649899737,0.4995457274263371,BayesianRidge,BayesianRidge_1
464,SI_ref_14,GCRB-N,DIU,Synthetic,0.27418422723714847,0.4995457274263371,BayesianRidge,BayesianRidge_1
465,SI_ref_14,GCRB-N,DIU,Synthetic,0.1405827183894587,0.499535534465057,BayesianRidge,BayesianRidge_1
466,SI_ref_14,GCRB-N,DIU,Synthetic,0.5605758859577746,0.499535534465057,BayesianRidge,BayesianRidge_1
467,SI_ref_14,GCRB-N,DIU,Synthetic,0.13173953864692908,0.49952534853583075,BayesianRidge,BayesianRidge_1
468,SI_ref_14,GCRB-N,DIU,Synthetic,0.6564705601884918,0.49952534853583075,BayesianRidge,BayesianRidge_1
469,SI_ref_14,GCRB-N,DIU,Synthetic,0.12617131727344172,0.49951516962896225,BayesianRidge,BayesianRidge_1
470,SI_ref_14,GCRB-N,DIU,Synthetic,0.6552893507455957,0.49951516962896225,BayesianRidge,BayesianRidge_1
471,SI_ref_14,GCRB-N,DIU,Synthetic,0.1676281074261493,0.49950499773477564,BayesianRidge,BayesianRidge_1
472,SI_ref_14,GCRB-N,DIU,Synthetic,0.1622201895350263,0.49949483284361484,BayesianRidge,BayesianRidge_1
473,SI_ref_14,GCRB-N,DIU,Synthetic,0.31928006415696586,0.49949483284361484,BayesianRidge,BayesianRidge_1
474,SI_ref_14,GCRB-N,DIU,Synthetic,0.14041778225183332,0.4994846749458438,BayesianRidge,BayesianRidge_1
475,SI_ref_14,GCRB-N,DIU,Synthetic,0.5410485473017326,0.4994846749458438,BayesianRidge,BayesianRidge_1
476,SI_ref_14,GCRB-N,DIU,Synthetic,0.12901540473750372,0.4994745240318462,BayesianRidge,BayesianRidge_1
477,SI_ref_14,GCRB-N,DIU,Synthetic,0.6413243626564091,0.4994745240318462,BayesianRidge,BayesianRidge_1
478,SI_ref_14,GCRB-N,DIU,Synthetic,0.12377847018590202,0.49946438009202576,BayesianRidge,BayesianRidge_1
479,SI_ref_14,GCRB-N,DIU,Synthetic,0.665837914589971,0.49946438009202576,BayesianRidge,BayesianRidge_1
699,SI_ref_18,NaOH-activated SCW biochars,IBU,Secondary effluent,0.8098199350756726,0.56086633777127,BayesianRidge,BayesianRidge_1
701,SI_ref_18,NaOH-activated SCW biochars,IBU,Secondary effluent,0.7485969905050348,0.5508724420932605,BayesianRidge,BayesianRidge_1
703,SI_ref_18,NaOH-activated SCW biochars,IBU,Secondary effluent,0.6850179499229786,0.5407599871286026,BayesianRidge,BayesianRidge_1
705,SI_ref_18,NaOH-activated SCW biochars,IBU,Secondary effluent,0.6861011679416551,0.5305871496771065,BayesianRidge,BayesianRidge_1
707,SI_ref_18,NaOH-activated SCW biochars,IBU,Secondary effluent,0.6799185617433835,0.5203838390468157,BayesianRidge,BayesianRidge_1
709,SI_ref_18,NaOH-activated SCW biochars,IBU,Secondary effluent,0.6765813990931481,0.5144075832644288,BayesianRidge,BayesianRidge_1
711,SI_ref_18,NaOH-activated SCW biochars,IBU,Secondary effluent,0.6777803451607008,0.5101652205457445,BayesianRidge,BayesianRidge_1
713,SI_ref_18,NaOH-activated SCW biochars,IBU,Secondary effluent,0.19946424836974086,0.504183851522606,BayesianRidge,BayesianRidge_1
715,SI_ref_18,NaOH-activated SCW biochars,IBU,Secondary effluent,0.45728603839109744,0.504183851522606,BayesianRidge,BayesianRidge_1
717,SI_ref_18,NaOH-activated SCW biochars,IBU,Secondary effluent,0.5431517029603264,0.4822529660374698,BayesianRidge,BayesianRidge_1
719,SI_ref_18,NaOH-activated SCW biochars,IBU,Secondary effluent,0.6932620426015607,0.522125285911823,BayesianRidge,BayesianRidge_1
721,SI_ref_18,NaOH-activated SCW biochars,IBU,Secondary effluent,0.675113405421536,0.504183851522606,BayesianRidge,BayesianRidge_1
725,SI_ref_18,NaOH-activated SCW biochars,IBU,Secondary effluent,0.6458796718925713,0.504183851522606,BayesianRidge,BayesianRidge_1
729,SI_ref_18,NaOH-activated SCW biochars,IBU,Secondary effluent,0.6230174196820357,0.504183851522606,BayesianRidge,BayesianRidge_1
733,SI_ref_18,NaOH-activated SCW biochars,IBU,Secondary effluent,0.6232264558664639,0.504183851522606,BayesianRidge,BayesianRidge_1
737,SI_ref_18,NaOH-activated SCW biochars,IBU,Secondary effluent,0.6321330290401536,0.504183851522606,BayesianRidge,BayesianRidge_1
741,SI_ref_18,NaOH-activated SCW biochars,IBU,Secondary effluent,0.6274964829882473,0.504183851522606,BayesianRidge,BayesianRidge_1
746,SI_ref_18,NaOH-activated SCW biochars,IBU,Secondary effluent,0.6482993087024828,0.48624241713338895,BayesianRidge,BayesianRidge_1
748,SI_ref_18,NaOH-activated SCW biochars,IBU,Secondary effluent,0.7478636767346728,0.5261147370077421,BayesianRidge,BayesianRidge_1
750,SI_ref_18,NaOH-activated SCW biochars,IBU,Secondary effluent,0.811827151849907,0.5480456224928782,BayesianRidge,BayesianRidge_1
752,SI_ref_18,NaOH-activated SCW biochars,IBU,Secondary effluent,0.7252319435730717,0.504183851522606,BayesianRidge,BayesianRidge_1
754,SI_ref_18,NaOH-activated SCW biochars,IBU,Secondary effluent,0.7786423949758233,0.504183851522606,BayesianRidge,BayesianRidge_1
758,SI_ref_18,NaOH-activated SCW biochars,NPX,Secondary effluent,0.5521972966156422,0.27723650824881524,BayesianRidge,BayesianRidge_1
760,SI_ref_18,NaOH-activated SCW biochars,NPX,Secondary effluent,0.4814245289032641,0.26724261257080567,BayesianRidge,BayesianRidge_1
762,SI_ref_18,NaOH-activated SCW biochars,NPX,Secondary effluent,0.34455951981715066,0.25713015760614794,BayesianRidge,BayesianRidge_1
764,SI_ref_18,NaOH-activated SCW biochars,NPX,Secondary effluent,0.2493517679350271,0.24695732015465172,BayesianRidge,BayesianRidge_1
766,SI_ref_18,NaOH-activated SCW biochars,NPX,Secondary effluent,0.16764900163614713,0.236754009524361,BayesianRidge,BayesianRidge_1
768,SI_ref_18,NaOH-activated SCW biochars,NPX,Secondary effluent,0.12846350911521487,0.23077775374197407,BayesianRidge,BayesianRidge_1
770,SI_ref_18,NaOH-activated SCW biochars,NPX,Secondary effluent,0.12873702561203082,0.2265353910232898,BayesianRidge,BayesianRidge_1
772,SI_ref_18,NaOH-activated SCW biochars,NPX,Secondary effluent,0.026110640989477824,0.22055402200015128,BayesianRidge,BayesianRidge_1
774,SI_ref_18,NaOH-activated SCW biochars,NPX,Secondary effluent,0.054870517105304405,0.22055402200015128,BayesianRidge,BayesianRidge_1
776,SI_ref_18,NaOH-activated SCW biochars,NPX,Secondary effluent,0.048092629555703405,0.19862313651501518,BayesianRidge,BayesianRidge_1
778,SI_ref_18,NaOH-activated SCW biochars,NPX,Secondary effluent,0.16521082834331338,0.2384954563893683,BayesianRidge,BayesianRidge_1
780,SI_ref_18,NaOH-activated SCW biochars,NPX,Secondary effluent,0.11864589305153721,0.22055402200015128,BayesianRidge,BayesianRidge_1
782,SI_ref_18,NaOH-activated SCW biochars,NPX,Secondary effluent,0.10983576367726838,0.22055402200015128,BayesianRidge,BayesianRidge_1
784,SI_ref_18,NaOH-activated SCW biochars,NPX,Secondary effluent,0.10668866579384965,0.22055402200015128,BayesianRidge,BayesianRidge_1
786,SI_ref_18,NaOH-activated SCW biochars,NPX,Secondary effluent,0.08538292965546301,0.22055402200015128,BayesianRidge,BayesianRidge_1
788,SI_ref_18,NaOH-activated SCW biochars,NPX,Secondary effluent,0.09141898602740345,0.22055402200015128,BayesianRidge,BayesianRidge_1
790,SI_ref_18,NaOH-activated SCW biochars,NPX,Secondary effluent,0.11725913824368146,0.22055402200015128,BayesianRidge,BayesianRidge_1
792,SI_ref_18,NaOH-activated SCW biochars,NPX,Secondary effluent,0.10630651659643675,0.20261258761093426,BayesianRidge,BayesianRidge_1
794,SI_ref_18,NaOH-activated SCW biochars,NPX,Secondary effluent,0.2275589654025283,0.2424849074852874,BayesianRidge,BayesianRidge_1
796,SI_ref_18,NaOH-activated SCW biochars,NPX,Secondary effluent,0.27043202483921047,0.2644157929704235,BayesianRidge,BayesianRidge_1
798,SI_ref_18,NaOH-activated SCW biochars,NPX,Secondary effluent,0.15082313311850198,0.22055402200015128,BayesianRidge,BayesianRidge_1
800,SI_ref_18,NaOH-activated SCW biochars,NPX,Secondary effluent,0.24701864815812044,0.22055402200015128,BayesianRidge,BayesianRidge_1
1156,SI_ref_17,Pristine SCG biochar,IBU,Synthetic,0.9684057270887299,1.0115439908627946,BayesianRidge,BayesianRidge_1
1158,SI_ref_17,Pristine SCG biochar,IBU,Synthetic,0.964180236157731,1.001550095184785,BayesianRidge,BayesianRidge_1
1160,SI_ref_17,Pristine SCG biochar,IBU,Synthetic,0.9598191197252507,0.9854918787709523,BayesianRidge,BayesianRidge_1
1162,SI_ref_17,Pristine SCG biochar,IBU,Synthetic,0.9580437721935793,0.9752987469305727,BayesianRidge,BayesianRidge_1
1164,SI_ref_17,Pristine SCG biochar,IBU,Synthetic,0.9425460946241216,0.9693258950553124,BayesianRidge,BayesianRidge_1
1166,SI_ref_17,Pristine SCG biochar,IBU,Synthetic,0.9402369906408686,0.9650852363559534,BayesianRidge,BayesianRidge_1
1168,SI_ref_17,Pristine SCG biochar,IBU,Synthetic,0.9366107784098637,0.9608428736372691,BayesianRidge,BayesianRidge_1
1170,SI_ref_17,Pristine SCG biochar,IBU,Synthetic,0.7820004901373623,0.9109997336438582,BayesianRidge,BayesianRidge_1
1172,SI_ref_17,Pristine SCG biochar,IBU,Synthetic,0.9276141025756294,0.9548615046141306,BayesianRidge,BayesianRidge_1
1174,SI_ref_17,Pristine SCG biochar,IBU,Synthetic,0.918292455911169,0.9548615046141306,BayesianRidge,BayesianRidge_1
1176,SI_ref_17,Pristine SCG biochar,IBU,Synthetic,0.9133007565861092,0.9548615046141306,BayesianRidge,BayesianRidge_1
1178,SI_ref_17,Pristine SCG biochar,IBU,Synthetic,0.9182483670803396,0.9548615046141306,BayesianRidge,BayesianRidge_1
1180,SI_ref_17,Pristine SCG biochar,IBU,Synthetic,0.9167234922708469,0.9548615046141306,BayesianRidge,BayesianRidge_1
1182,SI_ref_17,Pristine SCG biochar,IBU,Synthetic,0.9122551436969301,0.9548615046141306,BayesianRidge,BayesianRidge_1
1184,SI_ref_17,Pristine SCG biochar,IBU,Synthetic,0.9484982246288517,0.9987232755844028,BayesianRidge,BayesianRidge_1
1186,SI_ref_17,Pristine SCG biochar,IBU,Synthetic,0.893754721851682,0.9548615046141306,BayesianRidge,BayesianRidge_1
1188,SI_ref_17,Pristine SCG biochar,IBU,Synthetic,0.8900227639990935,0.9548615046141306,BayesianRidge,BayesianRidge_1
1190,SI_ref_17,Pristine SCG biochar,IBU,Synthetic,0.924357415959487,0.9548615046141306,BayesianRidge,BayesianRidge_1
1192,SI_ref_17,Pristine SCG biochar,IBU,Synthetic,0.9226237248225028,0.9548615046141306,BayesianRidge,BayesianRidge_1
1194,SI_ref_17,Pristine SCG biochar,IBU,Synthetic,0.8857728699803085,0.9548615046141306,BayesianRidge,BayesianRidge_1
1254,SI_ref_18,Pristine SCW Biochar,IBU,Secondary effluent,0.9156726978407875,1.1422007102815925,BayesianRidge,BayesianRidge_1
1256,SI_ref_18,Pristine SCW Biochar,IBU,Secondary effluent,0.9079673942368781,1.132206814603583,BayesianRidge,BayesianRidge_1
1258,SI_ref_18,Pristine SCW Biochar,IBU,Secondary effluent,0.9043236251446873,1.1220943596389252,BayesianRidge,BayesianRidge_1
1260,SI_ref_18,Pristine SCW Biochar,IBU,Secondary effluent,0.9020547983951682,1.111921522187429,BayesianRidge,BayesianRidge_1
1262,SI_ref_18,Pristine SCW Biochar,IBU,Secondary effluent,0.9004882379050155,1.1017182115571382,BayesianRidge,BayesianRidge_1
1264,SI_ref_18,Pristine SCW Biochar,IBU,Secondary effluent,0.897458530238549,1.0957419557747514,BayesianRidge,BayesianRidge_1
1266,SI_ref_18,Pristine SCW Biochar,IBU,Secondary effluent,0.8973424975849196,1.0914995930560671,BayesianRidge,BayesianRidge_1
1267,SI_ref_18,Pristine SCW Biochar,IBU,Secondary effluent,0.8360939688333745,1.0855182240329286,BayesianRidge,BayesianRidge_1
1268,SI_ref_18,Pristine SCW Biochar,IBU,Secondary effluent,0.8984823855966844,1.0855182240329286,BayesianRidge,BayesianRidge_1
1270,SI_ref_18,Pristine SCW Biochar,IBU,Secondary effluent,0.8874692330465712,1.0635873385477925,BayesianRidge,BayesianRidge_1
1272,SI_ref_18,Pristine SCW Biochar,IBU,Secondary effluent,0.9012569556545285,1.1034596584221457,BayesianRidge,BayesianRidge_1
1274,SI_ref_18,Pristine SCW Biochar,IBU,Secondary effluent,0.8992057856547054,1.0855182240329286,BayesianRidge,BayesianRidge_1
1278,SI_ref_18,Pristine SCW Biochar,IBU,Secondary effluent,0.9165018852947014,1.0855182240329286,BayesianRidge,BayesianRidge_1
1282,SI_ref_18,Pristine SCW Biochar,IBU,Secondary effluent,0.9202396860047187,1.0855182240329286,BayesianRidge,BayesianRidge_1
1286,SI_ref_18,Pristine SCW Biochar,IBU,Secondary effluent,0.9152513064761528,1.0855182240329286,BayesianRidge,BayesianRidge_1
1290,SI_ref_18,Pristine SCW Biochar,IBU,Secondary effluent,0.9145713435205399,1.0855182240329286,BayesianRidge,BayesianRidge_1
1294,SI_ref_18,Pristine SCW Biochar,IBU,Secondary effluent,0.9194281493241605,1.0855182240329286,BayesianRidge,BayesianRidge_1
1299,SI_ref_18,Pristine SCW Biochar,IBU,Secondary effluent,0.891903218347585,1.0675767896437116,BayesianRidge,BayesianRidge_1
1301,SI_ref_18,Pristine SCW Biochar,IBU,Secondary effluent,0.9069133641489088,1.1074491095180647,BayesianRidge,BayesianRidge_1
1303,SI_ref_18,Pristine SCW Biochar,IBU,Secondary effluent,0.9145392250293353,1.1293799950032009,BayesianRidge,BayesianRidge_1
1304,SI_ref_18,Pristine SCW Biochar,IBU,Secondary effluent,0.911352956646831,1.0855182240329286,BayesianRidge,BayesianRidge_1
1305,SI_ref_18,Pristine SCW Biochar,IBU,Secondary effluent,0.8992133437264335,1.0855182240329286,BayesianRidge,BayesianRidge_1
1309,SI_ref_18,Pristine SCW Biochar,NPX,Secondary effluent,0.9276600601799115,0.8585708807591379,BayesianRidge,BayesianRidge_1
1311,SI_ref_18,Pristine SCW Biochar,NPX,Secondary effluent,0.9217275625657669,0.8485769850811284,BayesianRidge,BayesianRidge_1
1313,SI_ref_18,Pristine SCW Biochar,NPX,Secondary effluent,0.9151672500810683,0.8384645301164706,BayesianRidge,BayesianRidge_1
1315,SI_ref_18,Pristine SCW Biochar,NPX,Secondary effluent,0.914870212237198,0.8282916926649744,BayesianRidge,BayesianRidge_1
1317,SI_ref_18,Pristine SCW Biochar,NPX,Secondary effluent,0.9125118045566373,0.8180883820346836,BayesianRidge,BayesianRidge_1
1319,SI_ref_18,Pristine SCW Biochar,NPX,Secondary effluent,0.9122370962869346,0.8121121262522968,BayesianRidge,BayesianRidge_1
1321,SI_ref_18,Pristine SCW Biochar,NPX,Secondary effluent,0.9100475600528815,0.8078697635336124,BayesianRidge,BayesianRidge_1
1322,SI_ref_18,Pristine SCW Biochar,NPX,Secondary effluent,0.8724917016408669,0.801888394510474,BayesianRidge,BayesianRidge_1
1323,SI_ref_18,Pristine SCW Biochar,NPX,Secondary effluent,0.9222871559920565,0.801888394510474,BayesianRidge,BayesianRidge_1
1325,SI_ref_18,Pristine SCW Biochar,NPX,Secondary effluent,0.8954095327862793,0.7799575090253378,BayesianRidge,BayesianRidge_1
1327,SI_ref_18,Pristine SCW Biochar,NPX,Secondary effluent,0.9153416500332668,0.8198298288996909,BayesianRidge,BayesianRidge_1
1329,SI_ref_18,Pristine SCW Biochar,NPX,Secondary effluent,0.910898633301941,0.801888394510474,BayesianRidge,BayesianRidge_1
1331,SI_ref_18,Pristine SCW Biochar,NPX,Secondary effluent,0.9081761980542199,0.801888394510474,BayesianRidge,BayesianRidge_1
1333,SI_ref_18,Pristine SCW Biochar,NPX,Secondary effluent,0.9126518494691617,0.801888394510474,BayesianRidge,BayesianRidge_1
1335,SI_ref_18,Pristine SCW Biochar,NPX,Secondary effluent,0.9091665914238204,0.801888394510474,BayesianRidge,BayesianRidge_1
1337,SI_ref_18,Pristine SCW Biochar,NPX,Secondary effluent,0.9109852392346297,0.801888394510474,BayesianRidge,BayesianRidge_1
1339,SI_ref_18,Pristine SCW Biochar,NPX,Secondary effluent,0.9170303341534803,0.801888394510474,BayesianRidge,BayesianRidge_1
1341,SI_ref_18,Pristine SCW Biochar,NPX,Secondary effluent,0.9109021678864493,0.783946960121257,BayesianRidge,BayesianRidge_1
1343,SI_ref_18,Pristine SCW Biochar,NPX,Secondary effluent,0.9138805167442893,0.8238192799956101,BayesianRidge,BayesianRidge_1
1345,SI_ref_18,Pristine SCW Biochar,NPX,Secondary effluent,0.9200278517039994,0.8457501654807462,BayesianRidge,BayesianRidge_1
1346,SI_ref_18,Pristine SCW Biochar,NPX,Secondary effluent,0.9136165317560039,0.801888394510474,BayesianRidge,BayesianRidge_1
1347,SI_ref_18,Pristine SCW Biochar,NPX,Secondary effluent,0.9038576927569927,0.8018883945104739,BayesianRidge,BayesianRidge_1
189,SI_ref_17,Alkali-modified SCG biochars,IBU,Synthetic,0.6581206763788531,0.33758959237895214,CatBoost,CatBoost_1
191,SI_ref_17,Alkali-modified SCG biochars,IBU,Synthetic,0.6239833523895453,0.29904910525604966,CatBoost,CatBoost_1
193,SI_ref_17,Alkali-modified SCG biochars,IBU,Synthetic,0.5119378819344518,0.21676417774071988,CatBoost,CatBoost_1
195,SI_ref_17,Alkali-modified SCG biochars,IBU,Synthetic,0.4585781550994164,0.21301059451509863,CatBoost,CatBoost_1
197,SI_ref_17,Alkali-modified SCG biochars,IBU,Synthetic,0.44243948810088646,0.21036101791181772,CatBoost,CatBoost_1
199,SI_ref_17,Alkali-modified SCG biochars,IBU,Synthetic,0.4544355679658596,0.21036101791181772,CatBoost,CatBoost_1
201,SI_ref_17,Alkali-modified SCG biochars,IBU,Synthetic,0.39592651561701936,0.21036101791181772,CatBoost,CatBoost_1
203,SI_ref_17,Alkali-modified SCG biochars,IBU,Synthetic,0.10913541523053398,0.19936874511153557,CatBoost,CatBoost_1
205,SI_ref_17,Alkali-modified SCG biochars,IBU,Synthetic,0.3052806700714839,0.29616590296516176,CatBoost,CatBoost_1
207,SI_ref_17,Alkali-modified SCG biochars,IBU,Synthetic,0.4311083753711556,0.29616590296516176,CatBoost,CatBoost_1
209,SI_ref_17,Alkali-modified SCG biochars,IBU,Synthetic,0.3789894895081609,0.29616590296516176,CatBoost,CatBoost_1
211,SI_ref_17,Alkali-modified SCG biochars,IBU,Synthetic,0.3304133868875155,0.29616590296516176,CatBoost,CatBoost_1
213,SI_ref_17,Alkali-modified SCG biochars,IBU,Synthetic,0.33928547446435453,0.29616590296516176,CatBoost,CatBoost_1
215,SI_ref_17,Alkali-modified SCG biochars,IBU,Synthetic,0.3234505141947598,0.29616590296516176,CatBoost,CatBoost_1
217,SI_ref_17,Alkali-modified SCG biochars,IBU,Synthetic,0.6889998443034063,0.28205143842386937,CatBoost,CatBoost_1
219,SI_ref_17,Alkali-modified SCG biochars,IBU,Synthetic,0.1184746430703935,0.29616590296516176,CatBoost,CatBoost_1
221,SI_ref_17,Alkali-modified SCG biochars,IBU,Synthetic,0.35446182653715885,0.29616590296516176,CatBoost,CatBoost_1
223,SI_ref_17,Alkali-modified SCG biochars,IBU,Synthetic,0.5365490577861332,0.29616590296516176,CatBoost,CatBoost_1
225,SI_ref_17,Alkali-modified SCG biochars,IBU,Synthetic,0.5901579894748284,0.29616590296516176,CatBoost,CatBoost_1
227,SI_ref_17,Alkali-modified SCG biochars,IBU,Synthetic,0.6910697148739985,0.29616590296516176,CatBoost,CatBoost_1
229,SI_ref_16,C-Biochar,ATE,Synthetic,0.8511111111111113,0.534924835761525,CatBoost,CatBoost_1
230,SI_ref_16,C-Biochar,ATE,Synthetic,0.7400000000000001,0.5322278592609022,CatBoost,CatBoost_1
231,SI_ref_16,C-Biochar,ATE,Synthetic,0.7400000000000001,0.6168160980422481,CatBoost,CatBoost_1
232,SI_ref_16,C-Biochar,ATE,Synthetic,0.7453872053872055,0.5959354713165836,CatBoost,CatBoost_1
233,SI_ref_16,C-Biochar,ATE,Synthetic,0.8733333333333334,0.5959354713165836,CatBoost,CatBoost_1
234,SI_ref_16,C-Biochar,ATE,Synthetic,0.8288888888888891,0.5959354713165836,CatBoost,CatBoost_1
235,SI_ref_16,C-Biochar,ATE,Synthetic,0.8511111111111113,0.5959354713165836,CatBoost,CatBoost_1
236,SI_ref_16,C-Biochar,ATE,Synthetic,0.7844444444444446,0.5959354713165836,CatBoost,CatBoost_1
237,SI_ref_16,C-Biochar,ATE,Synthetic,0.8733333333333334,0.5959354713165836,CatBoost,CatBoost_1
238,SI_ref_16,C-Biochar,ATE,Synthetic,0.6733333333333335,0.5840195195682997,CatBoost,CatBoost_1
239,SI_ref_16,C-Biochar,ATE,Synthetic,0.6511111111111112,0.5665266725687284,CatBoost,CatBoost_1
240,SI_ref_16,C-Biochar,ATE,Synthetic,0.6288888888888889,0.5982374165816351,CatBoost,CatBoost_1
241,SI_ref_16,C-Biochar,ATE,Synthetic,0.7774074074074075,0.5959354713165836,CatBoost,CatBoost_1
242,SI_ref_16,C-Biochar,ATE,Synthetic,0.7824691358024691,0.5959354713165836,CatBoost,CatBoost_1
243,SI_ref_16,C-Biochar,ATE,Synthetic,0.8257777777777777,0.5959354713165836,CatBoost,CatBoost_1
244,SI_ref_16,C-Biochar,ATE,Synthetic,0.8438888888888889,0.5959354713165836,CatBoost,CatBoost_1
245,SI_ref_16,C-Biochar,ATE,Synthetic,0.8562222222222223,0.5959354713165836,CatBoost,CatBoost_1
263,SI_ref_16,C-Biochar,IBU,Synthetic,0.5333333333333333,0.5566880352250824,CatBoost,CatBoost_1
264,SI_ref_16,C-Biochar,IBU,Synthetic,0.7333333333333333,0.5539910587244596,CatBoost,CatBoost_1
265,SI_ref_16,C-Biochar,IBU,Synthetic,0.6000000000000001,0.6385792975058054,CatBoost,CatBoost_1
266,SI_ref_16,C-Biochar,IBU,Synthetic,0.6121212121212122,0.6176986707801411,CatBoost,CatBoost_1
267,SI_ref_16,C-Biochar,IBU,Synthetic,0.7333333333333333,0.6176986707801411,CatBoost,CatBoost_1
268,SI_ref_16,C-Biochar,IBU,Synthetic,0.5333333333333333,0.6176986707801411,CatBoost,CatBoost_1
269,SI_ref_16,C-Biochar,IBU,Synthetic,0.4666666666666666,0.6176986707801411,CatBoost,CatBoost_1
270,SI_ref_16,C-Biochar,IBU,Synthetic,0.5555555555555556,0.6176986707801411,CatBoost,CatBoost_1
271,SI_ref_16,C-Biochar,IBU,Synthetic,0.6000000000000001,0.6176986707801411,CatBoost,CatBoost_1
272,SI_ref_16,C-Biochar,IBU,Synthetic,0.6000000000000001,0.6077161085931976,CatBoost,CatBoost_1
273,SI_ref_16,C-Biochar,IBU,Synthetic,0.6000000000000001,0.5902232615936261,CatBoost,CatBoost_1
274,SI_ref_16,C-Biochar,IBU,Synthetic,1.0666666666666667,0.6200006160451924,CatBoost,CatBoost_1
275,SI_ref_16,C-Biochar,IBU,Synthetic,0.5277777777777777,0.6176986707801411,CatBoost,CatBoost_1
276,SI_ref_16,C-Biochar,IBU,Synthetic,0.7,0.6176986707801411,CatBoost,CatBoost_1
277,SI_ref_16,C-Biochar,IBU,Synthetic,0.7844444444444444,0.6176986707801411,CatBoost,CatBoost_1
278,SI_ref_16,C-Biochar,IBU,Synthetic,0.8430555555555557,0.6176986707801411,CatBoost,CatBoost_1
279,SI_ref_16,C-Biochar,IBU,Synthetic,0.861111111111111,0.6176986707801411,CatBoost,CatBoost_1
354,SI_ref_14,GCRB,DIU,Synthetic,0.983291565929579,0.9782138031462878,CatBoost,CatBoost_1
355,SI_ref_14,GCRB,DIU,Synthetic,0.9782739977994132,0.9738171224930011,CatBoost,CatBoost_1
356,SI_ref_14,GCRB,DIU,Synthetic,0.9708791324637501,0.9599040784934438,CatBoost,CatBoost_1
357,SI_ref_14,GCRB,DIU,Synthetic,0.964507517643233,0.9319343972539107,CatBoost,CatBoost_1
358,SI_ref_14,GCRB,DIU,Synthetic,0.960647920928618,0.9269180558955983,CatBoost,CatBoost_1
359,SI_ref_14,GCRB,DIU,Synthetic,0.9584857336381704,0.926849986824004,CatBoost,CatBoost_1
360,SI_ref_14,GCRB,DIU,Synthetic,0.9536869714697045,0.926849986824004,CatBoost,CatBoost_1
361,SI_ref_14,GCRB,DIU,Synthetic,0.9291396445453227,0.8797832535166671,CatBoost,CatBoost_1
362,SI_ref_14,GCRB,DIU,Synthetic,0.9775416982957918,0.9361563617393764,CatBoost,CatBoost_1
363,SI_ref_14,GCRB,DIU,Synthetic,0.9527369648004039,0.9258277604117301,CatBoost,CatBoost_1
364,SI_ref_14,GCRB,DIU,Synthetic,0.9478201604463821,0.9258277604117301,CatBoost,CatBoost_1
365,SI_ref_14,GCRB,DIU,Synthetic,0.9265327424413893,0.9258277604117301,CatBoost,CatBoost_1
366,SI_ref_14,GCRB,DIU,Synthetic,0.9253239651903417,0.9258277604117301,CatBoost,CatBoost_1
367,SI_ref_14,GCRB,DIU,Synthetic,0.9238760352548926,0.9258277604117301,CatBoost,CatBoost_1
368,SI_ref_14,GCRB,DIU,Synthetic,0.9417552695951205,0.9221370245416709,CatBoost,CatBoost_1
369,SI_ref_14,GCRB,DIU,Synthetic,0.9147016410628197,0.9221370245416709,CatBoost,CatBoost_1
370,SI_ref_14,GCRB,DIU,Synthetic,0.9192051981667979,0.9283474779745498,CatBoost,CatBoost_1
371,SI_ref_14,GCRB,DIU,Synthetic,0.9535021691371877,0.9258277604117301,CatBoost,CatBoost_1
372,SI_ref_14,GCRB,DIU,Synthetic,0.9661748102299111,0.9258277604117301,CatBoost,CatBoost_1
373,SI_ref_14,GCRB,DIU,Synthetic,1.0173780045422414,0.9258277604117301,CatBoost,CatBoost_1
374,SI_ref_14,GCRB,DIU,Synthetic,1.0082496176169822,0.9258277604117301,CatBoost,CatBoost_1
375,SI_ref_14,GCRB,DIU,Synthetic,0.9496862840784065,0.9258277604117301,CatBoost,CatBoost_1
439,SI_ref_14,GCRB-N,DIU,Synthetic,0.6654043880576614,0.682412752307502,CatBoost,CatBoost_1
440,SI_ref_14,GCRB-N,DIU,Synthetic,0.5844535743219663,0.6348812305795056,CatBoost,CatBoost_1
441,SI_ref_14,GCRB-N,DIU,Synthetic,0.5079200907404222,0.601552654329121,CatBoost,CatBoost_1
442,SI_ref_14,GCRB-N,DIU,Synthetic,0.37854626102465844,0.5199563919422919,CatBoost,CatBoost_1
443,SI_ref_14,GCRB-N,DIU,Synthetic,0.26690125827656935,0.5133779517930582,CatBoost,CatBoost_1
444,SI_ref_14,GCRB-N,DIU,Synthetic,0.2332409918272794,0.5123053193628762,CatBoost,CatBoost_1
445,SI_ref_14,GCRB-N,DIU,Synthetic,0.1951305004086504,0.5123053193628762,CatBoost,CatBoost_1
446,SI_ref_14,GCRB-N,DIU,Synthetic,0.2075726875081201,0.44732141586678803,CatBoost,CatBoost_1
447,SI_ref_14,GCRB-N,DIU,Synthetic,0.26826652394124667,0.5452094263874094,CatBoost,CatBoost_1
448,SI_ref_14,GCRB-N,DIU,Synthetic,0.1819381767074788,0.534880825059763,CatBoost,CatBoost_1
449,SI_ref_14,GCRB-N,DIU,Synthetic,0.15093015054787579,0.5247134660085191,CatBoost,CatBoost_1
450,SI_ref_14,GCRB-N,DIU,Synthetic,0.1736169508150928,0.5247134660085191,CatBoost,CatBoost_1
451,SI_ref_14,GCRB-N,DIU,Synthetic,0.16382165003373128,0.5374005426225826,CatBoost,CatBoost_1
452,SI_ref_14,GCRB-N,DIU,Synthetic,0.1932052297084895,0.534880825059763,CatBoost,CatBoost_1
453,SI_ref_14,GCRB-N,DIU,Synthetic,0.1683505359330984,0.534880825059763,CatBoost,CatBoost_1
454,SI_ref_14,GCRB-N,DIU,Synthetic,0.1647692025710552,0.5419284434132249,CatBoost,CatBoost_1
455,SI_ref_14,GCRB-N,DIU,Synthetic,0.3384549122360595,0.5419284434132249,CatBoost,CatBoost_1
456,SI_ref_14,GCRB-N,DIU,Synthetic,0.1402528461142079,0.5419284434132249,CatBoost,CatBoost_1
457,SI_ref_14,GCRB-N,DIU,Synthetic,0.5187315058108145,0.5419284434132249,CatBoost,CatBoost_1
458,SI_ref_14,GCRB-N,DIU,Synthetic,0.12629127082807837,0.5419284434132249,CatBoost,CatBoost_1
459,SI_ref_14,GCRB-N,DIU,Synthetic,0.6455190877003087,0.5419284434132249,CatBoost,CatBoost_1
460,SI_ref_14,GCRB-N,DIU,Synthetic,0.12138562309836234,0.5472277640138015,CatBoost,CatBoost_1
461,SI_ref_14,GCRB-N,DIU,Synthetic,0.6666027581171994,0.5472277640138015,CatBoost,CatBoost_1
462,SI_ref_14,GCRB-N,DIU,Synthetic,0.16773925939532233,0.5472277640138015,CatBoost,CatBoost_1
463,SI_ref_14,GCRB-N,DIU,Synthetic,0.15967117649899737,0.5431586697802527,CatBoost,CatBoost_1
464,SI_ref_14,GCRB-N,DIU,Synthetic,0.27418422723714847,0.5431586697802527,CatBoost,CatBoost_1
465,SI_ref_14,GCRB-N,DIU,Synthetic,0.1405827183894587,0.5431586697802527,CatBoost,CatBoost_1
466,SI_ref_14,GCRB-N,DIU,Synthetic,0.5605758859577746,0.5431586697802527,CatBoost,CatBoost_1
467,SI_ref_14,GCRB-N,DIU,Synthetic,0.13173953864692908,0.5441664155655168,CatBoost,CatBoost_1
468,SI_ref_14,GCRB-N,DIU,Synthetic,0.6564705601884918,0.5441664155655168,CatBoost,CatBoost_1
469,SI_ref_14,GCRB-N,DIU,Synthetic,0.12617131727344172,0.5523397500657162,CatBoost,CatBoost_1
470,SI_ref_14,GCRB-N,DIU,Synthetic,0.6552893507455957,0.5523397500657162,CatBoost,CatBoost_1
471,SI_ref_14,GCRB-N,DIU,Synthetic,0.1676281074261493,0.5549481443626769,CatBoost,CatBoost_1
472,SI_ref_14,GCRB-N,DIU,Synthetic,0.1622201895350263,0.5494454681609695,CatBoost,CatBoost_1
473,SI_ref_14,GCRB-N,DIU,Synthetic,0.31928006415696586,0.5494454681609695,CatBoost,CatBoost_1
474,SI_ref_14,GCRB-N,DIU,Synthetic,0.14041778225183332,0.558212348773109,CatBoost,CatBoost_1
475,SI_ref_14,GCRB-N,DIU,Synthetic,0.5410485473017326,0.558212348773109,CatBoost,CatBoost_1
476,SI_ref_14,GCRB-N,DIU,Synthetic,0.12901540473750372,0.5585556919875274,CatBoost,CatBoost_1
477,SI_ref_14,GCRB-N,DIU,Synthetic,0.6413243626564091,0.5585556919875274,CatBoost,CatBoost_1
478,SI_ref_14,GCRB-N,DIU,Synthetic,0.12377847018590202,0.5585556919875274,CatBoost,CatBoost_1
479,SI_ref_14,GCRB-N,DIU,Synthetic,0.665837914589971,0.5585556919875274,CatBoost,CatBoost_1
699,SI_ref_18,NaOH-activated SCW biochars,IBU,Secondary effluent,0.8098199350756726,0.6225259330540086,CatBoost,CatBoost_1
701,SI_ref_18,NaOH-activated SCW biochars,IBU,Secondary effluent,0.7485969905050348,0.6190909707366282,CatBoost,CatBoost_1
703,SI_ref_18,NaOH-activated SCW biochars,IBU,Secondary effluent,0.6850179499229786,0.5980736649998356,CatBoost,CatBoost_1
705,SI_ref_18,NaOH-activated SCW biochars,IBU,Secondary effluent,0.6861011679416551,0.5795369182818715,CatBoost,CatBoost_1
707,SI_ref_18,NaOH-activated SCW biochars,IBU,Secondary effluent,0.6799185617433835,0.5768354159708643,CatBoost,CatBoost_1
709,SI_ref_18,NaOH-activated SCW biochars,IBU,Secondary effluent,0.6765813990931481,0.5757627835406822,CatBoost,CatBoost_1
711,SI_ref_18,NaOH-activated SCW biochars,IBU,Secondary effluent,0.6777803451607008,0.5757627835406822,CatBoost,CatBoost_1
713,SI_ref_18,NaOH-activated SCW biochars,IBU,Secondary effluent,0.19946424836974086,0.582488258795426,CatBoost,CatBoost_1
715,SI_ref_18,NaOH-activated SCW biochars,IBU,Secondary effluent,0.45728603839109744,0.582488258795426,CatBoost,CatBoost_1
717,SI_ref_18,NaOH-activated SCW biochars,IBU,Secondary effluent,0.5431517029603264,0.5039022124481873,CatBoost,CatBoost_1
719,SI_ref_18,NaOH-activated SCW biochars,IBU,Secondary effluent,0.6932620426015607,0.5909135553808548,CatBoost,CatBoost_1
721,SI_ref_18,NaOH-activated SCW biochars,IBU,Secondary effluent,0.675113405421536,0.582488258795426,CatBoost,CatBoost_1
725,SI_ref_18,NaOH-activated SCW biochars,IBU,Secondary effluent,0.6458796718925713,0.582488258795426,CatBoost,CatBoost_1
729,SI_ref_18,NaOH-activated SCW biochars,IBU,Secondary effluent,0.6230174196820357,0.582488258795426,CatBoost,CatBoost_1
733,SI_ref_18,NaOH-activated SCW biochars,IBU,Secondary effluent,0.6232264558664639,0.582488258795426,CatBoost,CatBoost_1
737,SI_ref_18,NaOH-activated SCW biochars,IBU,Secondary effluent,0.6321330290401536,0.582488258795426,CatBoost,CatBoost_1
741,SI_ref_18,NaOH-activated SCW biochars,IBU,Secondary effluent,0.6274964829882473,0.582488258795426,CatBoost,CatBoost_1
746,SI_ref_18,NaOH-activated SCW biochars,IBU,Secondary effluent,0.6482993087024828,0.5735305677584903,CatBoost,CatBoost_1
748,SI_ref_18,NaOH-activated SCW biochars,IBU,Secondary effluent,0.7478636767346728,0.5990078784537757,CatBoost,CatBoost_1
750,SI_ref_18,NaOH-activated SCW biochars,IBU,Secondary effluent,0.811827151849907,0.6101135590503953,CatBoost,CatBoost_1
752,SI_ref_18,NaOH-activated SCW biochars,IBU,Secondary effluent,0.7252319435730717,0.582488258795426,CatBoost,CatBoost_1
754,SI_ref_18,NaOH-activated SCW biochars,IBU,Secondary effluent,0.7786423949758233,0.582488258795426,CatBoost,CatBoost_1
758,SI_ref_18,NaOH-activated SCW biochars,NPX,Secondary effluent,0.5521972966156422,0.20914851385050026,CatBoost,CatBoost_1
760,SI_ref_18,NaOH-activated SCW biochars,NPX,Secondary effluent,0.4814245289032641,0.20571355153311988,CatBoost,CatBoost_1
762,SI_ref_18,NaOH-activated SCW biochars,NPX,Secondary effluent,0.34455951981715066,0.1795151874416524,CatBoost,CatBoost_1
764,SI_ref_18,NaOH-activated SCW biochars,NPX,Secondary effluent,0.2493517679350271,0.15015307841499653,CatBoost,CatBoost_1
766,SI_ref_18,NaOH-activated SCW biochars,NPX,Secondary effluent,0.16764900163614713,0.13644356712070593,CatBoost,CatBoost_1
768,SI_ref_18,NaOH-activated SCW biochars,NPX,Secondary effluent,0.12846350911521487,0.1353709346905238,CatBoost,CatBoost_1
770,SI_ref_18,NaOH-activated SCW biochars,NPX,Secondary effluent,0.12873702561203082,0.1353709346905238,CatBoost,CatBoost_1
772,SI_ref_18,NaOH-activated SCW biochars,NPX,Secondary effluent,0.026110640989477824,0.1420964099452674,CatBoost,CatBoost_1
774,SI_ref_18,NaOH-activated SCW biochars,NPX,Secondary effluent,0.054870517105304405,0.1420964099452674,CatBoost,CatBoost_1
776,SI_ref_18,NaOH-activated SCW biochars,NPX,Secondary effluent,0.048092629555703405,0.07648495047428239,CatBoost,CatBoost_1
778,SI_ref_18,NaOH-activated SCW biochars,NPX,Secondary effluent,0.16521082834331338,0.15052170653069608,CatBoost,CatBoost_1
780,SI_ref_18,NaOH-activated SCW biochars,NPX,Secondary effluent,0.11864589305153721,0.1420964099452674,CatBoost,CatBoost_1
782,SI_ref_18,NaOH-activated SCW biochars,NPX,Secondary effluent,0.10983576367726838,0.1420964099452674,CatBoost,CatBoost_1
784,SI_ref_18,NaOH-activated SCW biochars,NPX,Secondary effluent,0.10668866579384965,0.1420964099452674,CatBoost,CatBoost_1
786,SI_ref_18,NaOH-activated SCW biochars,NPX,Secondary effluent,0.08538292965546301,0.1420964099452674,CatBoost,CatBoost_1
788,SI_ref_18,NaOH-activated SCW biochars,NPX,Secondary effluent,0.09141898602740345,0.1420964099452674,CatBoost,CatBoost_1
790,SI_ref_18,NaOH-activated SCW biochars,NPX,Secondary effluent,0.11725913824368146,0.1420964099452674,CatBoost,CatBoost_1
792,SI_ref_18,NaOH-activated SCW biochars,NPX,Secondary effluent,0.10630651659643675,0.1391726077519974,CatBoost,CatBoost_1
794,SI_ref_18,NaOH-activated SCW biochars,NPX,Secondary effluent,0.2275589654025283,0.15627011265166507,CatBoost,CatBoost_1
796,SI_ref_18,NaOH-activated SCW biochars,NPX,Secondary effluent,0.27043202483921047,0.16737579324828467,CatBoost,CatBoost_1
798,SI_ref_18,NaOH-activated SCW biochars,NPX,Secondary effluent,0.15082313311850198,0.1420964099452674,CatBoost,CatBoost_1
800,SI_ref_18,NaOH-activated SCW biochars,NPX,Secondary effluent,0.24701864815812044,0.1420964099452674,CatBoost,CatBoost_1
1156,SI_ref_17,Pristine SCG biochar,IBU,Synthetic,0.9684057270887299,0.9270883646293377,CatBoost,CatBoost_1
1158,SI_ref_17,Pristine SCG biochar,IBU,Synthetic,0.964180236157731,0.9244380128810696,CatBoost,CatBoost_1
1160,SI_ref_17,Pristine SCG biochar,IBU,Synthetic,0.9598191197252507,0.8984163080528806,CatBoost,CatBoost_1
1162,SI_ref_17,Pristine SCG biochar,IBU,Synthetic,0.9580437721935793,0.8950203253008405,CatBoost,CatBoost_1
1164,SI_ref_17,Pristine SCG biochar,IBU,Synthetic,0.9425460946241216,0.8933753120561475,CatBoost,CatBoost_1
1166,SI_ref_17,Pristine SCG biochar,IBU,Synthetic,0.9402369906408686,0.8933753120561475,CatBoost,CatBoost_1
1168,SI_ref_17,Pristine SCG biochar,IBU,Synthetic,0.9366107784098637,0.8933753120561475,CatBoost,CatBoost_1
1170,SI_ref_17,Pristine SCG biochar,IBU,Synthetic,0.7820004901373623,0.8506407359559447,CatBoost,CatBoost_1
1172,SI_ref_17,Pristine SCG biochar,IBU,Synthetic,0.9276141025756294,0.8973550958886274,CatBoost,CatBoost_1
1174,SI_ref_17,Pristine SCG biochar,IBU,Synthetic,0.918292455911169,0.8973550958886274,CatBoost,CatBoost_1
1176,SI_ref_17,Pristine SCG biochar,IBU,Synthetic,0.9133007565861092,0.8973550958886274,CatBoost,CatBoost_1
1178,SI_ref_17,Pristine SCG biochar,IBU,Synthetic,0.9182483670803396,0.8973550958886274,CatBoost,CatBoost_1
1180,SI_ref_17,Pristine SCG biochar,IBU,Synthetic,0.9167234922708469,0.8973550958886274,CatBoost,CatBoost_1
1182,SI_ref_17,Pristine SCG biochar,IBU,Synthetic,0.9122551436969301,0.8973550958886274,CatBoost,CatBoost_1
1184,SI_ref_17,Pristine SCG biochar,IBU,Synthetic,0.9484982246288517,0.8933441903273738,CatBoost,CatBoost_1
1186,SI_ref_17,Pristine SCG biochar,IBU,Synthetic,0.893754721851682,0.8973550958886274,CatBoost,CatBoost_1
1188,SI_ref_17,Pristine SCG biochar,IBU,Synthetic,0.8900227639990935,0.8973550958886274,CatBoost,CatBoost_1
1190,SI_ref_17,Pristine SCG biochar,IBU,Synthetic,0.924357415959487,0.8973550958886274,CatBoost,CatBoost_1
1192,SI_ref_17,Pristine SCG biochar,IBU,Synthetic,0.9226237248225028,0.8973550958886274,CatBoost,CatBoost_1
1194,SI_ref_17,Pristine SCG biochar,IBU,Synthetic,0.8857728699803085,0.8973550958886274,CatBoost,CatBoost_1
1254,SI_ref_18,Pristine SCW Biochar,IBU,Secondary effluent,0.9156726978407875,0.9500278800736505,CatBoost,CatBoost_1
1256,SI_ref_18,Pristine SCW Biochar,IBU,Secondary effluent,0.9079673942368781,0.9485035539583756,CatBoost,CatBoost_1
1258,SI_ref_18,Pristine SCW Biochar,IBU,Secondary effluent,0.9043236251446873,0.9379873034761707,CatBoost,CatBoost_1
1260,SI_ref_18,Pristine SCW Biochar,IBU,Secondary effluent,0.9020547983951682,0.9205440316729203,CatBoost,CatBoost_1
1262,SI_ref_18,Pristine SCW Biochar,IBU,Secondary effluent,0.9004882379050155,0.9174709279188287,CatBoost,CatBoost_1
1264,SI_ref_18,Pristine SCW Biochar,IBU,Secondary effluent,0.897458530238549,0.9174028588472344,CatBoost,CatBoost_1
1266,SI_ref_18,Pristine SCW Biochar,IBU,Secondary effluent,0.8973424975849196,0.9174028588472344,CatBoost,CatBoost_1
1267,SI_ref_18,Pristine SCW Biochar,IBU,Secondary effluent,0.8360939688333745,0.9180911812612521,CatBoost,CatBoost_1
1268,SI_ref_18,Pristine SCW Biochar,IBU,Secondary effluent,0.8984823855966844,0.9180911812612521,CatBoost,CatBoost_1
1270,SI_ref_18,Pristine SCW Biochar,IBU,Secondary effluent,0.8874692330465712,0.8828556056466331,CatBoost,CatBoost_1
1272,SI_ref_18,Pristine SCW Biochar,IBU,Secondary effluent,0.9012569556545285,0.9273769340569,CatBoost,CatBoost_1
1274,SI_ref_18,Pristine SCW Biochar,IBU,Secondary effluent,0.8992057856547054,0.9180911812612521,CatBoost,CatBoost_1
1278,SI_ref_18,Pristine SCW Biochar,IBU,Secondary effluent,0.9165018852947014,0.9180911812612521,CatBoost,CatBoost_1
1282,SI_ref_18,Pristine SCW Biochar,IBU,Secondary effluent,0.9202396860047187,0.9180911812612521,CatBoost,CatBoost_1
1286,SI_ref_18,Pristine SCW Biochar,IBU,Secondary effluent,0.9152513064761528,0.9180911812612521,CatBoost,CatBoost_1
1290,SI_ref_18,Pristine SCW Biochar,IBU,Secondary effluent,0.9145713435205399,0.9180911812612521,CatBoost,CatBoost_1
1294,SI_ref_18,Pristine SCW Biochar,IBU,Secondary effluent,0.9194281493241605,0.9180911812612521,CatBoost,CatBoost_1
1299,SI_ref_18,Pristine SCW Biochar,IBU,Secondary effluent,0.891903218347585,0.915610113405501,CatBoost,CatBoost_1
1301,SI_ref_18,Pristine SCW Biochar,IBU,Secondary effluent,0.9069133641489088,0.9210647595179777,CatBoost,CatBoost_1
1303,SI_ref_18,Pristine SCW Biochar,IBU,Secondary effluent,0.9145392250293353,0.9206108988240717,CatBoost,CatBoost_1
1304,SI_ref_18,Pristine SCW Biochar,IBU,Secondary effluent,0.911352956646831,0.9180911812612521,CatBoost,CatBoost_1
1305,SI_ref_18,Pristine SCW Biochar,IBU,Secondary effluent,0.8992133437264335,0.9180911812612521,CatBoost,CatBoost_1
1309,SI_ref_18,Pristine SCW Biochar,NPX,Secondary effluent,0.9276600601799115,0.9377281357126236,CatBoost,CatBoost_1
1311,SI_ref_18,Pristine SCW Biochar,NPX,Secondary effluent,0.9217275625657669,0.9362038095973487,CatBoost,CatBoost_1
1313,SI_ref_18,Pristine SCW Biochar,NPX,Secondary effluent,0.9151672500810683,0.9276629995685031,CatBoost,CatBoost_1
1315,SI_ref_18,Pristine SCW Biochar,NPX,Secondary effluent,0.914870212237198,0.9127585425527778,CatBoost,CatBoost_1
1317,SI_ref_18,Pristine SCW Biochar,NPX,Secondary effluent,0.9125118045566373,0.9129773871894954,CatBoost,CatBoost_1
1319,SI_ref_18,Pristine SCW Biochar,NPX,Secondary effluent,0.9122370962869346,0.9129093181179011,CatBoost,CatBoost_1
1321,SI_ref_18,Pristine SCW Biochar,NPX,Secondary effluent,0.9100475600528815,0.9129093181179011,CatBoost,CatBoost_1
1322,SI_ref_18,Pristine SCW Biochar,NPX,Secondary effluent,0.8724917016408669,0.9135976405319188,CatBoost,CatBoost_1
1323,SI_ref_18,Pristine SCW Biochar,NPX,Secondary effluent,0.9222871559920565,0.9135976405319188,CatBoost,CatBoost_1
1325,SI_ref_18,Pristine SCW Biochar,NPX,Secondary effluent,0.8954095327862793,0.8808040529272031,CatBoost,CatBoost_1
1327,SI_ref_18,Pristine SCW Biochar,NPX,Secondary effluent,0.9153416500332668,0.9228833933275667,CatBoost,CatBoost_1
1329,SI_ref_18,Pristine SCW Biochar,NPX,Secondary effluent,0.910898633301941,0.9135976405319188,CatBoost,CatBoost_1
1331,SI_ref_18,Pristine SCW Biochar,NPX,Secondary effluent,0.9081761980542199,0.9135976405319188,CatBoost,CatBoost_1
1333,SI_ref_18,Pristine SCW Biochar,NPX,Secondary effluent,0.9126518494691617,0.9135976405319188,CatBoost,CatBoost_1
1335,SI_ref_18,Pristine SCW Biochar,NPX,Secondary effluent,0.9091665914238204,0.9135976405319188,CatBoost,CatBoost_1
1337,SI_ref_18,Pristine SCW Biochar,NPX,Secondary effluent,0.9109852392346297,0.9135976405319188,CatBoost,CatBoost_1
1339,SI_ref_18,Pristine SCW Biochar,NPX,Secondary effluent,0.9170303341534803,0.9135976405319188,CatBoost,CatBoost_1
1341,SI_ref_18,Pristine SCW Biochar,NPX,Secondary effluent,0.9109021678864493,0.9075319932386365,CatBoost,CatBoost_1
1343,SI_ref_18,Pristine SCW Biochar,NPX,Secondary effluent,0.9138805167442893,0.9160335544977678,CatBoost,CatBoost_1
1345,SI_ref_18,Pristine SCW Biochar,NPX,Secondary effluent,0.9200278517039994,0.9155796938038618,CatBoost,CatBoost_1
1346,SI_ref_18,Pristine SCW Biochar,NPX,Secondary effluent,0.9136165317560039,0.9135976405319188,CatBoost,CatBoost_1
1347,SI_ref_18,Pristine SCW Biochar,NPX,Secondary effluent,0.9038576927569927,0.9135976405319188,CatBoost,CatBoost_1
189,SI_ref_17,Alkali-modified SCG biochars,IBU,Synthetic,0.6581206763788531,0.3191347707878064,DecisionTree,DecisionTree_1
191,SI_ref_17,Alkali-modified SCG biochars,IBU,Synthetic,0.6239833523895453,0.3191347707878064,DecisionTree,DecisionTree_1
193,SI_ref_17,Alkali-modified SCG biochars,IBU,Synthetic,0.5119378819344518,0.3191347707878064,DecisionTree,DecisionTree_1
195,SI_ref_17,Alkali-modified SCG biochars,IBU,Synthetic,0.4585781550994164,0.3191347707878064,DecisionTree,DecisionTree_1
197,SI_ref_17,Alkali-modified SCG biochars,IBU,Synthetic,0.44243948810088646,0.3191347707878064,DecisionTree,DecisionTree_1
199,SI_ref_17,Alkali-modified SCG biochars,IBU,Synthetic,0.4544355679658596,0.3191347707878064,DecisionTree,DecisionTree_1
201,SI_ref_17,Alkali-modified SCG biochars,IBU,Synthetic,0.39592651561701936,0.3191347707878064,DecisionTree,DecisionTree_1
203,SI_ref_17,Alkali-modified SCG biochars,IBU,Synthetic,0.10913541523053398,0.3191347707878064,DecisionTree,DecisionTree_1
205,SI_ref_17,Alkali-modified SCG biochars,IBU,Synthetic,0.3052806700714839,0.3191347707878064,DecisionTree,DecisionTree_1
207,SI_ref_17,Alkali-modified SCG biochars,IBU,Synthetic,0.4311083753711556,0.3191347707878064,DecisionTree,DecisionTree_1
209,SI_ref_17,Alkali-modified SCG biochars,IBU,Synthetic,0.3789894895081609,0.3191347707878064,DecisionTree,DecisionTree_1
211,SI_ref_17,Alkali-modified SCG biochars,IBU,Synthetic,0.3304133868875155,0.3191347707878064,DecisionTree,DecisionTree_1
213,SI_ref_17,Alkali-modified SCG biochars,IBU,Synthetic,0.33928547446435453,0.3191347707878064,DecisionTree,DecisionTree_1
215,SI_ref_17,Alkali-modified SCG biochars,IBU,Synthetic,0.3234505141947598,0.3191347707878064,DecisionTree,DecisionTree_1
217,SI_ref_17,Alkali-modified SCG biochars,IBU,Synthetic,0.6889998443034063,0.3191347707878064,DecisionTree,DecisionTree_1
219,SI_ref_17,Alkali-modified SCG biochars,IBU,Synthetic,0.1184746430703935,0.3191347707878064,DecisionTree,DecisionTree_1
221,SI_ref_17,Alkali-modified SCG biochars,IBU,Synthetic,0.35446182653715885,0.3191347707878064,DecisionTree,DecisionTree_1
223,SI_ref_17,Alkali-modified SCG biochars,IBU,Synthetic,0.5365490577861332,0.3191347707878064,DecisionTree,DecisionTree_1
225,SI_ref_17,Alkali-modified SCG biochars,IBU,Synthetic,0.5901579894748284,0.3191347707878064,DecisionTree,DecisionTree_1
227,SI_ref_17,Alkali-modified SCG biochars,IBU,Synthetic,0.6910697148739985,0.3191347707878064,DecisionTree,DecisionTree_1
229,SI_ref_16,C-Biochar,ATE,Synthetic,0.8511111111111113,0.4546394141704722,DecisionTree,DecisionTree_1
230,SI_ref_16,C-Biochar,ATE,Synthetic,0.7400000000000001,0.4546394141704722,DecisionTree,DecisionTree_1
231,SI_ref_16,C-Biochar,ATE,Synthetic,0.7400000000000001,0.4546394141704722,DecisionTree,DecisionTree_1
232,SI_ref_16,C-Biochar,ATE,Synthetic,0.7453872053872055,0.4546394141704722,DecisionTree,DecisionTree_1
233,SI_ref_16,C-Biochar,ATE,Synthetic,0.8733333333333334,0.4546394141704722,DecisionTree,DecisionTree_1
234,SI_ref_16,C-Biochar,ATE,Synthetic,0.8288888888888891,0.4546394141704722,DecisionTree,DecisionTree_1
235,SI_ref_16,C-Biochar,ATE,Synthetic,0.8511111111111113,0.4546394141704722,DecisionTree,DecisionTree_1
236,SI_ref_16,C-Biochar,ATE,Synthetic,0.7844444444444446,0.4546394141704722,DecisionTree,DecisionTree_1
237,SI_ref_16,C-Biochar,ATE,Synthetic,0.8733333333333334,0.4546394141704722,DecisionTree,DecisionTree_1
238,SI_ref_16,C-Biochar,ATE,Synthetic,0.6733333333333335,0.4546394141704722,DecisionTree,DecisionTree_1
239,SI_ref_16,C-Biochar,ATE,Synthetic,0.6511111111111112,0.4546394141704722,DecisionTree,DecisionTree_1
240,SI_ref_16,C-Biochar,ATE,Synthetic,0.6288888888888889,0.4546394141704722,DecisionTree,DecisionTree_1
241,SI_ref_16,C-Biochar,ATE,Synthetic,0.7774074074074075,0.4546394141704722,DecisionTree,DecisionTree_1
242,SI_ref_16,C-Biochar,ATE,Synthetic,0.7824691358024691,0.4546394141704722,DecisionTree,DecisionTree_1
243,SI_ref_16,C-Biochar,ATE,Synthetic,0.8257777777777777,0.4546394141704722,DecisionTree,DecisionTree_1
244,SI_ref_16,C-Biochar,ATE,Synthetic,0.8438888888888889,0.4546394141704722,DecisionTree,DecisionTree_1
245,SI_ref_16,C-Biochar,ATE,Synthetic,0.8562222222222223,0.4546394141704722,DecisionTree,DecisionTree_1
263,SI_ref_16,C-Biochar,IBU,Synthetic,0.5333333333333333,0.4546394141704722,DecisionTree,DecisionTree_1
264,SI_ref_16,C-Biochar,IBU,Synthetic,0.7333333333333333,0.4546394141704722,DecisionTree,DecisionTree_1
265,SI_ref_16,C-Biochar,IBU,Synthetic,0.6000000000000001,0.4546394141704722,DecisionTree,DecisionTree_1
266,SI_ref_16,C-Biochar,IBU,Synthetic,0.6121212121212122,0.4546394141704722,DecisionTree,DecisionTree_1
267,SI_ref_16,C-Biochar,IBU,Synthetic,0.7333333333333333,0.4546394141704722,DecisionTree,DecisionTree_1
268,SI_ref_16,C-Biochar,IBU,Synthetic,0.5333333333333333,0.4546394141704722,DecisionTree,DecisionTree_1
269,SI_ref_16,C-Biochar,IBU,Synthetic,0.4666666666666666,0.4546394141704722,DecisionTree,DecisionTree_1
270,SI_ref_16,C-Biochar,IBU,Synthetic,0.5555555555555556,0.4546394141704722,DecisionTree,DecisionTree_1
271,SI_ref_16,C-Biochar,IBU,Synthetic,0.6000000000000001,0.4546394141704722,DecisionTree,DecisionTree_1
272,SI_ref_16,C-Biochar,IBU,Synthetic,0.6000000000000001,0.4546394141704722,DecisionTree,DecisionTree_1
273,SI_ref_16,C-Biochar,IBU,Synthetic,0.6000000000000001,0.4546394141704722,DecisionTree,DecisionTree_1
274,SI_ref_16,C-Biochar,IBU,Synthetic,1.0666666666666667,0.4546394141704722,DecisionTree,DecisionTree_1
275,SI_ref_16,C-Biochar,IBU,Synthetic,0.5277777777777777,0.4546394141704722,DecisionTree,DecisionTree_1
276,SI_ref_16,C-Biochar,IBU,Synthetic,0.7,0.4546394141704722,DecisionTree,DecisionTree_1
277,SI_ref_16,C-Biochar,IBU,Synthetic,0.7844444444444444,0.4546394141704722,DecisionTree,DecisionTree_1
278,SI_ref_16,C-Biochar,IBU,Synthetic,0.8430555555555557,0.4546394141704722,DecisionTree,DecisionTree_1
279,SI_ref_16,C-Biochar,IBU,Synthetic,0.861111111111111,0.4546394141704722,DecisionTree,DecisionTree_1
354,SI_ref_14,GCRB,DIU,Synthetic,0.983291565929579,0.9629457462780178,DecisionTree,DecisionTree_1
355,SI_ref_14,GCRB,DIU,Synthetic,0.9782739977994132,0.9629457462780178,DecisionTree,DecisionTree_1
356,SI_ref_14,GCRB,DIU,Synthetic,0.9708791324637501,0.9629457462780178,DecisionTree,DecisionTree_1
357,SI_ref_14,GCRB,DIU,Synthetic,0.964507517643233,0.9629457462780178,DecisionTree,DecisionTree_1
358,SI_ref_14,GCRB,DIU,Synthetic,0.960647920928618,0.9629457462780178,DecisionTree,DecisionTree_1
359,SI_ref_14,GCRB,DIU,Synthetic,0.9584857336381704,0.9629457462780178,DecisionTree,DecisionTree_1
360,SI_ref_14,GCRB,DIU,Synthetic,0.9536869714697045,0.9629457462780178,DecisionTree,DecisionTree_1
361,SI_ref_14,GCRB,DIU,Synthetic,0.9291396445453227,0.9629457462780178,DecisionTree,DecisionTree_1
362,SI_ref_14,GCRB,DIU,Synthetic,0.9775416982957918,0.9629457462780178,DecisionTree,DecisionTree_1
363,SI_ref_14,GCRB,DIU,Synthetic,0.9527369648004039,0.9629457462780178,DecisionTree,DecisionTree_1
364,SI_ref_14,GCRB,DIU,Synthetic,0.9478201604463821,0.9629457462780178,DecisionTree,DecisionTree_1
365,SI_ref_14,GCRB,DIU,Synthetic,0.9265327424413893,0.9629457462780178,DecisionTree,DecisionTree_1
366,SI_ref_14,GCRB,DIU,Synthetic,0.9253239651903417,0.9629457462780178,DecisionTree,DecisionTree_1
367,SI_ref_14,GCRB,DIU,Synthetic,0.9238760352548926,0.9629457462780178,DecisionTree,DecisionTree_1
368,SI_ref_14,GCRB,DIU,Synthetic,0.9417552695951205,0.9629457462780178,DecisionTree,DecisionTree_1
369,SI_ref_14,GCRB,DIU,Synthetic,0.9147016410628197,0.9629457462780178,DecisionTree,DecisionTree_1
370,SI_ref_14,GCRB,DIU,Synthetic,0.9192051981667979,0.9629457462780178,DecisionTree,DecisionTree_1
371,SI_ref_14,GCRB,DIU,Synthetic,0.9535021691371877,0.9629457462780178,DecisionTree,DecisionTree_1
372,SI_ref_14,GCRB,DIU,Synthetic,0.9661748102299111,0.9629457462780178,DecisionTree,DecisionTree_1
373,SI_ref_14,GCRB,DIU,Synthetic,1.0173780045422414,0.9629457462780178,DecisionTree,DecisionTree_1
374,SI_ref_14,GCRB,DIU,Synthetic,1.0082496176169822,0.9629457462780178,DecisionTree,DecisionTree_1
375,SI_ref_14,GCRB,DIU,Synthetic,0.9496862840784065,0.9629457462780178,DecisionTree,DecisionTree_1
439,SI_ref_14,GCRB-N,DIU,Synthetic,0.6654043880576614,0.7668405604486713,DecisionTree,DecisionTree_1
440,SI_ref_14,GCRB-N,DIU,Synthetic,0.5844535743219663,0.7668405604486713,DecisionTree,DecisionTree_1
441,SI_ref_14,GCRB-N,DIU,Synthetic,0.5079200907404222,0.7668405604486713,DecisionTree,DecisionTree_1
442,SI_ref_14,GCRB-N,DIU,Synthetic,0.37854626102465844,0.5168276245104716,DecisionTree,DecisionTree_1
443,SI_ref_14,GCRB-N,DIU,Synthetic,0.26690125827656935,0.5168276245104716,DecisionTree,DecisionTree_1
444,SI_ref_14,GCRB-N,DIU,Synthetic,0.2332409918272794,0.5168276245104716,DecisionTree,DecisionTree_1
445,SI_ref_14,GCRB-N,DIU,Synthetic,0.1951305004086504,0.5168276245104716,DecisionTree,DecisionTree_1
446,SI_ref_14,GCRB-N,DIU,Synthetic,0.2075726875081201,0.5168276245104716,DecisionTree,DecisionTree_1
447,SI_ref_14,GCRB-N,DIU,Synthetic,0.26826652394124667,0.5168276245104716,DecisionTree,DecisionTree_1
448,SI_ref_14,GCRB-N,DIU,Synthetic,0.1819381767074788,0.5168276245104716,DecisionTree,DecisionTree_1
449,SI_ref_14,GCRB-N,DIU,Synthetic,0.15093015054787579,0.5168276245104716,DecisionTree,DecisionTree_1
450,SI_ref_14,GCRB-N,DIU,Synthetic,0.1736169508150928,0.5168276245104716,DecisionTree,DecisionTree_1
451,SI_ref_14,GCRB-N,DIU,Synthetic,0.16382165003373128,0.5168276245104716,DecisionTree,DecisionTree_1
452,SI_ref_14,GCRB-N,DIU,Synthetic,0.1932052297084895,0.5168276245104716,DecisionTree,DecisionTree_1
453,SI_ref_14,GCRB-N,DIU,Synthetic,0.1683505359330984,0.5168276245104716,DecisionTree,DecisionTree_1
454,SI_ref_14,GCRB-N,DIU,Synthetic,0.1647692025710552,0.5168276245104716,DecisionTree,DecisionTree_1
455,SI_ref_14,GCRB-N,DIU,Synthetic,0.3384549122360595,0.5168276245104716,DecisionTree,DecisionTree_1
456,SI_ref_14,GCRB-N,DIU,Synthetic,0.1402528461142079,0.5168276245104716,DecisionTree,DecisionTree_1
457,SI_ref_14,GCRB-N,DIU,Synthetic,0.5187315058108145,0.5168276245104716,DecisionTree,DecisionTree_1
458,SI_ref_14,GCRB-N,DIU,Synthetic,0.12629127082807837,0.5168276245104716,DecisionTree,DecisionTree_1
459,SI_ref_14,GCRB-N,DIU,Synthetic,0.6455190877003087,0.5168276245104716,DecisionTree,DecisionTree_1
460,SI_ref_14,GCRB-N,DIU,Synthetic,0.12138562309836234,0.5168276245104716,DecisionTree,DecisionTree_1
461,SI_ref_14,GCRB-N,DIU,Synthetic,0.6666027581171994,0.5168276245104716,DecisionTree,DecisionTree_1
462,SI_ref_14,GCRB-N,DIU,Synthetic,0.16773925939532233,0.5168276245104716,DecisionTree,DecisionTree_1
463,SI_ref_14,GCRB-N,DIU,Synthetic,0.15967117649899737,0.5168276245104716,DecisionTree,DecisionTree_1
464,SI_ref_14,GCRB-N,DIU,Synthetic,0.27418422723714847,0.5168276245104716,DecisionTree,DecisionTree_1
465,SI_ref_14,GCRB-N,DIU,Synthetic,0.1405827183894587,0.5168276245104716,DecisionTree,DecisionTree_1
466,SI_ref_14,GCRB-N,DIU,Synthetic,0.5605758859577746,0.5168276245104716,DecisionTree,DecisionTree_1
467,SI_ref_14,GCRB-N,DIU,Synthetic,0.13173953864692908,0.5168276245104716,DecisionTree,DecisionTree_1
468,SI_ref_14,GCRB-N,DIU,Synthetic,0.6564705601884918,0.5168276245104716,DecisionTree,DecisionTree_1
469,SI_ref_14,GCRB-N,DIU,Synthetic,0.12617131727344172,0.5168276245104716,DecisionTree,DecisionTree_1
470,SI_ref_14,GCRB-N,DIU,Synthetic,0.6552893507455957,0.5168276245104716,DecisionTree,DecisionTree_1
471,SI_ref_14,GCRB-N,DIU,Synthetic,0.1676281074261493,0.5168276245104716,DecisionTree,DecisionTree_1
472,SI_ref_14,GCRB-N,DIU,Synthetic,0.1622201895350263,0.5168276245104716,DecisionTree,DecisionTree_1
473,SI_ref_14,GCRB-N,DIU,Synthetic,0.31928006415696586,0.5168276245104716,DecisionTree,DecisionTree_1
474,SI_ref_14,GCRB-N,DIU,Synthetic,0.14041778225183332,0.5168276245104716,DecisionTree,DecisionTree_1
475,SI_ref_14,GCRB-N,DIU,Synthetic,0.5410485473017326,0.5168276245104716,DecisionTree,DecisionTree_1
476,SI_ref_14,GCRB-N,DIU,Synthetic,0.12901540473750372,0.5168276245104716,DecisionTree,DecisionTree_1
477,SI_ref_14,GCRB-N,DIU,Synthetic,0.6413243626564091,0.5168276245104716,DecisionTree,DecisionTree_1
478,SI_ref_14,GCRB-N,DIU,Synthetic,0.12377847018590202,0.5168276245104716,DecisionTree,DecisionTree_1
479,SI_ref_14,GCRB-N,DIU,Synthetic,0.665837914589971,0.5168276245104716,DecisionTree,DecisionTree_1
699,SI_ref_18,NaOH-activated SCW biochars,IBU,Secondary effluent,0.8098199350756726,0.4546394141704722,DecisionTree,DecisionTree_1
701,SI_ref_18,NaOH-activated SCW biochars,IBU,Secondary effluent,0.7485969905050348,0.4546394141704722,DecisionTree,DecisionTree_1
703,SI_ref_18,NaOH-activated SCW biochars,IBU,Secondary effluent,0.6850179499229786,0.4546394141704722,DecisionTree,DecisionTree_1
705,SI_ref_18,NaOH-activated SCW biochars,IBU,Secondary effluent,0.6861011679416551,0.4546394141704722,DecisionTree,DecisionTree_1
707,SI_ref_18,NaOH-activated SCW biochars,IBU,Secondary effluent,0.6799185617433835,0.4546394141704722,DecisionTree,DecisionTree_1
709,SI_ref_18,NaOH-activated SCW biochars,IBU,Secondary effluent,0.6765813990931481,0.4546394141704722,DecisionTree,DecisionTree_1
711,SI_ref_18,NaOH-activated SCW biochars,IBU,Secondary effluent,0.6777803451607008,0.4546394141704722,DecisionTree,DecisionTree_1
713,SI_ref_18,NaOH-activated SCW biochars,IBU,Secondary effluent,0.19946424836974086,0.4546394141704722,DecisionTree,DecisionTree_1
715,SI_ref_18,NaOH-activated SCW biochars,IBU,Secondary effluent,0.45728603839109744,0.4546394141704722,DecisionTree,DecisionTree_1
717,SI_ref_18,NaOH-activated SCW biochars,IBU,Secondary effluent,0.5431517029603264,0.4546394141704722,DecisionTree,DecisionTree_1
719,SI_ref_18,NaOH-activated SCW biochars,IBU,Secondary effluent,0.6932620426015607,0.4546394141704722,DecisionTree,DecisionTree_1
721,SI_ref_18,NaOH-activated SCW biochars,IBU,Secondary effluent,0.675113405421536,0.4546394141704722,DecisionTree,DecisionTree_1
725,SI_ref_18,NaOH-activated SCW biochars,IBU,Secondary effluent,0.6458796718925713,0.4546394141704722,DecisionTree,DecisionTree_1
729,SI_ref_18,NaOH-activated SCW biochars,IBU,Secondary effluent,0.6230174196820357,0.4546394141704722,DecisionTree,DecisionTree_1
733,SI_ref_18,NaOH-activated SCW biochars,IBU,Secondary effluent,0.6232264558664639,0.4546394141704722,DecisionTree,DecisionTree_1
737,SI_ref_18,NaOH-activated SCW biochars,IBU,Secondary effluent,0.6321330290401536,0.4546394141704722,DecisionTree,DecisionTree_1
741,SI_ref_18,NaOH-activated SCW biochars,IBU,Secondary effluent,0.6274964829882473,0.4546394141704722,DecisionTree,DecisionTree_1
746,SI_ref_18,NaOH-activated SCW biochars,IBU,Secondary effluent,0.6482993087024828,0.4546394141704722,DecisionTree,DecisionTree_1
748,SI_ref_18,NaOH-activated SCW biochars,IBU,Secondary effluent,0.7478636767346728,0.4546394141704722,DecisionTree,DecisionTree_1
750,SI_ref_18,NaOH-activated SCW biochars,IBU,Secondary effluent,0.811827151849907,0.4546394141704722,DecisionTree,DecisionTree_1
752,SI_ref_18,NaOH-activated SCW biochars,IBU,Secondary effluent,0.7252319435730717,0.4546394141704722,DecisionTree,DecisionTree_1
754,SI_ref_18,NaOH-activated SCW biochars,IBU,Secondary effluent,0.7786423949758233,0.4546394141704722,DecisionTree,DecisionTree_1
758,SI_ref_18,NaOH-activated SCW biochars,NPX,Secondary effluent,0.5521972966156422,0.09118292796409831,DecisionTree,DecisionTree_1
760,SI_ref_18,NaOH-activated SCW biochars,NPX,Secondary effluent,0.4814245289032641,0.09118292796409831,DecisionTree,DecisionTree_1
762,SI_ref_18,NaOH-activated SCW biochars,NPX,Secondary effluent,0.34455951981715066,0.09118292796409831,DecisionTree,DecisionTree_1
764,SI_ref_18,NaOH-activated SCW biochars,NPX,Secondary effluent,0.2493517679350271,0.09118292796409831,DecisionTree,DecisionTree_1
766,SI_ref_18,NaOH-activated SCW biochars,NPX,Secondary effluent,0.16764900163614713,0.09118292796409831,DecisionTree,DecisionTree_1
768,SI_ref_18,NaOH-activated SCW biochars,NPX,Secondary effluent,0.12846350911521487,0.09118292796409831,DecisionTree,DecisionTree_1
770,SI_ref_18,NaOH-activated SCW biochars,NPX,Secondary effluent,0.12873702561203082,0.09118292796409831,DecisionTree,DecisionTree_1
772,SI_ref_18,NaOH-activated SCW biochars,NPX,Secondary effluent,0.026110640989477824,0.09118292796409831,DecisionTree,DecisionTree_1
774,SI_ref_18,NaOH-activated SCW biochars,NPX,Secondary effluent,0.054870517105304405,0.09118292796409831,DecisionTree,DecisionTree_1
776,SI_ref_18,NaOH-activated SCW biochars,NPX,Secondary effluent,0.048092629555703405,0.09118292796409831,DecisionTree,DecisionTree_1
778,SI_ref_18,NaOH-activated SCW biochars,NPX,Secondary effluent,0.16521082834331338,0.09118292796409831,DecisionTree,DecisionTree_1
780,SI_ref_18,NaOH-activated SCW biochars,NPX,Secondary effluent,0.11864589305153721,0.09118292796409831,DecisionTree,DecisionTree_1
782,SI_ref_18,NaOH-activated SCW biochars,NPX,Secondary effluent,0.10983576367726838,0.09118292796409831,DecisionTree,DecisionTree_1
784,SI_ref_18,NaOH-activated SCW biochars,NPX,Secondary effluent,0.10668866579384965,0.09118292796409831,DecisionTree,DecisionTree_1
786,SI_ref_18,NaOH-activated SCW biochars,NPX,Secondary effluent,0.08538292965546301,0.09118292796409831,DecisionTree,DecisionTree_1
788,SI_ref_18,NaOH-activated SCW biochars,NPX,Secondary effluent,0.09141898602740345,0.09118292796409831,DecisionTree,DecisionTree_1
790,SI_ref_18,NaOH-activated SCW biochars,NPX,Secondary effluent,0.11725913824368146,0.09118292796409831,DecisionTree,DecisionTree_1
792,SI_ref_18,NaOH-activated SCW biochars,NPX,Secondary effluent,0.10630651659643675,0.09118292796409831,DecisionTree,DecisionTree_1
794,SI_ref_18,NaOH-activated SCW biochars,NPX,Secondary effluent,0.2275589654025283,0.09118292796409831,DecisionTree,DecisionTree_1
796,SI_ref_18,NaOH-activated SCW biochars,NPX,Secondary effluent,0.27043202483921047,0.09118292796409831,DecisionTree,DecisionTree_1
798,SI_ref_18,NaOH-activated SCW biochars,NPX,Secondary effluent,0.15082313311850198,0.09118292796409831,DecisionTree,DecisionTree_1
800,SI_ref_18,NaOH-activated SCW biochars,NPX,Secondary effluent,0.24701864815812044,0.09118292796409831,DecisionTree,DecisionTree_1
1156,SI_ref_17,Pristine SCG biochar,IBU,Synthetic,0.9684057270887299,0.9148804021993184,DecisionTree,DecisionTree_1
1158,SI_ref_17,Pristine SCG biochar,IBU,Synthetic,0.964180236157731,0.9148804021993184,DecisionTree,DecisionTree_1
1160,SI_ref_17,Pristine SCG biochar,IBU,Synthetic,0.9598191197252507,0.9148804021993184,DecisionTree,DecisionTree_1
1162,SI_ref_17,Pristine SCG biochar,IBU,Synthetic,0.9580437721935793,0.9148804021993184,DecisionTree,DecisionTree_1
1164,SI_ref_17,Pristine SCG biochar,IBU,Synthetic,0.9425460946241216,0.9148804021993184,DecisionTree,DecisionTree_1
1166,SI_ref_17,Pristine SCG biochar,IBU,Synthetic,0.9402369906408686,0.9148804021993184,DecisionTree,DecisionTree_1
1168,SI_ref_17,Pristine SCG biochar,IBU,Synthetic,0.9366107784098637,0.9148804021993184,DecisionTree,DecisionTree_1
1170,SI_ref_17,Pristine SCG biochar,IBU,Synthetic,0.7820004901373623,0.9148804021993184,DecisionTree,DecisionTree_1
1172,SI_ref_17,Pristine SCG biochar,IBU,Synthetic,0.9276141025756294,0.9148804021993184,DecisionTree,DecisionTree_1
1174,SI_ref_17,Pristine SCG biochar,IBU,Synthetic,0.918292455911169,0.9148804021993184,DecisionTree,DecisionTree_1
1176,SI_ref_17,Pristine SCG biochar,IBU,Synthetic,0.9133007565861092,0.9148804021993184,DecisionTree,DecisionTree_1
1178,SI_ref_17,Pristine SCG biochar,IBU,Synthetic,0.9182483670803396,0.9148804021993184,DecisionTree,DecisionTree_1
1180,SI_ref_17,Pristine SCG biochar,IBU,Synthetic,0.9167234922708469,0.9148804021993184,DecisionTree,DecisionTree_1
1182,SI_ref_17,Pristine SCG biochar,IBU,Synthetic,0.9122551436969301,0.9148804021993184,DecisionTree,DecisionTree_1
1184,SI_ref_17,Pristine SCG biochar,IBU,Synthetic,0.9484982246288517,0.9148804021993184,DecisionTree,DecisionTree_1
1186,SI_ref_17,Pristine SCG biochar,IBU,Synthetic,0.893754721851682,0.9148804021993184,DecisionTree,DecisionTree_1
1188,SI_ref_17,Pristine SCG biochar,IBU,Synthetic,0.8900227639990935,0.9148804021993184,DecisionTree,DecisionTree_1
1190,SI_ref_17,Pristine SCG biochar,IBU,Synthetic,0.924357415959487,0.9148804021993184,DecisionTree,DecisionTree_1
1192,SI_ref_17,Pristine SCG biochar,IBU,Synthetic,0.9226237248225028,0.9148804021993184,DecisionTree,DecisionTree_1
1194,SI_ref_17,Pristine SCG biochar,IBU,Synthetic,0.8857728699803085,0.9148804021993184,DecisionTree,DecisionTree_1
1254,SI_ref_18,Pristine SCW Biochar,IBU,Secondary effluent,0.9156726978407875,0.9148804021993184,DecisionTree,DecisionTree_1
1256,SI_ref_18,Pristine SCW Biochar,IBU,Secondary effluent,0.9079673942368781,0.9148804021993184,DecisionTree,DecisionTree_1
1258,SI_ref_18,Pristine SCW Biochar,IBU,Secondary effluent,0.9043236251446873,0.9148804021993184,DecisionTree,DecisionTree_1
1260,SI_ref_18,Pristine SCW Biochar,IBU,Secondary effluent,0.9020547983951682,0.9148804021993184,DecisionTree,DecisionTree_1
1262,SI_ref_18,Pristine SCW Biochar,IBU,Secondary effluent,0.9004882379050155,0.9148804021993184,DecisionTree,DecisionTree_1
1264,SI_ref_18,Pristine SCW Biochar,IBU,Secondary effluent,0.897458530238549,0.9148804021993184,DecisionTree,DecisionTree_1
1266,SI_ref_18,Pristine SCW Biochar,IBU,Secondary effluent,0.8973424975849196,0.9148804021993184,DecisionTree,DecisionTree_1
1267,SI_ref_18,Pristine SCW Biochar,IBU,Secondary effluent,0.8360939688333745,0.9148804021993184,DecisionTree,DecisionTree_1
1268,SI_ref_18,Pristine SCW Biochar,IBU,Secondary effluent,0.8984823855966844,0.9148804021993184,DecisionTree,DecisionTree_1
1270,SI_ref_18,Pristine SCW Biochar,IBU,Secondary effluent,0.8874692330465712,0.9148804021993184,DecisionTree,DecisionTree_1
1272,SI_ref_18,Pristine SCW Biochar,IBU,Secondary effluent,0.9012569556545285,0.9148804021993184,DecisionTree,DecisionTree_1
1274,SI_ref_18,Pristine SCW Biochar,IBU,Secondary effluent,0.8992057856547054,0.9148804021993184,DecisionTree,DecisionTree_1
1278,SI_ref_18,Pristine SCW Biochar,IBU,Secondary effluent,0.9165018852947014,0.9148804021993184,DecisionTree,DecisionTree_1
1282,SI_ref_18,Pristine SCW Biochar,IBU,Secondary effluent,0.9202396860047187,0.9148804021993184,DecisionTree,DecisionTree_1
1286,SI_ref_18,Pristine SCW Biochar,IBU,Secondary effluent,0.9152513064761528,0.9148804021993184,DecisionTree,DecisionTree_1
1290,SI_ref_18,Pristine SCW Biochar,IBU,Secondary effluent,0.9145713435205399,0.9148804021993184,DecisionTree,DecisionTree_1
1294,SI_ref_18,Pristine SCW Biochar,IBU,Secondary effluent,0.9194281493241605,0.9148804021993184,DecisionTree,DecisionTree_1
1299,SI_ref_18,Pristine SCW Biochar,IBU,Secondary effluent,0.891903218347585,0.9148804021993184,DecisionTree,DecisionTree_1
1301,SI_ref_18,Pristine SCW Biochar,IBU,Secondary effluent,0.9069133641489088,0.9148804021993184,DecisionTree,DecisionTree_1
1303,SI_ref_18,Pristine SCW Biochar,IBU,Secondary effluent,0.9145392250293353,0.9148804021993184,DecisionTree,DecisionTree_1
1304,SI_ref_18,Pristine SCW Biochar,IBU,Secondary effluent,0.911352956646831,0.9148804021993184,DecisionTree,DecisionTree_1
1305,SI_ref_18,Pristine SCW Biochar,IBU,Secondary effluent,0.8992133437264335,0.9148804021993184,DecisionTree,DecisionTree_1
1309,SI_ref_18,Pristine SCW Biochar,NPX,Secondary effluent,0.9276600601799115,0.9148804021993184,DecisionTree,DecisionTree_1
1311,SI_ref_18,Pristine SCW Biochar,NPX,Secondary effluent,0.9217275625657669,0.9148804021993184,DecisionTree,DecisionTree_1
1313,SI_ref_18,Pristine SCW Biochar,NPX,Secondary effluent,0.9151672500810683,0.9148804021993184,DecisionTree,DecisionTree_1
1315,SI_ref_18,Pristine SCW Biochar,NPX,Secondary effluent,0.914870212237198,0.9148804021993184,DecisionTree,DecisionTree_1
1317,SI_ref_18,Pristine SCW Biochar,NPX,Secondary effluent,0.9125118045566373,0.9148804021993184,DecisionTree,DecisionTree_1
1319,SI_ref_18,Pristine SCW Biochar,NPX,Secondary effluent,0.9122370962869346,0.9148804021993184,DecisionTree,DecisionTree_1
1321,SI_ref_18,Pristine SCW Biochar,NPX,Secondary effluent,0.9100475600528815,0.9148804021993184,DecisionTree,DecisionTree_1
1322,SI_ref_18,Pristine SCW Biochar,NPX,Secondary effluent,0.8724917016408669,0.9148804021993184,DecisionTree,DecisionTree_1
1323,SI_ref_18,Pristine SCW Biochar,NPX,Secondary effluent,0.9222871559920565,0.9148804021993184,DecisionTree,DecisionTree_1
1325,SI_ref_18,Pristine SCW Biochar,NPX,Secondary effluent,0.8954095327862793,0.9148804021993184,DecisionTree,DecisionTree_1
1327,SI_ref_18,Pristine SCW Biochar,NPX,Secondary effluent,0.9153416500332668,0.9148804021993184,DecisionTree,DecisionTree_1
1329,SI_ref_18,Pristine SCW Biochar,NPX,Secondary effluent,0.910898633301941,0.9148804021993184,DecisionTree,DecisionTree_1
1331,SI_ref_18,Pristine SCW Biochar,NPX,Secondary effluent,0.9081761980542199,0.9148804021993184,DecisionTree,DecisionTree_1
1333,SI_ref_18,Pristine SCW Biochar,NPX,Secondary effluent,0.9126518494691617,0.9148804021993184,DecisionTree,DecisionTree_1
1335,SI_ref_18,Pristine SCW Biochar,NPX,Secondary effluent,0.9091665914238204,0.9148804021993184,DecisionTree,DecisionTree_1
1337,SI_ref_18,Pristine SCW Biochar,NPX,Secondary effluent,0.9109852392346297,0.9148804021993184,DecisionTree,DecisionTree_1
1339,SI_ref_18,Pristine SCW Biochar,NPX,Secondary effluent,0.9170303341534803,0.9148804021993184,DecisionTree,DecisionTree_1
1341,SI_ref_18,Pristine SCW Biochar,NPX,Secondary effluent,0.9109021678864493,0.9148804021993184,DecisionTree,DecisionTree_1
1343,SI_ref_18,Pristine SCW Biochar,NPX,Secondary effluent,0.9138805167442893,0.9148804021993184,DecisionTree,DecisionTree_1
1345,SI_ref_18,Pristine SCW Biochar,NPX,Secondary effluent,0.9200278517039994,0.9148804021993184,DecisionTree,DecisionTree_1
1346,SI_ref_18,Pristine SCW Biochar,NPX,Secondary effluent,0.9136165317560039,0.9148804021993184,DecisionTree,DecisionTree_1
1347,SI_ref_18,Pristine SCW Biochar,NPX,Secondary effluent,0.9038576927569927,0.9148804021993184,DecisionTree,DecisionTree_1
189,SI_ref_17,Alkali-modified SCG biochars,IBU,Synthetic,0.6581206763788531,0.3533767187858653,ElasticNet,ElasticNet_2
191,SI_ref_17,Alkali-modified SCG biochars,IBU,Synthetic,0.6239833523895453,0.3458385626789876,ElasticNet,ElasticNet_2
193,SI_ref_17,Alkali-modified SCG biochars,IBU,Synthetic,0.5119378819344518,0.333726234711441,ElasticNet,ElasticNet_2
195,SI_ref_17,Alkali-modified SCG biochars,IBU,Synthetic,0.4585781550994164,0.32603779953997525,ElasticNet,ElasticNet_2
197,SI_ref_17,Alkali-modified SCG biochars,IBU,Synthetic,0.44243948810088646,0.3215326204496991,ElasticNet,ElasticNet_2
199,SI_ref_17,Alkali-modified SCG biochars,IBU,Synthetic,0.4544355679658596,0.3183339931774436,ElasticNet,ElasticNet_2
201,SI_ref_17,Alkali-modified SCG biochars,IBU,Synthetic,0.39592651561701936,0.3151340806042307,ElasticNet,ElasticNet_2
203,SI_ref_17,Alkali-modified SCG biochars,IBU,Synthetic,0.10913541523053398,0.2892946088475796,ElasticNet,ElasticNet_2
205,SI_ref_17,Alkali-modified SCG biochars,IBU,Synthetic,0.3052806700714839,0.3106224772333377,ElasticNet,ElasticNet_2
207,SI_ref_17,Alkali-modified SCG biochars,IBU,Synthetic,0.4311083753711556,0.3106224772333377,ElasticNet,ElasticNet_2
209,SI_ref_17,Alkali-modified SCG biochars,IBU,Synthetic,0.3789894895081609,0.3106224772333377,ElasticNet,ElasticNet_2
211,SI_ref_17,Alkali-modified SCG biochars,IBU,Synthetic,0.3304133868875155,0.3106224772333377,ElasticNet,ElasticNet_2
213,SI_ref_17,Alkali-modified SCG biochars,IBU,Synthetic,0.33928547446435453,0.3106224772333377,ElasticNet,ElasticNet_2
215,SI_ref_17,Alkali-modified SCG biochars,IBU,Synthetic,0.3234505141947598,0.3106224772333377,ElasticNet,ElasticNet_2
217,SI_ref_17,Alkali-modified SCG biochars,IBU,Synthetic,0.6889998443034063,0.33195034561909587,ElasticNet,ElasticNet_2
219,SI_ref_17,Alkali-modified SCG biochars,IBU,Synthetic,0.1184746430703935,0.3106224772333377,ElasticNet,ElasticNet_2
221,SI_ref_17,Alkali-modified SCG biochars,IBU,Synthetic,0.35446182653715885,0.3106224772333377,ElasticNet,ElasticNet_2
223,SI_ref_17,Alkali-modified SCG biochars,IBU,Synthetic,0.5365490577861332,0.3106224772333377,ElasticNet,ElasticNet_2
225,SI_ref_17,Alkali-modified SCG biochars,IBU,Synthetic,0.5901579894748284,0.3106224772333377,ElasticNet,ElasticNet_2
227,SI_ref_17,Alkali-modified SCG biochars,IBU,Synthetic,0.6910697148739985,0.3106224772333377,ElasticNet,ElasticNet_2
229,SI_ref_16,C-Biochar,ATE,Synthetic,0.8511111111111113,0.44753482366816505,ElasticNet,ElasticNet_2
230,SI_ref_16,C-Biochar,ATE,Synthetic,0.7400000000000001,0.45819875786104414,ElasticNet,ElasticNet_2
231,SI_ref_16,C-Biochar,ATE,Synthetic,0.7400000000000001,0.4762100303221958,ElasticNet,ElasticNet_2
232,SI_ref_16,C-Biochar,ATE,Synthetic,0.7453872053872055,0.4688626920539232,ElasticNet,ElasticNet_2
233,SI_ref_16,C-Biochar,ATE,Synthetic,0.8733333333333334,0.4688626920539232,ElasticNet,ElasticNet_2
234,SI_ref_16,C-Biochar,ATE,Synthetic,0.8288888888888891,0.4688626920539232,ElasticNet,ElasticNet_2
235,SI_ref_16,C-Biochar,ATE,Synthetic,0.8511111111111113,0.4688626920539232,ElasticNet,ElasticNet_2
236,SI_ref_16,C-Biochar,ATE,Synthetic,0.7844444444444446,0.4688626920539232,ElasticNet,ElasticNet_2
237,SI_ref_16,C-Biochar,ATE,Synthetic,0.8733333333333334,0.4688626920539232,ElasticNet,ElasticNet_2
238,SI_ref_16,C-Biochar,ATE,Synthetic,0.6733333333333335,0.4615153537856507,ElasticNet,ElasticNet_2
239,SI_ref_16,C-Biochar,ATE,Synthetic,0.6511111111111112,0.4541680155173782,ElasticNet,ElasticNet_2
240,SI_ref_16,C-Biochar,ATE,Synthetic,0.6288888888888889,0.47952662624680226,ElasticNet,ElasticNet_2
241,SI_ref_16,C-Biochar,ATE,Synthetic,0.7774074074074075,0.4688626920539232,ElasticNet,ElasticNet_2
242,SI_ref_16,C-Biochar,ATE,Synthetic,0.7824691358024691,0.4688626920539232,ElasticNet,ElasticNet_2
243,SI_ref_16,C-Biochar,ATE,Synthetic,0.8257777777777777,0.4688626920539232,ElasticNet,ElasticNet_2
244,SI_ref_16,C-Biochar,ATE,Synthetic,0.8438888888888889,0.4688626920539232,ElasticNet,ElasticNet_2
245,SI_ref_16,C-Biochar,ATE,Synthetic,0.8562222222222223,0.4688626920539232,ElasticNet,ElasticNet_2
263,SI_ref_16,C-Biochar,IBU,Synthetic,0.5333333333333333,0.44753482366816505,ElasticNet,ElasticNet_2
264,SI_ref_16,C-Biochar,IBU,Synthetic,0.7333333333333333,0.45819875786104414,ElasticNet,ElasticNet_2
265,SI_ref_16,C-Biochar,IBU,Synthetic,0.6000000000000001,0.4762100303221958,ElasticNet,ElasticNet_2
266,SI_ref_16,C-Biochar,IBU,Synthetic,0.6121212121212122,0.4688626920539232,ElasticNet,ElasticNet_2
267,SI_ref_16,C-Biochar,IBU,Synthetic,0.7333333333333333,0.4688626920539232,ElasticNet,ElasticNet_2
268,SI_ref_16,C-Biochar,IBU,Synthetic,0.5333333333333333,0.4688626920539232,ElasticNet,ElasticNet_2
269,SI_ref_16,C-Biochar,IBU,Synthetic,0.4666666666666666,0.4688626920539232,ElasticNet,ElasticNet_2
270,SI_ref_16,C-Biochar,IBU,Synthetic,0.5555555555555556,0.4688626920539232,ElasticNet,ElasticNet_2
271,SI_ref_16,C-Biochar,IBU,Synthetic,0.6000000000000001,0.4688626920539232,ElasticNet,ElasticNet_2
272,SI_ref_16,C-Biochar,IBU,Synthetic,0.6000000000000001,0.4615153537856507,ElasticNet,ElasticNet_2
273,SI_ref_16,C-Biochar,IBU,Synthetic,0.6000000000000001,0.4541680155173782,ElasticNet,ElasticNet_2
274,SI_ref_16,C-Biochar,IBU,Synthetic,1.0666666666666667,0.47952662624680226,ElasticNet,ElasticNet_2
275,SI_ref_16,C-Biochar,IBU,Synthetic,0.5277777777777777,0.4688626920539232,ElasticNet,ElasticNet_2
276,SI_ref_16,C-Biochar,IBU,Synthetic,0.7,0.4688626920539232,ElasticNet,ElasticNet_2
277,SI_ref_16,C-Biochar,IBU,Synthetic,0.7844444444444444,0.4688626920539232,ElasticNet,ElasticNet_2
278,SI_ref_16,C-Biochar,IBU,Synthetic,0.8430555555555557,0.4688626920539232,ElasticNet,ElasticNet_2
279,SI_ref_16,C-Biochar,IBU,Synthetic,0.861111111111111,0.4688626920539232,ElasticNet,ElasticNet_2
354,SI_ref_14,GCRB,DIU,Synthetic,0.983291565929579,1.0580543668240543,ElasticNet,ElasticNet_2
355,SI_ref_14,GCRB,DIU,Synthetic,0.9782739977994132,1.0505162107171766,ElasticNet,ElasticNet_2
356,SI_ref_14,GCRB,DIU,Synthetic,0.9708791324637501,1.042888628180459,ElasticNet,ElasticNet_2
357,SI_ref_14,GCRB,DIU,Synthetic,0.964507517643233,1.0352155005803776,ElasticNet,ElasticNet_2
358,SI_ref_14,GCRB,DIU,Synthetic,0.960647920928618,1.0275193877915139,ElasticNet,ElasticNet_2
359,SI_ref_14,GCRB,DIU,Synthetic,0.9584857336381704,1.0230116412156325,ElasticNet,ElasticNet_2
360,SI_ref_14,GCRB,DIU,Synthetic,0.9536869714697045,1.0198117286424198,ElasticNet,ElasticNet_2
361,SI_ref_14,GCRB,DIU,Synthetic,0.9291396445453227,0.9939722568857685,ElasticNet,ElasticNet_2
362,SI_ref_14,GCRB,DIU,Synthetic,0.9775416982957918,1.0226474635397993,ElasticNet,ElasticNet_2
363,SI_ref_14,GCRB,DIU,Synthetic,0.9527369648004039,1.0153001252715268,ElasticNet,ElasticNet_2
364,SI_ref_14,GCRB,DIU,Synthetic,0.9478201604463821,1.0153001252715268,ElasticNet,ElasticNet_2
365,SI_ref_14,GCRB,DIU,Synthetic,0.9265327424413893,1.0153001252715268,ElasticNet,ElasticNet_2
366,SI_ref_14,GCRB,DIU,Synthetic,0.9253239651903417,1.0153001252715268,ElasticNet,ElasticNet_2
367,SI_ref_14,GCRB,DIU,Synthetic,0.9238760352548926,1.0153001252715268,ElasticNet,ElasticNet_2
368,SI_ref_14,GCRB,DIU,Synthetic,0.9417552695951205,1.007952787003254,ElasticNet,ElasticNet_2
369,SI_ref_14,GCRB,DIU,Synthetic,0.9147016410628197,1.007952787003254,ElasticNet,ElasticNet_2
370,SI_ref_14,GCRB,DIU,Synthetic,0.9192051981667979,1.0366279936572849,ElasticNet,ElasticNet_2
371,SI_ref_14,GCRB,DIU,Synthetic,0.9535021691371877,1.0153001252715268,ElasticNet,ElasticNet_2
372,SI_ref_14,GCRB,DIU,Synthetic,0.9661748102299111,1.0153001252715268,ElasticNet,ElasticNet_2
373,SI_ref_14,GCRB,DIU,Synthetic,1.0173780045422414,1.0153001252715268,ElasticNet,ElasticNet_2
374,SI_ref_14,GCRB,DIU,Synthetic,1.0082496176169822,1.0153001252715268,ElasticNet,ElasticNet_2
375,SI_ref_14,GCRB,DIU,Synthetic,0.9496862840784065,1.0153001252715268,ElasticNet,ElasticNet_2
439,SI_ref_14,GCRB-N,DIU,Synthetic,0.6654043880576614,0.577277565503157,ElasticNet,ElasticNet_2
440,SI_ref_14,GCRB-N,DIU,Synthetic,0.5844535743219663,0.5697394093962792,ElasticNet,ElasticNet_2
441,SI_ref_14,GCRB-N,DIU,Synthetic,0.5079200907404222,0.5621118268595617,ElasticNet,ElasticNet_2
442,SI_ref_14,GCRB-N,DIU,Synthetic,0.37854626102465844,0.5544386992594802,ElasticNet,ElasticNet_2
443,SI_ref_14,GCRB-N,DIU,Synthetic,0.26690125827656935,0.5467425864706166,ElasticNet,ElasticNet_2
444,SI_ref_14,GCRB-N,DIU,Synthetic,0.2332409918272794,0.5422348398947352,ElasticNet,ElasticNet_2
445,SI_ref_14,GCRB-N,DIU,Synthetic,0.1951305004086504,0.5390349273215224,ElasticNet,ElasticNet_2
446,SI_ref_14,GCRB-N,DIU,Synthetic,0.2075726875081201,0.5131954555648712,ElasticNet,ElasticNet_2
447,SI_ref_14,GCRB-N,DIU,Synthetic,0.26826652394124667,0.5418706622189019,ElasticNet,ElasticNet_2
448,SI_ref_14,GCRB-N,DIU,Synthetic,0.1819381767074788,0.5345233239506293,ElasticNet,ElasticNet_2
449,SI_ref_14,GCRB-N,DIU,Synthetic,0.15093015054787579,0.5271759856823568,ElasticNet,ElasticNet_2
450,SI_ref_14,GCRB-N,DIU,Synthetic,0.1736169508150928,0.5271759856823568,ElasticNet,ElasticNet_2
451,SI_ref_14,GCRB-N,DIU,Synthetic,0.16382165003373128,0.5558511923363875,ElasticNet,ElasticNet_2
452,SI_ref_14,GCRB-N,DIU,Synthetic,0.1932052297084895,0.5345233239506293,ElasticNet,ElasticNet_2
453,SI_ref_14,GCRB-N,DIU,Synthetic,0.1683505359330984,0.5345155983092826,ElasticNet,ElasticNet_2
454,SI_ref_14,GCRB-N,DIU,Synthetic,0.1647692025710552,0.5345078780236667,ElasticNet,ElasticNet_2
455,SI_ref_14,GCRB-N,DIU,Synthetic,0.3384549122360595,0.5345078780236667,ElasticNet,ElasticNet_2
456,SI_ref_14,GCRB-N,DIU,Synthetic,0.1402528461142079,0.5345001630863615,ElasticNet,ElasticNet_2
457,SI_ref_14,GCRB-N,DIU,Synthetic,0.5187315058108145,0.5345001630863615,ElasticNet,ElasticNet_2
458,SI_ref_14,GCRB-N,DIU,Synthetic,0.12629127082807837,0.5344924534899618,ElasticNet,ElasticNet_2
459,SI_ref_14,GCRB-N,DIU,Synthetic,0.6455190877003087,0.5344924534899618,ElasticNet,ElasticNet_2
460,SI_ref_14,GCRB-N,DIU,Synthetic,0.12138562309836234,0.5344847492270777,ElasticNet,ElasticNet_2
461,SI_ref_14,GCRB-N,DIU,Synthetic,0.6666027581171994,0.5344847492270777,ElasticNet,ElasticNet_2
462,SI_ref_14,GCRB-N,DIU,Synthetic,0.16773925939532233,0.534477050290335,ElasticNet,ElasticNet_2
463,SI_ref_14,GCRB-N,DIU,Synthetic,0.15967117649899737,0.5344693566723746,ElasticNet,ElasticNet_2
464,SI_ref_14,GCRB-N,DIU,Synthetic,0.27418422723714847,0.5344693566723746,ElasticNet,ElasticNet_2
465,SI_ref_14,GCRB-N,DIU,Synthetic,0.1405827183894587,0.5344616683658526,ElasticNet,ElasticNet_2
466,SI_ref_14,GCRB-N,DIU,Synthetic,0.5605758859577746,0.5344616683658526,ElasticNet,ElasticNet_2
467,SI_ref_14,GCRB-N,DIU,Synthetic,0.13173953864692908,0.5344539853634405,ElasticNet,ElasticNet_2
468,SI_ref_14,GCRB-N,DIU,Synthetic,0.6564705601884918,0.5344539853634405,ElasticNet,ElasticNet_2
469,SI_ref_14,GCRB-N,DIU,Synthetic,0.12617131727344172,0.5344463076578245,ElasticNet,ElasticNet_2
470,SI_ref_14,GCRB-N,DIU,Synthetic,0.6552893507455957,0.5344463076578245,ElasticNet,ElasticNet_2
471,SI_ref_14,GCRB-N,DIU,Synthetic,0.1676281074261493,0.5344386352417065,ElasticNet,ElasticNet_2
472,SI_ref_14,GCRB-N,DIU,Synthetic,0.1622201895350263,0.5344309681078032,ElasticNet,ElasticNet_2
473,SI_ref_14,GCRB-N,DIU,Synthetic,0.31928006415696586,0.5344309681078032,ElasticNet,ElasticNet_2
474,SI_ref_14,GCRB-N,DIU,Synthetic,0.14041778225183332,0.5344233062488462,ElasticNet,ElasticNet_2
475,SI_ref_14,GCRB-N,DIU,Synthetic,0.5410485473017326,0.5344233062488462,ElasticNet,ElasticNet_2
476,SI_ref_14,GCRB-N,DIU,Synthetic,0.12901540473750372,0.5344156496575823,ElasticNet,ElasticNet_2
477,SI_ref_14,GCRB-N,DIU,Synthetic,0.6413243626564091,0.5344156496575823,ElasticNet,ElasticNet_2
478,SI_ref_14,GCRB-N,DIU,Synthetic,0.12377847018590202,0.534407998326773,ElasticNet,ElasticNet_2
479,SI_ref_14,GCRB-N,DIU,Synthetic,0.665837914589971,0.534407998326773,ElasticNet,ElasticNet_2
699,SI_ref_18,NaOH-activated SCW biochars,IBU,Secondary effluent,0.8098199350756726,0.4540528211636212,ElasticNet,ElasticNet_2
701,SI_ref_18,NaOH-activated SCW biochars,IBU,Secondary effluent,0.7485969905050348,0.4465146650567434,ElasticNet,ElasticNet_2
703,SI_ref_18,NaOH-activated SCW biochars,IBU,Secondary effluent,0.6850179499229786,0.43888708252002595,ElasticNet,ElasticNet_2
705,SI_ref_18,NaOH-activated SCW biochars,IBU,Secondary effluent,0.6861011679416551,0.4312139549199444,ElasticNet,ElasticNet_2
707,SI_ref_18,NaOH-activated SCW biochars,IBU,Secondary effluent,0.6799185617433835,0.4235178421310809,ElasticNet,ElasticNet_2
709,SI_ref_18,NaOH-activated SCW biochars,IBU,Secondary effluent,0.6765813990931481,0.4190100955551995,ElasticNet,ElasticNet_2
711,SI_ref_18,NaOH-activated SCW biochars,IBU,Secondary effluent,0.6777803451607008,0.4158101829819866,ElasticNet,ElasticNet_2
713,SI_ref_18,NaOH-activated SCW biochars,IBU,Secondary effluent,0.19946424836974086,0.4112985796110936,ElasticNet,ElasticNet_2
715,SI_ref_18,NaOH-activated SCW biochars,IBU,Secondary effluent,0.45728603839109744,0.4112985796110936,ElasticNet,ElasticNet_2
717,SI_ref_18,NaOH-activated SCW biochars,IBU,Secondary effluent,0.5431517029603264,0.40063464541821453,ElasticNet,ElasticNet_2
719,SI_ref_18,NaOH-activated SCW biochars,IBU,Secondary effluent,0.6932620426015607,0.4186459178793661,ElasticNet,ElasticNet_2
721,SI_ref_18,NaOH-activated SCW biochars,IBU,Secondary effluent,0.675113405421536,0.4112985796110936,ElasticNet,ElasticNet_2
725,SI_ref_18,NaOH-activated SCW biochars,IBU,Secondary effluent,0.6458796718925713,0.4112985796110936,ElasticNet,ElasticNet_2
729,SI_ref_18,NaOH-activated SCW biochars,IBU,Secondary effluent,0.6230174196820357,0.4112985796110936,ElasticNet,ElasticNet_2
733,SI_ref_18,NaOH-activated SCW biochars,IBU,Secondary effluent,0.6232264558664639,0.4112985796110936,ElasticNet,ElasticNet_2
737,SI_ref_18,NaOH-activated SCW biochars,IBU,Secondary effluent,0.6321330290401536,0.4112985796110936,ElasticNet,ElasticNet_2
741,SI_ref_18,NaOH-activated SCW biochars,IBU,Secondary effluent,0.6274964829882473,0.4112985796110936,ElasticNet,ElasticNet_2
746,SI_ref_18,NaOH-activated SCW biochars,IBU,Secondary effluent,0.6482993087024828,0.40395124134282107,ElasticNet,ElasticNet_2
748,SI_ref_18,NaOH-activated SCW biochars,IBU,Secondary effluent,0.7478636767346728,0.42196251380397265,ElasticNet,ElasticNet_2
750,SI_ref_18,NaOH-activated SCW biochars,IBU,Secondary effluent,0.811827151849907,0.4326264479968517,ElasticNet,ElasticNet_2
752,SI_ref_18,NaOH-activated SCW biochars,IBU,Secondary effluent,0.7252319435730717,0.4112985796110936,ElasticNet,ElasticNet_2
754,SI_ref_18,NaOH-activated SCW biochars,IBU,Secondary effluent,0.7786423949758233,0.4112985796110936,ElasticNet,ElasticNet_2
758,SI_ref_18,NaOH-activated SCW biochars,NPX,Secondary effluent,0.5521972966156422,0.38320568875873373,ElasticNet,ElasticNet_2
760,SI_ref_18,NaOH-activated SCW biochars,NPX,Secondary effluent,0.4814245289032641,0.37566753265185604,ElasticNet,ElasticNet_2
762,SI_ref_18,NaOH-activated SCW biochars,NPX,Secondary effluent,0.34455951981715066,0.36803995011513857,ElasticNet,ElasticNet_2
764,SI_ref_18,NaOH-activated SCW biochars,NPX,Secondary effluent,0.2493517679350271,0.3603668225150569,ElasticNet,ElasticNet_2
766,SI_ref_18,NaOH-activated SCW biochars,NPX,Secondary effluent,0.16764900163614713,0.3526707097261934,ElasticNet,ElasticNet_2
768,SI_ref_18,NaOH-activated SCW biochars,NPX,Secondary effluent,0.12846350911521487,0.34816296315031203,ElasticNet,ElasticNet_2
770,SI_ref_18,NaOH-activated SCW biochars,NPX,Secondary effluent,0.12873702561203082,0.3449630505770991,ElasticNet,ElasticNet_2
772,SI_ref_18,NaOH-activated SCW biochars,NPX,Secondary effluent,0.026110640989477824,0.3404514472062061,ElasticNet,ElasticNet_2
774,SI_ref_18,NaOH-activated SCW biochars,NPX,Secondary effluent,0.054870517105304405,0.3404514472062061,ElasticNet,ElasticNet_2
776,SI_ref_18,NaOH-activated SCW biochars,NPX,Secondary effluent,0.048092629555703405,0.32978751301332704,ElasticNet,ElasticNet_2
778,SI_ref_18,NaOH-activated SCW biochars,NPX,Secondary effluent,0.16521082834331338,0.3477987854744786,ElasticNet,ElasticNet_2
780,SI_ref_18,NaOH-activated SCW biochars,NPX,Secondary effluent,0.11864589305153721,0.3404514472062061,ElasticNet,ElasticNet_2
782,SI_ref_18,NaOH-activated SCW biochars,NPX,Secondary effluent,0.10983576367726838,0.3404514472062061,ElasticNet,ElasticNet_2
784,SI_ref_18,NaOH-activated SCW biochars,NPX,Secondary effluent,0.10668866579384965,0.3404514472062061,ElasticNet,ElasticNet_2
786,SI_ref_18,NaOH-activated SCW biochars,NPX,Secondary effluent,0.08538292965546301,0.3404514472062061,ElasticNet,ElasticNet_2
788,SI_ref_18,NaOH-activated SCW biochars,NPX,Secondary effluent,0.09141898602740345,0.3404514472062061,ElasticNet,ElasticNet_2
790,SI_ref_18,NaOH-activated SCW biochars,NPX,Secondary effluent,0.11725913824368146,0.3404514472062061,ElasticNet,ElasticNet_2
792,SI_ref_18,NaOH-activated SCW biochars,NPX,Secondary effluent,0.10630651659643675,0.3331041089379336,ElasticNet,ElasticNet_2
794,SI_ref_18,NaOH-activated SCW biochars,NPX,Secondary effluent,0.2275589654025283,0.35111538139908516,ElasticNet,ElasticNet_2
796,SI_ref_18,NaOH-activated SCW biochars,NPX,Secondary effluent,0.27043202483921047,0.3617793155919642,ElasticNet,ElasticNet_2
798,SI_ref_18,NaOH-activated SCW biochars,NPX,Secondary effluent,0.15082313311850198,0.3404514472062061,ElasticNet,ElasticNet_2
800,SI_ref_18,NaOH-activated SCW biochars,NPX,Secondary effluent,0.24701864815812044,0.3404514472062061,ElasticNet,ElasticNet_2
1156,SI_ref_17,Pristine SCG biochar,IBU,Synthetic,0.9684057270887299,0.9234096053671251,ElasticNet,ElasticNet_2
1158,SI_ref_17,Pristine SCG biochar,IBU,Synthetic,0.964180236157731,0.9158714492602473,ElasticNet,ElasticNet_2
1160,SI_ref_17,Pristine SCG biochar,IBU,Synthetic,0.9598191197252507,0.9037591212927008,ElasticNet,ElasticNet_2
1162,SI_ref_17,Pristine SCG biochar,IBU,Synthetic,0.9580437721935793,0.8960706861212351,ElasticNet,ElasticNet_2
1164,SI_ref_17,Pristine SCG biochar,IBU,Synthetic,0.9425460946241216,0.8915655070309589,ElasticNet,ElasticNet_2
1166,SI_ref_17,Pristine SCG biochar,IBU,Synthetic,0.9402369906408686,0.8883668797587034,ElasticNet,ElasticNet_2
1168,SI_ref_17,Pristine SCG biochar,IBU,Synthetic,0.9366107784098637,0.8851669671854905,ElasticNet,ElasticNet_2
1170,SI_ref_17,Pristine SCG biochar,IBU,Synthetic,0.7820004901373623,0.8593274954288393,ElasticNet,ElasticNet_2
1172,SI_ref_17,Pristine SCG biochar,IBU,Synthetic,0.9276141025756294,0.8806553638145975,ElasticNet,ElasticNet_2
1174,SI_ref_17,Pristine SCG biochar,IBU,Synthetic,0.918292455911169,0.8806553638145975,ElasticNet,ElasticNet_2
1176,SI_ref_17,Pristine SCG biochar,IBU,Synthetic,0.9133007565861092,0.8806553638145975,ElasticNet,ElasticNet_2
1178,SI_ref_17,Pristine SCG biochar,IBU,Synthetic,0.9182483670803396,0.8806553638145975,ElasticNet,ElasticNet_2
1180,SI_ref_17,Pristine SCG biochar,IBU,Synthetic,0.9167234922708469,0.8806553638145975,ElasticNet,ElasticNet_2
1182,SI_ref_17,Pristine SCG biochar,IBU,Synthetic,0.9122551436969301,0.8806553638145975,ElasticNet,ElasticNet_2
1184,SI_ref_17,Pristine SCG biochar,IBU,Synthetic,0.9484982246288517,0.9019832322003556,ElasticNet,ElasticNet_2
1186,SI_ref_17,Pristine SCG biochar,IBU,Synthetic,0.893754721851682,0.8806553638145975,ElasticNet,ElasticNet_2
1188,SI_ref_17,Pristine SCG biochar,IBU,Synthetic,0.8900227639990935,0.8806553638145975,ElasticNet,ElasticNet_2
1190,SI_ref_17,Pristine SCG biochar,IBU,Synthetic,0.924357415959487,0.8806553638145975,ElasticNet,ElasticNet_2
1192,SI_ref_17,Pristine SCG biochar,IBU,Synthetic,0.9226237248225028,0.8806553638145975,ElasticNet,ElasticNet_2
1194,SI_ref_17,Pristine SCG biochar,IBU,Synthetic,0.8857728699803085,0.8806553638145975,ElasticNet,ElasticNet_2
1254,SI_ref_18,Pristine SCW Biochar,IBU,Secondary effluent,0.9156726978407875,1.0255042333673516,ElasticNet,ElasticNet_2
1256,SI_ref_18,Pristine SCW Biochar,IBU,Secondary effluent,0.9079673942368781,1.017966077260474,ElasticNet,ElasticNet_2
1258,SI_ref_18,Pristine SCW Biochar,IBU,Secondary effluent,0.9043236251446873,1.0103384947237564,ElasticNet,ElasticNet_2
1260,SI_ref_18,Pristine SCW Biochar,IBU,Secondary effluent,0.9020547983951682,1.002665367123675,ElasticNet,ElasticNet_2
1262,SI_ref_18,Pristine SCW Biochar,IBU,Secondary effluent,0.9004882379050155,0.9949692543348112,ElasticNet,ElasticNet_2
1264,SI_ref_18,Pristine SCW Biochar,IBU,Secondary effluent,0.897458530238549,0.9904615077589298,ElasticNet,ElasticNet_2
1266,SI_ref_18,Pristine SCW Biochar,IBU,Secondary effluent,0.8973424975849196,0.987261595185717,ElasticNet,ElasticNet_2
1267,SI_ref_18,Pristine SCW Biochar,IBU,Secondary effluent,0.8360939688333745,0.9827499918148239,ElasticNet,ElasticNet_2
1268,SI_ref_18,Pristine SCW Biochar,IBU,Secondary effluent,0.8984823855966844,0.9827499918148239,ElasticNet,ElasticNet_2
1270,SI_ref_18,Pristine SCW Biochar,IBU,Secondary effluent,0.8874692330465712,0.9720860576219449,ElasticNet,ElasticNet_2
1272,SI_ref_18,Pristine SCW Biochar,IBU,Secondary effluent,0.9012569556545285,0.9900973300830965,ElasticNet,ElasticNet_2
1274,SI_ref_18,Pristine SCW Biochar,IBU,Secondary effluent,0.8992057856547054,0.9827499918148239,ElasticNet,ElasticNet_2
1278,SI_ref_18,Pristine SCW Biochar,IBU,Secondary effluent,0.9165018852947014,0.9827499918148239,ElasticNet,ElasticNet_2
1282,SI_ref_18,Pristine SCW Biochar,IBU,Secondary effluent,0.9202396860047187,0.9827499918148239,ElasticNet,ElasticNet_2
1286,SI_ref_18,Pristine SCW Biochar,IBU,Secondary effluent,0.9152513064761528,0.9827499918148239,ElasticNet,ElasticNet_2
1290,SI_ref_18,Pristine SCW Biochar,IBU,Secondary effluent,0.9145713435205399,0.9827499918148239,ElasticNet,ElasticNet_2
1294,SI_ref_18,Pristine SCW Biochar,IBU,Secondary effluent,0.9194281493241605,0.9827499918148239,ElasticNet,ElasticNet_2
1299,SI_ref_18,Pristine SCW Biochar,IBU,Secondary effluent,0.891903218347585,0.9754026535465514,ElasticNet,ElasticNet_2
1301,SI_ref_18,Pristine SCW Biochar,IBU,Secondary effluent,0.9069133641489088,0.9934139260077031,ElasticNet,ElasticNet_2
1303,SI_ref_18,Pristine SCW Biochar,IBU,Secondary effluent,0.9145392250293353,1.004077860200582,ElasticNet,ElasticNet_2
1304,SI_ref_18,Pristine SCW Biochar,IBU,Secondary effluent,0.911352956646831,0.9827499918148239,ElasticNet,ElasticNet_2
1305,SI_ref_18,Pristine SCW Biochar,IBU,Secondary effluent,0.8992133437264335,0.9827499918148239,ElasticNet,ElasticNet_2
1309,SI_ref_18,Pristine SCW Biochar,NPX,Secondary effluent,0.9276600601799115,0.9546571009624641,ElasticNet,ElasticNet_2
1311,SI_ref_18,Pristine SCW Biochar,NPX,Secondary effluent,0.9217275625657669,0.9471189448555863,ElasticNet,ElasticNet_2
1313,SI_ref_18,Pristine SCW Biochar,NPX,Secondary effluent,0.9151672500810683,0.939491362318869,ElasticNet,ElasticNet_2
1315,SI_ref_18,Pristine SCW Biochar,NPX,Secondary effluent,0.914870212237198,0.9318182347187873,ElasticNet,ElasticNet_2
1317,SI_ref_18,Pristine SCW Biochar,NPX,Secondary effluent,0.9125118045566373,0.9241221219299238,ElasticNet,ElasticNet_2
1319,SI_ref_18,Pristine SCW Biochar,NPX,Secondary effluent,0.9122370962869346,0.9196143753540424,ElasticNet,ElasticNet_2
1321,SI_ref_18,Pristine SCW Biochar,NPX,Secondary effluent,0.9100475600528815,0.9164144627808295,ElasticNet,ElasticNet_2
1322,SI_ref_18,Pristine SCW Biochar,NPX,Secondary effluent,0.8724917016408669,0.9119028594099365,ElasticNet,ElasticNet_2
1323,SI_ref_18,Pristine SCW Biochar,NPX,Secondary effluent,0.9222871559920565,0.9119028594099365,ElasticNet,ElasticNet_2
1325,SI_ref_18,Pristine SCW Biochar,NPX,Secondary effluent,0.8954095327862793,0.9012389252170575,ElasticNet,ElasticNet_2
1327,SI_ref_18,Pristine SCW Biochar,NPX,Secondary effluent,0.9153416500332668,0.919250197678209,ElasticNet,ElasticNet_2
1329,SI_ref_18,Pristine SCW Biochar,NPX,Secondary effluent,0.910898633301941,0.9119028594099365,ElasticNet,ElasticNet_2
1331,SI_ref_18,Pristine SCW Biochar,NPX,Secondary effluent,0.9081761980542199,0.9119028594099365,ElasticNet,ElasticNet_2
1333,SI_ref_18,Pristine SCW Biochar,NPX,Secondary effluent,0.9126518494691617,0.9119028594099365,ElasticNet,ElasticNet_2
1335,SI_ref_18,Pristine SCW Biochar,NPX,Secondary effluent,0.9091665914238204,0.9119028594099365,ElasticNet,ElasticNet_2
1337,SI_ref_18,Pristine SCW Biochar,NPX,Secondary effluent,0.9109852392346297,0.9119028594099365,ElasticNet,ElasticNet_2
1339,SI_ref_18,Pristine SCW Biochar,NPX,Secondary effluent,0.9170303341534803,0.9119028594099365,ElasticNet,ElasticNet_2
1341,SI_ref_18,Pristine SCW Biochar,NPX,Secondary effluent,0.9109021678864493,0.904555521141664,ElasticNet,ElasticNet_2
1343,SI_ref_18,Pristine SCW Biochar,NPX,Secondary effluent,0.9138805167442893,0.9225667936028156,ElasticNet,ElasticNet_2
1345,SI_ref_18,Pristine SCW Biochar,NPX,Secondary effluent,0.9200278517039994,0.9332307277956947,ElasticNet,ElasticNet_2
1346,SI_ref_18,Pristine SCW Biochar,NPX,Secondary effluent,0.9136165317560039,0.9119028594099365,ElasticNet,ElasticNet_2
1347,SI_ref_18,Pristine SCW Biochar,NPX,Secondary effluent,0.9038576927569927,0.9119028594099365,ElasticNet,ElasticNet_2
189,SI_ref_17,Alkali-modified SCG biochars,IBU,Synthetic,0.6581206763788531,0.30145836880543564,ExtraTrees,ExtraTrees_1
191,SI_ref_17,Alkali-modified SCG biochars,IBU,Synthetic,0.6239833523895453,0.30042122932757037,ExtraTrees,ExtraTrees_1
193,SI_ref_17,Alkali-modified SCG biochars,IBU,Synthetic,0.5119378819344518,0.29359473639805994,ExtraTrees,ExtraTrees_1
195,SI_ref_17,Alkali-modified SCG biochars,IBU,Synthetic,0.4585781550994164,0.2815053892015372,ExtraTrees,ExtraTrees_1
197,SI_ref_17,Alkali-modified SCG biochars,IBU,Synthetic,0.44243948810088646,0.2797181796408012,ExtraTrees,ExtraTrees_1
199,SI_ref_17,Alkali-modified SCG biochars,IBU,Synthetic,0.4544355679658596,0.2798568087604369,ExtraTrees,ExtraTrees_1
201,SI_ref_17,Alkali-modified SCG biochars,IBU,Synthetic,0.39592651561701936,0.2927347413393218,ExtraTrees,ExtraTrees_1
203,SI_ref_17,Alkali-modified SCG biochars,IBU,Synthetic,0.10913541523053398,0.32126205456757795,ExtraTrees,ExtraTrees_1
205,SI_ref_17,Alkali-modified SCG biochars,IBU,Synthetic,0.3052806700714839,0.32126205456757795,ExtraTrees,ExtraTrees_1
207,SI_ref_17,Alkali-modified SCG biochars,IBU,Synthetic,0.4311083753711556,0.32126205456757795,ExtraTrees,ExtraTrees_1
209,SI_ref_17,Alkali-modified SCG biochars,IBU,Synthetic,0.3789894895081609,0.32126205456757795,ExtraTrees,ExtraTrees_1
211,SI_ref_17,Alkali-modified SCG biochars,IBU,Synthetic,0.3304133868875155,0.32126205456757795,ExtraTrees,ExtraTrees_1
213,SI_ref_17,Alkali-modified SCG biochars,IBU,Synthetic,0.33928547446435453,0.32126205456757795,ExtraTrees,ExtraTrees_1
215,SI_ref_17,Alkali-modified SCG biochars,IBU,Synthetic,0.3234505141947598,0.32126205456757795,ExtraTrees,ExtraTrees_1
217,SI_ref_17,Alkali-modified SCG biochars,IBU,Synthetic,0.6889998443034063,0.32126205456757795,ExtraTrees,ExtraTrees_1
219,SI_ref_17,Alkali-modified SCG biochars,IBU,Synthetic,0.1184746430703935,0.32126205456757795,ExtraTrees,ExtraTrees_1
221,SI_ref_17,Alkali-modified SCG biochars,IBU,Synthetic,0.35446182653715885,0.32126205456757795,ExtraTrees,ExtraTrees_1
223,SI_ref_17,Alkali-modified SCG biochars,IBU,Synthetic,0.5365490577861332,0.32126205456757795,ExtraTrees,ExtraTrees_1
225,SI_ref_17,Alkali-modified SCG biochars,IBU,Synthetic,0.5901579894748284,0.32126205456757795,ExtraTrees,ExtraTrees_1
227,SI_ref_17,Alkali-modified SCG biochars,IBU,Synthetic,0.6910697148739985,0.32126205456757795,ExtraTrees,ExtraTrees_1
229,SI_ref_16,C-Biochar,ATE,Synthetic,0.8511111111111113,0.5554887004458113,ExtraTrees,ExtraTrees_1
230,SI_ref_16,C-Biochar,ATE,Synthetic,0.7400000000000001,0.5554887004458113,ExtraTrees,ExtraTrees_1
231,SI_ref_16,C-Biochar,ATE,Synthetic,0.7400000000000001,0.5562983677438228,ExtraTrees,ExtraTrees_1
232,SI_ref_16,C-Biochar,ATE,Synthetic,0.7453872053872055,0.5560275198631937,ExtraTrees,ExtraTrees_1
233,SI_ref_16,C-Biochar,ATE,Synthetic,0.8733333333333334,0.5560275198631937,ExtraTrees,ExtraTrees_1
234,SI_ref_16,C-Biochar,ATE,Synthetic,0.8288888888888891,0.5560275198631937,ExtraTrees,ExtraTrees_1
235,SI_ref_16,C-Biochar,ATE,Synthetic,0.8511111111111113,0.5560275198631937,ExtraTrees,ExtraTrees_1
236,SI_ref_16,C-Biochar,ATE,Synthetic,0.7844444444444446,0.5560275198631937,ExtraTrees,ExtraTrees_1
237,SI_ref_16,C-Biochar,ATE,Synthetic,0.8733333333333334,0.5560275198631937,ExtraTrees,ExtraTrees_1
238,SI_ref_16,C-Biochar,ATE,Synthetic,0.6733333333333335,0.5550016383870909,ExtraTrees,ExtraTrees_1
239,SI_ref_16,C-Biochar,ATE,Synthetic,0.6511111111111112,0.5550016383870909,ExtraTrees,ExtraTrees_1
240,SI_ref_16,C-Biochar,ATE,Synthetic,0.6288888888888889,0.5560275198631937,ExtraTrees,ExtraTrees_1
241,SI_ref_16,C-Biochar,ATE,Synthetic,0.7774074074074075,0.5560275198631937,ExtraTrees,ExtraTrees_1
242,SI_ref_16,C-Biochar,ATE,Synthetic,0.7824691358024691,0.5560275198631937,ExtraTrees,ExtraTrees_1
243,SI_ref_16,C-Biochar,ATE,Synthetic,0.8257777777777777,0.5560275198631937,ExtraTrees,ExtraTrees_1
244,SI_ref_16,C-Biochar,ATE,Synthetic,0.8438888888888889,0.5560275198631937,ExtraTrees,ExtraTrees_1
245,SI_ref_16,C-Biochar,ATE,Synthetic,0.8562222222222223,0.5560275198631937,ExtraTrees,ExtraTrees_1
263,SI_ref_16,C-Biochar,IBU,Synthetic,0.5333333333333333,0.5956064301443412,ExtraTrees,ExtraTrees_1
264,SI_ref_16,C-Biochar,IBU,Synthetic,0.7333333333333333,0.5956064301443412,ExtraTrees,ExtraTrees_1
265,SI_ref_16,C-Biochar,IBU,Synthetic,0.6000000000000001,0.5969419026433807,ExtraTrees,ExtraTrees_1
266,SI_ref_16,C-Biochar,IBU,Synthetic,0.6121212121212122,0.5956064301443412,ExtraTrees,ExtraTrees_1
267,SI_ref_16,C-Biochar,IBU,Synthetic,0.7333333333333333,0.5956064301443412,ExtraTrees,ExtraTrees_1
268,SI_ref_16,C-Biochar,IBU,Synthetic,0.5333333333333333,0.5956064301443412,ExtraTrees,ExtraTrees_1
269,SI_ref_16,C-Biochar,IBU,Synthetic,0.4666666666666666,0.5956064301443412,ExtraTrees,ExtraTrees_1
270,SI_ref_16,C-Biochar,IBU,Synthetic,0.5555555555555556,0.5956064301443412,ExtraTrees,ExtraTrees_1
271,SI_ref_16,C-Biochar,IBU,Synthetic,0.6000000000000001,0.5956064301443412,ExtraTrees,ExtraTrees_1
272,SI_ref_16,C-Biochar,IBU,Synthetic,0.6000000000000001,0.5956267803667411,ExtraTrees,ExtraTrees_1
273,SI_ref_16,C-Biochar,IBU,Synthetic,0.6000000000000001,0.5956267803667411,ExtraTrees,ExtraTrees_1
274,SI_ref_16,C-Biochar,IBU,Synthetic,1.0666666666666667,0.5956064301443412,ExtraTrees,ExtraTrees_1
275,SI_ref_16,C-Biochar,IBU,Synthetic,0.5277777777777777,0.5956064301443412,ExtraTrees,ExtraTrees_1
276,SI_ref_16,C-Biochar,IBU,Synthetic,0.7,0.5956064301443412,ExtraTrees,ExtraTrees_1
277,SI_ref_16,C-Biochar,IBU,Synthetic,0.7844444444444444,0.5956064301443412,ExtraTrees,ExtraTrees_1
278,SI_ref_16,C-Biochar,IBU,Synthetic,0.8430555555555557,0.5956064301443412,ExtraTrees,ExtraTrees_1
279,SI_ref_16,C-Biochar,IBU,Synthetic,0.861111111111111,0.5956064301443412,ExtraTrees,ExtraTrees_1
354,SI_ref_14,GCRB,DIU,Synthetic,0.983291565929579,0.9667242144740542,ExtraTrees,ExtraTrees_1
355,SI_ref_14,GCRB,DIU,Synthetic,0.9782739977994132,0.9666535999209634,ExtraTrees,ExtraTrees_1
356,SI_ref_14,GCRB,DIU,Synthetic,0.9708791324637501,0.9666535999209634,ExtraTrees,ExtraTrees_1
357,SI_ref_14,GCRB,DIU,Synthetic,0.964507517643233,0.9641059231127588,ExtraTrees,ExtraTrees_1
358,SI_ref_14,GCRB,DIU,Synthetic,0.960647920928618,0.9624766459169597,ExtraTrees,ExtraTrees_1
359,SI_ref_14,GCRB,DIU,Synthetic,0.9584857336381704,0.961605791209751,ExtraTrees,ExtraTrees_1
360,SI_ref_14,GCRB,DIU,Synthetic,0.9536869714697045,0.9616541877638818,ExtraTrees,ExtraTrees_1
361,SI_ref_14,GCRB,DIU,Synthetic,0.9291396445453227,0.9618449751304224,ExtraTrees,ExtraTrees_1
362,SI_ref_14,GCRB,DIU,Synthetic,0.9775416982957918,0.9626147894678171,ExtraTrees,ExtraTrees_1
363,SI_ref_14,GCRB,DIU,Synthetic,0.9527369648004039,0.9622821257499556,ExtraTrees,ExtraTrees_1
364,SI_ref_14,GCRB,DIU,Synthetic,0.9478201604463821,0.9622821257499556,ExtraTrees,ExtraTrees_1
365,SI_ref_14,GCRB,DIU,Synthetic,0.9265327424413893,0.9622821257499556,ExtraTrees,ExtraTrees_1
366,SI_ref_14,GCRB,DIU,Synthetic,0.9253239651903417,0.9622821257499556,ExtraTrees,ExtraTrees_1
367,SI_ref_14,GCRB,DIU,Synthetic,0.9238760352548926,0.9622821257499556,ExtraTrees,ExtraTrees_1
368,SI_ref_14,GCRB,DIU,Synthetic,0.9417552695951205,0.9622821257499556,ExtraTrees,ExtraTrees_1
369,SI_ref_14,GCRB,DIU,Synthetic,0.9147016410628197,0.9622821257499556,ExtraTrees,ExtraTrees_1
370,SI_ref_14,GCRB,DIU,Synthetic,0.9192051981667979,0.9622821257499556,ExtraTrees,ExtraTrees_1
371,SI_ref_14,GCRB,DIU,Synthetic,0.9535021691371877,0.9622821257499556,ExtraTrees,ExtraTrees_1
372,SI_ref_14,GCRB,DIU,Synthetic,0.9661748102299111,0.9622821257499556,ExtraTrees,ExtraTrees_1
373,SI_ref_14,GCRB,DIU,Synthetic,1.0173780045422414,0.9622821257499556,ExtraTrees,ExtraTrees_1
374,SI_ref_14,GCRB,DIU,Synthetic,1.0082496176169822,0.9622821257499556,ExtraTrees,ExtraTrees_1
375,SI_ref_14,GCRB,DIU,Synthetic,0.9496862840784065,0.9622821257499556,ExtraTrees,ExtraTrees_1
439,SI_ref_14,GCRB-N,DIU,Synthetic,0.6654043880576614,0.5847693348240762,ExtraTrees,ExtraTrees_1
440,SI_ref_14,GCRB-N,DIU,Synthetic,0.5844535743219663,0.5784989860580382,ExtraTrees,ExtraTrees_1
441,SI_ref_14,GCRB-N,DIU,Synthetic,0.5079200907404222,0.5477647355112927,ExtraTrees,ExtraTrees_1
442,SI_ref_14,GCRB-N,DIU,Synthetic,0.37854626102465844,0.5081199217025315,ExtraTrees,ExtraTrees_1
443,SI_ref_14,GCRB-N,DIU,Synthetic,0.26690125827656935,0.4773358331084993,ExtraTrees,ExtraTrees_1
444,SI_ref_14,GCRB-N,DIU,Synthetic,0.2332409918272794,0.46296263263758947,ExtraTrees,ExtraTrees_1
445,SI_ref_14,GCRB-N,DIU,Synthetic,0.1951305004086504,0.4616590467284253,ExtraTrees,ExtraTrees_1
446,SI_ref_14,GCRB-N,DIU,Synthetic,0.2075726875081201,0.4603687326750056,ExtraTrees,ExtraTrees_1
447,SI_ref_14,GCRB-N,DIU,Synthetic,0.26826652394124667,0.46080333768146153,ExtraTrees,ExtraTrees_1
448,SI_ref_14,GCRB-N,DIU,Synthetic,0.1819381767074788,0.46057902730241856,ExtraTrees,ExtraTrees_1
449,SI_ref_14,GCRB-N,DIU,Synthetic,0.15093015054787579,0.4565534605291528,ExtraTrees,ExtraTrees_1
450,SI_ref_14,GCRB-N,DIU,Synthetic,0.1736169508150928,0.4565534605291528,ExtraTrees,ExtraTrees_1
451,SI_ref_14,GCRB-N,DIU,Synthetic,0.16382165003373128,0.46057902730241856,ExtraTrees,ExtraTrees_1
452,SI_ref_14,GCRB-N,DIU,Synthetic,0.1932052297084895,0.46057902730241856,ExtraTrees,ExtraTrees_1
453,SI_ref_14,GCRB-N,DIU,Synthetic,0.1683505359330984,0.4618973135252255,ExtraTrees,ExtraTrees_1
454,SI_ref_14,GCRB-N,DIU,Synthetic,0.1647692025710552,0.46303769714876375,ExtraTrees,ExtraTrees_1
455,SI_ref_14,GCRB-N,DIU,Synthetic,0.3384549122360595,0.46303769714876375,ExtraTrees,ExtraTrees_1
456,SI_ref_14,GCRB-N,DIU,Synthetic,0.1402528461142079,0.46303769714876375,ExtraTrees,ExtraTrees_1
457,SI_ref_14,GCRB-N,DIU,Synthetic,0.5187315058108145,0.46303769714876375,ExtraTrees,ExtraTrees_1
458,SI_ref_14,GCRB-N,DIU,Synthetic,0.12629127082807837,0.46311261430191564,ExtraTrees,ExtraTrees_1
459,SI_ref_14,GCRB-N,DIU,Synthetic,0.6455190877003087,0.46311261430191564,ExtraTrees,ExtraTrees_1
460,SI_ref_14,GCRB-N,DIU,Synthetic,0.12138562309836234,0.4634998755043403,ExtraTrees,ExtraTrees_1
461,SI_ref_14,GCRB-N,DIU,Synthetic,0.6666027581171994,0.4634998755043403,ExtraTrees,ExtraTrees_1
462,SI_ref_14,GCRB-N,DIU,Synthetic,0.16773925939532233,0.46379029299771046,ExtraTrees,ExtraTrees_1
463,SI_ref_14,GCRB-N,DIU,Synthetic,0.15967117649899737,0.46379029299771046,ExtraTrees,ExtraTrees_1
464,SI_ref_14,GCRB-N,DIU,Synthetic,0.27418422723714847,0.46379029299771046,ExtraTrees,ExtraTrees_1
465,SI_ref_14,GCRB-N,DIU,Synthetic,0.1405827183894587,0.46384259576280096,ExtraTrees,ExtraTrees_1
466,SI_ref_14,GCRB-N,DIU,Synthetic,0.5605758859577746,0.46384259576280096,ExtraTrees,ExtraTrees_1
467,SI_ref_14,GCRB-N,DIU,Synthetic,0.13173953864692908,0.46384259576280096,ExtraTrees,ExtraTrees_1
468,SI_ref_14,GCRB-N,DIU,Synthetic,0.6564705601884918,0.46384259576280096,ExtraTrees,ExtraTrees_1
469,SI_ref_14,GCRB-N,DIU,Synthetic,0.12617131727344172,0.463834195325456,ExtraTrees,ExtraTrees_1
470,SI_ref_14,GCRB-N,DIU,Synthetic,0.6552893507455957,0.463834195325456,ExtraTrees,ExtraTrees_1
471,SI_ref_14,GCRB-N,DIU,Synthetic,0.1676281074261493,0.463834195325456,ExtraTrees,ExtraTrees_1
472,SI_ref_14,GCRB-N,DIU,Synthetic,0.1622201895350263,0.46386158320746107,ExtraTrees,ExtraTrees_1
473,SI_ref_14,GCRB-N,DIU,Synthetic,0.31928006415696586,0.46386158320746107,ExtraTrees,ExtraTrees_1
474,SI_ref_14,GCRB-N,DIU,Synthetic,0.14041778225183332,0.4641528992662436,ExtraTrees,ExtraTrees_1
475,SI_ref_14,GCRB-N,DIU,Synthetic,0.5410485473017326,0.4641528992662436,ExtraTrees,ExtraTrees_1
476,SI_ref_14,GCRB-N,DIU,Synthetic,0.12901540473750372,0.4641528992662436,ExtraTrees,ExtraTrees_1
477,SI_ref_14,GCRB-N,DIU,Synthetic,0.6413243626564091,0.4641528992662436,ExtraTrees,ExtraTrees_1
478,SI_ref_14,GCRB-N,DIU,Synthetic,0.12377847018590202,0.4641528992662436,ExtraTrees,ExtraTrees_1
479,SI_ref_14,GCRB-N,DIU,Synthetic,0.665837914589971,0.4641528992662436,ExtraTrees,ExtraTrees_1
699,SI_ref_18,NaOH-activated SCW biochars,IBU,Secondary effluent,0.8098199350756726,0.5862325086650931,ExtraTrees,ExtraTrees_1
701,SI_ref_18,NaOH-activated SCW biochars,IBU,Secondary effluent,0.7485969905050348,0.5862325086650931,ExtraTrees,ExtraTrees_1
703,SI_ref_18,NaOH-activated SCW biochars,IBU,Secondary effluent,0.6850179499229786,0.5861127941867739,ExtraTrees,ExtraTrees_1
705,SI_ref_18,NaOH-activated SCW biochars,IBU,Secondary effluent,0.6861011679416551,0.5860005960523427,ExtraTrees,ExtraTrees_1
707,SI_ref_18,NaOH-activated SCW biochars,IBU,Secondary effluent,0.6799185617433835,0.5853780369027588,ExtraTrees,ExtraTrees_1
709,SI_ref_18,NaOH-activated SCW biochars,IBU,Secondary effluent,0.6765813990931481,0.5842128927079936,ExtraTrees,ExtraTrees_1
711,SI_ref_18,NaOH-activated SCW biochars,IBU,Secondary effluent,0.6777803451607008,0.5829921702512744,ExtraTrees,ExtraTrees_1
713,SI_ref_18,NaOH-activated SCW biochars,IBU,Secondary effluent,0.19946424836974086,0.5805286913707305,ExtraTrees,ExtraTrees_1
715,SI_ref_18,NaOH-activated SCW biochars,IBU,Secondary effluent,0.45728603839109744,0.5805286913707305,ExtraTrees,ExtraTrees_1
717,SI_ref_18,NaOH-activated SCW biochars,IBU,Secondary effluent,0.5431517029603264,0.5805286913707305,ExtraTrees,ExtraTrees_1
719,SI_ref_18,NaOH-activated SCW biochars,IBU,Secondary effluent,0.6932620426015607,0.5805286913707305,ExtraTrees,ExtraTrees_1
721,SI_ref_18,NaOH-activated SCW biochars,IBU,Secondary effluent,0.675113405421536,0.5805286913707305,ExtraTrees,ExtraTrees_1
725,SI_ref_18,NaOH-activated SCW biochars,IBU,Secondary effluent,0.6458796718925713,0.5805286913707305,ExtraTrees,ExtraTrees_1
729,SI_ref_18,NaOH-activated SCW biochars,IBU,Secondary effluent,0.6230174196820357,0.5805286913707305,ExtraTrees,ExtraTrees_1
733,SI_ref_18,NaOH-activated SCW biochars,IBU,Secondary effluent,0.6232264558664639,0.5805286913707305,ExtraTrees,ExtraTrees_1
737,SI_ref_18,NaOH-activated SCW biochars,IBU,Secondary effluent,0.6321330290401536,0.5805286913707305,ExtraTrees,ExtraTrees_1
741,SI_ref_18,NaOH-activated SCW biochars,IBU,Secondary effluent,0.6274964829882473,0.5805286913707305,ExtraTrees,ExtraTrees_1
746,SI_ref_18,NaOH-activated SCW biochars,IBU,Secondary effluent,0.6482993087024828,0.5803427936212241,ExtraTrees,ExtraTrees_1
748,SI_ref_18,NaOH-activated SCW biochars,IBU,Secondary effluent,0.7478636767346728,0.5805286913707305,ExtraTrees,ExtraTrees_1
750,SI_ref_18,NaOH-activated SCW biochars,IBU,Secondary effluent,0.811827151849907,0.5805286913707305,ExtraTrees,ExtraTrees_1
752,SI_ref_18,NaOH-activated SCW biochars,IBU,Secondary effluent,0.7252319435730717,0.5805286913707305,ExtraTrees,ExtraTrees_1
754,SI_ref_18,NaOH-activated SCW biochars,IBU,Secondary effluent,0.7786423949758233,0.5805286913707305,ExtraTrees,ExtraTrees_1
758,SI_ref_18,NaOH-activated SCW biochars,NPX,Secondary effluent,0.5521972966156422,0.16059841462572738,ExtraTrees,ExtraTrees_1
760,SI_ref_18,NaOH-activated SCW biochars,NPX,Secondary effluent,0.4814245289032641,0.1568006617366721,ExtraTrees,ExtraTrees_1
762,SI_ref_18,NaOH-activated SCW biochars,NPX,Secondary effluent,0.34455951981715066,0.15597963222523978,ExtraTrees,ExtraTrees_1
764,SI_ref_18,NaOH-activated SCW biochars,NPX,Secondary effluent,0.2493517679350271,0.12810893213704308,ExtraTrees,ExtraTrees_1
766,SI_ref_18,NaOH-activated SCW biochars,NPX,Secondary effluent,0.16764900163614713,0.09439311009808765,ExtraTrees,ExtraTrees_1
768,SI_ref_18,NaOH-activated SCW biochars,NPX,Secondary effluent,0.12846350911521487,0.08715669209667101,ExtraTrees,ExtraTrees_1
770,SI_ref_18,NaOH-activated SCW biochars,NPX,Secondary effluent,0.12873702561203082,0.08243866520318434,ExtraTrees,ExtraTrees_1
772,SI_ref_18,NaOH-activated SCW biochars,NPX,Secondary effluent,0.026110640989477824,0.07870995466722132,ExtraTrees,ExtraTrees_1
774,SI_ref_18,NaOH-activated SCW biochars,NPX,Secondary effluent,0.054870517105304405,0.07870995466722132,ExtraTrees,ExtraTrees_1
776,SI_ref_18,NaOH-activated SCW biochars,NPX,Secondary effluent,0.048092629555703405,0.07870995466722132,ExtraTrees,ExtraTrees_1
778,SI_ref_18,NaOH-activated SCW biochars,NPX,Secondary effluent,0.16521082834331338,0.07870995466722132,ExtraTrees,ExtraTrees_1
780,SI_ref_18,NaOH-activated SCW biochars,NPX,Secondary effluent,0.11864589305153721,0.07870995466722132,ExtraTrees,ExtraTrees_1
782,SI_ref_18,NaOH-activated SCW biochars,NPX,Secondary effluent,0.10983576367726838,0.07870995466722132,ExtraTrees,ExtraTrees_1
784,SI_ref_18,NaOH-activated SCW biochars,NPX,Secondary effluent,0.10668866579384965,0.07870995466722132,ExtraTrees,ExtraTrees_1
786,SI_ref_18,NaOH-activated SCW biochars,NPX,Secondary effluent,0.08538292965546301,0.07870995466722132,ExtraTrees,ExtraTrees_1
788,SI_ref_18,NaOH-activated SCW biochars,NPX,Secondary effluent,0.09141898602740345,0.07870995466722132,ExtraTrees,ExtraTrees_1
790,SI_ref_18,NaOH-activated SCW biochars,NPX,Secondary effluent,0.11725913824368146,0.07870995466722132,ExtraTrees,ExtraTrees_1
792,SI_ref_18,NaOH-activated SCW biochars,NPX,Secondary effluent,0.10630651659643675,0.07870995466722132,ExtraTrees,ExtraTrees_1
794,SI_ref_18,NaOH-activated SCW biochars,NPX,Secondary effluent,0.2275589654025283,0.07870995466722132,ExtraTrees,ExtraTrees_1
796,SI_ref_18,NaOH-activated SCW biochars,NPX,Secondary effluent,0.27043202483921047,0.07870995466722132,ExtraTrees,ExtraTrees_1
798,SI_ref_18,NaOH-activated SCW biochars,NPX,Secondary effluent,0.15082313311850198,0.07870995466722132,ExtraTrees,ExtraTrees_1
800,SI_ref_18,NaOH-activated SCW biochars,NPX,Secondary effluent,0.24701864815812044,0.07870995466722132,ExtraTrees,ExtraTrees_1
1156,SI_ref_17,Pristine SCG biochar,IBU,Synthetic,0.9684057270887299,0.9127813347990373,ExtraTrees,ExtraTrees_1
1158,SI_ref_17,Pristine SCG biochar,IBU,Synthetic,0.964180236157731,0.9113844634398768,ExtraTrees,ExtraTrees_1
1160,SI_ref_17,Pristine SCG biochar,IBU,Synthetic,0.9598191197252507,0.9095320647094435,ExtraTrees,ExtraTrees_1
1162,SI_ref_17,Pristine SCG biochar,IBU,Synthetic,0.9580437721935793,0.9086214641479762,ExtraTrees,ExtraTrees_1
1164,SI_ref_17,Pristine SCG biochar,IBU,Synthetic,0.9425460946241216,0.9077771315943544,ExtraTrees,ExtraTrees_1
1166,SI_ref_17,Pristine SCG biochar,IBU,Synthetic,0.9402369906408686,0.9073941921885487,ExtraTrees,ExtraTrees_1
1168,SI_ref_17,Pristine SCG biochar,IBU,Synthetic,0.9366107784098637,0.9067410028119954,ExtraTrees,ExtraTrees_1
1170,SI_ref_17,Pristine SCG biochar,IBU,Synthetic,0.7820004901373623,0.8659293054942024,ExtraTrees,ExtraTrees_1
1172,SI_ref_17,Pristine SCG biochar,IBU,Synthetic,0.9276141025756294,0.905702886607259,ExtraTrees,ExtraTrees_1
1174,SI_ref_17,Pristine SCG biochar,IBU,Synthetic,0.918292455911169,0.905702886607259,ExtraTrees,ExtraTrees_1
1176,SI_ref_17,Pristine SCG biochar,IBU,Synthetic,0.9133007565861092,0.905702886607259,ExtraTrees,ExtraTrees_1
1178,SI_ref_17,Pristine SCG biochar,IBU,Synthetic,0.9182483670803396,0.905702886607259,ExtraTrees,ExtraTrees_1
1180,SI_ref_17,Pristine SCG biochar,IBU,Synthetic,0.9167234922708469,0.905702886607259,ExtraTrees,ExtraTrees_1
1182,SI_ref_17,Pristine SCG biochar,IBU,Synthetic,0.9122551436969301,0.905702886607259,ExtraTrees,ExtraTrees_1
1184,SI_ref_17,Pristine SCG biochar,IBU,Synthetic,0.9484982246288517,0.9057439513494119,ExtraTrees,ExtraTrees_1
1186,SI_ref_17,Pristine SCG biochar,IBU,Synthetic,0.893754721851682,0.905702886607259,ExtraTrees,ExtraTrees_1
1188,SI_ref_17,Pristine SCG biochar,IBU,Synthetic,0.8900227639990935,0.905702886607259,ExtraTrees,ExtraTrees_1
1190,SI_ref_17,Pristine SCG biochar,IBU,Synthetic,0.924357415959487,0.905702886607259,ExtraTrees,ExtraTrees_1
1192,SI_ref_17,Pristine SCG biochar,IBU,Synthetic,0.9226237248225028,0.905702886607259,ExtraTrees,ExtraTrees_1
1194,SI_ref_17,Pristine SCG biochar,IBU,Synthetic,0.8857728699803085,0.905702886607259,ExtraTrees,ExtraTrees_1
1254,SI_ref_18,Pristine SCW Biochar,IBU,Secondary effluent,0.9156726978407875,0.9130930012218187,ExtraTrees,ExtraTrees_1
1256,SI_ref_18,Pristine SCW Biochar,IBU,Secondary effluent,0.9079673942368781,0.9120694800731043,ExtraTrees,ExtraTrees_1
1258,SI_ref_18,Pristine SCW Biochar,IBU,Secondary effluent,0.9043236251446873,0.911969793135067,ExtraTrees,ExtraTrees_1
1260,SI_ref_18,Pristine SCW Biochar,IBU,Secondary effluent,0.9020547983951682,0.9111882059383285,ExtraTrees,ExtraTrees_1
1262,SI_ref_18,Pristine SCW Biochar,IBU,Secondary effluent,0.9004882379050155,0.9112993153190849,ExtraTrees,ExtraTrees_1
1264,SI_ref_18,Pristine SCW Biochar,IBU,Secondary effluent,0.897458530238549,0.911203356245575,ExtraTrees,ExtraTrees_1
1266,SI_ref_18,Pristine SCW Biochar,IBU,Secondary effluent,0.8973424975849196,0.9114246452327321,ExtraTrees,ExtraTrees_1
1267,SI_ref_18,Pristine SCW Biochar,IBU,Secondary effluent,0.8360939688333745,0.9117027543535055,ExtraTrees,ExtraTrees_1
1268,SI_ref_18,Pristine SCW Biochar,IBU,Secondary effluent,0.8984823855966844,0.9117027543535055,ExtraTrees,ExtraTrees_1
1270,SI_ref_18,Pristine SCW Biochar,IBU,Secondary effluent,0.8874692330465712,0.8990668769327368,ExtraTrees,ExtraTrees_1
1272,SI_ref_18,Pristine SCW Biochar,IBU,Secondary effluent,0.9012569556545285,0.9120868739763409,ExtraTrees,ExtraTrees_1
1274,SI_ref_18,Pristine SCW Biochar,IBU,Secondary effluent,0.8992057856547054,0.9117027543535055,ExtraTrees,ExtraTrees_1
1278,SI_ref_18,Pristine SCW Biochar,IBU,Secondary effluent,0.9165018852947014,0.9117027543535055,ExtraTrees,ExtraTrees_1
1282,SI_ref_18,Pristine SCW Biochar,IBU,Secondary effluent,0.9202396860047187,0.9117027543535055,ExtraTrees,ExtraTrees_1
1286,SI_ref_18,Pristine SCW Biochar,IBU,Secondary effluent,0.9152513064761528,0.9117027543535055,ExtraTrees,ExtraTrees_1
1290,SI_ref_18,Pristine SCW Biochar,IBU,Secondary effluent,0.9145713435205399,0.9117027543535055,ExtraTrees,ExtraTrees_1
1294,SI_ref_18,Pristine SCW Biochar,IBU,Secondary effluent,0.9194281493241605,0.9117027543535055,ExtraTrees,ExtraTrees_1
1299,SI_ref_18,Pristine SCW Biochar,IBU,Secondary effluent,0.891903218347585,0.9117027543535055,ExtraTrees,ExtraTrees_1
1301,SI_ref_18,Pristine SCW Biochar,IBU,Secondary effluent,0.9069133641489088,0.9117438190956584,ExtraTrees,ExtraTrees_1
1303,SI_ref_18,Pristine SCW Biochar,IBU,Secondary effluent,0.9145392250293353,0.9118304900067998,ExtraTrees,ExtraTrees_1
1304,SI_ref_18,Pristine SCW Biochar,IBU,Secondary effluent,0.911352956646831,0.9117027543535055,ExtraTrees,ExtraTrees_1
1305,SI_ref_18,Pristine SCW Biochar,IBU,Secondary effluent,0.8992133437264335,0.9117027543535055,ExtraTrees,ExtraTrees_1
1309,SI_ref_18,Pristine SCW Biochar,NPX,Secondary effluent,0.9276600601799115,0.9131882622777475,ExtraTrees,ExtraTrees_1
1311,SI_ref_18,Pristine SCW Biochar,NPX,Secondary effluent,0.9217275625657669,0.9121647411290331,ExtraTrees,ExtraTrees_1
1313,SI_ref_18,Pristine SCW Biochar,NPX,Secondary effluent,0.9151672500810683,0.912065054190996,ExtraTrees,ExtraTrees_1
1315,SI_ref_18,Pristine SCW Biochar,NPX,Secondary effluent,0.914870212237198,0.9112834669942573,ExtraTrees,ExtraTrees_1
1317,SI_ref_18,Pristine SCW Biochar,NPX,Secondary effluent,0.9125118045566373,0.9113937738216067,ExtraTrees,ExtraTrees_1
1319,SI_ref_18,Pristine SCW Biochar,NPX,Secondary effluent,0.9122370962869346,0.911242511180844,ExtraTrees,ExtraTrees_1
1321,SI_ref_18,Pristine SCW Biochar,NPX,Secondary effluent,0.9100475600528815,0.9114638001680012,ExtraTrees,ExtraTrees_1
1322,SI_ref_18,Pristine SCW Biochar,NPX,Secondary effluent,0.8724917016408669,0.9117440292632942,ExtraTrees,ExtraTrees_1
1323,SI_ref_18,Pristine SCW Biochar,NPX,Secondary effluent,0.9222871559920565,0.9117440292632942,ExtraTrees,ExtraTrees_1
1325,SI_ref_18,Pristine SCW Biochar,NPX,Secondary effluent,0.8954095327862793,0.8993121414475732,ExtraTrees,ExtraTrees_1
1327,SI_ref_18,Pristine SCW Biochar,NPX,Secondary effluent,0.9153416500332668,0.9121281488861297,ExtraTrees,ExtraTrees_1
1329,SI_ref_18,Pristine SCW Biochar,NPX,Secondary effluent,0.910898633301941,0.9117440292632942,ExtraTrees,ExtraTrees_1
1331,SI_ref_18,Pristine SCW Biochar,NPX,Secondary effluent,0.9081761980542199,0.9117440292632942,ExtraTrees,ExtraTrees_1
1333,SI_ref_18,Pristine SCW Biochar,NPX,Secondary effluent,0.9126518494691617,0.9117440292632942,ExtraTrees,ExtraTrees_1
1335,SI_ref_18,Pristine SCW Biochar,NPX,Secondary effluent,0.9091665914238204,0.9117440292632942,ExtraTrees,ExtraTrees_1
1337,SI_ref_18,Pristine SCW Biochar,NPX,Secondary effluent,0.9109852392346297,0.9117440292632942,ExtraTrees,ExtraTrees_1
1339,SI_ref_18,Pristine SCW Biochar,NPX,Secondary effluent,0.9170303341534803,0.9117440292632942,ExtraTrees,ExtraTrees_1
1341,SI_ref_18,Pristine SCW Biochar,NPX,Secondary effluent,0.9109021678864493,0.9117440292632942,ExtraTrees,ExtraTrees_1
1343,SI_ref_18,Pristine SCW Biochar,NPX,Secondary effluent,0.9138805167442893,0.9117850940054472,ExtraTrees,ExtraTrees_1
1345,SI_ref_18,Pristine SCW Biochar,NPX,Secondary effluent,0.9200278517039994,0.9118717649165886,ExtraTrees,ExtraTrees_1
1346,SI_ref_18,Pristine SCW Biochar,NPX,Secondary effluent,0.9136165317560039,0.9117440292632942,ExtraTrees,ExtraTrees_1
1347,SI_ref_18,Pristine SCW Biochar,NPX,Secondary effluent,0.9038576927569927,0.9117440292632942,ExtraTrees,ExtraTrees_1
189,SI_ref_17,Alkali-modified SCG biochars,IBU,Synthetic,0.6581206763788531,0.36009335256067143,GradientBoosting,GradientBoosting_2
191,SI_ref_17,Alkali-modified SCG biochars,IBU,Synthetic,0.6239833523895453,0.33416745995362634,GradientBoosting,GradientBoosting_2
193,SI_ref_17,Alkali-modified SCG biochars,IBU,Synthetic,0.5119378819344518,0.25627249470215163,GradientBoosting,GradientBoosting_2
195,SI_ref_17,Alkali-modified SCG biochars,IBU,Synthetic,0.4585781550994164,0.2512721454905527,GradientBoosting,GradientBoosting_2
197,SI_ref_17,Alkali-modified SCG biochars,IBU,Synthetic,0.44243948810088646,0.2512721454905527,GradientBoosting,GradientBoosting_2
199,SI_ref_17,Alkali-modified SCG biochars,IBU,Synthetic,0.4544355679658596,0.2512721454905527,GradientBoosting,GradientBoosting_2
201,SI_ref_17,Alkali-modified SCG biochars,IBU,Synthetic,0.39592651561701936,0.2512721454905527,GradientBoosting,GradientBoosting_2
203,SI_ref_17,Alkali-modified SCG biochars,IBU,Synthetic,0.10913541523053398,0.1956460365887626,GradientBoosting,GradientBoosting_2
205,SI_ref_17,Alkali-modified SCG biochars,IBU,Synthetic,0.3052806700714839,0.31175505349307986,GradientBoosting,GradientBoosting_2
207,SI_ref_17,Alkali-modified SCG biochars,IBU,Synthetic,0.4311083753711556,0.31175505349307986,GradientBoosting,GradientBoosting_2
209,SI_ref_17,Alkali-modified SCG biochars,IBU,Synthetic,0.3789894895081609,0.31175505349307986,GradientBoosting,GradientBoosting_2
211,SI_ref_17,Alkali-modified SCG biochars,IBU,Synthetic,0.3304133868875155,0.31175505349307986,GradientBoosting,GradientBoosting_2
213,SI_ref_17,Alkali-modified SCG biochars,IBU,Synthetic,0.33928547446435453,0.31175505349307986,GradientBoosting,GradientBoosting_2
215,SI_ref_17,Alkali-modified SCG biochars,IBU,Synthetic,0.3234505141947598,0.31175505349307986,GradientBoosting,GradientBoosting_2
217,SI_ref_17,Alkali-modified SCG biochars,IBU,Synthetic,0.6889998443034063,0.31324448657564824,GradientBoosting,GradientBoosting_2
219,SI_ref_17,Alkali-modified SCG biochars,IBU,Synthetic,0.1184746430703935,0.31175505349307986,GradientBoosting,GradientBoosting_2
221,SI_ref_17,Alkali-modified SCG biochars,IBU,Synthetic,0.35446182653715885,0.31175505349307986,GradientBoosting,GradientBoosting_2
223,SI_ref_17,Alkali-modified SCG biochars,IBU,Synthetic,0.5365490577861332,0.31175505349307986,GradientBoosting,GradientBoosting_2
225,SI_ref_17,Alkali-modified SCG biochars,IBU,Synthetic,0.5901579894748284,0.31175505349307986,GradientBoosting,GradientBoosting_2
227,SI_ref_17,Alkali-modified SCG biochars,IBU,Synthetic,0.6910697148739985,0.31175505349307986,GradientBoosting,GradientBoosting_2
229,SI_ref_16,C-Biochar,ATE,Synthetic,0.8511111111111113,0.5174717171277667,GradientBoosting,GradientBoosting_2
230,SI_ref_16,C-Biochar,ATE,Synthetic,0.7400000000000001,0.5174717171277667,GradientBoosting,GradientBoosting_2
231,SI_ref_16,C-Biochar,ATE,Synthetic,0.7400000000000001,0.6132946400679764,GradientBoosting,GradientBoosting_2
232,SI_ref_16,C-Biochar,ATE,Synthetic,0.7453872053872055,0.5616976052132995,GradientBoosting,GradientBoosting_2
233,SI_ref_16,C-Biochar,ATE,Synthetic,0.8733333333333334,0.5616976052132995,GradientBoosting,GradientBoosting_2
234,SI_ref_16,C-Biochar,ATE,Synthetic,0.8288888888888891,0.5616976052132995,GradientBoosting,GradientBoosting_2
235,SI_ref_16,C-Biochar,ATE,Synthetic,0.8511111111111113,0.5616976052132995,GradientBoosting,GradientBoosting_2
236,SI_ref_16,C-Biochar,ATE,Synthetic,0.7844444444444446,0.5616976052132995,GradientBoosting,GradientBoosting_2
237,SI_ref_16,C-Biochar,ATE,Synthetic,0.8733333333333334,0.5616976052132995,GradientBoosting,GradientBoosting_2
238,SI_ref_16,C-Biochar,ATE,Synthetic,0.6733333333333335,0.5535571383254672,GradientBoosting,GradientBoosting_2
239,SI_ref_16,C-Biochar,ATE,Synthetic,0.6511111111111112,0.5535571383254672,GradientBoosting,GradientBoosting_2
240,SI_ref_16,C-Biochar,ATE,Synthetic,0.6288888888888889,0.5616976052132995,GradientBoosting,GradientBoosting_2
241,SI_ref_16,C-Biochar,ATE,Synthetic,0.7774074074074075,0.5616976052132995,GradientBoosting,GradientBoosting_2
242,SI_ref_16,C-Biochar,ATE,Synthetic,0.7824691358024691,0.5616976052132995,GradientBoosting,GradientBoosting_2
243,SI_ref_16,C-Biochar,ATE,Synthetic,0.8257777777777777,0.5616976052132995,GradientBoosting,GradientBoosting_2
244,SI_ref_16,C-Biochar,ATE,Synthetic,0.8438888888888889,0.5616976052132995,GradientBoosting,GradientBoosting_2
245,SI_ref_16,C-Biochar,ATE,Synthetic,0.8562222222222223,0.5616976052132995,GradientBoosting,GradientBoosting_2
263,SI_ref_16,C-Biochar,IBU,Synthetic,0.5333333333333333,0.5665025297304422,GradientBoosting,GradientBoosting_2
264,SI_ref_16,C-Biochar,IBU,Synthetic,0.7333333333333333,0.5665025297304422,GradientBoosting,GradientBoosting_2
265,SI_ref_16,C-Biochar,IBU,Synthetic,0.6000000000000001,0.662325452670652,GradientBoosting,GradientBoosting_2
266,SI_ref_16,C-Biochar,IBU,Synthetic,0.6121212121212122,0.610728417815975,GradientBoosting,GradientBoosting_2
267,SI_ref_16,C-Biochar,IBU,Synthetic,0.7333333333333333,0.610728417815975,GradientBoosting,GradientBoosting_2
268,SI_ref_16,C-Biochar,IBU,Synthetic,0.5333333333333333,0.610728417815975,GradientBoosting,GradientBoosting_2
269,SI_ref_16,C-Biochar,IBU,Synthetic,0.4666666666666666,0.610728417815975,GradientBoosting,GradientBoosting_2
270,SI_ref_16,C-Biochar,IBU,Synthetic,0.5555555555555556,0.610728417815975,GradientBoosting,GradientBoosting_2
271,SI_ref_16,C-Biochar,IBU,Synthetic,0.6000000000000001,0.610728417815975,GradientBoosting,GradientBoosting_2
272,SI_ref_16,C-Biochar,IBU,Synthetic,0.6000000000000001,0.6025879509281427,GradientBoosting,GradientBoosting_2
273,SI_ref_16,C-Biochar,IBU,Synthetic,0.6000000000000001,0.6025879509281427,GradientBoosting,GradientBoosting_2
274,SI_ref_16,C-Biochar,IBU,Synthetic,1.0666666666666667,0.610728417815975,GradientBoosting,GradientBoosting_2
275,SI_ref_16,C-Biochar,IBU,Synthetic,0.5277777777777777,0.610728417815975,GradientBoosting,GradientBoosting_2
276,SI_ref_16,C-Biochar,IBU,Synthetic,0.7,0.610728417815975,GradientBoosting,GradientBoosting_2
277,SI_ref_16,C-Biochar,IBU,Synthetic,0.7844444444444444,0.610728417815975,GradientBoosting,GradientBoosting_2
278,SI_ref_16,C-Biochar,IBU,Synthetic,0.8430555555555557,0.610728417815975,GradientBoosting,GradientBoosting_2
279,SI_ref_16,C-Biochar,IBU,Synthetic,0.861111111111111,0.610728417815975,GradientBoosting,GradientBoosting_2
354,SI_ref_14,GCRB,DIU,Synthetic,0.983291565929579,0.9826865211379677,GradientBoosting,GradientBoosting_2
355,SI_ref_14,GCRB,DIU,Synthetic,0.9782739977994132,0.9714383612985642,GradientBoosting,GradientBoosting_2
356,SI_ref_14,GCRB,DIU,Synthetic,0.9708791324637501,0.9635136703583321,GradientBoosting,GradientBoosting_2
357,SI_ref_14,GCRB,DIU,Synthetic,0.964507517643233,0.957586346813712,GradientBoosting,GradientBoosting_2
358,SI_ref_14,GCRB,DIU,Synthetic,0.960647920928618,0.9513612929569307,GradientBoosting,GradientBoosting_2
359,SI_ref_14,GCRB,DIU,Synthetic,0.9584857336381704,0.9513612929569307,GradientBoosting,GradientBoosting_2
360,SI_ref_14,GCRB,DIU,Synthetic,0.9536869714697045,0.9513612929569307,GradientBoosting,GradientBoosting_2
361,SI_ref_14,GCRB,DIU,Synthetic,0.9291396445453227,0.9337243678490615,GradientBoosting,GradientBoosting_2
362,SI_ref_14,GCRB,DIU,Synthetic,0.9775416982957918,0.9604743040557793,GradientBoosting,GradientBoosting_2
363,SI_ref_14,GCRB,DIU,Synthetic,0.9527369648004039,0.9574625974261789,GradientBoosting,GradientBoosting_2
364,SI_ref_14,GCRB,DIU,Synthetic,0.9478201604463821,0.9574625974261789,GradientBoosting,GradientBoosting_2
365,SI_ref_14,GCRB,DIU,Synthetic,0.9265327424413893,0.9574625974261789,GradientBoosting,GradientBoosting_2
366,SI_ref_14,GCRB,DIU,Synthetic,0.9253239651903417,0.9574625974261789,GradientBoosting,GradientBoosting_2
367,SI_ref_14,GCRB,DIU,Synthetic,0.9238760352548926,0.9574625974261789,GradientBoosting,GradientBoosting_2
368,SI_ref_14,GCRB,DIU,Synthetic,0.9417552695951205,0.9538691883458834,GradientBoosting,GradientBoosting_2
369,SI_ref_14,GCRB,DIU,Synthetic,0.9147016410628197,0.9538691883458834,GradientBoosting,GradientBoosting_2
370,SI_ref_14,GCRB,DIU,Synthetic,0.9192051981667979,0.9631768891584762,GradientBoosting,GradientBoosting_2
371,SI_ref_14,GCRB,DIU,Synthetic,0.9535021691371877,0.9574625974261789,GradientBoosting,GradientBoosting_2
372,SI_ref_14,GCRB,DIU,Synthetic,0.9661748102299111,0.9574625974261789,GradientBoosting,GradientBoosting_2
373,SI_ref_14,GCRB,DIU,Synthetic,1.0173780045422414,0.9574625974261789,GradientBoosting,GradientBoosting_2
374,SI_ref_14,GCRB,DIU,Synthetic,1.0082496176169822,0.9574625974261789,GradientBoosting,GradientBoosting_2
375,SI_ref_14,GCRB,DIU,Synthetic,0.9496862840784065,0.9574625974261789,GradientBoosting,GradientBoosting_2
439,SI_ref_14,GCRB-N,DIU,Synthetic,0.6654043880576614,0.7702959426749413,GradientBoosting,GradientBoosting_2
440,SI_ref_14,GCRB-N,DIU,Synthetic,0.5844535743219663,0.7106588818380124,GradientBoosting,GradientBoosting_2
441,SI_ref_14,GCRB-N,DIU,Synthetic,0.5079200907404222,0.6658525676716878,GradientBoosting,GradientBoosting_2
442,SI_ref_14,GCRB-N,DIU,Synthetic,0.37854626102465844,0.5600040973830718,GradientBoosting,GradientBoosting_2
443,SI_ref_14,GCRB-N,DIU,Synthetic,0.26690125827656935,0.521280468245365,GradientBoosting,GradientBoosting_2
444,SI_ref_14,GCRB-N,DIU,Synthetic,0.2332409918272794,0.521280468245365,GradientBoosting,GradientBoosting_2
445,SI_ref_14,GCRB-N,DIU,Synthetic,0.1951305004086504,0.521280468245365,GradientBoosting,GradientBoosting_2
446,SI_ref_14,GCRB-N,DIU,Synthetic,0.2075726875081201,0.42441639511977947,GradientBoosting,GradientBoosting_2
447,SI_ref_14,GCRB-N,DIU,Synthetic,0.26826652394124667,0.5452620539295732,GradientBoosting,GradientBoosting_2
448,SI_ref_14,GCRB-N,DIU,Synthetic,0.1819381767074788,0.5405254120240967,GradientBoosting,GradientBoosting_2
449,SI_ref_14,GCRB-N,DIU,Synthetic,0.15093015054787579,0.5352422055788925,GradientBoosting,GradientBoosting_2
450,SI_ref_14,GCRB-N,DIU,Synthetic,0.1736169508150928,0.5352422055788925,GradientBoosting,GradientBoosting_2
451,SI_ref_14,GCRB-N,DIU,Synthetic,0.16382165003373128,0.5420148451066651,GradientBoosting,GradientBoosting_2
452,SI_ref_14,GCRB-N,DIU,Synthetic,0.1932052297084895,0.5405254120240967,GradientBoosting,GradientBoosting_2
453,SI_ref_14,GCRB-N,DIU,Synthetic,0.1683505359330984,0.5405254120240967,GradientBoosting,GradientBoosting_2
454,SI_ref_14,GCRB-N,DIU,Synthetic,0.1647692025710552,0.5575053032105534,GradientBoosting,GradientBoosting_2
455,SI_ref_14,GCRB-N,DIU,Synthetic,0.3384549122360595,0.5575053032105534,GradientBoosting,GradientBoosting_2
456,SI_ref_14,GCRB-N,DIU,Synthetic,0.1402528461142079,0.5667754965750436,GradientBoosting,GradientBoosting_2
457,SI_ref_14,GCRB-N,DIU,Synthetic,0.5187315058108145,0.5667754965750436,GradientBoosting,GradientBoosting_2
458,SI_ref_14,GCRB-N,DIU,Synthetic,0.12629127082807837,0.5837092672502563,GradientBoosting,GradientBoosting_2
459,SI_ref_14,GCRB-N,DIU,Synthetic,0.6455190877003087,0.5837092672502563,GradientBoosting,GradientBoosting_2
460,SI_ref_14,GCRB-N,DIU,Synthetic,0.12138562309836234,0.5509580005491557,GradientBoosting,GradientBoosting_2
461,SI_ref_14,GCRB-N,DIU,Synthetic,0.6666027581171994,0.5509580005491557,GradientBoosting,GradientBoosting_2
462,SI_ref_14,GCRB-N,DIU,Synthetic,0.16773925939532233,0.5573678730194156,GradientBoosting,GradientBoosting_2
463,SI_ref_14,GCRB-N,DIU,Synthetic,0.15967117649899737,0.5566956958526575,GradientBoosting,GradientBoosting_2
464,SI_ref_14,GCRB-N,DIU,Synthetic,0.27418422723714847,0.5566956958526575,GradientBoosting,GradientBoosting_2
465,SI_ref_14,GCRB-N,DIU,Synthetic,0.1405827183894587,0.5600718414658687,GradientBoosting,GradientBoosting_2
466,SI_ref_14,GCRB-N,DIU,Synthetic,0.5605758859577746,0.5600718414658687,GradientBoosting,GradientBoosting_2
467,SI_ref_14,GCRB-N,DIU,Synthetic,0.13173953864692908,0.5600718414658687,GradientBoosting,GradientBoosting_2
468,SI_ref_14,GCRB-N,DIU,Synthetic,0.6564705601884918,0.5600718414658687,GradientBoosting,GradientBoosting_2
469,SI_ref_14,GCRB-N,DIU,Synthetic,0.12617131727344172,0.5205799940444238,GradientBoosting,GradientBoosting_2
470,SI_ref_14,GCRB-N,DIU,Synthetic,0.6552893507455957,0.5205799940444238,GradientBoosting,GradientBoosting_2
471,SI_ref_14,GCRB-N,DIU,Synthetic,0.1676281074261493,0.5265307287134279,GradientBoosting,GradientBoosting_2
472,SI_ref_14,GCRB-N,DIU,Synthetic,0.1622201895350263,0.5550769007174471,GradientBoosting,GradientBoosting_2
473,SI_ref_14,GCRB-N,DIU,Synthetic,0.31928006415696586,0.5550769007174471,GradientBoosting,GradientBoosting_2
474,SI_ref_14,GCRB-N,DIU,Synthetic,0.14041778225183332,0.5670087684524745,GradientBoosting,GradientBoosting_2
475,SI_ref_14,GCRB-N,DIU,Synthetic,0.5410485473017326,0.5670087684524745,GradientBoosting,GradientBoosting_2
476,SI_ref_14,GCRB-N,DIU,Synthetic,0.12901540473750372,0.572025727702706,GradientBoosting,GradientBoosting_2
477,SI_ref_14,GCRB-N,DIU,Synthetic,0.6413243626564091,0.572025727702706,GradientBoosting,GradientBoosting_2
478,SI_ref_14,GCRB-N,DIU,Synthetic,0.12377847018590202,0.572025727702706,GradientBoosting,GradientBoosting_2
479,SI_ref_14,GCRB-N,DIU,Synthetic,0.665837914589971,0.572025727702706,GradientBoosting,GradientBoosting_2
699,SI_ref_18,NaOH-activated SCW biochars,IBU,Secondary effluent,0.8098199350756726,0.6526734362497756,GradientBoosting,GradientBoosting_2
701,SI_ref_18,NaOH-activated SCW biochars,IBU,Secondary effluent,0.7485969905050348,0.6414252764103721,GradientBoosting,GradientBoosting_2
703,SI_ref_18,NaOH-activated SCW biochars,IBU,Secondary effluent,0.6850179499229786,0.6287820412788139,GradientBoosting,GradientBoosting_2
705,SI_ref_18,NaOH-activated SCW biochars,IBU,Secondary effluent,0.6861011679416551,0.5726513634828131,GradientBoosting,GradientBoosting_2
707,SI_ref_18,NaOH-activated SCW biochars,IBU,Secondary effluent,0.6799185617433835,0.5685191033914051,GradientBoosting,GradientBoosting_2
709,SI_ref_18,NaOH-activated SCW biochars,IBU,Secondary effluent,0.6765813990931481,0.5685191033914051,GradientBoosting,GradientBoosting_2
711,SI_ref_18,NaOH-activated SCW biochars,IBU,Secondary effluent,0.6777803451607008,0.5685191033914051,GradientBoosting,GradientBoosting_2
713,SI_ref_18,NaOH-activated SCW biochars,IBU,Secondary effluent,0.19946424836974086,0.5890657528311667,GradientBoosting,GradientBoosting_2
715,SI_ref_18,NaOH-activated SCW biochars,IBU,Secondary effluent,0.45728603839109744,0.5890657528311667,GradientBoosting,GradientBoosting_2
717,SI_ref_18,NaOH-activated SCW biochars,IBU,Secondary effluent,0.5431517029603264,0.5046793539396003,GradientBoosting,GradientBoosting_2
719,SI_ref_18,NaOH-activated SCW biochars,IBU,Secondary effluent,0.6932620426015607,0.6037280528837812,GradientBoosting,GradientBoosting_2
721,SI_ref_18,NaOH-activated SCW biochars,IBU,Secondary effluent,0.675113405421536,0.5890657528311667,GradientBoosting,GradientBoosting_2
725,SI_ref_18,NaOH-activated SCW biochars,IBU,Secondary effluent,0.6458796718925713,0.5890657528311667,GradientBoosting,GradientBoosting_2
729,SI_ref_18,NaOH-activated SCW biochars,IBU,Secondary effluent,0.6230174196820357,0.5890657528311667,GradientBoosting,GradientBoosting_2
733,SI_ref_18,NaOH-activated SCW biochars,IBU,Secondary effluent,0.6232264558664639,0.5890657528311667,GradientBoosting,GradientBoosting_2
737,SI_ref_18,NaOH-activated SCW biochars,IBU,Secondary effluent,0.6321330290401536,0.5890657528311667,GradientBoosting,GradientBoosting_2
741,SI_ref_18,NaOH-activated SCW biochars,IBU,Secondary effluent,0.6274964829882473,0.5890657528311667,GradientBoosting,GradientBoosting_2
746,SI_ref_18,NaOH-activated SCW biochars,IBU,Secondary effluent,0.6482993087024828,0.5837825463859625,GradientBoosting,GradientBoosting_2
748,SI_ref_18,NaOH-activated SCW biochars,IBU,Secondary effluent,0.7478636767346728,0.6102184531801159,GradientBoosting,GradientBoosting_2
750,SI_ref_18,NaOH-activated SCW biochars,IBU,Secondary effluent,0.811827151849907,0.6144433118298448,GradientBoosting,GradientBoosting_2
752,SI_ref_18,NaOH-activated SCW biochars,IBU,Secondary effluent,0.7252319435730717,0.5890657528311667,GradientBoosting,GradientBoosting_2
754,SI_ref_18,NaOH-activated SCW biochars,IBU,Secondary effluent,0.7786423949758233,0.5890657528311667,GradientBoosting,GradientBoosting_2
758,SI_ref_18,NaOH-activated SCW biochars,NPX,Secondary effluent,0.5521972966156422,0.28480616763481986,GradientBoosting,GradientBoosting_2
760,SI_ref_18,NaOH-activated SCW biochars,NPX,Secondary effluent,0.4814245289032641,0.2735580077954165,GradientBoosting,GradientBoosting_2
762,SI_ref_18,NaOH-activated SCW biochars,NPX,Secondary effluent,0.34455951981715066,0.25654681732497886,GradientBoosting,GradientBoosting_2
764,SI_ref_18,NaOH-activated SCW biochars,NPX,Secondary effluent,0.2493517679350271,0.18638790945612257,GradientBoosting,GradientBoosting_2
766,SI_ref_18,NaOH-activated SCW biochars,NPX,Secondary effluent,0.16764900163614713,0.12456768885619376,GradientBoosting,GradientBoosting_2
768,SI_ref_18,NaOH-activated SCW biochars,NPX,Secondary effluent,0.12846350911521487,0.12456768885619376,GradientBoosting,GradientBoosting_2
770,SI_ref_18,NaOH-activated SCW biochars,NPX,Secondary effluent,0.12873702561203082,0.12456768885619376,GradientBoosting,GradientBoosting_2
772,SI_ref_18,NaOH-activated SCW biochars,NPX,Secondary effluent,0.026110640989477824,0.1459563437006134,GradientBoosting,GradientBoosting_2
774,SI_ref_18,NaOH-activated SCW biochars,NPX,Secondary effluent,0.054870517105304405,0.1459563437006134,GradientBoosting,GradientBoosting_2
776,SI_ref_18,NaOH-activated SCW biochars,NPX,Secondary effluent,0.048092629555703405,0.06530712639133301,GradientBoosting,GradientBoosting_2
778,SI_ref_18,NaOH-activated SCW biochars,NPX,Secondary effluent,0.16521082834331338,0.16061864375322793,GradientBoosting,GradientBoosting_2
780,SI_ref_18,NaOH-activated SCW biochars,NPX,Secondary effluent,0.11864589305153721,0.1459563437006134,GradientBoosting,GradientBoosting_2
782,SI_ref_18,NaOH-activated SCW biochars,NPX,Secondary effluent,0.10983576367726838,0.1459563437006134,GradientBoosting,GradientBoosting_2
784,SI_ref_18,NaOH-activated SCW biochars,NPX,Secondary effluent,0.10668866579384965,0.1459563437006134,GradientBoosting,GradientBoosting_2
786,SI_ref_18,NaOH-activated SCW biochars,NPX,Secondary effluent,0.08538292965546301,0.1459563437006134,GradientBoosting,GradientBoosting_2
788,SI_ref_18,NaOH-activated SCW biochars,NPX,Secondary effluent,0.09141898602740345,0.1459563437006134,GradientBoosting,GradientBoosting_2
790,SI_ref_18,NaOH-activated SCW biochars,NPX,Secondary effluent,0.11725913824368146,0.1459563437006134,GradientBoosting,GradientBoosting_2
792,SI_ref_18,NaOH-activated SCW biochars,NPX,Secondary effluent,0.10630651659643675,0.14067313725540911,GradientBoosting,GradientBoosting_2
794,SI_ref_18,NaOH-activated SCW biochars,NPX,Secondary effluent,0.2275589654025283,0.14744577678318174,GradientBoosting,GradientBoosting_2
796,SI_ref_18,NaOH-activated SCW biochars,NPX,Secondary effluent,0.27043202483921047,0.15167063543291073,GradientBoosting,GradientBoosting_2
798,SI_ref_18,NaOH-activated SCW biochars,NPX,Secondary effluent,0.15082313311850198,0.1459563437006134,GradientBoosting,GradientBoosting_2
800,SI_ref_18,NaOH-activated SCW biochars,NPX,Secondary effluent,0.24701864815812044,0.1459563437006134,GradientBoosting,GradientBoosting_2
1156,SI_ref_17,Pristine SCG biochar,IBU,Synthetic,0.9684057270887299,0.9608292947137916,GradientBoosting,GradientBoosting_2
1158,SI_ref_17,Pristine SCG biochar,IBU,Synthetic,0.964180236157731,0.9420348469248934,GradientBoosting,GradientBoosting_2
1160,SI_ref_17,Pristine SCG biochar,IBU,Synthetic,0.9598191197252507,0.9142850169363436,GradientBoosting,GradientBoosting_2
1162,SI_ref_17,Pristine SCG biochar,IBU,Synthetic,0.9580437721935793,0.9112242039008769,GradientBoosting,GradientBoosting_2
1164,SI_ref_17,Pristine SCG biochar,IBU,Synthetic,0.9425460946241216,0.9084893191811008,GradientBoosting,GradientBoosting_2
1166,SI_ref_17,Pristine SCG biochar,IBU,Synthetic,0.9402369906408686,0.9084893191811008,GradientBoosting,GradientBoosting_2
1168,SI_ref_17,Pristine SCG biochar,IBU,Synthetic,0.9366107784098637,0.9084893191811008,GradientBoosting,GradientBoosting_2
1170,SI_ref_17,Pristine SCG biochar,IBU,Synthetic,0.7820004901373623,0.8962764009236843,GradientBoosting,GradientBoosting_2
1172,SI_ref_17,Pristine SCG biochar,IBU,Synthetic,0.9276141025756294,0.9200146305008017,GradientBoosting,GradientBoosting_2
1174,SI_ref_17,Pristine SCG biochar,IBU,Synthetic,0.918292455911169,0.9200146305008017,GradientBoosting,GradientBoosting_2
1176,SI_ref_17,Pristine SCG biochar,IBU,Synthetic,0.9133007565861092,0.9200146305008017,GradientBoosting,GradientBoosting_2
1178,SI_ref_17,Pristine SCG biochar,IBU,Synthetic,0.9182483670803396,0.9200146305008017,GradientBoosting,GradientBoosting_2
1180,SI_ref_17,Pristine SCG biochar,IBU,Synthetic,0.9167234922708469,0.9200146305008017,GradientBoosting,GradientBoosting_2
1182,SI_ref_17,Pristine SCG biochar,IBU,Synthetic,0.9122551436969301,0.9200146305008017,GradientBoosting,GradientBoosting_2
1184,SI_ref_17,Pristine SCG biochar,IBU,Synthetic,0.9484982246288517,0.925728922233099,GradientBoosting,GradientBoosting_2
1186,SI_ref_17,Pristine SCG biochar,IBU,Synthetic,0.893754721851682,0.9200146305008017,GradientBoosting,GradientBoosting_2
1188,SI_ref_17,Pristine SCG biochar,IBU,Synthetic,0.8900227639990935,0.9200146305008017,GradientBoosting,GradientBoosting_2
1190,SI_ref_17,Pristine SCG biochar,IBU,Synthetic,0.924357415959487,0.9200146305008017,GradientBoosting,GradientBoosting_2
1192,SI_ref_17,Pristine SCG biochar,IBU,Synthetic,0.9226237248225028,0.9200146305008017,GradientBoosting,GradientBoosting_2
1194,SI_ref_17,Pristine SCG biochar,IBU,Synthetic,0.8857728699803085,0.9200146305008017,GradientBoosting,GradientBoosting_2
1254,SI_ref_18,Pristine SCW Biochar,IBU,Secondary effluent,0.9156726978407875,0.9384338644783791,GradientBoosting,GradientBoosting_2
1256,SI_ref_18,Pristine SCW Biochar,IBU,Secondary effluent,0.9079673942368781,0.9271857046389755,GradientBoosting,GradientBoosting_2
1258,SI_ref_18,Pristine SCW Biochar,IBU,Secondary effluent,0.9043236251446873,0.9234697127882681,GradientBoosting,GradientBoosting_2
1260,SI_ref_18,Pristine SCW Biochar,IBU,Secondary effluent,0.9020547983951682,0.9197936770518657,GradientBoosting,GradientBoosting_2
1262,SI_ref_18,Pristine SCW Biochar,IBU,Secondary effluent,0.9004882379050155,0.9145102815903783,GradientBoosting,GradientBoosting_2
1264,SI_ref_18,Pristine SCW Biochar,IBU,Secondary effluent,0.897458530238549,0.9145102815903783,GradientBoosting,GradientBoosting_2
1266,SI_ref_18,Pristine SCW Biochar,IBU,Secondary effluent,0.8973424975849196,0.9145102815903783,GradientBoosting,GradientBoosting_2
1267,SI_ref_18,Pristine SCW Biochar,IBU,Secondary effluent,0.8360939688333745,0.9182609327369461,GradientBoosting,GradientBoosting_2
1268,SI_ref_18,Pristine SCW Biochar,IBU,Secondary effluent,0.8984823855966844,0.9182609327369461,GradientBoosting,GradientBoosting_2
1270,SI_ref_18,Pristine SCW Biochar,IBU,Secondary effluent,0.8874692330465712,0.8945227031598287,GradientBoosting,GradientBoosting_2
1272,SI_ref_18,Pristine SCW Biochar,IBU,Secondary effluent,0.9012569556545285,0.9235902346446083,GradientBoosting,GradientBoosting_2
1274,SI_ref_18,Pristine SCW Biochar,IBU,Secondary effluent,0.8992057856547054,0.9182609327369461,GradientBoosting,GradientBoosting_2
1278,SI_ref_18,Pristine SCW Biochar,IBU,Secondary effluent,0.9165018852947014,0.9182609327369461,GradientBoosting,GradientBoosting_2
1282,SI_ref_18,Pristine SCW Biochar,IBU,Secondary effluent,0.9202396860047187,0.9182609327369461,GradientBoosting,GradientBoosting_2
1286,SI_ref_18,Pristine SCW Biochar,IBU,Secondary effluent,0.9152513064761528,0.9182609327369461,GradientBoosting,GradientBoosting_2
1290,SI_ref_18,Pristine SCW Biochar,IBU,Secondary effluent,0.9145713435205399,0.9182609327369461,GradientBoosting,GradientBoosting_2
1294,SI_ref_18,Pristine SCW Biochar,IBU,Secondary effluent,0.9194281493241605,0.9182609327369461,GradientBoosting,GradientBoosting_2
1299,SI_ref_18,Pristine SCW Biochar,IBU,Secondary effluent,0.891903218347585,0.9165709977433835,GradientBoosting,GradientBoosting_2
1301,SI_ref_18,Pristine SCW Biochar,IBU,Secondary effluent,0.9069133641489088,0.9197503658195145,GradientBoosting,GradientBoosting_2
1303,SI_ref_18,Pristine SCW Biochar,IBU,Secondary effluent,0.9145392250293353,0.9239752244692434,GradientBoosting,GradientBoosting_2
1304,SI_ref_18,Pristine SCW Biochar,IBU,Secondary effluent,0.911352956646831,0.9182609327369461,GradientBoosting,GradientBoosting_2
1305,SI_ref_18,Pristine SCW Biochar,IBU,Secondary effluent,0.8992133437264335,0.9182609327369461,GradientBoosting,GradientBoosting_2
1309,SI_ref_18,Pristine SCW Biochar,NPX,Secondary effluent,0.9276600601799115,0.9367995325416577,GradientBoosting,GradientBoosting_2
1311,SI_ref_18,Pristine SCW Biochar,NPX,Secondary effluent,0.9217275625657669,0.9255513727022542,GradientBoosting,GradientBoosting_2
1313,SI_ref_18,Pristine SCW Biochar,NPX,Secondary effluent,0.9151672500810683,0.9174674255126676,GradientBoosting,GradientBoosting_2
1315,SI_ref_18,Pristine SCW Biochar,NPX,Secondary effluent,0.914870212237198,0.917202914222851,GradientBoosting,GradientBoosting_2
1317,SI_ref_18,Pristine SCW Biochar,NPX,Secondary effluent,0.9125118045566373,0.9119195187613637,GradientBoosting,GradientBoosting_2
1319,SI_ref_18,Pristine SCW Biochar,NPX,Secondary effluent,0.9122370962869346,0.9119195187613637,GradientBoosting,GradientBoosting_2
1321,SI_ref_18,Pristine SCW Biochar,NPX,Secondary effluent,0.9100475600528815,0.9119195187613637,GradientBoosting,GradientBoosting_2
1322,SI_ref_18,Pristine SCW Biochar,NPX,Secondary effluent,0.8724917016408669,0.9165121753125894,GradientBoosting,GradientBoosting_2
1323,SI_ref_18,Pristine SCW Biochar,NPX,Secondary effluent,0.9222871559920565,0.9165121753125894,GradientBoosting,GradientBoosting_2
1325,SI_ref_18,Pristine SCW Biochar,NPX,Secondary effluent,0.8954095327862793,0.8924300484184201,GradientBoosting,GradientBoosting_2
1327,SI_ref_18,Pristine SCW Biochar,NPX,Secondary effluent,0.9153416500332668,0.9218414772202517,GradientBoosting,GradientBoosting_2
1329,SI_ref_18,Pristine SCW Biochar,NPX,Secondary effluent,0.910898633301941,0.9165121753125894,GradientBoosting,GradientBoosting_2
1331,SI_ref_18,Pristine SCW Biochar,NPX,Secondary effluent,0.9081761980542199,0.9165121753125894,GradientBoosting,GradientBoosting_2
1333,SI_ref_18,Pristine SCW Biochar,NPX,Secondary effluent,0.9126518494691617,0.9165121753125894,GradientBoosting,GradientBoosting_2
1335,SI_ref_18,Pristine SCW Biochar,NPX,Secondary effluent,0.9091665914238204,0.9165121753125894,GradientBoosting,GradientBoosting_2
1337,SI_ref_18,Pristine SCW Biochar,NPX,Secondary effluent,0.9109852392346297,0.9165121753125894,GradientBoosting,GradientBoosting_2
1339,SI_ref_18,Pristine SCW Biochar,NPX,Secondary effluent,0.9170303341534803,0.9165121753125894,GradientBoosting,GradientBoosting_2
1341,SI_ref_18,Pristine SCW Biochar,NPX,Secondary effluent,0.9109021678864493,0.9148222403190268,GradientBoosting,GradientBoosting_2
1343,SI_ref_18,Pristine SCW Biochar,NPX,Secondary effluent,0.9138805167442893,0.9180016083951579,GradientBoosting,GradientBoosting_2
1345,SI_ref_18,Pristine SCW Biochar,NPX,Secondary effluent,0.9200278517039994,0.9222264670448868,GradientBoosting,GradientBoosting_2
1346,SI_ref_18,Pristine SCW Biochar,NPX,Secondary effluent,0.9136165317560039,0.9165121753125894,GradientBoosting,GradientBoosting_2
1347,SI_ref_18,Pristine SCW Biochar,NPX,Secondary effluent,0.9038576927569927,0.9165121753125894,GradientBoosting,GradientBoosting_2
189,SI_ref_17,Alkali-modified SCG biochars,IBU,Synthetic,0.6581206763788531,0.3657353016423841,HistGradientBoosting,HistGradientBoosting_2
191,SI_ref_17,Alkali-modified SCG biochars,IBU,Synthetic,0.6239833523895453,0.3279303682707992,HistGradientBoosting,HistGradientBoosting_2
193,SI_ref_17,Alkali-modified SCG biochars,IBU,Synthetic,0.5119378819344518,0.17194276879438414,HistGradientBoosting,HistGradientBoosting_2
195,SI_ref_17,Alkali-modified SCG biochars,IBU,Synthetic,0.4585781550994164,0.15114716466601388,HistGradientBoosting,HistGradientBoosting_2
197,SI_ref_17,Alkali-modified SCG biochars,IBU,Synthetic,0.44243948810088646,0.14637508346317776,HistGradientBoosting,HistGradientBoosting_2
199,SI_ref_17,Alkali-modified SCG biochars,IBU,Synthetic,0.4544355679658596,0.14567552948333976,HistGradientBoosting,HistGradientBoosting_2
201,SI_ref_17,Alkali-modified SCG biochars,IBU,Synthetic,0.39592651561701936,0.14426677773063631,HistGradientBoosting,HistGradientBoosting_2
203,SI_ref_17,Alkali-modified SCG biochars,IBU,Synthetic,0.10913541523053398,0.20339482320072244,HistGradientBoosting,HistGradientBoosting_2
205,SI_ref_17,Alkali-modified SCG biochars,IBU,Synthetic,0.3052806700714839,0.34529974865244556,HistGradientBoosting,HistGradientBoosting_2
207,SI_ref_17,Alkali-modified SCG biochars,IBU,Synthetic,0.4311083753711556,0.34529974865244556,HistGradientBoosting,HistGradientBoosting_2
209,SI_ref_17,Alkali-modified SCG biochars,IBU,Synthetic,0.3789894895081609,0.34529974865244556,HistGradientBoosting,HistGradientBoosting_2
211,SI_ref_17,Alkali-modified SCG biochars,IBU,Synthetic,0.3304133868875155,0.34529974865244556,HistGradientBoosting,HistGradientBoosting_2
213,SI_ref_17,Alkali-modified SCG biochars,IBU,Synthetic,0.33928547446435453,0.34529974865244556,HistGradientBoosting,HistGradientBoosting_2
215,SI_ref_17,Alkali-modified SCG biochars,IBU,Synthetic,0.3234505141947598,0.34529974865244556,HistGradientBoosting,HistGradientBoosting_2
217,SI_ref_17,Alkali-modified SCG biochars,IBU,Synthetic,0.6889998443034063,0.2702784186777474,HistGradientBoosting,HistGradientBoosting_2
219,SI_ref_17,Alkali-modified SCG biochars,IBU,Synthetic,0.1184746430703935,0.34529974865244556,HistGradientBoosting,HistGradientBoosting_2
221,SI_ref_17,Alkali-modified SCG biochars,IBU,Synthetic,0.35446182653715885,0.34529974865244556,HistGradientBoosting,HistGradientBoosting_2
223,SI_ref_17,Alkali-modified SCG biochars,IBU,Synthetic,0.5365490577861332,0.34529974865244556,HistGradientBoosting,HistGradientBoosting_2
225,SI_ref_17,Alkali-modified SCG biochars,IBU,Synthetic,0.5901579894748284,0.34529974865244556,HistGradientBoosting,HistGradientBoosting_2
227,SI_ref_17,Alkali-modified SCG biochars,IBU,Synthetic,0.6910697148739985,0.34529974865244556,HistGradientBoosting,HistGradientBoosting_2
229,SI_ref_16,C-Biochar,ATE,Synthetic,0.8511111111111113,0.5359680673912879,HistGradientBoosting,HistGradientBoosting_2
230,SI_ref_16,C-Biochar,ATE,Synthetic,0.7400000000000001,0.5359680673912879,HistGradientBoosting,HistGradientBoosting_2
231,SI_ref_16,C-Biochar,ATE,Synthetic,0.7400000000000001,0.6394936607347311,HistGradientBoosting,HistGradientBoosting_2
232,SI_ref_16,C-Biochar,ATE,Synthetic,0.7453872053872055,0.6406322811790708,HistGradientBoosting,HistGradientBoosting_2
233,SI_ref_16,C-Biochar,ATE,Synthetic,0.8733333333333334,0.6406322811790708,HistGradientBoosting,HistGradientBoosting_2
234,SI_ref_16,C-Biochar,ATE,Synthetic,0.8288888888888891,0.6406322811790708,HistGradientBoosting,HistGradientBoosting_2
235,SI_ref_16,C-Biochar,ATE,Synthetic,0.8511111111111113,0.6406322811790708,HistGradientBoosting,HistGradientBoosting_2
236,SI_ref_16,C-Biochar,ATE,Synthetic,0.7844444444444446,0.6406322811790708,HistGradientBoosting,HistGradientBoosting_2
237,SI_ref_16,C-Biochar,ATE,Synthetic,0.8733333333333334,0.6406322811790708,HistGradientBoosting,HistGradientBoosting_2
238,SI_ref_16,C-Biochar,ATE,Synthetic,0.6733333333333335,0.5772971519103863,HistGradientBoosting,HistGradientBoosting_2
239,SI_ref_16,C-Biochar,ATE,Synthetic,0.6511111111111112,0.5772971519103863,HistGradientBoosting,HistGradientBoosting_2
240,SI_ref_16,C-Biochar,ATE,Synthetic,0.6288888888888889,0.6417968963058022,HistGradientBoosting,HistGradientBoosting_2
241,SI_ref_16,C-Biochar,ATE,Synthetic,0.7774074074074075,0.6406322811790708,HistGradientBoosting,HistGradientBoosting_2
242,SI_ref_16,C-Biochar,ATE,Synthetic,0.7824691358024691,0.6406322811790708,HistGradientBoosting,HistGradientBoosting_2
243,SI_ref_16,C-Biochar,ATE,Synthetic,0.8257777777777777,0.6406322811790708,HistGradientBoosting,HistGradientBoosting_2
244,SI_ref_16,C-Biochar,ATE,Synthetic,0.8438888888888889,0.6406322811790708,HistGradientBoosting,HistGradientBoosting_2
245,SI_ref_16,C-Biochar,ATE,Synthetic,0.8562222222222223,0.6406322811790708,HistGradientBoosting,HistGradientBoosting_2
263,SI_ref_16,C-Biochar,IBU,Synthetic,0.5333333333333333,0.5927557925220709,HistGradientBoosting,HistGradientBoosting_2
264,SI_ref_16,C-Biochar,IBU,Synthetic,0.7333333333333333,0.5927557925220709,HistGradientBoosting,HistGradientBoosting_2
265,SI_ref_16,C-Biochar,IBU,Synthetic,0.6000000000000001,0.6965624725814992,HistGradientBoosting,HistGradientBoosting_2
266,SI_ref_16,C-Biochar,IBU,Synthetic,0.6121212121212122,0.6977010930258388,HistGradientBoosting,HistGradientBoosting_2
267,SI_ref_16,C-Biochar,IBU,Synthetic,0.7333333333333333,0.6977010930258388,HistGradientBoosting,HistGradientBoosting_2
268,SI_ref_16,C-Biochar,IBU,Synthetic,0.5333333333333333,0.6977010930258388,HistGradientBoosting,HistGradientBoosting_2
269,SI_ref_16,C-Biochar,IBU,Synthetic,0.4666666666666666,0.6977010930258388,HistGradientBoosting,HistGradientBoosting_2
270,SI_ref_16,C-Biochar,IBU,Synthetic,0.5555555555555556,0.6977010930258388,HistGradientBoosting,HistGradientBoosting_2
271,SI_ref_16,C-Biochar,IBU,Synthetic,0.6000000000000001,0.6977010930258388,HistGradientBoosting,HistGradientBoosting_2
272,SI_ref_16,C-Biochar,IBU,Synthetic,0.6000000000000001,0.6309151714027391,HistGradientBoosting,HistGradientBoosting_2
273,SI_ref_16,C-Biochar,IBU,Synthetic,0.6000000000000001,0.6309151714027391,HistGradientBoosting,HistGradientBoosting_2
274,SI_ref_16,C-Biochar,IBU,Synthetic,1.0666666666666667,0.6988657081525702,HistGradientBoosting,HistGradientBoosting_2
275,SI_ref_16,C-Biochar,IBU,Synthetic,0.5277777777777777,0.6977010930258388,HistGradientBoosting,HistGradientBoosting_2
276,SI_ref_16,C-Biochar,IBU,Synthetic,0.7,0.6977010930258388,HistGradientBoosting,HistGradientBoosting_2
277,SI_ref_16,C-Biochar,IBU,Synthetic,0.7844444444444444,0.6977010930258388,HistGradientBoosting,HistGradientBoosting_2
278,SI_ref_16,C-Biochar,IBU,Synthetic,0.8430555555555557,0.6977010930258388,HistGradientBoosting,HistGradientBoosting_2
279,SI_ref_16,C-Biochar,IBU,Synthetic,0.861111111111111,0.6977010930258388,HistGradientBoosting,HistGradientBoosting_2
354,SI_ref_14,GCRB,DIU,Synthetic,0.983291565929579,0.9734358672783315,HistGradientBoosting,HistGradientBoosting_2
355,SI_ref_14,GCRB,DIU,Synthetic,0.9782739977994132,0.9561980984025166,HistGradientBoosting,HistGradientBoosting_2
356,SI_ref_14,GCRB,DIU,Synthetic,0.9708791324637501,0.9559737912298889,HistGradientBoosting,HistGradientBoosting_2
357,SI_ref_14,GCRB,DIU,Synthetic,0.964507517643233,0.9485356628956989,HistGradientBoosting,HistGradientBoosting_2
358,SI_ref_14,GCRB,DIU,Synthetic,0.960647920928618,0.948258821127728,HistGradientBoosting,HistGradientBoosting_2
359,SI_ref_14,GCRB,DIU,Synthetic,0.9584857336381704,0.9496955995691149,HistGradientBoosting,HistGradientBoosting_2
360,SI_ref_14,GCRB,DIU,Synthetic,0.9536869714697045,0.9509139002785311,HistGradientBoosting,HistGradientBoosting_2
361,SI_ref_14,GCRB,DIU,Synthetic,0.9291396445453227,0.8829644833240657,HistGradientBoosting,HistGradientBoosting_2
362,SI_ref_14,GCRB,DIU,Synthetic,0.9775416982957918,0.9718324183975269,HistGradientBoosting,HistGradientBoosting_2
363,SI_ref_14,GCRB,DIU,Synthetic,0.9527369648004039,0.9589463836252913,HistGradientBoosting,HistGradientBoosting_2
364,SI_ref_14,GCRB,DIU,Synthetic,0.9478201604463821,0.9589463836252913,HistGradientBoosting,HistGradientBoosting_2
365,SI_ref_14,GCRB,DIU,Synthetic,0.9265327424413893,0.9589463836252913,HistGradientBoosting,HistGradientBoosting_2
366,SI_ref_14,GCRB,DIU,Synthetic,0.9253239651903417,0.9589463836252913,HistGradientBoosting,HistGradientBoosting_2
367,SI_ref_14,GCRB,DIU,Synthetic,0.9238760352548926,0.9589463836252913,HistGradientBoosting,HistGradientBoosting_2
368,SI_ref_14,GCRB,DIU,Synthetic,0.9417552695951205,0.9504416444750838,HistGradientBoosting,HistGradientBoosting_2
369,SI_ref_14,GCRB,DIU,Synthetic,0.9147016410628197,0.9504416444750838,HistGradientBoosting,HistGradientBoosting_2
370,SI_ref_14,GCRB,DIU,Synthetic,0.9192051981667979,0.9651715407959934,HistGradientBoosting,HistGradientBoosting_2
371,SI_ref_14,GCRB,DIU,Synthetic,0.9535021691371877,0.9589463836252913,HistGradientBoosting,HistGradientBoosting_2
372,SI_ref_14,GCRB,DIU,Synthetic,0.9661748102299111,0.9589463836252913,HistGradientBoosting,HistGradientBoosting_2
373,SI_ref_14,GCRB,DIU,Synthetic,1.0173780045422414,0.9589463836252913,HistGradientBoosting,HistGradientBoosting_2
374,SI_ref_14,GCRB,DIU,Synthetic,1.0082496176169822,0.9589463836252913,HistGradientBoosting,HistGradientBoosting_2
375,SI_ref_14,GCRB,DIU,Synthetic,0.9496862840784065,0.9589463836252913,HistGradientBoosting,HistGradientBoosting_2
439,SI_ref_14,GCRB-N,DIU,Synthetic,0.6654043880576614,0.8088680103696316,HistGradientBoosting,HistGradientBoosting_2
440,SI_ref_14,GCRB-N,DIU,Synthetic,0.5844535743219663,0.7852747994511211,HistGradientBoosting,HistGradientBoosting_2
441,SI_ref_14,GCRB-N,DIU,Synthetic,0.5079200907404222,0.7135107251733626,HistGradientBoosting,HistGradientBoosting_2
442,SI_ref_14,GCRB-N,DIU,Synthetic,0.37854626102465844,0.6421451630281304,HistGradientBoosting,HistGradientBoosting_2
443,SI_ref_14,GCRB-N,DIU,Synthetic,0.26690125827656935,0.6070628347343444,HistGradientBoosting,HistGradientBoosting_2
444,SI_ref_14,GCRB-N,DIU,Synthetic,0.2332409918272794,0.5285149353256785,HistGradientBoosting,HistGradientBoosting_2
445,SI_ref_14,GCRB-N,DIU,Synthetic,0.1951305004086504,0.4671758664962296,HistGradientBoosting,HistGradientBoosting_2
446,SI_ref_14,GCRB-N,DIU,Synthetic,0.2075726875081201,0.3945016430474708,HistGradientBoosting,HistGradientBoosting_2
447,SI_ref_14,GCRB-N,DIU,Synthetic,0.26826652394124667,0.5017541270816986,HistGradientBoosting,HistGradientBoosting_2
448,SI_ref_14,GCRB-N,DIU,Synthetic,0.1819381767074788,0.46776156181937534,HistGradientBoosting,HistGradientBoosting_2
449,SI_ref_14,GCRB-N,DIU,Synthetic,0.15093015054787579,0.42667771702170004,HistGradientBoosting,HistGradientBoosting_2
450,SI_ref_14,GCRB-N,DIU,Synthetic,0.1736169508150928,0.42667771702170004,HistGradientBoosting,HistGradientBoosting_2
451,SI_ref_14,GCRB-N,DIU,Synthetic,0.16382165003373128,0.46155031636331173,HistGradientBoosting,HistGradientBoosting_2
452,SI_ref_14,GCRB-N,DIU,Synthetic,0.1932052297084895,0.46776156181937534,HistGradientBoosting,HistGradientBoosting_2
453,SI_ref_14,GCRB-N,DIU,Synthetic,0.1683505359330984,0.5766072687190454,HistGradientBoosting,HistGradientBoosting_2
454,SI_ref_14,GCRB-N,DIU,Synthetic,0.1647692025710552,0.5883096502867441,HistGradientBoosting,HistGradientBoosting_2
455,SI_ref_14,GCRB-N,DIU,Synthetic,0.3384549122360595,0.5883096502867441,HistGradientBoosting,HistGradientBoosting_2
456,SI_ref_14,GCRB-N,DIU,Synthetic,0.1402528461142079,0.612670260334888,HistGradientBoosting,HistGradientBoosting_2
457,SI_ref_14,GCRB-N,DIU,Synthetic,0.5187315058108145,0.612670260334888,HistGradientBoosting,HistGradientBoosting_2
458,SI_ref_14,GCRB-N,DIU,Synthetic,0.12629127082807837,0.6331852697148171,HistGradientBoosting,HistGradientBoosting_2
459,SI_ref_14,GCRB-N,DIU,Synthetic,0.6455190877003087,0.6331852697148171,HistGradientBoosting,HistGradientBoosting_2
460,SI_ref_14,GCRB-N,DIU,Synthetic,0.12138562309836234,0.5745512726783735,HistGradientBoosting,HistGradientBoosting_2
461,SI_ref_14,GCRB-N,DIU,Synthetic,0.6666027581171994,0.5745512726783735,HistGradientBoosting,HistGradientBoosting_2
462,SI_ref_14,GCRB-N,DIU,Synthetic,0.16773925939532233,0.57423699407307,HistGradientBoosting,HistGradientBoosting_2
463,SI_ref_14,GCRB-N,DIU,Synthetic,0.15967117649899737,0.5872206000622483,HistGradientBoosting,HistGradientBoosting_2
464,SI_ref_14,GCRB-N,DIU,Synthetic,0.27418422723714847,0.5872206000622483,HistGradientBoosting,HistGradientBoosting_2
465,SI_ref_14,GCRB-N,DIU,Synthetic,0.1405827183894587,0.6234880018223868,HistGradientBoosting,HistGradientBoosting_2
466,SI_ref_14,GCRB-N,DIU,Synthetic,0.5605758859577746,0.6234880018223868,HistGradientBoosting,HistGradientBoosting_2
467,SI_ref_14,GCRB-N,DIU,Synthetic,0.13173953864692908,0.6253167552779036,HistGradientBoosting,HistGradientBoosting_2
468,SI_ref_14,GCRB-N,DIU,Synthetic,0.6564705601884918,0.6253167552779036,HistGradientBoosting,HistGradientBoosting_2
469,SI_ref_14,GCRB-N,DIU,Synthetic,0.12617131727344172,0.5741440410938086,HistGradientBoosting,HistGradientBoosting_2
470,SI_ref_14,GCRB-N,DIU,Synthetic,0.6552893507455957,0.5741440410938086,HistGradientBoosting,HistGradientBoosting_2
471,SI_ref_14,GCRB-N,DIU,Synthetic,0.1676281074261493,0.573536173900605,HistGradientBoosting,HistGradientBoosting_2
472,SI_ref_14,GCRB-N,DIU,Synthetic,0.1622201895350263,0.5848211459587382,HistGradientBoosting,HistGradientBoosting_2
473,SI_ref_14,GCRB-N,DIU,Synthetic,0.31928006415696586,0.5848211459587382,HistGradientBoosting,HistGradientBoosting_2
474,SI_ref_14,GCRB-N,DIU,Synthetic,0.14041778225183332,0.5980071244701505,HistGradientBoosting,HistGradientBoosting_2
475,SI_ref_14,GCRB-N,DIU,Synthetic,0.5410485473017326,0.5980071244701505,HistGradientBoosting,HistGradientBoosting_2
476,SI_ref_14,GCRB-N,DIU,Synthetic,0.12901540473750372,0.6039079271891937,HistGradientBoosting,HistGradientBoosting_2
477,SI_ref_14,GCRB-N,DIU,Synthetic,0.6413243626564091,0.6039079271891937,HistGradientBoosting,HistGradientBoosting_2
478,SI_ref_14,GCRB-N,DIU,Synthetic,0.12377847018590202,0.6039079271891937,HistGradientBoosting,HistGradientBoosting_2
479,SI_ref_14,GCRB-N,DIU,Synthetic,0.665837914589971,0.6039079271891937,HistGradientBoosting,HistGradientBoosting_2
699,SI_ref_18,NaOH-activated SCW biochars,IBU,Secondary effluent,0.8098199350756726,0.6413842718337823,HistGradientBoosting,HistGradientBoosting_2
701,SI_ref_18,NaOH-activated SCW biochars,IBU,Secondary effluent,0.7485969905050348,0.6395028942638666,HistGradientBoosting,HistGradientBoosting_2
703,SI_ref_18,NaOH-activated SCW biochars,IBU,Secondary effluent,0.6850179499229786,0.6365133908311309,HistGradientBoosting,HistGradientBoosting_2
705,SI_ref_18,NaOH-activated SCW biochars,IBU,Secondary effluent,0.6861011679416551,0.6253518711519125,HistGradientBoosting,HistGradientBoosting_2
707,SI_ref_18,NaOH-activated SCW biochars,IBU,Secondary effluent,0.6799185617433835,0.6160221697576733,HistGradientBoosting,HistGradientBoosting_2
709,SI_ref_18,NaOH-activated SCW biochars,IBU,Secondary effluent,0.6765813990931481,0.6145552626589007,HistGradientBoosting,HistGradientBoosting_2
711,SI_ref_18,NaOH-activated SCW biochars,IBU,Secondary effluent,0.6777803451607008,0.6093359839030986,HistGradientBoosting,HistGradientBoosting_2
713,SI_ref_18,NaOH-activated SCW biochars,IBU,Secondary effluent,0.19946424836974086,0.5978880038344224,HistGradientBoosting,HistGradientBoosting_2
715,SI_ref_18,NaOH-activated SCW biochars,IBU,Secondary effluent,0.45728603839109744,0.5978880038344224,HistGradientBoosting,HistGradientBoosting_2
717,SI_ref_18,NaOH-activated SCW biochars,IBU,Secondary effluent,0.5431517029603264,0.5415580686241614,HistGradientBoosting,HistGradientBoosting_2
719,SI_ref_18,NaOH-activated SCW biochars,IBU,Secondary effluent,0.6932620426015607,0.6373225390493469,HistGradientBoosting,HistGradientBoosting_2
721,SI_ref_18,NaOH-activated SCW biochars,IBU,Secondary effluent,0.675113405421536,0.5978880038344224,HistGradientBoosting,HistGradientBoosting_2
725,SI_ref_18,NaOH-activated SCW biochars,IBU,Secondary effluent,0.6458796718925713,0.5978880038344224,HistGradientBoosting,HistGradientBoosting_2
729,SI_ref_18,NaOH-activated SCW biochars,IBU,Secondary effluent,0.6230174196820357,0.5978880038344224,HistGradientBoosting,HistGradientBoosting_2
733,SI_ref_18,NaOH-activated SCW biochars,IBU,Secondary effluent,0.6232264558664639,0.5978880038344224,HistGradientBoosting,HistGradientBoosting_2
737,SI_ref_18,NaOH-activated SCW biochars,IBU,Secondary effluent,0.6321330290401536,0.5978880038344224,HistGradientBoosting,HistGradientBoosting_2
741,SI_ref_18,NaOH-activated SCW biochars,IBU,Secondary effluent,0.6274964829882473,0.5978880038344224,HistGradientBoosting,HistGradientBoosting_2
746,SI_ref_18,NaOH-activated SCW biochars,IBU,Secondary effluent,0.6482993087024828,0.5705129096033651,HistGradientBoosting,HistGradientBoosting_2
748,SI_ref_18,NaOH-activated SCW biochars,IBU,Secondary effluent,0.7478636767346728,0.6258331361326128,HistGradientBoosting,HistGradientBoosting_2
750,SI_ref_18,NaOH-activated SCW biochars,IBU,Secondary effluent,0.811827151849907,0.6331541633603427,HistGradientBoosting,HistGradientBoosting_2
752,SI_ref_18,NaOH-activated SCW biochars,IBU,Secondary effluent,0.7252319435730717,0.5978880038344224,HistGradientBoosting,HistGradientBoosting_2
754,SI_ref_18,NaOH-activated SCW biochars,IBU,Secondary effluent,0.7786423949758233,0.5978880038344224,HistGradientBoosting,HistGradientBoosting_2
758,SI_ref_18,NaOH-activated SCW biochars,NPX,Secondary effluent,0.5521972966156422,0.25253846603732677,HistGradientBoosting,HistGradientBoosting_2
760,SI_ref_18,NaOH-activated SCW biochars,NPX,Secondary effluent,0.4814245289032641,0.23432585487063617,HistGradientBoosting,HistGradientBoosting_2
762,SI_ref_18,NaOH-activated SCW biochars,NPX,Secondary effluent,0.34455951981715066,0.204903622930528,HistGradientBoosting,HistGradientBoosting_2
764,SI_ref_18,NaOH-activated SCW biochars,NPX,Secondary effluent,0.2493517679350271,0.10867556931956589,HistGradientBoosting,HistGradientBoosting_2
766,SI_ref_18,NaOH-activated SCW biochars,NPX,Secondary effluent,0.16764900163614713,0.09535068273887518,HistGradientBoosting,HistGradientBoosting_2
768,SI_ref_18,NaOH-activated SCW biochars,NPX,Secondary effluent,0.12846350911521487,0.09652896613324068,HistGradientBoosting,HistGradientBoosting_2
770,SI_ref_18,NaOH-activated SCW biochars,NPX,Secondary effluent,0.12873702561203082,0.0920998201233067,HistGradientBoosting,HistGradientBoosting_2
772,SI_ref_18,NaOH-activated SCW biochars,NPX,Secondary effluent,0.026110640989477824,0.07773753170675197,HistGradientBoosting,HistGradientBoosting_2
774,SI_ref_18,NaOH-activated SCW biochars,NPX,Secondary effluent,0.054870517105304405,0.07773753170675197,HistGradientBoosting,HistGradientBoosting_2
776,SI_ref_18,NaOH-activated SCW biochars,NPX,Secondary effluent,0.048092629555703405,0.04011408466336864,HistGradientBoosting,HistGradientBoosting_2
778,SI_ref_18,NaOH-activated SCW biochars,NPX,Secondary effluent,0.16521082834331338,0.12786254406475886,HistGradientBoosting,HistGradientBoosting_2
780,SI_ref_18,NaOH-activated SCW biochars,NPX,Secondary effluent,0.11864589305153721,0.07773753170675197,HistGradientBoosting,HistGradientBoosting_2
782,SI_ref_18,NaOH-activated SCW biochars,NPX,Secondary effluent,0.10983576367726838,0.07773753170675197,HistGradientBoosting,HistGradientBoosting_2
784,SI_ref_18,NaOH-activated SCW biochars,NPX,Secondary effluent,0.10668866579384965,0.07773753170675197,HistGradientBoosting,HistGradientBoosting_2
786,SI_ref_18,NaOH-activated SCW biochars,NPX,Secondary effluent,0.08538292965546301,0.07773753170675197,HistGradientBoosting,HistGradientBoosting_2
788,SI_ref_18,NaOH-activated SCW biochars,NPX,Secondary effluent,0.09141898602740345,0.07773753170675197,HistGradientBoosting,HistGradientBoosting_2
790,SI_ref_18,NaOH-activated SCW biochars,NPX,Secondary effluent,0.11725913824368146,0.07773753170675197,HistGradientBoosting,HistGradientBoosting_2
792,SI_ref_18,NaOH-activated SCW biochars,NPX,Secondary effluent,0.10630651659643675,0.0813679192956706,HistGradientBoosting,HistGradientBoosting_2
794,SI_ref_18,NaOH-activated SCW biochars,NPX,Secondary effluent,0.2275589654025283,0.1138327668946759,HistGradientBoosting,HistGradientBoosting_2
796,SI_ref_18,NaOH-activated SCW biochars,NPX,Secondary effluent,0.27043202483921047,0.12982402823343245,HistGradientBoosting,HistGradientBoosting_2
798,SI_ref_18,NaOH-activated SCW biochars,NPX,Secondary effluent,0.15082313311850198,0.07773753170675197,HistGradientBoosting,HistGradientBoosting_2
800,SI_ref_18,NaOH-activated SCW biochars,NPX,Secondary effluent,0.24701864815812044,0.07773753170675197,HistGradientBoosting,HistGradientBoosting_2
1156,SI_ref_17,Pristine SCG biochar,IBU,Synthetic,0.9684057270887299,0.9334487587142637,HistGradientBoosting,HistGradientBoosting_2
1158,SI_ref_17,Pristine SCG biochar,IBU,Synthetic,0.964180236157731,0.9267557368745598,HistGradientBoosting,HistGradientBoosting_2
1160,SI_ref_17,Pristine SCG biochar,IBU,Synthetic,0.9598191197252507,0.902271553645178,HistGradientBoosting,HistGradientBoosting_2
1162,SI_ref_17,Pristine SCG biochar,IBU,Synthetic,0.9580437721935793,0.8981297718001315,HistGradientBoosting,HistGradientBoosting_2
1164,SI_ref_17,Pristine SCG biochar,IBU,Synthetic,0.9425460946241216,0.8981838542886063,HistGradientBoosting,HistGradientBoosting_2
1166,SI_ref_17,Pristine SCG biochar,IBU,Synthetic,0.9402369906408686,0.8977437333560078,HistGradientBoosting,HistGradientBoosting_2
1168,SI_ref_17,Pristine SCG biochar,IBU,Synthetic,0.9366107784098637,0.8983136880335243,HistGradientBoosting,HistGradientBoosting_2
1170,SI_ref_17,Pristine SCG biochar,IBU,Synthetic,0.7820004901373623,0.8236141839346761,HistGradientBoosting,HistGradientBoosting_2
1172,SI_ref_17,Pristine SCG biochar,IBU,Synthetic,0.9276141025756294,0.9051958360577508,HistGradientBoosting,HistGradientBoosting_2
1174,SI_ref_17,Pristine SCG biochar,IBU,Synthetic,0.918292455911169,0.9051958360577508,HistGradientBoosting,HistGradientBoosting_2
1176,SI_ref_17,Pristine SCG biochar,IBU,Synthetic,0.9133007565861092,0.9051958360577508,HistGradientBoosting,HistGradientBoosting_2
1178,SI_ref_17,Pristine SCG biochar,IBU,Synthetic,0.9182483670803396,0.9051958360577508,HistGradientBoosting,HistGradientBoosting_2
1180,SI_ref_17,Pristine SCG biochar,IBU,Synthetic,0.9167234922708469,0.9051958360577508,HistGradientBoosting,HistGradientBoosting_2
1182,SI_ref_17,Pristine SCG biochar,IBU,Synthetic,0.9122551436969301,0.9051958360577508,HistGradientBoosting,HistGradientBoosting_2
1184,SI_ref_17,Pristine SCG biochar,IBU,Synthetic,0.9484982246288517,0.9003826911350971,HistGradientBoosting,HistGradientBoosting_2
1186,SI_ref_17,Pristine SCG biochar,IBU,Synthetic,0.893754721851682,0.9051958360577508,HistGradientBoosting,HistGradientBoosting_2
1188,SI_ref_17,Pristine SCG biochar,IBU,Synthetic,0.8900227639990935,0.9051958360577508,HistGradientBoosting,HistGradientBoosting_2
1190,SI_ref_17,Pristine SCG biochar,IBU,Synthetic,0.924357415959487,0.9051958360577508,HistGradientBoosting,HistGradientBoosting_2
1192,SI_ref_17,Pristine SCG biochar,IBU,Synthetic,0.9226237248225028,0.9051958360577508,HistGradientBoosting,HistGradientBoosting_2
1194,SI_ref_17,Pristine SCG biochar,IBU,Synthetic,0.8857728699803085,0.9051958360577508,HistGradientBoosting,HistGradientBoosting_2
1254,SI_ref_18,Pristine SCW Biochar,IBU,Secondary effluent,0.9156726978407875,0.9094180683733016,HistGradientBoosting,HistGradientBoosting_2
1256,SI_ref_18,Pristine SCW Biochar,IBU,Secondary effluent,0.9079673942368781,0.9033451803370082,HistGradientBoosting,HistGradientBoosting_2
1258,SI_ref_18,Pristine SCW Biochar,IBU,Secondary effluent,0.9043236251446873,0.9049468684430965,HistGradientBoosting,HistGradientBoosting_2
1260,SI_ref_18,Pristine SCW Biochar,IBU,Secondary effluent,0.9020547983951682,0.9079546924864412,HistGradientBoosting,HistGradientBoosting_2
1262,SI_ref_18,Pristine SCW Biochar,IBU,Secondary effluent,0.9004882379050155,0.9054503105746502,HistGradientBoosting,HistGradientBoosting_2
1264,SI_ref_18,Pristine SCW Biochar,IBU,Secondary effluent,0.897458530238549,0.9044435432547028,HistGradientBoosting,HistGradientBoosting_2
1266,SI_ref_18,Pristine SCW Biochar,IBU,Secondary effluent,0.8973424975849196,0.9058321596547247,HistGradientBoosting,HistGradientBoosting_2
1267,SI_ref_18,Pristine SCW Biochar,IBU,Secondary effluent,0.8360939688333745,0.9057255890705075,HistGradientBoosting,HistGradientBoosting_2
1268,SI_ref_18,Pristine SCW Biochar,IBU,Secondary effluent,0.8984823855966844,0.9057255890705075,HistGradientBoosting,HistGradientBoosting_2
1270,SI_ref_18,Pristine SCW Biochar,IBU,Secondary effluent,0.8874692330465712,0.8424052601901595,HistGradientBoosting,HistGradientBoosting_2
1272,SI_ref_18,Pristine SCW Biochar,IBU,Secondary effluent,0.9012569556545285,0.9263913705106457,HistGradientBoosting,HistGradientBoosting_2
1274,SI_ref_18,Pristine SCW Biochar,IBU,Secondary effluent,0.8992057856547054,0.9057255890705075,HistGradientBoosting,HistGradientBoosting_2
1278,SI_ref_18,Pristine SCW Biochar,IBU,Secondary effluent,0.9165018852947014,0.9057255890705075,HistGradientBoosting,HistGradientBoosting_2
1282,SI_ref_18,Pristine SCW Biochar,IBU,Secondary effluent,0.9202396860047187,0.9057255890705075,HistGradientBoosting,HistGradientBoosting_2
1286,SI_ref_18,Pristine SCW Biochar,IBU,Secondary effluent,0.9152513064761528,0.9057255890705075,HistGradientBoosting,HistGradientBoosting_2
1290,SI_ref_18,Pristine SCW Biochar,IBU,Secondary effluent,0.9145713435205399,0.9057255890705075,HistGradientBoosting,HistGradientBoosting_2
1294,SI_ref_18,Pristine SCW Biochar,IBU,Secondary effluent,0.9194281493241605,0.9057255890705075,HistGradientBoosting,HistGradientBoosting_2
1299,SI_ref_18,Pristine SCW Biochar,IBU,Secondary effluent,0.891903218347585,0.9099656229654567,HistGradientBoosting,HistGradientBoosting_2
1301,SI_ref_18,Pristine SCW Biochar,IBU,Secondary effluent,0.9069133641489088,0.9267451863841696,HistGradientBoosting,HistGradientBoosting_2
1303,SI_ref_18,Pristine SCW Biochar,IBU,Secondary effluent,0.9145392250293353,0.9305541873780505,HistGradientBoosting,HistGradientBoosting_2
1304,SI_ref_18,Pristine SCW Biochar,IBU,Secondary effluent,0.911352956646831,0.9057255890705075,HistGradientBoosting,HistGradientBoosting_2
1305,SI_ref_18,Pristine SCW Biochar,IBU,Secondary effluent,0.8992133437264335,0.9057255890705075,HistGradientBoosting,HistGradientBoosting_2
1309,SI_ref_18,Pristine SCW Biochar,NPX,Secondary effluent,0.9276600601799115,0.9195240482513098,HistGradientBoosting,HistGradientBoosting_2
1311,SI_ref_18,Pristine SCW Biochar,NPX,Secondary effluent,0.9217275625657669,0.914348883592449,HistGradientBoosting,HistGradientBoosting_2
1313,SI_ref_18,Pristine SCW Biochar,NPX,Secondary effluent,0.9151672500810683,0.9111777814399435,HistGradientBoosting,HistGradientBoosting_2
1315,SI_ref_18,Pristine SCW Biochar,NPX,Secondary effluent,0.914870212237198,0.9155037169995988,HistGradientBoosting,HistGradientBoosting_2
1317,SI_ref_18,Pristine SCW Biochar,NPX,Secondary effluent,0.9125118045566373,0.9078746252173896,HistGradientBoosting,HistGradientBoosting_2
1319,SI_ref_18,Pristine SCW Biochar,NPX,Secondary effluent,0.9122370962869346,0.9086918047788025,HistGradientBoosting,HistGradientBoosting_2
1321,SI_ref_18,Pristine SCW Biochar,NPX,Secondary effluent,0.9100475600528815,0.9088378696775833,HistGradientBoosting,HistGradientBoosting_2
1322,SI_ref_18,Pristine SCW Biochar,NPX,Secondary effluent,0.8724917016408669,0.9031492880482095,HistGradientBoosting,HistGradientBoosting_2
1323,SI_ref_18,Pristine SCW Biochar,NPX,Secondary effluent,0.9222871559920565,0.9031492880482095,HistGradientBoosting,HistGradientBoosting_2
1325,SI_ref_18,Pristine SCW Biochar,NPX,Secondary effluent,0.8954095327862793,0.8440096322401095,HistGradientBoosting,HistGradientBoosting_2
1327,SI_ref_18,Pristine SCW Biochar,NPX,Secondary effluent,0.9153416500332668,0.9235365245687346,HistGradientBoosting,HistGradientBoosting_2
1329,SI_ref_18,Pristine SCW Biochar,NPX,Secondary effluent,0.910898633301941,0.9031492880482095,HistGradientBoosting,HistGradientBoosting_2
1331,SI_ref_18,Pristine SCW Biochar,NPX,Secondary effluent,0.9081761980542199,0.9031492880482095,HistGradientBoosting,HistGradientBoosting_2
1333,SI_ref_18,Pristine SCW Biochar,NPX,Secondary effluent,0.9126518494691617,0.9031492880482095,HistGradientBoosting,HistGradientBoosting_2
1335,SI_ref_18,Pristine SCW Biochar,NPX,Secondary effluent,0.9091665914238204,0.9031492880482095,HistGradientBoosting,HistGradientBoosting_2
1337,SI_ref_18,Pristine SCW Biochar,NPX,Secondary effluent,0.9109852392346297,0.9031492880482095,HistGradientBoosting,HistGradientBoosting_2
1339,SI_ref_18,Pristine SCW Biochar,NPX,Secondary effluent,0.9170303341534803,0.9031492880482095,HistGradientBoosting,HistGradientBoosting_2
1341,SI_ref_18,Pristine SCW Biochar,NPX,Secondary effluent,0.9109021678864493,0.9102065363588473,HistGradientBoosting,HistGradientBoosting_2
1343,SI_ref_18,Pristine SCW Biochar,NPX,Secondary effluent,0.9138805167442893,0.9228628226595712,HistGradientBoosting,HistGradientBoosting_2
1345,SI_ref_18,Pristine SCW Biochar,NPX,Secondary effluent,0.9200278517039994,0.9304055822365263,HistGradientBoosting,HistGradientBoosting_2
1346,SI_ref_18,Pristine SCW Biochar,NPX,Secondary effluent,0.9136165317560039,0.9031492880482095,HistGradientBoosting,HistGradientBoosting_2
1347,SI_ref_18,Pristine SCW Biochar,NPX,Secondary effluent,0.9038576927569927,0.9031492880482095,HistGradientBoosting,HistGradientBoosting_2
189,SI_ref_17,Alkali-modified SCG biochars,IBU,Synthetic,0.6581206763788531,0.3666553376099057,Huber,Huber_2
191,SI_ref_17,Alkali-modified SCG biochars,IBU,Synthetic,0.6239833523895453,0.35571977555795026,Huber,Huber_2
193,SI_ref_17,Alkali-modified SCG biochars,IBU,Synthetic,0.5119378819344518,0.3381484872740833,Huber,Huber_2
195,SI_ref_17,Alkali-modified SCG biochars,IBU,Synthetic,0.4585781550994164,0.3269949162007424,Huber,Huber_2
197,SI_ref_17,Alkali-modified SCG biochars,IBU,Synthetic,0.44243948810088646,0.3204592774054757,Huber,Huber_2
199,SI_ref_17,Alkali-modified SCG biochars,IBU,Synthetic,0.4544355679658596,0.315819046224151,Huber,Huber_2
201,SI_ref_17,Alkali-modified SCG biochars,IBU,Synthetic,0.39592651561701936,0.3111769504637203,Huber,Huber_2
203,SI_ref_17,Alkali-modified SCG biochars,IBU,Synthetic,0.10913541523053398,0.25892121013711517,Huber,Huber_2
205,SI_ref_17,Alkali-modified SCG biochars,IBU,Synthetic,0.3052806700714839,0.30463199199951485,Huber,Huber_2
207,SI_ref_17,Alkali-modified SCG biochars,IBU,Synthetic,0.4311083753711556,0.30463199199951485,Huber,Huber_2
209,SI_ref_17,Alkali-modified SCG biochars,IBU,Synthetic,0.3789894895081609,0.30463199199951485,Huber,Huber_2
211,SI_ref_17,Alkali-modified SCG biochars,IBU,Synthetic,0.3304133868875155,0.30463199199951485,Huber,Huber_2
213,SI_ref_17,Alkali-modified SCG biochars,IBU,Synthetic,0.33928547446435453,0.30463199199951485,Huber,Huber_2
215,SI_ref_17,Alkali-modified SCG biochars,IBU,Synthetic,0.3234505141947598,0.30463199199951485,Huber,Huber_2
217,SI_ref_17,Alkali-modified SCG biochars,IBU,Synthetic,0.6889998443034063,0.3503427738619145,Huber,Huber_2
219,SI_ref_17,Alkali-modified SCG biochars,IBU,Synthetic,0.1184746430703935,0.30463199199951485,Huber,Huber_2
221,SI_ref_17,Alkali-modified SCG biochars,IBU,Synthetic,0.35446182653715885,0.30463199199951485,Huber,Huber_2
223,SI_ref_17,Alkali-modified SCG biochars,IBU,Synthetic,0.5365490577861332,0.30463199199951485,Huber,Huber_2
225,SI_ref_17,Alkali-modified SCG biochars,IBU,Synthetic,0.5901579894748284,0.30463199199951485,Huber,Huber_2
227,SI_ref_17,Alkali-modified SCG biochars,IBU,Synthetic,0.6910697148739985,0.30463199199951485,Huber,Huber_2
229,SI_ref_16,C-Biochar,ATE,Synthetic,0.8511111111111113,0.5694289169156679,Huber,Huber_2
230,SI_ref_16,C-Biochar,ATE,Synthetic,0.7400000000000001,0.5922843078468677,Huber,Huber_2
231,SI_ref_16,C-Biochar,ATE,Synthetic,0.7400000000000001,0.6327959085819442,Huber,Huber_2
232,SI_ref_16,C-Biochar,ATE,Synthetic,0.7453872053872055,0.6151396987780675,Huber,Huber_2
233,SI_ref_16,C-Biochar,ATE,Synthetic,0.8733333333333334,0.6151396987780675,Huber,Huber_2
234,SI_ref_16,C-Biochar,ATE,Synthetic,0.8288888888888891,0.6151396987780675,Huber,Huber_2
235,SI_ref_16,C-Biochar,ATE,Synthetic,0.8511111111111113,0.6151396987780675,Huber,Huber_2
236,SI_ref_16,C-Biochar,ATE,Synthetic,0.7844444444444446,0.6151396987780675,Huber,Huber_2
237,SI_ref_16,C-Biochar,ATE,Synthetic,0.8733333333333334,0.6151396987780675,Huber,Huber_2
238,SI_ref_16,C-Biochar,ATE,Synthetic,0.6733333333333335,0.5974834889741908,Huber,Huber_2
239,SI_ref_16,C-Biochar,ATE,Synthetic,0.6511111111111112,0.5798272791703141,Huber,Huber_2
240,SI_ref_16,C-Biochar,ATE,Synthetic,0.6288888888888889,0.6379950897092673,Huber,Huber_2
241,SI_ref_16,C-Biochar,ATE,Synthetic,0.7774074074074075,0.6151396987780675,Huber,Huber_2
242,SI_ref_16,C-Biochar,ATE,Synthetic,0.7824691358024691,0.6151396987780675,Huber,Huber_2
243,SI_ref_16,C-Biochar,ATE,Synthetic,0.8257777777777777,0.6151396987780675,Huber,Huber_2
244,SI_ref_16,C-Biochar,ATE,Synthetic,0.8438888888888889,0.6151396987780675,Huber,Huber_2
245,SI_ref_16,C-Biochar,ATE,Synthetic,0.8562222222222223,0.6151396987780675,Huber,Huber_2
263,SI_ref_16,C-Biochar,IBU,Synthetic,0.5333333333333333,0.5841644484338948,Huber,Huber_2
264,SI_ref_16,C-Biochar,IBU,Synthetic,0.7333333333333333,0.6070198393650946,Huber,Huber_2
265,SI_ref_16,C-Biochar,IBU,Synthetic,0.6000000000000001,0.6475314401001712,Huber,Huber_2
266,SI_ref_16,C-Biochar,IBU,Synthetic,0.6121212121212122,0.6298752302962944,Huber,Huber_2
267,SI_ref_16,C-Biochar,IBU,Synthetic,0.7333333333333333,0.6298752302962944,Huber,Huber_2
268,SI_ref_16,C-Biochar,IBU,Synthetic,0.5333333333333333,0.6298752302962944,Huber,Huber_2
269,SI_ref_16,C-Biochar,IBU,Synthetic,0.4666666666666666,0.6298752302962944,Huber,Huber_2
270,SI_ref_16,C-Biochar,IBU,Synthetic,0.5555555555555556,0.6298752302962944,Huber,Huber_2
271,SI_ref_16,C-Biochar,IBU,Synthetic,0.6000000000000001,0.6298752302962944,Huber,Huber_2
272,SI_ref_16,C-Biochar,IBU,Synthetic,0.6000000000000001,0.6122190204924177,Huber,Huber_2
273,SI_ref_16,C-Biochar,IBU,Synthetic,0.6000000000000001,0.594562810688541,Huber,Huber_2
274,SI_ref_16,C-Biochar,IBU,Synthetic,1.0666666666666667,0.6527306212274943,Huber,Huber_2
275,SI_ref_16,C-Biochar,IBU,Synthetic,0.5277777777777777,0.6298752302962944,Huber,Huber_2
276,SI_ref_16,C-Biochar,IBU,Synthetic,0.7,0.6298752302962944,Huber,Huber_2
277,SI_ref_16,C-Biochar,IBU,Synthetic,0.7844444444444444,0.6298752302962944,Huber,Huber_2
278,SI_ref_16,C-Biochar,IBU,Synthetic,0.8430555555555557,0.6298752302962944,Huber,Huber_2
279,SI_ref_16,C-Biochar,IBU,Synthetic,0.861111111111111,0.6298752302962944,Huber,Huber_2
354,SI_ref_14,GCRB,DIU,Synthetic,0.983291565929579,1.0395433976966122,Huber,Huber_2
355,SI_ref_14,GCRB,DIU,Synthetic,0.9782739977994132,1.0286078356446569,Huber,Huber_2
356,SI_ref_14,GCRB,DIU,Synthetic,0.9708791324637501,1.0175425431574687,Huber,Huber_2
357,SI_ref_14,GCRB,DIU,Synthetic,0.964507517643233,1.006411178694652,Huber,Huber_2
358,SI_ref_14,GCRB,DIU,Synthetic,0.960647920928618,0.9952464697435232,Huber,Huber_2
359,SI_ref_14,GCRB,DIU,Synthetic,0.9584857336381704,0.9887071063108577,Huber,Huber_2
360,SI_ref_14,GCRB,DIU,Synthetic,0.9536869714697045,0.9840650105504269,Huber,Huber_2
361,SI_ref_14,GCRB,DIU,Synthetic,0.9291396445453227,0.9318092702238218,Huber,Huber_2
362,SI_ref_14,GCRB,DIU,Synthetic,0.9775416982957918,0.9951762618900981,Huber,Huber_2
363,SI_ref_14,GCRB,DIU,Synthetic,0.9527369648004039,0.9775200520862214,Huber,Huber_2
364,SI_ref_14,GCRB,DIU,Synthetic,0.9478201604463821,0.9775200520862214,Huber,Huber_2
365,SI_ref_14,GCRB,DIU,Synthetic,0.9265327424413893,0.9775200520862214,Huber,Huber_2
366,SI_ref_14,GCRB,DIU,Synthetic,0.9253239651903417,0.9775200520862214,Huber,Huber_2
367,SI_ref_14,GCRB,DIU,Synthetic,0.9238760352548926,0.9775200520862214,Huber,Huber_2
368,SI_ref_14,GCRB,DIU,Synthetic,0.9417552695951205,0.9598638422823447,Huber,Huber_2
369,SI_ref_14,GCRB,DIU,Synthetic,0.9147016410628197,0.9598638422823447,Huber,Huber_2
370,SI_ref_14,GCRB,DIU,Synthetic,0.9192051981667979,1.0232308339486211,Huber,Huber_2
371,SI_ref_14,GCRB,DIU,Synthetic,0.9535021691371877,0.9775200520862214,Huber,Huber_2
372,SI_ref_14,GCRB,DIU,Synthetic,0.9661748102299111,0.9775200520862214,Huber,Huber_2
373,SI_ref_14,GCRB,DIU,Synthetic,1.0173780045422414,0.9775200520862214,Huber,Huber_2
374,SI_ref_14,GCRB,DIU,Synthetic,1.0082496176169822,0.9775200520862214,Huber,Huber_2
375,SI_ref_14,GCRB,DIU,Synthetic,0.9496862840784065,0.9775200520862214,Huber,Huber_2
439,SI_ref_14,GCRB-N,DIU,Synthetic,0.6654043880576614,0.5125128494750584,Huber,Huber_2
440,SI_ref_14,GCRB-N,DIU,Synthetic,0.5844535743219663,0.5015772874231029,Huber,Huber_2
441,SI_ref_14,GCRB-N,DIU,Synthetic,0.5079200907404222,0.4905119949359148,Huber,Huber_2
442,SI_ref_14,GCRB-N,DIU,Synthetic,0.37854626102465844,0.4793806304730981,Huber,Huber_2
443,SI_ref_14,GCRB-N,DIU,Synthetic,0.26690125827656935,0.4682159215219691,Huber,Huber_2
444,SI_ref_14,GCRB-N,DIU,Synthetic,0.2332409918272794,0.46167655808930363,Huber,Huber_2
445,SI_ref_14,GCRB-N,DIU,Synthetic,0.1951305004086504,0.4570344623288729,Huber,Huber_2
446,SI_ref_14,GCRB-N,DIU,Synthetic,0.2075726875081201,0.40477872200226783,Huber,Huber_2
447,SI_ref_14,GCRB-N,DIU,Synthetic,0.26826652394124667,0.4681457136685442,Huber,Huber_2
448,SI_ref_14,GCRB-N,DIU,Synthetic,0.1819381767074788,0.45048950386466746,Huber,Huber_2
449,SI_ref_14,GCRB-N,DIU,Synthetic,0.15093015054787579,0.43283329406079074,Huber,Huber_2
450,SI_ref_14,GCRB-N,DIU,Synthetic,0.1736169508150928,0.43283329406079074,Huber,Huber_2
451,SI_ref_14,GCRB-N,DIU,Synthetic,0.16382165003373128,0.4962002857270671,Huber,Huber_2
452,SI_ref_14,GCRB-N,DIU,Synthetic,0.1932052297084895,0.45048950386466746,Huber,Huber_2
453,SI_ref_14,GCRB-N,DIU,Synthetic,0.1683505359330984,0.450478296318798,Huber,Huber_2
454,SI_ref_14,GCRB-N,DIU,Synthetic,0.1647692025710552,0.4504670965424584,Huber,Huber_2
455,SI_ref_14,GCRB-N,DIU,Synthetic,0.3384549122360595,0.4504670965424584,Huber,Huber_2
456,SI_ref_14,GCRB-N,DIU,Synthetic,0.1402528461142079,0.45045590452488377,Huber,Huber_2
457,SI_ref_14,GCRB-N,DIU,Synthetic,0.5187315058108145,0.45045590452488377,Huber,Huber_2
458,SI_ref_14,GCRB-N,DIU,Synthetic,0.12629127082807837,0.45044472025533155,Huber,Huber_2
459,SI_ref_14,GCRB-N,DIU,Synthetic,0.6455190877003087,0.45044472025533155,Huber,Huber_2
460,SI_ref_14,GCRB-N,DIU,Synthetic,0.12138562309836234,0.4504335437230817,Huber,Huber_2
461,SI_ref_14,GCRB-N,DIU,Synthetic,0.6666027581171994,0.4504335437230817,Huber,Huber_2
462,SI_ref_14,GCRB-N,DIU,Synthetic,0.16773925939532233,0.4504223749174361,Huber,Huber_2
463,SI_ref_14,GCRB-N,DIU,Synthetic,0.15967117649899737,0.4504112138277191,Huber,Huber_2
464,SI_ref_14,GCRB-N,DIU,Synthetic,0.27418422723714847,0.4504112138277191,Huber,Huber_2
465,SI_ref_14,GCRB-N,DIU,Synthetic,0.1405827183894587,0.45040006044327685,Huber,Huber_2
466,SI_ref_14,GCRB-N,DIU,Synthetic,0.5605758859577746,0.45040006044327685,Huber,Huber_2
467,SI_ref_14,GCRB-N,DIU,Synthetic,0.13173953864692908,0.45038891475347786,Huber,Huber_2
468,SI_ref_14,GCRB-N,DIU,Synthetic,0.6564705601884918,0.45038891475347786,Huber,Huber_2
469,SI_ref_14,GCRB-N,DIU,Synthetic,0.12617131727344172,0.4503777767477124,Huber,Huber_2
470,SI_ref_14,GCRB-N,DIU,Synthetic,0.6552893507455957,0.4503777767477124,Huber,Huber_2
471,SI_ref_14,GCRB-N,DIU,Synthetic,0.1676281074261493,0.4503666464153928,Huber,Huber_2
472,SI_ref_14,GCRB-N,DIU,Synthetic,0.1622201895350263,0.4503555237459532,Huber,Huber_2
473,SI_ref_14,GCRB-N,DIU,Synthetic,0.31928006415696586,0.4503555237459532,Huber,Huber_2
474,SI_ref_14,GCRB-N,DIU,Synthetic,0.14041778225183332,0.45034440872884957,Huber,Huber_2
475,SI_ref_14,GCRB-N,DIU,Synthetic,0.5410485473017326,0.45034440872884957,Huber,Huber_2
476,SI_ref_14,GCRB-N,DIU,Synthetic,0.12901540473750372,0.4503333013535596,Huber,Huber_2
477,SI_ref_14,GCRB-N,DIU,Synthetic,0.6413243626564091,0.4503333013535596,Huber,Huber_2
478,SI_ref_14,GCRB-N,DIU,Synthetic,0.12377847018590202,0.4503222016095827,Huber,Huber_2
479,SI_ref_14,GCRB-N,DIU,Synthetic,0.665837914589971,0.4503222016095827,Huber,Huber_2
699,SI_ref_18,NaOH-activated SCW biochars,IBU,Secondary effluent,0.8098199350756726,0.5798987197273622,Huber,Huber_2
701,SI_ref_18,NaOH-activated SCW biochars,IBU,Secondary effluent,0.7485969905050348,0.5689631576754067,Huber,Huber_2
703,SI_ref_18,NaOH-activated SCW biochars,IBU,Secondary effluent,0.6850179499229786,0.5578978651882186,Huber,Huber_2
705,SI_ref_18,NaOH-activated SCW biochars,IBU,Secondary effluent,0.6861011679416551,0.5467665007254019,Huber,Huber_2
707,SI_ref_18,NaOH-activated SCW biochars,IBU,Secondary effluent,0.6799185617433835,0.535601791774273,Huber,Huber_2
709,SI_ref_18,NaOH-activated SCW biochars,IBU,Secondary effluent,0.6765813990931481,0.5290624283416074,Huber,Huber_2
711,SI_ref_18,NaOH-activated SCW biochars,IBU,Secondary effluent,0.6777803451607008,0.5244203325811767,Huber,Huber_2
713,SI_ref_18,NaOH-activated SCW biochars,IBU,Secondary effluent,0.19946424836974086,0.5178753741169713,Huber,Huber_2
715,SI_ref_18,NaOH-activated SCW biochars,IBU,Secondary effluent,0.45728603839109744,0.5178753741169713,Huber,Huber_2
717,SI_ref_18,NaOH-activated SCW biochars,IBU,Secondary effluent,0.5431517029603264,0.49501998318577145,Huber,Huber_2
719,SI_ref_18,NaOH-activated SCW biochars,IBU,Secondary effluent,0.6932620426015607,0.535531583920848,Huber,Huber_2
721,SI_ref_18,NaOH-activated SCW biochars,IBU,Secondary effluent,0.675113405421536,0.5178753741169713,Huber,Huber_2
725,SI_ref_18,NaOH-activated SCW biochars,IBU,Secondary effluent,0.6458796718925713,0.5178753741169713,Huber,Huber_2
729,SI_ref_18,NaOH-activated SCW biochars,IBU,Secondary effluent,0.6230174196820357,0.5178753741169713,Huber,Huber_2
733,SI_ref_18,NaOH-activated SCW biochars,IBU,Secondary effluent,0.6232264558664639,0.5178753741169713,Huber,Huber_2
737,SI_ref_18,NaOH-activated SCW biochars,IBU,Secondary effluent,0.6321330290401536,0.5178753741169713,Huber,Huber_2
741,SI_ref_18,NaOH-activated SCW biochars,IBU,Secondary effluent,0.6274964829882473,0.5178753741169713,Huber,Huber_2
746,SI_ref_18,NaOH-activated SCW biochars,IBU,Secondary effluent,0.6482993087024828,0.5002191643130945,Huber,Huber_2
748,SI_ref_18,NaOH-activated SCW biochars,IBU,Secondary effluent,0.7478636767346728,0.5407307650481712,Huber,Huber_2
750,SI_ref_18,NaOH-activated SCW biochars,IBU,Secondary effluent,0.811827151849907,0.5635861559793709,Huber,Huber_2
752,SI_ref_18,NaOH-activated SCW biochars,IBU,Secondary effluent,0.7252319435730717,0.5178753741169713,Huber,Huber_2
754,SI_ref_18,NaOH-activated SCW biochars,IBU,Secondary effluent,0.7786423949758233,0.5178753741169713,Huber,Huber_2
758,SI_ref_18,NaOH-activated SCW biochars,NPX,Secondary effluent,0.5521972966156422,0.2733952839308631,Huber,Huber_2
760,SI_ref_18,NaOH-activated SCW biochars,NPX,Secondary effluent,0.4814245289032641,0.26245972187890765,Huber,Huber_2
762,SI_ref_18,NaOH-activated SCW biochars,NPX,Secondary effluent,0.34455951981715066,0.2513944293917195,Huber,Huber_2
764,SI_ref_18,NaOH-activated SCW biochars,NPX,Secondary effluent,0.2493517679350271,0.2402630649289028,Huber,Huber_2
766,SI_ref_18,NaOH-activated SCW biochars,NPX,Secondary effluent,0.16764900163614713,0.2290983559777738,Huber,Huber_2
768,SI_ref_18,NaOH-activated SCW biochars,NPX,Secondary effluent,0.12846350911521487,0.22255899254510833,Huber,Huber_2
770,SI_ref_18,NaOH-activated SCW biochars,NPX,Secondary effluent,0.12873702561203082,0.2179168967846776,Huber,Huber_2
772,SI_ref_18,NaOH-activated SCW biochars,NPX,Secondary effluent,0.026110640989477824,0.21137193832047216,Huber,Huber_2
774,SI_ref_18,NaOH-activated SCW biochars,NPX,Secondary effluent,0.054870517105304405,0.21137193832047216,Huber,Huber_2
776,SI_ref_18,NaOH-activated SCW biochars,NPX,Secondary effluent,0.048092629555703405,0.18851654738927234,Huber,Huber_2
778,SI_ref_18,NaOH-activated SCW biochars,NPX,Secondary effluent,0.16521082834331338,0.22902814812434888,Huber,Huber_2
780,SI_ref_18,NaOH-activated SCW biochars,NPX,Secondary effluent,0.11864589305153721,0.21137193832047216,Huber,Huber_2
782,SI_ref_18,NaOH-activated SCW biochars,NPX,Secondary effluent,0.10983576367726838,0.21137193832047216,Huber,Huber_2
784,SI_ref_18,NaOH-activated SCW biochars,NPX,Secondary effluent,0.10668866579384965,0.21137193832047216,Huber,Huber_2
786,SI_ref_18,NaOH-activated SCW biochars,NPX,Secondary effluent,0.08538292965546301,0.21137193832047216,Huber,Huber_2
788,SI_ref_18,NaOH-activated SCW biochars,NPX,Secondary effluent,0.09141898602740345,0.21137193832047216,Huber,Huber_2
790,SI_ref_18,NaOH-activated SCW biochars,NPX,Secondary effluent,0.11725913824368146,0.21137193832047216,Huber,Huber_2
792,SI_ref_18,NaOH-activated SCW biochars,NPX,Secondary effluent,0.10630651659643675,0.19371572851659544,Huber,Huber_2
794,SI_ref_18,NaOH-activated SCW biochars,NPX,Secondary effluent,0.2275589654025283,0.23422732925167197,Huber,Huber_2
796,SI_ref_18,NaOH-activated SCW biochars,NPX,Secondary effluent,0.27043202483921047,0.2570827201828718,Huber,Huber_2
798,SI_ref_18,NaOH-activated SCW biochars,NPX,Secondary effluent,0.15082313311850198,0.21137193832047216,Huber,Huber_2
800,SI_ref_18,NaOH-activated SCW biochars,NPX,Secondary effluent,0.24701864815812044,0.21137193832047216,Huber,Huber_2
1156,SI_ref_17,Pristine SCG biochar,IBU,Synthetic,0.9684057270887299,0.9908030416413302,Huber,Huber_2
1158,SI_ref_17,Pristine SCG biochar,IBU,Synthetic,0.964180236157731,0.9798674795893746,Huber,Huber_2
1160,SI_ref_17,Pristine SCG biochar,IBU,Synthetic,0.9598191197252507,0.9622961913055078,Huber,Huber_2
1162,SI_ref_17,Pristine SCG biochar,IBU,Synthetic,0.9580437721935793,0.9511426202321668,Huber,Huber_2
1164,SI_ref_17,Pristine SCG biochar,IBU,Synthetic,0.9425460946241216,0.9446069814369001,Huber,Huber_2
1166,SI_ref_17,Pristine SCG biochar,IBU,Synthetic,0.9402369906408686,0.9399667502555754,Huber,Huber_2
1168,SI_ref_17,Pristine SCG biochar,IBU,Synthetic,0.9366107784098637,0.9353246544951447,Huber,Huber_2
1170,SI_ref_17,Pristine SCG biochar,IBU,Synthetic,0.7820004901373623,0.8830689141685395,Huber,Huber_2
1172,SI_ref_17,Pristine SCG biochar,IBU,Synthetic,0.9276141025756294,0.9287796960309392,Huber,Huber_2
1174,SI_ref_17,Pristine SCG biochar,IBU,Synthetic,0.918292455911169,0.9287796960309392,Huber,Huber_2
1176,SI_ref_17,Pristine SCG biochar,IBU,Synthetic,0.9133007565861092,0.9287796960309392,Huber,Huber_2
1178,SI_ref_17,Pristine SCG biochar,IBU,Synthetic,0.9182483670803396,0.9287796960309392,Huber,Huber_2
1180,SI_ref_17,Pristine SCG biochar,IBU,Synthetic,0.9167234922708469,0.9287796960309392,Huber,Huber_2
1182,SI_ref_17,Pristine SCG biochar,IBU,Synthetic,0.9122551436969301,0.9287796960309392,Huber,Huber_2
1184,SI_ref_17,Pristine SCG biochar,IBU,Synthetic,0.9484982246288517,0.9744904778933389,Huber,Huber_2
1186,SI_ref_17,Pristine SCG biochar,IBU,Synthetic,0.893754721851682,0.9287796960309392,Huber,Huber_2
1188,SI_ref_17,Pristine SCG biochar,IBU,Synthetic,0.8900227639990935,0.9287796960309392,Huber,Huber_2
1190,SI_ref_17,Pristine SCG biochar,IBU,Synthetic,0.924357415959487,0.9287796960309392,Huber,Huber_2
1192,SI_ref_17,Pristine SCG biochar,IBU,Synthetic,0.9226237248225028,0.9287796960309392,Huber,Huber_2
1194,SI_ref_17,Pristine SCG biochar,IBU,Synthetic,0.8857728699803085,0.9287796960309392,Huber,Huber_2
1254,SI_ref_18,Pristine SCW Biochar,IBU,Secondary effluent,0.9156726978407875,1.1636658940772793,Huber,Huber_2
1256,SI_ref_18,Pristine SCW Biochar,IBU,Secondary effluent,0.9079673942368781,1.1527303320253237,Huber,Huber_2
1258,SI_ref_18,Pristine SCW Biochar,IBU,Secondary effluent,0.9043236251446873,1.1416650395381358,Huber,Huber_2
1260,SI_ref_18,Pristine SCW Biochar,IBU,Secondary effluent,0.9020547983951682,1.130533675075319,Huber,Huber_2
1262,SI_ref_18,Pristine SCW Biochar,IBU,Secondary effluent,0.9004882379050155,1.1193689661241901,Huber,Huber_2
1264,SI_ref_18,Pristine SCW Biochar,IBU,Secondary effluent,0.897458530238549,1.1128296026915248,Huber,Huber_2
1266,SI_ref_18,Pristine SCW Biochar,IBU,Secondary effluent,0.8973424975849196,1.108187506931094,Huber,Huber_2
1267,SI_ref_18,Pristine SCW Biochar,IBU,Secondary effluent,0.8360939688333745,1.1016425484668884,Huber,Huber_2
1268,SI_ref_18,Pristine SCW Biochar,IBU,Secondary effluent,0.8984823855966844,1.1016425484668884,Huber,Huber_2
1270,SI_ref_18,Pristine SCW Biochar,IBU,Secondary effluent,0.8874692330465712,1.0787871575356887,Huber,Huber_2
1272,SI_ref_18,Pristine SCW Biochar,IBU,Secondary effluent,0.9012569556545285,1.1192987582707652,Huber,Huber_2
1274,SI_ref_18,Pristine SCW Biochar,IBU,Secondary effluent,0.8992057856547054,1.1016425484668884,Huber,Huber_2
1278,SI_ref_18,Pristine SCW Biochar,IBU,Secondary effluent,0.9165018852947014,1.1016425484668884,Huber,Huber_2
1282,SI_ref_18,Pristine SCW Biochar,IBU,Secondary effluent,0.9202396860047187,1.1016425484668884,Huber,Huber_2
1286,SI_ref_18,Pristine SCW Biochar,IBU,Secondary effluent,0.9152513064761528,1.1016425484668884,Huber,Huber_2
1290,SI_ref_18,Pristine SCW Biochar,IBU,Secondary effluent,0.9145713435205399,1.1016425484668884,Huber,Huber_2
1294,SI_ref_18,Pristine SCW Biochar,IBU,Secondary effluent,0.9194281493241605,1.1016425484668884,Huber,Huber_2
1299,SI_ref_18,Pristine SCW Biochar,IBU,Secondary effluent,0.891903218347585,1.0839863386630118,Huber,Huber_2
1301,SI_ref_18,Pristine SCW Biochar,IBU,Secondary effluent,0.9069133641489088,1.1244979393980883,Huber,Huber_2
1303,SI_ref_18,Pristine SCW Biochar,IBU,Secondary effluent,0.9145392250293353,1.1473533303292882,Huber,Huber_2
1304,SI_ref_18,Pristine SCW Biochar,IBU,Secondary effluent,0.911352956646831,1.1016425484668884,Huber,Huber_2
1305,SI_ref_18,Pristine SCW Biochar,IBU,Secondary effluent,0.8992133437264335,1.1016425484668884,Huber,Huber_2
1309,SI_ref_18,Pristine SCW Biochar,NPX,Secondary effluent,0.9276600601799115,0.8571624582807802,Huber,Huber_2
1311,SI_ref_18,Pristine SCW Biochar,NPX,Secondary effluent,0.9217275625657669,0.8462268962288247,Huber,Huber_2
1313,SI_ref_18,Pristine SCW Biochar,NPX,Secondary effluent,0.9151672500810683,0.8351616037416366,Huber,Huber_2
1315,SI_ref_18,Pristine SCW Biochar,NPX,Secondary effluent,0.914870212237198,0.8240302392788199,Huber,Huber_2
1317,SI_ref_18,Pristine SCW Biochar,NPX,Secondary effluent,0.9125118045566373,0.8128655303276909,Huber,Huber_2
1319,SI_ref_18,Pristine SCW Biochar,NPX,Secondary effluent,0.9122370962869346,0.8063261668950255,Huber,Huber_2
1321,SI_ref_18,Pristine SCW Biochar,NPX,Secondary effluent,0.9100475600528815,0.8016840711345947,Huber,Huber_2
1322,SI_ref_18,Pristine SCW Biochar,NPX,Secondary effluent,0.8724917016408669,0.7951391126703893,Huber,Huber_2
1323,SI_ref_18,Pristine SCW Biochar,NPX,Secondary effluent,0.9222871559920565,0.7951391126703893,Huber,Huber_2
1325,SI_ref_18,Pristine SCW Biochar,NPX,Secondary effluent,0.8954095327862793,0.7722837217391895,Huber,Huber_2
1327,SI_ref_18,Pristine SCW Biochar,NPX,Secondary effluent,0.9153416500332668,0.812795322474266,Huber,Huber_2
1329,SI_ref_18,Pristine SCW Biochar,NPX,Secondary effluent,0.910898633301941,0.7951391126703893,Huber,Huber_2
1331,SI_ref_18,Pristine SCW Biochar,NPX,Secondary effluent,0.9081761980542199,0.7951391126703893,Huber,Huber_2
1333,SI_ref_18,Pristine SCW Biochar,NPX,Secondary effluent,0.9126518494691617,0.7951391126703893,Huber,Huber_2
1335,SI_ref_18,Pristine SCW Biochar,NPX,Secondary effluent,0.9091665914238204,0.7951391126703893,Huber,Huber_2
1337,SI_ref_18,Pristine SCW Biochar,NPX,Secondary effluent,0.9109852392346297,0.7951391126703893,Huber,Huber_2
1339,SI_ref_18,Pristine SCW Biochar,NPX,Secondary effluent,0.9170303341534803,0.7951391126703893,Huber,Huber_2
1341,SI_ref_18,Pristine SCW Biochar,NPX,Secondary effluent,0.9109021678864493,0.7774829028665126,Huber,Huber_2
1343,SI_ref_18,Pristine SCW Biochar,NPX,Secondary effluent,0.9138805167442893,0.8179945036015891,Huber,Huber_2
1345,SI_ref_18,Pristine SCW Biochar,NPX,Secondary effluent,0.9200278517039994,0.8408498945327889,Huber,Huber_2
1346,SI_ref_18,Pristine SCW Biochar,NPX,Secondary effluent,0.9136165317560039,0.7951391126703893,Huber,Huber_2
1347,SI_ref_18,Pristine SCW Biochar,NPX,Secondary effluent,0.9038576927569927,0.7951391126703893,Huber,Huber_2
189,SI_ref_17,Alkali-modified SCG biochars,IBU,Synthetic,0.6581206763788531,0.3245030924737432,KNN,KNN_2
191,SI_ref_17,Alkali-modified SCG biochars,IBU,Synthetic,0.6239833523895453,0.23599143197481653,KNN,KNN_2
193,SI_ref_17,Alkali-modified SCG biochars,IBU,Synthetic,0.5119378819344518,0.1558585571081108,KNN,KNN_2
195,SI_ref_17,Alkali-modified SCG biochars,IBU,Synthetic,0.4585781550994164,0.10376332812171314,KNN,KNN_2
197,SI_ref_17,Alkali-modified SCG biochars,IBU,Synthetic,0.44243948810088646,0.1605958480208694,KNN,KNN_2
199,SI_ref_17,Alkali-modified SCG biochars,IBU,Synthetic,0.4544355679658596,0.16066184068750278,KNN,KNN_2
201,SI_ref_17,Alkali-modified SCG biochars,IBU,Synthetic,0.39592651561701936,0.31016516853515597,KNN,KNN_2
203,SI_ref_17,Alkali-modified SCG biochars,IBU,Synthetic,0.10913541523053398,0.4715224539090694,KNN,KNN_2
205,SI_ref_17,Alkali-modified SCG biochars,IBU,Synthetic,0.3052806700714839,0.36558777620338007,KNN,KNN_2
207,SI_ref_17,Alkali-modified SCG biochars,IBU,Synthetic,0.4311083753711556,0.36558777620338007,KNN,KNN_2
209,SI_ref_17,Alkali-modified SCG biochars,IBU,Synthetic,0.3789894895081609,0.36558777620338007,KNN,KNN_2
211,SI_ref_17,Alkali-modified SCG biochars,IBU,Synthetic,0.3304133868875155,0.36558777620338007,KNN,KNN_2
213,SI_ref_17,Alkali-modified SCG biochars,IBU,Synthetic,0.33928547446435453,0.36558777620338007,KNN,KNN_2
215,SI_ref_17,Alkali-modified SCG biochars,IBU,Synthetic,0.3234505141947598,0.36558777620338007,KNN,KNN_2
217,SI_ref_17,Alkali-modified SCG biochars,IBU,Synthetic,0.6889998443034063,0.5136893982458031,KNN,KNN_2
219,SI_ref_17,Alkali-modified SCG biochars,IBU,Synthetic,0.1184746430703935,0.36558777620338007,KNN,KNN_2
221,SI_ref_17,Alkali-modified SCG biochars,IBU,Synthetic,0.35446182653715885,0.36558777620338007,KNN,KNN_2
223,SI_ref_17,Alkali-modified SCG biochars,IBU,Synthetic,0.5365490577861332,0.36558777620338007,KNN,KNN_2
225,SI_ref_17,Alkali-modified SCG biochars,IBU,Synthetic,0.5901579894748284,0.36558777620338007,KNN,KNN_2
227,SI_ref_17,Alkali-modified SCG biochars,IBU,Synthetic,0.6910697148739985,0.36558777620338007,KNN,KNN_2
229,SI_ref_16,C-Biochar,ATE,Synthetic,0.8511111111111113,0.5359891680693273,KNN,KNN_2
230,SI_ref_16,C-Biochar,ATE,Synthetic,0.7400000000000001,0.5394195851448339,KNN,KNN_2
231,SI_ref_16,C-Biochar,ATE,Synthetic,0.7400000000000001,0.5585901821835699,KNN,KNN_2
232,SI_ref_16,C-Biochar,ATE,Synthetic,0.7453872053872055,0.55444400170529,KNN,KNN_2
233,SI_ref_16,C-Biochar,ATE,Synthetic,0.8733333333333334,0.55444400170529,KNN,KNN_2
234,SI_ref_16,C-Biochar,ATE,Synthetic,0.8288888888888891,0.55444400170529,KNN,KNN_2
235,SI_ref_16,C-Biochar,ATE,Synthetic,0.8511111111111113,0.55444400170529,KNN,KNN_2
236,SI_ref_16,C-Biochar,ATE,Synthetic,0.7844444444444446,0.55444400170529,KNN,KNN_2
237,SI_ref_16,C-Biochar,ATE,Synthetic,0.8733333333333334,0.55444400170529,KNN,KNN_2
238,SI_ref_16,C-Biochar,ATE,Synthetic,0.6733333333333335,0.5301235278467872,KNN,KNN_2
239,SI_ref_16,C-Biochar,ATE,Synthetic,0.6511111111111112,0.5141329108777072,KNN,KNN_2
240,SI_ref_16,C-Biochar,ATE,Synthetic,0.6288888888888889,0.5414195500870689,KNN,KNN_2
241,SI_ref_16,C-Biochar,ATE,Synthetic,0.7774074074074075,0.55444400170529,KNN,KNN_2
242,SI_ref_16,C-Biochar,ATE,Synthetic,0.7824691358024691,0.55444400170529,KNN,KNN_2
243,SI_ref_16,C-Biochar,ATE,Synthetic,0.8257777777777777,0.55444400170529,KNN,KNN_2
244,SI_ref_16,C-Biochar,ATE,Synthetic,0.8438888888888889,0.55444400170529,KNN,KNN_2
245,SI_ref_16,C-Biochar,ATE,Synthetic,0.8562222222222223,0.55444400170529,KNN,KNN_2
263,SI_ref_16,C-Biochar,IBU,Synthetic,0.5333333333333333,0.5386705918787963,KNN,KNN_2
264,SI_ref_16,C-Biochar,IBU,Synthetic,0.7333333333333333,0.5429917240181308,KNN,KNN_2
265,SI_ref_16,C-Biochar,IBU,Synthetic,0.6000000000000001,0.5555129930217466,KNN,KNN_2
266,SI_ref_16,C-Biochar,IBU,Synthetic,0.6121212121212122,0.5522890531399746,KNN,KNN_2
267,SI_ref_16,C-Biochar,IBU,Synthetic,0.7333333333333333,0.5522890531399746,KNN,KNN_2
268,SI_ref_16,C-Biochar,IBU,Synthetic,0.5333333333333333,0.5522890531399746,KNN,KNN_2
269,SI_ref_16,C-Biochar,IBU,Synthetic,0.4666666666666666,0.5522890531399746,KNN,KNN_2
270,SI_ref_16,C-Biochar,IBU,Synthetic,0.5555555555555556,0.5522890531399746,KNN,KNN_2
271,SI_ref_16,C-Biochar,IBU,Synthetic,0.6000000000000001,0.5522890531399746,KNN,KNN_2
272,SI_ref_16,C-Biochar,IBU,Synthetic,0.6000000000000001,0.5322450298825429,KNN,KNN_2
273,SI_ref_16,C-Biochar,IBU,Synthetic,0.6000000000000001,0.5195469364117699,KNN,KNN_2
274,SI_ref_16,C-Biochar,IBU,Synthetic,1.0666666666666667,0.5441893693917913,KNN,KNN_2
275,SI_ref_16,C-Biochar,IBU,Synthetic,0.5277777777777777,0.5522890531399746,KNN,KNN_2
276,SI_ref_16,C-Biochar,IBU,Synthetic,0.7,0.5522890531399746,KNN,KNN_2
277,SI_ref_16,C-Biochar,IBU,Synthetic,0.7844444444444444,0.5522890531399746,KNN,KNN_2
278,SI_ref_16,C-Biochar,IBU,Synthetic,0.8430555555555557,0.5522890531399746,KNN,KNN_2
279,SI_ref_16,C-Biochar,IBU,Synthetic,0.861111111111111,0.5522890531399746,KNN,KNN_2
354,SI_ref_14,GCRB,DIU,Synthetic,0.983291565929579,0.9523547857948764,KNN,KNN_2
355,SI_ref_14,GCRB,DIU,Synthetic,0.9782739977994132,0.9455884314217465,KNN,KNN_2
356,SI_ref_14,GCRB,DIU,Synthetic,0.9708791324637501,0.9604857813319773,KNN,KNN_2
357,SI_ref_14,GCRB,DIU,Synthetic,0.964507517643233,0.9602275101717314,KNN,KNN_2
358,SI_ref_14,GCRB,DIU,Synthetic,0.960647920928618,0.9568547855091263,KNN,KNN_2
359,SI_ref_14,GCRB,DIU,Synthetic,0.9584857336381704,0.9550651398953345,KNN,KNN_2
360,SI_ref_14,GCRB,DIU,Synthetic,0.9536869714697045,0.9604866809552534,KNN,KNN_2
361,SI_ref_14,GCRB,DIU,Synthetic,0.9291396445453227,0.6806791490750401,KNN,KNN_2
362,SI_ref_14,GCRB,DIU,Synthetic,0.9775416982957918,0.9086465859580951,KNN,KNN_2
363,SI_ref_14,GCRB,DIU,Synthetic,0.9527369648004039,0.9578953975858634,KNN,KNN_2
364,SI_ref_14,GCRB,DIU,Synthetic,0.9478201604463821,0.9578953975858633,KNN,KNN_2
365,SI_ref_14,GCRB,DIU,Synthetic,0.9265327424413893,0.9578953975858634,KNN,KNN_2
366,SI_ref_14,GCRB,DIU,Synthetic,0.9253239651903417,0.9578953975858633,KNN,KNN_2
367,SI_ref_14,GCRB,DIU,Synthetic,0.9238760352548926,0.9578953975858634,KNN,KNN_2
368,SI_ref_14,GCRB,DIU,Synthetic,0.9417552695951205,0.8323491993251695,KNN,KNN_2
369,SI_ref_14,GCRB,DIU,Synthetic,0.9147016410628197,0.8323491993251695,KNN,KNN_2
370,SI_ref_14,GCRB,DIU,Synthetic,0.9192051981667979,0.8790760491449395,KNN,KNN_2
371,SI_ref_14,GCRB,DIU,Synthetic,0.9535021691371877,0.9578953975858634,KNN,KNN_2
372,SI_ref_14,GCRB,DIU,Synthetic,0.9661748102299111,0.9578953975858633,KNN,KNN_2
373,SI_ref_14,GCRB,DIU,Synthetic,1.0173780045422414,0.9578953975858634,KNN,KNN_2
374,SI_ref_14,GCRB,DIU,Synthetic,1.0082496176169822,0.9578953975858633,KNN,KNN_2
375,SI_ref_14,GCRB,DIU,Synthetic,0.9496862840784065,0.9578953975858634,KNN,KNN_2
439,SI_ref_14,GCRB-N,DIU,Synthetic,0.6654043880576614,0.7244554027471206,KNN,KNN_2
440,SI_ref_14,GCRB-N,DIU,Synthetic,0.5844535743219663,0.6689477920333805,KNN,KNN_2
441,SI_ref_14,GCRB-N,DIU,Synthetic,0.5079200907404222,0.6952941780115176,KNN,KNN_2
442,SI_ref_14,GCRB-N,DIU,Synthetic,0.37854626102465844,0.5833588079268629,KNN,KNN_2
443,SI_ref_14,GCRB-N,DIU,Synthetic,0.26690125827656935,0.5292638618668521,KNN,KNN_2
444,SI_ref_14,GCRB-N,DIU,Synthetic,0.2332409918272794,0.5020474748960886,KNN,KNN_2
445,SI_ref_14,GCRB-N,DIU,Synthetic,0.1951305004086504,0.5284178523507244,KNN,KNN_2
446,SI_ref_14,GCRB-N,DIU,Synthetic,0.2075726875081201,0.5489283038250982,KNN,KNN_2
447,SI_ref_14,GCRB-N,DIU,Synthetic,0.26826652394124667,0.5645709076995641,KNN,KNN_2
448,SI_ref_14,GCRB-N,DIU,Synthetic,0.1819381767074788,0.5224649431767151,KNN,KNN_2
449,SI_ref_14,GCRB-N,DIU,Synthetic,0.15093015054787579,0.55588652469914,KNN,KNN_2
450,SI_ref_14,GCRB-N,DIU,Synthetic,0.1736169508150928,0.55588652469914,KNN,KNN_2
451,SI_ref_14,GCRB-N,DIU,Synthetic,0.16382165003373128,0.6036886230022119,KNN,KNN_2
452,SI_ref_14,GCRB-N,DIU,Synthetic,0.1932052297084895,0.5224649431767151,KNN,KNN_2
453,SI_ref_14,GCRB-N,DIU,Synthetic,0.1683505359330984,0.5224649503600234,KNN,KNN_2
454,SI_ref_14,GCRB-N,DIU,Synthetic,0.1647692025710552,0.5613178456771224,KNN,KNN_2
455,SI_ref_14,GCRB-N,DIU,Synthetic,0.3384549122360595,0.5613178456771224,KNN,KNN_2
456,SI_ref_14,GCRB-N,DIU,Synthetic,0.1402528461142079,0.5625131705782348,KNN,KNN_2
457,SI_ref_14,GCRB-N,DIU,Synthetic,0.5187315058108145,0.5625131705782348,KNN,KNN_2
458,SI_ref_14,GCRB-N,DIU,Synthetic,0.12629127082807837,0.5852564966105718,KNN,KNN_2
459,SI_ref_14,GCRB-N,DIU,Synthetic,0.6455190877003087,0.5852564966105718,KNN,KNN_2
460,SI_ref_14,GCRB-N,DIU,Synthetic,0.12138562309836234,0.5889911569095548,KNN,KNN_2
461,SI_ref_14,GCRB-N,DIU,Synthetic,0.6666027581171994,0.5889911569095548,KNN,KNN_2
462,SI_ref_14,GCRB-N,DIU,Synthetic,0.16773925939532233,0.5585466535175417,KNN,KNN_2
463,SI_ref_14,GCRB-N,DIU,Synthetic,0.15967117649899737,0.5639021307205375,KNN,KNN_2
464,SI_ref_14,GCRB-N,DIU,Synthetic,0.27418422723714847,0.5639021307205375,KNN,KNN_2
465,SI_ref_14,GCRB-N,DIU,Synthetic,0.1405827183894587,0.5618129447015562,KNN,KNN_2
466,SI_ref_14,GCRB-N,DIU,Synthetic,0.5605758859577746,0.5618129447015562,KNN,KNN_2
467,SI_ref_14,GCRB-N,DIU,Synthetic,0.13173953864692908,0.5753028492194697,KNN,KNN_2
468,SI_ref_14,GCRB-N,DIU,Synthetic,0.6564705601884918,0.5753028492194697,KNN,KNN_2
469,SI_ref_14,GCRB-N,DIU,Synthetic,0.12617131727344172,0.5687555328362711,KNN,KNN_2
470,SI_ref_14,GCRB-N,DIU,Synthetic,0.6552893507455957,0.5687555328362711,KNN,KNN_2
471,SI_ref_14,GCRB-N,DIU,Synthetic,0.1676281074261493,0.5960111398864787,KNN,KNN_2
472,SI_ref_14,GCRB-N,DIU,Synthetic,0.1622201895350263,0.5912571259881376,KNN,KNN_2
473,SI_ref_14,GCRB-N,DIU,Synthetic,0.31928006415696586,0.5912571259881376,KNN,KNN_2
474,SI_ref_14,GCRB-N,DIU,Synthetic,0.14041778225183332,0.5625787483525662,KNN,KNN_2
475,SI_ref_14,GCRB-N,DIU,Synthetic,0.5410485473017326,0.5625787483525662,KNN,KNN_2
476,SI_ref_14,GCRB-N,DIU,Synthetic,0.12901540473750372,0.5863850289126507,KNN,KNN_2
477,SI_ref_14,GCRB-N,DIU,Synthetic,0.6413243626564091,0.5863850289126507,KNN,KNN_2
478,SI_ref_14,GCRB-N,DIU,Synthetic,0.12377847018590202,0.5863850290650736,KNN,KNN_2
479,SI_ref_14,GCRB-N,DIU,Synthetic,0.665837914589971,0.5863850290650736,KNN,KNN_2
699,SI_ref_18,NaOH-activated SCW biochars,IBU,Secondary effluent,0.8098199350756726,0.5212328944008031,KNN,KNN_2
701,SI_ref_18,NaOH-activated SCW biochars,IBU,Secondary effluent,0.7485969905050348,0.5437895160583595,KNN,KNN_2
703,SI_ref_18,NaOH-activated SCW biochars,IBU,Secondary effluent,0.6850179499229786,0.5459696240288838,KNN,KNN_2
705,SI_ref_18,NaOH-activated SCW biochars,IBU,Secondary effluent,0.6861011679416551,0.5769420713923741,KNN,KNN_2
707,SI_ref_18,NaOH-activated SCW biochars,IBU,Secondary effluent,0.6799185617433835,0.5687606109141752,KNN,KNN_2
709,SI_ref_18,NaOH-activated SCW biochars,IBU,Secondary effluent,0.6765813990931481,0.5730494853649792,KNN,KNN_2
711,SI_ref_18,NaOH-activated SCW biochars,IBU,Secondary effluent,0.6777803451607008,0.5374802977651151,KNN,KNN_2
713,SI_ref_18,NaOH-activated SCW biochars,IBU,Secondary effluent,0.19946424836974086,0.5436147189289996,KNN,KNN_2
715,SI_ref_18,NaOH-activated SCW biochars,IBU,Secondary effluent,0.45728603839109744,0.5436147189289996,KNN,KNN_2
717,SI_ref_18,NaOH-activated SCW biochars,IBU,Secondary effluent,0.5431517029603264,0.46082132464291314,KNN,KNN_2
719,SI_ref_18,NaOH-activated SCW biochars,IBU,Secondary effluent,0.6932620426015607,0.5209551554164699,KNN,KNN_2
721,SI_ref_18,NaOH-activated SCW biochars,IBU,Secondary effluent,0.675113405421536,0.5436147189289996,KNN,KNN_2
725,SI_ref_18,NaOH-activated SCW biochars,IBU,Secondary effluent,0.6458796718925713,0.5436147189289996,KNN,KNN_2
729,SI_ref_18,NaOH-activated SCW biochars,IBU,Secondary effluent,0.6230174196820357,0.5436147189289996,KNN,KNN_2
733,SI_ref_18,NaOH-activated SCW biochars,IBU,Secondary effluent,0.6232264558664639,0.5436147189289996,KNN,KNN_2
737,SI_ref_18,NaOH-activated SCW biochars,IBU,Secondary effluent,0.6321330290401536,0.5436147189289996,KNN,KNN_2
741,SI_ref_18,NaOH-activated SCW biochars,IBU,Secondary effluent,0.6274964829882473,0.5436147189289996,KNN,KNN_2
746,SI_ref_18,NaOH-activated SCW biochars,IBU,Secondary effluent,0.6482993087024828,0.5131654626764295,KNN,KNN_2
748,SI_ref_18,NaOH-activated SCW biochars,IBU,Secondary effluent,0.7478636767346728,0.5347055732816275,KNN,KNN_2
750,SI_ref_18,NaOH-activated SCW biochars,IBU,Secondary effluent,0.811827151849907,0.6216466714087004,KNN,KNN_2
752,SI_ref_18,NaOH-activated SCW biochars,IBU,Secondary effluent,0.7252319435730717,0.5436147189289996,KNN,KNN_2
754,SI_ref_18,NaOH-activated SCW biochars,IBU,Secondary effluent,0.7786423949758233,0.5436147189289996,KNN,KNN_2
758,SI_ref_18,NaOH-activated SCW biochars,NPX,Secondary effluent,0.5521972966156422,0.4935107242626519,KNN,KNN_2
760,SI_ref_18,NaOH-activated SCW biochars,NPX,Secondary effluent,0.4814245289032641,0.489357873581233,KNN,KNN_2
762,SI_ref_18,NaOH-activated SCW biochars,NPX,Secondary effluent,0.34455951981715066,0.460057780374472,KNN,KNN_2
764,SI_ref_18,NaOH-activated SCW biochars,NPX,Secondary effluent,0.2493517679350271,0.39850792095697146,KNN,KNN_2
766,SI_ref_18,NaOH-activated SCW biochars,NPX,Secondary effluent,0.16764900163614713,0.43053552294743064,KNN,KNN_2
768,SI_ref_18,NaOH-activated SCW biochars,NPX,Secondary effluent,0.12846350911521487,0.44690751580549054,KNN,KNN_2
770,SI_ref_18,NaOH-activated SCW biochars,NPX,Secondary effluent,0.12873702561203082,0.4561181528068886,KNN,KNN_2
772,SI_ref_18,NaOH-activated SCW biochars,NPX,Secondary effluent,0.026110640989477824,0.3829202484529291,KNN,KNN_2
774,SI_ref_18,NaOH-activated SCW biochars,NPX,Secondary effluent,0.054870517105304405,0.3829202484529291,KNN,KNN_2
776,SI_ref_18,NaOH-activated SCW biochars,NPX,Secondary effluent,0.048092629555703405,0.44369759737371794,KNN,KNN_2
778,SI_ref_18,NaOH-activated SCW biochars,NPX,Secondary effluent,0.16521082834331338,0.498483975305271,KNN,KNN_2
780,SI_ref_18,NaOH-activated SCW biochars,NPX,Secondary effluent,0.11864589305153721,0.3829202484529291,KNN,KNN_2
782,SI_ref_18,NaOH-activated SCW biochars,NPX,Secondary effluent,0.10983576367726838,0.3829202484529291,KNN,KNN_2
784,SI_ref_18,NaOH-activated SCW biochars,NPX,Secondary effluent,0.10668866579384965,0.3829202484529291,KNN,KNN_2
786,SI_ref_18,NaOH-activated SCW biochars,NPX,Secondary effluent,0.08538292965546301,0.3829202484529291,KNN,KNN_2
788,SI_ref_18,NaOH-activated SCW biochars,NPX,Secondary effluent,0.09141898602740345,0.3829202484529291,KNN,KNN_2
790,SI_ref_18,NaOH-activated SCW biochars,NPX,Secondary effluent,0.11725913824368146,0.3829202484529291,KNN,KNN_2
792,SI_ref_18,NaOH-activated SCW biochars,NPX,Secondary effluent,0.10630651659643675,0.46357103754076173,KNN,KNN_2
794,SI_ref_18,NaOH-activated SCW biochars,NPX,Secondary effluent,0.2275589654025283,0.5164411280653359,KNN,KNN_2
796,SI_ref_18,NaOH-activated SCW biochars,NPX,Secondary effluent,0.27043202483921047,0.5948909145562015,KNN,KNN_2
798,SI_ref_18,NaOH-activated SCW biochars,NPX,Secondary effluent,0.15082313311850198,0.3829202484529291,KNN,KNN_2
800,SI_ref_18,NaOH-activated SCW biochars,NPX,Secondary effluent,0.24701864815812044,0.3829202484529291,KNN,KNN_2
1156,SI_ref_17,Pristine SCG biochar,IBU,Synthetic,0.9684057270887299,0.9318789615528706,KNN,KNN_2
1158,SI_ref_17,Pristine SCG biochar,IBU,Synthetic,0.964180236157731,0.9292338520656915,KNN,KNN_2
1160,SI_ref_17,Pristine SCG biochar,IBU,Synthetic,0.9598191197252507,0.9055491326473444,KNN,KNN_2
1162,SI_ref_17,Pristine SCG biochar,IBU,Synthetic,0.9580437721935793,0.8995149613027134,KNN,KNN_2
1164,SI_ref_17,Pristine SCG biochar,IBU,Synthetic,0.9425460946241216,0.8995981562822958,KNN,KNN_2
1166,SI_ref_17,Pristine SCG biochar,IBU,Synthetic,0.9402369906408686,0.8972402251796616,KNN,KNN_2
1168,SI_ref_17,Pristine SCG biochar,IBU,Synthetic,0.9366107784098637,0.8964101435476444,KNN,KNN_2
1170,SI_ref_17,Pristine SCG biochar,IBU,Synthetic,0.7820004901373623,0.6410392470040697,KNN,KNN_2
1172,SI_ref_17,Pristine SCG biochar,IBU,Synthetic,0.9276141025756294,0.8833629898349808,KNN,KNN_2
1174,SI_ref_17,Pristine SCG biochar,IBU,Synthetic,0.918292455911169,0.8833629898349808,KNN,KNN_2
1176,SI_ref_17,Pristine SCG biochar,IBU,Synthetic,0.9133007565861092,0.8833629898349808,KNN,KNN_2
1178,SI_ref_17,Pristine SCG biochar,IBU,Synthetic,0.9182483670803396,0.8833629898349808,KNN,KNN_2
1180,SI_ref_17,Pristine SCG biochar,IBU,Synthetic,0.9167234922708469,0.8833629898349808,KNN,KNN_2
1182,SI_ref_17,Pristine SCG biochar,IBU,Synthetic,0.9122551436969301,0.8833629898349808,KNN,KNN_2
1184,SI_ref_17,Pristine SCG biochar,IBU,Synthetic,0.9484982246288517,0.7538904964260611,KNN,KNN_2
1186,SI_ref_17,Pristine SCG biochar,IBU,Synthetic,0.893754721851682,0.8833629898349808,KNN,KNN_2
1188,SI_ref_17,Pristine SCG biochar,IBU,Synthetic,0.8900227639990935,0.8833629898349808,KNN,KNN_2
1190,SI_ref_17,Pristine SCG biochar,IBU,Synthetic,0.924357415959487,0.8833629898349808,KNN,KNN_2
1192,SI_ref_17,Pristine SCG biochar,IBU,Synthetic,0.9226237248225028,0.8833629898349808,KNN,KNN_2
1194,SI_ref_17,Pristine SCG biochar,IBU,Synthetic,0.8857728699803085,0.8833629898349808,KNN,KNN_2
1254,SI_ref_18,Pristine SCW Biochar,IBU,Secondary effluent,0.9156726978407875,0.9219159751550164,KNN,KNN_2
1256,SI_ref_18,Pristine SCW Biochar,IBU,Secondary effluent,0.9079673942368781,0.9148698983330732,KNN,KNN_2
1258,SI_ref_18,Pristine SCW Biochar,IBU,Secondary effluent,0.9043236251446873,0.9121404246532555,KNN,KNN_2
1260,SI_ref_18,Pristine SCW Biochar,IBU,Secondary effluent,0.9020547983951682,0.9097781186565205,KNN,KNN_2
1262,SI_ref_18,Pristine SCW Biochar,IBU,Secondary effluent,0.9004882379050155,0.9104302337187568,KNN,KNN_2
1264,SI_ref_18,Pristine SCW Biochar,IBU,Secondary effluent,0.897458530238549,0.9152815068581764,KNN,KNN_2
1266,SI_ref_18,Pristine SCW Biochar,IBU,Secondary effluent,0.8973424975849196,0.9159472292887583,KNN,KNN_2
1267,SI_ref_18,Pristine SCW Biochar,IBU,Secondary effluent,0.8360939688333745,0.9145650716918621,KNN,KNN_2
1268,SI_ref_18,Pristine SCW Biochar,IBU,Secondary effluent,0.8984823855966844,0.9145650716918627,KNN,KNN_2
1270,SI_ref_18,Pristine SCW Biochar,IBU,Secondary effluent,0.8874692330465712,0.9115128708500463,KNN,KNN_2
1272,SI_ref_18,Pristine SCW Biochar,IBU,Secondary effluent,0.9012569556545285,0.9179355366670904,KNN,KNN_2
1274,SI_ref_18,Pristine SCW Biochar,IBU,Secondary effluent,0.8992057856547054,0.9145650716918621,KNN,KNN_2
1278,SI_ref_18,Pristine SCW Biochar,IBU,Secondary effluent,0.9165018852947014,0.9145650716918627,KNN,KNN_2
1282,SI_ref_18,Pristine SCW Biochar,IBU,Secondary effluent,0.9202396860047187,0.9145650716918621,KNN,KNN_2
1286,SI_ref_18,Pristine SCW Biochar,IBU,Secondary effluent,0.9152513064761528,0.9145650716918627,KNN,KNN_2
1290,SI_ref_18,Pristine SCW Biochar,IBU,Secondary effluent,0.9145713435205399,0.9145650716918621,KNN,KNN_2
1294,SI_ref_18,Pristine SCW Biochar,IBU,Secondary effluent,0.9194281493241605,0.9145650716918627,KNN,KNN_2
1299,SI_ref_18,Pristine SCW Biochar,IBU,Secondary effluent,0.891903218347585,0.9166322085249036,KNN,KNN_2
1301,SI_ref_18,Pristine SCW Biochar,IBU,Secondary effluent,0.9069133641489088,0.9183864986221811,KNN,KNN_2
1303,SI_ref_18,Pristine SCW Biochar,IBU,Secondary effluent,0.9145392250293353,0.9022127415061564,KNN,KNN_2
1304,SI_ref_18,Pristine SCW Biochar,IBU,Secondary effluent,0.911352956646831,0.9145650716918627,KNN,KNN_2
1305,SI_ref_18,Pristine SCW Biochar,IBU,Secondary effluent,0.8992133437264335,0.9145650716918621,KNN,KNN_2
1309,SI_ref_18,Pristine SCW Biochar,NPX,Secondary effluent,0.9276600601799115,0.9226021812392747,KNN,KNN_2
1311,SI_ref_18,Pristine SCW Biochar,NPX,Secondary effluent,0.9217275625657669,0.9172530786751125,KNN,KNN_2
1313,SI_ref_18,Pristine SCW Biochar,NPX,Secondary effluent,0.9151672500810683,0.916809184178239,KNN,KNN_2
1315,SI_ref_18,Pristine SCW Biochar,NPX,Secondary effluent,0.914870212237198,0.9141906878395091,KNN,KNN_2
1317,SI_ref_18,Pristine SCW Biochar,NPX,Secondary effluent,0.9125118045566373,0.9136517711440902,KNN,KNN_2
1319,SI_ref_18,Pristine SCW Biochar,NPX,Secondary effluent,0.9122370962869346,0.914608605250757,KNN,KNN_2
1321,SI_ref_18,Pristine SCW Biochar,NPX,Secondary effluent,0.9100475600528815,0.915393779350959,KNN,KNN_2
1322,SI_ref_18,Pristine SCW Biochar,NPX,Secondary effluent,0.8724917016408669,0.9154377921912603,KNN,KNN_2
1323,SI_ref_18,Pristine SCW Biochar,NPX,Secondary effluent,0.9222871559920565,0.9154377921912603,KNN,KNN_2
1325,SI_ref_18,Pristine SCW Biochar,NPX,Secondary effluent,0.8954095327862793,0.9108631821376177,KNN,KNN_2
1327,SI_ref_18,Pristine SCW Biochar,NPX,Secondary effluent,0.9153416500332668,0.9167065640030369,KNN,KNN_2
1329,SI_ref_18,Pristine SCW Biochar,NPX,Secondary effluent,0.910898633301941,0.9154377921912603,KNN,KNN_2
1331,SI_ref_18,Pristine SCW Biochar,NPX,Secondary effluent,0.9081761980542199,0.9154377921912603,KNN,KNN_2
1333,SI_ref_18,Pristine SCW Biochar,NPX,Secondary effluent,0.9126518494691617,0.9154377921912603,KNN,KNN_2
1335,SI_ref_18,Pristine SCW Biochar,NPX,Secondary effluent,0.9091665914238204,0.9154377921912603,KNN,KNN_2
1337,SI_ref_18,Pristine SCW Biochar,NPX,Secondary effluent,0.9109852392346297,0.9154377921912603,KNN,KNN_2
1339,SI_ref_18,Pristine SCW Biochar,NPX,Secondary effluent,0.9170303341534803,0.9154377921912603,KNN,KNN_2
1341,SI_ref_18,Pristine SCW Biochar,NPX,Secondary effluent,0.9109021678864493,0.9166975274519187,KNN,KNN_2
1343,SI_ref_18,Pristine SCW Biochar,NPX,Secondary effluent,0.9138805167442893,0.9200153876977368,KNN,KNN_2
1345,SI_ref_18,Pristine SCW Biochar,NPX,Secondary effluent,0.9200278517039994,0.8731022340271248,KNN,KNN_2
1346,SI_ref_18,Pristine SCW Biochar,NPX,Secondary effluent,0.9136165317560039,0.9154377921912603,KNN,KNN_2
1347,SI_ref_18,Pristine SCW Biochar,NPX,Secondary effluent,0.9038576927569927,0.915437792191261,KNN,KNN_2
189,SI_ref_17,Alkali-modified SCG biochars,IBU,Synthetic,0.6581206763788531,0.38663668032510556,KernelRidge,KernelRidge_1
191,SI_ref_17,Alkali-modified SCG biochars,IBU,Synthetic,0.6239833523895453,0.3224102487197156,KernelRidge,KernelRidge_1
193,SI_ref_17,Alkali-modified SCG biochars,IBU,Synthetic,0.5119378819344518,0.2594393361166055,KernelRidge,KernelRidge_1
195,SI_ref_17,Alkali-modified SCG biochars,IBU,Synthetic,0.4585781550994164,0.2555111733630482,KernelRidge,KernelRidge_1
197,SI_ref_17,Alkali-modified SCG biochars,IBU,Synthetic,0.44243948810088646,0.2675160888306509,KernelRidge,KernelRidge_1
199,SI_ref_17,Alkali-modified SCG biochars,IBU,Synthetic,0.4544355679658596,0.2822602570682956,KernelRidge,KernelRidge_1
201,SI_ref_17,Alkali-modified SCG biochars,IBU,Synthetic,0.39592651561701936,0.30183816557071075,KernelRidge,KernelRidge_1
203,SI_ref_17,Alkali-modified SCG biochars,IBU,Synthetic,0.10913541523053398,0.15022575156627996,KernelRidge,KernelRidge_1
205,SI_ref_17,Alkali-modified SCG biochars,IBU,Synthetic,0.3052806700714839,0.3367731158525098,KernelRidge,KernelRidge_1
207,SI_ref_17,Alkali-modified SCG biochars,IBU,Synthetic,0.4311083753711556,0.3367731158525098,KernelRidge,KernelRidge_1
209,SI_ref_17,Alkali-modified SCG biochars,IBU,Synthetic,0.3789894895081609,0.3367731158525098,KernelRidge,KernelRidge_1
211,SI_ref_17,Alkali-modified SCG biochars,IBU,Synthetic,0.3304133868875155,0.3367731158525098,KernelRidge,KernelRidge_1
213,SI_ref_17,Alkali-modified SCG biochars,IBU,Synthetic,0.33928547446435453,0.3367731158525098,KernelRidge,KernelRidge_1
215,SI_ref_17,Alkali-modified SCG biochars,IBU,Synthetic,0.3234505141947598,0.3367731158525098,KernelRidge,KernelRidge_1
217,SI_ref_17,Alkali-modified SCG biochars,IBU,Synthetic,0.6889998443034063,0.2861634204920538,KernelRidge,KernelRidge_1
219,SI_ref_17,Alkali-modified SCG biochars,IBU,Synthetic,0.1184746430703935,0.3367731158525098,KernelRidge,KernelRidge_1
221,SI_ref_17,Alkali-modified SCG biochars,IBU,Synthetic,0.35446182653715885,0.3367731158525098,KernelRidge,KernelRidge_1
223,SI_ref_17,Alkali-modified SCG biochars,IBU,Synthetic,0.5365490577861332,0.3367731158525098,KernelRidge,KernelRidge_1
225,SI_ref_17,Alkali-modified SCG biochars,IBU,Synthetic,0.5901579894748284,0.3367731158525098,KernelRidge,KernelRidge_1
227,SI_ref_17,Alkali-modified SCG biochars,IBU,Synthetic,0.6910697148739985,0.3367731158525098,KernelRidge,KernelRidge_1
229,SI_ref_16,C-Biochar,ATE,Synthetic,0.8511111111111113,0.4295269477889706,KernelRidge,KernelRidge_1
230,SI_ref_16,C-Biochar,ATE,Synthetic,0.7400000000000001,0.521970198592621,KernelRidge,KernelRidge_1
231,SI_ref_16,C-Biochar,ATE,Synthetic,0.7400000000000001,0.5672920766640587,KernelRidge,KernelRidge_1
232,SI_ref_16,C-Biochar,ATE,Synthetic,0.7453872053872055,0.55446686193597,KernelRidge,KernelRidge_1
233,SI_ref_16,C-Biochar,ATE,Synthetic,0.8733333333333334,0.55446686193597,KernelRidge,KernelRidge_1
234,SI_ref_16,C-Biochar,ATE,Synthetic,0.8288888888888891,0.55446686193597,KernelRidge,KernelRidge_1
235,SI_ref_16,C-Biochar,ATE,Synthetic,0.8511111111111113,0.55446686193597,KernelRidge,KernelRidge_1
236,SI_ref_16,C-Biochar,ATE,Synthetic,0.7844444444444446,0.55446686193597,KernelRidge,KernelRidge_1
237,SI_ref_16,C-Biochar,ATE,Synthetic,0.8733333333333334,0.55446686193597,KernelRidge,KernelRidge_1
238,SI_ref_16,C-Biochar,ATE,Synthetic,0.6733333333333335,0.4815147274002686,KernelRidge,KernelRidge_1
239,SI_ref_16,C-Biochar,ATE,Synthetic,0.6511111111111112,0.4000035946290088,KernelRidge,KernelRidge_1
240,SI_ref_16,C-Biochar,ATE,Synthetic,0.6288888888888889,0.478110597092368,KernelRidge,KernelRidge_1
241,SI_ref_16,C-Biochar,ATE,Synthetic,0.7774074074074075,0.55446686193597,KernelRidge,KernelRidge_1
242,SI_ref_16,C-Biochar,ATE,Synthetic,0.7824691358024691,0.55446686193597,KernelRidge,KernelRidge_1
243,SI_ref_16,C-Biochar,ATE,Synthetic,0.8257777777777777,0.55446686193597,KernelRidge,KernelRidge_1
244,SI_ref_16,C-Biochar,ATE,Synthetic,0.8438888888888889,0.55446686193597,KernelRidge,KernelRidge_1
245,SI_ref_16,C-Biochar,ATE,Synthetic,0.8562222222222223,0.55446686193597,KernelRidge,KernelRidge_1
263,SI_ref_16,C-Biochar,IBU,Synthetic,0.5333333333333333,0.4222745680066812,KernelRidge,KernelRidge_1
264,SI_ref_16,C-Biochar,IBU,Synthetic,0.7333333333333333,0.5188620012800051,KernelRidge,KernelRidge_1
265,SI_ref_16,C-Biochar,IBU,Synthetic,0.6000000000000001,0.566238004143582,KernelRidge,KernelRidge_1
266,SI_ref_16,C-Biochar,IBU,Synthetic,0.6121212121212122,0.5567515715415273,KernelRidge,KernelRidge_1
267,SI_ref_16,C-Biochar,IBU,Synthetic,0.7333333333333333,0.5567515715415273,KernelRidge,KernelRidge_1
268,SI_ref_16,C-Biochar,IBU,Synthetic,0.5333333333333333,0.5567515715415273,KernelRidge,KernelRidge_1
269,SI_ref_16,C-Biochar,IBU,Synthetic,0.4666666666666666,0.5567515715415273,KernelRidge,KernelRidge_1
270,SI_ref_16,C-Biochar,IBU,Synthetic,0.5555555555555556,0.5567515715415273,KernelRidge,KernelRidge_1
271,SI_ref_16,C-Biochar,IBU,Synthetic,0.6000000000000001,0.5567515715415273,KernelRidge,KernelRidge_1
272,SI_ref_16,C-Biochar,IBU,Synthetic,0.6000000000000001,0.4845882379803942,KernelRidge,KernelRidge_1
273,SI_ref_16,C-Biochar,IBU,Synthetic,0.6000000000000001,0.4008626978878577,KernelRidge,KernelRidge_1
274,SI_ref_16,C-Biochar,IBU,Synthetic,1.0666666666666667,0.48516853486002925,KernelRidge,KernelRidge_1
275,SI_ref_16,C-Biochar,IBU,Synthetic,0.5277777777777777,0.5567515715415273,KernelRidge,KernelRidge_1
276,SI_ref_16,C-Biochar,IBU,Synthetic,0.7,0.5567515715415273,KernelRidge,KernelRidge_1
277,SI_ref_16,C-Biochar,IBU,Synthetic,0.7844444444444444,0.5567515715415273,KernelRidge,KernelRidge_1
278,SI_ref_16,C-Biochar,IBU,Synthetic,0.8430555555555557,0.5567515715415273,KernelRidge,KernelRidge_1
279,SI_ref_16,C-Biochar,IBU,Synthetic,0.861111111111111,0.5567515715415273,KernelRidge,KernelRidge_1
354,SI_ref_14,GCRB,DIU,Synthetic,0.983291565929579,1.0580573745307387,KernelRidge,KernelRidge_1
355,SI_ref_14,GCRB,DIU,Synthetic,0.9782739977994132,1.0522245534721004,KernelRidge,KernelRidge_1
356,SI_ref_14,GCRB,DIU,Synthetic,0.9708791324637501,1.0438376489184145,KernelRidge,KernelRidge_1
357,SI_ref_14,GCRB,DIU,Synthetic,0.964507517643233,1.0370101612712765,KernelRidge,KernelRidge_1
358,SI_ref_14,GCRB,DIU,Synthetic,0.960647920928618,1.0343651691339286,KernelRidge,KernelRidge_1
359,SI_ref_14,GCRB,DIU,Synthetic,0.9584857336381704,1.0350433358232989,KernelRidge,KernelRidge_1
360,SI_ref_14,GCRB,DIU,Synthetic,0.9536869714697045,1.0363788367987952,KernelRidge,KernelRidge_1
361,SI_ref_14,GCRB,DIU,Synthetic,0.9291396445453227,0.959072268881102,KernelRidge,KernelRidge_1
362,SI_ref_14,GCRB,DIU,Synthetic,0.9775416982957918,1.0144841081927,KernelRidge,KernelRidge_1
363,SI_ref_14,GCRB,DIU,Synthetic,0.9527369648004039,1.0390864056627913,KernelRidge,KernelRidge_1
364,SI_ref_14,GCRB,DIU,Synthetic,0.9478201604463821,1.0390864056627913,KernelRidge,KernelRidge_1
365,SI_ref_14,GCRB,DIU,Synthetic,0.9265327424413893,1.0390864056627913,KernelRidge,KernelRidge_1
366,SI_ref_14,GCRB,DIU,Synthetic,0.9253239651903417,1.0390864056627913,KernelRidge,KernelRidge_1
367,SI_ref_14,GCRB,DIU,Synthetic,0.9238760352548926,1.0390864056627913,KernelRidge,KernelRidge_1
368,SI_ref_14,GCRB,DIU,Synthetic,0.9417552695951205,0.9965106422105697,KernelRidge,KernelRidge_1
369,SI_ref_14,GCRB,DIU,Synthetic,0.9147016410628197,0.9965106422105697,KernelRidge,KernelRidge_1
370,SI_ref_14,GCRB,DIU,Synthetic,0.9192051981667979,0.9995638057674066,KernelRidge,KernelRidge_1
371,SI_ref_14,GCRB,DIU,Synthetic,0.9535021691371877,1.0390864056627913,KernelRidge,KernelRidge_1
372,SI_ref_14,GCRB,DIU,Synthetic,0.9661748102299111,1.0390864056627913,KernelRidge,KernelRidge_1
373,SI_ref_14,GCRB,DIU,Synthetic,1.0173780045422414,1.0390864056627913,KernelRidge,KernelRidge_1
374,SI_ref_14,GCRB,DIU,Synthetic,1.0082496176169822,1.0390864056627913,KernelRidge,KernelRidge_1
375,SI_ref_14,GCRB,DIU,Synthetic,0.9496862840784065,1.0390864056627913,KernelRidge,KernelRidge_1
439,SI_ref_14,GCRB-N,DIU,Synthetic,0.6654043880576614,0.7125326513934872,KernelRidge,KernelRidge_1
440,SI_ref_14,GCRB-N,DIU,Synthetic,0.5844535743219663,0.653579900661791,KernelRidge,KernelRidge_1
441,SI_ref_14,GCRB-N,DIU,Synthetic,0.5079200907404222,0.6025407837826636,KernelRidge,KernelRidge_1
442,SI_ref_14,GCRB-N,DIU,Synthetic,0.37854626102465844,0.5676090611892389,KernelRidge,KernelRidge_1
443,SI_ref_14,GCRB-N,DIU,Synthetic,0.26690125827656935,0.5539879818105854,KernelRidge,KernelRidge_1
444,SI_ref_14,GCRB-N,DIU,Synthetic,0.2332409918272794,0.5565950796693504,KernelRidge,KernelRidge_1
445,SI_ref_14,GCRB-N,DIU,Synthetic,0.1951305004086504,0.5629918475349744,KernelRidge,KernelRidge_1
446,SI_ref_14,GCRB-N,DIU,Synthetic,0.2075726875081201,0.44008535099169,KernelRidge,KernelRidge_1
447,SI_ref_14,GCRB-N,DIU,Synthetic,0.26826652394124667,0.6042576906468542,KernelRidge,KernelRidge_1
448,SI_ref_14,GCRB-N,DIU,Synthetic,0.1819381767074788,0.5778140944282225,KernelRidge,KernelRidge_1
449,SI_ref_14,GCRB-N,DIU,Synthetic,0.15093015054787579,0.5289649390509468,KernelRidge,KernelRidge_1
450,SI_ref_14,GCRB-N,DIU,Synthetic,0.1736169508150928,0.5289649390509468,KernelRidge,KernelRidge_1
451,SI_ref_14,GCRB-N,DIU,Synthetic,0.16382165003373128,0.5470218672484882,KernelRidge,KernelRidge_1
452,SI_ref_14,GCRB-N,DIU,Synthetic,0.1932052297084895,0.5778140944282225,KernelRidge,KernelRidge_1
453,SI_ref_14,GCRB-N,DIU,Synthetic,0.1683505359330984,0.5778447766192885,KernelRidge,KernelRidge_1
454,SI_ref_14,GCRB-N,DIU,Synthetic,0.1647692025710552,0.5778754544373659,KernelRidge,KernelRidge_1
455,SI_ref_14,GCRB-N,DIU,Synthetic,0.3384549122360595,0.5778754544373659,KernelRidge,KernelRidge_1
456,SI_ref_14,GCRB-N,DIU,Synthetic,0.1402528461142079,0.5779061278702691,KernelRidge,KernelRidge_1
457,SI_ref_14,GCRB-N,DIU,Synthetic,0.5187315058108145,0.5779061278702691,KernelRidge,KernelRidge_1
458,SI_ref_14,GCRB-N,DIU,Synthetic,0.12629127082807837,0.5779367969057716,KernelRidge,KernelRidge_1
459,SI_ref_14,GCRB-N,DIU,Synthetic,0.6455190877003087,0.5779367969057716,KernelRidge,KernelRidge_1
460,SI_ref_14,GCRB-N,DIU,Synthetic,0.12138562309836234,0.5779674615317116,KernelRidge,KernelRidge_1
461,SI_ref_14,GCRB-N,DIU,Synthetic,0.6666027581171994,0.5779674615317116,KernelRidge,KernelRidge_1
462,SI_ref_14,GCRB-N,DIU,Synthetic,0.16773925939532233,0.5779981217360183,KernelRidge,KernelRidge_1
463,SI_ref_14,GCRB-N,DIU,Synthetic,0.15967117649899737,0.5780287775066362,KernelRidge,KernelRidge_1
464,SI_ref_14,GCRB-N,DIU,Synthetic,0.27418422723714847,0.5780287775066362,KernelRidge,KernelRidge_1
465,SI_ref_14,GCRB-N,DIU,Synthetic,0.1405827183894587,0.5780594288315808,KernelRidge,KernelRidge_1
466,SI_ref_14,GCRB-N,DIU,Synthetic,0.5605758859577746,0.5780594288315808,KernelRidge,KernelRidge_1
467,SI_ref_14,GCRB-N,DIU,Synthetic,0.13173953864692908,0.5780900756989251,KernelRidge,KernelRidge_1
468,SI_ref_14,GCRB-N,DIU,Synthetic,0.6564705601884918,0.5780900756989251,KernelRidge,KernelRidge_1
469,SI_ref_14,GCRB-N,DIU,Synthetic,0.12617131727344172,0.5781207180967578,KernelRidge,KernelRidge_1
470,SI_ref_14,GCRB-N,DIU,Synthetic,0.6552893507455957,0.5781207180967578,KernelRidge,KernelRidge_1
471,SI_ref_14,GCRB-N,DIU,Synthetic,0.1676281074261493,0.5781513560132774,KernelRidge,KernelRidge_1
472,SI_ref_14,GCRB-N,DIU,Synthetic,0.1622201895350263,0.5781819894366765,KernelRidge,KernelRidge_1
473,SI_ref_14,GCRB-N,DIU,Synthetic,0.31928006415696586,0.5781819894366765,KernelRidge,KernelRidge_1
474,SI_ref_14,GCRB-N,DIU,Synthetic,0.14041778225183332,0.5782126183552113,KernelRidge,KernelRidge_1
475,SI_ref_14,GCRB-N,DIU,Synthetic,0.5410485473017326,0.5782126183552113,KernelRidge,KernelRidge_1
476,SI_ref_14,GCRB-N,DIU,Synthetic,0.12901540473750372,0.5782432427572267,KernelRidge,KernelRidge_1
477,SI_ref_14,GCRB-N,DIU,Synthetic,0.6413243626564091,0.5782432427572267,KernelRidge,KernelRidge_1
478,SI_ref_14,GCRB-N,DIU,Synthetic,0.12377847018590202,0.5782738626310672,KernelRidge,KernelRidge_1
479,SI_ref_14,GCRB-N,DIU,Synthetic,0.665837914589971,0.5782738626310672,KernelRidge,KernelRidge_1
699,SI_ref_18,NaOH-activated SCW biochars,IBU,Secondary effluent,0.8098199350756726,0.6733484510968891,KernelRidge,KernelRidge_1
701,SI_ref_18,NaOH-activated SCW biochars,IBU,Secondary effluent,0.7485969905050348,0.6472209257588635,KernelRidge,KernelRidge_1
703,SI_ref_18,NaOH-activated SCW biochars,IBU,Secondary effluent,0.6850179499229786,0.6232249485337157,KernelRidge,KernelRidge_1
705,SI_ref_18,NaOH-activated SCW biochars,IBU,Secondary effluent,0.6861011679416551,0.606330204931446,KernelRidge,KernelRidge_1
707,SI_ref_18,NaOH-activated SCW biochars,IBU,Secondary effluent,0.6799185617433835,0.5997697370049576,KernelRidge,KernelRidge_1
709,SI_ref_18,NaOH-activated SCW biochars,IBU,Secondary effluent,0.6765813990931481,0.6011700889413875,KernelRidge,KernelRidge_1
711,SI_ref_18,NaOH-activated SCW biochars,IBU,Secondary effluent,0.6777803451607008,0.6043972088703956,KernelRidge,KernelRidge_1
713,SI_ref_18,NaOH-activated SCW biochars,IBU,Secondary effluent,0.19946424836974086,0.6117228500387636,KernelRidge,KernelRidge_1
715,SI_ref_18,NaOH-activated SCW biochars,IBU,Secondary effluent,0.45728603839109744,0.6117228500387636,KernelRidge,KernelRidge_1
717,SI_ref_18,NaOH-activated SCW biochars,IBU,Secondary effluent,0.5431517029603264,0.48097793526227106,KernelRidge,KernelRidge_1
719,SI_ref_18,NaOH-activated SCW biochars,IBU,Secondary effluent,0.6932620426015607,0.6272436483322746,KernelRidge,KernelRidge_1
721,SI_ref_18,NaOH-activated SCW biochars,IBU,Secondary effluent,0.675113405421536,0.6117228500387636,KernelRidge,KernelRidge_1
725,SI_ref_18,NaOH-activated SCW biochars,IBU,Secondary effluent,0.6458796718925713,0.6117228500387636,KernelRidge,KernelRidge_1
729,SI_ref_18,NaOH-activated SCW biochars,IBU,Secondary effluent,0.6230174196820357,0.6117228500387636,KernelRidge,KernelRidge_1
733,SI_ref_18,NaOH-activated SCW biochars,IBU,Secondary effluent,0.6232264558664639,0.6117228500387636,KernelRidge,KernelRidge_1
737,SI_ref_18,NaOH-activated SCW biochars,IBU,Secondary effluent,0.6321330290401536,0.6117228500387636,KernelRidge,KernelRidge_1
741,SI_ref_18,NaOH-activated SCW biochars,IBU,Secondary effluent,0.6274964829882473,0.6117228500387636,KernelRidge,KernelRidge_1
746,SI_ref_18,NaOH-activated SCW biochars,IBU,Secondary effluent,0.6482993087024828,0.5801999666397132,KernelRidge,KernelRidge_1
748,SI_ref_18,NaOH-activated SCW biochars,IBU,Secondary effluent,0.7478636767346728,0.6908447351147555,KernelRidge,KernelRidge_1
750,SI_ref_18,NaOH-activated SCW biochars,IBU,Secondary effluent,0.811827151849907,0.6843792015231962,KernelRidge,KernelRidge_1
752,SI_ref_18,NaOH-activated SCW biochars,IBU,Secondary effluent,0.7252319435730717,0.6117228500387636,KernelRidge,KernelRidge_1
754,SI_ref_18,NaOH-activated SCW biochars,IBU,Secondary effluent,0.7786423949758233,0.6117228500387636,KernelRidge,KernelRidge_1
758,SI_ref_18,NaOH-activated SCW biochars,NPX,Secondary effluent,0.5521972966156422,0.39360755019607685,KernelRidge,KernelRidge_1
760,SI_ref_18,NaOH-activated SCW biochars,NPX,Secondary effluent,0.4814245289032641,0.33163156586727904,KernelRidge,KernelRidge_1
762,SI_ref_18,NaOH-activated SCW biochars,NPX,Secondary effluent,0.34455951981715066,0.2751179449603275,KernelRidge,KernelRidge_1
764,SI_ref_18,NaOH-activated SCW biochars,NPX,Secondary effluent,0.2493517679350271,0.23131937426962101,KernelRidge,KernelRidge_1
766,SI_ref_18,NaOH-activated SCW biochars,NPX,Secondary effluent,0.16764900163614713,0.20539057482449463,KernelRidge,KernelRidge_1
768,SI_ref_18,NaOH-activated SCW biochars,NPX,Secondary effluent,0.12846350911521487,0.19954032577744574,KernelRidge,KernelRidge_1
770,SI_ref_18,NaOH-activated SCW biochars,NPX,Secondary effluent,0.12873702561203082,0.19958797071115453,KernelRidge,KernelRidge_1
772,SI_ref_18,NaOH-activated SCW biochars,NPX,Secondary effluent,0.026110640989477824,0.20528810216161764,KernelRidge,KernelRidge_1
774,SI_ref_18,NaOH-activated SCW biochars,NPX,Secondary effluent,0.054870517105304405,0.20528810216161764,KernelRidge,KernelRidge_1
776,SI_ref_18,NaOH-activated SCW biochars,NPX,Secondary effluent,0.048092629555703405,0.16393194993476023,KernelRidge,KernelRidge_1
778,SI_ref_18,NaOH-activated SCW biochars,NPX,Secondary effluent,0.16521082834331338,0.274697741579328,KernelRidge,KernelRidge_1
780,SI_ref_18,NaOH-activated SCW biochars,NPX,Secondary effluent,0.11864589305153721,0.20528810216161764,KernelRidge,KernelRidge_1
782,SI_ref_18,NaOH-activated SCW biochars,NPX,Secondary effluent,0.10983576367726838,0.20528810216161764,KernelRidge,KernelRidge_1
784,SI_ref_18,NaOH-activated SCW biochars,NPX,Secondary effluent,0.10668866579384965,0.20528810216161764,KernelRidge,KernelRidge_1
786,SI_ref_18,NaOH-activated SCW biochars,NPX,Secondary effluent,0.08538292965546301,0.20528810216161764,KernelRidge,KernelRidge_1
788,SI_ref_18,NaOH-activated SCW biochars,NPX,Secondary effluent,0.09141898602740345,0.20528810216161764,KernelRidge,KernelRidge_1
790,SI_ref_18,NaOH-activated SCW biochars,NPX,Secondary effluent,0.11725913824368146,0.20528810216161764,KernelRidge,KernelRidge_1
792,SI_ref_18,NaOH-activated SCW biochars,NPX,Secondary effluent,0.10630651659643675,0.2206148859253837,KernelRidge,KernelRidge_1
794,SI_ref_18,NaOH-activated SCW biochars,NPX,Secondary effluent,0.2275589654025283,0.2855886559577978,KernelRidge,KernelRidge_1
796,SI_ref_18,NaOH-activated SCW biochars,NPX,Secondary effluent,0.27043202483921047,0.36268030533284534,KernelRidge,KernelRidge_1
798,SI_ref_18,NaOH-activated SCW biochars,NPX,Secondary effluent,0.15082313311850198,0.20528810216161764,KernelRidge,KernelRidge_1
800,SI_ref_18,NaOH-activated SCW biochars,NPX,Secondary effluent,0.24701864815812044,0.20528810216161764,KernelRidge,KernelRidge_1
1156,SI_ref_17,Pristine SCG biochar,IBU,Synthetic,0.9684057270887299,0.9254713716140467,KernelRidge,KernelRidge_1
1158,SI_ref_17,Pristine SCG biochar,IBU,Synthetic,0.964180236157731,0.9083632586197148,KernelRidge,KernelRidge_1
1160,SI_ref_17,Pristine SCG biochar,IBU,Synthetic,0.9598191197252507,0.8850775142491217,KernelRidge,KernelRidge_1
1162,SI_ref_17,Pristine SCG biochar,IBU,Synthetic,0.9580437721935793,0.8795759860180427,KernelRidge,KernelRidge_1
1164,SI_ref_17,Pristine SCG biochar,IBU,Synthetic,0.9425460946241216,0.8807247409048885,KernelRidge,KernelRidge_1
1166,SI_ref_17,Pristine SCG biochar,IBU,Synthetic,0.9402369906408686,0.8834682489949968,KernelRidge,KernelRidge_1
1168,SI_ref_17,Pristine SCG biochar,IBU,Synthetic,0.9366107784098637,0.8876628203160035,KernelRidge,KernelRidge_1
1170,SI_ref_17,Pristine SCG biochar,IBU,Synthetic,0.7820004901373623,0.7690319774943479,KernelRidge,KernelRidge_1
1172,SI_ref_17,Pristine SCG biochar,IBU,Synthetic,0.9276141025756294,0.8956096123460086,KernelRidge,KernelRidge_1
1174,SI_ref_17,Pristine SCG biochar,IBU,Synthetic,0.918292455911169,0.8956096123460086,KernelRidge,KernelRidge_1
1176,SI_ref_17,Pristine SCG biochar,IBU,Synthetic,0.9133007565861092,0.8956096123460086,KernelRidge,KernelRidge_1
1178,SI_ref_17,Pristine SCG biochar,IBU,Synthetic,0.9182483670803396,0.8956096123460086,KernelRidge,KernelRidge_1
1180,SI_ref_17,Pristine SCG biochar,IBU,Synthetic,0.9167234922708469,0.8956096123460086,KernelRidge,KernelRidge_1
1182,SI_ref_17,Pristine SCG biochar,IBU,Synthetic,0.9122551436969301,0.8956096123460086,KernelRidge,KernelRidge_1
1184,SI_ref_17,Pristine SCG biochar,IBU,Synthetic,0.9484982246288517,0.8583051681396046,KernelRidge,KernelRidge_1
1186,SI_ref_17,Pristine SCG biochar,IBU,Synthetic,0.893754721851682,0.8956096123460086,KernelRidge,KernelRidge_1
1188,SI_ref_17,Pristine SCG biochar,IBU,Synthetic,0.8900227639990935,0.8956096123460086,KernelRidge,KernelRidge_1
1190,SI_ref_17,Pristine SCG biochar,IBU,Synthetic,0.924357415959487,0.8956096123460086,KernelRidge,KernelRidge_1
1192,SI_ref_17,Pristine SCG biochar,IBU,Synthetic,0.9226237248225028,0.8956096123460086,KernelRidge,KernelRidge_1
1194,SI_ref_17,Pristine SCG biochar,IBU,Synthetic,0.8857728699803085,0.8956096123460086,KernelRidge,KernelRidge_1
1254,SI_ref_18,Pristine SCW Biochar,IBU,Secondary effluent,0.9156726978407875,0.9599377032912922,KernelRidge,KernelRidge_1
1256,SI_ref_18,Pristine SCW Biochar,IBU,Secondary effluent,0.9079673942368781,0.9586759961216754,KernelRidge,KernelRidge_1
1258,SI_ref_18,Pristine SCW Biochar,IBU,Secondary effluent,0.9043236251446873,0.9531553983358938,KernelRidge,KernelRidge_1
1260,SI_ref_18,Pristine SCW Biochar,IBU,Secondary effluent,0.9020547983951682,0.9466778519566894,KernelRidge,KernelRidge_1
1262,SI_ref_18,Pristine SCW Biochar,IBU,Secondary effluent,0.9004882379050155,0.9415256323989665,KernelRidge,KernelRidge_1
1264,SI_ref_18,Pristine SCW Biochar,IBU,Secondary effluent,0.897458530238549,0.9394708003157317,KernelRidge,KernelRidge_1
1266,SI_ref_18,Pristine SCW Biochar,IBU,Secondary effluent,0.8973424975849196,0.938376048297369,KernelRidge,KernelRidge_1
1267,SI_ref_18,Pristine SCW Biochar,IBU,Secondary effluent,0.8360939688333745,0.9370981010806552,KernelRidge,KernelRidge_1
1268,SI_ref_18,Pristine SCW Biochar,IBU,Secondary effluent,0.8984823855966844,0.9370981010806552,KernelRidge,KernelRidge_1
1270,SI_ref_18,Pristine SCW Biochar,IBU,Secondary effluent,0.8874692330465712,0.897481719715126,KernelRidge,KernelRidge_1
1272,SI_ref_18,Pristine SCW Biochar,IBU,Secondary effluent,0.9012569556545285,0.9229051755223483,KernelRidge,KernelRidge_1
1274,SI_ref_18,Pristine SCW Biochar,IBU,Secondary effluent,0.8992057856547054,0.9370981010806552,KernelRidge,KernelRidge_1
1278,SI_ref_18,Pristine SCW Biochar,IBU,Secondary effluent,0.9165018852947014,0.9370981010806552,KernelRidge,KernelRidge_1
1282,SI_ref_18,Pristine SCW Biochar,IBU,Secondary effluent,0.9202396860047187,0.9370981010806552,KernelRidge,KernelRidge_1
1286,SI_ref_18,Pristine SCW Biochar,IBU,Secondary effluent,0.9152513064761528,0.9370981010806552,KernelRidge,KernelRidge_1
1290,SI_ref_18,Pristine SCW Biochar,IBU,Secondary effluent,0.9145713435205399,0.9370981010806552,KernelRidge,KernelRidge_1
1294,SI_ref_18,Pristine SCW Biochar,IBU,Secondary effluent,0.9194281493241605,0.9370981010806552,KernelRidge,KernelRidge_1
1299,SI_ref_18,Pristine SCW Biochar,IBU,Secondary effluent,0.891903218347585,0.921017770653537,KernelRidge,KernelRidge_1
1301,SI_ref_18,Pristine SCW Biochar,IBU,Secondary effluent,0.9069133641489088,0.9806192279016668,KernelRidge,KernelRidge_1
1303,SI_ref_18,Pristine SCW Biochar,IBU,Secondary effluent,0.9145392250293353,0.9839887907611644,KernelRidge,KernelRidge_1
1304,SI_ref_18,Pristine SCW Biochar,IBU,Secondary effluent,0.911352956646831,0.9370981010806552,KernelRidge,KernelRidge_1
1305,SI_ref_18,Pristine SCW Biochar,IBU,Secondary effluent,0.8992133437264335,0.9370981010806552,KernelRidge,KernelRidge_1
1309,SI_ref_18,Pristine SCW Biochar,NPX,Secondary effluent,0.9276600601799115,0.9209310539860949,KernelRidge,KernelRidge_1
1311,SI_ref_18,Pristine SCW Biochar,NPX,Secondary effluent,0.9217275625657669,0.9078401242097569,KernelRidge,KernelRidge_1
1313,SI_ref_18,Pristine SCW Biochar,NPX,Secondary effluent,0.9151672500810683,0.8902672525563964,KernelRidge,KernelRidge_1
1315,SI_ref_18,Pristine SCW Biochar,NPX,Secondary effluent,0.914870212237198,0.872321247225936,KernelRidge,KernelRidge_1
1317,SI_ref_18,Pristine SCW Biochar,NPX,Secondary effluent,0.9125118045566373,0.8570820325423412,KernelRidge,KernelRidge_1
1319,SI_ref_18,Pristine SCW Biochar,NPX,Secondary effluent,0.9122370962869346,0.8500557699812394,KernelRidge,KernelRidge_1
1321,SI_ref_18,Pristine SCW Biochar,NPX,Secondary effluent,0.9100475600528815,0.8459345634744566,KernelRidge,KernelRidge_1
1322,SI_ref_18,Pristine SCW Biochar,NPX,Secondary effluent,0.8724917016408669,0.8411725669640369,KernelRidge,KernelRidge_1
1323,SI_ref_18,Pristine SCW Biochar,NPX,Secondary effluent,0.9222871559920565,0.8411725669640369,KernelRidge,KernelRidge_1
1325,SI_ref_18,Pristine SCW Biochar,NPX,Secondary effluent,0.8954095327862793,0.840179080775868,KernelRidge,KernelRidge_1
1327,SI_ref_18,Pristine SCW Biochar,NPX,Secondary effluent,0.9153416500332668,0.8354969691392623,KernelRidge,KernelRidge_1
1329,SI_ref_18,Pristine SCW Biochar,NPX,Secondary effluent,0.910898633301941,0.8411725669640369,KernelRidge,KernelRidge_1
1331,SI_ref_18,Pristine SCW Biochar,NPX,Secondary effluent,0.9081761980542199,0.8411725669640369,KernelRidge,KernelRidge_1
1333,SI_ref_18,Pristine SCW Biochar,NPX,Secondary effluent,0.9126518494691617,0.8411725669640369,KernelRidge,KernelRidge_1
1335,SI_ref_18,Pristine SCW Biochar,NPX,Secondary effluent,0.9091665914238204,0.8411725669640369,KernelRidge,KernelRidge_1
1337,SI_ref_18,Pristine SCW Biochar,NPX,Secondary effluent,0.9109852392346297,0.8411725669640369,KernelRidge,KernelRidge_1
1339,SI_ref_18,Pristine SCW Biochar,NPX,Secondary effluent,0.9170303341534803,0.8411725669640369,KernelRidge,KernelRidge_1
1341,SI_ref_18,Pristine SCW Biochar,NPX,Secondary effluent,0.9109021678864493,0.8288581827830823,KernelRidge,KernelRidge_1
1343,SI_ref_18,Pristine SCW Biochar,NPX,Secondary effluent,0.9138805167442893,0.8626189142884926,KernelRidge,KernelRidge_1
1345,SI_ref_18,Pristine SCW Biochar,NPX,Secondary effluent,0.9200278517039994,0.8700072385538316,KernelRidge,KernelRidge_1
1346,SI_ref_18,Pristine SCW Biochar,NPX,Secondary effluent,0.9136165317560039,0.8411725669640369,KernelRidge,KernelRidge_1
1347,SI_ref_18,Pristine SCW Biochar,NPX,Secondary effluent,0.9038576927569927,0.8411725669640351,KernelRidge,KernelRidge_1
189,SI_ref_17,Alkali-modified SCG biochars,IBU,Synthetic,0.6581206763788531,0.36261317038000884,Lasso,Lasso_2
191,SI_ref_17,Alkali-modified SCG biochars,IBU,Synthetic,0.6239833523895453,0.3580072676236774,Lasso,Lasso_2
193,SI_ref_17,Alkali-modified SCG biochars,IBU,Synthetic,0.5119378819344518,0.35060649162748747,Lasso,Lasso_2
195,SI_ref_17,Alkali-modified SCG biochars,IBU,Synthetic,0.4585781550994164,0.3459087665809314,Lasso,Lasso_2
197,SI_ref_17,Alkali-modified SCG biochars,IBU,Synthetic,0.44243948810088646,0.3431560487417854,Lasso,Lasso_2
199,SI_ref_17,Alkali-modified SCG biochars,IBU,Synthetic,0.4544355679658596,0.3412016495543877,Lasso,Lasso_2
201,SI_ref_17,Alkali-modified SCG biochars,IBU,Synthetic,0.39592651561701936,0.33924646503286615,Lasso,Lasso_2
203,SI_ref_17,Alkali-modified SCG biochars,IBU,Synthetic,0.10913541523053398,0.33595591663275204,Lasso,Lasso_2
205,SI_ref_17,Alkali-modified SCG biochars,IBU,Synthetic,0.3052806700714839,0.3364898218820947,Lasso,Lasso_2
207,SI_ref_17,Alkali-modified SCG biochars,IBU,Synthetic,0.4311083753711556,0.3364898218820947,Lasso,Lasso_2
209,SI_ref_17,Alkali-modified SCG biochars,IBU,Synthetic,0.3789894895081609,0.3364898218820947,Lasso,Lasso_2
211,SI_ref_17,Alkali-modified SCG biochars,IBU,Synthetic,0.3304133868875155,0.3364898218820947,Lasso,Lasso_2
213,SI_ref_17,Alkali-modified SCG biochars,IBU,Synthetic,0.33928547446435453,0.3364898218820947,Lasso,Lasso_2
215,SI_ref_17,Alkali-modified SCG biochars,IBU,Synthetic,0.3234505141947598,0.3364898218820947,Lasso,Lasso_2
217,SI_ref_17,Alkali-modified SCG biochars,IBU,Synthetic,0.6889998443034063,0.33702372713143736,Lasso,Lasso_2
219,SI_ref_17,Alkali-modified SCG biochars,IBU,Synthetic,0.1184746430703935,0.3364898218820947,Lasso,Lasso_2
221,SI_ref_17,Alkali-modified SCG biochars,IBU,Synthetic,0.35446182653715885,0.3364898218820947,Lasso,Lasso_2
223,SI_ref_17,Alkali-modified SCG biochars,IBU,Synthetic,0.5365490577861332,0.3364898218820947,Lasso,Lasso_2
225,SI_ref_17,Alkali-modified SCG biochars,IBU,Synthetic,0.5901579894748284,0.3364898218820947,Lasso,Lasso_2
227,SI_ref_17,Alkali-modified SCG biochars,IBU,Synthetic,0.6910697148739985,0.3364898218820947,Lasso,Lasso_2
229,SI_ref_16,C-Biochar,ATE,Synthetic,0.8511111111111113,0.39759894333294954,Lasso,Lasso_2
230,SI_ref_16,C-Biochar,ATE,Synthetic,0.7400000000000001,0.3978658959576209,Lasso,Lasso_2
231,SI_ref_16,C-Biochar,ATE,Synthetic,0.7400000000000001,0.39813284858229225,Lasso,Lasso_2
232,SI_ref_16,C-Biochar,ATE,Synthetic,0.7453872053872055,0.39813284858229225,Lasso,Lasso_2
233,SI_ref_16,C-Biochar,ATE,Synthetic,0.8733333333333334,0.39813284858229225,Lasso,Lasso_2
234,SI_ref_16,C-Biochar,ATE,Synthetic,0.8288888888888891,0.39813284858229225,Lasso,Lasso_2
235,SI_ref_16,C-Biochar,ATE,Synthetic,0.8511111111111113,0.39813284858229225,Lasso,Lasso_2
236,SI_ref_16,C-Biochar,ATE,Synthetic,0.7844444444444446,0.39813284858229225,Lasso,Lasso_2
237,SI_ref_16,C-Biochar,ATE,Synthetic,0.8733333333333334,0.39813284858229225,Lasso,Lasso_2
238,SI_ref_16,C-Biochar,ATE,Synthetic,0.6733333333333335,0.39813284858229225,Lasso,Lasso_2
239,SI_ref_16,C-Biochar,ATE,Synthetic,0.6511111111111112,0.39813284858229225,Lasso,Lasso_2
240,SI_ref_16,C-Biochar,ATE,Synthetic,0.6288888888888889,0.3983998012069636,Lasso,Lasso_2
241,SI_ref_16,C-Biochar,ATE,Synthetic,0.7774074074074075,0.39813284858229225,Lasso,Lasso_2
242,SI_ref_16,C-Biochar,ATE,Synthetic,0.7824691358024691,0.39813284858229225,Lasso,Lasso_2
243,SI_ref_16,C-Biochar,ATE,Synthetic,0.8257777777777777,0.39813284858229225,Lasso,Lasso_2
244,SI_ref_16,C-Biochar,ATE,Synthetic,0.8438888888888889,0.39813284858229225,Lasso,Lasso_2
245,SI_ref_16,C-Biochar,ATE,Synthetic,0.8562222222222223,0.39813284858229225,Lasso,Lasso_2
263,SI_ref_16,C-Biochar,IBU,Synthetic,0.5333333333333333,0.39759894333294954,Lasso,Lasso_2
264,SI_ref_16,C-Biochar,IBU,Synthetic,0.7333333333333333,0.3978658959576209,Lasso,Lasso_2
265,SI_ref_16,C-Biochar,IBU,Synthetic,0.6000000000000001,0.39813284858229225,Lasso,Lasso_2
266,SI_ref_16,C-Biochar,IBU,Synthetic,0.6121212121212122,0.39813284858229225,Lasso,Lasso_2
267,SI_ref_16,C-Biochar,IBU,Synthetic,0.7333333333333333,0.39813284858229225,Lasso,Lasso_2
268,SI_ref_16,C-Biochar,IBU,Synthetic,0.5333333333333333,0.39813284858229225,Lasso,Lasso_2
269,SI_ref_16,C-Biochar,IBU,Synthetic,0.4666666666666666,0.39813284858229225,Lasso,Lasso_2
270,SI_ref_16,C-Biochar,IBU,Synthetic,0.5555555555555556,0.39813284858229225,Lasso,Lasso_2
271,SI_ref_16,C-Biochar,IBU,Synthetic,0.6000000000000001,0.39813284858229225,Lasso,Lasso_2
272,SI_ref_16,C-Biochar,IBU,Synthetic,0.6000000000000001,0.39813284858229225,Lasso,Lasso_2
273,SI_ref_16,C-Biochar,IBU,Synthetic,0.6000000000000001,0.39813284858229225,Lasso,Lasso_2
274,SI_ref_16,C-Biochar,IBU,Synthetic,1.0666666666666667,0.3983998012069636,Lasso,Lasso_2
275,SI_ref_16,C-Biochar,IBU,Synthetic,0.5277777777777777,0.39813284858229225,Lasso,Lasso_2
276,SI_ref_16,C-Biochar,IBU,Synthetic,0.7,0.39813284858229225,Lasso,Lasso_2
277,SI_ref_16,C-Biochar,IBU,Synthetic,0.7844444444444444,0.39813284858229225,Lasso,Lasso_2
278,SI_ref_16,C-Biochar,IBU,Synthetic,0.8430555555555557,0.39813284858229225,Lasso,Lasso_2
279,SI_ref_16,C-Biochar,IBU,Synthetic,0.861111111111111,0.39813284858229225,Lasso,Lasso_2
354,SI_ref_14,GCRB,DIU,Synthetic,0.983291565929579,1.0334602346261044,Lasso,Lasso_2
355,SI_ref_14,GCRB,DIU,Synthetic,0.9782739977994132,1.028854331869773,Lasso,Lasso_2
356,SI_ref_14,GCRB,DIU,Synthetic,0.9708791324637501,1.0241937885045382,Lasso,Lasso_2
357,SI_ref_14,GCRB,DIU,Synthetic,0.964507517643233,1.0195054165655897,Lasso,Lasso_2
358,SI_ref_14,GCRB,DIU,Synthetic,0.960647920928618,1.0148030004037751,Lasso,Lasso_2
359,SI_ref_14,GCRB,DIU,Synthetic,0.9584857336381704,1.0120487138004832,Lasso,Lasso_2
360,SI_ref_14,GCRB,DIU,Synthetic,0.9536869714697045,1.0100935292789617,Lasso,Lasso_2
361,SI_ref_14,GCRB,DIU,Synthetic,0.9291396445453227,1.0068029808788475,Lasso,Lasso_2
362,SI_ref_14,GCRB,DIU,Synthetic,0.9775416982957918,1.0073368861281904,Lasso,Lasso_2
363,SI_ref_14,GCRB,DIU,Synthetic,0.9527369648004039,1.0073368861281904,Lasso,Lasso_2
364,SI_ref_14,GCRB,DIU,Synthetic,0.9478201604463821,1.0073368861281904,Lasso,Lasso_2
365,SI_ref_14,GCRB,DIU,Synthetic,0.9265327424413893,1.0073368861281904,Lasso,Lasso_2
366,SI_ref_14,GCRB,DIU,Synthetic,0.9253239651903417,1.0073368861281904,Lasso,Lasso_2
367,SI_ref_14,GCRB,DIU,Synthetic,0.9238760352548926,1.0073368861281904,Lasso,Lasso_2
368,SI_ref_14,GCRB,DIU,Synthetic,0.9417552695951205,1.0073368861281904,Lasso,Lasso_2
369,SI_ref_14,GCRB,DIU,Synthetic,0.9147016410628197,1.0073368861281904,Lasso,Lasso_2
370,SI_ref_14,GCRB,DIU,Synthetic,0.9192051981667979,1.0078707913775329,Lasso,Lasso_2
371,SI_ref_14,GCRB,DIU,Synthetic,0.9535021691371877,1.0073368861281904,Lasso,Lasso_2
372,SI_ref_14,GCRB,DIU,Synthetic,0.9661748102299111,1.0073368861281904,Lasso,Lasso_2
373,SI_ref_14,GCRB,DIU,Synthetic,1.0173780045422414,1.0073368861281904,Lasso,Lasso_2
374,SI_ref_14,GCRB,DIU,Synthetic,1.0082496176169822,1.0073368861281904,Lasso,Lasso_2
375,SI_ref_14,GCRB,DIU,Synthetic,0.9496862840784065,1.0073368861281904,Lasso,Lasso_2
439,SI_ref_14,GCRB-N,DIU,Synthetic,0.6654043880576614,0.5804512168927801,Lasso,Lasso_2
440,SI_ref_14,GCRB-N,DIU,Synthetic,0.5844535743219663,0.5758453141364487,Lasso,Lasso_2
441,SI_ref_14,GCRB-N,DIU,Synthetic,0.5079200907404222,0.571184770771214,Lasso,Lasso_2
442,SI_ref_14,GCRB-N,DIU,Synthetic,0.37854626102465844,0.5664963988322655,Lasso,Lasso_2
443,SI_ref_14,GCRB-N,DIU,Synthetic,0.26690125827656935,0.5617939826704508,Lasso,Lasso_2
444,SI_ref_14,GCRB-N,DIU,Synthetic,0.2332409918272794,0.559039696067159,Lasso,Lasso_2
445,SI_ref_14,GCRB-N,DIU,Synthetic,0.1951305004086504,0.5570845115456374,Lasso,Lasso_2
446,SI_ref_14,GCRB-N,DIU,Synthetic,0.2075726875081201,0.5537939631455233,Lasso,Lasso_2
447,SI_ref_14,GCRB-N,DIU,Synthetic,0.26826652394124667,0.554327868394866,Lasso,Lasso_2
448,SI_ref_14,GCRB-N,DIU,Synthetic,0.1819381767074788,0.554327868394866,Lasso,Lasso_2
449,SI_ref_14,GCRB-N,DIU,Synthetic,0.15093015054787579,0.554327868394866,Lasso,Lasso_2
450,SI_ref_14,GCRB-N,DIU,Synthetic,0.1736169508150928,0.554327868394866,Lasso,Lasso_2
451,SI_ref_14,GCRB-N,DIU,Synthetic,0.16382165003373128,0.5548617736442086,Lasso,Lasso_2
452,SI_ref_14,GCRB-N,DIU,Synthetic,0.1932052297084895,0.554327868394866,Lasso,Lasso_2
453,SI_ref_14,GCRB-N,DIU,Synthetic,0.1683505359330984,0.5543231479364051,Lasso,Lasso_2
454,SI_ref_14,GCRB-N,DIU,Synthetic,0.1647692025710552,0.5543184307503595,Lasso,Lasso_2
455,SI_ref_14,GCRB-N,DIU,Synthetic,0.3384549122360595,0.5543184307503595,Lasso,Lasso_2
456,SI_ref_14,GCRB-N,DIU,Synthetic,0.1402528461142079,0.554313716832195,Lasso,Lasso_2
457,SI_ref_14,GCRB-N,DIU,Synthetic,0.5187315058108145,0.554313716832195,Lasso,Lasso_2
458,SI_ref_14,GCRB-N,DIU,Synthetic,0.12629127082807837,0.554309006177387,Lasso,Lasso_2
459,SI_ref_14,GCRB-N,DIU,Synthetic,0.6455190877003087,0.554309006177387,Lasso,Lasso_2
460,SI_ref_14,GCRB-N,DIU,Synthetic,0.12138562309836234,0.5543042987814204,Lasso,Lasso_2
461,SI_ref_14,GCRB-N,DIU,Synthetic,0.6666027581171994,0.5543042987814204,Lasso,Lasso_2
462,SI_ref_14,GCRB-N,DIU,Synthetic,0.16773925939532233,0.5542995946397893,Lasso,Lasso_2
463,SI_ref_14,GCRB-N,DIU,Synthetic,0.15967117649899737,0.5542948937479972,Lasso,Lasso_2
464,SI_ref_14,GCRB-N,DIU,Synthetic,0.27418422723714847,0.5542948937479972,Lasso,Lasso_2
465,SI_ref_14,GCRB-N,DIU,Synthetic,0.1405827183894587,0.554290196101557,Lasso,Lasso_2
466,SI_ref_14,GCRB-N,DIU,Synthetic,0.5605758859577746,0.554290196101557,Lasso,Lasso_2
467,SI_ref_14,GCRB-N,DIU,Synthetic,0.13173953864692908,0.5542855016959909,Lasso,Lasso_2
468,SI_ref_14,GCRB-N,DIU,Synthetic,0.6564705601884918,0.5542855016959909,Lasso,Lasso_2
469,SI_ref_14,GCRB-N,DIU,Synthetic,0.12617131727344172,0.55428081052683,Lasso,Lasso_2
470,SI_ref_14,GCRB-N,DIU,Synthetic,0.6552893507455957,0.55428081052683,Lasso,Lasso_2
471,SI_ref_14,GCRB-N,DIU,Synthetic,0.1676281074261493,0.554276122589615,Lasso,Lasso_2
472,SI_ref_14,GCRB-N,DIU,Synthetic,0.1622201895350263,0.5542714378798959,Lasso,Lasso_2
473,SI_ref_14,GCRB-N,DIU,Synthetic,0.31928006415696586,0.5542714378798959,Lasso,Lasso_2
474,SI_ref_14,GCRB-N,DIU,Synthetic,0.14041778225183332,0.5542667563932314,Lasso,Lasso_2
475,SI_ref_14,GCRB-N,DIU,Synthetic,0.5410485473017326,0.5542667563932314,Lasso,Lasso_2
476,SI_ref_14,GCRB-N,DIU,Synthetic,0.12901540473750372,0.5542620781251899,Lasso,Lasso_2
477,SI_ref_14,GCRB-N,DIU,Synthetic,0.6413243626564091,0.5542620781251899,Lasso,Lasso_2
478,SI_ref_14,GCRB-N,DIU,Synthetic,0.12377847018590202,0.5542574030713486,Lasso,Lasso_2
479,SI_ref_14,GCRB-N,DIU,Synthetic,0.665837914589971,0.5542574030713486,Lasso,Lasso_2
699,SI_ref_18,NaOH-activated SCW biochars,IBU,Secondary effluent,0.8098199350756726,0.4252441070821081,Lasso,Lasso_2
701,SI_ref_18,NaOH-activated SCW biochars,IBU,Secondary effluent,0.7485969905050348,0.42063820432577664,Lasso,Lasso_2
703,SI_ref_18,NaOH-activated SCW biochars,IBU,Secondary effluent,0.6850179499229786,0.41597766096054195,Lasso,Lasso_2
705,SI_ref_18,NaOH-activated SCW biochars,IBU,Secondary effluent,0.6861011679416551,0.41128928902159345,Lasso,Lasso_2
707,SI_ref_18,NaOH-activated SCW biochars,IBU,Secondary effluent,0.6799185617433835,0.40658687285977874,Lasso,Lasso_2
709,SI_ref_18,NaOH-activated SCW biochars,IBU,Secondary effluent,0.6765813990931481,0.40383258625648694,Lasso,Lasso_2
711,SI_ref_18,NaOH-activated SCW biochars,IBU,Secondary effluent,0.6777803451607008,0.40187740173496533,Lasso,Lasso_2
713,SI_ref_18,NaOH-activated SCW biochars,IBU,Secondary effluent,0.19946424836974086,0.3991207585841939,Lasso,Lasso_2
715,SI_ref_18,NaOH-activated SCW biochars,IBU,Secondary effluent,0.45728603839109744,0.3991207585841939,Lasso,Lasso_2
717,SI_ref_18,NaOH-activated SCW biochars,IBU,Secondary effluent,0.5431517029603264,0.3988538059595226,Lasso,Lasso_2
719,SI_ref_18,NaOH-activated SCW biochars,IBU,Secondary effluent,0.6932620426015607,0.3991207585841939,Lasso,Lasso_2
721,SI_ref_18,NaOH-activated SCW biochars,IBU,Secondary effluent,0.675113405421536,0.3991207585841939,Lasso,Lasso_2
725,SI_ref_18,NaOH-activated SCW biochars,IBU,Secondary effluent,0.6458796718925713,0.3991207585841939,Lasso,Lasso_2
729,SI_ref_18,NaOH-activated SCW biochars,IBU,Secondary effluent,0.6230174196820357,0.3991207585841939,Lasso,Lasso_2
733,SI_ref_18,NaOH-activated SCW biochars,IBU,Secondary effluent,0.6232264558664639,0.3991207585841939,Lasso,Lasso_2
737,SI_ref_18,NaOH-activated SCW biochars,IBU,Secondary effluent,0.6321330290401536,0.3991207585841939,Lasso,Lasso_2
741,SI_ref_18,NaOH-activated SCW biochars,IBU,Secondary effluent,0.6274964829882473,0.3991207585841939,Lasso,Lasso_2
746,SI_ref_18,NaOH-activated SCW biochars,IBU,Secondary effluent,0.6482993087024828,0.3991207585841939,Lasso,Lasso_2
748,SI_ref_18,NaOH-activated SCW biochars,IBU,Secondary effluent,0.7478636767346728,0.39938771120886524,Lasso,Lasso_2
750,SI_ref_18,NaOH-activated SCW biochars,IBU,Secondary effluent,0.811827151849907,0.39965466383353654,Lasso,Lasso_2
752,SI_ref_18,NaOH-activated SCW biochars,IBU,Secondary effluent,0.7252319435730717,0.3991207585841939,Lasso,Lasso_2
754,SI_ref_18,NaOH-activated SCW biochars,IBU,Secondary effluent,0.7786423949758233,0.3991207585841939,Lasso,Lasso_2
758,SI_ref_18,NaOH-activated SCW biochars,NPX,Secondary effluent,0.5521972966156422,0.4252441070821081,Lasso,Lasso_2
760,SI_ref_18,NaOH-activated SCW biochars,NPX,Secondary effluent,0.4814245289032641,0.42063820432577664,Lasso,Lasso_2
762,SI_ref_18,NaOH-activated SCW biochars,NPX,Secondary effluent,0.34455951981715066,0.41597766096054195,Lasso,Lasso_2
764,SI_ref_18,NaOH-activated SCW biochars,NPX,Secondary effluent,0.2493517679350271,0.41128928902159345,Lasso,Lasso_2
766,SI_ref_18,NaOH-activated SCW biochars,NPX,Secondary effluent,0.16764900163614713,0.40658687285977874,Lasso,Lasso_2
768,SI_ref_18,NaOH-activated SCW biochars,NPX,Secondary effluent,0.12846350911521487,0.40383258625648694,Lasso,Lasso_2
770,SI_ref_18,NaOH-activated SCW biochars,NPX,Secondary effluent,0.12873702561203082,0.40187740173496533,Lasso,Lasso_2
772,SI_ref_18,NaOH-activated SCW biochars,NPX,Secondary effluent,0.026110640989477824,0.3991207585841939,Lasso,Lasso_2
774,SI_ref_18,NaOH-activated SCW biochars,NPX,Secondary effluent,0.054870517105304405,0.3991207585841939,Lasso,Lasso_2
776,SI_ref_18,NaOH-activated SCW biochars,NPX,Secondary effluent,0.048092629555703405,0.3988538059595226,Lasso,Lasso_2
778,SI_ref_18,NaOH-activated SCW biochars,NPX,Secondary effluent,0.16521082834331338,0.3991207585841939,Lasso,Lasso_2
780,SI_ref_18,NaOH-activated SCW biochars,NPX,Secondary effluent,0.11864589305153721,0.3991207585841939,Lasso,Lasso_2
782,SI_ref_18,NaOH-activated SCW biochars,NPX,Secondary effluent,0.10983576367726838,0.3991207585841939,Lasso,Lasso_2
784,SI_ref_18,NaOH-activated SCW biochars,NPX,Secondary effluent,0.10668866579384965,0.3991207585841939,Lasso,Lasso_2
786,SI_ref_18,NaOH-activated SCW biochars,NPX,Secondary effluent,0.08538292965546301,0.3991207585841939,Lasso,Lasso_2
788,SI_ref_18,NaOH-activated SCW biochars,NPX,Secondary effluent,0.09141898602740345,0.3991207585841939,Lasso,Lasso_2
790,SI_ref_18,NaOH-activated SCW biochars,NPX,Secondary effluent,0.11725913824368146,0.3991207585841939,Lasso,Lasso_2
792,SI_ref_18,NaOH-activated SCW biochars,NPX,Secondary effluent,0.10630651659643675,0.3991207585841939,Lasso,Lasso_2
794,SI_ref_18,NaOH-activated SCW biochars,NPX,Secondary effluent,0.2275589654025283,0.39938771120886524,Lasso,Lasso_2
796,SI_ref_18,NaOH-activated SCW biochars,NPX,Secondary effluent,0.27043202483921047,0.39965466383353654,Lasso,Lasso_2
798,SI_ref_18,NaOH-activated SCW biochars,NPX,Secondary effluent,0.15082313311850198,0.3991207585841939,Lasso,Lasso_2
800,SI_ref_18,NaOH-activated SCW biochars,NPX,Secondary effluent,0.24701864815812044,0.3991207585841939,Lasso,Lasso_2
1156,SI_ref_17,Pristine SCG biochar,IBU,Synthetic,0.9684057270887299,0.8997683207374394,Lasso,Lasso_2
1158,SI_ref_17,Pristine SCG biochar,IBU,Synthetic,0.964180236157731,0.895162417981108,Lasso,Lasso_2
1160,SI_ref_17,Pristine SCG biochar,IBU,Synthetic,0.9598191197252507,0.887761641984918,Lasso,Lasso_2
1162,SI_ref_17,Pristine SCG biochar,IBU,Synthetic,0.9580437721935793,0.8830639169383618,Lasso,Lasso_2
1164,SI_ref_17,Pristine SCG biochar,IBU,Synthetic,0.9425460946241216,0.8803111990992158,Lasso,Lasso_2
1166,SI_ref_17,Pristine SCG biochar,IBU,Synthetic,0.9402369906408686,0.8783567999118183,Lasso,Lasso_2
1168,SI_ref_17,Pristine SCG biochar,IBU,Synthetic,0.9366107784098637,0.8764016153902966,Lasso,Lasso_2
1170,SI_ref_17,Pristine SCG biochar,IBU,Synthetic,0.7820004901373623,0.8731110669901825,Lasso,Lasso_2
1172,SI_ref_17,Pristine SCG biochar,IBU,Synthetic,0.9276141025756294,0.8736449722395252,Lasso,Lasso_2
1174,SI_ref_17,Pristine SCG biochar,IBU,Synthetic,0.918292455911169,0.8736449722395252,Lasso,Lasso_2
1176,SI_ref_17,Pristine SCG biochar,IBU,Synthetic,0.9133007565861092,0.8736449722395252,Lasso,Lasso_2
1178,SI_ref_17,Pristine SCG biochar,IBU,Synthetic,0.9182483670803396,0.8736449722395252,Lasso,Lasso_2
1180,SI_ref_17,Pristine SCG biochar,IBU,Synthetic,0.9167234922708469,0.8736449722395252,Lasso,Lasso_2
1182,SI_ref_17,Pristine SCG biochar,IBU,Synthetic,0.9122551436969301,0.8736449722395252,Lasso,Lasso_2
1184,SI_ref_17,Pristine SCG biochar,IBU,Synthetic,0.9484982246288517,0.8741788774888679,Lasso,Lasso_2
1186,SI_ref_17,Pristine SCG biochar,IBU,Synthetic,0.893754721851682,0.8736449722395252,Lasso,Lasso_2
1188,SI_ref_17,Pristine SCG biochar,IBU,Synthetic,0.8900227639990935,0.8736449722395252,Lasso,Lasso_2
1190,SI_ref_17,Pristine SCG biochar,IBU,Synthetic,0.924357415959487,0.8736449722395252,Lasso,Lasso_2
1192,SI_ref_17,Pristine SCG biochar,IBU,Synthetic,0.9226237248225028,0.8736449722395252,Lasso,Lasso_2
1194,SI_ref_17,Pristine SCG biochar,IBU,Synthetic,0.8857728699803085,0.8736449722395252,Lasso,Lasso_2
1254,SI_ref_18,Pristine SCW Biochar,IBU,Secondary effluent,0.9156726978407875,0.9772663936109565,Lasso,Lasso_2
1256,SI_ref_18,Pristine SCW Biochar,IBU,Secondary effluent,0.9079673942368781,0.972660490854625,Lasso,Lasso_2
1258,SI_ref_18,Pristine SCW Biochar,IBU,Secondary effluent,0.9043236251446873,0.9679999474893903,Lasso,Lasso_2
1260,SI_ref_18,Pristine SCW Biochar,IBU,Secondary effluent,0.9020547983951682,0.963311575550442,Lasso,Lasso_2
1262,SI_ref_18,Pristine SCW Biochar,IBU,Secondary effluent,0.9004882379050155,0.9586091593886272,Lasso,Lasso_2
1264,SI_ref_18,Pristine SCW Biochar,IBU,Secondary effluent,0.897458530238549,0.9558548727853354,Lasso,Lasso_2
1266,SI_ref_18,Pristine SCW Biochar,IBU,Secondary effluent,0.8973424975849196,0.9538996882638138,Lasso,Lasso_2
1267,SI_ref_18,Pristine SCW Biochar,IBU,Secondary effluent,0.8360939688333745,0.9511430451130424,Lasso,Lasso_2
1268,SI_ref_18,Pristine SCW Biochar,IBU,Secondary effluent,0.8984823855966844,0.9511430451130424,Lasso,Lasso_2
1270,SI_ref_18,Pristine SCW Biochar,IBU,Secondary effluent,0.8874692330465712,0.950876092488371,Lasso,Lasso_2
1272,SI_ref_18,Pristine SCW Biochar,IBU,Secondary effluent,0.9012569556545285,0.9511430451130424,Lasso,Lasso_2
1274,SI_ref_18,Pristine SCW Biochar,IBU,Secondary effluent,0.8992057856547054,0.9511430451130424,Lasso,Lasso_2
1278,SI_ref_18,Pristine SCW Biochar,IBU,Secondary effluent,0.9165018852947014,0.9511430451130424,Lasso,Lasso_2
1282,SI_ref_18,Pristine SCW Biochar,IBU,Secondary effluent,0.9202396860047187,0.9511430451130424,Lasso,Lasso_2
1286,SI_ref_18,Pristine SCW Biochar,IBU,Secondary effluent,0.9152513064761528,0.9511430451130424,Lasso,Lasso_2
1290,SI_ref_18,Pristine SCW Biochar,IBU,Secondary effluent,0.9145713435205399,0.9511430451130424,Lasso,Lasso_2
1294,SI_ref_18,Pristine SCW Biochar,IBU,Secondary effluent,0.9194281493241605,0.9511430451130424,Lasso,Lasso_2
1299,SI_ref_18,Pristine SCW Biochar,IBU,Secondary effluent,0.891903218347585,0.9511430451130424,Lasso,Lasso_2
1301,SI_ref_18,Pristine SCW Biochar,IBU,Secondary effluent,0.9069133641489088,0.9514099977377137,Lasso,Lasso_2
1303,SI_ref_18,Pristine SCW Biochar,IBU,Secondary effluent,0.9145392250293353,0.951676950362385,Lasso,Lasso_2
1304,SI_ref_18,Pristine SCW Biochar,IBU,Secondary effluent,0.911352956646831,0.9511430451130424,Lasso,Lasso_2
1305,SI_ref_18,Pristine SCW Biochar,IBU,Secondary effluent,0.8992133437264335,0.9511430451130424,Lasso,Lasso_2
1309,SI_ref_18,Pristine SCW Biochar,NPX,Secondary effluent,0.9276600601799115,0.9772663936109565,Lasso,Lasso_2
1311,SI_ref_18,Pristine SCW Biochar,NPX,Secondary effluent,0.9217275625657669,0.972660490854625,Lasso,Lasso_2
1313,SI_ref_18,Pristine SCW Biochar,NPX,Secondary effluent,0.9151672500810683,0.9679999474893903,Lasso,Lasso_2
1315,SI_ref_18,Pristine SCW Biochar,NPX,Secondary effluent,0.914870212237198,0.963311575550442,Lasso,Lasso_2
1317,SI_ref_18,Pristine SCW Biochar,NPX,Secondary effluent,0.9125118045566373,0.9586091593886272,Lasso,Lasso_2
1319,SI_ref_18,Pristine SCW Biochar,NPX,Secondary effluent,0.9122370962869346,0.9558548727853354,Lasso,Lasso_2
1321,SI_ref_18,Pristine SCW Biochar,NPX,Secondary effluent,0.9100475600528815,0.9538996882638138,Lasso,Lasso_2
1322,SI_ref_18,Pristine SCW Biochar,NPX,Secondary effluent,0.8724917016408669,0.9511430451130424,Lasso,Lasso_2
1323,SI_ref_18,Pristine SCW Biochar,NPX,Secondary effluent,0.9222871559920565,0.9511430451130424,Lasso,Lasso_2
1325,SI_ref_18,Pristine SCW Biochar,NPX,Secondary effluent,0.8954095327862793,0.950876092488371,Lasso,Lasso_2
1327,SI_ref_18,Pristine SCW Biochar,NPX,Secondary effluent,0.9153416500332668,0.9511430451130424,Lasso,Lasso_2
1329,SI_ref_18,Pristine SCW Biochar,NPX,Secondary effluent,0.910898633301941,0.9511430451130424,Lasso,Lasso_2
1331,SI_ref_18,Pristine SCW Biochar,NPX,Secondary effluent,0.9081761980542199,0.9511430451130424,Lasso,Lasso_2
1333,SI_ref_18,Pristine SCW Biochar,NPX,Secondary effluent,0.9126518494691617,0.9511430451130424,Lasso,Lasso_2
1335,SI_ref_18,Pristine SCW Biochar,NPX,Secondary effluent,0.9091665914238204,0.9511430451130424,Lasso,Lasso_2
1337,SI_ref_18,Pristine SCW Biochar,NPX,Secondary effluent,0.9109852392346297,0.9511430451130424,Lasso,Lasso_2
1339,SI_ref_18,Pristine SCW Biochar,NPX,Secondary effluent,0.9170303341534803,0.9511430451130424,Lasso,Lasso_2
1341,SI_ref_18,Pristine SCW Biochar,NPX,Secondary effluent,0.9109021678864493,0.9511430451130424,Lasso,Lasso_2
1343,SI_ref_18,Pristine SCW Biochar,NPX,Secondary effluent,0.9138805167442893,0.9514099977377137,Lasso,Lasso_2
1345,SI_ref_18,Pristine SCW Biochar,NPX,Secondary effluent,0.9200278517039994,0.951676950362385,Lasso,Lasso_2
1346,SI_ref_18,Pristine SCW Biochar,NPX,Secondary effluent,0.9136165317560039,0.9511430451130424,Lasso,Lasso_2
1347,SI_ref_18,Pristine SCW Biochar,NPX,Secondary effluent,0.9038576927569927,0.9511430451130424,Lasso,Lasso_2
189,SI_ref_17,Alkali-modified SCG biochars,IBU,Synthetic,0.6581206763788531,0.3319533735521748,LightGBM,LightGBM_1
191,SI_ref_17,Alkali-modified SCG biochars,IBU,Synthetic,0.6239833523895453,0.3054243543168536,LightGBM,LightGBM_1
193,SI_ref_17,Alkali-modified SCG biochars,IBU,Synthetic,0.5119378819344518,0.19180051684113167,LightGBM,LightGBM_1
195,SI_ref_17,Alkali-modified SCG biochars,IBU,Synthetic,0.4585781550994164,0.18206584062122863,LightGBM,LightGBM_1
197,SI_ref_17,Alkali-modified SCG biochars,IBU,Synthetic,0.44243948810088646,0.17086413854253343,LightGBM,LightGBM_1
199,SI_ref_17,Alkali-modified SCG biochars,IBU,Synthetic,0.4544355679658596,0.17665180460740307,LightGBM,LightGBM_1
201,SI_ref_17,Alkali-modified SCG biochars,IBU,Synthetic,0.39592651561701936,0.18157002267042252,LightGBM,LightGBM_1
203,SI_ref_17,Alkali-modified SCG biochars,IBU,Synthetic,0.10913541523053398,0.23583171784746584,LightGBM,LightGBM_1
205,SI_ref_17,Alkali-modified SCG biochars,IBU,Synthetic,0.3052806700714839,0.317018933220778,LightGBM,LightGBM_1
207,SI_ref_17,Alkali-modified SCG biochars,IBU,Synthetic,0.4311083753711556,0.317018933220778,LightGBM,LightGBM_1
209,SI_ref_17,Alkali-modified SCG biochars,IBU,Synthetic,0.3789894895081609,0.317018933220778,LightGBM,LightGBM_1
211,SI_ref_17,Alkali-modified SCG biochars,IBU,Synthetic,0.3304133868875155,0.317018933220778,LightGBM,LightGBM_1
213,SI_ref_17,Alkali-modified SCG biochars,IBU,Synthetic,0.33928547446435453,0.317018933220778,LightGBM,LightGBM_1
215,SI_ref_17,Alkali-modified SCG biochars,IBU,Synthetic,0.3234505141947598,0.317018933220778,LightGBM,LightGBM_1
217,SI_ref_17,Alkali-modified SCG biochars,IBU,Synthetic,0.6889998443034063,0.32423101459990405,LightGBM,LightGBM_1
219,SI_ref_17,Alkali-modified SCG biochars,IBU,Synthetic,0.1184746430703935,0.317018933220778,LightGBM,LightGBM_1
221,SI_ref_17,Alkali-modified SCG biochars,IBU,Synthetic,0.35446182653715885,0.317018933220778,LightGBM,LightGBM_1
223,SI_ref_17,Alkali-modified SCG biochars,IBU,Synthetic,0.5365490577861332,0.317018933220778,LightGBM,LightGBM_1
225,SI_ref_17,Alkali-modified SCG biochars,IBU,Synthetic,0.5901579894748284,0.317018933220778,LightGBM,LightGBM_1
227,SI_ref_17,Alkali-modified SCG biochars,IBU,Synthetic,0.6910697148739985,0.317018933220778,LightGBM,LightGBM_1
229,SI_ref_16,C-Biochar,ATE,Synthetic,0.8511111111111113,0.518830101742383,LightGBM,LightGBM_1
230,SI_ref_16,C-Biochar,ATE,Synthetic,0.7400000000000001,0.518830101742383,LightGBM,LightGBM_1
231,SI_ref_16,C-Biochar,ATE,Synthetic,0.7400000000000001,0.6085652894366691,LightGBM,LightGBM_1
232,SI_ref_16,C-Biochar,ATE,Synthetic,0.7453872053872055,0.6172992685136595,LightGBM,LightGBM_1
233,SI_ref_16,C-Biochar,ATE,Synthetic,0.8733333333333334,0.6172992685136595,LightGBM,LightGBM_1
234,SI_ref_16,C-Biochar,ATE,Synthetic,0.8288888888888891,0.6172992685136595,LightGBM,LightGBM_1
235,SI_ref_16,C-Biochar,ATE,Synthetic,0.8511111111111113,0.6172992685136595,LightGBM,LightGBM_1
236,SI_ref_16,C-Biochar,ATE,Synthetic,0.7844444444444446,0.6172992685136595,LightGBM,LightGBM_1
237,SI_ref_16,C-Biochar,ATE,Synthetic,0.8733333333333334,0.6172992685136595,LightGBM,LightGBM_1
238,SI_ref_16,C-Biochar,ATE,Synthetic,0.6733333333333335,0.6050289502799657,LightGBM,LightGBM_1
239,SI_ref_16,C-Biochar,ATE,Synthetic,0.6511111111111112,0.6050289502799657,LightGBM,LightGBM_1
240,SI_ref_16,C-Biochar,ATE,Synthetic,0.6288888888888889,0.614019476210382,LightGBM,LightGBM_1
241,SI_ref_16,C-Biochar,ATE,Synthetic,0.7774074074074075,0.6172992685136595,LightGBM,LightGBM_1
242,SI_ref_16,C-Biochar,ATE,Synthetic,0.7824691358024691,0.6172992685136595,LightGBM,LightGBM_1
243,SI_ref_16,C-Biochar,ATE,Synthetic,0.8257777777777777,0.6172992685136595,LightGBM,LightGBM_1
244,SI_ref_16,C-Biochar,ATE,Synthetic,0.8438888888888889,0.6172992685136595,LightGBM,LightGBM_1
245,SI_ref_16,C-Biochar,ATE,Synthetic,0.8562222222222223,0.6172992685136595,LightGBM,LightGBM_1
263,SI_ref_16,C-Biochar,IBU,Synthetic,0.5333333333333333,0.5469596265273061,LightGBM,LightGBM_1
264,SI_ref_16,C-Biochar,IBU,Synthetic,0.7333333333333333,0.5469596265273061,LightGBM,LightGBM_1
265,SI_ref_16,C-Biochar,IBU,Synthetic,0.6000000000000001,0.6353385054690405,LightGBM,LightGBM_1
266,SI_ref_16,C-Biochar,IBU,Synthetic,0.6121212121212122,0.6440724845460308,LightGBM,LightGBM_1
267,SI_ref_16,C-Biochar,IBU,Synthetic,0.7333333333333333,0.6440724845460308,LightGBM,LightGBM_1
268,SI_ref_16,C-Biochar,IBU,Synthetic,0.5333333333333333,0.6440724845460308,LightGBM,LightGBM_1
269,SI_ref_16,C-Biochar,IBU,Synthetic,0.4666666666666666,0.6440724845460308,LightGBM,LightGBM_1
270,SI_ref_16,C-Biochar,IBU,Synthetic,0.5555555555555556,0.6440724845460308,LightGBM,LightGBM_1
271,SI_ref_16,C-Biochar,IBU,Synthetic,0.6000000000000001,0.6440724845460308,LightGBM,LightGBM_1
272,SI_ref_16,C-Biochar,IBU,Synthetic,0.6000000000000001,0.6218056764206163,LightGBM,LightGBM_1
273,SI_ref_16,C-Biochar,IBU,Synthetic,0.6000000000000001,0.6218056764206163,LightGBM,LightGBM_1
274,SI_ref_16,C-Biochar,IBU,Synthetic,1.0666666666666667,0.6407926922427534,LightGBM,LightGBM_1
275,SI_ref_16,C-Biochar,IBU,Synthetic,0.5277777777777777,0.6440724845460308,LightGBM,LightGBM_1
276,SI_ref_16,C-Biochar,IBU,Synthetic,0.7,0.6440724845460308,LightGBM,LightGBM_1
277,SI_ref_16,C-Biochar,IBU,Synthetic,0.7844444444444444,0.6440724845460308,LightGBM,LightGBM_1
278,SI_ref_16,C-Biochar,IBU,Synthetic,0.8430555555555557,0.6440724845460308,LightGBM,LightGBM_1
279,SI_ref_16,C-Biochar,IBU,Synthetic,0.861111111111111,0.6440724845460308,LightGBM,LightGBM_1
354,SI_ref_14,GCRB,DIU,Synthetic,0.983291565929579,0.9899036024619293,LightGBM,LightGBM_1
355,SI_ref_14,GCRB,DIU,Synthetic,0.9782739977994132,0.9651699403260146,LightGBM,LightGBM_1
356,SI_ref_14,GCRB,DIU,Synthetic,0.9708791324637501,0.9636213283497888,LightGBM,LightGBM_1
357,SI_ref_14,GCRB,DIU,Synthetic,0.964507517643233,0.951455971613572,LightGBM,LightGBM_1
358,SI_ref_14,GCRB,DIU,Synthetic,0.960647920928618,0.9457252552601934,LightGBM,LightGBM_1
359,SI_ref_14,GCRB,DIU,Synthetic,0.9584857336381704,0.9457252552601934,LightGBM,LightGBM_1
360,SI_ref_14,GCRB,DIU,Synthetic,0.9536869714697045,0.9453033025293189,LightGBM,LightGBM_1
361,SI_ref_14,GCRB,DIU,Synthetic,0.9291396445453227,0.8786775283105079,LightGBM,LightGBM_1
362,SI_ref_14,GCRB,DIU,Synthetic,0.9775416982957918,0.970761415618391,LightGBM,LightGBM_1
363,SI_ref_14,GCRB,DIU,Synthetic,0.9527369648004039,0.9496204201998095,LightGBM,LightGBM_1
364,SI_ref_14,GCRB,DIU,Synthetic,0.9478201604463821,0.9496204201998095,LightGBM,LightGBM_1
365,SI_ref_14,GCRB,DIU,Synthetic,0.9265327424413893,0.9496204201998095,LightGBM,LightGBM_1
366,SI_ref_14,GCRB,DIU,Synthetic,0.9253239651903417,0.9496204201998095,LightGBM,LightGBM_1
367,SI_ref_14,GCRB,DIU,Synthetic,0.9238760352548926,0.9496204201998095,LightGBM,LightGBM_1
368,SI_ref_14,GCRB,DIU,Synthetic,0.9417552695951205,0.9555963542119316,LightGBM,LightGBM_1
369,SI_ref_14,GCRB,DIU,Synthetic,0.9147016410628197,0.9555963542119316,LightGBM,LightGBM_1
370,SI_ref_14,GCRB,DIU,Synthetic,0.9192051981667979,0.9676929291001408,LightGBM,LightGBM_1
371,SI_ref_14,GCRB,DIU,Synthetic,0.9535021691371877,0.9496204201998095,LightGBM,LightGBM_1
372,SI_ref_14,GCRB,DIU,Synthetic,0.9661748102299111,0.9496204201998095,LightGBM,LightGBM_1
373,SI_ref_14,GCRB,DIU,Synthetic,1.0173780045422414,0.9496204201998095,LightGBM,LightGBM_1
374,SI_ref_14,GCRB,DIU,Synthetic,1.0082496176169822,0.9496204201998095,LightGBM,LightGBM_1
375,SI_ref_14,GCRB,DIU,Synthetic,0.9496862840784065,0.9496204201998095,LightGBM,LightGBM_1
439,SI_ref_14,GCRB-N,DIU,Synthetic,0.6654043880576614,0.785357886584261,LightGBM,LightGBM_1
440,SI_ref_14,GCRB-N,DIU,Synthetic,0.5844535743219663,0.7473302353184011,LightGBM,LightGBM_1
441,SI_ref_14,GCRB-N,DIU,Synthetic,0.5079200907404222,0.6674120840249199,LightGBM,LightGBM_1
442,SI_ref_14,GCRB-N,DIU,Synthetic,0.37854626102465844,0.5872696395990755,LightGBM,LightGBM_1
443,SI_ref_14,GCRB-N,DIU,Synthetic,0.26690125827656935,0.5641317868024939,LightGBM,LightGBM_1
444,SI_ref_14,GCRB-N,DIU,Synthetic,0.2332409918272794,0.48726221678008713,LightGBM,LightGBM_1
445,SI_ref_14,GCRB-N,DIU,Synthetic,0.1951305004086504,0.44195772069566647,LightGBM,LightGBM_1
446,SI_ref_14,GCRB-N,DIU,Synthetic,0.2075726875081201,0.3972296932278687,LightGBM,LightGBM_1
447,SI_ref_14,GCRB-N,DIU,Synthetic,0.26826652394124667,0.5159450259114784,LightGBM,LightGBM_1
448,SI_ref_14,GCRB-N,DIU,Synthetic,0.1819381767074788,0.4538043097226611,LightGBM,LightGBM_1
449,SI_ref_14,GCRB-N,DIU,Synthetic,0.15093015054787579,0.4389955618406658,LightGBM,LightGBM_1
450,SI_ref_14,GCRB-N,DIU,Synthetic,0.1736169508150928,0.4389955618406658,LightGBM,LightGBM_1
451,SI_ref_14,GCRB-N,DIU,Synthetic,0.16382165003373128,0.48567094629023333,LightGBM,LightGBM_1
452,SI_ref_14,GCRB-N,DIU,Synthetic,0.1932052297084895,0.4538043097226611,LightGBM,LightGBM_1
453,SI_ref_14,GCRB-N,DIU,Synthetic,0.1683505359330984,0.5435645121272441,LightGBM,LightGBM_1
454,SI_ref_14,GCRB-N,DIU,Synthetic,0.1647692025710552,0.5677420507114052,LightGBM,LightGBM_1
455,SI_ref_14,GCRB-N,DIU,Synthetic,0.3384549122360595,0.5677420507114052,LightGBM,LightGBM_1
456,SI_ref_14,GCRB-N,DIU,Synthetic,0.1402528461142079,0.5886894747696042,LightGBM,LightGBM_1
457,SI_ref_14,GCRB-N,DIU,Synthetic,0.5187315058108145,0.5886894747696042,LightGBM,LightGBM_1
458,SI_ref_14,GCRB-N,DIU,Synthetic,0.12629127082807837,0.6023369250434519,LightGBM,LightGBM_1
459,SI_ref_14,GCRB-N,DIU,Synthetic,0.6455190877003087,0.6023369250434519,LightGBM,LightGBM_1
460,SI_ref_14,GCRB-N,DIU,Synthetic,0.12138562309836234,0.5543374953104938,LightGBM,LightGBM_1
461,SI_ref_14,GCRB-N,DIU,Synthetic,0.6666027581171994,0.5543374953104938,LightGBM,LightGBM_1
462,SI_ref_14,GCRB-N,DIU,Synthetic,0.16773925939532233,0.5527854693743436,LightGBM,LightGBM_1
463,SI_ref_14,GCRB-N,DIU,Synthetic,0.15967117649899737,0.5635496321270133,LightGBM,LightGBM_1
464,SI_ref_14,GCRB-N,DIU,Synthetic,0.27418422723714847,0.5635496321270133,LightGBM,LightGBM_1
465,SI_ref_14,GCRB-N,DIU,Synthetic,0.1405827183894587,0.5942619486910856,LightGBM,LightGBM_1
466,SI_ref_14,GCRB-N,DIU,Synthetic,0.5605758859577746,0.5942619486910856,LightGBM,LightGBM_1
467,SI_ref_14,GCRB-N,DIU,Synthetic,0.13173953864692908,0.6021231469076735,LightGBM,LightGBM_1
468,SI_ref_14,GCRB-N,DIU,Synthetic,0.6564705601884918,0.6021231469076735,LightGBM,LightGBM_1
469,SI_ref_14,GCRB-N,DIU,Synthetic,0.12617131727344172,0.5475416604242456,LightGBM,LightGBM_1
470,SI_ref_14,GCRB-N,DIU,Synthetic,0.6552893507455957,0.5475416604242456,LightGBM,LightGBM_1
471,SI_ref_14,GCRB-N,DIU,Synthetic,0.1676281074261493,0.5442890838178879,LightGBM,LightGBM_1
472,SI_ref_14,GCRB-N,DIU,Synthetic,0.1622201895350263,0.5724022071115675,LightGBM,LightGBM_1
473,SI_ref_14,GCRB-N,DIU,Synthetic,0.31928006415696586,0.5724022071115675,LightGBM,LightGBM_1
474,SI_ref_14,GCRB-N,DIU,Synthetic,0.14041778225183332,0.5898611374008442,LightGBM,LightGBM_1
475,SI_ref_14,GCRB-N,DIU,Synthetic,0.5410485473017326,0.5898611374008442,LightGBM,LightGBM_1
476,SI_ref_14,GCRB-N,DIU,Synthetic,0.12901540473750372,0.5932515823620854,LightGBM,LightGBM_1
477,SI_ref_14,GCRB-N,DIU,Synthetic,0.6413243626564091,0.5932515823620854,LightGBM,LightGBM_1
478,SI_ref_14,GCRB-N,DIU,Synthetic,0.12377847018590202,0.5932515823620854,LightGBM,LightGBM_1
479,SI_ref_14,GCRB-N,DIU,Synthetic,0.665837914589971,0.5932515823620854,LightGBM,LightGBM_1
699,SI_ref_18,NaOH-activated SCW biochars,IBU,Secondary effluent,0.8098199350756726,0.6548519240800128,LightGBM,LightGBM_1
701,SI_ref_18,NaOH-activated SCW biochars,IBU,Secondary effluent,0.7485969905050348,0.6562839489396627,LightGBM,LightGBM_1
703,SI_ref_18,NaOH-activated SCW biochars,IBU,Secondary effluent,0.6850179499229786,0.6503972405791297,LightGBM,LightGBM_1
705,SI_ref_18,NaOH-activated SCW biochars,IBU,Secondary effluent,0.6861011679416551,0.6396222452356773,LightGBM,LightGBM_1
707,SI_ref_18,NaOH-activated SCW biochars,IBU,Secondary effluent,0.6799185617433835,0.6278920146737204,LightGBM,LightGBM_1
709,SI_ref_18,NaOH-activated SCW biochars,IBU,Secondary effluent,0.6765813990931481,0.6343727833299279,LightGBM,LightGBM_1
711,SI_ref_18,NaOH-activated SCW biochars,IBU,Secondary effluent,0.6777803451607008,0.6257053023218749,LightGBM,LightGBM_1
713,SI_ref_18,NaOH-activated SCW biochars,IBU,Secondary effluent,0.19946424836974086,0.6262396846259888,LightGBM,LightGBM_1
715,SI_ref_18,NaOH-activated SCW biochars,IBU,Secondary effluent,0.45728603839109744,0.6262396846259888,LightGBM,LightGBM_1
717,SI_ref_18,NaOH-activated SCW biochars,IBU,Secondary effluent,0.5431517029603264,0.5520171543514304,LightGBM,LightGBM_1
719,SI_ref_18,NaOH-activated SCW biochars,IBU,Secondary effluent,0.6932620426015607,0.6613581655374674,LightGBM,LightGBM_1
721,SI_ref_18,NaOH-activated SCW biochars,IBU,Secondary effluent,0.675113405421536,0.6262396846259888,LightGBM,LightGBM_1
725,SI_ref_18,NaOH-activated SCW biochars,IBU,Secondary effluent,0.6458796718925713,0.6262396846259888,LightGBM,LightGBM_1
729,SI_ref_18,NaOH-activated SCW biochars,IBU,Secondary effluent,0.6230174196820357,0.6262396846259888,LightGBM,LightGBM_1
733,SI_ref_18,NaOH-activated SCW biochars,IBU,Secondary effluent,0.6232264558664639,0.6262396846259888,LightGBM,LightGBM_1
737,SI_ref_18,NaOH-activated SCW biochars,IBU,Secondary effluent,0.6321330290401536,0.6262396846259888,LightGBM,LightGBM_1
741,SI_ref_18,NaOH-activated SCW biochars,IBU,Secondary effluent,0.6274964829882473,0.6262396846259888,LightGBM,LightGBM_1
746,SI_ref_18,NaOH-activated SCW biochars,IBU,Secondary effluent,0.6482993087024828,0.59870262593143,LightGBM,LightGBM_1
748,SI_ref_18,NaOH-activated SCW biochars,IBU,Secondary effluent,0.7478636767346728,0.6316428996245241,LightGBM,LightGBM_1
750,SI_ref_18,NaOH-activated SCW biochars,IBU,Secondary effluent,0.811827151849907,0.6525716757660295,LightGBM,LightGBM_1
752,SI_ref_18,NaOH-activated SCW biochars,IBU,Secondary effluent,0.7252319435730717,0.6262396846259888,LightGBM,LightGBM_1
754,SI_ref_18,NaOH-activated SCW biochars,IBU,Secondary effluent,0.7786423949758233,0.6262396846259888,LightGBM,LightGBM_1
758,SI_ref_18,NaOH-activated SCW biochars,NPX,Secondary effluent,0.5521972966156422,0.22867992338230703,LightGBM,LightGBM_1
760,SI_ref_18,NaOH-activated SCW biochars,NPX,Secondary effluent,0.4814245289032641,0.2248982809081209,LightGBM,LightGBM_1
762,SI_ref_18,NaOH-activated SCW biochars,NPX,Secondary effluent,0.34455951981715066,0.20847994392251704,LightGBM,LightGBM_1
764,SI_ref_18,NaOH-activated SCW biochars,NPX,Secondary effluent,0.2493517679350271,0.1628302092839137,LightGBM,LightGBM_1
766,SI_ref_18,NaOH-activated SCW biochars,NPX,Secondary effluent,0.16764900163614713,0.13814636773647038,LightGBM,LightGBM_1
768,SI_ref_18,NaOH-activated SCW biochars,NPX,Secondary effluent,0.12846350911521487,0.14304913740551714,LightGBM,LightGBM_1
770,SI_ref_18,NaOH-activated SCW biochars,NPX,Secondary effluent,0.12873702561203082,0.1327049448166492,LightGBM,LightGBM_1
772,SI_ref_18,NaOH-activated SCW biochars,NPX,Secondary effluent,0.026110640989477824,0.13847634590078428,LightGBM,LightGBM_1
774,SI_ref_18,NaOH-activated SCW biochars,NPX,Secondary effluent,0.054870517105304405,0.13847634590078428,LightGBM,LightGBM_1
776,SI_ref_18,NaOH-activated SCW biochars,NPX,Secondary effluent,0.048092629555703405,0.08672216655203846,LightGBM,LightGBM_1
778,SI_ref_18,NaOH-activated SCW biochars,NPX,Secondary effluent,0.16521082834331338,0.17788820101897546,LightGBM,LightGBM_1
780,SI_ref_18,NaOH-activated SCW biochars,NPX,Secondary effluent,0.11864589305153721,0.13847634590078428,LightGBM,LightGBM_1
782,SI_ref_18,NaOH-activated SCW biochars,NPX,Secondary effluent,0.10983576367726838,0.13847634590078428,LightGBM,LightGBM_1
784,SI_ref_18,NaOH-activated SCW biochars,NPX,Secondary effluent,0.10668866579384965,0.13847634590078428,LightGBM,LightGBM_1
786,SI_ref_18,NaOH-activated SCW biochars,NPX,Secondary effluent,0.08538292965546301,0.13847634590078428,LightGBM,LightGBM_1
788,SI_ref_18,NaOH-activated SCW biochars,NPX,Secondary effluent,0.09141898602740345,0.13847634590078428,LightGBM,LightGBM_1
790,SI_ref_18,NaOH-activated SCW biochars,NPX,Secondary effluent,0.11725913824368146,0.13847634590078428,LightGBM,LightGBM_1
792,SI_ref_18,NaOH-activated SCW biochars,NPX,Secondary effluent,0.10630651659643675,0.11559935328385544,LightGBM,LightGBM_1
794,SI_ref_18,NaOH-activated SCW biochars,NPX,Secondary effluent,0.2275589654025283,0.14485536704380014,LightGBM,LightGBM_1
796,SI_ref_18,NaOH-activated SCW biochars,NPX,Secondary effluent,0.27043202483921047,0.17186572751511495,LightGBM,LightGBM_1
798,SI_ref_18,NaOH-activated SCW biochars,NPX,Secondary effluent,0.15082313311850198,0.13847634590078428,LightGBM,LightGBM_1
800,SI_ref_18,NaOH-activated SCW biochars,NPX,Secondary effluent,0.24701864815812044,0.13847634590078428,LightGBM,LightGBM_1
1156,SI_ref_17,Pristine SCG biochar,IBU,Synthetic,0.9684057270887299,0.933066680262956,LightGBM,LightGBM_1
1158,SI_ref_17,Pristine SCG biochar,IBU,Synthetic,0.964180236157731,0.9226082840793165,LightGBM,LightGBM_1
1160,SI_ref_17,Pristine SCG biochar,IBU,Synthetic,0.9598191197252507,0.9133331018701076,LightGBM,LightGBM_1
1162,SI_ref_17,Pristine SCG biochar,IBU,Synthetic,0.9580437721935793,0.9087963736427458,LightGBM,LightGBM_1
1164,SI_ref_17,Pristine SCG biochar,IBU,Synthetic,0.9425460946241216,0.905045772674212,LightGBM,LightGBM_1
1166,SI_ref_17,Pristine SCG biochar,IBU,Synthetic,0.9402369906408686,0.905045772674212,LightGBM,LightGBM_1
1168,SI_ref_17,Pristine SCG biochar,IBU,Synthetic,0.9366107784098637,0.9017797437450371,LightGBM,LightGBM_1
1170,SI_ref_17,Pristine SCG biochar,IBU,Synthetic,0.7820004901373623,0.8388543532000081,LightGBM,LightGBM_1
1172,SI_ref_17,Pristine SCG biochar,IBU,Synthetic,0.9276141025756294,0.9028185457648683,LightGBM,LightGBM_1
1174,SI_ref_17,Pristine SCG biochar,IBU,Synthetic,0.918292455911169,0.9028185457648683,LightGBM,LightGBM_1
1176,SI_ref_17,Pristine SCG biochar,IBU,Synthetic,0.9133007565861092,0.9028185457648683,LightGBM,LightGBM_1
1178,SI_ref_17,Pristine SCG biochar,IBU,Synthetic,0.9182483670803396,0.9028185457648683,LightGBM,LightGBM_1
1180,SI_ref_17,Pristine SCG biochar,IBU,Synthetic,0.9167234922708469,0.9028185457648683,LightGBM,LightGBM_1
1182,SI_ref_17,Pristine SCG biochar,IBU,Synthetic,0.9122551436969301,0.9028185457648683,LightGBM,LightGBM_1
1184,SI_ref_17,Pristine SCG biochar,IBU,Synthetic,0.9484982246288517,0.9295039780505855,LightGBM,LightGBM_1
1186,SI_ref_17,Pristine SCG biochar,IBU,Synthetic,0.893754721851682,0.9028185457648683,LightGBM,LightGBM_1
1188,SI_ref_17,Pristine SCG biochar,IBU,Synthetic,0.8900227639990935,0.9028185457648683,LightGBM,LightGBM_1
1190,SI_ref_17,Pristine SCG biochar,IBU,Synthetic,0.924357415959487,0.9028185457648683,LightGBM,LightGBM_1
1192,SI_ref_17,Pristine SCG biochar,IBU,Synthetic,0.9226237248225028,0.9028185457648683,LightGBM,LightGBM_1
1194,SI_ref_17,Pristine SCG biochar,IBU,Synthetic,0.8857728699803085,0.9028185457648683,LightGBM,LightGBM_1
1254,SI_ref_18,Pristine SCW Biochar,IBU,Secondary effluent,0.9156726978407875,0.9246836352015756,LightGBM,LightGBM_1
1256,SI_ref_18,Pristine SCW Biochar,IBU,Secondary effluent,0.9079673942368781,0.9153501512343328,LightGBM,LightGBM_1
1258,SI_ref_18,Pristine SCW Biochar,IBU,Secondary effluent,0.9043236251446873,0.9140670350420274,LightGBM,LightGBM_1
1260,SI_ref_18,Pristine SCW Biochar,IBU,Secondary effluent,0.9020547983951682,0.9156569794617748,LightGBM,LightGBM_1
1262,SI_ref_18,Pristine SCW Biochar,IBU,Secondary effluent,0.9004882379050155,0.9163610650596662,LightGBM,LightGBM_1
1264,SI_ref_18,Pristine SCW Biochar,IBU,Secondary effluent,0.897458530238549,0.9163610650596662,LightGBM,LightGBM_1
1266,SI_ref_18,Pristine SCW Biochar,IBU,Secondary effluent,0.8973424975849196,0.9159391123287918,LightGBM,LightGBM_1
1267,SI_ref_18,Pristine SCW Biochar,IBU,Secondary effluent,0.8360939688333745,0.9144361336513571,LightGBM,LightGBM_1
1268,SI_ref_18,Pristine SCW Biochar,IBU,Secondary effluent,0.8984823855966844,0.9144361336513571,LightGBM,LightGBM_1
1270,SI_ref_18,Pristine SCW Biochar,IBU,Secondary effluent,0.8874692330465712,0.841627750647365,LightGBM,LightGBM_1
1272,SI_ref_18,Pristine SCW Biochar,IBU,Secondary effluent,0.9012569556545285,0.9507654448683993,LightGBM,LightGBM_1
1274,SI_ref_18,Pristine SCW Biochar,IBU,Secondary effluent,0.8992057856547054,0.9144361336513571,LightGBM,LightGBM_1
1278,SI_ref_18,Pristine SCW Biochar,IBU,Secondary effluent,0.9165018852947014,0.9144361336513571,LightGBM,LightGBM_1
1282,SI_ref_18,Pristine SCW Biochar,IBU,Secondary effluent,0.9202396860047187,0.9144361336513571,LightGBM,LightGBM_1
1286,SI_ref_18,Pristine SCW Biochar,IBU,Secondary effluent,0.9152513064761528,0.9144361336513571,LightGBM,LightGBM_1
1290,SI_ref_18,Pristine SCW Biochar,IBU,Secondary effluent,0.9145713435205399,0.9144361336513571,LightGBM,LightGBM_1
1294,SI_ref_18,Pristine SCW Biochar,IBU,Secondary effluent,0.9194281493241605,0.9144361336513571,LightGBM,LightGBM_1
1299,SI_ref_18,Pristine SCW Biochar,IBU,Secondary effluent,0.891903218347585,0.9206556919925709,LightGBM,LightGBM_1
1301,SI_ref_18,Pristine SCW Biochar,IBU,Secondary effluent,0.9069133641489088,0.9211733882866261,LightGBM,LightGBM_1
1303,SI_ref_18,Pristine SCW Biochar,IBU,Secondary effluent,0.9145392250293353,0.939733570849558,LightGBM,LightGBM_1
1304,SI_ref_18,Pristine SCW Biochar,IBU,Secondary effluent,0.911352956646831,0.9144361336513571,LightGBM,LightGBM_1
1305,SI_ref_18,Pristine SCW Biochar,IBU,Secondary effluent,0.8992133437264335,0.9144361336513571,LightGBM,LightGBM_1
1309,SI_ref_18,Pristine SCW Biochar,NPX,Secondary effluent,0.9276600601799115,0.9361341648217915,LightGBM,LightGBM_1
1311,SI_ref_18,Pristine SCW Biochar,NPX,Secondary effluent,0.9217275625657669,0.9257180813459088,LightGBM,LightGBM_1
1313,SI_ref_18,Pristine SCW Biochar,NPX,Secondary effluent,0.9151672500810683,0.9153137243773339,LightGBM,LightGBM_1
1315,SI_ref_18,Pristine SCW Biochar,NPX,Secondary effluent,0.914870212237198,0.9147387880316701,LightGBM,LightGBM_1
1317,SI_ref_18,Pristine SCW Biochar,NPX,Secondary effluent,0.9125118045566373,0.901482741097614,LightGBM,LightGBM_1
1319,SI_ref_18,Pristine SCW Biochar,NPX,Secondary effluent,0.9122370962869346,0.901482741097614,LightGBM,LightGBM_1
1321,SI_ref_18,Pristine SCW Biochar,NPX,Secondary effluent,0.9100475600528815,0.8999206744551667,LightGBM,LightGBM_1
1322,SI_ref_18,Pristine SCW Biochar,NPX,Secondary effluent,0.8724917016408669,0.8983800028340282,LightGBM,LightGBM_1
1323,SI_ref_18,Pristine SCW Biochar,NPX,Secondary effluent,0.9222871559920565,0.8983800028340282,LightGBM,LightGBM_1
1325,SI_ref_18,Pristine SCW Biochar,NPX,Secondary effluent,0.8954095327862793,0.8381139964409751,LightGBM,LightGBM_1
1327,SI_ref_18,Pristine SCW Biochar,NPX,Secondary effluent,0.9153416500332668,0.9394183548745336,LightGBM,LightGBM_1
1329,SI_ref_18,Pristine SCW Biochar,NPX,Secondary effluent,0.910898633301941,0.8983800028340282,LightGBM,LightGBM_1
1331,SI_ref_18,Pristine SCW Biochar,NPX,Secondary effluent,0.9081761980542199,0.8983800028340282,LightGBM,LightGBM_1
1333,SI_ref_18,Pristine SCW Biochar,NPX,Secondary effluent,0.9126518494691617,0.8983800028340282,LightGBM,LightGBM_1
1335,SI_ref_18,Pristine SCW Biochar,NPX,Secondary effluent,0.9091665914238204,0.8983800028340282,LightGBM,LightGBM_1
1337,SI_ref_18,Pristine SCW Biochar,NPX,Secondary effluent,0.9109852392346297,0.8983800028340282,LightGBM,LightGBM_1
1339,SI_ref_18,Pristine SCW Biochar,NPX,Secondary effluent,0.9170303341534803,0.8983800028340282,LightGBM,LightGBM_1
1341,SI_ref_18,Pristine SCW Biochar,NPX,Secondary effluent,0.9109021678864493,0.9057396750868149,LightGBM,LightGBM_1
1343,SI_ref_18,Pristine SCW Biochar,NPX,Secondary effluent,0.9138805167442893,0.9060930636137778,LightGBM,LightGBM_1
1345,SI_ref_18,Pristine SCW Biochar,NPX,Secondary effluent,0.9200278517039994,0.9305554951664348,LightGBM,LightGBM_1
1346,SI_ref_18,Pristine SCW Biochar,NPX,Secondary effluent,0.9136165317560039,0.8983800028340282,LightGBM,LightGBM_1
1347,SI_ref_18,Pristine SCW Biochar,NPX,Secondary effluent,0.9038576927569927,0.8983800028340282,LightGBM,LightGBM_1
189,SI_ref_17,Alkali-modified SCG biochars,IBU,Synthetic,0.6581206763788531,0.16675304329134738,MLP,MLP_1
191,SI_ref_17,Alkali-modified SCG biochars,IBU,Synthetic,0.6239833523895453,0.1770101975173434,MLP,MLP_1
193,SI_ref_17,Alkali-modified SCG biochars,IBU,Synthetic,0.5119378819344518,0.19349141842037265,MLP,MLP_1
195,SI_ref_17,Alkali-modified SCG biochars,IBU,Synthetic,0.4585781550994164,0.3067248259575131,MLP,MLP_1
197,SI_ref_17,Alkali-modified SCG biochars,IBU,Synthetic,0.44243948810088646,0.3682828130371145,MLP,MLP_1
199,SI_ref_17,Alkali-modified SCG biochars,IBU,Synthetic,0.4544355679658596,0.39340201319426654,MLP,MLP_1
201,SI_ref_17,Alkali-modified SCG biochars,IBU,Synthetic,0.39592651561701936,0.41515611922279866,MLP,MLP_1
203,SI_ref_17,Alkali-modified SCG biochars,IBU,Synthetic,0.10913541523053398,0.4334083755751793,MLP,MLP_1
205,SI_ref_17,Alkali-modified SCG biochars,IBU,Synthetic,0.3052806700714839,0.44170829605504636,MLP,MLP_1
207,SI_ref_17,Alkali-modified SCG biochars,IBU,Synthetic,0.4311083753711556,0.44170829605504636,MLP,MLP_1
209,SI_ref_17,Alkali-modified SCG biochars,IBU,Synthetic,0.3789894895081609,0.44170829605504636,MLP,MLP_1
211,SI_ref_17,Alkali-modified SCG biochars,IBU,Synthetic,0.3304133868875155,0.44170829605504636,MLP,MLP_1
213,SI_ref_17,Alkali-modified SCG biochars,IBU,Synthetic,0.33928547446435453,0.44170829605504636,MLP,MLP_1
215,SI_ref_17,Alkali-modified SCG biochars,IBU,Synthetic,0.3234505141947598,0.44170829605504636,MLP,MLP_1
217,SI_ref_17,Alkali-modified SCG biochars,IBU,Synthetic,0.6889998443034063,0.2571066279554412,MLP,MLP_1
219,SI_ref_17,Alkali-modified SCG biochars,IBU,Synthetic,0.1184746430703935,0.44170829605504636,MLP,MLP_1
221,SI_ref_17,Alkali-modified SCG biochars,IBU,Synthetic,0.35446182653715885,0.44170829605504636,MLP,MLP_1
223,SI_ref_17,Alkali-modified SCG biochars,IBU,Synthetic,0.5365490577861332,0.44170829605504636,MLP,MLP_1
225,SI_ref_17,Alkali-modified SCG biochars,IBU,Synthetic,0.5901579894748284,0.44170829605504636,MLP,MLP_1
227,SI_ref_17,Alkali-modified SCG biochars,IBU,Synthetic,0.6910697148739985,0.44170829605504636,MLP,MLP_1
229,SI_ref_16,C-Biochar,ATE,Synthetic,0.8511111111111113,0.05244125816630263,MLP,MLP_1
230,SI_ref_16,C-Biochar,ATE,Synthetic,0.7400000000000001,0.15776278598243454,MLP,MLP_1
231,SI_ref_16,C-Biochar,ATE,Synthetic,0.7400000000000001,0.4059668018302705,MLP,MLP_1
232,SI_ref_16,C-Biochar,ATE,Synthetic,0.7453872053872055,0.26236475552153926,MLP,MLP_1
233,SI_ref_16,C-Biochar,ATE,Synthetic,0.8733333333333334,0.26236475552153926,MLP,MLP_1
234,SI_ref_16,C-Biochar,ATE,Synthetic,0.8288888888888891,0.26236475552153926,MLP,MLP_1
235,SI_ref_16,C-Biochar,ATE,Synthetic,0.8511111111111113,0.26236475552153926,MLP,MLP_1
236,SI_ref_16,C-Biochar,ATE,Synthetic,0.7844444444444446,0.26236475552153926,MLP,MLP_1
237,SI_ref_16,C-Biochar,ATE,Synthetic,0.8733333333333334,0.26236475552153926,MLP,MLP_1
238,SI_ref_16,C-Biochar,ATE,Synthetic,0.6733333333333335,0.16761953301385468,MLP,MLP_1
239,SI_ref_16,C-Biochar,ATE,Synthetic,0.6511111111111112,0.025900149669118078,MLP,MLP_1
240,SI_ref_16,C-Biochar,ATE,Synthetic,0.6288888888888889,0.2356906600910087,MLP,MLP_1
241,SI_ref_16,C-Biochar,ATE,Synthetic,0.7774074074074075,0.26236475552153926,MLP,MLP_1
242,SI_ref_16,C-Biochar,ATE,Synthetic,0.7824691358024691,0.26236475552153926,MLP,MLP_1
243,SI_ref_16,C-Biochar,ATE,Synthetic,0.8257777777777777,0.26236475552153926,MLP,MLP_1
244,SI_ref_16,C-Biochar,ATE,Synthetic,0.8438888888888889,0.26236475552153926,MLP,MLP_1
245,SI_ref_16,C-Biochar,ATE,Synthetic,0.8562222222222223,0.26236475552153926,MLP,MLP_1
263,SI_ref_16,C-Biochar,IBU,Synthetic,0.5333333333333333,0.24766457253544436,MLP,MLP_1
264,SI_ref_16,C-Biochar,IBU,Synthetic,0.7333333333333333,0.3442276323915275,MLP,MLP_1
265,SI_ref_16,C-Biochar,IBU,Synthetic,0.6000000000000001,0.5362476013826707,MLP,MLP_1
266,SI_ref_16,C-Biochar,IBU,Synthetic,0.6121212121212122,0.24195334793404177,MLP,MLP_1
267,SI_ref_16,C-Biochar,IBU,Synthetic,0.7333333333333333,0.24195334793404177,MLP,MLP_1
268,SI_ref_16,C-Biochar,IBU,Synthetic,0.5333333333333333,0.24195334793404177,MLP,MLP_1
269,SI_ref_16,C-Biochar,IBU,Synthetic,0.4666666666666666,0.24195334793404177,MLP,MLP_1
270,SI_ref_16,C-Biochar,IBU,Synthetic,0.5555555555555556,0.24195334793404177,MLP,MLP_1
271,SI_ref_16,C-Biochar,IBU,Synthetic,0.6000000000000001,0.24195334793404177,MLP,MLP_1
272,SI_ref_16,C-Biochar,IBU,Synthetic,0.6000000000000001,0.21424593277797255,MLP,MLP_1
273,SI_ref_16,C-Biochar,IBU,Synthetic,0.6000000000000001,0.03089190735548808,MLP,MLP_1
274,SI_ref_16,C-Biochar,IBU,Synthetic,1.0666666666666667,0.2057206298140537,MLP,MLP_1
275,SI_ref_16,C-Biochar,IBU,Synthetic,0.5277777777777777,0.24195334793404177,MLP,MLP_1
276,SI_ref_16,C-Biochar,IBU,Synthetic,0.7,0.24195334793404177,MLP,MLP_1
277,SI_ref_16,C-Biochar,IBU,Synthetic,0.7844444444444444,0.24195334793404177,MLP,MLP_1
278,SI_ref_16,C-Biochar,IBU,Synthetic,0.8430555555555557,0.24195334793404177,MLP,MLP_1
279,SI_ref_16,C-Biochar,IBU,Synthetic,0.861111111111111,0.24195334793404177,MLP,MLP_1
354,SI_ref_14,GCRB,DIU,Synthetic,0.983291565929579,1.015587007602646,MLP,MLP_1
355,SI_ref_14,GCRB,DIU,Synthetic,0.9782739977994132,1.0279047240665378,MLP,MLP_1
356,SI_ref_14,GCRB,DIU,Synthetic,0.9708791324637501,1.0403685676988674,MLP,MLP_1
357,SI_ref_14,GCRB,DIU,Synthetic,0.964507517643233,1.0250860829036377,MLP,MLP_1
358,SI_ref_14,GCRB,DIU,Synthetic,0.960647920928618,0.9699822347304861,MLP,MLP_1
359,SI_ref_14,GCRB,DIU,Synthetic,0.9584857336381704,0.9377069563224251,MLP,MLP_1
360,SI_ref_14,GCRB,DIU,Synthetic,0.9536869714697045,0.9126786557093461,MLP,MLP_1
361,SI_ref_14,GCRB,DIU,Synthetic,0.9291396445453227,0.9115338562612714,MLP,MLP_1
362,SI_ref_14,GCRB,DIU,Synthetic,0.9775416982957918,1.1670536548155828,MLP,MLP_1
363,SI_ref_14,GCRB,DIU,Synthetic,0.9527369648004039,0.8771497318021133,MLP,MLP_1
364,SI_ref_14,GCRB,DIU,Synthetic,0.9478201604463821,0.8771497318021133,MLP,MLP_1
365,SI_ref_14,GCRB,DIU,Synthetic,0.9265327424413893,0.8771497318021133,MLP,MLP_1
366,SI_ref_14,GCRB,DIU,Synthetic,0.9253239651903417,0.8771497318021133,MLP,MLP_1
367,SI_ref_14,GCRB,DIU,Synthetic,0.9238760352548926,0.8771497318021133,MLP,MLP_1
368,SI_ref_14,GCRB,DIU,Synthetic,0.9417552695951205,0.5808880309089467,MLP,MLP_1
369,SI_ref_14,GCRB,DIU,Synthetic,0.9147016410628197,0.5808880309089467,MLP,MLP_1
370,SI_ref_14,GCRB,DIU,Synthetic,0.9192051981667979,0.5887889812486482,MLP,MLP_1
371,SI_ref_14,GCRB,DIU,Synthetic,0.9535021691371877,0.8771497318021133,MLP,MLP_1
372,SI_ref_14,GCRB,DIU,Synthetic,0.9661748102299111,0.8771497318021133,MLP,MLP_1
373,SI_ref_14,GCRB,DIU,Synthetic,1.0173780045422414,0.8771497318021133,MLP,MLP_1
374,SI_ref_14,GCRB,DIU,Synthetic,1.0082496176169822,0.8771497318021133,MLP,MLP_1
375,SI_ref_14,GCRB,DIU,Synthetic,0.9496862840784065,0.8771497318021133,MLP,MLP_1
439,SI_ref_14,GCRB-N,DIU,Synthetic,0.6654043880576614,0.44850427193255926,MLP,MLP_1
440,SI_ref_14,GCRB-N,DIU,Synthetic,0.5844535743219663,0.4608219883964507,MLP,MLP_1
441,SI_ref_14,GCRB-N,DIU,Synthetic,0.5079200907404222,0.4732858320287807,MLP,MLP_1
442,SI_ref_14,GCRB-N,DIU,Synthetic,0.37854626102465844,0.45136124542602474,MLP,MLP_1
443,SI_ref_14,GCRB-N,DIU,Synthetic,0.26690125827656935,0.39979170849025636,MLP,MLP_1
444,SI_ref_14,GCRB-N,DIU,Synthetic,0.2332409918272794,0.36958653739682146,MLP,MLP_1
445,SI_ref_14,GCRB-N,DIU,Synthetic,0.1951305004086504,0.3561668816588739,MLP,MLP_1
446,SI_ref_14,GCRB-N,DIU,Synthetic,0.2075726875081201,0.6368153335027723,MLP,MLP_1
447,SI_ref_14,GCRB-N,DIU,Synthetic,0.26826652394124667,0.6609030634365564,MLP,MLP_1
448,SI_ref_14,GCRB-N,DIU,Synthetic,0.1819381767074788,0.3464979505747221,MLP,MLP_1
449,SI_ref_14,GCRB-N,DIU,Synthetic,0.15093015054787579,0.3651485438473643,MLP,MLP_1
450,SI_ref_14,GCRB-N,DIU,Synthetic,0.1736169508150928,0.3651485438473643,MLP,MLP_1
451,SI_ref_14,GCRB-N,DIU,Synthetic,0.16382165003373128,0.027030326574936037,MLP,MLP_1
452,SI_ref_14,GCRB-N,DIU,Synthetic,0.1932052297084895,0.3464979505747221,MLP,MLP_1
453,SI_ref_14,GCRB-N,DIU,Synthetic,0.1683505359330984,0.3464813935577101,MLP,MLP_1
454,SI_ref_14,GCRB-N,DIU,Synthetic,0.1647692025710552,0.3464648480187006,MLP,MLP_1
455,SI_ref_14,GCRB-N,DIU,Synthetic,0.3384549122360595,0.3464648480187006,MLP,MLP_1
456,SI_ref_14,GCRB-N,DIU,Synthetic,0.1402528461142079,0.34644831394179026,MLP,MLP_1
457,SI_ref_14,GCRB-N,DIU,Synthetic,0.5187315058108145,0.34644831394179026,MLP,MLP_1
458,SI_ref_14,GCRB-N,DIU,Synthetic,0.12629127082807837,0.34643179131110924,MLP,MLP_1
459,SI_ref_14,GCRB-N,DIU,Synthetic,0.6455190877003087,0.34643179131110924,MLP,MLP_1
460,SI_ref_14,GCRB-N,DIU,Synthetic,0.12138562309836234,0.3464152801108205,MLP,MLP_1
461,SI_ref_14,GCRB-N,DIU,Synthetic,0.6666027581171994,0.3464152801108205,MLP,MLP_1
462,SI_ref_14,GCRB-N,DIU,Synthetic,0.16773925939532233,0.34639878032511984,MLP,MLP_1
463,SI_ref_14,GCRB-N,DIU,Synthetic,0.15967117649899737,0.3463822919382357,MLP,MLP_1
464,SI_ref_14,GCRB-N,DIU,Synthetic,0.27418422723714847,0.3463822919382357,MLP,MLP_1
465,SI_ref_14,GCRB-N,DIU,Synthetic,0.1405827183894587,0.3463658149344294,MLP,MLP_1
466,SI_ref_14,GCRB-N,DIU,Synthetic,0.5605758859577746,0.3463658149344294,MLP,MLP_1
467,SI_ref_14,GCRB-N,DIU,Synthetic,0.13173953864692908,0.34634934929799455,MLP,MLP_1
468,SI_ref_14,GCRB-N,DIU,Synthetic,0.6564705601884918,0.34634934929799455,MLP,MLP_1
469,SI_ref_14,GCRB-N,DIU,Synthetic,0.12617131727344172,0.3463328950132578,MLP,MLP_1
470,SI_ref_14,GCRB-N,DIU,Synthetic,0.6552893507455957,0.3463328950132578,MLP,MLP_1
471,SI_ref_14,GCRB-N,DIU,Synthetic,0.1676281074261493,0.34631645206457745,MLP,MLP_1
472,SI_ref_14,GCRB-N,DIU,Synthetic,0.1622201895350263,0.3463000204363445,MLP,MLP_1
473,SI_ref_14,GCRB-N,DIU,Synthetic,0.31928006415696586,0.3463000204363445,MLP,MLP_1
474,SI_ref_14,GCRB-N,DIU,Synthetic,0.14041778225183332,0.34628360011298237,MLP,MLP_1
475,SI_ref_14,GCRB-N,DIU,Synthetic,0.5410485473017326,0.34628360011298237,MLP,MLP_1
476,SI_ref_14,GCRB-N,DIU,Synthetic,0.12901540473750372,0.34626719107894627,MLP,MLP_1
477,SI_ref_14,GCRB-N,DIU,Synthetic,0.6413243626564091,0.34626719107894627,MLP,MLP_1
478,SI_ref_14,GCRB-N,DIU,Synthetic,0.12377847018590202,0.3462507933187234,MLP,MLP_1
479,SI_ref_14,GCRB-N,DIU,Synthetic,0.665837914589971,0.3462507933187234,MLP,MLP_1
699,SI_ref_18,NaOH-activated SCW biochars,IBU,Secondary effluent,0.8098199350756726,0.4005662036322766,MLP,MLP_1
701,SI_ref_18,NaOH-activated SCW biochars,IBU,Secondary effluent,0.7485969905050348,0.37721997504102983,MLP,MLP_1
703,SI_ref_18,NaOH-activated SCW biochars,IBU,Secondary effluent,0.6850179499229786,0.4271132295222151,MLP,MLP_1
705,SI_ref_18,NaOH-activated SCW biochars,IBU,Secondary effluent,0.6861011679416551,0.4871435464121807,MLP,MLP_1
707,SI_ref_18,NaOH-activated SCW biochars,IBU,Secondary effluent,0.6799185617433835,0.5111389230524988,MLP,MLP_1
709,SI_ref_18,NaOH-activated SCW biochars,IBU,Secondary effluent,0.6765813990931481,0.5011621249350573,MLP,MLP_1
711,SI_ref_18,NaOH-activated SCW biochars,IBU,Secondary effluent,0.6777803451607008,0.4940798985500998,MLP,MLP_1
713,SI_ref_18,NaOH-activated SCW biochars,IBU,Secondary effluent,0.19946424836974086,0.484094564357135,MLP,MLP_1
715,SI_ref_18,NaOH-activated SCW biochars,IBU,Secondary effluent,0.45728603839109744,0.484094564357135,MLP,MLP_1
717,SI_ref_18,NaOH-activated SCW biochars,IBU,Secondary effluent,0.5431517029603264,0.18938693110295868,MLP,MLP_1
719,SI_ref_18,NaOH-activated SCW biochars,IBU,Secondary effluent,0.6932620426015607,0.6285938134176212,MLP,MLP_1
721,SI_ref_18,NaOH-activated SCW biochars,IBU,Secondary effluent,0.675113405421536,0.484094564357135,MLP,MLP_1
725,SI_ref_18,NaOH-activated SCW biochars,IBU,Secondary effluent,0.6458796718925713,0.484094564357135,MLP,MLP_1
729,SI_ref_18,NaOH-activated SCW biochars,IBU,Secondary effluent,0.6230174196820357,0.484094564357135,MLP,MLP_1
733,SI_ref_18,NaOH-activated SCW biochars,IBU,Secondary effluent,0.6232264558664639,0.484094564357135,MLP,MLP_1
737,SI_ref_18,NaOH-activated SCW biochars,IBU,Secondary effluent,0.6321330290401536,0.484094564357135,MLP,MLP_1
741,SI_ref_18,NaOH-activated SCW biochars,IBU,Secondary effluent,0.6274964829882473,0.484094564357135,MLP,MLP_1
746,SI_ref_18,NaOH-activated SCW biochars,IBU,Secondary effluent,0.6482993087024828,0.3993961978575445,MLP,MLP_1
748,SI_ref_18,NaOH-activated SCW biochars,IBU,Secondary effluent,0.7478636767346728,0.5964437555188089,MLP,MLP_1
750,SI_ref_18,NaOH-activated SCW biochars,IBU,Secondary effluent,0.811827151849907,0.5853134094416858,MLP,MLP_1
752,SI_ref_18,NaOH-activated SCW biochars,IBU,Secondary effluent,0.7252319435730717,0.484094564357135,MLP,MLP_1
754,SI_ref_18,NaOH-activated SCW biochars,IBU,Secondary effluent,0.7786423949758233,0.484094564357135,MLP,MLP_1
758,SI_ref_18,NaOH-activated SCW biochars,NPX,Secondary effluent,0.5521972966156422,0.3265219525190617,MLP,MLP_1
760,SI_ref_18,NaOH-activated SCW biochars,NPX,Secondary effluent,0.4814245289032641,0.2656512471861402,MLP,MLP_1
762,SI_ref_18,NaOH-activated SCW biochars,NPX,Secondary effluent,0.34455951981715066,0.23294158624997435,MLP,MLP_1
764,SI_ref_18,NaOH-activated SCW biochars,NPX,Secondary effluent,0.2493517679350271,0.2691431417994782,MLP,MLP_1
766,SI_ref_18,NaOH-activated SCW biochars,NPX,Secondary effluent,0.16764900163614713,0.28862844385307773,MLP,MLP_1
768,SI_ref_18,NaOH-activated SCW biochars,NPX,Secondary effluent,0.12846350911521487,0.26714544224456543,MLP,MLP_1
770,SI_ref_18,NaOH-activated SCW biochars,NPX,Secondary effluent,0.12873702561203082,0.265730040988894,MLP,MLP_1
772,SI_ref_18,NaOH-activated SCW biochars,NPX,Secondary effluent,0.026110640989477824,0.2637344461311751,MLP,MLP_1
774,SI_ref_18,NaOH-activated SCW biochars,NPX,Secondary effluent,0.054870517105304405,0.2637344461311751,MLP,MLP_1
776,SI_ref_18,NaOH-activated SCW biochars,NPX,Secondary effluent,0.048092629555703405,-0.04733948640000896,MLP,MLP_1
778,SI_ref_18,NaOH-activated SCW biochars,NPX,Secondary effluent,0.16521082834331338,0.437695687264828,MLP,MLP_1
780,SI_ref_18,NaOH-activated SCW biochars,NPX,Secondary effluent,0.11864589305153721,0.2637344461311751,MLP,MLP_1
782,SI_ref_18,NaOH-activated SCW biochars,NPX,Secondary effluent,0.10983576367726838,0.2637344461311751,MLP,MLP_1
784,SI_ref_18,NaOH-activated SCW biochars,NPX,Secondary effluent,0.10668866579384965,0.2637344461311751,MLP,MLP_1
786,SI_ref_18,NaOH-activated SCW biochars,NPX,Secondary effluent,0.08538292965546301,0.2637344461311751,MLP,MLP_1
788,SI_ref_18,NaOH-activated SCW biochars,NPX,Secondary effluent,0.09141898602740345,0.2637344461311751,MLP,MLP_1
790,SI_ref_18,NaOH-activated SCW biochars,NPX,Secondary effluent,0.11725913824368146,0.2637344461311751,MLP,MLP_1
792,SI_ref_18,NaOH-activated SCW biochars,NPX,Secondary effluent,0.10630651659643675,0.2178161309680694,MLP,MLP_1
794,SI_ref_18,NaOH-activated SCW biochars,NPX,Secondary effluent,0.2275589654025283,0.38919518471892267,MLP,MLP_1
796,SI_ref_18,NaOH-activated SCW biochars,NPX,Secondary effluent,0.27043202483921047,0.4063864501841311,MLP,MLP_1
798,SI_ref_18,NaOH-activated SCW biochars,NPX,Secondary effluent,0.15082313311850198,0.2637344461311751,MLP,MLP_1
800,SI_ref_18,NaOH-activated SCW biochars,NPX,Secondary effluent,0.24701864815812044,0.2637344461311751,MLP,MLP_1
1156,SI_ref_17,Pristine SCG biochar,IBU,Synthetic,0.9684057270887299,0.63391740488346,MLP,MLP_1
1158,SI_ref_17,Pristine SCG biochar,IBU,Synthetic,0.964180236157731,0.6423586039313411,MLP,MLP_1
1160,SI_ref_17,Pristine SCG biochar,IBU,Synthetic,0.9598191197252507,0.7903819175148276,MLP,MLP_1
1162,SI_ref_17,Pristine SCG biochar,IBU,Synthetic,0.9580437721935793,0.8815191954934879,MLP,MLP_1
1164,SI_ref_17,Pristine SCG biochar,IBU,Synthetic,0.9425460946241216,0.9094156957626958,MLP,MLP_1
1166,SI_ref_17,Pristine SCG biochar,IBU,Synthetic,0.9402369906408686,0.9287250518404984,MLP,MLP_1
1168,SI_ref_17,Pristine SCG biochar,IBU,Synthetic,0.9366107784098637,0.9454173806499111,MLP,MLP_1
1170,SI_ref_17,Pristine SCG biochar,IBU,Synthetic,0.7820004901373623,0.6173069124519397,MLP,MLP_1
1172,SI_ref_17,Pristine SCG biochar,IBU,Synthetic,0.9276141025756294,0.9457584430097341,MLP,MLP_1
1174,SI_ref_17,Pristine SCG biochar,IBU,Synthetic,0.918292455911169,0.9457584430097341,MLP,MLP_1
1176,SI_ref_17,Pristine SCG biochar,IBU,Synthetic,0.9133007565861092,0.9457584430097341,MLP,MLP_1
1178,SI_ref_17,Pristine SCG biochar,IBU,Synthetic,0.9182483670803396,0.9457584430097341,MLP,MLP_1
1180,SI_ref_17,Pristine SCG biochar,IBU,Synthetic,0.9167234922708469,0.9457584430097341,MLP,MLP_1
1182,SI_ref_17,Pristine SCG biochar,IBU,Synthetic,0.9122551436969301,0.9457584430097341,MLP,MLP_1
1184,SI_ref_17,Pristine SCG biochar,IBU,Synthetic,0.9484982246288517,0.6862088718026628,MLP,MLP_1
1186,SI_ref_17,Pristine SCG biochar,IBU,Synthetic,0.893754721851682,0.9457584430097341,MLP,MLP_1
1188,SI_ref_17,Pristine SCG biochar,IBU,Synthetic,0.8900227639990935,0.9457584430097341,MLP,MLP_1
1190,SI_ref_17,Pristine SCG biochar,IBU,Synthetic,0.924357415959487,0.9457584430097341,MLP,MLP_1
1192,SI_ref_17,Pristine SCG biochar,IBU,Synthetic,0.9226237248225028,0.9457584430097341,MLP,MLP_1
1194,SI_ref_17,Pristine SCG biochar,IBU,Synthetic,0.8857728699803085,0.9457584430097341,MLP,MLP_1
1254,SI_ref_18,Pristine SCW Biochar,IBU,Secondary effluent,0.9156726978407875,0.9286438936931591,MLP,MLP_1
1256,SI_ref_18,Pristine SCW Biochar,IBU,Secondary effluent,0.9079673942368781,0.8445627306034467,MLP,MLP_1
1258,SI_ref_18,Pristine SCW Biochar,IBU,Secondary effluent,0.9043236251446873,0.810911740703247,MLP,MLP_1
1260,SI_ref_18,Pristine SCW Biochar,IBU,Secondary effluent,0.9020547983951682,0.7972635863329388,MLP,MLP_1
1262,SI_ref_18,Pristine SCW Biochar,IBU,Secondary effluent,0.9004882379050155,0.783574548320252,MLP,MLP_1
1264,SI_ref_18,Pristine SCW Biochar,IBU,Secondary effluent,0.897458530238549,0.7755566416286959,MLP,MLP_1
1266,SI_ref_18,Pristine SCW Biochar,IBU,Secondary effluent,0.8973424975849196,0.7698649728533409,MLP,MLP_1
1267,SI_ref_18,Pristine SCW Biochar,IBU,Secondary effluent,0.8360939688333745,0.7618402060994427,MLP,MLP_1
1268,SI_ref_18,Pristine SCW Biochar,IBU,Secondary effluent,0.8984823855966844,0.7618402060994427,MLP,MLP_1
1270,SI_ref_18,Pristine SCW Biochar,IBU,Secondary effluent,0.8874692330465712,0.4557196899533256,MLP,MLP_1
1272,SI_ref_18,Pristine SCW Biochar,IBU,Secondary effluent,0.9012569556545285,1.0002501045581045,MLP,MLP_1
1274,SI_ref_18,Pristine SCW Biochar,IBU,Secondary effluent,0.8992057856547054,0.7618402060994427,MLP,MLP_1
1278,SI_ref_18,Pristine SCW Biochar,IBU,Secondary effluent,0.9165018852947014,0.7618402060994427,MLP,MLP_1
1282,SI_ref_18,Pristine SCW Biochar,IBU,Secondary effluent,0.9202396860047187,0.7618402060994427,MLP,MLP_1
1286,SI_ref_18,Pristine SCW Biochar,IBU,Secondary effluent,0.9152513064761528,0.7618402060994427,MLP,MLP_1
1290,SI_ref_18,Pristine SCW Biochar,IBU,Secondary effluent,0.9145713435205399,0.7618402060994427,MLP,MLP_1
1294,SI_ref_18,Pristine SCW Biochar,IBU,Secondary effluent,0.9194281493241605,0.7618402060994427,MLP,MLP_1
1299,SI_ref_18,Pristine SCW Biochar,IBU,Secondary effluent,0.891903218347585,0.46407761620180016,MLP,MLP_1
1301,SI_ref_18,Pristine SCW Biochar,IBU,Secondary effluent,0.9069133641489088,0.8949235288979325,MLP,MLP_1
1303,SI_ref_18,Pristine SCW Biochar,IBU,Secondary effluent,0.9145392250293353,1.0280068516964223,MLP,MLP_1
1304,SI_ref_18,Pristine SCW Biochar,IBU,Secondary effluent,0.911352956646831,0.7618402060994427,MLP,MLP_1
1305,SI_ref_18,Pristine SCW Biochar,IBU,Secondary effluent,0.8992133437264335,0.7618402060994427,MLP,MLP_1
1309,SI_ref_18,Pristine SCW Biochar,NPX,Secondary effluent,0.9276600601799115,0.830496703484043,MLP,MLP_1
1311,SI_ref_18,Pristine SCW Biochar,NPX,Secondary effluent,0.9217275625657669,0.7788528369493237,MLP,MLP_1
1313,SI_ref_18,Pristine SCW Biochar,NPX,Secondary effluent,0.9151672500810683,0.664317028259073,MLP,MLP_1
1315,SI_ref_18,Pristine SCW Biochar,NPX,Secondary effluent,0.914870212237198,0.6258809149336053,MLP,MLP_1
1317,SI_ref_18,Pristine SCW Biochar,NPX,Secondary effluent,0.9125118045566373,0.6121918769209185,MLP,MLP_1
1319,SI_ref_18,Pristine SCW Biochar,NPX,Secondary effluent,0.9122370962869346,0.6041739702293623,MLP,MLP_1
1321,SI_ref_18,Pristine SCW Biochar,NPX,Secondary effluent,0.9100475600528815,0.5984823014540072,MLP,MLP_1
1322,SI_ref_18,Pristine SCW Biochar,NPX,Secondary effluent,0.8724917016408669,0.5904575347001093,MLP,MLP_1
1323,SI_ref_18,Pristine SCW Biochar,NPX,Secondary effluent,0.9222871559920565,0.5904575347001093,MLP,MLP_1
1325,SI_ref_18,Pristine SCW Biochar,NPX,Secondary effluent,0.8954095327862793,0.2520134006454289,MLP,MLP_1
1327,SI_ref_18,Pristine SCW Biochar,NPX,Secondary effluent,0.9153416500332668,0.9664212787732577,MLP,MLP_1
1329,SI_ref_18,Pristine SCW Biochar,NPX,Secondary effluent,0.910898633301941,0.5904575347001093,MLP,MLP_1
1331,SI_ref_18,Pristine SCW Biochar,NPX,Secondary effluent,0.9081761980542199,0.5904575347001093,MLP,MLP_1
1333,SI_ref_18,Pristine SCW Biochar,NPX,Secondary effluent,0.9126518494691617,0.5904575347001093,MLP,MLP_1
1335,SI_ref_18,Pristine SCW Biochar,NPX,Secondary effluent,0.9091665914238204,0.5904575347001093,MLP,MLP_1
1337,SI_ref_18,Pristine SCW Biochar,NPX,Secondary effluent,0.9109852392346297,0.5904575347001093,MLP,MLP_1
1339,SI_ref_18,Pristine SCW Biochar,NPX,Secondary effluent,0.9170303341534803,0.5904575347001093,MLP,MLP_1
1341,SI_ref_18,Pristine SCW Biochar,NPX,Secondary effluent,0.9109021678864493,0.18445338026687155,MLP,MLP_1
1343,SI_ref_18,Pristine SCW Biochar,NPX,Secondary effluent,0.9138805167442893,0.7235408574985989,MLP,MLP_1
1345,SI_ref_18,Pristine SCW Biochar,NPX,Secondary effluent,0.9200278517039994,0.8368190112015068,MLP,MLP_1
1346,SI_ref_18,Pristine SCW Biochar,NPX,Secondary effluent,0.9136165317560039,0.5904575347001093,MLP,MLP_1
1347,SI_ref_18,Pristine SCW Biochar,NPX,Secondary effluent,0.9038576927569927,0.5904575347001093,MLP,MLP_1
189,SI_ref_17,Alkali-modified SCG biochars,IBU,Synthetic,0.6581206763788531,0.39514941398890857,OLS,OLS_1
191,SI_ref_17,Alkali-modified SCG biochars,IBU,Synthetic,0.6239833523895453,0.3852210109486826,OLS,OLS_1
193,SI_ref_17,Alkali-modified SCG biochars,IBU,Synthetic,0.5119378819344518,0.3692680282680132,OLS,OLS_1
195,SI_ref_17,Alkali-modified SCG biochars,IBU,Synthetic,0.4585781550994164,0.3591416947126078,OLS,OLS_1
197,SI_ref_17,Alkali-modified SCG biochars,IBU,Synthetic,0.44243948810088646,0.3532079845131269,OLS,OLS_1
199,SI_ref_17,Alkali-modified SCG biochars,IBU,Synthetic,0.4544355679658596,0.34899511597019023,OLS,OLS_1
201,SI_ref_17,Alkali-modified SCG biochars,IBU,Synthetic,0.39592651561701936,0.34478055457481693,OLS,OLS_1
203,SI_ref_17,Alkali-modified SCG biochars,IBU,Synthetic,0.10913541523053398,0.294786241353148,OLS,OLS_1
205,SI_ref_17,Alkali-modified SCG biochars,IBU,Synthetic,0.3052806700714839,0.3388383830425773,OLS,OLS_1
207,SI_ref_17,Alkali-modified SCG biochars,IBU,Synthetic,0.4311083753711556,0.3388383830425773,OLS,OLS_1
209,SI_ref_17,Alkali-modified SCG biochars,IBU,Synthetic,0.3789894895081609,0.3388383830425773,OLS,OLS_1
211,SI_ref_17,Alkali-modified SCG biochars,IBU,Synthetic,0.3304133868875155,0.3388383830425773,OLS,OLS_1
213,SI_ref_17,Alkali-modified SCG biochars,IBU,Synthetic,0.33928547446435453,0.3388383830425773,OLS,OLS_1
215,SI_ref_17,Alkali-modified SCG biochars,IBU,Synthetic,0.3234505141947598,0.3388383830425773,OLS,OLS_1
217,SI_ref_17,Alkali-modified SCG biochars,IBU,Synthetic,0.6889998443034063,0.3828905247320066,OLS,OLS_1
219,SI_ref_17,Alkali-modified SCG biochars,IBU,Synthetic,0.1184746430703935,0.3388383830425773,OLS,OLS_1
221,SI_ref_17,Alkali-modified SCG biochars,IBU,Synthetic,0.35446182653715885,0.3388383830425773,OLS,OLS_1
223,SI_ref_17,Alkali-modified SCG biochars,IBU,Synthetic,0.5365490577861332,0.3388383830425773,OLS,OLS_1
225,SI_ref_17,Alkali-modified SCG biochars,IBU,Synthetic,0.5901579894748284,0.3388383830425773,OLS,OLS_1
227,SI_ref_17,Alkali-modified SCG biochars,IBU,Synthetic,0.6910697148739985,0.3388383830425773,OLS,OLS_1
229,SI_ref_16,C-Biochar,ATE,Synthetic,0.8511111111111113,0.5724216905294455,OLS,OLS_1
230,SI_ref_16,C-Biochar,ATE,Synthetic,0.7400000000000001,0.5944477613741602,OLS,OLS_1
231,SI_ref_16,C-Biochar,ATE,Synthetic,0.7400000000000001,0.6343525266119082,OLS,OLS_1
232,SI_ref_16,C-Biochar,ATE,Synthetic,0.7453872053872055,0.6164738322188748,OLS,OLS_1
233,SI_ref_16,C-Biochar,ATE,Synthetic,0.8733333333333334,0.6164738322188748,OLS,OLS_1
234,SI_ref_16,C-Biochar,ATE,Synthetic,0.8288888888888891,0.6164738322188748,OLS,OLS_1
235,SI_ref_16,C-Biochar,ATE,Synthetic,0.8511111111111113,0.6164738322188748,OLS,OLS_1
236,SI_ref_16,C-Biochar,ATE,Synthetic,0.7844444444444446,0.6164738322188748,OLS,OLS_1
237,SI_ref_16,C-Biochar,ATE,Synthetic,0.8733333333333334,0.6164738322188748,OLS,OLS_1
238,SI_ref_16,C-Biochar,ATE,Synthetic,0.6733333333333335,0.5985951378258414,OLS,OLS_1
239,SI_ref_16,C-Biochar,ATE,Synthetic,0.6511111111111112,0.580716443432808,OLS,OLS_1
240,SI_ref_16,C-Biochar,ATE,Synthetic,0.6288888888888889,0.6384999030635894,OLS,OLS_1
241,SI_ref_16,C-Biochar,ATE,Synthetic,0.7774074074074075,0.6164738322188748,OLS,OLS_1
242,SI_ref_16,C-Biochar,ATE,Synthetic,0.7824691358024691,0.6164738322188748,OLS,OLS_1
243,SI_ref_16,C-Biochar,ATE,Synthetic,0.8257777777777777,0.6164738322188748,OLS,OLS_1
244,SI_ref_16,C-Biochar,ATE,Synthetic,0.8438888888888889,0.6164738322188748,OLS,OLS_1
245,SI_ref_16,C-Biochar,ATE,Synthetic,0.8562222222222223,0.6164738322188748,OLS,OLS_1
263,SI_ref_16,C-Biochar,IBU,Synthetic,0.5333333333333333,0.581818311156777,OLS,OLS_1
264,SI_ref_16,C-Biochar,IBU,Synthetic,0.7333333333333333,0.6038443820014916,OLS,OLS_1
265,SI_ref_16,C-Biochar,IBU,Synthetic,0.6000000000000001,0.6437491472392397,OLS,OLS_1
266,SI_ref_16,C-Biochar,IBU,Synthetic,0.6121212121212122,0.6258704528462062,OLS,OLS_1
267,SI_ref_16,C-Biochar,IBU,Synthetic,0.7333333333333333,0.6258704528462062,OLS,OLS_1
268,SI_ref_16,C-Biochar,IBU,Synthetic,0.5333333333333333,0.6258704528462062,OLS,OLS_1
269,SI_ref_16,C-Biochar,IBU,Synthetic,0.4666666666666666,0.6258704528462062,OLS,OLS_1
270,SI_ref_16,C-Biochar,IBU,Synthetic,0.5555555555555556,0.6258704528462062,OLS,OLS_1
271,SI_ref_16,C-Biochar,IBU,Synthetic,0.6000000000000001,0.6258704528462062,OLS,OLS_1
272,SI_ref_16,C-Biochar,IBU,Synthetic,0.6000000000000001,0.6079917584531729,OLS,OLS_1
273,SI_ref_16,C-Biochar,IBU,Synthetic,0.6000000000000001,0.5901130640601395,OLS,OLS_1
274,SI_ref_16,C-Biochar,IBU,Synthetic,1.0666666666666667,0.647896523690921,OLS,OLS_1
275,SI_ref_16,C-Biochar,IBU,Synthetic,0.5277777777777777,0.6258704528462062,OLS,OLS_1
276,SI_ref_16,C-Biochar,IBU,Synthetic,0.7,0.6258704528462062,OLS,OLS_1
277,SI_ref_16,C-Biochar,IBU,Synthetic,0.7844444444444444,0.6258704528462062,OLS,OLS_1
278,SI_ref_16,C-Biochar,IBU,Synthetic,0.8430555555555557,0.6258704528462062,OLS,OLS_1
279,SI_ref_16,C-Biochar,IBU,Synthetic,0.861111111111111,0.6258704528462062,OLS,OLS_1
354,SI_ref_14,GCRB,DIU,Synthetic,0.983291565929579,1.0311097988039617,OLS,OLS_1
355,SI_ref_14,GCRB,DIU,Synthetic,0.9782739977994132,1.0211813957637357,OLS,OLS_1
356,SI_ref_14,GCRB,DIU,Synthetic,0.9708791324637501,1.0111352103871787,OLS,OLS_1
357,SI_ref_14,GCRB,DIU,Synthetic,0.964507517643233,1.0010290382261664,OLS,OLS_1
358,SI_ref_14,GCRB,DIU,Synthetic,0.960647920928618,0.9908925925851485,OLS,OLS_1
359,SI_ref_14,GCRB,DIU,Synthetic,0.9584857336381704,0.9849555007852434,OLS,OLS_1
360,SI_ref_14,GCRB,DIU,Synthetic,0.9536869714697045,0.9807409393898702,OLS,OLS_1
361,SI_ref_14,GCRB,DIU,Synthetic,0.9291396445453227,0.9307466261682011,OLS,OLS_1
362,SI_ref_14,GCRB,DIU,Synthetic,0.9775416982957918,0.9926774622506639,OLS,OLS_1
363,SI_ref_14,GCRB,DIU,Synthetic,0.9527369648004039,0.9747987678576305,OLS,OLS_1
364,SI_ref_14,GCRB,DIU,Synthetic,0.9478201604463821,0.9747987678576305,OLS,OLS_1
365,SI_ref_14,GCRB,DIU,Synthetic,0.9265327424413893,0.9747987678576305,OLS,OLS_1
366,SI_ref_14,GCRB,DIU,Synthetic,0.9253239651903417,0.9747987678576305,OLS,OLS_1
367,SI_ref_14,GCRB,DIU,Synthetic,0.9238760352548926,0.9747987678576305,OLS,OLS_1
368,SI_ref_14,GCRB,DIU,Synthetic,0.9417552695951205,0.9569200734645971,OLS,OLS_1
369,SI_ref_14,GCRB,DIU,Synthetic,0.9147016410628197,0.9569200734645971,OLS,OLS_1
370,SI_ref_14,GCRB,DIU,Synthetic,0.9192051981667979,1.0188509095470597,OLS,OLS_1
371,SI_ref_14,GCRB,DIU,Synthetic,0.9535021691371877,0.9747987678576305,OLS,OLS_1
372,SI_ref_14,GCRB,DIU,Synthetic,0.9661748102299111,0.9747987678576305,OLS,OLS_1
373,SI_ref_14,GCRB,DIU,Synthetic,1.0173780045422414,0.9747987678576305,OLS,OLS_1
374,SI_ref_14,GCRB,DIU,Synthetic,1.0082496176169822,0.9747987678576305,OLS,OLS_1
375,SI_ref_14,GCRB,DIU,Synthetic,0.9496862840784065,0.9747987678576305,OLS,OLS_1
439,SI_ref_14,GCRB-N,DIU,Synthetic,0.6654043880576614,0.5135599757644754,OLS,OLS_1
440,SI_ref_14,GCRB-N,DIU,Synthetic,0.5844535743219663,0.5036315727242495,OLS,OLS_1
441,SI_ref_14,GCRB-N,DIU,Synthetic,0.5079200907404222,0.4935853873476924,OLS,OLS_1
442,SI_ref_14,GCRB-N,DIU,Synthetic,0.37854626102465844,0.48347921518668036,OLS,OLS_1
443,SI_ref_14,GCRB-N,DIU,Synthetic,0.26690125827656935,0.47334276954566223,OLS,OLS_1
444,SI_ref_14,GCRB-N,DIU,Synthetic,0.2332409918272794,0.46740567774575714,OLS,OLS_1
445,SI_ref_14,GCRB-N,DIU,Synthetic,0.1951305004086504,0.4631911163503839,OLS,OLS_1
446,SI_ref_14,GCRB-N,DIU,Synthetic,0.2075726875081201,0.4131968031287149,OLS,OLS_1
447,SI_ref_14,GCRB-N,DIU,Synthetic,0.26826652394124667,0.4751276392111776,OLS,OLS_1
448,SI_ref_14,GCRB-N,DIU,Synthetic,0.1819381767074788,0.45724894481814427,OLS,OLS_1
449,SI_ref_14,GCRB-N,DIU,Synthetic,0.15093015054787579,0.4393702504251108,OLS,OLS_1
450,SI_ref_14,GCRB-N,DIU,Synthetic,0.1736169508150928,0.4393702504251108,OLS,OLS_1
451,SI_ref_14,GCRB-N,DIU,Synthetic,0.16382165003373128,0.5013010865075735,OLS,OLS_1
452,SI_ref_14,GCRB-N,DIU,Synthetic,0.1932052297084895,0.45724894481814427,OLS,OLS_1
453,SI_ref_14,GCRB-N,DIU,Synthetic,0.1683505359330984,0.4572387694808405,OLS,OLS_1
454,SI_ref_14,GCRB-N,DIU,Synthetic,0.1647692025710552,0.45722860119749753,OLS,OLS_1
455,SI_ref_14,GCRB-N,DIU,Synthetic,0.3384549122360595,0.45722860119749753,OLS,OLS_1
456,SI_ref_14,GCRB-N,DIU,Synthetic,0.1402528461142079,0.45721843995834155,OLS,OLS_1
457,SI_ref_14,GCRB-N,DIU,Synthetic,0.5187315058108145,0.45721843995834155,OLS,OLS_1
458,SI_ref_14,GCRB-N,DIU,Synthetic,0.12629127082807837,0.4572082857536197,OLS,OLS_1
459,SI_ref_14,GCRB-N,DIU,Synthetic,0.6455190877003087,0.4572082857536197,OLS,OLS_1
460,SI_ref_14,GCRB-N,DIU,Synthetic,0.12138562309836234,0.4571981385735989,OLS,OLS_1
461,SI_ref_14,GCRB-N,DIU,Synthetic,0.6666027581171994,0.4571981385735989,OLS,OLS_1
462,SI_ref_14,GCRB-N,DIU,Synthetic,0.16773925939532233,0.4571879984085667,OLS,OLS_1
463,SI_ref_14,GCRB-N,DIU,Synthetic,0.15967117649899737,0.4571778652488304,OLS,OLS_1
464,SI_ref_14,GCRB-N,DIU,Synthetic,0.27418422723714847,0.4571778652488304,OLS,OLS_1
465,SI_ref_14,GCRB-N,DIU,Synthetic,0.1405827183894587,0.45716773908471753,OLS,OLS_1
466,SI_ref_14,GCRB-N,DIU,Synthetic,0.5605758859577746,0.45716773908471753,OLS,OLS_1
467,SI_ref_14,GCRB-N,DIU,Synthetic,0.13173953864692908,0.45715761990657555,OLS,OLS_1
468,SI_ref_14,GCRB-N,DIU,Synthetic,0.6564705601884918,0.45715761990657555,OLS,OLS_1
469,SI_ref_14,GCRB-N,DIU,Synthetic,0.12617131727344172,0.4571475077047721,OLS,OLS_1
470,SI_ref_14,GCRB-N,DIU,Synthetic,0.6552893507455957,0.4571475077047721,OLS,OLS_1
471,SI_ref_14,GCRB-N,DIU,Synthetic,0.1676281074261493,0.4571374024696945,OLS,OLS_1
472,SI_ref_14,GCRB-N,DIU,Synthetic,0.1622201895350263,0.4571273041917501,OLS,OLS_1
473,SI_ref_14,GCRB-N,DIU,Synthetic,0.31928006415696586,0.4571273041917501,OLS,OLS_1
474,SI_ref_14,GCRB-N,DIU,Synthetic,0.14041778225183332,0.45711721286136575,OLS,OLS_1
475,SI_ref_14,GCRB-N,DIU,Synthetic,0.5410485473017326,0.45711721286136575,OLS,OLS_1
476,SI_ref_14,GCRB-N,DIU,Synthetic,0.12901540473750372,0.4571071284689885,OLS,OLS_1
477,SI_ref_14,GCRB-N,DIU,Synthetic,0.6413243626564091,0.4571071284689885,OLS,OLS_1
478,SI_ref_14,GCRB-N,DIU,Synthetic,0.12377847018590202,0.4570970510050847,OLS,OLS_1
479,SI_ref_14,GCRB-N,DIU,Synthetic,0.665837914589971,0.4570970510050847,OLS,OLS_1
699,SI_ref_18,NaOH-activated SCW biochars,IBU,Secondary effluent,0.8098199350756726,0.5748945936617245,OLS,OLS_1
701,SI_ref_18,NaOH-activated SCW biochars,IBU,Secondary effluent,0.7485969905050348,0.5649661906214986,OLS,OLS_1
703,SI_ref_18,NaOH-activated SCW biochars,IBU,Secondary effluent,0.6850179499229786,0.5549200052449414,OLS,OLS_1
705,SI_ref_18,NaOH-activated SCW biochars,IBU,Secondary effluent,0.6861011679416551,0.5448138330839293,OLS,OLS_1
707,SI_ref_18,NaOH-activated SCW biochars,IBU,Secondary effluent,0.6799185617433835,0.5346773874429113,OLS,OLS_1
709,SI_ref_18,NaOH-activated SCW biochars,IBU,Secondary effluent,0.6765813990931481,0.5287402956430062,OLS,OLS_1
711,SI_ref_18,NaOH-activated SCW biochars,IBU,Secondary effluent,0.6777803451607008,0.5245257342476328,OLS,OLS_1
713,SI_ref_18,NaOH-activated SCW biochars,IBU,Secondary effluent,0.19946424836974086,0.5185835627153932,OLS,OLS_1
715,SI_ref_18,NaOH-activated SCW biochars,IBU,Secondary effluent,0.45728603839109744,0.5185835627153932,OLS,OLS_1
717,SI_ref_18,NaOH-activated SCW biochars,IBU,Secondary effluent,0.5431517029603264,0.49655749187067855,OLS,OLS_1
719,SI_ref_18,NaOH-activated SCW biochars,IBU,Secondary effluent,0.6932620426015607,0.5364622571084265,OLS,OLS_1
721,SI_ref_18,NaOH-activated SCW biochars,IBU,Secondary effluent,0.675113405421536,0.5185835627153932,OLS,OLS_1
725,SI_ref_18,NaOH-activated SCW biochars,IBU,Secondary effluent,0.6458796718925713,0.5185835627153932,OLS,OLS_1
729,SI_ref_18,NaOH-activated SCW biochars,IBU,Secondary effluent,0.6230174196820357,0.5185835627153932,OLS,OLS_1
733,SI_ref_18,NaOH-activated SCW biochars,IBU,Secondary effluent,0.6232264558664639,0.5185835627153932,OLS,OLS_1
737,SI_ref_18,NaOH-activated SCW biochars,IBU,Secondary effluent,0.6321330290401536,0.5185835627153932,OLS,OLS_1
741,SI_ref_18,NaOH-activated SCW biochars,IBU,Secondary effluent,0.6274964829882473,0.5185835627153932,OLS,OLS_1
746,SI_ref_18,NaOH-activated SCW biochars,IBU,Secondary effluent,0.6482993087024828,0.5007048683223598,OLS,OLS_1
748,SI_ref_18,NaOH-activated SCW biochars,IBU,Secondary effluent,0.7478636767346728,0.5406096335601078,OLS,OLS_1
750,SI_ref_18,NaOH-activated SCW biochars,IBU,Secondary effluent,0.811827151849907,0.5626357044048225,OLS,OLS_1
752,SI_ref_18,NaOH-activated SCW biochars,IBU,Secondary effluent,0.7252319435730717,0.5185835627153932,OLS,OLS_1
754,SI_ref_18,NaOH-activated SCW biochars,IBU,Secondary effluent,0.7786423949758233,0.5185835627153932,OLS,OLS_1
758,SI_ref_18,NaOH-activated SCW biochars,NPX,Secondary effluent,0.5521972966156422,0.27245776293407487,OLS,OLS_1
760,SI_ref_18,NaOH-activated SCW biochars,NPX,Secondary effluent,0.4814245289032641,0.2625293598938489,OLS,OLS_1
762,SI_ref_18,NaOH-activated SCW biochars,NPX,Secondary effluent,0.34455951981715066,0.25248317451729185,OLS,OLS_1
764,SI_ref_18,NaOH-activated SCW biochars,NPX,Secondary effluent,0.2493517679350271,0.2423770023562797,OLS,OLS_1
766,SI_ref_18,NaOH-activated SCW biochars,NPX,Secondary effluent,0.16764900163614713,0.23224055671526164,OLS,OLS_1
768,SI_ref_18,NaOH-activated SCW biochars,NPX,Secondary effluent,0.12846350911521487,0.22630346491535652,OLS,OLS_1
770,SI_ref_18,NaOH-activated SCW biochars,NPX,Secondary effluent,0.12873702561203082,0.22208890351998326,OLS,OLS_1
772,SI_ref_18,NaOH-activated SCW biochars,NPX,Secondary effluent,0.026110640989477824,0.2161467319877436,OLS,OLS_1
774,SI_ref_18,NaOH-activated SCW biochars,NPX,Secondary effluent,0.054870517105304405,0.2161467319877436,OLS,OLS_1
776,SI_ref_18,NaOH-activated SCW biochars,NPX,Secondary effluent,0.048092629555703405,0.19412066114302895,OLS,OLS_1
778,SI_ref_18,NaOH-activated SCW biochars,NPX,Secondary effluent,0.16521082834331338,0.23402542638077697,OLS,OLS_1
780,SI_ref_18,NaOH-activated SCW biochars,NPX,Secondary effluent,0.11864589305153721,0.2161467319877436,OLS,OLS_1
782,SI_ref_18,NaOH-activated SCW biochars,NPX,Secondary effluent,0.10983576367726838,0.2161467319877436,OLS,OLS_1
784,SI_ref_18,NaOH-activated SCW biochars,NPX,Secondary effluent,0.10668866579384965,0.2161467319877436,OLS,OLS_1
786,SI_ref_18,NaOH-activated SCW biochars,NPX,Secondary effluent,0.08538292965546301,0.2161467319877436,OLS,OLS_1
788,SI_ref_18,NaOH-activated SCW biochars,NPX,Secondary effluent,0.09141898602740345,0.2161467319877436,OLS,OLS_1
790,SI_ref_18,NaOH-activated SCW biochars,NPX,Secondary effluent,0.11725913824368146,0.2161467319877436,OLS,OLS_1
792,SI_ref_18,NaOH-activated SCW biochars,NPX,Secondary effluent,0.10630651659643675,0.1982680375947102,OLS,OLS_1
794,SI_ref_18,NaOH-activated SCW biochars,NPX,Secondary effluent,0.2275589654025283,0.23817280283245823,OLS,OLS_1
796,SI_ref_18,NaOH-activated SCW biochars,NPX,Secondary effluent,0.27043202483921047,0.26019887367717287,OLS,OLS_1
798,SI_ref_18,NaOH-activated SCW biochars,NPX,Secondary effluent,0.15082313311850198,0.2161467319877436,OLS,OLS_1
800,SI_ref_18,NaOH-activated SCW biochars,NPX,Secondary effluent,0.24701864815812044,0.2161467319877436,OLS,OLS_1
1156,SI_ref_17,Pristine SCG biochar,IBU,Synthetic,0.9684057270887299,1.0078163982513215,OLS,OLS_1
1158,SI_ref_17,Pristine SCG biochar,IBU,Synthetic,0.964180236157731,0.9978879952110956,OLS,OLS_1
1160,SI_ref_17,Pristine SCG biochar,IBU,Synthetic,0.9598191197252507,0.9819350125304263,OLS,OLS_1
1162,SI_ref_17,Pristine SCG biochar,IBU,Synthetic,0.9580437721935793,0.9718086789750209,OLS,OLS_1
1164,SI_ref_17,Pristine SCG biochar,IBU,Synthetic,0.9425460946241216,0.9658749687755399,OLS,OLS_1
1166,SI_ref_17,Pristine SCG biochar,IBU,Synthetic,0.9402369906408686,0.9616621002326032,OLS,OLS_1
1168,SI_ref_17,Pristine SCG biochar,IBU,Synthetic,0.9366107784098637,0.95744753883723,OLS,OLS_1
1170,SI_ref_17,Pristine SCG biochar,IBU,Synthetic,0.7820004901373623,0.907453225615561,OLS,OLS_1
1172,SI_ref_17,Pristine SCG biochar,IBU,Synthetic,0.9276141025756294,0.9515053673049904,OLS,OLS_1
1174,SI_ref_17,Pristine SCG biochar,IBU,Synthetic,0.918292455911169,0.9515053673049904,OLS,OLS_1
1176,SI_ref_17,Pristine SCG biochar,IBU,Synthetic,0.9133007565861092,0.9515053673049904,OLS,OLS_1
1178,SI_ref_17,Pristine SCG biochar,IBU,Synthetic,0.9182483670803396,0.9515053673049904,OLS,OLS_1
1180,SI_ref_17,Pristine SCG biochar,IBU,Synthetic,0.9167234922708469,0.9515053673049904,OLS,OLS_1
1182,SI_ref_17,Pristine SCG biochar,IBU,Synthetic,0.9122551436969301,0.9515053673049904,OLS,OLS_1
1184,SI_ref_17,Pristine SCG biochar,IBU,Synthetic,0.9484982246288517,0.9955575089944196,OLS,OLS_1
1186,SI_ref_17,Pristine SCG biochar,IBU,Synthetic,0.893754721851682,0.9515053673049904,OLS,OLS_1
1188,SI_ref_17,Pristine SCG biochar,IBU,Synthetic,0.8900227639990935,0.9515053673049904,OLS,OLS_1
1190,SI_ref_17,Pristine SCG biochar,IBU,Synthetic,0.924357415959487,0.9515053673049904,OLS,OLS_1
1192,SI_ref_17,Pristine SCG biochar,IBU,Synthetic,0.9226237248225028,0.9515053673049904,OLS,OLS_1
1194,SI_ref_17,Pristine SCG biochar,IBU,Synthetic,0.8857728699803085,0.9515053673049904,OLS,OLS_1
1254,SI_ref_18,Pristine SCW Biochar,IBU,Secondary effluent,0.9156726978407875,1.1544800948925373,OLS,OLS_1
1256,SI_ref_18,Pristine SCW Biochar,IBU,Secondary effluent,0.9079673942368781,1.1445516918523115,OLS,OLS_1
1258,SI_ref_18,Pristine SCW Biochar,IBU,Secondary effluent,0.9043236251446873,1.1345055064757543,OLS,OLS_1
1260,SI_ref_18,Pristine SCW Biochar,IBU,Secondary effluent,0.9020547983951682,1.1243993343147423,OLS,OLS_1
1262,SI_ref_18,Pristine SCW Biochar,IBU,Secondary effluent,0.9004882379050155,1.1142628886737242,OLS,OLS_1
1264,SI_ref_18,Pristine SCW Biochar,IBU,Secondary effluent,0.897458530238549,1.1083257968738192,OLS,OLS_1
1266,SI_ref_18,Pristine SCW Biochar,IBU,Secondary effluent,0.8973424975849196,1.104111235478446,OLS,OLS_1
1267,SI_ref_18,Pristine SCW Biochar,IBU,Secondary effluent,0.8360939688333745,1.0981690639462063,OLS,OLS_1
1268,SI_ref_18,Pristine SCW Biochar,IBU,Secondary effluent,0.8984823855966844,1.0981690639462063,OLS,OLS_1
1270,SI_ref_18,Pristine SCW Biochar,IBU,Secondary effluent,0.8874692330465712,1.0761429931014916,OLS,OLS_1
1272,SI_ref_18,Pristine SCW Biochar,IBU,Secondary effluent,0.9012569556545285,1.1160477583392396,OLS,OLS_1
1274,SI_ref_18,Pristine SCW Biochar,IBU,Secondary effluent,0.8992057856547054,1.0981690639462063,OLS,OLS_1
1278,SI_ref_18,Pristine SCW Biochar,IBU,Secondary effluent,0.9165018852947014,1.0981690639462063,OLS,OLS_1
1282,SI_ref_18,Pristine SCW Biochar,IBU,Secondary effluent,0.9202396860047187,1.0981690639462063,OLS,OLS_1
1286,SI_ref_18,Pristine SCW Biochar,IBU,Secondary effluent,0.9152513064761528,1.0981690639462063,OLS,OLS_1
1290,SI_ref_18,Pristine SCW Biochar,IBU,Secondary effluent,0.9145713435205399,1.0981690639462063,OLS,OLS_1
1294,SI_ref_18,Pristine SCW Biochar,IBU,Secondary effluent,0.9194281493241605,1.0981690639462063,OLS,OLS_1
1299,SI_ref_18,Pristine SCW Biochar,IBU,Secondary effluent,0.891903218347585,1.080290369553173,OLS,OLS_1
1301,SI_ref_18,Pristine SCW Biochar,IBU,Secondary effluent,0.9069133641489088,1.120195134790921,OLS,OLS_1
1303,SI_ref_18,Pristine SCW Biochar,IBU,Secondary effluent,0.9145392250293353,1.1422212056356356,OLS,OLS_1
1304,SI_ref_18,Pristine SCW Biochar,IBU,Secondary effluent,0.911352956646831,1.0981690639462063,OLS,OLS_1
1305,SI_ref_18,Pristine SCW Biochar,IBU,Secondary effluent,0.8992133437264335,1.0981690639462063,OLS,OLS_1
1309,SI_ref_18,Pristine SCW Biochar,NPX,Secondary effluent,0.9276600601799115,0.852043264164888,OLS,OLS_1
1311,SI_ref_18,Pristine SCW Biochar,NPX,Secondary effluent,0.9217275625657669,0.8421148611246619,OLS,OLS_1
1313,SI_ref_18,Pristine SCW Biochar,NPX,Secondary effluent,0.9151672500810683,0.832068675748105,OLS,OLS_1
1315,SI_ref_18,Pristine SCW Biochar,NPX,Secondary effluent,0.914870212237198,0.8219625035870929,OLS,OLS_1
1317,SI_ref_18,Pristine SCW Biochar,NPX,Secondary effluent,0.9125118045566373,0.8118260579460747,OLS,OLS_1
1319,SI_ref_18,Pristine SCW Biochar,NPX,Secondary effluent,0.9122370962869346,0.8058889661461696,OLS,OLS_1
1321,SI_ref_18,Pristine SCW Biochar,NPX,Secondary effluent,0.9100475600528815,0.8016744047507963,OLS,OLS_1
1322,SI_ref_18,Pristine SCW Biochar,NPX,Secondary effluent,0.8724917016408669,0.7957322332185567,OLS,OLS_1
1323,SI_ref_18,Pristine SCW Biochar,NPX,Secondary effluent,0.9222871559920565,0.7957322332185567,OLS,OLS_1
1325,SI_ref_18,Pristine SCW Biochar,NPX,Secondary effluent,0.8954095327862793,0.773706162373842,OLS,OLS_1
1327,SI_ref_18,Pristine SCW Biochar,NPX,Secondary effluent,0.9153416500332668,0.81361092761159,OLS,OLS_1
1329,SI_ref_18,Pristine SCW Biochar,NPX,Secondary effluent,0.910898633301941,0.7957322332185567,OLS,OLS_1
1331,SI_ref_18,Pristine SCW Biochar,NPX,Secondary effluent,0.9081761980542199,0.7957322332185567,OLS,OLS_1
1333,SI_ref_18,Pristine SCW Biochar,NPX,Secondary effluent,0.9126518494691617,0.7957322332185567,OLS,OLS_1
1335,SI_ref_18,Pristine SCW Biochar,NPX,Secondary effluent,0.9091665914238204,0.7957322332185567,OLS,OLS_1
1337,SI_ref_18,Pristine SCW Biochar,NPX,Secondary effluent,0.9109852392346297,0.7957322332185567,OLS,OLS_1
1339,SI_ref_18,Pristine SCW Biochar,NPX,Secondary effluent,0.9170303341534803,0.7957322332185567,OLS,OLS_1
1341,SI_ref_18,Pristine SCW Biochar,NPX,Secondary effluent,0.9109021678864493,0.7778535388255233,OLS,OLS_1
1343,SI_ref_18,Pristine SCW Biochar,NPX,Secondary effluent,0.9138805167442893,0.8177583040632713,OLS,OLS_1
1345,SI_ref_18,Pristine SCW Biochar,NPX,Secondary effluent,0.9200278517039994,0.839784374907986,OLS,OLS_1
1346,SI_ref_18,Pristine SCW Biochar,NPX,Secondary effluent,0.9136165317560039,0.7957322332185567,OLS,OLS_1
1347,SI_ref_18,Pristine SCW Biochar,NPX,Secondary effluent,0.9038576927569927,0.7957322332185569,OLS,OLS_1
189,SI_ref_17,Alkali-modified SCG biochars,IBU,Synthetic,0.6581206763788531,0.3064306608243978,PCR,PCR_2
191,SI_ref_17,Alkali-modified SCG biochars,IBU,Synthetic,0.6239833523895453,0.2962035432249367,PCR,PCR_2
193,SI_ref_17,Alkali-modified SCG biochars,IBU,Synthetic,0.5119378819344518,0.27977058524807563,PCR,PCR_2
195,SI_ref_17,Alkali-modified SCG biochars,IBU,Synthetic,0.4585781550994164,0.269339582024002,PCR,PCR_2
197,SI_ref_17,Alkali-modified SCG biochars,IBU,Synthetic,0.44243948810088646,0.26322734506450873,PCR,PCR_2
199,SI_ref_17,Alkali-modified SCG biochars,IBU,Synthetic,0.4544355679658596,0.25888772449863146,PCR,PCR_2
201,SI_ref_17,Alkali-modified SCG biochars,IBU,Synthetic,0.39592651561701936,0.2545463601476884,PCR,PCR_2
203,SI_ref_17,Alkali-modified SCG biochars,IBU,Synthetic,0.10913541523053398,0.20803195521979462,PCR,PCR_2
205,SI_ref_17,Alkali-modified SCG biochars,IBU,Synthetic,0.3052806700714839,0.24842540728042828,PCR,PCR_2
207,SI_ref_17,Alkali-modified SCG biochars,IBU,Synthetic,0.4311083753711556,0.24842540728042828,PCR,PCR_2
209,SI_ref_17,Alkali-modified SCG biochars,IBU,Synthetic,0.3789894895081609,0.24842540728042828,PCR,PCR_2
211,SI_ref_17,Alkali-modified SCG biochars,IBU,Synthetic,0.3304133868875155,0.24842540728042828,PCR,PCR_2
213,SI_ref_17,Alkali-modified SCG biochars,IBU,Synthetic,0.33928547446435453,0.24842540728042828,PCR,PCR_2
215,SI_ref_17,Alkali-modified SCG biochars,IBU,Synthetic,0.3234505141947598,0.24842540728042828,PCR,PCR_2
217,SI_ref_17,Alkali-modified SCG biochars,IBU,Synthetic,0.6889998443034063,0.28881885934106194,PCR,PCR_2
219,SI_ref_17,Alkali-modified SCG biochars,IBU,Synthetic,0.1184746430703935,0.24842540728042828,PCR,PCR_2
221,SI_ref_17,Alkali-modified SCG biochars,IBU,Synthetic,0.35446182653715885,0.24842540728042828,PCR,PCR_2
223,SI_ref_17,Alkali-modified SCG biochars,IBU,Synthetic,0.5365490577861332,0.24842540728042828,PCR,PCR_2
225,SI_ref_17,Alkali-modified SCG biochars,IBU,Synthetic,0.5901579894748284,0.24842540728042828,PCR,PCR_2
227,SI_ref_17,Alkali-modified SCG biochars,IBU,Synthetic,0.6910697148739985,0.24842540728042828,PCR,PCR_2
229,SI_ref_16,C-Biochar,ATE,Synthetic,0.8511111111111113,0.48754710605876683,PCR,PCR_2
230,SI_ref_16,C-Biochar,ATE,Synthetic,0.7400000000000001,0.5077438320890838,PCR,PCR_2
231,SI_ref_16,C-Biochar,ATE,Synthetic,0.7400000000000001,0.5461368757226939,PCR,PCR_2
232,SI_ref_16,C-Biochar,ATE,Synthetic,0.7453872053872055,0.5279405581194005,PCR,PCR_2
233,SI_ref_16,C-Biochar,ATE,Synthetic,0.8733333333333334,0.5279405581194005,PCR,PCR_2
234,SI_ref_16,C-Biochar,ATE,Synthetic,0.8288888888888891,0.5279405581194005,PCR,PCR_2
235,SI_ref_16,C-Biochar,ATE,Synthetic,0.8511111111111113,0.5279405581194005,PCR,PCR_2
236,SI_ref_16,C-Biochar,ATE,Synthetic,0.7844444444444446,0.5279405581194005,PCR,PCR_2
237,SI_ref_16,C-Biochar,ATE,Synthetic,0.8733333333333334,0.5279405581194005,PCR,PCR_2
238,SI_ref_16,C-Biochar,ATE,Synthetic,0.6733333333333335,0.5097442405161072,PCR,PCR_2
239,SI_ref_16,C-Biochar,ATE,Synthetic,0.6511111111111112,0.49154792291281413,PCR,PCR_2
240,SI_ref_16,C-Biochar,ATE,Synthetic,0.6288888888888889,0.5481372841497174,PCR,PCR_2
241,SI_ref_16,C-Biochar,ATE,Synthetic,0.7774074074074075,0.5279405581194005,PCR,PCR_2
242,SI_ref_16,C-Biochar,ATE,Synthetic,0.7824691358024691,0.5279405581194005,PCR,PCR_2
243,SI_ref_16,C-Biochar,ATE,Synthetic,0.8257777777777777,0.5279405581194005,PCR,PCR_2
244,SI_ref_16,C-Biochar,ATE,Synthetic,0.8438888888888889,0.5279405581194005,PCR,PCR_2
245,SI_ref_16,C-Biochar,ATE,Synthetic,0.8562222222222223,0.5279405581194005,PCR,PCR_2
263,SI_ref_16,C-Biochar,IBU,Synthetic,0.5333333333333333,0.4875808964054561,PCR,PCR_2
264,SI_ref_16,C-Biochar,IBU,Synthetic,0.7333333333333333,0.5077776224357732,PCR,PCR_2
265,SI_ref_16,C-Biochar,IBU,Synthetic,0.6000000000000001,0.5461706660693831,PCR,PCR_2
266,SI_ref_16,C-Biochar,IBU,Synthetic,0.6121212121212122,0.5279743484660899,PCR,PCR_2
267,SI_ref_16,C-Biochar,IBU,Synthetic,0.7333333333333333,0.5279743484660899,PCR,PCR_2
268,SI_ref_16,C-Biochar,IBU,Synthetic,0.5333333333333333,0.5279743484660899,PCR,PCR_2
269,SI_ref_16,C-Biochar,IBU,Synthetic,0.4666666666666666,0.5279743484660899,PCR,PCR_2
270,SI_ref_16,C-Biochar,IBU,Synthetic,0.5555555555555556,0.5279743484660899,PCR,PCR_2
271,SI_ref_16,C-Biochar,IBU,Synthetic,0.6000000000000001,0.5279743484660899,PCR,PCR_2
272,SI_ref_16,C-Biochar,IBU,Synthetic,0.6000000000000001,0.5097780308627966,PCR,PCR_2
273,SI_ref_16,C-Biochar,IBU,Synthetic,0.6000000000000001,0.4915817132595034,PCR,PCR_2
274,SI_ref_16,C-Biochar,IBU,Synthetic,1.0666666666666667,0.5481710744964069,PCR,PCR_2
275,SI_ref_16,C-Biochar,IBU,Synthetic,0.5277777777777777,0.5279743484660899,PCR,PCR_2
276,SI_ref_16,C-Biochar,IBU,Synthetic,0.7,0.5279743484660899,PCR,PCR_2
277,SI_ref_16,C-Biochar,IBU,Synthetic,0.7844444444444444,0.5279743484660899,PCR,PCR_2
278,SI_ref_16,C-Biochar,IBU,Synthetic,0.8430555555555557,0.5279743484660899,PCR,PCR_2
279,SI_ref_16,C-Biochar,IBU,Synthetic,0.861111111111111,0.5279743484660899,PCR,PCR_2
354,SI_ref_14,GCRB,DIU,Synthetic,0.983291565929579,1.068046980461681,PCR,PCR_2
355,SI_ref_14,GCRB,DIU,Synthetic,0.9782739977994132,1.05781986286222,PCR,PCR_2
356,SI_ref_14,GCRB,DIU,Synthetic,0.9708791324637501,1.0474714192247325,PCR,PCR_2
357,SI_ref_14,GCRB,DIU,Synthetic,0.964507517643233,1.0370611839882793,PCR,PCR_2
358,SI_ref_14,GCRB,DIU,Synthetic,0.960647920928618,1.0266197644376003,PCR,PCR_2
359,SI_ref_14,GCRB,DIU,Synthetic,0.9584857336381704,1.0205040441359148,PCR,PCR_2
360,SI_ref_14,GCRB,DIU,Synthetic,0.9536869714697045,1.0161626797849717,PCR,PCR_2
361,SI_ref_14,GCRB,DIU,Synthetic,0.9291396445453227,0.9696482748570778,PCR,PCR_2
362,SI_ref_14,GCRB,DIU,Synthetic,0.9775416982957918,1.0282380445210049,PCR,PCR_2
363,SI_ref_14,GCRB,DIU,Synthetic,0.9527369648004039,1.0100417269177113,PCR,PCR_2
364,SI_ref_14,GCRB,DIU,Synthetic,0.9478201604463821,1.0100417269177113,PCR,PCR_2
365,SI_ref_14,GCRB,DIU,Synthetic,0.9265327424413893,1.0100417269177113,PCR,PCR_2
366,SI_ref_14,GCRB,DIU,Synthetic,0.9253239651903417,1.0100417269177113,PCR,PCR_2
367,SI_ref_14,GCRB,DIU,Synthetic,0.9238760352548926,1.0100417269177113,PCR,PCR_2
368,SI_ref_14,GCRB,DIU,Synthetic,0.9417552695951205,0.9918454093144183,PCR,PCR_2
369,SI_ref_14,GCRB,DIU,Synthetic,0.9147016410628197,0.9918454093144183,PCR,PCR_2
370,SI_ref_14,GCRB,DIU,Synthetic,0.9192051981667979,1.0504351789783453,PCR,PCR_2
371,SI_ref_14,GCRB,DIU,Synthetic,0.9535021691371877,1.0100417269177113,PCR,PCR_2
372,SI_ref_14,GCRB,DIU,Synthetic,0.9661748102299111,1.0100417269177113,PCR,PCR_2
373,SI_ref_14,GCRB,DIU,Synthetic,1.0173780045422414,1.0100417269177113,PCR,PCR_2
374,SI_ref_14,GCRB,DIU,Synthetic,1.0082496176169822,1.0100417269177113,PCR,PCR_2
375,SI_ref_14,GCRB,DIU,Synthetic,0.9496862840784065,1.0100417269177113,PCR,PCR_2
439,SI_ref_14,GCRB-N,DIU,Synthetic,0.6654043880576614,0.57779502165506,PCR,PCR_2
440,SI_ref_14,GCRB-N,DIU,Synthetic,0.5844535743219663,0.5675679040555989,PCR,PCR_2
441,SI_ref_14,GCRB-N,DIU,Synthetic,0.5079200907404222,0.5572194604181117,PCR,PCR_2
442,SI_ref_14,GCRB-N,DIU,Synthetic,0.37854626102465844,0.5468092251816582,PCR,PCR_2
443,SI_ref_14,GCRB-N,DIU,Synthetic,0.26690125827656935,0.5363678056309792,PCR,PCR_2
444,SI_ref_14,GCRB-N,DIU,Synthetic,0.2332409918272794,0.5302520853292935,PCR,PCR_2
445,SI_ref_14,GCRB-N,DIU,Synthetic,0.1951305004086504,0.5259107209783507,PCR,PCR_2
446,SI_ref_14,GCRB-N,DIU,Synthetic,0.2075726875081201,0.47939631605045674,PCR,PCR_2
447,SI_ref_14,GCRB-N,DIU,Synthetic,0.26826652394124667,0.5379860857143838,PCR,PCR_2
448,SI_ref_14,GCRB-N,DIU,Synthetic,0.1819381767074788,0.5197897681110903,PCR,PCR_2
449,SI_ref_14,GCRB-N,DIU,Synthetic,0.15093015054787579,0.5015934505077972,PCR,PCR_2
450,SI_ref_14,GCRB-N,DIU,Synthetic,0.1736169508150928,0.5015934505077972,PCR,PCR_2
451,SI_ref_14,GCRB-N,DIU,Synthetic,0.16382165003373128,0.5601832201717242,PCR,PCR_2
452,SI_ref_14,GCRB-N,DIU,Synthetic,0.1932052297084895,0.5197897681110903,PCR,PCR_2
453,SI_ref_14,GCRB-N,DIU,Synthetic,0.1683505359330984,0.5197792866297488,PCR,PCR_2
454,SI_ref_14,GCRB-N,DIU,Synthetic,0.1647692025710552,0.5197688124145993,PCR,PCR_2
455,SI_ref_14,GCRB-N,DIU,Synthetic,0.3384549122360595,0.5197688124145993,PCR,PCR_2
456,SI_ref_14,GCRB-N,DIU,Synthetic,0.1402528461142079,0.5197583454555745,PCR,PCR_2
457,SI_ref_14,GCRB-N,DIU,Synthetic,0.5187315058108145,0.5197583454555745,PCR,PCR_2
458,SI_ref_14,GCRB-N,DIU,Synthetic,0.12629127082807837,0.5197478857426278,PCR,PCR_2
459,SI_ref_14,GCRB-N,DIU,Synthetic,0.6455190877003087,0.5197478857426278,PCR,PCR_2
460,SI_ref_14,GCRB-N,DIU,Synthetic,0.12138562309836234,0.5197374332657336,PCR,PCR_2
461,SI_ref_14,GCRB-N,DIU,Synthetic,0.6666027581171994,0.5197374332657336,PCR,PCR_2
462,SI_ref_14,GCRB-N,DIU,Synthetic,0.16773925939532233,0.5197269880148868,PCR,PCR_2
463,SI_ref_14,GCRB-N,DIU,Synthetic,0.15967117649899737,0.5197165499801034,PCR,PCR_2
464,SI_ref_14,GCRB-N,DIU,Synthetic,0.27418422723714847,0.5197165499801034,PCR,PCR_2
465,SI_ref_14,GCRB-N,DIU,Synthetic,0.1405827183894587,0.5197061191514198,PCR,PCR_2
466,SI_ref_14,GCRB-N,DIU,Synthetic,0.5605758859577746,0.5197061191514198,PCR,PCR_2
467,SI_ref_14,GCRB-N,DIU,Synthetic,0.13173953864692908,0.5196956955188933,PCR,PCR_2
468,SI_ref_14,GCRB-N,DIU,Synthetic,0.6564705601884918,0.5196956955188933,PCR,PCR_2
469,SI_ref_14,GCRB-N,DIU,Synthetic,0.12617131727344172,0.5196852790726013,PCR,PCR_2
470,SI_ref_14,GCRB-N,DIU,Synthetic,0.6552893507455957,0.5196852790726013,PCR,PCR_2
471,SI_ref_14,GCRB-N,DIU,Synthetic,0.1676281074261493,0.5196748698026421,PCR,PCR_2
472,SI_ref_14,GCRB-N,DIU,Synthetic,0.1622201895350263,0.5196644676991345,PCR,PCR_2
473,SI_ref_14,GCRB-N,DIU,Synthetic,0.31928006415696586,0.5196644676991345,PCR,PCR_2
474,SI_ref_14,GCRB-N,DIU,Synthetic,0.14041778225183332,0.5196540727522174,PCR,PCR_2
475,SI_ref_14,GCRB-N,DIU,Synthetic,0.5410485473017326,0.5196540727522174,PCR,PCR_2
476,SI_ref_14,GCRB-N,DIU,Synthetic,0.12901540473750372,0.51964368495205,PCR,PCR_2
477,SI_ref_14,GCRB-N,DIU,Synthetic,0.6413243626564091,0.51964368495205,PCR,PCR_2
478,SI_ref_14,GCRB-N,DIU,Synthetic,0.12377847018590202,0.5196333042888126,PCR,PCR_2
479,SI_ref_14,GCRB-N,DIU,Synthetic,0.665837914589971,0.5196333042888126,PCR,PCR_2
699,SI_ref_18,NaOH-activated SCW biochars,IBU,Secondary effluent,0.8098199350756726,0.4224790746108102,PCR,PCR_2
701,SI_ref_18,NaOH-activated SCW biochars,IBU,Secondary effluent,0.7485969905050348,0.41225195701134904,PCR,PCR_2
703,SI_ref_18,NaOH-activated SCW biochars,IBU,Secondary effluent,0.6850179499229786,0.40190351337386154,PCR,PCR_2
705,SI_ref_18,NaOH-activated SCW biochars,IBU,Secondary effluent,0.6861011679416551,0.3914932781374084,PCR,PCR_2
707,SI_ref_18,NaOH-activated SCW biochars,IBU,Secondary effluent,0.6799185617433835,0.38105185858672924,PCR,PCR_2
709,SI_ref_18,NaOH-activated SCW biochars,IBU,Secondary effluent,0.6765813990931481,0.3749361382850438,PCR,PCR_2
711,SI_ref_18,NaOH-activated SCW biochars,IBU,Secondary effluent,0.6777803451607008,0.3705947739341007,PCR,PCR_2
713,SI_ref_18,NaOH-activated SCW biochars,IBU,Secondary effluent,0.19946424836974086,0.3644738210668406,PCR,PCR_2
715,SI_ref_18,NaOH-activated SCW biochars,IBU,Secondary effluent,0.45728603839109744,0.3644738210668406,PCR,PCR_2
717,SI_ref_18,NaOH-activated SCW biochars,IBU,Secondary effluent,0.5431517029603264,0.3442770950365236,PCR,PCR_2
719,SI_ref_18,NaOH-activated SCW biochars,IBU,Secondary effluent,0.6932620426015607,0.38267013867013383,PCR,PCR_2
721,SI_ref_18,NaOH-activated SCW biochars,IBU,Secondary effluent,0.675113405421536,0.3644738210668406,PCR,PCR_2
725,SI_ref_18,NaOH-activated SCW biochars,IBU,Secondary effluent,0.6458796718925713,0.3644738210668406,PCR,PCR_2
729,SI_ref_18,NaOH-activated SCW biochars,IBU,Secondary effluent,0.6230174196820357,0.3644738210668406,PCR,PCR_2
733,SI_ref_18,NaOH-activated SCW biochars,IBU,Secondary effluent,0.6232264558664639,0.3644738210668406,PCR,PCR_2
737,SI_ref_18,NaOH-activated SCW biochars,IBU,Secondary effluent,0.6321330290401536,0.3644738210668406,PCR,PCR_2
741,SI_ref_18,NaOH-activated SCW biochars,IBU,Secondary effluent,0.6274964829882473,0.3644738210668406,PCR,PCR_2
746,SI_ref_18,NaOH-activated SCW biochars,IBU,Secondary effluent,0.6482993087024828,0.34627750346354735,PCR,PCR_2
748,SI_ref_18,NaOH-activated SCW biochars,IBU,Secondary effluent,0.7478636767346728,0.38467054709715753,PCR,PCR_2
750,SI_ref_18,NaOH-activated SCW biochars,IBU,Secondary effluent,0.811827151849907,0.4048672731274744,PCR,PCR_2
752,SI_ref_18,NaOH-activated SCW biochars,IBU,Secondary effluent,0.7252319435730717,0.3644738210668406,PCR,PCR_2
754,SI_ref_18,NaOH-activated SCW biochars,IBU,Secondary effluent,0.7786423949758233,0.3644738210668406,PCR,PCR_2
758,SI_ref_18,NaOH-activated SCW biochars,NPX,Secondary effluent,0.5521972966156422,0.4261730633625564,PCR,PCR_2
760,SI_ref_18,NaOH-activated SCW biochars,NPX,Secondary effluent,0.4814245289032641,0.4159459457630953,PCR,PCR_2
762,SI_ref_18,NaOH-activated SCW biochars,NPX,Secondary effluent,0.34455951981715066,0.40559750212560797,PCR,PCR_2
764,SI_ref_18,NaOH-activated SCW biochars,NPX,Secondary effluent,0.2493517679350271,0.39518726688915456,PCR,PCR_2
766,SI_ref_18,NaOH-activated SCW biochars,NPX,Secondary effluent,0.16764900163614713,0.3847458473384755,PCR,PCR_2
768,SI_ref_18,NaOH-activated SCW biochars,NPX,Secondary effluent,0.12846350911521487,0.37863012703679005,PCR,PCR_2
770,SI_ref_18,NaOH-activated SCW biochars,NPX,Secondary effluent,0.12873702561203082,0.37428876268584693,PCR,PCR_2
772,SI_ref_18,NaOH-activated SCW biochars,NPX,Secondary effluent,0.026110640989477824,0.36816780981858677,PCR,PCR_2
774,SI_ref_18,NaOH-activated SCW biochars,NPX,Secondary effluent,0.054870517105304405,0.36816780981858677,PCR,PCR_2
776,SI_ref_18,NaOH-activated SCW biochars,NPX,Secondary effluent,0.048092629555703405,0.3479710837882699,PCR,PCR_2
778,SI_ref_18,NaOH-activated SCW biochars,NPX,Secondary effluent,0.16521082834331338,0.38636412742188003,PCR,PCR_2
780,SI_ref_18,NaOH-activated SCW biochars,NPX,Secondary effluent,0.11864589305153721,0.36816780981858677,PCR,PCR_2
782,SI_ref_18,NaOH-activated SCW biochars,NPX,Secondary effluent,0.10983576367726838,0.36816780981858677,PCR,PCR_2
784,SI_ref_18,NaOH-activated SCW biochars,NPX,Secondary effluent,0.10668866579384965,0.36816780981858677,PCR,PCR_2
786,SI_ref_18,NaOH-activated SCW biochars,NPX,Secondary effluent,0.08538292965546301,0.36816780981858677,PCR,PCR_2
788,SI_ref_18,NaOH-activated SCW biochars,NPX,Secondary effluent,0.09141898602740345,0.36816780981858677,PCR,PCR_2
790,SI_ref_18,NaOH-activated SCW biochars,NPX,Secondary effluent,0.11725913824368146,0.36816780981858677,PCR,PCR_2
792,SI_ref_18,NaOH-activated SCW biochars,NPX,Secondary effluent,0.10630651659643675,0.34997149221529356,PCR,PCR_2
794,SI_ref_18,NaOH-activated SCW biochars,NPX,Secondary effluent,0.2275589654025283,0.3883645358489038,PCR,PCR_2
796,SI_ref_18,NaOH-activated SCW biochars,NPX,Secondary effluent,0.27043202483921047,0.40856126187922054,PCR,PCR_2
798,SI_ref_18,NaOH-activated SCW biochars,NPX,Secondary effluent,0.15082313311850198,0.36816780981858677,PCR,PCR_2
800,SI_ref_18,NaOH-activated SCW biochars,NPX,Secondary effluent,0.24701864815812044,0.36816780981858677,PCR,PCR_2
1156,SI_ref_17,Pristine SCG biochar,IBU,Synthetic,0.9684057270887299,0.8885282482911186,PCR,PCR_2
1158,SI_ref_17,Pristine SCG biochar,IBU,Synthetic,0.964180236157731,0.8783011306916576,PCR,PCR_2
1160,SI_ref_17,Pristine SCG biochar,IBU,Synthetic,0.9598191197252507,0.8618681727147967,PCR,PCR_2
1162,SI_ref_17,Pristine SCG biochar,IBU,Synthetic,0.9580437721935793,0.8514371694907229,PCR,PCR_2
1164,SI_ref_17,Pristine SCG biochar,IBU,Synthetic,0.9425460946241216,0.8453249325312298,PCR,PCR_2
1166,SI_ref_17,Pristine SCG biochar,IBU,Synthetic,0.9402369906408686,0.8409853119653523,PCR,PCR_2
1168,SI_ref_17,Pristine SCG biochar,IBU,Synthetic,0.9366107784098637,0.8366439476144094,PCR,PCR_2
1170,SI_ref_17,Pristine SCG biochar,IBU,Synthetic,0.7820004901373623,0.7901295426865155,PCR,PCR_2
1172,SI_ref_17,Pristine SCG biochar,IBU,Synthetic,0.9276141025756294,0.8305229947471492,PCR,PCR_2
1174,SI_ref_17,Pristine SCG biochar,IBU,Synthetic,0.918292455911169,0.8305229947471492,PCR,PCR_2
1176,SI_ref_17,Pristine SCG biochar,IBU,Synthetic,0.9133007565861092,0.8305229947471492,PCR,PCR_2
1178,SI_ref_17,Pristine SCG biochar,IBU,Synthetic,0.9182483670803396,0.8305229947471492,PCR,PCR_2
1180,SI_ref_17,Pristine SCG biochar,IBU,Synthetic,0.9167234922708469,0.8305229947471492,PCR,PCR_2
1182,SI_ref_17,Pristine SCG biochar,IBU,Synthetic,0.9122551436969301,0.8305229947471492,PCR,PCR_2
1184,SI_ref_17,Pristine SCG biochar,IBU,Synthetic,0.9484982246288517,0.8709164468077829,PCR,PCR_2
1186,SI_ref_17,Pristine SCG biochar,IBU,Synthetic,0.893754721851682,0.8305229947471492,PCR,PCR_2
1188,SI_ref_17,Pristine SCG biochar,IBU,Synthetic,0.8900227639990935,0.8305229947471492,PCR,PCR_2
1190,SI_ref_17,Pristine SCG biochar,IBU,Synthetic,0.924357415959487,0.8305229947471492,PCR,PCR_2
1192,SI_ref_17,Pristine SCG biochar,IBU,Synthetic,0.9226237248225028,0.8305229947471492,PCR,PCR_2
1194,SI_ref_17,Pristine SCG biochar,IBU,Synthetic,0.8857728699803085,0.8305229947471492,PCR,PCR_2
1254,SI_ref_18,Pristine SCW Biochar,IBU,Secondary effluent,0.9156726978407875,1.0372987529311721,PCR,PCR_2
1256,SI_ref_18,Pristine SCW Biochar,IBU,Secondary effluent,0.9079673942368781,1.027071635331711,PCR,PCR_2
1258,SI_ref_18,Pristine SCW Biochar,IBU,Secondary effluent,0.9043236251446873,1.0167231916942236,PCR,PCR_2
1260,SI_ref_18,Pristine SCW Biochar,IBU,Secondary effluent,0.9020547983951682,1.0063129564577704,PCR,PCR_2
1262,SI_ref_18,Pristine SCW Biochar,IBU,Secondary effluent,0.9004882379050155,0.9958715369070914,PCR,PCR_2
1264,SI_ref_18,Pristine SCW Biochar,IBU,Secondary effluent,0.897458530238549,0.9897558166054058,PCR,PCR_2
1266,SI_ref_18,Pristine SCW Biochar,IBU,Secondary effluent,0.8973424975849196,0.9854144522544628,PCR,PCR_2
1267,SI_ref_18,Pristine SCW Biochar,IBU,Secondary effluent,0.8360939688333745,0.9792934993872027,PCR,PCR_2
1268,SI_ref_18,Pristine SCW Biochar,IBU,Secondary effluent,0.8984823855966844,0.9792934993872027,PCR,PCR_2
1270,SI_ref_18,Pristine SCW Biochar,IBU,Secondary effluent,0.8874692330465712,0.9590967733568858,PCR,PCR_2
1272,SI_ref_18,Pristine SCW Biochar,IBU,Secondary effluent,0.9012569556545285,0.997489816990496,PCR,PCR_2
1274,SI_ref_18,Pristine SCW Biochar,IBU,Secondary effluent,0.8992057856547054,0.9792934993872027,PCR,PCR_2
1278,SI_ref_18,Pristine SCW Biochar,IBU,Secondary effluent,0.9165018852947014,0.9792934993872027,PCR,PCR_2
1282,SI_ref_18,Pristine SCW Biochar,IBU,Secondary effluent,0.9202396860047187,0.9792934993872027,PCR,PCR_2
1286,SI_ref_18,Pristine SCW Biochar,IBU,Secondary effluent,0.9152513064761528,0.9792934993872027,PCR,PCR_2
1290,SI_ref_18,Pristine SCW Biochar,IBU,Secondary effluent,0.9145713435205399,0.9792934993872027,PCR,PCR_2
1294,SI_ref_18,Pristine SCW Biochar,IBU,Secondary effluent,0.9194281493241605,0.9792934993872027,PCR,PCR_2
1299,SI_ref_18,Pristine SCW Biochar,IBU,Secondary effluent,0.891903218347585,0.9610971817839096,PCR,PCR_2
1301,SI_ref_18,Pristine SCW Biochar,IBU,Secondary effluent,0.9069133641489088,0.9994902254175196,PCR,PCR_2
1303,SI_ref_18,Pristine SCW Biochar,IBU,Secondary effluent,0.9145392250293353,1.0196869514478364,PCR,PCR_2
1304,SI_ref_18,Pristine SCW Biochar,IBU,Secondary effluent,0.911352956646831,0.9792934993872027,PCR,PCR_2
1305,SI_ref_18,Pristine SCW Biochar,IBU,Secondary effluent,0.8992133437264335,0.9792934993872027,PCR,PCR_2
1309,SI_ref_18,Pristine SCW Biochar,NPX,Secondary effluent,0.9276600601799115,1.0409927416829186,PCR,PCR_2
1311,SI_ref_18,Pristine SCW Biochar,NPX,Secondary effluent,0.9217275625657669,1.0307656240834573,PCR,PCR_2
1313,SI_ref_18,Pristine SCW Biochar,NPX,Secondary effluent,0.9151672500810683,1.02041718044597,PCR,PCR_2
1315,SI_ref_18,Pristine SCW Biochar,NPX,Secondary effluent,0.914870212237198,1.0100069452095168,PCR,PCR_2
1317,SI_ref_18,Pristine SCW Biochar,NPX,Secondary effluent,0.9125118045566373,0.9995655256588376,PCR,PCR_2
1319,SI_ref_18,Pristine SCW Biochar,NPX,Secondary effluent,0.9122370962869346,0.9934498053571521,PCR,PCR_2
1321,SI_ref_18,Pristine SCW Biochar,NPX,Secondary effluent,0.9100475600528815,0.9891084410062091,PCR,PCR_2
1322,SI_ref_18,Pristine SCW Biochar,NPX,Secondary effluent,0.8724917016408669,0.9829874881389489,PCR,PCR_2
1323,SI_ref_18,Pristine SCW Biochar,NPX,Secondary effluent,0.9222871559920565,0.9829874881389489,PCR,PCR_2
1325,SI_ref_18,Pristine SCW Biochar,NPX,Secondary effluent,0.8954095327862793,0.9627907621086321,PCR,PCR_2
1327,SI_ref_18,Pristine SCW Biochar,NPX,Secondary effluent,0.9153416500332668,1.0011838057422424,PCR,PCR_2
1329,SI_ref_18,Pristine SCW Biochar,NPX,Secondary effluent,0.910898633301941,0.9829874881389489,PCR,PCR_2
1331,SI_ref_18,Pristine SCW Biochar,NPX,Secondary effluent,0.9081761980542199,0.9829874881389489,PCR,PCR_2
1333,SI_ref_18,Pristine SCW Biochar,NPX,Secondary effluent,0.9126518494691617,0.9829874881389489,PCR,PCR_2
1335,SI_ref_18,Pristine SCW Biochar,NPX,Secondary effluent,0.9091665914238204,0.9829874881389489,PCR,PCR_2
1337,SI_ref_18,Pristine SCW Biochar,NPX,Secondary effluent,0.9109852392346297,0.9829874881389489,PCR,PCR_2
1339,SI_ref_18,Pristine SCW Biochar,NPX,Secondary effluent,0.9170303341534803,0.9829874881389489,PCR,PCR_2
1341,SI_ref_18,Pristine SCW Biochar,NPX,Secondary effluent,0.9109021678864493,0.9647911705356558,PCR,PCR_2
1343,SI_ref_18,Pristine SCW Biochar,NPX,Secondary effluent,0.9138805167442893,1.003184214169266,PCR,PCR_2
1345,SI_ref_18,Pristine SCW Biochar,NPX,Secondary effluent,0.9200278517039994,1.0233809401995828,PCR,PCR_2
1346,SI_ref_18,Pristine SCW Biochar,NPX,Secondary effluent,0.9136165317560039,0.9829874881389489,PCR,PCR_2
1347,SI_ref_18,Pristine SCW Biochar,NPX,Secondary effluent,0.9038576927569927,0.9829874881389489,PCR,PCR_2
189,SI_ref_17,Alkali-modified SCG biochars,IBU,Synthetic,0.6581206763788531,0.40098273601062384,PLS,PLS_2
191,SI_ref_17,Alkali-modified SCG biochars,IBU,Synthetic,0.6239833523895453,0.39044442770613075,PLS,PLS_2
193,SI_ref_17,Alkali-modified SCG biochars,IBU,Synthetic,0.5119378819344518,0.37351144773100403,PLS,PLS_2
195,SI_ref_17,Alkali-modified SCG biochars,IBU,Synthetic,0.4585781550994164,0.3627630499706964,PLS,PLS_2
197,SI_ref_17,Alkali-modified SCG biochars,IBU,Synthetic,0.44243948810088646,0.3564648298825016,PLS,PLS_2
199,SI_ref_17,Alkali-modified SCG biochars,IBU,Synthetic,0.4544355679658596,0.3519931633544719,PLS,PLS_2
201,SI_ref_17,Alkali-modified SCG biochars,IBU,Synthetic,0.39592651561701936,0.34751969998148946,PLS,PLS_2
203,SI_ref_17,Alkali-modified SCG biochars,IBU,Synthetic,0.10913541523053398,0.2317361924831156,PLS,PLS_2
205,SI_ref_17,Alkali-modified SCG biochars,IBU,Synthetic,0.3052806700714839,0.34121249877791116,PLS,PLS_2
207,SI_ref_17,Alkali-modified SCG biochars,IBU,Synthetic,0.4311083753711556,0.34121249877791116,PLS,PLS_2
209,SI_ref_17,Alkali-modified SCG biochars,IBU,Synthetic,0.3789894895081609,0.34121249877791116,PLS,PLS_2
211,SI_ref_17,Alkali-modified SCG biochars,IBU,Synthetic,0.3304133868875155,0.34121249877791116,PLS,PLS_2
213,SI_ref_17,Alkali-modified SCG biochars,IBU,Synthetic,0.33928547446435453,0.34121249877791116,PLS,PLS_2
215,SI_ref_17,Alkali-modified SCG biochars,IBU,Synthetic,0.3234505141947598,0.34121249877791116,PLS,PLS_2
217,SI_ref_17,Alkali-modified SCG biochars,IBU,Synthetic,0.6889998443034063,0.45068880507270664,PLS,PLS_2
219,SI_ref_17,Alkali-modified SCG biochars,IBU,Synthetic,0.1184746430703935,0.34121249877791116,PLS,PLS_2
221,SI_ref_17,Alkali-modified SCG biochars,IBU,Synthetic,0.35446182653715885,0.34121249877791116,PLS,PLS_2
223,SI_ref_17,Alkali-modified SCG biochars,IBU,Synthetic,0.5365490577861332,0.34121249877791116,PLS,PLS_2
225,SI_ref_17,Alkali-modified SCG biochars,IBU,Synthetic,0.5901579894748284,0.34121249877791116,PLS,PLS_2
227,SI_ref_17,Alkali-modified SCG biochars,IBU,Synthetic,0.6910697148739985,0.34121249877791116,PLS,PLS_2
229,SI_ref_16,C-Biochar,ATE,Synthetic,0.8511111111111113,0.4755920007528119,PLS,PLS_2
230,SI_ref_16,C-Biochar,ATE,Synthetic,0.7400000000000001,0.5303301539002097,PLS,PLS_2
231,SI_ref_16,C-Biochar,ATE,Synthetic,0.7400000000000001,0.6087549415473865,PLS,PLS_2
232,SI_ref_16,C-Biochar,ATE,Synthetic,0.7453872053872055,0.5850683070476075,PLS,PLS_2
233,SI_ref_16,C-Biochar,ATE,Synthetic,0.8733333333333334,0.5850683070476075,PLS,PLS_2
234,SI_ref_16,C-Biochar,ATE,Synthetic,0.8288888888888891,0.5850683070476075,PLS,PLS_2
235,SI_ref_16,C-Biochar,ATE,Synthetic,0.8511111111111113,0.5850683070476075,PLS,PLS_2
236,SI_ref_16,C-Biochar,ATE,Synthetic,0.7844444444444446,0.5850683070476075,PLS,PLS_2
237,SI_ref_16,C-Biochar,ATE,Synthetic,0.8733333333333334,0.5850683070476075,PLS,PLS_2
238,SI_ref_16,C-Biochar,ATE,Synthetic,0.6733333333333335,0.5613816725478284,PLS,PLS_2
239,SI_ref_16,C-Biochar,ATE,Synthetic,0.6511111111111112,0.5376950380480493,PLS,PLS_2
240,SI_ref_16,C-Biochar,ATE,Synthetic,0.6288888888888889,0.6398064601950052,PLS,PLS_2
241,SI_ref_16,C-Biochar,ATE,Synthetic,0.7774074074074075,0.5850683070476075,PLS,PLS_2
242,SI_ref_16,C-Biochar,ATE,Synthetic,0.7824691358024691,0.5850683070476075,PLS,PLS_2
243,SI_ref_16,C-Biochar,ATE,Synthetic,0.8257777777777777,0.5850683070476075,PLS,PLS_2
244,SI_ref_16,C-Biochar,ATE,Synthetic,0.8438888888888889,0.5850683070476075,PLS,PLS_2
245,SI_ref_16,C-Biochar,ATE,Synthetic,0.8562222222222223,0.5850683070476075,PLS,PLS_2
263,SI_ref_16,C-Biochar,IBU,Synthetic,0.5333333333333333,0.49839890787908214,PLS,PLS_2
264,SI_ref_16,C-Biochar,IBU,Synthetic,0.7333333333333333,0.5531370610264799,PLS,PLS_2
265,SI_ref_16,C-Biochar,IBU,Synthetic,0.6000000000000001,0.6315618486736567,PLS,PLS_2
266,SI_ref_16,C-Biochar,IBU,Synthetic,0.6121212121212122,0.6078752141738777,PLS,PLS_2
267,SI_ref_16,C-Biochar,IBU,Synthetic,0.7333333333333333,0.6078752141738777,PLS,PLS_2
268,SI_ref_16,C-Biochar,IBU,Synthetic,0.5333333333333333,0.6078752141738777,PLS,PLS_2
269,SI_ref_16,C-Biochar,IBU,Synthetic,0.4666666666666666,0.6078752141738777,PLS,PLS_2
270,SI_ref_16,C-Biochar,IBU,Synthetic,0.5555555555555556,0.6078752141738777,PLS,PLS_2
271,SI_ref_16,C-Biochar,IBU,Synthetic,0.6000000000000001,0.6078752141738777,PLS,PLS_2
272,SI_ref_16,C-Biochar,IBU,Synthetic,0.6000000000000001,0.5841885796740987,PLS,PLS_2
273,SI_ref_16,C-Biochar,IBU,Synthetic,0.6000000000000001,0.5605019451743195,PLS,PLS_2
274,SI_ref_16,C-Biochar,IBU,Synthetic,1.0666666666666667,0.6626133673212754,PLS,PLS_2
275,SI_ref_16,C-Biochar,IBU,Synthetic,0.5277777777777777,0.6078752141738777,PLS,PLS_2
276,SI_ref_16,C-Biochar,IBU,Synthetic,0.7,0.6078752141738777,PLS,PLS_2
277,SI_ref_16,C-Biochar,IBU,Synthetic,0.7844444444444444,0.6078752141738777,PLS,PLS_2
278,SI_ref_16,C-Biochar,IBU,Synthetic,0.8430555555555557,0.6078752141738777,PLS,PLS_2
279,SI_ref_16,C-Biochar,IBU,Synthetic,0.861111111111111,0.6078752141738777,PLS,PLS_2
354,SI_ref_14,GCRB,DIU,Synthetic,0.983291565929579,1.1000749606917615,PLS,PLS_2
355,SI_ref_14,GCRB,DIU,Synthetic,0.9782739977994132,1.0895366523872685,PLS,PLS_2
356,SI_ref_14,GCRB,DIU,Synthetic,0.9708791324637501,1.0788733263364114,PLS,PLS_2
357,SI_ref_14,GCRB,DIU,Synthetic,0.964507517643233,1.068146328491992,PLS,PLS_2
358,SI_ref_14,GCRB,DIU,Synthetic,0.960647920928618,1.057387197457123,PLS,PLS_2
359,SI_ref_14,GCRB,DIU,Synthetic,0.9584857336381704,1.0510853880356097,PLS,PLS_2
360,SI_ref_14,GCRB,DIU,Synthetic,0.9536869714697045,1.0466119246626273,PLS,PLS_2
361,SI_ref_14,GCRB,DIU,Synthetic,0.9291396445453227,0.9308284171642534,PLS,PLS_2
362,SI_ref_14,GCRB,DIU,Synthetic,0.9775416982957918,1.063991357958828,PLS,PLS_2
363,SI_ref_14,GCRB,DIU,Synthetic,0.9527369648004039,1.040304723459049,PLS,PLS_2
364,SI_ref_14,GCRB,DIU,Synthetic,0.9478201604463821,1.040304723459049,PLS,PLS_2
365,SI_ref_14,GCRB,DIU,Synthetic,0.9265327424413893,1.040304723459049,PLS,PLS_2
366,SI_ref_14,GCRB,DIU,Synthetic,0.9253239651903417,1.040304723459049,PLS,PLS_2
367,SI_ref_14,GCRB,DIU,Synthetic,0.9238760352548926,1.040304723459049,PLS,PLS_2
368,SI_ref_14,GCRB,DIU,Synthetic,0.9417552695951205,1.01661808895927,PLS,PLS_2
369,SI_ref_14,GCRB,DIU,Synthetic,0.9147016410628197,1.01661808895927,PLS,PLS_2
370,SI_ref_14,GCRB,DIU,Synthetic,0.9192051981667979,1.1497810297538444,PLS,PLS_2
371,SI_ref_14,GCRB,DIU,Synthetic,0.9535021691371877,1.040304723459049,PLS,PLS_2
372,SI_ref_14,GCRB,DIU,Synthetic,0.9661748102299111,1.040304723459049,PLS,PLS_2
373,SI_ref_14,GCRB,DIU,Synthetic,1.0173780045422414,1.040304723459049,PLS,PLS_2
374,SI_ref_14,GCRB,DIU,Synthetic,1.0082496176169822,1.040304723459049,PLS,PLS_2
375,SI_ref_14,GCRB,DIU,Synthetic,0.9496862840784065,1.040304723459049,PLS,PLS_2
439,SI_ref_14,GCRB-N,DIU,Synthetic,0.6654043880576614,0.5761060925701449,PLS,PLS_2
440,SI_ref_14,GCRB-N,DIU,Synthetic,0.5844535743219663,0.5655677842656518,PLS,PLS_2
441,SI_ref_14,GCRB-N,DIU,Synthetic,0.5079200907404222,0.5549044582147948,PLS,PLS_2
442,SI_ref_14,GCRB-N,DIU,Synthetic,0.37854626102465844,0.5441774603703754,PLS,PLS_2
443,SI_ref_14,GCRB-N,DIU,Synthetic,0.26690125827656935,0.5334183293355064,PLS,PLS_2
444,SI_ref_14,GCRB-N,DIU,Synthetic,0.2332409918272794,0.5271165199139929,PLS,PLS_2
445,SI_ref_14,GCRB-N,DIU,Synthetic,0.1951305004086504,0.5226430565410105,PLS,PLS_2
446,SI_ref_14,GCRB-N,DIU,Synthetic,0.2075726875081201,0.40685954904263666,PLS,PLS_2
447,SI_ref_14,GCRB-N,DIU,Synthetic,0.26826652394124667,0.5400224898372112,PLS,PLS_2
448,SI_ref_14,GCRB-N,DIU,Synthetic,0.1819381767074788,0.5163358553374322,PLS,PLS_2
449,SI_ref_14,GCRB-N,DIU,Synthetic,0.15093015054787579,0.49264922083765306,PLS,PLS_2
450,SI_ref_14,GCRB-N,DIU,Synthetic,0.1736169508150928,0.49264922083765306,PLS,PLS_2
451,SI_ref_14,GCRB-N,DIU,Synthetic,0.16382165003373128,0.6258121616322277,PLS,PLS_2
452,SI_ref_14,GCRB-N,DIU,Synthetic,0.1932052297084895,0.5163358553374322,PLS,PLS_2
453,SI_ref_14,GCRB-N,DIU,Synthetic,0.1683505359330984,0.5163250549256062,PLS,PLS_2
454,SI_ref_14,GCRB-N,DIU,Synthetic,0.1647692025710552,0.5163142620010681,PLS,PLS_2
455,SI_ref_14,GCRB-N,DIU,Synthetic,0.3384549122360595,0.5163142620010681,PLS,PLS_2
456,SI_ref_14,GCRB-N,DIU,Synthetic,0.1402528461142079,0.5163034765534441,PLS,PLS_2
457,SI_ref_14,GCRB-N,DIU,Synthetic,0.5187315058108145,0.5163034765534441,PLS,PLS_2
458,SI_ref_14,GCRB-N,DIU,Synthetic,0.12629127082807837,0.5162926985723818,PLS,PLS_2
459,SI_ref_14,GCRB-N,DIU,Synthetic,0.6455190877003087,0.5162926985723818,PLS,PLS_2
460,SI_ref_14,GCRB-N,DIU,Synthetic,0.12138562309836234,0.5162819280475506,PLS,PLS_2
461,SI_ref_14,GCRB-N,DIU,Synthetic,0.6666027581171994,0.5162819280475506,PLS,PLS_2
462,SI_ref_14,GCRB-N,DIU,Synthetic,0.16773925939532233,0.516271164968641,PLS,PLS_2
463,SI_ref_14,GCRB-N,DIU,Synthetic,0.15967117649899737,0.5162604093253651,PLS,PLS_2
464,SI_ref_14,GCRB-N,DIU,Synthetic,0.27418422723714847,0.5162604093253651,PLS,PLS_2
465,SI_ref_14,GCRB-N,DIU,Synthetic,0.1405827183894587,0.5162496611074562,PLS,PLS_2
466,SI_ref_14,GCRB-N,DIU,Synthetic,0.5605758859577746,0.5162496611074562,PLS,PLS_2
467,SI_ref_14,GCRB-N,DIU,Synthetic,0.13173953864692908,0.5162389203046689,PLS,PLS_2
468,SI_ref_14,GCRB-N,DIU,Synthetic,0.6564705601884918,0.5162389203046689,PLS,PLS_2
469,SI_ref_14,GCRB-N,DIU,Synthetic,0.12617131727344172,0.516228186906779,PLS,PLS_2
470,SI_ref_14,GCRB-N,DIU,Synthetic,0.6552893507455957,0.516228186906779,PLS,PLS_2
471,SI_ref_14,GCRB-N,DIU,Synthetic,0.1676281074261493,0.5162174609035833,PLS,PLS_2
472,SI_ref_14,GCRB-N,DIU,Synthetic,0.1622201895350263,0.5162067422848999,PLS,PLS_2
473,SI_ref_14,GCRB-N,DIU,Synthetic,0.31928006415696586,0.5162067422848999,PLS,PLS_2
474,SI_ref_14,GCRB-N,DIU,Synthetic,0.14041778225183332,0.5161960310405678,PLS,PLS_2
475,SI_ref_14,GCRB-N,DIU,Synthetic,0.5410485473017326,0.5161960310405678,PLS,PLS_2
476,SI_ref_14,GCRB-N,DIU,Synthetic,0.12901540473750372,0.5161853271604468,PLS,PLS_2
477,SI_ref_14,GCRB-N,DIU,Synthetic,0.6413243626564091,0.5161853271604468,PLS,PLS_2
478,SI_ref_14,GCRB-N,DIU,Synthetic,0.12377847018590202,0.5161746306344179,PLS,PLS_2
479,SI_ref_14,GCRB-N,DIU,Synthetic,0.665837914589971,0.5161746306344179,PLS,PLS_2
699,SI_ref_18,NaOH-activated SCW biochars,IBU,Secondary effluent,0.8098199350756726,0.4828442574382533,PLS,PLS_2
701,SI_ref_18,NaOH-activated SCW biochars,IBU,Secondary effluent,0.7485969905050348,0.47230594913376023,PLS,PLS_2
703,SI_ref_18,NaOH-activated SCW biochars,IBU,Secondary effluent,0.6850179499229786,0.46164262308290327,PLS,PLS_2
705,SI_ref_18,NaOH-activated SCW biochars,IBU,Secondary effluent,0.6861011679416551,0.45091562523848383,PLS,PLS_2
707,SI_ref_18,NaOH-activated SCW biochars,IBU,Secondary effluent,0.6799185617433835,0.4401564942036147,PLS,PLS_2
709,SI_ref_18,NaOH-activated SCW biochars,IBU,Secondary effluent,0.6765813990931481,0.4338546847821013,PLS,PLS_2
711,SI_ref_18,NaOH-activated SCW biochars,IBU,Secondary effluent,0.6777803451607008,0.42938122140911894,PLS,PLS_2
713,SI_ref_18,NaOH-activated SCW biochars,IBU,Secondary effluent,0.19946424836974086,0.42307402020554064,PLS,PLS_2
715,SI_ref_18,NaOH-activated SCW biochars,IBU,Secondary effluent,0.45728603839109744,0.42307402020554064,PLS,PLS_2
717,SI_ref_18,NaOH-activated SCW biochars,IBU,Secondary effluent,0.5431517029603264,0.3683358670581428,PLS,PLS_2
719,SI_ref_18,NaOH-activated SCW biochars,IBU,Secondary effluent,0.6932620426015607,0.44676065470531967,PLS,PLS_2
721,SI_ref_18,NaOH-activated SCW biochars,IBU,Secondary effluent,0.675113405421536,0.42307402020554064,PLS,PLS_2
725,SI_ref_18,NaOH-activated SCW biochars,IBU,Secondary effluent,0.6458796718925713,0.42307402020554064,PLS,PLS_2
729,SI_ref_18,NaOH-activated SCW biochars,IBU,Secondary effluent,0.6230174196820357,0.42307402020554064,PLS,PLS_2
733,SI_ref_18,NaOH-activated SCW biochars,IBU,Secondary effluent,0.6232264558664639,0.42307402020554064,PLS,PLS_2
737,SI_ref_18,NaOH-activated SCW biochars,IBU,Secondary effluent,0.6321330290401536,0.42307402020554064,PLS,PLS_2
741,SI_ref_18,NaOH-activated SCW biochars,IBU,Secondary effluent,0.6274964829882473,0.42307402020554064,PLS,PLS_2
746,SI_ref_18,NaOH-activated SCW biochars,IBU,Secondary effluent,0.6482993087024828,0.39938738570576154,PLS,PLS_2
748,SI_ref_18,NaOH-activated SCW biochars,IBU,Secondary effluent,0.7478636767346728,0.47781217335293835,PLS,PLS_2
750,SI_ref_18,NaOH-activated SCW biochars,IBU,Secondary effluent,0.811827151849907,0.5325503265003362,PLS,PLS_2
752,SI_ref_18,NaOH-activated SCW biochars,IBU,Secondary effluent,0.7252319435730717,0.42307402020554064,PLS,PLS_2
754,SI_ref_18,NaOH-activated SCW biochars,IBU,Secondary effluent,0.7786423949758233,0.42307402020554064,PLS,PLS_2
758,SI_ref_18,NaOH-activated SCW biochars,NPX,Secondary effluent,0.5521972966156422,0.3388145434179749,PLS,PLS_2
760,SI_ref_18,NaOH-activated SCW biochars,NPX,Secondary effluent,0.4814245289032641,0.3282762351134819,PLS,PLS_2
762,SI_ref_18,NaOH-activated SCW biochars,NPX,Secondary effluent,0.34455951981715066,0.31761290906262496,PLS,PLS_2
764,SI_ref_18,NaOH-activated SCW biochars,NPX,Secondary effluent,0.2493517679350271,0.3068859112182055,PLS,PLS_2
766,SI_ref_18,NaOH-activated SCW biochars,NPX,Secondary effluent,0.16764900163614713,0.2961267801833364,PLS,PLS_2
768,SI_ref_18,NaOH-activated SCW biochars,NPX,Secondary effluent,0.12846350911521487,0.289824970761823,PLS,PLS_2
770,SI_ref_18,NaOH-activated SCW biochars,NPX,Secondary effluent,0.12873702561203082,0.28535150738884063,PLS,PLS_2
772,SI_ref_18,NaOH-activated SCW biochars,NPX,Secondary effluent,0.026110640989477824,0.2790443061852622,PLS,PLS_2
774,SI_ref_18,NaOH-activated SCW biochars,NPX,Secondary effluent,0.054870517105304405,0.2790443061852622,PLS,PLS_2
776,SI_ref_18,NaOH-activated SCW biochars,NPX,Secondary effluent,0.048092629555703405,0.2243061530378645,PLS,PLS_2
778,SI_ref_18,NaOH-activated SCW biochars,NPX,Secondary effluent,0.16521082834331338,0.30273094068504136,PLS,PLS_2
780,SI_ref_18,NaOH-activated SCW biochars,NPX,Secondary effluent,0.11864589305153721,0.2790443061852622,PLS,PLS_2
782,SI_ref_18,NaOH-activated SCW biochars,NPX,Secondary effluent,0.10983576367726838,0.2790443061852622,PLS,PLS_2
784,SI_ref_18,NaOH-activated SCW biochars,NPX,Secondary effluent,0.10668866579384965,0.2790443061852622,PLS,PLS_2
786,SI_ref_18,NaOH-activated SCW biochars,NPX,Secondary effluent,0.08538292965546301,0.2790443061852622,PLS,PLS_2
788,SI_ref_18,NaOH-activated SCW biochars,NPX,Secondary effluent,0.09141898602740345,0.2790443061852622,PLS,PLS_2
790,SI_ref_18,NaOH-activated SCW biochars,NPX,Secondary effluent,0.11725913824368146,0.2790443061852622,PLS,PLS_2
792,SI_ref_18,NaOH-activated SCW biochars,NPX,Secondary effluent,0.10630651659643675,0.2553576716854832,PLS,PLS_2
794,SI_ref_18,NaOH-activated SCW biochars,NPX,Secondary effluent,0.2275589654025283,0.33378245933266004,PLS,PLS_2
796,SI_ref_18,NaOH-activated SCW biochars,NPX,Secondary effluent,0.27043202483921047,0.38852061248005776,PLS,PLS_2
798,SI_ref_18,NaOH-activated SCW biochars,NPX,Secondary effluent,0.15082313311850198,0.2790443061852622,PLS,PLS_2
800,SI_ref_18,NaOH-activated SCW biochars,NPX,Secondary effluent,0.24701864815812044,0.2790443061852622,PLS,PLS_2
1156,SI_ref_17,Pristine SCG biochar,IBU,Synthetic,0.9684057270887299,1.024954483431202,PLS,PLS_2
1158,SI_ref_17,Pristine SCG biochar,IBU,Synthetic,0.964180236157731,1.014416175126709,PLS,PLS_2
1160,SI_ref_17,Pristine SCG biochar,IBU,Synthetic,0.9598191197252507,0.9974831951515823,PLS,PLS_2
1162,SI_ref_17,Pristine SCG biochar,IBU,Synthetic,0.9580437721935793,0.9867347973912748,PLS,PLS_2
1164,SI_ref_17,Pristine SCG biochar,IBU,Synthetic,0.9425460946241216,0.9804365773030799,PLS,PLS_2
1166,SI_ref_17,Pristine SCG biochar,IBU,Synthetic,0.9402369906408686,0.9759649107750502,PLS,PLS_2
1168,SI_ref_17,Pristine SCG biochar,IBU,Synthetic,0.9366107784098637,0.9714914474020677,PLS,PLS_2
1170,SI_ref_17,Pristine SCG biochar,IBU,Synthetic,0.7820004901373623,0.8557079399036939,PLS,PLS_2
1172,SI_ref_17,Pristine SCG biochar,IBU,Synthetic,0.9276141025756294,0.9651842461984894,PLS,PLS_2
1174,SI_ref_17,Pristine SCG biochar,IBU,Synthetic,0.918292455911169,0.9651842461984894,PLS,PLS_2
1176,SI_ref_17,Pristine SCG biochar,IBU,Synthetic,0.9133007565861092,0.9651842461984894,PLS,PLS_2
1178,SI_ref_17,Pristine SCG biochar,IBU,Synthetic,0.9182483670803396,0.9651842461984894,PLS,PLS_2
1180,SI_ref_17,Pristine SCG biochar,IBU,Synthetic,0.9167234922708469,0.9651842461984894,PLS,PLS_2
1182,SI_ref_17,Pristine SCG biochar,IBU,Synthetic,0.9122551436969301,0.9651842461984894,PLS,PLS_2
1184,SI_ref_17,Pristine SCG biochar,IBU,Synthetic,0.9484982246288517,1.074660552493285,PLS,PLS_2
1186,SI_ref_17,Pristine SCG biochar,IBU,Synthetic,0.893754721851682,0.9651842461984894,PLS,PLS_2
1188,SI_ref_17,Pristine SCG biochar,IBU,Synthetic,0.8900227639990935,0.9651842461984894,PLS,PLS_2
1190,SI_ref_17,Pristine SCG biochar,IBU,Synthetic,0.924357415959487,0.9651842461984894,PLS,PLS_2
1192,SI_ref_17,Pristine SCG biochar,IBU,Synthetic,0.9226237248225028,0.9651842461984894,PLS,PLS_2
1194,SI_ref_17,Pristine SCG biochar,IBU,Synthetic,0.8857728699803085,0.9651842461984894,PLS,PLS_2
1254,SI_ref_18,Pristine SCW Biochar,IBU,Secondary effluent,0.9156726978407875,1.0815202259590813,PLS,PLS_2
1256,SI_ref_18,Pristine SCW Biochar,IBU,Secondary effluent,0.9079673942368781,1.070981917654588,PLS,PLS_2
1258,SI_ref_18,Pristine SCW Biochar,IBU,Secondary effluent,0.9043236251446873,1.0603185916037312,PLS,PLS_2
1260,SI_ref_18,Pristine SCW Biochar,IBU,Secondary effluent,0.9020547983951682,1.0495915937593117,PLS,PLS_2
1262,SI_ref_18,Pristine SCW Biochar,IBU,Secondary effluent,0.9004882379050155,1.0388324627244425,PLS,PLS_2
1264,SI_ref_18,Pristine SCW Biochar,IBU,Secondary effluent,0.897458530238549,1.0325306533029293,PLS,PLS_2
1266,SI_ref_18,Pristine SCW Biochar,IBU,Secondary effluent,0.8973424975849196,1.0280571899299469,PLS,PLS_2
1267,SI_ref_18,Pristine SCW Biochar,IBU,Secondary effluent,0.8360939688333745,1.0217499887263686,PLS,PLS_2
1268,SI_ref_18,Pristine SCW Biochar,IBU,Secondary effluent,0.8984823855966844,1.0217499887263686,PLS,PLS_2
1270,SI_ref_18,Pristine SCW Biochar,IBU,Secondary effluent,0.8874692330465712,0.9670118355789707,PLS,PLS_2
1272,SI_ref_18,Pristine SCW Biochar,IBU,Secondary effluent,0.9012569556545285,1.0454366232261476,PLS,PLS_2
1274,SI_ref_18,Pristine SCW Biochar,IBU,Secondary effluent,0.8992057856547054,1.0217499887263686,PLS,PLS_2
1278,SI_ref_18,Pristine SCW Biochar,IBU,Secondary effluent,0.9165018852947014,1.0217499887263686,PLS,PLS_2
1282,SI_ref_18,Pristine SCW Biochar,IBU,Secondary effluent,0.9202396860047187,1.0217499887263686,PLS,PLS_2
1286,SI_ref_18,Pristine SCW Biochar,IBU,Secondary effluent,0.9152513064761528,1.0217499887263686,PLS,PLS_2
1290,SI_ref_18,Pristine SCW Biochar,IBU,Secondary effluent,0.9145713435205399,1.0217499887263686,PLS,PLS_2
1294,SI_ref_18,Pristine SCW Biochar,IBU,Secondary effluent,0.9194281493241605,1.0217499887263686,PLS,PLS_2
1299,SI_ref_18,Pristine SCW Biochar,IBU,Secondary effluent,0.891903218347585,0.9980633542265894,PLS,PLS_2
1301,SI_ref_18,Pristine SCW Biochar,IBU,Secondary effluent,0.9069133641489088,1.0764881418737664,PLS,PLS_2
1303,SI_ref_18,Pristine SCW Biochar,IBU,Secondary effluent,0.9145392250293353,1.131226295021164,PLS,PLS_2
1304,SI_ref_18,Pristine SCW Biochar,IBU,Secondary effluent,0.911352956646831,1.0217499887263686,PLS,PLS_2
1305,SI_ref_18,Pristine SCW Biochar,IBU,Secondary effluent,0.8992133437264335,1.0217499887263686,PLS,PLS_2
1309,SI_ref_18,Pristine SCW Biochar,NPX,Secondary effluent,0.9276600601799115,0.9374905119388028,PLS,PLS_2
1311,SI_ref_18,Pristine SCW Biochar,NPX,Secondary effluent,0.9217275625657669,0.9269522036343097,PLS,PLS_2
1313,SI_ref_18,Pristine SCW Biochar,NPX,Secondary effluent,0.9151672500810683,0.9162888775834528,PLS,PLS_2
1315,SI_ref_18,Pristine SCW Biochar,NPX,Secondary effluent,0.914870212237198,0.9055618797390333,PLS,PLS_2
1317,SI_ref_18,Pristine SCW Biochar,NPX,Secondary effluent,0.9125118045566373,0.8948027487041643,PLS,PLS_2
1319,SI_ref_18,Pristine SCW Biochar,NPX,Secondary effluent,0.9122370962869346,0.8885009392826508,PLS,PLS_2
1321,SI_ref_18,Pristine SCW Biochar,NPX,Secondary effluent,0.9100475600528815,0.8840274759096685,PLS,PLS_2
1322,SI_ref_18,Pristine SCW Biochar,NPX,Secondary effluent,0.8724917016408669,0.8777202747060902,PLS,PLS_2
1323,SI_ref_18,Pristine SCW Biochar,NPX,Secondary effluent,0.9222871559920565,0.8777202747060902,PLS,PLS_2
1325,SI_ref_18,Pristine SCW Biochar,NPX,Secondary effluent,0.8954095327862793,0.8229821215586923,PLS,PLS_2
1327,SI_ref_18,Pristine SCW Biochar,NPX,Secondary effluent,0.9153416500332668,0.9014069092058693,PLS,PLS_2
1329,SI_ref_18,Pristine SCW Biochar,NPX,Secondary effluent,0.910898633301941,0.8777202747060902,PLS,PLS_2
1331,SI_ref_18,Pristine SCW Biochar,NPX,Secondary effluent,0.9081761980542199,0.8777202747060902,PLS,PLS_2
1333,SI_ref_18,Pristine SCW Biochar,NPX,Secondary effluent,0.9126518494691617,0.8777202747060902,PLS,PLS_2
1335,SI_ref_18,Pristine SCW Biochar,NPX,Secondary effluent,0.9091665914238204,0.8777202747060902,PLS,PLS_2
1337,SI_ref_18,Pristine SCW Biochar,NPX,Secondary effluent,0.9109852392346297,0.8777202747060902,PLS,PLS_2
1339,SI_ref_18,Pristine SCW Biochar,NPX,Secondary effluent,0.9170303341534803,0.8777202747060902,PLS,PLS_2
1341,SI_ref_18,Pristine SCW Biochar,NPX,Secondary effluent,0.9109021678864493,0.8540336402063111,PLS,PLS_2
1343,SI_ref_18,Pristine SCW Biochar,NPX,Secondary effluent,0.9138805167442893,0.932458427853488,PLS,PLS_2
1345,SI_ref_18,Pristine SCW Biochar,NPX,Secondary effluent,0.9200278517039994,0.9871965810008857,PLS,PLS_2
1346,SI_ref_18,Pristine SCW Biochar,NPX,Secondary effluent,0.9136165317560039,0.8777202747060902,PLS,PLS_2
1347,SI_ref_18,Pristine SCW Biochar,NPX,Secondary effluent,0.9038576927569927,0.8777202747060902,PLS,PLS_2
189,SI_ref_17,Alkali-modified SCG biochars,IBU,Synthetic,0.6581206763788531,0.3176173146098043,RandomForest,RandomForest_2
191,SI_ref_17,Alkali-modified SCG biochars,IBU,Synthetic,0.6239833523895453,0.2979927051431528,RandomForest,RandomForest_2
193,SI_ref_17,Alkali-modified SCG biochars,IBU,Synthetic,0.5119378819344518,0.18452266056762248,RandomForest,RandomForest_2
195,SI_ref_17,Alkali-modified SCG biochars,IBU,Synthetic,0.4585781550994164,0.14019738076088895,RandomForest,RandomForest_2
197,SI_ref_17,Alkali-modified SCG biochars,IBU,Synthetic,0.44243948810088646,0.12366427624122199,RandomForest,RandomForest_2
199,SI_ref_17,Alkali-modified SCG biochars,IBU,Synthetic,0.4544355679658596,0.1175616052797979,RandomForest,RandomForest_2
201,SI_ref_17,Alkali-modified SCG biochars,IBU,Synthetic,0.39592651561701936,0.12217426396651389,RandomForest,RandomForest_2
203,SI_ref_17,Alkali-modified SCG biochars,IBU,Synthetic,0.10913541523053398,0.30699781456874875,RandomForest,RandomForest_2
205,SI_ref_17,Alkali-modified SCG biochars,IBU,Synthetic,0.3052806700714839,0.32288311535374226,RandomForest,RandomForest_2
207,SI_ref_17,Alkali-modified SCG biochars,IBU,Synthetic,0.4311083753711556,0.32288311535374226,RandomForest,RandomForest_2
209,SI_ref_17,Alkali-modified SCG biochars,IBU,Synthetic,0.3789894895081609,0.32288311535374226,RandomForest,RandomForest_2
211,SI_ref_17,Alkali-modified SCG biochars,IBU,Synthetic,0.3304133868875155,0.32288311535374226,RandomForest,RandomForest_2
213,SI_ref_17,Alkali-modified SCG biochars,IBU,Synthetic,0.33928547446435453,0.32288311535374226,RandomForest,RandomForest_2
215,SI_ref_17,Alkali-modified SCG biochars,IBU,Synthetic,0.3234505141947598,0.32288311535374226,RandomForest,RandomForest_2
217,SI_ref_17,Alkali-modified SCG biochars,IBU,Synthetic,0.6889998443034063,0.32151928188700457,RandomForest,RandomForest_2
219,SI_ref_17,Alkali-modified SCG biochars,IBU,Synthetic,0.1184746430703935,0.32288311535374226,RandomForest,RandomForest_2
221,SI_ref_17,Alkali-modified SCG biochars,IBU,Synthetic,0.35446182653715885,0.32288311535374226,RandomForest,RandomForest_2
223,SI_ref_17,Alkali-modified SCG biochars,IBU,Synthetic,0.5365490577861332,0.32288311535374226,RandomForest,RandomForest_2
225,SI_ref_17,Alkali-modified SCG biochars,IBU,Synthetic,0.5901579894748284,0.32288311535374226,RandomForest,RandomForest_2
227,SI_ref_17,Alkali-modified SCG biochars,IBU,Synthetic,0.6910697148739985,0.32288311535374226,RandomForest,RandomForest_2
229,SI_ref_16,C-Biochar,ATE,Synthetic,0.8511111111111113,0.5586081422129032,RandomForest,RandomForest_2
230,SI_ref_16,C-Biochar,ATE,Synthetic,0.7400000000000001,0.5586081422129032,RandomForest,RandomForest_2
231,SI_ref_16,C-Biochar,ATE,Synthetic,0.7400000000000001,0.5717072842861983,RandomForest,RandomForest_2
232,SI_ref_16,C-Biochar,ATE,Synthetic,0.7453872053872055,0.5690582404217972,RandomForest,RandomForest_2
233,SI_ref_16,C-Biochar,ATE,Synthetic,0.8733333333333334,0.5690582404217972,RandomForest,RandomForest_2
234,SI_ref_16,C-Biochar,ATE,Synthetic,0.8288888888888891,0.5690582404217972,RandomForest,RandomForest_2
235,SI_ref_16,C-Biochar,ATE,Synthetic,0.8511111111111113,0.5690582404217972,RandomForest,RandomForest_2
236,SI_ref_16,C-Biochar,ATE,Synthetic,0.7844444444444446,0.5690582404217972,RandomForest,RandomForest_2
237,SI_ref_16,C-Biochar,ATE,Synthetic,0.8733333333333334,0.5690582404217972,RandomForest,RandomForest_2
238,SI_ref_16,C-Biochar,ATE,Synthetic,0.6733333333333335,0.5602438360642966,RandomForest,RandomForest_2
239,SI_ref_16,C-Biochar,ATE,Synthetic,0.6511111111111112,0.5602438360642966,RandomForest,RandomForest_2
240,SI_ref_16,C-Biochar,ATE,Synthetic,0.6288888888888889,0.5773204298821534,RandomForest,RandomForest_2
241,SI_ref_16,C-Biochar,ATE,Synthetic,0.7774074074074075,0.5690582404217972,RandomForest,RandomForest_2
242,SI_ref_16,C-Biochar,ATE,Synthetic,0.7824691358024691,0.5690582404217972,RandomForest,RandomForest_2
243,SI_ref_16,C-Biochar,ATE,Synthetic,0.8257777777777777,0.5690582404217972,RandomForest,RandomForest_2
244,SI_ref_16,C-Biochar,ATE,Synthetic,0.8438888888888889,0.5690582404217972,RandomForest,RandomForest_2
245,SI_ref_16,C-Biochar,ATE,Synthetic,0.8562222222222223,0.5690582404217972,RandomForest,RandomForest_2
263,SI_ref_16,C-Biochar,IBU,Synthetic,0.5333333333333333,0.6073811612304302,RandomForest,RandomForest_2
264,SI_ref_16,C-Biochar,IBU,Synthetic,0.7333333333333333,0.6073811612304302,RandomForest,RandomForest_2
265,SI_ref_16,C-Biochar,IBU,Synthetic,0.6000000000000001,0.6171549027923172,RandomForest,RandomForest_2
266,SI_ref_16,C-Biochar,IBU,Synthetic,0.6121212121212122,0.6136150034159479,RandomForest,RandomForest_2
267,SI_ref_16,C-Biochar,IBU,Synthetic,0.7333333333333333,0.6136150034159479,RandomForest,RandomForest_2
268,SI_ref_16,C-Biochar,IBU,Synthetic,0.5333333333333333,0.6136150034159479,RandomForest,RandomForest_2
269,SI_ref_16,C-Biochar,IBU,Synthetic,0.4666666666666666,0.6136150034159479,RandomForest,RandomForest_2
270,SI_ref_16,C-Biochar,IBU,Synthetic,0.5555555555555556,0.6136150034159479,RandomForest,RandomForest_2
271,SI_ref_16,C-Biochar,IBU,Synthetic,0.6000000000000001,0.6136150034159479,RandomForest,RandomForest_2
272,SI_ref_16,C-Biochar,IBU,Synthetic,0.6000000000000001,0.6119135771214408,RandomForest,RandomForest_2
273,SI_ref_16,C-Biochar,IBU,Synthetic,0.6000000000000001,0.6119135771214408,RandomForest,RandomForest_2
274,SI_ref_16,C-Biochar,IBU,Synthetic,1.0666666666666667,0.6172578594391621,RandomForest,RandomForest_2
275,SI_ref_16,C-Biochar,IBU,Synthetic,0.5277777777777777,0.6136150034159479,RandomForest,RandomForest_2
276,SI_ref_16,C-Biochar,IBU,Synthetic,0.7,0.6136150034159479,RandomForest,RandomForest_2
277,SI_ref_16,C-Biochar,IBU,Synthetic,0.7844444444444444,0.6136150034159479,RandomForest,RandomForest_2
278,SI_ref_16,C-Biochar,IBU,Synthetic,0.8430555555555557,0.6136150034159479,RandomForest,RandomForest_2
279,SI_ref_16,C-Biochar,IBU,Synthetic,0.861111111111111,0.6136150034159479,RandomForest,RandomForest_2
354,SI_ref_14,GCRB,DIU,Synthetic,0.983291565929579,0.9665710321284952,RandomForest,RandomForest_2
355,SI_ref_14,GCRB,DIU,Synthetic,0.9782739977994132,0.9663164146769151,RandomForest,RandomForest_2
356,SI_ref_14,GCRB,DIU,Synthetic,0.9708791324637501,0.9662851610917558,RandomForest,RandomForest_2
357,SI_ref_14,GCRB,DIU,Synthetic,0.964507517643233,0.9650873151649424,RandomForest,RandomForest_2
358,SI_ref_14,GCRB,DIU,Synthetic,0.960647920928618,0.9615043259230157,RandomForest,RandomForest_2
359,SI_ref_14,GCRB,DIU,Synthetic,0.9584857336381704,0.95978231187177,RandomForest,RandomForest_2
360,SI_ref_14,GCRB,DIU,Synthetic,0.9536869714697045,0.9593198574927119,RandomForest,RandomForest_2
361,SI_ref_14,GCRB,DIU,Synthetic,0.9291396445453227,0.9576950184547445,RandomForest,RandomForest_2
362,SI_ref_14,GCRB,DIU,Synthetic,0.9775416982957918,0.9642051635898236,RandomForest,RandomForest_2
363,SI_ref_14,GCRB,DIU,Synthetic,0.9527369648004039,0.9612797801709724,RandomForest,RandomForest_2
364,SI_ref_14,GCRB,DIU,Synthetic,0.9478201604463821,0.9612797801709724,RandomForest,RandomForest_2
365,SI_ref_14,GCRB,DIU,Synthetic,0.9265327424413893,0.9612797801709724,RandomForest,RandomForest_2
366,SI_ref_14,GCRB,DIU,Synthetic,0.9253239651903417,0.9612797801709724,RandomForest,RandomForest_2
367,SI_ref_14,GCRB,DIU,Synthetic,0.9238760352548926,0.9612797801709724,RandomForest,RandomForest_2
368,SI_ref_14,GCRB,DIU,Synthetic,0.9417552695951205,0.9602118203423119,RandomForest,RandomForest_2
369,SI_ref_14,GCRB,DIU,Synthetic,0.9147016410628197,0.9602118203423119,RandomForest,RandomForest_2
370,SI_ref_14,GCRB,DIU,Synthetic,0.9192051981667979,0.9612797801709724,RandomForest,RandomForest_2
371,SI_ref_14,GCRB,DIU,Synthetic,0.9535021691371877,0.9612797801709724,RandomForest,RandomForest_2
372,SI_ref_14,GCRB,DIU,Synthetic,0.9661748102299111,0.9612797801709724,RandomForest,RandomForest_2
373,SI_ref_14,GCRB,DIU,Synthetic,1.0173780045422414,0.9612797801709724,RandomForest,RandomForest_2
374,SI_ref_14,GCRB,DIU,Synthetic,1.0082496176169822,0.9612797801709724,RandomForest,RandomForest_2
375,SI_ref_14,GCRB,DIU,Synthetic,0.9496862840784065,0.9612797801709724,RandomForest,RandomForest_2
439,SI_ref_14,GCRB-N,DIU,Synthetic,0.6654043880576614,0.7504310846100027,RandomForest,RandomForest_2
440,SI_ref_14,GCRB-N,DIU,Synthetic,0.5844535743219663,0.741517104215625,RandomForest,RandomForest_2
441,SI_ref_14,GCRB-N,DIU,Synthetic,0.5079200907404222,0.6999640215805785,RandomForest,RandomForest_2
442,SI_ref_14,GCRB-N,DIU,Synthetic,0.37854626102465844,0.6089204822795905,RandomForest,RandomForest_2
443,SI_ref_14,GCRB-N,DIU,Synthetic,0.26690125827656935,0.5345628469077758,RandomForest,RandomForest_2
444,SI_ref_14,GCRB-N,DIU,Synthetic,0.2332409918272794,0.5204096840503766,RandomForest,RandomForest_2
445,SI_ref_14,GCRB-N,DIU,Synthetic,0.1951305004086504,0.490130832766063,RandomForest,RandomForest_2
446,SI_ref_14,GCRB-N,DIU,Synthetic,0.2075726875081201,0.46628698602044083,RandomForest,RandomForest_2
447,SI_ref_14,GCRB-N,DIU,Synthetic,0.26826652394124667,0.4668413688218378,RandomForest,RandomForest_2
448,SI_ref_14,GCRB-N,DIU,Synthetic,0.1819381767074788,0.46628698602044083,RandomForest,RandomForest_2
449,SI_ref_14,GCRB-N,DIU,Synthetic,0.15093015054787579,0.45558639314990224,RandomForest,RandomForest_2
450,SI_ref_14,GCRB-N,DIU,Synthetic,0.1736169508150928,0.45558639314990224,RandomForest,RandomForest_2
451,SI_ref_14,GCRB-N,DIU,Synthetic,0.16382165003373128,0.46628698602044083,RandomForest,RandomForest_2
452,SI_ref_14,GCRB-N,DIU,Synthetic,0.1932052297084895,0.46628698602044083,RandomForest,RandomForest_2
453,SI_ref_14,GCRB-N,DIU,Synthetic,0.1683505359330984,0.5309075587900387,RandomForest,RandomForest_2
454,SI_ref_14,GCRB-N,DIU,Synthetic,0.1647692025710552,0.5460209031031198,RandomForest,RandomForest_2
455,SI_ref_14,GCRB-N,DIU,Synthetic,0.3384549122360595,0.5460209031031198,RandomForest,RandomForest_2
456,SI_ref_14,GCRB-N,DIU,Synthetic,0.1402528461142079,0.5608570227368035,RandomForest,RandomForest_2
457,SI_ref_14,GCRB-N,DIU,Synthetic,0.5187315058108145,0.5608570227368035,RandomForest,RandomForest_2
458,SI_ref_14,GCRB-N,DIU,Synthetic,0.12629127082807837,0.5677051691182887,RandomForest,RandomForest_2
459,SI_ref_14,GCRB-N,DIU,Synthetic,0.6455190877003087,0.5677051691182887,RandomForest,RandomForest_2
460,SI_ref_14,GCRB-N,DIU,Synthetic,0.12138562309836234,0.5750203327650996,RandomForest,RandomForest_2
461,SI_ref_14,GCRB-N,DIU,Synthetic,0.6666027581171994,0.5750203327650996,RandomForest,RandomForest_2
462,SI_ref_14,GCRB-N,DIU,Synthetic,0.16773925939532233,0.5686162863943174,RandomForest,RandomForest_2
463,SI_ref_14,GCRB-N,DIU,Synthetic,0.15967117649899737,0.5700371889597184,RandomForest,RandomForest_2
464,SI_ref_14,GCRB-N,DIU,Synthetic,0.27418422723714847,0.5700371889597184,RandomForest,RandomForest_2
465,SI_ref_14,GCRB-N,DIU,Synthetic,0.1405827183894587,0.5828847103900128,RandomForest,RandomForest_2
466,SI_ref_14,GCRB-N,DIU,Synthetic,0.5605758859577746,0.5828847103900128,RandomForest,RandomForest_2
467,SI_ref_14,GCRB-N,DIU,Synthetic,0.13173953864692908,0.5690810371912146,RandomForest,RandomForest_2
468,SI_ref_14,GCRB-N,DIU,Synthetic,0.6564705601884918,0.5690810371912146,RandomForest,RandomForest_2
469,SI_ref_14,GCRB-N,DIU,Synthetic,0.12617131727344172,0.5773514701678137,RandomForest,RandomForest_2
470,SI_ref_14,GCRB-N,DIU,Synthetic,0.6552893507455957,0.5773514701678137,RandomForest,RandomForest_2
471,SI_ref_14,GCRB-N,DIU,Synthetic,0.1676281074261493,0.5617758661735841,RandomForest,RandomForest_2
472,SI_ref_14,GCRB-N,DIU,Synthetic,0.1622201895350263,0.564416821960278,RandomForest,RandomForest_2
473,SI_ref_14,GCRB-N,DIU,Synthetic,0.31928006415696586,0.564416821960278,RandomForest,RandomForest_2
474,SI_ref_14,GCRB-N,DIU,Synthetic,0.14041778225183332,0.5763501613261743,RandomForest,RandomForest_2
475,SI_ref_14,GCRB-N,DIU,Synthetic,0.5410485473017326,0.5763501613261743,RandomForest,RandomForest_2
476,SI_ref_14,GCRB-N,DIU,Synthetic,0.12901540473750372,0.5901383307041421,RandomForest,RandomForest_2
477,SI_ref_14,GCRB-N,DIU,Synthetic,0.6413243626564091,0.5901383307041421,RandomForest,RandomForest_2
478,SI_ref_14,GCRB-N,DIU,Synthetic,0.12377847018590202,0.5866740017757857,RandomForest,RandomForest_2
479,SI_ref_14,GCRB-N,DIU,Synthetic,0.665837914589971,0.5866740017757857,RandomForest,RandomForest_2
699,SI_ref_18,NaOH-activated SCW biochars,IBU,Secondary effluent,0.8098199350756726,0.6118917578124524,RandomForest,RandomForest_2
701,SI_ref_18,NaOH-activated SCW biochars,IBU,Secondary effluent,0.7485969905050348,0.6122312470161674,RandomForest,RandomForest_2
703,SI_ref_18,NaOH-activated SCW biochars,IBU,Secondary effluent,0.6850179499229786,0.6110247561848982,RandomForest,RandomForest_2
705,SI_ref_18,NaOH-activated SCW biochars,IBU,Secondary effluent,0.6861011679416551,0.6088646339392159,RandomForest,RandomForest_2
707,SI_ref_18,NaOH-activated SCW biochars,IBU,Secondary effluent,0.6799185617433835,0.6108193091866029,RandomForest,RandomForest_2
709,SI_ref_18,NaOH-activated SCW biochars,IBU,Secondary effluent,0.6765813990931481,0.6102300081665579,RandomForest,RandomForest_2
711,SI_ref_18,NaOH-activated SCW biochars,IBU,Secondary effluent,0.6777803451607008,0.6072715088775492,RandomForest,RandomForest_2
713,SI_ref_18,NaOH-activated SCW biochars,IBU,Secondary effluent,0.19946424836974086,0.598925979425267,RandomForest,RandomForest_2
715,SI_ref_18,NaOH-activated SCW biochars,IBU,Secondary effluent,0.45728603839109744,0.598925979425267,RandomForest,RandomForest_2
717,SI_ref_18,NaOH-activated SCW biochars,IBU,Secondary effluent,0.5431517029603264,0.5889156631238301,RandomForest,RandomForest_2
719,SI_ref_18,NaOH-activated SCW biochars,IBU,Secondary effluent,0.6932620426015607,0.600415211099135,RandomForest,RandomForest_2
721,SI_ref_18,NaOH-activated SCW biochars,IBU,Secondary effluent,0.675113405421536,0.598925979425267,RandomForest,RandomForest_2
725,SI_ref_18,NaOH-activated SCW biochars,IBU,Secondary effluent,0.6458796718925713,0.598925979425267,RandomForest,RandomForest_2
729,SI_ref_18,NaOH-activated SCW biochars,IBU,Secondary effluent,0.6230174196820357,0.598925979425267,RandomForest,RandomForest_2
733,SI_ref_18,NaOH-activated SCW biochars,IBU,Secondary effluent,0.6232264558664639,0.598925979425267,RandomForest,RandomForest_2
737,SI_ref_18,NaOH-activated SCW biochars,IBU,Secondary effluent,0.6321330290401536,0.598925979425267,RandomForest,RandomForest_2
741,SI_ref_18,NaOH-activated SCW biochars,IBU,Secondary effluent,0.6274964829882473,0.598925979425267,RandomForest,RandomForest_2
746,SI_ref_18,NaOH-activated SCW biochars,IBU,Secondary effluent,0.6482993087024828,0.5976960177679522,RandomForest,RandomForest_2
748,SI_ref_18,NaOH-activated SCW biochars,IBU,Secondary effluent,0.7478636767346728,0.6122457942436932,RandomForest,RandomForest_2
750,SI_ref_18,NaOH-activated SCW biochars,IBU,Secondary effluent,0.811827151849907,0.6170851372574426,RandomForest,RandomForest_2
752,SI_ref_18,NaOH-activated SCW biochars,IBU,Secondary effluent,0.7252319435730717,0.598925979425267,RandomForest,RandomForest_2
754,SI_ref_18,NaOH-activated SCW biochars,IBU,Secondary effluent,0.7786423949758233,0.598925979425267,RandomForest,RandomForest_2
758,SI_ref_18,NaOH-activated SCW biochars,NPX,Secondary effluent,0.5521972966156422,0.1736350175696676,RandomForest,RandomForest_2
760,SI_ref_18,NaOH-activated SCW biochars,NPX,Secondary effluent,0.4814245289032641,0.1704680284686802,RandomForest,RandomForest_2
762,SI_ref_18,NaOH-activated SCW biochars,NPX,Secondary effluent,0.34455951981715066,0.1682126283027901,RandomForest,RandomForest_2
764,SI_ref_18,NaOH-activated SCW biochars,NPX,Secondary effluent,0.2493517679350271,0.15555790111709172,RandomForest,RandomForest_2
766,SI_ref_18,NaOH-activated SCW biochars,NPX,Secondary effluent,0.16764900163614713,0.1028598497127907,RandomForest,RandomForest_2
768,SI_ref_18,NaOH-activated SCW biochars,NPX,Secondary effluent,0.12846350911521487,0.08411693786569437,RandomForest,RandomForest_2
770,SI_ref_18,NaOH-activated SCW biochars,NPX,Secondary effluent,0.12873702561203082,0.07511080808038033,RandomForest,RandomForest_2
772,SI_ref_18,NaOH-activated SCW biochars,NPX,Secondary effluent,0.026110640989477824,0.0751769996432416,RandomForest,RandomForest_2
774,SI_ref_18,NaOH-activated SCW biochars,NPX,Secondary effluent,0.054870517105304405,0.0751769996432416,RandomForest,RandomForest_2
776,SI_ref_18,NaOH-activated SCW biochars,NPX,Secondary effluent,0.048092629555703405,0.07486754288349083,RandomForest,RandomForest_2
778,SI_ref_18,NaOH-activated SCW biochars,NPX,Secondary effluent,0.16521082834331338,0.0768167252843417,RandomForest,RandomForest_2
780,SI_ref_18,NaOH-activated SCW biochars,NPX,Secondary effluent,0.11864589305153721,0.0751769996432416,RandomForest,RandomForest_2
782,SI_ref_18,NaOH-activated SCW biochars,NPX,Secondary effluent,0.10983576367726838,0.0751769996432416,RandomForest,RandomForest_2
784,SI_ref_18,NaOH-activated SCW biochars,NPX,Secondary effluent,0.10668866579384965,0.0751769996432416,RandomForest,RandomForest_2
786,SI_ref_18,NaOH-activated SCW biochars,NPX,Secondary effluent,0.08538292965546301,0.0751769996432416,RandomForest,RandomForest_2
788,SI_ref_18,NaOH-activated SCW biochars,NPX,Secondary effluent,0.09141898602740345,0.0751769996432416,RandomForest,RandomForest_2
790,SI_ref_18,NaOH-activated SCW biochars,NPX,Secondary effluent,0.11725913824368146,0.0751769996432416,RandomForest,RandomForest_2
792,SI_ref_18,NaOH-activated SCW biochars,NPX,Secondary effluent,0.10630651659643675,0.0751769996432416,RandomForest,RandomForest_2
794,SI_ref_18,NaOH-activated SCW biochars,NPX,Secondary effluent,0.2275589654025283,0.0751769996432416,RandomForest,RandomForest_2
796,SI_ref_18,NaOH-activated SCW biochars,NPX,Secondary effluent,0.27043202483921047,0.0751769996432416,RandomForest,RandomForest_2
798,SI_ref_18,NaOH-activated SCW biochars,NPX,Secondary effluent,0.15082313311850198,0.0751769996432416,RandomForest,RandomForest_2
800,SI_ref_18,NaOH-activated SCW biochars,NPX,Secondary effluent,0.24701864815812044,0.0751769996432416,RandomForest,RandomForest_2
1156,SI_ref_17,Pristine SCG biochar,IBU,Synthetic,0.9684057270887299,0.921499667180965,RandomForest,RandomForest_2
1158,SI_ref_17,Pristine SCG biochar,IBU,Synthetic,0.964180236157731,0.9187063286755017,RandomForest,RandomForest_2
1160,SI_ref_17,Pristine SCG biochar,IBU,Synthetic,0.9598191197252507,0.9141563223696277,RandomForest,RandomForest_2
1162,SI_ref_17,Pristine SCG biochar,IBU,Synthetic,0.9580437721935793,0.9108146010435358,RandomForest,RandomForest_2
1164,SI_ref_17,Pristine SCG biochar,IBU,Synthetic,0.9425460946241216,0.908733315371654,RandomForest,RandomForest_2
1166,SI_ref_17,Pristine SCG biochar,IBU,Synthetic,0.9402369906408686,0.9084624386828378,RandomForest,RandomForest_2
1168,SI_ref_17,Pristine SCG biochar,IBU,Synthetic,0.9366107784098637,0.9063302261425527,RandomForest,RandomForest_2
1170,SI_ref_17,Pristine SCG biochar,IBU,Synthetic,0.7820004901373623,0.869668736738724,RandomForest,RandomForest_2
1172,SI_ref_17,Pristine SCG biochar,IBU,Synthetic,0.9276141025756294,0.8964686397752171,RandomForest,RandomForest_2
1174,SI_ref_17,Pristine SCG biochar,IBU,Synthetic,0.918292455911169,0.8964686397752171,RandomForest,RandomForest_2
1176,SI_ref_17,Pristine SCG biochar,IBU,Synthetic,0.9133007565861092,0.8964686397752171,RandomForest,RandomForest_2
1178,SI_ref_17,Pristine SCG biochar,IBU,Synthetic,0.9182483670803396,0.8964686397752171,RandomForest,RandomForest_2
1180,SI_ref_17,Pristine SCG biochar,IBU,Synthetic,0.9167234922708469,0.8964686397752171,RandomForest,RandomForest_2
1182,SI_ref_17,Pristine SCG biochar,IBU,Synthetic,0.9122551436969301,0.8964686397752171,RandomForest,RandomForest_2
1184,SI_ref_17,Pristine SCG biochar,IBU,Synthetic,0.9484982246288517,0.8960063811875121,RandomForest,RandomForest_2
1186,SI_ref_17,Pristine SCG biochar,IBU,Synthetic,0.893754721851682,0.8964686397752171,RandomForest,RandomForest_2
1188,SI_ref_17,Pristine SCG biochar,IBU,Synthetic,0.8900227639990935,0.8964686397752171,RandomForest,RandomForest_2
1190,SI_ref_17,Pristine SCG biochar,IBU,Synthetic,0.924357415959487,0.8964686397752171,RandomForest,RandomForest_2
1192,SI_ref_17,Pristine SCG biochar,IBU,Synthetic,0.9226237248225028,0.8964686397752171,RandomForest,RandomForest_2
1194,SI_ref_17,Pristine SCG biochar,IBU,Synthetic,0.8857728699803085,0.8964686397752171,RandomForest,RandomForest_2
1254,SI_ref_18,Pristine SCW Biochar,IBU,Secondary effluent,0.9156726978407875,0.912931616936875,RandomForest,RandomForest_2
1256,SI_ref_18,Pristine SCW Biochar,IBU,Secondary effluent,0.9079673942368781,0.9099945773533582,RandomForest,RandomForest_2
1258,SI_ref_18,Pristine SCW Biochar,IBU,Secondary effluent,0.9043236251446873,0.9062865137784655,RandomForest,RandomForest_2
1260,SI_ref_18,Pristine SCW Biochar,IBU,Secondary effluent,0.9020547983951682,0.9054708662620652,RandomForest,RandomForest_2
1262,SI_ref_18,Pristine SCW Biochar,IBU,Secondary effluent,0.9004882379050155,0.9039446945225847,RandomForest,RandomForest_2
1264,SI_ref_18,Pristine SCW Biochar,IBU,Secondary effluent,0.897458530238549,0.9035800032969127,RandomForest,RandomForest_2
1266,SI_ref_18,Pristine SCW Biochar,IBU,Secondary effluent,0.8973424975849196,0.9042023243815316,RandomForest,RandomForest_2
1267,SI_ref_18,Pristine SCW Biochar,IBU,Secondary effluent,0.8360939688333745,0.9134016926764278,RandomForest,RandomForest_2
1268,SI_ref_18,Pristine SCW Biochar,IBU,Secondary effluent,0.8984823855966844,0.9134016926764278,RandomForest,RandomForest_2
1270,SI_ref_18,Pristine SCW Biochar,IBU,Secondary effluent,0.8874692330465712,0.8990690563989666,RandomForest,RandomForest_2
1272,SI_ref_18,Pristine SCW Biochar,IBU,Secondary effluent,0.9012569556545285,0.918101827842495,RandomForest,RandomForest_2
1274,SI_ref_18,Pristine SCW Biochar,IBU,Secondary effluent,0.8992057856547054,0.9134016926764278,RandomForest,RandomForest_2
1278,SI_ref_18,Pristine SCW Biochar,IBU,Secondary effluent,0.9165018852947014,0.9134016926764278,RandomForest,RandomForest_2
1282,SI_ref_18,Pristine SCW Biochar,IBU,Secondary effluent,0.9202396860047187,0.9134016926764278,RandomForest,RandomForest_2
1286,SI_ref_18,Pristine SCW Biochar,IBU,Secondary effluent,0.9152513064761528,0.9134016926764278,RandomForest,RandomForest_2
1290,SI_ref_18,Pristine SCW Biochar,IBU,Secondary effluent,0.9145713435205399,0.9134016926764278,RandomForest,RandomForest_2
1294,SI_ref_18,Pristine SCW Biochar,IBU,Secondary effluent,0.9194281493241605,0.9134016926764278,RandomForest,RandomForest_2
1299,SI_ref_18,Pristine SCW Biochar,IBU,Secondary effluent,0.891903218347585,0.9134987424124549,RandomForest,RandomForest_2
1301,SI_ref_18,Pristine SCW Biochar,IBU,Secondary effluent,0.9069133641489088,0.9131922325729761,RandomForest,RandomForest_2
1303,SI_ref_18,Pristine SCW Biochar,IBU,Secondary effluent,0.9145392250293353,0.9127546932429876,RandomForest,RandomForest_2
1304,SI_ref_18,Pristine SCW Biochar,IBU,Secondary effluent,0.911352956646831,0.9134016926764278,RandomForest,RandomForest_2
1305,SI_ref_18,Pristine SCW Biochar,IBU,Secondary effluent,0.8992133437264335,0.9134016926764278,RandomForest,RandomForest_2
1309,SI_ref_18,Pristine SCW Biochar,NPX,Secondary effluent,0.9276600601799115,0.9140485317730936,RandomForest,RandomForest_2
1311,SI_ref_18,Pristine SCW Biochar,NPX,Secondary effluent,0.9217275625657669,0.911240197288666,RandomForest,RandomForest_2
1313,SI_ref_18,Pristine SCW Biochar,NPX,Secondary effluent,0.9151672500810683,0.9080842681355878,RandomForest,RandomForest_2
1315,SI_ref_18,Pristine SCW Biochar,NPX,Secondary effluent,0.914870212237198,0.9073651147666908,RandomForest,RandomForest_2
1317,SI_ref_18,Pristine SCW Biochar,NPX,Secondary effluent,0.9125118045566373,0.9059141062311489,RandomForest,RandomForest_2
1319,SI_ref_18,Pristine SCW Biochar,NPX,Secondary effluent,0.9122370962869346,0.9056105099387056,RandomForest,RandomForest_2
1321,SI_ref_18,Pristine SCW Biochar,NPX,Secondary effluent,0.9100475600528815,0.9057383366591256,RandomForest,RandomForest_2
1322,SI_ref_18,Pristine SCW Biochar,NPX,Secondary effluent,0.8724917016408669,0.9101239825547771,RandomForest,RandomForest_2
1323,SI_ref_18,Pristine SCW Biochar,NPX,Secondary effluent,0.9222871559920565,0.9101239825547771,RandomForest,RandomForest_2
1325,SI_ref_18,Pristine SCW Biochar,NPX,Secondary effluent,0.8954095327862793,0.8979284190438439,RandomForest,RandomForest_2
1327,SI_ref_18,Pristine SCW Biochar,NPX,Secondary effluent,0.9153416500332668,0.9146532865150063,RandomForest,RandomForest_2
1329,SI_ref_18,Pristine SCW Biochar,NPX,Secondary effluent,0.910898633301941,0.9101239825547771,RandomForest,RandomForest_2
1331,SI_ref_18,Pristine SCW Biochar,NPX,Secondary effluent,0.9081761980542199,0.9101239825547771,RandomForest,RandomForest_2
1333,SI_ref_18,Pristine SCW Biochar,NPX,Secondary effluent,0.9126518494691617,0.9101239825547771,RandomForest,RandomForest_2
1335,SI_ref_18,Pristine SCW Biochar,NPX,Secondary effluent,0.9091665914238204,0.9101239825547771,RandomForest,RandomForest_2
1337,SI_ref_18,Pristine SCW Biochar,NPX,Secondary effluent,0.9109852392346297,0.9101239825547771,RandomForest,RandomForest_2
1339,SI_ref_18,Pristine SCW Biochar,NPX,Secondary effluent,0.9170303341534803,0.9101239825547771,RandomForest,RandomForest_2
1341,SI_ref_18,Pristine SCW Biochar,NPX,Secondary effluent,0.9109021678864493,0.9102483882298438,RandomForest,RandomForest_2
1343,SI_ref_18,Pristine SCW Biochar,NPX,Secondary effluent,0.9138805167442893,0.9095667948173033,RandomForest,RandomForest_2
1345,SI_ref_18,Pristine SCW Biochar,NPX,Secondary effluent,0.9200278517039994,0.9095077458874334,RandomForest,RandomForest_2
1346,SI_ref_18,Pristine SCW Biochar,NPX,Secondary effluent,0.9136165317560039,0.9101239825547771,RandomForest,RandomForest_2
1347,SI_ref_18,Pristine SCW Biochar,NPX,Secondary effluent,0.9038576927569927,0.9101239825547771,RandomForest,RandomForest_2
189,SI_ref_17,Alkali-modified SCG biochars,IBU,Synthetic,0.6581206763788531,0.4161932883235202,Ridge,Ridge_2
191,SI_ref_17,Alkali-modified SCG biochars,IBU,Synthetic,0.6239833523895453,0.4059486940182264,Ridge,Ridge_2
193,SI_ref_17,Alkali-modified SCG biochars,IBU,Synthetic,0.5119378819344518,0.3894876544269975,Ridge,Ridge_2
195,SI_ref_17,Alkali-modified SCG biochars,IBU,Synthetic,0.4585781550994164,0.3790388260852292,Ridge,Ridge_2
197,SI_ref_17,Alkali-modified SCG biochars,IBU,Synthetic,0.44243948810088646,0.3729161441722795,Ridge,Ridge_2
199,SI_ref_17,Alkali-modified SCG biochars,IBU,Synthetic,0.4544355679658596,0.36856910780509566,Ridge,Ridge_2
201,SI_ref_17,Alkali-modified SCG biochars,IBU,Synthetic,0.39592651561701936,0.3642203246729627,Ridge,Ridge_2
203,SI_ref_17,Alkali-modified SCG biochars,IBU,Synthetic,0.10913541523053398,0.3151918248843564,Ridge,Ridge_2
205,SI_ref_17,Alkali-modified SCG biochars,IBU,Synthetic,0.3052806700714839,0.3580889119579853,Ridge,Ridge_2
207,SI_ref_17,Alkali-modified SCG biochars,IBU,Synthetic,0.4311083753711556,0.3580889119579853,Ridge,Ridge_2
209,SI_ref_17,Alkali-modified SCG biochars,IBU,Synthetic,0.3789894895081609,0.3580889119579853,Ridge,Ridge_2
211,SI_ref_17,Alkali-modified SCG biochars,IBU,Synthetic,0.3304133868875155,0.3580889119579853,Ridge,Ridge_2
213,SI_ref_17,Alkali-modified SCG biochars,IBU,Synthetic,0.33928547446435453,0.3580889119579853,Ridge,Ridge_2
215,SI_ref_17,Alkali-modified SCG biochars,IBU,Synthetic,0.3234505141947598,0.3580889119579853,Ridge,Ridge_2
217,SI_ref_17,Alkali-modified SCG biochars,IBU,Synthetic,0.6889998443034063,0.40098599903161425,Ridge,Ridge_2
219,SI_ref_17,Alkali-modified SCG biochars,IBU,Synthetic,0.1184746430703935,0.3580889119579853,Ridge,Ridge_2
221,SI_ref_17,Alkali-modified SCG biochars,IBU,Synthetic,0.35446182653715885,0.3580889119579853,Ridge,Ridge_2
223,SI_ref_17,Alkali-modified SCG biochars,IBU,Synthetic,0.5365490577861332,0.3580889119579853,Ridge,Ridge_2
225,SI_ref_17,Alkali-modified SCG biochars,IBU,Synthetic,0.5901579894748284,0.3580889119579853,Ridge,Ridge_2
227,SI_ref_17,Alkali-modified SCG biochars,IBU,Synthetic,0.6910697148739985,0.3580889119579853,Ridge,Ridge_2
229,SI_ref_16,C-Biochar,ATE,Synthetic,0.8511111111111113,0.563111687307343,Ridge,Ridge_2
230,SI_ref_16,C-Biochar,ATE,Synthetic,0.7400000000000001,0.5845602308441575,Ridge,Ridge_2
231,SI_ref_16,C-Biochar,ATE,Synthetic,0.7400000000000001,0.6240619325797208,Ridge,Ridge_2
232,SI_ref_16,C-Biochar,ATE,Synthetic,0.7453872053872055,0.6060087743809719,Ridge,Ridge_2
233,SI_ref_16,C-Biochar,ATE,Synthetic,0.8733333333333334,0.6060087743809719,Ridge,Ridge_2
234,SI_ref_16,C-Biochar,ATE,Synthetic,0.8288888888888891,0.6060087743809719,Ridge,Ridge_2
235,SI_ref_16,C-Biochar,ATE,Synthetic,0.8511111111111113,0.6060087743809719,Ridge,Ridge_2
236,SI_ref_16,C-Biochar,ATE,Synthetic,0.7844444444444446,0.6060087743809719,Ridge,Ridge_2
237,SI_ref_16,C-Biochar,ATE,Synthetic,0.8733333333333334,0.6060087743809719,Ridge,Ridge_2
238,SI_ref_16,C-Biochar,ATE,Synthetic,0.6733333333333335,0.5879556161822233,Ridge,Ridge_2
239,SI_ref_16,C-Biochar,ATE,Synthetic,0.6511111111111112,0.5699024579834745,Ridge,Ridge_2
240,SI_ref_16,C-Biochar,ATE,Synthetic,0.6288888888888889,0.6274573179177865,Ridge,Ridge_2
241,SI_ref_16,C-Biochar,ATE,Synthetic,0.7774074074074075,0.6060087743809719,Ridge,Ridge_2
242,SI_ref_16,C-Biochar,ATE,Synthetic,0.7824691358024691,0.6060087743809719,Ridge,Ridge_2
243,SI_ref_16,C-Biochar,ATE,Synthetic,0.8257777777777777,0.6060087743809719,Ridge,Ridge_2
244,SI_ref_16,C-Biochar,ATE,Synthetic,0.8438888888888889,0.6060087743809719,Ridge,Ridge_2
245,SI_ref_16,C-Biochar,ATE,Synthetic,0.8562222222222223,0.6060087743809719,Ridge,Ridge_2
263,SI_ref_16,C-Biochar,IBU,Synthetic,0.5333333333333333,0.5652299042296434,Ridge,Ridge_2
264,SI_ref_16,C-Biochar,IBU,Synthetic,0.7333333333333333,0.5866784477664578,Ridge,Ridge_2
265,SI_ref_16,C-Biochar,IBU,Synthetic,0.6000000000000001,0.626180149502021,Ridge,Ridge_2
266,SI_ref_16,C-Biochar,IBU,Synthetic,0.6121212121212122,0.6081269913032723,Ridge,Ridge_2
267,SI_ref_16,C-Biochar,IBU,Synthetic,0.7333333333333333,0.6081269913032723,Ridge,Ridge_2
268,SI_ref_16,C-Biochar,IBU,Synthetic,0.5333333333333333,0.6081269913032723,Ridge,Ridge_2
269,SI_ref_16,C-Biochar,IBU,Synthetic,0.4666666666666666,0.6081269913032723,Ridge,Ridge_2
270,SI_ref_16,C-Biochar,IBU,Synthetic,0.5555555555555556,0.6081269913032723,Ridge,Ridge_2
271,SI_ref_16,C-Biochar,IBU,Synthetic,0.6000000000000001,0.6081269913032723,Ridge,Ridge_2
272,SI_ref_16,C-Biochar,IBU,Synthetic,0.6000000000000001,0.5900738331045235,Ridge,Ridge_2
273,SI_ref_16,C-Biochar,IBU,Synthetic,0.6000000000000001,0.5720206749057748,Ridge,Ridge_2
274,SI_ref_16,C-Biochar,IBU,Synthetic,1.0666666666666667,0.6295755348400868,Ridge,Ridge_2
275,SI_ref_16,C-Biochar,IBU,Synthetic,0.5277777777777777,0.6081269913032723,Ridge,Ridge_2
276,SI_ref_16,C-Biochar,IBU,Synthetic,0.7,0.6081269913032723,Ridge,Ridge_2
277,SI_ref_16,C-Biochar,IBU,Synthetic,0.7844444444444444,0.6081269913032723,Ridge,Ridge_2
278,SI_ref_16,C-Biochar,IBU,Synthetic,0.8430555555555557,0.6081269913032723,Ridge,Ridge_2
279,SI_ref_16,C-Biochar,IBU,Synthetic,0.861111111111111,0.6081269913032723,Ridge,Ridge_2
354,SI_ref_14,GCRB,DIU,Synthetic,0.983291565929579,1.0682848834390914,Ridge,Ridge_2
355,SI_ref_14,GCRB,DIU,Synthetic,0.9782739977994132,1.0580402891337974,Ridge,Ridge_2
356,SI_ref_14,GCRB,DIU,Synthetic,0.9708791324637501,1.0476741614613396,Ridge,Ridge_2
357,SI_ref_14,GCRB,DIU,Synthetic,0.964507517643233,1.037246136596762,Ridge,Ridge_2
358,SI_ref_14,GCRB,DIU,Synthetic,0.960647920928618,1.0267868741283508,Ridge,Ridge_2
359,SI_ref_14,GCRB,DIU,Synthetic,0.9584857336381704,1.020660702920667,Ridge,Ridge_2
360,SI_ref_14,GCRB,DIU,Synthetic,0.9536869714697045,1.0163119197885337,Ridge,Ridge_2
361,SI_ref_14,GCRB,DIU,Synthetic,0.9291396445453227,0.9672834199999275,Ridge,Ridge_2
362,SI_ref_14,GCRB,DIU,Synthetic,0.9775416982957918,1.0282336652723052,Ridge,Ridge_2
363,SI_ref_14,GCRB,DIU,Synthetic,0.9527369648004039,1.0101805070735566,Ridge,Ridge_2
364,SI_ref_14,GCRB,DIU,Synthetic,0.9478201604463821,1.0101805070735566,Ridge,Ridge_2
365,SI_ref_14,GCRB,DIU,Synthetic,0.9265327424413893,1.0101805070735566,Ridge,Ridge_2
366,SI_ref_14,GCRB,DIU,Synthetic,0.9253239651903417,1.0101805070735566,Ridge,Ridge_2
367,SI_ref_14,GCRB,DIU,Synthetic,0.9238760352548926,1.0101805070735566,Ridge,Ridge_2
368,SI_ref_14,GCRB,DIU,Synthetic,0.9417552695951205,0.9921273488748077,Ridge,Ridge_2
369,SI_ref_14,GCRB,DIU,Synthetic,0.9147016410628197,0.9921273488748077,Ridge,Ridge_2
370,SI_ref_14,GCRB,DIU,Synthetic,0.9192051981667979,1.0530775941471853,Ridge,Ridge_2
371,SI_ref_14,GCRB,DIU,Synthetic,0.9535021691371877,1.0101805070735566,Ridge,Ridge_2
372,SI_ref_14,GCRB,DIU,Synthetic,0.9661748102299111,1.0101805070735566,Ridge,Ridge_2
373,SI_ref_14,GCRB,DIU,Synthetic,1.0173780045422414,1.0101805070735566,Ridge,Ridge_2
374,SI_ref_14,GCRB,DIU,Synthetic,1.0082496176169822,1.0101805070735566,Ridge,Ridge_2
375,SI_ref_14,GCRB,DIU,Synthetic,0.9496862840784065,1.0101805070735566,Ridge,Ridge_2
439,SI_ref_14,GCRB-N,DIU,Synthetic,0.6654043880576614,0.5629186176207295,Ridge,Ridge_2
440,SI_ref_14,GCRB-N,DIU,Synthetic,0.5844535743219663,0.5526740233154357,Ridge,Ridge_2
441,SI_ref_14,GCRB-N,DIU,Synthetic,0.5079200907404222,0.5423078956429777,Ridge,Ridge_2
442,SI_ref_14,GCRB-N,DIU,Synthetic,0.37854626102465844,0.5318798707784002,Ridge,Ridge_2
443,SI_ref_14,GCRB-N,DIU,Synthetic,0.26690125827656935,0.521420608309989,Ridge,Ridge_2
444,SI_ref_14,GCRB-N,DIU,Synthetic,0.2332409918272794,0.515294437102305,Ridge,Ridge_2
445,SI_ref_14,GCRB-N,DIU,Synthetic,0.1951305004086504,0.5109456539701721,Ridge,Ridge_2
446,SI_ref_14,GCRB-N,DIU,Synthetic,0.2075726875081201,0.46191715418156576,Ridge,Ridge_2
447,SI_ref_14,GCRB-N,DIU,Synthetic,0.26826652394124667,0.5228673994539434,Ridge,Ridge_2
448,SI_ref_14,GCRB-N,DIU,Synthetic,0.1819381767074788,0.5048142412551947,Ridge,Ridge_2
449,SI_ref_14,GCRB-N,DIU,Synthetic,0.15093015054787579,0.48676108305644594,Ridge,Ridge_2
450,SI_ref_14,GCRB-N,DIU,Synthetic,0.1736169508150928,0.48676108305644594,Ridge,Ridge_2
451,SI_ref_14,GCRB-N,DIU,Synthetic,0.16382165003373128,0.5477113283288236,Ridge,Ridge_2
452,SI_ref_14,GCRB-N,DIU,Synthetic,0.1932052297084895,0.5048142412551947,Ridge,Ridge_2
453,SI_ref_14,GCRB-N,DIU,Synthetic,0.1683505359330984,0.5048037418624753,Ridge,Ridge_2
454,SI_ref_14,GCRB-N,DIU,Synthetic,0.1647692025710552,0.504793249748365,Ridge,Ridge_2
455,SI_ref_14,GCRB-N,DIU,Synthetic,0.3384549122360595,0.504793249748365,Ridge,Ridge_2
456,SI_ref_14,GCRB-N,DIU,Synthetic,0.1402528461142079,0.5047827649027792,Ridge,Ridge_2
457,SI_ref_14,GCRB-N,DIU,Synthetic,0.5187315058108145,0.5047827649027792,Ridge,Ridge_2
458,SI_ref_14,GCRB-N,DIU,Synthetic,0.12629127082807837,0.5047722873156539,Ridge,Ridge_2
459,SI_ref_14,GCRB-N,DIU,Synthetic,0.6455190877003087,0.5047722873156539,Ridge,Ridge_2
460,SI_ref_14,GCRB-N,DIU,Synthetic,0.12138562309836234,0.5047618169769464,Ridge,Ridge_2
461,SI_ref_14,GCRB-N,DIU,Synthetic,0.6666027581171994,0.5047618169769464,Ridge,Ridge_2
462,SI_ref_14,GCRB-N,DIU,Synthetic,0.16773925939532233,0.5047513538766348,Ridge,Ridge_2
463,SI_ref_14,GCRB-N,DIU,Synthetic,0.15967117649899737,0.5047408980047178,Ridge,Ridge_2
464,SI_ref_14,GCRB-N,DIU,Synthetic,0.27418422723714847,0.5047408980047178,Ridge,Ridge_2
465,SI_ref_14,GCRB-N,DIU,Synthetic,0.1405827183894587,0.5047304493512148,Ridge,Ridge_2
466,SI_ref_14,GCRB-N,DIU,Synthetic,0.5605758859577746,0.5047304493512148,Ridge,Ridge_2
467,SI_ref_14,GCRB-N,DIU,Synthetic,0.13173953864692908,0.504720007906166,Ridge,Ridge_2
468,SI_ref_14,GCRB-N,DIU,Synthetic,0.6564705601884918,0.504720007906166,Ridge,Ridge_2
469,SI_ref_14,GCRB-N,DIU,Synthetic,0.12617131727344172,0.5047095736596321,Ridge,Ridge_2
470,SI_ref_14,GCRB-N,DIU,Synthetic,0.6552893507455957,0.5047095736596321,Ridge,Ridge_2
471,SI_ref_14,GCRB-N,DIU,Synthetic,0.1676281074261493,0.5046991466016943,Ridge,Ridge_2
472,SI_ref_14,GCRB-N,DIU,Synthetic,0.1622201895350263,0.5046887267224545,Ridge,Ridge_2
473,SI_ref_14,GCRB-N,DIU,Synthetic,0.31928006415696586,0.5046887267224545,Ridge,Ridge_2
474,SI_ref_14,GCRB-N,DIU,Synthetic,0.14041778225183332,0.5046783140120349,Ridge,Ridge_2
475,SI_ref_14,GCRB-N,DIU,Synthetic,0.5410485473017326,0.5046783140120349,Ridge,Ridge_2
476,SI_ref_14,GCRB-N,DIU,Synthetic,0.12901540473750372,0.5046679084605779,Ridge,Ridge_2
477,SI_ref_14,GCRB-N,DIU,Synthetic,0.6413243626564091,0.5046679084605779,Ridge,Ridge_2
478,SI_ref_14,GCRB-N,DIU,Synthetic,0.12377847018590202,0.5046575100582466,Ridge,Ridge_2
479,SI_ref_14,GCRB-N,DIU,Synthetic,0.665837914589971,0.5046575100582466,Ridge,Ridge_2
699,SI_ref_18,NaOH-activated SCW biochars,IBU,Secondary effluent,0.8098199350756726,0.5155877548863669,Ridge,Ridge_2
701,SI_ref_18,NaOH-activated SCW biochars,IBU,Secondary effluent,0.7485969905050348,0.5053431605810731,Ridge,Ridge_2
703,SI_ref_18,NaOH-activated SCW biochars,IBU,Secondary effluent,0.6850179499229786,0.494977032908615,Ridge,Ridge_2
705,SI_ref_18,NaOH-activated SCW biochars,IBU,Secondary effluent,0.6861011679416551,0.4845490080440375,Ridge,Ridge_2
707,SI_ref_18,NaOH-activated SCW biochars,IBU,Secondary effluent,0.6799185617433835,0.4740897455756264,Ridge,Ridge_2
709,SI_ref_18,NaOH-activated SCW biochars,IBU,Secondary effluent,0.6765813990931481,0.4679635743679424,Ridge,Ridge_2
711,SI_ref_18,NaOH-activated SCW biochars,IBU,Secondary effluent,0.6777803451607008,0.4636147912358094,Ridge,Ridge_2
713,SI_ref_18,NaOH-activated SCW biochars,IBU,Secondary effluent,0.19946424836974086,0.45748337852083204,Ridge,Ridge_2
715,SI_ref_18,NaOH-activated SCW biochars,IBU,Secondary effluent,0.45728603839109744,0.45748337852083204,Ridge,Ridge_2
717,SI_ref_18,NaOH-activated SCW biochars,IBU,Secondary effluent,0.5431517029603264,0.43603483498401757,Ridge,Ridge_2
719,SI_ref_18,NaOH-activated SCW biochars,IBU,Secondary effluent,0.6932620426015607,0.4755365367195808,Ridge,Ridge_2
721,SI_ref_18,NaOH-activated SCW biochars,IBU,Secondary effluent,0.675113405421536,0.45748337852083204,Ridge,Ridge_2
725,SI_ref_18,NaOH-activated SCW biochars,IBU,Secondary effluent,0.6458796718925713,0.45748337852083204,Ridge,Ridge_2
729,SI_ref_18,NaOH-activated SCW biochars,IBU,Secondary effluent,0.6230174196820357,0.45748337852083204,Ridge,Ridge_2
733,SI_ref_18,NaOH-activated SCW biochars,IBU,Secondary effluent,0.6232264558664639,0.45748337852083204,Ridge,Ridge_2
737,SI_ref_18,NaOH-activated SCW biochars,IBU,Secondary effluent,0.6321330290401536,0.45748337852083204,Ridge,Ridge_2
741,SI_ref_18,NaOH-activated SCW biochars,IBU,Secondary effluent,0.6274964829882473,0.45748337852083204,Ridge,Ridge_2
746,SI_ref_18,NaOH-activated SCW biochars,IBU,Secondary effluent,0.6482993087024828,0.43943022032208334,Ridge,Ridge_2
748,SI_ref_18,NaOH-activated SCW biochars,IBU,Secondary effluent,0.7478636767346728,0.47893192205764656,Ridge,Ridge_2
750,SI_ref_18,NaOH-activated SCW biochars,IBU,Secondary effluent,0.811827151849907,0.500380465594461,Ridge,Ridge_2
752,SI_ref_18,NaOH-activated SCW biochars,IBU,Secondary effluent,0.7252319435730717,0.45748337852083204,Ridge,Ridge_2
754,SI_ref_18,NaOH-activated SCW biochars,IBU,Secondary effluent,0.7786423949758233,0.45748337852083204,Ridge,Ridge_2
758,SI_ref_18,NaOH-activated SCW biochars,NPX,Secondary effluent,0.5521972966156422,0.30628908259097104,Ridge,Ridge_2
760,SI_ref_18,NaOH-activated SCW biochars,NPX,Secondary effluent,0.4814245289032641,0.29604448828567725,Ridge,Ridge_2
762,SI_ref_18,NaOH-activated SCW biochars,NPX,Secondary effluent,0.34455951981715066,0.28567836061321916,Ridge,Ridge_2
764,SI_ref_18,NaOH-activated SCW biochars,NPX,Secondary effluent,0.2493517679350271,0.27525033574864166,Ridge,Ridge_2
766,SI_ref_18,NaOH-activated SCW biochars,NPX,Secondary effluent,0.16764900163614713,0.2647910732802306,Ridge,Ridge_2
768,SI_ref_18,NaOH-activated SCW biochars,NPX,Secondary effluent,0.12846350911521487,0.2586649020725465,Ridge,Ridge_2
770,SI_ref_18,NaOH-activated SCW biochars,NPX,Secondary effluent,0.12873702561203082,0.25431611894041356,Ridge,Ridge_2
772,SI_ref_18,NaOH-activated SCW biochars,NPX,Secondary effluent,0.026110640989477824,0.24818470622543615,Ridge,Ridge_2
774,SI_ref_18,NaOH-activated SCW biochars,NPX,Secondary effluent,0.054870517105304405,0.24818470622543615,Ridge,Ridge_2
776,SI_ref_18,NaOH-activated SCW biochars,NPX,Secondary effluent,0.048092629555703405,0.22673616268862168,Ridge,Ridge_2
778,SI_ref_18,NaOH-activated SCW biochars,NPX,Secondary effluent,0.16521082834331338,0.26623786442418484,Ridge,Ridge_2
780,SI_ref_18,NaOH-activated SCW biochars,NPX,Secondary effluent,0.11864589305153721,0.24818470622543615,Ridge,Ridge_2
782,SI_ref_18,NaOH-activated SCW biochars,NPX,Secondary effluent,0.10983576367726838,0.24818470622543615,Ridge,Ridge_2
784,SI_ref_18,NaOH-activated SCW biochars,NPX,Secondary effluent,0.10668866579384965,0.24818470622543615,Ridge,Ridge_2
786,SI_ref_18,NaOH-activated SCW biochars,NPX,Secondary effluent,0.08538292965546301,0.24818470622543615,Ridge,Ridge_2
788,SI_ref_18,NaOH-activated SCW biochars,NPX,Secondary effluent,0.09141898602740345,0.24818470622543615,Ridge,Ridge_2
790,SI_ref_18,NaOH-activated SCW biochars,NPX,Secondary effluent,0.11725913824368146,0.24818470622543615,Ridge,Ridge_2
792,SI_ref_18,NaOH-activated SCW biochars,NPX,Secondary effluent,0.10630651659643675,0.23013154802668745,Ridge,Ridge_2
794,SI_ref_18,NaOH-activated SCW biochars,NPX,Secondary effluent,0.2275589654025283,0.2696332497622506,Ridge,Ridge_2
796,SI_ref_18,NaOH-activated SCW biochars,NPX,Secondary effluent,0.27043202483921047,0.2910817932990651,Ridge,Ridge_2
798,SI_ref_18,NaOH-activated SCW biochars,NPX,Secondary effluent,0.15082313311850198,0.24818470622543615,Ridge,Ridge_2
800,SI_ref_18,NaOH-activated SCW biochars,NPX,Secondary effluent,0.24701864815812044,0.24818470622543615,Ridge,Ridge_2
1156,SI_ref_17,Pristine SCG biochar,IBU,Synthetic,0.9684057270887299,1.0152614201993444,Ridge,Ridge_2
1158,SI_ref_17,Pristine SCG biochar,IBU,Synthetic,0.964180236157731,1.0050168258940504,Ridge,Ridge_2
1160,SI_ref_17,Pristine SCG biochar,IBU,Synthetic,0.9598191197252507,0.9885557863028216,Ridge,Ridge_2
1162,SI_ref_17,Pristine SCG biochar,IBU,Synthetic,0.9580437721935793,0.9781069579610533,Ridge,Ridge_2
1164,SI_ref_17,Pristine SCG biochar,IBU,Synthetic,0.9425460946241216,0.9719842760481036,Ridge,Ridge_2
1166,SI_ref_17,Pristine SCG biochar,IBU,Synthetic,0.9402369906408686,0.9676372396809199,Ridge,Ridge_2
1168,SI_ref_17,Pristine SCG biochar,IBU,Synthetic,0.9366107784098637,0.9632884565487868,Ridge,Ridge_2
1170,SI_ref_17,Pristine SCG biochar,IBU,Synthetic,0.7820004901373623,0.9142599567601806,Ridge,Ridge_2
1172,SI_ref_17,Pristine SCG biochar,IBU,Synthetic,0.9276141025756294,0.9571570438338095,Ridge,Ridge_2
1174,SI_ref_17,Pristine SCG biochar,IBU,Synthetic,0.918292455911169,0.9571570438338095,Ridge,Ridge_2
1176,SI_ref_17,Pristine SCG biochar,IBU,Synthetic,0.9133007565861092,0.9571570438338095,Ridge,Ridge_2
1178,SI_ref_17,Pristine SCG biochar,IBU,Synthetic,0.9182483670803396,0.9571570438338095,Ridge,Ridge_2
1180,SI_ref_17,Pristine SCG biochar,IBU,Synthetic,0.9167234922708469,0.9571570438338095,Ridge,Ridge_2
1182,SI_ref_17,Pristine SCG biochar,IBU,Synthetic,0.9122551436969301,0.9571570438338095,Ridge,Ridge_2
1184,SI_ref_17,Pristine SCG biochar,IBU,Synthetic,0.9484982246288517,1.0000541309074382,Ridge,Ridge_2
1186,SI_ref_17,Pristine SCG biochar,IBU,Synthetic,0.893754721851682,0.9571570438338095,Ridge,Ridge_2
1188,SI_ref_17,Pristine SCG biochar,IBU,Synthetic,0.8900227639990935,0.9571570438338095,Ridge,Ridge_2
1190,SI_ref_17,Pristine SCG biochar,IBU,Synthetic,0.924357415959487,0.9571570438338095,Ridge,Ridge_2
1192,SI_ref_17,Pristine SCG biochar,IBU,Synthetic,0.9226237248225028,0.9571570438338095,Ridge,Ridge_2
1194,SI_ref_17,Pristine SCG biochar,IBU,Synthetic,0.8857728699803085,0.9571570438338095,Ridge,Ridge_2
1254,SI_ref_18,Pristine SCW Biochar,IBU,Secondary effluent,0.9156726978407875,1.0997248647298767,Ridge,Ridge_2
1256,SI_ref_18,Pristine SCW Biochar,IBU,Secondary effluent,0.9079673942368781,1.089480270424583,Ridge,Ridge_2
1258,SI_ref_18,Pristine SCW Biochar,IBU,Secondary effluent,0.9043236251446873,1.079114142752125,Ridge,Ridge_2
1260,SI_ref_18,Pristine SCW Biochar,IBU,Secondary effluent,0.9020547983951682,1.0686861178875473,Ridge,Ridge_2
1262,SI_ref_18,Pristine SCW Biochar,IBU,Secondary effluent,0.9004882379050155,1.0582268554191363,Ridge,Ridge_2
1264,SI_ref_18,Pristine SCW Biochar,IBU,Secondary effluent,0.897458530238549,1.0521006842114522,Ridge,Ridge_2
1266,SI_ref_18,Pristine SCW Biochar,IBU,Secondary effluent,0.8973424975849196,1.0477519010793193,Ridge,Ridge_2
1267,SI_ref_18,Pristine SCW Biochar,IBU,Secondary effluent,0.8360939688333745,1.0416204883643418,Ridge,Ridge_2
1268,SI_ref_18,Pristine SCW Biochar,IBU,Secondary effluent,0.8984823855966844,1.0416204883643418,Ridge,Ridge_2
1270,SI_ref_18,Pristine SCW Biochar,IBU,Secondary effluent,0.8874692330465712,1.0201719448275273,Ridge,Ridge_2
1272,SI_ref_18,Pristine SCW Biochar,IBU,Secondary effluent,0.9012569556545285,1.0596736465630905,Ridge,Ridge_2
1274,SI_ref_18,Pristine SCW Biochar,IBU,Secondary effluent,0.8992057856547054,1.0416204883643418,Ridge,Ridge_2
1278,SI_ref_18,Pristine SCW Biochar,IBU,Secondary effluent,0.9165018852947014,1.0416204883643418,Ridge,Ridge_2
1282,SI_ref_18,Pristine SCW Biochar,IBU,Secondary effluent,0.9202396860047187,1.0416204883643418,Ridge,Ridge_2
1286,SI_ref_18,Pristine SCW Biochar,IBU,Secondary effluent,0.9152513064761528,1.0416204883643418,Ridge,Ridge_2
1290,SI_ref_18,Pristine SCW Biochar,IBU,Secondary effluent,0.9145713435205399,1.0416204883643418,Ridge,Ridge_2
1294,SI_ref_18,Pristine SCW Biochar,IBU,Secondary effluent,0.9194281493241605,1.0416204883643418,Ridge,Ridge_2
1299,SI_ref_18,Pristine SCW Biochar,IBU,Secondary effluent,0.891903218347585,1.023567330165593,Ridge,Ridge_2
1301,SI_ref_18,Pristine SCW Biochar,IBU,Secondary effluent,0.9069133641489088,1.0630690319011564,Ridge,Ridge_2
1303,SI_ref_18,Pristine SCW Biochar,IBU,Secondary effluent,0.9145392250293353,1.0845175754379708,Ridge,Ridge_2
1304,SI_ref_18,Pristine SCW Biochar,IBU,Secondary effluent,0.911352956646831,1.0416204883643418,Ridge,Ridge_2
1305,SI_ref_18,Pristine SCW Biochar,IBU,Secondary effluent,0.8992133437264335,1.0416204883643418,Ridge,Ridge_2
1309,SI_ref_18,Pristine SCW Biochar,NPX,Secondary effluent,0.9276600601799115,0.8904261924344807,Ridge,Ridge_2
1311,SI_ref_18,Pristine SCW Biochar,NPX,Secondary effluent,0.9217275625657669,0.880181598129187,Ridge,Ridge_2
1313,SI_ref_18,Pristine SCW Biochar,NPX,Secondary effluent,0.9151672500810683,0.8698154704567289,Ridge,Ridge_2
1315,SI_ref_18,Pristine SCW Biochar,NPX,Secondary effluent,0.914870212237198,0.8593874455921514,Ridge,Ridge_2
1317,SI_ref_18,Pristine SCW Biochar,NPX,Secondary effluent,0.9125118045566373,0.8489281831237403,Ridge,Ridge_2
1319,SI_ref_18,Pristine SCW Biochar,NPX,Secondary effluent,0.9122370962869346,0.8428020119160563,Ridge,Ridge_2
1321,SI_ref_18,Pristine SCW Biochar,NPX,Secondary effluent,0.9100475600528815,0.8384532287839233,Ridge,Ridge_2
1322,SI_ref_18,Pristine SCW Biochar,NPX,Secondary effluent,0.8724917016408669,0.832321816068946,Ridge,Ridge_2
1323,SI_ref_18,Pristine SCW Biochar,NPX,Secondary effluent,0.9222871559920565,0.832321816068946,Ridge,Ridge_2
1325,SI_ref_18,Pristine SCW Biochar,NPX,Secondary effluent,0.8954095327862793,0.8108732725321315,Ridge,Ridge_2
1327,SI_ref_18,Pristine SCW Biochar,NPX,Secondary effluent,0.9153416500332668,0.8503749742676947,Ridge,Ridge_2
1329,SI_ref_18,Pristine SCW Biochar,NPX,Secondary effluent,0.910898633301941,0.832321816068946,Ridge,Ridge_2
1331,SI_ref_18,Pristine SCW Biochar,NPX,Secondary effluent,0.9081761980542199,0.832321816068946,Ridge,Ridge_2
1333,SI_ref_18,Pristine SCW Biochar,NPX,Secondary effluent,0.9126518494691617,0.832321816068946,Ridge,Ridge_2
1335,SI_ref_18,Pristine SCW Biochar,NPX,Secondary effluent,0.9091665914238204,0.832321816068946,Ridge,Ridge_2
1337,SI_ref_18,Pristine SCW Biochar,NPX,Secondary effluent,0.9109852392346297,0.832321816068946,Ridge,Ridge_2
1339,SI_ref_18,Pristine SCW Biochar,NPX,Secondary effluent,0.9170303341534803,0.832321816068946,Ridge,Ridge_2
1341,SI_ref_18,Pristine SCW Biochar,NPX,Secondary effluent,0.9109021678864493,0.8142686578701972,Ridge,Ridge_2
1343,SI_ref_18,Pristine SCW Biochar,NPX,Secondary effluent,0.9138805167442893,0.8537703596057604,Ridge,Ridge_2
1345,SI_ref_18,Pristine SCW Biochar,NPX,Secondary effluent,0.9200278517039994,0.8752189031425749,Ridge,Ridge_2
1346,SI_ref_18,Pristine SCW Biochar,NPX,Secondary effluent,0.9136165317560039,0.832321816068946,Ridge,Ridge_2
1347,SI_ref_18,Pristine SCW Biochar,NPX,Secondary effluent,0.9038576927569927,0.832321816068946,Ridge,Ridge_2
189,SI_ref_17,Alkali-modified SCG biochars,IBU,Synthetic,0.6581206763788531,0.41797286296138214,SVR,SVR_1
191,SI_ref_17,Alkali-modified SCG biochars,IBU,Synthetic,0.6239833523895453,0.3275081901130087,SVR,SVR_1
193,SI_ref_17,Alkali-modified SCG biochars,IBU,Synthetic,0.5119378819344518,0.19504784838544614,SVR,SVR_1
195,SI_ref_17,Alkali-modified SCG biochars,IBU,Synthetic,0.4585781550994164,0.14926329333117705,SVR,SVR_1
197,SI_ref_17,Alkali-modified SCG biochars,IBU,Synthetic,0.44243948810088646,0.14373687372058286,SVR,SVR_1
199,SI_ref_17,Alkali-modified SCG biochars,IBU,Synthetic,0.4544355679658596,0.1502280900718756,SVR,SVR_1
201,SI_ref_17,Alkali-modified SCG biochars,IBU,Synthetic,0.39592651561701936,0.16522089887829866,SVR,SVR_1
203,SI_ref_17,Alkali-modified SCG biochars,IBU,Synthetic,0.10913541523053398,0.10553449503016776,SVR,SVR_1
205,SI_ref_17,Alkali-modified SCG biochars,IBU,Synthetic,0.3052806700714839,0.1996019538381008,SVR,SVR_1
207,SI_ref_17,Alkali-modified SCG biochars,IBU,Synthetic,0.4311083753711556,0.1996019538381008,SVR,SVR_1
209,SI_ref_17,Alkali-modified SCG biochars,IBU,Synthetic,0.3789894895081609,0.1996019538381008,SVR,SVR_1
211,SI_ref_17,Alkali-modified SCG biochars,IBU,Synthetic,0.3304133868875155,0.1996019538381008,SVR,SVR_1
213,SI_ref_17,Alkali-modified SCG biochars,IBU,Synthetic,0.33928547446435453,0.1996019538381008,SVR,SVR_1
215,SI_ref_17,Alkali-modified SCG biochars,IBU,Synthetic,0.3234505141947598,0.1996019538381008,SVR,SVR_1
217,SI_ref_17,Alkali-modified SCG biochars,IBU,Synthetic,0.6889998443034063,0.25111123915340583,SVR,SVR_1
219,SI_ref_17,Alkali-modified SCG biochars,IBU,Synthetic,0.1184746430703935,0.1996019538381008,SVR,SVR_1
221,SI_ref_17,Alkali-modified SCG biochars,IBU,Synthetic,0.35446182653715885,0.1996019538381008,SVR,SVR_1
223,SI_ref_17,Alkali-modified SCG biochars,IBU,Synthetic,0.5365490577861332,0.1996019538381008,SVR,SVR_1
225,SI_ref_17,Alkali-modified SCG biochars,IBU,Synthetic,0.5901579894748284,0.1996019538381008,SVR,SVR_1
227,SI_ref_17,Alkali-modified SCG biochars,IBU,Synthetic,0.6910697148739985,0.1996019538381008,SVR,SVR_1
229,SI_ref_16,C-Biochar,ATE,Synthetic,0.8511111111111113,0.49362539151105317,SVR,SVR_1
230,SI_ref_16,C-Biochar,ATE,Synthetic,0.7400000000000001,0.47285473501128095,SVR,SVR_1
231,SI_ref_16,C-Biochar,ATE,Synthetic,0.7400000000000001,0.6033952147173356,SVR,SVR_1
232,SI_ref_16,C-Biochar,ATE,Synthetic,0.7453872053872055,0.5116236555735484,SVR,SVR_1
233,SI_ref_16,C-Biochar,ATE,Synthetic,0.8733333333333334,0.5116236555735484,SVR,SVR_1
234,SI_ref_16,C-Biochar,ATE,Synthetic,0.8288888888888891,0.5116236555735484,SVR,SVR_1
235,SI_ref_16,C-Biochar,ATE,Synthetic,0.8511111111111113,0.5116236555735484,SVR,SVR_1
236,SI_ref_16,C-Biochar,ATE,Synthetic,0.7844444444444446,0.5116236555735484,SVR,SVR_1
237,SI_ref_16,C-Biochar,ATE,Synthetic,0.8733333333333334,0.5116236555735484,SVR,SVR_1
238,SI_ref_16,C-Biochar,ATE,Synthetic,0.6733333333333335,0.46465396262087394,SVR,SVR_1
239,SI_ref_16,C-Biochar,ATE,Synthetic,0.6511111111111112,0.47282492547025834,SVR,SVR_1
240,SI_ref_16,C-Biochar,ATE,Synthetic,0.6288888888888889,0.49183419582530374,SVR,SVR_1
241,SI_ref_16,C-Biochar,ATE,Synthetic,0.7774074074074075,0.5116236555735484,SVR,SVR_1
242,SI_ref_16,C-Biochar,ATE,Synthetic,0.7824691358024691,0.5116236555735484,SVR,SVR_1
243,SI_ref_16,C-Biochar,ATE,Synthetic,0.8257777777777777,0.5116236555735484,SVR,SVR_1
244,SI_ref_16,C-Biochar,ATE,Synthetic,0.8438888888888889,0.5116236555735484,SVR,SVR_1
245,SI_ref_16,C-Biochar,ATE,Synthetic,0.8562222222222223,0.5116236555735484,SVR,SVR_1
263,SI_ref_16,C-Biochar,IBU,Synthetic,0.5333333333333333,0.502171729254522,SVR,SVR_1
264,SI_ref_16,C-Biochar,IBU,Synthetic,0.7333333333333333,0.48330627041806595,SVR,SVR_1
265,SI_ref_16,C-Biochar,IBU,Synthetic,0.6000000000000001,0.6032985572813325,SVR,SVR_1
266,SI_ref_16,C-Biochar,IBU,Synthetic,0.6121212121212122,0.5191564758552552,SVR,SVR_1
267,SI_ref_16,C-Biochar,IBU,Synthetic,0.7333333333333333,0.5191564758552552,SVR,SVR_1
268,SI_ref_16,C-Biochar,IBU,Synthetic,0.5333333333333333,0.5191564758552552,SVR,SVR_1
269,SI_ref_16,C-Biochar,IBU,Synthetic,0.4666666666666666,0.5191564758552552,SVR,SVR_1
270,SI_ref_16,C-Biochar,IBU,Synthetic,0.5555555555555556,0.5191564758552552,SVR,SVR_1
271,SI_ref_16,C-Biochar,IBU,Synthetic,0.6000000000000001,0.5191564758552552,SVR,SVR_1
272,SI_ref_16,C-Biochar,IBU,Synthetic,0.6000000000000001,0.47593217456975817,SVR,SVR_1
273,SI_ref_16,C-Biochar,IBU,Synthetic,0.6000000000000001,0.48330855285503604,SVR,SVR_1
274,SI_ref_16,C-Biochar,IBU,Synthetic,1.0666666666666667,0.5010077367046326,SVR,SVR_1
275,SI_ref_16,C-Biochar,IBU,Synthetic,0.5277777777777777,0.5191564758552552,SVR,SVR_1
276,SI_ref_16,C-Biochar,IBU,Synthetic,0.7,0.5191564758552552,SVR,SVR_1
277,SI_ref_16,C-Biochar,IBU,Synthetic,0.7844444444444444,0.5191564758552552,SVR,SVR_1
278,SI_ref_16,C-Biochar,IBU,Synthetic,0.8430555555555557,0.5191564758552552,SVR,SVR_1
279,SI_ref_16,C-Biochar,IBU,Synthetic,0.861111111111111,0.5191564758552552,SVR,SVR_1
354,SI_ref_14,GCRB,DIU,Synthetic,0.983291565929579,1.0064184058460284,SVR,SVR_1
355,SI_ref_14,GCRB,DIU,Synthetic,0.9782739977994132,1.0100265676751794,SVR,SVR_1
356,SI_ref_14,GCRB,DIU,Synthetic,0.9708791324637501,1.010026669512827,SVR,SVR_1
357,SI_ref_14,GCRB,DIU,Synthetic,0.964507517643233,1.010730550209145,SVR,SVR_1
358,SI_ref_14,GCRB,DIU,Synthetic,0.960647920928618,1.0127936692905335,SVR,SVR_1
359,SI_ref_14,GCRB,DIU,Synthetic,0.9584857336381704,1.01336979231946,SVR,SVR_1
360,SI_ref_14,GCRB,DIU,Synthetic,0.9536869714697045,1.0127310112918078,SVR,SVR_1
361,SI_ref_14,GCRB,DIU,Synthetic,0.9291396445453227,0.9546599519575527,SVR,SVR_1
362,SI_ref_14,GCRB,DIU,Synthetic,0.9775416982957918,1.0054834638099621,SVR,SVR_1
363,SI_ref_14,GCRB,DIU,Synthetic,0.9527369648004039,1.009378837802356,SVR,SVR_1
364,SI_ref_14,GCRB,DIU,Synthetic,0.9478201604463821,1.009378837802356,SVR,SVR_1
365,SI_ref_14,GCRB,DIU,Synthetic,0.9265327424413893,1.009378837802356,SVR,SVR_1
366,SI_ref_14,GCRB,DIU,Synthetic,0.9253239651903417,1.009378837802356,SVR,SVR_1
367,SI_ref_14,GCRB,DIU,Synthetic,0.9238760352548926,1.009378837802356,SVR,SVR_1
368,SI_ref_14,GCRB,DIU,Synthetic,0.9417552695951205,0.984368047221638,SVR,SVR_1
369,SI_ref_14,GCRB,DIU,Synthetic,0.9147016410628197,0.984368047221638,SVR,SVR_1
370,SI_ref_14,GCRB,DIU,Synthetic,0.9192051981667979,1.0105415607185466,SVR,SVR_1
371,SI_ref_14,GCRB,DIU,Synthetic,0.9535021691371877,1.009378837802356,SVR,SVR_1
372,SI_ref_14,GCRB,DIU,Synthetic,0.9661748102299111,1.009378837802356,SVR,SVR_1
373,SI_ref_14,GCRB,DIU,Synthetic,1.0173780045422414,1.009378837802356,SVR,SVR_1
374,SI_ref_14,GCRB,DIU,Synthetic,1.0082496176169822,1.009378837802356,SVR,SVR_1
375,SI_ref_14,GCRB,DIU,Synthetic,0.9496862840784065,1.009378837802356,SVR,SVR_1
439,SI_ref_14,GCRB-N,DIU,Synthetic,0.6654043880576614,0.7751949272497453,SVR,SVR_1
440,SI_ref_14,GCRB-N,DIU,Synthetic,0.5844535743219663,0.7043876043573036,SVR,SVR_1
441,SI_ref_14,GCRB-N,DIU,Synthetic,0.5079200907404222,0.6239033457539502,SVR,SVR_1
442,SI_ref_14,GCRB-N,DIU,Synthetic,0.37854626102465844,0.5497998824508853,SVR,SVR_1
443,SI_ref_14,GCRB-N,DIU,Synthetic,0.26690125827656935,0.49667330610595783,SVR,SVR_1
444,SI_ref_14,GCRB-N,DIU,Synthetic,0.2332409918272794,0.4790633620934036,SVR,SVR_1
445,SI_ref_14,GCRB-N,DIU,Synthetic,0.1951305004086504,0.4730355686494127,SVR,SVR_1
446,SI_ref_14,GCRB-N,DIU,Synthetic,0.2075726875081201,0.3816453746769792,SVR,SVR_1
447,SI_ref_14,GCRB-N,DIU,Synthetic,0.26826652394124667,0.5003018793618503,SVR,SVR_1
448,SI_ref_14,GCRB-N,DIU,Synthetic,0.1819381767074788,0.4732671125840726,SVR,SVR_1
449,SI_ref_14,GCRB-N,DIU,Synthetic,0.15093015054787579,0.4592328437749329,SVR,SVR_1
450,SI_ref_14,GCRB-N,DIU,Synthetic,0.1736169508150928,0.4592328437749329,SVR,SVR_1
451,SI_ref_14,GCRB-N,DIU,Synthetic,0.16382165003373128,0.4813758320187791,SVR,SVR_1
452,SI_ref_14,GCRB-N,DIU,Synthetic,0.1932052297084895,0.4732671125840726,SVR,SVR_1
453,SI_ref_14,GCRB-N,DIU,Synthetic,0.1683505359330984,0.47327570452083234,SVR,SVR_1
454,SI_ref_14,GCRB-N,DIU,Synthetic,0.1647692025710552,0.47328431700471696,SVR,SVR_1
455,SI_ref_14,GCRB-N,DIU,Synthetic,0.3384549122360595,0.47328431700471696,SVR,SVR_1
456,SI_ref_14,GCRB-N,DIU,Synthetic,0.1402528461142079,0.47329294998032834,SVR,SVR_1
457,SI_ref_14,GCRB-N,DIU,Synthetic,0.5187315058108145,0.47329294998032834,SVR,SVR_1
458,SI_ref_14,GCRB-N,DIU,Synthetic,0.12629127082807837,0.47330160339245014,SVR,SVR_1
459,SI_ref_14,GCRB-N,DIU,Synthetic,0.6455190877003087,0.47330160339245014,SVR,SVR_1
460,SI_ref_14,GCRB-N,DIU,Synthetic,0.12138562309836234,0.4733102771859931,SVR,SVR_1
461,SI_ref_14,GCRB-N,DIU,Synthetic,0.6666027581171994,0.4733102771859931,SVR,SVR_1
462,SI_ref_14,GCRB-N,DIU,Synthetic,0.16773925939532233,0.47331897130602285,SVR,SVR_1
463,SI_ref_14,GCRB-N,DIU,Synthetic,0.15967117649899737,0.47332768569777783,SVR,SVR_1
464,SI_ref_14,GCRB-N,DIU,Synthetic,0.27418422723714847,0.47332768569777783,SVR,SVR_1
465,SI_ref_14,GCRB-N,DIU,Synthetic,0.1405827183894587,0.47333642030661854,SVR,SVR_1
466,SI_ref_14,GCRB-N,DIU,Synthetic,0.5605758859577746,0.47333642030661854,SVR,SVR_1
467,SI_ref_14,GCRB-N,DIU,Synthetic,0.13173953864692908,0.4733451750780612,SVR,SVR_1
468,SI_ref_14,GCRB-N,DIU,Synthetic,0.6564705601884918,0.4733451750780612,SVR,SVR_1
469,SI_ref_14,GCRB-N,DIU,Synthetic,0.12617131727344172,0.4733539499577866,SVR,SVR_1
470,SI_ref_14,GCRB-N,DIU,Synthetic,0.6552893507455957,0.4733539499577866,SVR,SVR_1
471,SI_ref_14,GCRB-N,DIU,Synthetic,0.1676281074261493,0.4733627448916091,SVR,SVR_1
472,SI_ref_14,GCRB-N,DIU,Synthetic,0.1622201895350263,0.47337155982549484,SVR,SVR_1
473,SI_ref_14,GCRB-N,DIU,Synthetic,0.31928006415696586,0.47337155982549484,SVR,SVR_1
474,SI_ref_14,GCRB-N,DIU,Synthetic,0.14041778225183332,0.47338039470555493,SVR,SVR_1
475,SI_ref_14,GCRB-N,DIU,Synthetic,0.5410485473017326,0.47338039470555493,SVR,SVR_1
476,SI_ref_14,GCRB-N,DIU,Synthetic,0.12901540473750372,0.47338924947806027,SVR,SVR_1
477,SI_ref_14,GCRB-N,DIU,Synthetic,0.6413243626564091,0.47338924947806027,SVR,SVR_1
478,SI_ref_14,GCRB-N,DIU,Synthetic,0.12377847018590202,0.4733981240894204,SVR,SVR_1
479,SI_ref_14,GCRB-N,DIU,Synthetic,0.665837914589971,0.4733981240894204,SVR,SVR_1
699,SI_ref_18,NaOH-activated SCW biochars,IBU,Secondary effluent,0.8098199350756726,0.7113344672019579,SVR,SVR_1
701,SI_ref_18,NaOH-activated SCW biochars,IBU,Secondary effluent,0.7485969905050348,0.7108182437155921,SVR,SVR_1
703,SI_ref_18,NaOH-activated SCW biochars,IBU,Secondary effluent,0.6850179499229786,0.6986386849180609,SVR,SVR_1
705,SI_ref_18,NaOH-activated SCW biochars,IBU,Secondary effluent,0.6861011679416551,0.6794361579029109,SVR,SVR_1
707,SI_ref_18,NaOH-activated SCW biochars,IBU,Secondary effluent,0.6799185617433835,0.6604079925468181,SVR,SVR_1
709,SI_ref_18,NaOH-activated SCW biochars,IBU,Secondary effluent,0.6765813990931481,0.6520556108847495,SVR,SVR_1
711,SI_ref_18,NaOH-activated SCW biochars,IBU,Secondary effluent,0.6777803451607008,0.6479872629718524,SVR,SVR_1
713,SI_ref_18,NaOH-activated SCW biochars,IBU,Secondary effluent,0.19946424836974086,0.6451041792280309,SVR,SVR_1
715,SI_ref_18,NaOH-activated SCW biochars,IBU,Secondary effluent,0.45728603839109744,0.6451041792280309,SVR,SVR_1
717,SI_ref_18,NaOH-activated SCW biochars,IBU,Secondary effluent,0.5431517029603264,0.48141903696318045,SVR,SVR_1
719,SI_ref_18,NaOH-activated SCW biochars,IBU,Secondary effluent,0.6932620426015607,0.662895452201281,SVR,SVR_1
721,SI_ref_18,NaOH-activated SCW biochars,IBU,Secondary effluent,0.675113405421536,0.6451041792280309,SVR,SVR_1
725,SI_ref_18,NaOH-activated SCW biochars,IBU,Secondary effluent,0.6458796718925713,0.6451041792280309,SVR,SVR_1
729,SI_ref_18,NaOH-activated SCW biochars,IBU,Secondary effluent,0.6230174196820357,0.6451041792280309,SVR,SVR_1
733,SI_ref_18,NaOH-activated SCW biochars,IBU,Secondary effluent,0.6232264558664639,0.6451041792280309,SVR,SVR_1
737,SI_ref_18,NaOH-activated SCW biochars,IBU,Secondary effluent,0.6321330290401536,0.6451041792280309,SVR,SVR_1
741,SI_ref_18,NaOH-activated SCW biochars,IBU,Secondary effluent,0.6274964829882473,0.6451041792280309,SVR,SVR_1
746,SI_ref_18,NaOH-activated SCW biochars,IBU,Secondary effluent,0.6482993087024828,0.603467613030353,SVR,SVR_1
748,SI_ref_18,NaOH-activated SCW biochars,IBU,Secondary effluent,0.7478636767346728,0.7239838856022516,SVR,SVR_1
750,SI_ref_18,NaOH-activated SCW biochars,IBU,Secondary effluent,0.811827151849907,0.7700788447421354,SVR,SVR_1
752,SI_ref_18,NaOH-activated SCW biochars,IBU,Secondary effluent,0.7252319435730717,0.6451041792280309,SVR,SVR_1
754,SI_ref_18,NaOH-activated SCW biochars,IBU,Secondary effluent,0.7786423949758233,0.6451041792280309,SVR,SVR_1
758,SI_ref_18,NaOH-activated SCW biochars,NPX,Secondary effluent,0.5521972966156422,0.48359423114033684,SVR,SVR_1
760,SI_ref_18,NaOH-activated SCW biochars,NPX,Secondary effluent,0.4814245289032641,0.41922631427043144,SVR,SVR_1
762,SI_ref_18,NaOH-activated SCW biochars,NPX,Secondary effluent,0.34455951981715066,0.34183815659925904,SVR,SVR_1
764,SI_ref_18,NaOH-activated SCW biochars,NPX,Secondary effluent,0.2493517679350271,0.26514350954949817,SVR,SVR_1
766,SI_ref_18,NaOH-activated SCW biochars,NPX,Secondary effluent,0.16764900163614713,0.2061643889212228,SVR,SVR_1
768,SI_ref_18,NaOH-activated SCW biochars,NPX,Secondary effluent,0.12846350911521487,0.18589891575818163,SVR,SVR_1
770,SI_ref_18,NaOH-activated SCW biochars,NPX,Secondary effluent,0.12873702561203082,0.1792615605402535,SVR,SVR_1
772,SI_ref_18,NaOH-activated SCW biochars,NPX,Secondary effluent,0.026110640989477824,0.18136628525292342,SVR,SVR_1
774,SI_ref_18,NaOH-activated SCW biochars,NPX,Secondary effluent,0.054870517105304405,0.18136628525292342,SVR,SVR_1
776,SI_ref_18,NaOH-activated SCW biochars,NPX,Secondary effluent,0.048092629555703405,0.18409698685684683,SVR,SVR_1
778,SI_ref_18,NaOH-activated SCW biochars,NPX,Secondary effluent,0.16521082834331338,0.3026952855447395,SVR,SVR_1
780,SI_ref_18,NaOH-activated SCW biochars,NPX,Secondary effluent,0.11864589305153721,0.18136628525292342,SVR,SVR_1
782,SI_ref_18,NaOH-activated SCW biochars,NPX,Secondary effluent,0.10983576367726838,0.18136628525292342,SVR,SVR_1
784,SI_ref_18,NaOH-activated SCW biochars,NPX,Secondary effluent,0.10668866579384965,0.18136628525292342,SVR,SVR_1
786,SI_ref_18,NaOH-activated SCW biochars,NPX,Secondary effluent,0.08538292965546301,0.18136628525292342,SVR,SVR_1
788,SI_ref_18,NaOH-activated SCW biochars,NPX,Secondary effluent,0.09141898602740345,0.18136628525292342,SVR,SVR_1
790,SI_ref_18,NaOH-activated SCW biochars,NPX,Secondary effluent,0.11725913824368146,0.18136628525292342,SVR,SVR_1
792,SI_ref_18,NaOH-activated SCW biochars,NPX,Secondary effluent,0.10630651659643675,0.2464289784248524,SVR,SVR_1
794,SI_ref_18,NaOH-activated SCW biochars,NPX,Secondary effluent,0.2275589654025283,0.2785616342665208,SVR,SVR_1
796,SI_ref_18,NaOH-activated SCW biochars,NPX,Secondary effluent,0.27043202483921047,0.4508774322595317,SVR,SVR_1
798,SI_ref_18,NaOH-activated SCW biochars,NPX,Secondary effluent,0.15082313311850198,0.18136628525292342,SVR,SVR_1
800,SI_ref_18,NaOH-activated SCW biochars,NPX,Secondary effluent,0.24701864815812044,0.18136628525292342,SVR,SVR_1
1156,SI_ref_17,Pristine SCG biochar,IBU,Synthetic,0.9684057270887299,0.9018299999158028,SVR,SVR_1
1158,SI_ref_17,Pristine SCG biochar,IBU,Synthetic,0.964180236157731,0.8956224919236143,SVR,SVR_1
1160,SI_ref_17,Pristine SCG biochar,IBU,Synthetic,0.9598191197252507,0.8798311577066291,SVR,SVR_1
1162,SI_ref_17,Pristine SCG biochar,IBU,Synthetic,0.9580437721935793,0.8763581001550842,SVR,SVR_1
1164,SI_ref_17,Pristine SCG biochar,IBU,Synthetic,0.9425460946241216,0.8781276281813422,SVR,SVR_1
1166,SI_ref_17,Pristine SCG biochar,IBU,Synthetic,0.9402369906408686,0.880837843706946,SVR,SVR_1
1168,SI_ref_17,Pristine SCG biochar,IBU,Synthetic,0.9366107784098637,0.8843529555733927,SVR,SVR_1
1170,SI_ref_17,Pristine SCG biochar,IBU,Synthetic,0.7820004901373623,0.7895508725795501,SVR,SVR_1
1172,SI_ref_17,Pristine SCG biochar,IBU,Synthetic,0.9276141025756294,0.8897187414851788,SVR,SVR_1
1174,SI_ref_17,Pristine SCG biochar,IBU,Synthetic,0.918292455911169,0.8897187414851788,SVR,SVR_1
1176,SI_ref_17,Pristine SCG biochar,IBU,Synthetic,0.9133007565861092,0.8897187414851788,SVR,SVR_1
1178,SI_ref_17,Pristine SCG biochar,IBU,Synthetic,0.9182483670803396,0.8897187414851788,SVR,SVR_1
1180,SI_ref_17,Pristine SCG biochar,IBU,Synthetic,0.9167234922708469,0.8897187414851788,SVR,SVR_1
1182,SI_ref_17,Pristine SCG biochar,IBU,Synthetic,0.9122551436969301,0.8897187414851788,SVR,SVR_1
1184,SI_ref_17,Pristine SCG biochar,IBU,Synthetic,0.9484982246288517,0.8934912060065856,SVR,SVR_1
1186,SI_ref_17,Pristine SCG biochar,IBU,Synthetic,0.893754721851682,0.8897187414851788,SVR,SVR_1
1188,SI_ref_17,Pristine SCG biochar,IBU,Synthetic,0.8900227639990935,0.8897187414851788,SVR,SVR_1
1190,SI_ref_17,Pristine SCG biochar,IBU,Synthetic,0.924357415959487,0.8897187414851788,SVR,SVR_1
1192,SI_ref_17,Pristine SCG biochar,IBU,Synthetic,0.9226237248225028,0.8897187414851788,SVR,SVR_1
1194,SI_ref_17,Pristine SCG biochar,IBU,Synthetic,0.8857728699803085,0.8897187414851788,SVR,SVR_1
1254,SI_ref_18,Pristine SCW Biochar,IBU,Secondary effluent,0.9156726978407875,0.9173401993986255,SVR,SVR_1
1256,SI_ref_18,Pristine SCW Biochar,IBU,Secondary effluent,0.9079673942368781,0.923160676597028,SVR,SVR_1
1258,SI_ref_18,Pristine SCW Biochar,IBU,Secondary effluent,0.9043236251446873,0.9220121056831059,SVR,SVR_1
1260,SI_ref_18,Pristine SCW Biochar,IBU,Secondary effluent,0.9020547983951682,0.9179385439717596,SVR,SVR_1
1262,SI_ref_18,Pristine SCW Biochar,IBU,Secondary effluent,0.9004882379050155,0.9135685569699583,SVR,SVR_1
1264,SI_ref_18,Pristine SCW Biochar,IBU,Secondary effluent,0.897458530238549,0.9109087036335466,SVR,SVR_1
1266,SI_ref_18,Pristine SCW Biochar,IBU,Secondary effluent,0.8973424975849196,0.9086775875144993,SVR,SVR_1
1267,SI_ref_18,Pristine SCW Biochar,IBU,Secondary effluent,0.8360939688333745,0.9045010022356463,SVR,SVR_1
1268,SI_ref_18,Pristine SCW Biochar,IBU,Secondary effluent,0.8984823855966844,0.9045010022356463,SVR,SVR_1
1270,SI_ref_18,Pristine SCW Biochar,IBU,Secondary effluent,0.8874692330465712,0.886191434574973,SVR,SVR_1
1272,SI_ref_18,Pristine SCW Biochar,IBU,Secondary effluent,0.9012569556545285,0.9143054522023123,SVR,SVR_1
1274,SI_ref_18,Pristine SCW Biochar,IBU,Secondary effluent,0.8992057856547054,0.9045010022356463,SVR,SVR_1
1278,SI_ref_18,Pristine SCW Biochar,IBU,Secondary effluent,0.9165018852947014,0.9045010022356463,SVR,SVR_1
1282,SI_ref_18,Pristine SCW Biochar,IBU,Secondary effluent,0.9202396860047187,0.9045010022356463,SVR,SVR_1
1286,SI_ref_18,Pristine SCW Biochar,IBU,Secondary effluent,0.9152513064761528,0.9045010022356463,SVR,SVR_1
1290,SI_ref_18,Pristine SCW Biochar,IBU,Secondary effluent,0.9145713435205399,0.9045010022356463,SVR,SVR_1
1294,SI_ref_18,Pristine SCW Biochar,IBU,Secondary effluent,0.9194281493241605,0.9045010022356463,SVR,SVR_1
1299,SI_ref_18,Pristine SCW Biochar,IBU,Secondary effluent,0.891903218347585,0.9257597591945732,SVR,SVR_1
1301,SI_ref_18,Pristine SCW Biochar,IBU,Secondary effluent,0.9069133641489088,0.9384933305339338,SVR,SVR_1
1303,SI_ref_18,Pristine SCW Biochar,IBU,Secondary effluent,0.9145392250293353,0.9517473568328593,SVR,SVR_1
1304,SI_ref_18,Pristine SCW Biochar,IBU,Secondary effluent,0.911352956646831,0.9045010022356463,SVR,SVR_1
1305,SI_ref_18,Pristine SCW Biochar,IBU,Secondary effluent,0.8992133437264335,0.9045010022356463,SVR,SVR_1
1309,SI_ref_18,Pristine SCW Biochar,NPX,Secondary effluent,0.9276600601799115,0.9251064408568914,SVR,SVR_1
1311,SI_ref_18,Pristine SCW Biochar,NPX,Secondary effluent,0.9217275625657669,0.927969434996208,SVR,SVR_1
1313,SI_ref_18,Pristine SCW Biochar,NPX,Secondary effluent,0.9151672500810683,0.9219389150769124,SVR,SVR_1
1315,SI_ref_18,Pristine SCW Biochar,NPX,Secondary effluent,0.914870212237198,0.9116205846523705,SVR,SVR_1
1317,SI_ref_18,Pristine SCW Biochar,NPX,Secondary effluent,0.9125118045566373,0.900651934332785,SVR,SVR_1
1319,SI_ref_18,Pristine SCW Biochar,NPX,Secondary effluent,0.9122370962869346,0.8944401558971837,SVR,SVR_1
1321,SI_ref_18,Pristine SCW Biochar,NPX,Secondary effluent,0.9100475600528815,0.8899813542474375,SVR,SVR_1
1322,SI_ref_18,Pristine SCW Biochar,NPX,Secondary effluent,0.8724917016408669,0.8832174799676604,SVR,SVR_1
1323,SI_ref_18,Pristine SCW Biochar,NPX,Secondary effluent,0.9222871559920565,0.8832174799676604,SVR,SVR_1
1325,SI_ref_18,Pristine SCW Biochar,NPX,Secondary effluent,0.8954095327862793,0.8861136104337455,SVR,SVR_1
1327,SI_ref_18,Pristine SCW Biochar,NPX,Secondary effluent,0.9153416500332668,0.874998067276417,SVR,SVR_1
1329,SI_ref_18,Pristine SCW Biochar,NPX,Secondary effluent,0.910898633301941,0.8832174799676604,SVR,SVR_1
1331,SI_ref_18,Pristine SCW Biochar,NPX,Secondary effluent,0.9081761980542199,0.8832174799676604,SVR,SVR_1
1333,SI_ref_18,Pristine SCW Biochar,NPX,Secondary effluent,0.9126518494691617,0.8832174799676604,SVR,SVR_1
1335,SI_ref_18,Pristine SCW Biochar,NPX,Secondary effluent,0.9091665914238204,0.8832174799676604,SVR,SVR_1
1337,SI_ref_18,Pristine SCW Biochar,NPX,Secondary effluent,0.9109852392346297,0.8832174799676604,SVR,SVR_1
1339,SI_ref_18,Pristine SCW Biochar,NPX,Secondary effluent,0.9170303341534803,0.8832174799676604,SVR,SVR_1
1341,SI_ref_18,Pristine SCW Biochar,NPX,Secondary effluent,0.9109021678864493,0.8916345586830525,SVR,SVR_1
1343,SI_ref_18,Pristine SCW Biochar,NPX,Secondary effluent,0.9138805167442893,0.9046464295286807,SVR,SVR_1
1345,SI_ref_18,Pristine SCW Biochar,NPX,Secondary effluent,0.9200278517039994,0.9115063985783964,SVR,SVR_1
1346,SI_ref_18,Pristine SCW Biochar,NPX,Secondary effluent,0.9136165317560039,0.8832174799676604,SVR,SVR_1
1347,SI_ref_18,Pristine SCW Biochar,NPX,Secondary effluent,0.9038576927569927,0.8832174799676604,SVR,SVR_1
189,SI_ref_17,Alkali-modified SCG biochars,IBU,Synthetic,0.6581206763788531,0.4281281457418061,SplineRidge,SplineRidge_2
191,SI_ref_17,Alkali-modified SCG biochars,IBU,Synthetic,0.6239833523895453,0.39693212224570773,SplineRidge,SplineRidge_2
193,SI_ref_17,Alkali-modified SCG biochars,IBU,Synthetic,0.5119378819344518,0.3427600440974651,SplineRidge,SplineRidge_2
195,SI_ref_17,Alkali-modified SCG biochars,IBU,Synthetic,0.4585781550994164,0.3164984525417156,SplineRidge,SplineRidge_2
197,SI_ref_17,Alkali-modified SCG biochars,IBU,Synthetic,0.44243948810088646,0.3066023618303827,SplineRidge,SplineRidge_2
199,SI_ref_17,Alkali-modified SCG biochars,IBU,Synthetic,0.4544355679658596,0.30486981544256786,SplineRidge,SplineRidge_2
201,SI_ref_17,Alkali-modified SCG biochars,IBU,Synthetic,0.39592651561701936,0.3120081333292237,SplineRidge,SplineRidge_2
203,SI_ref_17,Alkali-modified SCG biochars,IBU,Synthetic,0.10913541523053398,0.28557334999331185,SplineRidge,SplineRidge_2
205,SI_ref_17,Alkali-modified SCG biochars,IBU,Synthetic,0.3052806700714839,0.33720106477043754,SplineRidge,SplineRidge_2
207,SI_ref_17,Alkali-modified SCG biochars,IBU,Synthetic,0.4311083753711556,0.33720106477043754,SplineRidge,SplineRidge_2
209,SI_ref_17,Alkali-modified SCG biochars,IBU,Synthetic,0.3789894895081609,0.33720106477043754,SplineRidge,SplineRidge_2
211,SI_ref_17,Alkali-modified SCG biochars,IBU,Synthetic,0.3304133868875155,0.33720106477043754,SplineRidge,SplineRidge_2
213,SI_ref_17,Alkali-modified SCG biochars,IBU,Synthetic,0.33928547446435453,0.33720106477043754,SplineRidge,SplineRidge_2
215,SI_ref_17,Alkali-modified SCG biochars,IBU,Synthetic,0.3234505141947598,0.33720106477043754,SplineRidge,SplineRidge_2
217,SI_ref_17,Alkali-modified SCG biochars,IBU,Synthetic,0.6889998443034063,0.36274004528337755,SplineRidge,SplineRidge_2
219,SI_ref_17,Alkali-modified SCG biochars,IBU,Synthetic,0.1184746430703935,0.33720106477043754,SplineRidge,SplineRidge_2
221,SI_ref_17,Alkali-modified SCG biochars,IBU,Synthetic,0.35446182653715885,0.33720106477043754,SplineRidge,SplineRidge_2
223,SI_ref_17,Alkali-modified SCG biochars,IBU,Synthetic,0.5365490577861332,0.33720106477043754,SplineRidge,SplineRidge_2
225,SI_ref_17,Alkali-modified SCG biochars,IBU,Synthetic,0.5901579894748284,0.33720106477043754,SplineRidge,SplineRidge_2
227,SI_ref_17,Alkali-modified SCG biochars,IBU,Synthetic,0.6910697148739985,0.33720106477043754,SplineRidge,SplineRidge_2
229,SI_ref_16,C-Biochar,ATE,Synthetic,0.8511111111111113,0.5944247796445408,SplineRidge,SplineRidge_2
230,SI_ref_16,C-Biochar,ATE,Synthetic,0.7400000000000001,0.5810758244185481,SplineRidge,SplineRidge_2
231,SI_ref_16,C-Biochar,ATE,Synthetic,0.7400000000000001,0.6639276145142418,SplineRidge,SplineRidge_2
232,SI_ref_16,C-Biochar,ATE,Synthetic,0.7453872053872055,0.6460524944216666,SplineRidge,SplineRidge_2
233,SI_ref_16,C-Biochar,ATE,Synthetic,0.8733333333333334,0.6460524944216666,SplineRidge,SplineRidge_2
234,SI_ref_16,C-Biochar,ATE,Synthetic,0.8288888888888891,0.6460524944216666,SplineRidge,SplineRidge_2
235,SI_ref_16,C-Biochar,ATE,Synthetic,0.8511111111111113,0.6460524944216666,SplineRidge,SplineRidge_2
236,SI_ref_16,C-Biochar,ATE,Synthetic,0.7844444444444446,0.6460524944216666,SplineRidge,SplineRidge_2
237,SI_ref_16,C-Biochar,ATE,Synthetic,0.8733333333333334,0.6460524944216666,SplineRidge,SplineRidge_2
238,SI_ref_16,C-Biochar,ATE,Synthetic,0.6733333333333335,0.6290555344533098,SplineRidge,SplineRidge_2
239,SI_ref_16,C-Biochar,ATE,Synthetic,0.6511111111111112,0.6481669751621141,SplineRidge,SplineRidge_2
240,SI_ref_16,C-Biochar,ATE,Synthetic,0.6288888888888889,0.6739616364620179,SplineRidge,SplineRidge_2
241,SI_ref_16,C-Biochar,ATE,Synthetic,0.7774074074074075,0.6460524944216666,SplineRidge,SplineRidge_2
242,SI_ref_16,C-Biochar,ATE,Synthetic,0.7824691358024691,0.6460524944216666,SplineRidge,SplineRidge_2
243,SI_ref_16,C-Biochar,ATE,Synthetic,0.8257777777777777,0.6460524944216666,SplineRidge,SplineRidge_2
244,SI_ref_16,C-Biochar,ATE,Synthetic,0.8438888888888889,0.6460524944216666,SplineRidge,SplineRidge_2
245,SI_ref_16,C-Biochar,ATE,Synthetic,0.8562222222222223,0.6460524944216666,SplineRidge,SplineRidge_2
263,SI_ref_16,C-Biochar,IBU,Synthetic,0.5333333333333333,0.5577562689307785,SplineRidge,SplineRidge_2
264,SI_ref_16,C-Biochar,IBU,Synthetic,0.7333333333333333,0.5444073137047858,SplineRidge,SplineRidge_2
265,SI_ref_16,C-Biochar,IBU,Synthetic,0.6000000000000001,0.6272591038004794,SplineRidge,SplineRidge_2
266,SI_ref_16,C-Biochar,IBU,Synthetic,0.6121212121212122,0.6093839837079041,SplineRidge,SplineRidge_2
267,SI_ref_16,C-Biochar,IBU,Synthetic,0.7333333333333333,0.6093839837079041,SplineRidge,SplineRidge_2
268,SI_ref_16,C-Biochar,IBU,Synthetic,0.5333333333333333,0.6093839837079041,SplineRidge,SplineRidge_2
269,SI_ref_16,C-Biochar,IBU,Synthetic,0.4666666666666666,0.6093839837079041,SplineRidge,SplineRidge_2
270,SI_ref_16,C-Biochar,IBU,Synthetic,0.5555555555555556,0.6093839837079041,SplineRidge,SplineRidge_2
271,SI_ref_16,C-Biochar,IBU,Synthetic,0.6000000000000001,0.6093839837079041,SplineRidge,SplineRidge_2
272,SI_ref_16,C-Biochar,IBU,Synthetic,0.6000000000000001,0.5923870237395474,SplineRidge,SplineRidge_2
273,SI_ref_16,C-Biochar,IBU,Synthetic,0.6000000000000001,0.6114984644483517,SplineRidge,SplineRidge_2
274,SI_ref_16,C-Biochar,IBU,Synthetic,1.0666666666666667,0.6372931257482555,SplineRidge,SplineRidge_2
275,SI_ref_16,C-Biochar,IBU,Synthetic,0.5277777777777777,0.6093839837079041,SplineRidge,SplineRidge_2
276,SI_ref_16,C-Biochar,IBU,Synthetic,0.7,0.6093839837079041,SplineRidge,SplineRidge_2
277,SI_ref_16,C-Biochar,IBU,Synthetic,0.7844444444444444,0.6093839837079041,SplineRidge,SplineRidge_2
278,SI_ref_16,C-Biochar,IBU,Synthetic,0.8430555555555557,0.6093839837079041,SplineRidge,SplineRidge_2
279,SI_ref_16,C-Biochar,IBU,Synthetic,0.861111111111111,0.6093839837079041,SplineRidge,SplineRidge_2
354,SI_ref_14,GCRB,DIU,Synthetic,0.983291565929579,0.8538568354149696,SplineRidge,SplineRidge_2
355,SI_ref_14,GCRB,DIU,Synthetic,0.9782739977994132,0.8226608119188712,SplineRidge,SplineRidge_2
356,SI_ref_14,GCRB,DIU,Synthetic,0.9708791324637501,0.7873862589226408,SplineRidge,SplineRidge_2
357,SI_ref_14,GCRB,DIU,Synthetic,0.964507517643233,0.7562433974801129,SplineRidge,SplineRidge_2
358,SI_ref_14,GCRB,DIU,Synthetic,0.960647920928618,0.7347801058714644,SplineRidge,SplineRidge_2
359,SI_ref_14,GCRB,DIU,Synthetic,0.9584857336381704,0.7305985051157312,SplineRidge,SplineRidge_2
360,SI_ref_14,GCRB,DIU,Synthetic,0.9536869714697045,0.7377368230023871,SplineRidge,SplineRidge_2
361,SI_ref_14,GCRB,DIU,Synthetic,0.9291396445453227,0.7113020396664753,SplineRidge,SplineRidge_2
362,SI_ref_14,GCRB,DIU,Synthetic,0.9775416982957918,0.7808048745361763,SplineRidge,SplineRidge_2
363,SI_ref_14,GCRB,DIU,Synthetic,0.9527369648004039,0.762929754443601,SplineRidge,SplineRidge_2
364,SI_ref_14,GCRB,DIU,Synthetic,0.9478201604463821,0.762929754443601,SplineRidge,SplineRidge_2
365,SI_ref_14,GCRB,DIU,Synthetic,0.9265327424413893,0.762929754443601,SplineRidge,SplineRidge_2
366,SI_ref_14,GCRB,DIU,Synthetic,0.9253239651903417,0.762929754443601,SplineRidge,SplineRidge_2
367,SI_ref_14,GCRB,DIU,Synthetic,0.9238760352548926,0.762929754443601,SplineRidge,SplineRidge_2
368,SI_ref_14,GCRB,DIU,Synthetic,0.9417552695951205,0.7459327944752443,SplineRidge,SplineRidge_2
369,SI_ref_14,GCRB,DIU,Synthetic,0.9147016410628197,0.7459327944752443,SplineRidge,SplineRidge_2
370,SI_ref_14,GCRB,DIU,Synthetic,0.9192051981667979,0.7884687349565409,SplineRidge,SplineRidge_2
371,SI_ref_14,GCRB,DIU,Synthetic,0.9535021691371877,0.762929754443601,SplineRidge,SplineRidge_2
372,SI_ref_14,GCRB,DIU,Synthetic,0.9661748102299111,0.762929754443601,SplineRidge,SplineRidge_2
373,SI_ref_14,GCRB,DIU,Synthetic,1.0173780045422414,0.762929754443601,SplineRidge,SplineRidge_2
374,SI_ref_14,GCRB,DIU,Synthetic,1.0082496176169822,0.762929754443601,SplineRidge,SplineRidge_2
375,SI_ref_14,GCRB,DIU,Synthetic,0.9496862840784065,0.762929754443601,SplineRidge,SplineRidge_2
439,SI_ref_14,GCRB-N,DIU,Synthetic,0.6654043880576614,0.435490063193421,SplineRidge,SplineRidge_2
440,SI_ref_14,GCRB-N,DIU,Synthetic,0.5844535743219663,0.4042940396973226,SplineRidge,SplineRidge_2
441,SI_ref_14,GCRB-N,DIU,Synthetic,0.5079200907404222,0.3690194867010922,SplineRidge,SplineRidge_2
442,SI_ref_14,GCRB-N,DIU,Synthetic,0.37854626102465844,0.3378766252585644,SplineRidge,SplineRidge_2
443,SI_ref_14,GCRB-N,DIU,Synthetic,0.26690125827656935,0.3164133336499158,SplineRidge,SplineRidge_2
444,SI_ref_14,GCRB-N,DIU,Synthetic,0.2332409918272794,0.31223173289418277,SplineRidge,SplineRidge_2
445,SI_ref_14,GCRB-N,DIU,Synthetic,0.1951305004086504,0.31937005078083863,SplineRidge,SplineRidge_2
446,SI_ref_14,GCRB-N,DIU,Synthetic,0.2075726875081201,0.292935267444927,SplineRidge,SplineRidge_2
447,SI_ref_14,GCRB-N,DIU,Synthetic,0.26826652394124667,0.36243810231462775,SplineRidge,SplineRidge_2
448,SI_ref_14,GCRB-N,DIU,Synthetic,0.1819381767074788,0.34456298222205245,SplineRidge,SplineRidge_2
449,SI_ref_14,GCRB-N,DIU,Synthetic,0.15093015054787579,0.32756602225369563,SplineRidge,SplineRidge_2
450,SI_ref_14,GCRB-N,DIU,Synthetic,0.1736169508150928,0.32756602225369563,SplineRidge,SplineRidge_2
451,SI_ref_14,GCRB-N,DIU,Synthetic,0.16382165003373128,0.3701019627349924,SplineRidge,SplineRidge_2
452,SI_ref_14,GCRB-N,DIU,Synthetic,0.1932052297084895,0.34456298222205245,SplineRidge,SplineRidge_2
453,SI_ref_14,GCRB-N,DIU,Synthetic,0.1683505359330984,0.34462130461778967,SplineRidge,SplineRidge_2
454,SI_ref_14,GCRB-N,DIU,Synthetic,0.1647692025710552,0.34467963843493726,SplineRidge,SplineRidge_2
455,SI_ref_14,GCRB-N,DIU,Synthetic,0.3384549122360595,0.34467963843493726,SplineRidge,SplineRidge_2
456,SI_ref_14,GCRB-N,DIU,Synthetic,0.1402528461142079,0.3447379836217614,SplineRidge,SplineRidge_2
457,SI_ref_14,GCRB-N,DIU,Synthetic,0.5187315058108145,0.3447379836217614,SplineRidge,SplineRidge_2
458,SI_ref_14,GCRB-N,DIU,Synthetic,0.12629127082807837,0.3447963401266855,SplineRidge,SplineRidge_2
459,SI_ref_14,GCRB-N,DIU,Synthetic,0.6455190877003087,0.3447963401266855,SplineRidge,SplineRidge_2
460,SI_ref_14,GCRB-N,DIU,Synthetic,0.12138562309836234,0.34485470789828937,SplineRidge,SplineRidge_2
461,SI_ref_14,GCRB-N,DIU,Synthetic,0.6666027581171994,0.34485470789828937,SplineRidge,SplineRidge_2
462,SI_ref_14,GCRB-N,DIU,Synthetic,0.16773925939532233,0.34491308688530903,SplineRidge,SplineRidge_2
463,SI_ref_14,GCRB-N,DIU,Synthetic,0.15967117649899737,0.34497147703663616,SplineRidge,SplineRidge_2
464,SI_ref_14,GCRB-N,DIU,Synthetic,0.27418422723714847,0.34497147703663616,SplineRidge,SplineRidge_2
465,SI_ref_14,GCRB-N,DIU,Synthetic,0.1405827183894587,0.3450298783013172,SplineRidge,SplineRidge_2
466,SI_ref_14,GCRB-N,DIU,Synthetic,0.5605758859577746,0.3450298783013172,SplineRidge,SplineRidge_2
467,SI_ref_14,GCRB-N,DIU,Synthetic,0.13173953864692908,0.34508829062855334,SplineRidge,SplineRidge_2
468,SI_ref_14,GCRB-N,DIU,Synthetic,0.6564705601884918,0.34508829062855334,SplineRidge,SplineRidge_2
469,SI_ref_14,GCRB-N,DIU,Synthetic,0.12617131727344172,0.3451467139676993,SplineRidge,SplineRidge_2
470,SI_ref_14,GCRB-N,DIU,Synthetic,0.6552893507455957,0.3451467139676993,SplineRidge,SplineRidge_2
471,SI_ref_14,GCRB-N,DIU,Synthetic,0.1676281074261493,0.3452051482682637,SplineRidge,SplineRidge_2
472,SI_ref_14,GCRB-N,DIU,Synthetic,0.1622201895350263,0.3452635934799077,SplineRidge,SplineRidge_2
473,SI_ref_14,GCRB-N,DIU,Synthetic,0.31928006415696586,0.3452635934799077,SplineRidge,SplineRidge_2
474,SI_ref_14,GCRB-N,DIU,Synthetic,0.14041778225183332,0.3453220495524451,SplineRidge,SplineRidge_2
475,SI_ref_14,GCRB-N,DIU,Synthetic,0.5410485473017326,0.3453220495524451,SplineRidge,SplineRidge_2
476,SI_ref_14,GCRB-N,DIU,Synthetic,0.12901540473750372,0.34538051643584144,SplineRidge,SplineRidge_2
477,SI_ref_14,GCRB-N,DIU,Synthetic,0.6413243626564091,0.34538051643584144,SplineRidge,SplineRidge_2
478,SI_ref_14,GCRB-N,DIU,Synthetic,0.12377847018590202,0.34543899408021345,SplineRidge,SplineRidge_2
479,SI_ref_14,GCRB-N,DIU,Synthetic,0.665837914589971,0.34543899408021345,SplineRidge,SplineRidge_2
699,SI_ref_18,NaOH-activated SCW biochars,IBU,Secondary effluent,0.8098199350756726,0.6616580770795681,SplineRidge,SplineRidge_2
701,SI_ref_18,NaOH-activated SCW biochars,IBU,Secondary effluent,0.7485969905050348,0.6304620535834699,SplineRidge,SplineRidge_2
703,SI_ref_18,NaOH-activated SCW biochars,IBU,Secondary effluent,0.6850179499229786,0.5951875005872395,SplineRidge,SplineRidge_2
705,SI_ref_18,NaOH-activated SCW biochars,IBU,Secondary effluent,0.6861011679416551,0.5640446391447116,SplineRidge,SplineRidge_2
707,SI_ref_18,NaOH-activated SCW biochars,IBU,Secondary effluent,0.6799185617433835,0.542581347536063,SplineRidge,SplineRidge_2
709,SI_ref_18,NaOH-activated SCW biochars,IBU,Secondary effluent,0.6765813990931481,0.5383997467803299,SplineRidge,SplineRidge_2
711,SI_ref_18,NaOH-activated SCW biochars,IBU,Secondary effluent,0.6777803451607008,0.5455380646669858,SplineRidge,SplineRidge_2
713,SI_ref_18,NaOH-activated SCW biochars,IBU,Secondary effluent,0.19946424836974086,0.5707309961081997,SplineRidge,SplineRidge_2
715,SI_ref_18,NaOH-activated SCW biochars,IBU,Secondary effluent,0.45728603839109744,0.5707309961081997,SplineRidge,SplineRidge_2
717,SI_ref_18,NaOH-activated SCW biochars,IBU,Secondary effluent,0.5431517029603264,0.5057543261050813,SplineRidge,SplineRidge_2
719,SI_ref_18,NaOH-activated SCW biochars,IBU,Secondary effluent,0.6932620426015607,0.588606116200775,SplineRidge,SplineRidge_2
721,SI_ref_18,NaOH-activated SCW biochars,IBU,Secondary effluent,0.675113405421536,0.5707309961081997,SplineRidge,SplineRidge_2
725,SI_ref_18,NaOH-activated SCW biochars,IBU,Secondary effluent,0.6458796718925713,0.5707309961081997,SplineRidge,SplineRidge_2
729,SI_ref_18,NaOH-activated SCW biochars,IBU,Secondary effluent,0.6230174196820357,0.5707309961081997,SplineRidge,SplineRidge_2
733,SI_ref_18,NaOH-activated SCW biochars,IBU,Secondary effluent,0.6232264558664639,0.5707309961081997,SplineRidge,SplineRidge_2
737,SI_ref_18,NaOH-activated SCW biochars,IBU,Secondary effluent,0.6321330290401536,0.5707309961081997,SplineRidge,SplineRidge_2
741,SI_ref_18,NaOH-activated SCW biochars,IBU,Secondary effluent,0.6274964829882473,0.5707309961081997,SplineRidge,SplineRidge_2
746,SI_ref_18,NaOH-activated SCW biochars,IBU,Secondary effluent,0.6482993087024828,0.5537340361398428,SplineRidge,SplineRidge_2
748,SI_ref_18,NaOH-activated SCW biochars,IBU,Secondary effluent,0.7478636767346728,0.5986401381485511,SplineRidge,SplineRidge_2
750,SI_ref_18,NaOH-activated SCW biochars,IBU,Secondary effluent,0.811827151849907,0.5962699766211396,SplineRidge,SplineRidge_2
752,SI_ref_18,NaOH-activated SCW biochars,IBU,Secondary effluent,0.7252319435730717,0.5707309961081997,SplineRidge,SplineRidge_2
754,SI_ref_18,NaOH-activated SCW biochars,IBU,Secondary effluent,0.7786423949758233,0.5707309961081997,SplineRidge,SplineRidge_2
758,SI_ref_18,NaOH-activated SCW biochars,NPX,Secondary effluent,0.5521972966156422,0.38478927348567316,SplineRidge,SplineRidge_2
760,SI_ref_18,NaOH-activated SCW biochars,NPX,Secondary effluent,0.4814245289032641,0.35359324998957475,SplineRidge,SplineRidge_2
762,SI_ref_18,NaOH-activated SCW biochars,NPX,Secondary effluent,0.34455951981715066,0.31831869699334436,SplineRidge,SplineRidge_2
764,SI_ref_18,NaOH-activated SCW biochars,NPX,Secondary effluent,0.2493517679350271,0.28717583555081655,SplineRidge,SplineRidge_2
766,SI_ref_18,NaOH-activated SCW biochars,NPX,Secondary effluent,0.16764900163614713,0.265712543942168,SplineRidge,SplineRidge_2
768,SI_ref_18,NaOH-activated SCW biochars,NPX,Secondary effluent,0.12846350911521487,0.2615309431864349,SplineRidge,SplineRidge_2
770,SI_ref_18,NaOH-activated SCW biochars,NPX,Secondary effluent,0.12873702561203082,0.26866926107309075,SplineRidge,SplineRidge_2
772,SI_ref_18,NaOH-activated SCW biochars,NPX,Secondary effluent,0.026110640989477824,0.29386219251430457,SplineRidge,SplineRidge_2
774,SI_ref_18,NaOH-activated SCW biochars,NPX,Secondary effluent,0.054870517105304405,0.29386219251430457,SplineRidge,SplineRidge_2
776,SI_ref_18,NaOH-activated SCW biochars,NPX,Secondary effluent,0.048092629555703405,0.2288855225111862,SplineRidge,SplineRidge_2
778,SI_ref_18,NaOH-activated SCW biochars,NPX,Secondary effluent,0.16521082834331338,0.31173731260687987,SplineRidge,SplineRidge_2
780,SI_ref_18,NaOH-activated SCW biochars,NPX,Secondary effluent,0.11864589305153721,0.29386219251430457,SplineRidge,SplineRidge_2
782,SI_ref_18,NaOH-activated SCW biochars,NPX,Secondary effluent,0.10983576367726838,0.29386219251430457,SplineRidge,SplineRidge_2
784,SI_ref_18,NaOH-activated SCW biochars,NPX,Secondary effluent,0.10668866579384965,0.29386219251430457,SplineRidge,SplineRidge_2
786,SI_ref_18,NaOH-activated SCW biochars,NPX,Secondary effluent,0.08538292965546301,0.29386219251430457,SplineRidge,SplineRidge_2
788,SI_ref_18,NaOH-activated SCW biochars,NPX,Secondary effluent,0.09141898602740345,0.29386219251430457,SplineRidge,SplineRidge_2
790,SI_ref_18,NaOH-activated SCW biochars,NPX,Secondary effluent,0.11725913824368146,0.29386219251430457,SplineRidge,SplineRidge_2
792,SI_ref_18,NaOH-activated SCW biochars,NPX,Secondary effluent,0.10630651659643675,0.27686523254594786,SplineRidge,SplineRidge_2
794,SI_ref_18,NaOH-activated SCW biochars,NPX,Secondary effluent,0.2275589654025283,0.321771334554656,SplineRidge,SplineRidge_2
796,SI_ref_18,NaOH-activated SCW biochars,NPX,Secondary effluent,0.27043202483921047,0.31940117302724447,SplineRidge,SplineRidge_2
798,SI_ref_18,NaOH-activated SCW biochars,NPX,Secondary effluent,0.15082313311850198,0.29386219251430457,SplineRidge,SplineRidge_2
800,SI_ref_18,NaOH-activated SCW biochars,NPX,Secondary effluent,0.24701864815812044,0.29386219251430457,SplineRidge,SplineRidge_2
1156,SI_ref_17,Pristine SCG biochar,IBU,Synthetic,0.9684057270887299,1.085750612052339,SplineRidge,SplineRidge_2
1158,SI_ref_17,Pristine SCG biochar,IBU,Synthetic,0.964180236157731,1.0545545885562406,SplineRidge,SplineRidge_2
1160,SI_ref_17,Pristine SCG biochar,IBU,Synthetic,0.9598191197252507,1.000382510407998,SplineRidge,SplineRidge_2
1162,SI_ref_17,Pristine SCG biochar,IBU,Synthetic,0.9580437721935793,0.9741209188522485,SplineRidge,SplineRidge_2
1164,SI_ref_17,Pristine SCG biochar,IBU,Synthetic,0.9425460946241216,0.9642248281409156,SplineRidge,SplineRidge_2
1166,SI_ref_17,Pristine SCG biochar,IBU,Synthetic,0.9402369906408686,0.9624922817531008,SplineRidge,SplineRidge_2
1168,SI_ref_17,Pristine SCG biochar,IBU,Synthetic,0.9366107784098637,0.9696305996397566,SplineRidge,SplineRidge_2
1170,SI_ref_17,Pristine SCG biochar,IBU,Synthetic,0.7820004901373623,0.9431958163038447,SplineRidge,SplineRidge_2
1172,SI_ref_17,Pristine SCG biochar,IBU,Synthetic,0.9276141025756294,0.9948235310809704,SplineRidge,SplineRidge_2
1174,SI_ref_17,Pristine SCG biochar,IBU,Synthetic,0.918292455911169,0.9948235310809704,SplineRidge,SplineRidge_2
1176,SI_ref_17,Pristine SCG biochar,IBU,Synthetic,0.9133007565861092,0.9948235310809704,SplineRidge,SplineRidge_2
1178,SI_ref_17,Pristine SCG biochar,IBU,Synthetic,0.9182483670803396,0.9948235310809704,SplineRidge,SplineRidge_2
1180,SI_ref_17,Pristine SCG biochar,IBU,Synthetic,0.9167234922708469,0.9948235310809704,SplineRidge,SplineRidge_2
1182,SI_ref_17,Pristine SCG biochar,IBU,Synthetic,0.9122551436969301,0.9948235310809704,SplineRidge,SplineRidge_2
1184,SI_ref_17,Pristine SCG biochar,IBU,Synthetic,0.9484982246288517,1.0203625115939103,SplineRidge,SplineRidge_2
1186,SI_ref_17,Pristine SCG biochar,IBU,Synthetic,0.893754721851682,0.9948235310809704,SplineRidge,SplineRidge_2
1188,SI_ref_17,Pristine SCG biochar,IBU,Synthetic,0.8900227639990935,0.9948235310809704,SplineRidge,SplineRidge_2
1190,SI_ref_17,Pristine SCG biochar,IBU,Synthetic,0.924357415959487,0.9948235310809704,SplineRidge,SplineRidge_2
1192,SI_ref_17,Pristine SCG biochar,IBU,Synthetic,0.9226237248225028,0.9948235310809704,SplineRidge,SplineRidge_2
1194,SI_ref_17,Pristine SCG biochar,IBU,Synthetic,0.8857728699803085,0.9948235310809704,SplineRidge,SplineRidge_2
1254,SI_ref_18,Pristine SCW Biochar,IBU,Secondary effluent,0.9156726978407875,1.1027630363900833,SplineRidge,SplineRidge_2
1256,SI_ref_18,Pristine SCW Biochar,IBU,Secondary effluent,0.9079673942368781,1.071567012893985,SplineRidge,SplineRidge_2
1258,SI_ref_18,Pristine SCW Biochar,IBU,Secondary effluent,0.9043236251446873,1.0362924598977545,SplineRidge,SplineRidge_2
1260,SI_ref_18,Pristine SCW Biochar,IBU,Secondary effluent,0.9020547983951682,1.005149598455227,SplineRidge,SplineRidge_2
1262,SI_ref_18,Pristine SCW Biochar,IBU,Secondary effluent,0.9004882379050155,0.9836863068465782,SplineRidge,SplineRidge_2
1264,SI_ref_18,Pristine SCW Biochar,IBU,Secondary effluent,0.897458530238549,0.9795047060908451,SplineRidge,SplineRidge_2
1266,SI_ref_18,Pristine SCW Biochar,IBU,Secondary effluent,0.8973424975849196,0.986643023977501,SplineRidge,SplineRidge_2
1267,SI_ref_18,Pristine SCW Biochar,IBU,Secondary effluent,0.8360939688333745,1.0118359554187148,SplineRidge,SplineRidge_2
1268,SI_ref_18,Pristine SCW Biochar,IBU,Secondary effluent,0.8984823855966844,1.0118359554187148,SplineRidge,SplineRidge_2
1270,SI_ref_18,Pristine SCW Biochar,IBU,Secondary effluent,0.8874692330465712,0.9468592854155964,SplineRidge,SplineRidge_2
1272,SI_ref_18,Pristine SCW Biochar,IBU,Secondary effluent,0.9012569556545285,1.0297110755112902,SplineRidge,SplineRidge_2
1274,SI_ref_18,Pristine SCW Biochar,IBU,Secondary effluent,0.8992057856547054,1.0118359554187148,SplineRidge,SplineRidge_2
1278,SI_ref_18,Pristine SCW Biochar,IBU,Secondary effluent,0.9165018852947014,1.0118359554187148,SplineRidge,SplineRidge_2
1282,SI_ref_18,Pristine SCW Biochar,IBU,Secondary effluent,0.9202396860047187,1.0118359554187148,SplineRidge,SplineRidge_2
1286,SI_ref_18,Pristine SCW Biochar,IBU,Secondary effluent,0.9152513064761528,1.0118359554187148,SplineRidge,SplineRidge_2
1290,SI_ref_18,Pristine SCW Biochar,IBU,Secondary effluent,0.9145713435205399,1.0118359554187148,SplineRidge,SplineRidge_2
1294,SI_ref_18,Pristine SCW Biochar,IBU,Secondary effluent,0.9194281493241605,1.0118359554187148,SplineRidge,SplineRidge_2
1299,SI_ref_18,Pristine SCW Biochar,IBU,Secondary effluent,0.891903218347585,0.994838995450358,SplineRidge,SplineRidge_2
1301,SI_ref_18,Pristine SCW Biochar,IBU,Secondary effluent,0.9069133641489088,1.0397450974590663,SplineRidge,SplineRidge_2
1303,SI_ref_18,Pristine SCW Biochar,IBU,Secondary effluent,0.9145392250293353,1.0373749359316549,SplineRidge,SplineRidge_2
1304,SI_ref_18,Pristine SCW Biochar,IBU,Secondary effluent,0.911352956646831,1.0118359554187148,SplineRidge,SplineRidge_2
1305,SI_ref_18,Pristine SCW Biochar,IBU,Secondary effluent,0.8992133437264335,1.0118359554187148,SplineRidge,SplineRidge_2
1309,SI_ref_18,Pristine SCW Biochar,NPX,Secondary effluent,0.9276600601799115,0.8258942327961882,SplineRidge,SplineRidge_2
1311,SI_ref_18,Pristine SCW Biochar,NPX,Secondary effluent,0.9217275625657669,0.7946982093000898,SplineRidge,SplineRidge_2
1313,SI_ref_18,Pristine SCW Biochar,NPX,Secondary effluent,0.9151672500810683,0.7594236563038594,SplineRidge,SplineRidge_2
1315,SI_ref_18,Pristine SCW Biochar,NPX,Secondary effluent,0.914870212237198,0.7282807948613317,SplineRidge,SplineRidge_2
1317,SI_ref_18,Pristine SCW Biochar,NPX,Secondary effluent,0.9125118045566373,0.7068175032526831,SplineRidge,SplineRidge_2
1319,SI_ref_18,Pristine SCW Biochar,NPX,Secondary effluent,0.9122370962869346,0.70263590249695,SplineRidge,SplineRidge_2
1321,SI_ref_18,Pristine SCW Biochar,NPX,Secondary effluent,0.9100475600528815,0.7097742203836058,SplineRidge,SplineRidge_2
1322,SI_ref_18,Pristine SCW Biochar,NPX,Secondary effluent,0.8724917016408669,0.7349671518248196,SplineRidge,SplineRidge_2
1323,SI_ref_18,Pristine SCW Biochar,NPX,Secondary effluent,0.9222871559920565,0.7349671518248196,SplineRidge,SplineRidge_2
1325,SI_ref_18,Pristine SCW Biochar,NPX,Secondary effluent,0.8954095327862793,0.6699904818217013,SplineRidge,SplineRidge_2
1327,SI_ref_18,Pristine SCW Biochar,NPX,Secondary effluent,0.9153416500332668,0.752842271917395,SplineRidge,SplineRidge_2
1329,SI_ref_18,Pristine SCW Biochar,NPX,Secondary effluent,0.910898633301941,0.7349671518248196,SplineRidge,SplineRidge_2
1331,SI_ref_18,Pristine SCW Biochar,NPX,Secondary effluent,0.9081761980542199,0.7349671518248196,SplineRidge,SplineRidge_2
1333,SI_ref_18,Pristine SCW Biochar,NPX,Secondary effluent,0.9126518494691617,0.7349671518248196,SplineRidge,SplineRidge_2
1335,SI_ref_18,Pristine SCW Biochar,NPX,Secondary effluent,0.9091665914238204,0.7349671518248196,SplineRidge,SplineRidge_2
1337,SI_ref_18,Pristine SCW Biochar,NPX,Secondary effluent,0.9109852392346297,0.7349671518248196,SplineRidge,SplineRidge_2
1339,SI_ref_18,Pristine SCW Biochar,NPX,Secondary effluent,0.9170303341534803,0.7349671518248196,SplineRidge,SplineRidge_2
1341,SI_ref_18,Pristine SCW Biochar,NPX,Secondary effluent,0.9109021678864493,0.7179701918564628,SplineRidge,SplineRidge_2
1343,SI_ref_18,Pristine SCW Biochar,NPX,Secondary effluent,0.9138805167442893,0.7628762938651711,SplineRidge,SplineRidge_2
1345,SI_ref_18,Pristine SCW Biochar,NPX,Secondary effluent,0.9200278517039994,0.7605061323377597,SplineRidge,SplineRidge_2
1346,SI_ref_18,Pristine SCW Biochar,NPX,Secondary effluent,0.9136165317560039,0.7349671518248196,SplineRidge,SplineRidge_2
1347,SI_ref_18,Pristine SCW Biochar,NPX,Secondary effluent,0.9038576927569927,0.7349671518248195,SplineRidge,SplineRidge_2
189,SI_ref_17,Alkali-modified SCG biochars,IBU,Synthetic,0.6581206763788531,0.34888961911201477,XGBoost,XGBoost_1
191,SI_ref_17,Alkali-modified SCG biochars,IBU,Synthetic,0.6239833523895453,0.3219229280948639,XGBoost,XGBoost_1
193,SI_ref_17,Alkali-modified SCG biochars,IBU,Synthetic,0.5119378819344518,0.23142093420028687,XGBoost,XGBoost_1
195,SI_ref_17,Alkali-modified SCG biochars,IBU,Synthetic,0.4585781550994164,0.22414788603782654,XGBoost,XGBoost_1
197,SI_ref_17,Alkali-modified SCG biochars,IBU,Synthetic,0.44243948810088646,0.2252199500799179,XGBoost,XGBoost_1
199,SI_ref_17,Alkali-modified SCG biochars,IBU,Synthetic,0.4544355679658596,0.2252199500799179,XGBoost,XGBoost_1
201,SI_ref_17,Alkali-modified SCG biochars,IBU,Synthetic,0.39592651561701936,0.2252199500799179,XGBoost,XGBoost_1
203,SI_ref_17,Alkali-modified SCG biochars,IBU,Synthetic,0.10913541523053398,0.20881256461143494,XGBoost,XGBoost_1
205,SI_ref_17,Alkali-modified SCG biochars,IBU,Synthetic,0.3052806700714839,0.32853591442108154,XGBoost,XGBoost_1
207,SI_ref_17,Alkali-modified SCG biochars,IBU,Synthetic,0.4311083753711556,0.32853591442108154,XGBoost,XGBoost_1
209,SI_ref_17,Alkali-modified SCG biochars,IBU,Synthetic,0.3789894895081609,0.32853591442108154,XGBoost,XGBoost_1
211,SI_ref_17,Alkali-modified SCG biochars,IBU,Synthetic,0.3304133868875155,0.32853591442108154,XGBoost,XGBoost_1
213,SI_ref_17,Alkali-modified SCG biochars,IBU,Synthetic,0.33928547446435453,0.32853591442108154,XGBoost,XGBoost_1
215,SI_ref_17,Alkali-modified SCG biochars,IBU,Synthetic,0.3234505141947598,0.32853591442108154,XGBoost,XGBoost_1
217,SI_ref_17,Alkali-modified SCG biochars,IBU,Synthetic,0.6889998443034063,0.3291412591934204,XGBoost,XGBoost_1
219,SI_ref_17,Alkali-modified SCG biochars,IBU,Synthetic,0.1184746430703935,0.32853591442108154,XGBoost,XGBoost_1
221,SI_ref_17,Alkali-modified SCG biochars,IBU,Synthetic,0.35446182653715885,0.32853591442108154,XGBoost,XGBoost_1
223,SI_ref_17,Alkali-modified SCG biochars,IBU,Synthetic,0.5365490577861332,0.32853591442108154,XGBoost,XGBoost_1
225,SI_ref_17,Alkali-modified SCG biochars,IBU,Synthetic,0.5901579894748284,0.32853591442108154,XGBoost,XGBoost_1
227,SI_ref_17,Alkali-modified SCG biochars,IBU,Synthetic,0.6910697148739985,0.32853591442108154,XGBoost,XGBoost_1
229,SI_ref_16,C-Biochar,ATE,Synthetic,0.8511111111111113,0.554956316947937,XGBoost,XGBoost_1
230,SI_ref_16,C-Biochar,ATE,Synthetic,0.7400000000000001,0.5547433495521545,XGBoost,XGBoost_1
231,SI_ref_16,C-Biochar,ATE,Synthetic,0.7400000000000001,0.6454569697380066,XGBoost,XGBoost_1
232,SI_ref_16,C-Biochar,ATE,Synthetic,0.7453872053872055,0.6116563677787781,XGBoost,XGBoost_1
233,SI_ref_16,C-Biochar,ATE,Synthetic,0.8733333333333334,0.6116563677787781,XGBoost,XGBoost_1
234,SI_ref_16,C-Biochar,ATE,Synthetic,0.8288888888888891,0.6116563677787781,XGBoost,XGBoost_1
235,SI_ref_16,C-Biochar,ATE,Synthetic,0.8511111111111113,0.6116563677787781,XGBoost,XGBoost_1
236,SI_ref_16,C-Biochar,ATE,Synthetic,0.7844444444444446,0.6116563677787781,XGBoost,XGBoost_1
237,SI_ref_16,C-Biochar,ATE,Synthetic,0.8733333333333334,0.6116563677787781,XGBoost,XGBoost_1
238,SI_ref_16,C-Biochar,ATE,Synthetic,0.6733333333333335,0.5650950074195862,XGBoost,XGBoost_1
239,SI_ref_16,C-Biochar,ATE,Synthetic,0.6511111111111112,0.5630177855491638,XGBoost,XGBoost_1
240,SI_ref_16,C-Biochar,ATE,Synthetic,0.6288888888888889,0.6074481010437012,XGBoost,XGBoost_1
241,SI_ref_16,C-Biochar,ATE,Synthetic,0.7774074074074075,0.6116563677787781,XGBoost,XGBoost_1
242,SI_ref_16,C-Biochar,ATE,Synthetic,0.7824691358024691,0.6116563677787781,XGBoost,XGBoost_1
243,SI_ref_16,C-Biochar,ATE,Synthetic,0.8257777777777777,0.6116563677787781,XGBoost,XGBoost_1
244,SI_ref_16,C-Biochar,ATE,Synthetic,0.8438888888888889,0.6116563677787781,XGBoost,XGBoost_1
245,SI_ref_16,C-Biochar,ATE,Synthetic,0.8562222222222223,0.6116563677787781,XGBoost,XGBoost_1
263,SI_ref_16,C-Biochar,IBU,Synthetic,0.5333333333333333,0.5774136781692505,XGBoost,XGBoost_1
264,SI_ref_16,C-Biochar,IBU,Synthetic,0.7333333333333333,0.577200710773468,XGBoost,XGBoost_1
265,SI_ref_16,C-Biochar,IBU,Synthetic,0.6000000000000001,0.669365644454956,XGBoost,XGBoost_1
266,SI_ref_16,C-Biochar,IBU,Synthetic,0.6121212121212122,0.6355650424957275,XGBoost,XGBoost_1
267,SI_ref_16,C-Biochar,IBU,Synthetic,0.7333333333333333,0.6355650424957275,XGBoost,XGBoost_1
268,SI_ref_16,C-Biochar,IBU,Synthetic,0.5333333333333333,0.6355650424957275,XGBoost,XGBoost_1
269,SI_ref_16,C-Biochar,IBU,Synthetic,0.4666666666666666,0.6355650424957275,XGBoost,XGBoost_1
270,SI_ref_16,C-Biochar,IBU,Synthetic,0.5555555555555556,0.6355650424957275,XGBoost,XGBoost_1
271,SI_ref_16,C-Biochar,IBU,Synthetic,0.6000000000000001,0.6355650424957275,XGBoost,XGBoost_1
272,SI_ref_16,C-Biochar,IBU,Synthetic,0.6000000000000001,0.5890036821365356,XGBoost,XGBoost_1
273,SI_ref_16,C-Biochar,IBU,Synthetic,0.6000000000000001,0.5869264602661133,XGBoost,XGBoost_1
274,SI_ref_16,C-Biochar,IBU,Synthetic,1.0666666666666667,0.6313567757606506,XGBoost,XGBoost_1
275,SI_ref_16,C-Biochar,IBU,Synthetic,0.5277777777777777,0.6355650424957275,XGBoost,XGBoost_1
276,SI_ref_16,C-Biochar,IBU,Synthetic,0.7,0.6355650424957275,XGBoost,XGBoost_1
277,SI_ref_16,C-Biochar,IBU,Synthetic,0.7844444444444444,0.6355650424957275,XGBoost,XGBoost_1
278,SI_ref_16,C-Biochar,IBU,Synthetic,0.8430555555555557,0.6355650424957275,XGBoost,XGBoost_1
279,SI_ref_16,C-Biochar,IBU,Synthetic,0.861111111111111,0.6355650424957275,XGBoost,XGBoost_1
354,SI_ref_14,GCRB,DIU,Synthetic,0.983291565929579,0.9822455644607544,XGBoost,XGBoost_1
355,SI_ref_14,GCRB,DIU,Synthetic,0.9782739977994132,0.9674527645111084,XGBoost,XGBoost_1
356,SI_ref_14,GCRB,DIU,Synthetic,0.9708791324637501,0.9601712226867676,XGBoost,XGBoost_1
357,SI_ref_14,GCRB,DIU,Synthetic,0.964507517643233,0.9565958380699158,XGBoost,XGBoost_1
358,SI_ref_14,GCRB,DIU,Synthetic,0.960647920928618,0.9493133425712585,XGBoost,XGBoost_1
359,SI_ref_14,GCRB,DIU,Synthetic,0.9584857336381704,0.9493133425712585,XGBoost,XGBoost_1
360,SI_ref_14,GCRB,DIU,Synthetic,0.9536869714697045,0.9493133425712585,XGBoost,XGBoost_1
361,SI_ref_14,GCRB,DIU,Synthetic,0.9291396445453227,0.9164966940879822,XGBoost,XGBoost_1
362,SI_ref_14,GCRB,DIU,Synthetic,0.9775416982957918,0.9631563425064087,XGBoost,XGBoost_1
363,SI_ref_14,GCRB,DIU,Synthetic,0.9527369648004039,0.9547812938690186,XGBoost,XGBoost_1
364,SI_ref_14,GCRB,DIU,Synthetic,0.9478201604463821,0.9547812938690186,XGBoost,XGBoost_1
365,SI_ref_14,GCRB,DIU,Synthetic,0.9265327424413893,0.9547812938690186,XGBoost,XGBoost_1
366,SI_ref_14,GCRB,DIU,Synthetic,0.9253239651903417,0.9547812938690186,XGBoost,XGBoost_1
367,SI_ref_14,GCRB,DIU,Synthetic,0.9238760352548926,0.9547812938690186,XGBoost,XGBoost_1
368,SI_ref_14,GCRB,DIU,Synthetic,0.9417552695951205,0.9435718059539795,XGBoost,XGBoost_1
369,SI_ref_14,GCRB,DIU,Synthetic,0.9147016410628197,0.9435718059539795,XGBoost,XGBoost_1
370,SI_ref_14,GCRB,DIU,Synthetic,0.9192051981667979,0.9626193046569824,XGBoost,XGBoost_1
371,SI_ref_14,GCRB,DIU,Synthetic,0.9535021691371877,0.9547812938690186,XGBoost,XGBoost_1
372,SI_ref_14,GCRB,DIU,Synthetic,0.9661748102299111,0.9547812938690186,XGBoost,XGBoost_1
373,SI_ref_14,GCRB,DIU,Synthetic,1.0173780045422414,0.9547812938690186,XGBoost,XGBoost_1
374,SI_ref_14,GCRB,DIU,Synthetic,1.0082496176169822,0.9547812938690186,XGBoost,XGBoost_1
375,SI_ref_14,GCRB,DIU,Synthetic,0.9496862840784065,0.9547812938690186,XGBoost,XGBoost_1
439,SI_ref_14,GCRB-N,DIU,Synthetic,0.6654043880576614,0.7981193661689758,XGBoost,XGBoost_1
440,SI_ref_14,GCRB-N,DIU,Synthetic,0.5844535743219663,0.7363666296005249,XGBoost,XGBoost_1
441,SI_ref_14,GCRB-N,DIU,Synthetic,0.5079200907404222,0.6789504289627075,XGBoost,XGBoost_1
442,SI_ref_14,GCRB-N,DIU,Synthetic,0.37854626102465844,0.5746040940284729,XGBoost,XGBoost_1
443,SI_ref_14,GCRB-N,DIU,Synthetic,0.26690125827656935,0.5168445110321045,XGBoost,XGBoost_1
444,SI_ref_14,GCRB-N,DIU,Synthetic,0.2332409918272794,0.5168445110321045,XGBoost,XGBoost_1
445,SI_ref_14,GCRB-N,DIU,Synthetic,0.1951305004086504,0.5168445110321045,XGBoost,XGBoost_1
446,SI_ref_14,GCRB-N,DIU,Synthetic,0.2075726875081201,0.42926767468452454,XGBoost,XGBoost_1
447,SI_ref_14,GCRB-N,DIU,Synthetic,0.26826652394124667,0.5564613342285156,XGBoost,XGBoost_1
448,SI_ref_14,GCRB-N,DIU,Synthetic,0.1819381767074788,0.5456153750419617,XGBoost,XGBoost_1
449,SI_ref_14,GCRB-N,DIU,Synthetic,0.15093015054787579,0.5396275520324707,XGBoost,XGBoost_1
450,SI_ref_14,GCRB-N,DIU,Synthetic,0.1736169508150928,0.5396275520324707,XGBoost,XGBoost_1
451,SI_ref_14,GCRB-N,DIU,Synthetic,0.16382165003373128,0.5478357672691345,XGBoost,XGBoost_1
452,SI_ref_14,GCRB-N,DIU,Synthetic,0.1932052297084895,0.5456153750419617,XGBoost,XGBoost_1
453,SI_ref_14,GCRB-N,DIU,Synthetic,0.1683505359330984,0.5456153750419617,XGBoost,XGBoost_1
454,SI_ref_14,GCRB-N,DIU,Synthetic,0.1647692025710552,0.5630235075950623,XGBoost,XGBoost_1
455,SI_ref_14,GCRB-N,DIU,Synthetic,0.3384549122360595,0.5630235075950623,XGBoost,XGBoost_1
456,SI_ref_14,GCRB-N,DIU,Synthetic,0.1402528461142079,0.5736621618270874,XGBoost,XGBoost_1
457,SI_ref_14,GCRB-N,DIU,Synthetic,0.5187315058108145,0.5736621618270874,XGBoost,XGBoost_1
458,SI_ref_14,GCRB-N,DIU,Synthetic,0.12629127082807837,0.5890905261039734,XGBoost,XGBoost_1
459,SI_ref_14,GCRB-N,DIU,Synthetic,0.6455190877003087,0.5890905261039734,XGBoost,XGBoost_1
460,SI_ref_14,GCRB-N,DIU,Synthetic,0.12138562309836234,0.5431663393974304,XGBoost,XGBoost_1
461,SI_ref_14,GCRB-N,DIU,Synthetic,0.6666027581171994,0.5431663393974304,XGBoost,XGBoost_1
462,SI_ref_14,GCRB-N,DIU,Synthetic,0.16773925939532233,0.5482760667800903,XGBoost,XGBoost_1
463,SI_ref_14,GCRB-N,DIU,Synthetic,0.15967117649899737,0.5702300667762756,XGBoost,XGBoost_1
464,SI_ref_14,GCRB-N,DIU,Synthetic,0.27418422723714847,0.5702300667762756,XGBoost,XGBoost_1
465,SI_ref_14,GCRB-N,DIU,Synthetic,0.1405827183894587,0.5742537975311279,XGBoost,XGBoost_1
466,SI_ref_14,GCRB-N,DIU,Synthetic,0.5605758859577746,0.5742537975311279,XGBoost,XGBoost_1
467,SI_ref_14,GCRB-N,DIU,Synthetic,0.13173953864692908,0.5742537975311279,XGBoost,XGBoost_1
468,SI_ref_14,GCRB-N,DIU,Synthetic,0.6564705601884918,0.5742537975311279,XGBoost,XGBoost_1
469,SI_ref_14,GCRB-N,DIU,Synthetic,0.12617131727344172,0.5326357483863831,XGBoost,XGBoost_1
470,SI_ref_14,GCRB-N,DIU,Synthetic,0.6552893507455957,0.5326357483863831,XGBoost,XGBoost_1
471,SI_ref_14,GCRB-N,DIU,Synthetic,0.1676281074261493,0.5380568504333496,XGBoost,XGBoost_1
472,SI_ref_14,GCRB-N,DIU,Synthetic,0.1622201895350263,0.5605674386024475,XGBoost,XGBoost_1
473,SI_ref_14,GCRB-N,DIU,Synthetic,0.31928006415696586,0.5605674386024475,XGBoost,XGBoost_1
474,SI_ref_14,GCRB-N,DIU,Synthetic,0.14041778225183332,0.5716890096664429,XGBoost,XGBoost_1
475,SI_ref_14,GCRB-N,DIU,Synthetic,0.5410485473017326,0.5716890096664429,XGBoost,XGBoost_1
476,SI_ref_14,GCRB-N,DIU,Synthetic,0.12901540473750372,0.5783627033233643,XGBoost,XGBoost_1
477,SI_ref_14,GCRB-N,DIU,Synthetic,0.6413243626564091,0.5783627033233643,XGBoost,XGBoost_1
478,SI_ref_14,GCRB-N,DIU,Synthetic,0.12377847018590202,0.5783627033233643,XGBoost,XGBoost_1
479,SI_ref_14,GCRB-N,DIU,Synthetic,0.665837914589971,0.5783627033233643,XGBoost,XGBoost_1
699,SI_ref_18,NaOH-activated SCW biochars,IBU,Secondary effluent,0.8098199350756726,0.6569972634315491,XGBoost,XGBoost_1
701,SI_ref_18,NaOH-activated SCW biochars,IBU,Secondary effluent,0.7485969905050348,0.6426141262054443,XGBoost,XGBoost_1
703,SI_ref_18,NaOH-activated SCW biochars,IBU,Secondary effluent,0.6850179499229786,0.6291388869285583,XGBoost,XGBoost_1
705,SI_ref_18,NaOH-activated SCW biochars,IBU,Secondary effluent,0.6861011679416551,0.5884769558906555,XGBoost,XGBoost_1
707,SI_ref_18,NaOH-activated SCW biochars,IBU,Secondary effluent,0.6799185617433835,0.5803508758544922,XGBoost,XGBoost_1
709,SI_ref_18,NaOH-activated SCW biochars,IBU,Secondary effluent,0.6765813990931481,0.5803508758544922,XGBoost,XGBoost_1
711,SI_ref_18,NaOH-activated SCW biochars,IBU,Secondary effluent,0.6777803451607008,0.5803508758544922,XGBoost,XGBoost_1
713,SI_ref_18,NaOH-activated SCW biochars,IBU,Secondary effluent,0.19946424836974086,0.5938098430633545,XGBoost,XGBoost_1
715,SI_ref_18,NaOH-activated SCW biochars,IBU,Secondary effluent,0.45728603839109744,0.5938098430633545,XGBoost,XGBoost_1
717,SI_ref_18,NaOH-activated SCW biochars,IBU,Secondary effluent,0.5431517029603264,0.49410298466682434,XGBoost,XGBoost_1
719,SI_ref_18,NaOH-activated SCW biochars,IBU,Secondary effluent,0.6932620426015607,0.6042935848236084,XGBoost,XGBoost_1
721,SI_ref_18,NaOH-activated SCW biochars,IBU,Secondary effluent,0.675113405421536,0.5938098430633545,XGBoost,XGBoost_1
725,SI_ref_18,NaOH-activated SCW biochars,IBU,Secondary effluent,0.6458796718925713,0.5938098430633545,XGBoost,XGBoost_1
729,SI_ref_18,NaOH-activated SCW biochars,IBU,Secondary effluent,0.6230174196820357,0.5938098430633545,XGBoost,XGBoost_1
733,SI_ref_18,NaOH-activated SCW biochars,IBU,Secondary effluent,0.6232264558664639,0.5938098430633545,XGBoost,XGBoost_1
737,SI_ref_18,NaOH-activated SCW biochars,IBU,Secondary effluent,0.6321330290401536,0.5938098430633545,XGBoost,XGBoost_1
741,SI_ref_18,NaOH-activated SCW biochars,IBU,Secondary effluent,0.6274964829882473,0.5938098430633545,XGBoost,XGBoost_1
746,SI_ref_18,NaOH-activated SCW biochars,IBU,Secondary effluent,0.6482993087024828,0.5878220200538635,XGBoost,XGBoost_1
748,SI_ref_18,NaOH-activated SCW biochars,IBU,Secondary effluent,0.7478636767346728,0.6404081583023071,XGBoost,XGBoost_1
750,SI_ref_18,NaOH-activated SCW biochars,IBU,Secondary effluent,0.811827151849907,0.6476408243179321,XGBoost,XGBoost_1
752,SI_ref_18,NaOH-activated SCW biochars,IBU,Secondary effluent,0.7252319435730717,0.5938098430633545,XGBoost,XGBoost_1
754,SI_ref_18,NaOH-activated SCW biochars,IBU,Secondary effluent,0.7786423949758233,0.5938098430633545,XGBoost,XGBoost_1
758,SI_ref_18,NaOH-activated SCW biochars,NPX,Secondary effluent,0.5521972966156422,0.2883007526397705,XGBoost,XGBoost_1
760,SI_ref_18,NaOH-activated SCW biochars,NPX,Secondary effluent,0.4814245289032641,0.27045848965644836,XGBoost,XGBoost_1
762,SI_ref_18,NaOH-activated SCW biochars,NPX,Secondary effluent,0.34455951981715066,0.25099804997444153,XGBoost,XGBoost_1
764,SI_ref_18,NaOH-activated SCW biochars,NPX,Secondary effluent,0.2493517679350271,0.18650077283382416,XGBoost,XGBoost_1
766,SI_ref_18,NaOH-activated SCW biochars,NPX,Secondary effluent,0.16764900163614713,0.1278330683708191,XGBoost,XGBoost_1
768,SI_ref_18,NaOH-activated SCW biochars,NPX,Secondary effluent,0.12846350911521487,0.1278330683708191,XGBoost,XGBoost_1
770,SI_ref_18,NaOH-activated SCW biochars,NPX,Secondary effluent,0.12873702561203082,0.1278330683708191,XGBoost,XGBoost_1
772,SI_ref_18,NaOH-activated SCW biochars,NPX,Secondary effluent,0.026110640989477824,0.1429482251405716,XGBoost,XGBoost_1
774,SI_ref_18,NaOH-activated SCW biochars,NPX,Secondary effluent,0.054870517105304405,0.1429482251405716,XGBoost,XGBoost_1
776,SI_ref_18,NaOH-activated SCW biochars,NPX,Secondary effluent,0.048092629555703405,0.05793493241071701,XGBoost,XGBoost_1
778,SI_ref_18,NaOH-activated SCW biochars,NPX,Secondary effluent,0.16521082834331338,0.1534317582845688,XGBoost,XGBoost_1
780,SI_ref_18,NaOH-activated SCW biochars,NPX,Secondary effluent,0.11864589305153721,0.1429482251405716,XGBoost,XGBoost_1
782,SI_ref_18,NaOH-activated SCW biochars,NPX,Secondary effluent,0.10983576367726838,0.1429482251405716,XGBoost,XGBoost_1
784,SI_ref_18,NaOH-activated SCW biochars,NPX,Secondary effluent,0.10668866579384965,0.1429482251405716,XGBoost,XGBoost_1
786,SI_ref_18,NaOH-activated SCW biochars,NPX,Secondary effluent,0.08538292965546301,0.1429482251405716,XGBoost,XGBoost_1
788,SI_ref_18,NaOH-activated SCW biochars,NPX,Secondary effluent,0.09141898602740345,0.1429482251405716,XGBoost,XGBoost_1
790,SI_ref_18,NaOH-activated SCW biochars,NPX,Secondary effluent,0.11725913824368146,0.1429482251405716,XGBoost,XGBoost_1
792,SI_ref_18,NaOH-activated SCW biochars,NPX,Secondary effluent,0.10630651659643675,0.1369604766368866,XGBoost,XGBoost_1
794,SI_ref_18,NaOH-activated SCW biochars,NPX,Secondary effluent,0.2275589654025283,0.1658964902162552,XGBoost,XGBoost_1
796,SI_ref_18,NaOH-activated SCW biochars,NPX,Secondary effluent,0.27043202483921047,0.17312905192375183,XGBoost,XGBoost_1
798,SI_ref_18,NaOH-activated SCW biochars,NPX,Secondary effluent,0.15082313311850198,0.1429482251405716,XGBoost,XGBoost_1
800,SI_ref_18,NaOH-activated SCW biochars,NPX,Secondary effluent,0.24701864815812044,0.1429482251405716,XGBoost,XGBoost_1
1156,SI_ref_17,Pristine SCG biochar,IBU,Synthetic,0.9684057270887299,0.9630032181739807,XGBoost,XGBoost_1
1158,SI_ref_17,Pristine SCG biochar,IBU,Synthetic,0.964180236157731,0.9455369710922241,XGBoost,XGBoost_1
1160,SI_ref_17,Pristine SCG biochar,IBU,Synthetic,0.9598191197252507,0.9159719944000244,XGBoost,XGBoost_1
1162,SI_ref_17,Pristine SCG biochar,IBU,Synthetic,0.9580437721935793,0.9099815487861633,XGBoost,XGBoost_1
1164,SI_ref_17,Pristine SCG biochar,IBU,Synthetic,0.9425460946241216,0.9075621366500854,XGBoost,XGBoost_1
1166,SI_ref_17,Pristine SCG biochar,IBU,Synthetic,0.9402369906408686,0.9075621366500854,XGBoost,XGBoost_1
1168,SI_ref_17,Pristine SCG biochar,IBU,Synthetic,0.9366107784098637,0.9075621366500854,XGBoost,XGBoost_1
1170,SI_ref_17,Pristine SCG biochar,IBU,Synthetic,0.7820004901373623,0.8777023553848267,XGBoost,XGBoost_1
1172,SI_ref_17,Pristine SCG biochar,IBU,Synthetic,0.9276141025756294,0.918065071105957,XGBoost,XGBoost_1
1174,SI_ref_17,Pristine SCG biochar,IBU,Synthetic,0.918292455911169,0.918065071105957,XGBoost,XGBoost_1
1176,SI_ref_17,Pristine SCG biochar,IBU,Synthetic,0.9133007565861092,0.918065071105957,XGBoost,XGBoost_1
1178,SI_ref_17,Pristine SCG biochar,IBU,Synthetic,0.9182483670803396,0.918065071105957,XGBoost,XGBoost_1
1180,SI_ref_17,Pristine SCG biochar,IBU,Synthetic,0.9167234922708469,0.918065071105957,XGBoost,XGBoost_1
1182,SI_ref_17,Pristine SCG biochar,IBU,Synthetic,0.9122551436969301,0.918065071105957,XGBoost,XGBoost_1
1184,SI_ref_17,Pristine SCG biochar,IBU,Synthetic,0.9484982246288517,0.9203193187713623,XGBoost,XGBoost_1
1186,SI_ref_17,Pristine SCG biochar,IBU,Synthetic,0.893754721851682,0.918065071105957,XGBoost,XGBoost_1
1188,SI_ref_17,Pristine SCG biochar,IBU,Synthetic,0.8900227639990935,0.918065071105957,XGBoost,XGBoost_1
1190,SI_ref_17,Pristine SCG biochar,IBU,Synthetic,0.924357415959487,0.918065071105957,XGBoost,XGBoost_1
1192,SI_ref_17,Pristine SCG biochar,IBU,Synthetic,0.9226237248225028,0.918065071105957,XGBoost,XGBoost_1
1194,SI_ref_17,Pristine SCG biochar,IBU,Synthetic,0.8857728699803085,0.918065071105957,XGBoost,XGBoost_1
1254,SI_ref_18,Pristine SCW Biochar,IBU,Secondary effluent,0.9156726978407875,0.9395034909248352,XGBoost,XGBoost_1
1256,SI_ref_18,Pristine SCW Biochar,IBU,Secondary effluent,0.9079673942368781,0.9220372438430786,XGBoost,XGBoost_1
1258,SI_ref_18,Pristine SCW Biochar,IBU,Secondary effluent,0.9043236251446873,0.9191934466362,XGBoost,XGBoost_1
1260,SI_ref_18,Pristine SCW Biochar,IBU,Secondary effluent,0.9020547983951682,0.9143779873847961,XGBoost,XGBoost_1
1262,SI_ref_18,Pristine SCW Biochar,IBU,Secondary effluent,0.9004882379050155,0.9086257815361023,XGBoost,XGBoost_1
1264,SI_ref_18,Pristine SCW Biochar,IBU,Secondary effluent,0.897458530238549,0.9086257815361023,XGBoost,XGBoost_1
1266,SI_ref_18,Pristine SCW Biochar,IBU,Secondary effluent,0.8973424975849196,0.9086257815361023,XGBoost,XGBoost_1
1267,SI_ref_18,Pristine SCW Biochar,IBU,Secondary effluent,0.8360939688333745,0.9146692752838135,XGBoost,XGBoost_1
1268,SI_ref_18,Pristine SCW Biochar,IBU,Secondary effluent,0.8984823855966844,0.9146692752838135,XGBoost,XGBoost_1
1270,SI_ref_18,Pristine SCW Biochar,IBU,Secondary effluent,0.8874692330465712,0.8812971711158752,XGBoost,XGBoost_1
1272,SI_ref_18,Pristine SCW Biochar,IBU,Secondary effluent,0.9012569556545285,0.9251530170440674,XGBoost,XGBoost_1
1274,SI_ref_18,Pristine SCW Biochar,IBU,Secondary effluent,0.8992057856547054,0.9146692752838135,XGBoost,XGBoost_1
1278,SI_ref_18,Pristine SCW Biochar,IBU,Secondary effluent,0.9165018852947014,0.9146692752838135,XGBoost,XGBoost_1
1282,SI_ref_18,Pristine SCW Biochar,IBU,Secondary effluent,0.9202396860047187,0.9146692752838135,XGBoost,XGBoost_1
1286,SI_ref_18,Pristine SCW Biochar,IBU,Secondary effluent,0.9152513064761528,0.9146692752838135,XGBoost,XGBoost_1
1290,SI_ref_18,Pristine SCW Biochar,IBU,Secondary effluent,0.9145713435205399,0.9146692752838135,XGBoost,XGBoost_1
1294,SI_ref_18,Pristine SCW Biochar,IBU,Secondary effluent,0.9194281493241605,0.9146692752838135,XGBoost,XGBoost_1
1299,SI_ref_18,Pristine SCW Biochar,IBU,Secondary effluent,0.891903218347585,0.9086814522743225,XGBoost,XGBoost_1
1301,SI_ref_18,Pristine SCW Biochar,IBU,Secondary effluent,0.9069133641489088,0.9152746200561523,XGBoost,XGBoost_1
1303,SI_ref_18,Pristine SCW Biochar,IBU,Secondary effluent,0.9145392250293353,0.9225072860717773,XGBoost,XGBoost_1
1304,SI_ref_18,Pristine SCW Biochar,IBU,Secondary effluent,0.911352956646831,0.9146692752838135,XGBoost,XGBoost_1
1305,SI_ref_18,Pristine SCW Biochar,IBU,Secondary effluent,0.8992133437264335,0.9146692752838135,XGBoost,XGBoost_1
1309,SI_ref_18,Pristine SCW Biochar,NPX,Secondary effluent,0.9276600601799115,0.9392775893211365,XGBoost,XGBoost_1
1311,SI_ref_18,Pristine SCW Biochar,NPX,Secondary effluent,0.9217275625657669,0.9214354753494263,XGBoost,XGBoost_1
1313,SI_ref_18,Pristine SCW Biochar,NPX,Secondary effluent,0.9151672500810683,0.9153233170509338,XGBoost,XGBoost_1
1315,SI_ref_18,Pristine SCW Biochar,NPX,Secondary effluent,0.914870212237198,0.9148194193840027,XGBoost,XGBoost_1
1317,SI_ref_18,Pristine SCW Biochar,NPX,Secondary effluent,0.9125118045566373,0.9107325673103333,XGBoost,XGBoost_1
1319,SI_ref_18,Pristine SCW Biochar,NPX,Secondary effluent,0.9122370962869346,0.9107325673103333,XGBoost,XGBoost_1
1321,SI_ref_18,Pristine SCW Biochar,NPX,Secondary effluent,0.9100475600528815,0.9107325673103333,XGBoost,XGBoost_1
1322,SI_ref_18,Pristine SCW Biochar,NPX,Secondary effluent,0.8724917016408669,0.918432354927063,XGBoost,XGBoost_1
1323,SI_ref_18,Pristine SCW Biochar,NPX,Secondary effluent,0.9222871559920565,0.918432354927063,XGBoost,XGBoost_1
1325,SI_ref_18,Pristine SCW Biochar,NPX,Secondary effluent,0.8954095327862793,0.8848612308502197,XGBoost,XGBoost_1
1327,SI_ref_18,Pristine SCW Biochar,NPX,Secondary effluent,0.9153416500332668,0.9289160966873169,XGBoost,XGBoost_1
1329,SI_ref_18,Pristine SCW Biochar,NPX,Secondary effluent,0.910898633301941,0.918432354927063,XGBoost,XGBoost_1
1331,SI_ref_18,Pristine SCW Biochar,NPX,Secondary effluent,0.9081761980542199,0.918432354927063,XGBoost,XGBoost_1
1333,SI_ref_18,Pristine SCW Biochar,NPX,Secondary effluent,0.9126518494691617,0.918432354927063,XGBoost,XGBoost_1
1335,SI_ref_18,Pristine SCW Biochar,NPX,Secondary effluent,0.9091665914238204,0.918432354927063,XGBoost,XGBoost_1
1337,SI_ref_18,Pristine SCW Biochar,NPX,Secondary effluent,0.9109852392346297,0.918432354927063,XGBoost,XGBoost_1
1339,SI_ref_18,Pristine SCW Biochar,NPX,Secondary effluent,0.9170303341534803,0.918432354927063,XGBoost,XGBoost_1
1341,SI_ref_18,Pristine SCW Biochar,NPX,Secondary effluent,0.9109021678864493,0.912444531917572,XGBoost,XGBoost_1
1343,SI_ref_18,Pristine SCW Biochar,NPX,Secondary effluent,0.9138805167442893,0.9190376996994019,XGBoost,XGBoost_1
1345,SI_ref_18,Pristine SCW Biochar,NPX,Secondary effluent,0.9200278517039994,0.9262703657150269,XGBoost,XGBoost_1
1346,SI_ref_18,Pristine SCW Biochar,NPX,Secondary effluent,0.9136165317560039,0.918432354927063,XGBoost,XGBoost_1
1347,SI_ref_18,Pristine SCW Biochar,NPX,Secondary effluent,0.9038576927569927,0.918432354927063,XGBoost,XGBoost_1
189,SI_ref_17,Alkali-modified SCG biochars,IBU,Synthetic,0.6581206763788531,0.30145836880543564,Point,ExtraTrees_1
191,SI_ref_17,Alkali-modified SCG biochars,IBU,Synthetic,0.6239833523895453,0.30042122932757037,Point,ExtraTrees_1
193,SI_ref_17,Alkali-modified SCG biochars,IBU,Synthetic,0.5119378819344518,0.29359473639805994,Point,ExtraTrees_1
195,SI_ref_17,Alkali-modified SCG biochars,IBU,Synthetic,0.4585781550994164,0.2815053892015372,Point,ExtraTrees_1
197,SI_ref_17,Alkali-modified SCG biochars,IBU,Synthetic,0.44243948810088646,0.2797181796408012,Point,ExtraTrees_1
199,SI_ref_17,Alkali-modified SCG biochars,IBU,Synthetic,0.4544355679658596,0.2798568087604369,Point,ExtraTrees_1
201,SI_ref_17,Alkali-modified SCG biochars,IBU,Synthetic,0.39592651561701936,0.2927347413393218,Point,ExtraTrees_1
203,SI_ref_17,Alkali-modified SCG biochars,IBU,Synthetic,0.10913541523053398,0.32126205456757795,Point,ExtraTrees_1
205,SI_ref_17,Alkali-modified SCG biochars,IBU,Synthetic,0.3052806700714839,0.32126205456757795,Point,ExtraTrees_1
207,SI_ref_17,Alkali-modified SCG biochars,IBU,Synthetic,0.4311083753711556,0.32126205456757795,Point,ExtraTrees_1
209,SI_ref_17,Alkali-modified SCG biochars,IBU,Synthetic,0.3789894895081609,0.32126205456757795,Point,ExtraTrees_1
211,SI_ref_17,Alkali-modified SCG biochars,IBU,Synthetic,0.3304133868875155,0.32126205456757795,Point,ExtraTrees_1
213,SI_ref_17,Alkali-modified SCG biochars,IBU,Synthetic,0.33928547446435453,0.32126205456757795,Point,ExtraTrees_1
215,SI_ref_17,Alkali-modified SCG biochars,IBU,Synthetic,0.3234505141947598,0.32126205456757795,Point,ExtraTrees_1
217,SI_ref_17,Alkali-modified SCG biochars,IBU,Synthetic,0.6889998443034063,0.32126205456757795,Point,ExtraTrees_1
219,SI_ref_17,Alkali-modified SCG biochars,IBU,Synthetic,0.1184746430703935,0.32126205456757795,Point,ExtraTrees_1
221,SI_ref_17,Alkali-modified SCG biochars,IBU,Synthetic,0.35446182653715885,0.32126205456757795,Point,ExtraTrees_1
223,SI_ref_17,Alkali-modified SCG biochars,IBU,Synthetic,0.5365490577861332,0.32126205456757795,Point,ExtraTrees_1
225,SI_ref_17,Alkali-modified SCG biochars,IBU,Synthetic,0.5901579894748284,0.32126205456757795,Point,ExtraTrees_1
227,SI_ref_17,Alkali-modified SCG biochars,IBU,Synthetic,0.6910697148739985,0.32126205456757795,Point,ExtraTrees_1
229,SI_ref_16,C-Biochar,ATE,Synthetic,0.8511111111111113,0.5554887004458113,Point,ExtraTrees_1
230,SI_ref_16,C-Biochar,ATE,Synthetic,0.7400000000000001,0.5554887004458113,Point,ExtraTrees_1
231,SI_ref_16,C-Biochar,ATE,Synthetic,0.7400000000000001,0.5562983677438228,Point,ExtraTrees_1
232,SI_ref_16,C-Biochar,ATE,Synthetic,0.7453872053872055,0.5560275198631937,Point,ExtraTrees_1
233,SI_ref_16,C-Biochar,ATE,Synthetic,0.8733333333333334,0.5560275198631937,Point,ExtraTrees_1
234,SI_ref_16,C-Biochar,ATE,Synthetic,0.8288888888888891,0.5560275198631937,Point,ExtraTrees_1
235,SI_ref_16,C-Biochar,ATE,Synthetic,0.8511111111111113,0.5560275198631937,Point,ExtraTrees_1
236,SI_ref_16,C-Biochar,ATE,Synthetic,0.7844444444444446,0.5560275198631937,Point,ExtraTrees_1
237,SI_ref_16,C-Biochar,ATE,Synthetic,0.8733333333333334,0.5560275198631937,Point,ExtraTrees_1
238,SI_ref_16,C-Biochar,ATE,Synthetic,0.6733333333333335,0.5550016383870909,Point,ExtraTrees_1
239,SI_ref_16,C-Biochar,ATE,Synthetic,0.6511111111111112,0.5550016383870909,Point,ExtraTrees_1
240,SI_ref_16,C-Biochar,ATE,Synthetic,0.6288888888888889,0.5560275198631937,Point,ExtraTrees_1
241,SI_ref_16,C-Biochar,ATE,Synthetic,0.7774074074074075,0.5560275198631937,Point,ExtraTrees_1
242,SI_ref_16,C-Biochar,ATE,Synthetic,0.7824691358024691,0.5560275198631937,Point,ExtraTrees_1
243,SI_ref_16,C-Biochar,ATE,Synthetic,0.8257777777777777,0.5560275198631937,Point,ExtraTrees_1
244,SI_ref_16,C-Biochar,ATE,Synthetic,0.8438888888888889,0.5560275198631937,Point,ExtraTrees_1
245,SI_ref_16,C-Biochar,ATE,Synthetic,0.8562222222222223,0.5560275198631937,Point,ExtraTrees_1
263,SI_ref_16,C-Biochar,IBU,Synthetic,0.5333333333333333,0.5956064301443412,Point,ExtraTrees_1
264,SI_ref_16,C-Biochar,IBU,Synthetic,0.7333333333333333,0.5956064301443412,Point,ExtraTrees_1
265,SI_ref_16,C-Biochar,IBU,Synthetic,0.6000000000000001,0.5969419026433807,Point,ExtraTrees_1
266,SI_ref_16,C-Biochar,IBU,Synthetic,0.6121212121212122,0.5956064301443412,Point,ExtraTrees_1
267,SI_ref_16,C-Biochar,IBU,Synthetic,0.7333333333333333,0.5956064301443412,Point,ExtraTrees_1
268,SI_ref_16,C-Biochar,IBU,Synthetic,0.5333333333333333,0.5956064301443412,Point,ExtraTrees_1
269,SI_ref_16,C-Biochar,IBU,Synthetic,0.4666666666666666,0.5956064301443412,Point,ExtraTrees_1
270,SI_ref_16,C-Biochar,IBU,Synthetic,0.5555555555555556,0.5956064301443412,Point,ExtraTrees_1
271,SI_ref_16,C-Biochar,IBU,Synthetic,0.6000000000000001,0.5956064301443412,Point,ExtraTrees_1
272,SI_ref_16,C-Biochar,IBU,Synthetic,0.6000000000000001,0.5956267803667411,Point,ExtraTrees_1
273,SI_ref_16,C-Biochar,IBU,Synthetic,0.6000000000000001,0.5956267803667411,Point,ExtraTrees_1
274,SI_ref_16,C-Biochar,IBU,Synthetic,1.0666666666666667,0.5956064301443412,Point,ExtraTrees_1
275,SI_ref_16,C-Biochar,IBU,Synthetic,0.5277777777777777,0.5956064301443412,Point,ExtraTrees_1
276,SI_ref_16,C-Biochar,IBU,Synthetic,0.7,0.5956064301443412,Point,ExtraTrees_1
277,SI_ref_16,C-Biochar,IBU,Synthetic,0.7844444444444444,0.5956064301443412,Point,ExtraTrees_1
278,SI_ref_16,C-Biochar,IBU,Synthetic,0.8430555555555557,0.5956064301443412,Point,ExtraTrees_1
279,SI_ref_16,C-Biochar,IBU,Synthetic,0.861111111111111,0.5956064301443412,Point,ExtraTrees_1
354,SI_ref_14,GCRB,DIU,Synthetic,0.983291565929579,0.9667242144740542,Point,ExtraTrees_1
355,SI_ref_14,GCRB,DIU,Synthetic,0.9782739977994132,0.9666535999209634,Point,ExtraTrees_1
356,SI_ref_14,GCRB,DIU,Synthetic,0.9708791324637501,0.9666535999209634,Point,ExtraTrees_1
357,SI_ref_14,GCRB,DIU,Synthetic,0.964507517643233,0.9641059231127588,Point,ExtraTrees_1
358,SI_ref_14,GCRB,DIU,Synthetic,0.960647920928618,0.9624766459169597,Point,ExtraTrees_1
359,SI_ref_14,GCRB,DIU,Synthetic,0.9584857336381704,0.961605791209751,Point,ExtraTrees_1
360,SI_ref_14,GCRB,DIU,Synthetic,0.9536869714697045,0.9616541877638818,Point,ExtraTrees_1
361,SI_ref_14,GCRB,DIU,Synthetic,0.9291396445453227,0.9618449751304224,Point,ExtraTrees_1
362,SI_ref_14,GCRB,DIU,Synthetic,0.9775416982957918,0.9626147894678171,Point,ExtraTrees_1
363,SI_ref_14,GCRB,DIU,Synthetic,0.9527369648004039,0.9622821257499556,Point,ExtraTrees_1
364,SI_ref_14,GCRB,DIU,Synthetic,0.9478201604463821,0.9622821257499556,Point,ExtraTrees_1
365,SI_ref_14,GCRB,DIU,Synthetic,0.9265327424413893,0.9622821257499556,Point,ExtraTrees_1
366,SI_ref_14,GCRB,DIU,Synthetic,0.9253239651903417,0.9622821257499556,Point,ExtraTrees_1
367,SI_ref_14,GCRB,DIU,Synthetic,0.9238760352548926,0.9622821257499556,Point,ExtraTrees_1
368,SI_ref_14,GCRB,DIU,Synthetic,0.9417552695951205,0.9622821257499556,Point,ExtraTrees_1
369,SI_ref_14,GCRB,DIU,Synthetic,0.9147016410628197,0.9622821257499556,Point,ExtraTrees_1
370,SI_ref_14,GCRB,DIU,Synthetic,0.9192051981667979,0.9622821257499556,Point,ExtraTrees_1
371,SI_ref_14,GCRB,DIU,Synthetic,0.9535021691371877,0.9622821257499556,Point,ExtraTrees_1
372,SI_ref_14,GCRB,DIU,Synthetic,0.9661748102299111,0.9622821257499556,Point,ExtraTrees_1
373,SI_ref_14,GCRB,DIU,Synthetic,1.0173780045422414,0.9622821257499556,Point,ExtraTrees_1
374,SI_ref_14,GCRB,DIU,Synthetic,1.0082496176169822,0.9622821257499556,Point,ExtraTrees_1
375,SI_ref_14,GCRB,DIU,Synthetic,0.9496862840784065,0.9622821257499556,Point,ExtraTrees_1
439,SI_ref_14,GCRB-N,DIU,Synthetic,0.6654043880576614,0.5847693348240762,Point,ExtraTrees_1
440,SI_ref_14,GCRB-N,DIU,Synthetic,0.5844535743219663,0.5784989860580382,Point,ExtraTrees_1
441,SI_ref_14,GCRB-N,DIU,Synthetic,0.5079200907404222,0.5477647355112927,Point,ExtraTrees_1
442,SI_ref_14,GCRB-N,DIU,Synthetic,0.37854626102465844,0.5081199217025315,Point,ExtraTrees_1
443,SI_ref_14,GCRB-N,DIU,Synthetic,0.26690125827656935,0.4773358331084993,Point,ExtraTrees_1
444,SI_ref_14,GCRB-N,DIU,Synthetic,0.2332409918272794,0.46296263263758947,Point,ExtraTrees_1
445,SI_ref_14,GCRB-N,DIU,Synthetic,0.1951305004086504,0.4616590467284253,Point,ExtraTrees_1
446,SI_ref_14,GCRB-N,DIU,Synthetic,0.2075726875081201,0.4603687326750056,Point,ExtraTrees_1
447,SI_ref_14,GCRB-N,DIU,Synthetic,0.26826652394124667,0.46080333768146153,Point,ExtraTrees_1
448,SI_ref_14,GCRB-N,DIU,Synthetic,0.1819381767074788,0.46057902730241856,Point,ExtraTrees_1
449,SI_ref_14,GCRB-N,DIU,Synthetic,0.15093015054787579,0.4565534605291528,Point,ExtraTrees_1
450,SI_ref_14,GCRB-N,DIU,Synthetic,0.1736169508150928,0.4565534605291528,Point,ExtraTrees_1
451,SI_ref_14,GCRB-N,DIU,Synthetic,0.16382165003373128,0.46057902730241856,Point,ExtraTrees_1
452,SI_ref_14,GCRB-N,DIU,Synthetic,0.1932052297084895,0.46057902730241856,Point,ExtraTrees_1
453,SI_ref_14,GCRB-N,DIU,Synthetic,0.1683505359330984,0.4618973135252255,Point,ExtraTrees_1
454,SI_ref_14,GCRB-N,DIU,Synthetic,0.1647692025710552,0.46303769714876375,Point,ExtraTrees_1
455,SI_ref_14,GCRB-N,DIU,Synthetic,0.3384549122360595,0.46303769714876375,Point,ExtraTrees_1
456,SI_ref_14,GCRB-N,DIU,Synthetic,0.1402528461142079,0.46303769714876375,Point,ExtraTrees_1
457,SI_ref_14,GCRB-N,DIU,Synthetic,0.5187315058108145,0.46303769714876375,Point,ExtraTrees_1
458,SI_ref_14,GCRB-N,DIU,Synthetic,0.12629127082807837,0.46311261430191564,Point,ExtraTrees_1
459,SI_ref_14,GCRB-N,DIU,Synthetic,0.6455190877003087,0.46311261430191564,Point,ExtraTrees_1
460,SI_ref_14,GCRB-N,DIU,Synthetic,0.12138562309836234,0.4634998755043403,Point,ExtraTrees_1
461,SI_ref_14,GCRB-N,DIU,Synthetic,0.6666027581171994,0.4634998755043403,Point,ExtraTrees_1
462,SI_ref_14,GCRB-N,DIU,Synthetic,0.16773925939532233,0.46379029299771046,Point,ExtraTrees_1
463,SI_ref_14,GCRB-N,DIU,Synthetic,0.15967117649899737,0.46379029299771046,Point,ExtraTrees_1
464,SI_ref_14,GCRB-N,DIU,Synthetic,0.27418422723714847,0.46379029299771046,Point,ExtraTrees_1
465,SI_ref_14,GCRB-N,DIU,Synthetic,0.1405827183894587,0.46384259576280096,Point,ExtraTrees_1
466,SI_ref_14,GCRB-N,DIU,Synthetic,0.5605758859577746,0.46384259576280096,Point,ExtraTrees_1
467,SI_ref_14,GCRB-N,DIU,Synthetic,0.13173953864692908,0.46384259576280096,Point,ExtraTrees_1
468,SI_ref_14,GCRB-N,DIU,Synthetic,0.6564705601884918,0.46384259576280096,Point,ExtraTrees_1
469,SI_ref_14,GCRB-N,DIU,Synthetic,0.12617131727344172,0.463834195325456,Point,ExtraTrees_1
470,SI_ref_14,GCRB-N,DIU,Synthetic,0.6552893507455957,0.463834195325456,Point,ExtraTrees_1
471,SI_ref_14,GCRB-N,DIU,Synthetic,0.1676281074261493,0.463834195325456,Point,ExtraTrees_1
472,SI_ref_14,GCRB-N,DIU,Synthetic,0.1622201895350263,0.46386158320746107,Point,ExtraTrees_1
473,SI_ref_14,GCRB-N,DIU,Synthetic,0.31928006415696586,0.46386158320746107,Point,ExtraTrees_1
474,SI_ref_14,GCRB-N,DIU,Synthetic,0.14041778225183332,0.4641528992662436,Point,ExtraTrees_1
475,SI_ref_14,GCRB-N,DIU,Synthetic,0.5410485473017326,0.4641528992662436,Point,ExtraTrees_1
476,SI_ref_14,GCRB-N,DIU,Synthetic,0.12901540473750372,0.4641528992662436,Point,ExtraTrees_1
477,SI_ref_14,GCRB-N,DIU,Synthetic,0.6413243626564091,0.4641528992662436,Point,ExtraTrees_1
478,SI_ref_14,GCRB-N,DIU,Synthetic,0.12377847018590202,0.4641528992662436,Point,ExtraTrees_1
479,SI_ref_14,GCRB-N,DIU,Synthetic,0.665837914589971,0.4641528992662436,Point,ExtraTrees_1
699,SI_ref_18,NaOH-activated SCW biochars,IBU,Secondary effluent,0.8098199350756726,0.5862325086650931,Point,ExtraTrees_1
701,SI_ref_18,NaOH-activated SCW biochars,IBU,Secondary effluent,0.7485969905050348,0.5862325086650931,Point,ExtraTrees_1
703,SI_ref_18,NaOH-activated SCW biochars,IBU,Secondary effluent,0.6850179499229786,0.5861127941867739,Point,ExtraTrees_1
705,SI_ref_18,NaOH-activated SCW biochars,IBU,Secondary effluent,0.6861011679416551,0.5860005960523427,Point,ExtraTrees_1
707,SI_ref_18,NaOH-activated SCW biochars,IBU,Secondary effluent,0.6799185617433835,0.5853780369027588,Point,ExtraTrees_1
709,SI_ref_18,NaOH-activated SCW biochars,IBU,Secondary effluent,0.6765813990931481,0.5842128927079936,Point,ExtraTrees_1
711,SI_ref_18,NaOH-activated SCW biochars,IBU,Secondary effluent,0.6777803451607008,0.5829921702512744,Point,ExtraTrees_1
713,SI_ref_18,NaOH-activated SCW biochars,IBU,Secondary effluent,0.19946424836974086,0.5805286913707305,Point,ExtraTrees_1
715,SI_ref_18,NaOH-activated SCW biochars,IBU,Secondary effluent,0.45728603839109744,0.5805286913707305,Point,ExtraTrees_1
717,SI_ref_18,NaOH-activated SCW biochars,IBU,Secondary effluent,0.5431517029603264,0.5805286913707305,Point,ExtraTrees_1
719,SI_ref_18,NaOH-activated SCW biochars,IBU,Secondary effluent,0.6932620426015607,0.5805286913707305,Point,ExtraTrees_1
721,SI_ref_18,NaOH-activated SCW biochars,IBU,Secondary effluent,0.675113405421536,0.5805286913707305,Point,ExtraTrees_1
725,SI_ref_18,NaOH-activated SCW biochars,IBU,Secondary effluent,0.6458796718925713,0.5805286913707305,Point,ExtraTrees_1
729,SI_ref_18,NaOH-activated SCW biochars,IBU,Secondary effluent,0.6230174196820357,0.5805286913707305,Point,ExtraTrees_1
733,SI_ref_18,NaOH-activated SCW biochars,IBU,Secondary effluent,0.6232264558664639,0.5805286913707305,Point,ExtraTrees_1
737,SI_ref_18,NaOH-activated SCW biochars,IBU,Secondary effluent,0.6321330290401536,0.5805286913707305,Point,ExtraTrees_1
741,SI_ref_18,NaOH-activated SCW biochars,IBU,Secondary effluent,0.6274964829882473,0.5805286913707305,Point,ExtraTrees_1
746,SI_ref_18,NaOH-activated SCW biochars,IBU,Secondary effluent,0.6482993087024828,0.5803427936212241,Point,ExtraTrees_1
748,SI_ref_18,NaOH-activated SCW biochars,IBU,Secondary effluent,0.7478636767346728,0.5805286913707305,Point,ExtraTrees_1
750,SI_ref_18,NaOH-activated SCW biochars,IBU,Secondary effluent,0.811827151849907,0.5805286913707305,Point,ExtraTrees_1
752,SI_ref_18,NaOH-activated SCW biochars,IBU,Secondary effluent,0.7252319435730717,0.5805286913707305,Point,ExtraTrees_1
754,SI_ref_18,NaOH-activated SCW biochars,IBU,Secondary effluent,0.7786423949758233,0.5805286913707305,Point,ExtraTrees_1
758,SI_ref_18,NaOH-activated SCW biochars,NPX,Secondary effluent,0.5521972966156422,0.16059841462572738,Point,ExtraTrees_1
760,SI_ref_18,NaOH-activated SCW biochars,NPX,Secondary effluent,0.4814245289032641,0.1568006617366721,Point,ExtraTrees_1
762,SI_ref_18,NaOH-activated SCW biochars,NPX,Secondary effluent,0.34455951981715066,0.15597963222523978,Point,ExtraTrees_1
764,SI_ref_18,NaOH-activated SCW biochars,NPX,Secondary effluent,0.2493517679350271,0.12810893213704308,Point,ExtraTrees_1
766,SI_ref_18,NaOH-activated SCW biochars,NPX,Secondary effluent,0.16764900163614713,0.09439311009808765,Point,ExtraTrees_1
768,SI_ref_18,NaOH-activated SCW biochars,NPX,Secondary effluent,0.12846350911521487,0.08715669209667101,Point,ExtraTrees_1
770,SI_ref_18,NaOH-activated SCW biochars,NPX,Secondary effluent,0.12873702561203082,0.08243866520318434,Point,ExtraTrees_1
772,SI_ref_18,NaOH-activated SCW biochars,NPX,Secondary effluent,0.026110640989477824,0.07870995466722132,Point,ExtraTrees_1
774,SI_ref_18,NaOH-activated SCW biochars,NPX,Secondary effluent,0.054870517105304405,0.07870995466722132,Point,ExtraTrees_1
776,SI_ref_18,NaOH-activated SCW biochars,NPX,Secondary effluent,0.048092629555703405,0.07870995466722132,Point,ExtraTrees_1
778,SI_ref_18,NaOH-activated SCW biochars,NPX,Secondary effluent,0.16521082834331338,0.07870995466722132,Point,ExtraTrees_1
780,SI_ref_18,NaOH-activated SCW biochars,NPX,Secondary effluent,0.11864589305153721,0.07870995466722132,Point,ExtraTrees_1
782,SI_ref_18,NaOH-activated SCW biochars,NPX,Secondary effluent,0.10983576367726838,0.07870995466722132,Point,ExtraTrees_1
784,SI_ref_18,NaOH-activated SCW biochars,NPX,Secondary effluent,0.10668866579384965,0.07870995466722132,Point,ExtraTrees_1
786,SI_ref_18,NaOH-activated SCW biochars,NPX,Secondary effluent,0.08538292965546301,0.07870995466722132,Point,ExtraTrees_1
788,SI_ref_18,NaOH-activated SCW biochars,NPX,Secondary effluent,0.09141898602740345,0.07870995466722132,Point,ExtraTrees_1
790,SI_ref_18,NaOH-activated SCW biochars,NPX,Secondary effluent,0.11725913824368146,0.07870995466722132,Point,ExtraTrees_1
792,SI_ref_18,NaOH-activated SCW biochars,NPX,Secondary effluent,0.10630651659643675,0.07870995466722132,Point,ExtraTrees_1
794,SI_ref_18,NaOH-activated SCW biochars,NPX,Secondary effluent,0.2275589654025283,0.07870995466722132,Point,ExtraTrees_1
796,SI_ref_18,NaOH-activated SCW biochars,NPX,Secondary effluent,0.27043202483921047,0.07870995466722132,Point,ExtraTrees_1
798,SI_ref_18,NaOH-activated SCW biochars,NPX,Secondary effluent,0.15082313311850198,0.07870995466722132,Point,ExtraTrees_1
800,SI_ref_18,NaOH-activated SCW biochars,NPX,Secondary effluent,0.24701864815812044,0.07870995466722132,Point,ExtraTrees_1
1156,SI_ref_17,Pristine SCG biochar,IBU,Synthetic,0.9684057270887299,0.9127813347990373,Point,ExtraTrees_1
1158,SI_ref_17,Pristine SCG biochar,IBU,Synthetic,0.964180236157731,0.9113844634398768,Point,ExtraTrees_1
1160,SI_ref_17,Pristine SCG biochar,IBU,Synthetic,0.9598191197252507,0.9095320647094435,Point,ExtraTrees_1
1162,SI_ref_17,Pristine SCG biochar,IBU,Synthetic,0.9580437721935793,0.9086214641479762,Point,ExtraTrees_1
1164,SI_ref_17,Pristine SCG biochar,IBU,Synthetic,0.9425460946241216,0.9077771315943544,Point,ExtraTrees_1
1166,SI_ref_17,Pristine SCG biochar,IBU,Synthetic,0.9402369906408686,0.9073941921885487,Point,ExtraTrees_1
1168,SI_ref_17,Pristine SCG biochar,IBU,Synthetic,0.9366107784098637,0.9067410028119954,Point,ExtraTrees_1
1170,SI_ref_17,Pristine SCG biochar,IBU,Synthetic,0.7820004901373623,0.8659293054942024,Point,ExtraTrees_1
1172,SI_ref_17,Pristine SCG biochar,IBU,Synthetic,0.9276141025756294,0.905702886607259,Point,ExtraTrees_1
1174,SI_ref_17,Pristine SCG biochar,IBU,Synthetic,0.918292455911169,0.905702886607259,Point,ExtraTrees_1
1176,SI_ref_17,Pristine SCG biochar,IBU,Synthetic,0.9133007565861092,0.905702886607259,Point,ExtraTrees_1
1178,SI_ref_17,Pristine SCG biochar,IBU,Synthetic,0.9182483670803396,0.905702886607259,Point,ExtraTrees_1
1180,SI_ref_17,Pristine SCG biochar,IBU,Synthetic,0.9167234922708469,0.905702886607259,Point,ExtraTrees_1
1182,SI_ref_17,Pristine SCG biochar,IBU,Synthetic,0.9122551436969301,0.905702886607259,Point,ExtraTrees_1
1184,SI_ref_17,Pristine SCG biochar,IBU,Synthetic,0.9484982246288517,0.9057439513494119,Point,ExtraTrees_1
1186,SI_ref_17,Pristine SCG biochar,IBU,Synthetic,0.893754721851682,0.905702886607259,Point,ExtraTrees_1
1188,SI_ref_17,Pristine SCG biochar,IBU,Synthetic,0.8900227639990935,0.905702886607259,Point,ExtraTrees_1
1190,SI_ref_17,Pristine SCG biochar,IBU,Synthetic,0.924357415959487,0.905702886607259,Point,ExtraTrees_1
1192,SI_ref_17,Pristine SCG biochar,IBU,Synthetic,0.9226237248225028,0.905702886607259,Point,ExtraTrees_1
1194,SI_ref_17,Pristine SCG biochar,IBU,Synthetic,0.8857728699803085,0.905702886607259,Point,ExtraTrees_1
1254,SI_ref_18,Pristine SCW Biochar,IBU,Secondary effluent,0.9156726978407875,0.9130930012218187,Point,ExtraTrees_1
1256,SI_ref_18,Pristine SCW Biochar,IBU,Secondary effluent,0.9079673942368781,0.9120694800731043,Point,ExtraTrees_1
1258,SI_ref_18,Pristine SCW Biochar,IBU,Secondary effluent,0.9043236251446873,0.911969793135067,Point,ExtraTrees_1
1260,SI_ref_18,Pristine SCW Biochar,IBU,Secondary effluent,0.9020547983951682,0.9111882059383285,Point,ExtraTrees_1
1262,SI_ref_18,Pristine SCW Biochar,IBU,Secondary effluent,0.9004882379050155,0.9112993153190849,Point,ExtraTrees_1
1264,SI_ref_18,Pristine SCW Biochar,IBU,Secondary effluent,0.897458530238549,0.911203356245575,Point,ExtraTrees_1
1266,SI_ref_18,Pristine SCW Biochar,IBU,Secondary effluent,0.8973424975849196,0.9114246452327321,Point,ExtraTrees_1
1267,SI_ref_18,Pristine SCW Biochar,IBU,Secondary effluent,0.8360939688333745,0.9117027543535055,Point,ExtraTrees_1
1268,SI_ref_18,Pristine SCW Biochar,IBU,Secondary effluent,0.8984823855966844,0.9117027543535055,Point,ExtraTrees_1
1270,SI_ref_18,Pristine SCW Biochar,IBU,Secondary effluent,0.8874692330465712,0.8990668769327368,Point,ExtraTrees_1
1272,SI_ref_18,Pristine SCW Biochar,IBU,Secondary effluent,0.9012569556545285,0.9120868739763409,Point,ExtraTrees_1
1274,SI_ref_18,Pristine SCW Biochar,IBU,Secondary effluent,0.8992057856547054,0.9117027543535055,Point,ExtraTrees_1
1278,SI_ref_18,Pristine SCW Biochar,IBU,Secondary effluent,0.9165018852947014,0.9117027543535055,Point,ExtraTrees_1
1282,SI_ref_18,Pristine SCW Biochar,IBU,Secondary effluent,0.9202396860047187,0.9117027543535055,Point,ExtraTrees_1
1286,SI_ref_18,Pristine SCW Biochar,IBU,Secondary effluent,0.9152513064761528,0.9117027543535055,Point,ExtraTrees_1
1290,SI_ref_18,Pristine SCW Biochar,IBU,Secondary effluent,0.9145713435205399,0.9117027543535055,Point,ExtraTrees_1
1294,SI_ref_18,Pristine SCW Biochar,IBU,Secondary effluent,0.9194281493241605,0.9117027543535055,Point,ExtraTrees_1
1299,SI_ref_18,Pristine SCW Biochar,IBU,Secondary effluent,0.891903218347585,0.9117027543535055,Point,ExtraTrees_1
1301,SI_ref_18,Pristine SCW Biochar,IBU,Secondary effluent,0.9069133641489088,0.9117438190956584,Point,ExtraTrees_1
1303,SI_ref_18,Pristine SCW Biochar,IBU,Secondary effluent,0.9145392250293353,0.9118304900067998,Point,ExtraTrees_1
1304,SI_ref_18,Pristine SCW Biochar,IBU,Secondary effluent,0.911352956646831,0.9117027543535055,Point,ExtraTrees_1
1305,SI_ref_18,Pristine SCW Biochar,IBU,Secondary effluent,0.8992133437264335,0.9117027543535055,Point,ExtraTrees_1
1309,SI_ref_18,Pristine SCW Biochar,NPX,Secondary effluent,0.9276600601799115,0.9131882622777475,Point,ExtraTrees_1
1311,SI_ref_18,Pristine SCW Biochar,NPX,Secondary effluent,0.9217275625657669,0.9121647411290331,Point,ExtraTrees_1
1313,SI_ref_18,Pristine SCW Biochar,NPX,Secondary effluent,0.9151672500810683,0.912065054190996,Point,ExtraTrees_1
1315,SI_ref_18,Pristine SCW Biochar,NPX,Secondary effluent,0.914870212237198,0.9112834669942573,Point,ExtraTrees_1
1317,SI_ref_18,Pristine SCW Biochar,NPX,Secondary effluent,0.9125118045566373,0.9113937738216067,Point,ExtraTrees_1
1319,SI_ref_18,Pristine SCW Biochar,NPX,Secondary effluent,0.9122370962869346,0.911242511180844,Point,ExtraTrees_1
1321,SI_ref_18,Pristine SCW Biochar,NPX,Secondary effluent,0.9100475600528815,0.9114638001680012,Point,ExtraTrees_1
1322,SI_ref_18,Pristine SCW Biochar,NPX,Secondary effluent,0.8724917016408669,0.9117440292632942,Point,ExtraTrees_1
1323,SI_ref_18,Pristine SCW Biochar,NPX,Secondary effluent,0.9222871559920565,0.9117440292632942,Point,ExtraTrees_1
1325,SI_ref_18,Pristine SCW Biochar,NPX,Secondary effluent,0.8954095327862793,0.8993121414475732,Point,ExtraTrees_1
1327,SI_ref_18,Pristine SCW Biochar,NPX,Secondary effluent,0.9153416500332668,0.9121281488861297,Point,ExtraTrees_1
1329,SI_ref_18,Pristine SCW Biochar,NPX,Secondary effluent,0.910898633301941,0.9117440292632942,Point,ExtraTrees_1
1331,SI_ref_18,Pristine SCW Biochar,NPX,Secondary effluent,0.9081761980542199,0.9117440292632942,Point,ExtraTrees_1
1333,SI_ref_18,Pristine SCW Biochar,NPX,Secondary effluent,0.9126518494691617,0.9117440292632942,Point,ExtraTrees_1
1335,SI_ref_18,Pristine SCW Biochar,NPX,Secondary effluent,0.9091665914238204,0.9117440292632942,Point,ExtraTrees_1
1337,SI_ref_18,Pristine SCW Biochar,NPX,Secondary effluent,0.9109852392346297,0.9117440292632942,Point,ExtraTrees_1
1339,SI_ref_18,Pristine SCW Biochar,NPX,Secondary effluent,0.9170303341534803,0.9117440292632942,Point,ExtraTrees_1
1341,SI_ref_18,Pristine SCW Biochar,NPX,Secondary effluent,0.9109021678864493,0.9117440292632942,Point,ExtraTrees_1
1343,SI_ref_18,Pristine SCW Biochar,NPX,Secondary effluent,0.9138805167442893,0.9117850940054472,Point,ExtraTrees_1
1345,SI_ref_18,Pristine SCW Biochar,NPX,Secondary effluent,0.9200278517039994,0.9118717649165886,Point,ExtraTrees_1
1346,SI_ref_18,Pristine SCW Biochar,NPX,Secondary effluent,0.9136165317560039,0.9117440292632942,Point,ExtraTrees_1
1347,SI_ref_18,Pristine SCW Biochar,NPX,Secondary effluent,0.9038576927569927,0.9117440292632942,Point,ExtraTrees_1
189,SI_ref_17,Alkali-modified SCG biochars,IBU,Synthetic,0.6581206763788531,0.37855344051127476,Contrast,ARD_1
191,SI_ref_17,Alkali-modified SCG biochars,IBU,Synthetic,0.6239833523895453,0.36944290395102286,Contrast,ARD_1
193,SI_ref_17,Alkali-modified SCG biochars,IBU,Synthetic,0.5119378819344518,0.3548040711630666,Contrast,ARD_1
195,SI_ref_17,Alkali-modified SCG biochars,IBU,Synthetic,0.4585781550994164,0.3455119088984969,Contrast,ARD_1
197,SI_ref_17,Alkali-modified SCG biochars,IBU,Synthetic,0.44243948810088646,0.3400669966108628,Contrast,ARD_1
199,SI_ref_17,Alkali-modified SCG biochars,IBU,Synthetic,0.4544355679658596,0.33620116917331283,Contrast,ARD_1
201,SI_ref_17,Alkali-modified SCG biochars,IBU,Synthetic,0.39592651561701936,0.3323337883344805,Contrast,ARD_1
203,SI_ref_17,Alkali-modified SCG biochars,IBU,Synthetic,0.10913541523053398,0.32688111172854317,Contrast,ARD_1
205,SI_ref_17,Alkali-modified SCG biochars,IBU,Synthetic,0.3052806700714839,0.32688111172854317,Contrast,ARD_1
207,SI_ref_17,Alkali-modified SCG biochars,IBU,Synthetic,0.4311083753711556,0.32688111172854317,Contrast,ARD_1
209,SI_ref_17,Alkali-modified SCG biochars,IBU,Synthetic,0.3789894895081609,0.32688111172854317,Contrast,ARD_1
211,SI_ref_17,Alkali-modified SCG biochars,IBU,Synthetic,0.3304133868875155,0.32688111172854317,Contrast,ARD_1
213,SI_ref_17,Alkali-modified SCG biochars,IBU,Synthetic,0.33928547446435453,0.32688111172854317,Contrast,ARD_1
215,SI_ref_17,Alkali-modified SCG biochars,IBU,Synthetic,0.3234505141947598,0.32688111172854317,Contrast,ARD_1
217,SI_ref_17,Alkali-modified SCG biochars,IBU,Synthetic,0.6889998443034063,0.32688111172854317,Contrast,ARD_1
219,SI_ref_17,Alkali-modified SCG biochars,IBU,Synthetic,0.1184746430703935,0.32688111172854317,Contrast,ARD_1
221,SI_ref_17,Alkali-modified SCG biochars,IBU,Synthetic,0.35446182653715885,0.32688111172854317,Contrast,ARD_1
223,SI_ref_17,Alkali-modified SCG biochars,IBU,Synthetic,0.5365490577861332,0.32688111172854317,Contrast,ARD_1
225,SI_ref_17,Alkali-modified SCG biochars,IBU,Synthetic,0.5901579894748284,0.32688111172854317,Contrast,ARD_1
227,SI_ref_17,Alkali-modified SCG biochars,IBU,Synthetic,0.6910697148739985,0.32688111172854317,Contrast,ARD_1
229,SI_ref_16,C-Biochar,ATE,Synthetic,0.8511111111111113,0.6039140310780603,Contrast,ARD_1
230,SI_ref_16,C-Biochar,ATE,Synthetic,0.7400000000000001,0.6039140310780603,Contrast,ARD_1
231,SI_ref_16,C-Biochar,ATE,Synthetic,0.7400000000000001,0.6039140310780603,Contrast,ARD_1
232,SI_ref_16,C-Biochar,ATE,Synthetic,0.7453872053872055,0.6039140310780603,Contrast,ARD_1
233,SI_ref_16,C-Biochar,ATE,Synthetic,0.8733333333333334,0.6039140310780603,Contrast,ARD_1
234,SI_ref_16,C-Biochar,ATE,Synthetic,0.8288888888888891,0.6039140310780603,Contrast,ARD_1
235,SI_ref_16,C-Biochar,ATE,Synthetic,0.8511111111111113,0.6039140310780603,Contrast,ARD_1
236,SI_ref_16,C-Biochar,ATE,Synthetic,0.7844444444444446,0.6039140310780603,Contrast,ARD_1
237,SI_ref_16,C-Biochar,ATE,Synthetic,0.8733333333333334,0.6039140310780603,Contrast,ARD_1
238,SI_ref_16,C-Biochar,ATE,Synthetic,0.6733333333333335,0.6039140310780603,Contrast,ARD_1
239,SI_ref_16,C-Biochar,ATE,Synthetic,0.6511111111111112,0.6039140310780603,Contrast,ARD_1
240,SI_ref_16,C-Biochar,ATE,Synthetic,0.6288888888888889,0.6039140310780603,Contrast,ARD_1
241,SI_ref_16,C-Biochar,ATE,Synthetic,0.7774074074074075,0.6039140310780603,Contrast,ARD_1
242,SI_ref_16,C-Biochar,ATE,Synthetic,0.7824691358024691,0.6039140310780603,Contrast,ARD_1
243,SI_ref_16,C-Biochar,ATE,Synthetic,0.8257777777777777,0.6039140310780603,Contrast,ARD_1
244,SI_ref_16,C-Biochar,ATE,Synthetic,0.8438888888888889,0.6039140310780603,Contrast,ARD_1
245,SI_ref_16,C-Biochar,ATE,Synthetic,0.8562222222222223,0.6039140310780603,Contrast,ARD_1
263,SI_ref_16,C-Biochar,IBU,Synthetic,0.5333333333333333,0.6039140310780603,Contrast,ARD_1
264,SI_ref_16,C-Biochar,IBU,Synthetic,0.7333333333333333,0.6039140310780603,Contrast,ARD_1
265,SI_ref_16,C-Biochar,IBU,Synthetic,0.6000000000000001,0.6039140310780603,Contrast,ARD_1
266,SI_ref_16,C-Biochar,IBU,Synthetic,0.6121212121212122,0.6039140310780603,Contrast,ARD_1
267,SI_ref_16,C-Biochar,IBU,Synthetic,0.7333333333333333,0.6039140310780603,Contrast,ARD_1
268,SI_ref_16,C-Biochar,IBU,Synthetic,0.5333333333333333,0.6039140310780603,Contrast,ARD_1
269,SI_ref_16,C-Biochar,IBU,Synthetic,0.4666666666666666,0.6039140310780603,Contrast,ARD_1
270,SI_ref_16,C-Biochar,IBU,Synthetic,0.5555555555555556,0.6039140310780603,Contrast,ARD_1
271,SI_ref_16,C-Biochar,IBU,Synthetic,0.6000000000000001,0.6039140310780603,Contrast,ARD_1
272,SI_ref_16,C-Biochar,IBU,Synthetic,0.6000000000000001,0.6039140310780603,Contrast,ARD_1
273,SI_ref_16,C-Biochar,IBU,Synthetic,0.6000000000000001,0.6039140310780603,Contrast,ARD_1
274,SI_ref_16,C-Biochar,IBU,Synthetic,1.0666666666666667,0.6039140310780603,Contrast,ARD_1
275,SI_ref_16,C-Biochar,IBU,Synthetic,0.5277777777777777,0.6039140310780603,Contrast,ARD_1
276,SI_ref_16,C-Biochar,IBU,Synthetic,0.7,0.6039140310780603,Contrast,ARD_1
277,SI_ref_16,C-Biochar,IBU,Synthetic,0.7844444444444444,0.6039140310780603,Contrast,ARD_1
278,SI_ref_16,C-Biochar,IBU,Synthetic,0.8430555555555557,0.6039140310780603,Contrast,ARD_1
279,SI_ref_16,C-Biochar,IBU,Synthetic,0.861111111111111,0.6039140310780603,Contrast,ARD_1
354,SI_ref_14,GCRB,DIU,Synthetic,0.983291565929579,1.0449816128660068,Contrast,ARD_1
355,SI_ref_14,GCRB,DIU,Synthetic,0.9782739977994132,1.0358710763057548,Contrast,ARD_1
356,SI_ref_14,GCRB,DIU,Synthetic,0.9708791324637501,1.0266524598985276,Contrast,ARD_1
357,SI_ref_14,GCRB,DIU,Synthetic,0.964507517643233,1.0173787982044908,Contrast,ARD_1
358,SI_ref_14,GCRB,DIU,Synthetic,0.960647920928618,1.0080773568519046,Contrast,ARD_1
359,SI_ref_14,GCRB,DIU,Synthetic,0.9584857336381704,1.0026293415280447,Contrast,ARD_1
360,SI_ref_14,GCRB,DIU,Synthetic,0.9536869714697045,0.9987619606892125,Contrast,ARD_1
361,SI_ref_14,GCRB,DIU,Synthetic,0.9291396445453227,0.9933092840832751,Contrast,ARD_1
362,SI_ref_14,GCRB,DIU,Synthetic,0.9775416982957918,0.9933092840832751,Contrast,ARD_1
363,SI_ref_14,GCRB,DIU,Synthetic,0.9527369648004039,0.9933092840832751,Contrast,ARD_1
364,SI_ref_14,GCRB,DIU,Synthetic,0.9478201604463821,0.9933092840832751,Contrast,ARD_1
365,SI_ref_14,GCRB,DIU,Synthetic,0.9265327424413893,0.9933092840832751,Contrast,ARD_1
366,SI_ref_14,GCRB,DIU,Synthetic,0.9253239651903417,0.9933092840832751,Contrast,ARD_1
367,SI_ref_14,GCRB,DIU,Synthetic,0.9238760352548926,0.9933092840832751,Contrast,ARD_1
368,SI_ref_14,GCRB,DIU,Synthetic,0.9417552695951205,0.9933092840832751,Contrast,ARD_1
369,SI_ref_14,GCRB,DIU,Synthetic,0.9147016410628197,0.9933092840832751,Contrast,ARD_1
370,SI_ref_14,GCRB,DIU,Synthetic,0.9192051981667979,0.9933092840832751,Contrast,ARD_1
371,SI_ref_14,GCRB,DIU,Synthetic,0.9535021691371877,0.9933092840832751,Contrast,ARD_1
372,SI_ref_14,GCRB,DIU,Synthetic,0.9661748102299111,0.9933092840832751,Contrast,ARD_1
373,SI_ref_14,GCRB,DIU,Synthetic,1.0173780045422414,0.9933092840832751,Contrast,ARD_1
374,SI_ref_14,GCRB,DIU,Synthetic,1.0082496176169822,0.9933092840832751,Contrast,ARD_1
375,SI_ref_14,GCRB,DIU,Synthetic,0.9496862840784065,0.9933092840832751,Contrast,ARD_1
439,SI_ref_14,GCRB-N,DIU,Synthetic,0.6654043880576614,0.5267687676720959,Contrast,ARD_1
440,SI_ref_14,GCRB-N,DIU,Synthetic,0.5844535743219663,0.517658231111844,Contrast,ARD_1
441,SI_ref_14,GCRB-N,DIU,Synthetic,0.5079200907404222,0.5084396147046167,Contrast,ARD_1
442,SI_ref_14,GCRB-N,DIU,Synthetic,0.37854626102465844,0.4991659530105801,Contrast,ARD_1
443,SI_ref_14,GCRB-N,DIU,Synthetic,0.26690125827656935,0.4898645116579938,Contrast,ARD_1
444,SI_ref_14,GCRB-N,DIU,Synthetic,0.2332409918272794,0.4844164963341339,Contrast,ARD_1
445,SI_ref_14,GCRB-N,DIU,Synthetic,0.1951305004086504,0.4805491154953016,Contrast,ARD_1
446,SI_ref_14,GCRB-N,DIU,Synthetic,0.2075726875081201,0.47509643888936426,Contrast,ARD_1
447,SI_ref_14,GCRB-N,DIU,Synthetic,0.26826652394124667,0.47509643888936426,Contrast,ARD_1
448,SI_ref_14,GCRB-N,DIU,Synthetic,0.1819381767074788,0.47509643888936426,Contrast,ARD_1
449,SI_ref_14,GCRB-N,DIU,Synthetic,0.15093015054787579,0.47509643888936426,Contrast,ARD_1
450,SI_ref_14,GCRB-N,DIU,Synthetic,0.1736169508150928,0.47509643888936426,Contrast,ARD_1
451,SI_ref_14,GCRB-N,DIU,Synthetic,0.16382165003373128,0.47509643888936426,Contrast,ARD_1
452,SI_ref_14,GCRB-N,DIU,Synthetic,0.1932052297084895,0.47509643888936426,Contrast,ARD_1
453,SI_ref_14,GCRB-N,DIU,Synthetic,0.1683505359330984,0.47508710176010566,Contrast,ARD_1
454,SI_ref_14,GCRB-N,DIU,Synthetic,0.1647692025710552,0.4750777711037275,Contrast,ARD_1
455,SI_ref_14,GCRB-N,DIU,Synthetic,0.3384549122360595,0.4750777711037275,Contrast,ARD_1
456,SI_ref_14,GCRB-N,DIU,Synthetic,0.1402528461142079,0.4750684469112615,Contrast,ARD_1
457,SI_ref_14,GCRB-N,DIU,Synthetic,0.5187315058108145,0.4750684469112615,Contrast,ARD_1
458,SI_ref_14,GCRB-N,DIU,Synthetic,0.12629127082807837,0.47505912917375787,Contrast,ARD_1
459,SI_ref_14,GCRB-N,DIU,Synthetic,0.6455190877003087,0.47505912917375787,Contrast,ARD_1
460,SI_ref_14,GCRB-N,DIU,Synthetic,0.12138562309836234,0.4750498178822855,Contrast,ARD_1
461,SI_ref_14,GCRB-N,DIU,Synthetic,0.6666027581171994,0.4750498178822855,Contrast,ARD_1
462,SI_ref_14,GCRB-N,DIU,Synthetic,0.16773925939532233,0.47504051302793193,Contrast,ARD_1
463,SI_ref_14,GCRB-N,DIU,Synthetic,0.15967117649899737,0.47503121460180286,Contrast,ARD_1
464,SI_ref_14,GCRB-N,DIU,Synthetic,0.27418422723714847,0.47503121460180286,Contrast,ARD_1
465,SI_ref_14,GCRB-N,DIU,Synthetic,0.1405827183894587,0.47502192259502274,Contrast,ARD_1
466,SI_ref_14,GCRB-N,DIU,Synthetic,0.5605758859577746,0.47502192259502274,Contrast,ARD_1
467,SI_ref_14,GCRB-N,DIU,Synthetic,0.13173953864692908,0.4750126369987342,Contrast,ARD_1
468,SI_ref_14,GCRB-N,DIU,Synthetic,0.6564705601884918,0.4750126369987342,Contrast,ARD_1
469,SI_ref_14,GCRB-N,DIU,Synthetic,0.12617131727344172,0.47500335780409814,Contrast,ARD_1
470,SI_ref_14,GCRB-N,DIU,Synthetic,0.6552893507455957,0.47500335780409814,Contrast,ARD_1
471,SI_ref_14,GCRB-N,DIU,Synthetic,0.1676281074261493,0.47499408500229395,Contrast,ARD_1
472,SI_ref_14,GCRB-N,DIU,Synthetic,0.1622201895350263,0.474984818584519,Contrast,ARD_1
473,SI_ref_14,GCRB-N,DIU,Synthetic,0.31928006415696586,0.474984818584519,Contrast,ARD_1
474,SI_ref_14,GCRB-N,DIU,Synthetic,0.14041778225183332,0.47497555854198903,Contrast,ARD_1
475,SI_ref_14,GCRB-N,DIU,Synthetic,0.5410485473017326,0.47497555854198903,Contrast,ARD_1
476,SI_ref_14,GCRB-N,DIU,Synthetic,0.12901540473750372,0.4749663048659377,Contrast,ARD_1
477,SI_ref_14,GCRB-N,DIU,Synthetic,0.6413243626564091,0.4749663048659377,Contrast,ARD_1
478,SI_ref_14,GCRB-N,DIU,Synthetic,0.12377847018590202,0.4749570575476169,Contrast,ARD_1
479,SI_ref_14,GCRB-N,DIU,Synthetic,0.665837914589971,0.4749570575476169,Contrast,ARD_1
699,SI_ref_18,NaOH-activated SCW biochars,IBU,Secondary effluent,0.8098199350756726,0.5349602379574587,Contrast,ARD_1
701,SI_ref_18,NaOH-activated SCW biochars,IBU,Secondary effluent,0.7485969905050348,0.5258497013972068,Contrast,ARD_1
703,SI_ref_18,NaOH-activated SCW biochars,IBU,Secondary effluent,0.6850179499229786,0.5166310849899796,Contrast,ARD_1
705,SI_ref_18,NaOH-activated SCW biochars,IBU,Secondary effluent,0.6861011679416551,0.5073574232959429,Contrast,ARD_1
707,SI_ref_18,NaOH-activated SCW biochars,IBU,Secondary effluent,0.6799185617433835,0.4980559819433566,Contrast,ARD_1
709,SI_ref_18,NaOH-activated SCW biochars,IBU,Secondary effluent,0.6765813990931481,0.4926079666194968,Contrast,ARD_1
711,SI_ref_18,NaOH-activated SCW biochars,IBU,Secondary effluent,0.6777803451607008,0.4887405857806645,Contrast,ARD_1
713,SI_ref_18,NaOH-activated SCW biochars,IBU,Secondary effluent,0.19946424836974086,0.4832879091747271,Contrast,ARD_1
715,SI_ref_18,NaOH-activated SCW biochars,IBU,Secondary effluent,0.45728603839109744,0.4832879091747271,Contrast,ARD_1
717,SI_ref_18,NaOH-activated SCW biochars,IBU,Secondary effluent,0.5431517029603264,0.4832879091747271,Contrast,ARD_1
719,SI_ref_18,NaOH-activated SCW biochars,IBU,Secondary effluent,0.6932620426015607,0.4832879091747271,Contrast,ARD_1
721,SI_ref_18,NaOH-activated SCW biochars,IBU,Secondary effluent,0.675113405421536,0.4832879091747271,Contrast,ARD_1
725,SI_ref_18,NaOH-activated SCW biochars,IBU,Secondary effluent,0.6458796718925713,0.4832879091747271,Contrast,ARD_1
729,SI_ref_18,NaOH-activated SCW biochars,IBU,Secondary effluent,0.6230174196820357,0.4832879091747271,Contrast,ARD_1
733,SI_ref_18,NaOH-activated SCW biochars,IBU,Secondary effluent,0.6232264558664639,0.4832879091747271,Contrast,ARD_1
737,SI_ref_18,NaOH-activated SCW biochars,IBU,Secondary effluent,0.6321330290401536,0.4832879091747271,Contrast,ARD_1
741,SI_ref_18,NaOH-activated SCW biochars,IBU,Secondary effluent,0.6274964829882473,0.4832879091747271,Contrast,ARD_1
746,SI_ref_18,NaOH-activated SCW biochars,IBU,Secondary effluent,0.6482993087024828,0.4832879091747271,Contrast,ARD_1
748,SI_ref_18,NaOH-activated SCW biochars,IBU,Secondary effluent,0.7478636767346728,0.4832879091747271,Contrast,ARD_1
750,SI_ref_18,NaOH-activated SCW biochars,IBU,Secondary effluent,0.811827151849907,0.4832879091747271,Contrast,ARD_1
752,SI_ref_18,NaOH-activated SCW biochars,IBU,Secondary effluent,0.7252319435730717,0.4832879091747271,Contrast,ARD_1
754,SI_ref_18,NaOH-activated SCW biochars,IBU,Secondary effluent,0.7786423949758233,0.4832879091747271,Contrast,ARD_1
758,SI_ref_18,NaOH-activated SCW biochars,NPX,Secondary effluent,0.5521972966156422,0.24791093396497355,Contrast,ARD_1
760,SI_ref_18,NaOH-activated SCW biochars,NPX,Secondary effluent,0.4814245289032641,0.2388003974047216,Contrast,ARD_1
762,SI_ref_18,NaOH-activated SCW biochars,NPX,Secondary effluent,0.34455951981715066,0.22958178099749438,Contrast,ARD_1
764,SI_ref_18,NaOH-activated SCW biochars,NPX,Secondary effluent,0.2493517679350271,0.22030811930345762,Contrast,ARD_1
766,SI_ref_18,NaOH-activated SCW biochars,NPX,Secondary effluent,0.16764900163614713,0.21100667795087136,Contrast,ARD_1
768,SI_ref_18,NaOH-activated SCW biochars,NPX,Secondary effluent,0.12846350911521487,0.2055586626270115,Contrast,ARD_1
770,SI_ref_18,NaOH-activated SCW biochars,NPX,Secondary effluent,0.12873702561203082,0.2016912817881792,Contrast,ARD_1
772,SI_ref_18,NaOH-activated SCW biochars,NPX,Secondary effluent,0.026110640989477824,0.1962386051822419,Contrast,ARD_1
774,SI_ref_18,NaOH-activated SCW biochars,NPX,Secondary effluent,0.054870517105304405,0.1962386051822419,Contrast,ARD_1
776,SI_ref_18,NaOH-activated SCW biochars,NPX,Secondary effluent,0.048092629555703405,0.1962386051822419,Contrast,ARD_1
778,SI_ref_18,NaOH-activated SCW biochars,NPX,Secondary effluent,0.16521082834331338,0.1962386051822419,Contrast,ARD_1
780,SI_ref_18,NaOH-activated SCW biochars,NPX,Secondary effluent,0.11864589305153721,0.1962386051822419,Contrast,ARD_1
782,SI_ref_18,NaOH-activated SCW biochars,NPX,Secondary effluent,0.10983576367726838,0.1962386051822419,Contrast,ARD_1
784,SI_ref_18,NaOH-activated SCW biochars,NPX,Secondary effluent,0.10668866579384965,0.1962386051822419,Contrast,ARD_1
786,SI_ref_18,NaOH-activated SCW biochars,NPX,Secondary effluent,0.08538292965546301,0.1962386051822419,Contrast,ARD_1
788,SI_ref_18,NaOH-activated SCW biochars,NPX,Secondary effluent,0.09141898602740345,0.1962386051822419,Contrast,ARD_1
790,SI_ref_18,NaOH-activated SCW biochars,NPX,Secondary effluent,0.11725913824368146,0.1962386051822419,Contrast,ARD_1
792,SI_ref_18,NaOH-activated SCW biochars,NPX,Secondary effluent,0.10630651659643675,0.1962386051822419,Contrast,ARD_1
794,SI_ref_18,NaOH-activated SCW biochars,NPX,Secondary effluent,0.2275589654025283,0.1962386051822419,Contrast,ARD_1
796,SI_ref_18,NaOH-activated SCW biochars,NPX,Secondary effluent,0.27043202483921047,0.1962386051822419,Contrast,ARD_1
798,SI_ref_18,NaOH-activated SCW biochars,NPX,Secondary effluent,0.15082313311850198,0.1962386051822419,Contrast,ARD_1
800,SI_ref_18,NaOH-activated SCW biochars,NPX,Secondary effluent,0.24701864815812044,0.1962386051822419,Contrast,ARD_1
1156,SI_ref_17,Pristine SCG biochar,IBU,Synthetic,0.9684057270887299,0.9924289857781102,Contrast,ARD_1
1158,SI_ref_17,Pristine SCG biochar,IBU,Synthetic,0.964180236157731,0.9833184492178584,Contrast,ARD_1
1160,SI_ref_17,Pristine SCG biochar,IBU,Synthetic,0.9598191197252507,0.9686796164299021,Contrast,ARD_1
1162,SI_ref_17,Pristine SCG biochar,IBU,Synthetic,0.9580437721935793,0.9593874541653324,Contrast,ARD_1
1164,SI_ref_17,Pristine SCG biochar,IBU,Synthetic,0.9425460946241216,0.9539425418776983,Contrast,ARD_1
1166,SI_ref_17,Pristine SCG biochar,IBU,Synthetic,0.9402369906408686,0.9500767144401483,Contrast,ARD_1
1168,SI_ref_17,Pristine SCG biochar,IBU,Synthetic,0.9366107784098637,0.946209333601316,Contrast,ARD_1
1170,SI_ref_17,Pristine SCG biochar,IBU,Synthetic,0.7820004901373623,0.9407566569953787,Contrast,ARD_1
1172,SI_ref_17,Pristine SCG biochar,IBU,Synthetic,0.9276141025756294,0.9407566569953787,Contrast,ARD_1
1174,SI_ref_17,Pristine SCG biochar,IBU,Synthetic,0.918292455911169,0.9407566569953787,Contrast,ARD_1
1176,SI_ref_17,Pristine SCG biochar,IBU,Synthetic,0.9133007565861092,0.9407566569953787,Contrast,ARD_1
1178,SI_ref_17,Pristine SCG biochar,IBU,Synthetic,0.9182483670803396,0.9407566569953787,Contrast,ARD_1
1180,SI_ref_17,Pristine SCG biochar,IBU,Synthetic,0.9167234922708469,0.9407566569953787,Contrast,ARD_1
1182,SI_ref_17,Pristine SCG biochar,IBU,Synthetic,0.9122551436969301,0.9407566569953787,Contrast,ARD_1
1184,SI_ref_17,Pristine SCG biochar,IBU,Synthetic,0.9484982246288517,0.9407566569953787,Contrast,ARD_1
1186,SI_ref_17,Pristine SCG biochar,IBU,Synthetic,0.893754721851682,0.9407566569953787,Contrast,ARD_1
1188,SI_ref_17,Pristine SCG biochar,IBU,Synthetic,0.8900227639990935,0.9407566569953787,Contrast,ARD_1
1190,SI_ref_17,Pristine SCG biochar,IBU,Synthetic,0.924357415959487,0.9407566569953787,Contrast,ARD_1
1192,SI_ref_17,Pristine SCG biochar,IBU,Synthetic,0.9226237248225028,0.9407566569953787,Contrast,ARD_1
1194,SI_ref_17,Pristine SCG biochar,IBU,Synthetic,0.8857728699803085,0.9407566569953787,Contrast,ARD_1
1254,SI_ref_18,Pristine SCW Biochar,IBU,Secondary effluent,0.9156726978407875,1.1164114505119185,Contrast,ARD_1
1256,SI_ref_18,Pristine SCW Biochar,IBU,Secondary effluent,0.9079673942368781,1.1073009139516665,Contrast,ARD_1
1258,SI_ref_18,Pristine SCW Biochar,IBU,Secondary effluent,0.9043236251446873,1.0980822975444393,Contrast,ARD_1
1260,SI_ref_18,Pristine SCW Biochar,IBU,Secondary effluent,0.9020547983951682,1.0888086358504028,Contrast,ARD_1
1262,SI_ref_18,Pristine SCW Biochar,IBU,Secondary effluent,0.9004882379050155,1.0795071944978163,Contrast,ARD_1
1264,SI_ref_18,Pristine SCW Biochar,IBU,Secondary effluent,0.897458530238549,1.0740591791739567,Contrast,ARD_1
1266,SI_ref_18,Pristine SCW Biochar,IBU,Secondary effluent,0.8973424975849196,1.0701917983351241,Contrast,ARD_1
1267,SI_ref_18,Pristine SCW Biochar,IBU,Secondary effluent,0.8360939688333745,1.0647391217291868,Contrast,ARD_1
1268,SI_ref_18,Pristine SCW Biochar,IBU,Secondary effluent,0.8984823855966844,1.0647391217291868,Contrast,ARD_1
1270,SI_ref_18,Pristine SCW Biochar,IBU,Secondary effluent,0.8874692330465712,1.0647391217291868,Contrast,ARD_1
1272,SI_ref_18,Pristine SCW Biochar,IBU,Secondary effluent,0.9012569556545285,1.0647391217291868,Contrast,ARD_1
1274,SI_ref_18,Pristine SCW Biochar,IBU,Secondary effluent,0.8992057856547054,1.0647391217291868,Contrast,ARD_1
1278,SI_ref_18,Pristine SCW Biochar,IBU,Secondary effluent,0.9165018852947014,1.0647391217291868,Contrast,ARD_1
1282,SI_ref_18,Pristine SCW Biochar,IBU,Secondary effluent,0.9202396860047187,1.0647391217291868,Contrast,ARD_1
1286,SI_ref_18,Pristine SCW Biochar,IBU,Secondary effluent,0.9152513064761528,1.0647391217291868,Contrast,ARD_1
1290,SI_ref_18,Pristine SCW Biochar,IBU,Secondary effluent,0.9145713435205399,1.0647391217291868,Contrast,ARD_1
1294,SI_ref_18,Pristine SCW Biochar,IBU,Secondary effluent,0.9194281493241605,1.0647391217291868,Contrast,ARD_1
1299,SI_ref_18,Pristine SCW Biochar,IBU,Secondary effluent,0.891903218347585,1.0647391217291868,Contrast,ARD_1
1301,SI_ref_18,Pristine SCW Biochar,IBU,Secondary effluent,0.9069133641489088,1.0647391217291868,Contrast,ARD_1
1303,SI_ref_18,Pristine SCW Biochar,IBU,Secondary effluent,0.9145392250293353,1.0647391217291868,Contrast,ARD_1
1304,SI_ref_18,Pristine SCW Biochar,IBU,Secondary effluent,0.911352956646831,1.0647391217291868,Contrast,ARD_1
1305,SI_ref_18,Pristine SCW Biochar,IBU,Secondary effluent,0.8992133437264335,1.0647391217291868,Contrast,ARD_1
1309,SI_ref_18,Pristine SCW Biochar,NPX,Secondary effluent,0.9276600601799115,0.8293621465194333,Contrast,ARD_1
1311,SI_ref_18,Pristine SCW Biochar,NPX,Secondary effluent,0.9217275625657669,0.8202516099591814,Contrast,ARD_1
1313,SI_ref_18,Pristine SCW Biochar,NPX,Secondary effluent,0.9151672500810683,0.8110329935519541,Contrast,ARD_1
1315,SI_ref_18,Pristine SCW Biochar,NPX,Secondary effluent,0.914870212237198,0.8017593318579175,Contrast,ARD_1
1317,SI_ref_18,Pristine SCW Biochar,NPX,Secondary effluent,0.9125118045566373,0.7924578905053312,Contrast,ARD_1
1319,SI_ref_18,Pristine SCW Biochar,NPX,Secondary effluent,0.9122370962869346,0.7870098751814714,Contrast,ARD_1
1321,SI_ref_18,Pristine SCW Biochar,NPX,Secondary effluent,0.9100475600528815,0.783142494342639,Contrast,ARD_1
1322,SI_ref_18,Pristine SCW Biochar,NPX,Secondary effluent,0.8724917016408669,0.7776898177367016,Contrast,ARD_1
1323,SI_ref_18,Pristine SCW Biochar,NPX,Secondary effluent,0.9222871559920565,0.7776898177367016,Contrast,ARD_1
1325,SI_ref_18,Pristine SCW Biochar,NPX,Secondary effluent,0.8954095327862793,0.7776898177367016,Contrast,ARD_1
1327,SI_ref_18,Pristine SCW Biochar,NPX,Secondary effluent,0.9153416500332668,0.7776898177367016,Contrast,ARD_1
1329,SI_ref_18,Pristine SCW Biochar,NPX,Secondary effluent,0.910898633301941,0.7776898177367016,Contrast,ARD_1
1331,SI_ref_18,Pristine SCW Biochar,NPX,Secondary effluent,0.9081761980542199,0.7776898177367016,Contrast,ARD_1
1333,SI_ref_18,Pristine SCW Biochar,NPX,Secondary effluent,0.9126518494691617,0.7776898177367016,Contrast,ARD_1
1335,SI_ref_18,Pristine SCW Biochar,NPX,Secondary effluent,0.9091665914238204,0.7776898177367016,Contrast,ARD_1
1337,SI_ref_18,Pristine SCW Biochar,NPX,Secondary effluent,0.9109852392346297,0.7776898177367016,Contrast,ARD_1
1339,SI_ref_18,Pristine SCW Biochar,NPX,Secondary effluent,0.9170303341534803,0.7776898177367016,Contrast,ARD_1
1341,SI_ref_18,Pristine SCW Biochar,NPX,Secondary effluent,0.9109021678864493,0.7776898177367016,Contrast,ARD_1
1343,SI_ref_18,Pristine SCW Biochar,NPX,Secondary effluent,0.9138805167442893,0.7776898177367016,Contrast,ARD_1
1345,SI_ref_18,Pristine SCW Biochar,NPX,Secondary effluent,0.9200278517039994,0.7776898177367016,Contrast,ARD_1
1346,SI_ref_18,Pristine SCW Biochar,NPX,Secondary effluent,0.9136165317560039,0.7776898177367016,Contrast,ARD_1
1347,SI_ref_18,Pristine SCW Biochar,NPX,Secondary effluent,0.9038576927569927,0.7776898177367016,Contrast,ARD_1
189,SI_ref_17,Alkali-modified SCG biochars,IBU,Synthetic,0.6581206763788531,0.41797286296138214,TOPSIS,SVR_1
191,SI_ref_17,Alkali-modified SCG biochars,IBU,Synthetic,0.6239833523895453,0.3275081901130087,TOPSIS,SVR_1
193,SI_ref_17,Alkali-modified SCG biochars,IBU,Synthetic,0.5119378819344518,0.19504784838544614,TOPSIS,SVR_1
195,SI_ref_17,Alkali-modified SCG biochars,IBU,Synthetic,0.4585781550994164,0.14926329333117705,TOPSIS,SVR_1
197,SI_ref_17,Alkali-modified SCG biochars,IBU,Synthetic,0.44243948810088646,0.14373687372058286,TOPSIS,SVR_1
199,SI_ref_17,Alkali-modified SCG biochars,IBU,Synthetic,0.4544355679658596,0.1502280900718756,TOPSIS,SVR_1
201,SI_ref_17,Alkali-modified SCG biochars,IBU,Synthetic,0.39592651561701936,0.16522089887829866,TOPSIS,SVR_1
203,SI_ref_17,Alkali-modified SCG biochars,IBU,Synthetic,0.10913541523053398,0.10553449503016776,TOPSIS,SVR_1
205,SI_ref_17,Alkali-modified SCG biochars,IBU,Synthetic,0.3052806700714839,0.1996019538381008,TOPSIS,SVR_1
207,SI_ref_17,Alkali-modified SCG biochars,IBU,Synthetic,0.4311083753711556,0.1996019538381008,TOPSIS,SVR_1
209,SI_ref_17,Alkali-modified SCG biochars,IBU,Synthetic,0.3789894895081609,0.1996019538381008,TOPSIS,SVR_1
211,SI_ref_17,Alkali-modified SCG biochars,IBU,Synthetic,0.3304133868875155,0.1996019538381008,TOPSIS,SVR_1
213,SI_ref_17,Alkali-modified SCG biochars,IBU,Synthetic,0.33928547446435453,0.1996019538381008,TOPSIS,SVR_1
215,SI_ref_17,Alkali-modified SCG biochars,IBU,Synthetic,0.3234505141947598,0.1996019538381008,TOPSIS,SVR_1
217,SI_ref_17,Alkali-modified SCG biochars,IBU,Synthetic,0.6889998443034063,0.25111123915340583,TOPSIS,SVR_1
219,SI_ref_17,Alkali-modified SCG biochars,IBU,Synthetic,0.1184746430703935,0.1996019538381008,TOPSIS,SVR_1
221,SI_ref_17,Alkali-modified SCG biochars,IBU,Synthetic,0.35446182653715885,0.1996019538381008,TOPSIS,SVR_1
223,SI_ref_17,Alkali-modified SCG biochars,IBU,Synthetic,0.5365490577861332,0.1996019538381008,TOPSIS,SVR_1
225,SI_ref_17,Alkali-modified SCG biochars,IBU,Synthetic,0.5901579894748284,0.1996019538381008,TOPSIS,SVR_1
227,SI_ref_17,Alkali-modified SCG biochars,IBU,Synthetic,0.6910697148739985,0.1996019538381008,TOPSIS,SVR_1
229,SI_ref_16,C-Biochar,ATE,Synthetic,0.8511111111111113,0.49362539151105317,TOPSIS,SVR_1
230,SI_ref_16,C-Biochar,ATE,Synthetic,0.7400000000000001,0.47285473501128095,TOPSIS,SVR_1
231,SI_ref_16,C-Biochar,ATE,Synthetic,0.7400000000000001,0.6033952147173356,TOPSIS,SVR_1
232,SI_ref_16,C-Biochar,ATE,Synthetic,0.7453872053872055,0.5116236555735484,TOPSIS,SVR_1
233,SI_ref_16,C-Biochar,ATE,Synthetic,0.8733333333333334,0.5116236555735484,TOPSIS,SVR_1
234,SI_ref_16,C-Biochar,ATE,Synthetic,0.8288888888888891,0.5116236555735484,TOPSIS,SVR_1
235,SI_ref_16,C-Biochar,ATE,Synthetic,0.8511111111111113,0.5116236555735484,TOPSIS,SVR_1
236,SI_ref_16,C-Biochar,ATE,Synthetic,0.7844444444444446,0.5116236555735484,TOPSIS,SVR_1
237,SI_ref_16,C-Biochar,ATE,Synthetic,0.8733333333333334,0.5116236555735484,TOPSIS,SVR_1
238,SI_ref_16,C-Biochar,ATE,Synthetic,0.6733333333333335,0.46465396262087394,TOPSIS,SVR_1
239,SI_ref_16,C-Biochar,ATE,Synthetic,0.6511111111111112,0.47282492547025834,TOPSIS,SVR_1
240,SI_ref_16,C-Biochar,ATE,Synthetic,0.6288888888888889,0.49183419582530374,TOPSIS,SVR_1
241,SI_ref_16,C-Biochar,ATE,Synthetic,0.7774074074074075,0.5116236555735484,TOPSIS,SVR_1
242,SI_ref_16,C-Biochar,ATE,Synthetic,0.7824691358024691,0.5116236555735484,TOPSIS,SVR_1
243,SI_ref_16,C-Biochar,ATE,Synthetic,0.8257777777777777,0.5116236555735484,TOPSIS,SVR_1
244,SI_ref_16,C-Biochar,ATE,Synthetic,0.8438888888888889,0.5116236555735484,TOPSIS,SVR_1
245,SI_ref_16,C-Biochar,ATE,Synthetic,0.8562222222222223,0.5116236555735484,TOPSIS,SVR_1
263,SI_ref_16,C-Biochar,IBU,Synthetic,0.5333333333333333,0.502171729254522,TOPSIS,SVR_1
264,SI_ref_16,C-Biochar,IBU,Synthetic,0.7333333333333333,0.48330627041806595,TOPSIS,SVR_1
265,SI_ref_16,C-Biochar,IBU,Synthetic,0.6000000000000001,0.6032985572813325,TOPSIS,SVR_1
266,SI_ref_16,C-Biochar,IBU,Synthetic,0.6121212121212122,0.5191564758552552,TOPSIS,SVR_1
267,SI_ref_16,C-Biochar,IBU,Synthetic,0.7333333333333333,0.5191564758552552,TOPSIS,SVR_1
268,SI_ref_16,C-Biochar,IBU,Synthetic,0.5333333333333333,0.5191564758552552,TOPSIS,SVR_1
269,SI_ref_16,C-Biochar,IBU,Synthetic,0.4666666666666666,0.5191564758552552,TOPSIS,SVR_1
270,SI_ref_16,C-Biochar,IBU,Synthetic,0.5555555555555556,0.5191564758552552,TOPSIS,SVR_1
271,SI_ref_16,C-Biochar,IBU,Synthetic,0.6000000000000001,0.5191564758552552,TOPSIS,SVR_1
272,SI_ref_16,C-Biochar,IBU,Synthetic,0.6000000000000001,0.47593217456975817,TOPSIS,SVR_1
273,SI_ref_16,C-Biochar,IBU,Synthetic,0.6000000000000001,0.48330855285503604,TOPSIS,SVR_1
274,SI_ref_16,C-Biochar,IBU,Synthetic,1.0666666666666667,0.5010077367046326,TOPSIS,SVR_1
275,SI_ref_16,C-Biochar,IBU,Synthetic,0.5277777777777777,0.5191564758552552,TOPSIS,SVR_1
276,SI_ref_16,C-Biochar,IBU,Synthetic,0.7,0.5191564758552552,TOPSIS,SVR_1
277,SI_ref_16,C-Biochar,IBU,Synthetic,0.7844444444444444,0.5191564758552552,TOPSIS,SVR_1
278,SI_ref_16,C-Biochar,IBU,Synthetic,0.8430555555555557,0.5191564758552552,TOPSIS,SVR_1
279,SI_ref_16,C-Biochar,IBU,Synthetic,0.861111111111111,0.5191564758552552,TOPSIS,SVR_1
354,SI_ref_14,GCRB,DIU,Synthetic,0.983291565929579,1.0064184058460284,TOPSIS,SVR_1
355,SI_ref_14,GCRB,DIU,Synthetic,0.9782739977994132,1.0100265676751794,TOPSIS,SVR_1
356,SI_ref_14,GCRB,DIU,Synthetic,0.9708791324637501,1.010026669512827,TOPSIS,SVR_1
357,SI_ref_14,GCRB,DIU,Synthetic,0.964507517643233,1.010730550209145,TOPSIS,SVR_1
358,SI_ref_14,GCRB,DIU,Synthetic,0.960647920928618,1.0127936692905335,TOPSIS,SVR_1
359,SI_ref_14,GCRB,DIU,Synthetic,0.9584857336381704,1.01336979231946,TOPSIS,SVR_1
360,SI_ref_14,GCRB,DIU,Synthetic,0.9536869714697045,1.0127310112918078,TOPSIS,SVR_1
361,SI_ref_14,GCRB,DIU,Synthetic,0.9291396445453227,0.9546599519575527,TOPSIS,SVR_1
362,SI_ref_14,GCRB,DIU,Synthetic,0.9775416982957918,1.0054834638099621,TOPSIS,SVR_1
363,SI_ref_14,GCRB,DIU,Synthetic,0.9527369648004039,1.009378837802356,TOPSIS,SVR_1
364,SI_ref_14,GCRB,DIU,Synthetic,0.9478201604463821,1.009378837802356,TOPSIS,SVR_1
365,SI_ref_14,GCRB,DIU,Synthetic,0.9265327424413893,1.009378837802356,TOPSIS,SVR_1
366,SI_ref_14,GCRB,DIU,Synthetic,0.9253239651903417,1.009378837802356,TOPSIS,SVR_1
367,SI_ref_14,GCRB,DIU,Synthetic,0.9238760352548926,1.009378837802356,TOPSIS,SVR_1
368,SI_ref_14,GCRB,DIU,Synthetic,0.9417552695951205,0.984368047221638,TOPSIS,SVR_1
369,SI_ref_14,GCRB,DIU,Synthetic,0.9147016410628197,0.984368047221638,TOPSIS,SVR_1
370,SI_ref_14,GCRB,DIU,Synthetic,0.9192051981667979,1.0105415607185466,TOPSIS,SVR_1
371,SI_ref_14,GCRB,DIU,Synthetic,0.9535021691371877,1.009378837802356,TOPSIS,SVR_1
372,SI_ref_14,GCRB,DIU,Synthetic,0.9661748102299111,1.009378837802356,TOPSIS,SVR_1
373,SI_ref_14,GCRB,DIU,Synthetic,1.0173780045422414,1.009378837802356,TOPSIS,SVR_1
374,SI_ref_14,GCRB,DIU,Synthetic,1.0082496176169822,1.009378837802356,TOPSIS,SVR_1
375,SI_ref_14,GCRB,DIU,Synthetic,0.9496862840784065,1.009378837802356,TOPSIS,SVR_1
439,SI_ref_14,GCRB-N,DIU,Synthetic,0.6654043880576614,0.7751949272497453,TOPSIS,SVR_1
440,SI_ref_14,GCRB-N,DIU,Synthetic,0.5844535743219663,0.7043876043573036,TOPSIS,SVR_1
441,SI_ref_14,GCRB-N,DIU,Synthetic,0.5079200907404222,0.6239033457539502,TOPSIS,SVR_1
442,SI_ref_14,GCRB-N,DIU,Synthetic,0.37854626102465844,0.5497998824508853,TOPSIS,SVR_1
443,SI_ref_14,GCRB-N,DIU,Synthetic,0.26690125827656935,0.49667330610595783,TOPSIS,SVR_1
444,SI_ref_14,GCRB-N,DIU,Synthetic,0.2332409918272794,0.4790633620934036,TOPSIS,SVR_1
445,SI_ref_14,GCRB-N,DIU,Synthetic,0.1951305004086504,0.4730355686494127,TOPSIS,SVR_1
446,SI_ref_14,GCRB-N,DIU,Synthetic,0.2075726875081201,0.3816453746769792,TOPSIS,SVR_1
447,SI_ref_14,GCRB-N,DIU,Synthetic,0.26826652394124667,0.5003018793618503,TOPSIS,SVR_1
448,SI_ref_14,GCRB-N,DIU,Synthetic,0.1819381767074788,0.4732671125840726,TOPSIS,SVR_1
449,SI_ref_14,GCRB-N,DIU,Synthetic,0.15093015054787579,0.4592328437749329,TOPSIS,SVR_1
450,SI_ref_14,GCRB-N,DIU,Synthetic,0.1736169508150928,0.4592328437749329,TOPSIS,SVR_1
451,SI_ref_14,GCRB-N,DIU,Synthetic,0.16382165003373128,0.4813758320187791,TOPSIS,SVR_1
452,SI_ref_14,GCRB-N,DIU,Synthetic,0.1932052297084895,0.4732671125840726,TOPSIS,SVR_1
453,SI_ref_14,GCRB-N,DIU,Synthetic,0.1683505359330984,0.47327570452083234,TOPSIS,SVR_1
454,SI_ref_14,GCRB-N,DIU,Synthetic,0.1647692025710552,0.47328431700471696,TOPSIS,SVR_1
455,SI_ref_14,GCRB-N,DIU,Synthetic,0.3384549122360595,0.47328431700471696,TOPSIS,SVR_1
456,SI_ref_14,GCRB-N,DIU,Synthetic,0.1402528461142079,0.47329294998032834,TOPSIS,SVR_1
457,SI_ref_14,GCRB-N,DIU,Synthetic,0.5187315058108145,0.47329294998032834,TOPSIS,SVR_1
458,SI_ref_14,GCRB-N,DIU,Synthetic,0.12629127082807837,0.47330160339245014,TOPSIS,SVR_1
459,SI_ref_14,GCRB-N,DIU,Synthetic,0.6455190877003087,0.47330160339245014,TOPSIS,SVR_1
460,SI_ref_14,GCRB-N,DIU,Synthetic,0.12138562309836234,0.4733102771859931,TOPSIS,SVR_1
461,SI_ref_14,GCRB-N,DIU,Synthetic,0.6666027581171994,0.4733102771859931,TOPSIS,SVR_1
462,SI_ref_14,GCRB-N,DIU,Synthetic,0.16773925939532233,0.47331897130602285,TOPSIS,SVR_1
463,SI_ref_14,GCRB-N,DIU,Synthetic,0.15967117649899737,0.47332768569777783,TOPSIS,SVR_1
464,SI_ref_14,GCRB-N,DIU,Synthetic,0.27418422723714847,0.47332768569777783,TOPSIS,SVR_1
465,SI_ref_14,GCRB-N,DIU,Synthetic,0.1405827183894587,0.47333642030661854,TOPSIS,SVR_1
466,SI_ref_14,GCRB-N,DIU,Synthetic,0.5605758859577746,0.47333642030661854,TOPSIS,SVR_1
467,SI_ref_14,GCRB-N,DIU,Synthetic,0.13173953864692908,0.4733451750780612,TOPSIS,SVR_1
468,SI_ref_14,GCRB-N,DIU,Synthetic,0.6564705601884918,0.4733451750780612,TOPSIS,SVR_1
469,SI_ref_14,GCRB-N,DIU,Synthetic,0.12617131727344172,0.4733539499577866,TOPSIS,SVR_1
470,SI_ref_14,GCRB-N,DIU,Synthetic,0.6552893507455957,0.4733539499577866,TOPSIS,SVR_1
471,SI_ref_14,GCRB-N,DIU,Synthetic,0.1676281074261493,0.4733627448916091,TOPSIS,SVR_1
472,SI_ref_14,GCRB-N,DIU,Synthetic,0.1622201895350263,0.47337155982549484,TOPSIS,SVR_1
473,SI_ref_14,GCRB-N,DIU,Synthetic,0.31928006415696586,0.47337155982549484,TOPSIS,SVR_1
474,SI_ref_14,GCRB-N,DIU,Synthetic,0.14041778225183332,0.47338039470555493,TOPSIS,SVR_1
475,SI_ref_14,GCRB-N,DIU,Synthetic,0.5410485473017326,0.47338039470555493,TOPSIS,SVR_1
476,SI_ref_14,GCRB-N,DIU,Synthetic,0.12901540473750372,0.47338924947806027,TOPSIS,SVR_1
477,SI_ref_14,GCRB-N,DIU,Synthetic,0.6413243626564091,0.47338924947806027,TOPSIS,SVR_1
478,SI_ref_14,GCRB-N,DIU,Synthetic,0.12377847018590202,0.4733981240894204,TOPSIS,SVR_1
479,SI_ref_14,GCRB-N,DIU,Synthetic,0.665837914589971,0.4733981240894204,TOPSIS,SVR_1
699,SI_ref_18,NaOH-activated SCW biochars,IBU,Secondary effluent,0.8098199350756726,0.7113344672019579,TOPSIS,SVR_1
701,SI_ref_18,NaOH-activated SCW biochars,IBU,Secondary effluent,0.7485969905050348,0.7108182437155921,TOPSIS,SVR_1
703,SI_ref_18,NaOH-activated SCW biochars,IBU,Secondary effluent,0.6850179499229786,0.6986386849180609,TOPSIS,SVR_1
705,SI_ref_18,NaOH-activated SCW biochars,IBU,Secondary effluent,0.6861011679416551,0.6794361579029109,TOPSIS,SVR_1
707,SI_ref_18,NaOH-activated SCW biochars,IBU,Secondary effluent,0.6799185617433835,0.6604079925468181,TOPSIS,SVR_1
709,SI_ref_18,NaOH-activated SCW biochars,IBU,Secondary effluent,0.6765813990931481,0.6520556108847495,TOPSIS,SVR_1
711,SI_ref_18,NaOH-activated SCW biochars,IBU,Secondary effluent,0.6777803451607008,0.6479872629718524,TOPSIS,SVR_1
713,SI_ref_18,NaOH-activated SCW biochars,IBU,Secondary effluent,0.19946424836974086,0.6451041792280309,TOPSIS,SVR_1
715,SI_ref_18,NaOH-activated SCW biochars,IBU,Secondary effluent,0.45728603839109744,0.6451041792280309,TOPSIS,SVR_1
717,SI_ref_18,NaOH-activated SCW biochars,IBU,Secondary effluent,0.5431517029603264,0.48141903696318045,TOPSIS,SVR_1
719,SI_ref_18,NaOH-activated SCW biochars,IBU,Secondary effluent,0.6932620426015607,0.662895452201281,TOPSIS,SVR_1
721,SI_ref_18,NaOH-activated SCW biochars,IBU,Secondary effluent,0.675113405421536,0.6451041792280309,TOPSIS,SVR_1
725,SI_ref_18,NaOH-activated SCW biochars,IBU,Secondary effluent,0.6458796718925713,0.6451041792280309,TOPSIS,SVR_1
729,SI_ref_18,NaOH-activated SCW biochars,IBU,Secondary effluent,0.6230174196820357,0.6451041792280309,TOPSIS,SVR_1
733,SI_ref_18,NaOH-activated SCW biochars,IBU,Secondary effluent,0.6232264558664639,0.6451041792280309,TOPSIS,SVR_1
737,SI_ref_18,NaOH-activated SCW biochars,IBU,Secondary effluent,0.6321330290401536,0.6451041792280309,TOPSIS,SVR_1
741,SI_ref_18,NaOH-activated SCW biochars,IBU,Secondary effluent,0.6274964829882473,0.6451041792280309,TOPSIS,SVR_1
746,SI_ref_18,NaOH-activated SCW biochars,IBU,Secondary effluent,0.6482993087024828,0.603467613030353,TOPSIS,SVR_1
748,SI_ref_18,NaOH-activated SCW biochars,IBU,Secondary effluent,0.7478636767346728,0.7239838856022516,TOPSIS,SVR_1
750,SI_ref_18,NaOH-activated SCW biochars,IBU,Secondary effluent,0.811827151849907,0.7700788447421354,TOPSIS,SVR_1
752,SI_ref_18,NaOH-activated SCW biochars,IBU,Secondary effluent,0.7252319435730717,0.6451041792280309,TOPSIS,SVR_1
754,SI_ref_18,NaOH-activated SCW biochars,IBU,Secondary effluent,0.7786423949758233,0.6451041792280309,TOPSIS,SVR_1
758,SI_ref_18,NaOH-activated SCW biochars,NPX,Secondary effluent,0.5521972966156422,0.48359423114033684,TOPSIS,SVR_1
760,SI_ref_18,NaOH-activated SCW biochars,NPX,Secondary effluent,0.4814245289032641,0.41922631427043144,TOPSIS,SVR_1
762,SI_ref_18,NaOH-activated SCW biochars,NPX,Secondary effluent,0.34455951981715066,0.34183815659925904,TOPSIS,SVR_1
764,SI_ref_18,NaOH-activated SCW biochars,NPX,Secondary effluent,0.2493517679350271,0.26514350954949817,TOPSIS,SVR_1
766,SI_ref_18,NaOH-activated SCW biochars,NPX,Secondary effluent,0.16764900163614713,0.2061643889212228,TOPSIS,SVR_1
768,SI_ref_18,NaOH-activated SCW biochars,NPX,Secondary effluent,0.12846350911521487,0.18589891575818163,TOPSIS,SVR_1
770,SI_ref_18,NaOH-activated SCW biochars,NPX,Secondary effluent,0.12873702561203082,0.1792615605402535,TOPSIS,SVR_1
772,SI_ref_18,NaOH-activated SCW biochars,NPX,Secondary effluent,0.026110640989477824,0.18136628525292342,TOPSIS,SVR_1
774,SI_ref_18,NaOH-activated SCW biochars,NPX,Secondary effluent,0.054870517105304405,0.18136628525292342,TOPSIS,SVR_1
776,SI_ref_18,NaOH-activated SCW biochars,NPX,Secondary effluent,0.048092629555703405,0.18409698685684683,TOPSIS,SVR_1
778,SI_ref_18,NaOH-activated SCW biochars,NPX,Secondary effluent,0.16521082834331338,0.3026952855447395,TOPSIS,SVR_1
780,SI_ref_18,NaOH-activated SCW biochars,NPX,Secondary effluent,0.11864589305153721,0.18136628525292342,TOPSIS,SVR_1
782,SI_ref_18,NaOH-activated SCW biochars,NPX,Secondary effluent,0.10983576367726838,0.18136628525292342,TOPSIS,SVR_1
784,SI_ref_18,NaOH-activated SCW biochars,NPX,Secondary effluent,0.10668866579384965,0.18136628525292342,TOPSIS,SVR_1
786,SI_ref_18,NaOH-activated SCW biochars,NPX,Secondary effluent,0.08538292965546301,0.18136628525292342,TOPSIS,SVR_1
788,SI_ref_18,NaOH-activated SCW biochars,NPX,Secondary effluent,0.09141898602740345,0.18136628525292342,TOPSIS,SVR_1
790,SI_ref_18,NaOH-activated SCW biochars,NPX,Secondary effluent,0.11725913824368146,0.18136628525292342,TOPSIS,SVR_1
792,SI_ref_18,NaOH-activated SCW biochars,NPX,Secondary effluent,0.10630651659643675,0.2464289784248524,TOPSIS,SVR_1
794,SI_ref_18,NaOH-activated SCW biochars,NPX,Secondary effluent,0.2275589654025283,0.2785616342665208,TOPSIS,SVR_1
796,SI_ref_18,NaOH-activated SCW biochars,NPX,Secondary effluent,0.27043202483921047,0.4508774322595317,TOPSIS,SVR_1
798,SI_ref_18,NaOH-activated SCW biochars,NPX,Secondary effluent,0.15082313311850198,0.18136628525292342,TOPSIS,SVR_1
800,SI_ref_18,NaOH-activated SCW biochars,NPX,Secondary effluent,0.24701864815812044,0.18136628525292342,TOPSIS,SVR_1
1156,SI_ref_17,Pristine SCG biochar,IBU,Synthetic,0.9684057270887299,0.9018299999158028,TOPSIS,SVR_1
1158,SI_ref_17,Pristine SCG biochar,IBU,Synthetic,0.964180236157731,0.8956224919236143,TOPSIS,SVR_1
1160,SI_ref_17,Pristine SCG biochar,IBU,Synthetic,0.9598191197252507,0.8798311577066291,TOPSIS,SVR_1
1162,SI_ref_17,Pristine SCG biochar,IBU,Synthetic,0.9580437721935793,0.8763581001550842,TOPSIS,SVR_1
1164,SI_ref_17,Pristine SCG biochar,IBU,Synthetic,0.9425460946241216,0.8781276281813422,TOPSIS,SVR_1
1166,SI_ref_17,Pristine SCG biochar,IBU,Synthetic,0.9402369906408686,0.880837843706946,TOPSIS,SVR_1
1168,SI_ref_17,Pristine SCG biochar,IBU,Synthetic,0.9366107784098637,0.8843529555733927,TOPSIS,SVR_1
1170,SI_ref_17,Pristine SCG biochar,IBU,Synthetic,0.7820004901373623,0.7895508725795501,TOPSIS,SVR_1
1172,SI_ref_17,Pristine SCG biochar,IBU,Synthetic,0.9276141025756294,0.8897187414851788,TOPSIS,SVR_1
1174,SI_ref_17,Pristine SCG biochar,IBU,Synthetic,0.918292455911169,0.8897187414851788,TOPSIS,SVR_1
1176,SI_ref_17,Pristine SCG biochar,IBU,Synthetic,0.9133007565861092,0.8897187414851788,TOPSIS,SVR_1
1178,SI_ref_17,Pristine SCG biochar,IBU,Synthetic,0.9182483670803396,0.8897187414851788,TOPSIS,SVR_1
1180,SI_ref_17,Pristine SCG biochar,IBU,Synthetic,0.9167234922708469,0.8897187414851788,TOPSIS,SVR_1
1182,SI_ref_17,Pristine SCG biochar,IBU,Synthetic,0.9122551436969301,0.8897187414851788,TOPSIS,SVR_1
1184,SI_ref_17,Pristine SCG biochar,IBU,Synthetic,0.9484982246288517,0.8934912060065856,TOPSIS,SVR_1
1186,SI_ref_17,Pristine SCG biochar,IBU,Synthetic,0.893754721851682,0.8897187414851788,TOPSIS,SVR_1
1188,SI_ref_17,Pristine SCG biochar,IBU,Synthetic,0.8900227639990935,0.8897187414851788,TOPSIS,SVR_1
1190,SI_ref_17,Pristine SCG biochar,IBU,Synthetic,0.924357415959487,0.8897187414851788,TOPSIS,SVR_1
1192,SI_ref_17,Pristine SCG biochar,IBU,Synthetic,0.9226237248225028,0.8897187414851788,TOPSIS,SVR_1
1194,SI_ref_17,Pristine SCG biochar,IBU,Synthetic,0.8857728699803085,0.8897187414851788,TOPSIS,SVR_1
1254,SI_ref_18,Pristine SCW Biochar,IBU,Secondary effluent,0.9156726978407875,0.9173401993986255,TOPSIS,SVR_1
1256,SI_ref_18,Pristine SCW Biochar,IBU,Secondary effluent,0.9079673942368781,0.923160676597028,TOPSIS,SVR_1
1258,SI_ref_18,Pristine SCW Biochar,IBU,Secondary effluent,0.9043236251446873,0.9220121056831059,TOPSIS,SVR_1
1260,SI_ref_18,Pristine SCW Biochar,IBU,Secondary effluent,0.9020547983951682,0.9179385439717596,TOPSIS,SVR_1
1262,SI_ref_18,Pristine SCW Biochar,IBU,Secondary effluent,0.9004882379050155,0.9135685569699583,TOPSIS,SVR_1
1264,SI_ref_18,Pristine SCW Biochar,IBU,Secondary effluent,0.897458530238549,0.9109087036335466,TOPSIS,SVR_1
1266,SI_ref_18,Pristine SCW Biochar,IBU,Secondary effluent,0.8973424975849196,0.9086775875144993,TOPSIS,SVR_1
1267,SI_ref_18,Pristine SCW Biochar,IBU,Secondary effluent,0.8360939688333745,0.9045010022356463,TOPSIS,SVR_1
1268,SI_ref_18,Pristine SCW Biochar,IBU,Secondary effluent,0.8984823855966844,0.9045010022356463,TOPSIS,SVR_1
1270,SI_ref_18,Pristine SCW Biochar,IBU,Secondary effluent,0.8874692330465712,0.886191434574973,TOPSIS,SVR_1
1272,SI_ref_18,Pristine SCW Biochar,IBU,Secondary effluent,0.9012569556545285,0.9143054522023123,TOPSIS,SVR_1
1274,SI_ref_18,Pristine SCW Biochar,IBU,Secondary effluent,0.8992057856547054,0.9045010022356463,TOPSIS,SVR_1
1278,SI_ref_18,Pristine SCW Biochar,IBU,Secondary effluent,0.9165018852947014,0.9045010022356463,TOPSIS,SVR_1
1282,SI_ref_18,Pristine SCW Biochar,IBU,Secondary effluent,0.9202396860047187,0.9045010022356463,TOPSIS,SVR_1
1286,SI_ref_18,Pristine SCW Biochar,IBU,Secondary effluent,0.9152513064761528,0.9045010022356463,TOPSIS,SVR_1
1290,SI_ref_18,Pristine SCW Biochar,IBU,Secondary effluent,0.9145713435205399,0.9045010022356463,TOPSIS,SVR_1
1294,SI_ref_18,Pristine SCW Biochar,IBU,Secondary effluent,0.9194281493241605,0.9045010022356463,TOPSIS,SVR_1
1299,SI_ref_18,Pristine SCW Biochar,IBU,Secondary effluent,0.891903218347585,0.9257597591945732,TOPSIS,SVR_1
1301,SI_ref_18,Pristine SCW Biochar,IBU,Secondary effluent,0.9069133641489088,0.9384933305339338,TOPSIS,SVR_1
1303,SI_ref_18,Pristine SCW Biochar,IBU,Secondary effluent,0.9145392250293353,0.9517473568328593,TOPSIS,SVR_1
1304,SI_ref_18,Pristine SCW Biochar,IBU,Secondary effluent,0.911352956646831,0.9045010022356463,TOPSIS,SVR_1
1305,SI_ref_18,Pristine SCW Biochar,IBU,Secondary effluent,0.8992133437264335,0.9045010022356463,TOPSIS,SVR_1
1309,SI_ref_18,Pristine SCW Biochar,NPX,Secondary effluent,0.9276600601799115,0.9251064408568914,TOPSIS,SVR_1
1311,SI_ref_18,Pristine SCW Biochar,NPX,Secondary effluent,0.9217275625657669,0.927969434996208,TOPSIS,SVR_1
1313,SI_ref_18,Pristine SCW Biochar,NPX,Secondary effluent,0.9151672500810683,0.9219389150769124,TOPSIS,SVR_1
1315,SI_ref_18,Pristine SCW Biochar,NPX,Secondary effluent,0.914870212237198,0.9116205846523705,TOPSIS,SVR_1
1317,SI_ref_18,Pristine SCW Biochar,NPX,Secondary effluent,0.9125118045566373,0.900651934332785,TOPSIS,SVR_1
1319,SI_ref_18,Pristine SCW Biochar,NPX,Secondary effluent,0.9122370962869346,0.8944401558971837,TOPSIS,SVR_1
1321,SI_ref_18,Pristine SCW Biochar,NPX,Secondary effluent,0.9100475600528815,0.8899813542474375,TOPSIS,SVR_1
1322,SI_ref_18,Pristine SCW Biochar,NPX,Secondary effluent,0.8724917016408669,0.8832174799676604,TOPSIS,SVR_1
1323,SI_ref_18,Pristine SCW Biochar,NPX,Secondary effluent,0.9222871559920565,0.8832174799676604,TOPSIS,SVR_1
1325,SI_ref_18,Pristine SCW Biochar,NPX,Secondary effluent,0.8954095327862793,0.8861136104337455,TOPSIS,SVR_1
1327,SI_ref_18,Pristine SCW Biochar,NPX,Secondary effluent,0.9153416500332668,0.874998067276417,TOPSIS,SVR_1
1329,SI_ref_18,Pristine SCW Biochar,NPX,Secondary effluent,0.910898633301941,0.8832174799676604,TOPSIS,SVR_1
1331,SI_ref_18,Pristine SCW Biochar,NPX,Secondary effluent,0.9081761980542199,0.8832174799676604,TOPSIS,SVR_1
1333,SI_ref_18,Pristine SCW Biochar,NPX,Secondary effluent,0.9126518494691617,0.8832174799676604,TOPSIS,SVR_1
1335,SI_ref_18,Pristine SCW Biochar,NPX,Secondary effluent,0.9091665914238204,0.8832174799676604,TOPSIS,SVR_1
1337,SI_ref_18,Pristine SCW Biochar,NPX,Secondary effluent,0.9109852392346297,0.8832174799676604,TOPSIS,SVR_1
1339,SI_ref_18,Pristine SCW Biochar,NPX,Secondary effluent,0.9170303341534803,0.8832174799676604,TOPSIS,SVR_1
1341,SI_ref_18,Pristine SCW Biochar,NPX,Secondary effluent,0.9109021678864493,0.8916345586830525,TOPSIS,SVR_1
1343,SI_ref_18,Pristine SCW Biochar,NPX,Secondary effluent,0.9138805167442893,0.9046464295286807,TOPSIS,SVR_1
1345,SI_ref_18,Pristine SCW Biochar,NPX,Secondary effluent,0.9200278517039994,0.9115063985783964,TOPSIS,SVR_1
1346,SI_ref_18,Pristine SCW Biochar,NPX,Secondary effluent,0.9136165317560039,0.8832174799676604,TOPSIS,SVR_1
1347,SI_ref_18,Pristine SCW Biochar,NPX,Secondary effluent,0.9038576927569927,0.8832174799676604,TOPSIS,SVR_1
189,SI_ref_17,Alkali-modified SCG biochars,IBU,Synthetic,0.6581206763788531,0.6275406647767907,Constant,Constant
191,SI_ref_17,Alkali-modified SCG biochars,IBU,Synthetic,0.6239833523895453,0.6275406647767907,Constant,Constant
193,SI_ref_17,Alkali-modified SCG biochars,IBU,Synthetic,0.5119378819344518,0.6275406647767907,Constant,Constant
195,SI_ref_17,Alkali-modified SCG biochars,IBU,Synthetic,0.4585781550994164,0.6275406647767907,Constant,Constant
197,SI_ref_17,Alkali-modified SCG biochars,IBU,Synthetic,0.44243948810088646,0.6275406647767907,Constant,Constant
199,SI_ref_17,Alkali-modified SCG biochars,IBU,Synthetic,0.4544355679658596,0.6275406647767907,Constant,Constant
201,SI_ref_17,Alkali-modified SCG biochars,IBU,Synthetic,0.39592651561701936,0.6275406647767907,Constant,Constant
203,SI_ref_17,Alkali-modified SCG biochars,IBU,Synthetic,0.10913541523053398,0.6275406647767907,Constant,Constant
205,SI_ref_17,Alkali-modified SCG biochars,IBU,Synthetic,0.3052806700714839,0.6275406647767907,Constant,Constant
207,SI_ref_17,Alkali-modified SCG biochars,IBU,Synthetic,0.4311083753711556,0.6275406647767907,Constant,Constant
209,SI_ref_17,Alkali-modified SCG biochars,IBU,Synthetic,0.3789894895081609,0.6275406647767907,Constant,Constant
211,SI_ref_17,Alkali-modified SCG biochars,IBU,Synthetic,0.3304133868875155,0.6275406647767907,Constant,Constant
213,SI_ref_17,Alkali-modified SCG biochars,IBU,Synthetic,0.33928547446435453,0.6275406647767907,Constant,Constant
215,SI_ref_17,Alkali-modified SCG biochars,IBU,Synthetic,0.3234505141947598,0.6275406647767907,Constant,Constant
217,SI_ref_17,Alkali-modified SCG biochars,IBU,Synthetic,0.6889998443034063,0.6275406647767907,Constant,Constant
219,SI_ref_17,Alkali-modified SCG biochars,IBU,Synthetic,0.1184746430703935,0.6275406647767907,Constant,Constant
221,SI_ref_17,Alkali-modified SCG biochars,IBU,Synthetic,0.35446182653715885,0.6275406647767907,Constant,Constant
223,SI_ref_17,Alkali-modified SCG biochars,IBU,Synthetic,0.5365490577861332,0.6275406647767907,Constant,Constant
225,SI_ref_17,Alkali-modified SCG biochars,IBU,Synthetic,0.5901579894748284,0.6275406647767907,Constant,Constant
227,SI_ref_17,Alkali-modified SCG biochars,IBU,Synthetic,0.6910697148739985,0.6275406647767907,Constant,Constant
229,SI_ref_16,C-Biochar,ATE,Synthetic,0.8511111111111113,0.6275406647767907,Constant,Constant
230,SI_ref_16,C-Biochar,ATE,Synthetic,0.7400000000000001,0.6275406647767907,Constant,Constant
231,SI_ref_16,C-Biochar,ATE,Synthetic,0.7400000000000001,0.6275406647767907,Constant,Constant
232,SI_ref_16,C-Biochar,ATE,Synthetic,0.7453872053872055,0.6275406647767907,Constant,Constant
233,SI_ref_16,C-Biochar,ATE,Synthetic,0.8733333333333334,0.6275406647767907,Constant,Constant
234,SI_ref_16,C-Biochar,ATE,Synthetic,0.8288888888888891,0.6275406647767907,Constant,Constant
235,SI_ref_16,C-Biochar,ATE,Synthetic,0.8511111111111113,0.6275406647767907,Constant,Constant
236,SI_ref_16,C-Biochar,ATE,Synthetic,0.7844444444444446,0.6275406647767907,Constant,Constant
237,SI_ref_16,C-Biochar,ATE,Synthetic,0.8733333333333334,0.6275406647767907,Constant,Constant
238,SI_ref_16,C-Biochar,ATE,Synthetic,0.6733333333333335,0.6275406647767907,Constant,Constant
239,SI_ref_16,C-Biochar,ATE,Synthetic,0.6511111111111112,0.6275406647767907,Constant,Constant
240,SI_ref_16,C-Biochar,ATE,Synthetic,0.6288888888888889,0.6275406647767907,Constant,Constant
241,SI_ref_16,C-Biochar,ATE,Synthetic,0.7774074074074075,0.6275406647767907,Constant,Constant
242,SI_ref_16,C-Biochar,ATE,Synthetic,0.7824691358024691,0.6275406647767907,Constant,Constant
243,SI_ref_16,C-Biochar,ATE,Synthetic,0.8257777777777777,0.6275406647767907,Constant,Constant
244,SI_ref_16,C-Biochar,ATE,Synthetic,0.8438888888888889,0.6275406647767907,Constant,Constant
245,SI_ref_16,C-Biochar,ATE,Synthetic,0.8562222222222223,0.6275406647767907,Constant,Constant
263,SI_ref_16,C-Biochar,IBU,Synthetic,0.5333333333333333,0.6275406647767907,Constant,Constant
264,SI_ref_16,C-Biochar,IBU,Synthetic,0.7333333333333333,0.6275406647767907,Constant,Constant
265,SI_ref_16,C-Biochar,IBU,Synthetic,0.6000000000000001,0.6275406647767907,Constant,Constant
266,SI_ref_16,C-Biochar,IBU,Synthetic,0.6121212121212122,0.6275406647767907,Constant,Constant
267,SI_ref_16,C-Biochar,IBU,Synthetic,0.7333333333333333,0.6275406647767907,Constant,Constant
268,SI_ref_16,C-Biochar,IBU,Synthetic,0.5333333333333333,0.6275406647767907,Constant,Constant
269,SI_ref_16,C-Biochar,IBU,Synthetic,0.4666666666666666,0.6275406647767907,Constant,Constant
270,SI_ref_16,C-Biochar,IBU,Synthetic,0.5555555555555556,0.6275406647767907,Constant,Constant
271,SI_ref_16,C-Biochar,IBU,Synthetic,0.6000000000000001,0.6275406647767907,Constant,Constant
272,SI_ref_16,C-Biochar,IBU,Synthetic,0.6000000000000001,0.6275406647767907,Constant,Constant
273,SI_ref_16,C-Biochar,IBU,Synthetic,0.6000000000000001,0.6275406647767907,Constant,Constant
274,SI_ref_16,C-Biochar,IBU,Synthetic,1.0666666666666667,0.6275406647767907,Constant,Constant
275,SI_ref_16,C-Biochar,IBU,Synthetic,0.5277777777777777,0.6275406647767907,Constant,Constant
276,SI_ref_16,C-Biochar,IBU,Synthetic,0.7,0.6275406647767907,Constant,Constant
277,SI_ref_16,C-Biochar,IBU,Synthetic,0.7844444444444444,0.6275406647767907,Constant,Constant
278,SI_ref_16,C-Biochar,IBU,Synthetic,0.8430555555555557,0.6275406647767907,Constant,Constant
279,SI_ref_16,C-Biochar,IBU,Synthetic,0.861111111111111,0.6275406647767907,Constant,Constant
354,SI_ref_14,GCRB,DIU,Synthetic,0.983291565929579,0.6275406647767907,Constant,Constant
355,SI_ref_14,GCRB,DIU,Synthetic,0.9782739977994132,0.6275406647767907,Constant,Constant
356,SI_ref_14,GCRB,DIU,Synthetic,0.9708791324637501,0.6275406647767907,Constant,Constant
357,SI_ref_14,GCRB,DIU,Synthetic,0.964507517643233,0.6275406647767907,Constant,Constant
358,SI_ref_14,GCRB,DIU,Synthetic,0.960647920928618,0.6275406647767907,Constant,Constant
359,SI_ref_14,GCRB,DIU,Synthetic,0.9584857336381704,0.6275406647767907,Constant,Constant
360,SI_ref_14,GCRB,DIU,Synthetic,0.9536869714697045,0.6275406647767907,Constant,Constant
361,SI_ref_14,GCRB,DIU,Synthetic,0.9291396445453227,0.6275406647767907,Constant,Constant
362,SI_ref_14,GCRB,DIU,Synthetic,0.9775416982957918,0.6275406647767907,Constant,Constant
363,SI_ref_14,GCRB,DIU,Synthetic,0.9527369648004039,0.6275406647767907,Constant,Constant
364,SI_ref_14,GCRB,DIU,Synthetic,0.9478201604463821,0.6275406647767907,Constant,Constant
365,SI_ref_14,GCRB,DIU,Synthetic,0.9265327424413893,0.6275406647767907,Constant,Constant
366,SI_ref_14,GCRB,DIU,Synthetic,0.9253239651903417,0.6275406647767907,Constant,Constant
367,SI_ref_14,GCRB,DIU,Synthetic,0.9238760352548926,0.6275406647767907,Constant,Constant
368,SI_ref_14,GCRB,DIU,Synthetic,0.9417552695951205,0.6275406647767907,Constant,Constant
369,SI_ref_14,GCRB,DIU,Synthetic,0.9147016410628197,0.6275406647767907,Constant,Constant
370,SI_ref_14,GCRB,DIU,Synthetic,0.9192051981667979,0.6275406647767907,Constant,Constant
371,SI_ref_14,GCRB,DIU,Synthetic,0.9535021691371877,0.6275406647767907,Constant,Constant
372,SI_ref_14,GCRB,DIU,Synthetic,0.9661748102299111,0.6275406647767907,Constant,Constant
373,SI_ref_14,GCRB,DIU,Synthetic,1.0173780045422414,0.6275406647767907,Constant,Constant
374,SI_ref_14,GCRB,DIU,Synthetic,1.0082496176169822,0.6275406647767907,Constant,Constant
375,SI_ref_14,GCRB,DIU,Synthetic,0.9496862840784065,0.6275406647767907,Constant,Constant
439,SI_ref_14,GCRB-N,DIU,Synthetic,0.6654043880576614,0.6275406647767907,Constant,Constant
440,SI_ref_14,GCRB-N,DIU,Synthetic,0.5844535743219663,0.6275406647767907,Constant,Constant
441,SI_ref_14,GCRB-N,DIU,Synthetic,0.5079200907404222,0.6275406647767907,Constant,Constant
442,SI_ref_14,GCRB-N,DIU,Synthetic,0.37854626102465844,0.6275406647767907,Constant,Constant
443,SI_ref_14,GCRB-N,DIU,Synthetic,0.26690125827656935,0.6275406647767907,Constant,Constant
444,SI_ref_14,GCRB-N,DIU,Synthetic,0.2332409918272794,0.6275406647767907,Constant,Constant
445,SI_ref_14,GCRB-N,DIU,Synthetic,0.1951305004086504,0.6275406647767907,Constant,Constant
446,SI_ref_14,GCRB-N,DIU,Synthetic,0.2075726875081201,0.6275406647767907,Constant,Constant
447,SI_ref_14,GCRB-N,DIU,Synthetic,0.26826652394124667,0.6275406647767907,Constant,Constant
448,SI_ref_14,GCRB-N,DIU,Synthetic,0.1819381767074788,0.6275406647767907,Constant,Constant
449,SI_ref_14,GCRB-N,DIU,Synthetic,0.15093015054787579,0.6275406647767907,Constant,Constant
450,SI_ref_14,GCRB-N,DIU,Synthetic,0.1736169508150928,0.6275406647767907,Constant,Constant
451,SI_ref_14,GCRB-N,DIU,Synthetic,0.16382165003373128,0.6275406647767907,Constant,Constant
452,SI_ref_14,GCRB-N,DIU,Synthetic,0.1932052297084895,0.6275406647767907,Constant,Constant
453,SI_ref_14,GCRB-N,DIU,Synthetic,0.1683505359330984,0.6275406647767907,Constant,Constant
454,SI_ref_14,GCRB-N,DIU,Synthetic,0.1647692025710552,0.6275406647767907,Constant,Constant
455,SI_ref_14,GCRB-N,DIU,Synthetic,0.3384549122360595,0.6275406647767907,Constant,Constant
456,SI_ref_14,GCRB-N,DIU,Synthetic,0.1402528461142079,0.6275406647767907,Constant,Constant
457,SI_ref_14,GCRB-N,DIU,Synthetic,0.5187315058108145,0.6275406647767907,Constant,Constant
458,SI_ref_14,GCRB-N,DIU,Synthetic,0.12629127082807837,0.6275406647767907,Constant,Constant
459,SI_ref_14,GCRB-N,DIU,Synthetic,0.6455190877003087,0.6275406647767907,Constant,Constant
460,SI_ref_14,GCRB-N,DIU,Synthetic,0.12138562309836234,0.6275406647767907,Constant,Constant
461,SI_ref_14,GCRB-N,DIU,Synthetic,0.6666027581171994,0.6275406647767907,Constant,Constant
462,SI_ref_14,GCRB-N,DIU,Synthetic,0.16773925939532233,0.6275406647767907,Constant,Constant
463,SI_ref_14,GCRB-N,DIU,Synthetic,0.15967117649899737,0.6275406647767907,Constant,Constant
464,SI_ref_14,GCRB-N,DIU,Synthetic,0.27418422723714847,0.6275406647767907,Constant,Constant
465,SI_ref_14,GCRB-N,DIU,Synthetic,0.1405827183894587,0.6275406647767907,Constant,Constant
466,SI_ref_14,GCRB-N,DIU,Synthetic,0.5605758859577746,0.6275406647767907,Constant,Constant
467,SI_ref_14,GCRB-N,DIU,Synthetic,0.13173953864692908,0.6275406647767907,Constant,Constant
468,SI_ref_14,GCRB-N,DIU,Synthetic,0.6564705601884918,0.6275406647767907,Constant,Constant
469,SI_ref_14,GCRB-N,DIU,Synthetic,0.12617131727344172,0.6275406647767907,Constant,Constant
470,SI_ref_14,GCRB-N,DIU,Synthetic,0.6552893507455957,0.6275406647767907,Constant,Constant
471,SI_ref_14,GCRB-N,DIU,Synthetic,0.1676281074261493,0.6275406647767907,Constant,Constant
472,SI_ref_14,GCRB-N,DIU,Synthetic,0.1622201895350263,0.6275406647767907,Constant,Constant
473,SI_ref_14,GCRB-N,DIU,Synthetic,0.31928006415696586,0.6275406647767907,Constant,Constant
474,SI_ref_14,GCRB-N,DIU,Synthetic,0.14041778225183332,0.6275406647767907,Constant,Constant
475,SI_ref_14,GCRB-N,DIU,Synthetic,0.5410485473017326,0.6275406647767907,Constant,Constant
476,SI_ref_14,GCRB-N,DIU,Synthetic,0.12901540473750372,0.6275406647767907,Constant,Constant
477,SI_ref_14,GCRB-N,DIU,Synthetic,0.6413243626564091,0.6275406647767907,Constant,Constant
478,SI_ref_14,GCRB-N,DIU,Synthetic,0.12377847018590202,0.6275406647767907,Constant,Constant
479,SI_ref_14,GCRB-N,DIU,Synthetic,0.665837914589971,0.6275406647767907,Constant,Constant
699,SI_ref_18,NaOH-activated SCW biochars,IBU,Secondary effluent,0.8098199350756726,0.6275406647767907,Constant,Constant
701,SI_ref_18,NaOH-activated SCW biochars,IBU,Secondary effluent,0.7485969905050348,0.6275406647767907,Constant,Constant
703,SI_ref_18,NaOH-activated SCW biochars,IBU,Secondary effluent,0.6850179499229786,0.6275406647767907,Constant,Constant
705,SI_ref_18,NaOH-activated SCW biochars,IBU,Secondary effluent,0.6861011679416551,0.6275406647767907,Constant,Constant
707,SI_ref_18,NaOH-activated SCW biochars,IBU,Secondary effluent,0.6799185617433835,0.6275406647767907,Constant,Constant
709,SI_ref_18,NaOH-activated SCW biochars,IBU,Secondary effluent,0.6765813990931481,0.6275406647767907,Constant,Constant
711,SI_ref_18,NaOH-activated SCW biochars,IBU,Secondary effluent,0.6777803451607008,0.6275406647767907,Constant,Constant
713,SI_ref_18,NaOH-activated SCW biochars,IBU,Secondary effluent,0.19946424836974086,0.6275406647767907,Constant,Constant
715,SI_ref_18,NaOH-activated SCW biochars,IBU,Secondary effluent,0.45728603839109744,0.6275406647767907,Constant,Constant
717,SI_ref_18,NaOH-activated SCW biochars,IBU,Secondary effluent,0.5431517029603264,0.6275406647767907,Constant,Constant
719,SI_ref_18,NaOH-activated SCW biochars,IBU,Secondary effluent,0.6932620426015607,0.6275406647767907,Constant,Constant
721,SI_ref_18,NaOH-activated SCW biochars,IBU,Secondary effluent,0.675113405421536,0.6275406647767907,Constant,Constant
725,SI_ref_18,NaOH-activated SCW biochars,IBU,Secondary effluent,0.6458796718925713,0.6275406647767907,Constant,Constant
729,SI_ref_18,NaOH-activated SCW biochars,IBU,Secondary effluent,0.6230174196820357,0.6275406647767907,Constant,Constant
733,SI_ref_18,NaOH-activated SCW biochars,IBU,Secondary effluent,0.6232264558664639,0.6275406647767907,Constant,Constant
737,SI_ref_18,NaOH-activated SCW biochars,IBU,Secondary effluent,0.6321330290401536,0.6275406647767907,Constant,Constant
741,SI_ref_18,NaOH-activated SCW biochars,IBU,Secondary effluent,0.6274964829882473,0.6275406647767907,Constant,Constant
746,SI_ref_18,NaOH-activated SCW biochars,IBU,Secondary effluent,0.6482993087024828,0.6275406647767907,Constant,Constant
748,SI_ref_18,NaOH-activated SCW biochars,IBU,Secondary effluent,0.7478636767346728,0.6275406647767907,Constant,Constant
750,SI_ref_18,NaOH-activated SCW biochars,IBU,Secondary effluent,0.811827151849907,0.6275406647767907,Constant,Constant
752,SI_ref_18,NaOH-activated SCW biochars,IBU,Secondary effluent,0.7252319435730717,0.6275406647767907,Constant,Constant
754,SI_ref_18,NaOH-activated SCW biochars,IBU,Secondary effluent,0.7786423949758233,0.6275406647767907,Constant,Constant
758,SI_ref_18,NaOH-activated SCW biochars,NPX,Secondary effluent,0.5521972966156422,0.6275406647767907,Constant,Constant
760,SI_ref_18,NaOH-activated SCW biochars,NPX,Secondary effluent,0.4814245289032641,0.6275406647767907,Constant,Constant
762,SI_ref_18,NaOH-activated SCW biochars,NPX,Secondary effluent,0.34455951981715066,0.6275406647767907,Constant,Constant
764,SI_ref_18,NaOH-activated SCW biochars,NPX,Secondary effluent,0.2493517679350271,0.6275406647767907,Constant,Constant
766,SI_ref_18,NaOH-activated SCW biochars,NPX,Secondary effluent,0.16764900163614713,0.6275406647767907,Constant,Constant
768,SI_ref_18,NaOH-activated SCW biochars,NPX,Secondary effluent,0.12846350911521487,0.6275406647767907,Constant,Constant
770,SI_ref_18,NaOH-activated SCW biochars,NPX,Secondary effluent,0.12873702561203082,0.6275406647767907,Constant,Constant
772,SI_ref_18,NaOH-activated SCW biochars,NPX,Secondary effluent,0.026110640989477824,0.6275406647767907,Constant,Constant
774,SI_ref_18,NaOH-activated SCW biochars,NPX,Secondary effluent,0.054870517105304405,0.6275406647767907,Constant,Constant
776,SI_ref_18,NaOH-activated SCW biochars,NPX,Secondary effluent,0.048092629555703405,0.6275406647767907,Constant,Constant
778,SI_ref_18,NaOH-activated SCW biochars,NPX,Secondary effluent,0.16521082834331338,0.6275406647767907,Constant,Constant
780,SI_ref_18,NaOH-activated SCW biochars,NPX,Secondary effluent,0.11864589305153721,0.6275406647767907,Constant,Constant
782,SI_ref_18,NaOH-activated SCW biochars,NPX,Secondary effluent,0.10983576367726838,0.6275406647767907,Constant,Constant
784,SI_ref_18,NaOH-activated SCW biochars,NPX,Secondary effluent,0.10668866579384965,0.6275406647767907,Constant,Constant
786,SI_ref_18,NaOH-activated SCW biochars,NPX,Secondary effluent,0.08538292965546301,0.6275406647767907,Constant,Constant
788,SI_ref_18,NaOH-activated SCW biochars,NPX,Secondary effluent,0.09141898602740345,0.6275406647767907,Constant,Constant
790,SI_ref_18,NaOH-activated SCW biochars,NPX,Secondary effluent,0.11725913824368146,0.6275406647767907,Constant,Constant
792,SI_ref_18,NaOH-activated SCW biochars,NPX,Secondary effluent,0.10630651659643675,0.6275406647767907,Constant,Constant
794,SI_ref_18,NaOH-activated SCW biochars,NPX,Secondary effluent,0.2275589654025283,0.6275406647767907,Constant,Constant
796,SI_ref_18,NaOH-activated SCW biochars,NPX,Secondary effluent,0.27043202483921047,0.6275406647767907,Constant,Constant
798,SI_ref_18,NaOH-activated SCW biochars,NPX,Secondary effluent,0.15082313311850198,0.6275406647767907,Constant,Constant
800,SI_ref_18,NaOH-activated SCW biochars,NPX,Secondary effluent,0.24701864815812044,0.6275406647767907,Constant,Constant
1156,SI_ref_17,Pristine SCG biochar,IBU,Synthetic,0.9684057270887299,0.6275406647767907,Constant,Constant
1158,SI_ref_17,Pristine SCG biochar,IBU,Synthetic,0.964180236157731,0.6275406647767907,Constant,Constant
1160,SI_ref_17,Pristine SCG biochar,IBU,Synthetic,0.9598191197252507,0.6275406647767907,Constant,Constant
1162,SI_ref_17,Pristine SCG biochar,IBU,Synthetic,0.9580437721935793,0.6275406647767907,Constant,Constant
1164,SI_ref_17,Pristine SCG biochar,IBU,Synthetic,0.9425460946241216,0.6275406647767907,Constant,Constant
1166,SI_ref_17,Pristine SCG biochar,IBU,Synthetic,0.9402369906408686,0.6275406647767907,Constant,Constant
1168,SI_ref_17,Pristine SCG biochar,IBU,Synthetic,0.9366107784098637,0.6275406647767907,Constant,Constant
1170,SI_ref_17,Pristine SCG biochar,IBU,Synthetic,0.7820004901373623,0.6275406647767907,Constant,Constant
1172,SI_ref_17,Pristine SCG biochar,IBU,Synthetic,0.9276141025756294,0.6275406647767907,Constant,Constant
1174,SI_ref_17,Pristine SCG biochar,IBU,Synthetic,0.918292455911169,0.6275406647767907,Constant,Constant
1176,SI_ref_17,Pristine SCG biochar,IBU,Synthetic,0.9133007565861092,0.6275406647767907,Constant,Constant
1178,SI_ref_17,Pristine SCG biochar,IBU,Synthetic,0.9182483670803396,0.6275406647767907,Constant,Constant
1180,SI_ref_17,Pristine SCG biochar,IBU,Synthetic,0.9167234922708469,0.6275406647767907,Constant,Constant
1182,SI_ref_17,Pristine SCG biochar,IBU,Synthetic,0.9122551436969301,0.6275406647767907,Constant,Constant
1184,SI_ref_17,Pristine SCG biochar,IBU,Synthetic,0.9484982246288517,0.6275406647767907,Constant,Constant
1186,SI_ref_17,Pristine SCG biochar,IBU,Synthetic,0.893754721851682,0.6275406647767907,Constant,Constant
1188,SI_ref_17,Pristine SCG biochar,IBU,Synthetic,0.8900227639990935,0.6275406647767907,Constant,Constant
1190,SI_ref_17,Pristine SCG biochar,IBU,Synthetic,0.924357415959487,0.6275406647767907,Constant,Constant
1192,SI_ref_17,Pristine SCG biochar,IBU,Synthetic,0.9226237248225028,0.6275406647767907,Constant,Constant
1194,SI_ref_17,Pristine SCG biochar,IBU,Synthetic,0.8857728699803085,0.6275406647767907,Constant,Constant
1254,SI_ref_18,Pristine SCW Biochar,IBU,Secondary effluent,0.9156726978407875,0.6275406647767907,Constant,Constant
1256,SI_ref_18,Pristine SCW Biochar,IBU,Secondary effluent,0.9079673942368781,0.6275406647767907,Constant,Constant
1258,SI_ref_18,Pristine SCW Biochar,IBU,Secondary effluent,0.9043236251446873,0.6275406647767907,Constant,Constant
1260,SI_ref_18,Pristine SCW Biochar,IBU,Secondary effluent,0.9020547983951682,0.6275406647767907,Constant,Constant
1262,SI_ref_18,Pristine SCW Biochar,IBU,Secondary effluent,0.9004882379050155,0.6275406647767907,Constant,Constant
1264,SI_ref_18,Pristine SCW Biochar,IBU,Secondary effluent,0.897458530238549,0.6275406647767907,Constant,Constant
1266,SI_ref_18,Pristine SCW Biochar,IBU,Secondary effluent,0.8973424975849196,0.6275406647767907,Constant,Constant
1267,SI_ref_18,Pristine SCW Biochar,IBU,Secondary effluent,0.8360939688333745,0.6275406647767907,Constant,Constant
1268,SI_ref_18,Pristine SCW Biochar,IBU,Secondary effluent,0.8984823855966844,0.6275406647767907,Constant,Constant
1270,SI_ref_18,Pristine SCW Biochar,IBU,Secondary effluent,0.8874692330465712,0.6275406647767907,Constant,Constant
1272,SI_ref_18,Pristine SCW Biochar,IBU,Secondary effluent,0.9012569556545285,0.6275406647767907,Constant,Constant
1274,SI_ref_18,Pristine SCW Biochar,IBU,Secondary effluent,0.8992057856547054,0.6275406647767907,Constant,Constant
1278,SI_ref_18,Pristine SCW Biochar,IBU,Secondary effluent,0.9165018852947014,0.6275406647767907,Constant,Constant
1282,SI_ref_18,Pristine SCW Biochar,IBU,Secondary effluent,0.9202396860047187,0.6275406647767907,Constant,Constant
1286,SI_ref_18,Pristine SCW Biochar,IBU,Secondary effluent,0.9152513064761528,0.6275406647767907,Constant,Constant
1290,SI_ref_18,Pristine SCW Biochar,IBU,Secondary effluent,0.9145713435205399,0.6275406647767907,Constant,Constant
1294,SI_ref_18,Pristine SCW Biochar,IBU,Secondary effluent,0.9194281493241605,0.6275406647767907,Constant,Constant
1299,SI_ref_18,Pristine SCW Biochar,IBU,Secondary effluent,0.891903218347585,0.6275406647767907,Constant,Constant
1301,SI_ref_18,Pristine SCW Biochar,IBU,Secondary effluent,0.9069133641489088,0.6275406647767907,Constant,Constant
1303,SI_ref_18,Pristine SCW Biochar,IBU,Secondary effluent,0.9145392250293353,0.6275406647767907,Constant,Constant
1304,SI_ref_18,Pristine SCW Biochar,IBU,Secondary effluent,0.911352956646831,0.6275406647767907,Constant,Constant
1305,SI_ref_18,Pristine SCW Biochar,IBU,Secondary effluent,0.8992133437264335,0.6275406647767907,Constant,Constant
1309,SI_ref_18,Pristine SCW Biochar,NPX,Secondary effluent,0.9276600601799115,0.6275406647767907,Constant,Constant
1311,SI_ref_18,Pristine SCW Biochar,NPX,Secondary effluent,0.9217275625657669,0.6275406647767907,Constant,Constant
1313,SI_ref_18,Pristine SCW Biochar,NPX,Secondary effluent,0.9151672500810683,0.6275406647767907,Constant,Constant
1315,SI_ref_18,Pristine SCW Biochar,NPX,Secondary effluent,0.914870212237198,0.6275406647767907,Constant,Constant
1317,SI_ref_18,Pristine SCW Biochar,NPX,Secondary effluent,0.9125118045566373,0.6275406647767907,Constant,Constant
1319,SI_ref_18,Pristine SCW Biochar,NPX,Secondary effluent,0.9122370962869346,0.6275406647767907,Constant,Constant
1321,SI_ref_18,Pristine SCW Biochar,NPX,Secondary effluent,0.9100475600528815,0.6275406647767907,Constant,Constant
1322,SI_ref_18,Pristine SCW Biochar,NPX,Secondary effluent,0.8724917016408669,0.6275406647767907,Constant,Constant
1323,SI_ref_18,Pristine SCW Biochar,NPX,Secondary effluent,0.9222871559920565,0.6275406647767907,Constant,Constant
1325,SI_ref_18,Pristine SCW Biochar,NPX,Secondary effluent,0.8954095327862793,0.6275406647767907,Constant,Constant
1327,SI_ref_18,Pristine SCW Biochar,NPX,Secondary effluent,0.9153416500332668,0.6275406647767907,Constant,Constant
1329,SI_ref_18,Pristine SCW Biochar,NPX,Secondary effluent,0.910898633301941,0.6275406647767907,Constant,Constant
1331,SI_ref_18,Pristine SCW Biochar,NPX,Secondary effluent,0.9081761980542199,0.6275406647767907,Constant,Constant
1333,SI_ref_18,Pristine SCW Biochar,NPX,Secondary effluent,0.9126518494691617,0.6275406647767907,Constant,Constant
1335,SI_ref_18,Pristine SCW Biochar,NPX,Secondary effluent,0.9091665914238204,0.6275406647767907,Constant,Constant
1337,SI_ref_18,Pristine SCW Biochar,NPX,Secondary effluent,0.9109852392346297,0.6275406647767907,Constant,Constant
1339,SI_ref_18,Pristine SCW Biochar,NPX,Secondary effluent,0.9170303341534803,0.6275406647767907,Constant,Constant
1341,SI_ref_18,Pristine SCW Biochar,NPX,Secondary effluent,0.9109021678864493,0.6275406647767907,Constant,Constant
1343,SI_ref_18,Pristine SCW Biochar,NPX,Secondary effluent,0.9138805167442893,0.6275406647767907,Constant,Constant
1345,SI_ref_18,Pristine SCW Biochar,NPX,Secondary effluent,0.9200278517039994,0.6275406647767907,Constant,Constant
1346,SI_ref_18,Pristine SCW Biochar,NPX,Secondary effluent,0.9136165317560039,0.6275406647767907,Constant,Constant
1347,SI_ref_18,Pristine SCW Biochar,NPX,Secondary effluent,0.9038576927569927,0.6275406647767907,Constant,Constant
189,SI_ref_17,Alkali-modified SCG biochars,IBU,Synthetic,0.6581206763788531,0.711793187391926,Operations,Operations
191,SI_ref_17,Alkali-modified SCG biochars,IBU,Synthetic,0.6239833523895453,0.6981635170783961,Operations,Operations
193,SI_ref_17,Alkali-modified SCG biochars,IBU,Synthetic,0.5119378819344518,0.6762633289440083,Operations,Operations
195,SI_ref_17,Alkali-modified SCG biochars,IBU,Synthetic,0.4585781550994164,0.6623619404441847,Operations,Operations
197,SI_ref_17,Alkali-modified SCG biochars,IBU,Synthetic,0.44243948810088646,0.65421616781315,Operations,Operations
199,SI_ref_17,Alkali-modified SCG biochars,IBU,Synthetic,0.4544355679658596,0.6484327594360096,Operations,Operations
201,SI_ref_17,Alkali-modified SCG biochars,IBU,Synthetic,0.39592651561701936,0.6426470271181,Operations,Operations
203,SI_ref_17,Alkali-modified SCG biochars,IBU,Synthetic,0.10913541523053398,0.5826312428920157,Operations,Operations
205,SI_ref_17,Alkali-modified SCG biochars,IBU,Synthetic,0.3052806700714839,0.6344896388047195,Operations,Operations
207,SI_ref_17,Alkali-modified SCG biochars,IBU,Synthetic,0.4311083753711556,0.6344896388047195,Operations,Operations
209,SI_ref_17,Alkali-modified SCG biochars,IBU,Synthetic,0.3789894895081609,0.6344896388047195,Operations,Operations
211,SI_ref_17,Alkali-modified SCG biochars,IBU,Synthetic,0.3304133868875155,0.6344896388047195,Operations,Operations
213,SI_ref_17,Alkali-modified SCG biochars,IBU,Synthetic,0.33928547446435453,0.6344896388047195,Operations,Operations
215,SI_ref_17,Alkali-modified SCG biochars,IBU,Synthetic,0.3234505141947598,0.6344896388047195,Operations,Operations
217,SI_ref_17,Alkali-modified SCG biochars,IBU,Synthetic,0.6889998443034063,0.6863480347174233,Operations,Operations
219,SI_ref_17,Alkali-modified SCG biochars,IBU,Synthetic,0.1184746430703935,0.6344896388047195,Operations,Operations
221,SI_ref_17,Alkali-modified SCG biochars,IBU,Synthetic,0.35446182653715885,0.6344896388047195,Operations,Operations
223,SI_ref_17,Alkali-modified SCG biochars,IBU,Synthetic,0.5365490577861332,0.6344896388047195,Operations,Operations
225,SI_ref_17,Alkali-modified SCG biochars,IBU,Synthetic,0.5901579894748284,0.6344896388047195,Operations,Operations
227,SI_ref_17,Alkali-modified SCG biochars,IBU,Synthetic,0.6910697148739985,0.6344896388047195,Operations,Operations
229,SI_ref_16,C-Biochar,ATE,Synthetic,0.8511111111111113,0.6166905143731729,Operations,Operations
230,SI_ref_16,C-Biochar,ATE,Synthetic,0.7400000000000001,0.6426197123295248,Operations,Operations
231,SI_ref_16,C-Biochar,ATE,Synthetic,0.7400000000000001,0.6864129634427056,Operations,Operations
232,SI_ref_16,C-Biochar,ATE,Synthetic,0.7453872053872055,0.6685489102858767,Operations,Operations
233,SI_ref_16,C-Biochar,ATE,Synthetic,0.8733333333333334,0.6685489102858767,Operations,Operations
234,SI_ref_16,C-Biochar,ATE,Synthetic,0.8288888888888891,0.6685489102858767,Operations,Operations
235,SI_ref_16,C-Biochar,ATE,Synthetic,0.8511111111111113,0.6685489102858767,Operations,Operations
236,SI_ref_16,C-Biochar,ATE,Synthetic,0.7844444444444446,0.6685489102858767,Operations,Operations
237,SI_ref_16,C-Biochar,ATE,Synthetic,0.8733333333333334,0.6685489102858767,Operations,Operations
238,SI_ref_16,C-Biochar,ATE,Synthetic,0.6733333333333335,0.6506848571290478,Operations,Operations
239,SI_ref_16,C-Biochar,ATE,Synthetic,0.6511111111111112,0.6328208039722188,Operations,Operations
240,SI_ref_16,C-Biochar,ATE,Synthetic,0.6288888888888889,0.6944781082422286,Operations,Operations
241,SI_ref_16,C-Biochar,ATE,Synthetic,0.7774074074074075,0.6685489102858767,Operations,Operations
242,SI_ref_16,C-Biochar,ATE,Synthetic,0.7824691358024691,0.6685489102858767,Operations,Operations
243,SI_ref_16,C-Biochar,ATE,Synthetic,0.8257777777777777,0.6685489102858767,Operations,Operations
244,SI_ref_16,C-Biochar,ATE,Synthetic,0.8438888888888889,0.6685489102858767,Operations,Operations
245,SI_ref_16,C-Biochar,ATE,Synthetic,0.8562222222222223,0.6685489102858767,Operations,Operations
263,SI_ref_16,C-Biochar,IBU,Synthetic,0.5333333333333333,0.6166138815145893,Operations,Operations
264,SI_ref_16,C-Biochar,IBU,Synthetic,0.7333333333333333,0.6425430794709412,Operations,Operations
265,SI_ref_16,C-Biochar,IBU,Synthetic,0.6000000000000001,0.686336330584122,Operations,Operations
266,SI_ref_16,C-Biochar,IBU,Synthetic,0.6121212121212122,0.6684722774272931,Operations,Operations
267,SI_ref_16,C-Biochar,IBU,Synthetic,0.7333333333333333,0.6684722774272931,Operations,Operations
268,SI_ref_16,C-Biochar,IBU,Synthetic,0.5333333333333333,0.6684722774272931,Operations,Operations
269,SI_ref_16,C-Biochar,IBU,Synthetic,0.4666666666666666,0.6684722774272931,Operations,Operations
270,SI_ref_16,C-Biochar,IBU,Synthetic,0.5555555555555556,0.6684722774272931,Operations,Operations
271,SI_ref_16,C-Biochar,IBU,Synthetic,0.6000000000000001,0.6684722774272931,Operations,Operations
272,SI_ref_16,C-Biochar,IBU,Synthetic,0.6000000000000001,0.6506082242704642,Operations,Operations
273,SI_ref_16,C-Biochar,IBU,Synthetic,0.6000000000000001,0.6327441711136352,Operations,Operations
274,SI_ref_16,C-Biochar,IBU,Synthetic,1.0666666666666667,0.6944014753836449,Operations,Operations
275,SI_ref_16,C-Biochar,IBU,Synthetic,0.5277777777777777,0.6684722774272931,Operations,Operations
276,SI_ref_16,C-Biochar,IBU,Synthetic,0.7,0.6684722774272931,Operations,Operations
277,SI_ref_16,C-Biochar,IBU,Synthetic,0.7844444444444444,0.6684722774272931,Operations,Operations
278,SI_ref_16,C-Biochar,IBU,Synthetic,0.8430555555555557,0.6684722774272931,Operations,Operations
279,SI_ref_16,C-Biochar,IBU,Synthetic,0.861111111111111,0.6684722774272931,Operations,Operations
354,SI_ref_14,GCRB,DIU,Synthetic,0.983291565929579,0.6080599499057328,Operations,Operations
355,SI_ref_14,GCRB,DIU,Synthetic,0.9782739977994132,0.594430279592203,Operations,Operations
356,SI_ref_14,GCRB,DIU,Synthetic,0.9708791324637501,0.5806389181782567,Operations,Operations
357,SI_ref_14,GCRB,DIU,Synthetic,0.964507517643233,0.5667652071566266,Operations,Operations
358,SI_ref_14,GCRB,DIU,Synthetic,0.960647920928618,0.5528499368278196,Operations,Operations
359,SI_ref_14,GCRB,DIU,Synthetic,0.9584857336381704,0.5446995219498165,Operations,Operations
360,SI_ref_14,GCRB,DIU,Synthetic,0.9536869714697045,0.5389137896319067,Operations,Operations
361,SI_ref_14,GCRB,DIU,Synthetic,0.9291396445453227,0.4788980054058226,Operations,Operations
362,SI_ref_14,GCRB,DIU,Synthetic,0.9775416982957918,0.5486204544753553,Operations,Operations
363,SI_ref_14,GCRB,DIU,Synthetic,0.9527369648004039,0.5307564013185264,Operations,Operations
364,SI_ref_14,GCRB,DIU,Synthetic,0.9478201604463821,0.5307564013185264,Operations,Operations
365,SI_ref_14,GCRB,DIU,Synthetic,0.9265327424413893,0.5307564013185264,Operations,Operations
366,SI_ref_14,GCRB,DIU,Synthetic,0.9253239651903417,0.5307564013185264,Operations,Operations
367,SI_ref_14,GCRB,DIU,Synthetic,0.9238760352548926,0.5307564013185264,Operations,Operations
368,SI_ref_14,GCRB,DIU,Synthetic,0.9417552695951205,0.5128923481616975,Operations,Operations
369,SI_ref_14,GCRB,DIU,Synthetic,0.9147016410628197,0.5128923481616975,Operations,Operations
370,SI_ref_14,GCRB,DIU,Synthetic,0.9192051981667979,0.5826147972312301,Operations,Operations
371,SI_ref_14,GCRB,DIU,Synthetic,0.9535021691371877,0.5307564013185264,Operations,Operations
372,SI_ref_14,GCRB,DIU,Synthetic,0.9661748102299111,0.5307564013185264,Operations,Operations
373,SI_ref_14,GCRB,DIU,Synthetic,1.0173780045422414,0.5307564013185264,Operations,Operations
374,SI_ref_14,GCRB,DIU,Synthetic,1.0082496176169822,0.5307564013185264,Operations,Operations
375,SI_ref_14,GCRB,DIU,Synthetic,0.9496862840784065,0.5307564013185264,Operations,Operations
439,SI_ref_14,GCRB-N,DIU,Synthetic,0.6654043880576614,0.6080599499057328,Operations,Operations
440,SI_ref_14,GCRB-N,DIU,Synthetic,0.5844535743219663,0.594430279592203,Operations,Operations
441,SI_ref_14,GCRB-N,DIU,Synthetic,0.5079200907404222,0.5806389181782567,Operations,Operations
442,SI_ref_14,GCRB-N,DIU,Synthetic,0.37854626102465844,0.5667652071566266,Operations,Operations
443,SI_ref_14,GCRB-N,DIU,Synthetic,0.26690125827656935,0.5528499368278196,Operations,Operations
444,SI_ref_14,GCRB-N,DIU,Synthetic,0.2332409918272794,0.5446995219498165,Operations,Operations
445,SI_ref_14,GCRB-N,DIU,Synthetic,0.1951305004086504,0.5389137896319067,Operations,Operations
446,SI_ref_14,GCRB-N,DIU,Synthetic,0.2075726875081201,0.4788980054058226,Operations,Operations
447,SI_ref_14,GCRB-N,DIU,Synthetic,0.26826652394124667,0.5486204544753553,Operations,Operations
448,SI_ref_14,GCRB-N,DIU,Synthetic,0.1819381767074788,0.5307564013185264,Operations,Operations
449,SI_ref_14,GCRB-N,DIU,Synthetic,0.15093015054787579,0.5128923481616975,Operations,Operations
450,SI_ref_14,GCRB-N,DIU,Synthetic,0.1736169508150928,0.5128923481616975,Operations,Operations
451,SI_ref_14,GCRB-N,DIU,Synthetic,0.16382165003373128,0.5826147972312301,Operations,Operations
452,SI_ref_14,GCRB-N,DIU,Synthetic,0.1932052297084895,0.5307564013185264,Operations,Operations
453,SI_ref_14,GCRB-N,DIU,Synthetic,0.1683505359330984,0.5307424326578852,Operations,Operations
454,SI_ref_14,GCRB-N,DIU,Synthetic,0.1647692025710552,0.5307284736808917,Operations,Operations
455,SI_ref_14,GCRB-N,DIU,Synthetic,0.3384549122360595,0.5307284736808917,Operations,Operations
456,SI_ref_14,GCRB-N,DIU,Synthetic,0.1402528461142079,0.530714524374129,Operations,Operations
457,SI_ref_14,GCRB-N,DIU,Synthetic,0.5187315058108145,0.530714524374129,Operations,Operations
458,SI_ref_14,GCRB-N,DIU,Synthetic,0.12629127082807837,0.530700584724208,Operations,Operations
459,SI_ref_14,GCRB-N,DIU,Synthetic,0.6455190877003087,0.530700584724208,Operations,Operations
460,SI_ref_14,GCRB-N,DIU,Synthetic,0.12138562309836234,0.5306866547177674,Operations,Operations
461,SI_ref_14,GCRB-N,DIU,Synthetic,0.6666027581171994,0.5306866547177674,Operations,Operations
462,SI_ref_14,GCRB-N,DIU,Synthetic,0.16773925939532233,0.5306727343414739,Operations,Operations
463,SI_ref_14,GCRB-N,DIU,Synthetic,0.15967117649899737,0.5306588235820213,Operations,Operations
464,SI_ref_14,GCRB-N,DIU,Synthetic,0.27418422723714847,0.5306588235820213,Operations,Operations
465,SI_ref_14,GCRB-N,DIU,Synthetic,0.1405827183894587,0.5306449224261315,Operations,Operations
466,SI_ref_14,GCRB-N,DIU,Synthetic,0.5605758859577746,0.5306449224261315,Operations,Operations
467,SI_ref_14,GCRB-N,DIU,Synthetic,0.13173953864692908,0.5306310308605534,Operations,Operations
468,SI_ref_14,GCRB-N,DIU,Synthetic,0.6564705601884918,0.5306310308605534,Operations,Operations
469,SI_ref_14,GCRB-N,DIU,Synthetic,0.12617131727344172,0.5306171488720638,Operations,Operations
470,SI_ref_14,GCRB-N,DIU,Synthetic,0.6552893507455957,0.5306171488720638,Operations,Operations
471,SI_ref_14,GCRB-N,DIU,Synthetic,0.1676281074261493,0.5306032764474664,Operations,Operations
472,SI_ref_14,GCRB-N,DIU,Synthetic,0.1622201895350263,0.5305894135735924,Operations,Operations
473,SI_ref_14,GCRB-N,DIU,Synthetic,0.31928006415696586,0.5305894135735924,Operations,Operations
474,SI_ref_14,GCRB-N,DIU,Synthetic,0.14041778225183332,0.5305755602372999,Operations,Operations
475,SI_ref_14,GCRB-N,DIU,Synthetic,0.5410485473017326,0.5305755602372999,Operations,Operations
476,SI_ref_14,GCRB-N,DIU,Synthetic,0.12901540473750372,0.5305617164254747,Operations,Operations
477,SI_ref_14,GCRB-N,DIU,Synthetic,0.6413243626564091,0.5305617164254747,Operations,Operations
478,SI_ref_14,GCRB-N,DIU,Synthetic,0.12377847018590202,0.5305478821250289,Operations,Operations
479,SI_ref_14,GCRB-N,DIU,Synthetic,0.665837914589971,0.5305478821250289,Operations,Operations
699,SI_ref_18,NaOH-activated SCW biochars,IBU,Secondary effluent,0.8098199350756726,0.8027492075793791,Operations,Operations
701,SI_ref_18,NaOH-activated SCW biochars,IBU,Secondary effluent,0.7485969905050348,0.7891195372658493,Operations,Operations
703,SI_ref_18,NaOH-activated SCW biochars,IBU,Secondary effluent,0.6850179499229786,0.7753281758519031,Operations,Operations
705,SI_ref_18,NaOH-activated SCW biochars,IBU,Secondary effluent,0.6861011679416551,0.7614544648302729,Operations,Operations
707,SI_ref_18,NaOH-activated SCW biochars,IBU,Secondary effluent,0.6799185617433835,0.7475391945014659,Operations,Operations
709,SI_ref_18,NaOH-activated SCW biochars,IBU,Secondary effluent,0.6765813990931481,0.7393887796234628,Operations,Operations
711,SI_ref_18,NaOH-activated SCW biochars,IBU,Secondary effluent,0.6777803451607008,0.733603047305553,Operations,Operations
713,SI_ref_18,NaOH-activated SCW biochars,IBU,Secondary effluent,0.19946424836974086,0.7254456589921727,Operations,Operations
715,SI_ref_18,NaOH-activated SCW biochars,IBU,Secondary effluent,0.45728603839109744,0.7254456589921727,Operations,Operations
717,SI_ref_18,NaOH-activated SCW biochars,IBU,Secondary effluent,0.5431517029603264,0.6995164610358208,Operations,Operations
719,SI_ref_18,NaOH-activated SCW biochars,IBU,Secondary effluent,0.6932620426015607,0.7433097121490017,Operations,Operations
721,SI_ref_18,NaOH-activated SCW biochars,IBU,Secondary effluent,0.675113405421536,0.7254456589921727,Operations,Operations
725,SI_ref_18,NaOH-activated SCW biochars,IBU,Secondary effluent,0.6458796718925713,0.7254456589921727,Operations,Operations
729,SI_ref_18,NaOH-activated SCW biochars,IBU,Secondary effluent,0.6230174196820357,0.7254456589921727,Operations,Operations
733,SI_ref_18,NaOH-activated SCW biochars,IBU,Secondary effluent,0.6232264558664639,0.7254456589921727,Operations,Operations
737,SI_ref_18,NaOH-activated SCW biochars,IBU,Secondary effluent,0.6321330290401536,0.7254456589921727,Operations,Operations
741,SI_ref_18,NaOH-activated SCW biochars,IBU,Secondary effluent,0.6274964829882473,0.7254456589921727,Operations,Operations
746,SI_ref_18,NaOH-activated SCW biochars,IBU,Secondary effluent,0.6482993087024828,0.7075816058353438,Operations,Operations
748,SI_ref_18,NaOH-activated SCW biochars,IBU,Secondary effluent,0.7478636767346728,0.7513748569485246,Operations,Operations
750,SI_ref_18,NaOH-activated SCW biochars,IBU,Secondary effluent,0.811827151849907,0.7773040549048764,Operations,Operations
752,SI_ref_18,NaOH-activated SCW biochars,IBU,Secondary effluent,0.7252319435730717,0.7254456589921727,Operations,Operations
754,SI_ref_18,NaOH-activated SCW biochars,IBU,Secondary effluent,0.7786423949758233,0.7254456589921727,Operations,Operations
758,SI_ref_18,NaOH-activated SCW biochars,NPX,Secondary effluent,0.5521972966156422,0.5948777919588125,Operations,Operations
760,SI_ref_18,NaOH-activated SCW biochars,NPX,Secondary effluent,0.4814245289032641,0.5812481216452826,Operations,Operations
762,SI_ref_18,NaOH-activated SCW biochars,NPX,Secondary effluent,0.34455951981715066,0.5674567602313364,Operations,Operations
764,SI_ref_18,NaOH-activated SCW biochars,NPX,Secondary effluent,0.2493517679350271,0.5535830492097062,Operations,Operations
766,SI_ref_18,NaOH-activated SCW biochars,NPX,Secondary effluent,0.16764900163614713,0.5396677788808992,Operations,Operations
768,SI_ref_18,NaOH-activated SCW biochars,NPX,Secondary effluent,0.12846350911521487,0.5315173640028962,Operations,Operations
770,SI_ref_18,NaOH-activated SCW biochars,NPX,Secondary effluent,0.12873702561203082,0.5257316316849865,Operations,Operations
772,SI_ref_18,NaOH-activated SCW biochars,NPX,Secondary effluent,0.026110640989477824,0.5175742433716062,Operations,Operations
774,SI_ref_18,NaOH-activated SCW biochars,NPX,Secondary effluent,0.054870517105304405,0.5175742433716062,Operations,Operations
776,SI_ref_18,NaOH-activated SCW biochars,NPX,Secondary effluent,0.048092629555703405,0.4916450454152542,Operations,Operations
778,SI_ref_18,NaOH-activated SCW biochars,NPX,Secondary effluent,0.16521082834331338,0.535438296528435,Operations,Operations
780,SI_ref_18,NaOH-activated SCW biochars,NPX,Secondary effluent,0.11864589305153721,0.5175742433716062,Operations,Operations
782,SI_ref_18,NaOH-activated SCW biochars,NPX,Secondary effluent,0.10983576367726838,0.5175742433716062,Operations,Operations
784,SI_ref_18,NaOH-activated SCW biochars,NPX,Secondary effluent,0.10668866579384965,0.5175742433716062,Operations,Operations
786,SI_ref_18,NaOH-activated SCW biochars,NPX,Secondary effluent,0.08538292965546301,0.5175742433716062,Operations,Operations
788,SI_ref_18,NaOH-activated SCW biochars,NPX,Secondary effluent,0.09141898602740345,0.5175742433716062,Operations,Operations
790,SI_ref_18,NaOH-activated SCW biochars,NPX,Secondary effluent,0.11725913824368146,0.5175742433716062,Operations,Operations
792,SI_ref_18,NaOH-activated SCW biochars,NPX,Secondary effluent,0.10630651659643675,0.4997101902147772,Operations,Operations
794,SI_ref_18,NaOH-activated SCW biochars,NPX,Secondary effluent,0.2275589654025283,0.543503441327958,Operations,Operations
796,SI_ref_18,NaOH-activated SCW biochars,NPX,Secondary effluent,0.27043202483921047,0.5694326392843099,Operations,Operations
798,SI_ref_18,NaOH-activated SCW biochars,NPX,Secondary effluent,0.15082313311850198,0.5175742433716062,Operations,Operations
800,SI_ref_18,NaOH-activated SCW biochars,NPX,Secondary effluent,0.24701864815812044,0.5175742433716062,Operations,Operations
1156,SI_ref_17,Pristine SCG biochar,IBU,Synthetic,0.9684057270887299,0.711793187391926,Operations,Operations
1158,SI_ref_17,Pristine SCG biochar,IBU,Synthetic,0.964180236157731,0.6981635170783961,Operations,Operations
1160,SI_ref_17,Pristine SCG biochar,IBU,Synthetic,0.9598191197252507,0.6762633289440083,Operations,Operations
1162,SI_ref_17,Pristine SCG biochar,IBU,Synthetic,0.9580437721935793,0.6623619404441847,Operations,Operations
1164,SI_ref_17,Pristine SCG biochar,IBU,Synthetic,0.9425460946241216,0.65421616781315,Operations,Operations
1166,SI_ref_17,Pristine SCG biochar,IBU,Synthetic,0.9402369906408686,0.6484327594360096,Operations,Operations
1168,SI_ref_17,Pristine SCG biochar,IBU,Synthetic,0.9366107784098637,0.6426470271181,Operations,Operations
1170,SI_ref_17,Pristine SCG biochar,IBU,Synthetic,0.7820004901373623,0.5826312428920157,Operations,Operations
1172,SI_ref_17,Pristine SCG biochar,IBU,Synthetic,0.9276141025756294,0.6344896388047195,Operations,Operations
1174,SI_ref_17,Pristine SCG biochar,IBU,Synthetic,0.918292455911169,0.6344896388047195,Operations,Operations
1176,SI_ref_17,Pristine SCG biochar,IBU,Synthetic,0.9133007565861092,0.6344896388047195,Operations,Operations
1178,SI_ref_17,Pristine SCG biochar,IBU,Synthetic,0.9182483670803396,0.6344896388047195,Operations,Operations
1180,SI_ref_17,Pristine SCG biochar,IBU,Synthetic,0.9167234922708469,0.6344896388047195,Operations,Operations
1182,SI_ref_17,Pristine SCG biochar,IBU,Synthetic,0.9122551436969301,0.6344896388047195,Operations,Operations
1184,SI_ref_17,Pristine SCG biochar,IBU,Synthetic,0.9484982246288517,0.6863480347174233,Operations,Operations
1186,SI_ref_17,Pristine SCG biochar,IBU,Synthetic,0.893754721851682,0.6344896388047195,Operations,Operations
1188,SI_ref_17,Pristine SCG biochar,IBU,Synthetic,0.8900227639990935,0.6344896388047195,Operations,Operations
1190,SI_ref_17,Pristine SCG biochar,IBU,Synthetic,0.924357415959487,0.6344896388047195,Operations,Operations
1192,SI_ref_17,Pristine SCG biochar,IBU,Synthetic,0.9226237248225028,0.6344896388047195,Operations,Operations
1194,SI_ref_17,Pristine SCG biochar,IBU,Synthetic,0.8857728699803085,0.6344896388047195,Operations,Operations
1254,SI_ref_18,Pristine SCW Biochar,IBU,Secondary effluent,0.9156726978407875,0.8027492075793791,Operations,Operations
1256,SI_ref_18,Pristine SCW Biochar,IBU,Secondary effluent,0.9079673942368781,0.7891195372658493,Operations,Operations
1258,SI_ref_18,Pristine SCW Biochar,IBU,Secondary effluent,0.9043236251446873,0.7753281758519031,Operations,Operations
1260,SI_ref_18,Pristine SCW Biochar,IBU,Secondary effluent,0.9020547983951682,0.7614544648302729,Operations,Operations
1262,SI_ref_18,Pristine SCW Biochar,IBU,Secondary effluent,0.9004882379050155,0.7475391945014659,Operations,Operations
1264,SI_ref_18,Pristine SCW Biochar,IBU,Secondary effluent,0.897458530238549,0.7393887796234628,Operations,Operations
1266,SI_ref_18,Pristine SCW Biochar,IBU,Secondary effluent,0.8973424975849196,0.733603047305553,Operations,Operations
1267,SI_ref_18,Pristine SCW Biochar,IBU,Secondary effluent,0.8360939688333745,0.7254456589921727,Operations,Operations
1268,SI_ref_18,Pristine SCW Biochar,IBU,Secondary effluent,0.8984823855966844,0.7254456589921727,Operations,Operations
1270,SI_ref_18,Pristine SCW Biochar,IBU,Secondary effluent,0.8874692330465712,0.6995164610358208,Operations,Operations
1272,SI_ref_18,Pristine SCW Biochar,IBU,Secondary effluent,0.9012569556545285,0.7433097121490017,Operations,Operations
1274,SI_ref_18,Pristine SCW Biochar,IBU,Secondary effluent,0.8992057856547054,0.7254456589921727,Operations,Operations
1278,SI_ref_18,Pristine SCW Biochar,IBU,Secondary effluent,0.9165018852947014,0.7254456589921727,Operations,Operations
1282,SI_ref_18,Pristine SCW Biochar,IBU,Secondary effluent,0.9202396860047187,0.7254456589921727,Operations,Operations
1286,SI_ref_18,Pristine SCW Biochar,IBU,Secondary effluent,0.9152513064761528,0.7254456589921727,Operations,Operations
1290,SI_ref_18,Pristine SCW Biochar,IBU,Secondary effluent,0.9145713435205399,0.7254456589921727,Operations,Operations
1294,SI_ref_18,Pristine SCW Biochar,IBU,Secondary effluent,0.9194281493241605,0.7254456589921727,Operations,Operations
1299,SI_ref_18,Pristine SCW Biochar,IBU,Secondary effluent,0.891903218347585,0.7075816058353438,Operations,Operations
1301,SI_ref_18,Pristine SCW Biochar,IBU,Secondary effluent,0.9069133641489088,0.7513748569485246,Operations,Operations
1303,SI_ref_18,Pristine SCW Biochar,IBU,Secondary effluent,0.9145392250293353,0.7773040549048764,Operations,Operations
1304,SI_ref_18,Pristine SCW Biochar,IBU,Secondary effluent,0.911352956646831,0.7254456589921727,Operations,Operations
1305,SI_ref_18,Pristine SCW Biochar,IBU,Secondary effluent,0.8992133437264335,0.7254456589921727,Operations,Operations
1309,SI_ref_18,Pristine SCW Biochar,NPX,Secondary effluent,0.9276600601799115,0.5948777919588125,Operations,Operations
1311,SI_ref_18,Pristine SCW Biochar,NPX,Secondary effluent,0.9217275625657669,0.5812481216452826,Operations,Operations
1313,SI_ref_18,Pristine SCW Biochar,NPX,Secondary effluent,0.9151672500810683,0.5674567602313364,Operations,Operations
1315,SI_ref_18,Pristine SCW Biochar,NPX,Secondary effluent,0.914870212237198,0.5535830492097062,Operations,Operations
1317,SI_ref_18,Pristine SCW Biochar,NPX,Secondary effluent,0.9125118045566373,0.5396677788808992,Operations,Operations
1319,SI_ref_18,Pristine SCW Biochar,NPX,Secondary effluent,0.9122370962869346,0.5315173640028962,Operations,Operations
1321,SI_ref_18,Pristine SCW Biochar,NPX,Secondary effluent,0.9100475600528815,0.5257316316849865,Operations,Operations
1322,SI_ref_18,Pristine SCW Biochar,NPX,Secondary effluent,0.8724917016408669,0.5175742433716062,Operations,Operations
1323,SI_ref_18,Pristine SCW Biochar,NPX,Secondary effluent,0.9222871559920565,0.5175742433716062,Operations,Operations
1325,SI_ref_18,Pristine SCW Biochar,NPX,Secondary effluent,0.8954095327862793,0.4916450454152542,Operations,Operations
1327,SI_ref_18,Pristine SCW Biochar,NPX,Secondary effluent,0.9153416500332668,0.535438296528435,Operations,Operations
1329,SI_ref_18,Pristine SCW Biochar,NPX,Secondary effluent,0.910898633301941,0.5175742433716062,Operations,Operations
1331,SI_ref_18,Pristine SCW Biochar,NPX,Secondary effluent,0.9081761980542199,0.5175742433716062,Operations,Operations
1333,SI_ref_18,Pristine SCW Biochar,NPX,Secondary effluent,0.9126518494691617,0.5175742433716062,Operations,Operations
1335,SI_ref_18,Pristine SCW Biochar,NPX,Secondary effluent,0.9091665914238204,0.5175742433716062,Operations,Operations
1337,SI_ref_18,Pristine SCW Biochar,NPX,Secondary effluent,0.9109852392346297,0.5175742433716062,Operations,Operations
1339,SI_ref_18,Pristine SCW Biochar,NPX,Secondary effluent,0.9170303341534803,0.5175742433716062,Operations,Operations
1341,SI_ref_18,Pristine SCW Biochar,NPX,Secondary effluent,0.9109021678864493,0.4997101902147772,Operations,Operations
1343,SI_ref_18,Pristine SCW Biochar,NPX,Secondary effluent,0.9138805167442893,0.543503441327958,Operations,Operations
1345,SI_ref_18,Pristine SCW Biochar,NPX,Secondary effluent,0.9200278517039994,0.5694326392843099,Operations,Operations
1346,SI_ref_18,Pristine SCW Biochar,NPX,Secondary effluent,0.9136165317560039,0.5175742433716062,Operations,Operations
1347,SI_ref_18,Pristine SCW Biochar,NPX,Secondary effluent,0.9038576927569927,0.5175742433716062,Operations,Operations
