condition_id,source_candidate,Adsorbent,Pollutant,Wastewater type,r,prediction,strategy,id
852,SI_ref_13,PB600,CBZ,Synthetic,0.5776772247360483,0.9258177313396643,ARD,ARD_1
853,SI_ref_13,PB600,CBZ,Synthetic,0.5656108597285068,0.9119285390688212,ARD,ARD_1
854,SI_ref_13,PB600,CBZ,Synthetic,0.5475113122171945,0.8978745769443789,ARD,ARD_1
855,SI_ref_13,PB600,CBZ,Synthetic,0.4479638009049774,0.8896113504084175,ARD,ARD_1
856,SI_ref_13,PB600,CBZ,Synthetic,0.45098039215686275,0.8754452661771599,ARD,ARD_1
857,SI_ref_13,PB600,CBZ,Synthetic,0.42684766214177977,0.8671443902451351,ARD,ARD_1
858,SI_ref_13,PB600,CBZ,Synthetic,0.32437120555073723,0.8612508602416128,ARD,ARD_1
859,SI_ref_13,PB600,CBZ,Synthetic,0.4773489932885906,0.8612508602416128,ARD,ARD_1
860,SI_ref_13,PB600,CBZ,Synthetic,0.4437372714068248,0.8612508602416128,ARD,ARD_1
861,SI_ref_13,PB600,CBZ,Synthetic,0.35791881074899945,0.8612508602416128,ARD,ARD_1
862,SI_ref_13,PB600,CBZ,Synthetic,0.32426715019643393,0.8612508602416128,ARD,ARD_1
863,SI_ref_13,PB600,CBZ,Synthetic,0.24055829228243014,0.8612508602416128,ARD,ARD_1
864,SI_ref_13,PB600,CBZ,Synthetic,0.44839549002601903,0.8612508602416128,ARD,ARD_1
865,SI_ref_13,PB600,CBZ,Synthetic,0.5528523489932886,0.8612508602416128,ARD,ARD_1
866,SI_ref_13,PB600,CBZ,Synthetic,0.5653368025440879,0.8612508602416128,ARD,ARD_1
867,SI_ref_13,PB600,CBZ,Synthetic,0.6235906331309627,0.8612508602416128,ARD,ARD_1
868,SI_ref_13,PB600,CBZ,Synthetic,0.6991037872217403,0.8612508602416128,ARD,ARD_1
869,SI_ref_13,PB600,CBZ,Synthetic,0.7401395944327428,0.8612508602416128,ARD,ARD_1
870,SI_ref_13,PB600,CBZ,Synthetic,0.8642533936651583,0.8470422492591956,ARD,ARD_1
871,SI_ref_13,PB600,CBZ,Synthetic,0.6953242835595775,0.8470422492591956,ARD,ARD_1
872,SI_ref_13,PB600,CBZ,Synthetic,0.4479638009049774,0.8470422492591956,ARD,ARD_1
873,SI_ref_13,PB600,CBZ,Synthetic,0.36651583710407243,0.8470422492591956,ARD,ARD_1
874,SI_ref_13,PB600,CBZ,Synthetic,0.248868778280543,0.8470422492591956,ARD,ARD_1
875,SI_ref_13,PB600,IBU,Synthetic,0.7639925373134329,0.9656047628646409,ARD,ARD_1
876,SI_ref_13,PB600,IBU,Synthetic,0.7266791044776119,0.9517155705937979,ARD,ARD_1
877,SI_ref_13,PB600,IBU,Synthetic,0.7328980099502487,0.9376616084693555,ARD,ARD_1
878,SI_ref_13,PB600,IBU,Synthetic,0.7391169154228855,0.9293983819333943,ARD,ARD_1
879,SI_ref_13,PB600,IBU,Synthetic,0.6707089552238806,0.9152322977021367,ARD,ARD_1
880,SI_ref_13,PB600,IBU,Synthetic,0.5898631840796019,0.9069314217701119,ARD,ARD_1
881,SI_ref_13,PB600,IBU,Synthetic,0.2096102913356035,0.9010378917665895,ARD,ARD_1
882,SI_ref_13,PB600,IBU,Synthetic,0.7328980099502488,0.9010378917665895,ARD,ARD_1
883,SI_ref_13,PB600,IBU,Synthetic,0.611373922124096,0.9010378917665895,ARD,ARD_1
884,SI_ref_13,PB600,IBU,Synthetic,0.6847133757961785,0.9010378917665895,ARD,ARD_1
885,SI_ref_13,PB600,IBU,Synthetic,0.4580645161290322,0.9010378917665895,ARD,ARD_1
886,SI_ref_13,PB600,IBU,Synthetic,0.29347826086956524,0.9010378917665895,ARD,ARD_1
887,SI_ref_13,PB600,IBU,Synthetic,0.5772919064058304,0.9010378917665895,ARD,ARD_1
888,SI_ref_13,PB600,IBU,Synthetic,0.5887993862677406,0.9010378917665895,ARD,ARD_1
889,SI_ref_13,PB600,IBU,Synthetic,0.7258796821793417,0.9010378917665895,ARD,ARD_1
890,SI_ref_13,PB600,IBU,Synthetic,0.766427039979821,0.9010378917665895,ARD,ARD_1
891,SI_ref_13,PB600,IBU,Synthetic,0.8162693908437383,0.9010378917665895,ARD,ARD_1
892,SI_ref_13,PB600,IBU,Synthetic,0.8533052267445003,0.9010378917665895,ARD,ARD_1
893,SI_ref_13,PB600,IBU,Synthetic,0.9327073552425663,0.8868292807841722,ARD,ARD_1
894,SI_ref_13,PB600,IBU,Synthetic,0.6275430359937403,0.8868292807841722,ARD,ARD_1
895,SI_ref_13,PB600,IBU,Synthetic,0.35367762128325514,0.8868292807841722,ARD,ARD_1
896,SI_ref_13,PB600,IBU,Synthetic,0.4798506002849601,0.8868292807841722,ARD,ARD_1
897,SI_ref_13,PB600,IBU,Synthetic,0.2754303599374022,0.8868292807841722,ARD,ARD_1
898,SI_ref_13,PB600,CBZ,Synthetic,0.244663382594417,0.8612508602416128,ARD,ARD_1
899,SI_ref_13,PB800,CBZ,Synthetic,0.27061079156395507,0.7890984945652197,ARD,ARD_1
900,SI_ref_13,PB800,CBZ,Synthetic,0.22678718159408381,0.7752093022943767,ARD,ARD_1
901,SI_ref_13,PB800,CBZ,Synthetic,0.18844152287044644,0.7611553401699342,ARD,ARD_1
902,SI_ref_13,PB800,CBZ,Synthetic,0.17748562037797863,0.752892113633973,ARD,ARD_1
903,SI_ref_13,PB800,CBZ,Synthetic,0.16379074226239385,0.7387260294027154,ARD,ARD_1
904,SI_ref_13,PB800,CBZ,Synthetic,0.155573815393043,0.7304251534706906,ARD,ARD_1
905,SI_ref_13,PB800,CBZ,Synthetic,0.08520900321543408,0.7245316234671683,ARD,ARD_1
906,SI_ref_13,PB800,CBZ,Synthetic,0.16135346756152125,0.7245316234671683,ARD,ARD_1
907,SI_ref_13,PB800,CBZ,Synthetic,0.1561792870827899,0.7245316234671683,ARD,ARD_1
908,SI_ref_13,PB800,CBZ,Synthetic,0.13676633444075306,0.7245316234671683,ARD,ARD_1
909,SI_ref_13,PB800,CBZ,Synthetic,0.1002310803004044,0.7245316234671683,ARD,ARD_1
910,SI_ref_13,PB800,CBZ,Synthetic,0.04322336667164253,0.7245316234671683,ARD,ARD_1
911,SI_ref_13,PB800,CBZ,Synthetic,0.20609619686800895,0.7245316234671683,ARD,ARD_1
912,SI_ref_13,PB800,CBZ,Synthetic,0.1865212527964206,0.7245316234671683,ARD,ARD_1
913,SI_ref_13,PB800,CBZ,Synthetic,0.28121650589496244,0.7245316234671683,ARD,ARD_1
914,SI_ref_13,PB800,CBZ,Synthetic,0.36611289746337977,0.7245316234671683,ARD,ARD_1
915,SI_ref_13,PB800,CBZ,Synthetic,0.5117363344051448,0.7245316234671683,ARD,ARD_1
916,SI_ref_13,PB800,CBZ,Synthetic,0.5707012708620426,0.7245316234671683,ARD,ARD_1
917,SI_ref_13,PB800,CBZ,Synthetic,0.5791052918712493,0.710323012484751,ARD,ARD_1
918,SI_ref_13,PB800,CBZ,Synthetic,0.30905619203491547,0.710323012484751,ARD,ARD_1
919,SI_ref_13,PB800,CBZ,Synthetic,0.16448445171849424,0.710323012484751,ARD,ARD_1
920,SI_ref_13,PB800,CBZ,Synthetic,0.12460736493062231,0.710323012484751,ARD,ARD_1
921,SI_ref_13,PB800,CBZ,Synthetic,0.08265139116202945,0.710323012484751,ARD,ARD_1
922,SI_ref_13,PB800,IBU,Synthetic,0.4560270602706027,0.8288855260901964,ARD,ARD_1
923,SI_ref_13,PB800,IBU,Synthetic,0.4252767527675277,0.8149963338193533,ARD,ARD_1
924,SI_ref_13,PB800,IBU,Synthetic,0.40067650676506766,0.800942371694911,ARD,ARD_1
925,SI_ref_13,PB800,IBU,Synthetic,0.39145141451414517,0.7926791451589498,ARD,ARD_1
926,SI_ref_13,PB800,IBU,Synthetic,0.38837638376383765,0.7785130609276921,ARD,ARD_1
927,SI_ref_13,PB800,IBU,Synthetic,0.37915129151291516,0.7702121849956673,ARD,ARD_1
928,SI_ref_13,PB800,IBU,Synthetic,0.23013048635824437,0.764318654992145,ARD,ARD_1
929,SI_ref_13,PB800,IBU,Synthetic,0.3126198695818949,0.764318654992145,ARD,ARD_1
930,SI_ref_13,PB800,IBU,Synthetic,0.35520079622504414,0.764318654992145,ARD,ARD_1
931,SI_ref_13,PB800,IBU,Synthetic,0.24946921443736733,0.764318654992145,ARD,ARD_1
932,SI_ref_13,PB800,IBU,Synthetic,0.18924731182795698,0.764318654992145,ARD,ARD_1
933,SI_ref_13,PB800,IBU,Synthetic,0.08514492753623189,0.764318654992145,ARD,ARD_1
934,SI_ref_13,PB800,IBU,Synthetic,0.4392021480629075,0.764318654992145,ARD,ARD_1
935,SI_ref_13,PB800,IBU,Synthetic,0.4238588415803605,0.764318654992145,ARD,ARD_1
936,SI_ref_13,PB800,IBU,Synthetic,0.5142348754448398,0.764318654992145,ARD,ARD_1
937,SI_ref_13,PB800,IBU,Synthetic,0.5523922499011468,0.764318654992145,ARD,ARD_1
938,SI_ref_13,PB800,IBU,Synthetic,0.5686613285883748,0.764318654992145,ARD,ARD_1
939,SI_ref_13,PB800,IBU,Synthetic,0.5875275377054737,0.764318654992145,ARD,ARD_1
940,SI_ref_13,PB800,IBU,Synthetic,0.712022367194781,0.7501100440097278,ARD,ARD_1
941,SI_ref_13,PB800,IBU,Synthetic,0.5069897483690587,0.7501100440097278,ARD,ARD_1
942,SI_ref_13,PB800,IBU,Synthetic,0.31469400434917677,0.7501100440097278,ARD,ARD_1
943,SI_ref_13,PB800,IBU,Synthetic,0.22960794568575607,0.7501100440097278,ARD,ARD_1
944,SI_ref_13,PB800,IBU,Synthetic,0.10958005249343833,0.7501100440097278,ARD,ARD_1
852,SI_ref_13,PB600,CBZ,Synthetic,0.5776772247360483,0.3777617550228931,AdaBoost,AdaBoost_1
853,SI_ref_13,PB600,CBZ,Synthetic,0.5656108597285068,0.3777617550228931,AdaBoost,AdaBoost_1
854,SI_ref_13,PB600,CBZ,Synthetic,0.5475113122171945,0.3777617550228931,AdaBoost,AdaBoost_1
855,SI_ref_13,PB600,CBZ,Synthetic,0.4479638009049774,0.37276150433294486,AdaBoost,AdaBoost_1
856,SI_ref_13,PB600,CBZ,Synthetic,0.45098039215686275,0.37276150433294486,AdaBoost,AdaBoost_1
857,SI_ref_13,PB600,CBZ,Synthetic,0.42684766214177977,0.37276150433294486,AdaBoost,AdaBoost_1
858,SI_ref_13,PB600,CBZ,Synthetic,0.32437120555073723,0.37276150433294486,AdaBoost,AdaBoost_1
859,SI_ref_13,PB600,CBZ,Synthetic,0.4773489932885906,0.37276150433294486,AdaBoost,AdaBoost_1
860,SI_ref_13,PB600,CBZ,Synthetic,0.4437372714068248,0.37276150433294486,AdaBoost,AdaBoost_1
861,SI_ref_13,PB600,CBZ,Synthetic,0.35791881074899945,0.37276150433294486,AdaBoost,AdaBoost_1
862,SI_ref_13,PB600,CBZ,Synthetic,0.32426715019643393,0.37276150433294486,AdaBoost,AdaBoost_1
863,SI_ref_13,PB600,CBZ,Synthetic,0.24055829228243014,0.37276150433294486,AdaBoost,AdaBoost_1
864,SI_ref_13,PB600,CBZ,Synthetic,0.44839549002601903,0.37276150433294486,AdaBoost,AdaBoost_1
865,SI_ref_13,PB600,CBZ,Synthetic,0.5528523489932886,0.37276150433294486,AdaBoost,AdaBoost_1
866,SI_ref_13,PB600,CBZ,Synthetic,0.5653368025440879,0.37276150433294486,AdaBoost,AdaBoost_1
867,SI_ref_13,PB600,CBZ,Synthetic,0.6235906331309627,0.37276150433294486,AdaBoost,AdaBoost_1
868,SI_ref_13,PB600,CBZ,Synthetic,0.6991037872217403,0.37276150433294486,AdaBoost,AdaBoost_1
869,SI_ref_13,PB600,CBZ,Synthetic,0.7401395944327428,0.37276150433294486,AdaBoost,AdaBoost_1
870,SI_ref_13,PB600,CBZ,Synthetic,0.8642533936651583,0.37276150433294486,AdaBoost,AdaBoost_1
871,SI_ref_13,PB600,CBZ,Synthetic,0.6953242835595775,0.37276150433294486,AdaBoost,AdaBoost_1
872,SI_ref_13,PB600,CBZ,Synthetic,0.4479638009049774,0.37276150433294486,AdaBoost,AdaBoost_1
873,SI_ref_13,PB600,CBZ,Synthetic,0.36651583710407243,0.37276150433294486,AdaBoost,AdaBoost_1
874,SI_ref_13,PB600,CBZ,Synthetic,0.248868778280543,0.37276150433294486,AdaBoost,AdaBoost_1
875,SI_ref_13,PB600,IBU,Synthetic,0.7639925373134329,0.3777617550228931,AdaBoost,AdaBoost_1
876,SI_ref_13,PB600,IBU,Synthetic,0.7266791044776119,0.3777617550228931,AdaBoost,AdaBoost_1
877,SI_ref_13,PB600,IBU,Synthetic,0.7328980099502487,0.3777617550228931,AdaBoost,AdaBoost_1
878,SI_ref_13,PB600,IBU,Synthetic,0.7391169154228855,0.37276150433294486,AdaBoost,AdaBoost_1
879,SI_ref_13,PB600,IBU,Synthetic,0.6707089552238806,0.37276150433294486,AdaBoost,AdaBoost_1
880,SI_ref_13,PB600,IBU,Synthetic,0.5898631840796019,0.37276150433294486,AdaBoost,AdaBoost_1
881,SI_ref_13,PB600,IBU,Synthetic,0.2096102913356035,0.37276150433294486,AdaBoost,AdaBoost_1
882,SI_ref_13,PB600,IBU,Synthetic,0.7328980099502488,0.37276150433294486,AdaBoost,AdaBoost_1
883,SI_ref_13,PB600,IBU,Synthetic,0.611373922124096,0.37276150433294486,AdaBoost,AdaBoost_1
884,SI_ref_13,PB600,IBU,Synthetic,0.6847133757961785,0.37276150433294486,AdaBoost,AdaBoost_1
885,SI_ref_13,PB600,IBU,Synthetic,0.4580645161290322,0.37276150433294486,AdaBoost,AdaBoost_1
886,SI_ref_13,PB600,IBU,Synthetic,0.29347826086956524,0.37276150433294486,AdaBoost,AdaBoost_1
887,SI_ref_13,PB600,IBU,Synthetic,0.5772919064058304,0.37276150433294486,AdaBoost,AdaBoost_1
888,SI_ref_13,PB600,IBU,Synthetic,0.5887993862677406,0.37276150433294486,AdaBoost,AdaBoost_1
889,SI_ref_13,PB600,IBU,Synthetic,0.7258796821793417,0.37276150433294486,AdaBoost,AdaBoost_1
890,SI_ref_13,PB600,IBU,Synthetic,0.766427039979821,0.37276150433294486,AdaBoost,AdaBoost_1
891,SI_ref_13,PB600,IBU,Synthetic,0.8162693908437383,0.37276150433294486,AdaBoost,AdaBoost_1
892,SI_ref_13,PB600,IBU,Synthetic,0.8533052267445003,0.37276150433294486,AdaBoost,AdaBoost_1
893,SI_ref_13,PB600,IBU,Synthetic,0.9327073552425663,0.37276150433294486,AdaBoost,AdaBoost_1
894,SI_ref_13,PB600,IBU,Synthetic,0.6275430359937403,0.37276150433294486,AdaBoost,AdaBoost_1
895,SI_ref_13,PB600,IBU,Synthetic,0.35367762128325514,0.37276150433294486,AdaBoost,AdaBoost_1
896,SI_ref_13,PB600,IBU,Synthetic,0.4798506002849601,0.37276150433294486,AdaBoost,AdaBoost_1
897,SI_ref_13,PB600,IBU,Synthetic,0.2754303599374022,0.37276150433294486,AdaBoost,AdaBoost_1
898,SI_ref_13,PB600,CBZ,Synthetic,0.244663382594417,0.37276150433294486,AdaBoost,AdaBoost_1
899,SI_ref_13,PB800,CBZ,Synthetic,0.27061079156395507,0.3618524552067504,AdaBoost,AdaBoost_1
900,SI_ref_13,PB800,CBZ,Synthetic,0.22678718159408381,0.3618524552067504,AdaBoost,AdaBoost_1
901,SI_ref_13,PB800,CBZ,Synthetic,0.18844152287044644,0.3618524552067504,AdaBoost,AdaBoost_1
902,SI_ref_13,PB800,CBZ,Synthetic,0.17748562037797863,0.3615948274294799,AdaBoost,AdaBoost_1
903,SI_ref_13,PB800,CBZ,Synthetic,0.16379074226239385,0.3615948274294799,AdaBoost,AdaBoost_1
904,SI_ref_13,PB800,CBZ,Synthetic,0.155573815393043,0.3615948274294799,AdaBoost,AdaBoost_1
905,SI_ref_13,PB800,CBZ,Synthetic,0.08520900321543408,0.3615948274294799,AdaBoost,AdaBoost_1
906,SI_ref_13,PB800,CBZ,Synthetic,0.16135346756152125,0.3615948274294799,AdaBoost,AdaBoost_1
907,SI_ref_13,PB800,CBZ,Synthetic,0.1561792870827899,0.3615948274294799,AdaBoost,AdaBoost_1
908,SI_ref_13,PB800,CBZ,Synthetic,0.13676633444075306,0.3615948274294799,AdaBoost,AdaBoost_1
909,SI_ref_13,PB800,CBZ,Synthetic,0.1002310803004044,0.3615948274294799,AdaBoost,AdaBoost_1
910,SI_ref_13,PB800,CBZ,Synthetic,0.04322336667164253,0.3615948274294799,AdaBoost,AdaBoost_1
911,SI_ref_13,PB800,CBZ,Synthetic,0.20609619686800895,0.3615948274294799,AdaBoost,AdaBoost_1
912,SI_ref_13,PB800,CBZ,Synthetic,0.1865212527964206,0.3615948274294799,AdaBoost,AdaBoost_1
913,SI_ref_13,PB800,CBZ,Synthetic,0.28121650589496244,0.3615948274294799,AdaBoost,AdaBoost_1
914,SI_ref_13,PB800,CBZ,Synthetic,0.36611289746337977,0.3615948274294799,AdaBoost,AdaBoost_1
915,SI_ref_13,PB800,CBZ,Synthetic,0.5117363344051448,0.3615948274294799,AdaBoost,AdaBoost_1
916,SI_ref_13,PB800,CBZ,Synthetic,0.5707012708620426,0.3615948274294799,AdaBoost,AdaBoost_1
917,SI_ref_13,PB800,CBZ,Synthetic,0.5791052918712493,0.3615948274294799,AdaBoost,AdaBoost_1
918,SI_ref_13,PB800,CBZ,Synthetic,0.30905619203491547,0.3615948274294799,AdaBoost,AdaBoost_1
919,SI_ref_13,PB800,CBZ,Synthetic,0.16448445171849424,0.3615948274294799,AdaBoost,AdaBoost_1
920,SI_ref_13,PB800,CBZ,Synthetic,0.12460736493062231,0.3615948274294799,AdaBoost,AdaBoost_1
921,SI_ref_13,PB800,CBZ,Synthetic,0.08265139116202945,0.3615948274294799,AdaBoost,AdaBoost_1
922,SI_ref_13,PB800,IBU,Synthetic,0.4560270602706027,0.3618524552067504,AdaBoost,AdaBoost_1
923,SI_ref_13,PB800,IBU,Synthetic,0.4252767527675277,0.3618524552067504,AdaBoost,AdaBoost_1
924,SI_ref_13,PB800,IBU,Synthetic,0.40067650676506766,0.3618524552067504,AdaBoost,AdaBoost_1
925,SI_ref_13,PB800,IBU,Synthetic,0.39145141451414517,0.3615948274294799,AdaBoost,AdaBoost_1
926,SI_ref_13,PB800,IBU,Synthetic,0.38837638376383765,0.3615948274294799,AdaBoost,AdaBoost_1
927,SI_ref_13,PB800,IBU,Synthetic,0.37915129151291516,0.3615948274294799,AdaBoost,AdaBoost_1
928,SI_ref_13,PB800,IBU,Synthetic,0.23013048635824437,0.3615948274294799,AdaBoost,AdaBoost_1
929,SI_ref_13,PB800,IBU,Synthetic,0.3126198695818949,0.3615948274294799,AdaBoost,AdaBoost_1
930,SI_ref_13,PB800,IBU,Synthetic,0.35520079622504414,0.3615948274294799,AdaBoost,AdaBoost_1
931,SI_ref_13,PB800,IBU,Synthetic,0.24946921443736733,0.3615948274294799,AdaBoost,AdaBoost_1
932,SI_ref_13,PB800,IBU,Synthetic,0.18924731182795698,0.3615948274294799,AdaBoost,AdaBoost_1
933,SI_ref_13,PB800,IBU,Synthetic,0.08514492753623189,0.3615948274294799,AdaBoost,AdaBoost_1
934,SI_ref_13,PB800,IBU,Synthetic,0.4392021480629075,0.3615948274294799,AdaBoost,AdaBoost_1
935,SI_ref_13,PB800,IBU,Synthetic,0.4238588415803605,0.3615948274294799,AdaBoost,AdaBoost_1
936,SI_ref_13,PB800,IBU,Synthetic,0.5142348754448398,0.3615948274294799,AdaBoost,AdaBoost_1
937,SI_ref_13,PB800,IBU,Synthetic,0.5523922499011468,0.3615948274294799,AdaBoost,AdaBoost_1
938,SI_ref_13,PB800,IBU,Synthetic,0.5686613285883748,0.3615948274294799,AdaBoost,AdaBoost_1
939,SI_ref_13,PB800,IBU,Synthetic,0.5875275377054737,0.3615948274294799,AdaBoost,AdaBoost_1
940,SI_ref_13,PB800,IBU,Synthetic,0.712022367194781,0.3615948274294799,AdaBoost,AdaBoost_1
941,SI_ref_13,PB800,IBU,Synthetic,0.5069897483690587,0.3615948274294799,AdaBoost,AdaBoost_1
942,SI_ref_13,PB800,IBU,Synthetic,0.31469400434917677,0.3615948274294799,AdaBoost,AdaBoost_1
943,SI_ref_13,PB800,IBU,Synthetic,0.22960794568575607,0.3615948274294799,AdaBoost,AdaBoost_1
944,SI_ref_13,PB800,IBU,Synthetic,0.10958005249343833,0.3615948274294799,AdaBoost,AdaBoost_1
852,SI_ref_13,PB600,CBZ,Synthetic,0.5776772247360483,0.47852071365750254,Bagging,Bagging_2
853,SI_ref_13,PB600,CBZ,Synthetic,0.5656108597285068,0.4395646178218054,Bagging,Bagging_2
854,SI_ref_13,PB600,CBZ,Synthetic,0.5475113122171945,0.4029882269116658,Bagging,Bagging_2
855,SI_ref_13,PB600,CBZ,Synthetic,0.4479638009049774,0.31418758463498464,Bagging,Bagging_2
856,SI_ref_13,PB600,CBZ,Synthetic,0.45098039215686275,0.3040739632364586,Bagging,Bagging_2
857,SI_ref_13,PB600,CBZ,Synthetic,0.42684766214177977,0.3040739632364586,Bagging,Bagging_2
858,SI_ref_13,PB600,CBZ,Synthetic,0.32437120555073723,0.3032724956640538,Bagging,Bagging_2
859,SI_ref_13,PB600,CBZ,Synthetic,0.4773489932885906,0.304159731330464,Bagging,Bagging_2
860,SI_ref_13,PB600,CBZ,Synthetic,0.4437372714068248,0.3032724956640538,Bagging,Bagging_2
861,SI_ref_13,PB600,CBZ,Synthetic,0.35791881074899945,0.3032724956640538,Bagging,Bagging_2
862,SI_ref_13,PB600,CBZ,Synthetic,0.32426715019643393,0.3032724956640538,Bagging,Bagging_2
863,SI_ref_13,PB600,CBZ,Synthetic,0.24055829228243014,0.3032724956640538,Bagging,Bagging_2
864,SI_ref_13,PB600,CBZ,Synthetic,0.44839549002601903,0.299541771191573,Bagging,Bagging_2
865,SI_ref_13,PB600,CBZ,Synthetic,0.5528523489932886,0.299541771191573,Bagging,Bagging_2
866,SI_ref_13,PB600,CBZ,Synthetic,0.5653368025440879,0.3032724956640538,Bagging,Bagging_2
867,SI_ref_13,PB600,CBZ,Synthetic,0.6235906331309627,0.3032724956640538,Bagging,Bagging_2
868,SI_ref_13,PB600,CBZ,Synthetic,0.6991037872217403,0.3032724956640538,Bagging,Bagging_2
869,SI_ref_13,PB600,CBZ,Synthetic,0.7401395944327428,0.3032724956640538,Bagging,Bagging_2
870,SI_ref_13,PB600,CBZ,Synthetic,0.8642533936651583,0.30759688360353343,Bagging,Bagging_2
871,SI_ref_13,PB600,CBZ,Synthetic,0.6953242835595775,0.30759688360353343,Bagging,Bagging_2
872,SI_ref_13,PB600,CBZ,Synthetic,0.4479638009049774,0.30759688360353343,Bagging,Bagging_2
873,SI_ref_13,PB600,CBZ,Synthetic,0.36651583710407243,0.30759688360353343,Bagging,Bagging_2
874,SI_ref_13,PB600,CBZ,Synthetic,0.248868778280543,0.30759688360353343,Bagging,Bagging_2
875,SI_ref_13,PB600,IBU,Synthetic,0.7639925373134329,0.5236025364753525,Bagging,Bagging_2
876,SI_ref_13,PB600,IBU,Synthetic,0.7266791044776119,0.4786024379623591,Bagging,Bagging_2
877,SI_ref_13,PB600,IBU,Synthetic,0.7328980099502487,0.43807150973090714,Bagging,Bagging_2
878,SI_ref_13,PB600,IBU,Synthetic,0.7391169154228855,0.3460177807928772,Bagging,Bagging_2
879,SI_ref_13,PB600,IBU,Synthetic,0.6707089552238806,0.33590415939435103,Bagging,Bagging_2
880,SI_ref_13,PB600,IBU,Synthetic,0.5898631840796019,0.33590415939435103,Bagging,Bagging_2
881,SI_ref_13,PB600,IBU,Synthetic,0.2096102913356035,0.33590415939435103,Bagging,Bagging_2
882,SI_ref_13,PB600,IBU,Synthetic,0.7328980099502488,0.3365606432988936,Bagging,Bagging_2
883,SI_ref_13,PB600,IBU,Synthetic,0.611373922124096,0.33590415939435103,Bagging,Bagging_2
884,SI_ref_13,PB600,IBU,Synthetic,0.6847133757961785,0.33590415939435103,Bagging,Bagging_2
885,SI_ref_13,PB600,IBU,Synthetic,0.4580645161290322,0.33590415939435103,Bagging,Bagging_2
886,SI_ref_13,PB600,IBU,Synthetic,0.29347826086956524,0.33590415939435103,Bagging,Bagging_2
887,SI_ref_13,PB600,IBU,Synthetic,0.5772919064058304,0.33146769923374175,Bagging,Bagging_2
888,SI_ref_13,PB600,IBU,Synthetic,0.5887993862677406,0.33146769923374175,Bagging,Bagging_2
889,SI_ref_13,PB600,IBU,Synthetic,0.7258796821793417,0.33590415939435103,Bagging,Bagging_2
890,SI_ref_13,PB600,IBU,Synthetic,0.766427039979821,0.33590415939435103,Bagging,Bagging_2
891,SI_ref_13,PB600,IBU,Synthetic,0.8162693908437383,0.33590415939435103,Bagging,Bagging_2
892,SI_ref_13,PB600,IBU,Synthetic,0.8533052267445003,0.33590415939435103,Bagging,Bagging_2
893,SI_ref_13,PB600,IBU,Synthetic,0.9327073552425663,0.3367406962661173,Bagging,Bagging_2
894,SI_ref_13,PB600,IBU,Synthetic,0.6275430359937403,0.3367406962661173,Bagging,Bagging_2
895,SI_ref_13,PB600,IBU,Synthetic,0.35367762128325514,0.3367406962661173,Bagging,Bagging_2
896,SI_ref_13,PB600,IBU,Synthetic,0.4798506002849601,0.3367406962661173,Bagging,Bagging_2
897,SI_ref_13,PB600,IBU,Synthetic,0.2754303599374022,0.3367406962661173,Bagging,Bagging_2
898,SI_ref_13,PB600,CBZ,Synthetic,0.244663382594417,0.3032724956640538,Bagging,Bagging_2
899,SI_ref_13,PB800,CBZ,Synthetic,0.27061079156395507,0.5791994901022093,Bagging,Bagging_2
900,SI_ref_13,PB800,CBZ,Synthetic,0.22678718159408381,0.5766978567915987,Bagging,Bagging_2
901,SI_ref_13,PB800,CBZ,Synthetic,0.18844152287044644,0.5645565143352147,Bagging,Bagging_2
902,SI_ref_13,PB800,CBZ,Synthetic,0.17748562037797863,0.5587629840672207,Bagging,Bagging_2
903,SI_ref_13,PB800,CBZ,Synthetic,0.16379074226239385,0.5553748998901533,Bagging,Bagging_2
904,SI_ref_13,PB800,CBZ,Synthetic,0.155573815393043,0.5542250375857181,Bagging,Bagging_2
905,SI_ref_13,PB800,CBZ,Synthetic,0.08520900321543408,0.5506584238375628,Bagging,Bagging_2
906,SI_ref_13,PB800,CBZ,Synthetic,0.16135346756152125,0.551966864977596,Bagging,Bagging_2
907,SI_ref_13,PB800,CBZ,Synthetic,0.1561792870827899,0.5506584238375628,Bagging,Bagging_2
908,SI_ref_13,PB800,CBZ,Synthetic,0.13676633444075306,0.5506584238375628,Bagging,Bagging_2
909,SI_ref_13,PB800,CBZ,Synthetic,0.1002310803004044,0.5506584238375628,Bagging,Bagging_2
910,SI_ref_13,PB800,CBZ,Synthetic,0.04322336667164253,0.5506584238375628,Bagging,Bagging_2
911,SI_ref_13,PB800,CBZ,Synthetic,0.20609619686800895,0.5456369521294873,Bagging,Bagging_2
912,SI_ref_13,PB800,CBZ,Synthetic,0.1865212527964206,0.5456369521294873,Bagging,Bagging_2
913,SI_ref_13,PB800,CBZ,Synthetic,0.28121650589496244,0.5506584238375628,Bagging,Bagging_2
914,SI_ref_13,PB800,CBZ,Synthetic,0.36611289746337977,0.5506584238375628,Bagging,Bagging_2
915,SI_ref_13,PB800,CBZ,Synthetic,0.5117363344051448,0.5506584238375628,Bagging,Bagging_2
916,SI_ref_13,PB800,CBZ,Synthetic,0.5707012708620426,0.5506584238375628,Bagging,Bagging_2
917,SI_ref_13,PB800,CBZ,Synthetic,0.5791052918712493,0.5360862401001771,Bagging,Bagging_2
918,SI_ref_13,PB800,CBZ,Synthetic,0.30905619203491547,0.5360862401001771,Bagging,Bagging_2
919,SI_ref_13,PB800,CBZ,Synthetic,0.16448445171849424,0.5360862401001771,Bagging,Bagging_2
920,SI_ref_13,PB800,CBZ,Synthetic,0.12460736493062231,0.5360862401001771,Bagging,Bagging_2
921,SI_ref_13,PB800,CBZ,Synthetic,0.08265139116202945,0.5360862401001771,Bagging,Bagging_2
922,SI_ref_13,PB800,IBU,Synthetic,0.4560270602706027,0.6642769730670571,Bagging,Bagging_2
923,SI_ref_13,PB800,IBU,Synthetic,0.4252767527675277,0.6568180340827294,Bagging,Bagging_2
924,SI_ref_13,PB800,IBU,Synthetic,0.40067650676506766,0.6470266953869186,Bagging,Bagging_2
925,SI_ref_13,PB800,IBU,Synthetic,0.39145141451414517,0.6454446315697585,Bagging,Bagging_2
926,SI_ref_13,PB800,IBU,Synthetic,0.38837638376383765,0.642011737278335,Bagging,Bagging_2
927,SI_ref_13,PB800,IBU,Synthetic,0.37915129151291516,0.6412177388414476,Bagging,Bagging_2
928,SI_ref_13,PB800,IBU,Synthetic,0.23013048635824437,0.6380066580814814,Bagging,Bagging_2
929,SI_ref_13,PB800,IBU,Synthetic,0.3126198695818949,0.6390843474596468,Bagging,Bagging_2
930,SI_ref_13,PB800,IBU,Synthetic,0.35520079622504414,0.6380066580814814,Bagging,Bagging_2
931,SI_ref_13,PB800,IBU,Synthetic,0.24946921443736733,0.6380066580814814,Bagging,Bagging_2
932,SI_ref_13,PB800,IBU,Synthetic,0.18924731182795698,0.6380066580814814,Bagging,Bagging_2
933,SI_ref_13,PB800,IBU,Synthetic,0.08514492753623189,0.6380066580814814,Bagging,Bagging_2
934,SI_ref_13,PB800,IBU,Synthetic,0.4392021480629075,0.6371111521170695,Bagging,Bagging_2
935,SI_ref_13,PB800,IBU,Synthetic,0.4238588415803605,0.6371111521170695,Bagging,Bagging_2
936,SI_ref_13,PB800,IBU,Synthetic,0.5142348754448398,0.6380066580814814,Bagging,Bagging_2
937,SI_ref_13,PB800,IBU,Synthetic,0.5523922499011468,0.6380066580814814,Bagging,Bagging_2
938,SI_ref_13,PB800,IBU,Synthetic,0.5686613285883748,0.6380066580814814,Bagging,Bagging_2
939,SI_ref_13,PB800,IBU,Synthetic,0.5875275377054737,0.6380066580814814,Bagging,Bagging_2
940,SI_ref_13,PB800,IBU,Synthetic,0.712022367194781,0.6108934404062903,Bagging,Bagging_2
941,SI_ref_13,PB800,IBU,Synthetic,0.5069897483690587,0.6108934404062903,Bagging,Bagging_2
942,SI_ref_13,PB800,IBU,Synthetic,0.31469400434917677,0.6108934404062903,Bagging,Bagging_2
943,SI_ref_13,PB800,IBU,Synthetic,0.22960794568575607,0.6108934404062903,Bagging,Bagging_2
944,SI_ref_13,PB800,IBU,Synthetic,0.10958005249343833,0.6108934404062903,Bagging,Bagging_2
852,SI_ref_13,PB600,CBZ,Synthetic,0.5776772247360483,0.9972376996667514,BayesianRidge,BayesianRidge_1
853,SI_ref_13,PB600,CBZ,Synthetic,0.5656108597285068,0.9828803028341413,BayesianRidge,BayesianRidge_1
854,SI_ref_13,PB600,CBZ,Synthetic,0.5475113122171945,0.9683525817574681,BayesianRidge,BayesianRidge_1
855,SI_ref_13,PB600,CBZ,Synthetic,0.4479638009049774,0.9598108019202343,BayesianRidge,BayesianRidge_1
856,SI_ref_13,PB600,CBZ,Synthetic,0.45098039215686275,0.9451671791014105,BayesianRidge,BayesianRidge_1
857,SI_ref_13,PB600,CBZ,Synthetic,0.42684766214177977,0.9365864807072692,BayesianRidge,BayesianRidge_1
858,SI_ref_13,PB600,CBZ,Synthetic,0.32437120555073723,0.9304942798538693,BayesianRidge,BayesianRidge_1
859,SI_ref_13,PB600,CBZ,Synthetic,0.4773489932885906,0.951783199118319,BayesianRidge,BayesianRidge_1
860,SI_ref_13,PB600,CBZ,Synthetic,0.4437372714068248,0.9304942798538693,BayesianRidge,BayesianRidge_1
861,SI_ref_13,PB600,CBZ,Synthetic,0.35791881074899945,0.9304942798538693,BayesianRidge,BayesianRidge_1
862,SI_ref_13,PB600,CBZ,Synthetic,0.32426715019643393,0.9304942798538693,BayesianRidge,BayesianRidge_1
863,SI_ref_13,PB600,CBZ,Synthetic,0.24055829228243014,0.9304942798538693,BayesianRidge,BayesianRidge_1
864,SI_ref_13,PB600,CBZ,Synthetic,0.44839549002601903,0.9092053605894196,BayesianRidge,BayesianRidge_1
865,SI_ref_13,PB600,CBZ,Synthetic,0.5528523489932886,0.8879164413249698,BayesianRidge,BayesianRidge_1
866,SI_ref_13,PB600,CBZ,Synthetic,0.5653368025440879,0.9304942798538693,BayesianRidge,BayesianRidge_1
867,SI_ref_13,PB600,CBZ,Synthetic,0.6235906331309627,0.9304942798538693,BayesianRidge,BayesianRidge_1
868,SI_ref_13,PB600,CBZ,Synthetic,0.6991037872217403,0.9304942798538693,BayesianRidge,BayesianRidge_1
869,SI_ref_13,PB600,CBZ,Synthetic,0.7401395944327428,0.9304942798538693,BayesianRidge,BayesianRidge_1
870,SI_ref_13,PB600,CBZ,Synthetic,0.8642533936651583,0.9158066967074403,BayesianRidge,BayesianRidge_1
871,SI_ref_13,PB600,CBZ,Synthetic,0.6953242835595775,0.9158066967074403,BayesianRidge,BayesianRidge_1
872,SI_ref_13,PB600,CBZ,Synthetic,0.4479638009049774,0.9158066967074403,BayesianRidge,BayesianRidge_1
873,SI_ref_13,PB600,CBZ,Synthetic,0.36651583710407243,0.9158066967074403,BayesianRidge,BayesianRidge_1
874,SI_ref_13,PB600,CBZ,Synthetic,0.248868778280543,0.9158066967074403,BayesianRidge,BayesianRidge_1
875,SI_ref_13,PB600,IBU,Synthetic,0.7639925373134329,1.0438217901189981,BayesianRidge,BayesianRidge_1
876,SI_ref_13,PB600,IBU,Synthetic,0.7266791044776119,1.0294643932863878,BayesianRidge,BayesianRidge_1
877,SI_ref_13,PB600,IBU,Synthetic,0.7328980099502487,1.0149366722097146,BayesianRidge,BayesianRidge_1
878,SI_ref_13,PB600,IBU,Synthetic,0.7391169154228855,1.006394892372481,BayesianRidge,BayesianRidge_1
879,SI_ref_13,PB600,IBU,Synthetic,0.6707089552238806,0.9917512695536572,BayesianRidge,BayesianRidge_1
880,SI_ref_13,PB600,IBU,Synthetic,0.5898631840796019,0.9831705711595158,BayesianRidge,BayesianRidge_1
881,SI_ref_13,PB600,IBU,Synthetic,0.2096102913356035,0.977078370306116,BayesianRidge,BayesianRidge_1
882,SI_ref_13,PB600,IBU,Synthetic,0.7328980099502488,0.9983672895705658,BayesianRidge,BayesianRidge_1
883,SI_ref_13,PB600,IBU,Synthetic,0.611373922124096,0.977078370306116,BayesianRidge,BayesianRidge_1
884,SI_ref_13,PB600,IBU,Synthetic,0.6847133757961785,0.977078370306116,BayesianRidge,BayesianRidge_1
885,SI_ref_13,PB600,IBU,Synthetic,0.4580645161290322,0.977078370306116,BayesianRidge,BayesianRidge_1
886,SI_ref_13,PB600,IBU,Synthetic,0.29347826086956524,0.977078370306116,BayesianRidge,BayesianRidge_1
887,SI_ref_13,PB600,IBU,Synthetic,0.5772919064058304,0.9557894510416662,BayesianRidge,BayesianRidge_1
888,SI_ref_13,PB600,IBU,Synthetic,0.5887993862677406,0.9345005317772166,BayesianRidge,BayesianRidge_1
889,SI_ref_13,PB600,IBU,Synthetic,0.7258796821793417,0.977078370306116,BayesianRidge,BayesianRidge_1
890,SI_ref_13,PB600,IBU,Synthetic,0.766427039979821,0.977078370306116,BayesianRidge,BayesianRidge_1
891,SI_ref_13,PB600,IBU,Synthetic,0.8162693908437383,0.977078370306116,BayesianRidge,BayesianRidge_1
892,SI_ref_13,PB600,IBU,Synthetic,0.8533052267445003,0.977078370306116,BayesianRidge,BayesianRidge_1
893,SI_ref_13,PB600,IBU,Synthetic,0.9327073552425663,0.9623907871596868,BayesianRidge,BayesianRidge_1
894,SI_ref_13,PB600,IBU,Synthetic,0.6275430359937403,0.9623907871596868,BayesianRidge,BayesianRidge_1
895,SI_ref_13,PB600,IBU,Synthetic,0.35367762128325514,0.9623907871596868,BayesianRidge,BayesianRidge_1
896,SI_ref_13,PB600,IBU,Synthetic,0.4798506002849601,0.9623907871596868,BayesianRidge,BayesianRidge_1
897,SI_ref_13,PB600,IBU,Synthetic,0.2754303599374022,0.9623907871596868,BayesianRidge,BayesianRidge_1
898,SI_ref_13,PB600,CBZ,Synthetic,0.244663382594417,0.9304942798538693,BayesianRidge,BayesianRidge_1
899,SI_ref_13,PB800,CBZ,Synthetic,0.27061079156395507,0.8290820938382328,BayesianRidge,BayesianRidge_1
900,SI_ref_13,PB800,CBZ,Synthetic,0.22678718159408381,0.8147246970056227,BayesianRidge,BayesianRidge_1
901,SI_ref_13,PB800,CBZ,Synthetic,0.18844152287044644,0.8001969759289496,BayesianRidge,BayesianRidge_1
902,SI_ref_13,PB800,CBZ,Synthetic,0.17748562037797863,0.7916551960917158,BayesianRidge,BayesianRidge_1
903,SI_ref_13,PB800,CBZ,Synthetic,0.16379074226239385,0.7770115732728919,BayesianRidge,BayesianRidge_1
904,SI_ref_13,PB800,CBZ,Synthetic,0.155573815393043,0.7684308748787506,BayesianRidge,BayesianRidge_1
905,SI_ref_13,PB800,CBZ,Synthetic,0.08520900321543408,0.7623386740253508,BayesianRidge,BayesianRidge_1
906,SI_ref_13,PB800,CBZ,Synthetic,0.16135346756152125,0.7836275932898005,BayesianRidge,BayesianRidge_1
907,SI_ref_13,PB800,CBZ,Synthetic,0.1561792870827899,0.7623386740253508,BayesianRidge,BayesianRidge_1
908,SI_ref_13,PB800,CBZ,Synthetic,0.13676633444075306,0.7623386740253508,BayesianRidge,BayesianRidge_1
909,SI_ref_13,PB800,CBZ,Synthetic,0.1002310803004044,0.7623386740253508,BayesianRidge,BayesianRidge_1
910,SI_ref_13,PB800,CBZ,Synthetic,0.04322336667164253,0.7623386740253508,BayesianRidge,BayesianRidge_1
911,SI_ref_13,PB800,CBZ,Synthetic,0.20609619686800895,0.7410497547609011,BayesianRidge,BayesianRidge_1
912,SI_ref_13,PB800,CBZ,Synthetic,0.1865212527964206,0.7197608354964513,BayesianRidge,BayesianRidge_1
913,SI_ref_13,PB800,CBZ,Synthetic,0.28121650589496244,0.7623386740253508,BayesianRidge,BayesianRidge_1
914,SI_ref_13,PB800,CBZ,Synthetic,0.36611289746337977,0.7623386740253508,BayesianRidge,BayesianRidge_1
915,SI_ref_13,PB800,CBZ,Synthetic,0.5117363344051448,0.7623386740253508,BayesianRidge,BayesianRidge_1
916,SI_ref_13,PB800,CBZ,Synthetic,0.5707012708620426,0.7623386740253508,BayesianRidge,BayesianRidge_1
917,SI_ref_13,PB800,CBZ,Synthetic,0.5791052918712493,0.7476510908789217,BayesianRidge,BayesianRidge_1
918,SI_ref_13,PB800,CBZ,Synthetic,0.30905619203491547,0.7476510908789217,BayesianRidge,BayesianRidge_1
919,SI_ref_13,PB800,CBZ,Synthetic,0.16448445171849424,0.7476510908789217,BayesianRidge,BayesianRidge_1
920,SI_ref_13,PB800,CBZ,Synthetic,0.12460736493062231,0.7476510908789217,BayesianRidge,BayesianRidge_1
921,SI_ref_13,PB800,CBZ,Synthetic,0.08265139116202945,0.7476510908789217,BayesianRidge,BayesianRidge_1
922,SI_ref_13,PB800,IBU,Synthetic,0.4560270602706027,0.8756661842904796,BayesianRidge,BayesianRidge_1
923,SI_ref_13,PB800,IBU,Synthetic,0.4252767527675277,0.8613087874578693,BayesianRidge,BayesianRidge_1
924,SI_ref_13,PB800,IBU,Synthetic,0.40067650676506766,0.8467810663811962,BayesianRidge,BayesianRidge_1
925,SI_ref_13,PB800,IBU,Synthetic,0.39145141451414517,0.8382392865439624,BayesianRidge,BayesianRidge_1
926,SI_ref_13,PB800,IBU,Synthetic,0.38837638376383765,0.8235956637251386,BayesianRidge,BayesianRidge_1
927,SI_ref_13,PB800,IBU,Synthetic,0.37915129151291516,0.8150149653309973,BayesianRidge,BayesianRidge_1
928,SI_ref_13,PB800,IBU,Synthetic,0.23013048635824437,0.8089227644775975,BayesianRidge,BayesianRidge_1
929,SI_ref_13,PB800,IBU,Synthetic,0.3126198695818949,0.8302116837420472,BayesianRidge,BayesianRidge_1
930,SI_ref_13,PB800,IBU,Synthetic,0.35520079622504414,0.8089227644775975,BayesianRidge,BayesianRidge_1
931,SI_ref_13,PB800,IBU,Synthetic,0.24946921443736733,0.8089227644775975,BayesianRidge,BayesianRidge_1
932,SI_ref_13,PB800,IBU,Synthetic,0.18924731182795698,0.8089227644775975,BayesianRidge,BayesianRidge_1
933,SI_ref_13,PB800,IBU,Synthetic,0.08514492753623189,0.8089227644775975,BayesianRidge,BayesianRidge_1
934,SI_ref_13,PB800,IBU,Synthetic,0.4392021480629075,0.7876338452131477,BayesianRidge,BayesianRidge_1
935,SI_ref_13,PB800,IBU,Synthetic,0.4238588415803605,0.766344925948698,BayesianRidge,BayesianRidge_1
936,SI_ref_13,PB800,IBU,Synthetic,0.5142348754448398,0.8089227644775975,BayesianRidge,BayesianRidge_1
937,SI_ref_13,PB800,IBU,Synthetic,0.5523922499011468,0.8089227644775975,BayesianRidge,BayesianRidge_1
938,SI_ref_13,PB800,IBU,Synthetic,0.5686613285883748,0.8089227644775975,BayesianRidge,BayesianRidge_1
939,SI_ref_13,PB800,IBU,Synthetic,0.5875275377054737,0.8089227644775975,BayesianRidge,BayesianRidge_1
940,SI_ref_13,PB800,IBU,Synthetic,0.712022367194781,0.7942351813311683,BayesianRidge,BayesianRidge_1
941,SI_ref_13,PB800,IBU,Synthetic,0.5069897483690587,0.7942351813311683,BayesianRidge,BayesianRidge_1
942,SI_ref_13,PB800,IBU,Synthetic,0.31469400434917677,0.7942351813311683,BayesianRidge,BayesianRidge_1
943,SI_ref_13,PB800,IBU,Synthetic,0.22960794568575607,0.7942351813311683,BayesianRidge,BayesianRidge_1
944,SI_ref_13,PB800,IBU,Synthetic,0.10958005249343833,0.7942351813311683,BayesianRidge,BayesianRidge_1
852,SI_ref_13,PB600,CBZ,Synthetic,0.5776772247360483,0.43625103355780037,CatBoost,CatBoost_2
853,SI_ref_13,PB600,CBZ,Synthetic,0.5656108597285068,0.42481580297912896,CatBoost,CatBoost_2
854,SI_ref_13,PB600,CBZ,Synthetic,0.5475113122171945,0.4027016189964219,CatBoost,CatBoost_2
855,SI_ref_13,PB600,CBZ,Synthetic,0.4479638009049774,0.38983922440724694,CatBoost,CatBoost_2
856,SI_ref_13,PB600,CBZ,Synthetic,0.45098039215686275,0.36724997216794353,CatBoost,CatBoost_2
857,SI_ref_13,PB600,CBZ,Synthetic,0.42684766214177977,0.3581194912032807,CatBoost,CatBoost_2
858,SI_ref_13,PB600,CBZ,Synthetic,0.32437120555073723,0.35882085510402206,CatBoost,CatBoost_2
859,SI_ref_13,PB600,CBZ,Synthetic,0.4773489932885906,0.3748127418493549,CatBoost,CatBoost_2
860,SI_ref_13,PB600,CBZ,Synthetic,0.4437372714068248,0.35882085510402206,CatBoost,CatBoost_2
861,SI_ref_13,PB600,CBZ,Synthetic,0.35791881074899945,0.35882085510402206,CatBoost,CatBoost_2
862,SI_ref_13,PB600,CBZ,Synthetic,0.32426715019643393,0.35882085510402206,CatBoost,CatBoost_2
863,SI_ref_13,PB600,CBZ,Synthetic,0.24055829228243014,0.35882085510402206,CatBoost,CatBoost_2
864,SI_ref_13,PB600,CBZ,Synthetic,0.44839549002601903,0.3556386449070675,CatBoost,CatBoost_2
865,SI_ref_13,PB600,CBZ,Synthetic,0.5528523489932886,0.3505768783918542,CatBoost,CatBoost_2
866,SI_ref_13,PB600,CBZ,Synthetic,0.5653368025440879,0.35882085510402206,CatBoost,CatBoost_2
867,SI_ref_13,PB600,CBZ,Synthetic,0.6235906331309627,0.35882085510402206,CatBoost,CatBoost_2
868,SI_ref_13,PB600,CBZ,Synthetic,0.6991037872217403,0.35882085510402206,CatBoost,CatBoost_2
869,SI_ref_13,PB600,CBZ,Synthetic,0.7401395944327428,0.35882085510402206,CatBoost,CatBoost_2
870,SI_ref_13,PB600,CBZ,Synthetic,0.8642533936651583,0.38737674017256407,CatBoost,CatBoost_2
871,SI_ref_13,PB600,CBZ,Synthetic,0.6953242835595775,0.38737674017256407,CatBoost,CatBoost_2
872,SI_ref_13,PB600,CBZ,Synthetic,0.4479638009049774,0.38737674017256407,CatBoost,CatBoost_2
873,SI_ref_13,PB600,CBZ,Synthetic,0.36651583710407243,0.38737674017256407,CatBoost,CatBoost_2
874,SI_ref_13,PB600,CBZ,Synthetic,0.248868778280543,0.38737674017256407,CatBoost,CatBoost_2
875,SI_ref_13,PB600,IBU,Synthetic,0.7639925373134329,0.521645235649618,CatBoost,CatBoost_2
876,SI_ref_13,PB600,IBU,Synthetic,0.7266791044776119,0.5098566060785621,CatBoost,CatBoost_2
877,SI_ref_13,PB600,IBU,Synthetic,0.7328980099502487,0.479178608339054,CatBoost,CatBoost_2
878,SI_ref_13,PB600,IBU,Synthetic,0.7391169154228855,0.461532421228824,CatBoost,CatBoost_2
879,SI_ref_13,PB600,IBU,Synthetic,0.6707089552238806,0.4389431689895207,CatBoost,CatBoost_2
880,SI_ref_13,PB600,IBU,Synthetic,0.5898631840796019,0.4291434687923504,CatBoost,CatBoost_2
881,SI_ref_13,PB600,IBU,Synthetic,0.2096102913356035,0.42717968322513694,CatBoost,CatBoost_2
882,SI_ref_13,PB600,IBU,Synthetic,0.7328980099502488,0.43858571968183324,CatBoost,CatBoost_2
883,SI_ref_13,PB600,IBU,Synthetic,0.611373922124096,0.42717968322513694,CatBoost,CatBoost_2
884,SI_ref_13,PB600,IBU,Synthetic,0.6847133757961785,0.42717968322513694,CatBoost,CatBoost_2
885,SI_ref_13,PB600,IBU,Synthetic,0.4580645161290322,0.42717968322513694,CatBoost,CatBoost_2
886,SI_ref_13,PB600,IBU,Synthetic,0.29347826086956524,0.42717968322513694,CatBoost,CatBoost_2
887,SI_ref_13,PB600,IBU,Synthetic,0.5772919064058304,0.4051186215015017,CatBoost,CatBoost_2
888,SI_ref_13,PB600,IBU,Synthetic,0.5887993862677406,0.4000568549862884,CatBoost,CatBoost_2
889,SI_ref_13,PB600,IBU,Synthetic,0.7258796821793417,0.42717968322513694,CatBoost,CatBoost_2
890,SI_ref_13,PB600,IBU,Synthetic,0.766427039979821,0.42717968322513694,CatBoost,CatBoost_2
891,SI_ref_13,PB600,IBU,Synthetic,0.8162693908437383,0.42717968322513694,CatBoost,CatBoost_2
892,SI_ref_13,PB600,IBU,Synthetic,0.8533052267445003,0.42717968322513694,CatBoost,CatBoost_2
893,SI_ref_13,PB600,IBU,Synthetic,0.9327073552425663,0.43728988924792955,CatBoost,CatBoost_2
894,SI_ref_13,PB600,IBU,Synthetic,0.6275430359937403,0.43728988924792955,CatBoost,CatBoost_2
895,SI_ref_13,PB600,IBU,Synthetic,0.35367762128325514,0.43728988924792955,CatBoost,CatBoost_2
896,SI_ref_13,PB600,IBU,Synthetic,0.4798506002849601,0.43728988924792955,CatBoost,CatBoost_2
897,SI_ref_13,PB600,IBU,Synthetic,0.2754303599374022,0.43728988924792955,CatBoost,CatBoost_2
898,SI_ref_13,PB600,CBZ,Synthetic,0.244663382594417,0.35882085510402206,CatBoost,CatBoost_2
899,SI_ref_13,PB800,CBZ,Synthetic,0.27061079156395507,0.49114024129191364,CatBoost,CatBoost_2
900,SI_ref_13,PB800,CBZ,Synthetic,0.22678718159408381,0.4797050107132423,CatBoost,CatBoost_2
901,SI_ref_13,PB800,CBZ,Synthetic,0.18844152287044644,0.4629056576949693,CatBoost,CatBoost_2
902,SI_ref_13,PB800,CBZ,Synthetic,0.17748562037797863,0.43587877341221754,CatBoost,CatBoost_2
903,SI_ref_13,PB800,CBZ,Synthetic,0.16379074226239385,0.41200897712262674,CatBoost,CatBoost_2
904,SI_ref_13,PB800,CBZ,Synthetic,0.155573815393043,0.39714637235393097,CatBoost,CatBoost_2
905,SI_ref_13,PB800,CBZ,Synthetic,0.08520900321543408,0.39784773625467235,CatBoost,CatBoost_2
906,SI_ref_13,PB800,CBZ,Synthetic,0.16135346756152125,0.4111977915982466,CatBoost,CatBoost_2
907,SI_ref_13,PB800,CBZ,Synthetic,0.1561792870827899,0.39784773625467235,CatBoost,CatBoost_2
908,SI_ref_13,PB800,CBZ,Synthetic,0.13676633444075306,0.39784773625467235,CatBoost,CatBoost_2
909,SI_ref_13,PB800,CBZ,Synthetic,0.1002310803004044,0.39784773625467235,CatBoost,CatBoost_2
910,SI_ref_13,PB800,CBZ,Synthetic,0.04322336667164253,0.39784773625467235,CatBoost,CatBoost_2
911,SI_ref_13,PB800,CBZ,Synthetic,0.20609619686800895,0.39501664621684535,CatBoost,CatBoost_2
912,SI_ref_13,PB800,CBZ,Synthetic,0.1865212527964206,0.3897097263895375,CatBoost,CatBoost_2
913,SI_ref_13,PB800,CBZ,Synthetic,0.28121650589496244,0.39784773625467235,CatBoost,CatBoost_2
914,SI_ref_13,PB800,CBZ,Synthetic,0.36611289746337977,0.39784773625467235,CatBoost,CatBoost_2
915,SI_ref_13,PB800,CBZ,Synthetic,0.5117363344051448,0.39784773625467235,CatBoost,CatBoost_2
916,SI_ref_13,PB800,CBZ,Synthetic,0.5707012708620426,0.39784773625467235,CatBoost,CatBoost_2
917,SI_ref_13,PB800,CBZ,Synthetic,0.5791052918712493,0.43401838571449025,CatBoost,CatBoost_2
918,SI_ref_13,PB800,CBZ,Synthetic,0.30905619203491547,0.43401838571449025,CatBoost,CatBoost_2
919,SI_ref_13,PB800,CBZ,Synthetic,0.16448445171849424,0.43401838571449025,CatBoost,CatBoost_2
920,SI_ref_13,PB800,CBZ,Synthetic,0.12460736493062231,0.43401838571449025,CatBoost,CatBoost_2
921,SI_ref_13,PB800,CBZ,Synthetic,0.08265139116202945,0.43401838571449025,CatBoost,CatBoost_2
922,SI_ref_13,PB800,IBU,Synthetic,0.4560270602706027,0.5808458021900386,CatBoost,CatBoost_2
923,SI_ref_13,PB800,IBU,Synthetic,0.4252767527675277,0.5690571726189826,CatBoost,CatBoost_2
924,SI_ref_13,PB800,IBU,Synthetic,0.40067650676506766,0.5472681919281764,CatBoost,CatBoost_2
925,SI_ref_13,PB800,IBU,Synthetic,0.39145141451414517,0.5154575151243697,CatBoost,CatBoost_2
926,SI_ref_13,PB800,IBU,Synthetic,0.38837638376383765,0.4915877188347788,CatBoost,CatBoost_2
927,SI_ref_13,PB800,IBU,Synthetic,0.37915129151291516,0.4760558948335759,CatBoost,CatBoost_2
928,SI_ref_13,PB800,IBU,Synthetic,0.23013048635824437,0.47409210926636247,CatBoost,CatBoost_2
929,SI_ref_13,PB800,IBU,Synthetic,0.3126198695818949,0.48806153151176546,CatBoost,CatBoost_2
930,SI_ref_13,PB800,IBU,Synthetic,0.35520079622504414,0.47409210926636247,CatBoost,CatBoost_2
931,SI_ref_13,PB800,IBU,Synthetic,0.24946921443736733,0.47409210926636247,CatBoost,CatBoost_2
932,SI_ref_13,PB800,IBU,Synthetic,0.18924731182795698,0.47409210926636247,CatBoost,CatBoost_2
933,SI_ref_13,PB800,IBU,Synthetic,0.08514492753623189,0.47409210926636247,CatBoost,CatBoost_2
934,SI_ref_13,PB800,IBU,Synthetic,0.4392021480629075,0.4523821677018549,CatBoost,CatBoost_2
935,SI_ref_13,PB800,IBU,Synthetic,0.4238588415803605,0.447075247874547,CatBoost,CatBoost_2
936,SI_ref_13,PB800,IBU,Synthetic,0.5142348754448398,0.47409210926636247,CatBoost,CatBoost_2
937,SI_ref_13,PB800,IBU,Synthetic,0.5523922499011468,0.47409210926636247,CatBoost,CatBoost_2
938,SI_ref_13,PB800,IBU,Synthetic,0.5686613285883748,0.47409210926636247,CatBoost,CatBoost_2
939,SI_ref_13,PB800,IBU,Synthetic,0.5875275377054737,0.47409210926636247,CatBoost,CatBoost_2
940,SI_ref_13,PB800,IBU,Synthetic,0.712022367194781,0.48785415179757013,CatBoost,CatBoost_2
941,SI_ref_13,PB800,IBU,Synthetic,0.5069897483690587,0.48785415179757013,CatBoost,CatBoost_2
942,SI_ref_13,PB800,IBU,Synthetic,0.31469400434917677,0.48785415179757013,CatBoost,CatBoost_2
943,SI_ref_13,PB800,IBU,Synthetic,0.22960794568575607,0.48785415179757013,CatBoost,CatBoost_2
944,SI_ref_13,PB800,IBU,Synthetic,0.10958005249343833,0.48785415179757013,CatBoost,CatBoost_2
852,SI_ref_13,PB600,CBZ,Synthetic,0.5776772247360483,0.5533671222828769,DecisionTree,DecisionTree_2
853,SI_ref_13,PB600,CBZ,Synthetic,0.5656108597285068,0.5533671222828769,DecisionTree,DecisionTree_2
854,SI_ref_13,PB600,CBZ,Synthetic,0.5475113122171945,0.5533671222828769,DecisionTree,DecisionTree_2
855,SI_ref_13,PB600,CBZ,Synthetic,0.4479638009049774,0.32617281326690284,DecisionTree,DecisionTree_2
856,SI_ref_13,PB600,CBZ,Synthetic,0.45098039215686275,0.32617281326690284,DecisionTree,DecisionTree_2
857,SI_ref_13,PB600,CBZ,Synthetic,0.42684766214177977,0.32617281326690284,DecisionTree,DecisionTree_2
858,SI_ref_13,PB600,CBZ,Synthetic,0.32437120555073723,0.32617281326690284,DecisionTree,DecisionTree_2
859,SI_ref_13,PB600,CBZ,Synthetic,0.4773489932885906,0.32617281326690284,DecisionTree,DecisionTree_2
860,SI_ref_13,PB600,CBZ,Synthetic,0.4437372714068248,0.32617281326690284,DecisionTree,DecisionTree_2
861,SI_ref_13,PB600,CBZ,Synthetic,0.35791881074899945,0.32617281326690284,DecisionTree,DecisionTree_2
862,SI_ref_13,PB600,CBZ,Synthetic,0.32426715019643393,0.32617281326690284,DecisionTree,DecisionTree_2
863,SI_ref_13,PB600,CBZ,Synthetic,0.24055829228243014,0.32617281326690284,DecisionTree,DecisionTree_2
864,SI_ref_13,PB600,CBZ,Synthetic,0.44839549002601903,0.32617281326690284,DecisionTree,DecisionTree_2
865,SI_ref_13,PB600,CBZ,Synthetic,0.5528523489932886,0.32617281326690284,DecisionTree,DecisionTree_2
866,SI_ref_13,PB600,CBZ,Synthetic,0.5653368025440879,0.32617281326690284,DecisionTree,DecisionTree_2
867,SI_ref_13,PB600,CBZ,Synthetic,0.6235906331309627,0.32617281326690284,DecisionTree,DecisionTree_2
868,SI_ref_13,PB600,CBZ,Synthetic,0.6991037872217403,0.32617281326690284,DecisionTree,DecisionTree_2
869,SI_ref_13,PB600,CBZ,Synthetic,0.7401395944327428,0.32617281326690284,DecisionTree,DecisionTree_2
870,SI_ref_13,PB600,CBZ,Synthetic,0.8642533936651583,0.32617281326690284,DecisionTree,DecisionTree_2
871,SI_ref_13,PB600,CBZ,Synthetic,0.6953242835595775,0.32617281326690284,DecisionTree,DecisionTree_2
872,SI_ref_13,PB600,CBZ,Synthetic,0.4479638009049774,0.32617281326690284,DecisionTree,DecisionTree_2
873,SI_ref_13,PB600,CBZ,Synthetic,0.36651583710407243,0.32617281326690284,DecisionTree,DecisionTree_2
874,SI_ref_13,PB600,CBZ,Synthetic,0.248868778280543,0.32617281326690284,DecisionTree,DecisionTree_2
875,SI_ref_13,PB600,IBU,Synthetic,0.7639925373134329,0.5533671222828769,DecisionTree,DecisionTree_2
876,SI_ref_13,PB600,IBU,Synthetic,0.7266791044776119,0.5533671222828769,DecisionTree,DecisionTree_2
877,SI_ref_13,PB600,IBU,Synthetic,0.7328980099502487,0.5533671222828769,DecisionTree,DecisionTree_2
878,SI_ref_13,PB600,IBU,Synthetic,0.7391169154228855,0.32617281326690284,DecisionTree,DecisionTree_2
879,SI_ref_13,PB600,IBU,Synthetic,0.6707089552238806,0.32617281326690284,DecisionTree,DecisionTree_2
880,SI_ref_13,PB600,IBU,Synthetic,0.5898631840796019,0.32617281326690284,DecisionTree,DecisionTree_2
881,SI_ref_13,PB600,IBU,Synthetic,0.2096102913356035,0.32617281326690284,DecisionTree,DecisionTree_2
882,SI_ref_13,PB600,IBU,Synthetic,0.7328980099502488,0.32617281326690284,DecisionTree,DecisionTree_2
883,SI_ref_13,PB600,IBU,Synthetic,0.611373922124096,0.32617281326690284,DecisionTree,DecisionTree_2
884,SI_ref_13,PB600,IBU,Synthetic,0.6847133757961785,0.32617281326690284,DecisionTree,DecisionTree_2
885,SI_ref_13,PB600,IBU,Synthetic,0.4580645161290322,0.32617281326690284,DecisionTree,DecisionTree_2
886,SI_ref_13,PB600,IBU,Synthetic,0.29347826086956524,0.32617281326690284,DecisionTree,DecisionTree_2
887,SI_ref_13,PB600,IBU,Synthetic,0.5772919064058304,0.32617281326690284,DecisionTree,DecisionTree_2
888,SI_ref_13,PB600,IBU,Synthetic,0.5887993862677406,0.32617281326690284,DecisionTree,DecisionTree_2
889,SI_ref_13,PB600,IBU,Synthetic,0.7258796821793417,0.32617281326690284,DecisionTree,DecisionTree_2
890,SI_ref_13,PB600,IBU,Synthetic,0.766427039979821,0.32617281326690284,DecisionTree,DecisionTree_2
891,SI_ref_13,PB600,IBU,Synthetic,0.8162693908437383,0.32617281326690284,DecisionTree,DecisionTree_2
892,SI_ref_13,PB600,IBU,Synthetic,0.8533052267445003,0.32617281326690284,DecisionTree,DecisionTree_2
893,SI_ref_13,PB600,IBU,Synthetic,0.9327073552425663,0.32617281326690284,DecisionTree,DecisionTree_2
894,SI_ref_13,PB600,IBU,Synthetic,0.6275430359937403,0.32617281326690284,DecisionTree,DecisionTree_2
895,SI_ref_13,PB600,IBU,Synthetic,0.35367762128325514,0.32617281326690284,DecisionTree,DecisionTree_2
896,SI_ref_13,PB600,IBU,Synthetic,0.4798506002849601,0.32617281326690284,DecisionTree,DecisionTree_2
897,SI_ref_13,PB600,IBU,Synthetic,0.2754303599374022,0.32617281326690284,DecisionTree,DecisionTree_2
898,SI_ref_13,PB600,CBZ,Synthetic,0.244663382594417,0.32617281326690284,DecisionTree,DecisionTree_2
899,SI_ref_13,PB800,CBZ,Synthetic,0.27061079156395507,0.6150543225874625,DecisionTree,DecisionTree_2
900,SI_ref_13,PB800,CBZ,Synthetic,0.22678718159408381,0.6150543225874625,DecisionTree,DecisionTree_2
901,SI_ref_13,PB800,CBZ,Synthetic,0.18844152287044644,0.6150543225874625,DecisionTree,DecisionTree_2
902,SI_ref_13,PB800,CBZ,Synthetic,0.17748562037797863,0.6150543225874625,DecisionTree,DecisionTree_2
903,SI_ref_13,PB800,CBZ,Synthetic,0.16379074226239385,0.6150543225874625,DecisionTree,DecisionTree_2
904,SI_ref_13,PB800,CBZ,Synthetic,0.155573815393043,0.6150543225874625,DecisionTree,DecisionTree_2
905,SI_ref_13,PB800,CBZ,Synthetic,0.08520900321543408,0.6150543225874625,DecisionTree,DecisionTree_2
906,SI_ref_13,PB800,CBZ,Synthetic,0.16135346756152125,0.6150543225874625,DecisionTree,DecisionTree_2
907,SI_ref_13,PB800,CBZ,Synthetic,0.1561792870827899,0.6150543225874625,DecisionTree,DecisionTree_2
908,SI_ref_13,PB800,CBZ,Synthetic,0.13676633444075306,0.6150543225874625,DecisionTree,DecisionTree_2
909,SI_ref_13,PB800,CBZ,Synthetic,0.1002310803004044,0.6150543225874625,DecisionTree,DecisionTree_2
910,SI_ref_13,PB800,CBZ,Synthetic,0.04322336667164253,0.6150543225874625,DecisionTree,DecisionTree_2
911,SI_ref_13,PB800,CBZ,Synthetic,0.20609619686800895,0.6150543225874625,DecisionTree,DecisionTree_2
912,SI_ref_13,PB800,CBZ,Synthetic,0.1865212527964206,0.6150543225874625,DecisionTree,DecisionTree_2
913,SI_ref_13,PB800,CBZ,Synthetic,0.28121650589496244,0.6150543225874625,DecisionTree,DecisionTree_2
914,SI_ref_13,PB800,CBZ,Synthetic,0.36611289746337977,0.6150543225874625,DecisionTree,DecisionTree_2
915,SI_ref_13,PB800,CBZ,Synthetic,0.5117363344051448,0.6150543225874625,DecisionTree,DecisionTree_2
916,SI_ref_13,PB800,CBZ,Synthetic,0.5707012708620426,0.6150543225874625,DecisionTree,DecisionTree_2
917,SI_ref_13,PB800,CBZ,Synthetic,0.5791052918712493,0.5972552624751262,DecisionTree,DecisionTree_2
918,SI_ref_13,PB800,CBZ,Synthetic,0.30905619203491547,0.5972552624751262,DecisionTree,DecisionTree_2
919,SI_ref_13,PB800,CBZ,Synthetic,0.16448445171849424,0.5972552624751262,DecisionTree,DecisionTree_2
920,SI_ref_13,PB800,CBZ,Synthetic,0.12460736493062231,0.5972552624751262,DecisionTree,DecisionTree_2
921,SI_ref_13,PB800,CBZ,Synthetic,0.08265139116202945,0.5972552624751262,DecisionTree,DecisionTree_2
922,SI_ref_13,PB800,IBU,Synthetic,0.4560270602706027,0.6150543225874625,DecisionTree,DecisionTree_2
923,SI_ref_13,PB800,IBU,Synthetic,0.4252767527675277,0.6150543225874625,DecisionTree,DecisionTree_2
924,SI_ref_13,PB800,IBU,Synthetic,0.40067650676506766,0.6150543225874625,DecisionTree,DecisionTree_2
925,SI_ref_13,PB800,IBU,Synthetic,0.39145141451414517,0.6150543225874625,DecisionTree,DecisionTree_2
926,SI_ref_13,PB800,IBU,Synthetic,0.38837638376383765,0.6150543225874625,DecisionTree,DecisionTree_2
927,SI_ref_13,PB800,IBU,Synthetic,0.37915129151291516,0.6150543225874625,DecisionTree,DecisionTree_2
928,SI_ref_13,PB800,IBU,Synthetic,0.23013048635824437,0.6150543225874625,DecisionTree,DecisionTree_2
929,SI_ref_13,PB800,IBU,Synthetic,0.3126198695818949,0.6150543225874625,DecisionTree,DecisionTree_2
930,SI_ref_13,PB800,IBU,Synthetic,0.35520079622504414,0.6150543225874625,DecisionTree,DecisionTree_2
931,SI_ref_13,PB800,IBU,Synthetic,0.24946921443736733,0.6150543225874625,DecisionTree,DecisionTree_2
932,SI_ref_13,PB800,IBU,Synthetic,0.18924731182795698,0.6150543225874625,DecisionTree,DecisionTree_2
933,SI_ref_13,PB800,IBU,Synthetic,0.08514492753623189,0.6150543225874625,DecisionTree,DecisionTree_2
934,SI_ref_13,PB800,IBU,Synthetic,0.4392021480629075,0.6150543225874625,DecisionTree,DecisionTree_2
935,SI_ref_13,PB800,IBU,Synthetic,0.4238588415803605,0.6150543225874625,DecisionTree,DecisionTree_2
936,SI_ref_13,PB800,IBU,Synthetic,0.5142348754448398,0.6150543225874625,DecisionTree,DecisionTree_2
937,SI_ref_13,PB800,IBU,Synthetic,0.5523922499011468,0.6150543225874625,DecisionTree,DecisionTree_2
938,SI_ref_13,PB800,IBU,Synthetic,0.5686613285883748,0.6150543225874625,DecisionTree,DecisionTree_2
939,SI_ref_13,PB800,IBU,Synthetic,0.5875275377054737,0.6150543225874625,DecisionTree,DecisionTree_2
940,SI_ref_13,PB800,IBU,Synthetic,0.712022367194781,0.5972552624751262,DecisionTree,DecisionTree_2
941,SI_ref_13,PB800,IBU,Synthetic,0.5069897483690587,0.5972552624751262,DecisionTree,DecisionTree_2
942,SI_ref_13,PB800,IBU,Synthetic,0.31469400434917677,0.5972552624751262,DecisionTree,DecisionTree_2
943,SI_ref_13,PB800,IBU,Synthetic,0.22960794568575607,0.5972552624751262,DecisionTree,DecisionTree_2
944,SI_ref_13,PB800,IBU,Synthetic,0.10958005249343833,0.5972552624751262,DecisionTree,DecisionTree_2
852,SI_ref_13,PB600,CBZ,Synthetic,0.5776772247360483,0.9848547034669116,ElasticNet,ElasticNet_2
853,SI_ref_13,PB600,CBZ,Synthetic,0.5656108597285068,0.9734722239866944,ElasticNet,ElasticNet_2
854,SI_ref_13,PB600,CBZ,Synthetic,0.5475113122171945,0.9619547122136713,ElasticNet,ElasticNet_2
855,SI_ref_13,PB600,CBZ,Synthetic,0.4479638009049774,0.9551828276683467,ElasticNet,ElasticNet_2
856,SI_ref_13,PB600,CBZ,Synthetic,0.45098039215686275,0.9435734295166763,ElasticNet,ElasticNet_2
857,SI_ref_13,PB600,CBZ,Synthetic,0.42684766214177977,0.9367706905148951,ElasticNet,ElasticNet_2
858,SI_ref_13,PB600,CBZ,Synthetic,0.32437120555073723,0.9319408211443083,ElasticNet,ElasticNet_2
859,SI_ref_13,PB600,CBZ,Synthetic,0.4773489932885906,0.941265579898644,ElasticNet,ElasticNet_2
860,SI_ref_13,PB600,CBZ,Synthetic,0.4437372714068248,0.9319408211443083,ElasticNet,ElasticNet_2
861,SI_ref_13,PB600,CBZ,Synthetic,0.35791881074899945,0.9319408211443083,ElasticNet,ElasticNet_2
862,SI_ref_13,PB600,CBZ,Synthetic,0.32426715019643393,0.9319408211443083,ElasticNet,ElasticNet_2
863,SI_ref_13,PB600,CBZ,Synthetic,0.24055829228243014,0.9319408211443083,ElasticNet,ElasticNet_2
864,SI_ref_13,PB600,CBZ,Synthetic,0.44839549002601903,0.9226160623899725,ElasticNet,ElasticNet_2
865,SI_ref_13,PB600,CBZ,Synthetic,0.5528523489932886,0.9132913036356368,ElasticNet,ElasticNet_2
866,SI_ref_13,PB600,CBZ,Synthetic,0.5653368025440879,0.9319408211443083,ElasticNet,ElasticNet_2
867,SI_ref_13,PB600,CBZ,Synthetic,0.6235906331309627,0.9319408211443083,ElasticNet,ElasticNet_2
868,SI_ref_13,PB600,CBZ,Synthetic,0.6991037872217403,0.9319408211443083,ElasticNet,ElasticNet_2
869,SI_ref_13,PB600,CBZ,Synthetic,0.7401395944327428,0.9319408211443083,ElasticNet,ElasticNet_2
870,SI_ref_13,PB600,CBZ,Synthetic,0.8642533936651583,0.9202965714431025,ElasticNet,ElasticNet_2
871,SI_ref_13,PB600,CBZ,Synthetic,0.6953242835595775,0.9202965714431025,ElasticNet,ElasticNet_2
872,SI_ref_13,PB600,CBZ,Synthetic,0.4479638009049774,0.9202965714431025,ElasticNet,ElasticNet_2
873,SI_ref_13,PB600,CBZ,Synthetic,0.36651583710407243,0.9202965714431025,ElasticNet,ElasticNet_2
874,SI_ref_13,PB600,CBZ,Synthetic,0.248868778280543,0.9202965714431025,ElasticNet,ElasticNet_2
875,SI_ref_13,PB600,IBU,Synthetic,0.7639925373134329,1.0058811461067034,ElasticNet,ElasticNet_2
876,SI_ref_13,PB600,IBU,Synthetic,0.7266791044776119,0.9944986666264861,ElasticNet,ElasticNet_2
877,SI_ref_13,PB600,IBU,Synthetic,0.7328980099502487,0.982981154853463,ElasticNet,ElasticNet_2
878,SI_ref_13,PB600,IBU,Synthetic,0.7391169154228855,0.9762092703081384,ElasticNet,ElasticNet_2
879,SI_ref_13,PB600,IBU,Synthetic,0.6707089552238806,0.9645998721564681,ElasticNet,ElasticNet_2
880,SI_ref_13,PB600,IBU,Synthetic,0.5898631840796019,0.957797133154687,ElasticNet,ElasticNet_2
881,SI_ref_13,PB600,IBU,Synthetic,0.2096102913356035,0.9529672637841,ElasticNet,ElasticNet_2
882,SI_ref_13,PB600,IBU,Synthetic,0.7328980099502488,0.9622920225384357,ElasticNet,ElasticNet_2
883,SI_ref_13,PB600,IBU,Synthetic,0.611373922124096,0.9529672637841,ElasticNet,ElasticNet_2
884,SI_ref_13,PB600,IBU,Synthetic,0.6847133757961785,0.9529672637841,ElasticNet,ElasticNet_2
885,SI_ref_13,PB600,IBU,Synthetic,0.4580645161290322,0.9529672637841,ElasticNet,ElasticNet_2
886,SI_ref_13,PB600,IBU,Synthetic,0.29347826086956524,0.9529672637841,ElasticNet,ElasticNet_2
887,SI_ref_13,PB600,IBU,Synthetic,0.5772919064058304,0.9436425050297643,ElasticNet,ElasticNet_2
888,SI_ref_13,PB600,IBU,Synthetic,0.5887993862677406,0.9343177462754286,ElasticNet,ElasticNet_2
889,SI_ref_13,PB600,IBU,Synthetic,0.7258796821793417,0.9529672637841,ElasticNet,ElasticNet_2
890,SI_ref_13,PB600,IBU,Synthetic,0.766427039979821,0.9529672637841,ElasticNet,ElasticNet_2
891,SI_ref_13,PB600,IBU,Synthetic,0.8162693908437383,0.9529672637841,ElasticNet,ElasticNet_2
892,SI_ref_13,PB600,IBU,Synthetic,0.8533052267445003,0.9529672637841,ElasticNet,ElasticNet_2
893,SI_ref_13,PB600,IBU,Synthetic,0.9327073552425663,0.9413230140828943,ElasticNet,ElasticNet_2
894,SI_ref_13,PB600,IBU,Synthetic,0.6275430359937403,0.9413230140828943,ElasticNet,ElasticNet_2
895,SI_ref_13,PB600,IBU,Synthetic,0.35367762128325514,0.9413230140828943,ElasticNet,ElasticNet_2
896,SI_ref_13,PB600,IBU,Synthetic,0.4798506002849601,0.9413230140828943,ElasticNet,ElasticNet_2
897,SI_ref_13,PB600,IBU,Synthetic,0.2754303599374022,0.9413230140828943,ElasticNet,ElasticNet_2
898,SI_ref_13,PB600,CBZ,Synthetic,0.244663382594417,0.9319408211443083,ElasticNet,ElasticNet_2
899,SI_ref_13,PB800,CBZ,Synthetic,0.27061079156395507,0.5789595043765804,ElasticNet,ElasticNet_2
900,SI_ref_13,PB800,CBZ,Synthetic,0.22678718159408381,0.5675770248963632,ElasticNet,ElasticNet_2
901,SI_ref_13,PB800,CBZ,Synthetic,0.18844152287044644,0.5560595131233402,ElasticNet,ElasticNet_2
902,SI_ref_13,PB800,CBZ,Synthetic,0.17748562037797863,0.5492876285780155,ElasticNet,ElasticNet_2
903,SI_ref_13,PB800,CBZ,Synthetic,0.16379074226239385,0.5376782304263452,ElasticNet,ElasticNet_2
904,SI_ref_13,PB800,CBZ,Synthetic,0.155573815393043,0.530875491424564,ElasticNet,ElasticNet_2
905,SI_ref_13,PB800,CBZ,Synthetic,0.08520900321543408,0.5260456220539771,ElasticNet,ElasticNet_2
906,SI_ref_13,PB800,CBZ,Synthetic,0.16135346756152125,0.5353703808083128,ElasticNet,ElasticNet_2
907,SI_ref_13,PB800,CBZ,Synthetic,0.1561792870827899,0.5260456220539771,ElasticNet,ElasticNet_2
908,SI_ref_13,PB800,CBZ,Synthetic,0.13676633444075306,0.5260456220539771,ElasticNet,ElasticNet_2
909,SI_ref_13,PB800,CBZ,Synthetic,0.1002310803004044,0.5260456220539771,ElasticNet,ElasticNet_2
910,SI_ref_13,PB800,CBZ,Synthetic,0.04322336667164253,0.5260456220539771,ElasticNet,ElasticNet_2
911,SI_ref_13,PB800,CBZ,Synthetic,0.20609619686800895,0.5167208632996414,ElasticNet,ElasticNet_2
912,SI_ref_13,PB800,CBZ,Synthetic,0.1865212527964206,0.5073961045453057,ElasticNet,ElasticNet_2
913,SI_ref_13,PB800,CBZ,Synthetic,0.28121650589496244,0.5260456220539771,ElasticNet,ElasticNet_2
914,SI_ref_13,PB800,CBZ,Synthetic,0.36611289746337977,0.5260456220539771,ElasticNet,ElasticNet_2
915,SI_ref_13,PB800,CBZ,Synthetic,0.5117363344051448,0.5260456220539771,ElasticNet,ElasticNet_2
916,SI_ref_13,PB800,CBZ,Synthetic,0.5707012708620426,0.5260456220539771,ElasticNet,ElasticNet_2
917,SI_ref_13,PB800,CBZ,Synthetic,0.5791052918712493,0.5144013723527714,ElasticNet,ElasticNet_2
918,SI_ref_13,PB800,CBZ,Synthetic,0.30905619203491547,0.5144013723527714,ElasticNet,ElasticNet_2
919,SI_ref_13,PB800,CBZ,Synthetic,0.16448445171849424,0.5144013723527714,ElasticNet,ElasticNet_2
920,SI_ref_13,PB800,CBZ,Synthetic,0.12460736493062231,0.5144013723527714,ElasticNet,ElasticNet_2
921,SI_ref_13,PB800,CBZ,Synthetic,0.08265139116202945,0.5144013723527714,ElasticNet,ElasticNet_2
922,SI_ref_13,PB800,IBU,Synthetic,0.4560270602706027,0.5999859470163722,ElasticNet,ElasticNet_2
923,SI_ref_13,PB800,IBU,Synthetic,0.4252767527675277,0.588603467536155,ElasticNet,ElasticNet_2
924,SI_ref_13,PB800,IBU,Synthetic,0.40067650676506766,0.5770859557631319,ElasticNet,ElasticNet_2
925,SI_ref_13,PB800,IBU,Synthetic,0.39145141451414517,0.5703140712178073,ElasticNet,ElasticNet_2
926,SI_ref_13,PB800,IBU,Synthetic,0.38837638376383765,0.5587046730661369,ElasticNet,ElasticNet_2
927,SI_ref_13,PB800,IBU,Synthetic,0.37915129151291516,0.5519019340643558,ElasticNet,ElasticNet_2
928,SI_ref_13,PB800,IBU,Synthetic,0.23013048635824437,0.5470720646937689,ElasticNet,ElasticNet_2
929,SI_ref_13,PB800,IBU,Synthetic,0.3126198695818949,0.5563968234481046,ElasticNet,ElasticNet_2
930,SI_ref_13,PB800,IBU,Synthetic,0.35520079622504414,0.5470720646937689,ElasticNet,ElasticNet_2
931,SI_ref_13,PB800,IBU,Synthetic,0.24946921443736733,0.5470720646937689,ElasticNet,ElasticNet_2
932,SI_ref_13,PB800,IBU,Synthetic,0.18924731182795698,0.5470720646937689,ElasticNet,ElasticNet_2
933,SI_ref_13,PB800,IBU,Synthetic,0.08514492753623189,0.5470720646937689,ElasticNet,ElasticNet_2
934,SI_ref_13,PB800,IBU,Synthetic,0.4392021480629075,0.5377473059394332,ElasticNet,ElasticNet_2
935,SI_ref_13,PB800,IBU,Synthetic,0.4238588415803605,0.5284225471850975,ElasticNet,ElasticNet_2
936,SI_ref_13,PB800,IBU,Synthetic,0.5142348754448398,0.5470720646937689,ElasticNet,ElasticNet_2
937,SI_ref_13,PB800,IBU,Synthetic,0.5523922499011468,0.5470720646937689,ElasticNet,ElasticNet_2
938,SI_ref_13,PB800,IBU,Synthetic,0.5686613285883748,0.5470720646937689,ElasticNet,ElasticNet_2
939,SI_ref_13,PB800,IBU,Synthetic,0.5875275377054737,0.5470720646937689,ElasticNet,ElasticNet_2
940,SI_ref_13,PB800,IBU,Synthetic,0.712022367194781,0.5354278149925631,ElasticNet,ElasticNet_2
941,SI_ref_13,PB800,IBU,Synthetic,0.5069897483690587,0.5354278149925631,ElasticNet,ElasticNet_2
942,SI_ref_13,PB800,IBU,Synthetic,0.31469400434917677,0.5354278149925631,ElasticNet,ElasticNet_2
943,SI_ref_13,PB800,IBU,Synthetic,0.22960794568575607,0.5354278149925631,ElasticNet,ElasticNet_2
944,SI_ref_13,PB800,IBU,Synthetic,0.10958005249343833,0.5354278149925631,ElasticNet,ElasticNet_2
852,SI_ref_13,PB600,CBZ,Synthetic,0.5776772247360483,0.5495023397441128,ExtraTrees,ExtraTrees_2
853,SI_ref_13,PB600,CBZ,Synthetic,0.5656108597285068,0.5365493956713066,ExtraTrees,ExtraTrees_2
854,SI_ref_13,PB600,CBZ,Synthetic,0.5475113122171945,0.4968848855089022,ExtraTrees,ExtraTrees_2
855,SI_ref_13,PB600,CBZ,Synthetic,0.4479638009049774,0.4765950804190937,ExtraTrees,ExtraTrees_2
856,SI_ref_13,PB600,CBZ,Synthetic,0.45098039215686275,0.4543868691556221,ExtraTrees,ExtraTrees_2
857,SI_ref_13,PB600,CBZ,Synthetic,0.42684766214177977,0.44593306959296086,ExtraTrees,ExtraTrees_2
858,SI_ref_13,PB600,CBZ,Synthetic,0.32437120555073723,0.4335866286394914,ExtraTrees,ExtraTrees_2
859,SI_ref_13,PB600,CBZ,Synthetic,0.4773489932885906,0.4357742289704295,ExtraTrees,ExtraTrees_2
860,SI_ref_13,PB600,CBZ,Synthetic,0.4437372714068248,0.4335866286394914,ExtraTrees,ExtraTrees_2
861,SI_ref_13,PB600,CBZ,Synthetic,0.35791881074899945,0.4335866286394914,ExtraTrees,ExtraTrees_2
862,SI_ref_13,PB600,CBZ,Synthetic,0.32426715019643393,0.4335866286394914,ExtraTrees,ExtraTrees_2
863,SI_ref_13,PB600,CBZ,Synthetic,0.24055829228243014,0.4335866286394914,ExtraTrees,ExtraTrees_2
864,SI_ref_13,PB600,CBZ,Synthetic,0.44839549002601903,0.4136232281084034,ExtraTrees,ExtraTrees_2
865,SI_ref_13,PB600,CBZ,Synthetic,0.5528523489932886,0.4136232281084034,ExtraTrees,ExtraTrees_2
866,SI_ref_13,PB600,CBZ,Synthetic,0.5653368025440879,0.4335866286394914,ExtraTrees,ExtraTrees_2
867,SI_ref_13,PB600,CBZ,Synthetic,0.6235906331309627,0.4335866286394914,ExtraTrees,ExtraTrees_2
868,SI_ref_13,PB600,CBZ,Synthetic,0.6991037872217403,0.4335866286394914,ExtraTrees,ExtraTrees_2
869,SI_ref_13,PB600,CBZ,Synthetic,0.7401395944327428,0.4335866286394914,ExtraTrees,ExtraTrees_2
870,SI_ref_13,PB600,CBZ,Synthetic,0.8642533936651583,0.42520995090368835,ExtraTrees,ExtraTrees_2
871,SI_ref_13,PB600,CBZ,Synthetic,0.6953242835595775,0.42520995090368835,ExtraTrees,ExtraTrees_2
872,SI_ref_13,PB600,CBZ,Synthetic,0.4479638009049774,0.42520995090368835,ExtraTrees,ExtraTrees_2
873,SI_ref_13,PB600,CBZ,Synthetic,0.36651583710407243,0.42520995090368835,ExtraTrees,ExtraTrees_2
874,SI_ref_13,PB600,CBZ,Synthetic,0.248868778280543,0.42520995090368835,ExtraTrees,ExtraTrees_2
875,SI_ref_13,PB600,IBU,Synthetic,0.7639925373134329,0.5690832090823428,ExtraTrees,ExtraTrees_2
876,SI_ref_13,PB600,IBU,Synthetic,0.7266791044776119,0.5579519389415382,ExtraTrees,ExtraTrees_2
877,SI_ref_13,PB600,IBU,Synthetic,0.7328980099502487,0.5273942930832365,ExtraTrees,ExtraTrees_2
878,SI_ref_13,PB600,IBU,Synthetic,0.7391169154228855,0.5087359292594438,ExtraTrees,ExtraTrees_2
879,SI_ref_13,PB600,IBU,Synthetic,0.6707089552238806,0.48314024769082003,ExtraTrees,ExtraTrees_2
880,SI_ref_13,PB600,IBU,Synthetic,0.5898631840796019,0.4743863437573099,ExtraTrees,ExtraTrees_2
881,SI_ref_13,PB600,IBU,Synthetic,0.2096102913356035,0.46547236427782385,ExtraTrees,ExtraTrees_2
882,SI_ref_13,PB600,IBU,Synthetic,0.7328980099502488,0.4637463136087068,ExtraTrees,ExtraTrees_2
883,SI_ref_13,PB600,IBU,Synthetic,0.611373922124096,0.46547236427782385,ExtraTrees,ExtraTrees_2
884,SI_ref_13,PB600,IBU,Synthetic,0.6847133757961785,0.46547236427782385,ExtraTrees,ExtraTrees_2
885,SI_ref_13,PB600,IBU,Synthetic,0.4580645161290322,0.46547236427782385,ExtraTrees,ExtraTrees_2
886,SI_ref_13,PB600,IBU,Synthetic,0.29347826086956524,0.46547236427782385,ExtraTrees,ExtraTrees_2
887,SI_ref_13,PB600,IBU,Synthetic,0.5772919064058304,0.4490589362029844,ExtraTrees,ExtraTrees_2
888,SI_ref_13,PB600,IBU,Synthetic,0.5887993862677406,0.4490589362029844,ExtraTrees,ExtraTrees_2
889,SI_ref_13,PB600,IBU,Synthetic,0.7258796821793417,0.46547236427782385,ExtraTrees,ExtraTrees_2
890,SI_ref_13,PB600,IBU,Synthetic,0.766427039979821,0.46547236427782385,ExtraTrees,ExtraTrees_2
891,SI_ref_13,PB600,IBU,Synthetic,0.8162693908437383,0.46547236427782385,ExtraTrees,ExtraTrees_2
892,SI_ref_13,PB600,IBU,Synthetic,0.8533052267445003,0.46547236427782385,ExtraTrees,ExtraTrees_2
893,SI_ref_13,PB600,IBU,Synthetic,0.9327073552425663,0.45913343173591764,ExtraTrees,ExtraTrees_2
894,SI_ref_13,PB600,IBU,Synthetic,0.6275430359937403,0.45913343173591764,ExtraTrees,ExtraTrees_2
895,SI_ref_13,PB600,IBU,Synthetic,0.35367762128325514,0.45913343173591764,ExtraTrees,ExtraTrees_2
896,SI_ref_13,PB600,IBU,Synthetic,0.4798506002849601,0.45913343173591764,ExtraTrees,ExtraTrees_2
897,SI_ref_13,PB600,IBU,Synthetic,0.2754303599374022,0.45913343173591764,ExtraTrees,ExtraTrees_2
898,SI_ref_13,PB600,CBZ,Synthetic,0.244663382594417,0.4335866286394914,ExtraTrees,ExtraTrees_2
899,SI_ref_13,PB800,CBZ,Synthetic,0.27061079156395507,0.5376886609761112,ExtraTrees,ExtraTrees_2
900,SI_ref_13,PB800,CBZ,Synthetic,0.22678718159408381,0.5272807121276311,ExtraTrees,ExtraTrees_2
901,SI_ref_13,PB800,CBZ,Synthetic,0.18844152287044644,0.4917922381900191,ExtraTrees,ExtraTrees_2
902,SI_ref_13,PB800,CBZ,Synthetic,0.17748562037797863,0.4745141375638765,ExtraTrees,ExtraTrees_2
903,SI_ref_13,PB800,CBZ,Synthetic,0.16379074226239385,0.45067977543420595,ExtraTrees,ExtraTrees_2
904,SI_ref_13,PB800,CBZ,Synthetic,0.155573815393043,0.4428591983391979,ExtraTrees,ExtraTrees_2
905,SI_ref_13,PB800,CBZ,Synthetic,0.08520900321543408,0.4315657067281483,ExtraTrees,ExtraTrees_2
906,SI_ref_13,PB800,CBZ,Synthetic,0.16135346756152125,0.4314697959077639,ExtraTrees,ExtraTrees_2
907,SI_ref_13,PB800,CBZ,Synthetic,0.1561792870827899,0.4315657067281483,ExtraTrees,ExtraTrees_2
908,SI_ref_13,PB800,CBZ,Synthetic,0.13676633444075306,0.4315657067281483,ExtraTrees,ExtraTrees_2
909,SI_ref_13,PB800,CBZ,Synthetic,0.1002310803004044,0.4315657067281483,ExtraTrees,ExtraTrees_2
910,SI_ref_13,PB800,CBZ,Synthetic,0.04322336667164253,0.4315657067281483,ExtraTrees,ExtraTrees_2
911,SI_ref_13,PB800,CBZ,Synthetic,0.20609619686800895,0.41260690551063056,ExtraTrees,ExtraTrees_2
912,SI_ref_13,PB800,CBZ,Synthetic,0.1865212527964206,0.41260690551063056,ExtraTrees,ExtraTrees_2
913,SI_ref_13,PB800,CBZ,Synthetic,0.28121650589496244,0.4315657067281483,ExtraTrees,ExtraTrees_2
914,SI_ref_13,PB800,CBZ,Synthetic,0.36611289746337977,0.4315657067281483,ExtraTrees,ExtraTrees_2
915,SI_ref_13,PB800,CBZ,Synthetic,0.5117363344051448,0.4315657067281483,ExtraTrees,ExtraTrees_2
916,SI_ref_13,PB800,CBZ,Synthetic,0.5707012708620426,0.4315657067281483,ExtraTrees,ExtraTrees_2
917,SI_ref_13,PB800,CBZ,Synthetic,0.5791052918712493,0.42129061973508264,ExtraTrees,ExtraTrees_2
918,SI_ref_13,PB800,CBZ,Synthetic,0.30905619203491547,0.42129061973508264,ExtraTrees,ExtraTrees_2
919,SI_ref_13,PB800,CBZ,Synthetic,0.16448445171849424,0.42129061973508264,ExtraTrees,ExtraTrees_2
920,SI_ref_13,PB800,CBZ,Synthetic,0.12460736493062231,0.42129061973508264,ExtraTrees,ExtraTrees_2
921,SI_ref_13,PB800,CBZ,Synthetic,0.08265139116202945,0.42129061973508264,ExtraTrees,ExtraTrees_2
922,SI_ref_13,PB800,IBU,Synthetic,0.4560270602706027,0.5691310213358173,ExtraTrees,ExtraTrees_2
923,SI_ref_13,PB800,IBU,Synthetic,0.4252767527675277,0.5607148670658543,ExtraTrees,ExtraTrees_2
924,SI_ref_13,PB800,IBU,Synthetic,0.40067650676506766,0.5384713536552932,ExtraTrees,ExtraTrees_2
925,SI_ref_13,PB800,IBU,Synthetic,0.39145141451414517,0.5179892336440262,ExtraTrees,ExtraTrees_2
926,SI_ref_13,PB800,IBU,Synthetic,0.38837638376383765,0.49473670620122,ExtraTrees,ExtraTrees_2
927,SI_ref_13,PB800,IBU,Synthetic,0.37915129151291516,0.4885020578446304,ExtraTrees,ExtraTrees_2
928,SI_ref_13,PB800,IBU,Synthetic,0.23013048635824437,0.47972658012832947,ExtraTrees,ExtraTrees_2
929,SI_ref_13,PB800,IBU,Synthetic,0.3126198695818949,0.47626601433226,ExtraTrees,ExtraTrees_2
930,SI_ref_13,PB800,IBU,Synthetic,0.35520079622504414,0.47972658012832947,ExtraTrees,ExtraTrees_2
931,SI_ref_13,PB800,IBU,Synthetic,0.24946921443736733,0.47972658012832947,ExtraTrees,ExtraTrees_2
932,SI_ref_13,PB800,IBU,Synthetic,0.18924731182795698,0.47972658012832947,ExtraTrees,ExtraTrees_2
933,SI_ref_13,PB800,IBU,Synthetic,0.08514492753623189,0.47972658012832947,ExtraTrees,ExtraTrees_2
934,SI_ref_13,PB800,IBU,Synthetic,0.4392021480629075,0.4669886615342044,ExtraTrees,ExtraTrees_2
935,SI_ref_13,PB800,IBU,Synthetic,0.4238588415803605,0.4669886615342044,ExtraTrees,ExtraTrees_2
936,SI_ref_13,PB800,IBU,Synthetic,0.5142348754448398,0.47972658012832947,ExtraTrees,ExtraTrees_2
937,SI_ref_13,PB800,IBU,Synthetic,0.5523922499011468,0.47972658012832947,ExtraTrees,ExtraTrees_2
938,SI_ref_13,PB800,IBU,Synthetic,0.5686613285883748,0.47972658012832947,ExtraTrees,ExtraTrees_2
939,SI_ref_13,PB800,IBU,Synthetic,0.5875275377054737,0.47972658012832947,ExtraTrees,ExtraTrees_2
940,SI_ref_13,PB800,IBU,Synthetic,0.712022367194781,0.4676440650208359,ExtraTrees,ExtraTrees_2
941,SI_ref_13,PB800,IBU,Synthetic,0.5069897483690587,0.4676440650208359,ExtraTrees,ExtraTrees_2
942,SI_ref_13,PB800,IBU,Synthetic,0.31469400434917677,0.4676440650208359,ExtraTrees,ExtraTrees_2
943,SI_ref_13,PB800,IBU,Synthetic,0.22960794568575607,0.4676440650208359,ExtraTrees,ExtraTrees_2
944,SI_ref_13,PB800,IBU,Synthetic,0.10958005249343833,0.4676440650208359,ExtraTrees,ExtraTrees_2
852,SI_ref_13,PB600,CBZ,Synthetic,0.5776772247360483,0.3445651468812215,GradientBoosting,GradientBoosting_1
853,SI_ref_13,PB600,CBZ,Synthetic,0.5656108597285068,0.3445651468812215,GradientBoosting,GradientBoosting_1
854,SI_ref_13,PB600,CBZ,Synthetic,0.5475113122171945,0.34298305524539385,GradientBoosting,GradientBoosting_1
855,SI_ref_13,PB600,CBZ,Synthetic,0.4479638009049774,0.3459955419024939,GradientBoosting,GradientBoosting_1
856,SI_ref_13,PB600,CBZ,Synthetic,0.45098039215686275,0.34450739869594327,GradientBoosting,GradientBoosting_1
857,SI_ref_13,PB600,CBZ,Synthetic,0.42684766214177977,0.34450739869594327,GradientBoosting,GradientBoosting_1
858,SI_ref_13,PB600,CBZ,Synthetic,0.32437120555073723,0.34450739869594327,GradientBoosting,GradientBoosting_1
859,SI_ref_13,PB600,CBZ,Synthetic,0.4773489932885906,0.34562453649022773,GradientBoosting,GradientBoosting_1
860,SI_ref_13,PB600,CBZ,Synthetic,0.4437372714068248,0.34450739869594327,GradientBoosting,GradientBoosting_1
861,SI_ref_13,PB600,CBZ,Synthetic,0.35791881074899945,0.34450739869594327,GradientBoosting,GradientBoosting_1
862,SI_ref_13,PB600,CBZ,Synthetic,0.32426715019643393,0.34450739869594327,GradientBoosting,GradientBoosting_1
863,SI_ref_13,PB600,CBZ,Synthetic,0.24055829228243014,0.34450739869594327,GradientBoosting,GradientBoosting_1
864,SI_ref_13,PB600,CBZ,Synthetic,0.44839549002601903,0.34450739869594327,GradientBoosting,GradientBoosting_1
865,SI_ref_13,PB600,CBZ,Synthetic,0.5528523489932886,0.34450739869594327,GradientBoosting,GradientBoosting_1
866,SI_ref_13,PB600,CBZ,Synthetic,0.5653368025440879,0.34450739869594327,GradientBoosting,GradientBoosting_1
867,SI_ref_13,PB600,CBZ,Synthetic,0.6235906331309627,0.34450739869594327,GradientBoosting,GradientBoosting_1
868,SI_ref_13,PB600,CBZ,Synthetic,0.6991037872217403,0.34450739869594327,GradientBoosting,GradientBoosting_1
869,SI_ref_13,PB600,CBZ,Synthetic,0.7401395944327428,0.34450739869594327,GradientBoosting,GradientBoosting_1
870,SI_ref_13,PB600,CBZ,Synthetic,0.8642533936651583,0.34450739869594327,GradientBoosting,GradientBoosting_1
871,SI_ref_13,PB600,CBZ,Synthetic,0.6953242835595775,0.34450739869594327,GradientBoosting,GradientBoosting_1
872,SI_ref_13,PB600,CBZ,Synthetic,0.4479638009049774,0.34450739869594327,GradientBoosting,GradientBoosting_1
873,SI_ref_13,PB600,CBZ,Synthetic,0.36651583710407243,0.34450739869594327,GradientBoosting,GradientBoosting_1
874,SI_ref_13,PB600,CBZ,Synthetic,0.248868778280543,0.34450739869594327,GradientBoosting,GradientBoosting_1
875,SI_ref_13,PB600,IBU,Synthetic,0.7639925373134329,0.44993393845745777,GradientBoosting,GradientBoosting_1
876,SI_ref_13,PB600,IBU,Synthetic,0.7266791044776119,0.44993393845745777,GradientBoosting,GradientBoosting_1
877,SI_ref_13,PB600,IBU,Synthetic,0.7328980099502487,0.43551252190138134,GradientBoosting,GradientBoosting_1
878,SI_ref_13,PB600,IBU,Synthetic,0.7391169154228855,0.40373484643658125,GradientBoosting,GradientBoosting_1
879,SI_ref_13,PB600,IBU,Synthetic,0.6707089552238806,0.40224670323003064,GradientBoosting,GradientBoosting_1
880,SI_ref_13,PB600,IBU,Synthetic,0.5898631840796019,0.40224670323003064,GradientBoosting,GradientBoosting_1
881,SI_ref_13,PB600,IBU,Synthetic,0.2096102913356035,0.40224670323003064,GradientBoosting,GradientBoosting_1
882,SI_ref_13,PB600,IBU,Synthetic,0.7328980099502488,0.4033638410243151,GradientBoosting,GradientBoosting_1
883,SI_ref_13,PB600,IBU,Synthetic,0.611373922124096,0.40224670323003064,GradientBoosting,GradientBoosting_1
884,SI_ref_13,PB600,IBU,Synthetic,0.6847133757961785,0.40224670323003064,GradientBoosting,GradientBoosting_1
885,SI_ref_13,PB600,IBU,Synthetic,0.4580645161290322,0.40224670323003064,GradientBoosting,GradientBoosting_1
886,SI_ref_13,PB600,IBU,Synthetic,0.29347826086956524,0.40224670323003064,GradientBoosting,GradientBoosting_1
887,SI_ref_13,PB600,IBU,Synthetic,0.5772919064058304,0.40224670323003064,GradientBoosting,GradientBoosting_1
888,SI_ref_13,PB600,IBU,Synthetic,0.5887993862677406,0.40224670323003064,GradientBoosting,GradientBoosting_1
889,SI_ref_13,PB600,IBU,Synthetic,0.7258796821793417,0.40224670323003064,GradientBoosting,GradientBoosting_1
890,SI_ref_13,PB600,IBU,Synthetic,0.766427039979821,0.40224670323003064,GradientBoosting,GradientBoosting_1
891,SI_ref_13,PB600,IBU,Synthetic,0.8162693908437383,0.40224670323003064,GradientBoosting,GradientBoosting_1
892,SI_ref_13,PB600,IBU,Synthetic,0.8533052267445003,0.40224670323003064,GradientBoosting,GradientBoosting_1
893,SI_ref_13,PB600,IBU,Synthetic,0.9327073552425663,0.40224670323003064,GradientBoosting,GradientBoosting_1
894,SI_ref_13,PB600,IBU,Synthetic,0.6275430359937403,0.40224670323003064,GradientBoosting,GradientBoosting_1
895,SI_ref_13,PB600,IBU,Synthetic,0.35367762128325514,0.40224670323003064,GradientBoosting,GradientBoosting_1
896,SI_ref_13,PB600,IBU,Synthetic,0.4798506002849601,0.40224670323003064,GradientBoosting,GradientBoosting_1
897,SI_ref_13,PB600,IBU,Synthetic,0.2754303599374022,0.40224670323003064,GradientBoosting,GradientBoosting_1
898,SI_ref_13,PB600,CBZ,Synthetic,0.244663382594417,0.34450739869594327,GradientBoosting,GradientBoosting_1
899,SI_ref_13,PB800,CBZ,Synthetic,0.27061079156395507,0.40627951750003866,GradientBoosting,GradientBoosting_1
900,SI_ref_13,PB800,CBZ,Synthetic,0.22678718159408381,0.40627951750003866,GradientBoosting,GradientBoosting_1
901,SI_ref_13,PB800,CBZ,Synthetic,0.18844152287044644,0.40469742586421104,GradientBoosting,GradientBoosting_1
902,SI_ref_13,PB800,CBZ,Synthetic,0.17748562037797863,0.40770991252131106,GradientBoosting,GradientBoosting_1
903,SI_ref_13,PB800,CBZ,Synthetic,0.16379074226239385,0.40622176931476045,GradientBoosting,GradientBoosting_1
904,SI_ref_13,PB800,CBZ,Synthetic,0.155573815393043,0.40622176931476045,GradientBoosting,GradientBoosting_1
905,SI_ref_13,PB800,CBZ,Synthetic,0.08520900321543408,0.40622176931476045,GradientBoosting,GradientBoosting_1
906,SI_ref_13,PB800,CBZ,Synthetic,0.16135346756152125,0.4073389071090449,GradientBoosting,GradientBoosting_1
907,SI_ref_13,PB800,CBZ,Synthetic,0.1561792870827899,0.40622176931476045,GradientBoosting,GradientBoosting_1
908,SI_ref_13,PB800,CBZ,Synthetic,0.13676633444075306,0.40622176931476045,GradientBoosting,GradientBoosting_1
909,SI_ref_13,PB800,CBZ,Synthetic,0.1002310803004044,0.40622176931476045,GradientBoosting,GradientBoosting_1
910,SI_ref_13,PB800,CBZ,Synthetic,0.04322336667164253,0.40622176931476045,GradientBoosting,GradientBoosting_1
911,SI_ref_13,PB800,CBZ,Synthetic,0.20609619686800895,0.40622176931476045,GradientBoosting,GradientBoosting_1
912,SI_ref_13,PB800,CBZ,Synthetic,0.1865212527964206,0.40622176931476045,GradientBoosting,GradientBoosting_1
913,SI_ref_13,PB800,CBZ,Synthetic,0.28121650589496244,0.40622176931476045,GradientBoosting,GradientBoosting_1
914,SI_ref_13,PB800,CBZ,Synthetic,0.36611289746337977,0.40622176931476045,GradientBoosting,GradientBoosting_1
915,SI_ref_13,PB800,CBZ,Synthetic,0.5117363344051448,0.40622176931476045,GradientBoosting,GradientBoosting_1
916,SI_ref_13,PB800,CBZ,Synthetic,0.5707012708620426,0.40622176931476045,GradientBoosting,GradientBoosting_1
917,SI_ref_13,PB800,CBZ,Synthetic,0.5791052918712493,0.40622176931476045,GradientBoosting,GradientBoosting_1
918,SI_ref_13,PB800,CBZ,Synthetic,0.30905619203491547,0.40622176931476045,GradientBoosting,GradientBoosting_1
919,SI_ref_13,PB800,CBZ,Synthetic,0.16448445171849424,0.40622176931476045,GradientBoosting,GradientBoosting_1
920,SI_ref_13,PB800,CBZ,Synthetic,0.12460736493062231,0.40622176931476045,GradientBoosting,GradientBoosting_1
921,SI_ref_13,PB800,CBZ,Synthetic,0.08265139116202945,0.40622176931476045,GradientBoosting,GradientBoosting_1
922,SI_ref_13,PB800,IBU,Synthetic,0.4560270602706027,0.5054509627776401,GradientBoosting,GradientBoosting_1
923,SI_ref_13,PB800,IBU,Synthetic,0.4252767527675277,0.5054509627776401,GradientBoosting,GradientBoosting_1
924,SI_ref_13,PB800,IBU,Synthetic,0.40067650676506766,0.49102954622156353,GradientBoosting,GradientBoosting_1
925,SI_ref_13,PB800,IBU,Synthetic,0.39145141451414517,0.45925187075676344,GradientBoosting,GradientBoosting_1
926,SI_ref_13,PB800,IBU,Synthetic,0.38837638376383765,0.45776372755021283,GradientBoosting,GradientBoosting_1
927,SI_ref_13,PB800,IBU,Synthetic,0.37915129151291516,0.45776372755021283,GradientBoosting,GradientBoosting_1
928,SI_ref_13,PB800,IBU,Synthetic,0.23013048635824437,0.45776372755021283,GradientBoosting,GradientBoosting_1
929,SI_ref_13,PB800,IBU,Synthetic,0.3126198695818949,0.4588808653444973,GradientBoosting,GradientBoosting_1
930,SI_ref_13,PB800,IBU,Synthetic,0.35520079622504414,0.45776372755021283,GradientBoosting,GradientBoosting_1
931,SI_ref_13,PB800,IBU,Synthetic,0.24946921443736733,0.45776372755021283,GradientBoosting,GradientBoosting_1
932,SI_ref_13,PB800,IBU,Synthetic,0.18924731182795698,0.45776372755021283,GradientBoosting,GradientBoosting_1
933,SI_ref_13,PB800,IBU,Synthetic,0.08514492753623189,0.45776372755021283,GradientBoosting,GradientBoosting_1
934,SI_ref_13,PB800,IBU,Synthetic,0.4392021480629075,0.45776372755021283,GradientBoosting,GradientBoosting_1
935,SI_ref_13,PB800,IBU,Synthetic,0.4238588415803605,0.45776372755021283,GradientBoosting,GradientBoosting_1
936,SI_ref_13,PB800,IBU,Synthetic,0.5142348754448398,0.45776372755021283,GradientBoosting,GradientBoosting_1
937,SI_ref_13,PB800,IBU,Synthetic,0.5523922499011468,0.45776372755021283,GradientBoosting,GradientBoosting_1
938,SI_ref_13,PB800,IBU,Synthetic,0.5686613285883748,0.45776372755021283,GradientBoosting,GradientBoosting_1
939,SI_ref_13,PB800,IBU,Synthetic,0.5875275377054737,0.45776372755021283,GradientBoosting,GradientBoosting_1
940,SI_ref_13,PB800,IBU,Synthetic,0.712022367194781,0.45776372755021283,GradientBoosting,GradientBoosting_1
941,SI_ref_13,PB800,IBU,Synthetic,0.5069897483690587,0.45776372755021283,GradientBoosting,GradientBoosting_1
942,SI_ref_13,PB800,IBU,Synthetic,0.31469400434917677,0.45776372755021283,GradientBoosting,GradientBoosting_1
943,SI_ref_13,PB800,IBU,Synthetic,0.22960794568575607,0.45776372755021283,GradientBoosting,GradientBoosting_1
944,SI_ref_13,PB800,IBU,Synthetic,0.10958005249343833,0.45776372755021283,GradientBoosting,GradientBoosting_1
852,SI_ref_13,PB600,CBZ,Synthetic,0.5776772247360483,0.42253214851270554,HistGradientBoosting,HistGradientBoosting_1
853,SI_ref_13,PB600,CBZ,Synthetic,0.5656108597285068,0.407286941440983,HistGradientBoosting,HistGradientBoosting_1
854,SI_ref_13,PB600,CBZ,Synthetic,0.5475113122171945,0.3616896503275459,HistGradientBoosting,HistGradientBoosting_1
855,SI_ref_13,PB600,CBZ,Synthetic,0.4479638009049774,0.21238483520957357,HistGradientBoosting,HistGradientBoosting_1
856,SI_ref_13,PB600,CBZ,Synthetic,0.45098039215686275,0.1849526592776511,HistGradientBoosting,HistGradientBoosting_1
857,SI_ref_13,PB600,CBZ,Synthetic,0.42684766214177977,0.17327798853739926,HistGradientBoosting,HistGradientBoosting_1
858,SI_ref_13,PB600,CBZ,Synthetic,0.32437120555073723,0.17289590677143735,HistGradientBoosting,HistGradientBoosting_1
859,SI_ref_13,PB600,CBZ,Synthetic,0.4773489932885906,0.1932132568398333,HistGradientBoosting,HistGradientBoosting_1
860,SI_ref_13,PB600,CBZ,Synthetic,0.4437372714068248,0.17289590677143735,HistGradientBoosting,HistGradientBoosting_1
861,SI_ref_13,PB600,CBZ,Synthetic,0.35791881074899945,0.17289590677143735,HistGradientBoosting,HistGradientBoosting_1
862,SI_ref_13,PB600,CBZ,Synthetic,0.32426715019643393,0.17289590677143735,HistGradientBoosting,HistGradientBoosting_1
863,SI_ref_13,PB600,CBZ,Synthetic,0.24055829228243014,0.17289590677143735,HistGradientBoosting,HistGradientBoosting_1
864,SI_ref_13,PB600,CBZ,Synthetic,0.44839549002601903,0.11764423582099677,HistGradientBoosting,HistGradientBoosting_1
865,SI_ref_13,PB600,CBZ,Synthetic,0.5528523489932886,0.11764423582099677,HistGradientBoosting,HistGradientBoosting_1
866,SI_ref_13,PB600,CBZ,Synthetic,0.5653368025440879,0.17289590677143735,HistGradientBoosting,HistGradientBoosting_1
867,SI_ref_13,PB600,CBZ,Synthetic,0.6235906331309627,0.17289590677143735,HistGradientBoosting,HistGradientBoosting_1
868,SI_ref_13,PB600,CBZ,Synthetic,0.6991037872217403,0.17289590677143735,HistGradientBoosting,HistGradientBoosting_1
869,SI_ref_13,PB600,CBZ,Synthetic,0.7401395944327428,0.17289590677143735,HistGradientBoosting,HistGradientBoosting_1
870,SI_ref_13,PB600,CBZ,Synthetic,0.8642533936651583,0.21188345162803815,HistGradientBoosting,HistGradientBoosting_1
871,SI_ref_13,PB600,CBZ,Synthetic,0.6953242835595775,0.21188345162803815,HistGradientBoosting,HistGradientBoosting_1
872,SI_ref_13,PB600,CBZ,Synthetic,0.4479638009049774,0.21188345162803815,HistGradientBoosting,HistGradientBoosting_1
873,SI_ref_13,PB600,CBZ,Synthetic,0.36651583710407243,0.21188345162803815,HistGradientBoosting,HistGradientBoosting_1
874,SI_ref_13,PB600,CBZ,Synthetic,0.248868778280543,0.21188345162803815,HistGradientBoosting,HistGradientBoosting_1
875,SI_ref_13,PB600,IBU,Synthetic,0.7639925373134329,0.5505502930860328,HistGradientBoosting,HistGradientBoosting_1
876,SI_ref_13,PB600,IBU,Synthetic,0.7266791044776119,0.5198263302457315,HistGradientBoosting,HistGradientBoosting_1
877,SI_ref_13,PB600,IBU,Synthetic,0.7328980099502487,0.47877676137692443,HistGradientBoosting,HistGradientBoosting_1
878,SI_ref_13,PB600,IBU,Synthetic,0.7391169154228855,0.3211623168164603,HistGradientBoosting,HistGradientBoosting_1
879,SI_ref_13,PB600,IBU,Synthetic,0.6707089552238806,0.276403935990239,HistGradientBoosting,HistGradientBoosting_1
880,SI_ref_13,PB600,IBU,Synthetic,0.5898631840796019,0.2637653813968618,HistGradientBoosting,HistGradientBoosting_1
881,SI_ref_13,PB600,IBU,Synthetic,0.2096102913356035,0.26252335782657926,HistGradientBoosting,HistGradientBoosting_1
882,SI_ref_13,PB600,IBU,Synthetic,0.7328980099502488,0.2777327295480145,HistGradientBoosting,HistGradientBoosting_1
883,SI_ref_13,PB600,IBU,Synthetic,0.611373922124096,0.26252335782657926,HistGradientBoosting,HistGradientBoosting_1
884,SI_ref_13,PB600,IBU,Synthetic,0.6847133757961785,0.26252335782657926,HistGradientBoosting,HistGradientBoosting_1
885,SI_ref_13,PB600,IBU,Synthetic,0.4580645161290322,0.26252335782657926,HistGradientBoosting,HistGradientBoosting_1
886,SI_ref_13,PB600,IBU,Synthetic,0.29347826086956524,0.26252335782657926,HistGradientBoosting,HistGradientBoosting_1
887,SI_ref_13,PB600,IBU,Synthetic,0.5772919064058304,0.1962123160962864,HistGradientBoosting,HistGradientBoosting_1
888,SI_ref_13,PB600,IBU,Synthetic,0.5887993862677406,0.1962123160962864,HistGradientBoosting,HistGradientBoosting_1
889,SI_ref_13,PB600,IBU,Synthetic,0.7258796821793417,0.26252335782657926,HistGradientBoosting,HistGradientBoosting_1
890,SI_ref_13,PB600,IBU,Synthetic,0.766427039979821,0.26252335782657926,HistGradientBoosting,HistGradientBoosting_1
891,SI_ref_13,PB600,IBU,Synthetic,0.8162693908437383,0.26252335782657926,HistGradientBoosting,HistGradientBoosting_1
892,SI_ref_13,PB600,IBU,Synthetic,0.8533052267445003,0.26252335782657926,HistGradientBoosting,HistGradientBoosting_1
893,SI_ref_13,PB600,IBU,Synthetic,0.9327073552425663,0.23980907315641106,HistGradientBoosting,HistGradientBoosting_1
894,SI_ref_13,PB600,IBU,Synthetic,0.6275430359937403,0.23980907315641106,HistGradientBoosting,HistGradientBoosting_1
895,SI_ref_13,PB600,IBU,Synthetic,0.35367762128325514,0.23980907315641106,HistGradientBoosting,HistGradientBoosting_1
896,SI_ref_13,PB600,IBU,Synthetic,0.4798506002849601,0.23980907315641106,HistGradientBoosting,HistGradientBoosting_1
897,SI_ref_13,PB600,IBU,Synthetic,0.2754303599374022,0.23980907315641106,HistGradientBoosting,HistGradientBoosting_1
898,SI_ref_13,PB600,CBZ,Synthetic,0.244663382594417,0.17289590677143735,HistGradientBoosting,HistGradientBoosting_1
899,SI_ref_13,PB800,CBZ,Synthetic,0.27061079156395507,0.5257535188833222,HistGradientBoosting,HistGradientBoosting_1
900,SI_ref_13,PB800,CBZ,Synthetic,0.22678718159408381,0.5136611957224685,HistGradientBoosting,HistGradientBoosting_1
901,SI_ref_13,PB800,CBZ,Synthetic,0.18844152287044644,0.511872039120558,HistGradientBoosting,HistGradientBoosting_1
902,SI_ref_13,PB800,CBZ,Synthetic,0.17748562037797863,0.5006101995010311,HistGradientBoosting,HistGradientBoosting_1
903,SI_ref_13,PB800,CBZ,Synthetic,0.16379074226239385,0.4987751534402782,HistGradientBoosting,HistGradientBoosting_1
904,SI_ref_13,PB800,CBZ,Synthetic,0.155573815393043,0.49788194269707964,HistGradientBoosting,HistGradientBoosting_1
905,SI_ref_13,PB800,CBZ,Synthetic,0.08520900321543408,0.49749986093111775,HistGradientBoosting,HistGradientBoosting_1
906,SI_ref_13,PB800,CBZ,Synthetic,0.16135346756152125,0.520515403931772,HistGradientBoosting,HistGradientBoosting_1
907,SI_ref_13,PB800,CBZ,Synthetic,0.1561792870827899,0.49749986093111775,HistGradientBoosting,HistGradientBoosting_1
908,SI_ref_13,PB800,CBZ,Synthetic,0.13676633444075306,0.49749986093111775,HistGradientBoosting,HistGradientBoosting_1
909,SI_ref_13,PB800,CBZ,Synthetic,0.1002310803004044,0.49749986093111775,HistGradientBoosting,HistGradientBoosting_1
910,SI_ref_13,PB800,CBZ,Synthetic,0.04322336667164253,0.49749986093111775,HistGradientBoosting,HistGradientBoosting_1
911,SI_ref_13,PB800,CBZ,Synthetic,0.20609619686800895,0.45237606822073007,HistGradientBoosting,HistGradientBoosting_1
912,SI_ref_13,PB800,CBZ,Synthetic,0.1865212527964206,0.45237606822073007,HistGradientBoosting,HistGradientBoosting_1
913,SI_ref_13,PB800,CBZ,Synthetic,0.28121650589496244,0.49749986093111775,HistGradientBoosting,HistGradientBoosting_1
914,SI_ref_13,PB800,CBZ,Synthetic,0.36611289746337977,0.49749986093111775,HistGradientBoosting,HistGradientBoosting_1
915,SI_ref_13,PB800,CBZ,Synthetic,0.5117363344051448,0.49749986093111775,HistGradientBoosting,HistGradientBoosting_1
916,SI_ref_13,PB800,CBZ,Synthetic,0.5707012708620426,0.49749986093111775,HistGradientBoosting,HistGradientBoosting_1
917,SI_ref_13,PB800,CBZ,Synthetic,0.5791052918712493,0.5364610483699684,HistGradientBoosting,HistGradientBoosting_1
918,SI_ref_13,PB800,CBZ,Synthetic,0.30905619203491547,0.5364610483699684,HistGradientBoosting,HistGradientBoosting_1
919,SI_ref_13,PB800,CBZ,Synthetic,0.16448445171849424,0.5364610483699684,HistGradientBoosting,HistGradientBoosting_1
920,SI_ref_13,PB800,CBZ,Synthetic,0.12460736493062231,0.5364610483699684,HistGradientBoosting,HistGradientBoosting_1
921,SI_ref_13,PB800,CBZ,Synthetic,0.08265139116202945,0.5364610483699684,HistGradientBoosting,HistGradientBoosting_1
922,SI_ref_13,PB800,IBU,Synthetic,0.4560270602706027,0.6526770809514206,HistGradientBoosting,HistGradientBoosting_1
923,SI_ref_13,PB800,IBU,Synthetic,0.4252767527675277,0.6203147707598934,HistGradientBoosting,HistGradientBoosting_1
924,SI_ref_13,PB800,IBU,Synthetic,0.40067650676506766,0.5982607217160227,HistGradientBoosting,HistGradientBoosting_1
925,SI_ref_13,PB800,IBU,Synthetic,0.39145141451414517,0.5819788122988941,HistGradientBoosting,HistGradientBoosting_1
926,SI_ref_13,PB800,IBU,Synthetic,0.38837638376383765,0.5647151377912183,HistGradientBoosting,HistGradientBoosting_1
927,SI_ref_13,PB800,IBU,Synthetic,0.37915129151291516,0.5628580431948942,HistGradientBoosting,HistGradientBoosting_1
928,SI_ref_13,PB800,IBU,Synthetic,0.23013048635824437,0.5601090977711585,HistGradientBoosting,HistGradientBoosting_1
929,SI_ref_13,PB800,IBU,Synthetic,0.3126198695818949,0.5773090769501117,HistGradientBoosting,HistGradientBoosting_1
930,SI_ref_13,PB800,IBU,Synthetic,0.35520079622504414,0.5601090977711585,HistGradientBoosting,HistGradientBoosting_1
931,SI_ref_13,PB800,IBU,Synthetic,0.24946921443736733,0.5601090977711585,HistGradientBoosting,HistGradientBoosting_1
932,SI_ref_13,PB800,IBU,Synthetic,0.18924731182795698,0.5601090977711585,HistGradientBoosting,HistGradientBoosting_1
933,SI_ref_13,PB800,IBU,Synthetic,0.08514492753623189,0.5601090977711585,HistGradientBoosting,HistGradientBoosting_1
934,SI_ref_13,PB800,IBU,Synthetic,0.4392021480629075,0.5000098167985145,HistGradientBoosting,HistGradientBoosting_1
935,SI_ref_13,PB800,IBU,Synthetic,0.4238588415803605,0.5000098167985145,HistGradientBoosting,HistGradientBoosting_1
936,SI_ref_13,PB800,IBU,Synthetic,0.5142348754448398,0.5601090977711585,HistGradientBoosting,HistGradientBoosting_1
937,SI_ref_13,PB800,IBU,Synthetic,0.5523922499011468,0.5601090977711585,HistGradientBoosting,HistGradientBoosting_1
938,SI_ref_13,PB800,IBU,Synthetic,0.5686613285883748,0.5601090977711585,HistGradientBoosting,HistGradientBoosting_1
939,SI_ref_13,PB800,IBU,Synthetic,0.5875275377054737,0.5601090977711585,HistGradientBoosting,HistGradientBoosting_1
940,SI_ref_13,PB800,IBU,Synthetic,0.712022367194781,0.5614053512912935,HistGradientBoosting,HistGradientBoosting_1
941,SI_ref_13,PB800,IBU,Synthetic,0.5069897483690587,0.5614053512912935,HistGradientBoosting,HistGradientBoosting_1
942,SI_ref_13,PB800,IBU,Synthetic,0.31469400434917677,0.5614053512912935,HistGradientBoosting,HistGradientBoosting_1
943,SI_ref_13,PB800,IBU,Synthetic,0.22960794568575607,0.5614053512912935,HistGradientBoosting,HistGradientBoosting_1
944,SI_ref_13,PB800,IBU,Synthetic,0.10958005249343833,0.5614053512912935,HistGradientBoosting,HistGradientBoosting_1
852,SI_ref_13,PB600,CBZ,Synthetic,0.5776772247360483,1.2491431637959403,Huber,Huber_1
853,SI_ref_13,PB600,CBZ,Synthetic,0.5656108597285068,1.2378616741737125,Huber,Huber_1
854,SI_ref_13,PB600,CBZ,Synthetic,0.5475113122171945,1.2264463503185654,Huber,Huber_1
855,SI_ref_13,PB600,CBZ,Synthetic,0.4479638009049774,1.219734548610178,Huber,Huber_1
856,SI_ref_13,PB600,CBZ,Synthetic,0.45098039215686275,1.2082281536286623,Huber,Huber_1
857,SI_ref_13,PB600,CBZ,Synthetic,0.42684766214177977,1.2014857712167544,Huber,Huber_1
858,SI_ref_13,PB600,CBZ,Synthetic,0.32437120555073723,1.196698754356703,Huber,Huber_1
859,SI_ref_13,PB600,CBZ,Synthetic,0.4773489932885906,1.2150176697262145,Huber,Huber_1
860,SI_ref_13,PB600,CBZ,Synthetic,0.4437372714068248,1.196698754356703,Huber,Huber_1
861,SI_ref_13,PB600,CBZ,Synthetic,0.35791881074899945,1.196698754356703,Huber,Huber_1
862,SI_ref_13,PB600,CBZ,Synthetic,0.32426715019643393,1.196698754356703,Huber,Huber_1
863,SI_ref_13,PB600,CBZ,Synthetic,0.24055829228243014,1.196698754356703,Huber,Huber_1
864,SI_ref_13,PB600,CBZ,Synthetic,0.44839549002601903,1.1783798389871913,Huber,Huber_1
865,SI_ref_13,PB600,CBZ,Synthetic,0.5528523489932886,1.1600609236176798,Huber,Huber_1
866,SI_ref_13,PB600,CBZ,Synthetic,0.5653368025440879,1.196698754356703,Huber,Huber_1
867,SI_ref_13,PB600,CBZ,Synthetic,0.6235906331309627,1.196698754356703,Huber,Huber_1
868,SI_ref_13,PB600,CBZ,Synthetic,0.6991037872217403,1.196698754356703,Huber,Huber_1
869,SI_ref_13,PB600,CBZ,Synthetic,0.7401395944327428,1.196698754356703,Huber,Huber_1
870,SI_ref_13,PB600,CBZ,Synthetic,0.8642533936651583,1.1851578170423775,Huber,Huber_1
871,SI_ref_13,PB600,CBZ,Synthetic,0.6953242835595775,1.1851578170423775,Huber,Huber_1
872,SI_ref_13,PB600,CBZ,Synthetic,0.4479638009049774,1.1851578170423775,Huber,Huber_1
873,SI_ref_13,PB600,CBZ,Synthetic,0.36651583710407243,1.1851578170423775,Huber,Huber_1
874,SI_ref_13,PB600,CBZ,Synthetic,0.248868778280543,1.1851578170423775,Huber,Huber_1
875,SI_ref_13,PB600,IBU,Synthetic,0.7639925373134329,1.2917402727809688,Huber,Huber_1
876,SI_ref_13,PB600,IBU,Synthetic,0.7266791044776119,1.280458783158741,Huber,Huber_1
877,SI_ref_13,PB600,IBU,Synthetic,0.7328980099502487,1.2690434593035942,Huber,Huber_1
878,SI_ref_13,PB600,IBU,Synthetic,0.7391169154228855,1.2623316575952068,Huber,Huber_1
879,SI_ref_13,PB600,IBU,Synthetic,0.6707089552238806,1.2508252626136909,Huber,Huber_1
880,SI_ref_13,PB600,IBU,Synthetic,0.5898631840796019,1.2440828802017831,Huber,Huber_1
881,SI_ref_13,PB600,IBU,Synthetic,0.2096102913356035,1.2392958633417315,Huber,Huber_1
882,SI_ref_13,PB600,IBU,Synthetic,0.7328980099502488,1.257614778711243,Huber,Huber_1
883,SI_ref_13,PB600,IBU,Synthetic,0.611373922124096,1.2392958633417315,Huber,Huber_1
884,SI_ref_13,PB600,IBU,Synthetic,0.6847133757961785,1.2392958633417315,Huber,Huber_1
885,SI_ref_13,PB600,IBU,Synthetic,0.4580645161290322,1.2392958633417315,Huber,Huber_1
886,SI_ref_13,PB600,IBU,Synthetic,0.29347826086956524,1.2392958633417315,Huber,Huber_1
887,SI_ref_13,PB600,IBU,Synthetic,0.5772919064058304,1.22097694797222,Huber,Huber_1
888,SI_ref_13,PB600,IBU,Synthetic,0.5887993862677406,1.2026580326027085,Huber,Huber_1
889,SI_ref_13,PB600,IBU,Synthetic,0.7258796821793417,1.2392958633417315,Huber,Huber_1
890,SI_ref_13,PB600,IBU,Synthetic,0.766427039979821,1.2392958633417315,Huber,Huber_1
891,SI_ref_13,PB600,IBU,Synthetic,0.8162693908437383,1.2392958633417315,Huber,Huber_1
892,SI_ref_13,PB600,IBU,Synthetic,0.8533052267445003,1.2392958633417315,Huber,Huber_1
893,SI_ref_13,PB600,IBU,Synthetic,0.9327073552425663,1.227754926027406,Huber,Huber_1
894,SI_ref_13,PB600,IBU,Synthetic,0.6275430359937403,1.227754926027406,Huber,Huber_1
895,SI_ref_13,PB600,IBU,Synthetic,0.35367762128325514,1.227754926027406,Huber,Huber_1
896,SI_ref_13,PB600,IBU,Synthetic,0.4798506002849601,1.227754926027406,Huber,Huber_1
897,SI_ref_13,PB600,IBU,Synthetic,0.2754303599374022,1.227754926027406,Huber,Huber_1
898,SI_ref_13,PB600,CBZ,Synthetic,0.244663382594417,1.196698754356703,Huber,Huber_1
899,SI_ref_13,PB800,CBZ,Synthetic,0.27061079156395507,1.192333705657385,Huber,Huber_1
900,SI_ref_13,PB800,CBZ,Synthetic,0.22678718159408381,1.181052216035157,Huber,Huber_1
901,SI_ref_13,PB800,CBZ,Synthetic,0.18844152287044644,1.1696368921800102,Huber,Huber_1
902,SI_ref_13,PB800,CBZ,Synthetic,0.17748562037797863,1.1629250904716228,Huber,Huber_1
903,SI_ref_13,PB800,CBZ,Synthetic,0.16379074226239385,1.151418695490107,Huber,Huber_1
904,SI_ref_13,PB800,CBZ,Synthetic,0.155573815393043,1.1446763130781992,Huber,Huber_1
905,SI_ref_13,PB800,CBZ,Synthetic,0.08520900321543408,1.1398892962181475,Huber,Huber_1
906,SI_ref_13,PB800,CBZ,Synthetic,0.16135346756152125,1.158208211587659,Huber,Huber_1
907,SI_ref_13,PB800,CBZ,Synthetic,0.1561792870827899,1.1398892962181475,Huber,Huber_1
908,SI_ref_13,PB800,CBZ,Synthetic,0.13676633444075306,1.1398892962181475,Huber,Huber_1
909,SI_ref_13,PB800,CBZ,Synthetic,0.1002310803004044,1.1398892962181475,Huber,Huber_1
910,SI_ref_13,PB800,CBZ,Synthetic,0.04322336667164253,1.1398892962181475,Huber,Huber_1
911,SI_ref_13,PB800,CBZ,Synthetic,0.20609619686800895,1.121570380848636,Huber,Huber_1
912,SI_ref_13,PB800,CBZ,Synthetic,0.1865212527964206,1.1032514654791243,Huber,Huber_1
913,SI_ref_13,PB800,CBZ,Synthetic,0.28121650589496244,1.1398892962181475,Huber,Huber_1
914,SI_ref_13,PB800,CBZ,Synthetic,0.36611289746337977,1.1398892962181475,Huber,Huber_1
915,SI_ref_13,PB800,CBZ,Synthetic,0.5117363344051448,1.1398892962181475,Huber,Huber_1
916,SI_ref_13,PB800,CBZ,Synthetic,0.5707012708620426,1.1398892962181475,Huber,Huber_1
917,SI_ref_13,PB800,CBZ,Synthetic,0.5791052918712493,1.1283483589038221,Huber,Huber_1
918,SI_ref_13,PB800,CBZ,Synthetic,0.30905619203491547,1.1283483589038221,Huber,Huber_1
919,SI_ref_13,PB800,CBZ,Synthetic,0.16448445171849424,1.1283483589038221,Huber,Huber_1
920,SI_ref_13,PB800,CBZ,Synthetic,0.12460736493062231,1.1283483589038221,Huber,Huber_1
921,SI_ref_13,PB800,CBZ,Synthetic,0.08265139116202945,1.1283483589038221,Huber,Huber_1
922,SI_ref_13,PB800,IBU,Synthetic,0.4560270602706027,1.2349308146424136,Huber,Huber_1
923,SI_ref_13,PB800,IBU,Synthetic,0.4252767527675277,1.2236493250201859,Huber,Huber_1
924,SI_ref_13,PB800,IBU,Synthetic,0.40067650676506766,1.2122340011650388,Huber,Huber_1
925,SI_ref_13,PB800,IBU,Synthetic,0.39145141451414517,1.2055221994566514,Huber,Huber_1
926,SI_ref_13,PB800,IBU,Synthetic,0.38837638376383765,1.1940158044751357,Huber,Huber_1
927,SI_ref_13,PB800,IBU,Synthetic,0.37915129151291516,1.1872734220632277,Huber,Huber_1
928,SI_ref_13,PB800,IBU,Synthetic,0.23013048635824437,1.182486405203176,Huber,Huber_1
929,SI_ref_13,PB800,IBU,Synthetic,0.3126198695818949,1.2008053205726876,Huber,Huber_1
930,SI_ref_13,PB800,IBU,Synthetic,0.35520079622504414,1.182486405203176,Huber,Huber_1
931,SI_ref_13,PB800,IBU,Synthetic,0.24946921443736733,1.182486405203176,Huber,Huber_1
932,SI_ref_13,PB800,IBU,Synthetic,0.18924731182795698,1.182486405203176,Huber,Huber_1
933,SI_ref_13,PB800,IBU,Synthetic,0.08514492753623189,1.182486405203176,Huber,Huber_1
934,SI_ref_13,PB800,IBU,Synthetic,0.4392021480629075,1.1641674898336647,Huber,Huber_1
935,SI_ref_13,PB800,IBU,Synthetic,0.4238588415803605,1.1458485744641531,Huber,Huber_1
936,SI_ref_13,PB800,IBU,Synthetic,0.5142348754448398,1.182486405203176,Huber,Huber_1
937,SI_ref_13,PB800,IBU,Synthetic,0.5523922499011468,1.182486405203176,Huber,Huber_1
938,SI_ref_13,PB800,IBU,Synthetic,0.5686613285883748,1.182486405203176,Huber,Huber_1
939,SI_ref_13,PB800,IBU,Synthetic,0.5875275377054737,1.182486405203176,Huber,Huber_1
940,SI_ref_13,PB800,IBU,Synthetic,0.712022367194781,1.170945467888851,Huber,Huber_1
941,SI_ref_13,PB800,IBU,Synthetic,0.5069897483690587,1.170945467888851,Huber,Huber_1
942,SI_ref_13,PB800,IBU,Synthetic,0.31469400434917677,1.170945467888851,Huber,Huber_1
943,SI_ref_13,PB800,IBU,Synthetic,0.22960794568575607,1.170945467888851,Huber,Huber_1
944,SI_ref_13,PB800,IBU,Synthetic,0.10958005249343833,1.170945467888851,Huber,Huber_1
852,SI_ref_13,PB600,CBZ,Synthetic,0.5776772247360483,0.9414382631776361,KNN,KNN_2
853,SI_ref_13,PB600,CBZ,Synthetic,0.5656108597285068,0.939761900011524,KNN,KNN_2
854,SI_ref_13,PB600,CBZ,Synthetic,0.5475113122171945,0.9411963341286762,KNN,KNN_2
855,SI_ref_13,PB600,CBZ,Synthetic,0.4479638009049774,0.9358810507811965,KNN,KNN_2
856,SI_ref_13,PB600,CBZ,Synthetic,0.45098039215686275,0.9323365896097423,KNN,KNN_2
857,SI_ref_13,PB600,CBZ,Synthetic,0.42684766214177977,0.9232199046374109,KNN,KNN_2
858,SI_ref_13,PB600,CBZ,Synthetic,0.32437120555073723,0.9179563784751787,KNN,KNN_2
859,SI_ref_13,PB600,CBZ,Synthetic,0.4773489932885906,0.9495649970034433,KNN,KNN_2
860,SI_ref_13,PB600,CBZ,Synthetic,0.4437372714068248,0.9179563784751787,KNN,KNN_2
861,SI_ref_13,PB600,CBZ,Synthetic,0.35791881074899945,0.9179563784751787,KNN,KNN_2
862,SI_ref_13,PB600,CBZ,Synthetic,0.32426715019643393,0.9179563784751787,KNN,KNN_2
863,SI_ref_13,PB600,CBZ,Synthetic,0.24055829228243014,0.9179563784751787,KNN,KNN_2
864,SI_ref_13,PB600,CBZ,Synthetic,0.44839549002601903,0.9272616385840136,KNN,KNN_2
865,SI_ref_13,PB600,CBZ,Synthetic,0.5528523489932886,0.9273479066528683,KNN,KNN_2
866,SI_ref_13,PB600,CBZ,Synthetic,0.5653368025440879,0.9179563784751787,KNN,KNN_2
867,SI_ref_13,PB600,CBZ,Synthetic,0.6235906331309627,0.9179563784751787,KNN,KNN_2
868,SI_ref_13,PB600,CBZ,Synthetic,0.6991037872217403,0.9179563784751787,KNN,KNN_2
869,SI_ref_13,PB600,CBZ,Synthetic,0.7401395944327428,0.9179563784751787,KNN,KNN_2
870,SI_ref_13,PB600,CBZ,Synthetic,0.8642533936651583,0.9195978039997517,KNN,KNN_2
871,SI_ref_13,PB600,CBZ,Synthetic,0.6953242835595775,0.9195978039997517,KNN,KNN_2
872,SI_ref_13,PB600,CBZ,Synthetic,0.4479638009049774,0.9195978039997517,KNN,KNN_2
873,SI_ref_13,PB600,CBZ,Synthetic,0.36651583710407243,0.9195978039997517,KNN,KNN_2
874,SI_ref_13,PB600,CBZ,Synthetic,0.248868778280543,0.9195978039997517,KNN,KNN_2
875,SI_ref_13,PB600,IBU,Synthetic,0.7639925373134329,0.9367131819487472,KNN,KNN_2
876,SI_ref_13,PB600,IBU,Synthetic,0.7266791044776119,0.9377199373051165,KNN,KNN_2
877,SI_ref_13,PB600,IBU,Synthetic,0.7328980099502487,0.9319950237351413,KNN,KNN_2
878,SI_ref_13,PB600,IBU,Synthetic,0.7391169154228855,0.9290347490215826,KNN,KNN_2
879,SI_ref_13,PB600,IBU,Synthetic,0.6707089552238806,0.9284653365489908,KNN,KNN_2
880,SI_ref_13,PB600,IBU,Synthetic,0.5898631840796019,0.9253654469346833,KNN,KNN_2
881,SI_ref_13,PB600,IBU,Synthetic,0.2096102913356035,0.924730922733218,KNN,KNN_2
882,SI_ref_13,PB600,IBU,Synthetic,0.7328980099502488,0.9495786250551979,KNN,KNN_2
883,SI_ref_13,PB600,IBU,Synthetic,0.611373922124096,0.924730922733218,KNN,KNN_2
884,SI_ref_13,PB600,IBU,Synthetic,0.6847133757961785,0.924730922733218,KNN,KNN_2
885,SI_ref_13,PB600,IBU,Synthetic,0.4580645161290322,0.924730922733218,KNN,KNN_2
886,SI_ref_13,PB600,IBU,Synthetic,0.29347826086956524,0.924730922733218,KNN,KNN_2
887,SI_ref_13,PB600,IBU,Synthetic,0.5772919064058304,0.9274243935504767,KNN,KNN_2
888,SI_ref_13,PB600,IBU,Synthetic,0.5887993862677406,0.9274473699534588,KNN,KNN_2
889,SI_ref_13,PB600,IBU,Synthetic,0.7258796821793417,0.924730922733218,KNN,KNN_2
890,SI_ref_13,PB600,IBU,Synthetic,0.766427039979821,0.924730922733218,KNN,KNN_2
891,SI_ref_13,PB600,IBU,Synthetic,0.8162693908437383,0.924730922733218,KNN,KNN_2
892,SI_ref_13,PB600,IBU,Synthetic,0.8533052267445003,0.924730922733218,KNN,KNN_2
893,SI_ref_13,PB600,IBU,Synthetic,0.9327073552425663,0.9195978039997517,KNN,KNN_2
894,SI_ref_13,PB600,IBU,Synthetic,0.6275430359937403,0.9195978039997517,KNN,KNN_2
895,SI_ref_13,PB600,IBU,Synthetic,0.35367762128325514,0.9195978039997517,KNN,KNN_2
896,SI_ref_13,PB600,IBU,Synthetic,0.4798506002849601,0.9195978039997517,KNN,KNN_2
897,SI_ref_13,PB600,IBU,Synthetic,0.2754303599374022,0.9195978039997517,KNN,KNN_2
898,SI_ref_13,PB600,CBZ,Synthetic,0.244663382594417,0.9179563784751787,KNN,KNN_2
899,SI_ref_13,PB800,CBZ,Synthetic,0.27061079156395507,0.5603682101614507,KNN,KNN_2
900,SI_ref_13,PB800,CBZ,Synthetic,0.22678718159408381,0.5606453452752903,KNN,KNN_2
901,SI_ref_13,PB800,CBZ,Synthetic,0.18844152287044644,0.5818180013202328,KNN,KNN_2
902,SI_ref_13,PB800,CBZ,Synthetic,0.17748562037797863,0.4943611491266872,KNN,KNN_2
903,SI_ref_13,PB800,CBZ,Synthetic,0.16379074226239385,0.4458037065948292,KNN,KNN_2
904,SI_ref_13,PB800,CBZ,Synthetic,0.155573815393043,0.4267226103734904,KNN,KNN_2
905,SI_ref_13,PB800,CBZ,Synthetic,0.08520900321543408,0.3982649777449417,KNN,KNN_2
906,SI_ref_13,PB800,CBZ,Synthetic,0.16135346756152125,0.5513716192258388,KNN,KNN_2
907,SI_ref_13,PB800,CBZ,Synthetic,0.1561792870827899,0.3982649777449417,KNN,KNN_2
908,SI_ref_13,PB800,CBZ,Synthetic,0.13676633444075306,0.3982649777449417,KNN,KNN_2
909,SI_ref_13,PB800,CBZ,Synthetic,0.1002310803004044,0.3982649777449417,KNN,KNN_2
910,SI_ref_13,PB800,CBZ,Synthetic,0.04322336667164253,0.3982649777449417,KNN,KNN_2
911,SI_ref_13,PB800,CBZ,Synthetic,0.20609619686800895,0.45777690720921316,KNN,KNN_2
912,SI_ref_13,PB800,CBZ,Synthetic,0.1865212527964206,0.464204830624328,KNN,KNN_2
913,SI_ref_13,PB800,CBZ,Synthetic,0.28121650589496244,0.3982649777449417,KNN,KNN_2
914,SI_ref_13,PB800,CBZ,Synthetic,0.36611289746337977,0.3982649777449417,KNN,KNN_2
915,SI_ref_13,PB800,CBZ,Synthetic,0.5117363344051448,0.3982649777449417,KNN,KNN_2
916,SI_ref_13,PB800,CBZ,Synthetic,0.5707012708620426,0.3982649777449417,KNN,KNN_2
917,SI_ref_13,PB800,CBZ,Synthetic,0.5791052918712493,0.41723451607701767,KNN,KNN_2
918,SI_ref_13,PB800,CBZ,Synthetic,0.30905619203491547,0.41723451607701767,KNN,KNN_2
919,SI_ref_13,PB800,CBZ,Synthetic,0.16448445171849424,0.41723451607701767,KNN,KNN_2
920,SI_ref_13,PB800,CBZ,Synthetic,0.12460736493062231,0.41723451607701767,KNN,KNN_2
921,SI_ref_13,PB800,CBZ,Synthetic,0.08265139116202945,0.41723451607701767,KNN,KNN_2
922,SI_ref_13,PB800,IBU,Synthetic,0.4560270602706027,0.6445102593607784,KNN,KNN_2
923,SI_ref_13,PB800,IBU,Synthetic,0.4252767527675277,0.6347888331958584,KNN,KNN_2
924,SI_ref_13,PB800,IBU,Synthetic,0.40067650676506766,0.5990832171377066,KNN,KNN_2
925,SI_ref_13,PB800,IBU,Synthetic,0.39145141451414517,0.562537414789421,KNN,KNN_2
926,SI_ref_13,PB800,IBU,Synthetic,0.38837638376383765,0.4473146607853388,KNN,KNN_2
927,SI_ref_13,PB800,IBU,Synthetic,0.37915129151291516,0.4267226103734904,KNN,KNN_2
928,SI_ref_13,PB800,IBU,Synthetic,0.23013048635824437,0.3982649777449417,KNN,KNN_2
929,SI_ref_13,PB800,IBU,Synthetic,0.3126198695818949,0.5536726393053261,KNN,KNN_2
930,SI_ref_13,PB800,IBU,Synthetic,0.35520079622504414,0.3982649777449417,KNN,KNN_2
931,SI_ref_13,PB800,IBU,Synthetic,0.24946921443736733,0.3982649777449417,KNN,KNN_2
932,SI_ref_13,PB800,IBU,Synthetic,0.18924731182795698,0.3982649777449417,KNN,KNN_2
933,SI_ref_13,PB800,IBU,Synthetic,0.08514492753623189,0.3982649777449417,KNN,KNN_2
934,SI_ref_13,PB800,IBU,Synthetic,0.4392021480629075,0.46006740425483916,KNN,KNN_2
935,SI_ref_13,PB800,IBU,Synthetic,0.4238588415803605,0.4657194805527995,KNN,KNN_2
936,SI_ref_13,PB800,IBU,Synthetic,0.5142348754448398,0.3982649777449417,KNN,KNN_2
937,SI_ref_13,PB800,IBU,Synthetic,0.5523922499011468,0.3982649777449417,KNN,KNN_2
938,SI_ref_13,PB800,IBU,Synthetic,0.5686613285883748,0.3982649777449417,KNN,KNN_2
939,SI_ref_13,PB800,IBU,Synthetic,0.5875275377054737,0.3982649777449417,KNN,KNN_2
940,SI_ref_13,PB800,IBU,Synthetic,0.712022367194781,0.41723451607701767,KNN,KNN_2
941,SI_ref_13,PB800,IBU,Synthetic,0.5069897483690587,0.41723451607701767,KNN,KNN_2
942,SI_ref_13,PB800,IBU,Synthetic,0.31469400434917677,0.41723451607701767,KNN,KNN_2
943,SI_ref_13,PB800,IBU,Synthetic,0.22960794568575607,0.41723451607701767,KNN,KNN_2
944,SI_ref_13,PB800,IBU,Synthetic,0.10958005249343833,0.41723451607701767,KNN,KNN_2
852,SI_ref_13,PB600,CBZ,Synthetic,0.5776772247360483,0.8531959560560256,KernelRidge,KernelRidge_1
853,SI_ref_13,PB600,CBZ,Synthetic,0.5656108597285068,0.8259942509040558,KernelRidge,KernelRidge_1
854,SI_ref_13,PB600,CBZ,Synthetic,0.5475113122171945,0.8000201533834443,KernelRidge,KernelRidge_1
855,SI_ref_13,PB600,CBZ,Synthetic,0.4479638009049774,0.7869917904144759,KernelRidge,KernelRidge_1
856,SI_ref_13,PB600,CBZ,Synthetic,0.45098039215686275,0.7703909996237832,KernelRidge,KernelRidge_1
857,SI_ref_13,PB600,CBZ,Synthetic,0.42684766214177977,0.7645281314605805,KernelRidge,KernelRidge_1
858,SI_ref_13,PB600,CBZ,Synthetic,0.32437120555073723,0.7621476699131549,KernelRidge,KernelRidge_1
859,SI_ref_13,PB600,CBZ,Synthetic,0.4773489932885906,0.7777003110224634,KernelRidge,KernelRidge_1
860,SI_ref_13,PB600,CBZ,Synthetic,0.4437372714068248,0.7621476699131549,KernelRidge,KernelRidge_1
861,SI_ref_13,PB600,CBZ,Synthetic,0.35791881074899945,0.7621476699131549,KernelRidge,KernelRidge_1
862,SI_ref_13,PB600,CBZ,Synthetic,0.32426715019643393,0.7621476699131549,KernelRidge,KernelRidge_1
863,SI_ref_13,PB600,CBZ,Synthetic,0.24055829228243014,0.7621476699131549,KernelRidge,KernelRidge_1
864,SI_ref_13,PB600,CBZ,Synthetic,0.44839549002601903,0.7394621230737484,KernelRidge,KernelRidge_1
865,SI_ref_13,PB600,CBZ,Synthetic,0.5528523489932886,0.6657028564507484,KernelRidge,KernelRidge_1
866,SI_ref_13,PB600,CBZ,Synthetic,0.5653368025440879,0.7621476699131549,KernelRidge,KernelRidge_1
867,SI_ref_13,PB600,CBZ,Synthetic,0.6235906331309627,0.7621476699131549,KernelRidge,KernelRidge_1
868,SI_ref_13,PB600,CBZ,Synthetic,0.6991037872217403,0.7621476699131549,KernelRidge,KernelRidge_1
869,SI_ref_13,PB600,CBZ,Synthetic,0.7401395944327428,0.7621476699131549,KernelRidge,KernelRidge_1
870,SI_ref_13,PB600,CBZ,Synthetic,0.8642533936651583,0.7620313325015354,KernelRidge,KernelRidge_1
871,SI_ref_13,PB600,CBZ,Synthetic,0.6953242835595775,0.7620313325015354,KernelRidge,KernelRidge_1
872,SI_ref_13,PB600,CBZ,Synthetic,0.4479638009049774,0.7620313325015354,KernelRidge,KernelRidge_1
873,SI_ref_13,PB600,CBZ,Synthetic,0.36651583710407243,0.7620313325015354,KernelRidge,KernelRidge_1
874,SI_ref_13,PB600,CBZ,Synthetic,0.248868778280543,0.7620313325015354,KernelRidge,KernelRidge_1
875,SI_ref_13,PB600,IBU,Synthetic,0.7639925373134329,0.9261185446344447,KernelRidge,KernelRidge_1
876,SI_ref_13,PB600,IBU,Synthetic,0.7266791044776119,0.8996222658764669,KernelRidge,KernelRidge_1
877,SI_ref_13,PB600,IBU,Synthetic,0.7328980099502487,0.8726072762725321,KernelRidge,KernelRidge_1
878,SI_ref_13,PB600,IBU,Synthetic,0.7391169154228855,0.8581417450725388,KernelRidge,KernelRidge_1
879,SI_ref_13,PB600,IBU,Synthetic,0.6707089552238806,0.8377270485982735,KernelRidge,KernelRidge_1
880,SI_ref_13,PB600,IBU,Synthetic,0.5898631840796019,0.8289034197443774,KernelRidge,KernelRidge_1
881,SI_ref_13,PB600,IBU,Synthetic,0.2096102913356035,0.8241322701375813,KernelRidge,KernelRidge_1
882,SI_ref_13,PB600,IBU,Synthetic,0.7328980099502488,0.8260461591929904,KernelRidge,KernelRidge_1
883,SI_ref_13,PB600,IBU,Synthetic,0.611373922124096,0.8241322701375813,KernelRidge,KernelRidge_1
884,SI_ref_13,PB600,IBU,Synthetic,0.6847133757961785,0.8241322701375813,KernelRidge,KernelRidge_1
885,SI_ref_13,PB600,IBU,Synthetic,0.4580645161290322,0.8241322701375813,KernelRidge,KernelRidge_1
886,SI_ref_13,PB600,IBU,Synthetic,0.29347826086956524,0.8241322701375813,KernelRidge,KernelRidge_1
887,SI_ref_13,PB600,IBU,Synthetic,0.5772919064058304,0.8073846575924686,KernelRidge,KernelRidge_1
888,SI_ref_13,PB600,IBU,Synthetic,0.5887993862677406,0.7246816351317688,KernelRidge,KernelRidge_1
889,SI_ref_13,PB600,IBU,Synthetic,0.7258796821793417,0.8241322701375813,KernelRidge,KernelRidge_1
890,SI_ref_13,PB600,IBU,Synthetic,0.766427039979821,0.8241322701375813,KernelRidge,KernelRidge_1
891,SI_ref_13,PB600,IBU,Synthetic,0.8162693908437383,0.8241322701375813,KernelRidge,KernelRidge_1
892,SI_ref_13,PB600,IBU,Synthetic,0.8533052267445003,0.8241322701375813,KernelRidge,KernelRidge_1
893,SI_ref_13,PB600,IBU,Synthetic,0.9327073552425663,0.8174251637656885,KernelRidge,KernelRidge_1
894,SI_ref_13,PB600,IBU,Synthetic,0.6275430359937403,0.8174251637656885,KernelRidge,KernelRidge_1
895,SI_ref_13,PB600,IBU,Synthetic,0.35367762128325514,0.8174251637656885,KernelRidge,KernelRidge_1
896,SI_ref_13,PB600,IBU,Synthetic,0.4798506002849601,0.8174251637656885,KernelRidge,KernelRidge_1
897,SI_ref_13,PB600,IBU,Synthetic,0.2754303599374022,0.8174251637656885,KernelRidge,KernelRidge_1
898,SI_ref_13,PB600,CBZ,Synthetic,0.244663382594417,0.7621476699131549,KernelRidge,KernelRidge_1
899,SI_ref_13,PB800,CBZ,Synthetic,0.27061079156395507,0.5738094647070846,KernelRidge,KernelRidge_1
900,SI_ref_13,PB800,CBZ,Synthetic,0.22678718159408381,0.5008896233230195,KernelRidge,KernelRidge_1
901,SI_ref_13,PB800,CBZ,Synthetic,0.18844152287044644,0.43403455839006877,KernelRidge,KernelRidge_1
902,SI_ref_13,PB800,CBZ,Synthetic,0.17748562037797863,0.4005159654631443,KernelRidge,KernelRidge_1
903,SI_ref_13,PB800,CBZ,Synthetic,0.16379074226239385,0.35639034908815337,KernelRidge,KernelRidge_1
904,SI_ref_13,PB800,CBZ,Synthetic,0.155573815393043,0.3394261206351311,KernelRidge,KernelRidge_1
905,SI_ref_13,PB800,CBZ,Synthetic,0.08520900321543408,0.33158278324189894,KernelRidge,KernelRidge_1
906,SI_ref_13,PB800,CBZ,Synthetic,0.16135346756152125,0.3877543304490299,KernelRidge,KernelRidge_1
907,SI_ref_13,PB800,CBZ,Synthetic,0.1561792870827899,0.33158278324189894,KernelRidge,KernelRidge_1
908,SI_ref_13,PB800,CBZ,Synthetic,0.13676633444075306,0.33158278324189894,KernelRidge,KernelRidge_1
909,SI_ref_13,PB800,CBZ,Synthetic,0.1002310803004044,0.33158278324189894,KernelRidge,KernelRidge_1
910,SI_ref_13,PB800,CBZ,Synthetic,0.04322336667164253,0.33158278324189894,KernelRidge,KernelRidge_1
911,SI_ref_13,PB800,CBZ,Synthetic,0.20609619686800895,0.25079553459724374,KernelRidge,KernelRidge_1
912,SI_ref_13,PB800,CBZ,Synthetic,0.1865212527964206,0.1947343949684498,KernelRidge,KernelRidge_1
913,SI_ref_13,PB800,CBZ,Synthetic,0.28121650589496244,0.33158278324189894,KernelRidge,KernelRidge_1
914,SI_ref_13,PB800,CBZ,Synthetic,0.36611289746337977,0.33158278324189894,KernelRidge,KernelRidge_1
915,SI_ref_13,PB800,CBZ,Synthetic,0.5117363344051448,0.33158278324189894,KernelRidge,KernelRidge_1
916,SI_ref_13,PB800,CBZ,Synthetic,0.5707012708620426,0.33158278324189894,KernelRidge,KernelRidge_1
917,SI_ref_13,PB800,CBZ,Synthetic,0.5791052918712493,0.32680930073390024,KernelRidge,KernelRidge_1
918,SI_ref_13,PB800,CBZ,Synthetic,0.30905619203491547,0.32680930073390024,KernelRidge,KernelRidge_1
919,SI_ref_13,PB800,CBZ,Synthetic,0.16448445171849424,0.32680930073390024,KernelRidge,KernelRidge_1
920,SI_ref_13,PB800,CBZ,Synthetic,0.12460736493062231,0.32680930073390024,KernelRidge,KernelRidge_1
921,SI_ref_13,PB800,CBZ,Synthetic,0.08265139116202945,0.32680930073390024,KernelRidge,KernelRidge_1
922,SI_ref_13,PB800,IBU,Synthetic,0.4560270602706027,0.7237770451915098,KernelRidge,KernelRidge_1
923,SI_ref_13,PB800,IBU,Synthetic,0.4252767527675277,0.6561679597146212,KernelRidge,KernelRidge_1
924,SI_ref_13,PB800,IBU,Synthetic,0.40067650676506766,0.5915539461912872,KernelRidge,KernelRidge_1
925,SI_ref_13,PB800,IBU,Synthetic,0.39145141451414517,0.5578033918744436,KernelRidge,KernelRidge_1
926,SI_ref_13,PB800,IBU,Synthetic,0.38837638376383765,0.5105999927731874,KernelRidge,KernelRidge_1
927,SI_ref_13,PB800,IBU,Synthetic,0.37915129151291516,0.4903110018725435,KernelRidge,KernelRidge_1
928,SI_ref_13,PB800,IBU,Synthetic,0.23013048635824437,0.47946475406759426,KernelRidge,KernelRidge_1
929,SI_ref_13,PB800,IBU,Synthetic,0.3126198695818949,0.5097136824848023,KernelRidge,KernelRidge_1
930,SI_ref_13,PB800,IBU,Synthetic,0.35520079622504414,0.47946475406759426,KernelRidge,KernelRidge_1
931,SI_ref_13,PB800,IBU,Synthetic,0.24946921443736733,0.47946475406759426,KernelRidge,KernelRidge_1
932,SI_ref_13,PB800,IBU,Synthetic,0.18924731182795698,0.47946475406759426,KernelRidge,KernelRidge_1
933,SI_ref_13,PB800,IBU,Synthetic,0.08514492753623189,0.47946475406759426,KernelRidge,KernelRidge_1
934,SI_ref_13,PB800,IBU,Synthetic,0.4392021480629075,0.3895709601864759,KernelRidge,KernelRidge_1
935,SI_ref_13,PB800,IBU,Synthetic,0.4238588415803605,0.294791511867574,KernelRidge,KernelRidge_1
936,SI_ref_13,PB800,IBU,Synthetic,0.5142348754448398,0.47946475406759426,KernelRidge,KernelRidge_1
937,SI_ref_13,PB800,IBU,Synthetic,0.5523922499011468,0.47946475406759426,KernelRidge,KernelRidge_1
938,SI_ref_13,PB800,IBU,Synthetic,0.5686613285883748,0.47946475406759426,KernelRidge,KernelRidge_1
939,SI_ref_13,PB800,IBU,Synthetic,0.5875275377054737,0.47946475406759426,KernelRidge,KernelRidge_1
940,SI_ref_13,PB800,IBU,Synthetic,0.712022367194781,0.4654621884574336,KernelRidge,KernelRidge_1
941,SI_ref_13,PB800,IBU,Synthetic,0.5069897483690587,0.4654621884574336,KernelRidge,KernelRidge_1
942,SI_ref_13,PB800,IBU,Synthetic,0.31469400434917677,0.4654621884574336,KernelRidge,KernelRidge_1
943,SI_ref_13,PB800,IBU,Synthetic,0.22960794568575607,0.4654621884574336,KernelRidge,KernelRidge_1
944,SI_ref_13,PB800,IBU,Synthetic,0.10958005249343833,0.4654621884574407,KernelRidge,KernelRidge_1
852,SI_ref_13,PB600,CBZ,Synthetic,0.5776772247360483,0.9738798041937721,Lasso,Lasso_2
853,SI_ref_13,PB600,CBZ,Synthetic,0.5656108597285068,0.9647671689067958,Lasso,Lasso_2
854,SI_ref_13,PB600,CBZ,Synthetic,0.5475113122171945,0.9555464288752917,Lasso,Lasso_2
855,SI_ref_13,PB600,CBZ,Synthetic,0.4479638009049774,0.9501249638795229,Lasso,Lasso_2
856,SI_ref_13,PB600,CBZ,Synthetic,0.45098039215686275,0.9408306610484627,Lasso,Lasso_2
857,SI_ref_13,PB600,CBZ,Synthetic,0.42684766214177977,0.935384494456776,Lasso,Lasso_2
858,SI_ref_13,PB600,CBZ,Synthetic,0.32437120555073723,0.9315177764772364,Lasso,Lasso_2
859,SI_ref_13,PB600,CBZ,Synthetic,0.4773489932885906,0.9315177764772364,Lasso,Lasso_2
860,SI_ref_13,PB600,CBZ,Synthetic,0.4437372714068248,0.9315177764772364,Lasso,Lasso_2
861,SI_ref_13,PB600,CBZ,Synthetic,0.35791881074899945,0.9315177764772364,Lasso,Lasso_2
862,SI_ref_13,PB600,CBZ,Synthetic,0.32426715019643393,0.9315177764772364,Lasso,Lasso_2
863,SI_ref_13,PB600,CBZ,Synthetic,0.24055829228243014,0.9315177764772364,Lasso,Lasso_2
864,SI_ref_13,PB600,CBZ,Synthetic,0.44839549002601903,0.9315177764772364,Lasso,Lasso_2
865,SI_ref_13,PB600,CBZ,Synthetic,0.5528523489932886,0.9315177764772364,Lasso,Lasso_2
866,SI_ref_13,PB600,CBZ,Synthetic,0.5653368025440879,0.9315177764772364,Lasso,Lasso_2
867,SI_ref_13,PB600,CBZ,Synthetic,0.6235906331309627,0.9315177764772364,Lasso,Lasso_2
868,SI_ref_13,PB600,CBZ,Synthetic,0.6991037872217403,0.9315177764772364,Lasso,Lasso_2
869,SI_ref_13,PB600,CBZ,Synthetic,0.7401395944327428,0.9315177764772364,Lasso,Lasso_2
870,SI_ref_13,PB600,CBZ,Synthetic,0.8642533936651583,0.9221955720399705,Lasso,Lasso_2
871,SI_ref_13,PB600,CBZ,Synthetic,0.6953242835595775,0.9221955720399705,Lasso,Lasso_2
872,SI_ref_13,PB600,CBZ,Synthetic,0.4479638009049774,0.9221955720399705,Lasso,Lasso_2
873,SI_ref_13,PB600,CBZ,Synthetic,0.36651583710407243,0.9221955720399705,Lasso,Lasso_2
874,SI_ref_13,PB600,CBZ,Synthetic,0.248868778280543,0.9221955720399705,Lasso,Lasso_2
875,SI_ref_13,PB600,IBU,Synthetic,0.7639925373134329,0.9860310869292419,Lasso,Lasso_2
876,SI_ref_13,PB600,IBU,Synthetic,0.7266791044776119,0.9769184516422658,Lasso,Lasso_2
877,SI_ref_13,PB600,IBU,Synthetic,0.7328980099502487,0.9676977116107616,Lasso,Lasso_2
878,SI_ref_13,PB600,IBU,Synthetic,0.7391169154228855,0.9622762466149928,Lasso,Lasso_2
879,SI_ref_13,PB600,IBU,Synthetic,0.6707089552238806,0.9529819437839326,Lasso,Lasso_2
880,SI_ref_13,PB600,IBU,Synthetic,0.5898631840796019,0.9475357771922458,Lasso,Lasso_2
881,SI_ref_13,PB600,IBU,Synthetic,0.2096102913356035,0.9436690592127062,Lasso,Lasso_2
882,SI_ref_13,PB600,IBU,Synthetic,0.7328980099502488,0.9436690592127062,Lasso,Lasso_2
883,SI_ref_13,PB600,IBU,Synthetic,0.611373922124096,0.9436690592127062,Lasso,Lasso_2
884,SI_ref_13,PB600,IBU,Synthetic,0.6847133757961785,0.9436690592127062,Lasso,Lasso_2
885,SI_ref_13,PB600,IBU,Synthetic,0.4580645161290322,0.9436690592127062,Lasso,Lasso_2
886,SI_ref_13,PB600,IBU,Synthetic,0.29347826086956524,0.9436690592127062,Lasso,Lasso_2
887,SI_ref_13,PB600,IBU,Synthetic,0.5772919064058304,0.9436690592127062,Lasso,Lasso_2
888,SI_ref_13,PB600,IBU,Synthetic,0.5887993862677406,0.9436690592127062,Lasso,Lasso_2
889,SI_ref_13,PB600,IBU,Synthetic,0.7258796821793417,0.9436690592127062,Lasso,Lasso_2
890,SI_ref_13,PB600,IBU,Synthetic,0.766427039979821,0.9436690592127062,Lasso,Lasso_2
891,SI_ref_13,PB600,IBU,Synthetic,0.8162693908437383,0.9436690592127062,Lasso,Lasso_2
892,SI_ref_13,PB600,IBU,Synthetic,0.8533052267445003,0.9436690592127062,Lasso,Lasso_2
893,SI_ref_13,PB600,IBU,Synthetic,0.9327073552425663,0.9343468547754403,Lasso,Lasso_2
894,SI_ref_13,PB600,IBU,Synthetic,0.6275430359937403,0.9343468547754403,Lasso,Lasso_2
895,SI_ref_13,PB600,IBU,Synthetic,0.35367762128325514,0.9343468547754403,Lasso,Lasso_2
896,SI_ref_13,PB600,IBU,Synthetic,0.4798506002849601,0.9343468547754403,Lasso,Lasso_2
897,SI_ref_13,PB600,IBU,Synthetic,0.2754303599374022,0.9343468547754403,Lasso,Lasso_2
898,SI_ref_13,PB600,CBZ,Synthetic,0.244663382594417,0.9315177764772364,Lasso,Lasso_2
899,SI_ref_13,PB800,CBZ,Synthetic,0.27061079156395507,0.5537907469573498,Lasso,Lasso_2
900,SI_ref_13,PB800,CBZ,Synthetic,0.22678718159408381,0.5446781116703736,Lasso,Lasso_2
901,SI_ref_13,PB800,CBZ,Synthetic,0.18844152287044644,0.5354573716388695,Lasso,Lasso_2
902,SI_ref_13,PB800,CBZ,Synthetic,0.17748562037797863,0.5300359066431007,Lasso,Lasso_2
903,SI_ref_13,PB800,CBZ,Synthetic,0.16379074226239385,0.5207416038120405,Lasso,Lasso_2
904,SI_ref_13,PB800,CBZ,Synthetic,0.155573815393043,0.5152954372203538,Lasso,Lasso_2
905,SI_ref_13,PB800,CBZ,Synthetic,0.08520900321543408,0.5114287192408142,Lasso,Lasso_2
906,SI_ref_13,PB800,CBZ,Synthetic,0.16135346756152125,0.5114287192408142,Lasso,Lasso_2
907,SI_ref_13,PB800,CBZ,Synthetic,0.1561792870827899,0.5114287192408142,Lasso,Lasso_2
908,SI_ref_13,PB800,CBZ,Synthetic,0.13676633444075306,0.5114287192408142,Lasso,Lasso_2
909,SI_ref_13,PB800,CBZ,Synthetic,0.1002310803004044,0.5114287192408142,Lasso,Lasso_2
910,SI_ref_13,PB800,CBZ,Synthetic,0.04322336667164253,0.5114287192408142,Lasso,Lasso_2
911,SI_ref_13,PB800,CBZ,Synthetic,0.20609619686800895,0.5114287192408142,Lasso,Lasso_2
912,SI_ref_13,PB800,CBZ,Synthetic,0.1865212527964206,0.5114287192408142,Lasso,Lasso_2
913,SI_ref_13,PB800,CBZ,Synthetic,0.28121650589496244,0.5114287192408142,Lasso,Lasso_2
914,SI_ref_13,PB800,CBZ,Synthetic,0.36611289746337977,0.5114287192408142,Lasso,Lasso_2
915,SI_ref_13,PB800,CBZ,Synthetic,0.5117363344051448,0.5114287192408142,Lasso,Lasso_2
916,SI_ref_13,PB800,CBZ,Synthetic,0.5707012708620426,0.5114287192408142,Lasso,Lasso_2
917,SI_ref_13,PB800,CBZ,Synthetic,0.5791052918712493,0.5021065148035483,Lasso,Lasso_2
918,SI_ref_13,PB800,CBZ,Synthetic,0.30905619203491547,0.5021065148035483,Lasso,Lasso_2
919,SI_ref_13,PB800,CBZ,Synthetic,0.16448445171849424,0.5021065148035483,Lasso,Lasso_2
920,SI_ref_13,PB800,CBZ,Synthetic,0.12460736493062231,0.5021065148035483,Lasso,Lasso_2
921,SI_ref_13,PB800,CBZ,Synthetic,0.08265139116202945,0.5021065148035483,Lasso,Lasso_2
922,SI_ref_13,PB800,IBU,Synthetic,0.4560270602706027,0.5659420296928197,Lasso,Lasso_2
923,SI_ref_13,PB800,IBU,Synthetic,0.4252767527675277,0.5568293944058436,Lasso,Lasso_2
924,SI_ref_13,PB800,IBU,Synthetic,0.40067650676506766,0.5476086543743395,Lasso,Lasso_2
925,SI_ref_13,PB800,IBU,Synthetic,0.39145141451414517,0.5421871893785706,Lasso,Lasso_2
926,SI_ref_13,PB800,IBU,Synthetic,0.38837638376383765,0.5328928865475104,Lasso,Lasso_2
927,SI_ref_13,PB800,IBU,Synthetic,0.37915129151291516,0.5274467199558236,Lasso,Lasso_2
928,SI_ref_13,PB800,IBU,Synthetic,0.23013048635824437,0.5235800019762841,Lasso,Lasso_2
929,SI_ref_13,PB800,IBU,Synthetic,0.3126198695818949,0.5235800019762841,Lasso,Lasso_2
930,SI_ref_13,PB800,IBU,Synthetic,0.35520079622504414,0.5235800019762841,Lasso,Lasso_2
931,SI_ref_13,PB800,IBU,Synthetic,0.24946921443736733,0.5235800019762841,Lasso,Lasso_2
932,SI_ref_13,PB800,IBU,Synthetic,0.18924731182795698,0.5235800019762841,Lasso,Lasso_2
933,SI_ref_13,PB800,IBU,Synthetic,0.08514492753623189,0.5235800019762841,Lasso,Lasso_2
934,SI_ref_13,PB800,IBU,Synthetic,0.4392021480629075,0.5235800019762841,Lasso,Lasso_2
935,SI_ref_13,PB800,IBU,Synthetic,0.4238588415803605,0.5235800019762841,Lasso,Lasso_2
936,SI_ref_13,PB800,IBU,Synthetic,0.5142348754448398,0.5235800019762841,Lasso,Lasso_2
937,SI_ref_13,PB800,IBU,Synthetic,0.5523922499011468,0.5235800019762841,Lasso,Lasso_2
938,SI_ref_13,PB800,IBU,Synthetic,0.5686613285883748,0.5235800019762841,Lasso,Lasso_2
939,SI_ref_13,PB800,IBU,Synthetic,0.5875275377054737,0.5235800019762841,Lasso,Lasso_2
940,SI_ref_13,PB800,IBU,Synthetic,0.712022367194781,0.5142577975390181,Lasso,Lasso_2
941,SI_ref_13,PB800,IBU,Synthetic,0.5069897483690587,0.5142577975390181,Lasso,Lasso_2
942,SI_ref_13,PB800,IBU,Synthetic,0.31469400434917677,0.5142577975390181,Lasso,Lasso_2
943,SI_ref_13,PB800,IBU,Synthetic,0.22960794568575607,0.5142577975390181,Lasso,Lasso_2
944,SI_ref_13,PB800,IBU,Synthetic,0.10958005249343833,0.5142577975390181,Lasso,Lasso_2
852,SI_ref_13,PB600,CBZ,Synthetic,0.5776772247360483,0.39572177519042717,LightGBM,LightGBM_1
853,SI_ref_13,PB600,CBZ,Synthetic,0.5656108597285068,0.38325883753562173,LightGBM,LightGBM_1
854,SI_ref_13,PB600,CBZ,Synthetic,0.5475113122171945,0.362517646152578,LightGBM,LightGBM_1
855,SI_ref_13,PB600,CBZ,Synthetic,0.4479638009049774,0.20621963402554266,LightGBM,LightGBM_1
856,SI_ref_13,PB600,CBZ,Synthetic,0.45098039215686275,0.21000754681409184,LightGBM,LightGBM_1
857,SI_ref_13,PB600,CBZ,Synthetic,0.42684766214177977,0.2014140671131558,LightGBM,LightGBM_1
858,SI_ref_13,PB600,CBZ,Synthetic,0.32437120555073723,0.2027542339152268,LightGBM,LightGBM_1
859,SI_ref_13,PB600,CBZ,Synthetic,0.4773489932885906,0.2380907314695254,LightGBM,LightGBM_1
860,SI_ref_13,PB600,CBZ,Synthetic,0.4437372714068248,0.2027542339152268,LightGBM,LightGBM_1
861,SI_ref_13,PB600,CBZ,Synthetic,0.35791881074899945,0.2027542339152268,LightGBM,LightGBM_1
862,SI_ref_13,PB600,CBZ,Synthetic,0.32426715019643393,0.2027542339152268,LightGBM,LightGBM_1
863,SI_ref_13,PB600,CBZ,Synthetic,0.24055829228243014,0.2027542339152268,LightGBM,LightGBM_1
864,SI_ref_13,PB600,CBZ,Synthetic,0.44839549002601903,0.16683338165811387,LightGBM,LightGBM_1
865,SI_ref_13,PB600,CBZ,Synthetic,0.5528523489932886,0.16683338165811387,LightGBM,LightGBM_1
866,SI_ref_13,PB600,CBZ,Synthetic,0.5653368025440879,0.2027542339152268,LightGBM,LightGBM_1
867,SI_ref_13,PB600,CBZ,Synthetic,0.6235906331309627,0.2027542339152268,LightGBM,LightGBM_1
868,SI_ref_13,PB600,CBZ,Synthetic,0.6991037872217403,0.2027542339152268,LightGBM,LightGBM_1
869,SI_ref_13,PB600,CBZ,Synthetic,0.7401395944327428,0.2027542339152268,LightGBM,LightGBM_1
870,SI_ref_13,PB600,CBZ,Synthetic,0.8642533936651583,0.21259575977998896,LightGBM,LightGBM_1
871,SI_ref_13,PB600,CBZ,Synthetic,0.6953242835595775,0.21259575977998896,LightGBM,LightGBM_1
872,SI_ref_13,PB600,CBZ,Synthetic,0.4479638009049774,0.21259575977998896,LightGBM,LightGBM_1
873,SI_ref_13,PB600,CBZ,Synthetic,0.36651583710407243,0.21259575977998896,LightGBM,LightGBM_1
874,SI_ref_13,PB600,CBZ,Synthetic,0.248868778280543,0.21259575977998896,LightGBM,LightGBM_1
875,SI_ref_13,PB600,IBU,Synthetic,0.7639925373134329,0.5370499362745905,LightGBM,LightGBM_1
876,SI_ref_13,PB600,IBU,Synthetic,0.7266791044776119,0.5012191123667957,LightGBM,LightGBM_1
877,SI_ref_13,PB600,IBU,Synthetic,0.7328980099502487,0.46309629189688695,LightGBM,LightGBM_1
878,SI_ref_13,PB600,IBU,Synthetic,0.7391169154228855,0.29675524743074183,LightGBM,LightGBM_1
879,SI_ref_13,PB600,IBU,Synthetic,0.6707089552238806,0.2706361417940345,LightGBM,LightGBM_1
880,SI_ref_13,PB600,IBU,Synthetic,0.5898631840796019,0.2584747735201247,LightGBM,LightGBM_1
881,SI_ref_13,PB600,IBU,Synthetic,0.2096102913356035,0.2594793172508178,LightGBM,LightGBM_1
882,SI_ref_13,PB600,IBU,Synthetic,0.7328980099502488,0.2876679059408842,LightGBM,LightGBM_1
883,SI_ref_13,PB600,IBU,Synthetic,0.611373922124096,0.2594793172508178,LightGBM,LightGBM_1
884,SI_ref_13,PB600,IBU,Synthetic,0.6847133757961785,0.2594793172508178,LightGBM,LightGBM_1
885,SI_ref_13,PB600,IBU,Synthetic,0.4580645161290322,0.2594793172508178,LightGBM,LightGBM_1
886,SI_ref_13,PB600,IBU,Synthetic,0.29347826086956524,0.2594793172508178,LightGBM,LightGBM_1
887,SI_ref_13,PB600,IBU,Synthetic,0.5772919064058304,0.20749519508121692,LightGBM,LightGBM_1
888,SI_ref_13,PB600,IBU,Synthetic,0.5887993862677406,0.20749519508121692,LightGBM,LightGBM_1
889,SI_ref_13,PB600,IBU,Synthetic,0.7258796821793417,0.2594793172508178,LightGBM,LightGBM_1
890,SI_ref_13,PB600,IBU,Synthetic,0.766427039979821,0.2594793172508178,LightGBM,LightGBM_1
891,SI_ref_13,PB600,IBU,Synthetic,0.8162693908437383,0.2594793172508178,LightGBM,LightGBM_1
892,SI_ref_13,PB600,IBU,Synthetic,0.8533052267445003,0.2594793172508178,LightGBM,LightGBM_1
893,SI_ref_13,PB600,IBU,Synthetic,0.9327073552425663,0.22914320377506947,LightGBM,LightGBM_1
894,SI_ref_13,PB600,IBU,Synthetic,0.6275430359937403,0.22914320377506947,LightGBM,LightGBM_1
895,SI_ref_13,PB600,IBU,Synthetic,0.35367762128325514,0.22914320377506947,LightGBM,LightGBM_1
896,SI_ref_13,PB600,IBU,Synthetic,0.4798506002849601,0.22914320377506947,LightGBM,LightGBM_1
897,SI_ref_13,PB600,IBU,Synthetic,0.2754303599374022,0.22914320377506947,LightGBM,LightGBM_1
898,SI_ref_13,PB600,CBZ,Synthetic,0.244663382594417,0.2027542339152268,LightGBM,LightGBM_1
899,SI_ref_13,PB800,CBZ,Synthetic,0.27061079156395507,0.4942627729136592,LightGBM,LightGBM_1
900,SI_ref_13,PB800,CBZ,Synthetic,0.22678718159408381,0.4804929197467398,LightGBM,LightGBM_1
901,SI_ref_13,PB800,CBZ,Synthetic,0.18844152287044644,0.4769052163253002,LightGBM,LightGBM_1
902,SI_ref_13,PB800,CBZ,Synthetic,0.17748562037797863,0.4638385522039211,LightGBM,LightGBM_1
903,SI_ref_13,PB800,CBZ,Synthetic,0.16379074226239385,0.4812396292290071,LightGBM,LightGBM_1
904,SI_ref_13,PB800,CBZ,Synthetic,0.155573815393043,0.4779660793540896,LightGBM,LightGBM_1
905,SI_ref_13,PB800,CBZ,Synthetic,0.08520900321543408,0.47930624615616063,LightGBM,LightGBM_1
906,SI_ref_13,PB800,CBZ,Synthetic,0.16135346756152125,0.5142602180934792,LightGBM,LightGBM_1
907,SI_ref_13,PB800,CBZ,Synthetic,0.1561792870827899,0.47930624615616063,LightGBM,LightGBM_1
908,SI_ref_13,PB800,CBZ,Synthetic,0.13676633444075306,0.47930624615616063,LightGBM,LightGBM_1
909,SI_ref_13,PB800,CBZ,Synthetic,0.1002310803004044,0.47930624615616063,LightGBM,LightGBM_1
910,SI_ref_13,PB800,CBZ,Synthetic,0.04322336667164253,0.47930624615616063,LightGBM,LightGBM_1
911,SI_ref_13,PB800,CBZ,Synthetic,0.20609619686800895,0.45024962321300255,LightGBM,LightGBM_1
912,SI_ref_13,PB800,CBZ,Synthetic,0.1865212527964206,0.45024962321300255,LightGBM,LightGBM_1
913,SI_ref_13,PB800,CBZ,Synthetic,0.28121650589496244,0.47930624615616063,LightGBM,LightGBM_1
914,SI_ref_13,PB800,CBZ,Synthetic,0.36611289746337977,0.47930624615616063,LightGBM,LightGBM_1
915,SI_ref_13,PB800,CBZ,Synthetic,0.5117363344051448,0.47930624615616063,LightGBM,LightGBM_1
916,SI_ref_13,PB800,CBZ,Synthetic,0.5707012708620426,0.47930624615616063,LightGBM,LightGBM_1
917,SI_ref_13,PB800,CBZ,Synthetic,0.5791052918712493,0.5358234741708948,LightGBM,LightGBM_1
918,SI_ref_13,PB800,CBZ,Synthetic,0.30905619203491547,0.5358234741708948,LightGBM,LightGBM_1
919,SI_ref_13,PB800,CBZ,Synthetic,0.16448445171849424,0.5358234741708948,LightGBM,LightGBM_1
920,SI_ref_13,PB800,CBZ,Synthetic,0.12460736493062231,0.5358234741708948,LightGBM,LightGBM_1
921,SI_ref_13,PB800,CBZ,Synthetic,0.08265139116202945,0.5358234741708948,LightGBM,LightGBM_1
922,SI_ref_13,PB800,IBU,Synthetic,0.4560270602706027,0.6352128307677277,LightGBM,LightGBM_1
923,SI_ref_13,PB800,IBU,Synthetic,0.4252767527675277,0.6021861561720497,LightGBM,LightGBM_1
924,SI_ref_13,PB800,IBU,Synthetic,0.40067650676506766,0.5812168236637449,LightGBM,LightGBM_1
925,SI_ref_13,PB800,IBU,Synthetic,0.39145141451414517,0.5670944613922826,LightGBM,LightGBM_1
926,SI_ref_13,PB800,IBU,Synthetic,0.38837638376383765,0.5560201665624642,LightGBM,LightGBM_1
927,SI_ref_13,PB800,IBU,Synthetic,0.37915129151291516,0.5507116667008546,LightGBM,LightGBM_1
928,SI_ref_13,PB800,IBU,Synthetic,0.23013048635824437,0.5517162104315477,LightGBM,LightGBM_1
929,SI_ref_13,PB800,IBU,Synthetic,0.3126198695818949,0.5779309882785104,LightGBM,LightGBM_1
930,SI_ref_13,PB800,IBU,Synthetic,0.35520079622504414,0.5517162104315477,LightGBM,LightGBM_1
931,SI_ref_13,PB800,IBU,Synthetic,0.24946921443736733,0.5517162104315477,LightGBM,LightGBM_1
932,SI_ref_13,PB800,IBU,Synthetic,0.18924731182795698,0.5517162104315477,LightGBM,LightGBM_1
933,SI_ref_13,PB800,IBU,Synthetic,0.08514492753623189,0.5517162104315477,LightGBM,LightGBM_1
934,SI_ref_13,PB800,IBU,Synthetic,0.4392021480629075,0.5039846084422201,LightGBM,LightGBM_1
935,SI_ref_13,PB800,IBU,Synthetic,0.4238588415803605,0.5039846084422201,LightGBM,LightGBM_1
936,SI_ref_13,PB800,IBU,Synthetic,0.5142348754448398,0.5517162104315477,LightGBM,LightGBM_1
937,SI_ref_13,PB800,IBU,Synthetic,0.5523922499011468,0.5517162104315477,LightGBM,LightGBM_1
938,SI_ref_13,PB800,IBU,Synthetic,0.5686613285883748,0.5517162104315477,LightGBM,LightGBM_1
939,SI_ref_13,PB800,IBU,Synthetic,0.5875275377054737,0.5517162104315477,LightGBM,LightGBM_1
940,SI_ref_13,PB800,IBU,Synthetic,0.712022367194781,0.5541148561012326,LightGBM,LightGBM_1
941,SI_ref_13,PB800,IBU,Synthetic,0.5069897483690587,0.5541148561012326,LightGBM,LightGBM_1
942,SI_ref_13,PB800,IBU,Synthetic,0.31469400434917677,0.5541148561012326,LightGBM,LightGBM_1
943,SI_ref_13,PB800,IBU,Synthetic,0.22960794568575607,0.5541148561012326,LightGBM,LightGBM_1
944,SI_ref_13,PB800,IBU,Synthetic,0.10958005249343833,0.5541148561012326,LightGBM,LightGBM_1
852,SI_ref_13,PB600,CBZ,Synthetic,0.5776772247360483,1.0471545826518036,MLP,MLP_1
853,SI_ref_13,PB600,CBZ,Synthetic,0.5656108597285068,1.0317622483767206,MLP,MLP_1
854,SI_ref_13,PB600,CBZ,Synthetic,0.5475113122171945,1.0154567246927362,MLP,MLP_1
855,SI_ref_13,PB600,CBZ,Synthetic,0.4479638009049774,1.0058696605754995,MLP,MLP_1
856,SI_ref_13,PB600,CBZ,Synthetic,0.45098039215686275,0.9894340518911439,MLP,MLP_1
857,SI_ref_13,PB600,CBZ,Synthetic,0.42684766214177977,0.9813822226267569,MLP,MLP_1
858,SI_ref_13,PB600,CBZ,Synthetic,0.32437120555073723,0.9673163824708847,MLP,MLP_1
859,SI_ref_13,PB600,CBZ,Synthetic,0.4773489932885906,0.9140244222612588,MLP,MLP_1
860,SI_ref_13,PB600,CBZ,Synthetic,0.4437372714068248,0.9673163824708847,MLP,MLP_1
861,SI_ref_13,PB600,CBZ,Synthetic,0.35791881074899945,0.9673163824708847,MLP,MLP_1
862,SI_ref_13,PB600,CBZ,Synthetic,0.32426715019643393,0.9673163824708847,MLP,MLP_1
863,SI_ref_13,PB600,CBZ,Synthetic,0.24055829228243014,0.9673163824708847,MLP,MLP_1
864,SI_ref_13,PB600,CBZ,Synthetic,0.44839549002601903,0.7882954560518947,MLP,MLP_1
865,SI_ref_13,PB600,CBZ,Synthetic,0.5528523489932886,0.3485415801744821,MLP,MLP_1
866,SI_ref_13,PB600,CBZ,Synthetic,0.5653368025440879,0.9673163824708847,MLP,MLP_1
867,SI_ref_13,PB600,CBZ,Synthetic,0.6235906331309627,0.9673163824708847,MLP,MLP_1
868,SI_ref_13,PB600,CBZ,Synthetic,0.6991037872217403,0.9673163824708847,MLP,MLP_1
869,SI_ref_13,PB600,CBZ,Synthetic,0.7401395944327428,0.9673163824708847,MLP,MLP_1
870,SI_ref_13,PB600,CBZ,Synthetic,0.8642533936651583,0.9311667821190766,MLP,MLP_1
871,SI_ref_13,PB600,CBZ,Synthetic,0.6953242835595775,0.9311667821190766,MLP,MLP_1
872,SI_ref_13,PB600,CBZ,Synthetic,0.4479638009049774,0.9311667821190766,MLP,MLP_1
873,SI_ref_13,PB600,CBZ,Synthetic,0.36651583710407243,0.9311667821190766,MLP,MLP_1
874,SI_ref_13,PB600,CBZ,Synthetic,0.248868778280543,0.9311667821190766,MLP,MLP_1
875,SI_ref_13,PB600,IBU,Synthetic,0.7639925373134329,0.8216972806101017,MLP,MLP_1
876,SI_ref_13,PB600,IBU,Synthetic,0.7266791044776119,0.8156461238796691,MLP,MLP_1
877,SI_ref_13,PB600,IBU,Synthetic,0.7328980099502487,0.8095231812462742,MLP,MLP_1
878,SI_ref_13,PB600,IBU,Synthetic,0.7391169154228855,0.8059231102059202,MLP,MLP_1
879,SI_ref_13,PB600,IBU,Synthetic,0.6707089552238806,0.7997513189117783,MLP,MLP_1
880,SI_ref_13,PB600,IBU,Synthetic,0.5898631840796019,0.7961348450171805,MLP,MLP_1
881,SI_ref_13,PB600,IBU,Synthetic,0.2096102913356035,0.7935671885940142,MLP,MLP_1
882,SI_ref_13,PB600,IBU,Synthetic,0.7328980099502488,0.7292293303022844,MLP,MLP_1
883,SI_ref_13,PB600,IBU,Synthetic,0.611373922124096,0.7935671885940142,MLP,MLP_1
884,SI_ref_13,PB600,IBU,Synthetic,0.6847133757961785,0.7935671885940142,MLP,MLP_1
885,SI_ref_13,PB600,IBU,Synthetic,0.4580645161290322,0.7935671885940142,MLP,MLP_1
886,SI_ref_13,PB600,IBU,Synthetic,0.29347826086956524,0.7935671885940142,MLP,MLP_1
887,SI_ref_13,PB600,IBU,Synthetic,0.5772919064058304,0.4751034498700998,MLP,MLP_1
888,SI_ref_13,PB600,IBU,Synthetic,0.5887993862677406,0.01007274517176851,MLP,MLP_1
889,SI_ref_13,PB600,IBU,Synthetic,0.7258796821793417,0.7935671885940142,MLP,MLP_1
890,SI_ref_13,PB600,IBU,Synthetic,0.766427039979821,0.7935671885940142,MLP,MLP_1
891,SI_ref_13,PB600,IBU,Synthetic,0.8162693908437383,0.7935671885940142,MLP,MLP_1
892,SI_ref_13,PB600,IBU,Synthetic,0.8533052267445003,0.7935671885940142,MLP,MLP_1
893,SI_ref_13,PB600,IBU,Synthetic,0.9327073552425663,0.8201354399500249,MLP,MLP_1
894,SI_ref_13,PB600,IBU,Synthetic,0.6275430359937403,0.8201354399500249,MLP,MLP_1
895,SI_ref_13,PB600,IBU,Synthetic,0.35367762128325514,0.8201354399500249,MLP,MLP_1
896,SI_ref_13,PB600,IBU,Synthetic,0.4798506002849601,0.8201354399500249,MLP,MLP_1
897,SI_ref_13,PB600,IBU,Synthetic,0.2754303599374022,0.8201354399500249,MLP,MLP_1
898,SI_ref_13,PB600,CBZ,Synthetic,0.244663382594417,0.9673163824708847,MLP,MLP_1
899,SI_ref_13,PB800,CBZ,Synthetic,0.27061079156395507,0.05280598640015635,MLP,MLP_1
900,SI_ref_13,PB800,CBZ,Synthetic,0.22678718159408381,0.07932576860302137,MLP,MLP_1
901,SI_ref_13,PB800,CBZ,Synthetic,0.18844152287044644,0.09808578029674668,MLP,MLP_1
902,SI_ref_13,PB800,CBZ,Synthetic,0.17748562037797863,0.10911599548232279,MLP,MLP_1
903,SI_ref_13,PB800,CBZ,Synthetic,0.16379074226239385,0.17352230798157897,MLP,MLP_1
904,SI_ref_13,PB800,CBZ,Synthetic,0.155573815393043,0.20127022427384814,MLP,MLP_1
905,SI_ref_13,PB800,CBZ,Synthetic,0.08520900321543408,0.20365233880093034,MLP,MLP_1
906,SI_ref_13,PB800,CBZ,Synthetic,0.16135346756152125,0.07033001579654544,MLP,MLP_1
907,SI_ref_13,PB800,CBZ,Synthetic,0.1561792870827899,0.20365233880093034,MLP,MLP_1
908,SI_ref_13,PB800,CBZ,Synthetic,0.13676633444075306,0.20365233880093034,MLP,MLP_1
909,SI_ref_13,PB800,CBZ,Synthetic,0.1002310803004044,0.20365233880093034,MLP,MLP_1
910,SI_ref_13,PB800,CBZ,Synthetic,0.04322336667164253,0.20365233880093034,MLP,MLP_1
911,SI_ref_13,PB800,CBZ,Synthetic,0.20609619686800895,0.2565643874547453,MLP,MLP_1
912,SI_ref_13,PB800,CBZ,Synthetic,0.1865212527964206,0.25477962207843907,MLP,MLP_1
913,SI_ref_13,PB800,CBZ,Synthetic,0.28121650589496244,0.20365233880093034,MLP,MLP_1
914,SI_ref_13,PB800,CBZ,Synthetic,0.36611289746337977,0.20365233880093034,MLP,MLP_1
915,SI_ref_13,PB800,CBZ,Synthetic,0.5117363344051448,0.20365233880093034,MLP,MLP_1
916,SI_ref_13,PB800,CBZ,Synthetic,0.5707012708620426,0.20365233880093034,MLP,MLP_1
917,SI_ref_13,PB800,CBZ,Synthetic,0.5791052918712493,0.20849042933951145,MLP,MLP_1
918,SI_ref_13,PB800,CBZ,Synthetic,0.30905619203491547,0.20849042933951145,MLP,MLP_1
919,SI_ref_13,PB800,CBZ,Synthetic,0.16448445171849424,0.20849042933951145,MLP,MLP_1
920,SI_ref_13,PB800,CBZ,Synthetic,0.12460736493062231,0.20849042933951145,MLP,MLP_1
921,SI_ref_13,PB800,CBZ,Synthetic,0.08265139116202945,0.20849042933951145,MLP,MLP_1
922,SI_ref_13,PB800,IBU,Synthetic,0.4560270602706027,0.2505278424162082,MLP,MLP_1
923,SI_ref_13,PB800,IBU,Synthetic,0.4252767527675277,0.2718030704427679,MLP,MLP_1
924,SI_ref_13,PB800,IBU,Synthetic,0.40067650676506766,0.28965097620935143,MLP,MLP_1
925,SI_ref_13,PB800,IBU,Synthetic,0.39145141451414517,0.30014490576714303,MLP,MLP_1
926,SI_ref_13,PB800,IBU,Synthetic,0.38837638376383765,0.31813520161412323,MLP,MLP_1
927,SI_ref_13,PB800,IBU,Synthetic,0.37915129151291516,0.3267536457712894,MLP,MLP_1
928,SI_ref_13,PB800,IBU,Synthetic,0.23013048635824437,0.332371844295926,MLP,MLP_1
929,SI_ref_13,PB800,IBU,Synthetic,0.3126198695818949,0.27154183643764607,MLP,MLP_1
930,SI_ref_13,PB800,IBU,Synthetic,0.35520079622504414,0.332371844295926,MLP,MLP_1
931,SI_ref_13,PB800,IBU,Synthetic,0.24946921443736733,0.332371844295926,MLP,MLP_1
932,SI_ref_13,PB800,IBU,Synthetic,0.18924731182795698,0.332371844295926,MLP,MLP_1
933,SI_ref_13,PB800,IBU,Synthetic,0.08514492753623189,0.332371844295926,MLP,MLP_1
934,SI_ref_13,PB800,IBU,Synthetic,0.4392021480629075,0.4036750453514365,MLP,MLP_1
935,SI_ref_13,PB800,IBU,Synthetic,0.4238588415803605,0.2649968580374979,MLP,MLP_1
936,SI_ref_13,PB800,IBU,Synthetic,0.5142348754448398,0.332371844295926,MLP,MLP_1
937,SI_ref_13,PB800,IBU,Synthetic,0.5523922499011468,0.332371844295926,MLP,MLP_1
938,SI_ref_13,PB800,IBU,Synthetic,0.5686613285883748,0.332371844295926,MLP,MLP_1
939,SI_ref_13,PB800,IBU,Synthetic,0.5875275377054737,0.332371844295926,MLP,MLP_1
940,SI_ref_13,PB800,IBU,Synthetic,0.712022367194781,0.3567924427883358,MLP,MLP_1
941,SI_ref_13,PB800,IBU,Synthetic,0.5069897483690587,0.3567924427883358,MLP,MLP_1
942,SI_ref_13,PB800,IBU,Synthetic,0.31469400434917677,0.3567924427883358,MLP,MLP_1
943,SI_ref_13,PB800,IBU,Synthetic,0.22960794568575607,0.3567924427883358,MLP,MLP_1
944,SI_ref_13,PB800,IBU,Synthetic,0.10958005249343833,0.3567924427883358,MLP,MLP_1
852,SI_ref_13,PB600,CBZ,Synthetic,0.5776772247360483,0.9928431425207089,OLS,OLS_1
853,SI_ref_13,PB600,CBZ,Synthetic,0.5656108597285068,0.9782720641240676,OLS,OLS_1
854,SI_ref_13,PB600,CBZ,Synthetic,0.5475113122171945,0.9635281265425738,OLS,OLS_1
855,SI_ref_13,PB600,CBZ,Synthetic,0.4479638009049774,0.9548592191420003,OLS,OLS_1
856,SI_ref_13,PB600,CBZ,Synthetic,0.45098039215686275,0.9399976548492807,OLS,OLS_1
857,SI_ref_13,PB600,CBZ,Synthetic,0.42684766214177977,0.9312892496657599,OLS,OLS_1
858,SI_ref_13,PB600,CBZ,Synthetic,0.32437120555073723,0.9251063784058843,OLS,OLS_1
859,SI_ref_13,PB600,CBZ,Synthetic,0.4773489932885906,0.9463009844552294,OLS,OLS_1
860,SI_ref_13,PB600,CBZ,Synthetic,0.4437372714068248,0.9251063784058843,OLS,OLS_1
861,SI_ref_13,PB600,CBZ,Synthetic,0.35791881074899945,0.9251063784058843,OLS,OLS_1
862,SI_ref_13,PB600,CBZ,Synthetic,0.32426715019643393,0.9251063784058843,OLS,OLS_1
863,SI_ref_13,PB600,CBZ,Synthetic,0.24055829228243014,0.9251063784058843,OLS,OLS_1
864,SI_ref_13,PB600,CBZ,Synthetic,0.44839549002601903,0.9039117723565391,OLS,OLS_1
865,SI_ref_13,PB600,CBZ,Synthetic,0.5528523489932886,0.882717166307194,OLS,OLS_1
866,SI_ref_13,PB600,CBZ,Synthetic,0.5653368025440879,0.9251063784058843,OLS,OLS_1
867,SI_ref_13,PB600,CBZ,Synthetic,0.6235906331309627,0.9251063784058843,OLS,OLS_1
868,SI_ref_13,PB600,CBZ,Synthetic,0.6991037872217403,0.9251063784058843,OLS,OLS_1
869,SI_ref_13,PB600,CBZ,Synthetic,0.7401395944327428,0.9251063784058843,OLS,OLS_1
870,SI_ref_13,PB600,CBZ,Synthetic,0.8642533936651583,0.9102001995226962,OLS,OLS_1
871,SI_ref_13,PB600,CBZ,Synthetic,0.6953242835595775,0.9102001995226962,OLS,OLS_1
872,SI_ref_13,PB600,CBZ,Synthetic,0.4479638009049774,0.9102001995226962,OLS,OLS_1
873,SI_ref_13,PB600,CBZ,Synthetic,0.36651583710407243,0.9102001995226962,OLS,OLS_1
874,SI_ref_13,PB600,CBZ,Synthetic,0.248868778280543,0.9102001995226962,OLS,OLS_1
875,SI_ref_13,PB600,IBU,Synthetic,0.7639925373134329,1.0382424309751712,OLS,OLS_1
876,SI_ref_13,PB600,IBU,Synthetic,0.7266791044776119,1.02367135257853,OLS,OLS_1
877,SI_ref_13,PB600,IBU,Synthetic,0.7328980099502487,1.0089274149970362,OLS,OLS_1
878,SI_ref_13,PB600,IBU,Synthetic,0.7391169154228855,1.0002585075964627,OLS,OLS_1
879,SI_ref_13,PB600,IBU,Synthetic,0.6707089552238806,0.985396943303743,OLS,OLS_1
880,SI_ref_13,PB600,IBU,Synthetic,0.5898631840796019,0.9766885381202222,OLS,OLS_1
881,SI_ref_13,PB600,IBU,Synthetic,0.2096102913356035,0.9705056668603466,OLS,OLS_1
882,SI_ref_13,PB600,IBU,Synthetic,0.7328980099502488,0.9917002729096918,OLS,OLS_1
883,SI_ref_13,PB600,IBU,Synthetic,0.611373922124096,0.9705056668603466,OLS,OLS_1
884,SI_ref_13,PB600,IBU,Synthetic,0.6847133757961785,0.9705056668603466,OLS,OLS_1
885,SI_ref_13,PB600,IBU,Synthetic,0.4580645161290322,0.9705056668603466,OLS,OLS_1
886,SI_ref_13,PB600,IBU,Synthetic,0.29347826086956524,0.9705056668603466,OLS,OLS_1
887,SI_ref_13,PB600,IBU,Synthetic,0.5772919064058304,0.9493110608110015,OLS,OLS_1
888,SI_ref_13,PB600,IBU,Synthetic,0.5887993862677406,0.9281164547616563,OLS,OLS_1
889,SI_ref_13,PB600,IBU,Synthetic,0.7258796821793417,0.9705056668603466,OLS,OLS_1
890,SI_ref_13,PB600,IBU,Synthetic,0.766427039979821,0.9705056668603466,OLS,OLS_1
891,SI_ref_13,PB600,IBU,Synthetic,0.8162693908437383,0.9705056668603466,OLS,OLS_1
892,SI_ref_13,PB600,IBU,Synthetic,0.8533052267445003,0.9705056668603466,OLS,OLS_1
893,SI_ref_13,PB600,IBU,Synthetic,0.9327073552425663,0.9555994879771584,OLS,OLS_1
894,SI_ref_13,PB600,IBU,Synthetic,0.6275430359937403,0.9555994879771584,OLS,OLS_1
895,SI_ref_13,PB600,IBU,Synthetic,0.35367762128325514,0.9555994879771584,OLS,OLS_1
896,SI_ref_13,PB600,IBU,Synthetic,0.4798506002849601,0.9555994879771584,OLS,OLS_1
897,SI_ref_13,PB600,IBU,Synthetic,0.2754303599374022,0.9555994879771584,OLS,OLS_1
898,SI_ref_13,PB600,CBZ,Synthetic,0.244663382594417,0.9251063784058843,OLS,OLS_1
899,SI_ref_13,PB800,CBZ,Synthetic,0.27061079156395507,0.878388898436784,OLS,OLS_1
900,SI_ref_13,PB800,CBZ,Synthetic,0.22678718159408381,0.8638178200401427,OLS,OLS_1
901,SI_ref_13,PB800,CBZ,Synthetic,0.18844152287044644,0.849073882458649,OLS,OLS_1
902,SI_ref_13,PB800,CBZ,Synthetic,0.17748562037797863,0.8404049750580755,OLS,OLS_1
903,SI_ref_13,PB800,CBZ,Synthetic,0.16379074226239385,0.8255434107653559,OLS,OLS_1
904,SI_ref_13,PB800,CBZ,Synthetic,0.155573815393043,0.816835005581835,OLS,OLS_1
905,SI_ref_13,PB800,CBZ,Synthetic,0.08520900321543408,0.8106521343219595,OLS,OLS_1
906,SI_ref_13,PB800,CBZ,Synthetic,0.16135346756152125,0.8318467403713046,OLS,OLS_1
907,SI_ref_13,PB800,CBZ,Synthetic,0.1561792870827899,0.8106521343219595,OLS,OLS_1
908,SI_ref_13,PB800,CBZ,Synthetic,0.13676633444075306,0.8106521343219595,OLS,OLS_1
909,SI_ref_13,PB800,CBZ,Synthetic,0.1002310803004044,0.8106521343219595,OLS,OLS_1
910,SI_ref_13,PB800,CBZ,Synthetic,0.04322336667164253,0.8106521343219595,OLS,OLS_1
911,SI_ref_13,PB800,CBZ,Synthetic,0.20609619686800895,0.7894575282726143,OLS,OLS_1
912,SI_ref_13,PB800,CBZ,Synthetic,0.1865212527964206,0.7682629222232691,OLS,OLS_1
913,SI_ref_13,PB800,CBZ,Synthetic,0.28121650589496244,0.8106521343219595,OLS,OLS_1
914,SI_ref_13,PB800,CBZ,Synthetic,0.36611289746337977,0.8106521343219595,OLS,OLS_1
915,SI_ref_13,PB800,CBZ,Synthetic,0.5117363344051448,0.8106521343219595,OLS,OLS_1
916,SI_ref_13,PB800,CBZ,Synthetic,0.5707012708620426,0.8106521343219595,OLS,OLS_1
917,SI_ref_13,PB800,CBZ,Synthetic,0.5791052918712493,0.7957459554387714,OLS,OLS_1
918,SI_ref_13,PB800,CBZ,Synthetic,0.30905619203491547,0.7957459554387714,OLS,OLS_1
919,SI_ref_13,PB800,CBZ,Synthetic,0.16448445171849424,0.7957459554387714,OLS,OLS_1
920,SI_ref_13,PB800,CBZ,Synthetic,0.12460736493062231,0.7957459554387714,OLS,OLS_1
921,SI_ref_13,PB800,CBZ,Synthetic,0.08265139116202945,0.7957459554387714,OLS,OLS_1
922,SI_ref_13,PB800,IBU,Synthetic,0.4560270602706027,0.9237881868912464,OLS,OLS_1
923,SI_ref_13,PB800,IBU,Synthetic,0.4252767527675277,0.9092171084946051,OLS,OLS_1
924,SI_ref_13,PB800,IBU,Synthetic,0.40067650676506766,0.8944731709131113,OLS,OLS_1
925,SI_ref_13,PB800,IBU,Synthetic,0.39145141451414517,0.8858042635125378,OLS,OLS_1
926,SI_ref_13,PB800,IBU,Synthetic,0.38837638376383765,0.8709426992198182,OLS,OLS_1
927,SI_ref_13,PB800,IBU,Synthetic,0.37915129151291516,0.8622342940362974,OLS,OLS_1
928,SI_ref_13,PB800,IBU,Synthetic,0.23013048635824437,0.8560514227764218,OLS,OLS_1
929,SI_ref_13,PB800,IBU,Synthetic,0.3126198695818949,0.8772460288257669,OLS,OLS_1
930,SI_ref_13,PB800,IBU,Synthetic,0.35520079622504414,0.8560514227764218,OLS,OLS_1
931,SI_ref_13,PB800,IBU,Synthetic,0.24946921443736733,0.8560514227764218,OLS,OLS_1
932,SI_ref_13,PB800,IBU,Synthetic,0.18924731182795698,0.8560514227764218,OLS,OLS_1
933,SI_ref_13,PB800,IBU,Synthetic,0.08514492753623189,0.8560514227764218,OLS,OLS_1
934,SI_ref_13,PB800,IBU,Synthetic,0.4392021480629075,0.8348568167270767,OLS,OLS_1
935,SI_ref_13,PB800,IBU,Synthetic,0.4238588415803605,0.8136622106777315,OLS,OLS_1
936,SI_ref_13,PB800,IBU,Synthetic,0.5142348754448398,0.8560514227764218,OLS,OLS_1
937,SI_ref_13,PB800,IBU,Synthetic,0.5523922499011468,0.8560514227764218,OLS,OLS_1
938,SI_ref_13,PB800,IBU,Synthetic,0.5686613285883748,0.8560514227764218,OLS,OLS_1
939,SI_ref_13,PB800,IBU,Synthetic,0.5875275377054737,0.8560514227764218,OLS,OLS_1
940,SI_ref_13,PB800,IBU,Synthetic,0.712022367194781,0.8411452438932336,OLS,OLS_1
941,SI_ref_13,PB800,IBU,Synthetic,0.5069897483690587,0.8411452438932336,OLS,OLS_1
942,SI_ref_13,PB800,IBU,Synthetic,0.31469400434917677,0.8411452438932336,OLS,OLS_1
943,SI_ref_13,PB800,IBU,Synthetic,0.22960794568575607,0.8411452438932336,OLS,OLS_1
944,SI_ref_13,PB800,IBU,Synthetic,0.10958005249343833,0.8411452438932336,OLS,OLS_1
852,SI_ref_13,PB600,CBZ,Synthetic,0.5776772247360483,0.9833253352426449,PCR,PCR_2
853,SI_ref_13,PB600,CBZ,Synthetic,0.5656108597285068,0.9718594869722569,PCR,PCR_2
854,SI_ref_13,PB600,CBZ,Synthetic,0.5475113122171945,0.9602576173909055,PCR,PCR_2
855,SI_ref_13,PB600,CBZ,Synthetic,0.4479638009049774,0.9534361334746616,PCR,PCR_2
856,SI_ref_13,PB600,CBZ,Synthetic,0.45098039215686275,0.9417417045104872,PCR,PCR_2
857,SI_ref_13,PB600,CBZ,Synthetic,0.42684766214177977,0.9348891401502318,PCR,PCR_2
858,SI_ref_13,PB600,CBZ,Synthetic,0.32437120555073723,0.9300238953268003,PCR,PCR_2
859,SI_ref_13,PB600,CBZ,Synthetic,0.4773489932885906,0.951129153420888,PCR,PCR_2
860,SI_ref_13,PB600,CBZ,Synthetic,0.4437372714068248,0.9300238953268003,PCR,PCR_2
861,SI_ref_13,PB600,CBZ,Synthetic,0.35791881074899945,0.9300238953268003,PCR,PCR_2
862,SI_ref_13,PB600,CBZ,Synthetic,0.32426715019643393,0.9300238953268003,PCR,PCR_2
863,SI_ref_13,PB600,CBZ,Synthetic,0.24055829228243014,0.9300238953268003,PCR,PCR_2
864,SI_ref_13,PB600,CBZ,Synthetic,0.44839549002601903,0.9089186372327125,PCR,PCR_2
865,SI_ref_13,PB600,CBZ,Synthetic,0.5528523489932886,0.8878133791386249,PCR,PCR_2
866,SI_ref_13,PB600,CBZ,Synthetic,0.5653368025440879,0.9300238953268003,PCR,PCR_2
867,SI_ref_13,PB600,CBZ,Synthetic,0.6235906331309627,0.9300238953268003,PCR,PCR_2
868,SI_ref_13,PB600,CBZ,Synthetic,0.6991037872217403,0.9300238953268003,PCR,PCR_2
869,SI_ref_13,PB600,CBZ,Synthetic,0.7401395944327428,0.9300238953268003,PCR,PCR_2
870,SI_ref_13,PB600,CBZ,Synthetic,0.8642533936651583,0.9182943595495929,PCR,PCR_2
871,SI_ref_13,PB600,CBZ,Synthetic,0.6953242835595775,0.9182943595495929,PCR,PCR_2
872,SI_ref_13,PB600,CBZ,Synthetic,0.4479638009049774,0.9182943595495929,PCR,PCR_2
873,SI_ref_13,PB600,CBZ,Synthetic,0.36651583710407243,0.9182943595495929,PCR,PCR_2
874,SI_ref_13,PB600,CBZ,Synthetic,0.248868778280543,0.9182943595495929,PCR,PCR_2
875,SI_ref_13,PB600,IBU,Synthetic,0.7639925373134329,0.9879433889699731,PCR,PCR_2
876,SI_ref_13,PB600,IBU,Synthetic,0.7266791044776119,0.9764775406995854,PCR,PCR_2
877,SI_ref_13,PB600,IBU,Synthetic,0.7328980099502487,0.9648756711182338,PCR,PCR_2
878,SI_ref_13,PB600,IBU,Synthetic,0.7391169154228855,0.9580541872019899,PCR,PCR_2
879,SI_ref_13,PB600,IBU,Synthetic,0.6707089552238806,0.9463597582378155,PCR,PCR_2
880,SI_ref_13,PB600,IBU,Synthetic,0.5898631840796019,0.9395071938775602,PCR,PCR_2
881,SI_ref_13,PB600,IBU,Synthetic,0.2096102913356035,0.9346419490541286,PCR,PCR_2
882,SI_ref_13,PB600,IBU,Synthetic,0.7328980099502488,0.9557472071482164,PCR,PCR_2
883,SI_ref_13,PB600,IBU,Synthetic,0.611373922124096,0.9346419490541286,PCR,PCR_2
884,SI_ref_13,PB600,IBU,Synthetic,0.6847133757961785,0.9346419490541286,PCR,PCR_2
885,SI_ref_13,PB600,IBU,Synthetic,0.4580645161290322,0.9346419490541286,PCR,PCR_2
886,SI_ref_13,PB600,IBU,Synthetic,0.29347826086956524,0.9346419490541286,PCR,PCR_2
887,SI_ref_13,PB600,IBU,Synthetic,0.5772919064058304,0.913536690960041,PCR,PCR_2
888,SI_ref_13,PB600,IBU,Synthetic,0.5887993862677406,0.8924314328659533,PCR,PCR_2
889,SI_ref_13,PB600,IBU,Synthetic,0.7258796821793417,0.9346419490541286,PCR,PCR_2
890,SI_ref_13,PB600,IBU,Synthetic,0.766427039979821,0.9346419490541286,PCR,PCR_2
891,SI_ref_13,PB600,IBU,Synthetic,0.8162693908437383,0.9346419490541286,PCR,PCR_2
892,SI_ref_13,PB600,IBU,Synthetic,0.8533052267445003,0.9346419490541286,PCR,PCR_2
893,SI_ref_13,PB600,IBU,Synthetic,0.9327073552425663,0.9229124132769214,PCR,PCR_2
894,SI_ref_13,PB600,IBU,Synthetic,0.6275430359937403,0.9229124132769214,PCR,PCR_2
895,SI_ref_13,PB600,IBU,Synthetic,0.35367762128325514,0.9229124132769214,PCR,PCR_2
896,SI_ref_13,PB600,IBU,Synthetic,0.4798506002849601,0.9229124132769214,PCR,PCR_2
897,SI_ref_13,PB600,IBU,Synthetic,0.2754303599374022,0.9229124132769214,PCR,PCR_2
898,SI_ref_13,PB600,CBZ,Synthetic,0.244663382594417,0.9300238953268003,PCR,PCR_2
899,SI_ref_13,PB800,CBZ,Synthetic,0.27061079156395507,0.39046827184992194,PCR,PCR_2
900,SI_ref_13,PB800,CBZ,Synthetic,0.22678718159408381,0.37900242357953406,PCR,PCR_2
901,SI_ref_13,PB800,CBZ,Synthetic,0.18844152287044644,0.36740055399818267,PCR,PCR_2
902,SI_ref_13,PB800,CBZ,Synthetic,0.17748562037797863,0.3605790700819388,PCR,PCR_2
903,SI_ref_13,PB800,CBZ,Synthetic,0.16379074226239385,0.34888464111776435,PCR,PCR_2
904,SI_ref_13,PB800,CBZ,Synthetic,0.155573815393043,0.34203207675750913,PCR,PCR_2
905,SI_ref_13,PB800,CBZ,Synthetic,0.08520900321543408,0.3371668319340774,PCR,PCR_2
906,SI_ref_13,PB800,CBZ,Synthetic,0.16135346756152125,0.3582720900281651,PCR,PCR_2
907,SI_ref_13,PB800,CBZ,Synthetic,0.1561792870827899,0.3371668319340774,PCR,PCR_2
908,SI_ref_13,PB800,CBZ,Synthetic,0.13676633444075306,0.3371668319340774,PCR,PCR_2
909,SI_ref_13,PB800,CBZ,Synthetic,0.1002310803004044,0.3371668319340774,PCR,PCR_2
910,SI_ref_13,PB800,CBZ,Synthetic,0.04322336667164253,0.3371668319340774,PCR,PCR_2
911,SI_ref_13,PB800,CBZ,Synthetic,0.20609619686800895,0.3160615738399898,PCR,PCR_2
912,SI_ref_13,PB800,CBZ,Synthetic,0.1865212527964206,0.2949563157459022,PCR,PCR_2
913,SI_ref_13,PB800,CBZ,Synthetic,0.28121650589496244,0.3371668319340774,PCR,PCR_2
914,SI_ref_13,PB800,CBZ,Synthetic,0.36611289746337977,0.3371668319340774,PCR,PCR_2
915,SI_ref_13,PB800,CBZ,Synthetic,0.5117363344051448,0.3371668319340774,PCR,PCR_2
916,SI_ref_13,PB800,CBZ,Synthetic,0.5707012708620426,0.3371668319340774,PCR,PCR_2
917,SI_ref_13,PB800,CBZ,Synthetic,0.5791052918712493,0.32543729615687034,PCR,PCR_2
918,SI_ref_13,PB800,CBZ,Synthetic,0.30905619203491547,0.32543729615687034,PCR,PCR_2
919,SI_ref_13,PB800,CBZ,Synthetic,0.16448445171849424,0.32543729615687034,PCR,PCR_2
920,SI_ref_13,PB800,CBZ,Synthetic,0.12460736493062231,0.32543729615687034,PCR,PCR_2
921,SI_ref_13,PB800,CBZ,Synthetic,0.08265139116202945,0.32543729615687034,PCR,PCR_2
922,SI_ref_13,PB800,IBU,Synthetic,0.4560270602706027,0.39508632557725043,PCR,PCR_2
923,SI_ref_13,PB800,IBU,Synthetic,0.4252767527675277,0.38362047730686233,PCR,PCR_2
924,SI_ref_13,PB800,IBU,Synthetic,0.40067650676506766,0.37201860772551115,PCR,PCR_2
925,SI_ref_13,PB800,IBU,Synthetic,0.39145141451414517,0.36519712380926717,PCR,PCR_2
926,SI_ref_13,PB800,IBU,Synthetic,0.38837638376383765,0.35350269484509267,PCR,PCR_2
927,SI_ref_13,PB800,IBU,Synthetic,0.37915129151291516,0.3466501304848375,PCR,PCR_2
928,SI_ref_13,PB800,IBU,Synthetic,0.23013048635824437,0.34178488566140575,PCR,PCR_2
929,SI_ref_13,PB800,IBU,Synthetic,0.3126198695818949,0.36289014375549355,PCR,PCR_2
930,SI_ref_13,PB800,IBU,Synthetic,0.35520079622504414,0.34178488566140575,PCR,PCR_2
931,SI_ref_13,PB800,IBU,Synthetic,0.24946921443736733,0.34178488566140575,PCR,PCR_2
932,SI_ref_13,PB800,IBU,Synthetic,0.18924731182795698,0.34178488566140575,PCR,PCR_2
933,SI_ref_13,PB800,IBU,Synthetic,0.08514492753623189,0.34178488566140575,PCR,PCR_2
934,SI_ref_13,PB800,IBU,Synthetic,0.4392021480629075,0.32067962756731816,PCR,PCR_2
935,SI_ref_13,PB800,IBU,Synthetic,0.4238588415803605,0.2995743694732304,PCR,PCR_2
936,SI_ref_13,PB800,IBU,Synthetic,0.5142348754448398,0.34178488566140575,PCR,PCR_2
937,SI_ref_13,PB800,IBU,Synthetic,0.5523922499011468,0.34178488566140575,PCR,PCR_2
938,SI_ref_13,PB800,IBU,Synthetic,0.5686613285883748,0.34178488566140575,PCR,PCR_2
939,SI_ref_13,PB800,IBU,Synthetic,0.5875275377054737,0.34178488566140575,PCR,PCR_2
940,SI_ref_13,PB800,IBU,Synthetic,0.712022367194781,0.3300553498841985,PCR,PCR_2
941,SI_ref_13,PB800,IBU,Synthetic,0.5069897483690587,0.3300553498841985,PCR,PCR_2
942,SI_ref_13,PB800,IBU,Synthetic,0.31469400434917677,0.3300553498841985,PCR,PCR_2
943,SI_ref_13,PB800,IBU,Synthetic,0.22960794568575607,0.3300553498841985,PCR,PCR_2
944,SI_ref_13,PB800,IBU,Synthetic,0.10958005249343833,0.3300553498841985,PCR,PCR_2
852,SI_ref_13,PB600,CBZ,Synthetic,0.5776772247360483,0.9101350144914191,PLS,PLS_2
853,SI_ref_13,PB600,CBZ,Synthetic,0.5656108597285068,0.8978229692228044,PLS,PLS_2
854,SI_ref_13,PB600,CBZ,Synthetic,0.5475113122171945,0.8853648640641069,PLS,PLS_2
855,SI_ref_13,PB600,CBZ,Synthetic,0.4479638009049774,0.8780399442853558,PLS,PLS_2
856,SI_ref_13,PB600,CBZ,Synthetic,0.45098039215686275,0.8654824487209527,PLS,PLS_2
857,SI_ref_13,PB600,CBZ,Synthetic,0.42684766214177977,0.8581241547142674,PLS,PLS_2
858,SI_ref_13,PB600,CBZ,Synthetic,0.32437120555073723,0.8528998474413649,PLS,PLS_2
859,SI_ref_13,PB600,CBZ,Synthetic,0.4773489932885906,0.886539113547546,PLS,PLS_2
860,SI_ref_13,PB600,CBZ,Synthetic,0.4437372714068248,0.8528998474413649,PLS,PLS_2
861,SI_ref_13,PB600,CBZ,Synthetic,0.35791881074899945,0.8528998474413649,PLS,PLS_2
862,SI_ref_13,PB600,CBZ,Synthetic,0.32426715019643393,0.8528998474413649,PLS,PLS_2
863,SI_ref_13,PB600,CBZ,Synthetic,0.24055829228243014,0.8528998474413649,PLS,PLS_2
864,SI_ref_13,PB600,CBZ,Synthetic,0.44839549002601903,0.8192605813351839,PLS,PLS_2
865,SI_ref_13,PB600,CBZ,Synthetic,0.5528523489932886,0.7856213152290029,PLS,PLS_2
866,SI_ref_13,PB600,CBZ,Synthetic,0.5653368025440879,0.8528998474413649,PLS,PLS_2
867,SI_ref_13,PB600,CBZ,Synthetic,0.6235906331309627,0.8528998474413649,PLS,PLS_2
868,SI_ref_13,PB600,CBZ,Synthetic,0.6991037872217403,0.8528998474413649,PLS,PLS_2
869,SI_ref_13,PB600,CBZ,Synthetic,0.7401395944327428,0.8528998474413649,PLS,PLS_2
870,SI_ref_13,PB600,CBZ,Synthetic,0.8642533936651583,0.8403046541278635,PLS,PLS_2
871,SI_ref_13,PB600,CBZ,Synthetic,0.6953242835595775,0.8403046541278635,PLS,PLS_2
872,SI_ref_13,PB600,CBZ,Synthetic,0.4479638009049774,0.8403046541278635,PLS,PLS_2
873,SI_ref_13,PB600,CBZ,Synthetic,0.36651583710407243,0.8403046541278635,PLS,PLS_2
874,SI_ref_13,PB600,CBZ,Synthetic,0.248868778280543,0.8403046541278635,PLS,PLS_2
875,SI_ref_13,PB600,IBU,Synthetic,0.7639925373134329,0.9895561765497246,PLS,PLS_2
876,SI_ref_13,PB600,IBU,Synthetic,0.7266791044776119,0.9772441312811098,PLS,PLS_2
877,SI_ref_13,PB600,IBU,Synthetic,0.7328980099502487,0.9647860261224124,PLS,PLS_2
878,SI_ref_13,PB600,IBU,Synthetic,0.7391169154228855,0.9574611063436613,PLS,PLS_2
879,SI_ref_13,PB600,IBU,Synthetic,0.6707089552238806,0.9449036107792581,PLS,PLS_2
880,SI_ref_13,PB600,IBU,Synthetic,0.5898631840796019,0.9375453167725729,PLS,PLS_2
881,SI_ref_13,PB600,IBU,Synthetic,0.2096102913356035,0.9323210094996703,PLS,PLS_2
882,SI_ref_13,PB600,IBU,Synthetic,0.7328980099502488,0.9659602756058514,PLS,PLS_2
883,SI_ref_13,PB600,IBU,Synthetic,0.611373922124096,0.9323210094996703,PLS,PLS_2
884,SI_ref_13,PB600,IBU,Synthetic,0.6847133757961785,0.9323210094996703,PLS,PLS_2
885,SI_ref_13,PB600,IBU,Synthetic,0.4580645161290322,0.9323210094996703,PLS,PLS_2
886,SI_ref_13,PB600,IBU,Synthetic,0.29347826086956524,0.9323210094996703,PLS,PLS_2
887,SI_ref_13,PB600,IBU,Synthetic,0.5772919064058304,0.8986817433934895,PLS,PLS_2
888,SI_ref_13,PB600,IBU,Synthetic,0.5887993862677406,0.8650424772873084,PLS,PLS_2
889,SI_ref_13,PB600,IBU,Synthetic,0.7258796821793417,0.9323210094996703,PLS,PLS_2
890,SI_ref_13,PB600,IBU,Synthetic,0.766427039979821,0.9323210094996703,PLS,PLS_2
891,SI_ref_13,PB600,IBU,Synthetic,0.8162693908437383,0.9323210094996703,PLS,PLS_2
892,SI_ref_13,PB600,IBU,Synthetic,0.8533052267445003,0.9323210094996703,PLS,PLS_2
893,SI_ref_13,PB600,IBU,Synthetic,0.9327073552425663,0.919725816186169,PLS,PLS_2
894,SI_ref_13,PB600,IBU,Synthetic,0.6275430359937403,0.919725816186169,PLS,PLS_2
895,SI_ref_13,PB600,IBU,Synthetic,0.35367762128325514,0.919725816186169,PLS,PLS_2
896,SI_ref_13,PB600,IBU,Synthetic,0.4798506002849601,0.919725816186169,PLS,PLS_2
897,SI_ref_13,PB600,IBU,Synthetic,0.2754303599374022,0.919725816186169,PLS,PLS_2
898,SI_ref_13,PB600,CBZ,Synthetic,0.244663382594417,0.8528998474413649,PLS,PLS_2
899,SI_ref_13,PB800,CBZ,Synthetic,0.27061079156395507,0.5051019985415943,PLS,PLS_2
900,SI_ref_13,PB800,CBZ,Synthetic,0.22678718159408381,0.4927899532729795,PLS,PLS_2
901,SI_ref_13,PB800,CBZ,Synthetic,0.18844152287044644,0.480331848114282,PLS,PLS_2
902,SI_ref_13,PB800,CBZ,Synthetic,0.17748562037797863,0.473006928335531,PLS,PLS_2
903,SI_ref_13,PB800,CBZ,Synthetic,0.16379074226239385,0.4604494327711278,PLS,PLS_2
904,SI_ref_13,PB800,CBZ,Synthetic,0.155573815393043,0.4530911387644425,PLS,PLS_2
905,SI_ref_13,PB800,CBZ,Synthetic,0.08520900321543408,0.44786683149154005,PLS,PLS_2
906,SI_ref_13,PB800,CBZ,Synthetic,0.16135346756152125,0.48150609759772106,PLS,PLS_2
907,SI_ref_13,PB800,CBZ,Synthetic,0.1561792870827899,0.44786683149154005,PLS,PLS_2
908,SI_ref_13,PB800,CBZ,Synthetic,0.13676633444075306,0.44786683149154005,PLS,PLS_2
909,SI_ref_13,PB800,CBZ,Synthetic,0.1002310803004044,0.44786683149154005,PLS,PLS_2
910,SI_ref_13,PB800,CBZ,Synthetic,0.04322336667164253,0.44786683149154005,PLS,PLS_2
911,SI_ref_13,PB800,CBZ,Synthetic,0.20609619686800895,0.41422756538535904,PLS,PLS_2
912,SI_ref_13,PB800,CBZ,Synthetic,0.1865212527964206,0.3805882992791781,PLS,PLS_2
913,SI_ref_13,PB800,CBZ,Synthetic,0.28121650589496244,0.44786683149154005,PLS,PLS_2
914,SI_ref_13,PB800,CBZ,Synthetic,0.36611289746337977,0.44786683149154005,PLS,PLS_2
915,SI_ref_13,PB800,CBZ,Synthetic,0.5117363344051448,0.44786683149154005,PLS,PLS_2
916,SI_ref_13,PB800,CBZ,Synthetic,0.5707012708620426,0.44786683149154005,PLS,PLS_2
917,SI_ref_13,PB800,CBZ,Synthetic,0.5791052918712493,0.4352716381780386,PLS,PLS_2
918,SI_ref_13,PB800,CBZ,Synthetic,0.30905619203491547,0.4352716381780386,PLS,PLS_2
919,SI_ref_13,PB800,CBZ,Synthetic,0.16448445171849424,0.4352716381780386,PLS,PLS_2
920,SI_ref_13,PB800,CBZ,Synthetic,0.12460736493062231,0.4352716381780386,PLS,PLS_2
921,SI_ref_13,PB800,CBZ,Synthetic,0.08265139116202945,0.4352716381780386,PLS,PLS_2
922,SI_ref_13,PB800,IBU,Synthetic,0.4560270602706027,0.5845231605998998,PLS,PLS_2
923,SI_ref_13,PB800,IBU,Synthetic,0.4252767527675277,0.572211115331285,PLS,PLS_2
924,SI_ref_13,PB800,IBU,Synthetic,0.40067650676506766,0.5597530101725875,PLS,PLS_2
925,SI_ref_13,PB800,IBU,Synthetic,0.39145141451414517,0.5524280903938366,PLS,PLS_2
926,SI_ref_13,PB800,IBU,Synthetic,0.38837638376383765,0.5398705948294333,PLS,PLS_2
927,SI_ref_13,PB800,IBU,Synthetic,0.37915129151291516,0.532512300822748,PLS,PLS_2
928,SI_ref_13,PB800,IBU,Synthetic,0.23013048635824437,0.5272879935498456,PLS,PLS_2
929,SI_ref_13,PB800,IBU,Synthetic,0.3126198695818949,0.5609272596560266,PLS,PLS_2
930,SI_ref_13,PB800,IBU,Synthetic,0.35520079622504414,0.5272879935498456,PLS,PLS_2
931,SI_ref_13,PB800,IBU,Synthetic,0.24946921443736733,0.5272879935498456,PLS,PLS_2
932,SI_ref_13,PB800,IBU,Synthetic,0.18924731182795698,0.5272879935498456,PLS,PLS_2
933,SI_ref_13,PB800,IBU,Synthetic,0.08514492753623189,0.5272879935498456,PLS,PLS_2
934,SI_ref_13,PB800,IBU,Synthetic,0.4392021480629075,0.49364872744366456,PLS,PLS_2
935,SI_ref_13,PB800,IBU,Synthetic,0.4238588415803605,0.46000946133748355,PLS,PLS_2
936,SI_ref_13,PB800,IBU,Synthetic,0.5142348754448398,0.5272879935498456,PLS,PLS_2
937,SI_ref_13,PB800,IBU,Synthetic,0.5523922499011468,0.5272879935498456,PLS,PLS_2
938,SI_ref_13,PB800,IBU,Synthetic,0.5686613285883748,0.5272879935498456,PLS,PLS_2
939,SI_ref_13,PB800,IBU,Synthetic,0.5875275377054737,0.5272879935498456,PLS,PLS_2
940,SI_ref_13,PB800,IBU,Synthetic,0.712022367194781,0.5146928002363441,PLS,PLS_2
941,SI_ref_13,PB800,IBU,Synthetic,0.5069897483690587,0.5146928002363441,PLS,PLS_2
942,SI_ref_13,PB800,IBU,Synthetic,0.31469400434917677,0.5146928002363441,PLS,PLS_2
943,SI_ref_13,PB800,IBU,Synthetic,0.22960794568575607,0.5146928002363441,PLS,PLS_2
944,SI_ref_13,PB800,IBU,Synthetic,0.10958005249343833,0.5146928002363441,PLS,PLS_2
852,SI_ref_13,PB600,CBZ,Synthetic,0.5776772247360483,0.5384132580245943,RandomForest,RandomForest_2
853,SI_ref_13,PB600,CBZ,Synthetic,0.5656108597285068,0.5052695353950021,RandomForest,RandomForest_2
854,SI_ref_13,PB600,CBZ,Synthetic,0.5475113122171945,0.45525220551221585,RandomForest,RandomForest_2
855,SI_ref_13,PB600,CBZ,Synthetic,0.4479638009049774,0.34840995224462296,RandomForest,RandomForest_2
856,SI_ref_13,PB600,CBZ,Synthetic,0.45098039215686275,0.3165225444431252,RandomForest,RandomForest_2
857,SI_ref_13,PB600,CBZ,Synthetic,0.42684766214177977,0.30858844752172204,RandomForest,RandomForest_2
858,SI_ref_13,PB600,CBZ,Synthetic,0.32437120555073723,0.2935306306323922,RandomForest,RandomForest_2
859,SI_ref_13,PB600,CBZ,Synthetic,0.4773489932885906,0.2970669294518844,RandomForest,RandomForest_2
860,SI_ref_13,PB600,CBZ,Synthetic,0.4437372714068248,0.2935306306323922,RandomForest,RandomForest_2
861,SI_ref_13,PB600,CBZ,Synthetic,0.35791881074899945,0.2935306306323922,RandomForest,RandomForest_2
862,SI_ref_13,PB600,CBZ,Synthetic,0.32426715019643393,0.2935306306323922,RandomForest,RandomForest_2
863,SI_ref_13,PB600,CBZ,Synthetic,0.24055829228243014,0.2935306306323922,RandomForest,RandomForest_2
864,SI_ref_13,PB600,CBZ,Synthetic,0.44839549002601903,0.2889902313644571,RandomForest,RandomForest_2
865,SI_ref_13,PB600,CBZ,Synthetic,0.5528523489932886,0.2889902313644571,RandomForest,RandomForest_2
866,SI_ref_13,PB600,CBZ,Synthetic,0.5653368025440879,0.2935306306323922,RandomForest,RandomForest_2
867,SI_ref_13,PB600,CBZ,Synthetic,0.6235906331309627,0.2935306306323922,RandomForest,RandomForest_2
868,SI_ref_13,PB600,CBZ,Synthetic,0.6991037872217403,0.2935306306323922,RandomForest,RandomForest_2
869,SI_ref_13,PB600,CBZ,Synthetic,0.7401395944327428,0.2935306306323922,RandomForest,RandomForest_2
870,SI_ref_13,PB600,CBZ,Synthetic,0.8642533936651583,0.2761516597702013,RandomForest,RandomForest_2
871,SI_ref_13,PB600,CBZ,Synthetic,0.6953242835595775,0.2761516597702013,RandomForest,RandomForest_2
872,SI_ref_13,PB600,CBZ,Synthetic,0.4479638009049774,0.2761516597702013,RandomForest,RandomForest_2
873,SI_ref_13,PB600,CBZ,Synthetic,0.36651583710407243,0.2761516597702013,RandomForest,RandomForest_2
874,SI_ref_13,PB600,CBZ,Synthetic,0.248868778280543,0.2761516597702013,RandomForest,RandomForest_2
875,SI_ref_13,PB600,IBU,Synthetic,0.7639925373134329,0.5826256623144284,RandomForest,RandomForest_2
876,SI_ref_13,PB600,IBU,Synthetic,0.7266791044776119,0.5386351671537889,RandomForest,RandomForest_2
877,SI_ref_13,PB600,IBU,Synthetic,0.7328980099502487,0.4886916501599552,RandomForest,RandomForest_2
878,SI_ref_13,PB600,IBU,Synthetic,0.7391169154228855,0.3834547952821613,RandomForest,RandomForest_2
879,SI_ref_13,PB600,IBU,Synthetic,0.6707089552238806,0.349416465840344,RandomForest,RandomForest_2
880,SI_ref_13,PB600,IBU,Synthetic,0.5898631840796019,0.3418623763033088,RandomForest,RandomForest_2
881,SI_ref_13,PB600,IBU,Synthetic,0.2096102913356035,0.32806923149920203,RandomForest,RandomForest_2
882,SI_ref_13,PB600,IBU,Synthetic,0.7328980099502488,0.32728180662375794,RandomForest,RandomForest_2
883,SI_ref_13,PB600,IBU,Synthetic,0.611373922124096,0.32806923149920203,RandomForest,RandomForest_2
884,SI_ref_13,PB600,IBU,Synthetic,0.6847133757961785,0.32806923149920203,RandomForest,RandomForest_2
885,SI_ref_13,PB600,IBU,Synthetic,0.4580645161290322,0.32806923149920203,RandomForest,RandomForest_2
886,SI_ref_13,PB600,IBU,Synthetic,0.29347826086956524,0.32806923149920203,RandomForest,RandomForest_2
887,SI_ref_13,PB600,IBU,Synthetic,0.5772919064058304,0.3149058799387282,RandomForest,RandomForest_2
888,SI_ref_13,PB600,IBU,Synthetic,0.5887993862677406,0.3149058799387282,RandomForest,RandomForest_2
889,SI_ref_13,PB600,IBU,Synthetic,0.7258796821793417,0.32806923149920203,RandomForest,RandomForest_2
890,SI_ref_13,PB600,IBU,Synthetic,0.766427039979821,0.32806923149920203,RandomForest,RandomForest_2
891,SI_ref_13,PB600,IBU,Synthetic,0.8162693908437383,0.32806923149920203,RandomForest,RandomForest_2
892,SI_ref_13,PB600,IBU,Synthetic,0.8533052267445003,0.32806923149920203,RandomForest,RandomForest_2
893,SI_ref_13,PB600,IBU,Synthetic,0.9327073552425663,0.2961532030385111,RandomForest,RandomForest_2
894,SI_ref_13,PB600,IBU,Synthetic,0.6275430359937403,0.2961532030385111,RandomForest,RandomForest_2
895,SI_ref_13,PB600,IBU,Synthetic,0.35367762128325514,0.2961532030385111,RandomForest,RandomForest_2
896,SI_ref_13,PB600,IBU,Synthetic,0.4798506002849601,0.2961532030385111,RandomForest,RandomForest_2
897,SI_ref_13,PB600,IBU,Synthetic,0.2754303599374022,0.2961532030385111,RandomForest,RandomForest_2
898,SI_ref_13,PB600,CBZ,Synthetic,0.244663382594417,0.2935306306323922,RandomForest,RandomForest_2
899,SI_ref_13,PB800,CBZ,Synthetic,0.27061079156395507,0.5901328401893581,RandomForest,RandomForest_2
900,SI_ref_13,PB800,CBZ,Synthetic,0.22678718159408381,0.5890485690758196,RandomForest,RandomForest_2
901,SI_ref_13,PB800,CBZ,Synthetic,0.18844152287044644,0.5779679093808942,RandomForest,RandomForest_2
902,SI_ref_13,PB800,CBZ,Synthetic,0.17748562037797863,0.5678468008370214,RandomForest,RandomForest_2
903,SI_ref_13,PB800,CBZ,Synthetic,0.16379074226239385,0.5598616872833545,RandomForest,RandomForest_2
904,SI_ref_13,PB800,CBZ,Synthetic,0.155573815393043,0.5573843931407153,RandomForest,RandomForest_2
905,SI_ref_13,PB800,CBZ,Synthetic,0.08520900321543408,0.5532344125603446,RandomForest,RandomForest_2
906,SI_ref_13,PB800,CBZ,Synthetic,0.16135346756152125,0.5552028464048296,RandomForest,RandomForest_2
907,SI_ref_13,PB800,CBZ,Synthetic,0.1561792870827899,0.5532344125603446,RandomForest,RandomForest_2
908,SI_ref_13,PB800,CBZ,Synthetic,0.13676633444075306,0.5532344125603446,RandomForest,RandomForest_2
909,SI_ref_13,PB800,CBZ,Synthetic,0.1002310803004044,0.5532344125603446,RandomForest,RandomForest_2
910,SI_ref_13,PB800,CBZ,Synthetic,0.04322336667164253,0.5532344125603446,RandomForest,RandomForest_2
911,SI_ref_13,PB800,CBZ,Synthetic,0.20609619686800895,0.5496639917459334,RandomForest,RandomForest_2
912,SI_ref_13,PB800,CBZ,Synthetic,0.1865212527964206,0.5496639917459334,RandomForest,RandomForest_2
913,SI_ref_13,PB800,CBZ,Synthetic,0.28121650589496244,0.5532344125603446,RandomForest,RandomForest_2
914,SI_ref_13,PB800,CBZ,Synthetic,0.36611289746337977,0.5532344125603446,RandomForest,RandomForest_2
915,SI_ref_13,PB800,CBZ,Synthetic,0.5117363344051448,0.5532344125603446,RandomForest,RandomForest_2
916,SI_ref_13,PB800,CBZ,Synthetic,0.5707012708620426,0.5532344125603446,RandomForest,RandomForest_2
917,SI_ref_13,PB800,CBZ,Synthetic,0.5791052918712493,0.541010436247442,RandomForest,RandomForest_2
918,SI_ref_13,PB800,CBZ,Synthetic,0.30905619203491547,0.541010436247442,RandomForest,RandomForest_2
919,SI_ref_13,PB800,CBZ,Synthetic,0.16448445171849424,0.541010436247442,RandomForest,RandomForest_2
920,SI_ref_13,PB800,CBZ,Synthetic,0.12460736493062231,0.541010436247442,RandomForest,RandomForest_2
921,SI_ref_13,PB800,CBZ,Synthetic,0.08265139116202945,0.541010436247442,RandomForest,RandomForest_2
922,SI_ref_13,PB800,IBU,Synthetic,0.4560270602706027,0.6729024436136493,RandomForest,RandomForest_2
923,SI_ref_13,PB800,IBU,Synthetic,0.4252767527675277,0.6651879914670485,RandomForest,RandomForest_2
924,SI_ref_13,PB800,IBU,Synthetic,0.40067650676506766,0.6568085779410296,RandomForest,RandomForest_2
925,SI_ref_13,PB800,IBU,Synthetic,0.39145141451414517,0.6544140530979305,RandomForest,RandomForest_2
926,SI_ref_13,PB800,IBU,Synthetic,0.38837638376383765,0.6494394663701378,RandomForest,RandomForest_2
927,SI_ref_13,PB800,IBU,Synthetic,0.37915129151291516,0.6487695874189393,RandomForest,RandomForest_2
928,SI_ref_13,PB800,IBU,Synthetic,0.23013048635824437,0.6466417261986986,RandomForest,RandomForest_2
929,SI_ref_13,PB800,IBU,Synthetic,0.3126198695818949,0.6472291799212371,RandomForest,RandomForest_2
930,SI_ref_13,PB800,IBU,Synthetic,0.35520079622504414,0.6466417261986986,RandomForest,RandomForest_2
931,SI_ref_13,PB800,IBU,Synthetic,0.24946921443736733,0.6466417261986986,RandomForest,RandomForest_2
932,SI_ref_13,PB800,IBU,Synthetic,0.18924731182795698,0.6466417261986986,RandomForest,RandomForest_2
933,SI_ref_13,PB800,IBU,Synthetic,0.08514492753623189,0.6466417261986986,RandomForest,RandomForest_2
934,SI_ref_13,PB800,IBU,Synthetic,0.4392021480629075,0.6450996557018801,RandomForest,RandomForest_2
935,SI_ref_13,PB800,IBU,Synthetic,0.4238588415803605,0.6450996557018801,RandomForest,RandomForest_2
936,SI_ref_13,PB800,IBU,Synthetic,0.5142348754448398,0.6466417261986986,RandomForest,RandomForest_2
937,SI_ref_13,PB800,IBU,Synthetic,0.5523922499011468,0.6466417261986986,RandomForest,RandomForest_2
938,SI_ref_13,PB800,IBU,Synthetic,0.5686613285883748,0.6466417261986986,RandomForest,RandomForest_2
939,SI_ref_13,PB800,IBU,Synthetic,0.5875275377054737,0.6466417261986986,RandomForest,RandomForest_2
940,SI_ref_13,PB800,IBU,Synthetic,0.712022367194781,0.6155944115362292,RandomForest,RandomForest_2
941,SI_ref_13,PB800,IBU,Synthetic,0.5069897483690587,0.6155944115362292,RandomForest,RandomForest_2
942,SI_ref_13,PB800,IBU,Synthetic,0.31469400434917677,0.6155944115362292,RandomForest,RandomForest_2
943,SI_ref_13,PB800,IBU,Synthetic,0.22960794568575607,0.6155944115362292,RandomForest,RandomForest_2
944,SI_ref_13,PB800,IBU,Synthetic,0.10958005249343833,0.6155944115362292,RandomForest,RandomForest_2
852,SI_ref_13,PB600,CBZ,Synthetic,0.5776772247360483,0.9950384665786322,Ridge,Ridge_2
853,SI_ref_13,PB600,CBZ,Synthetic,0.5656108597285068,0.9812855058792879,Ridge,Ridge_2
854,SI_ref_13,PB600,CBZ,Synthetic,0.5475113122171945,0.9673693914646807,Ridge,Ridge_2
855,SI_ref_13,PB600,CBZ,Synthetic,0.4479638009049774,0.9591872144465526,Ridge,Ridge_2
856,SI_ref_13,PB600,CBZ,Synthetic,0.45098039215686275,0.9451600776702063,Ridge,Ridge_2
857,SI_ref_13,PB600,CBZ,Synthetic,0.42684766214177977,0.9369406205385684,Ridge,Ridge_2
858,SI_ref_13,PB600,CBZ,Synthetic,0.32437120555073723,0.9311048969818428,Ridge,Ridge_2
859,SI_ref_13,PB600,CBZ,Synthetic,0.4773489932885906,0.9524641717877155,Ridge,Ridge_2
860,SI_ref_13,PB600,CBZ,Synthetic,0.4437372714068248,0.9311048969818428,Ridge,Ridge_2
861,SI_ref_13,PB600,CBZ,Synthetic,0.35791881074899945,0.9311048969818428,Ridge,Ridge_2
862,SI_ref_13,PB600,CBZ,Synthetic,0.32426715019643393,0.9311048969818428,Ridge,Ridge_2
863,SI_ref_13,PB600,CBZ,Synthetic,0.24055829228243014,0.9311048969818428,Ridge,Ridge_2
864,SI_ref_13,PB600,CBZ,Synthetic,0.44839549002601903,0.9097456221759702,Ridge,Ridge_2
865,SI_ref_13,PB600,CBZ,Synthetic,0.5528523489932886,0.8883863473700976,Ridge,Ridge_2
866,SI_ref_13,PB600,CBZ,Synthetic,0.5653368025440879,0.9311048969818428,Ridge,Ridge_2
867,SI_ref_13,PB600,CBZ,Synthetic,0.6235906331309627,0.9311048969818428,Ridge,Ridge_2
868,SI_ref_13,PB600,CBZ,Synthetic,0.6991037872217403,0.9311048969818428,Ridge,Ridge_2
869,SI_ref_13,PB600,CBZ,Synthetic,0.7401395944327428,0.9311048969818428,Ridge,Ridge_2
870,SI_ref_13,PB600,CBZ,Synthetic,0.8642533936651583,0.9170356505762277,Ridge,Ridge_2
871,SI_ref_13,PB600,CBZ,Synthetic,0.6953242835595775,0.9170356505762277,Ridge,Ridge_2
872,SI_ref_13,PB600,CBZ,Synthetic,0.4479638009049774,0.9170356505762277,Ridge,Ridge_2
873,SI_ref_13,PB600,CBZ,Synthetic,0.36651583710407243,0.9170356505762277,Ridge,Ridge_2
874,SI_ref_13,PB600,CBZ,Synthetic,0.248868778280543,0.9170356505762277,Ridge,Ridge_2
875,SI_ref_13,PB600,IBU,Synthetic,0.7639925373134329,1.0481891793934888,Ridge,Ridge_2
876,SI_ref_13,PB600,IBU,Synthetic,0.7266791044776119,1.0344362186941445,Ridge,Ridge_2
877,SI_ref_13,PB600,IBU,Synthetic,0.7328980099502487,1.0205201042795373,Ridge,Ridge_2
878,SI_ref_13,PB600,IBU,Synthetic,0.7391169154228855,1.0123379272614093,Ridge,Ridge_2
879,SI_ref_13,PB600,IBU,Synthetic,0.6707089552238806,0.998310790485063,Ridge,Ridge_2
880,SI_ref_13,PB600,IBU,Synthetic,0.5898631840796019,0.9900913333534251,Ridge,Ridge_2
881,SI_ref_13,PB600,IBU,Synthetic,0.2096102913356035,0.9842556097966996,Ridge,Ridge_2
882,SI_ref_13,PB600,IBU,Synthetic,0.7328980099502488,1.005614884602572,Ridge,Ridge_2
883,SI_ref_13,PB600,IBU,Synthetic,0.611373922124096,0.9842556097966996,Ridge,Ridge_2
884,SI_ref_13,PB600,IBU,Synthetic,0.6847133757961785,0.9842556097966996,Ridge,Ridge_2
885,SI_ref_13,PB600,IBU,Synthetic,0.4580645161290322,0.9842556097966996,Ridge,Ridge_2
886,SI_ref_13,PB600,IBU,Synthetic,0.29347826086956524,0.9842556097966996,Ridge,Ridge_2
887,SI_ref_13,PB600,IBU,Synthetic,0.5772919064058304,0.9628963349908269,Ridge,Ridge_2
888,SI_ref_13,PB600,IBU,Synthetic,0.5887993862677406,0.9415370601849543,Ridge,Ridge_2
889,SI_ref_13,PB600,IBU,Synthetic,0.7258796821793417,0.9842556097966996,Ridge,Ridge_2
890,SI_ref_13,PB600,IBU,Synthetic,0.766427039979821,0.9842556097966996,Ridge,Ridge_2
891,SI_ref_13,PB600,IBU,Synthetic,0.8162693908437383,0.9842556097966996,Ridge,Ridge_2
892,SI_ref_13,PB600,IBU,Synthetic,0.8533052267445003,0.9842556097966996,Ridge,Ridge_2
893,SI_ref_13,PB600,IBU,Synthetic,0.9327073552425663,0.9701863633910843,Ridge,Ridge_2
894,SI_ref_13,PB600,IBU,Synthetic,0.6275430359937403,0.9701863633910843,Ridge,Ridge_2
895,SI_ref_13,PB600,IBU,Synthetic,0.35367762128325514,0.9701863633910843,Ridge,Ridge_2
896,SI_ref_13,PB600,IBU,Synthetic,0.4798506002849601,0.9701863633910843,Ridge,Ridge_2
897,SI_ref_13,PB600,IBU,Synthetic,0.2754303599374022,0.9701863633910843,Ridge,Ridge_2
898,SI_ref_13,PB600,CBZ,Synthetic,0.244663382594417,0.9311048969818428,Ridge,Ridge_2
899,SI_ref_13,PB800,CBZ,Synthetic,0.27061079156395507,0.6599629544006728,Ridge,Ridge_2
900,SI_ref_13,PB800,CBZ,Synthetic,0.22678718159408381,0.6462099937013285,Ridge,Ridge_2
901,SI_ref_13,PB800,CBZ,Synthetic,0.18844152287044644,0.6322938792867213,Ridge,Ridge_2
902,SI_ref_13,PB800,CBZ,Synthetic,0.17748562037797863,0.6241117022685932,Ridge,Ridge_2
903,SI_ref_13,PB800,CBZ,Synthetic,0.16379074226239385,0.6100845654922469,Ridge,Ridge_2
904,SI_ref_13,PB800,CBZ,Synthetic,0.155573815393043,0.601865108360609,Ridge,Ridge_2
905,SI_ref_13,PB800,CBZ,Synthetic,0.08520900321543408,0.5960293848038835,Ridge,Ridge_2
906,SI_ref_13,PB800,CBZ,Synthetic,0.16135346756152125,0.6173886596097561,Ridge,Ridge_2
907,SI_ref_13,PB800,CBZ,Synthetic,0.1561792870827899,0.5960293848038835,Ridge,Ridge_2
908,SI_ref_13,PB800,CBZ,Synthetic,0.13676633444075306,0.5960293848038835,Ridge,Ridge_2
909,SI_ref_13,PB800,CBZ,Synthetic,0.1002310803004044,0.5960293848038835,Ridge,Ridge_2
910,SI_ref_13,PB800,CBZ,Synthetic,0.04322336667164253,0.5960293848038835,Ridge,Ridge_2
911,SI_ref_13,PB800,CBZ,Synthetic,0.20609619686800895,0.5746701099980108,Ridge,Ridge_2
912,SI_ref_13,PB800,CBZ,Synthetic,0.1865212527964206,0.5533108351921382,Ridge,Ridge_2
913,SI_ref_13,PB800,CBZ,Synthetic,0.28121650589496244,0.5960293848038835,Ridge,Ridge_2
914,SI_ref_13,PB800,CBZ,Synthetic,0.36611289746337977,0.5960293848038835,Ridge,Ridge_2
915,SI_ref_13,PB800,CBZ,Synthetic,0.5117363344051448,0.5960293848038835,Ridge,Ridge_2
916,SI_ref_13,PB800,CBZ,Synthetic,0.5707012708620426,0.5960293848038835,Ridge,Ridge_2
917,SI_ref_13,PB800,CBZ,Synthetic,0.5791052918712493,0.5819601383982683,Ridge,Ridge_2
918,SI_ref_13,PB800,CBZ,Synthetic,0.30905619203491547,0.5819601383982683,Ridge,Ridge_2
919,SI_ref_13,PB800,CBZ,Synthetic,0.16448445171849424,0.5819601383982683,Ridge,Ridge_2
920,SI_ref_13,PB800,CBZ,Synthetic,0.12460736493062231,0.5819601383982683,Ridge,Ridge_2
921,SI_ref_13,PB800,CBZ,Synthetic,0.08265139116202945,0.5819601383982683,Ridge,Ridge_2
922,SI_ref_13,PB800,IBU,Synthetic,0.4560270602706027,0.7131136672155294,Ridge,Ridge_2
923,SI_ref_13,PB800,IBU,Synthetic,0.4252767527675277,0.6993607065161851,Ridge,Ridge_2
924,SI_ref_13,PB800,IBU,Synthetic,0.40067650676506766,0.6854445921015779,Ridge,Ridge_2
925,SI_ref_13,PB800,IBU,Synthetic,0.39145141451414517,0.6772624150834499,Ridge,Ridge_2
926,SI_ref_13,PB800,IBU,Synthetic,0.38837638376383765,0.6632352783071035,Ridge,Ridge_2
927,SI_ref_13,PB800,IBU,Synthetic,0.37915129151291516,0.6550158211754656,Ridge,Ridge_2
928,SI_ref_13,PB800,IBU,Synthetic,0.23013048635824437,0.6491800976187401,Ridge,Ridge_2
929,SI_ref_13,PB800,IBU,Synthetic,0.3126198695818949,0.6705393724246127,Ridge,Ridge_2
930,SI_ref_13,PB800,IBU,Synthetic,0.35520079622504414,0.6491800976187401,Ridge,Ridge_2
931,SI_ref_13,PB800,IBU,Synthetic,0.24946921443736733,0.6491800976187401,Ridge,Ridge_2
932,SI_ref_13,PB800,IBU,Synthetic,0.18924731182795698,0.6491800976187401,Ridge,Ridge_2
933,SI_ref_13,PB800,IBU,Synthetic,0.08514492753623189,0.6491800976187401,Ridge,Ridge_2
934,SI_ref_13,PB800,IBU,Synthetic,0.4392021480629075,0.6278208228128674,Ridge,Ridge_2
935,SI_ref_13,PB800,IBU,Synthetic,0.4238588415803605,0.6064615480069948,Ridge,Ridge_2
936,SI_ref_13,PB800,IBU,Synthetic,0.5142348754448398,0.6491800976187401,Ridge,Ridge_2
937,SI_ref_13,PB800,IBU,Synthetic,0.5523922499011468,0.6491800976187401,Ridge,Ridge_2
938,SI_ref_13,PB800,IBU,Synthetic,0.5686613285883748,0.6491800976187401,Ridge,Ridge_2
939,SI_ref_13,PB800,IBU,Synthetic,0.5875275377054737,0.6491800976187401,Ridge,Ridge_2
940,SI_ref_13,PB800,IBU,Synthetic,0.712022367194781,0.6351108512131249,Ridge,Ridge_2
941,SI_ref_13,PB800,IBU,Synthetic,0.5069897483690587,0.6351108512131249,Ridge,Ridge_2
942,SI_ref_13,PB800,IBU,Synthetic,0.31469400434917677,0.6351108512131249,Ridge,Ridge_2
943,SI_ref_13,PB800,IBU,Synthetic,0.22960794568575607,0.6351108512131249,Ridge,Ridge_2
944,SI_ref_13,PB800,IBU,Synthetic,0.10958005249343833,0.6351108512131249,Ridge,Ridge_2
852,SI_ref_13,PB600,CBZ,Synthetic,0.5776772247360483,0.7711631263491819,SVR,SVR_1
853,SI_ref_13,PB600,CBZ,Synthetic,0.5656108597285068,0.7460660451737826,SVR,SVR_1
854,SI_ref_13,PB600,CBZ,Synthetic,0.5475113122171945,0.7254520961477384,SVR,SVR_1
855,SI_ref_13,PB600,CBZ,Synthetic,0.4479638009049774,0.7173898210738872,SVR,SVR_1
856,SI_ref_13,PB600,CBZ,Synthetic,0.45098039215686275,0.7118435477330379,SVR,SVR_1
857,SI_ref_13,PB600,CBZ,Synthetic,0.42684766214177977,0.7131601679125128,SVR,SVR_1
858,SI_ref_13,PB600,CBZ,Synthetic,0.32437120555073723,0.7157440835301423,SVR,SVR_1
859,SI_ref_13,PB600,CBZ,Synthetic,0.4773489932885906,0.754483840421345,SVR,SVR_1
860,SI_ref_13,PB600,CBZ,Synthetic,0.4437372714068248,0.7157440835301423,SVR,SVR_1
861,SI_ref_13,PB600,CBZ,Synthetic,0.35791881074899945,0.7157440835301423,SVR,SVR_1
862,SI_ref_13,PB600,CBZ,Synthetic,0.32426715019643393,0.7157440835301423,SVR,SVR_1
863,SI_ref_13,PB600,CBZ,Synthetic,0.24055829228243014,0.7157440835301423,SVR,SVR_1
864,SI_ref_13,PB600,CBZ,Synthetic,0.44839549002601903,0.7267618361490151,SVR,SVR_1
865,SI_ref_13,PB600,CBZ,Synthetic,0.5528523489932886,0.7116378018371815,SVR,SVR_1
866,SI_ref_13,PB600,CBZ,Synthetic,0.5653368025440879,0.7157440835301423,SVR,SVR_1
867,SI_ref_13,PB600,CBZ,Synthetic,0.6235906331309627,0.7157440835301423,SVR,SVR_1
868,SI_ref_13,PB600,CBZ,Synthetic,0.6991037872217403,0.7157440835301423,SVR,SVR_1
869,SI_ref_13,PB600,CBZ,Synthetic,0.7401395944327428,0.7157440835301423,SVR,SVR_1
870,SI_ref_13,PB600,CBZ,Synthetic,0.8642533936651583,0.7254820243909144,SVR,SVR_1
871,SI_ref_13,PB600,CBZ,Synthetic,0.6953242835595775,0.7254820243909144,SVR,SVR_1
872,SI_ref_13,PB600,CBZ,Synthetic,0.4479638009049774,0.7254820243909144,SVR,SVR_1
873,SI_ref_13,PB600,CBZ,Synthetic,0.36651583710407243,0.7254820243909144,SVR,SVR_1
874,SI_ref_13,PB600,CBZ,Synthetic,0.248868778280543,0.7254820243909144,SVR,SVR_1
875,SI_ref_13,PB600,IBU,Synthetic,0.7639925373134329,0.7968123673482065,SVR,SVR_1
876,SI_ref_13,PB600,IBU,Synthetic,0.7266791044776119,0.775109703669304,SVR,SVR_1
877,SI_ref_13,PB600,IBU,Synthetic,0.7328980099502487,0.758209576081174,SVR,SVR_1
878,SI_ref_13,PB600,IBU,Synthetic,0.7391169154228855,0.7522726132214207,SVR,SVR_1
879,SI_ref_13,PB600,IBU,Synthetic,0.6707089552238806,0.7497951474923362,SVR,SVR_1
880,SI_ref_13,PB600,IBU,Synthetic,0.5898631840796019,0.7523190772887116,SVR,SVR_1
881,SI_ref_13,PB600,IBU,Synthetic,0.2096102913356035,0.7554004438456845,SVR,SVR_1
882,SI_ref_13,PB600,IBU,Synthetic,0.7328980099502488,0.7831404694113641,SVR,SVR_1
883,SI_ref_13,PB600,IBU,Synthetic,0.611373922124096,0.7554004438456845,SVR,SVR_1
884,SI_ref_13,PB600,IBU,Synthetic,0.6847133757961785,0.7554004438456845,SVR,SVR_1
885,SI_ref_13,PB600,IBU,Synthetic,0.4580645161290322,0.7554004438456845,SVR,SVR_1
886,SI_ref_13,PB600,IBU,Synthetic,0.29347826086956524,0.7554004438456845,SVR,SVR_1
887,SI_ref_13,PB600,IBU,Synthetic,0.5772919064058304,0.7617513622759622,SVR,SVR_1
888,SI_ref_13,PB600,IBU,Synthetic,0.5887993862677406,0.7292509975704056,SVR,SVR_1
889,SI_ref_13,PB600,IBU,Synthetic,0.7258796821793417,0.7554004438456845,SVR,SVR_1
890,SI_ref_13,PB600,IBU,Synthetic,0.766427039979821,0.7554004438456845,SVR,SVR_1
891,SI_ref_13,PB600,IBU,Synthetic,0.8162693908437383,0.7554004438456845,SVR,SVR_1
892,SI_ref_13,PB600,IBU,Synthetic,0.8533052267445003,0.7554004438456845,SVR,SVR_1
893,SI_ref_13,PB600,IBU,Synthetic,0.9327073552425663,0.7648905344074098,SVR,SVR_1
894,SI_ref_13,PB600,IBU,Synthetic,0.6275430359937403,0.7648905344074098,SVR,SVR_1
895,SI_ref_13,PB600,IBU,Synthetic,0.35367762128325514,0.7648905344074098,SVR,SVR_1
896,SI_ref_13,PB600,IBU,Synthetic,0.4798506002849601,0.7648905344074098,SVR,SVR_1
897,SI_ref_13,PB600,IBU,Synthetic,0.2754303599374022,0.7648905344074098,SVR,SVR_1
898,SI_ref_13,PB600,CBZ,Synthetic,0.244663382594417,0.7157440835301423,SVR,SVR_1
899,SI_ref_13,PB800,CBZ,Synthetic,0.27061079156395507,0.6289622623108588,SVR,SVR_1
900,SI_ref_13,PB800,CBZ,Synthetic,0.22678718159408381,0.5533455512790799,SVR,SVR_1
901,SI_ref_13,PB800,CBZ,Synthetic,0.18844152287044644,0.47290672925801835,SVR,SVR_1
902,SI_ref_13,PB800,CBZ,Synthetic,0.17748562037797863,0.4282204075439847,SVR,SVR_1
903,SI_ref_13,PB800,CBZ,Synthetic,0.16379074226239385,0.36367086658406184,SVR,SVR_1
904,SI_ref_13,PB800,CBZ,Synthetic,0.155573815393043,0.33600797200722055,SVR,SVR_1
905,SI_ref_13,PB800,CBZ,Synthetic,0.08520900321543408,0.3218369200283939,SVR,SVR_1
906,SI_ref_13,PB800,CBZ,Synthetic,0.16135346756152125,0.36006174978638583,SVR,SVR_1
907,SI_ref_13,PB800,CBZ,Synthetic,0.1561792870827899,0.3218369200283939,SVR,SVR_1
908,SI_ref_13,PB800,CBZ,Synthetic,0.13676633444075306,0.3218369200283939,SVR,SVR_1
909,SI_ref_13,PB800,CBZ,Synthetic,0.1002310803004044,0.3218369200283939,SVR,SVR_1
910,SI_ref_13,PB800,CBZ,Synthetic,0.04322336667164253,0.3218369200283939,SVR,SVR_1
911,SI_ref_13,PB800,CBZ,Synthetic,0.20609619686800895,0.2684945912127609,SVR,SVR_1
912,SI_ref_13,PB800,CBZ,Synthetic,0.1865212527964206,0.4196001573884909,SVR,SVR_1
913,SI_ref_13,PB800,CBZ,Synthetic,0.28121650589496244,0.3218369200283939,SVR,SVR_1
914,SI_ref_13,PB800,CBZ,Synthetic,0.36611289746337977,0.3218369200283939,SVR,SVR_1
915,SI_ref_13,PB800,CBZ,Synthetic,0.5117363344051448,0.3218369200283939,SVR,SVR_1
916,SI_ref_13,PB800,CBZ,Synthetic,0.5707012708620426,0.3218369200283939,SVR,SVR_1
917,SI_ref_13,PB800,CBZ,Synthetic,0.5791052918712493,0.30766512191278533,SVR,SVR_1
918,SI_ref_13,PB800,CBZ,Synthetic,0.30905619203491547,0.30766512191278533,SVR,SVR_1
919,SI_ref_13,PB800,CBZ,Synthetic,0.16448445171849424,0.30766512191278533,SVR,SVR_1
920,SI_ref_13,PB800,CBZ,Synthetic,0.12460736493062231,0.30766512191278533,SVR,SVR_1
921,SI_ref_13,PB800,CBZ,Synthetic,0.08265139116202945,0.30766512191278533,SVR,SVR_1
922,SI_ref_13,PB800,IBU,Synthetic,0.4560270602706027,0.7176163894635724,SVR,SVR_1
923,SI_ref_13,PB800,IBU,Synthetic,0.4252767527675277,0.6598456324973885,SVR,SVR_1
924,SI_ref_13,PB800,IBU,Synthetic,0.40067650676506766,0.5944287543166419,SVR,SVR_1
925,SI_ref_13,PB800,IBU,Synthetic,0.39145141451414517,0.5562192849838422,SVR,SVR_1
926,SI_ref_13,PB800,IBU,Synthetic,0.38837638376383765,0.4974398396888192,SVR,SVR_1
927,SI_ref_13,PB800,IBU,Synthetic,0.37915129151291516,0.46966202728549855,SVR,SVR_1
928,SI_ref_13,PB800,IBU,Synthetic,0.23013048635824437,0.4538025039710796,SVR,SVR_1
929,SI_ref_13,PB800,IBU,Synthetic,0.3126198695818949,0.46527039484565047,SVR,SVR_1
930,SI_ref_13,PB800,IBU,Synthetic,0.35520079622504414,0.4538025039710796,SVR,SVR_1
931,SI_ref_13,PB800,IBU,Synthetic,0.24946921443736733,0.4538025039710796,SVR,SVR_1
932,SI_ref_13,PB800,IBU,Synthetic,0.18924731182795698,0.4538025039710796,SVR,SVR_1
933,SI_ref_13,PB800,IBU,Synthetic,0.08514492753623189,0.4538025039710796,SVR,SVR_1
934,SI_ref_13,PB800,IBU,Synthetic,0.4392021480629075,0.3748921969329772,SVR,SVR_1
935,SI_ref_13,PB800,IBU,Synthetic,0.4238588415803605,0.46824450724544875,SVR,SVR_1
936,SI_ref_13,PB800,IBU,Synthetic,0.5142348754448398,0.4538025039710796,SVR,SVR_1
937,SI_ref_13,PB800,IBU,Synthetic,0.5523922499011468,0.4538025039710796,SVR,SVR_1
938,SI_ref_13,PB800,IBU,Synthetic,0.5686613285883748,0.4538025039710796,SVR,SVR_1
939,SI_ref_13,PB800,IBU,Synthetic,0.5875275377054737,0.4538025039710796,SVR,SVR_1
940,SI_ref_13,PB800,IBU,Synthetic,0.712022367194781,0.43041381109368726,SVR,SVR_1
941,SI_ref_13,PB800,IBU,Synthetic,0.5069897483690587,0.43041381109368726,SVR,SVR_1
942,SI_ref_13,PB800,IBU,Synthetic,0.31469400434917677,0.43041381109368726,SVR,SVR_1
943,SI_ref_13,PB800,IBU,Synthetic,0.22960794568575607,0.43041381109368726,SVR,SVR_1
944,SI_ref_13,PB800,IBU,Synthetic,0.10958005249343833,0.43041381109368726,SVR,SVR_1
852,SI_ref_13,PB600,CBZ,Synthetic,0.5776772247360483,1.1290020724782792,SplineRidge,SplineRidge_1
853,SI_ref_13,PB600,CBZ,Synthetic,0.5656108597285068,1.099799586048211,SplineRidge,SplineRidge_1
854,SI_ref_13,PB600,CBZ,Synthetic,0.5475113122171945,1.0635986277071383,SplineRidge,SplineRidge_1
855,SI_ref_13,PB600,CBZ,Synthetic,0.4479638009049774,1.0391900579943711,SplineRidge,SplineRidge_1
856,SI_ref_13,PB600,CBZ,Synthetic,0.45098039215686275,1.0031705396321267,SplineRidge,SplineRidge_1
857,SI_ref_13,PB600,CBZ,Synthetic,0.42684766214177977,0.9959673433923852,SplineRidge,SplineRidge_1
858,SI_ref_13,PB600,CBZ,Synthetic,0.32437120555073723,0.997358630450845,SplineRidge,SplineRidge_1
859,SI_ref_13,PB600,CBZ,Synthetic,0.4773489932885906,1.0140584070850018,SplineRidge,SplineRidge_1
860,SI_ref_13,PB600,CBZ,Synthetic,0.4437372714068248,0.997358630450845,SplineRidge,SplineRidge_1
861,SI_ref_13,PB600,CBZ,Synthetic,0.35791881074899945,0.997358630450845,SplineRidge,SplineRidge_1
862,SI_ref_13,PB600,CBZ,Synthetic,0.32426715019643393,0.997358630450845,SplineRidge,SplineRidge_1
863,SI_ref_13,PB600,CBZ,Synthetic,0.24055829228243014,0.997358630450845,SplineRidge,SplineRidge_1
864,SI_ref_13,PB600,CBZ,Synthetic,0.44839549002601903,0.9758123957493163,SplineRidge,SplineRidge_1
865,SI_ref_13,PB600,CBZ,Synthetic,0.5528523489932886,0.8968526321468409,SplineRidge,SplineRidge_1
866,SI_ref_13,PB600,CBZ,Synthetic,0.5653368025440879,0.997358630450845,SplineRidge,SplineRidge_1
867,SI_ref_13,PB600,CBZ,Synthetic,0.6235906331309627,0.997358630450845,SplineRidge,SplineRidge_1
868,SI_ref_13,PB600,CBZ,Synthetic,0.6991037872217403,0.997358630450845,SplineRidge,SplineRidge_1
869,SI_ref_13,PB600,CBZ,Synthetic,0.7401395944327428,0.997358630450845,SplineRidge,SplineRidge_1
870,SI_ref_13,PB600,CBZ,Synthetic,0.8642533936651583,1.0229244860606135,SplineRidge,SplineRidge_1
871,SI_ref_13,PB600,CBZ,Synthetic,0.6953242835595775,1.0229244860606135,SplineRidge,SplineRidge_1
872,SI_ref_13,PB600,CBZ,Synthetic,0.4479638009049774,1.0229244860606135,SplineRidge,SplineRidge_1
873,SI_ref_13,PB600,CBZ,Synthetic,0.36651583710407243,1.0229244860606135,SplineRidge,SplineRidge_1
874,SI_ref_13,PB600,CBZ,Synthetic,0.248868778280543,1.0229244860606135,SplineRidge,SplineRidge_1
875,SI_ref_13,PB600,IBU,Synthetic,0.7639925373134329,1.1742735787812215,SplineRidge,SplineRidge_1
876,SI_ref_13,PB600,IBU,Synthetic,0.7266791044776119,1.1450710923511536,SplineRidge,SplineRidge_1
877,SI_ref_13,PB600,IBU,Synthetic,0.7328980099502487,1.1088701340100806,SplineRidge,SplineRidge_1
878,SI_ref_13,PB600,IBU,Synthetic,0.7391169154228855,1.0844615642973134,SplineRidge,SplineRidge_1
879,SI_ref_13,PB600,IBU,Synthetic,0.6707089552238806,1.048442045935069,SplineRidge,SplineRidge_1
880,SI_ref_13,PB600,IBU,Synthetic,0.5898631840796019,1.0412388496953275,SplineRidge,SplineRidge_1
881,SI_ref_13,PB600,IBU,Synthetic,0.2096102913356035,1.0426301367537874,SplineRidge,SplineRidge_1
882,SI_ref_13,PB600,IBU,Synthetic,0.7328980099502488,1.0593299133879444,SplineRidge,SplineRidge_1
883,SI_ref_13,PB600,IBU,Synthetic,0.611373922124096,1.0426301367537874,SplineRidge,SplineRidge_1
884,SI_ref_13,PB600,IBU,Synthetic,0.6847133757961785,1.0426301367537874,SplineRidge,SplineRidge_1
885,SI_ref_13,PB600,IBU,Synthetic,0.4580645161290322,1.0426301367537874,SplineRidge,SplineRidge_1
886,SI_ref_13,PB600,IBU,Synthetic,0.29347826086956524,1.0426301367537874,SplineRidge,SplineRidge_1
887,SI_ref_13,PB600,IBU,Synthetic,0.5772919064058304,1.0210839020522589,SplineRidge,SplineRidge_1
888,SI_ref_13,PB600,IBU,Synthetic,0.5887993862677406,0.9421241384497834,SplineRidge,SplineRidge_1
889,SI_ref_13,PB600,IBU,Synthetic,0.7258796821793417,1.0426301367537874,SplineRidge,SplineRidge_1
890,SI_ref_13,PB600,IBU,Synthetic,0.766427039979821,1.0426301367537874,SplineRidge,SplineRidge_1
891,SI_ref_13,PB600,IBU,Synthetic,0.8162693908437383,1.0426301367537874,SplineRidge,SplineRidge_1
892,SI_ref_13,PB600,IBU,Synthetic,0.8533052267445003,1.0426301367537874,SplineRidge,SplineRidge_1
893,SI_ref_13,PB600,IBU,Synthetic,0.9327073552425663,1.0681959923635558,SplineRidge,SplineRidge_1
894,SI_ref_13,PB600,IBU,Synthetic,0.6275430359937403,1.0681959923635558,SplineRidge,SplineRidge_1
895,SI_ref_13,PB600,IBU,Synthetic,0.35367762128325514,1.0681959923635558,SplineRidge,SplineRidge_1
896,SI_ref_13,PB600,IBU,Synthetic,0.4798506002849601,1.0681959923635558,SplineRidge,SplineRidge_1
897,SI_ref_13,PB600,IBU,Synthetic,0.2754303599374022,1.0681959923635558,SplineRidge,SplineRidge_1
898,SI_ref_13,PB600,CBZ,Synthetic,0.244663382594417,0.997358630450845,SplineRidge,SplineRidge_1
899,SI_ref_13,PB800,CBZ,Synthetic,0.27061079156395507,1.19532436543903,SplineRidge,SplineRidge_1
900,SI_ref_13,PB800,CBZ,Synthetic,0.22678718159408381,1.166121879008962,SplineRidge,SplineRidge_1
901,SI_ref_13,PB800,CBZ,Synthetic,0.18844152287044644,1.1299209206678893,SplineRidge,SplineRidge_1
902,SI_ref_13,PB800,CBZ,Synthetic,0.17748562037797863,1.1055123509551223,SplineRidge,SplineRidge_1
903,SI_ref_13,PB800,CBZ,Synthetic,0.16379074226239385,1.0694928325928776,SplineRidge,SplineRidge_1
904,SI_ref_13,PB800,CBZ,Synthetic,0.155573815393043,1.0622896363531362,SplineRidge,SplineRidge_1
905,SI_ref_13,PB800,CBZ,Synthetic,0.08520900321543408,1.063680923411596,SplineRidge,SplineRidge_1
906,SI_ref_13,PB800,CBZ,Synthetic,0.16135346756152125,1.080380700045753,SplineRidge,SplineRidge_1
907,SI_ref_13,PB800,CBZ,Synthetic,0.1561792870827899,1.063680923411596,SplineRidge,SplineRidge_1
908,SI_ref_13,PB800,CBZ,Synthetic,0.13676633444075306,1.063680923411596,SplineRidge,SplineRidge_1
909,SI_ref_13,PB800,CBZ,Synthetic,0.1002310803004044,1.063680923411596,SplineRidge,SplineRidge_1
910,SI_ref_13,PB800,CBZ,Synthetic,0.04322336667164253,1.063680923411596,SplineRidge,SplineRidge_1
911,SI_ref_13,PB800,CBZ,Synthetic,0.20609619686800895,1.0421346887100675,SplineRidge,SplineRidge_1
912,SI_ref_13,PB800,CBZ,Synthetic,0.1865212527964206,0.9631749251075921,SplineRidge,SplineRidge_1
913,SI_ref_13,PB800,CBZ,Synthetic,0.28121650589496244,1.063680923411596,SplineRidge,SplineRidge_1
914,SI_ref_13,PB800,CBZ,Synthetic,0.36611289746337977,1.063680923411596,SplineRidge,SplineRidge_1
915,SI_ref_13,PB800,CBZ,Synthetic,0.5117363344051448,1.063680923411596,SplineRidge,SplineRidge_1
916,SI_ref_13,PB800,CBZ,Synthetic,0.5707012708620426,1.063680923411596,SplineRidge,SplineRidge_1
917,SI_ref_13,PB800,CBZ,Synthetic,0.5791052918712493,1.0892467790213645,SplineRidge,SplineRidge_1
918,SI_ref_13,PB800,CBZ,Synthetic,0.30905619203491547,1.0892467790213645,SplineRidge,SplineRidge_1
919,SI_ref_13,PB800,CBZ,Synthetic,0.16448445171849424,1.0892467790213645,SplineRidge,SplineRidge_1
920,SI_ref_13,PB800,CBZ,Synthetic,0.12460736493062231,1.0892467790213645,SplineRidge,SplineRidge_1
921,SI_ref_13,PB800,CBZ,Synthetic,0.08265139116202945,1.0892467790213645,SplineRidge,SplineRidge_1
922,SI_ref_13,PB800,IBU,Synthetic,0.4560270602706027,1.2405958717419725,SplineRidge,SplineRidge_1
923,SI_ref_13,PB800,IBU,Synthetic,0.4252767527675277,1.2113933853119043,SplineRidge,SplineRidge_1
924,SI_ref_13,PB800,IBU,Synthetic,0.40067650676506766,1.1751924269708318,SplineRidge,SplineRidge_1
925,SI_ref_13,PB800,IBU,Synthetic,0.39145141451414517,1.1507838572580646,SplineRidge,SplineRidge_1
926,SI_ref_13,PB800,IBU,Synthetic,0.38837638376383765,1.1147643388958202,SplineRidge,SplineRidge_1
927,SI_ref_13,PB800,IBU,Synthetic,0.37915129151291516,1.1075611426560787,SplineRidge,SplineRidge_1
928,SI_ref_13,PB800,IBU,Synthetic,0.23013048635824437,1.1089524297145386,SplineRidge,SplineRidge_1
929,SI_ref_13,PB800,IBU,Synthetic,0.3126198695818949,1.1256522063486956,SplineRidge,SplineRidge_1
930,SI_ref_13,PB800,IBU,Synthetic,0.35520079622504414,1.1089524297145386,SplineRidge,SplineRidge_1
931,SI_ref_13,PB800,IBU,Synthetic,0.24946921443736733,1.1089524297145386,SplineRidge,SplineRidge_1
932,SI_ref_13,PB800,IBU,Synthetic,0.18924731182795698,1.1089524297145386,SplineRidge,SplineRidge_1
933,SI_ref_13,PB800,IBU,Synthetic,0.08514492753623189,1.1089524297145386,SplineRidge,SplineRidge_1
934,SI_ref_13,PB800,IBU,Synthetic,0.4392021480629075,1.0874061950130098,SplineRidge,SplineRidge_1
935,SI_ref_13,PB800,IBU,Synthetic,0.4238588415803605,1.0084464314105344,SplineRidge,SplineRidge_1
936,SI_ref_13,PB800,IBU,Synthetic,0.5142348754448398,1.1089524297145386,SplineRidge,SplineRidge_1
937,SI_ref_13,PB800,IBU,Synthetic,0.5523922499011468,1.1089524297145386,SplineRidge,SplineRidge_1
938,SI_ref_13,PB800,IBU,Synthetic,0.5686613285883748,1.1089524297145386,SplineRidge,SplineRidge_1
939,SI_ref_13,PB800,IBU,Synthetic,0.5875275377054737,1.1089524297145386,SplineRidge,SplineRidge_1
940,SI_ref_13,PB800,IBU,Synthetic,0.712022367194781,1.134518285324307,SplineRidge,SplineRidge_1
941,SI_ref_13,PB800,IBU,Synthetic,0.5069897483690587,1.134518285324307,SplineRidge,SplineRidge_1
942,SI_ref_13,PB800,IBU,Synthetic,0.31469400434917677,1.134518285324307,SplineRidge,SplineRidge_1
943,SI_ref_13,PB800,IBU,Synthetic,0.22960794568575607,1.134518285324307,SplineRidge,SplineRidge_1
944,SI_ref_13,PB800,IBU,Synthetic,0.10958005249343833,1.1345182853243068,SplineRidge,SplineRidge_1
852,SI_ref_13,PB600,CBZ,Synthetic,0.5776772247360483,0.4471365213394165,XGBoost,XGBoost_1
853,SI_ref_13,PB600,CBZ,Synthetic,0.5656108597285068,0.44495919346809387,XGBoost,XGBoost_1
854,SI_ref_13,PB600,CBZ,Synthetic,0.5475113122171945,0.4379318356513977,XGBoost,XGBoost_1
855,SI_ref_13,PB600,CBZ,Synthetic,0.4479638009049774,0.42127725481987,XGBoost,XGBoost_1
856,SI_ref_13,PB600,CBZ,Synthetic,0.45098039215686275,0.42174941301345825,XGBoost,XGBoost_1
857,SI_ref_13,PB600,CBZ,Synthetic,0.42684766214177977,0.4165459871292114,XGBoost,XGBoost_1
858,SI_ref_13,PB600,CBZ,Synthetic,0.32437120555073723,0.41593918204307556,XGBoost,XGBoost_1
859,SI_ref_13,PB600,CBZ,Synthetic,0.4773489932885906,0.43190163373947144,XGBoost,XGBoost_1
860,SI_ref_13,PB600,CBZ,Synthetic,0.4437372714068248,0.41593918204307556,XGBoost,XGBoost_1
861,SI_ref_13,PB600,CBZ,Synthetic,0.35791881074899945,0.41593918204307556,XGBoost,XGBoost_1
862,SI_ref_13,PB600,CBZ,Synthetic,0.32426715019643393,0.41593918204307556,XGBoost,XGBoost_1
863,SI_ref_13,PB600,CBZ,Synthetic,0.24055829228243014,0.41593918204307556,XGBoost,XGBoost_1
864,SI_ref_13,PB600,CBZ,Synthetic,0.44839549002601903,0.39246997237205505,XGBoost,XGBoost_1
865,SI_ref_13,PB600,CBZ,Synthetic,0.5528523489932886,0.39246997237205505,XGBoost,XGBoost_1
866,SI_ref_13,PB600,CBZ,Synthetic,0.5653368025440879,0.41593918204307556,XGBoost,XGBoost_1
867,SI_ref_13,PB600,CBZ,Synthetic,0.6235906331309627,0.41593918204307556,XGBoost,XGBoost_1
868,SI_ref_13,PB600,CBZ,Synthetic,0.6991037872217403,0.41593918204307556,XGBoost,XGBoost_1
869,SI_ref_13,PB600,CBZ,Synthetic,0.7401395944327428,0.41593918204307556,XGBoost,XGBoost_1
870,SI_ref_13,PB600,CBZ,Synthetic,0.8642533936651583,0.41541609168052673,XGBoost,XGBoost_1
871,SI_ref_13,PB600,CBZ,Synthetic,0.6953242835595775,0.41541609168052673,XGBoost,XGBoost_1
872,SI_ref_13,PB600,CBZ,Synthetic,0.4479638009049774,0.41541609168052673,XGBoost,XGBoost_1
873,SI_ref_13,PB600,CBZ,Synthetic,0.36651583710407243,0.41541609168052673,XGBoost,XGBoost_1
874,SI_ref_13,PB600,CBZ,Synthetic,0.248868778280543,0.41541609168052673,XGBoost,XGBoost_1
875,SI_ref_13,PB600,IBU,Synthetic,0.7639925373134329,0.4695718586444855,XGBoost,XGBoost_1
876,SI_ref_13,PB600,IBU,Synthetic,0.7266791044776119,0.46739453077316284,XGBoost,XGBoost_1
877,SI_ref_13,PB600,IBU,Synthetic,0.7328980099502487,0.4603671729564667,XGBoost,XGBoost_1
878,SI_ref_13,PB600,IBU,Synthetic,0.7391169154228855,0.437293142080307,XGBoost,XGBoost_1
879,SI_ref_13,PB600,IBU,Synthetic,0.6707089552238806,0.43776530027389526,XGBoost,XGBoost_1
880,SI_ref_13,PB600,IBU,Synthetic,0.5898631840796019,0.43256187438964844,XGBoost,XGBoost_1
881,SI_ref_13,PB600,IBU,Synthetic,0.2096102913356035,0.4319550693035126,XGBoost,XGBoost_1
882,SI_ref_13,PB600,IBU,Synthetic,0.7328980099502488,0.44536298513412476,XGBoost,XGBoost_1
883,SI_ref_13,PB600,IBU,Synthetic,0.611373922124096,0.4319550693035126,XGBoost,XGBoost_1
884,SI_ref_13,PB600,IBU,Synthetic,0.6847133757961785,0.4319550693035126,XGBoost,XGBoost_1
885,SI_ref_13,PB600,IBU,Synthetic,0.4580645161290322,0.4319550693035126,XGBoost,XGBoost_1
886,SI_ref_13,PB600,IBU,Synthetic,0.29347826086956524,0.4319550693035126,XGBoost,XGBoost_1
887,SI_ref_13,PB600,IBU,Synthetic,0.5772919064058304,0.40848585963249207,XGBoost,XGBoost_1
888,SI_ref_13,PB600,IBU,Synthetic,0.5887993862677406,0.40848585963249207,XGBoost,XGBoost_1
889,SI_ref_13,PB600,IBU,Synthetic,0.7258796821793417,0.4319550693035126,XGBoost,XGBoost_1
890,SI_ref_13,PB600,IBU,Synthetic,0.766427039979821,0.4319550693035126,XGBoost,XGBoost_1
891,SI_ref_13,PB600,IBU,Synthetic,0.8162693908437383,0.4319550693035126,XGBoost,XGBoost_1
892,SI_ref_13,PB600,IBU,Synthetic,0.8533052267445003,0.4319550693035126,XGBoost,XGBoost_1
893,SI_ref_13,PB600,IBU,Synthetic,0.9327073552425663,0.43143197894096375,XGBoost,XGBoost_1
894,SI_ref_13,PB600,IBU,Synthetic,0.6275430359937403,0.43143197894096375,XGBoost,XGBoost_1
895,SI_ref_13,PB600,IBU,Synthetic,0.35367762128325514,0.43143197894096375,XGBoost,XGBoost_1
896,SI_ref_13,PB600,IBU,Synthetic,0.4798506002849601,0.43143197894096375,XGBoost,XGBoost_1
897,SI_ref_13,PB600,IBU,Synthetic,0.2754303599374022,0.43143197894096375,XGBoost,XGBoost_1
898,SI_ref_13,PB600,CBZ,Synthetic,0.244663382594417,0.41593918204307556,XGBoost,XGBoost_1
899,SI_ref_13,PB800,CBZ,Synthetic,0.27061079156395507,0.46787264943122864,XGBoost,XGBoost_1
900,SI_ref_13,PB800,CBZ,Synthetic,0.22678718159408381,0.4677491784095764,XGBoost,XGBoost_1
901,SI_ref_13,PB800,CBZ,Synthetic,0.18844152287044644,0.4469371438026428,XGBoost,XGBoost_1
902,SI_ref_13,PB800,CBZ,Synthetic,0.17748562037797863,0.4188200831413269,XGBoost,XGBoost_1
903,SI_ref_13,PB800,CBZ,Synthetic,0.16379074226239385,0.41929224133491516,XGBoost,XGBoost_1
904,SI_ref_13,PB800,CBZ,Synthetic,0.155573815393043,0.41929224133491516,XGBoost,XGBoost_1
905,SI_ref_13,PB800,CBZ,Synthetic,0.08520900321543408,0.4186854362487793,XGBoost,XGBoost_1
906,SI_ref_13,PB800,CBZ,Synthetic,0.16135346756152125,0.43464788794517517,XGBoost,XGBoost_1
907,SI_ref_13,PB800,CBZ,Synthetic,0.1561792870827899,0.4186854362487793,XGBoost,XGBoost_1
908,SI_ref_13,PB800,CBZ,Synthetic,0.13676633444075306,0.4186854362487793,XGBoost,XGBoost_1
909,SI_ref_13,PB800,CBZ,Synthetic,0.1002310803004044,0.4186854362487793,XGBoost,XGBoost_1
910,SI_ref_13,PB800,CBZ,Synthetic,0.04322336667164253,0.4186854362487793,XGBoost,XGBoost_1
911,SI_ref_13,PB800,CBZ,Synthetic,0.20609619686800895,0.3927169144153595,XGBoost,XGBoost_1
912,SI_ref_13,PB800,CBZ,Synthetic,0.1865212527964206,0.3927169144153595,XGBoost,XGBoost_1
913,SI_ref_13,PB800,CBZ,Synthetic,0.28121650589496244,0.4186854362487793,XGBoost,XGBoost_1
914,SI_ref_13,PB800,CBZ,Synthetic,0.36611289746337977,0.4186854362487793,XGBoost,XGBoost_1
915,SI_ref_13,PB800,CBZ,Synthetic,0.5117363344051448,0.4186854362487793,XGBoost,XGBoost_1
916,SI_ref_13,PB800,CBZ,Synthetic,0.5707012708620426,0.4186854362487793,XGBoost,XGBoost_1
917,SI_ref_13,PB800,CBZ,Synthetic,0.5791052918712493,0.41816234588623047,XGBoost,XGBoost_1
918,SI_ref_13,PB800,CBZ,Synthetic,0.30905619203491547,0.41816234588623047,XGBoost,XGBoost_1
919,SI_ref_13,PB800,CBZ,Synthetic,0.16448445171849424,0.41816234588623047,XGBoost,XGBoost_1
920,SI_ref_13,PB800,CBZ,Synthetic,0.12460736493062231,0.41816234588623047,XGBoost,XGBoost_1
921,SI_ref_13,PB800,CBZ,Synthetic,0.08265139116202945,0.41816234588623047,XGBoost,XGBoost_1
922,SI_ref_13,PB800,IBU,Synthetic,0.4560270602706027,0.5080564618110657,XGBoost,XGBoost_1
923,SI_ref_13,PB800,IBU,Synthetic,0.4252767527675277,0.5079329609870911,XGBoost,XGBoost_1
924,SI_ref_13,PB800,IBU,Synthetic,0.40067650676506766,0.48712047934532166,XGBoost,XGBoost_1
925,SI_ref_13,PB800,IBU,Synthetic,0.39145141451414517,0.46333351731300354,XGBoost,XGBoost_1
926,SI_ref_13,PB800,IBU,Synthetic,0.38837638376383765,0.4638056755065918,XGBoost,XGBoost_1
927,SI_ref_13,PB800,IBU,Synthetic,0.37915129151291516,0.4638056755065918,XGBoost,XGBoost_1
928,SI_ref_13,PB800,IBU,Synthetic,0.23013048635824437,0.46319887042045593,XGBoost,XGBoost_1
929,SI_ref_13,PB800,IBU,Synthetic,0.3126198695818949,0.4766067862510681,XGBoost,XGBoost_1
930,SI_ref_13,PB800,IBU,Synthetic,0.35520079622504414,0.46319887042045593,XGBoost,XGBoost_1
931,SI_ref_13,PB800,IBU,Synthetic,0.24946921443736733,0.46319887042045593,XGBoost,XGBoost_1
932,SI_ref_13,PB800,IBU,Synthetic,0.18924731182795698,0.46319887042045593,XGBoost,XGBoost_1
933,SI_ref_13,PB800,IBU,Synthetic,0.08514492753623189,0.46319887042045593,XGBoost,XGBoost_1
934,SI_ref_13,PB800,IBU,Synthetic,0.4392021480629075,0.43723034858703613,XGBoost,XGBoost_1
935,SI_ref_13,PB800,IBU,Synthetic,0.4238588415803605,0.43723034858703613,XGBoost,XGBoost_1
936,SI_ref_13,PB800,IBU,Synthetic,0.5142348754448398,0.46319887042045593,XGBoost,XGBoost_1
937,SI_ref_13,PB800,IBU,Synthetic,0.5523922499011468,0.46319887042045593,XGBoost,XGBoost_1
938,SI_ref_13,PB800,IBU,Synthetic,0.5686613285883748,0.46319887042045593,XGBoost,XGBoost_1
939,SI_ref_13,PB800,IBU,Synthetic,0.5875275377054737,0.46319887042045593,XGBoost,XGBoost_1
940,SI_ref_13,PB800,IBU,Synthetic,0.712022367194781,0.4626757800579071,XGBoost,XGBoost_1
941,SI_ref_13,PB800,IBU,Synthetic,0.5069897483690587,0.4626757800579071,XGBoost,XGBoost_1
942,SI_ref_13,PB800,IBU,Synthetic,0.31469400434917677,0.4626757800579071,XGBoost,XGBoost_1
943,SI_ref_13,PB800,IBU,Synthetic,0.22960794568575607,0.4626757800579071,XGBoost,XGBoost_1
944,SI_ref_13,PB800,IBU,Synthetic,0.10958005249343833,0.4626757800579071,XGBoost,XGBoost_1
852,SI_ref_13,PB600,CBZ,Synthetic,0.5776772247360483,0.9101350144914191,Point,PLS_2
853,SI_ref_13,PB600,CBZ,Synthetic,0.5656108597285068,0.8978229692228044,Point,PLS_2
854,SI_ref_13,PB600,CBZ,Synthetic,0.5475113122171945,0.8853648640641069,Point,PLS_2
855,SI_ref_13,PB600,CBZ,Synthetic,0.4479638009049774,0.8780399442853558,Point,PLS_2
856,SI_ref_13,PB600,CBZ,Synthetic,0.45098039215686275,0.8654824487209527,Point,PLS_2
857,SI_ref_13,PB600,CBZ,Synthetic,0.42684766214177977,0.8581241547142674,Point,PLS_2
858,SI_ref_13,PB600,CBZ,Synthetic,0.32437120555073723,0.8528998474413649,Point,PLS_2
859,SI_ref_13,PB600,CBZ,Synthetic,0.4773489932885906,0.886539113547546,Point,PLS_2
860,SI_ref_13,PB600,CBZ,Synthetic,0.4437372714068248,0.8528998474413649,Point,PLS_2
861,SI_ref_13,PB600,CBZ,Synthetic,0.35791881074899945,0.8528998474413649,Point,PLS_2
862,SI_ref_13,PB600,CBZ,Synthetic,0.32426715019643393,0.8528998474413649,Point,PLS_2
863,SI_ref_13,PB600,CBZ,Synthetic,0.24055829228243014,0.8528998474413649,Point,PLS_2
864,SI_ref_13,PB600,CBZ,Synthetic,0.44839549002601903,0.8192605813351839,Point,PLS_2
865,SI_ref_13,PB600,CBZ,Synthetic,0.5528523489932886,0.7856213152290029,Point,PLS_2
866,SI_ref_13,PB600,CBZ,Synthetic,0.5653368025440879,0.8528998474413649,Point,PLS_2
867,SI_ref_13,PB600,CBZ,Synthetic,0.6235906331309627,0.8528998474413649,Point,PLS_2
868,SI_ref_13,PB600,CBZ,Synthetic,0.6991037872217403,0.8528998474413649,Point,PLS_2
869,SI_ref_13,PB600,CBZ,Synthetic,0.7401395944327428,0.8528998474413649,Point,PLS_2
870,SI_ref_13,PB600,CBZ,Synthetic,0.8642533936651583,0.8403046541278635,Point,PLS_2
871,SI_ref_13,PB600,CBZ,Synthetic,0.6953242835595775,0.8403046541278635,Point,PLS_2
872,SI_ref_13,PB600,CBZ,Synthetic,0.4479638009049774,0.8403046541278635,Point,PLS_2
873,SI_ref_13,PB600,CBZ,Synthetic,0.36651583710407243,0.8403046541278635,Point,PLS_2
874,SI_ref_13,PB600,CBZ,Synthetic,0.248868778280543,0.8403046541278635,Point,PLS_2
875,SI_ref_13,PB600,IBU,Synthetic,0.7639925373134329,0.9895561765497246,Point,PLS_2
876,SI_ref_13,PB600,IBU,Synthetic,0.7266791044776119,0.9772441312811098,Point,PLS_2
877,SI_ref_13,PB600,IBU,Synthetic,0.7328980099502487,0.9647860261224124,Point,PLS_2
878,SI_ref_13,PB600,IBU,Synthetic,0.7391169154228855,0.9574611063436613,Point,PLS_2
879,SI_ref_13,PB600,IBU,Synthetic,0.6707089552238806,0.9449036107792581,Point,PLS_2
880,SI_ref_13,PB600,IBU,Synthetic,0.5898631840796019,0.9375453167725729,Point,PLS_2
881,SI_ref_13,PB600,IBU,Synthetic,0.2096102913356035,0.9323210094996703,Point,PLS_2
882,SI_ref_13,PB600,IBU,Synthetic,0.7328980099502488,0.9659602756058514,Point,PLS_2
883,SI_ref_13,PB600,IBU,Synthetic,0.611373922124096,0.9323210094996703,Point,PLS_2
884,SI_ref_13,PB600,IBU,Synthetic,0.6847133757961785,0.9323210094996703,Point,PLS_2
885,SI_ref_13,PB600,IBU,Synthetic,0.4580645161290322,0.9323210094996703,Point,PLS_2
886,SI_ref_13,PB600,IBU,Synthetic,0.29347826086956524,0.9323210094996703,Point,PLS_2
887,SI_ref_13,PB600,IBU,Synthetic,0.5772919064058304,0.8986817433934895,Point,PLS_2
888,SI_ref_13,PB600,IBU,Synthetic,0.5887993862677406,0.8650424772873084,Point,PLS_2
889,SI_ref_13,PB600,IBU,Synthetic,0.7258796821793417,0.9323210094996703,Point,PLS_2
890,SI_ref_13,PB600,IBU,Synthetic,0.766427039979821,0.9323210094996703,Point,PLS_2
891,SI_ref_13,PB600,IBU,Synthetic,0.8162693908437383,0.9323210094996703,Point,PLS_2
892,SI_ref_13,PB600,IBU,Synthetic,0.8533052267445003,0.9323210094996703,Point,PLS_2
893,SI_ref_13,PB600,IBU,Synthetic,0.9327073552425663,0.919725816186169,Point,PLS_2
894,SI_ref_13,PB600,IBU,Synthetic,0.6275430359937403,0.919725816186169,Point,PLS_2
895,SI_ref_13,PB600,IBU,Synthetic,0.35367762128325514,0.919725816186169,Point,PLS_2
896,SI_ref_13,PB600,IBU,Synthetic,0.4798506002849601,0.919725816186169,Point,PLS_2
897,SI_ref_13,PB600,IBU,Synthetic,0.2754303599374022,0.919725816186169,Point,PLS_2
898,SI_ref_13,PB600,CBZ,Synthetic,0.244663382594417,0.8528998474413649,Point,PLS_2
899,SI_ref_13,PB800,CBZ,Synthetic,0.27061079156395507,0.5051019985415943,Point,PLS_2
900,SI_ref_13,PB800,CBZ,Synthetic,0.22678718159408381,0.4927899532729795,Point,PLS_2
901,SI_ref_13,PB800,CBZ,Synthetic,0.18844152287044644,0.480331848114282,Point,PLS_2
902,SI_ref_13,PB800,CBZ,Synthetic,0.17748562037797863,0.473006928335531,Point,PLS_2
903,SI_ref_13,PB800,CBZ,Synthetic,0.16379074226239385,0.4604494327711278,Point,PLS_2
904,SI_ref_13,PB800,CBZ,Synthetic,0.155573815393043,0.4530911387644425,Point,PLS_2
905,SI_ref_13,PB800,CBZ,Synthetic,0.08520900321543408,0.44786683149154005,Point,PLS_2
906,SI_ref_13,PB800,CBZ,Synthetic,0.16135346756152125,0.48150609759772106,Point,PLS_2
907,SI_ref_13,PB800,CBZ,Synthetic,0.1561792870827899,0.44786683149154005,Point,PLS_2
908,SI_ref_13,PB800,CBZ,Synthetic,0.13676633444075306,0.44786683149154005,Point,PLS_2
909,SI_ref_13,PB800,CBZ,Synthetic,0.1002310803004044,0.44786683149154005,Point,PLS_2
910,SI_ref_13,PB800,CBZ,Synthetic,0.04322336667164253,0.44786683149154005,Point,PLS_2
911,SI_ref_13,PB800,CBZ,Synthetic,0.20609619686800895,0.41422756538535904,Point,PLS_2
912,SI_ref_13,PB800,CBZ,Synthetic,0.1865212527964206,0.3805882992791781,Point,PLS_2
913,SI_ref_13,PB800,CBZ,Synthetic,0.28121650589496244,0.44786683149154005,Point,PLS_2
914,SI_ref_13,PB800,CBZ,Synthetic,0.36611289746337977,0.44786683149154005,Point,PLS_2
915,SI_ref_13,PB800,CBZ,Synthetic,0.5117363344051448,0.44786683149154005,Point,PLS_2
916,SI_ref_13,PB800,CBZ,Synthetic,0.5707012708620426,0.44786683149154005,Point,PLS_2
917,SI_ref_13,PB800,CBZ,Synthetic,0.5791052918712493,0.4352716381780386,Point,PLS_2
918,SI_ref_13,PB800,CBZ,Synthetic,0.30905619203491547,0.4352716381780386,Point,PLS_2
919,SI_ref_13,PB800,CBZ,Synthetic,0.16448445171849424,0.4352716381780386,Point,PLS_2
920,SI_ref_13,PB800,CBZ,Synthetic,0.12460736493062231,0.4352716381780386,Point,PLS_2
921,SI_ref_13,PB800,CBZ,Synthetic,0.08265139116202945,0.4352716381780386,Point,PLS_2
922,SI_ref_13,PB800,IBU,Synthetic,0.4560270602706027,0.5845231605998998,Point,PLS_2
923,SI_ref_13,PB800,IBU,Synthetic,0.4252767527675277,0.572211115331285,Point,PLS_2
924,SI_ref_13,PB800,IBU,Synthetic,0.40067650676506766,0.5597530101725875,Point,PLS_2
925,SI_ref_13,PB800,IBU,Synthetic,0.39145141451414517,0.5524280903938366,Point,PLS_2
926,SI_ref_13,PB800,IBU,Synthetic,0.38837638376383765,0.5398705948294333,Point,PLS_2
927,SI_ref_13,PB800,IBU,Synthetic,0.37915129151291516,0.532512300822748,Point,PLS_2
928,SI_ref_13,PB800,IBU,Synthetic,0.23013048635824437,0.5272879935498456,Point,PLS_2
929,SI_ref_13,PB800,IBU,Synthetic,0.3126198695818949,0.5609272596560266,Point,PLS_2
930,SI_ref_13,PB800,IBU,Synthetic,0.35520079622504414,0.5272879935498456,Point,PLS_2
931,SI_ref_13,PB800,IBU,Synthetic,0.24946921443736733,0.5272879935498456,Point,PLS_2
932,SI_ref_13,PB800,IBU,Synthetic,0.18924731182795698,0.5272879935498456,Point,PLS_2
933,SI_ref_13,PB800,IBU,Synthetic,0.08514492753623189,0.5272879935498456,Point,PLS_2
934,SI_ref_13,PB800,IBU,Synthetic,0.4392021480629075,0.49364872744366456,Point,PLS_2
935,SI_ref_13,PB800,IBU,Synthetic,0.4238588415803605,0.46000946133748355,Point,PLS_2
936,SI_ref_13,PB800,IBU,Synthetic,0.5142348754448398,0.5272879935498456,Point,PLS_2
937,SI_ref_13,PB800,IBU,Synthetic,0.5523922499011468,0.5272879935498456,Point,PLS_2
938,SI_ref_13,PB800,IBU,Synthetic,0.5686613285883748,0.5272879935498456,Point,PLS_2
939,SI_ref_13,PB800,IBU,Synthetic,0.5875275377054737,0.5272879935498456,Point,PLS_2
940,SI_ref_13,PB800,IBU,Synthetic,0.712022367194781,0.5146928002363441,Point,PLS_2
941,SI_ref_13,PB800,IBU,Synthetic,0.5069897483690587,0.5146928002363441,Point,PLS_2
942,SI_ref_13,PB800,IBU,Synthetic,0.31469400434917677,0.5146928002363441,Point,PLS_2
943,SI_ref_13,PB800,IBU,Synthetic,0.22960794568575607,0.5146928002363441,Point,PLS_2
944,SI_ref_13,PB800,IBU,Synthetic,0.10958005249343833,0.5146928002363441,Point,PLS_2
852,SI_ref_13,PB600,CBZ,Synthetic,0.5776772247360483,0.9833253352426449,Contrast,PCR_2
853,SI_ref_13,PB600,CBZ,Synthetic,0.5656108597285068,0.9718594869722569,Contrast,PCR_2
854,SI_ref_13,PB600,CBZ,Synthetic,0.5475113122171945,0.9602576173909055,Contrast,PCR_2
855,SI_ref_13,PB600,CBZ,Synthetic,0.4479638009049774,0.9534361334746616,Contrast,PCR_2
856,SI_ref_13,PB600,CBZ,Synthetic,0.45098039215686275,0.9417417045104872,Contrast,PCR_2
857,SI_ref_13,PB600,CBZ,Synthetic,0.42684766214177977,0.9348891401502318,Contrast,PCR_2
858,SI_ref_13,PB600,CBZ,Synthetic,0.32437120555073723,0.9300238953268003,Contrast,PCR_2
859,SI_ref_13,PB600,CBZ,Synthetic,0.4773489932885906,0.951129153420888,Contrast,PCR_2
860,SI_ref_13,PB600,CBZ,Synthetic,0.4437372714068248,0.9300238953268003,Contrast,PCR_2
861,SI_ref_13,PB600,CBZ,Synthetic,0.35791881074899945,0.9300238953268003,Contrast,PCR_2
862,SI_ref_13,PB600,CBZ,Synthetic,0.32426715019643393,0.9300238953268003,Contrast,PCR_2
863,SI_ref_13,PB600,CBZ,Synthetic,0.24055829228243014,0.9300238953268003,Contrast,PCR_2
864,SI_ref_13,PB600,CBZ,Synthetic,0.44839549002601903,0.9089186372327125,Contrast,PCR_2
865,SI_ref_13,PB600,CBZ,Synthetic,0.5528523489932886,0.8878133791386249,Contrast,PCR_2
866,SI_ref_13,PB600,CBZ,Synthetic,0.5653368025440879,0.9300238953268003,Contrast,PCR_2
867,SI_ref_13,PB600,CBZ,Synthetic,0.6235906331309627,0.9300238953268003,Contrast,PCR_2
868,SI_ref_13,PB600,CBZ,Synthetic,0.6991037872217403,0.9300238953268003,Contrast,PCR_2
869,SI_ref_13,PB600,CBZ,Synthetic,0.7401395944327428,0.9300238953268003,Contrast,PCR_2
870,SI_ref_13,PB600,CBZ,Synthetic,0.8642533936651583,0.9182943595495929,Contrast,PCR_2
871,SI_ref_13,PB600,CBZ,Synthetic,0.6953242835595775,0.9182943595495929,Contrast,PCR_2
872,SI_ref_13,PB600,CBZ,Synthetic,0.4479638009049774,0.9182943595495929,Contrast,PCR_2
873,SI_ref_13,PB600,CBZ,Synthetic,0.36651583710407243,0.9182943595495929,Contrast,PCR_2
874,SI_ref_13,PB600,CBZ,Synthetic,0.248868778280543,0.9182943595495929,Contrast,PCR_2
875,SI_ref_13,PB600,IBU,Synthetic,0.7639925373134329,0.9879433889699731,Contrast,PCR_2
876,SI_ref_13,PB600,IBU,Synthetic,0.7266791044776119,0.9764775406995854,Contrast,PCR_2
877,SI_ref_13,PB600,IBU,Synthetic,0.7328980099502487,0.9648756711182338,Contrast,PCR_2
878,SI_ref_13,PB600,IBU,Synthetic,0.7391169154228855,0.9580541872019899,Contrast,PCR_2
879,SI_ref_13,PB600,IBU,Synthetic,0.6707089552238806,0.9463597582378155,Contrast,PCR_2
880,SI_ref_13,PB600,IBU,Synthetic,0.5898631840796019,0.9395071938775602,Contrast,PCR_2
881,SI_ref_13,PB600,IBU,Synthetic,0.2096102913356035,0.9346419490541286,Contrast,PCR_2
882,SI_ref_13,PB600,IBU,Synthetic,0.7328980099502488,0.9557472071482164,Contrast,PCR_2
883,SI_ref_13,PB600,IBU,Synthetic,0.611373922124096,0.9346419490541286,Contrast,PCR_2
884,SI_ref_13,PB600,IBU,Synthetic,0.6847133757961785,0.9346419490541286,Contrast,PCR_2
885,SI_ref_13,PB600,IBU,Synthetic,0.4580645161290322,0.9346419490541286,Contrast,PCR_2
886,SI_ref_13,PB600,IBU,Synthetic,0.29347826086956524,0.9346419490541286,Contrast,PCR_2
887,SI_ref_13,PB600,IBU,Synthetic,0.5772919064058304,0.913536690960041,Contrast,PCR_2
888,SI_ref_13,PB600,IBU,Synthetic,0.5887993862677406,0.8924314328659533,Contrast,PCR_2
889,SI_ref_13,PB600,IBU,Synthetic,0.7258796821793417,0.9346419490541286,Contrast,PCR_2
890,SI_ref_13,PB600,IBU,Synthetic,0.766427039979821,0.9346419490541286,Contrast,PCR_2
891,SI_ref_13,PB600,IBU,Synthetic,0.8162693908437383,0.9346419490541286,Contrast,PCR_2
892,SI_ref_13,PB600,IBU,Synthetic,0.8533052267445003,0.9346419490541286,Contrast,PCR_2
893,SI_ref_13,PB600,IBU,Synthetic,0.9327073552425663,0.9229124132769214,Contrast,PCR_2
894,SI_ref_13,PB600,IBU,Synthetic,0.6275430359937403,0.9229124132769214,Contrast,PCR_2
895,SI_ref_13,PB600,IBU,Synthetic,0.35367762128325514,0.9229124132769214,Contrast,PCR_2
896,SI_ref_13,PB600,IBU,Synthetic,0.4798506002849601,0.9229124132769214,Contrast,PCR_2
897,SI_ref_13,PB600,IBU,Synthetic,0.2754303599374022,0.9229124132769214,Contrast,PCR_2
898,SI_ref_13,PB600,CBZ,Synthetic,0.244663382594417,0.9300238953268003,Contrast,PCR_2
899,SI_ref_13,PB800,CBZ,Synthetic,0.27061079156395507,0.39046827184992194,Contrast,PCR_2
900,SI_ref_13,PB800,CBZ,Synthetic,0.22678718159408381,0.37900242357953406,Contrast,PCR_2
901,SI_ref_13,PB800,CBZ,Synthetic,0.18844152287044644,0.36740055399818267,Contrast,PCR_2
902,SI_ref_13,PB800,CBZ,Synthetic,0.17748562037797863,0.3605790700819388,Contrast,PCR_2
903,SI_ref_13,PB800,CBZ,Synthetic,0.16379074226239385,0.34888464111776435,Contrast,PCR_2
904,SI_ref_13,PB800,CBZ,Synthetic,0.155573815393043,0.34203207675750913,Contrast,PCR_2
905,SI_ref_13,PB800,CBZ,Synthetic,0.08520900321543408,0.3371668319340774,Contrast,PCR_2
906,SI_ref_13,PB800,CBZ,Synthetic,0.16135346756152125,0.3582720900281651,Contrast,PCR_2
907,SI_ref_13,PB800,CBZ,Synthetic,0.1561792870827899,0.3371668319340774,Contrast,PCR_2
908,SI_ref_13,PB800,CBZ,Synthetic,0.13676633444075306,0.3371668319340774,Contrast,PCR_2
909,SI_ref_13,PB800,CBZ,Synthetic,0.1002310803004044,0.3371668319340774,Contrast,PCR_2
910,SI_ref_13,PB800,CBZ,Synthetic,0.04322336667164253,0.3371668319340774,Contrast,PCR_2
911,SI_ref_13,PB800,CBZ,Synthetic,0.20609619686800895,0.3160615738399898,Contrast,PCR_2
912,SI_ref_13,PB800,CBZ,Synthetic,0.1865212527964206,0.2949563157459022,Contrast,PCR_2
913,SI_ref_13,PB800,CBZ,Synthetic,0.28121650589496244,0.3371668319340774,Contrast,PCR_2
914,SI_ref_13,PB800,CBZ,Synthetic,0.36611289746337977,0.3371668319340774,Contrast,PCR_2
915,SI_ref_13,PB800,CBZ,Synthetic,0.5117363344051448,0.3371668319340774,Contrast,PCR_2
916,SI_ref_13,PB800,CBZ,Synthetic,0.5707012708620426,0.3371668319340774,Contrast,PCR_2
917,SI_ref_13,PB800,CBZ,Synthetic,0.5791052918712493,0.32543729615687034,Contrast,PCR_2
918,SI_ref_13,PB800,CBZ,Synthetic,0.30905619203491547,0.32543729615687034,Contrast,PCR_2
919,SI_ref_13,PB800,CBZ,Synthetic,0.16448445171849424,0.32543729615687034,Contrast,PCR_2
920,SI_ref_13,PB800,CBZ,Synthetic,0.12460736493062231,0.32543729615687034,Contrast,PCR_2
921,SI_ref_13,PB800,CBZ,Synthetic,0.08265139116202945,0.32543729615687034,Contrast,PCR_2
922,SI_ref_13,PB800,IBU,Synthetic,0.4560270602706027,0.39508632557725043,Contrast,PCR_2
923,SI_ref_13,PB800,IBU,Synthetic,0.4252767527675277,0.38362047730686233,Contrast,PCR_2
924,SI_ref_13,PB800,IBU,Synthetic,0.40067650676506766,0.37201860772551115,Contrast,PCR_2
925,SI_ref_13,PB800,IBU,Synthetic,0.39145141451414517,0.36519712380926717,Contrast,PCR_2
926,SI_ref_13,PB800,IBU,Synthetic,0.38837638376383765,0.35350269484509267,Contrast,PCR_2
927,SI_ref_13,PB800,IBU,Synthetic,0.37915129151291516,0.3466501304848375,Contrast,PCR_2
928,SI_ref_13,PB800,IBU,Synthetic,0.23013048635824437,0.34178488566140575,Contrast,PCR_2
929,SI_ref_13,PB800,IBU,Synthetic,0.3126198695818949,0.36289014375549355,Contrast,PCR_2
930,SI_ref_13,PB800,IBU,Synthetic,0.35520079622504414,0.34178488566140575,Contrast,PCR_2
931,SI_ref_13,PB800,IBU,Synthetic,0.24946921443736733,0.34178488566140575,Contrast,PCR_2
932,SI_ref_13,PB800,IBU,Synthetic,0.18924731182795698,0.34178488566140575,Contrast,PCR_2
933,SI_ref_13,PB800,IBU,Synthetic,0.08514492753623189,0.34178488566140575,Contrast,PCR_2
934,SI_ref_13,PB800,IBU,Synthetic,0.4392021480629075,0.32067962756731816,Contrast,PCR_2
935,SI_ref_13,PB800,IBU,Synthetic,0.4238588415803605,0.2995743694732304,Contrast,PCR_2
936,SI_ref_13,PB800,IBU,Synthetic,0.5142348754448398,0.34178488566140575,Contrast,PCR_2
937,SI_ref_13,PB800,IBU,Synthetic,0.5523922499011468,0.34178488566140575,Contrast,PCR_2
938,SI_ref_13,PB800,IBU,Synthetic,0.5686613285883748,0.34178488566140575,Contrast,PCR_2
939,SI_ref_13,PB800,IBU,Synthetic,0.5875275377054737,0.34178488566140575,Contrast,PCR_2
940,SI_ref_13,PB800,IBU,Synthetic,0.712022367194781,0.3300553498841985,Contrast,PCR_2
941,SI_ref_13,PB800,IBU,Synthetic,0.5069897483690587,0.3300553498841985,Contrast,PCR_2
942,SI_ref_13,PB800,IBU,Synthetic,0.31469400434917677,0.3300553498841985,Contrast,PCR_2
943,SI_ref_13,PB800,IBU,Synthetic,0.22960794568575607,0.3300553498841985,Contrast,PCR_2
944,SI_ref_13,PB800,IBU,Synthetic,0.10958005249343833,0.3300553498841985,Contrast,PCR_2
852,SI_ref_13,PB600,CBZ,Synthetic,0.5776772247360483,0.9101350144914191,TOPSIS,PLS_2
853,SI_ref_13,PB600,CBZ,Synthetic,0.5656108597285068,0.8978229692228044,TOPSIS,PLS_2
854,SI_ref_13,PB600,CBZ,Synthetic,0.5475113122171945,0.8853648640641069,TOPSIS,PLS_2
855,SI_ref_13,PB600,CBZ,Synthetic,0.4479638009049774,0.8780399442853558,TOPSIS,PLS_2
856,SI_ref_13,PB600,CBZ,Synthetic,0.45098039215686275,0.8654824487209527,TOPSIS,PLS_2
857,SI_ref_13,PB600,CBZ,Synthetic,0.42684766214177977,0.8581241547142674,TOPSIS,PLS_2
858,SI_ref_13,PB600,CBZ,Synthetic,0.32437120555073723,0.8528998474413649,TOPSIS,PLS_2
859,SI_ref_13,PB600,CBZ,Synthetic,0.4773489932885906,0.886539113547546,TOPSIS,PLS_2
860,SI_ref_13,PB600,CBZ,Synthetic,0.4437372714068248,0.8528998474413649,TOPSIS,PLS_2
861,SI_ref_13,PB600,CBZ,Synthetic,0.35791881074899945,0.8528998474413649,TOPSIS,PLS_2
862,SI_ref_13,PB600,CBZ,Synthetic,0.32426715019643393,0.8528998474413649,TOPSIS,PLS_2
863,SI_ref_13,PB600,CBZ,Synthetic,0.24055829228243014,0.8528998474413649,TOPSIS,PLS_2
864,SI_ref_13,PB600,CBZ,Synthetic,0.44839549002601903,0.8192605813351839,TOPSIS,PLS_2
865,SI_ref_13,PB600,CBZ,Synthetic,0.5528523489932886,0.7856213152290029,TOPSIS,PLS_2
866,SI_ref_13,PB600,CBZ,Synthetic,0.5653368025440879,0.8528998474413649,TOPSIS,PLS_2
867,SI_ref_13,PB600,CBZ,Synthetic,0.6235906331309627,0.8528998474413649,TOPSIS,PLS_2
868,SI_ref_13,PB600,CBZ,Synthetic,0.6991037872217403,0.8528998474413649,TOPSIS,PLS_2
869,SI_ref_13,PB600,CBZ,Synthetic,0.7401395944327428,0.8528998474413649,TOPSIS,PLS_2
870,SI_ref_13,PB600,CBZ,Synthetic,0.8642533936651583,0.8403046541278635,TOPSIS,PLS_2
871,SI_ref_13,PB600,CBZ,Synthetic,0.6953242835595775,0.8403046541278635,TOPSIS,PLS_2
872,SI_ref_13,PB600,CBZ,Synthetic,0.4479638009049774,0.8403046541278635,TOPSIS,PLS_2
873,SI_ref_13,PB600,CBZ,Synthetic,0.36651583710407243,0.8403046541278635,TOPSIS,PLS_2
874,SI_ref_13,PB600,CBZ,Synthetic,0.248868778280543,0.8403046541278635,TOPSIS,PLS_2
875,SI_ref_13,PB600,IBU,Synthetic,0.7639925373134329,0.9895561765497246,TOPSIS,PLS_2
876,SI_ref_13,PB600,IBU,Synthetic,0.7266791044776119,0.9772441312811098,TOPSIS,PLS_2
877,SI_ref_13,PB600,IBU,Synthetic,0.7328980099502487,0.9647860261224124,TOPSIS,PLS_2
878,SI_ref_13,PB600,IBU,Synthetic,0.7391169154228855,0.9574611063436613,TOPSIS,PLS_2
879,SI_ref_13,PB600,IBU,Synthetic,0.6707089552238806,0.9449036107792581,TOPSIS,PLS_2
880,SI_ref_13,PB600,IBU,Synthetic,0.5898631840796019,0.9375453167725729,TOPSIS,PLS_2
881,SI_ref_13,PB600,IBU,Synthetic,0.2096102913356035,0.9323210094996703,TOPSIS,PLS_2
882,SI_ref_13,PB600,IBU,Synthetic,0.7328980099502488,0.9659602756058514,TOPSIS,PLS_2
883,SI_ref_13,PB600,IBU,Synthetic,0.611373922124096,0.9323210094996703,TOPSIS,PLS_2
884,SI_ref_13,PB600,IBU,Synthetic,0.6847133757961785,0.9323210094996703,TOPSIS,PLS_2
885,SI_ref_13,PB600,IBU,Synthetic,0.4580645161290322,0.9323210094996703,TOPSIS,PLS_2
886,SI_ref_13,PB600,IBU,Synthetic,0.29347826086956524,0.9323210094996703,TOPSIS,PLS_2
887,SI_ref_13,PB600,IBU,Synthetic,0.5772919064058304,0.8986817433934895,TOPSIS,PLS_2
888,SI_ref_13,PB600,IBU,Synthetic,0.5887993862677406,0.8650424772873084,TOPSIS,PLS_2
889,SI_ref_13,PB600,IBU,Synthetic,0.7258796821793417,0.9323210094996703,TOPSIS,PLS_2
890,SI_ref_13,PB600,IBU,Synthetic,0.766427039979821,0.9323210094996703,TOPSIS,PLS_2
891,SI_ref_13,PB600,IBU,Synthetic,0.8162693908437383,0.9323210094996703,TOPSIS,PLS_2
892,SI_ref_13,PB600,IBU,Synthetic,0.8533052267445003,0.9323210094996703,TOPSIS,PLS_2
893,SI_ref_13,PB600,IBU,Synthetic,0.9327073552425663,0.919725816186169,TOPSIS,PLS_2
894,SI_ref_13,PB600,IBU,Synthetic,0.6275430359937403,0.919725816186169,TOPSIS,PLS_2
895,SI_ref_13,PB600,IBU,Synthetic,0.35367762128325514,0.919725816186169,TOPSIS,PLS_2
896,SI_ref_13,PB600,IBU,Synthetic,0.4798506002849601,0.919725816186169,TOPSIS,PLS_2
897,SI_ref_13,PB600,IBU,Synthetic,0.2754303599374022,0.919725816186169,TOPSIS,PLS_2
898,SI_ref_13,PB600,CBZ,Synthetic,0.244663382594417,0.8528998474413649,TOPSIS,PLS_2
899,SI_ref_13,PB800,CBZ,Synthetic,0.27061079156395507,0.5051019985415943,TOPSIS,PLS_2
900,SI_ref_13,PB800,CBZ,Synthetic,0.22678718159408381,0.4927899532729795,TOPSIS,PLS_2
901,SI_ref_13,PB800,CBZ,Synthetic,0.18844152287044644,0.480331848114282,TOPSIS,PLS_2
902,SI_ref_13,PB800,CBZ,Synthetic,0.17748562037797863,0.473006928335531,TOPSIS,PLS_2
903,SI_ref_13,PB800,CBZ,Synthetic,0.16379074226239385,0.4604494327711278,TOPSIS,PLS_2
904,SI_ref_13,PB800,CBZ,Synthetic,0.155573815393043,0.4530911387644425,TOPSIS,PLS_2
905,SI_ref_13,PB800,CBZ,Synthetic,0.08520900321543408,0.44786683149154005,TOPSIS,PLS_2
906,SI_ref_13,PB800,CBZ,Synthetic,0.16135346756152125,0.48150609759772106,TOPSIS,PLS_2
907,SI_ref_13,PB800,CBZ,Synthetic,0.1561792870827899,0.44786683149154005,TOPSIS,PLS_2
908,SI_ref_13,PB800,CBZ,Synthetic,0.13676633444075306,0.44786683149154005,TOPSIS,PLS_2
909,SI_ref_13,PB800,CBZ,Synthetic,0.1002310803004044,0.44786683149154005,TOPSIS,PLS_2
910,SI_ref_13,PB800,CBZ,Synthetic,0.04322336667164253,0.44786683149154005,TOPSIS,PLS_2
911,SI_ref_13,PB800,CBZ,Synthetic,0.20609619686800895,0.41422756538535904,TOPSIS,PLS_2
912,SI_ref_13,PB800,CBZ,Synthetic,0.1865212527964206,0.3805882992791781,TOPSIS,PLS_2
913,SI_ref_13,PB800,CBZ,Synthetic,0.28121650589496244,0.44786683149154005,TOPSIS,PLS_2
914,SI_ref_13,PB800,CBZ,Synthetic,0.36611289746337977,0.44786683149154005,TOPSIS,PLS_2
915,SI_ref_13,PB800,CBZ,Synthetic,0.5117363344051448,0.44786683149154005,TOPSIS,PLS_2
916,SI_ref_13,PB800,CBZ,Synthetic,0.5707012708620426,0.44786683149154005,TOPSIS,PLS_2
917,SI_ref_13,PB800,CBZ,Synthetic,0.5791052918712493,0.4352716381780386,TOPSIS,PLS_2
918,SI_ref_13,PB800,CBZ,Synthetic,0.30905619203491547,0.4352716381780386,TOPSIS,PLS_2
919,SI_ref_13,PB800,CBZ,Synthetic,0.16448445171849424,0.4352716381780386,TOPSIS,PLS_2
920,SI_ref_13,PB800,CBZ,Synthetic,0.12460736493062231,0.4352716381780386,TOPSIS,PLS_2
921,SI_ref_13,PB800,CBZ,Synthetic,0.08265139116202945,0.4352716381780386,TOPSIS,PLS_2
922,SI_ref_13,PB800,IBU,Synthetic,0.4560270602706027,0.5845231605998998,TOPSIS,PLS_2
923,SI_ref_13,PB800,IBU,Synthetic,0.4252767527675277,0.572211115331285,TOPSIS,PLS_2
924,SI_ref_13,PB800,IBU,Synthetic,0.40067650676506766,0.5597530101725875,TOPSIS,PLS_2
925,SI_ref_13,PB800,IBU,Synthetic,0.39145141451414517,0.5524280903938366,TOPSIS,PLS_2
926,SI_ref_13,PB800,IBU,Synthetic,0.38837638376383765,0.5398705948294333,TOPSIS,PLS_2
927,SI_ref_13,PB800,IBU,Synthetic,0.37915129151291516,0.532512300822748,TOPSIS,PLS_2
928,SI_ref_13,PB800,IBU,Synthetic,0.23013048635824437,0.5272879935498456,TOPSIS,PLS_2
929,SI_ref_13,PB800,IBU,Synthetic,0.3126198695818949,0.5609272596560266,TOPSIS,PLS_2
930,SI_ref_13,PB800,IBU,Synthetic,0.35520079622504414,0.5272879935498456,TOPSIS,PLS_2
931,SI_ref_13,PB800,IBU,Synthetic,0.24946921443736733,0.5272879935498456,TOPSIS,PLS_2
932,SI_ref_13,PB800,IBU,Synthetic,0.18924731182795698,0.5272879935498456,TOPSIS,PLS_2
933,SI_ref_13,PB800,IBU,Synthetic,0.08514492753623189,0.5272879935498456,TOPSIS,PLS_2
934,SI_ref_13,PB800,IBU,Synthetic,0.4392021480629075,0.49364872744366456,TOPSIS,PLS_2
935,SI_ref_13,PB800,IBU,Synthetic,0.4238588415803605,0.46000946133748355,TOPSIS,PLS_2
936,SI_ref_13,PB800,IBU,Synthetic,0.5142348754448398,0.5272879935498456,TOPSIS,PLS_2
937,SI_ref_13,PB800,IBU,Synthetic,0.5523922499011468,0.5272879935498456,TOPSIS,PLS_2
938,SI_ref_13,PB800,IBU,Synthetic,0.5686613285883748,0.5272879935498456,TOPSIS,PLS_2
939,SI_ref_13,PB800,IBU,Synthetic,0.5875275377054737,0.5272879935498456,TOPSIS,PLS_2
940,SI_ref_13,PB800,IBU,Synthetic,0.712022367194781,0.5146928002363441,TOPSIS,PLS_2
941,SI_ref_13,PB800,IBU,Synthetic,0.5069897483690587,0.5146928002363441,TOPSIS,PLS_2
942,SI_ref_13,PB800,IBU,Synthetic,0.31469400434917677,0.5146928002363441,TOPSIS,PLS_2
943,SI_ref_13,PB800,IBU,Synthetic,0.22960794568575607,0.5146928002363441,TOPSIS,PLS_2
944,SI_ref_13,PB800,IBU,Synthetic,0.10958005249343833,0.5146928002363441,TOPSIS,PLS_2
852,SI_ref_13,PB600,CBZ,Synthetic,0.5776772247360483,0.6453959910098607,Constant,Constant
853,SI_ref_13,PB600,CBZ,Synthetic,0.5656108597285068,0.6453959910098607,Constant,Constant
854,SI_ref_13,PB600,CBZ,Synthetic,0.5475113122171945,0.6453959910098607,Constant,Constant
855,SI_ref_13,PB600,CBZ,Synthetic,0.4479638009049774,0.6453959910098607,Constant,Constant
856,SI_ref_13,PB600,CBZ,Synthetic,0.45098039215686275,0.6453959910098607,Constant,Constant
857,SI_ref_13,PB600,CBZ,Synthetic,0.42684766214177977,0.6453959910098607,Constant,Constant
858,SI_ref_13,PB600,CBZ,Synthetic,0.32437120555073723,0.6453959910098607,Constant,Constant
859,SI_ref_13,PB600,CBZ,Synthetic,0.4773489932885906,0.6453959910098607,Constant,Constant
860,SI_ref_13,PB600,CBZ,Synthetic,0.4437372714068248,0.6453959910098607,Constant,Constant
861,SI_ref_13,PB600,CBZ,Synthetic,0.35791881074899945,0.6453959910098607,Constant,Constant
862,SI_ref_13,PB600,CBZ,Synthetic,0.32426715019643393,0.6453959910098607,Constant,Constant
863,SI_ref_13,PB600,CBZ,Synthetic,0.24055829228243014,0.6453959910098607,Constant,Constant
864,SI_ref_13,PB600,CBZ,Synthetic,0.44839549002601903,0.6453959910098607,Constant,Constant
865,SI_ref_13,PB600,CBZ,Synthetic,0.5528523489932886,0.6453959910098607,Constant,Constant
866,SI_ref_13,PB600,CBZ,Synthetic,0.5653368025440879,0.6453959910098607,Constant,Constant
867,SI_ref_13,PB600,CBZ,Synthetic,0.6235906331309627,0.6453959910098607,Constant,Constant
868,SI_ref_13,PB600,CBZ,Synthetic,0.6991037872217403,0.6453959910098607,Constant,Constant
869,SI_ref_13,PB600,CBZ,Synthetic,0.7401395944327428,0.6453959910098607,Constant,Constant
870,SI_ref_13,PB600,CBZ,Synthetic,0.8642533936651583,0.6453959910098607,Constant,Constant
871,SI_ref_13,PB600,CBZ,Synthetic,0.6953242835595775,0.6453959910098607,Constant,Constant
872,SI_ref_13,PB600,CBZ,Synthetic,0.4479638009049774,0.6453959910098607,Constant,Constant
873,SI_ref_13,PB600,CBZ,Synthetic,0.36651583710407243,0.6453959910098607,Constant,Constant
874,SI_ref_13,PB600,CBZ,Synthetic,0.248868778280543,0.6453959910098607,Constant,Constant
875,SI_ref_13,PB600,IBU,Synthetic,0.7639925373134329,0.6453959910098607,Constant,Constant
876,SI_ref_13,PB600,IBU,Synthetic,0.7266791044776119,0.6453959910098607,Constant,Constant
877,SI_ref_13,PB600,IBU,Synthetic,0.7328980099502487,0.6453959910098607,Constant,Constant
878,SI_ref_13,PB600,IBU,Synthetic,0.7391169154228855,0.6453959910098607,Constant,Constant
879,SI_ref_13,PB600,IBU,Synthetic,0.6707089552238806,0.6453959910098607,Constant,Constant
880,SI_ref_13,PB600,IBU,Synthetic,0.5898631840796019,0.6453959910098607,Constant,Constant
881,SI_ref_13,PB600,IBU,Synthetic,0.2096102913356035,0.6453959910098607,Constant,Constant
882,SI_ref_13,PB600,IBU,Synthetic,0.7328980099502488,0.6453959910098607,Constant,Constant
883,SI_ref_13,PB600,IBU,Synthetic,0.611373922124096,0.6453959910098607,Constant,Constant
884,SI_ref_13,PB600,IBU,Synthetic,0.6847133757961785,0.6453959910098607,Constant,Constant
885,SI_ref_13,PB600,IBU,Synthetic,0.4580645161290322,0.6453959910098607,Constant,Constant
886,SI_ref_13,PB600,IBU,Synthetic,0.29347826086956524,0.6453959910098607,Constant,Constant
887,SI_ref_13,PB600,IBU,Synthetic,0.5772919064058304,0.6453959910098607,Constant,Constant
888,SI_ref_13,PB600,IBU,Synthetic,0.5887993862677406,0.6453959910098607,Constant,Constant
889,SI_ref_13,PB600,IBU,Synthetic,0.7258796821793417,0.6453959910098607,Constant,Constant
890,SI_ref_13,PB600,IBU,Synthetic,0.766427039979821,0.6453959910098607,Constant,Constant
891,SI_ref_13,PB600,IBU,Synthetic,0.8162693908437383,0.6453959910098607,Constant,Constant
892,SI_ref_13,PB600,IBU,Synthetic,0.8533052267445003,0.6453959910098607,Constant,Constant
893,SI_ref_13,PB600,IBU,Synthetic,0.9327073552425663,0.6453959910098607,Constant,Constant
894,SI_ref_13,PB600,IBU,Synthetic,0.6275430359937403,0.6453959910098607,Constant,Constant
895,SI_ref_13,PB600,IBU,Synthetic,0.35367762128325514,0.6453959910098607,Constant,Constant
896,SI_ref_13,PB600,IBU,Synthetic,0.4798506002849601,0.6453959910098607,Constant,Constant
897,SI_ref_13,PB600,IBU,Synthetic,0.2754303599374022,0.6453959910098607,Constant,Constant
898,SI_ref_13,PB600,CBZ,Synthetic,0.244663382594417,0.6453959910098607,Constant,Constant
899,SI_ref_13,PB800,CBZ,Synthetic,0.27061079156395507,0.6453959910098607,Constant,Constant
900,SI_ref_13,PB800,CBZ,Synthetic,0.22678718159408381,0.6453959910098607,Constant,Constant
901,SI_ref_13,PB800,CBZ,Synthetic,0.18844152287044644,0.6453959910098607,Constant,Constant
902,SI_ref_13,PB800,CBZ,Synthetic,0.17748562037797863,0.6453959910098607,Constant,Constant
903,SI_ref_13,PB800,CBZ,Synthetic,0.16379074226239385,0.6453959910098607,Constant,Constant
904,SI_ref_13,PB800,CBZ,Synthetic,0.155573815393043,0.6453959910098607,Constant,Constant
905,SI_ref_13,PB800,CBZ,Synthetic,0.08520900321543408,0.6453959910098607,Constant,Constant
906,SI_ref_13,PB800,CBZ,Synthetic,0.16135346756152125,0.6453959910098607,Constant,Constant
907,SI_ref_13,PB800,CBZ,Synthetic,0.1561792870827899,0.6453959910098607,Constant,Constant
908,SI_ref_13,PB800,CBZ,Synthetic,0.13676633444075306,0.6453959910098607,Constant,Constant
909,SI_ref_13,PB800,CBZ,Synthetic,0.1002310803004044,0.6453959910098607,Constant,Constant
910,SI_ref_13,PB800,CBZ,Synthetic,0.04322336667164253,0.6453959910098607,Constant,Constant
911,SI_ref_13,PB800,CBZ,Synthetic,0.20609619686800895,0.6453959910098607,Constant,Constant
912,SI_ref_13,PB800,CBZ,Synthetic,0.1865212527964206,0.6453959910098607,Constant,Constant
913,SI_ref_13,PB800,CBZ,Synthetic,0.28121650589496244,0.6453959910098607,Constant,Constant
914,SI_ref_13,PB800,CBZ,Synthetic,0.36611289746337977,0.6453959910098607,Constant,Constant
915,SI_ref_13,PB800,CBZ,Synthetic,0.5117363344051448,0.6453959910098607,Constant,Constant
916,SI_ref_13,PB800,CBZ,Synthetic,0.5707012708620426,0.6453959910098607,Constant,Constant
917,SI_ref_13,PB800,CBZ,Synthetic,0.5791052918712493,0.6453959910098607,Constant,Constant
918,SI_ref_13,PB800,CBZ,Synthetic,0.30905619203491547,0.6453959910098607,Constant,Constant
919,SI_ref_13,PB800,CBZ,Synthetic,0.16448445171849424,0.6453959910098607,Constant,Constant
920,SI_ref_13,PB800,CBZ,Synthetic,0.12460736493062231,0.6453959910098607,Constant,Constant
921,SI_ref_13,PB800,CBZ,Synthetic,0.08265139116202945,0.6453959910098607,Constant,Constant
922,SI_ref_13,PB800,IBU,Synthetic,0.4560270602706027,0.6453959910098607,Constant,Constant
923,SI_ref_13,PB800,IBU,Synthetic,0.4252767527675277,0.6453959910098607,Constant,Constant
924,SI_ref_13,PB800,IBU,Synthetic,0.40067650676506766,0.6453959910098607,Constant,Constant
925,SI_ref_13,PB800,IBU,Synthetic,0.39145141451414517,0.6453959910098607,Constant,Constant
926,SI_ref_13,PB800,IBU,Synthetic,0.38837638376383765,0.6453959910098607,Constant,Constant
927,SI_ref_13,PB800,IBU,Synthetic,0.37915129151291516,0.6453959910098607,Constant,Constant
928,SI_ref_13,PB800,IBU,Synthetic,0.23013048635824437,0.6453959910098607,Constant,Constant
929,SI_ref_13,PB800,IBU,Synthetic,0.3126198695818949,0.6453959910098607,Constant,Constant
930,SI_ref_13,PB800,IBU,Synthetic,0.35520079622504414,0.6453959910098607,Constant,Constant
931,SI_ref_13,PB800,IBU,Synthetic,0.24946921443736733,0.6453959910098607,Constant,Constant
932,SI_ref_13,PB800,IBU,Synthetic,0.18924731182795698,0.6453959910098607,Constant,Constant
933,SI_ref_13,PB800,IBU,Synthetic,0.08514492753623189,0.6453959910098607,Constant,Constant
934,SI_ref_13,PB800,IBU,Synthetic,0.4392021480629075,0.6453959910098607,Constant,Constant
935,SI_ref_13,PB800,IBU,Synthetic,0.4238588415803605,0.6453959910098607,Constant,Constant
936,SI_ref_13,PB800,IBU,Synthetic,0.5142348754448398,0.6453959910098607,Constant,Constant
937,SI_ref_13,PB800,IBU,Synthetic,0.5523922499011468,0.6453959910098607,Constant,Constant
938,SI_ref_13,PB800,IBU,Synthetic,0.5686613285883748,0.6453959910098607,Constant,Constant
939,SI_ref_13,PB800,IBU,Synthetic,0.5875275377054737,0.6453959910098607,Constant,Constant
940,SI_ref_13,PB800,IBU,Synthetic,0.712022367194781,0.6453959910098607,Constant,Constant
941,SI_ref_13,PB800,IBU,Synthetic,0.5069897483690587,0.6453959910098607,Constant,Constant
942,SI_ref_13,PB800,IBU,Synthetic,0.31469400434917677,0.6453959910098607,Constant,Constant
943,SI_ref_13,PB800,IBU,Synthetic,0.22960794568575607,0.6453959910098607,Constant,Constant
944,SI_ref_13,PB800,IBU,Synthetic,0.10958005249343833,0.6453959910098607,Constant,Constant
852,SI_ref_13,PB600,CBZ,Synthetic,0.5776772247360483,0.6537019985068299,Operations,Operations
853,SI_ref_13,PB600,CBZ,Synthetic,0.5656108597285068,0.6329318391378377,Operations,Operations
854,SI_ref_13,PB600,CBZ,Synthetic,0.5475113122171945,0.6119152798305533,Operations,Operations
855,SI_ref_13,PB600,CBZ,Synthetic,0.4479638009049774,0.5995582954424623,Operations,Operations
856,SI_ref_13,PB600,CBZ,Synthetic,0.45098039215686275,0.5783740666276983,Operations,Operations
857,SI_ref_13,PB600,CBZ,Synthetic,0.42684766214177977,0.5659607806245719,Operations,Operations
858,SI_ref_13,PB600,CBZ,Synthetic,0.32437120555073723,0.5571474850036261,Operations,Operations
859,SI_ref_13,PB600,CBZ,Synthetic,0.4773489932885906,0.5753855184144363,Operations,Operations
860,SI_ref_13,PB600,CBZ,Synthetic,0.4437372714068248,0.5571474850036261,Operations,Operations
861,SI_ref_13,PB600,CBZ,Synthetic,0.35791881074899945,0.5571474850036261,Operations,Operations
862,SI_ref_13,PB600,CBZ,Synthetic,0.32426715019643393,0.5571474850036261,Operations,Operations
863,SI_ref_13,PB600,CBZ,Synthetic,0.24055829228243014,0.5571474850036261,Operations,Operations
864,SI_ref_13,PB600,CBZ,Synthetic,0.44839549002601903,0.5389094515928159,Operations,Operations
865,SI_ref_13,PB600,CBZ,Synthetic,0.5528523489932886,0.5206714181820056,Operations,Operations
866,SI_ref_13,PB600,CBZ,Synthetic,0.5653368025440879,0.5571474850036261,Operations,Operations
867,SI_ref_13,PB600,CBZ,Synthetic,0.6235906331309627,0.5571474850036261,Operations,Operations
868,SI_ref_13,PB600,CBZ,Synthetic,0.6991037872217403,0.5571474850036261,Operations,Operations
869,SI_ref_13,PB600,CBZ,Synthetic,0.7401395944327428,0.5571474850036261,Operations,Operations
870,SI_ref_13,PB600,CBZ,Synthetic,0.8642533936651583,0.535899660885276,Operations,Operations
871,SI_ref_13,PB600,CBZ,Synthetic,0.6953242835595775,0.535899660885276,Operations,Operations
872,SI_ref_13,PB600,CBZ,Synthetic,0.4479638009049774,0.535899660885276,Operations,Operations
873,SI_ref_13,PB600,CBZ,Synthetic,0.36651583710407243,0.535899660885276,Operations,Operations
874,SI_ref_13,PB600,CBZ,Synthetic,0.248868778280543,0.535899660885276,Operations,Operations
875,SI_ref_13,PB600,IBU,Synthetic,0.7639925373134329,0.7116692592341742,Operations,Operations
876,SI_ref_13,PB600,IBU,Synthetic,0.7266791044776119,0.690899099865182,Operations,Operations
877,SI_ref_13,PB600,IBU,Synthetic,0.7328980099502487,0.6698825405578976,Operations,Operations
878,SI_ref_13,PB600,IBU,Synthetic,0.7391169154228855,0.6575255561698067,Operations,Operations
879,SI_ref_13,PB600,IBU,Synthetic,0.6707089552238806,0.6363413273550427,Operations,Operations
880,SI_ref_13,PB600,IBU,Synthetic,0.5898631840796019,0.6239280413519163,Operations,Operations
881,SI_ref_13,PB600,IBU,Synthetic,0.2096102913356035,0.6151147457309705,Operations,Operations
882,SI_ref_13,PB600,IBU,Synthetic,0.7328980099502488,0.6333527791417807,Operations,Operations
883,SI_ref_13,PB600,IBU,Synthetic,0.611373922124096,0.6151147457309705,Operations,Operations
884,SI_ref_13,PB600,IBU,Synthetic,0.6847133757961785,0.6151147457309705,Operations,Operations
885,SI_ref_13,PB600,IBU,Synthetic,0.4580645161290322,0.6151147457309705,Operations,Operations
886,SI_ref_13,PB600,IBU,Synthetic,0.29347826086956524,0.6151147457309705,Operations,Operations
887,SI_ref_13,PB600,IBU,Synthetic,0.5772919064058304,0.5968767123201602,Operations,Operations
888,SI_ref_13,PB600,IBU,Synthetic,0.5887993862677406,0.57863867890935,Operations,Operations
889,SI_ref_13,PB600,IBU,Synthetic,0.7258796821793417,0.6151147457309705,Operations,Operations
890,SI_ref_13,PB600,IBU,Synthetic,0.766427039979821,0.6151147457309705,Operations,Operations
891,SI_ref_13,PB600,IBU,Synthetic,0.8162693908437383,0.6151147457309705,Operations,Operations
892,SI_ref_13,PB600,IBU,Synthetic,0.8533052267445003,0.6151147457309705,Operations,Operations
893,SI_ref_13,PB600,IBU,Synthetic,0.9327073552425663,0.5938669216126203,Operations,Operations
894,SI_ref_13,PB600,IBU,Synthetic,0.6275430359937403,0.5938669216126203,Operations,Operations
895,SI_ref_13,PB600,IBU,Synthetic,0.35367762128325514,0.5938669216126203,Operations,Operations
896,SI_ref_13,PB600,IBU,Synthetic,0.4798506002849601,0.5938669216126203,Operations,Operations
897,SI_ref_13,PB600,IBU,Synthetic,0.2754303599374022,0.5938669216126203,Operations,Operations
898,SI_ref_13,PB600,CBZ,Synthetic,0.244663382594417,0.5571474850036261,Operations,Operations
899,SI_ref_13,PB800,CBZ,Synthetic,0.27061079156395507,0.6537019985068299,Operations,Operations
900,SI_ref_13,PB800,CBZ,Synthetic,0.22678718159408381,0.6329318391378377,Operations,Operations
901,SI_ref_13,PB800,CBZ,Synthetic,0.18844152287044644,0.6119152798305533,Operations,Operations
902,SI_ref_13,PB800,CBZ,Synthetic,0.17748562037797863,0.5995582954424623,Operations,Operations
903,SI_ref_13,PB800,CBZ,Synthetic,0.16379074226239385,0.5783740666276983,Operations,Operations
904,SI_ref_13,PB800,CBZ,Synthetic,0.155573815393043,0.5659607806245719,Operations,Operations
905,SI_ref_13,PB800,CBZ,Synthetic,0.08520900321543408,0.5571474850036261,Operations,Operations
906,SI_ref_13,PB800,CBZ,Synthetic,0.16135346756152125,0.5753855184144363,Operations,Operations
907,SI_ref_13,PB800,CBZ,Synthetic,0.1561792870827899,0.5571474850036261,Operations,Operations
908,SI_ref_13,PB800,CBZ,Synthetic,0.13676633444075306,0.5571474850036261,Operations,Operations
909,SI_ref_13,PB800,CBZ,Synthetic,0.1002310803004044,0.5571474850036261,Operations,Operations
910,SI_ref_13,PB800,CBZ,Synthetic,0.04322336667164253,0.5571474850036261,Operations,Operations
911,SI_ref_13,PB800,CBZ,Synthetic,0.20609619686800895,0.5389094515928159,Operations,Operations
912,SI_ref_13,PB800,CBZ,Synthetic,0.1865212527964206,0.5206714181820056,Operations,Operations
913,SI_ref_13,PB800,CBZ,Synthetic,0.28121650589496244,0.5571474850036261,Operations,Operations
914,SI_ref_13,PB800,CBZ,Synthetic,0.36611289746337977,0.5571474850036261,Operations,Operations
915,SI_ref_13,PB800,CBZ,Synthetic,0.5117363344051448,0.5571474850036261,Operations,Operations
916,SI_ref_13,PB800,CBZ,Synthetic,0.5707012708620426,0.5571474850036261,Operations,Operations
917,SI_ref_13,PB800,CBZ,Synthetic,0.5791052918712493,0.535899660885276,Operations,Operations
918,SI_ref_13,PB800,CBZ,Synthetic,0.30905619203491547,0.535899660885276,Operations,Operations
919,SI_ref_13,PB800,CBZ,Synthetic,0.16448445171849424,0.535899660885276,Operations,Operations
920,SI_ref_13,PB800,CBZ,Synthetic,0.12460736493062231,0.535899660885276,Operations,Operations
921,SI_ref_13,PB800,CBZ,Synthetic,0.08265139116202945,0.535899660885276,Operations,Operations
922,SI_ref_13,PB800,IBU,Synthetic,0.4560270602706027,0.7116692592341742,Operations,Operations
923,SI_ref_13,PB800,IBU,Synthetic,0.4252767527675277,0.690899099865182,Operations,Operations
924,SI_ref_13,PB800,IBU,Synthetic,0.40067650676506766,0.6698825405578976,Operations,Operations
925,SI_ref_13,PB800,IBU,Synthetic,0.39145141451414517,0.6575255561698067,Operations,Operations
926,SI_ref_13,PB800,IBU,Synthetic,0.38837638376383765,0.6363413273550427,Operations,Operations
927,SI_ref_13,PB800,IBU,Synthetic,0.37915129151291516,0.6239280413519163,Operations,Operations
928,SI_ref_13,PB800,IBU,Synthetic,0.23013048635824437,0.6151147457309705,Operations,Operations
929,SI_ref_13,PB800,IBU,Synthetic,0.3126198695818949,0.6333527791417807,Operations,Operations
930,SI_ref_13,PB800,IBU,Synthetic,0.35520079622504414,0.6151147457309705,Operations,Operations
931,SI_ref_13,PB800,IBU,Synthetic,0.24946921443736733,0.6151147457309705,Operations,Operations
932,SI_ref_13,PB800,IBU,Synthetic,0.18924731182795698,0.6151147457309705,Operations,Operations
933,SI_ref_13,PB800,IBU,Synthetic,0.08514492753623189,0.6151147457309705,Operations,Operations
934,SI_ref_13,PB800,IBU,Synthetic,0.4392021480629075,0.5968767123201602,Operations,Operations
935,SI_ref_13,PB800,IBU,Synthetic,0.4238588415803605,0.57863867890935,Operations,Operations
936,SI_ref_13,PB800,IBU,Synthetic,0.5142348754448398,0.6151147457309705,Operations,Operations
937,SI_ref_13,PB800,IBU,Synthetic,0.5523922499011468,0.6151147457309705,Operations,Operations
938,SI_ref_13,PB800,IBU,Synthetic,0.5686613285883748,0.6151147457309705,Operations,Operations
939,SI_ref_13,PB800,IBU,Synthetic,0.5875275377054737,0.6151147457309705,Operations,Operations
940,SI_ref_13,PB800,IBU,Synthetic,0.712022367194781,0.5938669216126203,Operations,Operations
941,SI_ref_13,PB800,IBU,Synthetic,0.5069897483690587,0.5938669216126203,Operations,Operations
942,SI_ref_13,PB800,IBU,Synthetic,0.31469400434917677,0.5938669216126203,Operations,Operations
943,SI_ref_13,PB800,IBU,Synthetic,0.22960794568575607,0.5938669216126203,Operations,Operations
944,SI_ref_13,PB800,IBU,Synthetic,0.10958005249343833,0.5938669216126203,Operations,Operations
