seed,track,strategy,source,n,mae,rmse,r2,out_of_bounds
11,broad,ARD,SI_ref_13,93,0.18117636363970976,0.20899984379443187,0.062146844428101145,0
11,broad,ARD,SI_ref_14,189,0.15335859769575136,0.21000421853850884,0.48637470858854104,5
11,broad,ARD,SI_ref_15,131,0.25139608893845583,0.2912888454895318,0.4098210466852378,41
11,broad,ARD,SI_ref_16,51,0.1473816090128531,0.17885962608047004,-0.289319232592796,0
11,broad,ARD,SI_ref_17,233,0.15132196596811906,0.18448768074411223,0.738517575177345,38
11,broad,ARD,SI_ref_18,304,0.1360042601327668,0.14954831843328673,0.7204772488787474,90
11,broad,ARD,SI_ref_19,278,0.15258054534830529,0.18793427247268316,0.6234368890718784,1
11,broad,AdaBoost,SI_ref_13,93,0.1871643755872735,0.22581827150173656,-0.09486627538574388,0
11,broad,AdaBoost,SI_ref_14,189,0.16898809274678717,0.24275889988146654,0.31365782862191427,0
11,broad,AdaBoost,SI_ref_15,131,0.12135615450852137,0.16332456129557063,0.8144593772238542,0
11,broad,AdaBoost,SI_ref_16,51,0.20475425919185772,0.22777840862978865,-1.0910332221589027,0
11,broad,AdaBoost,SI_ref_17,233,0.12558958421018332,0.18001738041988377,0.7510359521349513,0
11,broad,AdaBoost,SI_ref_18,304,0.13326199417119336,0.19153126434521872,0.5415062234338627,0
11,broad,AdaBoost,SI_ref_19,278,0.0729948248263804,0.11350166952846008,0.8626494829859689,0
11,broad,Bagging,SI_ref_13,93,0.18152309331911395,0.21700214183811217,-0.011046108166811841,0
11,broad,Bagging,SI_ref_14,189,0.1793757225888205,0.2521276113411849,0.2596600563139816,0
11,broad,Bagging,SI_ref_15,131,0.10030161265797831,0.14718541519655126,0.8493165469239523,0
11,broad,Bagging,SI_ref_16,51,0.19561976964033945,0.2136831500393397,-0.8402481024310682,0
11,broad,Bagging,SI_ref_17,233,0.12950983968200458,0.1984577980177906,0.6974172971727756,0
11,broad,Bagging,SI_ref_18,304,0.0565685246918409,0.09607926674278382,0.8846245377881651,0
11,broad,Bagging,SI_ref_19,278,0.06859708786367716,0.10564842638706712,0.8809986565142331,0
11,broad,BayesianRidge,SI_ref_13,93,0.16705355151656412,0.19370359780893803,0.19440215547250306,0
11,broad,BayesianRidge,SI_ref_14,189,0.14492349362927942,0.19584891935017068,0.5532827510935261,28
11,broad,BayesianRidge,SI_ref_15,131,0.2179528962657004,0.25600421085286346,0.5441413216986317,17
11,broad,BayesianRidge,SI_ref_16,51,0.13097855389687757,0.15502980377554096,0.03135148118048681,0
11,broad,BayesianRidge,SI_ref_17,233,0.15521290050707812,0.18858535451348665,0.7267729543181778,38
11,broad,BayesianRidge,SI_ref_18,304,0.13627853024975076,0.14949716971741264,0.7206684216709041,91
11,broad,BayesianRidge,SI_ref_19,278,0.14574393558081847,0.1718320970452546,0.6852002494130385,0
11,broad,CatBoost,SI_ref_13,93,0.16151262136831768,0.1864701080721878,0.25344576056531154,0
11,broad,CatBoost,SI_ref_14,189,0.16128418492124347,0.22491476843560518,0.4108494203999068,0
11,broad,CatBoost,SI_ref_15,131,0.09826977142257291,0.14375528770874774,0.8562580057975682,0
11,broad,CatBoost,SI_ref_16,51,0.17170724491091663,0.19502283755917693,-0.5328750879924091,0
11,broad,CatBoost,SI_ref_17,233,0.11752886060909933,0.17909582199560597,0.7535784582522725,0
11,broad,CatBoost,SI_ref_18,304,0.061967237757758524,0.0967987039694771,0.8828902162066913,0
11,broad,CatBoost,SI_ref_19,278,0.06463054964516632,0.09408652551208564,0.9056198505090501,0
11,broad,Constant,SI_ref_13,93,0.24341764178227324,0.2912709416942086,-0.8215338270551917,0
11,broad,Constant,SI_ref_14,189,0.2658206027978268,0.29762835399643583,-0.03166564368593461,0
11,broad,Constant,SI_ref_15,131,0.35514853958545134,0.3868447423178767,-0.040900954259500466,0
11,broad,Constant,SI_ref_16,51,0.14443707104088022,0.16864968393007332,-0.14632268590585729,0
11,broad,Constant,SI_ref_17,233,0.3307331942938092,0.36460825284233417,-0.021317445771024124,0
11,broad,Constant,SI_ref_18,304,0.24223157124939826,0.28999729832787075,-0.05109506698414923,0
11,broad,Constant,SI_ref_19,278,0.29464173359341905,0.31468468936055033,-0.055788739338318516,0
11,broad,Contrast,SI_ref_13,93,0.16356100927377895,0.19187712205686394,0.20952286399684605,0
11,broad,Contrast,SI_ref_14,189,0.16570543060272275,0.22107076123819544,0.4308156160748603,20
11,broad,Contrast,SI_ref_15,131,0.13942189592191442,0.20101177580957336,0.71895296366489,2
11,broad,Contrast,SI_ref_16,51,0.16546839211877734,0.19062407076268761,-0.4645064991048138,0
11,broad,Contrast,SI_ref_17,233,0.12062063133964827,0.1815579386539405,0.7467565346292802,0
11,broad,Contrast,SI_ref_18,304,0.06789307737611927,0.09848104913655073,0.8787841455708107,33
11,broad,Contrast,SI_ref_19,278,0.09528523679996787,0.12459494682524297,0.8344890782933192,0
11,broad,DecisionTree,SI_ref_13,93,0.2244036206796484,0.27119259027590187,-0.5790597350097975,0
11,broad,DecisionTree,SI_ref_14,189,0.19232896518929665,0.264599647386588,0.18460342084408699,0
11,broad,DecisionTree,SI_ref_15,131,0.09935488004566169,0.16179931719713397,0.8179086237038588,0
11,broad,DecisionTree,SI_ref_16,51,0.22008090624012996,0.243057661687004,-1.3809729148010748,0
11,broad,DecisionTree,SI_ref_17,233,0.16017579266202478,0.24872750841684735,0.5247135861832195,0
11,broad,DecisionTree,SI_ref_18,304,0.09740715685498601,0.18277464780871958,0.5824716152088065,0
11,broad,DecisionTree,SI_ref_19,278,0.09695376683438259,0.13448831870698344,0.8071609746897604,0
11,broad,ElasticNet,SI_ref_13,93,0.19848255787976513,0.24175185164109267,-0.25482319893749295,0
11,broad,ElasticNet,SI_ref_14,189,0.1463920029562245,0.20010068845881404,0.5336762565755795,15
11,broad,ElasticNet,SI_ref_15,131,0.17599972184146265,0.18852458829780747,0.7527865978188553,0
11,broad,ElasticNet,SI_ref_16,51,0.17040941412265134,0.19450640939084285,-0.5247676092628224,0
11,broad,ElasticNet,SI_ref_17,233,0.13106869893558432,0.18831147583648003,0.7275659822197527,0
11,broad,ElasticNet,SI_ref_18,304,0.13255866187250331,0.1681704018028661,0.6465294646828177,15
11,broad,ElasticNet,SI_ref_19,278,0.10873616578160819,0.13862709274732385,0.7951094020492819,0
11,broad,ExtraTrees,SI_ref_13,93,0.1688988726303774,0.19303283636731208,0.19997178231515245,0
11,broad,ExtraTrees,SI_ref_14,189,0.1746356709870326,0.244674206119606,0.3027849733095964,0
11,broad,ExtraTrees,SI_ref_15,131,0.10283959152146784,0.1439968897127577,0.8557744404626305,0
11,broad,ExtraTrees,SI_ref_16,51,0.1575131792424368,0.1757251195289889,-0.244524695384297,0
11,broad,ExtraTrees,SI_ref_17,233,0.13071100353994514,0.1970962090581587,0.7015550026182014,0
11,broad,ExtraTrees,SI_ref_18,304,0.06039302809903461,0.09889171049882177,0.8777711089368001,0
11,broad,ExtraTrees,SI_ref_19,278,0.07744829716157116,0.11118446256788901,0.8682004275671774,0
11,broad,GradientBoosting,SI_ref_13,93,0.17245251959911503,0.1986419711313779,0.1528019389577151,0
11,broad,GradientBoosting,SI_ref_14,189,0.1589919702618251,0.2245985920145672,0.4125046660164453,0
11,broad,GradientBoosting,SI_ref_15,131,0.09764171491749123,0.1406250101826384,0.8624498262928527,0
11,broad,GradientBoosting,SI_ref_16,51,0.19302293745563692,0.21252173515065784,-0.8202981604728532,0
11,broad,GradientBoosting,SI_ref_17,233,0.1200091734579965,0.17902443540790594,0.7537748635835624,0
11,broad,GradientBoosting,SI_ref_18,304,0.06570167799329302,0.10189980458313437,0.8702220838906922,0
11,broad,GradientBoosting,SI_ref_19,278,0.062299837175048195,0.09818335643475545,0.8972216720397348,1
11,broad,HistGradientBoosting,SI_ref_13,93,0.1896443466808844,0.24204396987472784,-0.25785753514911613,0
11,broad,HistGradientBoosting,SI_ref_14,189,0.17309374290877003,0.2394542397363685,0.3322168984512853,0
11,broad,HistGradientBoosting,SI_ref_15,131,0.09805433702161932,0.14802702280292632,0.8475884013924844,0
11,broad,HistGradientBoosting,SI_ref_16,51,0.17217719298612852,0.19605435779862015,-0.5491334230595935,0
11,broad,HistGradientBoosting,SI_ref_17,233,0.12752382492049433,0.19465234470917675,0.70891016489522,2
11,broad,HistGradientBoosting,SI_ref_18,304,0.049132342773061326,0.08203236552494612,0.9158944675669117,0
11,broad,HistGradientBoosting,SI_ref_19,278,0.05947003376263713,0.08805735390598023,0.9173282633268501,0
11,broad,Huber,SI_ref_13,93,0.17690460375863157,0.20361375210233512,0.10986242337844265,0
11,broad,Huber,SI_ref_14,189,0.1488735804490055,0.2006173329635097,0.5312651242165711,8
11,broad,Huber,SI_ref_15,131,0.2628593198603211,0.3036877627359916,0.35850896164178314,44
11,broad,Huber,SI_ref_16,51,0.14304438848434067,0.17083244589060748,-0.1761874520827349,0
11,broad,Huber,SI_ref_17,233,0.16028235529928547,0.20073496105259578,0.6904336137916678,39
11,broad,Huber,SI_ref_18,304,0.1386477118640527,0.15279686539833823,0.7082015479628783,89
11,broad,Huber,SI_ref_19,278,0.1998394647712591,0.2151306632157815,0.506564454749207,0
11,broad,KNN,SI_ref_13,93,0.21147153358867887,0.2414505207106602,-0.25169700662065697,0
11,broad,KNN,SI_ref_14,189,0.15767726746070435,0.215834929011725,0.4574574296958852,0
11,broad,KNN,SI_ref_15,131,0.09616458823680969,0.14832699391973334,0.8469700629220409,0
11,broad,KNN,SI_ref_16,51,0.20334358239096906,0.2304456247506208,-1.1402906687577579,0
11,broad,KNN,SI_ref_17,233,0.13150319274945518,0.196306377281693,0.7039421518754028,0
11,broad,KNN,SI_ref_18,304,0.1013000892085552,0.16834217902310702,0.6458069927667218,0
11,broad,KNN,SI_ref_19,278,0.0722607321438738,0.11696963223993616,0.8541279628790651,0
11,broad,KernelRidge,SI_ref_13,93,0.14397742537718602,0.17177794636681165,0.36645461203778673,0
11,broad,KernelRidge,SI_ref_14,189,0.16382661811555488,0.21211026793742274,0.47602116125120497,56
11,broad,KernelRidge,SI_ref_15,131,0.10094388177334747,0.1472413838709145,0.8492019274614755,0
11,broad,KernelRidge,SI_ref_16,51,0.1608219805829567,0.18347021917134715,-0.35664738977429145,0
11,broad,KernelRidge,SI_ref_17,233,0.12286794094650628,0.17930700481730333,0.7529969742432971,0
11,broad,KernelRidge,SI_ref_18,304,0.0738510470864139,0.09815468179096504,0.8795862358077193,2
11,broad,KernelRidge,SI_ref_19,278,0.08080325751460574,0.11511069078757187,0.858727666310052,1
11,broad,Lasso,SI_ref_13,93,0.20161153602377593,0.2452961686229628,-0.2918867698120411,0
11,broad,Lasso,SI_ref_14,189,0.14302757345646083,0.20149040560597986,0.5271764437256856,1
11,broad,Lasso,SI_ref_15,131,0.17829193533695473,0.1908200250318596,0.7467299090382029,0
11,broad,Lasso,SI_ref_16,51,0.17865381721034565,0.20954780611936236,-0.769709819529645,0
11,broad,Lasso,SI_ref_17,233,0.1357074188556418,0.19756023172988285,0.7001480931369009,0
11,broad,Lasso,SI_ref_18,304,0.13212277677677017,0.18113337289182868,0.589936567802305,0
11,broad,Lasso,SI_ref_19,278,0.12378448690772884,0.15007247533818094,0.7598802453096727,0
11,broad,LightGBM,SI_ref_13,93,0.18358812155496754,0.23023670833661952,-0.13813048499893332,0
11,broad,LightGBM,SI_ref_14,189,0.16981992001400317,0.23350820698714697,0.364969388160011,0
11,broad,LightGBM,SI_ref_15,131,0.09508456524370354,0.13496919916610822,0.8732916161945415,0
11,broad,LightGBM,SI_ref_16,51,0.16973290539046879,0.19433357359711922,-0.5220590369927809,0
11,broad,LightGBM,SI_ref_17,233,0.1267023664405326,0.19153970611697965,0.7181452263378776,0
11,broad,LightGBM,SI_ref_18,304,0.04972127216111706,0.08170599458506077,0.9165623745938203,0
11,broad,LightGBM,SI_ref_19,278,0.05881718304206119,0.0878103008406268,0.9177914990230662,0
11,broad,MLP,SI_ref_13,93,0.20224093883151836,0.2486034805869655,-0.32695846844026955,3
11,broad,MLP,SI_ref_14,189,0.18033799253603844,0.2258870042513953,0.40574498638681766,36
11,broad,MLP,SI_ref_15,131,0.17777212397805517,0.21135371989703672,0.689289591962355,4
11,broad,MLP,SI_ref_16,51,0.19174669886071388,0.23900955924290182,-1.3023236041627881,0
11,broad,MLP,SI_ref_17,233,0.15901196713305124,0.21151619964346993,0.6562877341282136,7
11,broad,MLP,SI_ref_18,304,0.110468878339765,0.14926933949263257,0.7215191626357212,44
11,broad,MLP,SI_ref_19,278,0.22394370847669728,0.26300898596312067,0.2624915973145453,20
11,broad,OLS,SI_ref_13,93,0.17116408655502363,0.19721544267609686,0.16492639164260947,0
11,broad,OLS,SI_ref_14,189,0.1466321672599215,0.19934837989598225,0.5371760932722244,6
11,broad,OLS,SI_ref_15,131,0.2590759828286366,0.29973949308442027,0.37508068740117795,43
11,broad,OLS,SI_ref_16,51,0.1435539587104085,0.17079327899763433,-0.17564818301317286,0
11,broad,OLS,SI_ref_17,233,0.15902444060159568,0.19392029255084714,0.7110955199231712,38
11,broad,OLS,SI_ref_18,304,0.13712439042172764,0.1505105707219482,0.7168685591473272,88
11,broad,OLS,SI_ref_19,278,0.19283734183604923,0.20718742380667649,0.5423298585905039,0
11,broad,Operations,SI_ref_13,93,0.2031742854624568,0.24257052634942788,-0.2633363204173311,0
11,broad,Operations,SI_ref_14,189,0.27964801675849205,0.31844376178066597,-0.18101619798470026,0
11,broad,Operations,SI_ref_15,131,0.35052783753412564,0.37710614514712776,0.010847555914002993,0
11,broad,Operations,SI_ref_16,51,0.1401490700617887,0.15641559707336683,0.013956810835886069,0
11,broad,Operations,SI_ref_17,233,0.3377719767805608,0.3712707922560198,-0.058983834881585206,0
11,broad,Operations,SI_ref_18,304,0.22647617110230098,0.2633285082663288,0.1333378063599091,0
11,broad,Operations,SI_ref_19,278,0.28214025659327724,0.30389573108676454,0.015365614962624452,0
11,broad,PCR,SI_ref_13,93,0.22428734171993758,0.2777658639694086,-0.6565351862381512,0
11,broad,PCR,SI_ref_14,189,0.14211808273910104,0.1978012959779343,0.5443318974442849,5
11,broad,PCR,SI_ref_15,131,0.14139473010705952,0.17087158076908943,0.7969160117037064,0
11,broad,PCR,SI_ref_16,51,0.15455933365931349,0.17178242717850337,-0.18930513373351876,0
11,broad,PCR,SI_ref_17,233,0.14975418718192904,0.20486800264316507,0.6775547171899337,1
11,broad,PCR,SI_ref_18,304,0.15382028115099258,0.18943125211860654,0.5515052601721473,36
11,broad,PCR,SI_ref_19,278,0.1218284628982423,0.1464103287682992,0.7714563122801144,6
11,broad,PLS,SI_ref_13,93,0.21889646542378838,0.26597132436869064,-0.5188418410587783,0
11,broad,PLS,SI_ref_14,189,0.1405048309662154,0.19724060680254846,0.5469115172286318,5
11,broad,PLS,SI_ref_15,131,0.1615141766583743,0.1890012156025701,0.7515350093053434,0
11,broad,PLS,SI_ref_16,51,0.17318656287069384,0.19626464149648976,-0.5524583397674829,0
11,broad,PLS,SI_ref_17,233,0.13734152981221234,0.1945507125640575,0.7092140539767232,2
11,broad,PLS,SI_ref_18,304,0.14701708940756425,0.179422814851604,0.5976449787898086,49
11,broad,PLS,SI_ref_19,278,0.11171461798984231,0.14242888992044878,0.7837172026791459,38
11,broad,Point,SI_ref_13,93,0.17155727943867957,0.20792775636107244,0.07174380636360078,0
11,broad,Point,SI_ref_14,189,0.1551159392261299,0.21752831807029868,0.4489107153497389,0
11,broad,Point,SI_ref_15,131,0.09959099847765542,0.15191812954321454,0.8394703648634558,0
11,broad,Point,SI_ref_16,51,0.159181524373681,0.1813353427706817,-0.32525892955653957,0
11,broad,Point,SI_ref_17,233,0.11810470703533121,0.18346112071367277,0.7414194555470204,0
11,broad,Point,SI_ref_18,304,0.06828300346047728,0.1063081388823211,0.8587504333248613,9
11,broad,Point,SI_ref_19,278,0.09300610298199263,0.12375375257564017,0.8367164053061642,19
11,broad,RandomForest,SI_ref_13,93,0.1791479766204131,0.214827540460296,0.009115959621181724,0
11,broad,RandomForest,SI_ref_14,189,0.18033853496821442,0.24887406114355012,0.27864402681021294,0
11,broad,RandomForest,SI_ref_15,131,0.09854830148026107,0.14812687917570164,0.8473827037780819,0
11,broad,RandomForest,SI_ref_16,51,0.19310154030547752,0.2106571416169669,-0.788496925971933,0
11,broad,RandomForest,SI_ref_17,233,0.12898922967603113,0.19675597946312431,0.7025844712367919,0
11,broad,RandomForest,SI_ref_18,304,0.06306045974079502,0.10476597081640228,0.8628188063481164,0
11,broad,RandomForest,SI_ref_19,278,0.04814471995898276,0.07599597343719579,0.9384246394346903,0
11,broad,Ridge,SI_ref_13,93,0.16122796546710558,0.1952955013428551,0.18110654559721995,0
11,broad,Ridge,SI_ref_14,189,0.14482641874804816,0.19883239891661708,0.5395688819616022,16
11,broad,Ridge,SI_ref_15,131,0.18579481163075606,0.2190871562160517,0.6661358051758203,0
11,broad,Ridge,SI_ref_16,51,0.1399959319038562,0.16200176678665154,-0.05773122682143872,0
11,broad,Ridge,SI_ref_17,233,0.14593306117153437,0.18161800568210268,0.746588939658817,27
11,broad,Ridge,SI_ref_18,304,0.13333838550448635,0.15099521337168664,0.7150422622870121,73
11,broad,Ridge,SI_ref_19,278,0.12284688461418321,0.14911889508070517,0.7629220555183417,0
11,broad,SVR,SI_ref_13,93,0.1573212314778733,0.18531860563604632,0.26263763290232955,0
11,broad,SVR,SI_ref_14,189,0.16460274645955125,0.22176963552471407,0.4272111855742824,54
11,broad,SVR,SI_ref_15,131,0.08995004829348026,0.15495701295284475,0.8329838449054576,0
11,broad,SVR,SI_ref_16,51,0.17987899985779318,0.20529935484338543,-0.6986777303561098,0
11,broad,SVR,SI_ref_17,233,0.12552876058143375,0.1907848933096259,0.7203622956154142,13
11,broad,SVR,SI_ref_18,304,0.04851136348108858,0.08046421100749544,0.9190793042231795,0
11,broad,SVR,SI_ref_19,278,0.0850892211206974,0.11789578845126676,0.8518088113640851,0
11,broad,SplineRidge,SI_ref_13,93,0.16408235271180416,0.18881268979454818,0.2345703533770972,0
11,broad,SplineRidge,SI_ref_14,189,0.21949522165331845,0.2596787802715561,0.21464992766133795,0
11,broad,SplineRidge,SI_ref_15,131,0.2439998473126628,0.2854279029565887,0.4333317724846947,43
11,broad,SplineRidge,SI_ref_16,51,0.12221975457809271,0.1518180340710138,0.07107093690464994,0
11,broad,SplineRidge,SI_ref_17,233,0.15168707786619398,0.19359847951829967,0.7120536051296247,43
11,broad,SplineRidge,SI_ref_18,304,0.11947816569819025,0.14420692474487742,0.740088003690779,29
11,broad,SplineRidge,SI_ref_19,278,0.11624565379178431,0.14999387171837147,0.760131714994071,84
11,broad,TOPSIS,SI_ref_13,93,0.1530186386491856,0.18160965425009484,0.29185729728026566,0
11,broad,TOPSIS,SI_ref_14,189,0.1672892183493761,0.22406844169176945,0.41527488150770064,20
11,broad,TOPSIS,SI_ref_15,131,0.09849070498414972,0.15075437823100807,0.8419203822601783,0
11,broad,TOPSIS,SI_ref_16,51,0.17751860342015044,0.20170767183960667,-0.6397613943060676,0
11,broad,TOPSIS,SI_ref_17,233,0.12658571296462137,0.1976795102302483,0.6997859080712875,0
11,broad,TOPSIS,SI_ref_18,304,0.053029381648482074,0.08296811389186523,0.9139647294383747,2
11,broad,TOPSIS,SI_ref_19,278,0.08358688524493402,0.11827095176282323,0.8508641744888381,0
11,broad,XGBoost,SI_ref_13,93,0.1721620669300539,0.1970555120073167,0.1662802382430424,0
11,broad,XGBoost,SI_ref_14,189,0.15766778185332375,0.2217930598148249,0.42709017820625306,0
11,broad,XGBoost,SI_ref_15,131,0.10035131792845393,0.1438819405978592,0.8560046118685078,0
11,broad,XGBoost,SI_ref_16,51,0.1651877875972143,0.1865269122188359,-0.4022286166055107,0
11,broad,XGBoost,SI_ref_17,233,0.11962767544987532,0.17870734421251003,0.7546463276162462,0
11,broad,XGBoost,SI_ref_18,304,0.05276932445095056,0.08601212620557977,0.907535833120389,0
11,broad,XGBoost,SI_ref_19,278,0.05283763010220933,0.08705501465634638,0.9191996233954058,1
11,exact,ARD,SI_ref_13,93,0.14447955013973468,0.17430358966180173,0.34768767641093423,0
11,exact,ARD,SI_ref_14,189,0.1399751188589735,0.16795111446874855,0.6714842899134219,29
11,exact,ARD,SI_ref_15,131,0.11861535120812158,0.14676292656346485,0.8501803645327555,0
11,exact,ARD,SI_ref_16,51,0.10394398127406547,0.126593996232087,0.3541048206080907,0
11,exact,ARD,SI_ref_17,233,0.13056027044831445,0.17264127616831518,0.7710202712617304,7
11,exact,ARD,SI_ref_18,304,0.1326274354602824,0.14435476173344247,0.7395548212125946,104
11,exact,ARD,SI_ref_19,278,0.09149732803418577,0.1260397135363078,0.8306283907431724,1
11,exact,AdaBoost,SI_ref_13,93,0.15855333219894005,0.18839697083589904,0.23793721725719186,0
11,exact,AdaBoost,SI_ref_14,189,0.1358520261237463,0.18669232483818116,0.5940773447318886,0
11,exact,AdaBoost,SI_ref_15,131,0.1249031324619391,0.1678968238640013,0.8039255657646378,0
11,exact,AdaBoost,SI_ref_16,51,0.1338842220431846,0.15188758862049362,0.07021957502909615,0
11,exact,AdaBoost,SI_ref_17,233,0.12443204843064629,0.17750518274139357,0.757936205322505,0
11,exact,AdaBoost,SI_ref_18,304,0.12939679709196109,0.18380247366070893,0.577762503557883,0
11,exact,AdaBoost,SI_ref_19,278,0.06550301437789917,0.10996102313083955,0.8710850325752039,0
11,exact,Bagging,SI_ref_13,93,0.139811468044676,0.1750530362304444,0.3420661716737665,0
11,exact,Bagging,SI_ref_14,189,0.12105817701227352,0.1672697462173519,0.6741444225612714,0
11,exact,Bagging,SI_ref_15,131,0.10402843481694972,0.1440535921110888,0.8556608332135214,0
11,exact,Bagging,SI_ref_16,51,0.10190904611282771,0.12909160504418107,0.32836731147003473,0
11,exact,Bagging,SI_ref_17,233,0.11627850628534493,0.17009111291506235,0.7777350374202476,0
11,exact,Bagging,SI_ref_18,304,0.04085595115566138,0.08090025219101099,0.9181998980674784,0
11,exact,Bagging,SI_ref_19,278,0.062360327827700124,0.10117443975518793,0.890864154981139,0
11,exact,BayesianRidge,SI_ref_13,93,0.14269550078875448,0.1730564502771613,0.3569888504651828,0
11,exact,BayesianRidge,SI_ref_14,189,0.14063175649605392,0.16752725398843127,0.6731403565622274,32
11,exact,BayesianRidge,SI_ref_15,131,0.11880389948244999,0.14704632565393097,0.849601202705928,0
11,exact,BayesianRidge,SI_ref_16,51,0.10085585371928114,0.12347681459546696,0.38552154740908307,0
11,exact,BayesianRidge,SI_ref_17,233,0.13083645992255788,0.1722979676522713,0.7719300482439149,9
11,exact,BayesianRidge,SI_ref_18,304,0.132021849906626,0.14384862883724633,0.7413779516637438,103
11,exact,BayesianRidge,SI_ref_19,278,0.09241436893719782,0.1252097945052018,0.8328515303844661,0
11,exact,CatBoost,SI_ref_13,93,0.13866148827552585,0.17378570036507232,0.3515582071209442,0
11,exact,CatBoost,SI_ref_14,189,0.11799973636704641,0.16429999735629502,0.6856123511729666,0
11,exact,CatBoost,SI_ref_15,131,0.10175368280564581,0.1383608762617409,0.8668434246591326,0
11,exact,CatBoost,SI_ref_16,51,0.10566027800255283,0.13080430163713405,0.3104275899438751,0
11,exact,CatBoost,SI_ref_17,233,0.11231281756932367,0.16537229724746294,0.7898965034605818,0
11,exact,CatBoost,SI_ref_18,304,0.0424993205627763,0.07830026977122474,0.9233732138959941,0
11,exact,CatBoost,SI_ref_19,278,0.05512869640428015,0.08737051512691084,0.9186128966830613,2
11,exact,Constant,SI_ref_13,93,0.24659778227032486,0.2944781136465913,-0.8618683349879894,0
11,exact,Constant,SI_ref_14,189,0.2637001869631575,0.2937012255532473,-0.004620140086864399,0
11,exact,Constant,SI_ref_15,131,0.35536953685130346,0.3873695866534834,-0.04372731589009593,0
11,exact,Constant,SI_ref_16,51,0.13945572969537268,0.16166160686173778,-0.05329399082355035,0
11,exact,Constant,SI_ref_17,233,0.3308265588535274,0.3627245957854097,-0.010791944202670933,0
11,exact,Constant,SI_ref_18,304,0.23989560959102504,0.2871799279672778,-0.03077115889841875,0
11,exact,Constant,SI_ref_19,278,0.2932688951590367,0.31267396051201685,-0.042339578160647484,0
11,exact,Contrast,SI_ref_13,93,0.14424380424256333,0.18304356536299923,0.2806307759991987,0
11,exact,Contrast,SI_ref_14,189,0.1283625933012042,0.1867759992167331,0.5937133989995003,0
11,exact,Contrast,SI_ref_15,131,0.09950963081914761,0.14193708702196006,0.8598710766306621,0
11,exact,Contrast,SI_ref_16,51,0.10439063055986664,0.13018933106886613,0.31689633548495677,0
11,exact,Contrast,SI_ref_17,233,0.10794154693602678,0.16159522606515245,0.7993843477462625,0
11,exact,Contrast,SI_ref_18,304,0.03810092023928257,0.07432635604615562,0.9309538008085924,0
11,exact,Contrast,SI_ref_19,278,0.04098634425725452,0.0645137915873787,0.9556257595015003,0
11,exact,DecisionTree,SI_ref_13,93,0.14592015486623588,0.18093455308304618,0.2971122976408229,0
11,exact,DecisionTree,SI_ref_14,189,0.12369416469057333,0.17042200211114197,0.661746975088745,0
11,exact,DecisionTree,SI_ref_15,131,0.10756338398144344,0.15083153059704726,0.8417585383716559,0
11,exact,DecisionTree,SI_ref_16,51,0.10149629481908015,0.1290585552549086,0.3287111677162864,0
11,exact,DecisionTree,SI_ref_17,233,0.11128690873871541,0.1690403675534493,0.7804726585772622,0
11,exact,DecisionTree,SI_ref_18,304,0.04414186524396116,0.08562319064880392,0.9083701641554212,0
11,exact,DecisionTree,SI_ref_19,278,0.0662403251423074,0.11020682735814728,0.870508041561929,0
11,exact,ElasticNet,SI_ref_13,93,0.1434955659878442,0.1741613255859411,0.34875205768739825,0
11,exact,ElasticNet,SI_ref_14,189,0.13955715557196516,0.1673100637764888,0.6739873196168167,31
11,exact,ElasticNet,SI_ref_15,131,0.12748801181945982,0.15151870796046857,0.840313380909371,0
11,exact,ElasticNet,SI_ref_16,51,0.1050689743172669,0.12544541653028046,0.36577198776430164,0
11,exact,ElasticNet,SI_ref_17,233,0.1299063199441142,0.17296932733341913,0.7701492346614138,7
11,exact,ElasticNet,SI_ref_18,304,0.1319529615575674,0.1439469317495518,0.7410243579228948,103
11,exact,ElasticNet,SI_ref_19,278,0.09301928341384043,0.12597025726945194,0.8308150093574045,0
11,exact,ExtraTrees,SI_ref_13,93,0.14342619458973874,0.1784842532171911,0.31602105350940424,0
11,exact,ExtraTrees,SI_ref_14,189,0.11938346888942436,0.16259930658571373,0.6920872012008621,0
11,exact,ExtraTrees,SI_ref_15,131,0.10233165276746745,0.14084574017079848,0.8620176801706851,0
11,exact,ExtraTrees,SI_ref_16,51,0.10125712470985232,0.1285504007631155,0.3339870190654105,0
11,exact,ExtraTrees,SI_ref_17,233,0.11505021433320725,0.16911723185615687,0.780272970743968,0
11,exact,ExtraTrees,SI_ref_18,304,0.03989300407599991,0.0812588677481579,0.9174730818678681,0
11,exact,ExtraTrees,SI_ref_19,278,0.07164639896245957,0.1151519327815938,0.8586264177389958,0
11,exact,GradientBoosting,SI_ref_13,93,0.1429387382629689,0.1750063903774039,0.34241676023146195,0
11,exact,GradientBoosting,SI_ref_14,189,0.12029427982419412,0.16623076432267322,0.6781798992750947,0
11,exact,GradientBoosting,SI_ref_15,131,0.10106409771184129,0.13970864972944855,0.8642366330852244,0
11,exact,GradientBoosting,SI_ref_16,51,0.10683766239152975,0.13615751069293686,0.25283068189883195,0
11,exact,GradientBoosting,SI_ref_17,233,0.11577489300129523,0.16725168308397587,0.7850938940555136,0
11,exact,GradientBoosting,SI_ref_18,304,0.04996976612120283,0.08334371832997597,0.913183986693337,0
11,exact,GradientBoosting,SI_ref_19,278,0.0629377436326966,0.09627454652034118,0.9011791096705296,1
11,exact,HistGradientBoosting,SI_ref_13,93,0.14705193721306317,0.18594452284919538,0.25764830972144637,0
11,exact,HistGradientBoosting,SI_ref_14,189,0.11643287047086084,0.16410677608033333,0.6863513732536581,0
11,exact,HistGradientBoosting,SI_ref_15,131,0.10716166477049142,0.14158112810472537,0.8605730438835686,0
11,exact,HistGradientBoosting,SI_ref_16,51,0.10495244811512246,0.1306058499633839,0.31251839258059755,0
11,exact,HistGradientBoosting,SI_ref_17,233,0.10648623395251273,0.16065750001530466,0.8017059100426548,0
11,exact,HistGradientBoosting,SI_ref_18,304,0.039959020696873467,0.07750428784436189,0.9249232344548597,0
11,exact,HistGradientBoosting,SI_ref_19,278,0.049222209468960984,0.075277954314367,0.9395826856543437,0
11,exact,Huber,SI_ref_13,93,0.1508003478468784,0.1784313991130161,0.3164260835461984,0
11,exact,Huber,SI_ref_14,189,0.13451479296439336,0.1714788378369299,0.6575387591531624,23
11,exact,Huber,SI_ref_15,131,0.1179906928300546,0.1506114299214704,0.842220028623072,2
11,exact,Huber,SI_ref_16,51,0.09730041085079655,0.12268530184493745,0.3933741741855782,0
11,exact,Huber,SI_ref_17,233,0.12524233645707095,0.17078102164436365,0.7759283172150742,5
11,exact,Huber,SI_ref_18,304,0.13412390343576006,0.14749558192080744,0.728098178308068,91
11,exact,Huber,SI_ref_19,278,0.0832656007752431,0.1210888964103414,0.8436728388677761,3
11,exact,KNN,SI_ref_13,93,0.1696776094941269,0.20577947053154091,0.09082599093515886,0
11,exact,KNN,SI_ref_14,189,0.18107843246423053,0.25241441526650854,0.2579747734642508,0
11,exact,KNN,SI_ref_15,131,0.10121982939790328,0.16481925193237984,0.8110478287699483,0
11,exact,KNN,SI_ref_16,51,0.10463924751508204,0.1482347869642172,0.11440309282583028,0
11,exact,KNN,SI_ref_17,233,0.10735307019356367,0.18556605094030287,0.7354517991378096,0
11,exact,KNN,SI_ref_18,304,0.07214979883762578,0.12084146766121613,0.8174902473368626,0
11,exact,KNN,SI_ref_19,278,0.07322756434141124,0.11740863058325188,0.8530309644355495,0
11,exact,KernelRidge,SI_ref_13,93,0.13553822505658203,0.17256123163922055,0.3606636686374298,0
11,exact,KernelRidge,SI_ref_14,189,0.1251384561971534,0.15825767533563462,0.7083110836713391,18
11,exact,KernelRidge,SI_ref_15,131,0.09888967195096861,0.14270811227255278,0.8583445356271655,0
11,exact,KernelRidge,SI_ref_16,51,0.10417447991053042,0.13620111483209285,0.2523520466544321,0
11,exact,KernelRidge,SI_ref_17,233,0.11322322328966462,0.16478430998358026,0.791387908730406,0
11,exact,KernelRidge,SI_ref_18,304,0.05514538372588946,0.08217338299456096,0.9156050563440181,0
11,exact,KernelRidge,SI_ref_19,278,0.07100942543708441,0.11276098026971906,0.8644362779289365,3
11,exact,Lasso,SI_ref_13,93,0.14460470586225935,0.17677470900163392,0.32906077458035354,0
11,exact,Lasso,SI_ref_14,189,0.13921414292517353,0.16785073599317396,0.6718768571436575,33
11,exact,Lasso,SI_ref_15,131,0.1431550923782739,0.1602563791651431,0.8213649559141913,0
11,exact,Lasso,SI_ref_16,51,0.1130401966589701,0.13183263162389003,0.2995426979784682,0
11,exact,Lasso,SI_ref_17,233,0.13004169949531846,0.1752284495430114,0.7641059440342259,5
11,exact,Lasso,SI_ref_18,304,0.13168984461246824,0.14455045398147773,0.7388482058119338,103
11,exact,Lasso,SI_ref_19,278,0.09401330415869538,0.12699614833809145,0.8280481320731974,1
11,exact,LightGBM,SI_ref_13,93,0.14653470795966955,0.18477934593298642,0.266922699445973,0
11,exact,LightGBM,SI_ref_14,189,0.11683695722151742,0.1641040802523469,0.6863616779567435,3
11,exact,LightGBM,SI_ref_15,131,0.10600578438935786,0.14096641735185472,0.8617811312934619,0
11,exact,LightGBM,SI_ref_16,51,0.1043994615309534,0.13054362322129726,0.3131733333746042,0
11,exact,LightGBM,SI_ref_17,233,0.10713137809891077,0.1611558174958472,0.8004738896519059,0
11,exact,LightGBM,SI_ref_18,304,0.039046244454114316,0.0764291087781279,0.9269917926640964,0
11,exact,LightGBM,SI_ref_19,278,0.04784281219736477,0.0730557641736796,0.9430970509318891,0
11,exact,MLP,SI_ref_13,93,0.16713700749545865,0.19615712570771307,0.173864852686331,1
11,exact,MLP,SI_ref_14,189,0.1397012186867658,0.17689802743425184,0.635551352151535,20
11,exact,MLP,SI_ref_15,131,0.10451372387217749,0.1499231504311024,0.8436588115914088,1
11,exact,MLP,SI_ref_16,51,0.12305179922316793,0.15562185194585595,0.023938949884127703,0
11,exact,MLP,SI_ref_17,233,0.13458114232538584,0.17664543283808845,0.7602754082450959,14
11,exact,MLP,SI_ref_18,304,0.07923335528310717,0.10628961621986699,0.8587996504430414,25
11,exact,MLP,SI_ref_19,278,0.09248653241176501,0.1279566846810177,0.8254371767368137,11
11,exact,OLS,SI_ref_13,93,0.1434134815396705,0.17332226274622697,0.3550120198209853,0
11,exact,OLS,SI_ref_14,189,0.14112834645536226,0.1677949084466448,0.6720950898914666,32
11,exact,OLS,SI_ref_15,131,0.11786231805527914,0.14603068807693992,0.8516716135219514,1
11,exact,OLS,SI_ref_16,51,0.10095554488637512,0.124136543935022,0.3789377616023203,0
11,exact,OLS,SI_ref_17,233,0.13102088273883408,0.17239359605315532,0.7716768123232558,9
11,exact,OLS,SI_ref_18,304,0.13222623389352167,0.1441495724092316,0.7402947010576832,97
11,exact,OLS,SI_ref_19,278,0.09194451076364395,0.12478843755342243,0.8339746160909994,0
11,exact,Operations,SI_ref_13,93,0.18725894627424708,0.22331619316508963,-0.07073833751116121,0
11,exact,Operations,SI_ref_14,189,0.2553400274800569,0.282596870819867,0.0699098176574241,0
11,exact,Operations,SI_ref_15,131,0.350716267690295,0.37691631064439407,0.011843180100535644,0
11,exact,Operations,SI_ref_16,51,0.11031627572156427,0.12853208074571992,0.3341768356649881,0
11,exact,Operations,SI_ref_17,233,0.3390692828539266,0.3661570837515114,-0.030012848614080267,0
11,exact,Operations,SI_ref_18,304,0.22589730632719582,0.2604794904179624,0.1519896338437896,0
11,exact,Operations,SI_ref_19,278,0.2812836247985118,0.30448189660387986,0.011563552037049618,0
11,exact,PCR,SI_ref_13,93,0.14704890333864765,0.18576616583482997,0.25907174643927955,0
11,exact,PCR,SI_ref_14,189,0.13422564899055736,0.18400254361268503,0.6056897957450091,6
11,exact,PCR,SI_ref_15,131,0.15317412743290096,0.16846713636220426,0.8025912508037447,0
11,exact,PCR,SI_ref_16,51,0.1300233298629189,0.1468053710363501,0.13140022192666223,0
11,exact,PCR,SI_ref_17,233,0.1377405045501334,0.18678640759282433,0.7319608078910043,0
11,exact,PCR,SI_ref_18,304,0.1582422707604185,0.18566674263344823,0.5691537371258504,65
11,exact,PCR,SI_ref_19,278,0.10188504224237484,0.13572305151019723,0.8036038228398595,4
11,exact,PLS,SI_ref_13,93,0.14310015926394848,0.1766032770975308,0.33036146535883726,0
11,exact,PLS,SI_ref_14,189,0.14078732999928892,0.17112774779462062,0.6589396509163882,36
11,exact,PLS,SI_ref_15,131,0.18007075356916932,0.19093917423040083,0.7464135234840406,0
11,exact,PLS,SI_ref_16,51,0.11887132046370374,0.13689582888859586,0.2447056160715273,0
11,exact,PLS,SI_ref_17,233,0.13064740093486732,0.17595853620128574,0.7621361510475178,16
11,exact,PLS,SI_ref_18,304,0.1349427416308359,0.15107826746123404,0.7147286971896498,100
11,exact,PLS,SI_ref_19,278,0.08979932596549604,0.12450977999048078,0.8347152708317358,1
11,exact,Point,SI_ref_13,93,0.14233317136014023,0.17972358932038243,0.30648942489668274,0
11,exact,Point,SI_ref_14,189,0.1290274000221085,0.1887243249425574,0.5851929546508481,0
11,exact,Point,SI_ref_15,131,0.10497586339379869,0.1492217298712807,0.8451182846267677,0
11,exact,Point,SI_ref_16,51,0.1099765819769994,0.1413915230643593,0.19428292126322477,0
11,exact,Point,SI_ref_17,233,0.10850251142860008,0.16288512975686872,0.7961688111514617,0
11,exact,Point,SI_ref_18,304,0.04001496264068899,0.0796449391125809,0.920718754701794,0
11,exact,Point,SI_ref_19,278,0.05062172450322008,0.07883970096285776,0.9337301884290364,0
11,exact,RandomForest,SI_ref_13,93,0.13803909085562446,0.17806241413874885,0.31925033655143253,0
11,exact,RandomForest,SI_ref_14,189,0.12281020806573417,0.17181096836032295,0.6562108753908377,0
11,exact,RandomForest,SI_ref_15,131,0.10333192818813061,0.1445362283264938,0.8546920269808091,0
11,exact,RandomForest,SI_ref_16,51,0.10135082935072362,0.12897806474188353,0.3295482378831699,0
11,exact,RandomForest,SI_ref_17,233,0.11241578036995085,0.1672595545735152,0.7850736650097911,0
11,exact,RandomForest,SI_ref_18,304,0.041252859714352864,0.08158095413771188,0.9168175601483646,0
11,exact,RandomForest,SI_ref_19,278,0.04520173813255503,0.0730718076047502,0.9430720558122766,0
11,exact,Ridge,SI_ref_13,93,0.14282452514635524,0.17300070911517304,0.3574030091543021,0
11,exact,Ridge,SI_ref_14,189,0.14074629001256792,0.16757129656488048,0.6729684724920586,32
11,exact,Ridge,SI_ref_15,131,0.11847825184768417,0.14670162000681328,0.8503055052313951,0
11,exact,Ridge,SI_ref_16,51,0.10076791771174487,0.12350331511221535,0.38525776114267607,0
11,exact,Ridge,SI_ref_17,233,0.1307820200610418,0.17223942899268985,0.7720849965749523,9
11,exact,Ridge,SI_ref_18,304,0.1320675149302823,0.1439126134575584,0.7411478276231847,103
11,exact,Ridge,SI_ref_19,278,0.0923028477671561,0.12510483935914415,0.8331316321049467,0
11,exact,SVR,SI_ref_13,93,0.1342391134870125,0.17815614565236665,0.3185334588122727,0
11,exact,SVR,SI_ref_14,189,0.11844634758044939,0.17015542884488835,0.662804334953458,0
11,exact,SVR,SI_ref_15,131,0.08212088344454684,0.1507082074137664,0.8420171959986903,0
11,exact,SVR,SI_ref_16,51,0.10659580472061847,0.14482042587903723,0.15472998211586186,0
11,exact,SVR,SI_ref_17,233,0.09807275468808237,0.17028069274244387,0.7772392979900251,0
11,exact,SVR,SI_ref_18,304,0.038080586883162876,0.07646479485046298,0.9269235991588392,0
11,exact,SVR,SI_ref_19,278,0.07556864879983419,0.12080006960389074,0.8444177069334846,0
11,exact,SplineRidge,SI_ref_13,93,0.14302688236859878,0.1726262887761789,0.3601815066660753,0
11,exact,SplineRidge,SI_ref_14,189,0.13994854215017388,0.16735354870286268,0.673817832146888,27
11,exact,SplineRidge,SI_ref_15,131,0.11234359146697788,0.14188880667622106,0.8599663910035553,4
11,exact,SplineRidge,SI_ref_16,51,0.10377282725611583,0.12820762836700642,0.3375340558945531,0
11,exact,SplineRidge,SI_ref_17,233,0.12525271210107858,0.16793181211687325,0.7833425087535539,11
11,exact,SplineRidge,SI_ref_18,304,0.11058295305649218,0.1323598054046743,0.7810392187603963,28
11,exact,SplineRidge,SI_ref_19,278,0.0724683133119433,0.10904585312423266,0.8732219381307149,6
11,exact,TOPSIS,SI_ref_13,93,0.142298866554636,0.18091794034399727,0.2972413647948481,0
11,exact,TOPSIS,SI_ref_14,189,0.12712570976378212,0.18181666394387222,0.6150026566873312,0
11,exact,TOPSIS,SI_ref_15,131,0.099687758635757,0.13710564239261525,0.8692485043931463,0
11,exact,TOPSIS,SI_ref_16,51,0.10847514029674239,0.13694550689897508,0.2441573403406243,0
11,exact,TOPSIS,SI_ref_17,233,0.1088875400106524,0.16539286644497472,0.7898442343785562,0
11,exact,TOPSIS,SI_ref_18,304,0.0382460365305838,0.073844352030546,0.9318464218223889,0
11,exact,TOPSIS,SI_ref_19,278,0.04351163020896324,0.0695251779721948,0.9484640818691243,0
11,exact,XGBoost,SI_ref_13,93,0.1425024527879744,0.1795589491378784,0.3077594575009772,0
11,exact,XGBoost,SI_ref_14,189,0.1331015708399536,0.19393978109220145,0.5619495154565886,0
11,exact,XGBoost,SI_ref_15,131,0.09997322509575873,0.14409837572463455,0.8555710744765944,0
11,exact,XGBoost,SI_ref_16,51,0.1073565881009266,0.13851460580726535,0.22673747212685813,0
11,exact,XGBoost,SI_ref_17,233,0.10916801388268595,0.16584429695556677,0.7886954521031275,0
11,exact,XGBoost,SI_ref_18,304,0.036198649386754475,0.07273406389666433,0.9338804633542768,0
11,exact,XGBoost,SI_ref_19,278,0.03823880089133947,0.06030773813392914,0.9612232077558004,0
11,source,ARD,SI_ref_13,93,0.3905253470546272,0.4278234124589848,-2.9298141847514727,0
11,source,ARD,SI_ref_14,189,0.13870412105745533,0.1831306655917545,0.6094177430355592,21
11,source,ARD,SI_ref_15,131,0.36107625799074927,0.3923845881943357,-0.07092705815547062,0
11,source,ARD,SI_ref_16,51,0.3309485288788788,0.3589771627464954,-4.193611567549154,30
11,source,ARD,SI_ref_17,233,0.45401083867166925,0.49892696408592946,-0.9124131113325793,109
11,source,ARD,SI_ref_18,304,0.18301723378085902,0.22061298713470617,0.3917022023096496,92
11,source,ARD,SI_ref_19,278,0.3504369490010289,0.3870188441039895,-0.59694523204193,0
11,source,AdaBoost,SI_ref_13,93,0.1863261698560904,0.2239024389712562,-0.07636748410699168,0
11,source,AdaBoost,SI_ref_14,189,0.16453396976322412,0.2295134012715037,0.3865114508108608,0
11,source,AdaBoost,SI_ref_15,131,0.38959671876017765,0.5383545959737049,-1.0159179848487083,0
11,source,AdaBoost,SI_ref_16,51,0.26963156391878584,0.3075585504255976,-2.8123383221665486,0
11,source,AdaBoost,SI_ref_17,233,0.15889504999725368,0.22221910764386668,0.6206233827519856,0
11,source,AdaBoost,SI_ref_18,304,0.1412161834179282,0.20176294566871844,0.49121193686984654,0
11,source,AdaBoost,SI_ref_19,278,0.2903461463862026,0.37944842837368764,-0.5350810686631964,0
11,source,Bagging,SI_ref_13,93,0.2617913118883416,0.3017663321241027,-0.9551698402368842,0
11,source,Bagging,SI_ref_14,189,0.1843733885880332,0.2588473165457726,0.21967109030101928,0
11,source,Bagging,SI_ref_15,131,0.39139832149491344,0.5411691611255309,-1.037051878607961,0
11,source,Bagging,SI_ref_16,51,0.15245478809652405,0.19372607729017172,-0.5125578480464668,0
11,source,Bagging,SI_ref_17,233,0.19059686309239302,0.27072867146212776,0.43691200882905434,0
11,source,Bagging,SI_ref_18,304,0.15963812884725803,0.23731648677559278,0.29610170242751965,0
11,source,Bagging,SI_ref_19,278,0.2530163601381213,0.32160560950326683,-0.10273974932838659,0
11,source,BayesianRidge,SI_ref_13,93,0.44458095156541155,0.4770655783233206,-3.886513299462864,4
11,source,BayesianRidge,SI_ref_14,189,0.14973311135938122,0.1871891690786542,0.5919139060427563,63
11,source,BayesianRidge,SI_ref_15,131,0.28621303336536197,0.3161455902143258,0.3047991952583312,0
11,source,BayesianRidge,SI_ref_16,51,0.3188877970409633,0.34366745686338046,-3.76006236015444,28
11,source,BayesianRidge,SI_ref_17,233,0.38867215717992304,0.44155680970075645,-0.4978934956339869,80
11,source,BayesianRidge,SI_ref_18,304,0.18970551212160788,0.2157956911573737,0.41797769103326854,123
11,source,BayesianRidge,SI_ref_19,278,0.3652863355074035,0.4035871219135247,-0.7366024075180317,0
11,source,CatBoost,SI_ref_13,93,0.1863846162170732,0.2162191843014579,-0.0037634326975017895,0
11,source,CatBoost,SI_ref_14,189,0.15274509256087668,0.18828259854271276,0.5871324692118882,0
11,source,CatBoost,SI_ref_15,131,0.3490753384024872,0.47970743173810904,-0.6006224458229967,0
11,source,CatBoost,SI_ref_16,51,0.1451966203045534,0.16770405892649773,-0.1335037777539072,0
11,source,CatBoost,SI_ref_17,233,0.16917451430839017,0.24193310284702016,0.5503254051758204,0
11,source,CatBoost,SI_ref_18,304,0.15122275733826815,0.21555048352027392,0.4192996380139017,0
11,source,CatBoost,SI_ref_19,278,0.282115650465594,0.3684498134494171,-0.44737971263479936,0
11,source,Constant,SI_ref_13,93,0.2562298629467588,0.30512506627505276,-0.9989351022935586,0
11,source,Constant,SI_ref_14,189,0.2640488299871741,0.29390978914237614,-0.006047451645564417,0
11,source,Constant,SI_ref_15,131,0.35601043751045175,0.3892191357482225,-0.05371794766847837,0
11,source,Constant,SI_ref_16,51,0.13889732550640096,0.1612812642286594,-0.04834363365091887,0
11,source,Constant,SI_ref_17,233,0.3296527355547614,0.3636665452730562,-0.01604855610908018,0
11,source,Constant,SI_ref_18,304,0.24380726149210208,0.2900815019002118,-0.0517055472148904,0
11,source,Constant,SI_ref_19,278,0.2965619762195117,0.3164945673241334,-0.06796819304214607,0
11,source,Contrast,SI_ref_13,93,0.26797624166127043,0.32581259051770134,-1.2791801130747071,0
11,source,Contrast,SI_ref_14,189,0.19779406719570294,0.22239835592705715,0.42395885130742184,66
11,source,Contrast,SI_ref_15,131,0.22577736677337829,0.2559474072995403,0.5443435958710976,0
11,source,Contrast,SI_ref_16,51,0.6821709012817019,0.7000670341966613,-18.752182012852547,51
11,source,Contrast,SI_ref_17,233,0.13928887070517482,0.19646501796672738,0.7034634532402528,0
11,source,Contrast,SI_ref_18,304,0.18421346612902437,0.1996270555158823,0.5019271189990189,144
11,source,Contrast,SI_ref_19,278,0.25517807363553174,0.3093731949283327,-0.020448669451335055,0
11,source,DecisionTree,SI_ref_13,93,0.37074173571370483,0.4105288937607151,-2.618515013451448,0
11,source,DecisionTree,SI_ref_14,189,0.19645988406745277,0.27517818964802454,0.11810195212312724,0
11,source,DecisionTree,SI_ref_15,131,0.386865430942863,0.5342057957066001,-0.9849665852881815,0
11,source,DecisionTree,SI_ref_16,51,0.3572239884255111,0.3904114691212127,-5.143006275027761,0
11,source,DecisionTree,SI_ref_17,233,0.17422175979483157,0.23909481461264512,0.5608144161651646,0
11,source,DecisionTree,SI_ref_18,304,0.15252993321872865,0.23306965278789615,0.3210691355154507,0
11,source,DecisionTree,SI_ref_19,278,0.24172498033817402,0.2867457425009898,0.1233630828993939,0
11,source,ElasticNet,SI_ref_13,93,0.3232309565483572,0.368527822600839,-1.9159728991040135,1
11,source,ElasticNet,SI_ref_14,189,0.15145982780341552,0.1919115845539135,0.5710637550645694,63
11,source,ElasticNet,SI_ref_15,131,0.3450044945451484,0.3867340798103019,-0.040305510033732395,0
11,source,ElasticNet,SI_ref_16,51,0.5914389226433808,0.6119691135136017,-14.093669325775217,0
11,source,ElasticNet,SI_ref_17,233,0.20601159467242838,0.2619950721870106,0.4726560026460922,31
11,source,ElasticNet,SI_ref_18,304,0.1659865895901389,0.2392122085180103,0.2848110836756791,0
11,source,ElasticNet,SI_ref_19,278,0.19221886847887662,0.21617837759374722,0.5017465604850144,0
11,source,ExtraTrees,SI_ref_13,93,0.19032046029461905,0.22446519951715008,-0.08178500783944109,0
11,source,ExtraTrees,SI_ref_14,189,0.16801616660873345,0.2257499907385444,0.4064656677199907,0
11,source,ExtraTrees,SI_ref_15,131,0.25042311994159405,0.3289724092381947,0.24724272716688334,0
11,source,ExtraTrees,SI_ref_16,51,0.15801800662614188,0.20315303225953904,-0.6633454019982588,0
11,source,ExtraTrees,SI_ref_17,233,0.1796145579691935,0.262147401058207,0.4720426089071681,0
11,source,ExtraTrees,SI_ref_18,304,0.1325498584756037,0.17758612323149628,0.6058403650584336,0
11,source,ExtraTrees,SI_ref_19,278,0.2496075991449443,0.31784280811346904,-0.07708648643473914,0
11,source,GradientBoosting,SI_ref_13,93,0.1952755224376426,0.22814588113717316,-0.1175531477320122,0
11,source,GradientBoosting,SI_ref_14,189,0.17139407396011655,0.2384166083712695,0.33799179211360375,0
11,source,GradientBoosting,SI_ref_15,131,0.36387755638087776,0.5053768735492715,-0.7765062434074286,0
11,source,GradientBoosting,SI_ref_16,51,0.20305508549485532,0.24844684933732147,-1.487727524744031,0
11,source,GradientBoosting,SI_ref_17,233,0.1796780890658574,0.25655232595966376,0.4943387498346167,0
11,source,GradientBoosting,SI_ref_18,304,0.15297412189690648,0.22262235947882641,0.3805708250669664,0
11,source,GradientBoosting,SI_ref_19,278,0.2707506735156289,0.3504142887275473,-0.30915000864333453,0
11,source,HistGradientBoosting,SI_ref_13,93,0.27505836910308323,0.31711401339228174,-1.1591051293600696,0
11,source,HistGradientBoosting,SI_ref_14,189,0.1823742622213119,0.2529046720841977,0.25508954832319586,0
11,source,HistGradientBoosting,SI_ref_15,131,0.37905212028463503,0.5251327493678907,-0.9181131215868588,0
11,source,HistGradientBoosting,SI_ref_16,51,0.20326890677517678,0.25176466830588573,-1.5546145986175137,0
11,source,HistGradientBoosting,SI_ref_17,233,0.17583919224738986,0.25015734402074175,0.5192334142258024,0
11,source,HistGradientBoosting,SI_ref_18,304,0.1707736434851942,0.25704623725033954,0.17419673485796638,8
11,source,HistGradientBoosting,SI_ref_19,278,0.270240365326076,0.35349866137006997,-0.332297908593135,0
11,source,Huber,SI_ref_13,93,0.7629119386382022,0.7871274279602241,-12.302492196391718,93
11,source,Huber,SI_ref_14,189,0.13753828638597837,0.1828888215271336,0.6104486749978196,21
11,source,Huber,SI_ref_15,131,0.3567424006719734,0.3861360515087446,-0.0370906337088881,0
11,source,Huber,SI_ref_16,51,0.5679362762526086,0.5840201428348948,-12.746479108596454,51
11,source,Huber,SI_ref_17,233,0.6903286287928962,0.755151316752644,-3.381024977568085,134
11,source,Huber,SI_ref_18,304,0.2037185166984014,0.27065111886817855,0.08446753823498332,49
11,source,Huber,SI_ref_19,278,0.5068629292018361,0.542168581111074,-2.13396752526355,113
11,source,KNN,SI_ref_13,93,0.2922256607061564,0.3383092600099559,-1.4573707885885798,0
11,source,KNN,SI_ref_14,189,0.24075705585391194,0.32370463835292923,-0.22036068439451295,0
11,source,KNN,SI_ref_15,131,0.10896457000620076,0.1518806616872988,0.8395495385545618,0
11,source,KNN,SI_ref_16,51,0.1929028012677344,0.2394328735246625,-1.3104862026613224,0
11,source,KNN,SI_ref_17,233,0.1654995545400592,0.23664821245169262,0.5697565990500166,0
11,source,KNN,SI_ref_18,304,0.12674457046706097,0.18051557896982626,0.5927290147827626,0
11,source,KNN,SI_ref_19,278,0.22051547959246057,0.26670307397410226,0.24162878275194055,0
11,source,KernelRidge,SI_ref_13,93,0.21948136503005833,0.2581716848113962,-0.43106756586774786,0
11,source,KernelRidge,SI_ref_14,189,0.19779406719570294,0.22239835592705715,0.42395885130742184,66
11,source,KernelRidge,SI_ref_15,131,0.16034349842339624,0.21360484996747842,0.6826355859267637,46
11,source,KernelRidge,SI_ref_16,51,0.6821709012817019,0.7000670341966613,-18.752182012852547,51
11,source,KernelRidge,SI_ref_17,233,0.13928887070517482,0.19646501796672738,0.7034634532402528,0
11,source,KernelRidge,SI_ref_18,304,0.2367179838636911,0.25005324030495124,0.21851784149721443,0
11,source,KernelRidge,SI_ref_19,278,0.25517807363553174,0.3093731949283327,-0.020448669451335055,0
11,source,Lasso,SI_ref_13,93,0.31384713892691274,0.3608119239624849,-1.7951472000286364,0
11,source,Lasso,SI_ref_14,189,0.14972198430384392,0.19487268803930236,0.5577250781012909,63
11,source,Lasso,SI_ref_15,131,0.34533174630339303,0.38906290301190943,-0.052872191728819073,0
11,source,Lasso,SI_ref_16,51,0.6306516973419463,0.6502416588862591,-16.040620466812367,0
11,source,Lasso,SI_ref_17,233,0.15172720892731942,0.20120636963557487,0.688977927096244,0
11,source,Lasso,SI_ref_18,304,0.18120257378433663,0.24657033905568315,0.24013619383667717,0
11,source,Lasso,SI_ref_19,278,0.19543913442991387,0.2181150679223114,0.4927791044165274,0
11,source,LightGBM,SI_ref_13,93,0.26713860338364265,0.30943243121104724,-1.0557702654012848,0
11,source,LightGBM,SI_ref_14,189,0.19570602795790065,0.27344584649740444,0.1291707158485057,0
11,source,LightGBM,SI_ref_15,131,0.3714100733455449,0.5149828547108163,-0.8446821700320868,0
11,source,LightGBM,SI_ref_16,51,0.15805417406138578,0.20007188946707333,-0.6132733930632706,0
11,source,LightGBM,SI_ref_17,233,0.1835328417734206,0.2632159611338045,0.4677297377167031,0
11,source,LightGBM,SI_ref_18,304,0.16834064615626262,0.25124946075837906,0.21102294978463432,0
11,source,LightGBM,SI_ref_19,278,0.2903489709843048,0.38374084064323194,-0.5700079237186815,0
11,source,MLP,SI_ref_13,93,0.20460313716821715,0.24318264061924796,-0.26972029377300566,0
11,source,MLP,SI_ref_14,189,0.17704298481343025,0.23477344650322352,0.3580690519217574,0
11,source,MLP,SI_ref_15,131,0.1647262527357281,0.21868828281869196,0.6673503749634573,6
11,source,MLP,SI_ref_16,51,2.2190083167006445,2.228717607750423,-199.1916284794685,51
11,source,MLP,SI_ref_17,233,0.4278457523292964,0.5148834236532914,-1.0366930510961803,102
11,source,MLP,SI_ref_18,304,0.5137446613497273,0.5672051612160652,-3.021003415262056,156
11,source,MLP,SI_ref_19,278,0.4274505255600382,0.49652235925949173,-1.6284723911850993,22
11,source,OLS,SI_ref_13,93,0.465262637402577,0.49926378465785065,-4.351839124155931,4
11,source,OLS,SI_ref_14,189,0.1361333584238704,0.18253318212525654,0.6119622185722075,15
11,source,OLS,SI_ref_15,131,0.3014318305391871,0.32856813296855825,0.2490917266702397,0
11,source,OLS,SI_ref_16,51,0.4881871325750424,0.507056441330071,-9.362115582095953,51
11,source,OLS,SI_ref_17,233,0.6387763237260192,0.7059295200025937,-2.8285158352413284,127
11,source,OLS,SI_ref_18,304,0.1888614112747979,0.2443447814016578,0.253791434294825,74
11,source,OLS,SI_ref_19,278,0.44713314434307566,0.4826750588253609,-1.4839080525917616,73
11,source,Operations,SI_ref_13,93,0.21909964464907056,0.2637795162055661,-0.49391213742905915,0
11,source,Operations,SI_ref_14,189,0.2840263399204621,0.3264113631250616,-0.24085461758808369,0
11,source,Operations,SI_ref_15,131,0.35024047071604253,0.3767966088294224,0.012470721966043041,0
11,source,Operations,SI_ref_16,51,0.17356568693169205,0.21065693044959263,-0.7884933403160423,0
11,source,Operations,SI_ref_17,233,0.35434330386555135,0.3805626057452944,-0.11265362032281101,0
11,source,Operations,SI_ref_18,304,0.23390643823729218,0.2931132667826145,-0.07380406940352335,0
11,source,Operations,SI_ref_19,278,0.2832024269870181,0.30436643924635687,0.012313025975969616,0
11,source,PCR,SI_ref_13,93,0.26797624166127043,0.32581259051770134,-1.2791801130747071,0
11,source,PCR,SI_ref_14,189,0.1722193837637195,0.20384842080843324,0.5160449058236208,0
11,source,PCR,SI_ref_15,131,0.19490034608420473,0.24040850581476722,0.5979911001041374,6
11,source,PCR,SI_ref_16,51,0.872856557025543,0.8857327520957304,-30.618497761117123,51
11,source,PCR,SI_ref_17,233,0.17332938058648856,0.24703903947685718,0.5311445794729148,8
11,source,PCR,SI_ref_18,304,0.18421346612902437,0.1996270555158823,0.5019271189990189,144
11,source,PCR,SI_ref_19,278,0.1331385095079774,0.15764492946582573,0.7350366462764795,1
11,source,PLS,SI_ref_13,93,0.27905342646817344,0.3216471302354353,-1.2212747652857097,0
11,source,PLS,SI_ref_14,189,0.14337812231892455,0.18845884052580236,0.5863591779082609,0
11,source,PLS,SI_ref_15,131,0.22577736677337829,0.2559474072995403,0.5443435958710976,0
11,source,PLS,SI_ref_16,51,0.7639592842670004,0.7789419878347262,-23.453782949650464,51
11,source,PLS,SI_ref_17,233,0.15220371121733234,0.20718028303276037,0.6702349651601995,6
11,source,PLS,SI_ref_18,304,0.17609087401434065,0.22238177060638634,0.3819089407859009,34
11,source,PLS,SI_ref_19,278,0.15641380027028914,0.1836287989649528,0.6404929706501843,6
11,source,Point,SI_ref_13,93,0.27905342646817344,0.3216471302354353,-1.2212747652857097,0
11,source,Point,SI_ref_14,189,0.1723514874935121,0.20651562128387907,0.5032976905029064,63
11,source,Point,SI_ref_15,131,0.18887345788232016,0.227775586215598,0.6391303524474935,0
11,source,Point,SI_ref_16,51,0.872856557025543,0.8857327520957304,-30.618497761117123,51
11,source,Point,SI_ref_17,233,0.15141128075710028,0.2132227018753571,0.6507192541643327,0
11,source,Point,SI_ref_18,304,0.10674066755280877,0.17655088667560015,0.6104224697668331,0
11,source,Point,SI_ref_19,278,0.282115650465594,0.3684498134494171,-0.44737971263479936,0
11,source,RandomForest,SI_ref_13,93,0.2668814833537896,0.3088922313843147,-1.0485987005387578,0
11,source,RandomForest,SI_ref_14,189,0.18905956236454527,0.2654621816528551,0.17927874405204258,0
11,source,RandomForest,SI_ref_15,131,0.392361664118352,0.5423302495962969,-1.0458023208289293,0
11,source,RandomForest,SI_ref_16,51,0.1484610317338329,0.18620121912070284,-0.39733605219973733,0
11,source,RandomForest,SI_ref_17,233,0.19297830702309385,0.2739392364290056,0.4234775241982439,0
11,source,RandomForest,SI_ref_18,304,0.15852040516072038,0.23486145938115283,0.31058995923413046,0
11,source,RandomForest,SI_ref_19,278,0.2546240420372101,0.3214732141530315,-0.10183200667959325,0
11,source,Ridge,SI_ref_13,93,0.36728303074010815,0.40474544446041366,-2.517279328336329,5
11,source,Ridge,SI_ref_14,189,0.1431286773148561,0.1843475931565225,0.6042095539721516,57
11,source,Ridge,SI_ref_15,131,0.24754794287766202,0.2637736645507472,0.5160518040344189,0
11,source,Ridge,SI_ref_16,51,0.24507536078744352,0.28308999997528,-2.2298687964438635,0
11,source,Ridge,SI_ref_17,233,0.14697683758099073,0.19317796104780022,0.7133031528591118,0
11,source,Ridge,SI_ref_18,304,0.17987694235601154,0.20559324664064518,0.471710737732274,101
11,source,Ridge,SI_ref_19,278,0.3687561134777877,0.4072545870552619,-0.7683074160249157,16
11,source,SVR,SI_ref_13,93,0.19744314626721268,0.23462716320049917,-0.1819510762042449,0
11,source,SVR,SI_ref_14,189,0.1723514874935121,0.20651562128387907,0.5032976905029064,63
11,source,SVR,SI_ref_15,131,0.18887345788232016,0.227775586215598,0.6391303524474935,0
11,source,SVR,SI_ref_16,51,0.13881216778936942,0.16058539836173927,-0.0393167601754536,0
11,source,SVR,SI_ref_17,233,0.15141128075710028,0.2132227018753571,0.6507192541643327,0
11,source,SVR,SI_ref_18,304,0.10674066755280877,0.17655088667560015,0.6104224697668331,0
11,source,SVR,SI_ref_19,278,0.22671779308635967,0.28582705593954466,0.1289712878248771,0
11,source,SplineRidge,SI_ref_13,93,0.6387313568712688,0.679252229300272,-8.90615378697135,78
11,source,SplineRidge,SI_ref_14,189,0.2600199879875163,0.3054930197405654,-0.08690840158440194,0
11,source,SplineRidge,SI_ref_15,131,0.2965542763104812,0.33916928308940836,0.19985437266298844,0
11,source,SplineRidge,SI_ref_16,51,0.11729715699697178,0.13470828107555344,0.26865143618481946,0
11,source,SplineRidge,SI_ref_17,233,0.2461987367403049,0.29572381308773243,0.3281375705842713,86
11,source,SplineRidge,SI_ref_18,304,0.1798670255492719,0.24212153439573977,0.2673088784498643,0
11,source,SplineRidge,SI_ref_19,278,0.8520928479720997,0.9580230163486548,-8.785379767906456,228
11,source,TOPSIS,SI_ref_13,93,0.27905342646817344,0.3216471302354353,-1.2212747652857097,0
11,source,TOPSIS,SI_ref_14,189,0.1723514874935121,0.20651562128387907,0.5032976905029064,63
11,source,TOPSIS,SI_ref_15,131,0.18887345788232016,0.227775586215598,0.6391303524474935,0
11,source,TOPSIS,SI_ref_16,51,0.872856557025543,0.8857327520957304,-30.618497761117123,51
11,source,TOPSIS,SI_ref_17,233,0.17332938058648856,0.24703903947685718,0.5311445794729148,8
11,source,TOPSIS,SI_ref_18,304,0.18421346612902437,0.1996270555158823,0.5019271189990189,144
11,source,TOPSIS,SI_ref_19,278,0.25517807363553174,0.3093731949283327,-0.020448669451335055,0
11,source,XGBoost,SI_ref_13,93,0.18444584449019927,0.21580982701286108,3.372260139389294e-05,0
11,source,XGBoost,SI_ref_14,189,0.28346093865590277,0.37751130855971715,-0.6597791102084702,0
11,source,XGBoost,SI_ref_15,131,0.3727205253677656,0.5153017834371028,-0.84696769974776,0
11,source,XGBoost,SI_ref_16,51,0.18325968661962397,0.22612495834894297,-1.0607856606494992,0
11,source,XGBoost,SI_ref_17,233,0.19378242666606801,0.2808361572357064,0.39408206893365827,0
11,source,XGBoost,SI_ref_18,304,0.1644982779449152,0.24514534128533327,0.24889373800875592,0
11,source,XGBoost,SI_ref_19,278,0.2813574762643702,0.36951572814232225,-0.45576628176487066,0
23,broad,ARD,SI_ref_13,93,0.17494797661182013,0.20253685147323391,0.11925328961721282,0
23,broad,ARD,SI_ref_14,189,0.13964210821868758,0.18391235563607283,0.6060762395788661,19
23,broad,ARD,SI_ref_15,131,0.2247857815273436,0.26192880713395106,0.5227976875051012,32
23,broad,ARD,SI_ref_16,51,0.1376779801859947,0.16597256693422313,-0.11021846386264911,0
23,broad,ARD,SI_ref_17,233,0.13021135101045264,0.17254503580984357,0.7712754935270291,8
23,broad,ARD,SI_ref_18,304,0.1332243835828361,0.1472532446340306,0.7289909212389064,105
23,broad,ARD,SI_ref_19,278,0.13890312761031628,0.17090422905144478,0.6885908148488562,1
23,broad,AdaBoost,SI_ref_13,93,0.18084212965836802,0.21364246965999856,0.020017996533601146,0
23,broad,AdaBoost,SI_ref_14,189,0.16172045020570128,0.23391368774484542,0.36276204597221784,0
23,broad,AdaBoost,SI_ref_15,131,0.12166922836306468,0.16493078153186425,0.810792022608846,0
23,broad,AdaBoost,SI_ref_16,51,0.18131588073936988,0.210741629563535,-0.7899318332679774,0
23,broad,AdaBoost,SI_ref_17,233,0.12685725499921147,0.1818675652820154,0.7458920416597539,0
23,broad,AdaBoost,SI_ref_18,304,0.13053636132764856,0.1850109486461613,0.5721919484201108,0
23,broad,AdaBoost,SI_ref_19,278,0.06965855914286731,0.11715477086469765,0.8536658271827557,0
23,broad,Bagging,SI_ref_13,93,0.17300238829074308,0.19808591540757084,0.1575383999526937,0
23,broad,Bagging,SI_ref_14,189,0.1747797287183405,0.24544687398592993,0.29837448580468307,0
23,broad,Bagging,SI_ref_15,131,0.09976660131180422,0.14582174599926737,0.8520957691539598,0
23,broad,Bagging,SI_ref_16,51,0.1790730382591246,0.20791392369762365,-0.7422199111253811,0
23,broad,Bagging,SI_ref_17,233,0.12036319789033721,0.17299262286772807,0.7700873178228088,0
23,broad,Bagging,SI_ref_18,304,0.05300034705333291,0.0912738521019439,0.8958769566057521,0
23,broad,Bagging,SI_ref_19,278,0.08176529893427242,0.11276068670694145,0.8644369837832293,0
23,broad,BayesianRidge,SI_ref_13,93,0.1631125669264873,0.1904965970335345,0.22085665602430504,0
23,broad,BayesianRidge,SI_ref_14,189,0.1436626033781421,0.1896458070588937,0.5811323180907988,33
23,broad,BayesianRidge,SI_ref_15,131,0.21011408660012634,0.24730982279368902,0.5745791784942338,3
23,broad,BayesianRidge,SI_ref_16,51,0.12615894558142282,0.1496170354886221,0.0978101956943147,0
23,broad,BayesianRidge,SI_ref_17,233,0.1304325927438121,0.17108928974762988,0.7751186664342631,10
23,broad,BayesianRidge,SI_ref_18,304,0.13109756358166127,0.14563728945020418,0.7349063842351784,81
23,broad,BayesianRidge,SI_ref_19,278,0.14840122918104834,0.17419451745507597,0.6764847457707076,0
23,broad,CatBoost,SI_ref_13,93,0.17582544064785752,0.20172213982138432,0.1263247080545873,0
23,broad,CatBoost,SI_ref_14,189,0.15855940944951125,0.2218367222565944,0.4268645886052078,0
23,broad,CatBoost,SI_ref_15,131,0.0994150028423421,0.1472202859137349,0.8492451395429645,0
23,broad,CatBoost,SI_ref_16,51,0.16590171816296667,0.19210016647696032,-0.4872750981646703,0
23,broad,CatBoost,SI_ref_17,233,0.11678078890226286,0.1714807806588326,0.7740883304632664,0
23,broad,CatBoost,SI_ref_18,304,0.060286298950528,0.0961050405244295,0.8845626293052723,0
23,broad,CatBoost,SI_ref_19,278,0.0631687729040803,0.09503153247273663,0.9037144169669568,0
23,broad,Constant,SI_ref_13,93,0.2468141476669487,0.2949550381635187,-0.8679040277967418,0
23,broad,Constant,SI_ref_14,189,0.26358149737675596,0.2938968504940596,-0.005958876115730316,0
23,broad,Constant,SI_ref_15,131,0.3553998719909332,0.38858856171052514,-0.05030645586686644,0
23,broad,Constant,SI_ref_16,51,0.13757537108818926,0.16019931855379582,-0.03432531182391263,0
23,broad,Constant,SI_ref_17,233,0.3315166610793693,0.3634098719939889,-0.014614822458188792,0
23,broad,Constant,SI_ref_18,304,0.2402277263663142,0.2885624947197388,-0.04071990697637329,0
23,broad,Constant,SI_ref_19,278,0.29353439534706505,0.31343167673523725,-0.04739759183340064,0
23,broad,Contrast,SI_ref_13,93,0.1949342745538663,0.22279123746554855,-0.065710224463299,0
23,broad,Contrast,SI_ref_14,189,0.14557895050968636,0.19801370233931131,0.5433527454138717,28
23,broad,Contrast,SI_ref_15,131,0.18790083359072637,0.2467863599915913,0.5763781874845776,20
23,broad,Contrast,SI_ref_16,51,0.13627785896061367,0.16642168135288155,-0.11623499712986174,0
23,broad,Contrast,SI_ref_17,233,0.14479975815344703,0.1892978235836398,0.7247045695264698,4
23,broad,Contrast,SI_ref_18,304,0.11845756434431867,0.13932145368708823,0.757400395518327,52
23,broad,Contrast,SI_ref_19,278,0.20250125849723516,0.26245080523637004,0.2656186854713357,38
23,broad,DecisionTree,SI_ref_13,93,0.21619472768603631,0.25490649353699946,-0.395098008597045,0
23,broad,DecisionTree,SI_ref_14,189,0.17294302033050002,0.23932847483470598,0.33291817332916895,0
23,broad,DecisionTree,SI_ref_15,131,0.10971248507056904,0.16617786535559323,0.8079199052768855,0
23,broad,DecisionTree,SI_ref_16,51,0.2375133996460728,0.2675892631152013,-1.8858462625047219,0
23,broad,DecisionTree,SI_ref_17,233,0.1326969947040441,0.18669695366100014,0.7322174798669994,0
23,broad,DecisionTree,SI_ref_18,304,0.06273541238313299,0.10922964623722599,0.8508802564350426,0
23,broad,DecisionTree,SI_ref_19,278,0.08248313635934797,0.13884634006000413,0.7944607952678001,0
23,broad,ElasticNet,SI_ref_13,93,0.20688818828031003,0.2461804032269677,-0.30121744879577217,0
23,broad,ElasticNet,SI_ref_14,189,0.14398749993631027,0.1942811591155696,0.5604060216918298,27
23,broad,ElasticNet,SI_ref_15,131,0.17337992583408807,0.18749216416383951,0.7554868315098121,0
23,broad,ElasticNet,SI_ref_16,51,0.21063240185168866,0.24831902217442456,-1.4851682864497313,0
23,broad,ElasticNet,SI_ref_17,233,0.133373942303068,0.18766269613256314,0.7294399539191906,0
23,broad,ElasticNet,SI_ref_18,304,0.13050866114484103,0.16852145066207455,0.6450522137695526,13
23,broad,ElasticNet,SI_ref_19,278,0.11089351520596458,0.1412469248127433,0.7872920110483567,0
23,broad,ExtraTrees,SI_ref_13,93,0.1780416225864118,0.20336307924900593,0.11205280562909448,0
23,broad,ExtraTrees,SI_ref_14,189,0.163339927489183,0.23031942151542686,0.3821949057346006,0
23,broad,ExtraTrees,SI_ref_15,131,0.1020730858736225,0.14392572424868294,0.8559169621881133,0
23,broad,ExtraTrees,SI_ref_16,51,0.16685428635688815,0.19459979368071886,-0.526232070223974,0
23,broad,ExtraTrees,SI_ref_17,233,0.11719002162149122,0.17515592494230717,0.7643011701160175,0
23,broad,ExtraTrees,SI_ref_18,304,0.060340074904796086,0.09826065160684555,0.8793260930964698,0
23,broad,ExtraTrees,SI_ref_19,278,0.06909566043829704,0.10199605769481572,0.8890844158216645,0
23,broad,GradientBoosting,SI_ref_13,93,0.17756256560651146,0.20469835786884566,0.10035403109825058,0
23,broad,GradientBoosting,SI_ref_14,189,0.16620724417288685,0.23478994551702229,0.3579788236622654,0
23,broad,GradientBoosting,SI_ref_15,131,0.09882645678061405,0.14253112074951982,0.8586956897209386,0
23,broad,GradientBoosting,SI_ref_16,51,0.16535829798106727,0.19224919690523717,-0.48958363569636965,0
23,broad,GradientBoosting,SI_ref_17,233,0.12141700468491967,0.17958054583368588,0.7522427706261117,0
23,broad,GradientBoosting,SI_ref_18,304,0.0603711214059977,0.09506659254713824,0.8870438322550787,0
23,broad,GradientBoosting,SI_ref_19,278,0.07096431458790449,0.10711809191835366,0.8776647947015128,0
23,broad,HistGradientBoosting,SI_ref_13,93,0.15368486882054494,0.17959957514078362,0.3074461771226037,0
23,broad,HistGradientBoosting,SI_ref_14,189,0.173821641529579,0.23880339487942698,0.3358420799245916,0
23,broad,HistGradientBoosting,SI_ref_15,131,0.096185988250145,0.138172505830336,0.867205747995684,0
23,broad,HistGradientBoosting,SI_ref_16,51,0.16509928955311579,0.1890458987908763,-0.4403576522365673,0
23,broad,HistGradientBoosting,SI_ref_17,233,0.11565101007439978,0.17212467433410303,0.7723885925157101,0
23,broad,HistGradientBoosting,SI_ref_18,304,0.05263735666173494,0.0878179637617347,0.9036124770071288,0
23,broad,HistGradientBoosting,SI_ref_19,278,0.06068500022830111,0.09083664434723901,0.9120272914105626,0
23,broad,Huber,SI_ref_13,93,0.1693445990684981,0.19423712712231006,0.18995823191717442,0
23,broad,Huber,SI_ref_14,189,0.13817599794612082,0.19100408539490177,0.5751108159058704,11
23,broad,Huber,SI_ref_15,131,0.25351845457500405,0.29364730604524897,0.400225425600634,40
23,broad,Huber,SI_ref_16,51,0.1376919709829967,0.16129377804614078,-0.048506321981709455,0
23,broad,Huber,SI_ref_17,233,0.12526301833231196,0.16915310977641695,0.7801797314570269,2
23,broad,Huber,SI_ref_18,304,0.1318289559284017,0.14619453266730034,0.7328738796613735,82
23,broad,Huber,SI_ref_19,278,0.20388039337968716,0.21927366110231447,0.48737623645184514,0
23,broad,KNN,SI_ref_13,93,0.2128616927868054,0.24234305116506924,-0.26096799546254745,0
23,broad,KNN,SI_ref_14,189,0.15988574822062462,0.21707420326651478,0.45120923522930545,0
23,broad,KNN,SI_ref_15,131,0.09775383000757708,0.1494052096277951,0.844737172166616,0
23,broad,KNN,SI_ref_16,51,0.20675711102567393,0.24083525787443388,-1.337631002910657,0
23,broad,KNN,SI_ref_17,233,0.13199656517647892,0.1972076695160468,0.7012173581544782,0
23,broad,KNN,SI_ref_18,304,0.13378976630332054,0.21441684377745696,0.42539170418820504,0
23,broad,KNN,SI_ref_19,278,0.07242920816753069,0.11748169848335788,0.8528479785627987,0
23,broad,KernelRidge,SI_ref_13,93,0.1623744005998676,0.18703667389607842,0.2489022474441117,0
23,broad,KernelRidge,SI_ref_14,189,0.1619059421795361,0.2072736692916849,0.49964455046994305,58
23,broad,KernelRidge,SI_ref_15,131,0.10114624957177969,0.14783448326483511,0.8479846286957566,0
23,broad,KernelRidge,SI_ref_16,51,0.18285734288422725,0.2132852161689779,-0.8334004386312115,0
23,broad,KernelRidge,SI_ref_17,233,0.11796757204256415,0.16546338966864732,0.7896649760806835,2
23,broad,KernelRidge,SI_ref_18,304,0.07696705308931207,0.10001167037865896,0.8749869198656481,0
23,broad,KernelRidge,SI_ref_19,278,0.11199327291708121,0.14339294938785435,0.7807793836969774,0
23,broad,Lasso,SI_ref_13,93,0.19919490464506526,0.24047677471493809,-0.24162142488853577,0
23,broad,Lasso,SI_ref_14,189,0.1451200459388849,0.19849396040678977,0.5411349748409577,22
23,broad,Lasso,SI_ref_15,131,0.17766945039273202,0.19179562871882289,0.7441335055949596,0
23,broad,Lasso,SI_ref_16,51,0.25563019388718594,0.2978014559305782,-2.5742872945345776,0
23,broad,Lasso,SI_ref_17,233,0.13973897605623456,0.19471176561107637,0.7087324176337187,0
23,broad,Lasso,SI_ref_18,304,0.13476111276621222,0.181177982079969,0.5897345636212141,30
23,broad,Lasso,SI_ref_19,278,0.12455461998605612,0.1507858550197737,0.7575919684134936,0
23,broad,LightGBM,SI_ref_13,93,0.15811887675570374,0.18614343446699716,0.25605921902564277,0
23,broad,LightGBM,SI_ref_14,189,0.17418404403388443,0.24004629544174055,0.3289106001823948,0
23,broad,LightGBM,SI_ref_15,131,0.0962151256101846,0.13462811722119325,0.8739312189189599,0
23,broad,LightGBM,SI_ref_16,51,0.1663709262684695,0.1934063741435443,-0.507569665798606,0
23,broad,LightGBM,SI_ref_17,233,0.11527788478934593,0.1712969231757445,0.7745725046558815,4
23,broad,LightGBM,SI_ref_18,304,0.04961746875749897,0.08507840955242588,0.9095324520528983,0
23,broad,LightGBM,SI_ref_19,278,0.05800013721985134,0.0862573669617923,0.9206735182530311,0
23,broad,MLP,SI_ref_13,93,0.28426605364460933,0.3314860587697267,-1.3592472482764832,2
23,broad,MLP,SI_ref_14,189,0.23296907506376685,0.28855530783282246,0.030275210917957596,12
23,broad,MLP,SI_ref_15,131,0.20717548280307085,0.24659824157543644,0.577023771716013,20
23,broad,MLP,SI_ref_16,51,0.3622401967559227,0.4245070889122917,-6.262827311117346,0
23,broad,MLP,SI_ref_17,233,0.20024214745879024,0.24557262772026056,0.5366942651804907,53
23,broad,MLP,SI_ref_18,304,0.14296233943613182,0.18239120037537598,0.5842216637013223,17
23,broad,MLP,SI_ref_19,278,0.25149119977124923,0.3132981457629721,-0.0465053385166152,72
23,broad,OLS,SI_ref_13,93,0.16603015928005538,0.19175856641142136,0.21049939078572877,0
23,broad,OLS,SI_ref_14,189,0.13778218421473623,0.19088482380181426,0.5756412458279077,10
23,broad,OLS,SI_ref_15,131,0.25009104133996546,0.29036635121947274,0.4135532500428206,39
23,broad,OLS,SI_ref_16,51,0.1406712067815276,0.16357240588396355,-0.0783404761652029,0
23,broad,OLS,SI_ref_17,233,0.12672966385855444,0.16694615076671357,0.7858783499772105,5
23,broad,OLS,SI_ref_18,304,0.13103160801384692,0.1451055650118006,0.7368385739462022,82
23,broad,OLS,SI_ref_19,278,0.20092594536196473,0.2154743444025239,0.5049866232045199,0
23,broad,Operations,SI_ref_13,93,0.20992662352728778,0.25170499272352564,-0.3602745766619755,0
23,broad,Operations,SI_ref_14,189,0.27762022766525185,0.3159894512074947,-0.16288168938587244,0
23,broad,Operations,SI_ref_15,131,0.3516080674864608,0.37798069000747414,0.00625435968453647,0
23,broad,Operations,SI_ref_16,51,0.12067807463920023,0.13968851808599608,0.21357512101713105,0
23,broad,Operations,SI_ref_17,233,0.3393926892515014,0.3660410745123614,-0.02936027580821765,0
23,broad,Operations,SI_ref_18,304,0.22649842522704916,0.2634774837919356,0.13235691767115731,0
23,broad,Operations,SI_ref_19,278,0.2810793590475496,0.3036559471085918,0.016918821411384344,0
23,broad,PCR,SI_ref_13,93,0.211421649311668,0.26276041557440943,-0.4823911075123528,0
23,broad,PCR,SI_ref_14,189,0.1487215633968498,0.19390692591313002,0.5620979224305809,19
23,broad,PCR,SI_ref_15,131,0.13975053025374196,0.17088661820116702,0.7968802656066343,0
23,broad,PCR,SI_ref_16,51,0.18801313117409804,0.21730300940128325,-0.9031249624261795,0
23,broad,PCR,SI_ref_17,233,0.1477575312276573,0.20335300917006902,0.6823060327791397,0
23,broad,PCR,SI_ref_18,304,0.15975991924365593,0.19780422707872364,0.5109815661348729,37
23,broad,PCR,SI_ref_19,278,0.12042052794063132,0.14653844915695266,0.7710561503795109,5
23,broad,PLS,SI_ref_13,93,0.21241246612075934,0.25999249140882613,-0.4513245190150488,0
23,broad,PLS,SI_ref_14,189,0.15633772258976095,0.20471618882610682,0.511915812035625,21
23,broad,PLS,SI_ref_15,131,0.14701432579250384,0.1781348166485416,0.7792840941819406,0
23,broad,PLS,SI_ref_16,51,0.14489771043758448,0.17467665243522007,-0.22971804157441733,0
23,broad,PLS,SI_ref_17,233,0.1342401707879824,0.18740777939680708,0.7301744999036763,3
23,broad,PLS,SI_ref_18,304,0.1411693092332347,0.1760135989636704,0.6127900219775411,35
23,broad,PLS,SI_ref_19,278,0.11807677214995667,0.14722973925980565,0.7688909858519593,15
23,broad,Point,SI_ref_13,93,0.17808999681706167,0.20346416279703675,0.11116986109019167,0
23,broad,Point,SI_ref_14,189,0.1625692084343205,0.22526476172583093,0.4090144214291186,0
23,broad,Point,SI_ref_15,131,0.09933013099866636,0.15400195896290128,0.8350362578446402,0
23,broad,Point,SI_ref_16,51,0.16593572203826082,0.1939244179561492,-0.5156566079968217,0
23,broad,Point,SI_ref_17,233,0.11414714318059874,0.17192204411333475,0.7729241787407308,0
23,broad,Point,SI_ref_18,304,0.05926570743749059,0.0980085161152646,0.8799445937427898,0
23,broad,Point,SI_ref_19,278,0.05897778005459335,0.0903300603795845,0.913005779683671,0
23,broad,RandomForest,SI_ref_13,93,0.1712521964914781,0.1964045335636884,0.1717795731212477,0
23,broad,RandomForest,SI_ref_14,189,0.17545845377079908,0.24257624112862872,0.3146902870855772,0
23,broad,RandomForest,SI_ref_15,131,0.09919388135023252,0.14583173436925953,0.852075506431591,0
23,broad,RandomForest,SI_ref_16,51,0.17831184847790024,0.2062479190532323,-0.7144111196134009,0
23,broad,RandomForest,SI_ref_17,233,0.1213094962830933,0.17375370885916208,0.768059852826732,0
23,broad,RandomForest,SI_ref_18,304,0.052772579454724196,0.09038720546039676,0.8978900619672754,0
23,broad,RandomForest,SI_ref_19,278,0.07067823531084402,0.10017071056237604,0.8930188386898807,0
23,broad,Ridge,SI_ref_13,93,0.1694054887257385,0.20390501654770815,0.10731396227227386,0
23,broad,Ridge,SI_ref_14,189,0.1426442060087736,0.1907525790671196,0.5762290324322983,29
23,broad,Ridge,SI_ref_15,131,0.18431525545201174,0.2154676415068472,0.6770761473254756,0
23,broad,Ridge,SI_ref_16,51,0.13357142997478727,0.16304323130648612,-0.07137466384459334,0
23,broad,Ridge,SI_ref_17,233,0.1328467809479649,0.17495338907858565,0.7648459403402661,7
23,broad,Ridge,SI_ref_18,304,0.1303500767594513,0.15051305667208711,0.7168592062300669,60
23,broad,Ridge,SI_ref_19,278,0.12194518588865812,0.14834886516704698,0.7653642109386138,0
23,broad,SVR,SI_ref_13,93,0.16179618390038625,0.18919482769632565,0.23146891274395598,0
23,broad,SVR,SI_ref_14,189,0.16143367198109052,0.21504548494636241,0.4614190101522654,55
23,broad,SVR,SI_ref_15,131,0.09068574496360697,0.15605957437513732,0.8305986583434813,0
23,broad,SVR,SI_ref_16,51,0.20761366844566273,0.23994978380725793,-1.3204731627417607,0
23,broad,SVR,SI_ref_17,233,0.11763630500269733,0.1800799815278039,0.7508627673556723,2
23,broad,SVR,SI_ref_18,304,0.04843091223338445,0.07944842458593891,0.9211095063492545,0
23,broad,SVR,SI_ref_19,278,0.08471812560540536,0.11755397358526745,0.8526668661179377,0
23,broad,SplineRidge,SI_ref_13,93,0.16535870552700513,0.18915977563805184,0.23175365732531306,0
23,broad,SplineRidge,SI_ref_14,189,0.20556280417243716,0.24662733564469194,0.29160940711876016,0
23,broad,SplineRidge,SI_ref_15,131,0.24460053427091838,0.287530926735634,0.42495062256466865,41
23,broad,SplineRidge,SI_ref_16,51,0.13403213159456268,0.1585232224287145,-0.01279513854056491,0
23,broad,SplineRidge,SI_ref_17,233,0.13625343592411648,0.1747065328254243,0.765509068927109,27
23,broad,SplineRidge,SI_ref_18,304,0.11857755477333017,0.1413089521193596,0.7504293870068476,28
23,broad,SplineRidge,SI_ref_19,278,0.11258606265212258,0.14360698267805352,0.7801244626903656,83
23,broad,TOPSIS,SI_ref_13,93,0.20884420174913054,0.2530046940219492,-0.37435864468246627,0
23,broad,TOPSIS,SI_ref_14,189,0.16143367198109052,0.21504548494636241,0.4614190101522654,55
23,broad,TOPSIS,SI_ref_15,131,0.10424203009182136,0.16310667682500632,0.8149540909943056,0
23,broad,TOPSIS,SI_ref_16,51,0.20761366844566273,0.23994978380725793,-1.3204731627417607,0
23,broad,TOPSIS,SI_ref_17,233,0.13366528965215593,0.19210546350772548,0.7164777190843176,2
23,broad,TOPSIS,SI_ref_18,304,0.06524197970842505,0.10758235222616659,0.855344095473903,3
23,broad,TOPSIS,SI_ref_19,278,0.10570697115868988,0.13924045740804716,0.7932922871831225,14
23,broad,XGBoost,SI_ref_13,93,0.17646940901204908,0.20149476769942973,0.1282931330461916,0
23,broad,XGBoost,SI_ref_14,189,0.16798269576849514,0.23465195157504204,0.35873327673412414,0
23,broad,XGBoost,SI_ref_15,131,0.09870539135337271,0.15079342365024254,0.841838486340058,0
23,broad,XGBoost,SI_ref_16,51,0.15207305780512134,0.17457222819460397,-0.22824819443133748,0
23,broad,XGBoost,SI_ref_17,233,0.1151813585786441,0.16962758319131202,0.7789448129567326,0
23,broad,XGBoost,SI_ref_18,304,0.05592936381155039,0.09215158246820436,0.8938647397888241,0
23,broad,XGBoost,SI_ref_19,278,0.05540793454093511,0.08486970583130028,0.9232053097921493,0
23,exact,ARD,SI_ref_13,93,0.15769237829097388,0.18612178314616454,0.25623227228226797,0
23,exact,ARD,SI_ref_14,189,0.1409620319622569,0.16900042722819753,0.6673665134724571,29
23,exact,ARD,SI_ref_15,131,0.11489646081078524,0.14285934545841528,0.8580441412316933,0
23,exact,ARD,SI_ref_16,51,0.10571609862921201,0.13013924616683523,0.3174218255353016,0
23,exact,ARD,SI_ref_17,233,0.12492609419133094,0.1669702221909531,0.7858165985125911,5
23,exact,ARD,SI_ref_18,304,0.13183351342337693,0.14385220625467773,0.7413650879953742,106
23,exact,ARD,SI_ref_19,278,0.0903883892784533,0.12606488791493473,0.8305607255491597,0
23,exact,AdaBoost,SI_ref_13,93,0.1597552974759054,0.18546593021639488,0.26146479026304537,0
23,exact,AdaBoost,SI_ref_14,189,0.1273998220710416,0.17242420558162913,0.6537523533026817,0
23,exact,AdaBoost,SI_ref_15,131,0.12394650299430839,0.16608479258500966,0.8081350051659586,0
23,exact,AdaBoost,SI_ref_16,51,0.1422403251683386,0.16098368133881585,-0.044478568236331784,0
23,exact,AdaBoost,SI_ref_17,233,0.1250787759393483,0.17754458372044815,0.7578287311757131,0
23,exact,AdaBoost,SI_ref_18,304,0.12819365367249963,0.18202876182387076,0.5858724491757055,0
23,exact,AdaBoost,SI_ref_19,278,0.06595478077907904,0.10991713798644777,0.8711879112655222,0
23,exact,Bagging,SI_ref_13,93,0.14703388705190668,0.18716453644008618,0.24787496125392194,0
23,exact,Bagging,SI_ref_14,189,0.12819858555904023,0.17633679371447986,0.6378602123011752,0
23,exact,Bagging,SI_ref_15,131,0.09679371628516978,0.13460546307682206,0.8739736430445507,0
23,exact,Bagging,SI_ref_16,51,0.11057564184548141,0.1375597268002923,0.23736201370612375,0
23,exact,Bagging,SI_ref_17,233,0.11704399111355229,0.167117035304698,0.7854397797472046,0
23,exact,Bagging,SI_ref_18,304,0.041893680279535224,0.08407249149420123,0.911659077538569,0
23,exact,Bagging,SI_ref_19,278,0.06467015903606468,0.10577172369919771,0.8807207326849247,0
23,exact,BayesianRidge,SI_ref_13,93,0.15709826257300713,0.18616336235587655,0.2558999229126758,0
23,exact,BayesianRidge,SI_ref_14,189,0.1408872246904084,0.16914026944264263,0.6668157994959196,30
23,exact,BayesianRidge,SI_ref_15,131,0.11518914896402928,0.14272564302266683,0.8583097306109853,0
23,exact,BayesianRidge,SI_ref_16,51,0.10365022088424249,0.12766008430026754,0.34318043960442024,0
23,exact,BayesianRidge,SI_ref_17,233,0.1256836402258004,0.16683825911241806,0.7861550197169345,7
23,exact,BayesianRidge,SI_ref_18,304,0.1313277442289327,0.14295348565118218,0.744586650472031,103
23,exact,BayesianRidge,SI_ref_19,278,0.09268733651552973,0.12586484045399596,0.8310980520507454,1
23,exact,CatBoost,SI_ref_13,93,0.14930839990504485,0.18592330427644088,0.25781772309678475,0
23,exact,CatBoost,SI_ref_14,189,0.12350445017774019,0.16973299271490677,0.6644765332960689,0
23,exact,CatBoost,SI_ref_15,131,0.09499265820807759,0.1338583912942639,0.8753686750246072,0
23,exact,CatBoost,SI_ref_16,51,0.11060082330062387,0.1375252733174644,0.2377439895193133,0
23,exact,CatBoost,SI_ref_17,233,0.1130212793825058,0.16429814184039457,0.7926170420259631,0
23,exact,CatBoost,SI_ref_18,304,0.04555844401677023,0.08398446719535067,0.9118439674303632,0
23,exact,CatBoost,SI_ref_19,278,0.056205345383890694,0.08848641944126169,0.9165206530532356,0
23,exact,Constant,SI_ref_13,93,0.24749905617190274,0.29551972542727384,-0.8750630260173209,0
23,exact,Constant,SI_ref_14,189,0.26417585230570906,0.294249652929868,-0.008375491062589946,0
23,exact,Constant,SI_ref_15,131,0.35542817111316116,0.38726808952214936,-0.043180440483673754,0
23,exact,Constant,SI_ref_16,51,0.13907372366559237,0.16100478670924265,-0.04475245378698389,0
23,exact,Constant,SI_ref_17,233,0.33085668812335756,0.3626492753166916,-0.010372201955898053,0
23,exact,Constant,SI_ref_18,304,0.2402104103239985,0.28727928674106934,-0.03148453657875239,0
23,exact,Constant,SI_ref_19,278,0.2930498797995961,0.31243096161182893,-0.04072007042929693,0
23,exact,Contrast,SI_ref_13,93,0.15583502021863374,0.20000662098042912,0.1411216284777016,0
23,exact,Contrast,SI_ref_14,189,0.13863864339617477,0.20181015755830942,0.5256745735391941,0
23,exact,Contrast,SI_ref_15,131,0.09326246265156357,0.135326977874122,0.8726189642468194,0
23,exact,Contrast,SI_ref_16,51,0.11567221268899845,0.15319667556402672,0.05412334672538277,0
23,exact,Contrast,SI_ref_17,233,0.11548080420747342,0.1684149853521185,0.7820939817863422,0
23,exact,Contrast,SI_ref_18,304,0.040739836304067356,0.08115139478674743,0.9176912376751529,1
23,exact,Contrast,SI_ref_19,278,0.04215803168550894,0.06720809665078485,0.9518419391039086,0
23,exact,DecisionTree,SI_ref_13,93,0.15023265407338235,0.1920588413643031,0.2080248951257554,0
23,exact,DecisionTree,SI_ref_14,189,0.13347929047243107,0.18677549733722898,0.593715582434682,0
23,exact,DecisionTree,SI_ref_15,131,0.09592186251661852,0.13606296090816308,0.8712296593850959,0
23,exact,DecisionTree,SI_ref_16,51,0.11005738371710592,0.13781659604044166,0.2345111626929316,0
23,exact,DecisionTree,SI_ref_17,233,0.12118912485328585,0.17588482882559184,0.762335387167517,0
23,exact,DecisionTree,SI_ref_18,304,0.04622169724496914,0.08949234101477696,0.8999019005425096,0
23,exact,DecisionTree,SI_ref_19,278,0.06864379190235478,0.11773384875624394,0.8522156376732559,0
23,exact,ElasticNet,SI_ref_13,93,0.15765020489425577,0.18733901603152972,0.2464720070385522,0
23,exact,ElasticNet,SI_ref_14,189,0.13981123436662707,0.16800434174218826,0.671276029713102,28
23,exact,ElasticNet,SI_ref_15,131,0.1224821124005025,0.14637569826080665,0.8509699081882902,0
23,exact,ElasticNet,SI_ref_16,51,0.10853043253828602,0.1295072484475494,0.3240353627060505,0
23,exact,ElasticNet,SI_ref_17,233,0.12470382339501673,0.16732918454559792,0.7848946805593595,7
23,exact,ElasticNet,SI_ref_18,304,0.13135070603580348,0.1432245207733487,0.7436172216654668,104
23,exact,ElasticNet,SI_ref_19,278,0.09331923630232744,0.12665792958136657,0.8289628039719106,1
23,exact,ExtraTrees,SI_ref_13,93,0.14502909480907764,0.1838203455169799,0.27451226093488146,0
23,exact,ExtraTrees,SI_ref_14,189,0.12427527887800852,0.1702891372512826,0.6622741889615659,0
23,exact,ExtraTrees,SI_ref_15,131,0.09897398923295307,0.13680118947882436,0.8698285458156365,0
23,exact,ExtraTrees,SI_ref_16,51,0.10922155224485927,0.13609017004571167,0.25356956766243754,0
23,exact,ExtraTrees,SI_ref_17,233,0.11141595234523226,0.16283543908647835,0.7962931560011735,0
23,exact,ExtraTrees,SI_ref_18,304,0.040951455803712934,0.08384095038903193,0.912145000766696,0
23,exact,ExtraTrees,SI_ref_19,278,0.07665518976977148,0.12435965055748902,0.8351136193421262,0
23,exact,GradientBoosting,SI_ref_13,93,0.15147050791163083,0.18755249705973648,0.24475367211950538,0
23,exact,GradientBoosting,SI_ref_14,189,0.12630004752765975,0.16940693904299559,0.6657643628484697,0
23,exact,GradientBoosting,SI_ref_15,131,0.09214955025039226,0.13048131300101395,0.8815779306369348,0
23,exact,GradientBoosting,SI_ref_16,51,0.10956027425248695,0.13548905087273833,0.2601490684367689,0
23,exact,GradientBoosting,SI_ref_17,233,0.1136416764399827,0.1632112222501819,0.7953518629837218,0
23,exact,GradientBoosting,SI_ref_18,304,0.04905143243139748,0.08450979690488765,0.910737671849102,0
23,exact,GradientBoosting,SI_ref_19,278,0.06451463564537219,0.09985082161892686,0.8937010230810665,2
23,exact,HistGradientBoosting,SI_ref_13,93,0.15945809810802875,0.20520808557548242,0.09586796253598773,0
23,exact,HistGradientBoosting,SI_ref_14,189,0.12017113535775822,0.17232496846328044,0.6541507977161337,2
23,exact,HistGradientBoosting,SI_ref_15,131,0.09694752932932911,0.134329168548419,0.8744904817443052,0
23,exact,HistGradientBoosting,SI_ref_16,51,0.11202957672994407,0.14054288191756048,0.20392582843122697,0
23,exact,HistGradientBoosting,SI_ref_17,233,0.11532276948936128,0.1662916781453425,0.7875538851189314,0
23,exact,HistGradientBoosting,SI_ref_18,304,0.04052420048942228,0.08049838397454936,0.9190105559574725,0
23,exact,HistGradientBoosting,SI_ref_19,278,0.05317432007279765,0.0795742691596281,0.9324895323756388,0
23,exact,Huber,SI_ref_13,93,0.17596125618358546,0.2041028745846579,0.10558069642528733,0
23,exact,Huber,SI_ref_14,189,0.13689661200180914,0.1730088309056112,0.651400382875714,26
23,exact,Huber,SI_ref_15,131,0.11028257946250597,0.14608552002972436,0.8515602032133976,0
23,exact,Huber,SI_ref_16,51,0.10016019133516227,0.12600149066719998,0.36013671660135427,0
23,exact,Huber,SI_ref_17,233,0.12348389733886905,0.169313237703955,0.7797633509987746,4
23,exact,Huber,SI_ref_18,304,0.13254879798176164,0.1451481249006956,0.7366841792671615,101
23,exact,Huber,SI_ref_19,278,0.08525420499143103,0.12227770886078905,0.8405882298207181,3
23,exact,KNN,SI_ref_13,93,0.18545233895868715,0.2308996666324921,-0.1446943329415047,0
23,exact,KNN,SI_ref_14,189,0.19078738667009057,0.2685465515358279,0.16009624540168066,0
23,exact,KNN,SI_ref_15,131,0.08240429685984475,0.13811788434800673,0.8673107180135298,0
23,exact,KNN,SI_ref_16,51,0.11097427403522549,0.15093757302602506,0.08181424832596607,0
23,exact,KNN,SI_ref_17,233,0.09735924615530601,0.1715449135675317,0.7739193193156815,0
23,exact,KNN,SI_ref_18,304,0.07525143994018225,0.1286000508909495,0.7933019521994724,0
23,exact,KNN,SI_ref_19,278,0.0793872528884867,0.12850773782728075,0.8239304086530415,0
23,exact,KernelRidge,SI_ref_13,93,0.1508505754046634,0.1892980742303342,0.23062988534808548,0
23,exact,KernelRidge,SI_ref_14,189,0.12951970218344194,0.16376824576375562,0.6876440688305231,19
23,exact,KernelRidge,SI_ref_15,131,0.0983603001816915,0.1429055792675357,0.8579522435391762,0
23,exact,KernelRidge,SI_ref_16,51,0.11457345495268464,0.14770299799855546,0.12074581318761057,0
23,exact,KernelRidge,SI_ref_17,233,0.11478140698432603,0.16409216578952343,0.7931366966773907,0
23,exact,KernelRidge,SI_ref_18,304,0.0591537890485609,0.08832419024136744,0.9024980227299668,0
23,exact,KernelRidge,SI_ref_19,278,0.07468123355355978,0.1179194870719342,0.8517492285785784,2
23,exact,Lasso,SI_ref_13,93,0.15972258625552385,0.19071005732211133,0.21910954507184155,0
23,exact,Lasso,SI_ref_14,189,0.13988258583554064,0.1684286760505227,0.6696133939382735,34
23,exact,Lasso,SI_ref_15,131,0.13526680719002424,0.15358032587511536,0.8359383107570322,0
23,exact,Lasso,SI_ref_16,51,0.11634944838912459,0.13539765578155835,0.26114687507228984,0
23,exact,Lasso,SI_ref_17,233,0.12457950319356113,0.16875043499222775,0.7812250651376236,4
23,exact,Lasso,SI_ref_18,304,0.13130716802862544,0.14407271969829297,0.7405715487152071,106
23,exact,Lasso,SI_ref_19,278,0.09425801721196544,0.1276159319376372,0.8263656715445677,0
23,exact,LightGBM,SI_ref_13,93,0.16197271816078712,0.2061379195371248,0.08765583643838826,0
23,exact,LightGBM,SI_ref_14,189,0.12198663868240821,0.1730401728510493,0.6512740681694649,1
23,exact,LightGBM,SI_ref_15,131,0.09570102037642937,0.13362313417148095,0.8758063710288994,0
23,exact,LightGBM,SI_ref_16,51,0.1138303391668016,0.14312674911278517,0.17438525945069971,0
23,exact,LightGBM,SI_ref_17,233,0.11036954877588334,0.15985426649184276,0.8036837610131715,2
23,exact,LightGBM,SI_ref_18,304,0.040841465255587385,0.08178693440005055,0.9163969822980288,0
23,exact,LightGBM,SI_ref_19,278,0.049719975902884406,0.07547078327941978,0.9392727641201044,0
23,exact,MLP,SI_ref_13,93,0.1772369883671035,0.20488160574504213,0.09874256722378716,0
23,exact,MLP,SI_ref_14,189,0.13534491302320376,0.1701938666237016,0.6626519740629941,23
23,exact,MLP,SI_ref_15,131,0.10760545173546057,0.14314761882232052,0.8574706627408318,5
23,exact,MLP,SI_ref_16,51,0.12112049780076184,0.15150268002032594,0.07492604276001547,1
23,exact,MLP,SI_ref_17,233,0.11893924324667927,0.16646844345397538,0.787101991642984,3
23,exact,MLP,SI_ref_18,304,0.08695699002877165,0.1172690227400783,0.828121835994169,18
23,exact,MLP,SI_ref_19,278,0.08794617919805071,0.1278831501295945,0.8256377557140621,23
23,exact,OLS,SI_ref_13,93,0.1577687829715882,0.18590745694478295,0.2579442387854244,0
23,exact,OLS,SI_ref_14,189,0.14136202402684447,0.16942357163331706,0.6656987282604193,30
23,exact,OLS,SI_ref_15,131,0.11392504785957731,0.141562394256542,0.8606099390638078,2
23,exact,OLS,SI_ref_16,51,0.1039420155968332,0.128079836913102,0.3388540287526003,0
23,exact,OLS,SI_ref_17,233,0.12585177536173445,0.16683921926972212,0.7861525583461234,7
23,exact,OLS,SI_ref_18,304,0.13152391736494903,0.14316837857862225,0.7438181798628003,101
23,exact,OLS,SI_ref_19,278,0.09214245014799283,0.12543573063254732,0.8322477605167634,1
23,exact,Operations,SI_ref_13,93,0.19210216866905053,0.22878018559032706,-0.12377595880392644,0
23,exact,Operations,SI_ref_14,189,0.25853486871197556,0.2859659920143247,0.0476005411707181,0
23,exact,Operations,SI_ref_15,131,0.35061199738028204,0.3768619201805694,0.01212834913328531,0
23,exact,Operations,SI_ref_16,51,0.11115841009058926,0.12978100189021208,0.32117462361406846,0
23,exact,Operations,SI_ref_17,233,0.33910871965609457,0.3636115507141424,-0.015741280567987515,0
23,exact,Operations,SI_ref_18,304,0.22583097981149267,0.26031003908186423,0.15309259783881402,0
23,exact,Operations,SI_ref_19,278,0.2810111109722522,0.30484030768850184,0.009235170020841177,0
23,exact,PCR,SI_ref_13,93,0.1566831278894409,0.19631716432787744,0.17251626580158252,0
23,exact,PCR,SI_ref_14,189,0.13363416288078192,0.1820856738922717,0.6138625551015169,7
23,exact,PCR,SI_ref_15,131,0.15367574378060275,0.1691882973077249,0.8008975294936689,0
23,exact,PCR,SI_ref_16,51,0.13426123325582584,0.15237608965171834,0.06422923575623429,0
23,exact,PCR,SI_ref_17,233,0.13847374752348096,0.18714249416975054,0.7309378626223193,0
23,exact,PCR,SI_ref_18,304,0.15766132151286064,0.18411154722925085,0.576341280322116,80
23,exact,PCR,SI_ref_19,278,0.10109968069402805,0.1360753284098695,0.8025829848390433,6
23,exact,PLS,SI_ref_13,93,0.15297937466552178,0.1880395717521142,0.24082582207826553,0
23,exact,PLS,SI_ref_14,189,0.14219286337396556,0.17313431969361032,0.6508944987753151,36
23,exact,PLS,SI_ref_15,131,0.16974712365243222,0.18125081421728376,0.7714948767258158,0
23,exact,PLS,SI_ref_16,51,0.1199571869603343,0.1395934331956591,0.21464538325910787,0
23,exact,PLS,SI_ref_17,233,0.12834883055896618,0.17292893257408665,0.770256579499051,19
23,exact,PLS,SI_ref_18,304,0.13545968446347711,0.15094993474720553,0.7152131360463662,101
23,exact,PLS,SI_ref_19,278,0.09047323237706532,0.12456327051721881,0.8345732246993225,2
23,exact,Point,SI_ref_13,93,0.15689575513981605,0.19971242813874826,0.14364644525737602,0
23,exact,Point,SI_ref_14,189,0.13665525041272272,0.19640398049832916,0.5507470541010401,0
23,exact,Point,SI_ref_15,131,0.09606707040888779,0.13934601043349173,0.8649405155592276,0
23,exact,Point,SI_ref_16,51,0.10962114747727747,0.138007603133396,0.23238783176894384,0
23,exact,Point,SI_ref_17,233,0.1142858171699343,0.1636424892742489,0.7942689154063509,0
23,exact,Point,SI_ref_18,304,0.041109611976652,0.08337314207532975,0.9131226766574402,0
23,exact,Point,SI_ref_19,278,0.05669519679467101,0.09462312838747829,0.9045402255585668,0
23,exact,RandomForest,SI_ref_13,93,0.15551312368687253,0.19573647308106185,0.1774042938368442,0
23,exact,RandomForest,SI_ref_14,189,0.1302328137027378,0.1819316937746321,0.6145153505456669,0
23,exact,RandomForest,SI_ref_15,131,0.09476147591366609,0.13508907281066462,0.8730664427334556,0
23,exact,RandomForest,SI_ref_16,51,0.10996068189232105,0.13695533190352174,0.24404888225205112,0
23,exact,RandomForest,SI_ref_17,233,0.11663662428461911,0.16520836031872535,0.7903128567450306,0
23,exact,RandomForest,SI_ref_18,304,0.04242226098134554,0.08449614046394022,0.910766518379674,0
23,exact,RandomForest,SI_ref_19,278,0.04975717353153898,0.08131433550679354,0.9295047209937578,0
23,exact,Ridge,SI_ref_13,93,0.15713652952884985,0.18597616122380917,0.2573956666357937,0
23,exact,Ridge,SI_ref_14,189,0.14097649443803825,0.16917502267015483,0.6666788668074151,30
23,exact,Ridge,SI_ref_15,131,0.11445838068022386,0.14230351723096737,0.8591466183223596,0
23,exact,Ridge,SI_ref_16,51,0.10368417533126507,0.12770747048081824,0.3426927390527048,0
23,exact,Ridge,SI_ref_17,233,0.125683900753552,0.16680728828396701,0.7862344060820556,7
23,exact,Ridge,SI_ref_18,304,0.13136494540916122,0.14297550742432316,0.7445079523129796,103
23,exact,Ridge,SI_ref_19,278,0.09254898794546464,0.1257560311051595,0.8313899551275326,1
23,exact,SVR,SI_ref_13,93,0.15291163157654228,0.19714474754523442,0.1655249761760733,0
23,exact,SVR,SI_ref_14,189,0.11952832208265902,0.17452700065189278,0.6452555470612498,0
23,exact,SVR,SI_ref_15,131,0.08003535099210467,0.14974871660208844,0.8440224022335753,0
23,exact,SVR,SI_ref_16,51,0.11937196919103624,0.15460941598668604,0.03659764539791588,0
23,exact,SVR,SI_ref_17,233,0.11062890415419646,0.18213984917814144,0.7451305941908175,0
23,exact,SVR,SI_ref_18,304,0.04039861909573294,0.08180969643978496,0.9163504408783663,0
23,exact,SVR,SI_ref_19,278,0.07721765485306903,0.12442552778747126,0.8349388820376838,0
23,exact,SplineRidge,SI_ref_13,93,0.15371600372435087,0.18592881258923727,0.2577737454716156,0
23,exact,SplineRidge,SI_ref_14,189,0.14289816015585766,0.16981868795255126,0.6641376478367406,26
23,exact,SplineRidge,SI_ref_15,131,0.10793456154291725,0.13887065872862045,0.8658604019889411,4
23,exact,SplineRidge,SI_ref_16,51,0.10605298685116989,0.13170089924245876,0.30094184788513,0
23,exact,SplineRidge,SI_ref_17,233,0.1208874987966128,0.16290765353536965,0.7961124356433784,12
23,exact,SplineRidge,SI_ref_18,304,0.10947130905844765,0.13087324368903464,0.7859299911554716,28
23,exact,SplineRidge,SI_ref_19,278,0.07408236592644911,0.11167495283019258,0.8670349949307947,4
23,exact,TOPSIS,SI_ref_13,93,0.1564736746389391,0.20027152840342122,0.13884496452069817,0
23,exact,TOPSIS,SI_ref_14,189,0.12877194177293383,0.18876055297517816,0.5850336843972826,0
23,exact,TOPSIS,SI_ref_15,131,0.09433771544927273,0.13458301236988263,0.8740156791519601,0
23,exact,TOPSIS,SI_ref_16,51,0.11283679807370435,0.14687414809448335,0.13058616817935365,0
23,exact,TOPSIS,SI_ref_17,233,0.11672822049666015,0.1705286019603081,0.7765901976047158,0
23,exact,TOPSIS,SI_ref_18,304,0.04082689579632023,0.08116190357033584,0.9176699189787155,0
23,exact,TOPSIS,SI_ref_19,278,0.047532912689910445,0.07315029281323283,0.9429496994283978,0
23,exact,XGBoost,SI_ref_13,93,0.15583502021863374,0.20000662098042912,0.1411216284777016,0
23,exact,XGBoost,SI_ref_14,189,0.13863864339617477,0.20181015755830942,0.5256745735391941,0
23,exact,XGBoost,SI_ref_15,131,0.09326246265156357,0.135326977874122,0.8726189642468194,0
23,exact,XGBoost,SI_ref_16,51,0.11567221268899845,0.15319667556402672,0.05412334672538277,0
23,exact,XGBoost,SI_ref_17,233,0.11548080420747342,0.1684149853521185,0.7820939817863422,0
23,exact,XGBoost,SI_ref_18,304,0.040739836304067356,0.08115139478674743,0.9176912376751529,1
23,exact,XGBoost,SI_ref_19,278,0.04215803168550894,0.06720809665078485,0.9518419391039086,0
23,source,ARD,SI_ref_13,93,0.3905253470546272,0.4278234124589848,-2.9298141847514727,0
23,source,ARD,SI_ref_14,189,0.13870412105745533,0.1831306655917545,0.6094177430355592,21
23,source,ARD,SI_ref_15,131,0.36107625799074927,0.3923845881943357,-0.07092705815547062,0
23,source,ARD,SI_ref_16,51,0.3309485288788788,0.3589771627464954,-4.193611567549154,30
23,source,ARD,SI_ref_17,233,0.45401083867166925,0.49892696408592946,-0.9124131113325793,109
23,source,ARD,SI_ref_18,304,0.18301723378085902,0.22061298713470617,0.3917022023096496,92
23,source,ARD,SI_ref_19,278,0.3504369490010289,0.3870188441039895,-0.59694523204193,0
23,source,AdaBoost,SI_ref_13,93,0.18449562474112557,0.22127380662258306,-0.051242560402535275,0
23,source,AdaBoost,SI_ref_14,189,0.16391550170265926,0.22867480274522567,0.3909864026115728,0
23,source,AdaBoost,SI_ref_15,131,0.3889910107429417,0.5374485208763724,-1.009137933204343,0
23,source,AdaBoost,SI_ref_16,51,0.2687516049025626,0.3067894412086349,-2.7932951943297746,0
23,source,AdaBoost,SI_ref_17,233,0.1572910834572361,0.22238562706549217,0.6200545995807698,0
23,source,AdaBoost,SI_ref_18,304,0.14150323136047402,0.20168398966964954,0.4916100675520314,0
23,source,AdaBoost,SI_ref_19,278,0.2908827833488706,0.38017717515908045,-0.5409831072630462,0
23,source,Bagging,SI_ref_13,93,0.26198583776753676,0.30204111946427953,-0.9587322027301854,0
23,source,Bagging,SI_ref_14,189,0.19592236983932568,0.2742020000862587,0.1243478879446771,0
23,source,Bagging,SI_ref_15,131,0.390792765018828,0.5405137073371047,-1.0321203899478189,0
23,source,Bagging,SI_ref_16,51,0.142353268113164,0.1663502630500146,-0.11527715914881576,0
23,source,Bagging,SI_ref_17,233,0.18953731436963098,0.26939146799932834,0.442460764793982,0
23,source,Bagging,SI_ref_18,304,0.15641403591557393,0.23107161779838797,0.3326597742616263,0
23,source,Bagging,SI_ref_19,278,0.2655960216126287,0.3429091609724503,-0.2536721387594789,0
23,source,BayesianRidge,SI_ref_13,93,0.44458095156541155,0.4770655783233206,-3.886513299462864,4
23,source,BayesianRidge,SI_ref_14,189,0.14973311135938122,0.1871891690786542,0.5919139060427563,63
23,source,BayesianRidge,SI_ref_15,131,0.28621303336536197,0.3161455902143258,0.3047991952583312,0
23,source,BayesianRidge,SI_ref_16,51,0.3188877970409633,0.34366745686338046,-3.76006236015444,28
23,source,BayesianRidge,SI_ref_17,233,0.38867215717992304,0.44155680970075645,-0.4978934956339869,80
23,source,BayesianRidge,SI_ref_18,304,0.18970551212160788,0.2157956911573737,0.41797769103326854,123
23,source,BayesianRidge,SI_ref_19,278,0.3652863355074035,0.4035871219135247,-0.7366024075180317,0
23,source,CatBoost,SI_ref_13,93,0.19077448091752955,0.2207214102558657,-0.046000387948966326,0
23,source,CatBoost,SI_ref_14,189,0.1632153973707009,0.21721993968299502,0.4504721080552133,0
23,source,CatBoost,SI_ref_15,131,0.33854484791819217,0.4697518370111849,-0.5348748984195804,0
23,source,CatBoost,SI_ref_16,51,0.1311031545146246,0.14954082864632467,0.09872901521739597,0
23,source,CatBoost,SI_ref_17,233,0.17393047637920064,0.2461974755380342,0.5343335470183148,0
23,source,CatBoost,SI_ref_18,304,0.1479614170688522,0.21334730694910142,0.4311098367966134,0
23,source,CatBoost,SI_ref_19,278,0.2669520132604438,0.34225803866216603,-0.24891566681235933,0
23,source,Constant,SI_ref_13,93,0.2562298629467588,0.30512506627505276,-0.9989351022935586,0
23,source,Constant,SI_ref_14,189,0.2640488299871741,0.29390978914237614,-0.006047451645564417,0
23,source,Constant,SI_ref_15,131,0.35601043751045175,0.3892191357482225,-0.05371794766847837,0
23,source,Constant,SI_ref_16,51,0.13889732550640096,0.1612812642286594,-0.04834363365091887,0
23,source,Constant,SI_ref_17,233,0.3296527355547614,0.3636665452730562,-0.01604855610908018,0
23,source,Constant,SI_ref_18,304,0.24380726149210208,0.2900815019002118,-0.0517055472148904,0
23,source,Constant,SI_ref_19,278,0.2965619762195117,0.3164945673241334,-0.06796819304214607,0
23,source,Contrast,SI_ref_13,93,0.26797624166127043,0.32581259051770134,-1.2791801130747071,0
23,source,Contrast,SI_ref_14,189,0.19779406719570294,0.22239835592705715,0.42395885130742184,66
23,source,Contrast,SI_ref_15,131,0.22577736677337829,0.2559474072995403,0.5443435958710976,0
23,source,Contrast,SI_ref_16,51,0.6821709012817019,0.7000670341966613,-18.752182012852547,51
23,source,Contrast,SI_ref_17,233,0.13928887070517482,0.19646501796672738,0.7034634532402528,0
23,source,Contrast,SI_ref_18,304,0.18421346612902437,0.1996270555158823,0.5019271189990189,144
23,source,Contrast,SI_ref_19,278,0.25517807363553174,0.3093731949283327,-0.020448669451335055,0
23,source,DecisionTree,SI_ref_13,93,0.2621680739503321,0.31148279650219646,-1.0831044720439307,0
23,source,DecisionTree,SI_ref_14,189,0.1925407778384041,0.27447656385958447,0.122593395142235,0
23,source,DecisionTree,SI_ref_15,131,0.4036844438775268,0.5530764559594984,-1.1276801992178593,0
23,source,DecisionTree,SI_ref_16,51,0.4232698690439552,0.4551848181205139,-7.350478478297122,0
23,source,DecisionTree,SI_ref_17,233,0.16333541716302213,0.23651200564025227,0.5702517239992286,0
23,source,DecisionTree,SI_ref_18,304,0.15252993321872865,0.23306965278789613,0.3210691355154508,0
23,source,DecisionTree,SI_ref_19,278,0.2414276967040881,0.28662720737944425,0.12408770245229661,0
23,source,ElasticNet,SI_ref_13,93,0.3232309565483572,0.368527822600839,-1.9159728991040135,1
23,source,ElasticNet,SI_ref_14,189,0.15145982780341552,0.1919115845539135,0.5710637550645694,63
23,source,ElasticNet,SI_ref_15,131,0.3450044945451484,0.3867340798103019,-0.040305510033732395,0
23,source,ElasticNet,SI_ref_16,51,0.5914389226433808,0.6119691135136017,-14.093669325775217,0
23,source,ElasticNet,SI_ref_17,233,0.20601159467242838,0.2619950721870106,0.4726560026460922,31
23,source,ElasticNet,SI_ref_18,304,0.1659865895901389,0.2392122085180103,0.2848110836756791,0
23,source,ElasticNet,SI_ref_19,278,0.19221886847887662,0.21617837759374722,0.5017465604850144,0
23,source,ExtraTrees,SI_ref_13,93,0.18151831868261079,0.21308900510107126,0.025088924176979832,0
23,source,ExtraTrees,SI_ref_14,189,0.1657305102340068,0.2178204397699415,0.4474295911037717,0
23,source,ExtraTrees,SI_ref_15,131,0.26740752629340686,0.3579407897108575,0.10883444240455753,0
23,source,ExtraTrees,SI_ref_16,51,0.15625708156870194,0.20106611716461031,-0.6293470795687395,0
23,source,ExtraTrees,SI_ref_17,233,0.1774397837517831,0.2576869811614015,0.4898560780702004,0
23,source,ExtraTrees,SI_ref_18,304,0.13950419290246918,0.18409727482961266,0.5764069621577205,0
23,source,ExtraTrees,SI_ref_19,278,0.24851467833264476,0.3161751842725544,-0.06581385060642075,0
23,source,GradientBoosting,SI_ref_13,93,0.19445326443663918,0.2271117672684655,-0.10744507090142053,0
23,source,GradientBoosting,SI_ref_14,189,0.16693286909647884,0.23193834543039496,0.3734792309136705,0
23,source,GradientBoosting,SI_ref_15,131,0.3638775563808777,0.5053768735492715,-0.7765062434074284,0
23,source,GradientBoosting,SI_ref_16,51,0.1979375796648471,0.24367863151452007,-1.3931543947034708,0
23,source,GradientBoosting,SI_ref_17,233,0.18130305482402714,0.2605523466498046,0.47844785106511434,0
23,source,GradientBoosting,SI_ref_18,304,0.15297412189690648,0.2226223594788264,0.3805708250669666,0
23,source,GradientBoosting,SI_ref_19,278,0.27544158115287953,0.36105305845734553,-0.38984975707917235,0
23,source,HistGradientBoosting,SI_ref_13,93,0.27505836910308323,0.31711401339228174,-1.1591051293600696,0
23,source,HistGradientBoosting,SI_ref_14,189,0.1823742622213119,0.2529046720841977,0.25508954832319586,0
23,source,HistGradientBoosting,SI_ref_15,131,0.37905212028463503,0.5251327493678907,-0.9181131215868588,0
23,source,HistGradientBoosting,SI_ref_16,51,0.20326890677517678,0.25176466830588573,-1.5546145986175137,0
23,source,HistGradientBoosting,SI_ref_17,233,0.17583919224738986,0.25015734402074175,0.5192334142258024,0
23,source,HistGradientBoosting,SI_ref_18,304,0.1707736434851942,0.25704623725033954,0.17419673485796638,8
23,source,HistGradientBoosting,SI_ref_19,278,0.270240365326076,0.35349866137006997,-0.332297908593135,0
23,source,Huber,SI_ref_13,93,0.7629119386382022,0.7871274279602241,-12.302492196391718,93
23,source,Huber,SI_ref_14,189,0.13753828638597837,0.1828888215271336,0.6104486749978196,21
23,source,Huber,SI_ref_15,131,0.3567424006719734,0.3861360515087446,-0.0370906337088881,0
23,source,Huber,SI_ref_16,51,0.5679362762526086,0.5840201428348948,-12.746479108596454,51
23,source,Huber,SI_ref_17,233,0.6903286287928962,0.755151316752644,-3.381024977568085,134
23,source,Huber,SI_ref_18,304,0.2037185166984014,0.27065111886817855,0.08446753823498332,49
23,source,Huber,SI_ref_19,278,0.5068629292018361,0.542168581111074,-2.13396752526355,113
23,source,KNN,SI_ref_13,93,0.2922256607061564,0.3383092600099559,-1.4573707885885798,0
23,source,KNN,SI_ref_14,189,0.24075705585391194,0.32370463835292923,-0.22036068439451295,0
23,source,KNN,SI_ref_15,131,0.10896457000620076,0.1518806616872988,0.8395495385545618,0
23,source,KNN,SI_ref_16,51,0.1929028012677344,0.2394328735246625,-1.3104862026613224,0
23,source,KNN,SI_ref_17,233,0.1654995545400592,0.23664821245169262,0.5697565990500166,0
23,source,KNN,SI_ref_18,304,0.12674457046706097,0.18051557896982626,0.5927290147827626,0
23,source,KNN,SI_ref_19,278,0.22051547959246057,0.26670307397410226,0.24162878275194055,0
23,source,KernelRidge,SI_ref_13,93,0.21948136503005833,0.2581716848113962,-0.43106756586774786,0
23,source,KernelRidge,SI_ref_14,189,0.19779406719570294,0.22239835592705715,0.42395885130742184,66
23,source,KernelRidge,SI_ref_15,131,0.16034349842339624,0.21360484996747842,0.6826355859267637,46
23,source,KernelRidge,SI_ref_16,51,0.6821709012817019,0.7000670341966613,-18.752182012852547,51
23,source,KernelRidge,SI_ref_17,233,0.13928887070517482,0.19646501796672738,0.7034634532402528,0
23,source,KernelRidge,SI_ref_18,304,0.2367179838636911,0.25005324030495124,0.21851784149721443,0
23,source,KernelRidge,SI_ref_19,278,0.25517807363553174,0.3093731949283327,-0.020448669451335055,0
23,source,Lasso,SI_ref_13,93,0.31384713892691274,0.3608119239624849,-1.7951472000286364,0
23,source,Lasso,SI_ref_14,189,0.14972198430384392,0.19487268803930236,0.5577250781012909,63
23,source,Lasso,SI_ref_15,131,0.34533174630339303,0.38906290301190943,-0.052872191728819073,0
23,source,Lasso,SI_ref_16,51,0.6306516973419463,0.6502416588862591,-16.040620466812367,0
23,source,Lasso,SI_ref_17,233,0.15172720892731942,0.20120636963557487,0.688977927096244,0
23,source,Lasso,SI_ref_18,304,0.18120257378433663,0.24657033905568315,0.24013619383667717,0
23,source,Lasso,SI_ref_19,278,0.19543913442991387,0.2181150679223114,0.4927791044165274,0
23,source,LightGBM,SI_ref_13,93,0.26713860338364265,0.30943243121104724,-1.0557702654012848,0
23,source,LightGBM,SI_ref_14,189,0.19570602795790065,0.27344584649740444,0.1291707158485057,0
23,source,LightGBM,SI_ref_15,131,0.3714100733455449,0.5149828547108163,-0.8446821700320868,0
23,source,LightGBM,SI_ref_16,51,0.15805417406138578,0.20007188946707333,-0.6132733930632706,0
23,source,LightGBM,SI_ref_17,233,0.1835328417734206,0.2632159611338045,0.4677297377167031,0
23,source,LightGBM,SI_ref_18,304,0.16834064615626262,0.25124946075837906,0.21102294978463432,0
23,source,LightGBM,SI_ref_19,278,0.2903489709843048,0.38374084064323194,-0.5700079237186815,0
23,source,MLP,SI_ref_13,93,0.23968914595549148,0.31151175518920465,-1.083491824252536,4
23,source,MLP,SI_ref_14,189,0.3264870416663605,0.37242040628862144,-0.6153152828252504,6
23,source,MLP,SI_ref_15,131,0.16587291060881101,0.24463629295890996,0.5837274402020811,38
23,source,MLP,SI_ref_16,51,3.3310233580934163,3.357126083703591,-453.2250995516384,51
23,source,MLP,SI_ref_17,233,0.232797565440044,0.2570464114150266,0.49238920252731744,0
23,source,MLP,SI_ref_18,304,0.2828997756180045,0.3584819958633759,-0.606159947151474,59
23,source,MLP,SI_ref_19,278,0.3757476252187527,0.43773891691852324,-1.0429423767831754,20
23,source,OLS,SI_ref_13,93,0.465262637402577,0.49926378465785065,-4.351839124155931,4
23,source,OLS,SI_ref_14,189,0.1361333584238704,0.18253318212525654,0.6119622185722075,15
23,source,OLS,SI_ref_15,131,0.3014318305391871,0.32856813296855825,0.2490917266702397,0
23,source,OLS,SI_ref_16,51,0.4881871325750424,0.507056441330071,-9.362115582095953,51
23,source,OLS,SI_ref_17,233,0.6387763237260192,0.7059295200025937,-2.8285158352413284,127
23,source,OLS,SI_ref_18,304,0.1888614112747979,0.2443447814016578,0.253791434294825,74
23,source,OLS,SI_ref_19,278,0.44713314434307566,0.4826750588253609,-1.4839080525917616,73
23,source,Operations,SI_ref_13,93,0.21909964464907056,0.2637795162055661,-0.49391213742905915,0
23,source,Operations,SI_ref_14,189,0.2840263399204621,0.3264113631250616,-0.24085461758808369,0
23,source,Operations,SI_ref_15,131,0.35024047071604253,0.3767966088294224,0.012470721966043041,0
23,source,Operations,SI_ref_16,51,0.17356568693169205,0.21065693044959263,-0.7884933403160423,0
23,source,Operations,SI_ref_17,233,0.35434330386555135,0.3805626057452944,-0.11265362032281101,0
23,source,Operations,SI_ref_18,304,0.23390643823729218,0.2931132667826145,-0.07380406940352335,0
23,source,Operations,SI_ref_19,278,0.2832024269870181,0.30436643924635687,0.012313025975969616,0
23,source,PCR,SI_ref_13,93,0.26797624166127043,0.32581259051770134,-1.2791801130747071,0
23,source,PCR,SI_ref_14,189,0.1722193837637195,0.20384842080843324,0.5160449058236208,0
23,source,PCR,SI_ref_15,131,0.19490034608420473,0.24040850581476722,0.5979911001041374,6
23,source,PCR,SI_ref_16,51,0.872856557025543,0.8857327520957304,-30.618497761117123,51
23,source,PCR,SI_ref_17,233,0.17332938058648856,0.24703903947685718,0.5311445794729148,8
23,source,PCR,SI_ref_18,304,0.18421346612902437,0.1996270555158823,0.5019271189990189,144
23,source,PCR,SI_ref_19,278,0.1331385095079774,0.15764492946582573,0.7350366462764795,1
23,source,PLS,SI_ref_13,93,0.27905342646817344,0.3216471302354353,-1.2212747652857097,0
23,source,PLS,SI_ref_14,189,0.14337812231892455,0.18845884052580236,0.5863591779082609,0
23,source,PLS,SI_ref_15,131,0.22577736677337829,0.2559474072995403,0.5443435958710976,0
23,source,PLS,SI_ref_16,51,0.7639592842670004,0.7789419878347262,-23.453782949650464,51
23,source,PLS,SI_ref_17,233,0.15220371121733234,0.20718028303276037,0.6702349651601995,6
23,source,PLS,SI_ref_18,304,0.17609087401434065,0.22238177060638634,0.3819089407859009,34
23,source,PLS,SI_ref_19,278,0.15641380027028914,0.1836287989649528,0.6404929706501843,6
23,source,Point,SI_ref_13,93,0.27905342646817344,0.3216471302354353,-1.2212747652857097,0
23,source,Point,SI_ref_14,189,0.1723514874935121,0.20651562128387907,0.5032976905029064,63
23,source,Point,SI_ref_15,131,0.18887345788232016,0.227775586215598,0.6391303524474935,0
23,source,Point,SI_ref_16,51,0.872856557025543,0.8857327520957304,-30.618497761117123,51
23,source,Point,SI_ref_17,233,0.15141128075710028,0.2132227018753571,0.6507192541643327,0
23,source,Point,SI_ref_18,304,0.10674066755280877,0.17655088667560015,0.6104224697668331,0
23,source,Point,SI_ref_19,278,0.2669520132604438,0.34225803866216603,-0.24891566681235933,0
23,source,RandomForest,SI_ref_13,93,0.2640598011412488,0.30678016503644295,-1.0206796811475978,0
23,source,RandomForest,SI_ref_14,189,0.19393272014339527,0.2730796145023551,0.13150179513304805,0
23,source,RandomForest,SI_ref_15,131,0.39178135303481926,0.541801620484871,-1.0418160280144266,0
23,source,RandomForest,SI_ref_16,51,0.14584769844688253,0.1723926666746173,-0.19776991180497538,0
23,source,RandomForest,SI_ref_17,233,0.1888396917191811,0.2693585116272213,0.44259717109298813,0
23,source,RandomForest,SI_ref_18,304,0.1612785582135486,0.2385391347680223,0.2888300897640953,0
23,source,RandomForest,SI_ref_19,278,0.2520633765151954,0.31770115389114145,-0.07612664184718976,0
23,source,Ridge,SI_ref_13,93,0.36728303074010815,0.40474544446041366,-2.517279328336329,5
23,source,Ridge,SI_ref_14,189,0.1431286773148561,0.1843475931565225,0.6042095539721516,57
23,source,Ridge,SI_ref_15,131,0.24754794287766202,0.2637736645507472,0.5160518040344189,0
23,source,Ridge,SI_ref_16,51,0.24507536078744352,0.28308999997528,-2.2298687964438635,0
23,source,Ridge,SI_ref_17,233,0.14697683758099073,0.19317796104780022,0.7133031528591118,0
23,source,Ridge,SI_ref_18,304,0.17987694235601154,0.20559324664064518,0.471710737732274,101
23,source,Ridge,SI_ref_19,278,0.3687561134777877,0.4072545870552619,-0.7683074160249157,16
23,source,SVR,SI_ref_13,93,0.19744314626721268,0.23462716320049917,-0.1819510762042449,0
23,source,SVR,SI_ref_14,189,0.1723514874935121,0.20651562128387907,0.5032976905029064,63
23,source,SVR,SI_ref_15,131,0.18887345788232016,0.227775586215598,0.6391303524474935,0
23,source,SVR,SI_ref_16,51,0.13881216778936942,0.16058539836173927,-0.0393167601754536,0
23,source,SVR,SI_ref_17,233,0.15141128075710028,0.2132227018753571,0.6507192541643327,0
23,source,SVR,SI_ref_18,304,0.10674066755280877,0.17655088667560015,0.6104224697668331,0
23,source,SVR,SI_ref_19,278,0.22671779308635967,0.28582705593954466,0.1289712878248771,0
23,source,SplineRidge,SI_ref_13,93,0.6387313568712688,0.679252229300272,-8.90615378697135,78
23,source,SplineRidge,SI_ref_14,189,0.2600199879875163,0.3054930197405654,-0.08690840158440194,0
23,source,SplineRidge,SI_ref_15,131,0.2965542763104812,0.33916928308940836,0.19985437266298844,0
23,source,SplineRidge,SI_ref_16,51,0.11729715699697178,0.13470828107555344,0.26865143618481946,0
23,source,SplineRidge,SI_ref_17,233,0.2461987367403049,0.29572381308773243,0.3281375705842713,86
23,source,SplineRidge,SI_ref_18,304,0.1798670255492719,0.24212153439573977,0.2673088784498643,0
23,source,SplineRidge,SI_ref_19,278,0.8520928479720997,0.9580230163486548,-8.785379767906456,228
23,source,TOPSIS,SI_ref_13,93,0.27905342646817344,0.3216471302354353,-1.2212747652857097,0
23,source,TOPSIS,SI_ref_14,189,0.1723514874935121,0.20651562128387907,0.5032976905029064,63
23,source,TOPSIS,SI_ref_15,131,0.18887345788232016,0.227775586215598,0.6391303524474935,0
23,source,TOPSIS,SI_ref_16,51,0.872856557025543,0.8857327520957304,-30.618497761117123,51
23,source,TOPSIS,SI_ref_17,233,0.17332938058648856,0.24703903947685718,0.5311445794729148,8
23,source,TOPSIS,SI_ref_18,304,0.18421346612902437,0.1996270555158823,0.5019271189990189,144
23,source,TOPSIS,SI_ref_19,278,0.25517807363553174,0.3093731949283327,-0.020448669451335055,0
23,source,XGBoost,SI_ref_13,93,0.18444584449019927,0.21580982701286108,3.372260139389294e-05,0
23,source,XGBoost,SI_ref_14,189,0.28346093865590277,0.37751130855971715,-0.6597791102084702,0
23,source,XGBoost,SI_ref_15,131,0.3727205253677656,0.5153017834371028,-0.84696769974776,0
23,source,XGBoost,SI_ref_16,51,0.18325968661962397,0.22612495834894297,-1.0607856606494992,0
23,source,XGBoost,SI_ref_17,233,0.19378242666606801,0.2808361572357064,0.39408206893365827,0
23,source,XGBoost,SI_ref_18,304,0.1644982779449152,0.24514534128533327,0.24889373800875592,0
23,source,XGBoost,SI_ref_19,278,0.2813574762643702,0.36951572814232225,-0.45576628176487066,0
47,broad,ARD,SI_ref_13,93,0.18022746270846884,0.21109693301938764,0.0432317210157086,0
47,broad,ARD,SI_ref_14,189,0.1391091394171627,0.18581763270694063,0.5978720973465871,32
47,broad,ARD,SI_ref_15,131,0.218855992633128,0.2594068936195714,0.5319426865508194,2
47,broad,ARD,SI_ref_16,51,0.1273218034025988,0.14852226685914702,0.11096478819408484,0
47,broad,ARD,SI_ref_17,233,0.14716028768377962,0.18422066777300503,0.7392739256659171,38
47,broad,ARD,SI_ref_18,304,0.1339456959682473,0.1497268334761734,0.7198095209026123,84
47,broad,ARD,SI_ref_19,278,0.15303599591346814,0.186215809167571,0.6302919592677627,0
47,broad,AdaBoost,SI_ref_13,93,0.1722290675051592,0.2041876536309092,0.10483750489350063,0
47,broad,AdaBoost,SI_ref_14,189,0.16796595132702496,0.23968766322362234,0.33091433445666985,0
47,broad,AdaBoost,SI_ref_15,131,0.12357528293873528,0.16713725387828524,0.8056956453280458,0
47,broad,AdaBoost,SI_ref_16,51,0.2047374875819058,0.22944813685069138,-1.1218021985130946,0
47,broad,AdaBoost,SI_ref_17,233,0.1269501813422125,0.1826810996137044,0.7436135934650958,0
47,broad,AdaBoost,SI_ref_18,304,0.12525804178832212,0.18260726879796765,0.5832359825806389,0
47,broad,AdaBoost,SI_ref_19,278,0.0732717971510994,0.11454325964278556,0.8601170202239459,0
47,broad,Bagging,SI_ref_13,93,0.15656030535230195,0.18330936428608136,0.27854005632137513,0
47,broad,Bagging,SI_ref_14,189,0.16476411228865603,0.23099013132249321,0.378591464303211,0
47,broad,Bagging,SI_ref_15,131,0.1003094255361997,0.1661153577767551,0.8080643794345156,0
47,broad,Bagging,SI_ref_16,51,0.17787267925399666,0.19983841147686904,-0.6095103051784205,0
47,broad,Bagging,SI_ref_17,233,0.11249899930141367,0.16479338840130342,0.7913649220774169,0
47,broad,Bagging,SI_ref_18,304,0.06223142908245568,0.10105267464965043,0.8723708961982539,0
47,broad,Bagging,SI_ref_19,278,0.0751189034674019,0.11315806168721555,0.8634798368949477,0
47,broad,BayesianRidge,SI_ref_13,93,0.16992440670106035,0.20045151918520474,0.13729637075741896,0
47,broad,BayesianRidge,SI_ref_14,189,0.14734902970785246,0.1880533966318288,0.5881370488149058,49
47,broad,BayesianRidge,SI_ref_15,131,0.23022241484633615,0.26797483703049807,0.5005131715111782,33
47,broad,BayesianRidge,SI_ref_16,51,0.13022005050390162,0.1517508351151833,0.07189309546250333,0
47,broad,BayesianRidge,SI_ref_17,233,0.14940456978844452,0.18684211040176596,0.731800916575932,38
47,broad,BayesianRidge,SI_ref_18,304,0.13413940445732528,0.15082376671996398,0.7156890021780251,85
47,broad,BayesianRidge,SI_ref_19,278,0.15831686108880386,0.18234098193820947,0.6455178447852105,0
47,broad,CatBoost,SI_ref_13,93,0.153058210674181,0.17700462840385864,0.32731434528891623,0
47,broad,CatBoost,SI_ref_14,189,0.16156322436948117,0.22630041789623107,0.4035678098391562,0
47,broad,CatBoost,SI_ref_15,131,0.10505442273022697,0.15809074853451396,0.8261603171759988,0
47,broad,CatBoost,SI_ref_16,51,0.16459998921173546,0.1836157140108438,-0.3587999294065005,0
47,broad,CatBoost,SI_ref_17,233,0.1142133990114914,0.1694259988056717,0.7794699020379027,0
47,broad,CatBoost,SI_ref_18,304,0.07259989862335145,0.10858517154525918,0.8526347322370341,0
47,broad,CatBoost,SI_ref_19,278,0.07161634814584256,0.10624884837352284,0.8796421941226686,1
47,broad,Constant,SI_ref_13,93,0.25100213158823403,0.29933521148639336,-0.9237938620607071,0
47,broad,Constant,SI_ref_14,189,0.26433570170964654,0.2946668520434355,-0.01123694965662958,0
47,broad,Constant,SI_ref_15,131,0.3551741473587406,0.38757317740160185,-0.044824712653703136,0
47,broad,Constant,SI_ref_16,51,0.1364410393363384,0.15775120607892817,-0.00295442926470435,0
47,broad,Constant,SI_ref_17,233,0.3314600580940966,0.3636984209252749,-0.01622667878885231,0
47,broad,Constant,SI_ref_18,304,0.24143614106127687,0.28879205765513494,-0.04237643374357458,0
47,broad,Constant,SI_ref_19,278,0.29556111133080165,0.31587235836783284,-0.06377320038992407,0
47,broad,Contrast,SI_ref_13,93,0.1443808885484423,0.1724307432556326,0.361630217390984,0
47,broad,Contrast,SI_ref_14,189,0.14595134773117283,0.19278363732273865,0.567156696506012,33
47,broad,Contrast,SI_ref_15,131,0.16980205784980507,0.20037885278378492,0.7207200352103758,0
47,broad,Contrast,SI_ref_16,51,0.14331624103643684,0.17056722222158932,-0.17253813838477883,0
47,broad,Contrast,SI_ref_17,233,0.13596900919428906,0.17939681109140077,0.7527494883571566,6
47,broad,Contrast,SI_ref_18,304,0.11519765680484638,0.13695568938970498,0.7655694261355974,51
47,broad,Contrast,SI_ref_19,278,0.15469923623275783,0.18270214549213354,0.6441122054772257,0
47,broad,DecisionTree,SI_ref_13,93,0.17625809200154996,0.2017093847880149,0.126435190773032,0
47,broad,DecisionTree,SI_ref_14,189,0.17048486710742283,0.23688208584972298,0.3464861440544683,0
47,broad,DecisionTree,SI_ref_15,131,0.09657539198727953,0.1621616331665525,0.8170921989760842,0
47,broad,DecisionTree,SI_ref_16,51,0.20196683889315553,0.22098255187484722,-0.9681209890806983,0
47,broad,DecisionTree,SI_ref_17,233,0.1197849122278665,0.17988079380946645,0.7514136073899882,0
47,broad,DecisionTree,SI_ref_18,304,0.11568455928378346,0.20114230626719437,0.49433727036154707,0
47,broad,DecisionTree,SI_ref_19,278,0.06388759585362248,0.10682560210721727,0.8783319639668408,0
47,broad,ElasticNet,SI_ref_13,93,0.19455484366370798,0.23390517369270863,-0.17468812080209073,0
47,broad,ElasticNet,SI_ref_14,189,0.1474728054825308,0.19680139632113522,0.5489271229235044,34
47,broad,ElasticNet,SI_ref_15,131,0.1853581508407384,0.19983227157008424,0.722241562920857,0
47,broad,ElasticNet,SI_ref_16,51,0.1623993534589202,0.18432776261905726,-0.3693590213989404,0
47,broad,ElasticNet,SI_ref_17,233,0.13639091481902005,0.19016738327368748,0.7221695627657795,2
47,broad,ElasticNet,SI_ref_18,304,0.1318406090610453,0.16911320757158893,0.6425550647952789,13
47,broad,ElasticNet,SI_ref_19,278,0.11018058426012602,0.13886063654737624,0.7944184658851712,0
47,broad,ExtraTrees,SI_ref_13,93,0.14633169345254518,0.17544471883616605,0.3391186130807523,0
47,broad,ExtraTrees,SI_ref_14,189,0.16262857901636088,0.22715306227083923,0.3990649229954156,0
47,broad,ExtraTrees,SI_ref_15,131,0.10258101299639015,0.14348524659770437,0.8567975308572298,0
47,broad,ExtraTrees,SI_ref_16,51,0.158984975837991,0.17765193821355707,-0.2719666488491923,0
47,broad,ExtraTrees,SI_ref_17,233,0.11362722214541045,0.1733428792670272,0.7691553716001377,0
47,broad,ExtraTrees,SI_ref_18,304,0.09784378901927332,0.15140417586665156,0.7134965862097984,0
47,broad,ExtraTrees,SI_ref_19,278,0.07572297035632083,0.11021134148387282,0.8704974332363573,0
47,broad,GradientBoosting,SI_ref_13,93,0.16617328492202096,0.19378481846964654,0.19372643331026884,0
47,broad,GradientBoosting,SI_ref_14,189,0.15802082592281866,0.22011564154405924,0.43572322878089365,0
47,broad,GradientBoosting,SI_ref_15,131,0.10223245339832866,0.16625046166203555,0.8077520447590454,0
47,broad,GradientBoosting,SI_ref_16,51,0.15930068874684186,0.18071764398869108,-0.31624561135261575,0
47,broad,GradientBoosting,SI_ref_17,233,0.11676737450514879,0.1688532357984047,0.7809584336463014,0
47,broad,GradientBoosting,SI_ref_18,304,0.0709332181171801,0.10399222675028523,0.8648376141007739,0
47,broad,GradientBoosting,SI_ref_19,278,0.06661100852748346,0.10347558585442375,0.8858432523977601,1
47,broad,HistGradientBoosting,SI_ref_13,93,0.14411348428298526,0.17405823728309155,0.3495227933893936,0
47,broad,HistGradientBoosting,SI_ref_14,189,0.16299680088782983,0.23236198580641151,0.3711884334096004,0
47,broad,HistGradientBoosting,SI_ref_15,131,0.10183839380213297,0.15876173815585076,0.824681518912504,0
47,broad,HistGradientBoosting,SI_ref_16,51,0.15922889719801983,0.18358045894903904,-0.3582781878246306,0
47,broad,HistGradientBoosting,SI_ref_17,233,0.10810263649350343,0.16324437180697093,0.7952687230636948,0
47,broad,HistGradientBoosting,SI_ref_18,304,0.056695628003467204,0.09126666155223952,0.8958933615762953,0
47,broad,HistGradientBoosting,SI_ref_19,278,0.06132841640356281,0.09137670702023155,0.910978111040053,0
47,broad,Huber,SI_ref_13,93,0.1815382799773561,0.21042495874930217,0.04931329087477021,0
47,broad,Huber,SI_ref_14,189,0.1378617504578384,0.18527268653693163,0.6002272745687982,31
47,broad,Huber,SI_ref_15,131,0.2728142515171239,0.3137886270014127,0.3151264291455139,48
47,broad,Huber,SI_ref_16,51,0.14298181051297348,0.17163037308551207,-0.18720062652386793,0
47,broad,Huber,SI_ref_17,233,0.16517914896408595,0.2090211036050725,0.6643489314748268,34
47,broad,Huber,SI_ref_18,304,0.13266295387888638,0.14722054781704136,0.7291112601895123,102
47,broad,Huber,SI_ref_19,278,0.2078026103157247,0.22273668349545284,0.4710564852932998,0
47,broad,KNN,SI_ref_13,93,0.2084002277506815,0.23377981531125236,-0.1734293411094896,0
47,broad,KNN,SI_ref_14,189,0.152849758805395,0.20841188473116776,0.494134193077446,0
47,broad,KNN,SI_ref_15,131,0.10526847783211665,0.16846597426529572,0.8025939742703017,0
47,broad,KNN,SI_ref_16,51,0.19917435942777037,0.2305267990233073,-1.1417987654103645,0
47,broad,KNN,SI_ref_17,233,0.11907136464138238,0.19435686007580993,0.7097932499591431,0
47,broad,KNN,SI_ref_18,304,0.12335598893329919,0.19634014564242866,0.5181938806708501,0
47,broad,KNN,SI_ref_19,278,0.07243995726367236,0.11692051958609823,0.854250433279275,0
47,broad,KernelRidge,SI_ref_13,93,0.14535102418830645,0.1735974046153393,0.35296261135696794,0
47,broad,KernelRidge,SI_ref_14,189,0.1627703156050393,0.20756421347864926,0.49824082893458554,56
47,broad,KernelRidge,SI_ref_15,131,0.11678031071409087,0.17990293513485708,0.7748808152668718,2
47,broad,KernelRidge,SI_ref_16,51,0.156526829907085,0.17730919740327142,-0.267063416785871,0
47,broad,KernelRidge,SI_ref_17,233,0.11127554037445091,0.1572698339299796,0.8099803045946625,0
47,broad,KernelRidge,SI_ref_18,304,0.08357325447357299,0.10974777570002454,0.8494622058577393,0
47,broad,KernelRidge,SI_ref_19,278,0.08416057931808488,0.11627773370780602,0.8558485828377228,0
47,broad,Lasso,SI_ref_13,93,0.19747988415033765,0.23911964610001438,-0.22764680956596473,0
47,broad,Lasso,SI_ref_14,189,0.1472450420578816,0.200609353417865,0.5313024112933791,25
47,broad,Lasso,SI_ref_15,131,0.18705611520302914,0.20027973595422358,0.7209962569576938,0
47,broad,Lasso,SI_ref_16,51,0.16887967235324022,0.19690324804610876,-0.5625775643299109,0
47,broad,Lasso,SI_ref_17,233,0.14034802143187208,0.200944695381787,0.6897863860565493,0
47,broad,Lasso,SI_ref_18,304,0.12989593779484557,0.1735696997297764,0.623467976461417,29
47,broad,Lasso,SI_ref_19,278,0.1353205415840249,0.1589638508684748,0.7305845179931865,0
47,broad,LightGBM,SI_ref_13,93,0.13667542518008574,0.16952219210992406,0.38298454799870485,0
47,broad,LightGBM,SI_ref_14,189,0.15437041631889226,0.21770884487360537,0.447995637536739,0
47,broad,LightGBM,SI_ref_15,131,0.09905352983180757,0.15632275864209366,0.8300268079855841,0
47,broad,LightGBM,SI_ref_16,51,0.15896963784765544,0.18431261631221973,-0.3691339887779628,0
47,broad,LightGBM,SI_ref_17,233,0.10385850002791414,0.1564300823070267,0.8120041298715946,0
47,broad,LightGBM,SI_ref_18,304,0.05566142226148237,0.09112860033953162,0.8962080924375704,0
47,broad,LightGBM,SI_ref_19,278,0.05773577026446569,0.08627051147880872,0.9206493397330138,0
47,broad,MLP,SI_ref_13,93,0.1572204971019204,0.2033270912698426,0.11236704750391724,0
47,broad,MLP,SI_ref_14,189,0.1610104205189387,0.2100358132111614,0.4862201493727185,9
47,broad,MLP,SI_ref_15,131,0.1776376516846271,0.23264055270646397,0.6235503901940933,19
47,broad,MLP,SI_ref_16,51,0.22095366956112847,0.2511960843506996,-1.5430889726538526,0
47,broad,MLP,SI_ref_17,233,0.15852378756438312,0.20597917686712605,0.674047438879096,17
47,broad,MLP,SI_ref_18,304,0.19048015123720421,0.2230354277140175,0.37827003288656724,4
47,broad,MLP,SI_ref_19,278,0.2600355557496602,0.28960621906098405,0.10578579087860251,2
47,broad,OLS,SI_ref_13,93,0.1742207695826983,0.20293492276325323,0.11578780157520796,0
47,broad,OLS,SI_ref_14,189,0.13647424727520532,0.18510791527881892,0.6009380297818472,19
47,broad,OLS,SI_ref_15,131,0.27311484493039845,0.3140697463270316,0.313898740039221,48
47,broad,OLS,SI_ref_16,51,0.14285789160386986,0.17010757770076038,-0.1662271421500574,0
47,broad,OLS,SI_ref_17,233,0.15558438716331244,0.19424027101121985,0.7101413188177602,38
47,broad,OLS,SI_ref_18,304,0.13204159925497552,0.1459018521517304,0.7339423785806656,103
47,broad,OLS,SI_ref_19,278,0.2036988090978262,0.2182362361934348,0.49221540058263646,0
47,broad,Operations,SI_ref_13,93,0.20892995342362186,0.25211029811373326,-0.36465884012959426,0
47,broad,Operations,SI_ref_14,189,0.2715519081518747,0.30769095585714307,-0.10260466307572602,0
47,broad,Operations,SI_ref_15,131,0.34996208469430506,0.37690149611155765,0.01192085672821741,0
47,broad,Operations,SI_ref_16,51,0.1384551524009167,0.15567464890861732,0.023276551899025888,0
47,broad,Operations,SI_ref_17,233,0.33808004827999916,0.3732147759028525,-0.07010260245475175,0
47,broad,Operations,SI_ref_18,304,0.2274294415472692,0.26649153330344105,0.11239257769859567,0
47,broad,Operations,SI_ref_19,278,0.2887987421772237,0.3093232989004261,-0.020119537967397294,0
47,broad,PCR,SI_ref_13,93,0.17652316641871307,0.21356876000814085,0.02069409498464725,0
47,broad,PCR,SI_ref_14,189,0.14324262923015618,0.19994939736738335,0.5343811412800679,9
47,broad,PCR,SI_ref_15,131,0.1681099475327573,0.19996746419176795,0.7218656116976683,0
47,broad,PCR,SI_ref_16,51,0.2059868268754188,0.23369434993956814,-1.2010618634293588,0
47,broad,PCR,SI_ref_17,233,0.18590961096558709,0.2600456014799149,0.4804745994291063,4
47,broad,PCR,SI_ref_18,304,0.16758257168486895,0.20251198337322715,0.48742720965596786,69
47,broad,PCR,SI_ref_19,278,0.1130729535765551,0.1397485282199516,0.7917810344378341,1
47,broad,PLS,SI_ref_13,93,0.20689590320517237,0.2561180440517643,-0.4083911064396597,0
47,broad,PLS,SI_ref_14,189,0.1451732471415335,0.19504271659787634,0.5569529619637508,23
47,broad,PLS,SI_ref_15,131,0.17158363691948533,0.1964828115137243,0.7314747452890207,0
47,broad,PLS,SI_ref_16,51,0.16123780868668136,0.18191790676596203,-0.3337877500150177,0
47,broad,PLS,SI_ref_17,233,0.1391301117010032,0.19222180875660402,0.7161341946621895,8
47,broad,PLS,SI_ref_18,304,0.13815959721828158,0.1783620278936657,0.6023885366644335,16
47,broad,PLS,SI_ref_19,278,0.12271107252116299,0.1457271684629972,0.7735841363989611,0
47,broad,Point,SI_ref_13,93,0.15361468125806527,0.18167805879511825,0.2913237430233928,0
47,broad,Point,SI_ref_14,189,0.16297494196193163,0.22695424162168756,0.4001164255631142,37
47,broad,Point,SI_ref_15,131,0.09930429484637093,0.16674002090606435,0.8066181491182659,0
47,broad,Point,SI_ref_16,51,0.14600295070868902,0.17277816816732583,-0.20313276589461027,0
47,broad,Point,SI_ref_17,233,0.10650152878321126,0.1633034134989436,0.7951206032017635,4
47,broad,Point,SI_ref_18,304,0.06883217963516451,0.10339089930999255,0.86639622795772,0
47,broad,Point,SI_ref_19,278,0.0716784339280426,0.10216149053554507,0.888724324240436,0
47,broad,RandomForest,SI_ref_13,93,0.1613999186283294,0.18818745877606252,0.2396312207724689,0
47,broad,RandomForest,SI_ref_14,189,0.16348706822381637,0.2303556905343742,0.3820003155538675,0
47,broad,RandomForest,SI_ref_15,131,0.09975324438349908,0.16612079589099019,0.8080518124457761,0
47,broad,RandomForest,SI_ref_16,51,0.17893298461759555,0.19961434169109352,-0.6059029862403396,0
47,broad,RandomForest,SI_ref_17,233,0.11255588241838856,0.16511447198606574,0.7905511204997964,0
47,broad,RandomForest,SI_ref_18,304,0.06115926926375565,0.10072725850914593,0.873191571111197,0
47,broad,RandomForest,SI_ref_19,278,0.05686202964312365,0.08229179935575383,0.92779971430156,0
47,broad,Ridge,SI_ref_13,93,0.17731139306898333,0.21154154487369656,0.03919719061474436,0
47,broad,Ridge,SI_ref_14,189,0.14470000189718737,0.1907449465130095,0.5762629443211565,37
47,broad,Ridge,SI_ref_15,131,0.20487673883941457,0.23966672688663979,0.6004680647196252,2
47,broad,Ridge,SI_ref_16,51,0.14113911735599283,0.16094753339364773,-0.04400955777784388,0
47,broad,Ridge,SI_ref_17,233,0.1408893382322899,0.18055427711232944,0.7495486812505474,12
47,broad,Ridge,SI_ref_18,304,0.13211290903256173,0.15531348239922324,0.6985103491233285,67
47,broad,Ridge,SI_ref_19,278,0.14579370995612204,0.16862827279752698,0.6968297495891138,0
47,broad,SVR,SI_ref_13,93,0.15361468125806527,0.18167805879511825,0.2913237430233928,0
47,broad,SVR,SI_ref_14,189,0.16240573898765287,0.2181773686270514,0.4456171816012888,55
47,broad,SVR,SI_ref_15,131,0.10467231733949964,0.18045914582778477,0.7734866494529709,0
47,broad,SVR,SI_ref_16,51,0.17907393458205106,0.20481096025948037,-0.6906052433245013,0
47,broad,SVR,SI_ref_17,233,0.10314626812957527,0.16584211873725233,0.7887010026637677,4
47,broad,SVR,SI_ref_18,304,0.06911449102954328,0.1039119953699618,0.86504609278962,0
47,broad,SVR,SI_ref_19,278,0.085072247273021,0.11669825684643591,0.8548040385385903,0
47,broad,SplineRidge,SI_ref_13,93,0.16236807076542742,0.18598137986321925,0.25735398991133807,0
47,broad,SplineRidge,SI_ref_14,189,0.19704667910037882,0.23785301479324308,0.3411179382902916,0
47,broad,SplineRidge,SI_ref_15,131,0.2873937195504253,0.33098445671462356,0.23800660252744688,52
47,broad,SplineRidge,SI_ref_16,51,0.12420198622871763,0.15094542514751574,0.08171871355007965,0
47,broad,SplineRidge,SI_ref_17,233,0.1420582774661046,0.17685055794142476,0.7597183365831334,38
47,broad,SplineRidge,SI_ref_18,304,0.12193803121947046,0.14403853109736905,0.7406946593698506,66
47,broad,SplineRidge,SI_ref_19,278,0.11063415898592321,0.1396822395199113,0.7919785218983958,82
47,broad,TOPSIS,SI_ref_13,93,0.14397019175131318,0.1712774551651939,0.3701410219911806,0
47,broad,TOPSIS,SI_ref_14,189,0.15169119445172358,0.21192772675263338,0.4769226410518007,38
47,broad,TOPSIS,SI_ref_15,131,0.11678031071409087,0.17990293513485708,0.7748808152668718,2
47,broad,TOPSIS,SI_ref_16,51,0.16914122861750855,0.19336338961188942,-0.5068996260941501,0
47,broad,TOPSIS,SI_ref_17,233,0.11473424421200146,0.17517244438759055,0.7642567091874624,4
47,broad,TOPSIS,SI_ref_18,304,0.0958528054899158,0.14143634876139932,0.7499791849542958,0
47,broad,TOPSIS,SI_ref_19,278,0.08230666950406537,0.11234574956933939,0.8654328385771102,0
47,broad,XGBoost,SI_ref_13,93,0.16080996527899363,0.1870336486817479,0.24892654442567475,0
47,broad,XGBoost,SI_ref_14,189,0.1546763600330828,0.21636214512060967,0.45480367450363024,1
47,broad,XGBoost,SI_ref_15,131,0.09829719993520047,0.170716702973145,0.7972839950252841,0
47,broad,XGBoost,SI_ref_16,51,0.15767992822245785,0.18451484060981177,-0.3721400125018588,0
47,broad,XGBoost,SI_ref_17,233,0.1047743847822319,0.16080612052211501,0.8013388658721451,0
47,broad,XGBoost,SI_ref_18,304,0.055898081754452565,0.08859392476888688,0.901901587978844,0
47,broad,XGBoost,SI_ref_19,278,0.055617569161802806,0.08295496343730767,0.9266313460285159,0
47,exact,ARD,SI_ref_13,93,0.15790902939246204,0.1863862461760478,0.25411711080364985,0
47,exact,ARD,SI_ref_14,189,0.14532807370675763,0.1731960786189601,0.6506453947728215,35
47,exact,ARD,SI_ref_15,131,0.11526057400337977,0.1422368511676704,0.8592785608225059,2
47,exact,ARD,SI_ref_16,51,0.1022064387840879,0.12742548322224442,0.3455922974935566,0
47,exact,ARD,SI_ref_17,233,0.12558599016119878,0.16808689431012233,0.7829421649129298,5
47,exact,ARD,SI_ref_18,304,0.13272855043536036,0.14470555803616975,0.7382874682623763,105
47,exact,ARD,SI_ref_19,278,0.09141515722705032,0.12478818590307414,0.8339752857091849,1
47,exact,AdaBoost,SI_ref_13,93,0.17186202282183663,0.19999679373600515,0.14120602768696833,0
47,exact,AdaBoost,SI_ref_14,189,0.1315277894654943,0.1831948867186823,0.6091437525398373,0
47,exact,AdaBoost,SI_ref_15,131,0.12369022895992086,0.16609083195595334,0.8081210512701842,0
47,exact,AdaBoost,SI_ref_16,51,0.1348728400548518,0.15328290435310313,0.05305824851487173,0
47,exact,AdaBoost,SI_ref_17,233,0.12436502411012099,0.1779615711567877,0.7566898514667498,0
47,exact,AdaBoost,SI_ref_18,304,0.1301533012413866,0.1843919753120945,0.5750497124286362,0
47,exact,AdaBoost,SI_ref_19,278,0.06614616440557264,0.11021469156911609,0.8704895601585813,0
47,exact,Bagging,SI_ref_13,93,0.14766207383457491,0.1797548987296285,0.30624777272596393,0
47,exact,Bagging,SI_ref_14,189,0.12134214880776614,0.1672794780121022,0.6741065047438657,0
47,exact,Bagging,SI_ref_15,131,0.09503953484786368,0.13168070470121507,0.879390839808092,0
47,exact,Bagging,SI_ref_16,51,0.10380935959969871,0.13044748948174092,0.31418453411627467,0
47,exact,Bagging,SI_ref_17,233,0.11290270716990851,0.16430286571513358,0.7926051165691211,0
47,exact,Bagging,SI_ref_18,304,0.040486504193322725,0.08028057948987034,0.9194482293407973,0
47,exact,Bagging,SI_ref_19,278,0.06146505056036997,0.10090950693778014,0.8914349673458851,0
47,exact,BayesianRidge,SI_ref_13,93,0.15602413665571654,0.18561346014151542,0.2602893789202123,0
47,exact,BayesianRidge,SI_ref_14,189,0.14622270594478096,0.17281495424864834,0.6521812385048187,33
47,exact,BayesianRidge,SI_ref_15,131,0.11533182762105369,0.14204504066375723,0.8596578387704306,1
47,exact,BayesianRidge,SI_ref_16,51,0.0985341528932318,0.1226971224815524,0.39325727266948296,0
47,exact,BayesianRidge,SI_ref_17,233,0.12594708342234173,0.1674481306757751,0.7845887561709054,5
47,exact,BayesianRidge,SI_ref_18,304,0.13225375204538642,0.14391942662765864,0.7411233176711314,93
47,exact,BayesianRidge,SI_ref_19,278,0.09288572021530689,0.12459421216196541,0.8344910301291011,1
47,exact,CatBoost,SI_ref_13,93,0.15096000921026465,0.18112211360834923,0.29565428627302326,0
47,exact,CatBoost,SI_ref_14,189,0.1198145158488771,0.16390246021230104,0.6871318833639277,2
47,exact,CatBoost,SI_ref_15,131,0.09294385345018957,0.13159990689963927,0.879538803252213,0
47,exact,CatBoost,SI_ref_16,51,0.10858642318579545,0.1358684594367172,0.25599967324338635,0
47,exact,CatBoost,SI_ref_17,233,0.1076442338579791,0.1592731475907597,0.8051085051406076,0
47,exact,CatBoost,SI_ref_18,304,0.04161164331852945,0.07724986953252398,0.9254153247334176,0
47,exact,CatBoost,SI_ref_19,278,0.05295744738454634,0.08243650036930336,0.9275455786538591,0
47,exact,Constant,SI_ref_13,93,0.24569557666537165,0.2936787631413678,-0.8517741013175089,0
47,exact,Constant,SI_ref_14,189,0.26411133050701485,0.2943402380810677,-0.008996446129671432,0
47,exact,Constant,SI_ref_15,131,0.35542560782069205,0.3872407649341072,-0.04303323770109668,0
47,exact,Constant,SI_ref_16,51,0.13838753480369553,0.1604602186057823,-0.03769705238997578,0
47,exact,Constant,SI_ref_17,233,0.33076481411276,0.36278427757521253,-0.011124597879773379,0
47,exact,Constant,SI_ref_18,304,0.2401689197550109,0.28757851690161784,-0.03363444465326193,0
47,exact,Constant,SI_ref_19,278,0.29348363862135185,0.3128880244930087,-0.043767287320771064,0
47,exact,Contrast,SI_ref_13,93,0.15088477395871713,0.18407800832113858,0.27247698876337423,0
47,exact,Contrast,SI_ref_14,189,0.12728645640584996,0.18234963324857417,0.6127422201911199,0
47,exact,Contrast,SI_ref_15,131,0.09407952903443786,0.13476040956084745,0.8736833341733634,0
47,exact,Contrast,SI_ref_16,51,0.11150228578306998,0.1478828277149804,0.11860351022745041,1
47,exact,Contrast,SI_ref_17,233,0.10926157197795965,0.16005046452831706,0.8032015655934781,0
47,exact,Contrast,SI_ref_18,304,0.03638994766213385,0.07355805424631875,0.932373866183984,1
47,exact,Contrast,SI_ref_19,278,0.038579641665700375,0.06261093111635445,0.9582048273181859,0
47,exact,DecisionTree,SI_ref_13,93,0.14420602567530194,0.18538337356208454,0.2621221339152383,0
47,exact,DecisionTree,SI_ref_14,189,0.12518587875270407,0.17336862967537783,0.6499489409595569,0
47,exact,DecisionTree,SI_ref_15,131,0.09431666593139923,0.13569307008885487,0.8719288389919913,0
47,exact,DecisionTree,SI_ref_16,51,0.10272308325537365,0.13033790991049202,0.3153362588504587,0
47,exact,DecisionTree,SI_ref_17,233,0.11042972217162952,0.16845429235889664,0.7819922541063138,0
47,exact,DecisionTree,SI_ref_18,304,0.04858199552114127,0.08912862228389258,0.9007138933609238,0
47,exact,DecisionTree,SI_ref_19,278,0.06677601465076467,0.11111378717643039,0.8683679334503517,0
47,exact,ElasticNet,SI_ref_13,93,0.15470077344159483,0.18564063468247827,0.2600727699737241,0
47,exact,ElasticNet,SI_ref_14,189,0.14369832161686388,0.1714690082408449,0.6575780194984465,33
47,exact,ElasticNet,SI_ref_15,131,0.12221872293329403,0.14610922970585521,0.8515120157529277,0
47,exact,ElasticNet,SI_ref_16,51,0.10299528118376865,0.12484993425932454,0.3717789851465576,0
47,exact,ElasticNet,SI_ref_17,233,0.1239909980441475,0.16734090607479601,0.7848645429404978,4
47,exact,ElasticNet,SI_ref_18,304,0.13219604302901378,0.1440857056151732,0.7405247797205003,103
47,exact,ElasticNet,SI_ref_19,278,0.09335725533483398,0.1252591912910747,0.8327196201635575,1
47,exact,ExtraTrees,SI_ref_13,93,0.14497766898856926,0.18484742438129695,0.26638242305888804,0
47,exact,ExtraTrees,SI_ref_14,189,0.12465497152588739,0.16917058998438486,0.6666963337888163,0
47,exact,ExtraTrees,SI_ref_15,131,0.09562267698450991,0.132008021230691,0.8787905022575198,0
47,exact,ExtraTrees,SI_ref_16,51,0.10367467864865472,0.13122797133357955,0.3059533629903425,0
47,exact,ExtraTrees,SI_ref_17,233,0.10344516583292886,0.15236514850593622,0.8216475663211342,0
47,exact,ExtraTrees,SI_ref_18,304,0.03921696974601132,0.08108271612986195,0.9178304950039387,0
47,exact,ExtraTrees,SI_ref_19,278,0.07720546014940112,0.12360968350408011,0.837096360216477,0
47,exact,GradientBoosting,SI_ref_13,93,0.1511744768967732,0.18103081217745395,0.2963642113268873,0
47,exact,GradientBoosting,SI_ref_14,189,0.12108065879291875,0.1632145393072082,0.6897526719234113,2
47,exact,GradientBoosting,SI_ref_15,131,0.09126241873902104,0.12792723843872722,0.8861686047375473,0
47,exact,GradientBoosting,SI_ref_16,51,0.10234781671404615,0.12658816382320406,0.3541643342993368,0
47,exact,GradientBoosting,SI_ref_17,233,0.1096407839159969,0.15882678699669514,0.8061993354282855,0
47,exact,GradientBoosting,SI_ref_18,304,0.04490541718496982,0.07791562886038891,0.9241242050125972,0
47,exact,GradientBoosting,SI_ref_19,278,0.057483738085435165,0.09135258398330674,0.9110251075870339,1
47,exact,HistGradientBoosting,SI_ref_13,93,0.14709957877357827,0.18376463915310393,0.2749519093332673,0
47,exact,HistGradientBoosting,SI_ref_14,189,0.11420763453515788,0.16137267408761646,0.696715402933336,0
47,exact,HistGradientBoosting,SI_ref_15,131,0.0936904448378259,0.1296039633958262,0.8831651043482014,0
47,exact,HistGradientBoosting,SI_ref_16,51,0.10647445158700858,0.13411231620084027,0.27510826138870426,0
47,exact,HistGradientBoosting,SI_ref_17,233,0.10802706811003572,0.16034456603234104,0.8024776452552786,0
47,exact,HistGradientBoosting,SI_ref_18,304,0.03640767255834682,0.07314366718394162,0.9331336595403078,0
47,exact,HistGradientBoosting,SI_ref_19,278,0.048201729828256316,0.07098832533841212,0.9462721253713262,0
47,exact,Huber,SI_ref_13,93,0.1659494407353895,0.19500315535349272,0.183556382192277,0
47,exact,Huber,SI_ref_14,189,0.1421784099861822,0.17839649685816494,0.6293508514228272,29
47,exact,Huber,SI_ref_15,131,0.10843363082348298,0.14197488326688856,0.8597964371914695,2
47,exact,Huber,SI_ref_16,51,0.09543294280262717,0.12184712605096715,0.4016346944020798,0
47,exact,Huber,SI_ref_17,233,0.12285962805427687,0.17116046762893433,0.7749315137903856,3
47,exact,Huber,SI_ref_18,304,0.13562199060579772,0.14933820178981672,0.7212621607133811,92
47,exact,Huber,SI_ref_19,278,0.0853601092615081,0.12183022662143145,0.8417528478244849,6
47,exact,KNN,SI_ref_13,93,0.1798707702851199,0.2181649321696678,-0.021910373432354913,0
47,exact,KNN,SI_ref_14,189,0.18030961588969255,0.2522246319660893,0.2590901697900616,0
47,exact,KNN,SI_ref_15,131,0.0842115288143217,0.14079775668628147,0.8621116800984925,0
47,exact,KNN,SI_ref_16,51,0.10802320778983633,0.1525088679092407,0.06259769177047525,0
47,exact,KNN,SI_ref_17,233,0.09112994226246689,0.1550378694907871,0.8153355296736347,0
47,exact,KNN,SI_ref_18,304,0.06699197584972982,0.11509463830472966,0.8344366219593293,0
47,exact,KNN,SI_ref_19,278,0.07217164574801768,0.11470637829798865,0.8597183277020709,0
47,exact,KernelRidge,SI_ref_13,93,0.14166571014104334,0.17556443765245924,0.3382163695416007,0
47,exact,KernelRidge,SI_ref_14,189,0.13126456161075709,0.16353100086810124,0.6885484098826951,27
47,exact,KernelRidge,SI_ref_15,131,0.09333862733571817,0.13559584160665328,0.8721123075125387,0
47,exact,KernelRidge,SI_ref_16,51,0.10832063417219245,0.14344135299236158,0.17075173785836528,0
47,exact,KernelRidge,SI_ref_17,233,0.10989980769056976,0.15809912503714074,0.8079710558114228,0
47,exact,KernelRidge,SI_ref_18,304,0.054808670786747005,0.08120217421728838,0.9175881981709502,0
47,exact,KernelRidge,SI_ref_19,278,0.07006115311740511,0.10760335398336501,0.8765538880578496,3
47,exact,Lasso,SI_ref_13,93,0.15419515589618382,0.18719178564576547,0.24765594217923503,0
47,exact,Lasso,SI_ref_14,189,0.14240692486577466,0.17116439593230282,0.6587935546206298,37
47,exact,Lasso,SI_ref_15,131,0.134585757600257,0.15387179416362867,0.8353149997268764,0
47,exact,Lasso,SI_ref_16,51,0.11118659764278475,0.13065010098862032,0.31205245756129285,0
47,exact,Lasso,SI_ref_17,233,0.12342528565771725,0.16876819883719943,0.7811790031695415,4
47,exact,Lasso,SI_ref_18,304,0.1320312253932924,0.14489708593020145,0.7375942202232886,103
47,exact,Lasso,SI_ref_19,278,0.09416847953321354,0.12623727503674698,0.8300970100718773,1
47,exact,LightGBM,SI_ref_13,93,0.15247119791326882,0.19201902472867804,0.20835323736963474,0
47,exact,LightGBM,SI_ref_14,189,0.11770072267634557,0.16539250050681392,0.6814174462129865,1
47,exact,LightGBM,SI_ref_15,131,0.09048445455550844,0.12723544392490382,0.8873964122375608,0
47,exact,LightGBM,SI_ref_16,51,0.10593362081356984,0.13385463824455202,0.27789114044093377,0
47,exact,LightGBM,SI_ref_17,233,0.10383754079225845,0.15602962062150816,0.8129654382947293,0
47,exact,LightGBM,SI_ref_18,304,0.03563335712480944,0.07263099271171528,0.9340677260990167,0
47,exact,LightGBM,SI_ref_19,278,0.04317344298101804,0.06442386001760671,0.9557493877536302,0
47,exact,MLP,SI_ref_13,93,0.1571098144380431,0.19375459376705104,0.19397792337543396,1
47,exact,MLP,SI_ref_14,189,0.1492150288841898,0.1748308507927904,0.6440192571847294,34
47,exact,MLP,SI_ref_15,131,0.1019142411394815,0.13874044398380758,0.8661118411996663,4
47,exact,MLP,SI_ref_16,51,0.12397872240778547,0.14961130910493048,0.09787925448964618,0
47,exact,MLP,SI_ref_17,233,0.13168316560103288,0.17836370683231678,0.7555890043807467,6
47,exact,MLP,SI_ref_18,304,0.09711559381092179,0.12489930053482672,0.8050271650714852,20
47,exact,MLP,SI_ref_19,278,0.08848254018954321,0.12411807040151868,0.8357536112922509,14
47,exact,OLS,SI_ref_13,93,0.15784624225303256,0.186610729789291,0.25231934599079575,0
47,exact,OLS,SI_ref_14,189,0.1470340230233826,0.1734345577157699,0.6496826578557522,33
47,exact,OLS,SI_ref_15,131,0.11418662889701199,0.1410587916861039,0.8615999241723828,4
47,exact,OLS,SI_ref_16,51,0.09842278461781784,0.12296034143752621,0.39065122143094244,0
47,exact,OLS,SI_ref_17,233,0.12648702268195003,0.1676359470854958,0.7841052577194485,6
47,exact,OLS,SI_ref_18,304,0.13250712270725348,0.14419435556761206,0.7401333099420426,93
47,exact,OLS,SI_ref_19,278,0.09239792429036005,0.12419971446124303,0.8355374598109023,1
47,exact,Operations,SI_ref_13,93,0.19166031885415138,0.22931591995576278,-0.1290452114992715,0
47,exact,Operations,SI_ref_14,189,0.2531039414653096,0.2801968013022869,0.08564107334083237,0
47,exact,Operations,SI_ref_15,131,0.35036051277083047,0.37670675513583113,0.012941652813621696,0
47,exact,Operations,SI_ref_16,51,0.10890015436431853,0.12846705625351024,0.33485034630092037,0
47,exact,Operations,SI_ref_17,233,0.3392242304907594,0.3638473006291143,-0.017058832488876075,0
47,exact,Operations,SI_ref_18,304,0.22592007290976615,0.2605894491329874,0.15127352516679482,0
47,exact,Operations,SI_ref_19,278,0.28108760189426296,0.3041196883320693,0.013913819250865656,0
47,exact,PCR,SI_ref_13,93,0.15180655675831853,0.19271311922768655,0.202619735003431,0
47,exact,PCR,SI_ref_14,189,0.13609454747101768,0.18639631699069348,0.5953635361736658,7
47,exact,PCR,SI_ref_15,131,0.1524730038642649,0.16827598201033508,0.8030389836216137,0
47,exact,PCR,SI_ref_16,51,0.12894297040293629,0.14603604072004564,0.14048012395507925,0
47,exact,PCR,SI_ref_17,233,0.13864311860226392,0.18811158862338048,0.7281440370042171,1
47,exact,PCR,SI_ref_18,304,0.1595395122333753,0.1861322557513906,0.5669905492849638,80
47,exact,PCR,SI_ref_19,278,0.10272919987323996,0.13536754803923273,0.8046313282149727,7
47,exact,PLS,SI_ref_13,93,0.14686945652224026,0.1825683544151758,0.2843611270569232,0
47,exact,PLS,SI_ref_14,189,0.1404231188174664,0.17276666151584838,0.6523756056141592,38
47,exact,PLS,SI_ref_15,131,0.1688443971159183,0.17964404980621698,0.7755282546293206,0
47,exact,PLS,SI_ref_16,51,0.11925225151109285,0.13864923704835574,0.22523357459172544,0
47,exact,PLS,SI_ref_17,233,0.12513132531035076,0.16957772722464892,0.7790747364069853,12
47,exact,PLS,SI_ref_18,304,0.13673339994318467,0.15292718614387432,0.7077035847548631,98
47,exact,PLS,SI_ref_19,278,0.08922200740576545,0.12272974608872793,0.8394074217819807,0
47,exact,Point,SI_ref_13,93,0.150167606917229,0.18809734148675888,0.24035928168633958,0
47,exact,Point,SI_ref_14,189,0.12008688818493098,0.17211664491526485,0.6549864860534277,0
47,exact,Point,SI_ref_15,131,0.0883045011417701,0.1313988347360831,0.8799066285802096,0
47,exact,Point,SI_ref_16,51,0.11382318965046945,0.1412964500347802,0.19536610090579964,0
47,exact,Point,SI_ref_17,233,0.1055799587928143,0.16200497185239954,0.7983656835618855,0
47,exact,Point,SI_ref_18,304,0.03588257058949287,0.07315109266352605,0.9331200824291799,1
47,exact,Point,SI_ref_19,278,0.05129475582005662,0.08460092986728823,0.9236909455824389,0
47,exact,RandomForest,SI_ref_13,93,0.14564218795982814,0.18283306096132118,0.28228440761996954,0
47,exact,RandomForest,SI_ref_14,189,0.12404803071598515,0.17307357259939268,0.651139434896244,0
47,exact,RandomForest,SI_ref_15,131,0.0918383580714737,0.1290303225315556,0.8841970627412438,0
47,exact,RandomForest,SI_ref_16,51,0.10355771862892013,0.13051771048526817,0.31344597467679935,0
47,exact,RandomForest,SI_ref_17,233,0.11032128980480617,0.1600720203015489,0.803148551962994,0
47,exact,RandomForest,SI_ref_18,304,0.04009465100921818,0.07990897480407916,0.9201922234015594,0
47,exact,RandomForest,SI_ref_19,278,0.044454839236290185,0.07166034412582978,0.9452500687905226,0
47,exact,Ridge,SI_ref_13,93,0.1561786953535007,0.18564280778081543,0.26005544678317216,0
47,exact,Ridge,SI_ref_14,189,0.14640532553444346,0.17293528942098252,0.6516966808686375,33
47,exact,Ridge,SI_ref_15,131,0.1148055830365763,0.14170076318896396,0.8603373146835448,2
47,exact,Ridge,SI_ref_16,51,0.09845821022976993,0.12276067957143698,0.39262852459389197,0
47,exact,Ridge,SI_ref_17,233,0.12603753742030013,0.1673911437225015,0.7847353513174624,5
47,exact,Ridge,SI_ref_18,304,0.13228615646622263,0.1439176988395113,0.741129533390426,93
47,exact,Ridge,SI_ref_19,278,0.09277407449331018,0.12450173456393387,0.8347366304901445,1
47,exact,SVR,SI_ref_13,93,0.14498870249638288,0.18328108314456798,0.2787626541890946,0
47,exact,SVR,SI_ref_14,189,0.12840522353729075,0.1816014890908469,0.615913384280066,9
47,exact,SVR,SI_ref_15,131,0.07874531690965976,0.14744490401816648,0.8487847668017223,0
47,exact,SVR,SI_ref_16,51,0.12566004651997476,0.17463495098112683,-0.22913095785771342,1
47,exact,SVR,SI_ref_17,233,0.09605779428943113,0.1666272279732885,0.7866956560098639,0
47,exact,SVR,SI_ref_18,304,0.03432869056095671,0.0728347805182734,0.9336972219218984,0
47,exact,SVR,SI_ref_19,278,0.07247281874452731,0.11213809374966478,0.865929836982368,0
47,exact,SplineRidge,SI_ref_13,93,0.16010767988985314,0.18479702001524176,0.2667824555449567,0
47,exact,SplineRidge,SI_ref_14,189,0.14541594838370261,0.17102091792308552,0.6593653452994305,29
47,exact,SplineRidge,SI_ref_15,131,0.10872983316171354,0.13861376402358982,0.8663562285299106,5
47,exact,SplineRidge,SI_ref_16,51,0.09707842854047381,0.12474451422272365,0.37283944420982074,0
47,exact,SplineRidge,SI_ref_17,233,0.1199411019366054,0.16346635594916512,0.7947115461578377,7
47,exact,SplineRidge,SI_ref_18,304,0.11040472419218168,0.13195843257303547,0.7823651750168454,28
47,exact,SplineRidge,SI_ref_19,278,0.07149091504535136,0.10826424735453924,0.8750328339590829,9
47,exact,TOPSIS,SI_ref_13,93,0.15315508977230555,0.18453217676531739,0.2688825821223175,0
47,exact,TOPSIS,SI_ref_14,189,0.12216197426757135,0.17212042887043896,0.6549713157597858,0
47,exact,TOPSIS,SI_ref_15,131,0.09263504012947298,0.1338811700563173,0.8753262542421485,0
47,exact,TOPSIS,SI_ref_16,51,0.10746972430529955,0.13495393877778972,0.26598158955013584,0
47,exact,TOPSIS,SI_ref_17,233,0.10815463707576942,0.1590021544068708,0.8057711320483611,0
47,exact,TOPSIS,SI_ref_18,304,0.037340136995988725,0.07332550303977947,0.9328007855668536,1
47,exact,TOPSIS,SI_ref_19,278,0.04428519823157073,0.06957803871221438,0.948385685452778,0
47,exact,XGBoost,SI_ref_13,93,0.15213070539194243,0.18633491839183244,0.2545278626193116,0
47,exact,XGBoost,SI_ref_14,189,0.13381743266572124,0.19220515740173807,0.5697504383086165,0
47,exact,XGBoost,SI_ref_15,131,0.09032094248696493,0.1340703292839477,0.8749737050426237,0
47,exact,XGBoost,SI_ref_16,51,0.10981591033162548,0.14780106730395276,0.11957784131728488,1
47,exact,XGBoost,SI_ref_17,233,0.1098067889500666,0.16160182828625996,0.7993679544903046,0
47,exact,XGBoost,SI_ref_18,304,0.03437917933804049,0.071190636661362,0.9366568221352992,1
47,exact,XGBoost,SI_ref_19,278,0.035281361463991245,0.05794735627807414,0.9641991734860811,0
47,source,ARD,SI_ref_13,93,0.3905253470546272,0.4278234124589848,-2.9298141847514727,0
47,source,ARD,SI_ref_14,189,0.13870412105745533,0.1831306655917545,0.6094177430355592,21
47,source,ARD,SI_ref_15,131,0.36107625799074927,0.3923845881943357,-0.07092705815547062,0
47,source,ARD,SI_ref_16,51,0.3309485288788788,0.3589771627464954,-4.193611567549154,30
47,source,ARD,SI_ref_17,233,0.45401083867166925,0.49892696408592946,-0.9124131113325793,109
47,source,ARD,SI_ref_18,304,0.18301723378085902,0.22061298713470617,0.3917022023096496,92
47,source,ARD,SI_ref_19,278,0.3504369490010289,0.3870188441039895,-0.59694523204193,0
47,source,AdaBoost,SI_ref_13,93,0.18258306151394713,0.21837462187550805,-0.02387574030666273,0
47,source,AdaBoost,SI_ref_14,189,0.16372129968256152,0.22790124385816204,0.3950997639910516,0
47,source,AdaBoost,SI_ref_15,131,0.38925049347600355,0.537825302759448,-1.0119559598496837,0
47,source,AdaBoost,SI_ref_16,51,0.26959094273789524,0.3075269574727456,-2.8115551422572773,0
47,source,AdaBoost,SI_ref_17,233,0.15883278374376353,0.2207762370702381,0.6255339798175905,0
47,source,AdaBoost,SI_ref_18,304,0.14099174144319723,0.2009686285369422,0.49521012939724796,0
47,source,AdaBoost,SI_ref_19,278,0.2923203332816557,0.3823112407579086,-0.5583318023509083,0
47,source,Bagging,SI_ref_13,93,0.2608691924814149,0.30182410498469003,-0.9559185424956296,0
47,source,Bagging,SI_ref_14,189,0.19382052355952656,0.2715259663881628,0.14135607999945932,0
47,source,Bagging,SI_ref_15,131,0.3907946920051804,0.5404031309665367,-1.0312890270809585,0
47,source,Bagging,SI_ref_16,51,0.1448968212526424,0.1696131777564181,-0.15945795816323183,0
47,source,Bagging,SI_ref_17,233,0.18813882668961518,0.2679143735202021,0.4485580652790697,0
47,source,Bagging,SI_ref_18,304,0.15664541268032559,0.23300800078430664,0.3214282720352841,0
47,source,Bagging,SI_ref_19,278,0.24978491864368257,0.3133077694933789,-0.04656963152355176,0
47,source,BayesianRidge,SI_ref_13,93,0.44458095156541155,0.4770655783233206,-3.886513299462864,4
47,source,BayesianRidge,SI_ref_14,189,0.14973311135938122,0.1871891690786542,0.5919139060427563,63
47,source,BayesianRidge,SI_ref_15,131,0.28621303336536197,0.3161455902143258,0.3047991952583312,0
47,source,BayesianRidge,SI_ref_16,51,0.3188877970409633,0.34366745686338046,-3.76006236015444,28
47,source,BayesianRidge,SI_ref_17,233,0.38867215717992304,0.44155680970075645,-0.4978934956339869,80
47,source,BayesianRidge,SI_ref_18,304,0.18970551212160788,0.2157956911573737,0.41797769103326854,123
47,source,BayesianRidge,SI_ref_19,278,0.3652863355074035,0.4035871219135247,-0.7366024075180317,0
47,source,CatBoost,SI_ref_13,93,0.18406383930539807,0.21391564088547954,0.017510311308783444,0
47,source,CatBoost,SI_ref_14,189,0.16506910891927565,0.21179095164034967,0.4775975964139455,0
47,source,CatBoost,SI_ref_15,131,0.33391440879623324,0.45788572418794143,-0.45831121688979426,0
47,source,CatBoost,SI_ref_16,51,0.13290583816705415,0.15088896369965538,0.08240555509025704,0
47,source,CatBoost,SI_ref_17,233,0.1753084333894147,0.25115203680483794,0.5154024988367436,0
47,source,CatBoost,SI_ref_18,304,0.14103866529914316,0.19828434012232826,0.5086047810913075,0
47,source,CatBoost,SI_ref_19,278,0.27574082318398435,0.36117190987314013,-0.39076492893767645,0
47,source,Constant,SI_ref_13,93,0.2562298629467588,0.30512506627505276,-0.9989351022935586,0
47,source,Constant,SI_ref_14,189,0.2640488299871741,0.29390978914237614,-0.006047451645564417,0
47,source,Constant,SI_ref_15,131,0.35601043751045175,0.3892191357482225,-0.05371794766847837,0
47,source,Constant,SI_ref_16,51,0.13889732550640096,0.1612812642286594,-0.04834363365091887,0
47,source,Constant,SI_ref_17,233,0.3296527355547614,0.3636665452730562,-0.01604855610908018,0
47,source,Constant,SI_ref_18,304,0.24380726149210208,0.2900815019002118,-0.0517055472148904,0
47,source,Constant,SI_ref_19,278,0.2965619762195117,0.3164945673241334,-0.06796819304214607,0
47,source,Contrast,SI_ref_13,93,0.26797624166127043,0.32581259051770134,-1.2791801130747071,0
47,source,Contrast,SI_ref_14,189,0.19779406719570294,0.22239835592705715,0.42395885130742184,66
47,source,Contrast,SI_ref_15,131,0.22577736677337829,0.2559474072995403,0.5443435958710976,0
47,source,Contrast,SI_ref_16,51,0.6821709012817019,0.7000670341966613,-18.752182012852547,51
47,source,Contrast,SI_ref_17,233,0.13928887070517482,0.19646501796672738,0.7034634532402528,0
47,source,Contrast,SI_ref_18,304,0.18421346612902437,0.1996270555158823,0.5019271189990189,144
47,source,Contrast,SI_ref_19,278,0.25517807363553174,0.3093731949283327,-0.020448669451335055,0
47,source,DecisionTree,SI_ref_13,93,0.2774585783199115,0.32428607205242865,-1.2578730174196329,0
47,source,DecisionTree,SI_ref_14,189,0.21872141729576547,0.3067672195451772,-0.0959942179283777,0
47,source,DecisionTree,SI_ref_15,131,0.386865430942863,0.5342057957066001,-0.9849665852881815,0
47,source,DecisionTree,SI_ref_16,51,0.3572239884255111,0.3904114691212127,-5.143006275027761,0
47,source,DecisionTree,SI_ref_17,233,0.18308796010101075,0.2658911641846844,0.4568552671448164,0
47,source,DecisionTree,SI_ref_18,304,0.14709406458651153,0.20329193282484226,0.48347138726016703,0
47,source,DecisionTree,SI_ref_19,278,0.24243295519485855,0.2890919827789465,0.10895857590362579,0
47,source,ElasticNet,SI_ref_13,93,0.3232309565483572,0.368527822600839,-1.9159728991040135,1
47,source,ElasticNet,SI_ref_14,189,0.15145982780341552,0.1919115845539135,0.5710637550645694,63
47,source,ElasticNet,SI_ref_15,131,0.3450044945451484,0.3867340798103019,-0.040305510033732395,0
47,source,ElasticNet,SI_ref_16,51,0.5914389226433808,0.6119691135136017,-14.093669325775217,0
47,source,ElasticNet,SI_ref_17,233,0.20601159467242838,0.2619950721870106,0.4726560026460922,31
47,source,ElasticNet,SI_ref_18,304,0.1659865895901389,0.2392122085180103,0.2848110836756791,0
47,source,ElasticNet,SI_ref_19,278,0.19221886847887662,0.21617837759374722,0.5017465604850144,0
47,source,ExtraTrees,SI_ref_13,93,0.17719481117840424,0.20828864993493357,0.06851872062299502,0
47,source,ExtraTrees,SI_ref_14,189,0.16942113729323663,0.22721083836020728,0.3987591899903741,0
47,source,ExtraTrees,SI_ref_15,131,0.26741216288130126,0.35969617633721274,0.10007223364267126,0
47,source,ExtraTrees,SI_ref_16,51,0.15210450691274208,0.19476324740025844,-0.528797058338806,0
47,source,ExtraTrees,SI_ref_17,233,0.17593938113305566,0.2548593380755827,0.5009904435016481,0
47,source,ExtraTrees,SI_ref_18,304,0.1473800652045979,0.18954992045261898,0.5509431692460705,0
47,source,ExtraTrees,SI_ref_19,278,0.24511594778741974,0.30725141358347724,-0.006499534416824604,0
47,source,GradientBoosting,SI_ref_13,93,0.1950642437684879,0.22766702997778784,-0.11286684773492595,0
47,source,GradientBoosting,SI_ref_14,189,0.16635970192507998,0.2299321625006724,0.3842707137806727,0
47,source,GradientBoosting,SI_ref_15,131,0.3617931113687427,0.5026437430904049,-0.7573431425152879,0
47,source,GradientBoosting,SI_ref_16,51,0.20227301595411865,0.24778398749395986,-1.4744706060408097,0
47,source,GradientBoosting,SI_ref_17,233,0.18180037273036942,0.26119270047911813,0.47588108607387447,0
47,source,GradientBoosting,SI_ref_18,304,0.15297412189690648,0.22262235947882644,0.38057082506696627,0
47,source,GradientBoosting,SI_ref_19,278,0.26734798038100716,0.3492201603873242,-0.3002426694621292,0
47,source,HistGradientBoosting,SI_ref_13,93,0.27505836910308323,0.31711401339228174,-1.1591051293600696,0
47,source,HistGradientBoosting,SI_ref_14,189,0.1823742622213119,0.2529046720841977,0.25508954832319586,0
47,source,HistGradientBoosting,SI_ref_15,131,0.37905212028463503,0.5251327493678907,-0.9181131215868588,0
47,source,HistGradientBoosting,SI_ref_16,51,0.20326890677517678,0.25176466830588573,-1.5546145986175137,0
47,source,HistGradientBoosting,SI_ref_17,233,0.17583919224738986,0.25015734402074175,0.5192334142258024,0
47,source,HistGradientBoosting,SI_ref_18,304,0.1707736434851942,0.25704623725033954,0.17419673485796638,8
47,source,HistGradientBoosting,SI_ref_19,278,0.270240365326076,0.35349866137006997,-0.332297908593135,0
47,source,Huber,SI_ref_13,93,0.7629119386382022,0.7871274279602241,-12.302492196391718,93
47,source,Huber,SI_ref_14,189,0.13753828638597837,0.1828888215271336,0.6104486749978196,21
47,source,Huber,SI_ref_15,131,0.3567424006719734,0.3861360515087446,-0.0370906337088881,0
47,source,Huber,SI_ref_16,51,0.5679362762526086,0.5840201428348948,-12.746479108596454,51
47,source,Huber,SI_ref_17,233,0.6903286287928962,0.755151316752644,-3.381024977568085,134
47,source,Huber,SI_ref_18,304,0.2037185166984014,0.27065111886817855,0.08446753823498332,49
47,source,Huber,SI_ref_19,278,0.5068629292018361,0.542168581111074,-2.13396752526355,113
47,source,KNN,SI_ref_13,93,0.2922256607061564,0.3383092600099559,-1.4573707885885798,0
47,source,KNN,SI_ref_14,189,0.24075705585391194,0.32370463835292923,-0.22036068439451295,0
47,source,KNN,SI_ref_15,131,0.10896457000620076,0.1518806616872988,0.8395495385545618,0
47,source,KNN,SI_ref_16,51,0.1929028012677344,0.2394328735246625,-1.3104862026613224,0
47,source,KNN,SI_ref_17,233,0.1654995545400592,0.23664821245169262,0.5697565990500166,0
47,source,KNN,SI_ref_18,304,0.12674457046706097,0.18051557896982626,0.5927290147827626,0
47,source,KNN,SI_ref_19,278,0.22051547959246057,0.26670307397410226,0.24162878275194055,0
47,source,KernelRidge,SI_ref_13,93,0.21948136503005833,0.2581716848113962,-0.43106756586774786,0
47,source,KernelRidge,SI_ref_14,189,0.19779406719570294,0.22239835592705715,0.42395885130742184,66
47,source,KernelRidge,SI_ref_15,131,0.16034349842339624,0.21360484996747842,0.6826355859267637,46
47,source,KernelRidge,SI_ref_16,51,0.6821709012817019,0.7000670341966613,-18.752182012852547,51
47,source,KernelRidge,SI_ref_17,233,0.13928887070517482,0.19646501796672738,0.7034634532402528,0
47,source,KernelRidge,SI_ref_18,304,0.2367179838636911,0.25005324030495124,0.21851784149721443,0
47,source,KernelRidge,SI_ref_19,278,0.25517807363553174,0.3093731949283327,-0.020448669451335055,0
47,source,Lasso,SI_ref_13,93,0.31384713892691274,0.3608119239624849,-1.7951472000286364,0
47,source,Lasso,SI_ref_14,189,0.14972198430384392,0.19487268803930236,0.5577250781012909,63
47,source,Lasso,SI_ref_15,131,0.34533174630339303,0.38906290301190943,-0.052872191728819073,0
47,source,Lasso,SI_ref_16,51,0.6306516973419463,0.6502416588862591,-16.040620466812367,0
47,source,Lasso,SI_ref_17,233,0.15172720892731942,0.20120636963557487,0.688977927096244,0
47,source,Lasso,SI_ref_18,304,0.18120257378433663,0.24657033905568315,0.24013619383667717,0
47,source,Lasso,SI_ref_19,278,0.19543913442991387,0.2181150679223114,0.4927791044165274,0
47,source,LightGBM,SI_ref_13,93,0.26713860338364265,0.30943243121104724,-1.0557702654012848,0
47,source,LightGBM,SI_ref_14,189,0.19570602795790065,0.27344584649740444,0.1291707158485057,0
47,source,LightGBM,SI_ref_15,131,0.3714100733455449,0.5149828547108163,-0.8446821700320868,0
47,source,LightGBM,SI_ref_16,51,0.15805417406138578,0.20007188946707333,-0.6132733930632706,0
47,source,LightGBM,SI_ref_17,233,0.1835328417734206,0.2632159611338045,0.4677297377167031,0
47,source,LightGBM,SI_ref_18,304,0.16834064615626262,0.25124946075837906,0.21102294978463432,0
47,source,LightGBM,SI_ref_19,278,0.2903489709843048,0.38374084064323194,-0.5700079237186815,0
47,source,MLP,SI_ref_13,93,0.4702199222059136,0.5720081007837224,-6.025015383535038,47
47,source,MLP,SI_ref_14,189,0.15422717995293,0.19767506675315819,0.544913291797247,45
47,source,MLP,SI_ref_15,131,0.3516390583886596,0.3827166652842154,-0.018804271391104743,0
47,source,MLP,SI_ref_16,51,0.38071162315938417,0.43096445427834146,-6.485464008817529,41
47,source,MLP,SI_ref_17,233,0.2250189038976552,0.2830055395410036,0.38468481323741766,44
47,source,MLP,SI_ref_18,304,0.19713262176149068,0.23390798877528957,0.3161762135327115,127
47,source,MLP,SI_ref_19,278,0.40043768611272534,0.45538576604237635,-1.210979432591171,30
47,source,OLS,SI_ref_13,93,0.465262637402577,0.49926378465785065,-4.351839124155931,4
47,source,OLS,SI_ref_14,189,0.1361333584238704,0.18253318212525654,0.6119622185722075,15
47,source,OLS,SI_ref_15,131,0.3014318305391871,0.32856813296855825,0.2490917266702397,0
47,source,OLS,SI_ref_16,51,0.4881871325750424,0.507056441330071,-9.362115582095953,51
47,source,OLS,SI_ref_17,233,0.6387763237260192,0.7059295200025937,-2.8285158352413284,127
47,source,OLS,SI_ref_18,304,0.1888614112747979,0.2443447814016578,0.253791434294825,74
47,source,OLS,SI_ref_19,278,0.44713314434307566,0.4826750588253609,-1.4839080525917616,73
47,source,Operations,SI_ref_13,93,0.21909964464907056,0.2637795162055661,-0.49391213742905915,0
47,source,Operations,SI_ref_14,189,0.2840263399204621,0.3264113631250616,-0.24085461758808369,0
47,source,Operations,SI_ref_15,131,0.35024047071604253,0.3767966088294224,0.012470721966043041,0
47,source,Operations,SI_ref_16,51,0.17356568693169205,0.21065693044959263,-0.7884933403160423,0
47,source,Operations,SI_ref_17,233,0.35434330386555135,0.3805626057452944,-0.11265362032281101,0
47,source,Operations,SI_ref_18,304,0.23390643823729218,0.2931132667826145,-0.07380406940352335,0
47,source,Operations,SI_ref_19,278,0.2832024269870181,0.30436643924635687,0.012313025975969616,0
47,source,PCR,SI_ref_13,93,0.26797624166127043,0.32581259051770134,-1.2791801130747071,0
47,source,PCR,SI_ref_14,189,0.1722193837637195,0.20384842080843324,0.5160449058236208,0
47,source,PCR,SI_ref_15,131,0.19490034608420473,0.24040850581476722,0.5979911001041374,6
47,source,PCR,SI_ref_16,51,0.872856557025543,0.8857327520957304,-30.618497761117123,51
47,source,PCR,SI_ref_17,233,0.17332938058648856,0.24703903947685718,0.5311445794729148,8
47,source,PCR,SI_ref_18,304,0.18421346612902437,0.1996270555158823,0.5019271189990189,144
47,source,PCR,SI_ref_19,278,0.1331385095079774,0.15764492946582573,0.7350366462764795,1
47,source,PLS,SI_ref_13,93,0.27905342646817344,0.3216471302354353,-1.2212747652857097,0
47,source,PLS,SI_ref_14,189,0.14337812231892455,0.18845884052580236,0.5863591779082609,0
47,source,PLS,SI_ref_15,131,0.22577736677337829,0.2559474072995403,0.5443435958710976,0
47,source,PLS,SI_ref_16,51,0.7639592842670004,0.7789419878347262,-23.453782949650464,51
47,source,PLS,SI_ref_17,233,0.15220371121733234,0.20718028303276037,0.6702349651601995,6
47,source,PLS,SI_ref_18,304,0.17609087401434065,0.22238177060638634,0.3819089407859009,34
47,source,PLS,SI_ref_19,278,0.15641380027028914,0.1836287989649528,0.6404929706501843,6
47,source,Point,SI_ref_13,93,0.27905342646817344,0.3216471302354353,-1.2212747652857097,0
47,source,Point,SI_ref_14,189,0.1723514874935121,0.20651562128387907,0.5032976905029064,63
47,source,Point,SI_ref_15,131,0.18887345788232016,0.227775586215598,0.6391303524474935,0
47,source,Point,SI_ref_16,51,0.872856557025543,0.8857327520957304,-30.618497761117123,51
47,source,Point,SI_ref_17,233,0.15141128075710028,0.2132227018753571,0.6507192541643327,0
47,source,Point,SI_ref_18,304,0.10674066755280877,0.17655088667560015,0.6104224697668331,0
47,source,Point,SI_ref_19,278,0.22671779308635967,0.28582705593954466,0.1289712878248771,0
47,source,RandomForest,SI_ref_13,93,0.2598110119643199,0.3006869300341712,-0.9412077790821669,0
47,source,RandomForest,SI_ref_14,189,0.1893395813538144,0.2671492220236931,0.16881405570147057,0
47,source,RandomForest,SI_ref_15,131,0.39325988165514647,0.5435847402245564,-1.05527775805349,0
47,source,RandomForest,SI_ref_16,51,0.15556457163186288,0.1966926644630532,-0.5592370686490764,0
47,source,RandomForest,SI_ref_17,233,0.1906084799068358,0.27044080775709933,0.43810882642963045,0
47,source,RandomForest,SI_ref_18,304,0.16473927240531852,0.24481530170752758,0.2509148078093154,0
47,source,RandomForest,SI_ref_19,278,0.25473011132643836,0.3208751031418216,-0.09773583465030411,0
47,source,Ridge,SI_ref_13,93,0.36728303074010815,0.40474544446041366,-2.517279328336329,5
47,source,Ridge,SI_ref_14,189,0.1431286773148561,0.1843475931565225,0.6042095539721516,57
47,source,Ridge,SI_ref_15,131,0.24754794287766202,0.2637736645507472,0.5160518040344189,0
47,source,Ridge,SI_ref_16,51,0.24507536078744352,0.28308999997528,-2.2298687964438635,0
47,source,Ridge,SI_ref_17,233,0.14697683758099073,0.19317796104780022,0.7133031528591118,0
47,source,Ridge,SI_ref_18,304,0.17987694235601154,0.20559324664064518,0.471710737732274,101
47,source,Ridge,SI_ref_19,278,0.3687561134777877,0.4072545870552619,-0.7683074160249157,16
47,source,SVR,SI_ref_13,93,0.19744314626721268,0.23462716320049917,-0.1819510762042449,0
47,source,SVR,SI_ref_14,189,0.1723514874935121,0.20651562128387907,0.5032976905029064,63
47,source,SVR,SI_ref_15,131,0.18887345788232016,0.227775586215598,0.6391303524474935,0
47,source,SVR,SI_ref_16,51,0.13881216778936942,0.16058539836173927,-0.0393167601754536,0
47,source,SVR,SI_ref_17,233,0.15141128075710028,0.2132227018753571,0.6507192541643327,0
47,source,SVR,SI_ref_18,304,0.10674066755280877,0.17655088667560015,0.6104224697668331,0
47,source,SVR,SI_ref_19,278,0.22671779308635967,0.28582705593954466,0.1289712878248771,0
47,source,SplineRidge,SI_ref_13,93,0.6387313568712688,0.679252229300272,-8.90615378697135,78
47,source,SplineRidge,SI_ref_14,189,0.2600199879875163,0.3054930197405654,-0.08690840158440194,0
47,source,SplineRidge,SI_ref_15,131,0.2965542763104812,0.33916928308940836,0.19985437266298844,0
47,source,SplineRidge,SI_ref_16,51,0.11729715699697178,0.13470828107555344,0.26865143618481946,0
47,source,SplineRidge,SI_ref_17,233,0.2461987367403049,0.29572381308773243,0.3281375705842713,86
47,source,SplineRidge,SI_ref_18,304,0.1798670255492719,0.24212153439573977,0.2673088784498643,0
47,source,SplineRidge,SI_ref_19,278,0.8520928479720997,0.9580230163486548,-8.785379767906456,228
47,source,TOPSIS,SI_ref_13,93,0.27905342646817344,0.3216471302354353,-1.2212747652857097,0
47,source,TOPSIS,SI_ref_14,189,0.1723514874935121,0.20651562128387907,0.5032976905029064,63
47,source,TOPSIS,SI_ref_15,131,0.18887345788232016,0.227775586215598,0.6391303524474935,0
47,source,TOPSIS,SI_ref_16,51,0.872856557025543,0.8857327520957304,-30.618497761117123,51
47,source,TOPSIS,SI_ref_17,233,0.17332938058648856,0.24703903947685718,0.5311445794729148,8
47,source,TOPSIS,SI_ref_18,304,0.18421346612902437,0.1996270555158823,0.5019271189990189,144
47,source,TOPSIS,SI_ref_19,278,0.25517807363553174,0.3093731949283327,-0.020448669451335055,0
47,source,XGBoost,SI_ref_13,93,0.18444584449019927,0.21580982701286108,3.372260139389294e-05,0
47,source,XGBoost,SI_ref_14,189,0.28346093865590277,0.37751130855971715,-0.6597791102084702,0
47,source,XGBoost,SI_ref_15,131,0.3727205253677656,0.5153017834371028,-0.84696769974776,0
47,source,XGBoost,SI_ref_16,51,0.18325968661962397,0.22612495834894297,-1.0607856606494992,0
47,source,XGBoost,SI_ref_17,233,0.19378242666606801,0.2808361572357064,0.39408206893365827,0
47,source,XGBoost,SI_ref_18,304,0.1644982779449152,0.24514534128533327,0.24889373800875592,0
47,source,XGBoost,SI_ref_19,278,0.2813574762643702,0.36951572814232225,-0.45576628176487066,0
