condition_id,source_candidate,Adsorbent,Pollutant,Wastewater type,r,prediction,strategy,id
155,SI_ref_17,Alkali-modified SCG biochars,EE2,Synthetic,0.281684429186895,0.2043179057927521,ARD,ARD_1
157,SI_ref_17,Alkali-modified SCG biochars,EE2,Synthetic,0.1736546812353491,0.19048712932338996,ARD,ARD_1
159,SI_ref_17,Alkali-modified SCG biochars,EE2,Synthetic,0.0890939833732563,0.16826380331798985,ARD,ARD_1
161,SI_ref_17,Alkali-modified SCG biochars,EE2,Synthetic,0.0719303611000807,0.15415729945311185,ARD,ARD_1
163,SI_ref_17,Alkali-modified SCG biochars,EE2,Synthetic,0.06892444951131721,0.14589133572556268,ARD,ARD_1
165,SI_ref_17,Alkali-modified SCG biochars,EE2,Synthetic,0.06161971981332274,0.14002259300066633,ARD,ARD_1
167,SI_ref_17,Alkali-modified SCG biochars,EE2,Synthetic,0.06227375203350968,0.13415149204519128,ARD,ARD_1
169,SI_ref_17,Alkali-modified SCG biochars,EE2,Synthetic,0.013530055813574512,0.08614351884790994,ARD,ARD_1
171,SI_ref_17,Alkali-modified SCG biochars,EE2,Synthetic,0.09051861058315946,0.12587374124558803,ARD,ARD_1
178,SI_ref_17,Alkali-modified SCG biochars,EE2,Synthetic,0.053215646133789624,0.16560396364326613,ARD,ARD_1
180,SI_ref_17,Alkali-modified SCG biochars,EE2,Synthetic,0.2279548813058391,0.12587374124558803,ARD,ARD_1
182,SI_ref_17,Alkali-modified SCG biochars,EE2,Synthetic,0.3168155258198777,0.12587374124558803,ARD,ARD_1
184,SI_ref_17,Alkali-modified SCG biochars,EE2,Synthetic,0.4518596548311438,0.12587374124558803,ARD,ARD_1
186,SI_ref_17,Alkali-modified SCG biochars,EE2,Synthetic,0.5444612813197839,0.12587374124558803,ARD,ARD_1
188,SI_ref_17,Alkali-modified SCG biochars,EE2,Synthetic,0.6153689348029446,0.12587374124558803,ARD,ARD_1
190,SI_ref_17,Alkali-modified SCG biochars,IBU,Synthetic,0.22674008618295227,0.31660285618925826,ARD,ARD_1
192,SI_ref_17,Alkali-modified SCG biochars,IBU,Synthetic,0.18762987622773672,0.302772079719896,ARD,ARD_1
194,SI_ref_17,Alkali-modified SCG biochars,IBU,Synthetic,0.0964989432139522,0.28054875371449595,ARD,ARD_1
196,SI_ref_17,Alkali-modified SCG biochars,IBU,Synthetic,0.056403766337859394,0.26644224984961784,ARD,ARD_1
198,SI_ref_17,Alkali-modified SCG biochars,IBU,Synthetic,0.04365646649895644,0.2581762861220688,ARD,ARD_1
200,SI_ref_17,Alkali-modified SCG biochars,IBU,Synthetic,0.05275302685215311,0.25230754339717243,ARD,ARD_1
202,SI_ref_17,Alkali-modified SCG biochars,IBU,Synthetic,0.051463060103218494,0.2464364424416975,ARD,ARD_1
204,SI_ref_17,Alkali-modified SCG biochars,IBU,Synthetic,0.0020992565231803756,0.19842846924441593,ARD,ARD_1
206,SI_ref_17,Alkali-modified SCG biochars,IBU,Synthetic,0.05901922048526246,0.23815869164209402,ARD,ARD_1
208,SI_ref_17,Alkali-modified SCG biochars,IBU,Synthetic,0.12337327274312365,0.23815869164209402,ARD,ARD_1
210,SI_ref_17,Alkali-modified SCG biochars,IBU,Synthetic,0.09406602807201081,0.23815869164209402,ARD,ARD_1
212,SI_ref_17,Alkali-modified SCG biochars,IBU,Synthetic,0.09483947953445797,0.23815869164209402,ARD,ARD_1
214,SI_ref_17,Alkali-modified SCG biochars,IBU,Synthetic,0.10723758772503378,0.23815869164209402,ARD,ARD_1
216,SI_ref_17,Alkali-modified SCG biochars,IBU,Synthetic,0.10107027265594352,0.23815869164209402,ARD,ARD_1
218,SI_ref_17,Alkali-modified SCG biochars,IBU,Synthetic,0.30424911735147564,0.2778889140397721,ARD,ARD_1
220,SI_ref_17,Alkali-modified SCG biochars,IBU,Synthetic,0.004839210099114782,0.23815869164209402,ARD,ARD_1
222,SI_ref_17,Alkali-modified SCG biochars,IBU,Synthetic,0.04374442489311713,0.23815869164209402,ARD,ARD_1
224,SI_ref_17,Alkali-modified SCG biochars,IBU,Synthetic,0.2945083196339574,0.23815869164209402,ARD,ARD_1
226,SI_ref_17,Alkali-modified SCG biochars,IBU,Synthetic,0.44148324888836815,0.23815869164209402,ARD,ARD_1
228,SI_ref_17,Alkali-modified SCG biochars,IBU,Synthetic,0.5342365334838785,0.23815869164209402,ARD,ARD_1
263,SI_ref_16,C-Biochar,IBU,Synthetic,0.5333333333333333,0.5950828735620142,ARD,ARD_1
264,SI_ref_16,C-Biochar,IBU,Synthetic,0.7333333333333333,0.6149479847608532,ARD,ARD_1
265,SI_ref_16,C-Biochar,IBU,Synthetic,0.6000000000000001,0.6348130959596923,ARD,ARD_1
266,SI_ref_16,C-Biochar,IBU,Synthetic,0.6121212121212122,0.6348130959596923,ARD,ARD_1
267,SI_ref_16,C-Biochar,IBU,Synthetic,0.7333333333333333,0.6348130959596923,ARD,ARD_1
268,SI_ref_16,C-Biochar,IBU,Synthetic,0.5333333333333333,0.6348130959596923,ARD,ARD_1
269,SI_ref_16,C-Biochar,IBU,Synthetic,0.4666666666666666,0.6348130959596923,ARD,ARD_1
270,SI_ref_16,C-Biochar,IBU,Synthetic,0.5555555555555556,0.6348130959596923,ARD,ARD_1
271,SI_ref_16,C-Biochar,IBU,Synthetic,0.6000000000000001,0.6348130959596923,ARD,ARD_1
272,SI_ref_16,C-Biochar,IBU,Synthetic,0.6000000000000001,0.6348130959596923,ARD,ARD_1
273,SI_ref_16,C-Biochar,IBU,Synthetic,0.6000000000000001,0.6348130959596923,ARD,ARD_1
274,SI_ref_16,C-Biochar,IBU,Synthetic,1.0666666666666667,0.6546782071585313,ARD,ARD_1
275,SI_ref_16,C-Biochar,IBU,Synthetic,0.5277777777777777,0.6348130959596923,ARD,ARD_1
276,SI_ref_16,C-Biochar,IBU,Synthetic,0.7,0.6348130959596923,ARD,ARD_1
277,SI_ref_16,C-Biochar,IBU,Synthetic,0.7844444444444444,0.6348130959596923,ARD,ARD_1
278,SI_ref_16,C-Biochar,IBU,Synthetic,0.8430555555555557,0.6348130959596923,ARD,ARD_1
279,SI_ref_16,C-Biochar,IBU,Synthetic,0.861111111111111,0.6348130959596923,ARD,ARD_1
875,SI_ref_13,PB600,IBU,Synthetic,0.7639925373134329,0.6457657068372377,ARD,ARD_1
876,SI_ref_13,PB600,IBU,Synthetic,0.7266791044776119,0.6319349303678754,ARD,ARD_1
877,SI_ref_13,PB600,IBU,Synthetic,0.7328980099502487,0.6179400770415165,ARD,ARD_1
878,SI_ref_13,PB600,IBU,Synthetic,0.7391169154228855,0.6097116043624753,ARD,ARD_1
879,SI_ref_13,PB600,IBU,Synthetic,0.6707089552238806,0.5956051004975973,ARD,ARD_1
880,SI_ref_13,PB600,IBU,Synthetic,0.5898631840796019,0.5873391367700482,ARD,ARD_1
881,SI_ref_13,PB600,IBU,Synthetic,0.2096102913356035,0.5814703940451518,ARD,ARD_1
882,SI_ref_13,PB600,IBU,Synthetic,0.7328980099502488,0.5814703940451518,ARD,ARD_1
883,SI_ref_13,PB600,IBU,Synthetic,0.611373922124096,0.5814703940451518,ARD,ARD_1
884,SI_ref_13,PB600,IBU,Synthetic,0.6847133757961785,0.5814703940451518,ARD,ARD_1
885,SI_ref_13,PB600,IBU,Synthetic,0.4580645161290322,0.5814703940451518,ARD,ARD_1
886,SI_ref_13,PB600,IBU,Synthetic,0.29347826086956524,0.5814703940451518,ARD,ARD_1
887,SI_ref_13,PB600,IBU,Synthetic,0.5772919064058304,0.5814703940451518,ARD,ARD_1
888,SI_ref_13,PB600,IBU,Synthetic,0.5887993862677406,0.5814703940451518,ARD,ARD_1
889,SI_ref_13,PB600,IBU,Synthetic,0.7258796821793417,0.5814703940451518,ARD,ARD_1
890,SI_ref_13,PB600,IBU,Synthetic,0.766427039979821,0.5814703940451518,ARD,ARD_1
891,SI_ref_13,PB600,IBU,Synthetic,0.8162693908437383,0.5814703940451518,ARD,ARD_1
892,SI_ref_13,PB600,IBU,Synthetic,0.8533052267445003,0.5814703940451518,ARD,ARD_1
893,SI_ref_13,PB600,IBU,Synthetic,0.9327073552425663,0.5673215422900735,ARD,ARD_1
894,SI_ref_13,PB600,IBU,Synthetic,0.6275430359937403,0.5673215422900735,ARD,ARD_1
895,SI_ref_13,PB600,IBU,Synthetic,0.35367762128325514,0.5673215422900735,ARD,ARD_1
896,SI_ref_13,PB600,IBU,Synthetic,0.4798506002849601,0.5673215422900735,ARD,ARD_1
897,SI_ref_13,PB600,IBU,Synthetic,0.2754303599374022,0.5673215422900735,ARD,ARD_1
922,SI_ref_13,PB800,IBU,Synthetic,0.4560270602706027,0.47947765253194163,ARD,ARD_1
923,SI_ref_13,PB800,IBU,Synthetic,0.4252767527675277,0.4656468760625794,ARD,ARD_1
924,SI_ref_13,PB800,IBU,Synthetic,0.40067650676506766,0.4516520227362205,ARD,ARD_1
925,SI_ref_13,PB800,IBU,Synthetic,0.39145141451414517,0.4434235500571793,ARD,ARD_1
926,SI_ref_13,PB800,IBU,Synthetic,0.38837638376383765,0.42931704619230127,ARD,ARD_1
927,SI_ref_13,PB800,IBU,Synthetic,0.37915129151291516,0.42105108246475215,ARD,ARD_1
928,SI_ref_13,PB800,IBU,Synthetic,0.23013048635824437,0.4151823397398558,ARD,ARD_1
929,SI_ref_13,PB800,IBU,Synthetic,0.3126198695818949,0.4151823397398558,ARD,ARD_1
930,SI_ref_13,PB800,IBU,Synthetic,0.35520079622504414,0.4151823397398558,ARD,ARD_1
931,SI_ref_13,PB800,IBU,Synthetic,0.24946921443736733,0.4151823397398558,ARD,ARD_1
932,SI_ref_13,PB800,IBU,Synthetic,0.18924731182795698,0.4151823397398558,ARD,ARD_1
933,SI_ref_13,PB800,IBU,Synthetic,0.08514492753623189,0.4151823397398558,ARD,ARD_1
934,SI_ref_13,PB800,IBU,Synthetic,0.4392021480629075,0.4151823397398558,ARD,ARD_1
935,SI_ref_13,PB800,IBU,Synthetic,0.4238588415803605,0.4151823397398558,ARD,ARD_1
936,SI_ref_13,PB800,IBU,Synthetic,0.5142348754448398,0.4151823397398558,ARD,ARD_1
937,SI_ref_13,PB800,IBU,Synthetic,0.5523922499011468,0.4151823397398558,ARD,ARD_1
938,SI_ref_13,PB800,IBU,Synthetic,0.5686613285883748,0.4151823397398558,ARD,ARD_1
939,SI_ref_13,PB800,IBU,Synthetic,0.5875275377054737,0.4151823397398558,ARD,ARD_1
940,SI_ref_13,PB800,IBU,Synthetic,0.712022367194781,0.40103348798477745,ARD,ARD_1
941,SI_ref_13,PB800,IBU,Synthetic,0.5069897483690587,0.40103348798477745,ARD,ARD_1
942,SI_ref_13,PB800,IBU,Synthetic,0.31469400434917677,0.40103348798477745,ARD,ARD_1
943,SI_ref_13,PB800,IBU,Synthetic,0.22960794568575607,0.40103348798477745,ARD,ARD_1
944,SI_ref_13,PB800,IBU,Synthetic,0.10958005249343833,0.40103348798477745,ARD,ARD_1
1117,SI_ref_17,Pristine SCG biochar,EE2,Synthetic,0.9630524728687239,0.7938895133343615,ARD,ARD_1
1119,SI_ref_17,Pristine SCG biochar,EE2,Synthetic,0.9610835485312063,0.7800587368649994,ARD,ARD_1
1121,SI_ref_17,Pristine SCG biochar,EE2,Synthetic,0.9527872619203276,0.7578354108595993,ARD,ARD_1
1123,SI_ref_17,Pristine SCG biochar,EE2,Synthetic,0.9558259103687238,0.7437289069947212,ARD,ARD_1
1125,SI_ref_17,Pristine SCG biochar,EE2,Synthetic,0.9519368217180961,0.7354629432671721,ARD,ARD_1
1127,SI_ref_17,Pristine SCG biochar,EE2,Synthetic,0.9377852461427824,0.7295942005422758,ARD,ARD_1
1129,SI_ref_17,Pristine SCG biochar,EE2,Synthetic,0.9348668633411785,0.7237230995868007,ARD,ARD_1
1131,SI_ref_17,Pristine SCG biochar,EE2,Synthetic,0.8111252475275296,0.6757151263895194,ARD,ARD_1
1133,SI_ref_17,Pristine SCG biochar,EE2,Synthetic,0.8609155049620831,0.7154453487871975,ARD,ARD_1
1135,SI_ref_17,Pristine SCG biochar,EE2,Synthetic,0.8239304667585977,0.7154453487871975,ARD,ARD_1
1137,SI_ref_17,Pristine SCG biochar,EE2,Synthetic,0.8257334628724249,0.7154453487871975,ARD,ARD_1
1139,SI_ref_17,Pristine SCG biochar,EE2,Synthetic,0.8269992896243368,0.7154453487871975,ARD,ARD_1
1141,SI_ref_17,Pristine SCG biochar,EE2,Synthetic,0.8244509213990222,0.7154453487871975,ARD,ARD_1
1143,SI_ref_17,Pristine SCG biochar,EE2,Synthetic,0.8163766662487987,0.7154453487871975,ARD,ARD_1
1145,SI_ref_17,Pristine SCG biochar,EE2,Synthetic,0.981137644940341,0.7551755711848755,ARD,ARD_1
1147,SI_ref_17,Pristine SCG biochar,EE2,Synthetic,0.8965862728271835,0.7154453487871975,ARD,ARD_1
1149,SI_ref_17,Pristine SCG biochar,EE2,Synthetic,0.9030676738865168,0.7154453487871975,ARD,ARD_1
1151,SI_ref_17,Pristine SCG biochar,EE2,Synthetic,0.886080261818485,0.7154453487871975,ARD,ARD_1
1153,SI_ref_17,Pristine SCG biochar,EE2,Synthetic,0.8949069839273535,0.7154453487871975,ARD,ARD_1
1155,SI_ref_17,Pristine SCG biochar,EE2,Synthetic,0.8378189552043488,0.7154453487871975,ARD,ARD_1
1157,SI_ref_17,Pristine SCG biochar,IBU,Synthetic,0.9060511140454979,0.9061744637308677,ARD,ARD_1
1159,SI_ref_17,Pristine SCG biochar,IBU,Synthetic,0.9004320791615827,0.8923436872615055,ARD,ARD_1
1161,SI_ref_17,Pristine SCG biochar,IBU,Synthetic,0.894961472244973,0.8701203612561055,ARD,ARD_1
1163,SI_ref_17,Pristine SCG biochar,IBU,Synthetic,0.8949151720794959,0.8560138573912273,ARD,ARD_1
1165,SI_ref_17,Pristine SCG biochar,IBU,Synthetic,0.892599829508416,0.8477478936636782,ARD,ARD_1
1167,SI_ref_17,Pristine SCG biochar,IBU,Synthetic,0.8914167516338777,0.8418791509387819,ARD,ARD_1
1169,SI_ref_17,Pristine SCG biochar,IBU,Synthetic,0.886841225533622,0.8360080499833069,ARD,ARD_1
1171,SI_ref_17,Pristine SCG biochar,IBU,Synthetic,0.8055661914208297,0.7880000767860255,ARD,ARD_1
1173,SI_ref_17,Pristine SCG biochar,IBU,Synthetic,0.9319085004678631,0.8277302991837034,ARD,ARD_1
1175,SI_ref_17,Pristine SCG biochar,IBU,Synthetic,0.9111084458291452,0.8277302991837034,ARD,ARD_1
1177,SI_ref_17,Pristine SCG biochar,IBU,Synthetic,0.9162887928675453,0.8277302991837034,ARD,ARD_1
1179,SI_ref_17,Pristine SCG biochar,IBU,Synthetic,0.9142212192930818,0.8277302991837034,ARD,ARD_1
1181,SI_ref_17,Pristine SCG biochar,IBU,Synthetic,0.9090486144760851,0.8277302991837034,ARD,ARD_1
1183,SI_ref_17,Pristine SCG biochar,IBU,Synthetic,0.9114748664800524,0.8277302991837034,ARD,ARD_1
1185,SI_ref_17,Pristine SCG biochar,IBU,Synthetic,0.93372158594911,0.8674605215813815,ARD,ARD_1
1187,SI_ref_17,Pristine SCG biochar,IBU,Synthetic,0.9448963419259283,0.8277302991837034,ARD,ARD_1
1189,SI_ref_17,Pristine SCG biochar,IBU,Synthetic,0.9210277046979152,0.8277302991837034,ARD,ARD_1
1191,SI_ref_17,Pristine SCG biochar,IBU,Synthetic,0.9513456586569363,0.8277302991837034,ARD,ARD_1
1193,SI_ref_17,Pristine SCG biochar,IBU,Synthetic,0.9310638115047126,0.8277302991837034,ARD,ARD_1
1195,SI_ref_17,Pristine SCG biochar,IBU,Synthetic,0.9376778036385122,0.8277302991837034,ARD,ARD_1
155,SI_ref_17,Alkali-modified SCG biochars,EE2,Synthetic,0.281684429186895,0.3885468918950012,AdaBoost,AdaBoost_2
157,SI_ref_17,Alkali-modified SCG biochars,EE2,Synthetic,0.1736546812353491,0.3885468918950012,AdaBoost,AdaBoost_2
159,SI_ref_17,Alkali-modified SCG biochars,EE2,Synthetic,0.0890939833732563,0.3885468918950012,AdaBoost,AdaBoost_2
161,SI_ref_17,Alkali-modified SCG biochars,EE2,Synthetic,0.0719303611000807,0.3885468918950012,AdaBoost,AdaBoost_2
163,SI_ref_17,Alkali-modified SCG biochars,EE2,Synthetic,0.06892444951131721,0.3885468918950012,AdaBoost,AdaBoost_2
165,SI_ref_17,Alkali-modified SCG biochars,EE2,Synthetic,0.06161971981332274,0.3885468918950012,AdaBoost,AdaBoost_2
167,SI_ref_17,Alkali-modified SCG biochars,EE2,Synthetic,0.06227375203350968,0.3885468918950012,AdaBoost,AdaBoost_2
169,SI_ref_17,Alkali-modified SCG biochars,EE2,Synthetic,0.013530055813574512,0.3885468918950012,AdaBoost,AdaBoost_2
171,SI_ref_17,Alkali-modified SCG biochars,EE2,Synthetic,0.09051861058315946,0.3885468918950012,AdaBoost,AdaBoost_2
178,SI_ref_17,Alkali-modified SCG biochars,EE2,Synthetic,0.053215646133789624,0.3885468918950012,AdaBoost,AdaBoost_2
180,SI_ref_17,Alkali-modified SCG biochars,EE2,Synthetic,0.2279548813058391,0.3885468918950012,AdaBoost,AdaBoost_2
182,SI_ref_17,Alkali-modified SCG biochars,EE2,Synthetic,0.3168155258198777,0.3885468918950012,AdaBoost,AdaBoost_2
184,SI_ref_17,Alkali-modified SCG biochars,EE2,Synthetic,0.4518596548311438,0.3885468918950012,AdaBoost,AdaBoost_2
186,SI_ref_17,Alkali-modified SCG biochars,EE2,Synthetic,0.5444612813197839,0.3885468918950012,AdaBoost,AdaBoost_2
188,SI_ref_17,Alkali-modified SCG biochars,EE2,Synthetic,0.6153689348029446,0.3885468918950012,AdaBoost,AdaBoost_2
190,SI_ref_17,Alkali-modified SCG biochars,IBU,Synthetic,0.22674008618295227,0.3885468918950012,AdaBoost,AdaBoost_2
192,SI_ref_17,Alkali-modified SCG biochars,IBU,Synthetic,0.18762987622773672,0.3885468918950012,AdaBoost,AdaBoost_2
194,SI_ref_17,Alkali-modified SCG biochars,IBU,Synthetic,0.0964989432139522,0.3885468918950012,AdaBoost,AdaBoost_2
196,SI_ref_17,Alkali-modified SCG biochars,IBU,Synthetic,0.056403766337859394,0.3885468918950012,AdaBoost,AdaBoost_2
198,SI_ref_17,Alkali-modified SCG biochars,IBU,Synthetic,0.04365646649895644,0.3885468918950012,AdaBoost,AdaBoost_2
200,SI_ref_17,Alkali-modified SCG biochars,IBU,Synthetic,0.05275302685215311,0.3885468918950012,AdaBoost,AdaBoost_2
202,SI_ref_17,Alkali-modified SCG biochars,IBU,Synthetic,0.051463060103218494,0.3885468918950012,AdaBoost,AdaBoost_2
204,SI_ref_17,Alkali-modified SCG biochars,IBU,Synthetic,0.0020992565231803756,0.3885468918950012,AdaBoost,AdaBoost_2
206,SI_ref_17,Alkali-modified SCG biochars,IBU,Synthetic,0.05901922048526246,0.3885468918950012,AdaBoost,AdaBoost_2
208,SI_ref_17,Alkali-modified SCG biochars,IBU,Synthetic,0.12337327274312365,0.3885468918950012,AdaBoost,AdaBoost_2
210,SI_ref_17,Alkali-modified SCG biochars,IBU,Synthetic,0.09406602807201081,0.3885468918950012,AdaBoost,AdaBoost_2
212,SI_ref_17,Alkali-modified SCG biochars,IBU,Synthetic,0.09483947953445797,0.3885468918950012,AdaBoost,AdaBoost_2
214,SI_ref_17,Alkali-modified SCG biochars,IBU,Synthetic,0.10723758772503378,0.3885468918950012,AdaBoost,AdaBoost_2
216,SI_ref_17,Alkali-modified SCG biochars,IBU,Synthetic,0.10107027265594352,0.3885468918950012,AdaBoost,AdaBoost_2
218,SI_ref_17,Alkali-modified SCG biochars,IBU,Synthetic,0.30424911735147564,0.3885468918950012,AdaBoost,AdaBoost_2
220,SI_ref_17,Alkali-modified SCG biochars,IBU,Synthetic,0.004839210099114782,0.3885468918950012,AdaBoost,AdaBoost_2
222,SI_ref_17,Alkali-modified SCG biochars,IBU,Synthetic,0.04374442489311713,0.3885468918950012,AdaBoost,AdaBoost_2
224,SI_ref_17,Alkali-modified SCG biochars,IBU,Synthetic,0.2945083196339574,0.3885468918950012,AdaBoost,AdaBoost_2
226,SI_ref_17,Alkali-modified SCG biochars,IBU,Synthetic,0.44148324888836815,0.3885468918950012,AdaBoost,AdaBoost_2
228,SI_ref_17,Alkali-modified SCG biochars,IBU,Synthetic,0.5342365334838785,0.3885468918950012,AdaBoost,AdaBoost_2
263,SI_ref_16,C-Biochar,IBU,Synthetic,0.5333333333333333,0.9016980409063898,AdaBoost,AdaBoost_2
264,SI_ref_16,C-Biochar,IBU,Synthetic,0.7333333333333333,0.9016980409063898,AdaBoost,AdaBoost_2
265,SI_ref_16,C-Biochar,IBU,Synthetic,0.6000000000000001,0.9016980409063898,AdaBoost,AdaBoost_2
266,SI_ref_16,C-Biochar,IBU,Synthetic,0.6121212121212122,0.9016980409063898,AdaBoost,AdaBoost_2
267,SI_ref_16,C-Biochar,IBU,Synthetic,0.7333333333333333,0.9016980409063898,AdaBoost,AdaBoost_2
268,SI_ref_16,C-Biochar,IBU,Synthetic,0.5333333333333333,0.9016980409063898,AdaBoost,AdaBoost_2
269,SI_ref_16,C-Biochar,IBU,Synthetic,0.4666666666666666,0.9016980409063898,AdaBoost,AdaBoost_2
270,SI_ref_16,C-Biochar,IBU,Synthetic,0.5555555555555556,0.9016980409063898,AdaBoost,AdaBoost_2
271,SI_ref_16,C-Biochar,IBU,Synthetic,0.6000000000000001,0.9016980409063898,AdaBoost,AdaBoost_2
272,SI_ref_16,C-Biochar,IBU,Synthetic,0.6000000000000001,0.9016980409063898,AdaBoost,AdaBoost_2
273,SI_ref_16,C-Biochar,IBU,Synthetic,0.6000000000000001,0.9016980409063898,AdaBoost,AdaBoost_2
274,SI_ref_16,C-Biochar,IBU,Synthetic,1.0666666666666667,0.9016980409063898,AdaBoost,AdaBoost_2
275,SI_ref_16,C-Biochar,IBU,Synthetic,0.5277777777777777,0.9016980409063898,AdaBoost,AdaBoost_2
276,SI_ref_16,C-Biochar,IBU,Synthetic,0.7,0.9016980409063898,AdaBoost,AdaBoost_2
277,SI_ref_16,C-Biochar,IBU,Synthetic,0.7844444444444444,0.9016980409063898,AdaBoost,AdaBoost_2
278,SI_ref_16,C-Biochar,IBU,Synthetic,0.8430555555555557,0.9016980409063898,AdaBoost,AdaBoost_2
279,SI_ref_16,C-Biochar,IBU,Synthetic,0.861111111111111,0.9016980409063898,AdaBoost,AdaBoost_2
875,SI_ref_13,PB600,IBU,Synthetic,0.7639925373134329,0.41406420409988326,AdaBoost,AdaBoost_2
876,SI_ref_13,PB600,IBU,Synthetic,0.7266791044776119,0.41406420409988326,AdaBoost,AdaBoost_2
877,SI_ref_13,PB600,IBU,Synthetic,0.7328980099502487,0.41406420409988326,AdaBoost,AdaBoost_2
878,SI_ref_13,PB600,IBU,Synthetic,0.7391169154228855,0.41406420409988326,AdaBoost,AdaBoost_2
879,SI_ref_13,PB600,IBU,Synthetic,0.6707089552238806,0.41406420409988326,AdaBoost,AdaBoost_2
880,SI_ref_13,PB600,IBU,Synthetic,0.5898631840796019,0.41406420409988326,AdaBoost,AdaBoost_2
881,SI_ref_13,PB600,IBU,Synthetic,0.2096102913356035,0.41406420409988326,AdaBoost,AdaBoost_2
882,SI_ref_13,PB600,IBU,Synthetic,0.7328980099502488,0.41406420409988326,AdaBoost,AdaBoost_2
883,SI_ref_13,PB600,IBU,Synthetic,0.611373922124096,0.41406420409988326,AdaBoost,AdaBoost_2
884,SI_ref_13,PB600,IBU,Synthetic,0.6847133757961785,0.41406420409988326,AdaBoost,AdaBoost_2
885,SI_ref_13,PB600,IBU,Synthetic,0.4580645161290322,0.41406420409988326,AdaBoost,AdaBoost_2
886,SI_ref_13,PB600,IBU,Synthetic,0.29347826086956524,0.41406420409988326,AdaBoost,AdaBoost_2
887,SI_ref_13,PB600,IBU,Synthetic,0.5772919064058304,0.41406420409988326,AdaBoost,AdaBoost_2
888,SI_ref_13,PB600,IBU,Synthetic,0.5887993862677406,0.41406420409988326,AdaBoost,AdaBoost_2
889,SI_ref_13,PB600,IBU,Synthetic,0.7258796821793417,0.41406420409988326,AdaBoost,AdaBoost_2
890,SI_ref_13,PB600,IBU,Synthetic,0.766427039979821,0.41406420409988326,AdaBoost,AdaBoost_2
891,SI_ref_13,PB600,IBU,Synthetic,0.8162693908437383,0.41406420409988326,AdaBoost,AdaBoost_2
892,SI_ref_13,PB600,IBU,Synthetic,0.8533052267445003,0.41406420409988326,AdaBoost,AdaBoost_2
893,SI_ref_13,PB600,IBU,Synthetic,0.9327073552425663,0.41406420409988326,AdaBoost,AdaBoost_2
894,SI_ref_13,PB600,IBU,Synthetic,0.6275430359937403,0.41406420409988326,AdaBoost,AdaBoost_2
895,SI_ref_13,PB600,IBU,Synthetic,0.35367762128325514,0.41406420409988326,AdaBoost,AdaBoost_2
896,SI_ref_13,PB600,IBU,Synthetic,0.4798506002849601,0.41406420409988326,AdaBoost,AdaBoost_2
897,SI_ref_13,PB600,IBU,Synthetic,0.2754303599374022,0.41406420409988326,AdaBoost,AdaBoost_2
922,SI_ref_13,PB800,IBU,Synthetic,0.4560270602706027,0.3885468918950012,AdaBoost,AdaBoost_2
923,SI_ref_13,PB800,IBU,Synthetic,0.4252767527675277,0.3885468918950012,AdaBoost,AdaBoost_2
924,SI_ref_13,PB800,IBU,Synthetic,0.40067650676506766,0.3885468918950012,AdaBoost,AdaBoost_2
925,SI_ref_13,PB800,IBU,Synthetic,0.39145141451414517,0.3885468918950012,AdaBoost,AdaBoost_2
926,SI_ref_13,PB800,IBU,Synthetic,0.38837638376383765,0.3885468918950012,AdaBoost,AdaBoost_2
927,SI_ref_13,PB800,IBU,Synthetic,0.37915129151291516,0.3885468918950012,AdaBoost,AdaBoost_2
928,SI_ref_13,PB800,IBU,Synthetic,0.23013048635824437,0.3885468918950012,AdaBoost,AdaBoost_2
929,SI_ref_13,PB800,IBU,Synthetic,0.3126198695818949,0.3885468918950012,AdaBoost,AdaBoost_2
930,SI_ref_13,PB800,IBU,Synthetic,0.35520079622504414,0.3885468918950012,AdaBoost,AdaBoost_2
931,SI_ref_13,PB800,IBU,Synthetic,0.24946921443736733,0.3885468918950012,AdaBoost,AdaBoost_2
932,SI_ref_13,PB800,IBU,Synthetic,0.18924731182795698,0.3885468918950012,AdaBoost,AdaBoost_2
933,SI_ref_13,PB800,IBU,Synthetic,0.08514492753623189,0.3885468918950012,AdaBoost,AdaBoost_2
934,SI_ref_13,PB800,IBU,Synthetic,0.4392021480629075,0.3885468918950012,AdaBoost,AdaBoost_2
935,SI_ref_13,PB800,IBU,Synthetic,0.4238588415803605,0.3885468918950012,AdaBoost,AdaBoost_2
936,SI_ref_13,PB800,IBU,Synthetic,0.5142348754448398,0.3885468918950012,AdaBoost,AdaBoost_2
937,SI_ref_13,PB800,IBU,Synthetic,0.5523922499011468,0.3885468918950012,AdaBoost,AdaBoost_2
938,SI_ref_13,PB800,IBU,Synthetic,0.5686613285883748,0.3885468918950012,AdaBoost,AdaBoost_2
939,SI_ref_13,PB800,IBU,Synthetic,0.5875275377054737,0.3885468918950012,AdaBoost,AdaBoost_2
940,SI_ref_13,PB800,IBU,Synthetic,0.712022367194781,0.3885468918950012,AdaBoost,AdaBoost_2
941,SI_ref_13,PB800,IBU,Synthetic,0.5069897483690587,0.3885468918950012,AdaBoost,AdaBoost_2
942,SI_ref_13,PB800,IBU,Synthetic,0.31469400434917677,0.3885468918950012,AdaBoost,AdaBoost_2
943,SI_ref_13,PB800,IBU,Synthetic,0.22960794568575607,0.3885468918950012,AdaBoost,AdaBoost_2
944,SI_ref_13,PB800,IBU,Synthetic,0.10958005249343833,0.3885468918950012,AdaBoost,AdaBoost_2
1117,SI_ref_17,Pristine SCG biochar,EE2,Synthetic,0.9630524728687239,0.8771539446770642,AdaBoost,AdaBoost_2
1119,SI_ref_17,Pristine SCG biochar,EE2,Synthetic,0.9610835485312063,0.8771539446770642,AdaBoost,AdaBoost_2
1121,SI_ref_17,Pristine SCG biochar,EE2,Synthetic,0.9527872619203276,0.8771539446770642,AdaBoost,AdaBoost_2
1123,SI_ref_17,Pristine SCG biochar,EE2,Synthetic,0.9558259103687238,0.8771539446770642,AdaBoost,AdaBoost_2
1125,SI_ref_17,Pristine SCG biochar,EE2,Synthetic,0.9519368217180961,0.8771539446770642,AdaBoost,AdaBoost_2
1127,SI_ref_17,Pristine SCG biochar,EE2,Synthetic,0.9377852461427824,0.8771539446770642,AdaBoost,AdaBoost_2
1129,SI_ref_17,Pristine SCG biochar,EE2,Synthetic,0.9348668633411785,0.8771539446770642,AdaBoost,AdaBoost_2
1131,SI_ref_17,Pristine SCG biochar,EE2,Synthetic,0.8111252475275296,0.8680973343259429,AdaBoost,AdaBoost_2
1133,SI_ref_17,Pristine SCG biochar,EE2,Synthetic,0.8609155049620831,0.8765311806660041,AdaBoost,AdaBoost_2
1135,SI_ref_17,Pristine SCG biochar,EE2,Synthetic,0.8239304667585977,0.8765311806660041,AdaBoost,AdaBoost_2
1137,SI_ref_17,Pristine SCG biochar,EE2,Synthetic,0.8257334628724249,0.8765311806660041,AdaBoost,AdaBoost_2
1139,SI_ref_17,Pristine SCG biochar,EE2,Synthetic,0.8269992896243368,0.8765311806660041,AdaBoost,AdaBoost_2
1141,SI_ref_17,Pristine SCG biochar,EE2,Synthetic,0.8244509213990222,0.8765311806660041,AdaBoost,AdaBoost_2
1143,SI_ref_17,Pristine SCG biochar,EE2,Synthetic,0.8163766662487987,0.8765311806660041,AdaBoost,AdaBoost_2
1145,SI_ref_17,Pristine SCG biochar,EE2,Synthetic,0.981137644940341,0.8765311806660041,AdaBoost,AdaBoost_2
1147,SI_ref_17,Pristine SCG biochar,EE2,Synthetic,0.8965862728271835,0.8765311806660041,AdaBoost,AdaBoost_2
1149,SI_ref_17,Pristine SCG biochar,EE2,Synthetic,0.9030676738865168,0.8765311806660041,AdaBoost,AdaBoost_2
1151,SI_ref_17,Pristine SCG biochar,EE2,Synthetic,0.886080261818485,0.8765311806660041,AdaBoost,AdaBoost_2
1153,SI_ref_17,Pristine SCG biochar,EE2,Synthetic,0.8949069839273535,0.8765311806660041,AdaBoost,AdaBoost_2
1155,SI_ref_17,Pristine SCG biochar,EE2,Synthetic,0.8378189552043488,0.8765311806660041,AdaBoost,AdaBoost_2
1157,SI_ref_17,Pristine SCG biochar,IBU,Synthetic,0.9060511140454979,0.9180000849752028,AdaBoost,AdaBoost_2
1159,SI_ref_17,Pristine SCG biochar,IBU,Synthetic,0.9004320791615827,0.9178733123548266,AdaBoost,AdaBoost_2
1161,SI_ref_17,Pristine SCG biochar,IBU,Synthetic,0.894961472244973,0.916978425407717,AdaBoost,AdaBoost_2
1163,SI_ref_17,Pristine SCG biochar,IBU,Synthetic,0.8949151720794959,0.9169253901007043,AdaBoost,AdaBoost_2
1165,SI_ref_17,Pristine SCG biochar,IBU,Synthetic,0.892599829508416,0.9167499943985218,AdaBoost,AdaBoost_2
1167,SI_ref_17,Pristine SCG biochar,IBU,Synthetic,0.8914167516338777,0.9167499943985218,AdaBoost,AdaBoost_2
1169,SI_ref_17,Pristine SCG biochar,IBU,Synthetic,0.886841225533622,0.9167499943985218,AdaBoost,AdaBoost_2
1171,SI_ref_17,Pristine SCG biochar,IBU,Synthetic,0.8055661914208297,0.9155451180099826,AdaBoost,AdaBoost_2
1173,SI_ref_17,Pristine SCG biochar,IBU,Synthetic,0.9319085004678631,0.9166142990111396,AdaBoost,AdaBoost_2
1175,SI_ref_17,Pristine SCG biochar,IBU,Synthetic,0.9111084458291452,0.9166142990111396,AdaBoost,AdaBoost_2
1177,SI_ref_17,Pristine SCG biochar,IBU,Synthetic,0.9162887928675453,0.9166142990111396,AdaBoost,AdaBoost_2
1179,SI_ref_17,Pristine SCG biochar,IBU,Synthetic,0.9142212192930818,0.9166142990111396,AdaBoost,AdaBoost_2
1181,SI_ref_17,Pristine SCG biochar,IBU,Synthetic,0.9090486144760851,0.9166142990111396,AdaBoost,AdaBoost_2
1183,SI_ref_17,Pristine SCG biochar,IBU,Synthetic,0.9114748664800524,0.9166142990111396,AdaBoost,AdaBoost_2
1185,SI_ref_17,Pristine SCG biochar,IBU,Synthetic,0.93372158594911,0.9166142990111396,AdaBoost,AdaBoost_2
1187,SI_ref_17,Pristine SCG biochar,IBU,Synthetic,0.9448963419259283,0.9166142990111396,AdaBoost,AdaBoost_2
1189,SI_ref_17,Pristine SCG biochar,IBU,Synthetic,0.9210277046979152,0.9166142990111396,AdaBoost,AdaBoost_2
1191,SI_ref_17,Pristine SCG biochar,IBU,Synthetic,0.9513456586569363,0.9166142990111396,AdaBoost,AdaBoost_2
1193,SI_ref_17,Pristine SCG biochar,IBU,Synthetic,0.9310638115047126,0.9166142990111396,AdaBoost,AdaBoost_2
1195,SI_ref_17,Pristine SCG biochar,IBU,Synthetic,0.9376778036385122,0.9166142990111396,AdaBoost,AdaBoost_2
155,SI_ref_17,Alkali-modified SCG biochars,EE2,Synthetic,0.281684429186895,0.36194879880642106,Bagging,Bagging_2
157,SI_ref_17,Alkali-modified SCG biochars,EE2,Synthetic,0.1736546812353491,0.3137171836492589,Bagging,Bagging_2
159,SI_ref_17,Alkali-modified SCG biochars,EE2,Synthetic,0.0890939833732563,0.24574541382645865,Bagging,Bagging_2
161,SI_ref_17,Alkali-modified SCG biochars,EE2,Synthetic,0.0719303611000807,0.24199735661593239,Bagging,Bagging_2
163,SI_ref_17,Alkali-modified SCG biochars,EE2,Synthetic,0.06892444951131721,0.23973983298873866,Bagging,Bagging_2
165,SI_ref_17,Alkali-modified SCG biochars,EE2,Synthetic,0.06161971981332274,0.23973983298873866,Bagging,Bagging_2
167,SI_ref_17,Alkali-modified SCG biochars,EE2,Synthetic,0.06227375203350968,0.23973983298873866,Bagging,Bagging_2
169,SI_ref_17,Alkali-modified SCG biochars,EE2,Synthetic,0.013530055813574512,0.2554679851354181,Bagging,Bagging_2
171,SI_ref_17,Alkali-modified SCG biochars,EE2,Synthetic,0.09051861058315946,0.25934148094998577,Bagging,Bagging_2
178,SI_ref_17,Alkali-modified SCG biochars,EE2,Synthetic,0.053215646133789624,0.2661916250769979,Bagging,Bagging_2
180,SI_ref_17,Alkali-modified SCG biochars,EE2,Synthetic,0.2279548813058391,0.25934148094998577,Bagging,Bagging_2
182,SI_ref_17,Alkali-modified SCG biochars,EE2,Synthetic,0.3168155258198777,0.25934148094998577,Bagging,Bagging_2
184,SI_ref_17,Alkali-modified SCG biochars,EE2,Synthetic,0.4518596548311438,0.25934148094998577,Bagging,Bagging_2
186,SI_ref_17,Alkali-modified SCG biochars,EE2,Synthetic,0.5444612813197839,0.25934148094998577,Bagging,Bagging_2
188,SI_ref_17,Alkali-modified SCG biochars,EE2,Synthetic,0.6153689348029446,0.25934148094998577,Bagging,Bagging_2
190,SI_ref_17,Alkali-modified SCG biochars,IBU,Synthetic,0.22674008618295227,0.48223336958981244,Bagging,Bagging_2
192,SI_ref_17,Alkali-modified SCG biochars,IBU,Synthetic,0.18762987622773672,0.4425225478014715,Bagging,Bagging_2
194,SI_ref_17,Alkali-modified SCG biochars,IBU,Synthetic,0.0964989432139522,0.3589275936172326,Bagging,Bagging_2
196,SI_ref_17,Alkali-modified SCG biochars,IBU,Synthetic,0.056403766337859394,0.3369236399591149,Bagging,Bagging_2
198,SI_ref_17,Alkali-modified SCG biochars,IBU,Synthetic,0.04365646649895644,0.33459725264812223,Bagging,Bagging_2
200,SI_ref_17,Alkali-modified SCG biochars,IBU,Synthetic,0.05275302685215311,0.33459725264812223,Bagging,Bagging_2
202,SI_ref_17,Alkali-modified SCG biochars,IBU,Synthetic,0.051463060103218494,0.3323320735216639,Bagging,Bagging_2
204,SI_ref_17,Alkali-modified SCG biochars,IBU,Synthetic,0.0020992565231803756,0.3306735844479882,Bagging,Bagging_2
206,SI_ref_17,Alkali-modified SCG biochars,IBU,Synthetic,0.05901922048526246,0.336472975480285,Bagging,Bagging_2
208,SI_ref_17,Alkali-modified SCG biochars,IBU,Synthetic,0.12337327274312365,0.336472975480285,Bagging,Bagging_2
210,SI_ref_17,Alkali-modified SCG biochars,IBU,Synthetic,0.09406602807201081,0.336472975480285,Bagging,Bagging_2
212,SI_ref_17,Alkali-modified SCG biochars,IBU,Synthetic,0.09483947953445797,0.336472975480285,Bagging,Bagging_2
214,SI_ref_17,Alkali-modified SCG biochars,IBU,Synthetic,0.10723758772503378,0.336472975480285,Bagging,Bagging_2
216,SI_ref_17,Alkali-modified SCG biochars,IBU,Synthetic,0.10107027265594352,0.336472975480285,Bagging,Bagging_2
218,SI_ref_17,Alkali-modified SCG biochars,IBU,Synthetic,0.30424911735147564,0.3463253416967707,Bagging,Bagging_2
220,SI_ref_17,Alkali-modified SCG biochars,IBU,Synthetic,0.004839210099114782,0.336472975480285,Bagging,Bagging_2
222,SI_ref_17,Alkali-modified SCG biochars,IBU,Synthetic,0.04374442489311713,0.336472975480285,Bagging,Bagging_2
224,SI_ref_17,Alkali-modified SCG biochars,IBU,Synthetic,0.2945083196339574,0.336472975480285,Bagging,Bagging_2
226,SI_ref_17,Alkali-modified SCG biochars,IBU,Synthetic,0.44148324888836815,0.336472975480285,Bagging,Bagging_2
228,SI_ref_17,Alkali-modified SCG biochars,IBU,Synthetic,0.5342365334838785,0.336472975480285,Bagging,Bagging_2
263,SI_ref_16,C-Biochar,IBU,Synthetic,0.5333333333333333,0.7248115628945933,Bagging,Bagging_2
264,SI_ref_16,C-Biochar,IBU,Synthetic,0.7333333333333333,0.7248115628945933,Bagging,Bagging_2
265,SI_ref_16,C-Biochar,IBU,Synthetic,0.6000000000000001,0.7293412747610506,Bagging,Bagging_2
266,SI_ref_16,C-Biochar,IBU,Synthetic,0.6121212121212122,0.7263526483103526,Bagging,Bagging_2
267,SI_ref_16,C-Biochar,IBU,Synthetic,0.7333333333333333,0.7263526483103526,Bagging,Bagging_2
268,SI_ref_16,C-Biochar,IBU,Synthetic,0.5333333333333333,0.7263526483103526,Bagging,Bagging_2
269,SI_ref_16,C-Biochar,IBU,Synthetic,0.4666666666666666,0.7263526483103526,Bagging,Bagging_2
270,SI_ref_16,C-Biochar,IBU,Synthetic,0.5555555555555556,0.7263526483103526,Bagging,Bagging_2
271,SI_ref_16,C-Biochar,IBU,Synthetic,0.6000000000000001,0.7263526483103526,Bagging,Bagging_2
272,SI_ref_16,C-Biochar,IBU,Synthetic,0.6000000000000001,0.7264494379837434,Bagging,Bagging_2
273,SI_ref_16,C-Biochar,IBU,Synthetic,0.6000000000000001,0.7264494379837434,Bagging,Bagging_2
274,SI_ref_16,C-Biochar,IBU,Synthetic,1.0666666666666667,0.7319824606247057,Bagging,Bagging_2
275,SI_ref_16,C-Biochar,IBU,Synthetic,0.5277777777777777,0.7263526483103526,Bagging,Bagging_2
276,SI_ref_16,C-Biochar,IBU,Synthetic,0.7,0.7263526483103526,Bagging,Bagging_2
277,SI_ref_16,C-Biochar,IBU,Synthetic,0.7844444444444444,0.7263526483103526,Bagging,Bagging_2
278,SI_ref_16,C-Biochar,IBU,Synthetic,0.8430555555555557,0.7263526483103526,Bagging,Bagging_2
279,SI_ref_16,C-Biochar,IBU,Synthetic,0.861111111111111,0.7263526483103526,Bagging,Bagging_2
875,SI_ref_13,PB600,IBU,Synthetic,0.7639925373134329,0.5887211705581575,Bagging,Bagging_2
876,SI_ref_13,PB600,IBU,Synthetic,0.7266791044776119,0.5706148377461733,Bagging,Bagging_2
877,SI_ref_13,PB600,IBU,Synthetic,0.7328980099502487,0.5427761286037329,Bagging,Bagging_2
878,SI_ref_13,PB600,IBU,Synthetic,0.7391169154228855,0.4929930717376659,Bagging,Bagging_2
879,SI_ref_13,PB600,IBU,Synthetic,0.6707089552238806,0.4777849611551354,Bagging,Bagging_2
880,SI_ref_13,PB600,IBU,Synthetic,0.5898631840796019,0.47313272646251553,Bagging,Bagging_2
881,SI_ref_13,PB600,IBU,Synthetic,0.2096102913356035,0.47365447087587376,Bagging,Bagging_2
882,SI_ref_13,PB600,IBU,Synthetic,0.7328980099502488,0.47365447087587376,Bagging,Bagging_2
883,SI_ref_13,PB600,IBU,Synthetic,0.611373922124096,0.47365447087587376,Bagging,Bagging_2
884,SI_ref_13,PB600,IBU,Synthetic,0.6847133757961785,0.47365447087587376,Bagging,Bagging_2
885,SI_ref_13,PB600,IBU,Synthetic,0.4580645161290322,0.47365447087587376,Bagging,Bagging_2
886,SI_ref_13,PB600,IBU,Synthetic,0.29347826086956524,0.47365447087587376,Bagging,Bagging_2
887,SI_ref_13,PB600,IBU,Synthetic,0.5772919064058304,0.46941105143750883,Bagging,Bagging_2
888,SI_ref_13,PB600,IBU,Synthetic,0.5887993862677406,0.46941105143750883,Bagging,Bagging_2
889,SI_ref_13,PB600,IBU,Synthetic,0.7258796821793417,0.47365447087587376,Bagging,Bagging_2
890,SI_ref_13,PB600,IBU,Synthetic,0.766427039979821,0.47365447087587376,Bagging,Bagging_2
891,SI_ref_13,PB600,IBU,Synthetic,0.8162693908437383,0.47365447087587376,Bagging,Bagging_2
892,SI_ref_13,PB600,IBU,Synthetic,0.8533052267445003,0.47365447087587376,Bagging,Bagging_2
893,SI_ref_13,PB600,IBU,Synthetic,0.9327073552425663,0.48290494097886677,Bagging,Bagging_2
894,SI_ref_13,PB600,IBU,Synthetic,0.6275430359937403,0.48290494097886677,Bagging,Bagging_2
895,SI_ref_13,PB600,IBU,Synthetic,0.35367762128325514,0.48290494097886677,Bagging,Bagging_2
896,SI_ref_13,PB600,IBU,Synthetic,0.4798506002849601,0.48290494097886677,Bagging,Bagging_2
897,SI_ref_13,PB600,IBU,Synthetic,0.2754303599374022,0.48290494097886677,Bagging,Bagging_2
922,SI_ref_13,PB800,IBU,Synthetic,0.4560270602706027,0.4450705723678834,Bagging,Bagging_2
923,SI_ref_13,PB800,IBU,Synthetic,0.4252767527675277,0.4092930903471616,Bagging,Bagging_2
924,SI_ref_13,PB800,IBU,Synthetic,0.40067650676506766,0.3632482387811514,Bagging,Bagging_2
925,SI_ref_13,PB800,IBU,Synthetic,0.39145141451414517,0.3500667446624123,Bagging,Bagging_2
926,SI_ref_13,PB800,IBU,Synthetic,0.38837638376383765,0.3364556915862238,Bagging,Bagging_2
927,SI_ref_13,PB800,IBU,Synthetic,0.37915129151291516,0.33944571773770305,Bagging,Bagging_2
928,SI_ref_13,PB800,IBU,Synthetic,0.23013048635824437,0.34494979038613865,Bagging,Bagging_2
929,SI_ref_13,PB800,IBU,Synthetic,0.3126198695818949,0.3469487057474156,Bagging,Bagging_2
930,SI_ref_13,PB800,IBU,Synthetic,0.35520079622504414,0.34494979038613865,Bagging,Bagging_2
931,SI_ref_13,PB800,IBU,Synthetic,0.24946921443736733,0.34494979038613865,Bagging,Bagging_2
932,SI_ref_13,PB800,IBU,Synthetic,0.18924731182795698,0.34494979038613865,Bagging,Bagging_2
933,SI_ref_13,PB800,IBU,Synthetic,0.08514492753623189,0.34494979038613865,Bagging,Bagging_2
934,SI_ref_13,PB800,IBU,Synthetic,0.4392021480629075,0.3434188454207483,Bagging,Bagging_2
935,SI_ref_13,PB800,IBU,Synthetic,0.4238588415803605,0.3434188454207483,Bagging,Bagging_2
936,SI_ref_13,PB800,IBU,Synthetic,0.5142348754448398,0.34494979038613865,Bagging,Bagging_2
937,SI_ref_13,PB800,IBU,Synthetic,0.5523922499011468,0.34494979038613865,Bagging,Bagging_2
938,SI_ref_13,PB800,IBU,Synthetic,0.5686613285883748,0.34494979038613865,Bagging,Bagging_2
939,SI_ref_13,PB800,IBU,Synthetic,0.5875275377054737,0.34494979038613865,Bagging,Bagging_2
940,SI_ref_13,PB800,IBU,Synthetic,0.712022367194781,0.3372122703015046,Bagging,Bagging_2
941,SI_ref_13,PB800,IBU,Synthetic,0.5069897483690587,0.3372122703015046,Bagging,Bagging_2
942,SI_ref_13,PB800,IBU,Synthetic,0.31469400434917677,0.3372122703015046,Bagging,Bagging_2
943,SI_ref_13,PB800,IBU,Synthetic,0.22960794568575607,0.3372122703015046,Bagging,Bagging_2
944,SI_ref_13,PB800,IBU,Synthetic,0.10958005249343833,0.3372122703015046,Bagging,Bagging_2
1117,SI_ref_17,Pristine SCG biochar,EE2,Synthetic,0.9630524728687239,0.9157469780584663,Bagging,Bagging_2
1119,SI_ref_17,Pristine SCG biochar,EE2,Synthetic,0.9610835485312063,0.9126645211273234,Bagging,Bagging_2
1121,SI_ref_17,Pristine SCG biochar,EE2,Synthetic,0.9527872619203276,0.9100964235696586,Bagging,Bagging_2
1123,SI_ref_17,Pristine SCG biochar,EE2,Synthetic,0.9558259103687238,0.9014606770941007,Bagging,Bagging_2
1125,SI_ref_17,Pristine SCG biochar,EE2,Synthetic,0.9519368217180961,0.8875431814537654,Bagging,Bagging_2
1127,SI_ref_17,Pristine SCG biochar,EE2,Synthetic,0.9377852461427824,0.8816737620112172,Bagging,Bagging_2
1129,SI_ref_17,Pristine SCG biochar,EE2,Synthetic,0.9348668633411785,0.878158824853475,Bagging,Bagging_2
1131,SI_ref_17,Pristine SCG biochar,EE2,Synthetic,0.8111252475275296,0.8531849396446295,Bagging,Bagging_2
1133,SI_ref_17,Pristine SCG biochar,EE2,Synthetic,0.8609155049620831,0.8609376562922809,Bagging,Bagging_2
1135,SI_ref_17,Pristine SCG biochar,EE2,Synthetic,0.8239304667585977,0.8609376562922809,Bagging,Bagging_2
1137,SI_ref_17,Pristine SCG biochar,EE2,Synthetic,0.8257334628724249,0.8609376562922809,Bagging,Bagging_2
1139,SI_ref_17,Pristine SCG biochar,EE2,Synthetic,0.8269992896243368,0.8609376562922809,Bagging,Bagging_2
1141,SI_ref_17,Pristine SCG biochar,EE2,Synthetic,0.8244509213990222,0.8609376562922809,Bagging,Bagging_2
1143,SI_ref_17,Pristine SCG biochar,EE2,Synthetic,0.8163766662487987,0.8609376562922809,Bagging,Bagging_2
1145,SI_ref_17,Pristine SCG biochar,EE2,Synthetic,0.981137644940341,0.8609376562922809,Bagging,Bagging_2
1147,SI_ref_17,Pristine SCG biochar,EE2,Synthetic,0.8965862728271835,0.8609376562922809,Bagging,Bagging_2
1149,SI_ref_17,Pristine SCG biochar,EE2,Synthetic,0.9030676738865168,0.8609376562922809,Bagging,Bagging_2
1151,SI_ref_17,Pristine SCG biochar,EE2,Synthetic,0.886080261818485,0.8609376562922809,Bagging,Bagging_2
1153,SI_ref_17,Pristine SCG biochar,EE2,Synthetic,0.8949069839273535,0.8609376562922809,Bagging,Bagging_2
1155,SI_ref_17,Pristine SCG biochar,EE2,Synthetic,0.8378189552043488,0.8609376562922809,Bagging,Bagging_2
1157,SI_ref_17,Pristine SCG biochar,IBU,Synthetic,0.9060511140454979,0.9401663023419023,Bagging,Bagging_2
1159,SI_ref_17,Pristine SCG biochar,IBU,Synthetic,0.9004320791615827,0.9365941913539113,Bagging,Bagging_2
1161,SI_ref_17,Pristine SCG biochar,IBU,Synthetic,0.894961472244973,0.9327998171172996,Bagging,Bagging_2
1163,SI_ref_17,Pristine SCG biochar,IBU,Synthetic,0.8949151720794959,0.9299744344529465,Bagging,Bagging_2
1165,SI_ref_17,Pristine SCG biochar,IBU,Synthetic,0.892599829508416,0.9233862580592878,Bagging,Bagging_2
1167,SI_ref_17,Pristine SCG biochar,IBU,Synthetic,0.8914167516338777,0.9206643296253766,Bagging,Bagging_2
1169,SI_ref_17,Pristine SCG biochar,IBU,Synthetic,0.886841225533622,0.9187922630022868,Bagging,Bagging_2
1171,SI_ref_17,Pristine SCG biochar,IBU,Synthetic,0.8055661914208297,0.8709217894518102,Bagging,Bagging_2
1173,SI_ref_17,Pristine SCG biochar,IBU,Synthetic,0.9319085004678631,0.9141111543567539,Bagging,Bagging_2
1175,SI_ref_17,Pristine SCG biochar,IBU,Synthetic,0.9111084458291452,0.9141111543567539,Bagging,Bagging_2
1177,SI_ref_17,Pristine SCG biochar,IBU,Synthetic,0.9162887928675453,0.9141111543567539,Bagging,Bagging_2
1179,SI_ref_17,Pristine SCG biochar,IBU,Synthetic,0.9142212192930818,0.9141111543567539,Bagging,Bagging_2
1181,SI_ref_17,Pristine SCG biochar,IBU,Synthetic,0.9090486144760851,0.9141111543567539,Bagging,Bagging_2
1183,SI_ref_17,Pristine SCG biochar,IBU,Synthetic,0.9114748664800524,0.9141111543567539,Bagging,Bagging_2
1185,SI_ref_17,Pristine SCG biochar,IBU,Synthetic,0.93372158594911,0.9138952963852961,Bagging,Bagging_2
1187,SI_ref_17,Pristine SCG biochar,IBU,Synthetic,0.9448963419259283,0.9141111543567539,Bagging,Bagging_2
1189,SI_ref_17,Pristine SCG biochar,IBU,Synthetic,0.9210277046979152,0.9141111543567539,Bagging,Bagging_2
1191,SI_ref_17,Pristine SCG biochar,IBU,Synthetic,0.9513456586569363,0.9141111543567539,Bagging,Bagging_2
1193,SI_ref_17,Pristine SCG biochar,IBU,Synthetic,0.9310638115047126,0.9141111543567539,Bagging,Bagging_2
1195,SI_ref_17,Pristine SCG biochar,IBU,Synthetic,0.9376778036385122,0.9141111543567539,Bagging,Bagging_2
155,SI_ref_17,Alkali-modified SCG biochars,EE2,Synthetic,0.281684429186895,0.19906089964801643,BayesianRidge,BayesianRidge_1
157,SI_ref_17,Alkali-modified SCG biochars,EE2,Synthetic,0.1736546812353491,0.1848971478492223,BayesianRidge,BayesianRidge_1
159,SI_ref_17,Alkali-modified SCG biochars,EE2,Synthetic,0.0890939833732563,0.16213879625692829,BayesianRidge,BayesianRidge_1
161,SI_ref_17,Alkali-modified SCG biochars,EE2,Synthetic,0.0719303611000807,0.14769267893781324,BayesianRidge,BayesianRidge_1
163,SI_ref_17,Alkali-modified SCG biochars,EE2,Synthetic,0.06892444951131721,0.13922771250052124,BayesianRidge,BayesianRidge_1
165,SI_ref_17,Alkali-modified SCG biochars,EE2,Synthetic,0.06161971981332274,0.13321768005508727,BayesianRidge,BayesianRidge_1
167,SI_ref_17,Alkali-modified SCG biochars,EE2,Synthetic,0.06227375203350968,0.12720523260477834,BayesianRidge,BayesianRidge_1
169,SI_ref_17,Alkali-modified SCG biochars,EE2,Synthetic,0.013530055813574512,0.07207424808052898,BayesianRidge,BayesianRidge_1
171,SI_ref_17,Alkali-modified SCG biochars,EE2,Synthetic,0.09051861058315946,0.1187281953221957,BayesianRidge,BayesianRidge_1
178,SI_ref_17,Alkali-modified SCG biochars,EE2,Synthetic,0.053215646133789624,0.1653821425638624,BayesianRidge,BayesianRidge_1
180,SI_ref_17,Alkali-modified SCG biochars,EE2,Synthetic,0.2279548813058391,0.1187281953221957,BayesianRidge,BayesianRidge_1
182,SI_ref_17,Alkali-modified SCG biochars,EE2,Synthetic,0.3168155258198777,0.1187281953221957,BayesianRidge,BayesianRidge_1
184,SI_ref_17,Alkali-modified SCG biochars,EE2,Synthetic,0.4518596548311438,0.1187281953221957,BayesianRidge,BayesianRidge_1
186,SI_ref_17,Alkali-modified SCG biochars,EE2,Synthetic,0.5444612813197839,0.1187281953221957,BayesianRidge,BayesianRidge_1
188,SI_ref_17,Alkali-modified SCG biochars,EE2,Synthetic,0.6153689348029446,0.1187281953221957,BayesianRidge,BayesianRidge_1
190,SI_ref_17,Alkali-modified SCG biochars,IBU,Synthetic,0.22674008618295227,0.3133297352170169,BayesianRidge,BayesianRidge_1
192,SI_ref_17,Alkali-modified SCG biochars,IBU,Synthetic,0.18762987622773672,0.29916598341822287,BayesianRidge,BayesianRidge_1
194,SI_ref_17,Alkali-modified SCG biochars,IBU,Synthetic,0.0964989432139522,0.27640763182592876,BayesianRidge,BayesianRidge_1
196,SI_ref_17,Alkali-modified SCG biochars,IBU,Synthetic,0.056403766337859394,0.2619615145068138,BayesianRidge,BayesianRidge_1
198,SI_ref_17,Alkali-modified SCG biochars,IBU,Synthetic,0.04365646649895644,0.2534965480695217,BayesianRidge,BayesianRidge_1
200,SI_ref_17,Alkali-modified SCG biochars,IBU,Synthetic,0.05275302685215311,0.24748651562408785,BayesianRidge,BayesianRidge_1
202,SI_ref_17,Alkali-modified SCG biochars,IBU,Synthetic,0.051463060103218494,0.2414740681737788,BayesianRidge,BayesianRidge_1
204,SI_ref_17,Alkali-modified SCG biochars,IBU,Synthetic,0.0020992565231803756,0.18634308364952945,BayesianRidge,BayesianRidge_1
206,SI_ref_17,Alkali-modified SCG biochars,IBU,Synthetic,0.05901922048526246,0.23299703089119617,BayesianRidge,BayesianRidge_1
208,SI_ref_17,Alkali-modified SCG biochars,IBU,Synthetic,0.12337327274312365,0.23299703089119617,BayesianRidge,BayesianRidge_1
210,SI_ref_17,Alkali-modified SCG biochars,IBU,Synthetic,0.09406602807201081,0.23299703089119617,BayesianRidge,BayesianRidge_1
212,SI_ref_17,Alkali-modified SCG biochars,IBU,Synthetic,0.09483947953445797,0.23299703089119617,BayesianRidge,BayesianRidge_1
214,SI_ref_17,Alkali-modified SCG biochars,IBU,Synthetic,0.10723758772503378,0.23299703089119617,BayesianRidge,BayesianRidge_1
216,SI_ref_17,Alkali-modified SCG biochars,IBU,Synthetic,0.10107027265594352,0.23299703089119617,BayesianRidge,BayesianRidge_1
218,SI_ref_17,Alkali-modified SCG biochars,IBU,Synthetic,0.30424911735147564,0.2796509781328629,BayesianRidge,BayesianRidge_1
220,SI_ref_17,Alkali-modified SCG biochars,IBU,Synthetic,0.004839210099114782,0.23299703089119617,BayesianRidge,BayesianRidge_1
222,SI_ref_17,Alkali-modified SCG biochars,IBU,Synthetic,0.04374442489311713,0.23299703089119617,BayesianRidge,BayesianRidge_1
224,SI_ref_17,Alkali-modified SCG biochars,IBU,Synthetic,0.2945083196339574,0.23299703089119617,BayesianRidge,BayesianRidge_1
226,SI_ref_17,Alkali-modified SCG biochars,IBU,Synthetic,0.44148324888836815,0.23299703089119617,BayesianRidge,BayesianRidge_1
228,SI_ref_17,Alkali-modified SCG biochars,IBU,Synthetic,0.5342365334838785,0.23299703089119617,BayesianRidge,BayesianRidge_1
263,SI_ref_16,C-Biochar,IBU,Synthetic,0.5333333333333333,0.5973607679769215,BayesianRidge,BayesianRidge_1
264,SI_ref_16,C-Biochar,IBU,Synthetic,0.7333333333333333,0.6206877415977549,BayesianRidge,BayesianRidge_1
265,SI_ref_16,C-Biochar,IBU,Synthetic,0.6000000000000001,0.6646151906933784,BayesianRidge,BayesianRidge_1
266,SI_ref_16,C-Biochar,IBU,Synthetic,0.6121212121212122,0.6440147152185882,BayesianRidge,BayesianRidge_1
267,SI_ref_16,C-Biochar,IBU,Synthetic,0.7333333333333333,0.6440147152185882,BayesianRidge,BayesianRidge_1
268,SI_ref_16,C-Biochar,IBU,Synthetic,0.5333333333333333,0.6440147152185882,BayesianRidge,BayesianRidge_1
269,SI_ref_16,C-Biochar,IBU,Synthetic,0.4666666666666666,0.6440147152185882,BayesianRidge,BayesianRidge_1
270,SI_ref_16,C-Biochar,IBU,Synthetic,0.5555555555555556,0.6440147152185882,BayesianRidge,BayesianRidge_1
271,SI_ref_16,C-Biochar,IBU,Synthetic,0.6000000000000001,0.6440147152185882,BayesianRidge,BayesianRidge_1
272,SI_ref_16,C-Biochar,IBU,Synthetic,0.6000000000000001,0.6234142397437982,BayesianRidge,BayesianRidge_1
273,SI_ref_16,C-Biochar,IBU,Synthetic,0.6000000000000001,0.602813764269008,BayesianRidge,BayesianRidge_1
274,SI_ref_16,C-Biochar,IBU,Synthetic,1.0666666666666667,0.6673416888394216,BayesianRidge,BayesianRidge_1
275,SI_ref_16,C-Biochar,IBU,Synthetic,0.5277777777777777,0.6440147152185882,BayesianRidge,BayesianRidge_1
276,SI_ref_16,C-Biochar,IBU,Synthetic,0.7,0.6440147152185882,BayesianRidge,BayesianRidge_1
277,SI_ref_16,C-Biochar,IBU,Synthetic,0.7844444444444444,0.6440147152185882,BayesianRidge,BayesianRidge_1
278,SI_ref_16,C-Biochar,IBU,Synthetic,0.8430555555555557,0.6440147152185882,BayesianRidge,BayesianRidge_1
279,SI_ref_16,C-Biochar,IBU,Synthetic,0.861111111111111,0.6440147152185882,BayesianRidge,BayesianRidge_1
875,SI_ref_13,PB600,IBU,Synthetic,0.7639925373134329,0.6729977341728307,BayesianRidge,BayesianRidge_1
876,SI_ref_13,PB600,IBU,Synthetic,0.7266791044776119,0.6588339823740367,BayesianRidge,BayesianRidge_1
877,SI_ref_13,PB600,IBU,Synthetic,0.7328980099502487,0.6445022035751985,BayesianRidge,BayesianRidge_1
878,SI_ref_13,PB600,IBU,Synthetic,0.7391169154228855,0.6360756307817426,BayesianRidge,BayesianRidge_1
879,SI_ref_13,PB600,IBU,Synthetic,0.6707089552238806,0.6216295134626275,BayesianRidge,BayesianRidge_1
880,SI_ref_13,PB600,IBU,Synthetic,0.5898631840796019,0.6131645470253355,BayesianRidge,BayesianRidge_1
881,SI_ref_13,PB600,IBU,Synthetic,0.2096102913356035,0.6071545145799015,BayesianRidge,BayesianRidge_1
882,SI_ref_13,PB600,IBU,Synthetic,0.7328980099502488,0.6277549900546917,BayesianRidge,BayesianRidge_1
883,SI_ref_13,PB600,IBU,Synthetic,0.611373922124096,0.6071545145799015,BayesianRidge,BayesianRidge_1
884,SI_ref_13,PB600,IBU,Synthetic,0.6847133757961785,0.6071545145799015,BayesianRidge,BayesianRidge_1
885,SI_ref_13,PB600,IBU,Synthetic,0.4580645161290322,0.6071545145799015,BayesianRidge,BayesianRidge_1
886,SI_ref_13,PB600,IBU,Synthetic,0.29347826086956524,0.6071545145799015,BayesianRidge,BayesianRidge_1
887,SI_ref_13,PB600,IBU,Synthetic,0.5772919064058304,0.5865540391051115,BayesianRidge,BayesianRidge_1
888,SI_ref_13,PB600,IBU,Synthetic,0.5887993862677406,0.5659535636303213,BayesianRidge,BayesianRidge_1
889,SI_ref_13,PB600,IBU,Synthetic,0.7258796821793417,0.6071545145799015,BayesianRidge,BayesianRidge_1
890,SI_ref_13,PB600,IBU,Synthetic,0.766427039979821,0.6071545145799015,BayesianRidge,BayesianRidge_1
891,SI_ref_13,PB600,IBU,Synthetic,0.8162693908437383,0.6071545145799015,BayesianRidge,BayesianRidge_1
892,SI_ref_13,PB600,IBU,Synthetic,0.8533052267445003,0.6071545145799015,BayesianRidge,BayesianRidge_1
893,SI_ref_13,PB600,IBU,Synthetic,0.9327073552425663,0.59266502984701,BayesianRidge,BayesianRidge_1
894,SI_ref_13,PB600,IBU,Synthetic,0.6275430359937403,0.59266502984701,BayesianRidge,BayesianRidge_1
895,SI_ref_13,PB600,IBU,Synthetic,0.35367762128325514,0.59266502984701,BayesianRidge,BayesianRidge_1
896,SI_ref_13,PB600,IBU,Synthetic,0.4798506002849601,0.59266502984701,BayesianRidge,BayesianRidge_1
897,SI_ref_13,PB600,IBU,Synthetic,0.2754303599374022,0.59266502984701,BayesianRidge,BayesianRidge_1
922,SI_ref_13,PB800,IBU,Synthetic,0.4560270602706027,0.4641145249134254,BayesianRidge,BayesianRidge_1
923,SI_ref_13,PB800,IBU,Synthetic,0.4252767527675277,0.44995077311463133,BayesianRidge,BayesianRidge_1
924,SI_ref_13,PB800,IBU,Synthetic,0.40067650676506766,0.4356189943157932,BayesianRidge,BayesianRidge_1
925,SI_ref_13,PB800,IBU,Synthetic,0.39145141451414517,0.4271924215223373,BayesianRidge,BayesianRidge_1
926,SI_ref_13,PB800,IBU,Synthetic,0.38837638376383765,0.4127463042032222,BayesianRidge,BayesianRidge_1
927,SI_ref_13,PB800,IBU,Synthetic,0.37915129151291516,0.4042813377659302,BayesianRidge,BayesianRidge_1
928,SI_ref_13,PB800,IBU,Synthetic,0.23013048635824437,0.39827130532049637,BayesianRidge,BayesianRidge_1
929,SI_ref_13,PB800,IBU,Synthetic,0.3126198695818949,0.4188717807952864,BayesianRidge,BayesianRidge_1
930,SI_ref_13,PB800,IBU,Synthetic,0.35520079622504414,0.39827130532049637,BayesianRidge,BayesianRidge_1
931,SI_ref_13,PB800,IBU,Synthetic,0.24946921443736733,0.39827130532049637,BayesianRidge,BayesianRidge_1
932,SI_ref_13,PB800,IBU,Synthetic,0.18924731182795698,0.39827130532049637,BayesianRidge,BayesianRidge_1
933,SI_ref_13,PB800,IBU,Synthetic,0.08514492753623189,0.39827130532049637,BayesianRidge,BayesianRidge_1
934,SI_ref_13,PB800,IBU,Synthetic,0.4392021480629075,0.3776708298457062,BayesianRidge,BayesianRidge_1
935,SI_ref_13,PB800,IBU,Synthetic,0.4238588415803605,0.35707035437091605,BayesianRidge,BayesianRidge_1
936,SI_ref_13,PB800,IBU,Synthetic,0.5142348754448398,0.39827130532049637,BayesianRidge,BayesianRidge_1
937,SI_ref_13,PB800,IBU,Synthetic,0.5523922499011468,0.39827130532049637,BayesianRidge,BayesianRidge_1
938,SI_ref_13,PB800,IBU,Synthetic,0.5686613285883748,0.39827130532049637,BayesianRidge,BayesianRidge_1
939,SI_ref_13,PB800,IBU,Synthetic,0.5875275377054737,0.39827130532049637,BayesianRidge,BayesianRidge_1
940,SI_ref_13,PB800,IBU,Synthetic,0.712022367194781,0.3837818205876047,BayesianRidge,BayesianRidge_1
941,SI_ref_13,PB800,IBU,Synthetic,0.5069897483690587,0.3837818205876047,BayesianRidge,BayesianRidge_1
942,SI_ref_13,PB800,IBU,Synthetic,0.31469400434917677,0.3837818205876047,BayesianRidge,BayesianRidge_1
943,SI_ref_13,PB800,IBU,Synthetic,0.22960794568575607,0.3837818205876047,BayesianRidge,BayesianRidge_1
944,SI_ref_13,PB800,IBU,Synthetic,0.10958005249343833,0.3837818205876047,BayesianRidge,BayesianRidge_1
1117,SI_ref_17,Pristine SCG biochar,EE2,Synthetic,0.9630524728687239,0.7860715689576657,BayesianRidge,BayesianRidge_1
1119,SI_ref_17,Pristine SCG biochar,EE2,Synthetic,0.9610835485312063,0.7719078171588716,BayesianRidge,BayesianRidge_1
1121,SI_ref_17,Pristine SCG biochar,EE2,Synthetic,0.9527872619203276,0.7491494655665776,BayesianRidge,BayesianRidge_1
1123,SI_ref_17,Pristine SCG biochar,EE2,Synthetic,0.9558259103687238,0.7347033482474625,BayesianRidge,BayesianRidge_1
1125,SI_ref_17,Pristine SCG biochar,EE2,Synthetic,0.9519368217180961,0.7262383818101705,BayesianRidge,BayesianRidge_1
1127,SI_ref_17,Pristine SCG biochar,EE2,Synthetic,0.9377852461427824,0.7202283493647366,BayesianRidge,BayesianRidge_1
1129,SI_ref_17,Pristine SCG biochar,EE2,Synthetic,0.9348668633411785,0.7142159019144276,BayesianRidge,BayesianRidge_1
1131,SI_ref_17,Pristine SCG biochar,EE2,Synthetic,0.8111252475275296,0.6590849173901782,BayesianRidge,BayesianRidge_1
1133,SI_ref_17,Pristine SCG biochar,EE2,Synthetic,0.8609155049620831,0.7057388646318449,BayesianRidge,BayesianRidge_1
1135,SI_ref_17,Pristine SCG biochar,EE2,Synthetic,0.8239304667585977,0.7057388646318449,BayesianRidge,BayesianRidge_1
1137,SI_ref_17,Pristine SCG biochar,EE2,Synthetic,0.8257334628724249,0.7057388646318449,BayesianRidge,BayesianRidge_1
1139,SI_ref_17,Pristine SCG biochar,EE2,Synthetic,0.8269992896243368,0.7057388646318449,BayesianRidge,BayesianRidge_1
1141,SI_ref_17,Pristine SCG biochar,EE2,Synthetic,0.8244509213990222,0.7057388646318449,BayesianRidge,BayesianRidge_1
1143,SI_ref_17,Pristine SCG biochar,EE2,Synthetic,0.8163766662487987,0.7057388646318449,BayesianRidge,BayesianRidge_1
1145,SI_ref_17,Pristine SCG biochar,EE2,Synthetic,0.981137644940341,0.7523928118735116,BayesianRidge,BayesianRidge_1
1147,SI_ref_17,Pristine SCG biochar,EE2,Synthetic,0.8965862728271835,0.7057388646318449,BayesianRidge,BayesianRidge_1
1149,SI_ref_17,Pristine SCG biochar,EE2,Synthetic,0.9030676738865168,0.7057388646318449,BayesianRidge,BayesianRidge_1
1151,SI_ref_17,Pristine SCG biochar,EE2,Synthetic,0.886080261818485,0.7057388646318449,BayesianRidge,BayesianRidge_1
1153,SI_ref_17,Pristine SCG biochar,EE2,Synthetic,0.8949069839273535,0.7057388646318449,BayesianRidge,BayesianRidge_1
1155,SI_ref_17,Pristine SCG biochar,EE2,Synthetic,0.8378189552043488,0.7057388646318449,BayesianRidge,BayesianRidge_1
1157,SI_ref_17,Pristine SCG biochar,IBU,Synthetic,0.9060511140454979,0.9003404045266662,BayesianRidge,BayesianRidge_1
1159,SI_ref_17,Pristine SCG biochar,IBU,Synthetic,0.9004320791615827,0.886176652727872,BayesianRidge,BayesianRidge_1
1161,SI_ref_17,Pristine SCG biochar,IBU,Synthetic,0.894961472244973,0.863418301135578,BayesianRidge,BayesianRidge_1
1163,SI_ref_17,Pristine SCG biochar,IBU,Synthetic,0.8949151720794959,0.848972183816463,BayesianRidge,BayesianRidge_1
1165,SI_ref_17,Pristine SCG biochar,IBU,Synthetic,0.892599829508416,0.8405072173791709,BayesianRidge,BayesianRidge_1
1167,SI_ref_17,Pristine SCG biochar,IBU,Synthetic,0.8914167516338777,0.834497184933737,BayesianRidge,BayesianRidge_1
1169,SI_ref_17,Pristine SCG biochar,IBU,Synthetic,0.886841225533622,0.8284847374834281,BayesianRidge,BayesianRidge_1
1171,SI_ref_17,Pristine SCG biochar,IBU,Synthetic,0.8055661914208297,0.7733537529591786,BayesianRidge,BayesianRidge_1
1173,SI_ref_17,Pristine SCG biochar,IBU,Synthetic,0.9319085004678631,0.8200077002008453,BayesianRidge,BayesianRidge_1
1175,SI_ref_17,Pristine SCG biochar,IBU,Synthetic,0.9111084458291452,0.8200077002008453,BayesianRidge,BayesianRidge_1
1177,SI_ref_17,Pristine SCG biochar,IBU,Synthetic,0.9162887928675453,0.8200077002008453,BayesianRidge,BayesianRidge_1
1179,SI_ref_17,Pristine SCG biochar,IBU,Synthetic,0.9142212192930818,0.8200077002008453,BayesianRidge,BayesianRidge_1
1181,SI_ref_17,Pristine SCG biochar,IBU,Synthetic,0.9090486144760851,0.8200077002008453,BayesianRidge,BayesianRidge_1
1183,SI_ref_17,Pristine SCG biochar,IBU,Synthetic,0.9114748664800524,0.8200077002008453,BayesianRidge,BayesianRidge_1
1185,SI_ref_17,Pristine SCG biochar,IBU,Synthetic,0.93372158594911,0.8666616474425121,BayesianRidge,BayesianRidge_1
1187,SI_ref_17,Pristine SCG biochar,IBU,Synthetic,0.9448963419259283,0.8200077002008453,BayesianRidge,BayesianRidge_1
1189,SI_ref_17,Pristine SCG biochar,IBU,Synthetic,0.9210277046979152,0.8200077002008453,BayesianRidge,BayesianRidge_1
1191,SI_ref_17,Pristine SCG biochar,IBU,Synthetic,0.9513456586569363,0.8200077002008453,BayesianRidge,BayesianRidge_1
1193,SI_ref_17,Pristine SCG biochar,IBU,Synthetic,0.9310638115047126,0.8200077002008453,BayesianRidge,BayesianRidge_1
1195,SI_ref_17,Pristine SCG biochar,IBU,Synthetic,0.9376778036385122,0.8200077002008453,BayesianRidge,BayesianRidge_1
155,SI_ref_17,Alkali-modified SCG biochars,EE2,Synthetic,0.281684429186895,0.39094450241610224,CatBoost,CatBoost_2
157,SI_ref_17,Alkali-modified SCG biochars,EE2,Synthetic,0.1736546812353491,0.3448694109709987,CatBoost,CatBoost_2
159,SI_ref_17,Alkali-modified SCG biochars,EE2,Synthetic,0.0890939833732563,0.2359300158847218,CatBoost,CatBoost_2
161,SI_ref_17,Alkali-modified SCG biochars,EE2,Synthetic,0.0719303611000807,0.20340096684467318,CatBoost,CatBoost_2
163,SI_ref_17,Alkali-modified SCG biochars,EE2,Synthetic,0.06892444951131721,0.19424536754218868,CatBoost,CatBoost_2
165,SI_ref_17,Alkali-modified SCG biochars,EE2,Synthetic,0.06161971981332274,0.1941911463012443,CatBoost,CatBoost_2
167,SI_ref_17,Alkali-modified SCG biochars,EE2,Synthetic,0.06227375203350968,0.19996995091387731,CatBoost,CatBoost_2
169,SI_ref_17,Alkali-modified SCG biochars,EE2,Synthetic,0.013530055813574512,0.20516458932898057,CatBoost,CatBoost_2
171,SI_ref_17,Alkali-modified SCG biochars,EE2,Synthetic,0.09051861058315946,0.31276194345142727,CatBoost,CatBoost_2
178,SI_ref_17,Alkali-modified SCG biochars,EE2,Synthetic,0.053215646133789624,0.2662008360188311,CatBoost,CatBoost_2
180,SI_ref_17,Alkali-modified SCG biochars,EE2,Synthetic,0.2279548813058391,0.31276194345142727,CatBoost,CatBoost_2
182,SI_ref_17,Alkali-modified SCG biochars,EE2,Synthetic,0.3168155258198777,0.31276194345142727,CatBoost,CatBoost_2
184,SI_ref_17,Alkali-modified SCG biochars,EE2,Synthetic,0.4518596548311438,0.31276194345142727,CatBoost,CatBoost_2
186,SI_ref_17,Alkali-modified SCG biochars,EE2,Synthetic,0.5444612813197839,0.31276194345142727,CatBoost,CatBoost_2
188,SI_ref_17,Alkali-modified SCG biochars,EE2,Synthetic,0.6153689348029446,0.31276194345142727,CatBoost,CatBoost_2
190,SI_ref_17,Alkali-modified SCG biochars,IBU,Synthetic,0.22674008618295227,0.5648344793234054,CatBoost,CatBoost_2
192,SI_ref_17,Alkali-modified SCG biochars,IBU,Synthetic,0.18762987622773672,0.5187593878783019,CatBoost,CatBoost_2
194,SI_ref_17,Alkali-modified SCG biochars,IBU,Synthetic,0.0964989432139522,0.4142220929208249,CatBoost,CatBoost_2
196,SI_ref_17,Alkali-modified SCG biochars,IBU,Synthetic,0.056403766337859394,0.3858535873673468,CatBoost,CatBoost_2
198,SI_ref_17,Alkali-modified SCG biochars,IBU,Synthetic,0.04365646649895644,0.3754252331810667,CatBoost,CatBoost_2
200,SI_ref_17,Alkali-modified SCG biochars,IBU,Synthetic,0.05275302685215311,0.3753710119401223,CatBoost,CatBoost_2
202,SI_ref_17,Alkali-modified SCG biochars,IBU,Synthetic,0.051463060103218494,0.3771338531479305,CatBoost,CatBoost_2
204,SI_ref_17,Alkali-modified SCG biochars,IBU,Synthetic,0.0020992565231803756,0.24387484674666365,CatBoost,CatBoost_2
206,SI_ref_17,Alkali-modified SCG biochars,IBU,Synthetic,0.05901922048526246,0.37093688722994567,CatBoost,CatBoost_2
208,SI_ref_17,Alkali-modified SCG biochars,IBU,Synthetic,0.12337327274312365,0.37093688722994567,CatBoost,CatBoost_2
210,SI_ref_17,Alkali-modified SCG biochars,IBU,Synthetic,0.09406602807201081,0.37093688722994567,CatBoost,CatBoost_2
212,SI_ref_17,Alkali-modified SCG biochars,IBU,Synthetic,0.09483947953445797,0.37093688722994567,CatBoost,CatBoost_2
214,SI_ref_17,Alkali-modified SCG biochars,IBU,Synthetic,0.10723758772503378,0.37093688722994567,CatBoost,CatBoost_2
216,SI_ref_17,Alkali-modified SCG biochars,IBU,Synthetic,0.10107027265594352,0.37093688722994567,CatBoost,CatBoost_2
218,SI_ref_17,Alkali-modified SCG biochars,IBU,Synthetic,0.30424911735147564,0.4233260793268504,CatBoost,CatBoost_2
220,SI_ref_17,Alkali-modified SCG biochars,IBU,Synthetic,0.004839210099114782,0.37093688722994567,CatBoost,CatBoost_2
222,SI_ref_17,Alkali-modified SCG biochars,IBU,Synthetic,0.04374442489311713,0.37093688722994567,CatBoost,CatBoost_2
224,SI_ref_17,Alkali-modified SCG biochars,IBU,Synthetic,0.2945083196339574,0.37093688722994567,CatBoost,CatBoost_2
226,SI_ref_17,Alkali-modified SCG biochars,IBU,Synthetic,0.44148324888836815,0.37093688722994567,CatBoost,CatBoost_2
228,SI_ref_17,Alkali-modified SCG biochars,IBU,Synthetic,0.5342365334838785,0.37093688722994567,CatBoost,CatBoost_2
263,SI_ref_16,C-Biochar,IBU,Synthetic,0.5333333333333333,0.6718823305461993,CatBoost,CatBoost_2
264,SI_ref_16,C-Biochar,IBU,Synthetic,0.7333333333333333,0.6746651087903137,CatBoost,CatBoost_2
265,SI_ref_16,C-Biochar,IBU,Synthetic,0.6000000000000001,0.7288937500031136,CatBoost,CatBoost_2
266,SI_ref_16,C-Biochar,IBU,Synthetic,0.6121212121212122,0.7195845021845914,CatBoost,CatBoost_2
267,SI_ref_16,C-Biochar,IBU,Synthetic,0.7333333333333333,0.7195845021845914,CatBoost,CatBoost_2
268,SI_ref_16,C-Biochar,IBU,Synthetic,0.5333333333333333,0.7195845021845914,CatBoost,CatBoost_2
269,SI_ref_16,C-Biochar,IBU,Synthetic,0.4666666666666666,0.7195845021845914,CatBoost,CatBoost_2
270,SI_ref_16,C-Biochar,IBU,Synthetic,0.5555555555555556,0.7195845021845914,CatBoost,CatBoost_2
271,SI_ref_16,C-Biochar,IBU,Synthetic,0.6000000000000001,0.7195845021845914,CatBoost,CatBoost_2
272,SI_ref_16,C-Biochar,IBU,Synthetic,0.6000000000000001,0.6765429556530957,CatBoost,CatBoost_2
273,SI_ref_16,C-Biochar,IBU,Synthetic,0.6000000000000001,0.6765429556530957,CatBoost,CatBoost_2
274,SI_ref_16,C-Biochar,IBU,Synthetic,1.0666666666666667,0.6701125197044898,CatBoost,CatBoost_2
275,SI_ref_16,C-Biochar,IBU,Synthetic,0.5277777777777777,0.7195845021845914,CatBoost,CatBoost_2
276,SI_ref_16,C-Biochar,IBU,Synthetic,0.7,0.7195845021845914,CatBoost,CatBoost_2
277,SI_ref_16,C-Biochar,IBU,Synthetic,0.7844444444444444,0.7195845021845914,CatBoost,CatBoost_2
278,SI_ref_16,C-Biochar,IBU,Synthetic,0.8430555555555557,0.7195845021845914,CatBoost,CatBoost_2
279,SI_ref_16,C-Biochar,IBU,Synthetic,0.861111111111111,0.7195845021845914,CatBoost,CatBoost_2
875,SI_ref_13,PB600,IBU,Synthetic,0.7639925373134329,0.6491094881638223,CatBoost,CatBoost_2
876,SI_ref_13,PB600,IBU,Synthetic,0.7266791044776119,0.6402581686512595,CatBoost,CatBoost_2
877,SI_ref_13,PB600,IBU,Synthetic,0.7328980099502487,0.6098793942127824,CatBoost,CatBoost_2
878,SI_ref_13,PB600,IBU,Synthetic,0.7391169154228855,0.5783697673574977,CatBoost,CatBoost_2
879,SI_ref_13,PB600,IBU,Synthetic,0.6707089552238806,0.5516463979212438,CatBoost,CatBoost_2
880,SI_ref_13,PB600,IBU,Synthetic,0.5898631840796019,0.5356964621245264,CatBoost,CatBoost_2
881,SI_ref_13,PB600,IBU,Synthetic,0.2096102913356035,0.535642240883582,CatBoost,CatBoost_2
882,SI_ref_13,PB600,IBU,Synthetic,0.7328980099502488,0.5483756393365254,CatBoost,CatBoost_2
883,SI_ref_13,PB600,IBU,Synthetic,0.611373922124096,0.535642240883582,CatBoost,CatBoost_2
884,SI_ref_13,PB600,IBU,Synthetic,0.6847133757961785,0.535642240883582,CatBoost,CatBoost_2
885,SI_ref_13,PB600,IBU,Synthetic,0.4580645161290322,0.535642240883582,CatBoost,CatBoost_2
886,SI_ref_13,PB600,IBU,Synthetic,0.29347826086956524,0.535642240883582,CatBoost,CatBoost_2
887,SI_ref_13,PB600,IBU,Synthetic,0.5772919064058304,0.5074617390098346,CatBoost,CatBoost_2
888,SI_ref_13,PB600,IBU,Synthetic,0.5887993862677406,0.5074617390098346,CatBoost,CatBoost_2
889,SI_ref_13,PB600,IBU,Synthetic,0.7258796821793417,0.535642240883582,CatBoost,CatBoost_2
890,SI_ref_13,PB600,IBU,Synthetic,0.766427039979821,0.535642240883582,CatBoost,CatBoost_2
891,SI_ref_13,PB600,IBU,Synthetic,0.8162693908437383,0.535642240883582,CatBoost,CatBoost_2
892,SI_ref_13,PB600,IBU,Synthetic,0.8533052267445003,0.535642240883582,CatBoost,CatBoost_2
893,SI_ref_13,PB600,IBU,Synthetic,0.9327073552425663,0.5220276800454207,CatBoost,CatBoost_2
894,SI_ref_13,PB600,IBU,Synthetic,0.6275430359937403,0.5220276800454207,CatBoost,CatBoost_2
895,SI_ref_13,PB600,IBU,Synthetic,0.35367762128325514,0.5220276800454207,CatBoost,CatBoost_2
896,SI_ref_13,PB600,IBU,Synthetic,0.4798506002849601,0.5220276800454207,CatBoost,CatBoost_2
897,SI_ref_13,PB600,IBU,Synthetic,0.2754303599374022,0.5220276800454207,CatBoost,CatBoost_2
922,SI_ref_13,PB800,IBU,Synthetic,0.4560270602706027,0.5513185539621774,CatBoost,CatBoost_2
923,SI_ref_13,PB800,IBU,Synthetic,0.4252767527675277,0.5421222005394124,CatBoost,CatBoost_2
924,SI_ref_13,PB800,IBU,Synthetic,0.40067650676506766,0.5082396721144395,CatBoost,CatBoost_2
925,SI_ref_13,PB800,IBU,Synthetic,0.39145141451414517,0.48479947168246224,CatBoost,CatBoost_2
926,SI_ref_13,PB800,IBU,Synthetic,0.38837638376383765,0.4626906519822356,CatBoost,CatBoost_2
927,SI_ref_13,PB800,IBU,Synthetic,0.37915129151291516,0.45223961865313517,CatBoost,CatBoost_2
928,SI_ref_13,PB800,IBU,Synthetic,0.23013048635824437,0.45218539741219077,CatBoost,CatBoost_2
929,SI_ref_13,PB800,IBU,Synthetic,0.3126198695818949,0.46396336239189734,CatBoost,CatBoost_2
930,SI_ref_13,PB800,IBU,Synthetic,0.35520079622504414,0.45218539741219077,CatBoost,CatBoost_2
931,SI_ref_13,PB800,IBU,Synthetic,0.24946921443736733,0.45218539741219077,CatBoost,CatBoost_2
932,SI_ref_13,PB800,IBU,Synthetic,0.18924731182795698,0.45218539741219077,CatBoost,CatBoost_2
933,SI_ref_13,PB800,IBU,Synthetic,0.08514492753623189,0.45218539741219077,CatBoost,CatBoost_2
934,SI_ref_13,PB800,IBU,Synthetic,0.4392021480629075,0.4207675240422756,CatBoost,CatBoost_2
935,SI_ref_13,PB800,IBU,Synthetic,0.4238588415803605,0.4207675240422756,CatBoost,CatBoost_2
936,SI_ref_13,PB800,IBU,Synthetic,0.5142348754448398,0.45218539741219077,CatBoost,CatBoost_2
937,SI_ref_13,PB800,IBU,Synthetic,0.5523922499011468,0.45218539741219077,CatBoost,CatBoost_2
938,SI_ref_13,PB800,IBU,Synthetic,0.5686613285883748,0.45218539741219077,CatBoost,CatBoost_2
939,SI_ref_13,PB800,IBU,Synthetic,0.5875275377054737,0.45218539741219077,CatBoost,CatBoost_2
940,SI_ref_13,PB800,IBU,Synthetic,0.712022367194781,0.43365908433228745,CatBoost,CatBoost_2
941,SI_ref_13,PB800,IBU,Synthetic,0.5069897483690587,0.43365908433228745,CatBoost,CatBoost_2
942,SI_ref_13,PB800,IBU,Synthetic,0.31469400434917677,0.43365908433228745,CatBoost,CatBoost_2
943,SI_ref_13,PB800,IBU,Synthetic,0.22960794568575607,0.43365908433228745,CatBoost,CatBoost_2
944,SI_ref_13,PB800,IBU,Synthetic,0.10958005249343833,0.43365908433228745,CatBoost,CatBoost_2
1117,SI_ref_17,Pristine SCG biochar,EE2,Synthetic,0.9630524728687239,0.9636771498982808,CatBoost,CatBoost_2
1119,SI_ref_17,Pristine SCG biochar,EE2,Synthetic,0.9610835485312063,0.9561106826473182,CatBoost,CatBoost_2
1121,SI_ref_17,Pristine SCG biochar,EE2,Synthetic,0.9527872619203276,0.9295136767708877,CatBoost,CatBoost_2
1123,SI_ref_17,Pristine SCG biochar,EE2,Synthetic,0.9558259103687238,0.9189989222771271,CatBoost,CatBoost_2
1125,SI_ref_17,Pristine SCG biochar,EE2,Synthetic,0.9519368217180961,0.9137313433063436,CatBoost,CatBoost_2
1127,SI_ref_17,Pristine SCG biochar,EE2,Synthetic,0.9377852461427824,0.9133139612896566,CatBoost,CatBoost_2
1129,SI_ref_17,Pristine SCG biochar,EE2,Synthetic,0.9348668633411785,0.912308536615749,CatBoost,CatBoost_2
1131,SI_ref_17,Pristine SCG biochar,EE2,Synthetic,0.8111252475275296,0.8524489199743877,CatBoost,CatBoost_2
1133,SI_ref_17,Pristine SCG biochar,EE2,Synthetic,0.8609155049620831,0.901755178085274,CatBoost,CatBoost_2
1135,SI_ref_17,Pristine SCG biochar,EE2,Synthetic,0.8239304667585977,0.901755178085274,CatBoost,CatBoost_2
1137,SI_ref_17,Pristine SCG biochar,EE2,Synthetic,0.8257334628724249,0.901755178085274,CatBoost,CatBoost_2
1139,SI_ref_17,Pristine SCG biochar,EE2,Synthetic,0.8269992896243368,0.901755178085274,CatBoost,CatBoost_2
1141,SI_ref_17,Pristine SCG biochar,EE2,Synthetic,0.8244509213990222,0.901755178085274,CatBoost,CatBoost_2
1143,SI_ref_17,Pristine SCG biochar,EE2,Synthetic,0.8163766662487987,0.901755178085274,CatBoost,CatBoost_2
1145,SI_ref_17,Pristine SCG biochar,EE2,Synthetic,0.981137644940341,0.9131062322989917,CatBoost,CatBoost_2
1147,SI_ref_17,Pristine SCG biochar,EE2,Synthetic,0.8965862728271835,0.901755178085274,CatBoost,CatBoost_2
1149,SI_ref_17,Pristine SCG biochar,EE2,Synthetic,0.9030676738865168,0.901755178085274,CatBoost,CatBoost_2
1151,SI_ref_17,Pristine SCG biochar,EE2,Synthetic,0.886080261818485,0.901755178085274,CatBoost,CatBoost_2
1153,SI_ref_17,Pristine SCG biochar,EE2,Synthetic,0.8949069839273535,0.901755178085274,CatBoost,CatBoost_2
1155,SI_ref_17,Pristine SCG biochar,EE2,Synthetic,0.8378189552043488,0.901755178085274,CatBoost,CatBoost_2
1157,SI_ref_17,Pristine SCG biochar,IBU,Synthetic,0.9060511140454979,0.9600578145416436,CatBoost,CatBoost_2
1159,SI_ref_17,Pristine SCG biochar,IBU,Synthetic,0.9004320791615827,0.9524913472906811,CatBoost,CatBoost_2
1161,SI_ref_17,Pristine SCG biochar,IBU,Synthetic,0.894961472244973,0.9340244365625356,CatBoost,CatBoost_2
1163,SI_ref_17,Pristine SCG biochar,IBU,Synthetic,0.8949151720794959,0.9239074173036714,CatBoost,CatBoost_2
1165,SI_ref_17,Pristine SCG biochar,IBU,Synthetic,0.892599829508416,0.9205924785939874,CatBoost,CatBoost_2
1167,SI_ref_17,Pristine SCG biochar,IBU,Synthetic,0.8914167516338777,0.9201750965773003,CatBoost,CatBoost_2
1169,SI_ref_17,Pristine SCG biochar,IBU,Synthetic,0.886841225533622,0.9199111406649718,CatBoost,CatBoost_2
1171,SI_ref_17,Pristine SCG biochar,IBU,Synthetic,0.8055661914208297,0.8608621683316129,CatBoost,CatBoost_2
1173,SI_ref_17,Pristine SCG biochar,IBU,Synthetic,0.9319085004678631,0.9223965803044811,CatBoost,CatBoost_2
1175,SI_ref_17,Pristine SCG biochar,IBU,Synthetic,0.9111084458291452,0.9223965803044811,CatBoost,CatBoost_2
1177,SI_ref_17,Pristine SCG biochar,IBU,Synthetic,0.9162887928675453,0.9223965803044811,CatBoost,CatBoost_2
1179,SI_ref_17,Pristine SCG biochar,IBU,Synthetic,0.9142212192930818,0.9223965803044811,CatBoost,CatBoost_2
1181,SI_ref_17,Pristine SCG biochar,IBU,Synthetic,0.9090486144760851,0.9223965803044811,CatBoost,CatBoost_2
1183,SI_ref_17,Pristine SCG biochar,IBU,Synthetic,0.9114748664800524,0.9223965803044811,CatBoost,CatBoost_2
1185,SI_ref_17,Pristine SCG biochar,IBU,Synthetic,0.93372158594911,0.9291638218809035,CatBoost,CatBoost_2
1187,SI_ref_17,Pristine SCG biochar,IBU,Synthetic,0.9448963419259283,0.9223965803044811,CatBoost,CatBoost_2
1189,SI_ref_17,Pristine SCG biochar,IBU,Synthetic,0.9210277046979152,0.9223965803044811,CatBoost,CatBoost_2
1191,SI_ref_17,Pristine SCG biochar,IBU,Synthetic,0.9513456586569363,0.9223965803044811,CatBoost,CatBoost_2
1193,SI_ref_17,Pristine SCG biochar,IBU,Synthetic,0.9310638115047126,0.9223965803044811,CatBoost,CatBoost_2
1195,SI_ref_17,Pristine SCG biochar,IBU,Synthetic,0.9376778036385122,0.9223965803044811,CatBoost,CatBoost_2
155,SI_ref_17,Alkali-modified SCG biochars,EE2,Synthetic,0.281684429186895,0.3278070590505018,DecisionTree,DecisionTree_2
157,SI_ref_17,Alkali-modified SCG biochars,EE2,Synthetic,0.1736546812353491,0.3278070590505018,DecisionTree,DecisionTree_2
159,SI_ref_17,Alkali-modified SCG biochars,EE2,Synthetic,0.0890939833732563,0.1893113142450063,DecisionTree,DecisionTree_2
161,SI_ref_17,Alkali-modified SCG biochars,EE2,Synthetic,0.0719303611000807,0.1893113142450063,DecisionTree,DecisionTree_2
163,SI_ref_17,Alkali-modified SCG biochars,EE2,Synthetic,0.06892444951131721,0.1893113142450063,DecisionTree,DecisionTree_2
165,SI_ref_17,Alkali-modified SCG biochars,EE2,Synthetic,0.06161971981332274,0.1893113142450063,DecisionTree,DecisionTree_2
167,SI_ref_17,Alkali-modified SCG biochars,EE2,Synthetic,0.06227375203350968,0.1893113142450063,DecisionTree,DecisionTree_2
169,SI_ref_17,Alkali-modified SCG biochars,EE2,Synthetic,0.013530055813574512,0.1893113142450063,DecisionTree,DecisionTree_2
171,SI_ref_17,Alkali-modified SCG biochars,EE2,Synthetic,0.09051861058315946,0.1893113142450063,DecisionTree,DecisionTree_2
178,SI_ref_17,Alkali-modified SCG biochars,EE2,Synthetic,0.053215646133789624,0.1893113142450063,DecisionTree,DecisionTree_2
180,SI_ref_17,Alkali-modified SCG biochars,EE2,Synthetic,0.2279548813058391,0.1893113142450063,DecisionTree,DecisionTree_2
182,SI_ref_17,Alkali-modified SCG biochars,EE2,Synthetic,0.3168155258198777,0.1893113142450063,DecisionTree,DecisionTree_2
184,SI_ref_17,Alkali-modified SCG biochars,EE2,Synthetic,0.4518596548311438,0.1893113142450063,DecisionTree,DecisionTree_2
186,SI_ref_17,Alkali-modified SCG biochars,EE2,Synthetic,0.5444612813197839,0.1893113142450063,DecisionTree,DecisionTree_2
188,SI_ref_17,Alkali-modified SCG biochars,EE2,Synthetic,0.6153689348029446,0.1893113142450063,DecisionTree,DecisionTree_2
190,SI_ref_17,Alkali-modified SCG biochars,IBU,Synthetic,0.22674008618295227,0.658404694299589,DecisionTree,DecisionTree_2
192,SI_ref_17,Alkali-modified SCG biochars,IBU,Synthetic,0.18762987622773672,0.5603888192627763,DecisionTree,DecisionTree_2
194,SI_ref_17,Alkali-modified SCG biochars,IBU,Synthetic,0.0964989432139522,0.3900485363745271,DecisionTree,DecisionTree_2
196,SI_ref_17,Alkali-modified SCG biochars,IBU,Synthetic,0.056403766337859394,0.3900485363745271,DecisionTree,DecisionTree_2
198,SI_ref_17,Alkali-modified SCG biochars,IBU,Synthetic,0.04365646649895644,0.3900485363745271,DecisionTree,DecisionTree_2
200,SI_ref_17,Alkali-modified SCG biochars,IBU,Synthetic,0.05275302685215311,0.3900485363745271,DecisionTree,DecisionTree_2
202,SI_ref_17,Alkali-modified SCG biochars,IBU,Synthetic,0.051463060103218494,0.3900485363745271,DecisionTree,DecisionTree_2
204,SI_ref_17,Alkali-modified SCG biochars,IBU,Synthetic,0.0020992565231803756,0.3900485363745271,DecisionTree,DecisionTree_2
206,SI_ref_17,Alkali-modified SCG biochars,IBU,Synthetic,0.05901922048526246,0.3900485363745271,DecisionTree,DecisionTree_2
208,SI_ref_17,Alkali-modified SCG biochars,IBU,Synthetic,0.12337327274312365,0.3900485363745271,DecisionTree,DecisionTree_2
210,SI_ref_17,Alkali-modified SCG biochars,IBU,Synthetic,0.09406602807201081,0.3900485363745271,DecisionTree,DecisionTree_2
212,SI_ref_17,Alkali-modified SCG biochars,IBU,Synthetic,0.09483947953445797,0.3900485363745271,DecisionTree,DecisionTree_2
214,SI_ref_17,Alkali-modified SCG biochars,IBU,Synthetic,0.10723758772503378,0.3900485363745271,DecisionTree,DecisionTree_2
216,SI_ref_17,Alkali-modified SCG biochars,IBU,Synthetic,0.10107027265594352,0.3900485363745271,DecisionTree,DecisionTree_2
218,SI_ref_17,Alkali-modified SCG biochars,IBU,Synthetic,0.30424911735147564,0.3900485363745271,DecisionTree,DecisionTree_2
220,SI_ref_17,Alkali-modified SCG biochars,IBU,Synthetic,0.004839210099114782,0.3900485363745271,DecisionTree,DecisionTree_2
222,SI_ref_17,Alkali-modified SCG biochars,IBU,Synthetic,0.04374442489311713,0.3900485363745271,DecisionTree,DecisionTree_2
224,SI_ref_17,Alkali-modified SCG biochars,IBU,Synthetic,0.2945083196339574,0.3900485363745271,DecisionTree,DecisionTree_2
226,SI_ref_17,Alkali-modified SCG biochars,IBU,Synthetic,0.44148324888836815,0.3900485363745271,DecisionTree,DecisionTree_2
228,SI_ref_17,Alkali-modified SCG biochars,IBU,Synthetic,0.5342365334838785,0.3900485363745271,DecisionTree,DecisionTree_2
263,SI_ref_16,C-Biochar,IBU,Synthetic,0.5333333333333333,0.7839240113553839,DecisionTree,DecisionTree_2
264,SI_ref_16,C-Biochar,IBU,Synthetic,0.7333333333333333,0.7839240113553839,DecisionTree,DecisionTree_2
265,SI_ref_16,C-Biochar,IBU,Synthetic,0.6000000000000001,0.7839240113553839,DecisionTree,DecisionTree_2
266,SI_ref_16,C-Biochar,IBU,Synthetic,0.6121212121212122,0.7839240113553839,DecisionTree,DecisionTree_2
267,SI_ref_16,C-Biochar,IBU,Synthetic,0.7333333333333333,0.7839240113553839,DecisionTree,DecisionTree_2
268,SI_ref_16,C-Biochar,IBU,Synthetic,0.5333333333333333,0.7839240113553839,DecisionTree,DecisionTree_2
269,SI_ref_16,C-Biochar,IBU,Synthetic,0.4666666666666666,0.7839240113553839,DecisionTree,DecisionTree_2
270,SI_ref_16,C-Biochar,IBU,Synthetic,0.5555555555555556,0.7839240113553839,DecisionTree,DecisionTree_2
271,SI_ref_16,C-Biochar,IBU,Synthetic,0.6000000000000001,0.7839240113553839,DecisionTree,DecisionTree_2
272,SI_ref_16,C-Biochar,IBU,Synthetic,0.6000000000000001,0.7839240113553839,DecisionTree,DecisionTree_2
273,SI_ref_16,C-Biochar,IBU,Synthetic,0.6000000000000001,0.7839240113553839,DecisionTree,DecisionTree_2
274,SI_ref_16,C-Biochar,IBU,Synthetic,1.0666666666666667,0.7839240113553839,DecisionTree,DecisionTree_2
275,SI_ref_16,C-Biochar,IBU,Synthetic,0.5277777777777777,0.7839240113553839,DecisionTree,DecisionTree_2
276,SI_ref_16,C-Biochar,IBU,Synthetic,0.7,0.7839240113553839,DecisionTree,DecisionTree_2
277,SI_ref_16,C-Biochar,IBU,Synthetic,0.7844444444444444,0.7839240113553839,DecisionTree,DecisionTree_2
278,SI_ref_16,C-Biochar,IBU,Synthetic,0.8430555555555557,0.7839240113553839,DecisionTree,DecisionTree_2
279,SI_ref_16,C-Biochar,IBU,Synthetic,0.861111111111111,0.7839240113553839,DecisionTree,DecisionTree_2
875,SI_ref_13,PB600,IBU,Synthetic,0.7639925373134329,0.6635091594468491,DecisionTree,DecisionTree_2
876,SI_ref_13,PB600,IBU,Synthetic,0.7266791044776119,0.6635091594468491,DecisionTree,DecisionTree_2
877,SI_ref_13,PB600,IBU,Synthetic,0.7328980099502487,0.6635091594468491,DecisionTree,DecisionTree_2
878,SI_ref_13,PB600,IBU,Synthetic,0.7391169154228855,0.4888537847497162,DecisionTree,DecisionTree_2
879,SI_ref_13,PB600,IBU,Synthetic,0.6707089552238806,0.4888537847497162,DecisionTree,DecisionTree_2
880,SI_ref_13,PB600,IBU,Synthetic,0.5898631840796019,0.4888537847497162,DecisionTree,DecisionTree_2
881,SI_ref_13,PB600,IBU,Synthetic,0.2096102913356035,0.4888537847497162,DecisionTree,DecisionTree_2
882,SI_ref_13,PB600,IBU,Synthetic,0.7328980099502488,0.4888537847497162,DecisionTree,DecisionTree_2
883,SI_ref_13,PB600,IBU,Synthetic,0.611373922124096,0.4888537847497162,DecisionTree,DecisionTree_2
884,SI_ref_13,PB600,IBU,Synthetic,0.6847133757961785,0.4888537847497162,DecisionTree,DecisionTree_2
885,SI_ref_13,PB600,IBU,Synthetic,0.4580645161290322,0.4888537847497162,DecisionTree,DecisionTree_2
886,SI_ref_13,PB600,IBU,Synthetic,0.29347826086956524,0.4888537847497162,DecisionTree,DecisionTree_2
887,SI_ref_13,PB600,IBU,Synthetic,0.5772919064058304,0.4888537847497162,DecisionTree,DecisionTree_2
888,SI_ref_13,PB600,IBU,Synthetic,0.5887993862677406,0.4888537847497162,DecisionTree,DecisionTree_2
889,SI_ref_13,PB600,IBU,Synthetic,0.7258796821793417,0.4888537847497162,DecisionTree,DecisionTree_2
890,SI_ref_13,PB600,IBU,Synthetic,0.766427039979821,0.4888537847497162,DecisionTree,DecisionTree_2
891,SI_ref_13,PB600,IBU,Synthetic,0.8162693908437383,0.4888537847497162,DecisionTree,DecisionTree_2
892,SI_ref_13,PB600,IBU,Synthetic,0.8533052267445003,0.4888537847497162,DecisionTree,DecisionTree_2
893,SI_ref_13,PB600,IBU,Synthetic,0.9327073552425663,0.4888537847497162,DecisionTree,DecisionTree_2
894,SI_ref_13,PB600,IBU,Synthetic,0.6275430359937403,0.4888537847497162,DecisionTree,DecisionTree_2
895,SI_ref_13,PB600,IBU,Synthetic,0.35367762128325514,0.4888537847497162,DecisionTree,DecisionTree_2
896,SI_ref_13,PB600,IBU,Synthetic,0.4798506002849601,0.4888537847497162,DecisionTree,DecisionTree_2
897,SI_ref_13,PB600,IBU,Synthetic,0.2754303599374022,0.4888537847497162,DecisionTree,DecisionTree_2
922,SI_ref_13,PB800,IBU,Synthetic,0.4560270602706027,0.658404694299589,DecisionTree,DecisionTree_2
923,SI_ref_13,PB800,IBU,Synthetic,0.4252767527675277,0.5603888192627763,DecisionTree,DecisionTree_2
924,SI_ref_13,PB800,IBU,Synthetic,0.40067650676506766,0.3900485363745271,DecisionTree,DecisionTree_2
925,SI_ref_13,PB800,IBU,Synthetic,0.39145141451414517,0.3900485363745271,DecisionTree,DecisionTree_2
926,SI_ref_13,PB800,IBU,Synthetic,0.38837638376383765,0.3900485363745271,DecisionTree,DecisionTree_2
927,SI_ref_13,PB800,IBU,Synthetic,0.37915129151291516,0.3900485363745271,DecisionTree,DecisionTree_2
928,SI_ref_13,PB800,IBU,Synthetic,0.23013048635824437,0.3900485363745271,DecisionTree,DecisionTree_2
929,SI_ref_13,PB800,IBU,Synthetic,0.3126198695818949,0.3900485363745271,DecisionTree,DecisionTree_2
930,SI_ref_13,PB800,IBU,Synthetic,0.35520079622504414,0.3900485363745271,DecisionTree,DecisionTree_2
931,SI_ref_13,PB800,IBU,Synthetic,0.24946921443736733,0.3900485363745271,DecisionTree,DecisionTree_2
932,SI_ref_13,PB800,IBU,Synthetic,0.18924731182795698,0.3900485363745271,DecisionTree,DecisionTree_2
933,SI_ref_13,PB800,IBU,Synthetic,0.08514492753623189,0.3900485363745271,DecisionTree,DecisionTree_2
934,SI_ref_13,PB800,IBU,Synthetic,0.4392021480629075,0.3900485363745271,DecisionTree,DecisionTree_2
935,SI_ref_13,PB800,IBU,Synthetic,0.4238588415803605,0.3900485363745271,DecisionTree,DecisionTree_2
936,SI_ref_13,PB800,IBU,Synthetic,0.5142348754448398,0.3900485363745271,DecisionTree,DecisionTree_2
937,SI_ref_13,PB800,IBU,Synthetic,0.5523922499011468,0.3900485363745271,DecisionTree,DecisionTree_2
938,SI_ref_13,PB800,IBU,Synthetic,0.5686613285883748,0.3900485363745271,DecisionTree,DecisionTree_2
939,SI_ref_13,PB800,IBU,Synthetic,0.5875275377054737,0.3900485363745271,DecisionTree,DecisionTree_2
940,SI_ref_13,PB800,IBU,Synthetic,0.712022367194781,0.3900485363745271,DecisionTree,DecisionTree_2
941,SI_ref_13,PB800,IBU,Synthetic,0.5069897483690587,0.3900485363745271,DecisionTree,DecisionTree_2
942,SI_ref_13,PB800,IBU,Synthetic,0.31469400434917677,0.3900485363745271,DecisionTree,DecisionTree_2
943,SI_ref_13,PB800,IBU,Synthetic,0.22960794568575607,0.3900485363745271,DecisionTree,DecisionTree_2
944,SI_ref_13,PB800,IBU,Synthetic,0.10958005249343833,0.3900485363745271,DecisionTree,DecisionTree_2
1117,SI_ref_17,Pristine SCG biochar,EE2,Synthetic,0.9630524728687239,0.9359547922408344,DecisionTree,DecisionTree_2
1119,SI_ref_17,Pristine SCG biochar,EE2,Synthetic,0.9610835485312063,0.9359547922408344,DecisionTree,DecisionTree_2
1121,SI_ref_17,Pristine SCG biochar,EE2,Synthetic,0.9527872619203276,0.9359547922408344,DecisionTree,DecisionTree_2
1123,SI_ref_17,Pristine SCG biochar,EE2,Synthetic,0.9558259103687238,0.8840853898606779,DecisionTree,DecisionTree_2
1125,SI_ref_17,Pristine SCG biochar,EE2,Synthetic,0.9519368217180961,0.8840853898606779,DecisionTree,DecisionTree_2
1127,SI_ref_17,Pristine SCG biochar,EE2,Synthetic,0.9377852461427824,0.8840853898606779,DecisionTree,DecisionTree_2
1129,SI_ref_17,Pristine SCG biochar,EE2,Synthetic,0.9348668633411785,0.8840853898606779,DecisionTree,DecisionTree_2
1131,SI_ref_17,Pristine SCG biochar,EE2,Synthetic,0.8111252475275296,0.8572684182268954,DecisionTree,DecisionTree_2
1133,SI_ref_17,Pristine SCG biochar,EE2,Synthetic,0.8609155049620831,0.8572684182268954,DecisionTree,DecisionTree_2
1135,SI_ref_17,Pristine SCG biochar,EE2,Synthetic,0.8239304667585977,0.8572684182268954,DecisionTree,DecisionTree_2
1137,SI_ref_17,Pristine SCG biochar,EE2,Synthetic,0.8257334628724249,0.8572684182268954,DecisionTree,DecisionTree_2
1139,SI_ref_17,Pristine SCG biochar,EE2,Synthetic,0.8269992896243368,0.8572684182268954,DecisionTree,DecisionTree_2
1141,SI_ref_17,Pristine SCG biochar,EE2,Synthetic,0.8244509213990222,0.8572684182268954,DecisionTree,DecisionTree_2
1143,SI_ref_17,Pristine SCG biochar,EE2,Synthetic,0.8163766662487987,0.8572684182268954,DecisionTree,DecisionTree_2
1145,SI_ref_17,Pristine SCG biochar,EE2,Synthetic,0.981137644940341,0.8572684182268954,DecisionTree,DecisionTree_2
1147,SI_ref_17,Pristine SCG biochar,EE2,Synthetic,0.8965862728271835,0.8572684182268954,DecisionTree,DecisionTree_2
1149,SI_ref_17,Pristine SCG biochar,EE2,Synthetic,0.9030676738865168,0.8572684182268954,DecisionTree,DecisionTree_2
1151,SI_ref_17,Pristine SCG biochar,EE2,Synthetic,0.886080261818485,0.8572684182268954,DecisionTree,DecisionTree_2
1153,SI_ref_17,Pristine SCG biochar,EE2,Synthetic,0.8949069839273535,0.8572684182268954,DecisionTree,DecisionTree_2
1155,SI_ref_17,Pristine SCG biochar,EE2,Synthetic,0.8378189552043488,0.8572684182268954,DecisionTree,DecisionTree_2
1157,SI_ref_17,Pristine SCG biochar,IBU,Synthetic,0.9060511140454979,0.9245720852735687,DecisionTree,DecisionTree_2
1159,SI_ref_17,Pristine SCG biochar,IBU,Synthetic,0.9004320791615827,0.9245720852735687,DecisionTree,DecisionTree_2
1161,SI_ref_17,Pristine SCG biochar,IBU,Synthetic,0.894961472244973,0.9245720852735687,DecisionTree,DecisionTree_2
1163,SI_ref_17,Pristine SCG biochar,IBU,Synthetic,0.8949151720794959,0.9245720852735687,DecisionTree,DecisionTree_2
1165,SI_ref_17,Pristine SCG biochar,IBU,Synthetic,0.892599829508416,0.9245720852735687,DecisionTree,DecisionTree_2
1167,SI_ref_17,Pristine SCG biochar,IBU,Synthetic,0.8914167516338777,0.9245720852735687,DecisionTree,DecisionTree_2
1169,SI_ref_17,Pristine SCG biochar,IBU,Synthetic,0.886841225533622,0.9245720852735687,DecisionTree,DecisionTree_2
1171,SI_ref_17,Pristine SCG biochar,IBU,Synthetic,0.8055661914208297,0.8497271765349651,DecisionTree,DecisionTree_2
1173,SI_ref_17,Pristine SCG biochar,IBU,Synthetic,0.9319085004678631,0.9178313587911463,DecisionTree,DecisionTree_2
1175,SI_ref_17,Pristine SCG biochar,IBU,Synthetic,0.9111084458291452,0.9178313587911463,DecisionTree,DecisionTree_2
1177,SI_ref_17,Pristine SCG biochar,IBU,Synthetic,0.9162887928675453,0.9178313587911463,DecisionTree,DecisionTree_2
1179,SI_ref_17,Pristine SCG biochar,IBU,Synthetic,0.9142212192930818,0.9178313587911463,DecisionTree,DecisionTree_2
1181,SI_ref_17,Pristine SCG biochar,IBU,Synthetic,0.9090486144760851,0.9178313587911463,DecisionTree,DecisionTree_2
1183,SI_ref_17,Pristine SCG biochar,IBU,Synthetic,0.9114748664800524,0.9178313587911463,DecisionTree,DecisionTree_2
1185,SI_ref_17,Pristine SCG biochar,IBU,Synthetic,0.93372158594911,0.9178313587911463,DecisionTree,DecisionTree_2
1187,SI_ref_17,Pristine SCG biochar,IBU,Synthetic,0.9448963419259283,0.9178313587911463,DecisionTree,DecisionTree_2
1189,SI_ref_17,Pristine SCG biochar,IBU,Synthetic,0.9210277046979152,0.9178313587911463,DecisionTree,DecisionTree_2
1191,SI_ref_17,Pristine SCG biochar,IBU,Synthetic,0.9513456586569363,0.9178313587911463,DecisionTree,DecisionTree_2
1193,SI_ref_17,Pristine SCG biochar,IBU,Synthetic,0.9310638115047126,0.9178313587911463,DecisionTree,DecisionTree_2
1195,SI_ref_17,Pristine SCG biochar,IBU,Synthetic,0.9376778036385122,0.9178313587911463,DecisionTree,DecisionTree_2
155,SI_ref_17,Alkali-modified SCG biochars,EE2,Synthetic,0.281684429186895,0.42751145898076703,ElasticNet,ElasticNet_2
157,SI_ref_17,Alkali-modified SCG biochars,EE2,Synthetic,0.1736546812353491,0.4157421435381946,ElasticNet,ElasticNet_2
159,SI_ref_17,Alkali-modified SCG biochars,EE2,Synthetic,0.0890939833732563,0.3968311782341088,ElasticNet,ElasticNet_2
161,SI_ref_17,Alkali-modified SCG biochars,EE2,Synthetic,0.0719303611000807,0.3848272322412435,ElasticNet,ElasticNet_2
163,SI_ref_17,Alkali-modified SCG biochars,EE2,Synthetic,0.06892444951131721,0.37779330072178824,ElasticNet,ElasticNet_2
165,SI_ref_17,Alkali-modified SCG biochars,EE2,Synthetic,0.06161971981332274,0.3727992872234418,ElasticNet,ElasticNet_2
167,SI_ref_17,Alkali-modified SCG biochars,EE2,Synthetic,0.06227375203350968,0.3678032669860213,ElasticNet,ElasticNet_2
169,SI_ref_17,Alkali-modified SCG biochars,EE2,Synthetic,0.013530055813574512,0.3357447246444362,ElasticNet,ElasticNet_2
171,SI_ref_17,Alkali-modified SCG biochars,EE2,Synthetic,0.09051861058315946,0.3607593052437902,ElasticNet,ElasticNet_2
178,SI_ref_17,Alkali-modified SCG biochars,EE2,Synthetic,0.053215646133789624,0.3857738858431442,ElasticNet,ElasticNet_2
180,SI_ref_17,Alkali-modified SCG biochars,EE2,Synthetic,0.2279548813058391,0.3607593052437902,ElasticNet,ElasticNet_2
182,SI_ref_17,Alkali-modified SCG biochars,EE2,Synthetic,0.3168155258198777,0.3607593052437902,ElasticNet,ElasticNet_2
184,SI_ref_17,Alkali-modified SCG biochars,EE2,Synthetic,0.4518596548311438,0.3607593052437902,ElasticNet,ElasticNet_2
186,SI_ref_17,Alkali-modified SCG biochars,EE2,Synthetic,0.5444612813197839,0.3607593052437902,ElasticNet,ElasticNet_2
188,SI_ref_17,Alkali-modified SCG biochars,EE2,Synthetic,0.6153689348029446,0.3607593052437902,ElasticNet,ElasticNet_2
190,SI_ref_17,Alkali-modified SCG biochars,IBU,Synthetic,0.22674008618295227,0.4844586569284177,ElasticNet,ElasticNet_2
192,SI_ref_17,Alkali-modified SCG biochars,IBU,Synthetic,0.18762987622773672,0.4726893414858453,ElasticNet,ElasticNet_2
194,SI_ref_17,Alkali-modified SCG biochars,IBU,Synthetic,0.0964989432139522,0.45377837618175954,ElasticNet,ElasticNet_2
196,SI_ref_17,Alkali-modified SCG biochars,IBU,Synthetic,0.056403766337859394,0.4417744301888942,ElasticNet,ElasticNet_2
198,SI_ref_17,Alkali-modified SCG biochars,IBU,Synthetic,0.04365646649895644,0.434740498669439,ElasticNet,ElasticNet_2
200,SI_ref_17,Alkali-modified SCG biochars,IBU,Synthetic,0.05275302685215311,0.4297464851710925,ElasticNet,ElasticNet_2
202,SI_ref_17,Alkali-modified SCG biochars,IBU,Synthetic,0.051463060103218494,0.42475046493367197,ElasticNet,ElasticNet_2
204,SI_ref_17,Alkali-modified SCG biochars,IBU,Synthetic,0.0020992565231803756,0.3926919225920869,ElasticNet,ElasticNet_2
206,SI_ref_17,Alkali-modified SCG biochars,IBU,Synthetic,0.05901922048526246,0.41770650319144087,ElasticNet,ElasticNet_2
208,SI_ref_17,Alkali-modified SCG biochars,IBU,Synthetic,0.12337327274312365,0.41770650319144087,ElasticNet,ElasticNet_2
210,SI_ref_17,Alkali-modified SCG biochars,IBU,Synthetic,0.09406602807201081,0.41770650319144087,ElasticNet,ElasticNet_2
212,SI_ref_17,Alkali-modified SCG biochars,IBU,Synthetic,0.09483947953445797,0.41770650319144087,ElasticNet,ElasticNet_2
214,SI_ref_17,Alkali-modified SCG biochars,IBU,Synthetic,0.10723758772503378,0.41770650319144087,ElasticNet,ElasticNet_2
216,SI_ref_17,Alkali-modified SCG biochars,IBU,Synthetic,0.10107027265594352,0.41770650319144087,ElasticNet,ElasticNet_2
218,SI_ref_17,Alkali-modified SCG biochars,IBU,Synthetic,0.30424911735147564,0.4427210837907949,ElasticNet,ElasticNet_2
220,SI_ref_17,Alkali-modified SCG biochars,IBU,Synthetic,0.004839210099114782,0.41770650319144087,ElasticNet,ElasticNet_2
222,SI_ref_17,Alkali-modified SCG biochars,IBU,Synthetic,0.04374442489311713,0.41770650319144087,ElasticNet,ElasticNet_2
224,SI_ref_17,Alkali-modified SCG biochars,IBU,Synthetic,0.2945083196339574,0.41770650319144087,ElasticNet,ElasticNet_2
226,SI_ref_17,Alkali-modified SCG biochars,IBU,Synthetic,0.44148324888836815,0.41770650319144087,ElasticNet,ElasticNet_2
228,SI_ref_17,Alkali-modified SCG biochars,IBU,Synthetic,0.5342365334838785,0.41770650319144087,ElasticNet,ElasticNet_2
263,SI_ref_16,C-Biochar,IBU,Synthetic,0.5333333333333333,0.6928522189122732,ElasticNet,ElasticNet_2
264,SI_ref_16,C-Biochar,IBU,Synthetic,0.7333333333333333,0.7053595092119501,ElasticNet,ElasticNet_2
265,SI_ref_16,C-Biochar,IBU,Synthetic,0.6000000000000001,0.7274671104005571,ElasticNet,ElasticNet_2
266,SI_ref_16,C-Biochar,IBU,Synthetic,0.6121212121212122,0.7178667995116271,ElasticNet,ElasticNet_2
267,SI_ref_16,C-Biochar,IBU,Synthetic,0.7333333333333333,0.7178667995116271,ElasticNet,ElasticNet_2
268,SI_ref_16,C-Biochar,IBU,Synthetic,0.5333333333333333,0.7178667995116271,ElasticNet,ElasticNet_2
269,SI_ref_16,C-Biochar,IBU,Synthetic,0.4666666666666666,0.7178667995116271,ElasticNet,ElasticNet_2
270,SI_ref_16,C-Biochar,IBU,Synthetic,0.5555555555555556,0.7178667995116271,ElasticNet,ElasticNet_2
271,SI_ref_16,C-Biochar,IBU,Synthetic,0.6000000000000001,0.7178667995116271,ElasticNet,ElasticNet_2
272,SI_ref_16,C-Biochar,IBU,Synthetic,0.6000000000000001,0.7082664886226973,ElasticNet,ElasticNet_2
273,SI_ref_16,C-Biochar,IBU,Synthetic,0.6000000000000001,0.6986661777337673,ElasticNet,ElasticNet_2
274,SI_ref_16,C-Biochar,IBU,Synthetic,1.0666666666666667,0.7303740898113041,ElasticNet,ElasticNet_2
275,SI_ref_16,C-Biochar,IBU,Synthetic,0.5277777777777777,0.7178667995116271,ElasticNet,ElasticNet_2
276,SI_ref_16,C-Biochar,IBU,Synthetic,0.7,0.7178667995116271,ElasticNet,ElasticNet_2
277,SI_ref_16,C-Biochar,IBU,Synthetic,0.7844444444444444,0.7178667995116271,ElasticNet,ElasticNet_2
278,SI_ref_16,C-Biochar,IBU,Synthetic,0.8430555555555557,0.7178667995116271,ElasticNet,ElasticNet_2
279,SI_ref_16,C-Biochar,IBU,Synthetic,0.861111111111111,0.7178667995116271,ElasticNet,ElasticNet_2
875,SI_ref_13,PB600,IBU,Synthetic,0.7639925373134329,0.816998575999026,ElasticNet,ElasticNet_2
876,SI_ref_13,PB600,IBU,Synthetic,0.7266791044776119,0.8052292605564536,ElasticNet,ElasticNet_2
877,SI_ref_13,PB600,IBU,Synthetic,0.7328980099502487,0.7933203237201658,ElasticNet,ElasticNet_2
878,SI_ref_13,PB600,IBU,Synthetic,0.7391169154228855,0.7863182952523678,ElasticNet,ElasticNet_2
879,SI_ref_13,PB600,IBU,Synthetic,0.6707089552238806,0.7743143492595025,ElasticNet,ElasticNet_2
880,SI_ref_13,PB600,IBU,Synthetic,0.5898631840796019,0.7672804177400473,ElasticNet,ElasticNet_2
881,SI_ref_13,PB600,IBU,Synthetic,0.2096102913356035,0.7622864042417008,ElasticNet,ElasticNet_2
882,SI_ref_13,PB600,IBU,Synthetic,0.7328980099502488,0.7718867151306308,ElasticNet,ElasticNet_2
883,SI_ref_13,PB600,IBU,Synthetic,0.611373922124096,0.7622864042417008,ElasticNet,ElasticNet_2
884,SI_ref_13,PB600,IBU,Synthetic,0.6847133757961785,0.7622864042417008,ElasticNet,ElasticNet_2
885,SI_ref_13,PB600,IBU,Synthetic,0.4580645161290322,0.7622864042417008,ElasticNet,ElasticNet_2
886,SI_ref_13,PB600,IBU,Synthetic,0.29347826086956524,0.7622864042417008,ElasticNet,ElasticNet_2
887,SI_ref_13,PB600,IBU,Synthetic,0.5772919064058304,0.7526860933527709,ElasticNet,ElasticNet_2
888,SI_ref_13,PB600,IBU,Synthetic,0.5887993862677406,0.7430857824638409,ElasticNet,ElasticNet_2
889,SI_ref_13,PB600,IBU,Synthetic,0.7258796821793417,0.7622864042417008,ElasticNet,ElasticNet_2
890,SI_ref_13,PB600,IBU,Synthetic,0.766427039979821,0.7622864042417008,ElasticNet,ElasticNet_2
891,SI_ref_13,PB600,IBU,Synthetic,0.8162693908437383,0.7622864042417008,ElasticNet,ElasticNet_2
892,SI_ref_13,PB600,IBU,Synthetic,0.8533052267445003,0.7622864042417008,ElasticNet,ElasticNet_2
893,SI_ref_13,PB600,IBU,Synthetic,0.9327073552425663,0.7502464222620493,ElasticNet,ElasticNet_2
894,SI_ref_13,PB600,IBU,Synthetic,0.6275430359937403,0.7502464222620493,ElasticNet,ElasticNet_2
895,SI_ref_13,PB600,IBU,Synthetic,0.35367762128325514,0.7502464222620493,ElasticNet,ElasticNet_2
896,SI_ref_13,PB600,IBU,Synthetic,0.4798506002849601,0.7502464222620493,ElasticNet,ElasticNet_2
897,SI_ref_13,PB600,IBU,Synthetic,0.2754303599374022,0.7502464222620493,ElasticNet,ElasticNet_2
922,SI_ref_13,PB800,IBU,Synthetic,0.4560270602706027,0.48834990952359986,ElasticNet,ElasticNet_2
923,SI_ref_13,PB800,IBU,Synthetic,0.4252767527675277,0.47658059408102743,ElasticNet,ElasticNet_2
924,SI_ref_13,PB800,IBU,Synthetic,0.40067650676506766,0.4646716572447396,ElasticNet,ElasticNet_2
925,SI_ref_13,PB800,IBU,Synthetic,0.39145141451414517,0.4576696287769416,ElasticNet,ElasticNet_2
926,SI_ref_13,PB800,IBU,Synthetic,0.38837638376383765,0.4456656827840763,ElasticNet,ElasticNet_2
927,SI_ref_13,PB800,IBU,Synthetic,0.37915129151291516,0.43863175126462106,ElasticNet,ElasticNet_2
928,SI_ref_13,PB800,IBU,Synthetic,0.23013048635824437,0.4336377377662747,ElasticNet,ElasticNet_2
929,SI_ref_13,PB800,IBU,Synthetic,0.3126198695818949,0.4432380486552046,ElasticNet,ElasticNet_2
930,SI_ref_13,PB800,IBU,Synthetic,0.35520079622504414,0.4336377377662747,ElasticNet,ElasticNet_2
931,SI_ref_13,PB800,IBU,Synthetic,0.24946921443736733,0.4336377377662747,ElasticNet,ElasticNet_2
932,SI_ref_13,PB800,IBU,Synthetic,0.18924731182795698,0.4336377377662747,ElasticNet,ElasticNet_2
933,SI_ref_13,PB800,IBU,Synthetic,0.08514492753623189,0.4336377377662747,ElasticNet,ElasticNet_2
934,SI_ref_13,PB800,IBU,Synthetic,0.4392021480629075,0.42403742687734475,ElasticNet,ElasticNet_2
935,SI_ref_13,PB800,IBU,Synthetic,0.4238588415803605,0.4144371159884148,ElasticNet,ElasticNet_2
936,SI_ref_13,PB800,IBU,Synthetic,0.5142348754448398,0.4336377377662747,ElasticNet,ElasticNet_2
937,SI_ref_13,PB800,IBU,Synthetic,0.5523922499011468,0.4336377377662747,ElasticNet,ElasticNet_2
938,SI_ref_13,PB800,IBU,Synthetic,0.5686613285883748,0.4336377377662747,ElasticNet,ElasticNet_2
939,SI_ref_13,PB800,IBU,Synthetic,0.5875275377054737,0.4336377377662747,ElasticNet,ElasticNet_2
940,SI_ref_13,PB800,IBU,Synthetic,0.712022367194781,0.421597755786623,ElasticNet,ElasticNet_2
941,SI_ref_13,PB800,IBU,Synthetic,0.5069897483690587,0.421597755786623,ElasticNet,ElasticNet_2
942,SI_ref_13,PB800,IBU,Synthetic,0.31469400434917677,0.421597755786623,ElasticNet,ElasticNet_2
943,SI_ref_13,PB800,IBU,Synthetic,0.22960794568575607,0.421597755786623,ElasticNet,ElasticNet_2
944,SI_ref_13,PB800,IBU,Synthetic,0.10958005249343833,0.421597755786623,ElasticNet,ElasticNet_2
1117,SI_ref_17,Pristine SCG biochar,EE2,Synthetic,0.9630524728687239,0.9637404957876441,ElasticNet,ElasticNet_2
1119,SI_ref_17,Pristine SCG biochar,EE2,Synthetic,0.9610835485312063,0.9519711803450717,ElasticNet,ElasticNet_2
1121,SI_ref_17,Pristine SCG biochar,EE2,Synthetic,0.9527872619203276,0.9330602150409859,ElasticNet,ElasticNet_2
1123,SI_ref_17,Pristine SCG biochar,EE2,Synthetic,0.9558259103687238,0.9210562690481205,ElasticNet,ElasticNet_2
1125,SI_ref_17,Pristine SCG biochar,EE2,Synthetic,0.9519368217180961,0.9140223375286654,ElasticNet,ElasticNet_2
1127,SI_ref_17,Pristine SCG biochar,EE2,Synthetic,0.9377852461427824,0.909028324030319,ElasticNet,ElasticNet_2
1129,SI_ref_17,Pristine SCG biochar,EE2,Synthetic,0.9348668633411785,0.9040323037928985,ElasticNet,ElasticNet_2
1131,SI_ref_17,Pristine SCG biochar,EE2,Synthetic,0.8111252475275296,0.8719737614513133,ElasticNet,ElasticNet_2
1133,SI_ref_17,Pristine SCG biochar,EE2,Synthetic,0.8609155049620831,0.8969883420506674,ElasticNet,ElasticNet_2
1135,SI_ref_17,Pristine SCG biochar,EE2,Synthetic,0.8239304667585977,0.8969883420506674,ElasticNet,ElasticNet_2
1137,SI_ref_17,Pristine SCG biochar,EE2,Synthetic,0.8257334628724249,0.8969883420506674,ElasticNet,ElasticNet_2
1139,SI_ref_17,Pristine SCG biochar,EE2,Synthetic,0.8269992896243368,0.8969883420506674,ElasticNet,ElasticNet_2
1141,SI_ref_17,Pristine SCG biochar,EE2,Synthetic,0.8244509213990222,0.8969883420506674,ElasticNet,ElasticNet_2
1143,SI_ref_17,Pristine SCG biochar,EE2,Synthetic,0.8163766662487987,0.8969883420506674,ElasticNet,ElasticNet_2
1145,SI_ref_17,Pristine SCG biochar,EE2,Synthetic,0.981137644940341,0.9220029226500213,ElasticNet,ElasticNet_2
1147,SI_ref_17,Pristine SCG biochar,EE2,Synthetic,0.8965862728271835,0.8969883420506674,ElasticNet,ElasticNet_2
1149,SI_ref_17,Pristine SCG biochar,EE2,Synthetic,0.9030676738865168,0.8969883420506674,ElasticNet,ElasticNet_2
1151,SI_ref_17,Pristine SCG biochar,EE2,Synthetic,0.886080261818485,0.8969883420506674,ElasticNet,ElasticNet_2
1153,SI_ref_17,Pristine SCG biochar,EE2,Synthetic,0.8949069839273535,0.8969883420506674,ElasticNet,ElasticNet_2
1155,SI_ref_17,Pristine SCG biochar,EE2,Synthetic,0.8378189552043488,0.8969883420506674,ElasticNet,ElasticNet_2
1157,SI_ref_17,Pristine SCG biochar,IBU,Synthetic,0.9060511140454979,1.0206876937352949,ElasticNet,ElasticNet_2
1159,SI_ref_17,Pristine SCG biochar,IBU,Synthetic,0.9004320791615827,1.0089183782927225,ElasticNet,ElasticNet_2
1161,SI_ref_17,Pristine SCG biochar,IBU,Synthetic,0.894961472244973,0.9900074129886366,ElasticNet,ElasticNet_2
1163,SI_ref_17,Pristine SCG biochar,IBU,Synthetic,0.8949151720794959,0.9780034669957713,ElasticNet,ElasticNet_2
1165,SI_ref_17,Pristine SCG biochar,IBU,Synthetic,0.892599829508416,0.970969535476316,ElasticNet,ElasticNet_2
1167,SI_ref_17,Pristine SCG biochar,IBU,Synthetic,0.8914167516338777,0.9659755219779697,ElasticNet,ElasticNet_2
1169,SI_ref_17,Pristine SCG biochar,IBU,Synthetic,0.886841225533622,0.9609795017405491,ElasticNet,ElasticNet_2
1171,SI_ref_17,Pristine SCG biochar,IBU,Synthetic,0.8055661914208297,0.928920959398964,ElasticNet,ElasticNet_2
1173,SI_ref_17,Pristine SCG biochar,IBU,Synthetic,0.9319085004678631,0.953935539998318,ElasticNet,ElasticNet_2
1175,SI_ref_17,Pristine SCG biochar,IBU,Synthetic,0.9111084458291452,0.953935539998318,ElasticNet,ElasticNet_2
1177,SI_ref_17,Pristine SCG biochar,IBU,Synthetic,0.9162887928675453,0.953935539998318,ElasticNet,ElasticNet_2
1179,SI_ref_17,Pristine SCG biochar,IBU,Synthetic,0.9142212192930818,0.953935539998318,ElasticNet,ElasticNet_2
1181,SI_ref_17,Pristine SCG biochar,IBU,Synthetic,0.9090486144760851,0.953935539998318,ElasticNet,ElasticNet_2
1183,SI_ref_17,Pristine SCG biochar,IBU,Synthetic,0.9114748664800524,0.953935539998318,ElasticNet,ElasticNet_2
1185,SI_ref_17,Pristine SCG biochar,IBU,Synthetic,0.93372158594911,0.9789501205976721,ElasticNet,ElasticNet_2
1187,SI_ref_17,Pristine SCG biochar,IBU,Synthetic,0.9448963419259283,0.953935539998318,ElasticNet,ElasticNet_2
1189,SI_ref_17,Pristine SCG biochar,IBU,Synthetic,0.9210277046979152,0.953935539998318,ElasticNet,ElasticNet_2
1191,SI_ref_17,Pristine SCG biochar,IBU,Synthetic,0.9513456586569363,0.953935539998318,ElasticNet,ElasticNet_2
1193,SI_ref_17,Pristine SCG biochar,IBU,Synthetic,0.9310638115047126,0.953935539998318,ElasticNet,ElasticNet_2
1195,SI_ref_17,Pristine SCG biochar,IBU,Synthetic,0.9376778036385122,0.953935539998318,ElasticNet,ElasticNet_2
155,SI_ref_17,Alkali-modified SCG biochars,EE2,Synthetic,0.281684429186895,0.2051336072799802,ExtraTrees,ExtraTrees_2
157,SI_ref_17,Alkali-modified SCG biochars,EE2,Synthetic,0.1736546812353491,0.18578579480528934,ExtraTrees,ExtraTrees_2
159,SI_ref_17,Alkali-modified SCG biochars,EE2,Synthetic,0.0890939833732563,0.14137039874502036,ExtraTrees,ExtraTrees_2
161,SI_ref_17,Alkali-modified SCG biochars,EE2,Synthetic,0.0719303611000807,0.13078943691196407,ExtraTrees,ExtraTrees_2
163,SI_ref_17,Alkali-modified SCG biochars,EE2,Synthetic,0.06892444951131721,0.1266690843264921,ExtraTrees,ExtraTrees_2
165,SI_ref_17,Alkali-modified SCG biochars,EE2,Synthetic,0.06161971981332274,0.13059333120363292,ExtraTrees,ExtraTrees_2
167,SI_ref_17,Alkali-modified SCG biochars,EE2,Synthetic,0.06227375203350968,0.13930351090018708,ExtraTrees,ExtraTrees_2
169,SI_ref_17,Alkali-modified SCG biochars,EE2,Synthetic,0.013530055813574512,0.1672269111664937,ExtraTrees,ExtraTrees_2
171,SI_ref_17,Alkali-modified SCG biochars,EE2,Synthetic,0.09051861058315946,0.17156387205421683,ExtraTrees,ExtraTrees_2
178,SI_ref_17,Alkali-modified SCG biochars,EE2,Synthetic,0.053215646133789624,0.17584288029438178,ExtraTrees,ExtraTrees_2
180,SI_ref_17,Alkali-modified SCG biochars,EE2,Synthetic,0.2279548813058391,0.17156387205421683,ExtraTrees,ExtraTrees_2
182,SI_ref_17,Alkali-modified SCG biochars,EE2,Synthetic,0.3168155258198777,0.17156387205421683,ExtraTrees,ExtraTrees_2
184,SI_ref_17,Alkali-modified SCG biochars,EE2,Synthetic,0.4518596548311438,0.17156387205421683,ExtraTrees,ExtraTrees_2
186,SI_ref_17,Alkali-modified SCG biochars,EE2,Synthetic,0.5444612813197839,0.17156387205421683,ExtraTrees,ExtraTrees_2
188,SI_ref_17,Alkali-modified SCG biochars,EE2,Synthetic,0.6153689348029446,0.17156387205421683,ExtraTrees,ExtraTrees_2
190,SI_ref_17,Alkali-modified SCG biochars,IBU,Synthetic,0.22674008618295227,0.4969024739282703,ExtraTrees,ExtraTrees_2
192,SI_ref_17,Alkali-modified SCG biochars,IBU,Synthetic,0.18762987622773672,0.4690525325713776,ExtraTrees,ExtraTrees_2
194,SI_ref_17,Alkali-modified SCG biochars,IBU,Synthetic,0.0964989432139522,0.4263977755546246,ExtraTrees,ExtraTrees_2
196,SI_ref_17,Alkali-modified SCG biochars,IBU,Synthetic,0.056403766337859394,0.39960741252480886,ExtraTrees,ExtraTrees_2
198,SI_ref_17,Alkali-modified SCG biochars,IBU,Synthetic,0.04365646649895644,0.3939884257373615,ExtraTrees,ExtraTrees_2
200,SI_ref_17,Alkali-modified SCG biochars,IBU,Synthetic,0.05275302685215311,0.39044408182122814,ExtraTrees,ExtraTrees_2
202,SI_ref_17,Alkali-modified SCG biochars,IBU,Synthetic,0.051463060103218494,0.381132025817395,ExtraTrees,ExtraTrees_2
204,SI_ref_17,Alkali-modified SCG biochars,IBU,Synthetic,0.0020992565231803756,0.363049728369184,ExtraTrees,ExtraTrees_2
206,SI_ref_17,Alkali-modified SCG biochars,IBU,Synthetic,0.05901922048526246,0.36778099787162616,ExtraTrees,ExtraTrees_2
208,SI_ref_17,Alkali-modified SCG biochars,IBU,Synthetic,0.12337327274312365,0.36778099787162616,ExtraTrees,ExtraTrees_2
210,SI_ref_17,Alkali-modified SCG biochars,IBU,Synthetic,0.09406602807201081,0.36778099787162616,ExtraTrees,ExtraTrees_2
212,SI_ref_17,Alkali-modified SCG biochars,IBU,Synthetic,0.09483947953445797,0.36778099787162616,ExtraTrees,ExtraTrees_2
214,SI_ref_17,Alkali-modified SCG biochars,IBU,Synthetic,0.10723758772503378,0.36778099787162616,ExtraTrees,ExtraTrees_2
216,SI_ref_17,Alkali-modified SCG biochars,IBU,Synthetic,0.10107027265594352,0.36778099787162616,ExtraTrees,ExtraTrees_2
218,SI_ref_17,Alkali-modified SCG biochars,IBU,Synthetic,0.30424911735147564,0.4104985135825151,ExtraTrees,ExtraTrees_2
220,SI_ref_17,Alkali-modified SCG biochars,IBU,Synthetic,0.004839210099114782,0.36778099787162616,ExtraTrees,ExtraTrees_2
222,SI_ref_17,Alkali-modified SCG biochars,IBU,Synthetic,0.04374442489311713,0.36778099787162616,ExtraTrees,ExtraTrees_2
224,SI_ref_17,Alkali-modified SCG biochars,IBU,Synthetic,0.2945083196339574,0.36778099787162616,ExtraTrees,ExtraTrees_2
226,SI_ref_17,Alkali-modified SCG biochars,IBU,Synthetic,0.44148324888836815,0.36778099787162616,ExtraTrees,ExtraTrees_2
228,SI_ref_17,Alkali-modified SCG biochars,IBU,Synthetic,0.5342365334838785,0.36778099787162616,ExtraTrees,ExtraTrees_2
263,SI_ref_16,C-Biochar,IBU,Synthetic,0.5333333333333333,0.6673345702737518,ExtraTrees,ExtraTrees_2
264,SI_ref_16,C-Biochar,IBU,Synthetic,0.7333333333333333,0.6673345702737518,ExtraTrees,ExtraTrees_2
265,SI_ref_16,C-Biochar,IBU,Synthetic,0.6000000000000001,0.667979771584267,ExtraTrees,ExtraTrees_2
266,SI_ref_16,C-Biochar,IBU,Synthetic,0.6121212121212122,0.6673345702737518,ExtraTrees,ExtraTrees_2
267,SI_ref_16,C-Biochar,IBU,Synthetic,0.7333333333333333,0.6673345702737518,ExtraTrees,ExtraTrees_2
268,SI_ref_16,C-Biochar,IBU,Synthetic,0.5333333333333333,0.6673345702737518,ExtraTrees,ExtraTrees_2
269,SI_ref_16,C-Biochar,IBU,Synthetic,0.4666666666666666,0.6673345702737518,ExtraTrees,ExtraTrees_2
270,SI_ref_16,C-Biochar,IBU,Synthetic,0.5555555555555556,0.6673345702737518,ExtraTrees,ExtraTrees_2
271,SI_ref_16,C-Biochar,IBU,Synthetic,0.6000000000000001,0.6673345702737518,ExtraTrees,ExtraTrees_2
272,SI_ref_16,C-Biochar,IBU,Synthetic,0.6000000000000001,0.6648444362198945,ExtraTrees,ExtraTrees_2
273,SI_ref_16,C-Biochar,IBU,Synthetic,0.6000000000000001,0.6648444362198945,ExtraTrees,ExtraTrees_2
274,SI_ref_16,C-Biochar,IBU,Synthetic,1.0666666666666667,0.67261722019559,ExtraTrees,ExtraTrees_2
275,SI_ref_16,C-Biochar,IBU,Synthetic,0.5277777777777777,0.6673345702737518,ExtraTrees,ExtraTrees_2
276,SI_ref_16,C-Biochar,IBU,Synthetic,0.7,0.6673345702737518,ExtraTrees,ExtraTrees_2
277,SI_ref_16,C-Biochar,IBU,Synthetic,0.7844444444444444,0.6673345702737518,ExtraTrees,ExtraTrees_2
278,SI_ref_16,C-Biochar,IBU,Synthetic,0.8430555555555557,0.6673345702737518,ExtraTrees,ExtraTrees_2
279,SI_ref_16,C-Biochar,IBU,Synthetic,0.861111111111111,0.6673345702737518,ExtraTrees,ExtraTrees_2
875,SI_ref_13,PB600,IBU,Synthetic,0.7639925373134329,0.6019528586668323,ExtraTrees,ExtraTrees_2
876,SI_ref_13,PB600,IBU,Synthetic,0.7266791044776119,0.5852660356844727,ExtraTrees,ExtraTrees_2
877,SI_ref_13,PB600,IBU,Synthetic,0.7328980099502487,0.5570164657253147,ExtraTrees,ExtraTrees_2
878,SI_ref_13,PB600,IBU,Synthetic,0.7391169154228855,0.5402292456109423,ExtraTrees,ExtraTrees_2
879,SI_ref_13,PB600,IBU,Synthetic,0.6707089552238806,0.5248889251875827,ExtraTrees,ExtraTrees_2
880,SI_ref_13,PB600,IBU,Synthetic,0.5898631840796019,0.51769626474027,ExtraTrees,ExtraTrees_2
881,SI_ref_13,PB600,IBU,Synthetic,0.2096102913356035,0.5162395923192215,ExtraTrees,ExtraTrees_2
882,SI_ref_13,PB600,IBU,Synthetic,0.7328980099502488,0.5155188026529839,ExtraTrees,ExtraTrees_2
883,SI_ref_13,PB600,IBU,Synthetic,0.611373922124096,0.5162395923192215,ExtraTrees,ExtraTrees_2
884,SI_ref_13,PB600,IBU,Synthetic,0.6847133757961785,0.5162395923192215,ExtraTrees,ExtraTrees_2
885,SI_ref_13,PB600,IBU,Synthetic,0.4580645161290322,0.5162395923192215,ExtraTrees,ExtraTrees_2
886,SI_ref_13,PB600,IBU,Synthetic,0.29347826086956524,0.5162395923192215,ExtraTrees,ExtraTrees_2
887,SI_ref_13,PB600,IBU,Synthetic,0.5772919064058304,0.5041390380596606,ExtraTrees,ExtraTrees_2
888,SI_ref_13,PB600,IBU,Synthetic,0.5887993862677406,0.5041390380596606,ExtraTrees,ExtraTrees_2
889,SI_ref_13,PB600,IBU,Synthetic,0.7258796821793417,0.5162395923192215,ExtraTrees,ExtraTrees_2
890,SI_ref_13,PB600,IBU,Synthetic,0.766427039979821,0.5162395923192215,ExtraTrees,ExtraTrees_2
891,SI_ref_13,PB600,IBU,Synthetic,0.8162693908437383,0.5162395923192215,ExtraTrees,ExtraTrees_2
892,SI_ref_13,PB600,IBU,Synthetic,0.8533052267445003,0.5162395923192215,ExtraTrees,ExtraTrees_2
893,SI_ref_13,PB600,IBU,Synthetic,0.9327073552425663,0.5187013570440899,ExtraTrees,ExtraTrees_2
894,SI_ref_13,PB600,IBU,Synthetic,0.6275430359937403,0.5187013570440899,ExtraTrees,ExtraTrees_2
895,SI_ref_13,PB600,IBU,Synthetic,0.35367762128325514,0.5187013570440899,ExtraTrees,ExtraTrees_2
896,SI_ref_13,PB600,IBU,Synthetic,0.4798506002849601,0.5187013570440899,ExtraTrees,ExtraTrees_2
897,SI_ref_13,PB600,IBU,Synthetic,0.2754303599374022,0.5187013570440899,ExtraTrees,ExtraTrees_2
922,SI_ref_13,PB800,IBU,Synthetic,0.4560270602706027,0.5234010141890112,ExtraTrees,ExtraTrees_2
923,SI_ref_13,PB800,IBU,Synthetic,0.4252767527675277,0.5040705922819461,ExtraTrees,ExtraTrees_2
924,SI_ref_13,PB800,IBU,Synthetic,0.40067650676506766,0.48514858350877554,ExtraTrees,ExtraTrees_2
925,SI_ref_13,PB800,IBU,Synthetic,0.39145141451414517,0.4754936184534857,ExtraTrees,ExtraTrees_2
926,SI_ref_13,PB800,IBU,Synthetic,0.38837638376383765,0.45985508832369354,ExtraTrees,ExtraTrees_2
927,SI_ref_13,PB800,IBU,Synthetic,0.37915129151291516,0.45161851417763255,ExtraTrees,ExtraTrees_2
928,SI_ref_13,PB800,IBU,Synthetic,0.23013048635824437,0.45072040496418614,ExtraTrees,ExtraTrees_2
929,SI_ref_13,PB800,IBU,Synthetic,0.3126198695818949,0.44756687692387404,ExtraTrees,ExtraTrees_2
930,SI_ref_13,PB800,IBU,Synthetic,0.35520079622504414,0.45072040496418614,ExtraTrees,ExtraTrees_2
931,SI_ref_13,PB800,IBU,Synthetic,0.24946921443736733,0.45072040496418614,ExtraTrees,ExtraTrees_2
932,SI_ref_13,PB800,IBU,Synthetic,0.18924731182795698,0.45072040496418614,ExtraTrees,ExtraTrees_2
933,SI_ref_13,PB800,IBU,Synthetic,0.08514492753623189,0.45072040496418614,ExtraTrees,ExtraTrees_2
934,SI_ref_13,PB800,IBU,Synthetic,0.4392021480629075,0.4348416182249416,ExtraTrees,ExtraTrees_2
935,SI_ref_13,PB800,IBU,Synthetic,0.4238588415803605,0.4348416182249416,ExtraTrees,ExtraTrees_2
936,SI_ref_13,PB800,IBU,Synthetic,0.5142348754448398,0.45072040496418614,ExtraTrees,ExtraTrees_2
937,SI_ref_13,PB800,IBU,Synthetic,0.5523922499011468,0.45072040496418614,ExtraTrees,ExtraTrees_2
938,SI_ref_13,PB800,IBU,Synthetic,0.5686613285883748,0.45072040496418614,ExtraTrees,ExtraTrees_2
939,SI_ref_13,PB800,IBU,Synthetic,0.5875275377054737,0.45072040496418614,ExtraTrees,ExtraTrees_2
940,SI_ref_13,PB800,IBU,Synthetic,0.712022367194781,0.4265095509076926,ExtraTrees,ExtraTrees_2
941,SI_ref_13,PB800,IBU,Synthetic,0.5069897483690587,0.4265095509076926,ExtraTrees,ExtraTrees_2
942,SI_ref_13,PB800,IBU,Synthetic,0.31469400434917677,0.4265095509076926,ExtraTrees,ExtraTrees_2
943,SI_ref_13,PB800,IBU,Synthetic,0.22960794568575607,0.4265095509076926,ExtraTrees,ExtraTrees_2
944,SI_ref_13,PB800,IBU,Synthetic,0.10958005249343833,0.4265095509076926,ExtraTrees,ExtraTrees_2
1117,SI_ref_17,Pristine SCG biochar,EE2,Synthetic,0.9630524728687239,0.9039477358473494,ExtraTrees,ExtraTrees_2
1119,SI_ref_17,Pristine SCG biochar,EE2,Synthetic,0.9610835485312063,0.9039477358473494,ExtraTrees,ExtraTrees_2
1121,SI_ref_17,Pristine SCG biochar,EE2,Synthetic,0.9527872619203276,0.9039477358473494,ExtraTrees,ExtraTrees_2
1123,SI_ref_17,Pristine SCG biochar,EE2,Synthetic,0.9558259103687238,0.8886833950423099,ExtraTrees,ExtraTrees_2
1125,SI_ref_17,Pristine SCG biochar,EE2,Synthetic,0.9519368217180961,0.88185141244711,ExtraTrees,ExtraTrees_2
1127,SI_ref_17,Pristine SCG biochar,EE2,Synthetic,0.9377852461427824,0.8781823750439223,ExtraTrees,ExtraTrees_2
1129,SI_ref_17,Pristine SCG biochar,EE2,Synthetic,0.9348668633411785,0.8736049505726186,ExtraTrees,ExtraTrees_2
1131,SI_ref_17,Pristine SCG biochar,EE2,Synthetic,0.8111252475275296,0.8657330794205252,ExtraTrees,ExtraTrees_2
1133,SI_ref_17,Pristine SCG biochar,EE2,Synthetic,0.8609155049620831,0.8657330794205252,ExtraTrees,ExtraTrees_2
1135,SI_ref_17,Pristine SCG biochar,EE2,Synthetic,0.8239304667585977,0.8657330794205252,ExtraTrees,ExtraTrees_2
1137,SI_ref_17,Pristine SCG biochar,EE2,Synthetic,0.8257334628724249,0.8657330794205252,ExtraTrees,ExtraTrees_2
1139,SI_ref_17,Pristine SCG biochar,EE2,Synthetic,0.8269992896243368,0.8657330794205252,ExtraTrees,ExtraTrees_2
1141,SI_ref_17,Pristine SCG biochar,EE2,Synthetic,0.8244509213990222,0.8657330794205252,ExtraTrees,ExtraTrees_2
1143,SI_ref_17,Pristine SCG biochar,EE2,Synthetic,0.8163766662487987,0.8657330794205252,ExtraTrees,ExtraTrees_2
1145,SI_ref_17,Pristine SCG biochar,EE2,Synthetic,0.981137644940341,0.8657330794205252,ExtraTrees,ExtraTrees_2
1147,SI_ref_17,Pristine SCG biochar,EE2,Synthetic,0.8965862728271835,0.8657330794205252,ExtraTrees,ExtraTrees_2
1149,SI_ref_17,Pristine SCG biochar,EE2,Synthetic,0.9030676738865168,0.8657330794205252,ExtraTrees,ExtraTrees_2
1151,SI_ref_17,Pristine SCG biochar,EE2,Synthetic,0.886080261818485,0.8657330794205252,ExtraTrees,ExtraTrees_2
1153,SI_ref_17,Pristine SCG biochar,EE2,Synthetic,0.8949069839273535,0.8657330794205252,ExtraTrees,ExtraTrees_2
1155,SI_ref_17,Pristine SCG biochar,EE2,Synthetic,0.8378189552043488,0.8657330794205252,ExtraTrees,ExtraTrees_2
1157,SI_ref_17,Pristine SCG biochar,IBU,Synthetic,0.9060511140454979,0.9463213344287841,ExtraTrees,ExtraTrees_2
1159,SI_ref_17,Pristine SCG biochar,IBU,Synthetic,0.9004320791615827,0.9429374417700832,ExtraTrees,ExtraTrees_2
1161,SI_ref_17,Pristine SCG biochar,IBU,Synthetic,0.894961472244973,0.9411325092240734,ExtraTrees,ExtraTrees_2
1163,SI_ref_17,Pristine SCG biochar,IBU,Synthetic,0.8949151720794959,0.9363171586859866,ExtraTrees,ExtraTrees_2
1165,SI_ref_17,Pristine SCG biochar,IBU,Synthetic,0.892599829508416,0.9320193283212942,ExtraTrees,ExtraTrees_2
1167,SI_ref_17,Pristine SCG biochar,IBU,Synthetic,0.8914167516338777,0.929384398987805,ExtraTrees,ExtraTrees_2
1169,SI_ref_17,Pristine SCG biochar,IBU,Synthetic,0.886841225533622,0.9268897941104968,ExtraTrees,ExtraTrees_2
1171,SI_ref_17,Pristine SCG biochar,IBU,Synthetic,0.8055661914208297,0.8548901255847575,ExtraTrees,ExtraTrees_2
1173,SI_ref_17,Pristine SCG biochar,IBU,Synthetic,0.9319085004678631,0.9121585833298554,ExtraTrees,ExtraTrees_2
1175,SI_ref_17,Pristine SCG biochar,IBU,Synthetic,0.9111084458291452,0.9121585833298554,ExtraTrees,ExtraTrees_2
1177,SI_ref_17,Pristine SCG biochar,IBU,Synthetic,0.9162887928675453,0.9121585833298554,ExtraTrees,ExtraTrees_2
1179,SI_ref_17,Pristine SCG biochar,IBU,Synthetic,0.9142212192930818,0.9121585833298554,ExtraTrees,ExtraTrees_2
1181,SI_ref_17,Pristine SCG biochar,IBU,Synthetic,0.9090486144760851,0.9121585833298554,ExtraTrees,ExtraTrees_2
1183,SI_ref_17,Pristine SCG biochar,IBU,Synthetic,0.9114748664800524,0.9121585833298554,ExtraTrees,ExtraTrees_2
1185,SI_ref_17,Pristine SCG biochar,IBU,Synthetic,0.93372158594911,0.925168103129377,ExtraTrees,ExtraTrees_2
1187,SI_ref_17,Pristine SCG biochar,IBU,Synthetic,0.9448963419259283,0.9121585833298554,ExtraTrees,ExtraTrees_2
1189,SI_ref_17,Pristine SCG biochar,IBU,Synthetic,0.9210277046979152,0.9121585833298554,ExtraTrees,ExtraTrees_2
1191,SI_ref_17,Pristine SCG biochar,IBU,Synthetic,0.9513456586569363,0.9121585833298554,ExtraTrees,ExtraTrees_2
1193,SI_ref_17,Pristine SCG biochar,IBU,Synthetic,0.9310638115047126,0.9121585833298554,ExtraTrees,ExtraTrees_2
1195,SI_ref_17,Pristine SCG biochar,IBU,Synthetic,0.9376778036385122,0.9121585833298554,ExtraTrees,ExtraTrees_2
155,SI_ref_17,Alkali-modified SCG biochars,EE2,Synthetic,0.281684429186895,0.2829461712398075,GradientBoosting,GradientBoosting_2
157,SI_ref_17,Alkali-modified SCG biochars,EE2,Synthetic,0.1736546812353491,0.2547356718378136,GradientBoosting,GradientBoosting_2
159,SI_ref_17,Alkali-modified SCG biochars,EE2,Synthetic,0.0890939833732563,0.1808570470883659,GradientBoosting,GradientBoosting_2
161,SI_ref_17,Alkali-modified SCG biochars,EE2,Synthetic,0.0719303611000807,0.16967512874905447,GradientBoosting,GradientBoosting_2
163,SI_ref_17,Alkali-modified SCG biochars,EE2,Synthetic,0.06892444951131721,0.16908275177328555,GradientBoosting,GradientBoosting_2
165,SI_ref_17,Alkali-modified SCG biochars,EE2,Synthetic,0.06161971981332274,0.16908275177328555,GradientBoosting,GradientBoosting_2
167,SI_ref_17,Alkali-modified SCG biochars,EE2,Synthetic,0.06227375203350968,0.16908275177328555,GradientBoosting,GradientBoosting_2
169,SI_ref_17,Alkali-modified SCG biochars,EE2,Synthetic,0.013530055813574512,0.22604544678400434,GradientBoosting,GradientBoosting_2
171,SI_ref_17,Alkali-modified SCG biochars,EE2,Synthetic,0.09051861058315946,0.3375429706527509,GradientBoosting,GradientBoosting_2
178,SI_ref_17,Alkali-modified SCG biochars,EE2,Synthetic,0.053215646133789624,0.345038964576003,GradientBoosting,GradientBoosting_2
180,SI_ref_17,Alkali-modified SCG biochars,EE2,Synthetic,0.2279548813058391,0.3375429706527509,GradientBoosting,GradientBoosting_2
182,SI_ref_17,Alkali-modified SCG biochars,EE2,Synthetic,0.3168155258198777,0.3375429706527509,GradientBoosting,GradientBoosting_2
184,SI_ref_17,Alkali-modified SCG biochars,EE2,Synthetic,0.4518596548311438,0.3375429706527509,GradientBoosting,GradientBoosting_2
186,SI_ref_17,Alkali-modified SCG biochars,EE2,Synthetic,0.5444612813197839,0.3375429706527509,GradientBoosting,GradientBoosting_2
188,SI_ref_17,Alkali-modified SCG biochars,EE2,Synthetic,0.6153689348029446,0.3375429706527509,GradientBoosting,GradientBoosting_2
190,SI_ref_17,Alkali-modified SCG biochars,IBU,Synthetic,0.22674008618295227,0.51140313876126,GradientBoosting,GradientBoosting_2
192,SI_ref_17,Alkali-modified SCG biochars,IBU,Synthetic,0.18762987622773672,0.4822668726180041,GradientBoosting,GradientBoosting_2
194,SI_ref_17,Alkali-modified SCG biochars,IBU,Synthetic,0.0964989432139522,0.41258823467409467,GradientBoosting,GradientBoosting_2
196,SI_ref_17,Alkali-modified SCG biochars,IBU,Synthetic,0.056403766337859394,0.40140631633478313,GradientBoosting,GradientBoosting_2
198,SI_ref_17,Alkali-modified SCG biochars,IBU,Synthetic,0.04365646649895644,0.3946997045920011,GradientBoosting,GradientBoosting_2
200,SI_ref_17,Alkali-modified SCG biochars,IBU,Synthetic,0.05275302685215311,0.3946997045920011,GradientBoosting,GradientBoosting_2
202,SI_ref_17,Alkali-modified SCG biochars,IBU,Synthetic,0.051463060103218494,0.3946997045920011,GradientBoosting,GradientBoosting_2
204,SI_ref_17,Alkali-modified SCG biochars,IBU,Synthetic,0.0020992565231803756,0.28745055477025344,GradientBoosting,GradientBoosting_2
206,SI_ref_17,Alkali-modified SCG biochars,IBU,Synthetic,0.05901922048526246,0.40649820248477386,GradientBoosting,GradientBoosting_2
208,SI_ref_17,Alkali-modified SCG biochars,IBU,Synthetic,0.12337327274312365,0.40649820248477386,GradientBoosting,GradientBoosting_2
210,SI_ref_17,Alkali-modified SCG biochars,IBU,Synthetic,0.09406602807201081,0.40649820248477386,GradientBoosting,GradientBoosting_2
212,SI_ref_17,Alkali-modified SCG biochars,IBU,Synthetic,0.09483947953445797,0.40649820248477386,GradientBoosting,GradientBoosting_2
214,SI_ref_17,Alkali-modified SCG biochars,IBU,Synthetic,0.10723758772503378,0.40649820248477386,GradientBoosting,GradientBoosting_2
216,SI_ref_17,Alkali-modified SCG biochars,IBU,Synthetic,0.10107027265594352,0.40649820248477386,GradientBoosting,GradientBoosting_2
218,SI_ref_17,Alkali-modified SCG biochars,IBU,Synthetic,0.30424911735147564,0.42115897441443356,GradientBoosting,GradientBoosting_2
220,SI_ref_17,Alkali-modified SCG biochars,IBU,Synthetic,0.004839210099114782,0.40649820248477386,GradientBoosting,GradientBoosting_2
222,SI_ref_17,Alkali-modified SCG biochars,IBU,Synthetic,0.04374442489311713,0.40649820248477386,GradientBoosting,GradientBoosting_2
224,SI_ref_17,Alkali-modified SCG biochars,IBU,Synthetic,0.2945083196339574,0.40649820248477386,GradientBoosting,GradientBoosting_2
226,SI_ref_17,Alkali-modified SCG biochars,IBU,Synthetic,0.44148324888836815,0.40649820248477386,GradientBoosting,GradientBoosting_2
228,SI_ref_17,Alkali-modified SCG biochars,IBU,Synthetic,0.5342365334838785,0.40649820248477386,GradientBoosting,GradientBoosting_2
263,SI_ref_16,C-Biochar,IBU,Synthetic,0.5333333333333333,0.7803419968059727,GradientBoosting,GradientBoosting_2
264,SI_ref_16,C-Biochar,IBU,Synthetic,0.7333333333333333,0.7803419968059727,GradientBoosting,GradientBoosting_2
265,SI_ref_16,C-Biochar,IBU,Synthetic,0.6000000000000001,0.8414611539784803,GradientBoosting,GradientBoosting_2
266,SI_ref_16,C-Biochar,IBU,Synthetic,0.6121212121212122,0.8202577035460578,GradientBoosting,GradientBoosting_2
267,SI_ref_16,C-Biochar,IBU,Synthetic,0.7333333333333333,0.8202577035460578,GradientBoosting,GradientBoosting_2
268,SI_ref_16,C-Biochar,IBU,Synthetic,0.5333333333333333,0.8202577035460578,GradientBoosting,GradientBoosting_2
269,SI_ref_16,C-Biochar,IBU,Synthetic,0.4666666666666666,0.8202577035460578,GradientBoosting,GradientBoosting_2
270,SI_ref_16,C-Biochar,IBU,Synthetic,0.5555555555555556,0.8202577035460578,GradientBoosting,GradientBoosting_2
271,SI_ref_16,C-Biochar,IBU,Synthetic,0.6000000000000001,0.8202577035460578,GradientBoosting,GradientBoosting_2
272,SI_ref_16,C-Biochar,IBU,Synthetic,0.6000000000000001,0.7532695192203679,GradientBoosting,GradientBoosting_2
273,SI_ref_16,C-Biochar,IBU,Synthetic,0.6000000000000001,0.7532695192203679,GradientBoosting,GradientBoosting_2
274,SI_ref_16,C-Biochar,IBU,Synthetic,1.0666666666666667,0.8193784662765546,GradientBoosting,GradientBoosting_2
275,SI_ref_16,C-Biochar,IBU,Synthetic,0.5277777777777777,0.8202577035460578,GradientBoosting,GradientBoosting_2
276,SI_ref_16,C-Biochar,IBU,Synthetic,0.7,0.8202577035460578,GradientBoosting,GradientBoosting_2
277,SI_ref_16,C-Biochar,IBU,Synthetic,0.7844444444444444,0.8202577035460578,GradientBoosting,GradientBoosting_2
278,SI_ref_16,C-Biochar,IBU,Synthetic,0.8430555555555557,0.8202577035460578,GradientBoosting,GradientBoosting_2
279,SI_ref_16,C-Biochar,IBU,Synthetic,0.861111111111111,0.8202577035460578,GradientBoosting,GradientBoosting_2
875,SI_ref_13,PB600,IBU,Synthetic,0.7639925373134329,0.5690461405884433,GradientBoosting,GradientBoosting_2
876,SI_ref_13,PB600,IBU,Synthetic,0.7266791044776119,0.56873249647522,GradientBoosting,GradientBoosting_2
877,SI_ref_13,PB600,IBU,Synthetic,0.7328980099502487,0.5569462635539772,GradientBoosting,GradientBoosting_2
878,SI_ref_13,PB600,IBU,Synthetic,0.7391169154228855,0.5383331746010565,GradientBoosting,GradientBoosting_2
879,SI_ref_13,PB600,IBU,Synthetic,0.6707089552238806,0.5296592612818597,GradientBoosting,GradientBoosting_2
880,SI_ref_13,PB600,IBU,Synthetic,0.5898631840796019,0.5235450265148465,GradientBoosting,GradientBoosting_2
881,SI_ref_13,PB600,IBU,Synthetic,0.2096102913356035,0.5235450265148465,GradientBoosting,GradientBoosting_2
882,SI_ref_13,PB600,IBU,Synthetic,0.7328980099502488,0.5282571124122696,GradientBoosting,GradientBoosting_2
883,SI_ref_13,PB600,IBU,Synthetic,0.611373922124096,0.5235450265148465,GradientBoosting,GradientBoosting_2
884,SI_ref_13,PB600,IBU,Synthetic,0.6847133757961785,0.5235450265148465,GradientBoosting,GradientBoosting_2
885,SI_ref_13,PB600,IBU,Synthetic,0.4580645161290322,0.5235450265148465,GradientBoosting,GradientBoosting_2
886,SI_ref_13,PB600,IBU,Synthetic,0.29347826086956524,0.5235450265148465,GradientBoosting,GradientBoosting_2
887,SI_ref_13,PB600,IBU,Synthetic,0.5772919064058304,0.5100894499156314,GradientBoosting,GradientBoosting_2
888,SI_ref_13,PB600,IBU,Synthetic,0.5887993862677406,0.5100894499156314,GradientBoosting,GradientBoosting_2
889,SI_ref_13,PB600,IBU,Synthetic,0.7258796821793417,0.5235450265148465,GradientBoosting,GradientBoosting_2
890,SI_ref_13,PB600,IBU,Synthetic,0.766427039979821,0.5235450265148465,GradientBoosting,GradientBoosting_2
891,SI_ref_13,PB600,IBU,Synthetic,0.8162693908437383,0.5235450265148465,GradientBoosting,GradientBoosting_2
892,SI_ref_13,PB600,IBU,Synthetic,0.8533052267445003,0.5235450265148465,GradientBoosting,GradientBoosting_2
893,SI_ref_13,PB600,IBU,Synthetic,0.9327073552425663,0.536086542498278,GradientBoosting,GradientBoosting_2
894,SI_ref_13,PB600,IBU,Synthetic,0.6275430359937403,0.536086542498278,GradientBoosting,GradientBoosting_2
895,SI_ref_13,PB600,IBU,Synthetic,0.35367762128325514,0.536086542498278,GradientBoosting,GradientBoosting_2
896,SI_ref_13,PB600,IBU,Synthetic,0.4798506002849601,0.536086542498278,GradientBoosting,GradientBoosting_2
897,SI_ref_13,PB600,IBU,Synthetic,0.2754303599374022,0.536086542498278,GradientBoosting,GradientBoosting_2
922,SI_ref_13,PB800,IBU,Synthetic,0.4560270602706027,0.4861148294612238,GradientBoosting,GradientBoosting_2
923,SI_ref_13,PB800,IBU,Synthetic,0.4252767527675277,0.44970871237180876,GradientBoosting,GradientBoosting_2
924,SI_ref_13,PB800,IBU,Synthetic,0.40067650676506766,0.41009729532149636,GradientBoosting,GradientBoosting_2
925,SI_ref_13,PB800,IBU,Synthetic,0.39145141451414517,0.4022677283158074,GradientBoosting,GradientBoosting_2
926,SI_ref_13,PB800,IBU,Synthetic,0.38837638376383765,0.39696724439071557,GradientBoosting,GradientBoosting_2
927,SI_ref_13,PB800,IBU,Synthetic,0.37915129151291516,0.39026063264793354,GradientBoosting,GradientBoosting_2
928,SI_ref_13,PB800,IBU,Synthetic,0.23013048635824437,0.418226927601391,GradientBoosting,GradientBoosting_2
929,SI_ref_13,PB800,IBU,Synthetic,0.3126198695818949,0.42368611827745184,GradientBoosting,GradientBoosting_2
930,SI_ref_13,PB800,IBU,Synthetic,0.35520079622504414,0.418226927601391,GradientBoosting,GradientBoosting_2
931,SI_ref_13,PB800,IBU,Synthetic,0.24946921443736733,0.418226927601391,GradientBoosting,GradientBoosting_2
932,SI_ref_13,PB800,IBU,Synthetic,0.18924731182795698,0.418226927601391,GradientBoosting,GradientBoosting_2
933,SI_ref_13,PB800,IBU,Synthetic,0.08514492753623189,0.418226927601391,GradientBoosting,GradientBoosting_2
934,SI_ref_13,PB800,IBU,Synthetic,0.4392021480629075,0.4047713510021758,GradientBoosting,GradientBoosting_2
935,SI_ref_13,PB800,IBU,Synthetic,0.4238588415803605,0.4047713510021758,GradientBoosting,GradientBoosting_2
936,SI_ref_13,PB800,IBU,Synthetic,0.5142348754448398,0.418226927601391,GradientBoosting,GradientBoosting_2
937,SI_ref_13,PB800,IBU,Synthetic,0.5523922499011468,0.418226927601391,GradientBoosting,GradientBoosting_2
938,SI_ref_13,PB800,IBU,Synthetic,0.5686613285883748,0.418226927601391,GradientBoosting,GradientBoosting_2
939,SI_ref_13,PB800,IBU,Synthetic,0.5875275377054737,0.418226927601391,GradientBoosting,GradientBoosting_2
940,SI_ref_13,PB800,IBU,Synthetic,0.712022367194781,0.418226927601391,GradientBoosting,GradientBoosting_2
941,SI_ref_13,PB800,IBU,Synthetic,0.5069897483690587,0.418226927601391,GradientBoosting,GradientBoosting_2
942,SI_ref_13,PB800,IBU,Synthetic,0.31469400434917677,0.418226927601391,GradientBoosting,GradientBoosting_2
943,SI_ref_13,PB800,IBU,Synthetic,0.22960794568575607,0.418226927601391,GradientBoosting,GradientBoosting_2
944,SI_ref_13,PB800,IBU,Synthetic,0.10958005249343833,0.418226927601391,GradientBoosting,GradientBoosting_2
1117,SI_ref_17,Pristine SCG biochar,EE2,Synthetic,0.9630524728687239,0.9264701520493164,GradientBoosting,GradientBoosting_2
1119,SI_ref_17,Pristine SCG biochar,EE2,Synthetic,0.9610835485312063,0.9248748194982395,GradientBoosting,GradientBoosting_2
1121,SI_ref_17,Pristine SCG biochar,EE2,Synthetic,0.9527872619203276,0.9014624127818889,GradientBoosting,GradientBoosting_2
1123,SI_ref_17,Pristine SCG biochar,EE2,Synthetic,0.9558259103687238,0.8967441855618289,GradientBoosting,GradientBoosting_2
1125,SI_ref_17,Pristine SCG biochar,EE2,Synthetic,0.9519368217180961,0.8870738779762259,GradientBoosting,GradientBoosting_2
1127,SI_ref_17,Pristine SCG biochar,EE2,Synthetic,0.9377852461427824,0.8870738779762259,GradientBoosting,GradientBoosting_2
1129,SI_ref_17,Pristine SCG biochar,EE2,Synthetic,0.9348668633411785,0.8870738779762259,GradientBoosting,GradientBoosting_2
1131,SI_ref_17,Pristine SCG biochar,EE2,Synthetic,0.8111252475275296,0.8278438126918501,GradientBoosting,GradientBoosting_2
1133,SI_ref_17,Pristine SCG biochar,EE2,Synthetic,0.8609155049620831,0.86931961534628,GradientBoosting,GradientBoosting_2
1135,SI_ref_17,Pristine SCG biochar,EE2,Synthetic,0.8239304667585977,0.86931961534628,GradientBoosting,GradientBoosting_2
1137,SI_ref_17,Pristine SCG biochar,EE2,Synthetic,0.8257334628724249,0.86931961534628,GradientBoosting,GradientBoosting_2
1139,SI_ref_17,Pristine SCG biochar,EE2,Synthetic,0.8269992896243368,0.86931961534628,GradientBoosting,GradientBoosting_2
1141,SI_ref_17,Pristine SCG biochar,EE2,Synthetic,0.8244509213990222,0.86931961534628,GradientBoosting,GradientBoosting_2
1143,SI_ref_17,Pristine SCG biochar,EE2,Synthetic,0.8163766662487987,0.86931961534628,GradientBoosting,GradientBoosting_2
1145,SI_ref_17,Pristine SCG biochar,EE2,Synthetic,0.981137644940341,0.8911015108769123,GradientBoosting,GradientBoosting_2
1147,SI_ref_17,Pristine SCG biochar,EE2,Synthetic,0.8965862728271835,0.86931961534628,GradientBoosting,GradientBoosting_2
1149,SI_ref_17,Pristine SCG biochar,EE2,Synthetic,0.9030676738865168,0.86931961534628,GradientBoosting,GradientBoosting_2
1151,SI_ref_17,Pristine SCG biochar,EE2,Synthetic,0.886080261818485,0.86931961534628,GradientBoosting,GradientBoosting_2
1153,SI_ref_17,Pristine SCG biochar,EE2,Synthetic,0.8949069839273535,0.86931961534628,GradientBoosting,GradientBoosting_2
1155,SI_ref_17,Pristine SCG biochar,EE2,Synthetic,0.8378189552043488,0.86931961534628,GradientBoosting,GradientBoosting_2
1157,SI_ref_17,Pristine SCG biochar,IBU,Synthetic,0.9060511140454979,0.9526949223494634,GradientBoosting,GradientBoosting_2
1159,SI_ref_17,Pristine SCG biochar,IBU,Synthetic,0.9004320791615827,0.9501738230571243,GradientBoosting,GradientBoosting_2
1161,SI_ref_17,Pristine SCG biochar,IBU,Synthetic,0.894961472244973,0.9292614667904775,GradientBoosting,GradientBoosting_2
1163,SI_ref_17,Pristine SCG biochar,IBU,Synthetic,0.8949151720794959,0.9279704182081349,GradientBoosting,GradientBoosting_2
1165,SI_ref_17,Pristine SCG biochar,IBU,Synthetic,0.892599829508416,0.9194547949382424,GradientBoosting,GradientBoosting_2
1167,SI_ref_17,Pristine SCG biochar,IBU,Synthetic,0.8914167516338777,0.9194547949382424,GradientBoosting,GradientBoosting_2
1169,SI_ref_17,Pristine SCG biochar,IBU,Synthetic,0.886841225533622,0.9194547949382424,GradientBoosting,GradientBoosting_2
1171,SI_ref_17,Pristine SCG biochar,IBU,Synthetic,0.8055661914208297,0.8762485288811924,GradientBoosting,GradientBoosting_2
1173,SI_ref_17,Pristine SCG biochar,IBU,Synthetic,0.9319085004678631,0.9194547949382424,GradientBoosting,GradientBoosting_2
1175,SI_ref_17,Pristine SCG biochar,IBU,Synthetic,0.9111084458291452,0.9194547949382424,GradientBoosting,GradientBoosting_2
1177,SI_ref_17,Pristine SCG biochar,IBU,Synthetic,0.9162887928675453,0.9194547949382424,GradientBoosting,GradientBoosting_2
1179,SI_ref_17,Pristine SCG biochar,IBU,Synthetic,0.9142212192930818,0.9194547949382424,GradientBoosting,GradientBoosting_2
1181,SI_ref_17,Pristine SCG biochar,IBU,Synthetic,0.9090486144760851,0.9194547949382424,GradientBoosting,GradientBoosting_2
1183,SI_ref_17,Pristine SCG biochar,IBU,Synthetic,0.9114748664800524,0.9194547949382424,GradientBoosting,GradientBoosting_2
1185,SI_ref_17,Pristine SCG biochar,IBU,Synthetic,0.93372158594911,0.9484014684752822,GradientBoosting,GradientBoosting_2
1187,SI_ref_17,Pristine SCG biochar,IBU,Synthetic,0.9448963419259283,0.9194547949382424,GradientBoosting,GradientBoosting_2
1189,SI_ref_17,Pristine SCG biochar,IBU,Synthetic,0.9210277046979152,0.9194547949382424,GradientBoosting,GradientBoosting_2
1191,SI_ref_17,Pristine SCG biochar,IBU,Synthetic,0.9513456586569363,0.9194547949382424,GradientBoosting,GradientBoosting_2
1193,SI_ref_17,Pristine SCG biochar,IBU,Synthetic,0.9310638115047126,0.9194547949382424,GradientBoosting,GradientBoosting_2
1195,SI_ref_17,Pristine SCG biochar,IBU,Synthetic,0.9376778036385122,0.9194547949382424,GradientBoosting,GradientBoosting_2
155,SI_ref_17,Alkali-modified SCG biochars,EE2,Synthetic,0.281684429186895,0.3464496416880043,HistGradientBoosting,HistGradientBoosting_1
157,SI_ref_17,Alkali-modified SCG biochars,EE2,Synthetic,0.1736546812353491,0.2762093397390178,HistGradientBoosting,HistGradientBoosting_1
159,SI_ref_17,Alkali-modified SCG biochars,EE2,Synthetic,0.0890939833732563,0.04722181795206079,HistGradientBoosting,HistGradientBoosting_1
161,SI_ref_17,Alkali-modified SCG biochars,EE2,Synthetic,0.0719303611000807,0.0399266101869752,HistGradientBoosting,HistGradientBoosting_1
163,SI_ref_17,Alkali-modified SCG biochars,EE2,Synthetic,0.06892444951131721,0.029591744379274084,HistGradientBoosting,HistGradientBoosting_1
165,SI_ref_17,Alkali-modified SCG biochars,EE2,Synthetic,0.06161971981332274,0.029591744379274084,HistGradientBoosting,HistGradientBoosting_1
167,SI_ref_17,Alkali-modified SCG biochars,EE2,Synthetic,0.06227375203350968,0.029502402496866344,HistGradientBoosting,HistGradientBoosting_1
169,SI_ref_17,Alkali-modified SCG biochars,EE2,Synthetic,0.013530055813574512,0.07183862327673857,HistGradientBoosting,HistGradientBoosting_1
171,SI_ref_17,Alkali-modified SCG biochars,EE2,Synthetic,0.09051861058315946,0.11367210422892302,HistGradientBoosting,HistGradientBoosting_1
178,SI_ref_17,Alkali-modified SCG biochars,EE2,Synthetic,0.053215646133789624,0.09502441942740132,HistGradientBoosting,HistGradientBoosting_1
180,SI_ref_17,Alkali-modified SCG biochars,EE2,Synthetic,0.2279548813058391,0.11367210422892302,HistGradientBoosting,HistGradientBoosting_1
182,SI_ref_17,Alkali-modified SCG biochars,EE2,Synthetic,0.3168155258198777,0.11367210422892302,HistGradientBoosting,HistGradientBoosting_1
184,SI_ref_17,Alkali-modified SCG biochars,EE2,Synthetic,0.4518596548311438,0.11367210422892302,HistGradientBoosting,HistGradientBoosting_1
186,SI_ref_17,Alkali-modified SCG biochars,EE2,Synthetic,0.5444612813197839,0.11367210422892302,HistGradientBoosting,HistGradientBoosting_1
188,SI_ref_17,Alkali-modified SCG biochars,EE2,Synthetic,0.6153689348029446,0.11367210422892302,HistGradientBoosting,HistGradientBoosting_1
190,SI_ref_17,Alkali-modified SCG biochars,IBU,Synthetic,0.22674008618295227,0.646975716453735,HistGradientBoosting,HistGradientBoosting_1
192,SI_ref_17,Alkali-modified SCG biochars,IBU,Synthetic,0.18762987622773672,0.5836320768717864,HistGradientBoosting,HistGradientBoosting_1
194,SI_ref_17,Alkali-modified SCG biochars,IBU,Synthetic,0.0964989432139522,0.39495563315651483,HistGradientBoosting,HistGradientBoosting_1
196,SI_ref_17,Alkali-modified SCG biochars,IBU,Synthetic,0.056403766337859394,0.34774403041319935,HistGradientBoosting,HistGradientBoosting_1
198,SI_ref_17,Alkali-modified SCG biochars,IBU,Synthetic,0.04365646649895644,0.33740916460549825,HistGradientBoosting,HistGradientBoosting_1
200,SI_ref_17,Alkali-modified SCG biochars,IBU,Synthetic,0.05275302685215311,0.3241083816484949,HistGradientBoosting,HistGradientBoosting_1
202,SI_ref_17,Alkali-modified SCG biochars,IBU,Synthetic,0.051463060103218494,0.30144327990336667,HistGradientBoosting,HistGradientBoosting_1
204,SI_ref_17,Alkali-modified SCG biochars,IBU,Synthetic,0.0020992565231803756,0.20542996627453772,HistGradientBoosting,HistGradientBoosting_1
206,SI_ref_17,Alkali-modified SCG biochars,IBU,Synthetic,0.05901922048526246,0.28144543386598153,HistGradientBoosting,HistGradientBoosting_1
208,SI_ref_17,Alkali-modified SCG biochars,IBU,Synthetic,0.12337327274312365,0.28144543386598153,HistGradientBoosting,HistGradientBoosting_1
210,SI_ref_17,Alkali-modified SCG biochars,IBU,Synthetic,0.09406602807201081,0.28144543386598153,HistGradientBoosting,HistGradientBoosting_1
212,SI_ref_17,Alkali-modified SCG biochars,IBU,Synthetic,0.09483947953445797,0.28144543386598153,HistGradientBoosting,HistGradientBoosting_1
214,SI_ref_17,Alkali-modified SCG biochars,IBU,Synthetic,0.10723758772503378,0.28144543386598153,HistGradientBoosting,HistGradientBoosting_1
216,SI_ref_17,Alkali-modified SCG biochars,IBU,Synthetic,0.10107027265594352,0.28144543386598153,HistGradientBoosting,HistGradientBoosting_1
218,SI_ref_17,Alkali-modified SCG biochars,IBU,Synthetic,0.30424911735147564,0.33077420101770877,HistGradientBoosting,HistGradientBoosting_1
220,SI_ref_17,Alkali-modified SCG biochars,IBU,Synthetic,0.004839210099114782,0.28144543386598153,HistGradientBoosting,HistGradientBoosting_1
222,SI_ref_17,Alkali-modified SCG biochars,IBU,Synthetic,0.04374442489311713,0.28144543386598153,HistGradientBoosting,HistGradientBoosting_1
224,SI_ref_17,Alkali-modified SCG biochars,IBU,Synthetic,0.2945083196339574,0.28144543386598153,HistGradientBoosting,HistGradientBoosting_1
226,SI_ref_17,Alkali-modified SCG biochars,IBU,Synthetic,0.44148324888836815,0.28144543386598153,HistGradientBoosting,HistGradientBoosting_1
228,SI_ref_17,Alkali-modified SCG biochars,IBU,Synthetic,0.5342365334838785,0.28144543386598153,HistGradientBoosting,HistGradientBoosting_1
263,SI_ref_16,C-Biochar,IBU,Synthetic,0.5333333333333333,0.7282898183655663,HistGradientBoosting,HistGradientBoosting_1
264,SI_ref_16,C-Biochar,IBU,Synthetic,0.7333333333333333,0.7282898183655663,HistGradientBoosting,HistGradientBoosting_1
265,SI_ref_16,C-Biochar,IBU,Synthetic,0.6000000000000001,0.803423118282125,HistGradientBoosting,HistGradientBoosting_1
266,SI_ref_16,C-Biochar,IBU,Synthetic,0.6121212121212122,0.7853390456632197,HistGradientBoosting,HistGradientBoosting_1
267,SI_ref_16,C-Biochar,IBU,Synthetic,0.7333333333333333,0.7853390456632197,HistGradientBoosting,HistGradientBoosting_1
268,SI_ref_16,C-Biochar,IBU,Synthetic,0.5333333333333333,0.7853390456632197,HistGradientBoosting,HistGradientBoosting_1
269,SI_ref_16,C-Biochar,IBU,Synthetic,0.4666666666666666,0.7853390456632197,HistGradientBoosting,HistGradientBoosting_1
270,SI_ref_16,C-Biochar,IBU,Synthetic,0.5555555555555556,0.7853390456632197,HistGradientBoosting,HistGradientBoosting_1
271,SI_ref_16,C-Biochar,IBU,Synthetic,0.6000000000000001,0.7853390456632197,HistGradientBoosting,HistGradientBoosting_1
272,SI_ref_16,C-Biochar,IBU,Synthetic,0.6000000000000001,0.6846570064208856,HistGradientBoosting,HistGradientBoosting_1
273,SI_ref_16,C-Biochar,IBU,Synthetic,0.6000000000000001,0.6846570064208856,HistGradientBoosting,HistGradientBoosting_1
274,SI_ref_16,C-Biochar,IBU,Synthetic,1.0666666666666667,0.7709631721598655,HistGradientBoosting,HistGradientBoosting_1
275,SI_ref_16,C-Biochar,IBU,Synthetic,0.5277777777777777,0.7853390456632197,HistGradientBoosting,HistGradientBoosting_1
276,SI_ref_16,C-Biochar,IBU,Synthetic,0.7,0.7853390456632197,HistGradientBoosting,HistGradientBoosting_1
277,SI_ref_16,C-Biochar,IBU,Synthetic,0.7844444444444444,0.7853390456632197,HistGradientBoosting,HistGradientBoosting_1
278,SI_ref_16,C-Biochar,IBU,Synthetic,0.8430555555555557,0.7853390456632197,HistGradientBoosting,HistGradientBoosting_1
279,SI_ref_16,C-Biochar,IBU,Synthetic,0.861111111111111,0.7853390456632197,HistGradientBoosting,HistGradientBoosting_1
875,SI_ref_13,PB600,IBU,Synthetic,0.7639925373134329,0.7619933251295843,HistGradientBoosting,HistGradientBoosting_1
876,SI_ref_13,PB600,IBU,Synthetic,0.7266791044776119,0.7208281964490121,HistGradientBoosting,HistGradientBoosting_1
877,SI_ref_13,PB600,IBU,Synthetic,0.7328980099502487,0.677557234577347,HistGradientBoosting,HistGradientBoosting_1
878,SI_ref_13,PB600,IBU,Synthetic,0.7391169154228855,0.5842278653759322,HistGradientBoosting,HistGradientBoosting_1
879,SI_ref_13,PB600,IBU,Synthetic,0.6707089552238806,0.5382383296825715,HistGradientBoosting,HistGradientBoosting_1
880,SI_ref_13,PB600,IBU,Synthetic,0.5898631840796019,0.5314494876280874,HistGradientBoosting,HistGradientBoosting_1
881,SI_ref_13,PB600,IBU,Synthetic,0.2096102913356035,0.5164605024094723,HistGradientBoosting,HistGradientBoosting_1
882,SI_ref_13,PB600,IBU,Synthetic,0.7328980099502488,0.5323075156099166,HistGradientBoosting,HistGradientBoosting_1
883,SI_ref_13,PB600,IBU,Synthetic,0.611373922124096,0.5164605024094723,HistGradientBoosting,HistGradientBoosting_1
884,SI_ref_13,PB600,IBU,Synthetic,0.6847133757961785,0.5164605024094723,HistGradientBoosting,HistGradientBoosting_1
885,SI_ref_13,PB600,IBU,Synthetic,0.4580645161290322,0.5164605024094723,HistGradientBoosting,HistGradientBoosting_1
886,SI_ref_13,PB600,IBU,Synthetic,0.29347826086956524,0.5164605024094723,HistGradientBoosting,HistGradientBoosting_1
887,SI_ref_13,PB600,IBU,Synthetic,0.5772919064058304,0.46820283432544246,HistGradientBoosting,HistGradientBoosting_1
888,SI_ref_13,PB600,IBU,Synthetic,0.5887993862677406,0.46820283432544246,HistGradientBoosting,HistGradientBoosting_1
889,SI_ref_13,PB600,IBU,Synthetic,0.7258796821793417,0.5164605024094723,HistGradientBoosting,HistGradientBoosting_1
890,SI_ref_13,PB600,IBU,Synthetic,0.766427039979821,0.5164605024094723,HistGradientBoosting,HistGradientBoosting_1
891,SI_ref_13,PB600,IBU,Synthetic,0.8162693908437383,0.5164605024094723,HistGradientBoosting,HistGradientBoosting_1
892,SI_ref_13,PB600,IBU,Synthetic,0.8533052267445003,0.5164605024094723,HistGradientBoosting,HistGradientBoosting_1
893,SI_ref_13,PB600,IBU,Synthetic,0.9327073552425663,0.4979484140716842,HistGradientBoosting,HistGradientBoosting_1
894,SI_ref_13,PB600,IBU,Synthetic,0.6275430359937403,0.4979484140716842,HistGradientBoosting,HistGradientBoosting_1
895,SI_ref_13,PB600,IBU,Synthetic,0.35367762128325514,0.4979484140716842,HistGradientBoosting,HistGradientBoosting_1
896,SI_ref_13,PB600,IBU,Synthetic,0.4798506002849601,0.4979484140716842,HistGradientBoosting,HistGradientBoosting_1
897,SI_ref_13,PB600,IBU,Synthetic,0.2754303599374022,0.4979484140716842,HistGradientBoosting,HistGradientBoosting_1
922,SI_ref_13,PB800,IBU,Synthetic,0.4560270602706027,0.7019973800131998,HistGradientBoosting,HistGradientBoosting_1
923,SI_ref_13,PB800,IBU,Synthetic,0.4252767527675277,0.6602616189497925,HistGradientBoosting,HistGradientBoosting_1
924,SI_ref_13,PB800,IBU,Synthetic,0.40067650676506766,0.5933380269717434,HistGradientBoosting,HistGradientBoosting_1
925,SI_ref_13,PB800,IBU,Synthetic,0.39145141451414517,0.4495405028988926,HistGradientBoosting,HistGradientBoosting_1
926,SI_ref_13,PB800,IBU,Synthetic,0.38837638376383765,0.417326518356063,HistGradientBoosting,HistGradientBoosting_1
927,SI_ref_13,PB800,IBU,Synthetic,0.37915129151291516,0.4162754397782473,HistGradientBoosting,HistGradientBoosting_1
928,SI_ref_13,PB800,IBU,Synthetic,0.23013048635824437,0.40128645455963224,HistGradientBoosting,HistGradientBoosting_1
929,SI_ref_13,PB800,IBU,Synthetic,0.3126198695818949,0.4123674198971043,HistGradientBoosting,HistGradientBoosting_1
930,SI_ref_13,PB800,IBU,Synthetic,0.35520079622504414,0.40128645455963224,HistGradientBoosting,HistGradientBoosting_1
931,SI_ref_13,PB800,IBU,Synthetic,0.24946921443736733,0.40128645455963224,HistGradientBoosting,HistGradientBoosting_1
932,SI_ref_13,PB800,IBU,Synthetic,0.18924731182795698,0.40128645455963224,HistGradientBoosting,HistGradientBoosting_1
933,SI_ref_13,PB800,IBU,Synthetic,0.08514492753623189,0.40128645455963224,HistGradientBoosting,HistGradientBoosting_1
934,SI_ref_13,PB800,IBU,Synthetic,0.4392021480629075,0.3286769890947297,HistGradientBoosting,HistGradientBoosting_1
935,SI_ref_13,PB800,IBU,Synthetic,0.4238588415803605,0.3286769890947297,HistGradientBoosting,HistGradientBoosting_1
936,SI_ref_13,PB800,IBU,Synthetic,0.5142348754448398,0.40128645455963224,HistGradientBoosting,HistGradientBoosting_1
937,SI_ref_13,PB800,IBU,Synthetic,0.5523922499011468,0.40128645455963224,HistGradientBoosting,HistGradientBoosting_1
938,SI_ref_13,PB800,IBU,Synthetic,0.5686613285883748,0.40128645455963224,HistGradientBoosting,HistGradientBoosting_1
939,SI_ref_13,PB800,IBU,Synthetic,0.5875275377054737,0.40128645455963224,HistGradientBoosting,HistGradientBoosting_1
940,SI_ref_13,PB800,IBU,Synthetic,0.712022367194781,0.3466334496174094,HistGradientBoosting,HistGradientBoosting_1
941,SI_ref_13,PB800,IBU,Synthetic,0.5069897483690587,0.3466334496174094,HistGradientBoosting,HistGradientBoosting_1
942,SI_ref_13,PB800,IBU,Synthetic,0.31469400434917677,0.3466334496174094,HistGradientBoosting,HistGradientBoosting_1
943,SI_ref_13,PB800,IBU,Synthetic,0.22960794568575607,0.3466334496174094,HistGradientBoosting,HistGradientBoosting_1
944,SI_ref_13,PB800,IBU,Synthetic,0.10958005249343833,0.3466334496174094,HistGradientBoosting,HistGradientBoosting_1
1117,SI_ref_17,Pristine SCG biochar,EE2,Synthetic,0.9630524728687239,0.9052856350508841,HistGradientBoosting,HistGradientBoosting_1
1119,SI_ref_17,Pristine SCG biochar,EE2,Synthetic,0.9610835485312063,0.8947370529996991,HistGradientBoosting,HistGradientBoosting_1
1121,SI_ref_17,Pristine SCG biochar,EE2,Synthetic,0.9527872619203276,0.8876488416507727,HistGradientBoosting,HistGradientBoosting_1
1123,SI_ref_17,Pristine SCG biochar,EE2,Synthetic,0.9558259103687238,0.8827185980116316,HistGradientBoosting,HistGradientBoosting_1
1125,SI_ref_17,Pristine SCG biochar,EE2,Synthetic,0.9519368217180961,0.8802750744195358,HistGradientBoosting,HistGradientBoosting_1
1127,SI_ref_17,Pristine SCG biochar,EE2,Synthetic,0.9377852461427824,0.8802750744195358,HistGradientBoosting,HistGradientBoosting_1
1129,SI_ref_17,Pristine SCG biochar,EE2,Synthetic,0.9348668633411785,0.8801857325371281,HistGradientBoosting,HistGradientBoosting_1
1131,SI_ref_17,Pristine SCG biochar,EE2,Synthetic,0.8111252475275296,0.8349099807292398,HistGradientBoosting,HistGradientBoosting_1
1133,SI_ref_17,Pristine SCG biochar,EE2,Synthetic,0.8609155049620831,0.8783989911582643,HistGradientBoosting,HistGradientBoosting_1
1135,SI_ref_17,Pristine SCG biochar,EE2,Synthetic,0.8239304667585977,0.8783989911582643,HistGradientBoosting,HistGradientBoosting_1
1137,SI_ref_17,Pristine SCG biochar,EE2,Synthetic,0.8257334628724249,0.8783989911582643,HistGradientBoosting,HistGradientBoosting_1
1139,SI_ref_17,Pristine SCG biochar,EE2,Synthetic,0.8269992896243368,0.8783989911582643,HistGradientBoosting,HistGradientBoosting_1
1141,SI_ref_17,Pristine SCG biochar,EE2,Synthetic,0.8244509213990222,0.8783989911582643,HistGradientBoosting,HistGradientBoosting_1
1143,SI_ref_17,Pristine SCG biochar,EE2,Synthetic,0.8163766662487987,0.8783989911582643,HistGradientBoosting,HistGradientBoosting_1
1145,SI_ref_17,Pristine SCG biochar,EE2,Synthetic,0.981137644940341,0.871624856167297,HistGradientBoosting,HistGradientBoosting_1
1147,SI_ref_17,Pristine SCG biochar,EE2,Synthetic,0.8965862728271835,0.8783989911582643,HistGradientBoosting,HistGradientBoosting_1
1149,SI_ref_17,Pristine SCG biochar,EE2,Synthetic,0.9030676738865168,0.8783989911582643,HistGradientBoosting,HistGradientBoosting_1
1151,SI_ref_17,Pristine SCG biochar,EE2,Synthetic,0.886080261818485,0.8783989911582643,HistGradientBoosting,HistGradientBoosting_1
1153,SI_ref_17,Pristine SCG biochar,EE2,Synthetic,0.8949069839273535,0.8783989911582643,HistGradientBoosting,HistGradientBoosting_1
1155,SI_ref_17,Pristine SCG biochar,EE2,Synthetic,0.8378189552043488,0.8783989911582643,HistGradientBoosting,HistGradientBoosting_1
1157,SI_ref_17,Pristine SCG biochar,IBU,Synthetic,0.9060511140454979,0.9476055454902517,HistGradientBoosting,HistGradientBoosting_1
1159,SI_ref_17,Pristine SCG biochar,IBU,Synthetic,0.9004320791615827,0.9366692160581699,HistGradientBoosting,HistGradientBoosting_1
1161,SI_ref_17,Pristine SCG biochar,IBU,Synthetic,0.894961472244973,0.9285998772738012,HistGradientBoosting,HistGradientBoosting_1
1163,SI_ref_17,Pristine SCG biochar,IBU,Synthetic,0.8949151720794959,0.9224188082593172,HistGradientBoosting,HistGradientBoosting_1
1165,SI_ref_17,Pristine SCG biochar,IBU,Synthetic,0.892599829508416,0.918848018356733,HistGradientBoosting,HistGradientBoosting_1
1167,SI_ref_17,Pristine SCG biochar,IBU,Synthetic,0.8914167516338777,0.918848018356733,HistGradientBoosting,HistGradientBoosting_1
1169,SI_ref_17,Pristine SCG biochar,IBU,Synthetic,0.886841225533622,0.9191597875637824,HistGradientBoosting,HistGradientBoosting_1
1171,SI_ref_17,Pristine SCG biochar,IBU,Synthetic,0.8055661914208297,0.8679780292548175,HistGradientBoosting,HistGradientBoosting_1
1173,SI_ref_17,Pristine SCG biochar,IBU,Synthetic,0.9319085004678631,0.9179148411943217,HistGradientBoosting,HistGradientBoosting_1
1175,SI_ref_17,Pristine SCG biochar,IBU,Synthetic,0.9111084458291452,0.9179148411943217,HistGradientBoosting,HistGradientBoosting_1
1177,SI_ref_17,Pristine SCG biochar,IBU,Synthetic,0.9162887928675453,0.9179148411943217,HistGradientBoosting,HistGradientBoosting_1
1179,SI_ref_17,Pristine SCG biochar,IBU,Synthetic,0.9142212192930818,0.9179148411943217,HistGradientBoosting,HistGradientBoosting_1
1181,SI_ref_17,Pristine SCG biochar,IBU,Synthetic,0.9090486144760851,0.9179148411943217,HistGradientBoosting,HistGradientBoosting_1
1183,SI_ref_17,Pristine SCG biochar,IBU,Synthetic,0.9114748664800524,0.9179148411943217,HistGradientBoosting,HistGradientBoosting_1
1185,SI_ref_17,Pristine SCG biochar,IBU,Synthetic,0.93372158594911,0.9433114131557381,HistGradientBoosting,HistGradientBoosting_1
1187,SI_ref_17,Pristine SCG biochar,IBU,Synthetic,0.9448963419259283,0.9179148411943217,HistGradientBoosting,HistGradientBoosting_1
1189,SI_ref_17,Pristine SCG biochar,IBU,Synthetic,0.9210277046979152,0.9179148411943217,HistGradientBoosting,HistGradientBoosting_1
1191,SI_ref_17,Pristine SCG biochar,IBU,Synthetic,0.9513456586569363,0.9179148411943217,HistGradientBoosting,HistGradientBoosting_1
1193,SI_ref_17,Pristine SCG biochar,IBU,Synthetic,0.9310638115047126,0.9179148411943217,HistGradientBoosting,HistGradientBoosting_1
1195,SI_ref_17,Pristine SCG biochar,IBU,Synthetic,0.9376778036385122,0.9179148411943217,HistGradientBoosting,HistGradientBoosting_1
155,SI_ref_17,Alkali-modified SCG biochars,EE2,Synthetic,0.281684429186895,0.07267875645803845,Huber,Huber_1
157,SI_ref_17,Alkali-modified SCG biochars,EE2,Synthetic,0.1736546812353491,0.058127970840364196,Huber,Huber_1
159,SI_ref_17,Alkali-modified SCG biochars,EE2,Synthetic,0.0890939833732563,0.03474773234597606,Huber,Huber_1
161,SI_ref_17,Alkali-modified SCG biochars,EE2,Synthetic,0.0719303611000807,0.019906865384715755,Huber,Huber_1
163,SI_ref_17,Alkali-modified SCG biochars,EE2,Synthetic,0.06892444951131721,0.011210588180795011,Huber,Huber_1
165,SI_ref_17,Alkali-modified SCG biochars,EE2,Synthetic,0.06161971981332274,0.005036327652153172,Huber,Huber_1
167,SI_ref_17,Alkali-modified SCG biochars,EE2,Synthetic,0.06227375203350968,-0.001140413872957935,Huber,Huber_1
169,SI_ref_17,Alkali-modified SCG biochars,EE2,Synthetic,0.013530055813574512,-0.05047738915300004,Huber,Huber_1
171,SI_ref_17,Alkali-modified SCG biochars,EE2,Synthetic,0.09051861058315946,-0.009849091765943452,Huber,Huber_1
178,SI_ref_17,Alkali-modified SCG biochars,EE2,Synthetic,0.053215646133789624,0.03077920562111308,Huber,Huber_1
180,SI_ref_17,Alkali-modified SCG biochars,EE2,Synthetic,0.2279548813058391,-0.009849091765943452,Huber,Huber_1
182,SI_ref_17,Alkali-modified SCG biochars,EE2,Synthetic,0.3168155258198777,-0.009849091765943452,Huber,Huber_1
184,SI_ref_17,Alkali-modified SCG biochars,EE2,Synthetic,0.4518596548311438,-0.009849091765943452,Huber,Huber_1
186,SI_ref_17,Alkali-modified SCG biochars,EE2,Synthetic,0.5444612813197839,-0.009849091765943452,Huber,Huber_1
188,SI_ref_17,Alkali-modified SCG biochars,EE2,Synthetic,0.6153689348029446,-0.009849091765943452,Huber,Huber_1
190,SI_ref_17,Alkali-modified SCG biochars,IBU,Synthetic,0.22674008618295227,0.20341873307976172,Huber,Huber_1
192,SI_ref_17,Alkali-modified SCG biochars,IBU,Synthetic,0.18762987622773672,0.18886794746208746,Huber,Huber_1
194,SI_ref_17,Alkali-modified SCG biochars,IBU,Synthetic,0.0964989432139522,0.16548770896769932,Huber,Huber_1
196,SI_ref_17,Alkali-modified SCG biochars,IBU,Synthetic,0.056403766337859394,0.15064684200643907,Huber,Huber_1
198,SI_ref_17,Alkali-modified SCG biochars,IBU,Synthetic,0.04365646649895644,0.14195056480251833,Huber,Huber_1
200,SI_ref_17,Alkali-modified SCG biochars,IBU,Synthetic,0.05275302685215311,0.13577630427387644,Huber,Huber_1
202,SI_ref_17,Alkali-modified SCG biochars,IBU,Synthetic,0.051463060103218494,0.12959956274876538,Huber,Huber_1
204,SI_ref_17,Alkali-modified SCG biochars,IBU,Synthetic,0.0020992565231803756,0.08026258746872322,Huber,Huber_1
206,SI_ref_17,Alkali-modified SCG biochars,IBU,Synthetic,0.05901922048526246,0.12089088485577981,Huber,Huber_1
208,SI_ref_17,Alkali-modified SCG biochars,IBU,Synthetic,0.12337327274312365,0.12089088485577981,Huber,Huber_1
210,SI_ref_17,Alkali-modified SCG biochars,IBU,Synthetic,0.09406602807201081,0.12089088485577981,Huber,Huber_1
212,SI_ref_17,Alkali-modified SCG biochars,IBU,Synthetic,0.09483947953445797,0.12089088485577981,Huber,Huber_1
214,SI_ref_17,Alkali-modified SCG biochars,IBU,Synthetic,0.10723758772503378,0.12089088485577981,Huber,Huber_1
216,SI_ref_17,Alkali-modified SCG biochars,IBU,Synthetic,0.10107027265594352,0.12089088485577981,Huber,Huber_1
218,SI_ref_17,Alkali-modified SCG biochars,IBU,Synthetic,0.30424911735147564,0.1615191822428364,Huber,Huber_1
220,SI_ref_17,Alkali-modified SCG biochars,IBU,Synthetic,0.004839210099114782,0.12089088485577981,Huber,Huber_1
222,SI_ref_17,Alkali-modified SCG biochars,IBU,Synthetic,0.04374442489311713,0.12089088485577981,Huber,Huber_1
224,SI_ref_17,Alkali-modified SCG biochars,IBU,Synthetic,0.2945083196339574,0.12089088485577981,Huber,Huber_1
226,SI_ref_17,Alkali-modified SCG biochars,IBU,Synthetic,0.44148324888836815,0.12089088485577981,Huber,Huber_1
228,SI_ref_17,Alkali-modified SCG biochars,IBU,Synthetic,0.5342365334838785,0.12089088485577981,Huber,Huber_1
263,SI_ref_16,C-Biochar,IBU,Synthetic,0.5333333333333333,0.5612524300748953,Huber,Huber_1
264,SI_ref_16,C-Biochar,IBU,Synthetic,0.7333333333333333,0.5815665787684237,Huber,Huber_1
265,SI_ref_16,C-Biochar,IBU,Synthetic,0.6000000000000001,0.6210312504640052,Huber,Huber_1
266,SI_ref_16,C-Biochar,IBU,Synthetic,0.6121212121212122,0.601880727461952,Huber,Huber_1
267,SI_ref_16,C-Biochar,IBU,Synthetic,0.7333333333333333,0.601880727461952,Huber,Huber_1
268,SI_ref_16,C-Biochar,IBU,Synthetic,0.5333333333333333,0.601880727461952,Huber,Huber_1
269,SI_ref_16,C-Biochar,IBU,Synthetic,0.4666666666666666,0.601880727461952,Huber,Huber_1
270,SI_ref_16,C-Biochar,IBU,Synthetic,0.5555555555555556,0.601880727461952,Huber,Huber_1
271,SI_ref_16,C-Biochar,IBU,Synthetic,0.6000000000000001,0.601880727461952,Huber,Huber_1
272,SI_ref_16,C-Biochar,IBU,Synthetic,0.6000000000000001,0.5827302044598986,Huber,Huber_1
273,SI_ref_16,C-Biochar,IBU,Synthetic,0.6000000000000001,0.5635796814578454,Huber,Huber_1
274,SI_ref_16,C-Biochar,IBU,Synthetic,1.0666666666666667,0.6221948761554803,Huber,Huber_1
275,SI_ref_16,C-Biochar,IBU,Synthetic,0.5277777777777777,0.601880727461952,Huber,Huber_1
276,SI_ref_16,C-Biochar,IBU,Synthetic,0.7,0.601880727461952,Huber,Huber_1
277,SI_ref_16,C-Biochar,IBU,Synthetic,0.7844444444444444,0.601880727461952,Huber,Huber_1
278,SI_ref_16,C-Biochar,IBU,Synthetic,0.8430555555555557,0.601880727461952,Huber,Huber_1
279,SI_ref_16,C-Biochar,IBU,Synthetic,0.861111111111111,0.601880727461952,Huber,Huber_1
875,SI_ref_13,PB600,IBU,Synthetic,0.7639925373134329,0.6384527406913918,Huber,Huber_1
876,SI_ref_13,PB600,IBU,Synthetic,0.7266791044776119,0.6239019550737176,Huber,Huber_1
877,SI_ref_13,PB600,IBU,Synthetic,0.7328980099502487,0.609178551007884,Huber,Huber_1
878,SI_ref_13,PB600,IBU,Synthetic,0.7391169154228855,0.6005217165793294,Huber,Huber_1
879,SI_ref_13,PB600,IBU,Synthetic,0.6707089552238806,0.5856808496180692,Huber,Huber_1
880,SI_ref_13,PB600,IBU,Synthetic,0.5898631840796019,0.5769845724141485,Huber,Huber_1
881,SI_ref_13,PB600,IBU,Synthetic,0.2096102913356035,0.5708103118855066,Huber,Huber_1
882,SI_ref_13,PB600,IBU,Synthetic,0.7328980099502488,0.5899608348875598,Huber,Huber_1
883,SI_ref_13,PB600,IBU,Synthetic,0.611373922124096,0.5708103118855066,Huber,Huber_1
884,SI_ref_13,PB600,IBU,Synthetic,0.6847133757961785,0.5708103118855066,Huber,Huber_1
885,SI_ref_13,PB600,IBU,Synthetic,0.4580645161290322,0.5708103118855066,Huber,Huber_1
886,SI_ref_13,PB600,IBU,Synthetic,0.29347826086956524,0.5708103118855066,Huber,Huber_1
887,SI_ref_13,PB600,IBU,Synthetic,0.5772919064058304,0.5516597888834534,Huber,Huber_1
888,SI_ref_13,PB600,IBU,Synthetic,0.5887993862677406,0.5325092658814,Huber,Huber_1
889,SI_ref_13,PB600,IBU,Synthetic,0.7258796821793417,0.5708103118855066,Huber,Huber_1
890,SI_ref_13,PB600,IBU,Synthetic,0.766427039979821,0.5708103118855066,Huber,Huber_1
891,SI_ref_13,PB600,IBU,Synthetic,0.8162693908437383,0.5708103118855066,Huber,Huber_1
892,SI_ref_13,PB600,IBU,Synthetic,0.8533052267445003,0.5708103118855066,Huber,Huber_1
893,SI_ref_13,PB600,IBU,Synthetic,0.9327073552425663,0.55592489246741,Huber,Huber_1
894,SI_ref_13,PB600,IBU,Synthetic,0.6275430359937403,0.55592489246741,Huber,Huber_1
895,SI_ref_13,PB600,IBU,Synthetic,0.35367762128325514,0.55592489246741,Huber,Huber_1
896,SI_ref_13,PB600,IBU,Synthetic,0.4798506002849601,0.55592489246741,Huber,Huber_1
897,SI_ref_13,PB600,IBU,Synthetic,0.2754303599374022,0.55592489246741,Huber,Huber_1
922,SI_ref_13,PB800,IBU,Synthetic,0.4560270602706027,0.48624183979206287,Huber,Huber_1
923,SI_ref_13,PB800,IBU,Synthetic,0.4252767527675277,0.47169105417438867,Huber,Huber_1
924,SI_ref_13,PB800,IBU,Synthetic,0.40067650676506766,0.4569676501085551,Huber,Huber_1
925,SI_ref_13,PB800,IBU,Synthetic,0.39145141451414517,0.4483108156800005,Huber,Huber_1
926,SI_ref_13,PB800,IBU,Synthetic,0.38837638376383765,0.43346994871874023,Huber,Huber_1
927,SI_ref_13,PB800,IBU,Synthetic,0.37915129151291516,0.4247736715148195,Huber,Huber_1
928,SI_ref_13,PB800,IBU,Synthetic,0.23013048635824437,0.41859941098617764,Huber,Huber_1
929,SI_ref_13,PB800,IBU,Synthetic,0.3126198695818949,0.43774993398823087,Huber,Huber_1
930,SI_ref_13,PB800,IBU,Synthetic,0.35520079622504414,0.41859941098617764,Huber,Huber_1
931,SI_ref_13,PB800,IBU,Synthetic,0.24946921443736733,0.41859941098617764,Huber,Huber_1
932,SI_ref_13,PB800,IBU,Synthetic,0.18924731182795698,0.41859941098617764,Huber,Huber_1
933,SI_ref_13,PB800,IBU,Synthetic,0.08514492753623189,0.41859941098617764,Huber,Huber_1
934,SI_ref_13,PB800,IBU,Synthetic,0.4392021480629075,0.39944888798412437,Huber,Huber_1
935,SI_ref_13,PB800,IBU,Synthetic,0.4238588415803605,0.38029836498207115,Huber,Huber_1
936,SI_ref_13,PB800,IBU,Synthetic,0.5142348754448398,0.41859941098617764,Huber,Huber_1
937,SI_ref_13,PB800,IBU,Synthetic,0.5523922499011468,0.41859941098617764,Huber,Huber_1
938,SI_ref_13,PB800,IBU,Synthetic,0.5686613285883748,0.41859941098617764,Huber,Huber_1
939,SI_ref_13,PB800,IBU,Synthetic,0.5875275377054737,0.41859941098617764,Huber,Huber_1
940,SI_ref_13,PB800,IBU,Synthetic,0.712022367194781,0.40371399156808097,Huber,Huber_1
941,SI_ref_13,PB800,IBU,Synthetic,0.5069897483690587,0.40371399156808097,Huber,Huber_1
942,SI_ref_13,PB800,IBU,Synthetic,0.31469400434917677,0.40371399156808097,Huber,Huber_1
943,SI_ref_13,PB800,IBU,Synthetic,0.22960794568575607,0.40371399156808097,Huber,Huber_1
944,SI_ref_13,PB800,IBU,Synthetic,0.10958005249343833,0.40371399156808097,Huber,Huber_1
1117,SI_ref_17,Pristine SCG biochar,EE2,Synthetic,0.9630524728687239,0.6795237322405037,Huber,Huber_1
1119,SI_ref_17,Pristine SCG biochar,EE2,Synthetic,0.9610835485312063,0.6649729466228296,Huber,Huber_1
1121,SI_ref_17,Pristine SCG biochar,EE2,Synthetic,0.9527872619203276,0.6415927081284414,Huber,Huber_1
1123,SI_ref_17,Pristine SCG biochar,EE2,Synthetic,0.9558259103687238,0.6267518411671811,Huber,Huber_1
1125,SI_ref_17,Pristine SCG biochar,EE2,Synthetic,0.9519368217180961,0.6180555639632603,Huber,Huber_1
1127,SI_ref_17,Pristine SCG biochar,EE2,Synthetic,0.9377852461427824,0.6118813034346184,Huber,Huber_1
1129,SI_ref_17,Pristine SCG biochar,EE2,Synthetic,0.9348668633411785,0.6057045619095074,Huber,Huber_1
1131,SI_ref_17,Pristine SCG biochar,EE2,Synthetic,0.8111252475275296,0.5563675866294653,Huber,Huber_1
1133,SI_ref_17,Pristine SCG biochar,EE2,Synthetic,0.8609155049620831,0.5969958840165218,Huber,Huber_1
1135,SI_ref_17,Pristine SCG biochar,EE2,Synthetic,0.8239304667585977,0.5969958840165218,Huber,Huber_1
1137,SI_ref_17,Pristine SCG biochar,EE2,Synthetic,0.8257334628724249,0.5969958840165218,Huber,Huber_1
1139,SI_ref_17,Pristine SCG biochar,EE2,Synthetic,0.8269992896243368,0.5969958840165218,Huber,Huber_1
1141,SI_ref_17,Pristine SCG biochar,EE2,Synthetic,0.8244509213990222,0.5969958840165218,Huber,Huber_1
1143,SI_ref_17,Pristine SCG biochar,EE2,Synthetic,0.8163766662487987,0.5969958840165218,Huber,Huber_1
1145,SI_ref_17,Pristine SCG biochar,EE2,Synthetic,0.981137644940341,0.6376241814035783,Huber,Huber_1
1147,SI_ref_17,Pristine SCG biochar,EE2,Synthetic,0.8965862728271835,0.5969958840165218,Huber,Huber_1
1149,SI_ref_17,Pristine SCG biochar,EE2,Synthetic,0.9030676738865168,0.5969958840165218,Huber,Huber_1
1151,SI_ref_17,Pristine SCG biochar,EE2,Synthetic,0.886080261818485,0.5969958840165218,Huber,Huber_1
1153,SI_ref_17,Pristine SCG biochar,EE2,Synthetic,0.8949069839273535,0.5969958840165218,Huber,Huber_1
1155,SI_ref_17,Pristine SCG biochar,EE2,Synthetic,0.8378189552043488,0.5969958840165218,Huber,Huber_1
1157,SI_ref_17,Pristine SCG biochar,IBU,Synthetic,0.9060511140454979,0.8102637088622271,Huber,Huber_1
1159,SI_ref_17,Pristine SCG biochar,IBU,Synthetic,0.9004320791615827,0.7957129232445528,Huber,Huber_1
1161,SI_ref_17,Pristine SCG biochar,IBU,Synthetic,0.894961472244973,0.7723326847501646,Huber,Huber_1
1163,SI_ref_17,Pristine SCG biochar,IBU,Synthetic,0.8949151720794959,0.7574918177889043,Huber,Huber_1
1165,SI_ref_17,Pristine SCG biochar,IBU,Synthetic,0.892599829508416,0.7487955405849835,Huber,Huber_1
1167,SI_ref_17,Pristine SCG biochar,IBU,Synthetic,0.8914167516338777,0.7426212800563418,Huber,Huber_1
1169,SI_ref_17,Pristine SCG biochar,IBU,Synthetic,0.886841225533622,0.7364445385312307,Huber,Huber_1
1171,SI_ref_17,Pristine SCG biochar,IBU,Synthetic,0.8055661914208297,0.6871075632511885,Huber,Huber_1
1173,SI_ref_17,Pristine SCG biochar,IBU,Synthetic,0.9319085004678631,0.7277358606382451,Huber,Huber_1
1175,SI_ref_17,Pristine SCG biochar,IBU,Synthetic,0.9111084458291452,0.7277358606382451,Huber,Huber_1
1177,SI_ref_17,Pristine SCG biochar,IBU,Synthetic,0.9162887928675453,0.7277358606382451,Huber,Huber_1
1179,SI_ref_17,Pristine SCG biochar,IBU,Synthetic,0.9142212192930818,0.7277358606382451,Huber,Huber_1
1181,SI_ref_17,Pristine SCG biochar,IBU,Synthetic,0.9090486144760851,0.7277358606382451,Huber,Huber_1
1183,SI_ref_17,Pristine SCG biochar,IBU,Synthetic,0.9114748664800524,0.7277358606382451,Huber,Huber_1
1185,SI_ref_17,Pristine SCG biochar,IBU,Synthetic,0.93372158594911,0.7683641580253018,Huber,Huber_1
1187,SI_ref_17,Pristine SCG biochar,IBU,Synthetic,0.9448963419259283,0.7277358606382451,Huber,Huber_1
1189,SI_ref_17,Pristine SCG biochar,IBU,Synthetic,0.9210277046979152,0.7277358606382451,Huber,Huber_1
1191,SI_ref_17,Pristine SCG biochar,IBU,Synthetic,0.9513456586569363,0.7277358606382451,Huber,Huber_1
1193,SI_ref_17,Pristine SCG biochar,IBU,Synthetic,0.9310638115047126,0.7277358606382451,Huber,Huber_1
1195,SI_ref_17,Pristine SCG biochar,IBU,Synthetic,0.9376778036385122,0.7277358606382451,Huber,Huber_1
155,SI_ref_17,Alkali-modified SCG biochars,EE2,Synthetic,0.281684429186895,0.2549208432229934,KNN,KNN_1
157,SI_ref_17,Alkali-modified SCG biochars,EE2,Synthetic,0.1736546812353491,0.18197125038740702,KNN,KNN_1
159,SI_ref_17,Alkali-modified SCG biochars,EE2,Synthetic,0.0890939833732563,0.11266398490171704,KNN,KNN_1
161,SI_ref_17,Alkali-modified SCG biochars,EE2,Synthetic,0.0719303611000807,0.06524671018756416,KNN,KNN_1
163,SI_ref_17,Alkali-modified SCG biochars,EE2,Synthetic,0.06892444951131721,0.056224978414680625,KNN,KNN_1
165,SI_ref_17,Alkali-modified SCG biochars,EE2,Synthetic,0.06161971981332274,0.038517317039264524,KNN,KNN_1
167,SI_ref_17,Alkali-modified SCG biochars,EE2,Synthetic,0.06227375203350968,0.03242258502512383,KNN,KNN_1
169,SI_ref_17,Alkali-modified SCG biochars,EE2,Synthetic,0.013530055813574512,0.2176350153872088,KNN,KNN_1
171,SI_ref_17,Alkali-modified SCG biochars,EE2,Synthetic,0.09051861058315946,0.01716505340247702,KNN,KNN_1
178,SI_ref_17,Alkali-modified SCG biochars,EE2,Synthetic,0.053215646133789624,0.28295169386081925,KNN,KNN_1
180,SI_ref_17,Alkali-modified SCG biochars,EE2,Synthetic,0.2279548813058391,0.01716505340247702,KNN,KNN_1
182,SI_ref_17,Alkali-modified SCG biochars,EE2,Synthetic,0.3168155258198777,0.01716505340247702,KNN,KNN_1
184,SI_ref_17,Alkali-modified SCG biochars,EE2,Synthetic,0.4518596548311438,0.01716505340247702,KNN,KNN_1
186,SI_ref_17,Alkali-modified SCG biochars,EE2,Synthetic,0.5444612813197839,0.01716505340247702,KNN,KNN_1
188,SI_ref_17,Alkali-modified SCG biochars,EE2,Synthetic,0.6153689348029446,0.01716505340247702,KNN,KNN_1
190,SI_ref_17,Alkali-modified SCG biochars,IBU,Synthetic,0.22674008618295227,0.39363585020720826,KNN,KNN_1
192,SI_ref_17,Alkali-modified SCG biochars,IBU,Synthetic,0.18762987622773672,0.39317694131611597,KNN,KNN_1
194,SI_ref_17,Alkali-modified SCG biochars,IBU,Synthetic,0.0964989432139522,0.22960213799124465,KNN,KNN_1
196,SI_ref_17,Alkali-modified SCG biochars,IBU,Synthetic,0.056403766337859394,0.29341093332704093,KNN,KNN_1
198,SI_ref_17,Alkali-modified SCG biochars,IBU,Synthetic,0.04365646649895644,0.283724995299919,KNN,KNN_1
200,SI_ref_17,Alkali-modified SCG biochars,IBU,Synthetic,0.05275302685215311,0.1999531525302988,KNN,KNN_1
202,SI_ref_17,Alkali-modified SCG biochars,IBU,Synthetic,0.051463060103218494,0.1853350712437955,KNN,KNN_1
204,SI_ref_17,Alkali-modified SCG biochars,IBU,Synthetic,0.0020992565231803756,0.21999463565372204,KNN,KNN_1
206,SI_ref_17,Alkali-modified SCG biochars,IBU,Synthetic,0.05901922048526246,0.01716505340247702,KNN,KNN_1
208,SI_ref_17,Alkali-modified SCG biochars,IBU,Synthetic,0.12337327274312365,0.017165053402477023,KNN,KNN_1
210,SI_ref_17,Alkali-modified SCG biochars,IBU,Synthetic,0.09406602807201081,0.01716505340247702,KNN,KNN_1
212,SI_ref_17,Alkali-modified SCG biochars,IBU,Synthetic,0.09483947953445797,0.017165053402477023,KNN,KNN_1
214,SI_ref_17,Alkali-modified SCG biochars,IBU,Synthetic,0.10723758772503378,0.01716505340247702,KNN,KNN_1
216,SI_ref_17,Alkali-modified SCG biochars,IBU,Synthetic,0.10107027265594352,0.017165053402477023,KNN,KNN_1
218,SI_ref_17,Alkali-modified SCG biochars,IBU,Synthetic,0.30424911735147564,0.3301945229707228,KNN,KNN_1
220,SI_ref_17,Alkali-modified SCG biochars,IBU,Synthetic,0.004839210099114782,0.017165053402477023,KNN,KNN_1
222,SI_ref_17,Alkali-modified SCG biochars,IBU,Synthetic,0.04374442489311713,0.01716505340247702,KNN,KNN_1
224,SI_ref_17,Alkali-modified SCG biochars,IBU,Synthetic,0.2945083196339574,0.017165053402477023,KNN,KNN_1
226,SI_ref_17,Alkali-modified SCG biochars,IBU,Synthetic,0.44148324888836815,0.01716505340247702,KNN,KNN_1
228,SI_ref_17,Alkali-modified SCG biochars,IBU,Synthetic,0.5342365334838785,0.017165053402477023,KNN,KNN_1
263,SI_ref_16,C-Biochar,IBU,Synthetic,0.5333333333333333,0.6657355596632991,KNN,KNN_1
264,SI_ref_16,C-Biochar,IBU,Synthetic,0.7333333333333333,0.7158597035023951,KNN,KNN_1
265,SI_ref_16,C-Biochar,IBU,Synthetic,0.6000000000000001,0.7627846327919918,KNN,KNN_1
266,SI_ref_16,C-Biochar,IBU,Synthetic,0.6121212121212122,0.8401925925925926,KNN,KNN_1
267,SI_ref_16,C-Biochar,IBU,Synthetic,0.7333333333333333,0.8401925925925927,KNN,KNN_1
268,SI_ref_16,C-Biochar,IBU,Synthetic,0.5333333333333333,0.8401925925925926,KNN,KNN_1
269,SI_ref_16,C-Biochar,IBU,Synthetic,0.4666666666666666,0.8401925925925927,KNN,KNN_1
270,SI_ref_16,C-Biochar,IBU,Synthetic,0.5555555555555556,0.8401925925925926,KNN,KNN_1
271,SI_ref_16,C-Biochar,IBU,Synthetic,0.6000000000000001,0.8401925925925927,KNN,KNN_1
272,SI_ref_16,C-Biochar,IBU,Synthetic,0.6000000000000001,0.6677922627246997,KNN,KNN_1
273,SI_ref_16,C-Biochar,IBU,Synthetic,0.6000000000000001,0.5825927443041317,KNN,KNN_1
274,SI_ref_16,C-Biochar,IBU,Synthetic,1.0666666666666667,0.6911546247069139,KNN,KNN_1
275,SI_ref_16,C-Biochar,IBU,Synthetic,0.5277777777777777,0.8401925925925927,KNN,KNN_1
276,SI_ref_16,C-Biochar,IBU,Synthetic,0.7,0.8401925925925926,KNN,KNN_1
277,SI_ref_16,C-Biochar,IBU,Synthetic,0.7844444444444444,0.8401925925925927,KNN,KNN_1
278,SI_ref_16,C-Biochar,IBU,Synthetic,0.8430555555555557,0.8401925925925926,KNN,KNN_1
279,SI_ref_16,C-Biochar,IBU,Synthetic,0.861111111111111,0.8401925925925927,KNN,KNN_1
875,SI_ref_13,PB600,IBU,Synthetic,0.7639925373134329,0.5285971184849909,KNN,KNN_1
876,SI_ref_13,PB600,IBU,Synthetic,0.7266791044776119,0.5240389798348024,KNN,KNN_1
877,SI_ref_13,PB600,IBU,Synthetic,0.7328980099502487,0.5170115792604545,KNN,KNN_1
878,SI_ref_13,PB600,IBU,Synthetic,0.7391169154228855,0.48744062388339365,KNN,KNN_1
879,SI_ref_13,PB600,IBU,Synthetic,0.6707089552238806,0.41940463991409266,KNN,KNN_1
880,SI_ref_13,PB600,IBU,Synthetic,0.5898631840796019,0.4169423750472301,KNN,KNN_1
881,SI_ref_13,PB600,IBU,Synthetic,0.2096102913356035,0.47136324338396485,KNN,KNN_1
882,SI_ref_13,PB600,IBU,Synthetic,0.7328980099502488,0.43480045455775235,KNN,KNN_1
883,SI_ref_13,PB600,IBU,Synthetic,0.611373922124096,0.47136324338396485,KNN,KNN_1
884,SI_ref_13,PB600,IBU,Synthetic,0.6847133757961785,0.4713632433839648,KNN,KNN_1
885,SI_ref_13,PB600,IBU,Synthetic,0.4580645161290322,0.47136324338396485,KNN,KNN_1
886,SI_ref_13,PB600,IBU,Synthetic,0.29347826086956524,0.4713632433839648,KNN,KNN_1
887,SI_ref_13,PB600,IBU,Synthetic,0.5772919064058304,0.4233154027641507,KNN,KNN_1
888,SI_ref_13,PB600,IBU,Synthetic,0.5887993862677406,0.6963887060529358,KNN,KNN_1
889,SI_ref_13,PB600,IBU,Synthetic,0.7258796821793417,0.47136324338396485,KNN,KNN_1
890,SI_ref_13,PB600,IBU,Synthetic,0.766427039979821,0.4713632433839648,KNN,KNN_1
891,SI_ref_13,PB600,IBU,Synthetic,0.8162693908437383,0.47136324338396485,KNN,KNN_1
892,SI_ref_13,PB600,IBU,Synthetic,0.8533052267445003,0.4713632433839648,KNN,KNN_1
893,SI_ref_13,PB600,IBU,Synthetic,0.9327073552425663,0.5245852187028658,KNN,KNN_1
894,SI_ref_13,PB600,IBU,Synthetic,0.6275430359937403,0.5245852187028658,KNN,KNN_1
895,SI_ref_13,PB600,IBU,Synthetic,0.35367762128325514,0.5245852187028658,KNN,KNN_1
896,SI_ref_13,PB600,IBU,Synthetic,0.4798506002849601,0.5245852187028658,KNN,KNN_1
897,SI_ref_13,PB600,IBU,Synthetic,0.2754303599374022,0.5245852187028658,KNN,KNN_1
922,SI_ref_13,PB800,IBU,Synthetic,0.4560270602706027,0.31382780116085074,KNN,KNN_1
923,SI_ref_13,PB800,IBU,Synthetic,0.4252767527675277,0.20875128290697303,KNN,KNN_1
924,SI_ref_13,PB800,IBU,Synthetic,0.40067650676506766,0.20343583138630753,KNN,KNN_1
925,SI_ref_13,PB800,IBU,Synthetic,0.39145141451414517,0.182065213533782,KNN,KNN_1
926,SI_ref_13,PB800,IBU,Synthetic,0.38837638376383765,0.14800254072457433,KNN,KNN_1
927,SI_ref_13,PB800,IBU,Synthetic,0.37915129151291516,0.12687984234895072,KNN,KNN_1
928,SI_ref_13,PB800,IBU,Synthetic,0.23013048635824437,0.10432181434220479,KNN,KNN_1
929,SI_ref_13,PB800,IBU,Synthetic,0.3126198695818949,0.2861629518248717,KNN,KNN_1
930,SI_ref_13,PB800,IBU,Synthetic,0.35520079622504414,0.10432181434220479,KNN,KNN_1
931,SI_ref_13,PB800,IBU,Synthetic,0.24946921443736733,0.10432181434220478,KNN,KNN_1
932,SI_ref_13,PB800,IBU,Synthetic,0.18924731182795698,0.10432181434220479,KNN,KNN_1
933,SI_ref_13,PB800,IBU,Synthetic,0.08514492753623189,0.10432181434220478,KNN,KNN_1
934,SI_ref_13,PB800,IBU,Synthetic,0.4392021480629075,0.27581954350609456,KNN,KNN_1
935,SI_ref_13,PB800,IBU,Synthetic,0.4238588415803605,0.23335438773336561,KNN,KNN_1
936,SI_ref_13,PB800,IBU,Synthetic,0.5142348754448398,0.10432181434220479,KNN,KNN_1
937,SI_ref_13,PB800,IBU,Synthetic,0.5523922499011468,0.10432181434220478,KNN,KNN_1
938,SI_ref_13,PB800,IBU,Synthetic,0.5686613285883748,0.10432181434220479,KNN,KNN_1
939,SI_ref_13,PB800,IBU,Synthetic,0.5875275377054737,0.10432181434220478,KNN,KNN_1
940,SI_ref_13,PB800,IBU,Synthetic,0.712022367194781,0.2519809383434622,KNN,KNN_1
941,SI_ref_13,PB800,IBU,Synthetic,0.5069897483690587,0.25198093834346214,KNN,KNN_1
942,SI_ref_13,PB800,IBU,Synthetic,0.31469400434917677,0.2519809383434622,KNN,KNN_1
943,SI_ref_13,PB800,IBU,Synthetic,0.22960794568575607,0.25198093834346214,KNN,KNN_1
944,SI_ref_13,PB800,IBU,Synthetic,0.10958005249343833,0.2519809383434622,KNN,KNN_1
1117,SI_ref_17,Pristine SCG biochar,EE2,Synthetic,0.9630524728687239,0.9480380178518143,KNN,KNN_1
1119,SI_ref_17,Pristine SCG biochar,EE2,Synthetic,0.9610835485312063,0.938235504141176,KNN,KNN_1
1121,SI_ref_17,Pristine SCG biochar,EE2,Synthetic,0.9527872619203276,0.9141457006579932,KNN,KNN_1
1123,SI_ref_17,Pristine SCG biochar,EE2,Synthetic,0.9558259103687238,0.9015595181347276,KNN,KNN_1
1125,SI_ref_17,Pristine SCG biochar,EE2,Synthetic,0.9519368217180961,0.9024508757873847,KNN,KNN_1
1127,SI_ref_17,Pristine SCG biochar,EE2,Synthetic,0.9377852461427824,0.9001166933895876,KNN,KNN_1
1129,SI_ref_17,Pristine SCG biochar,EE2,Synthetic,0.9348668633411785,0.8991898819731177,KNN,KNN_1
1131,SI_ref_17,Pristine SCG biochar,EE2,Synthetic,0.8111252475275296,0.8579129225126039,KNN,KNN_1
1133,SI_ref_17,Pristine SCG biochar,EE2,Synthetic,0.8609155049620831,0.9103019962138238,KNN,KNN_1
1135,SI_ref_17,Pristine SCG biochar,EE2,Synthetic,0.8239304667585977,0.9103019962138238,KNN,KNN_1
1137,SI_ref_17,Pristine SCG biochar,EE2,Synthetic,0.8257334628724249,0.9103019962138238,KNN,KNN_1
1139,SI_ref_17,Pristine SCG biochar,EE2,Synthetic,0.8269992896243368,0.9103019962138238,KNN,KNN_1
1141,SI_ref_17,Pristine SCG biochar,EE2,Synthetic,0.8244509213990222,0.9103019962138238,KNN,KNN_1
1143,SI_ref_17,Pristine SCG biochar,EE2,Synthetic,0.8163766662487987,0.9103019962138238,KNN,KNN_1
1145,SI_ref_17,Pristine SCG biochar,EE2,Synthetic,0.981137644940341,0.9080484029564779,KNN,KNN_1
1147,SI_ref_17,Pristine SCG biochar,EE2,Synthetic,0.8965862728271835,0.9103019962138238,KNN,KNN_1
1149,SI_ref_17,Pristine SCG biochar,EE2,Synthetic,0.9030676738865168,0.9103019962138238,KNN,KNN_1
1151,SI_ref_17,Pristine SCG biochar,EE2,Synthetic,0.886080261818485,0.9103019962138238,KNN,KNN_1
1153,SI_ref_17,Pristine SCG biochar,EE2,Synthetic,0.8949069839273535,0.9103019962138238,KNN,KNN_1
1155,SI_ref_17,Pristine SCG biochar,EE2,Synthetic,0.8378189552043488,0.9103019962138238,KNN,KNN_1
1157,SI_ref_17,Pristine SCG biochar,IBU,Synthetic,0.9060511140454979,0.9461969080805306,KNN,KNN_1
1159,SI_ref_17,Pristine SCG biochar,IBU,Synthetic,0.9004320791615827,0.944597442280982,KNN,KNN_1
1161,SI_ref_17,Pristine SCG biochar,IBU,Synthetic,0.894961472244973,0.9400143468239271,KNN,KNN_1
1163,SI_ref_17,Pristine SCG biochar,IBU,Synthetic,0.8949151720794959,0.940219523683574,KNN,KNN_1
1165,SI_ref_17,Pristine SCG biochar,IBU,Synthetic,0.892599829508416,0.9278296802605831,KNN,KNN_1
1167,SI_ref_17,Pristine SCG biochar,IBU,Synthetic,0.8914167516338777,0.9254228995018648,KNN,KNN_1
1169,SI_ref_17,Pristine SCG biochar,IBU,Synthetic,0.886841225533622,0.9225758738411233,KNN,KNN_1
1171,SI_ref_17,Pristine SCG biochar,IBU,Synthetic,0.8055661914208297,0.8553670914219896,KNN,KNN_1
1173,SI_ref_17,Pristine SCG biochar,IBU,Synthetic,0.9319085004678631,0.9103019962138238,KNN,KNN_1
1175,SI_ref_17,Pristine SCG biochar,IBU,Synthetic,0.9111084458291452,0.9103019962138238,KNN,KNN_1
1177,SI_ref_17,Pristine SCG biochar,IBU,Synthetic,0.9162887928675453,0.9103019962138238,KNN,KNN_1
1179,SI_ref_17,Pristine SCG biochar,IBU,Synthetic,0.9142212192930818,0.9103019962138238,KNN,KNN_1
1181,SI_ref_17,Pristine SCG biochar,IBU,Synthetic,0.9090486144760851,0.9103019962138238,KNN,KNN_1
1183,SI_ref_17,Pristine SCG biochar,IBU,Synthetic,0.9114748664800524,0.9103019962138238,KNN,KNN_1
1185,SI_ref_17,Pristine SCG biochar,IBU,Synthetic,0.93372158594911,0.9120266446643779,KNN,KNN_1
1187,SI_ref_17,Pristine SCG biochar,IBU,Synthetic,0.9448963419259283,0.9103019962138238,KNN,KNN_1
1189,SI_ref_17,Pristine SCG biochar,IBU,Synthetic,0.9210277046979152,0.9103019962138238,KNN,KNN_1
1191,SI_ref_17,Pristine SCG biochar,IBU,Synthetic,0.9513456586569363,0.9103019962138238,KNN,KNN_1
1193,SI_ref_17,Pristine SCG biochar,IBU,Synthetic,0.9310638115047126,0.9103019962138239,KNN,KNN_1
1195,SI_ref_17,Pristine SCG biochar,IBU,Synthetic,0.9376778036385122,0.9103019962138239,KNN,KNN_1
155,SI_ref_17,Alkali-modified SCG biochars,EE2,Synthetic,0.281684429186895,0.29244193550682385,KernelRidge,KernelRidge_1
157,SI_ref_17,Alkali-modified SCG biochars,EE2,Synthetic,0.1736546812353491,0.21602128890188452,KernelRidge,KernelRidge_1
159,SI_ref_17,Alkali-modified SCG biochars,EE2,Synthetic,0.0890939833732563,0.1292327606614509,KernelRidge,KernelRidge_1
161,SI_ref_17,Alkali-modified SCG biochars,EE2,Synthetic,0.0719303611000807,0.10687597554907989,KernelRidge,KernelRidge_1
163,SI_ref_17,Alkali-modified SCG biochars,EE2,Synthetic,0.06892444951131721,0.10711502168732982,KernelRidge,KernelRidge_1
165,SI_ref_17,Alkali-modified SCG biochars,EE2,Synthetic,0.06161971981332274,0.1132508601601276,KernelRidge,KernelRidge_1
167,SI_ref_17,Alkali-modified SCG biochars,EE2,Synthetic,0.06227375203350968,0.12415292064164553,KernelRidge,KernelRidge_1
169,SI_ref_17,Alkali-modified SCG biochars,EE2,Synthetic,0.013530055813574512,0.12109491741634656,KernelRidge,KernelRidge_1
171,SI_ref_17,Alkali-modified SCG biochars,EE2,Synthetic,0.09051861058315946,0.14704604616072056,KernelRidge,KernelRidge_1
178,SI_ref_17,Alkali-modified SCG biochars,EE2,Synthetic,0.053215646133789624,0.21573810229919385,KernelRidge,KernelRidge_1
180,SI_ref_17,Alkali-modified SCG biochars,EE2,Synthetic,0.2279548813058391,0.14704604616072056,KernelRidge,KernelRidge_1
182,SI_ref_17,Alkali-modified SCG biochars,EE2,Synthetic,0.3168155258198777,0.14704604616072056,KernelRidge,KernelRidge_1
184,SI_ref_17,Alkali-modified SCG biochars,EE2,Synthetic,0.4518596548311438,0.14704604616072056,KernelRidge,KernelRidge_1
186,SI_ref_17,Alkali-modified SCG biochars,EE2,Synthetic,0.5444612813197839,0.14704604616072056,KernelRidge,KernelRidge_1
188,SI_ref_17,Alkali-modified SCG biochars,EE2,Synthetic,0.6153689348029446,0.14704604616072056,KernelRidge,KernelRidge_1
190,SI_ref_17,Alkali-modified SCG biochars,IBU,Synthetic,0.22674008618295227,0.4809592249622817,KernelRidge,KernelRidge_1
192,SI_ref_17,Alkali-modified SCG biochars,IBU,Synthetic,0.18762987622773672,0.4056595940522237,KernelRidge,KernelRidge_1
194,SI_ref_17,Alkali-modified SCG biochars,IBU,Synthetic,0.0964989432139522,0.309998815021341,KernelRidge,KernelRidge_1
196,SI_ref_17,Alkali-modified SCG biochars,IBU,Synthetic,0.056403766337859394,0.27550857048049926,KernelRidge,KernelRidge_1
198,SI_ref_17,Alkali-modified SCG biochars,IBU,Synthetic,0.04365646649895644,0.26659402073707233,KernelRidge,KernelRidge_1
200,SI_ref_17,Alkali-modified SCG biochars,IBU,Synthetic,0.05275302685215311,0.26544301983232604,KernelRidge,KernelRidge_1
202,SI_ref_17,Alkali-modified SCG biochars,IBU,Synthetic,0.051463060103218494,0.268490238300107,KernelRidge,KernelRidge_1
204,SI_ref_17,Alkali-modified SCG biochars,IBU,Synthetic,0.0020992565231803756,0.15145659555922406,KernelRidge,KernelRidge_1
206,SI_ref_17,Alkali-modified SCG biochars,IBU,Synthetic,0.05901922048526246,0.2795154778875352,KernelRidge,KernelRidge_1
208,SI_ref_17,Alkali-modified SCG biochars,IBU,Synthetic,0.12337327274312365,0.2795154778875352,KernelRidge,KernelRidge_1
210,SI_ref_17,Alkali-modified SCG biochars,IBU,Synthetic,0.09406602807201081,0.2795154778875352,KernelRidge,KernelRidge_1
212,SI_ref_17,Alkali-modified SCG biochars,IBU,Synthetic,0.09483947953445797,0.2795154778875352,KernelRidge,KernelRidge_1
214,SI_ref_17,Alkali-modified SCG biochars,IBU,Synthetic,0.10723758772503378,0.2795154778875352,KernelRidge,KernelRidge_1
216,SI_ref_17,Alkali-modified SCG biochars,IBU,Synthetic,0.10107027265594352,0.2795154778875352,KernelRidge,KernelRidge_1
218,SI_ref_17,Alkali-modified SCG biochars,IBU,Synthetic,0.30424911735147564,0.42214438405947063,KernelRidge,KernelRidge_1
220,SI_ref_17,Alkali-modified SCG biochars,IBU,Synthetic,0.004839210099114782,0.2795154778875352,KernelRidge,KernelRidge_1
222,SI_ref_17,Alkali-modified SCG biochars,IBU,Synthetic,0.04374442489311713,0.2795154778875352,KernelRidge,KernelRidge_1
224,SI_ref_17,Alkali-modified SCG biochars,IBU,Synthetic,0.2945083196339574,0.2795154778875352,KernelRidge,KernelRidge_1
226,SI_ref_17,Alkali-modified SCG biochars,IBU,Synthetic,0.44148324888836815,0.2795154778875352,KernelRidge,KernelRidge_1
228,SI_ref_17,Alkali-modified SCG biochars,IBU,Synthetic,0.5342365334838785,0.2795154778875352,KernelRidge,KernelRidge_1
263,SI_ref_16,C-Biochar,IBU,Synthetic,0.5333333333333333,0.6193143994646937,KernelRidge,KernelRidge_1
264,SI_ref_16,C-Biochar,IBU,Synthetic,0.7333333333333333,0.702221616441093,KernelRidge,KernelRidge_1
265,SI_ref_16,C-Biochar,IBU,Synthetic,0.6000000000000001,0.6950077602972492,KernelRidge,KernelRidge_1
266,SI_ref_16,C-Biochar,IBU,Synthetic,0.6121212121212122,0.7206554980559643,KernelRidge,KernelRidge_1
267,SI_ref_16,C-Biochar,IBU,Synthetic,0.7333333333333333,0.7206554980559643,KernelRidge,KernelRidge_1
268,SI_ref_16,C-Biochar,IBU,Synthetic,0.5333333333333333,0.7206554980559643,KernelRidge,KernelRidge_1
269,SI_ref_16,C-Biochar,IBU,Synthetic,0.4666666666666666,0.7206554980559643,KernelRidge,KernelRidge_1
270,SI_ref_16,C-Biochar,IBU,Synthetic,0.5555555555555556,0.7206554980559643,KernelRidge,KernelRidge_1
271,SI_ref_16,C-Biochar,IBU,Synthetic,0.6000000000000001,0.7206554980559643,KernelRidge,KernelRidge_1
272,SI_ref_16,C-Biochar,IBU,Synthetic,0.6000000000000001,0.6374236280273623,KernelRidge,KernelRidge_1
273,SI_ref_16,C-Biochar,IBU,Synthetic,0.6000000000000001,0.5296934465025267,KernelRidge,KernelRidge_1
274,SI_ref_16,C-Biochar,IBU,Synthetic,1.0666666666666667,0.6184008448650125,KernelRidge,KernelRidge_1
275,SI_ref_16,C-Biochar,IBU,Synthetic,0.5277777777777777,0.7206554980559643,KernelRidge,KernelRidge_1
276,SI_ref_16,C-Biochar,IBU,Synthetic,0.7,0.7206554980559643,KernelRidge,KernelRidge_1
277,SI_ref_16,C-Biochar,IBU,Synthetic,0.7844444444444444,0.7206554980559643,KernelRidge,KernelRidge_1
278,SI_ref_16,C-Biochar,IBU,Synthetic,0.8430555555555557,0.7206554980559643,KernelRidge,KernelRidge_1
279,SI_ref_16,C-Biochar,IBU,Synthetic,0.861111111111111,0.7206554980559643,KernelRidge,KernelRidge_1
875,SI_ref_13,PB600,IBU,Synthetic,0.7639925373134329,0.7353834893811457,KernelRidge,KernelRidge_1
876,SI_ref_13,PB600,IBU,Synthetic,0.7266791044776119,0.6965037981375717,KernelRidge,KernelRidge_1
877,SI_ref_13,PB600,IBU,Synthetic,0.7328980099502487,0.6610103903223379,KernelRidge,KernelRidge_1
878,SI_ref_13,PB600,IBU,Synthetic,0.7391169154228855,0.6439627390425764,KernelRidge,KernelRidge_1
879,SI_ref_13,PB600,IBU,Synthetic,0.6707089552238806,0.6237947161106656,KernelRidge,KernelRidge_1
880,SI_ref_13,PB600,IBU,Synthetic,0.5898631840796019,0.6179386352259375,KernelRidge,KernelRidge_1
881,SI_ref_13,PB600,IBU,Synthetic,0.2096102913356035,0.6165069743590594,KernelRidge,KernelRidge_1
882,SI_ref_13,PB600,IBU,Synthetic,0.7328980099502488,0.6342498319068858,KernelRidge,KernelRidge_1
883,SI_ref_13,PB600,IBU,Synthetic,0.611373922124096,0.6165069743590594,KernelRidge,KernelRidge_1
884,SI_ref_13,PB600,IBU,Synthetic,0.6847133757961785,0.6165069743590594,KernelRidge,KernelRidge_1
885,SI_ref_13,PB600,IBU,Synthetic,0.4580645161290322,0.6165069743590594,KernelRidge,KernelRidge_1
886,SI_ref_13,PB600,IBU,Synthetic,0.29347826086956524,0.6165069743590594,KernelRidge,KernelRidge_1
887,SI_ref_13,PB600,IBU,Synthetic,0.5772919064058304,0.6304628814941031,KernelRidge,KernelRidge_1
888,SI_ref_13,PB600,IBU,Synthetic,0.5887993862677406,0.6219707124856698,KernelRidge,KernelRidge_1
889,SI_ref_13,PB600,IBU,Synthetic,0.7258796821793417,0.6165069743590594,KernelRidge,KernelRidge_1
890,SI_ref_13,PB600,IBU,Synthetic,0.766427039979821,0.6165069743590594,KernelRidge,KernelRidge_1
891,SI_ref_13,PB600,IBU,Synthetic,0.8162693908437383,0.6165069743590594,KernelRidge,KernelRidge_1
892,SI_ref_13,PB600,IBU,Synthetic,0.8533052267445003,0.6165069743590594,KernelRidge,KernelRidge_1
893,SI_ref_13,PB600,IBU,Synthetic,0.9327073552425663,0.6216864822432933,KernelRidge,KernelRidge_1
894,SI_ref_13,PB600,IBU,Synthetic,0.6275430359937403,0.6216864822432933,KernelRidge,KernelRidge_1
895,SI_ref_13,PB600,IBU,Synthetic,0.35367762128325514,0.6216864822432933,KernelRidge,KernelRidge_1
896,SI_ref_13,PB600,IBU,Synthetic,0.4798506002849601,0.6216864822432933,KernelRidge,KernelRidge_1
897,SI_ref_13,PB600,IBU,Synthetic,0.2754303599374022,0.6216864822432933,KernelRidge,KernelRidge_1
922,SI_ref_13,PB800,IBU,Synthetic,0.4560270602706027,0.5975879074072452,KernelRidge,KernelRidge_1
923,SI_ref_13,PB800,IBU,Synthetic,0.4252767527675277,0.543727649824243,KernelRidge,KernelRidge_1
924,SI_ref_13,PB800,IBU,Synthetic,0.40067650676506766,0.49500792508346725,KernelRidge,KernelRidge_1
925,SI_ref_13,PB800,IBU,Synthetic,0.39145141451414517,0.4714056563556572,KernelRidge,KernelRidge_1
926,SI_ref_13,PB800,IBU,Synthetic,0.38837638376383765,0.442581830401708,KernelRidge,KernelRidge_1
927,SI_ref_13,PB800,IBU,Synthetic,0.37915129151291516,0.43335667829957686,KernelRidge,KernelRidge_1
928,SI_ref_13,PB800,IBU,Synthetic,0.23013048635824437,0.4303547512615561,KernelRidge,KernelRidge_1
929,SI_ref_13,PB800,IBU,Synthetic,0.3126198695818949,0.42768310236902296,KernelRidge,KernelRidge_1
930,SI_ref_13,PB800,IBU,Synthetic,0.35520079622504414,0.4303547512615561,KernelRidge,KernelRidge_1
931,SI_ref_13,PB800,IBU,Synthetic,0.24946921443736733,0.4303547512615561,KernelRidge,KernelRidge_1
932,SI_ref_13,PB800,IBU,Synthetic,0.18924731182795698,0.4303547512615561,KernelRidge,KernelRidge_1
933,SI_ref_13,PB800,IBU,Synthetic,0.08514492753623189,0.4303547512615561,KernelRidge,KernelRidge_1
934,SI_ref_13,PB800,IBU,Synthetic,0.4392021480629075,0.3740058827787628,KernelRidge,KernelRidge_1
935,SI_ref_13,PB800,IBU,Synthetic,0.4238588415803605,0.30140630674867525,KernelRidge,KernelRidge_1
936,SI_ref_13,PB800,IBU,Synthetic,0.5142348754448398,0.4303547512615561,KernelRidge,KernelRidge_1
937,SI_ref_13,PB800,IBU,Synthetic,0.5523922499011468,0.4303547512615561,KernelRidge,KernelRidge_1
938,SI_ref_13,PB800,IBU,Synthetic,0.5686613285883748,0.4303547512615561,KernelRidge,KernelRidge_1
939,SI_ref_13,PB800,IBU,Synthetic,0.5875275377054737,0.4303547512615561,KernelRidge,KernelRidge_1
940,SI_ref_13,PB800,IBU,Synthetic,0.712022367194781,0.43466124021719066,KernelRidge,KernelRidge_1
941,SI_ref_13,PB800,IBU,Synthetic,0.5069897483690587,0.43466124021719066,KernelRidge,KernelRidge_1
942,SI_ref_13,PB800,IBU,Synthetic,0.31469400434917677,0.43466124021719066,KernelRidge,KernelRidge_1
943,SI_ref_13,PB800,IBU,Synthetic,0.22960794568575607,0.43466124021719066,KernelRidge,KernelRidge_1
944,SI_ref_13,PB800,IBU,Synthetic,0.10958005249343833,0.43466124021719066,KernelRidge,KernelRidge_1
1117,SI_ref_17,Pristine SCG biochar,EE2,Synthetic,0.9630524728687239,0.8493219950983063,KernelRidge,KernelRidge_1
1119,SI_ref_17,Pristine SCG biochar,EE2,Synthetic,0.9610835485312063,0.8345654506420475,KernelRidge,KernelRidge_1
1121,SI_ref_17,Pristine SCG biochar,EE2,Synthetic,0.9527872619203276,0.8187815275781951,KernelRidge,KernelRidge_1
1123,SI_ref_17,Pristine SCG biochar,EE2,Synthetic,0.9558259103687238,0.8187663934099186,KernelRidge,KernelRidge_1
1125,SI_ref_17,Pristine SCG biochar,EE2,Synthetic,0.9519368217180961,0.8230049711483312,KernelRidge,KernelRidge_1
1127,SI_ref_17,Pristine SCG biochar,EE2,Synthetic,0.9377852461427824,0.8278326509932061,KernelRidge,KernelRidge_1
1129,SI_ref_17,Pristine SCG biochar,EE2,Synthetic,0.9348668633411785,0.8340151239908798,KernelRidge,KernelRidge_1
1131,SI_ref_17,Pristine SCG biochar,EE2,Synthetic,0.8111252475275296,0.8002478086808698,KernelRidge,KernelRidge_1
1133,SI_ref_17,Pristine SCG biochar,EE2,Synthetic,0.8609155049620831,0.8446237093083858,KernelRidge,KernelRidge_1
1135,SI_ref_17,Pristine SCG biochar,EE2,Synthetic,0.8239304667585977,0.8446237093083858,KernelRidge,KernelRidge_1
1137,SI_ref_17,Pristine SCG biochar,EE2,Synthetic,0.8257334628724249,0.8446237093083858,KernelRidge,KernelRidge_1
1139,SI_ref_17,Pristine SCG biochar,EE2,Synthetic,0.8269992896243368,0.8446237093083858,KernelRidge,KernelRidge_1
1141,SI_ref_17,Pristine SCG biochar,EE2,Synthetic,0.8244509213990222,0.8446237093083858,KernelRidge,KernelRidge_1
1143,SI_ref_17,Pristine SCG biochar,EE2,Synthetic,0.8163766662487987,0.8446237093083858,KernelRidge,KernelRidge_1
1145,SI_ref_17,Pristine SCG biochar,EE2,Synthetic,0.981137644940341,0.8130496037780406,KernelRidge,KernelRidge_1
1147,SI_ref_17,Pristine SCG biochar,EE2,Synthetic,0.8965862728271835,0.8446237093083858,KernelRidge,KernelRidge_1
1149,SI_ref_17,Pristine SCG biochar,EE2,Synthetic,0.9030676738865168,0.8446237093083858,KernelRidge,KernelRidge_1
1151,SI_ref_17,Pristine SCG biochar,EE2,Synthetic,0.886080261818485,0.8446237093083858,KernelRidge,KernelRidge_1
1153,SI_ref_17,Pristine SCG biochar,EE2,Synthetic,0.8949069839273535,0.8446237093083858,KernelRidge,KernelRidge_1
1155,SI_ref_17,Pristine SCG biochar,EE2,Synthetic,0.8378189552043488,0.8446237093083858,KernelRidge,KernelRidge_1
1157,SI_ref_17,Pristine SCG biochar,IBU,Synthetic,0.9060511140454979,0.9371112373292722,KernelRidge,KernelRidge_1
1159,SI_ref_17,Pristine SCG biochar,IBU,Synthetic,0.9004320791615827,0.9203159442870008,KernelRidge,KernelRidge_1
1161,SI_ref_17,Pristine SCG biochar,IBU,Synthetic,0.894961472244973,0.894839980669641,KernelRidge,KernelRidge_1
1163,SI_ref_17,Pristine SCG biochar,IBU,Synthetic,0.8949151720794959,0.8849512585130791,KernelRidge,KernelRidge_1
1165,SI_ref_17,Pristine SCG biochar,IBU,Synthetic,0.892599829508416,0.8823146973984044,KernelRidge,KernelRidge_1
1167,SI_ref_17,Pristine SCG biochar,IBU,Synthetic,0.8914167516338777,0.8818716304695704,KernelRidge,KernelRidge_1
1169,SI_ref_17,Pristine SCG biochar,IBU,Synthetic,0.886841225533622,0.8825242297591124,KernelRidge,KernelRidge_1
1171,SI_ref_17,Pristine SCG biochar,IBU,Synthetic,0.8055661914208297,0.7891806872666425,KernelRidge,KernelRidge_1
1173,SI_ref_17,Pristine SCG biochar,IBU,Synthetic,0.9319085004678631,0.8850206495678289,KernelRidge,KernelRidge_1
1175,SI_ref_17,Pristine SCG biochar,IBU,Synthetic,0.9111084458291452,0.8850206495678289,KernelRidge,KernelRidge_1
1177,SI_ref_17,Pristine SCG biochar,IBU,Synthetic,0.9162887928675453,0.8850206495678289,KernelRidge,KernelRidge_1
1179,SI_ref_17,Pristine SCG biochar,IBU,Synthetic,0.9142212192930818,0.8850206495678289,KernelRidge,KernelRidge_1
1181,SI_ref_17,Pristine SCG biochar,IBU,Synthetic,0.9090486144760851,0.8850206495678289,KernelRidge,KernelRidge_1
1183,SI_ref_17,Pristine SCG biochar,IBU,Synthetic,0.9114748664800524,0.8850206495678289,KernelRidge,KernelRidge_1
1185,SI_ref_17,Pristine SCG biochar,IBU,Synthetic,0.93372158594911,0.931149505735599,KernelRidge,KernelRidge_1
1187,SI_ref_17,Pristine SCG biochar,IBU,Synthetic,0.9448963419259283,0.8850206495678289,KernelRidge,KernelRidge_1
1189,SI_ref_17,Pristine SCG biochar,IBU,Synthetic,0.9210277046979152,0.8850206495678289,KernelRidge,KernelRidge_1
1191,SI_ref_17,Pristine SCG biochar,IBU,Synthetic,0.9513456586569363,0.8850206495678289,KernelRidge,KernelRidge_1
1193,SI_ref_17,Pristine SCG biochar,IBU,Synthetic,0.9310638115047126,0.8850206495678431,KernelRidge,KernelRidge_1
1195,SI_ref_17,Pristine SCG biochar,IBU,Synthetic,0.9376778036385122,0.8850206495678431,KernelRidge,KernelRidge_1
155,SI_ref_17,Alkali-modified SCG biochars,EE2,Synthetic,0.281684429186895,0.42583299390200735,Lasso,Lasso_2
157,SI_ref_17,Alkali-modified SCG biochars,EE2,Synthetic,0.1736546812353491,0.41671926494231026,Lasso,Lasso_2
159,SI_ref_17,Alkali-modified SCG biochars,EE2,Synthetic,0.0890939833732563,0.40207530259899105,Lasso,Lasso_2
161,SI_ref_17,Alkali-modified SCG biochars,EE2,Synthetic,0.0719303611000807,0.39277988429198496,Lasso,Lasso_2
163,SI_ref_17,Alkali-modified SCG biochars,EE2,Synthetic,0.06892444951131721,0.387333064066783,Lasso,Lasso_2
165,SI_ref_17,Alkali-modified SCG biochars,EE2,Synthetic,0.06161971981332274,0.3834658820146848,Lasso,Lasso_2
167,SI_ref_17,Alkali-modified SCG biochars,EE2,Synthetic,0.06227375203350968,0.37959714601698086,Lasso,Lasso_2
169,SI_ref_17,Alkali-modified SCG biochars,EE2,Synthetic,0.013530055813574512,0.3701847025481213,Lasso,Lasso_2
171,SI_ref_17,Alkali-modified SCG biochars,EE2,Synthetic,0.09051861058315946,0.374142558752801,Lasso,Lasso_2
178,SI_ref_17,Alkali-modified SCG biochars,EE2,Synthetic,0.053215646133789624,0.37810041495748076,Lasso,Lasso_2
180,SI_ref_17,Alkali-modified SCG biochars,EE2,Synthetic,0.2279548813058391,0.374142558752801,Lasso,Lasso_2
182,SI_ref_17,Alkali-modified SCG biochars,EE2,Synthetic,0.3168155258198777,0.374142558752801,Lasso,Lasso_2
184,SI_ref_17,Alkali-modified SCG biochars,EE2,Synthetic,0.4518596548311438,0.374142558752801,Lasso,Lasso_2
186,SI_ref_17,Alkali-modified SCG biochars,EE2,Synthetic,0.5444612813197839,0.374142558752801,Lasso,Lasso_2
188,SI_ref_17,Alkali-modified SCG biochars,EE2,Synthetic,0.6153689348029446,0.374142558752801,Lasso,Lasso_2
190,SI_ref_17,Alkali-modified SCG biochars,IBU,Synthetic,0.22674008618295227,0.4926910194230521,Lasso,Lasso_2
192,SI_ref_17,Alkali-modified SCG biochars,IBU,Synthetic,0.18762987622773672,0.48357729046335496,Lasso,Lasso_2
194,SI_ref_17,Alkali-modified SCG biochars,IBU,Synthetic,0.0964989432139522,0.4689333281200358,Lasso,Lasso_2
196,SI_ref_17,Alkali-modified SCG biochars,IBU,Synthetic,0.056403766337859394,0.4596379098130297,Lasso,Lasso_2
198,SI_ref_17,Alkali-modified SCG biochars,IBU,Synthetic,0.04365646649895644,0.4541910895878277,Lasso,Lasso_2
200,SI_ref_17,Alkali-modified SCG biochars,IBU,Synthetic,0.05275302685215311,0.4503239075357295,Lasso,Lasso_2
202,SI_ref_17,Alkali-modified SCG biochars,IBU,Synthetic,0.051463060103218494,0.4464551715380256,Lasso,Lasso_2
204,SI_ref_17,Alkali-modified SCG biochars,IBU,Synthetic,0.0020992565231803756,0.43704272806916605,Lasso,Lasso_2
206,SI_ref_17,Alkali-modified SCG biochars,IBU,Synthetic,0.05901922048526246,0.44100058427384575,Lasso,Lasso_2
208,SI_ref_17,Alkali-modified SCG biochars,IBU,Synthetic,0.12337327274312365,0.44100058427384575,Lasso,Lasso_2
210,SI_ref_17,Alkali-modified SCG biochars,IBU,Synthetic,0.09406602807201081,0.44100058427384575,Lasso,Lasso_2
212,SI_ref_17,Alkali-modified SCG biochars,IBU,Synthetic,0.09483947953445797,0.44100058427384575,Lasso,Lasso_2
214,SI_ref_17,Alkali-modified SCG biochars,IBU,Synthetic,0.10723758772503378,0.44100058427384575,Lasso,Lasso_2
216,SI_ref_17,Alkali-modified SCG biochars,IBU,Synthetic,0.10107027265594352,0.44100058427384575,Lasso,Lasso_2
218,SI_ref_17,Alkali-modified SCG biochars,IBU,Synthetic,0.30424911735147564,0.44495844047852545,Lasso,Lasso_2
220,SI_ref_17,Alkali-modified SCG biochars,IBU,Synthetic,0.004839210099114782,0.44100058427384575,Lasso,Lasso_2
222,SI_ref_17,Alkali-modified SCG biochars,IBU,Synthetic,0.04374442489311713,0.44100058427384575,Lasso,Lasso_2
224,SI_ref_17,Alkali-modified SCG biochars,IBU,Synthetic,0.2945083196339574,0.44100058427384575,Lasso,Lasso_2
226,SI_ref_17,Alkali-modified SCG biochars,IBU,Synthetic,0.44148324888836815,0.44100058427384575,Lasso,Lasso_2
228,SI_ref_17,Alkali-modified SCG biochars,IBU,Synthetic,0.5342365334838785,0.44100058427384575,Lasso,Lasso_2
263,SI_ref_16,C-Biochar,IBU,Synthetic,0.5333333333333333,0.6580371169326913,Lasso,Lasso_2
264,SI_ref_16,C-Biochar,IBU,Synthetic,0.7333333333333333,0.6600160450350312,Lasso,Lasso_2
265,SI_ref_16,C-Biochar,IBU,Synthetic,0.6000000000000001,0.6619949731373711,Lasso,Lasso_2
266,SI_ref_16,C-Biochar,IBU,Synthetic,0.6121212121212122,0.6619949731373711,Lasso,Lasso_2
267,SI_ref_16,C-Biochar,IBU,Synthetic,0.7333333333333333,0.6619949731373711,Lasso,Lasso_2
268,SI_ref_16,C-Biochar,IBU,Synthetic,0.5333333333333333,0.6619949731373711,Lasso,Lasso_2
269,SI_ref_16,C-Biochar,IBU,Synthetic,0.4666666666666666,0.6619949731373711,Lasso,Lasso_2
270,SI_ref_16,C-Biochar,IBU,Synthetic,0.5555555555555556,0.6619949731373711,Lasso,Lasso_2
271,SI_ref_16,C-Biochar,IBU,Synthetic,0.6000000000000001,0.6619949731373711,Lasso,Lasso_2
272,SI_ref_16,C-Biochar,IBU,Synthetic,0.6000000000000001,0.6619949731373711,Lasso,Lasso_2
273,SI_ref_16,C-Biochar,IBU,Synthetic,0.6000000000000001,0.6619949731373711,Lasso,Lasso_2
274,SI_ref_16,C-Biochar,IBU,Synthetic,1.0666666666666667,0.6639739012397109,Lasso,Lasso_2
275,SI_ref_16,C-Biochar,IBU,Synthetic,0.5277777777777777,0.6619949731373711,Lasso,Lasso_2
276,SI_ref_16,C-Biochar,IBU,Synthetic,0.7,0.6619949731373711,Lasso,Lasso_2
277,SI_ref_16,C-Biochar,IBU,Synthetic,0.7844444444444444,0.6619949731373711,Lasso,Lasso_2
278,SI_ref_16,C-Biochar,IBU,Synthetic,0.8430555555555557,0.6619949731373711,Lasso,Lasso_2
279,SI_ref_16,C-Biochar,IBU,Synthetic,0.861111111111111,0.6619949731373711,Lasso,Lasso_2
875,SI_ref_13,PB600,IBU,Synthetic,0.7639925373134329,0.7875497898881907,Lasso,Lasso_2
876,SI_ref_13,PB600,IBU,Synthetic,0.7266791044776119,0.7784360609284935,Lasso,Lasso_2
877,SI_ref_13,PB600,IBU,Synthetic,0.7328980099502487,0.7692142142498426,Lasso,Lasso_2
878,SI_ref_13,PB600,IBU,Synthetic,0.7391169154228855,0.7637920985851743,Lasso,Lasso_2
879,SI_ref_13,PB600,IBU,Synthetic,0.6707089552238806,0.7544966802781683,Lasso,Lasso_2
880,SI_ref_13,PB600,IBU,Synthetic,0.5898631840796019,0.7490498600529663,Lasso,Lasso_2
881,SI_ref_13,PB600,IBU,Synthetic,0.2096102913356035,0.745182678000868,Lasso,Lasso_2
882,SI_ref_13,PB600,IBU,Synthetic,0.7328980099502488,0.745182678000868,Lasso,Lasso_2
883,SI_ref_13,PB600,IBU,Synthetic,0.611373922124096,0.745182678000868,Lasso,Lasso_2
884,SI_ref_13,PB600,IBU,Synthetic,0.6847133757961785,0.745182678000868,Lasso,Lasso_2
885,SI_ref_13,PB600,IBU,Synthetic,0.4580645161290322,0.745182678000868,Lasso,Lasso_2
886,SI_ref_13,PB600,IBU,Synthetic,0.29347826086956524,0.745182678000868,Lasso,Lasso_2
887,SI_ref_13,PB600,IBU,Synthetic,0.5772919064058304,0.745182678000868,Lasso,Lasso_2
888,SI_ref_13,PB600,IBU,Synthetic,0.5887993862677406,0.745182678000868,Lasso,Lasso_2
889,SI_ref_13,PB600,IBU,Synthetic,0.7258796821793417,0.745182678000868,Lasso,Lasso_2
890,SI_ref_13,PB600,IBU,Synthetic,0.766427039979821,0.745182678000868,Lasso,Lasso_2
891,SI_ref_13,PB600,IBU,Synthetic,0.8162693908437383,0.745182678000868,Lasso,Lasso_2
892,SI_ref_13,PB600,IBU,Synthetic,0.8533052267445003,0.745182678000868,Lasso,Lasso_2
893,SI_ref_13,PB600,IBU,Synthetic,0.9327073552425663,0.7358593547389842,Lasso,Lasso_2
894,SI_ref_13,PB600,IBU,Synthetic,0.6275430359937403,0.7358593547389842,Lasso,Lasso_2
895,SI_ref_13,PB600,IBU,Synthetic,0.35367762128325514,0.7358593547389842,Lasso,Lasso_2
896,SI_ref_13,PB600,IBU,Synthetic,0.4798506002849601,0.7358593547389842,Lasso,Lasso_2
897,SI_ref_13,PB600,IBU,Synthetic,0.2754303599374022,0.7358593547389842,Lasso,Lasso_2
922,SI_ref_13,PB800,IBU,Synthetic,0.4560270602706027,0.46514055358644113,Lasso,Lasso_2
923,SI_ref_13,PB800,IBU,Synthetic,0.4252767527675277,0.45602682462674404,Lasso,Lasso_2
924,SI_ref_13,PB800,IBU,Synthetic,0.40067650676506766,0.44680497794809315,Lasso,Lasso_2
925,SI_ref_13,PB800,IBU,Synthetic,0.39145141451414517,0.4413828622834248,Lasso,Lasso_2
926,SI_ref_13,PB800,IBU,Synthetic,0.38837638376383765,0.43208744397641874,Lasso,Lasso_2
927,SI_ref_13,PB800,IBU,Synthetic,0.37915129151291516,0.4266406237512167,Lasso,Lasso_2
928,SI_ref_13,PB800,IBU,Synthetic,0.23013048635824437,0.42277344169911857,Lasso,Lasso_2
929,SI_ref_13,PB800,IBU,Synthetic,0.3126198695818949,0.42277344169911857,Lasso,Lasso_2
930,SI_ref_13,PB800,IBU,Synthetic,0.35520079622504414,0.42277344169911857,Lasso,Lasso_2
931,SI_ref_13,PB800,IBU,Synthetic,0.24946921443736733,0.42277344169911857,Lasso,Lasso_2
932,SI_ref_13,PB800,IBU,Synthetic,0.18924731182795698,0.42277344169911857,Lasso,Lasso_2
933,SI_ref_13,PB800,IBU,Synthetic,0.08514492753623189,0.42277344169911857,Lasso,Lasso_2
934,SI_ref_13,PB800,IBU,Synthetic,0.4392021480629075,0.42277344169911857,Lasso,Lasso_2
935,SI_ref_13,PB800,IBU,Synthetic,0.4238588415803605,0.42277344169911857,Lasso,Lasso_2
936,SI_ref_13,PB800,IBU,Synthetic,0.5142348754448398,0.42277344169911857,Lasso,Lasso_2
937,SI_ref_13,PB800,IBU,Synthetic,0.5523922499011468,0.42277344169911857,Lasso,Lasso_2
938,SI_ref_13,PB800,IBU,Synthetic,0.5686613285883748,0.42277344169911857,Lasso,Lasso_2
939,SI_ref_13,PB800,IBU,Synthetic,0.5875275377054737,0.42277344169911857,Lasso,Lasso_2
940,SI_ref_13,PB800,IBU,Synthetic,0.712022367194781,0.4134501184372348,Lasso,Lasso_2
941,SI_ref_13,PB800,IBU,Synthetic,0.5069897483690587,0.4134501184372348,Lasso,Lasso_2
942,SI_ref_13,PB800,IBU,Synthetic,0.31469400434917677,0.4134501184372348,Lasso,Lasso_2
943,SI_ref_13,PB800,IBU,Synthetic,0.22960794568575607,0.4134501184372348,Lasso,Lasso_2
944,SI_ref_13,PB800,IBU,Synthetic,0.10958005249343833,0.4134501184372348,Lasso,Lasso_2
1117,SI_ref_17,Pristine SCG biochar,EE2,Synthetic,0.9630524728687239,0.9261940390007327,Lasso,Lasso_2
1119,SI_ref_17,Pristine SCG biochar,EE2,Synthetic,0.9610835485312063,0.9170803100410356,Lasso,Lasso_2
1121,SI_ref_17,Pristine SCG biochar,EE2,Synthetic,0.9527872619203276,0.9024363476977164,Lasso,Lasso_2
1123,SI_ref_17,Pristine SCG biochar,EE2,Synthetic,0.9558259103687238,0.8931409293907103,Lasso,Lasso_2
1125,SI_ref_17,Pristine SCG biochar,EE2,Synthetic,0.9519368217180961,0.8876941091655084,Lasso,Lasso_2
1127,SI_ref_17,Pristine SCG biochar,EE2,Synthetic,0.9377852461427824,0.8838269271134102,Lasso,Lasso_2
1129,SI_ref_17,Pristine SCG biochar,EE2,Synthetic,0.9348668633411785,0.8799581911157062,Lasso,Lasso_2
1131,SI_ref_17,Pristine SCG biochar,EE2,Synthetic,0.8111252475275296,0.8705457476468467,Lasso,Lasso_2
1133,SI_ref_17,Pristine SCG biochar,EE2,Synthetic,0.8609155049620831,0.8745036038515264,Lasso,Lasso_2
1135,SI_ref_17,Pristine SCG biochar,EE2,Synthetic,0.8239304667585977,0.8745036038515264,Lasso,Lasso_2
1137,SI_ref_17,Pristine SCG biochar,EE2,Synthetic,0.8257334628724249,0.8745036038515264,Lasso,Lasso_2
1139,SI_ref_17,Pristine SCG biochar,EE2,Synthetic,0.8269992896243368,0.8745036038515264,Lasso,Lasso_2
1141,SI_ref_17,Pristine SCG biochar,EE2,Synthetic,0.8244509213990222,0.8745036038515264,Lasso,Lasso_2
1143,SI_ref_17,Pristine SCG biochar,EE2,Synthetic,0.8163766662487987,0.8745036038515264,Lasso,Lasso_2
1145,SI_ref_17,Pristine SCG biochar,EE2,Synthetic,0.981137644940341,0.8784614600562062,Lasso,Lasso_2
1147,SI_ref_17,Pristine SCG biochar,EE2,Synthetic,0.8965862728271835,0.8745036038515264,Lasso,Lasso_2
1149,SI_ref_17,Pristine SCG biochar,EE2,Synthetic,0.9030676738865168,0.8745036038515264,Lasso,Lasso_2
1151,SI_ref_17,Pristine SCG biochar,EE2,Synthetic,0.886080261818485,0.8745036038515264,Lasso,Lasso_2
1153,SI_ref_17,Pristine SCG biochar,EE2,Synthetic,0.8949069839273535,0.8745036038515264,Lasso,Lasso_2
1155,SI_ref_17,Pristine SCG biochar,EE2,Synthetic,0.8378189552043488,0.8745036038515264,Lasso,Lasso_2
1157,SI_ref_17,Pristine SCG biochar,IBU,Synthetic,0.9060511140454979,0.9930520645217775,Lasso,Lasso_2
1159,SI_ref_17,Pristine SCG biochar,IBU,Synthetic,0.9004320791615827,0.9839383355620803,Lasso,Lasso_2
1161,SI_ref_17,Pristine SCG biochar,IBU,Synthetic,0.894961472244973,0.9692943732187611,Lasso,Lasso_2
1163,SI_ref_17,Pristine SCG biochar,IBU,Synthetic,0.8949151720794959,0.9599989549117551,Lasso,Lasso_2
1165,SI_ref_17,Pristine SCG biochar,IBU,Synthetic,0.892599829508416,0.9545521346865531,Lasso,Lasso_2
1167,SI_ref_17,Pristine SCG biochar,IBU,Synthetic,0.8914167516338777,0.9506849526344548,Lasso,Lasso_2
1169,SI_ref_17,Pristine SCG biochar,IBU,Synthetic,0.886841225533622,0.946816216636751,Lasso,Lasso_2
1171,SI_ref_17,Pristine SCG biochar,IBU,Synthetic,0.8055661914208297,0.9374037731678915,Lasso,Lasso_2
1173,SI_ref_17,Pristine SCG biochar,IBU,Synthetic,0.9319085004678631,0.9413616293725711,Lasso,Lasso_2
1175,SI_ref_17,Pristine SCG biochar,IBU,Synthetic,0.9111084458291452,0.9413616293725711,Lasso,Lasso_2
1177,SI_ref_17,Pristine SCG biochar,IBU,Synthetic,0.9162887928675453,0.9413616293725711,Lasso,Lasso_2
1179,SI_ref_17,Pristine SCG biochar,IBU,Synthetic,0.9142212192930818,0.9413616293725711,Lasso,Lasso_2
1181,SI_ref_17,Pristine SCG biochar,IBU,Synthetic,0.9090486144760851,0.9413616293725711,Lasso,Lasso_2
1183,SI_ref_17,Pristine SCG biochar,IBU,Synthetic,0.9114748664800524,0.9413616293725711,Lasso,Lasso_2
1185,SI_ref_17,Pristine SCG biochar,IBU,Synthetic,0.93372158594911,0.9453194855772509,Lasso,Lasso_2
1187,SI_ref_17,Pristine SCG biochar,IBU,Synthetic,0.9448963419259283,0.9413616293725711,Lasso,Lasso_2
1189,SI_ref_17,Pristine SCG biochar,IBU,Synthetic,0.9210277046979152,0.9413616293725711,Lasso,Lasso_2
1191,SI_ref_17,Pristine SCG biochar,IBU,Synthetic,0.9513456586569363,0.9413616293725711,Lasso,Lasso_2
1193,SI_ref_17,Pristine SCG biochar,IBU,Synthetic,0.9310638115047126,0.9413616293725711,Lasso,Lasso_2
1195,SI_ref_17,Pristine SCG biochar,IBU,Synthetic,0.9376778036385122,0.9413616293725711,Lasso,Lasso_2
155,SI_ref_17,Alkali-modified SCG biochars,EE2,Synthetic,0.281684429186895,0.3353999319129244,LightGBM,LightGBM_2
157,SI_ref_17,Alkali-modified SCG biochars,EE2,Synthetic,0.1736546812353491,0.2916156187916429,LightGBM,LightGBM_2
159,SI_ref_17,Alkali-modified SCG biochars,EE2,Synthetic,0.0890939833732563,0.08819411971181225,LightGBM,LightGBM_2
161,SI_ref_17,Alkali-modified SCG biochars,EE2,Synthetic,0.0719303611000807,0.0624397022641781,LightGBM,LightGBM_2
163,SI_ref_17,Alkali-modified SCG biochars,EE2,Synthetic,0.06892444951131721,0.04749094387199717,LightGBM,LightGBM_2
165,SI_ref_17,Alkali-modified SCG biochars,EE2,Synthetic,0.06161971981332274,0.04456665538688461,LightGBM,LightGBM_2
167,SI_ref_17,Alkali-modified SCG biochars,EE2,Synthetic,0.06227375203350968,0.041171053895922904,LightGBM,LightGBM_2
169,SI_ref_17,Alkali-modified SCG biochars,EE2,Synthetic,0.013530055813574512,0.09275925447498076,LightGBM,LightGBM_2
171,SI_ref_17,Alkali-modified SCG biochars,EE2,Synthetic,0.09051861058315946,0.15928798995445176,LightGBM,LightGBM_2
178,SI_ref_17,Alkali-modified SCG biochars,EE2,Synthetic,0.053215646133789624,0.13859553984264658,LightGBM,LightGBM_2
180,SI_ref_17,Alkali-modified SCG biochars,EE2,Synthetic,0.2279548813058391,0.15928798995445176,LightGBM,LightGBM_2
182,SI_ref_17,Alkali-modified SCG biochars,EE2,Synthetic,0.3168155258198777,0.15928798995445176,LightGBM,LightGBM_2
184,SI_ref_17,Alkali-modified SCG biochars,EE2,Synthetic,0.4518596548311438,0.15928798995445176,LightGBM,LightGBM_2
186,SI_ref_17,Alkali-modified SCG biochars,EE2,Synthetic,0.5444612813197839,0.15928798995445176,LightGBM,LightGBM_2
188,SI_ref_17,Alkali-modified SCG biochars,EE2,Synthetic,0.6153689348029446,0.15928798995445176,LightGBM,LightGBM_2
190,SI_ref_17,Alkali-modified SCG biochars,IBU,Synthetic,0.22674008618295227,0.5897645657302999,LightGBM,LightGBM_2
192,SI_ref_17,Alkali-modified SCG biochars,IBU,Synthetic,0.18762987622773672,0.5545924083490731,LightGBM,LightGBM_2
194,SI_ref_17,Alkali-modified SCG biochars,IBU,Synthetic,0.0964989432139522,0.3793142700777141,LightGBM,LightGBM_2
196,SI_ref_17,Alkali-modified SCG biochars,IBU,Synthetic,0.056403766337859394,0.35761415924953066,LightGBM,LightGBM_2
198,SI_ref_17,Alkali-modified SCG biochars,IBU,Synthetic,0.04365646649895644,0.3323149563931883,LightGBM,LightGBM_2
200,SI_ref_17,Alkali-modified SCG biochars,IBU,Synthetic,0.05275302685215311,0.32038161299702783,LightGBM,LightGBM_2
202,SI_ref_17,Alkali-modified SCG biochars,IBU,Synthetic,0.051463060103218494,0.2928188222073598,LightGBM,LightGBM_2
204,SI_ref_17,Alkali-modified SCG biochars,IBU,Synthetic,0.0020992565231803756,0.18203516795286867,LightGBM,LightGBM_2
206,SI_ref_17,Alkali-modified SCG biochars,IBU,Synthetic,0.05901922048526246,0.267155117466883,LightGBM,LightGBM_2
208,SI_ref_17,Alkali-modified SCG biochars,IBU,Synthetic,0.12337327274312365,0.267155117466883,LightGBM,LightGBM_2
210,SI_ref_17,Alkali-modified SCG biochars,IBU,Synthetic,0.09406602807201081,0.267155117466883,LightGBM,LightGBM_2
212,SI_ref_17,Alkali-modified SCG biochars,IBU,Synthetic,0.09483947953445797,0.267155117466883,LightGBM,LightGBM_2
214,SI_ref_17,Alkali-modified SCG biochars,IBU,Synthetic,0.10723758772503378,0.267155117466883,LightGBM,LightGBM_2
216,SI_ref_17,Alkali-modified SCG biochars,IBU,Synthetic,0.10107027265594352,0.267155117466883,LightGBM,LightGBM_2
218,SI_ref_17,Alkali-modified SCG biochars,IBU,Synthetic,0.30424911735147564,0.3285427903134004,LightGBM,LightGBM_2
220,SI_ref_17,Alkali-modified SCG biochars,IBU,Synthetic,0.004839210099114782,0.267155117466883,LightGBM,LightGBM_2
222,SI_ref_17,Alkali-modified SCG biochars,IBU,Synthetic,0.04374442489311713,0.267155117466883,LightGBM,LightGBM_2
224,SI_ref_17,Alkali-modified SCG biochars,IBU,Synthetic,0.2945083196339574,0.267155117466883,LightGBM,LightGBM_2
226,SI_ref_17,Alkali-modified SCG biochars,IBU,Synthetic,0.44148324888836815,0.267155117466883,LightGBM,LightGBM_2
228,SI_ref_17,Alkali-modified SCG biochars,IBU,Synthetic,0.5342365334838785,0.267155117466883,LightGBM,LightGBM_2
263,SI_ref_16,C-Biochar,IBU,Synthetic,0.5333333333333333,0.6963956083340894,LightGBM,LightGBM_2
264,SI_ref_16,C-Biochar,IBU,Synthetic,0.7333333333333333,0.6963956083340894,LightGBM,LightGBM_2
265,SI_ref_16,C-Biochar,IBU,Synthetic,0.6000000000000001,0.7942475056416525,LightGBM,LightGBM_2
266,SI_ref_16,C-Biochar,IBU,Synthetic,0.6121212121212122,0.7823836547799426,LightGBM,LightGBM_2
267,SI_ref_16,C-Biochar,IBU,Synthetic,0.7333333333333333,0.7823836547799426,LightGBM,LightGBM_2
268,SI_ref_16,C-Biochar,IBU,Synthetic,0.5333333333333333,0.7823836547799426,LightGBM,LightGBM_2
269,SI_ref_16,C-Biochar,IBU,Synthetic,0.4666666666666666,0.7823836547799426,LightGBM,LightGBM_2
270,SI_ref_16,C-Biochar,IBU,Synthetic,0.5555555555555556,0.7823836547799426,LightGBM,LightGBM_2
271,SI_ref_16,C-Biochar,IBU,Synthetic,0.6000000000000001,0.7823836547799426,LightGBM,LightGBM_2
272,SI_ref_16,C-Biochar,IBU,Synthetic,0.6000000000000001,0.6898637017791841,LightGBM,LightGBM_2
273,SI_ref_16,C-Biochar,IBU,Synthetic,0.6000000000000001,0.6898637017791841,LightGBM,LightGBM_2
274,SI_ref_16,C-Biochar,IBU,Synthetic,1.0666666666666667,0.7458103378355222,LightGBM,LightGBM_2
275,SI_ref_16,C-Biochar,IBU,Synthetic,0.5277777777777777,0.7823836547799426,LightGBM,LightGBM_2
276,SI_ref_16,C-Biochar,IBU,Synthetic,0.7,0.7823836547799426,LightGBM,LightGBM_2
277,SI_ref_16,C-Biochar,IBU,Synthetic,0.7844444444444444,0.7823836547799426,LightGBM,LightGBM_2
278,SI_ref_16,C-Biochar,IBU,Synthetic,0.8430555555555557,0.7823836547799426,LightGBM,LightGBM_2
279,SI_ref_16,C-Biochar,IBU,Synthetic,0.861111111111111,0.7823836547799426,LightGBM,LightGBM_2
875,SI_ref_13,PB600,IBU,Synthetic,0.7639925373134329,0.7428297275442833,LightGBM,LightGBM_2
876,SI_ref_13,PB600,IBU,Synthetic,0.7266791044776119,0.7043302308027788,LightGBM,LightGBM_2
877,SI_ref_13,PB600,IBU,Synthetic,0.7328980099502487,0.6444809865701924,LightGBM,LightGBM_2
878,SI_ref_13,PB600,IBU,Synthetic,0.7391169154228855,0.5706772538370944,LightGBM,LightGBM_2
879,SI_ref_13,PB600,IBU,Synthetic,0.6707089552238806,0.5735537763587495,LightGBM,LightGBM_2
880,SI_ref_13,PB600,IBU,Synthetic,0.5898631840796019,0.5364940434272765,LightGBM,LightGBM_2
881,SI_ref_13,PB600,IBU,Synthetic,0.2096102913356035,0.5362002642024889,LightGBM,LightGBM_2
882,SI_ref_13,PB600,IBU,Synthetic,0.7328980099502488,0.5641101634440291,LightGBM,LightGBM_2
883,SI_ref_13,PB600,IBU,Synthetic,0.611373922124096,0.5362002642024889,LightGBM,LightGBM_2
884,SI_ref_13,PB600,IBU,Synthetic,0.6847133757961785,0.5362002642024889,LightGBM,LightGBM_2
885,SI_ref_13,PB600,IBU,Synthetic,0.4580645161290322,0.5362002642024889,LightGBM,LightGBM_2
886,SI_ref_13,PB600,IBU,Synthetic,0.29347826086956524,0.5362002642024889,LightGBM,LightGBM_2
887,SI_ref_13,PB600,IBU,Synthetic,0.5772919064058304,0.4960943946165399,LightGBM,LightGBM_2
888,SI_ref_13,PB600,IBU,Synthetic,0.5887993862677406,0.4960943946165399,LightGBM,LightGBM_2
889,SI_ref_13,PB600,IBU,Synthetic,0.7258796821793417,0.5362002642024889,LightGBM,LightGBM_2
890,SI_ref_13,PB600,IBU,Synthetic,0.766427039979821,0.5362002642024889,LightGBM,LightGBM_2
891,SI_ref_13,PB600,IBU,Synthetic,0.8162693908437383,0.5362002642024889,LightGBM,LightGBM_2
892,SI_ref_13,PB600,IBU,Synthetic,0.8533052267445003,0.5362002642024889,LightGBM,LightGBM_2
893,SI_ref_13,PB600,IBU,Synthetic,0.9327073552425663,0.4928209259283987,LightGBM,LightGBM_2
894,SI_ref_13,PB600,IBU,Synthetic,0.6275430359937403,0.4928209259283987,LightGBM,LightGBM_2
895,SI_ref_13,PB600,IBU,Synthetic,0.35367762128325514,0.4928209259283987,LightGBM,LightGBM_2
896,SI_ref_13,PB600,IBU,Synthetic,0.4798506002849601,0.4928209259283987,LightGBM,LightGBM_2
897,SI_ref_13,PB600,IBU,Synthetic,0.2754303599374022,0.4928209259283987,LightGBM,LightGBM_2
922,SI_ref_13,PB800,IBU,Synthetic,0.4560270602706027,0.5710535967546568,LightGBM,LightGBM_2
923,SI_ref_13,PB800,IBU,Synthetic,0.4252767527675277,0.538426468677305,LightGBM,LightGBM_2
924,SI_ref_13,PB800,IBU,Synthetic,0.40067650676506766,0.4643859058325866,LightGBM,LightGBM_2
925,SI_ref_13,PB800,IBU,Synthetic,0.39145141451414517,0.38576361691854716,LightGBM,LightGBM_2
926,SI_ref_13,PB800,IBU,Synthetic,0.38837638376383765,0.39830172980964035,LightGBM,LightGBM_2
927,SI_ref_13,PB800,IBU,Synthetic,0.37915129151291516,0.37369222233008365,LightGBM,LightGBM_2
928,SI_ref_13,PB800,IBU,Synthetic,0.23013048635824437,0.38362888761878067,LightGBM,LightGBM_2
929,SI_ref_13,PB800,IBU,Synthetic,0.3126198695818949,0.40792213889551443,LightGBM,LightGBM_2
930,SI_ref_13,PB800,IBU,Synthetic,0.35520079622504414,0.38362888761878067,LightGBM,LightGBM_2
931,SI_ref_13,PB800,IBU,Synthetic,0.24946921443736733,0.38362888761878067,LightGBM,LightGBM_2
932,SI_ref_13,PB800,IBU,Synthetic,0.18924731182795698,0.38362888761878067,LightGBM,LightGBM_2
933,SI_ref_13,PB800,IBU,Synthetic,0.08514492753623189,0.38362888761878067,LightGBM,LightGBM_2
934,SI_ref_13,PB800,IBU,Synthetic,0.4392021480629075,0.3233872095420101,LightGBM,LightGBM_2
935,SI_ref_13,PB800,IBU,Synthetic,0.4238588415803605,0.3233872095420101,LightGBM,LightGBM_2
936,SI_ref_13,PB800,IBU,Synthetic,0.5142348754448398,0.38362888761878067,LightGBM,LightGBM_2
937,SI_ref_13,PB800,IBU,Synthetic,0.5523922499011468,0.38362888761878067,LightGBM,LightGBM_2
938,SI_ref_13,PB800,IBU,Synthetic,0.5686613285883748,0.38362888761878067,LightGBM,LightGBM_2
939,SI_ref_13,PB800,IBU,Synthetic,0.5875275377054737,0.38362888761878067,LightGBM,LightGBM_2
940,SI_ref_13,PB800,IBU,Synthetic,0.712022367194781,0.29673170244496216,LightGBM,LightGBM_2
941,SI_ref_13,PB800,IBU,Synthetic,0.5069897483690587,0.29673170244496216,LightGBM,LightGBM_2
942,SI_ref_13,PB800,IBU,Synthetic,0.31469400434917677,0.29673170244496216,LightGBM,LightGBM_2
943,SI_ref_13,PB800,IBU,Synthetic,0.22960794568575607,0.29673170244496216,LightGBM,LightGBM_2
944,SI_ref_13,PB800,IBU,Synthetic,0.10958005249343833,0.29673170244496216,LightGBM,LightGBM_2
1117,SI_ref_17,Pristine SCG biochar,EE2,Synthetic,0.9630524728687239,0.9132594133862907,LightGBM,LightGBM_2
1119,SI_ref_17,Pristine SCG biochar,EE2,Synthetic,0.9610835485312063,0.9040419482126347,LightGBM,LightGBM_2
1121,SI_ref_17,Pristine SCG biochar,EE2,Synthetic,0.9527872619203276,0.8951792972935796,LightGBM,LightGBM_2
1123,SI_ref_17,Pristine SCG biochar,EE2,Synthetic,0.9558259103687238,0.8933264386809067,LightGBM,LightGBM_2
1125,SI_ref_17,Pristine SCG biochar,EE2,Synthetic,0.9519368217180961,0.8853986155827143,LightGBM,LightGBM_2
1127,SI_ref_17,Pristine SCG biochar,EE2,Synthetic,0.9377852461427824,0.8846050416624617,LightGBM,LightGBM_2
1129,SI_ref_17,Pristine SCG biochar,EE2,Synthetic,0.9348668633411785,0.882793625028018,LightGBM,LightGBM_2
1131,SI_ref_17,Pristine SCG biochar,EE2,Synthetic,0.8111252475275296,0.832927554785418,LightGBM,LightGBM_2
1133,SI_ref_17,Pristine SCG biochar,EE2,Synthetic,0.8609155049620831,0.8819145218169432,LightGBM,LightGBM_2
1135,SI_ref_17,Pristine SCG biochar,EE2,Synthetic,0.8239304667585977,0.8819145218169432,LightGBM,LightGBM_2
1137,SI_ref_17,Pristine SCG biochar,EE2,Synthetic,0.8257334628724249,0.8819145218169432,LightGBM,LightGBM_2
1139,SI_ref_17,Pristine SCG biochar,EE2,Synthetic,0.8269992896243368,0.8819145218169432,LightGBM,LightGBM_2
1141,SI_ref_17,Pristine SCG biochar,EE2,Synthetic,0.8244509213990222,0.8819145218169432,LightGBM,LightGBM_2
1143,SI_ref_17,Pristine SCG biochar,EE2,Synthetic,0.8163766662487987,0.8819145218169432,LightGBM,LightGBM_2
1145,SI_ref_17,Pristine SCG biochar,EE2,Synthetic,0.981137644940341,0.8635239691084808,LightGBM,LightGBM_2
1147,SI_ref_17,Pristine SCG biochar,EE2,Synthetic,0.8965862728271835,0.8819145218169432,LightGBM,LightGBM_2
1149,SI_ref_17,Pristine SCG biochar,EE2,Synthetic,0.9030676738865168,0.8819145218169432,LightGBM,LightGBM_2
1151,SI_ref_17,Pristine SCG biochar,EE2,Synthetic,0.886080261818485,0.8819145218169432,LightGBM,LightGBM_2
1153,SI_ref_17,Pristine SCG biochar,EE2,Synthetic,0.8949069839273535,0.8819145218169432,LightGBM,LightGBM_2
1155,SI_ref_17,Pristine SCG biochar,EE2,Synthetic,0.8378189552043488,0.8819145218169432,LightGBM,LightGBM_2
1157,SI_ref_17,Pristine SCG biochar,IBU,Synthetic,0.9060511140454979,0.9510746997920002,LightGBM,LightGBM_2
1159,SI_ref_17,Pristine SCG biochar,IBU,Synthetic,0.9004320791615827,0.9417901392588397,LightGBM,LightGBM_2
1161,SI_ref_17,Pristine SCG biochar,IBU,Synthetic,0.894961472244973,0.937901705338285,LightGBM,LightGBM_2
1163,SI_ref_17,Pristine SCG biochar,IBU,Synthetic,0.8949151720794959,0.9366506849394824,LightGBM,LightGBM_2
1165,SI_ref_17,Pristine SCG biochar,IBU,Synthetic,0.892599829508416,0.9294671237330233,LightGBM,LightGBM_2
1167,SI_ref_17,Pristine SCG biochar,IBU,Synthetic,0.8914167516338777,0.9287077012883257,LightGBM,LightGBM_2
1169,SI_ref_17,Pristine SCG biochar,IBU,Synthetic,0.886841225533622,0.9252969734291198,LightGBM,LightGBM_2
1171,SI_ref_17,Pristine SCG biochar,IBU,Synthetic,0.8055661914208297,0.868695221615495,LightGBM,LightGBM_2
1173,SI_ref_17,Pristine SCG biochar,IBU,Synthetic,0.9319085004678631,0.9237803969926254,LightGBM,LightGBM_2
1175,SI_ref_17,Pristine SCG biochar,IBU,Synthetic,0.9111084458291452,0.9237803969926254,LightGBM,LightGBM_2
1177,SI_ref_17,Pristine SCG biochar,IBU,Synthetic,0.9162887928675453,0.9237803969926254,LightGBM,LightGBM_2
1179,SI_ref_17,Pristine SCG biochar,IBU,Synthetic,0.9142212192930818,0.9237803969926254,LightGBM,LightGBM_2
1181,SI_ref_17,Pristine SCG biochar,IBU,Synthetic,0.9090486144760851,0.9237803969926254,LightGBM,LightGBM_2
1183,SI_ref_17,Pristine SCG biochar,IBU,Synthetic,0.9114748664800524,0.9237803969926254,LightGBM,LightGBM_2
1185,SI_ref_17,Pristine SCG biochar,IBU,Synthetic,0.93372158594911,0.9550270127019653,LightGBM,LightGBM_2
1187,SI_ref_17,Pristine SCG biochar,IBU,Synthetic,0.9448963419259283,0.9237803969926254,LightGBM,LightGBM_2
1189,SI_ref_17,Pristine SCG biochar,IBU,Synthetic,0.9210277046979152,0.9237803969926254,LightGBM,LightGBM_2
1191,SI_ref_17,Pristine SCG biochar,IBU,Synthetic,0.9513456586569363,0.9237803969926254,LightGBM,LightGBM_2
1193,SI_ref_17,Pristine SCG biochar,IBU,Synthetic,0.9310638115047126,0.9237803969926254,LightGBM,LightGBM_2
1195,SI_ref_17,Pristine SCG biochar,IBU,Synthetic,0.9376778036385122,0.9237803969926254,LightGBM,LightGBM_2
155,SI_ref_17,Alkali-modified SCG biochars,EE2,Synthetic,0.281684429186895,0.4492601751197799,MLP,MLP_1
157,SI_ref_17,Alkali-modified SCG biochars,EE2,Synthetic,0.1736546812353491,0.32067840496973604,MLP,MLP_1
159,SI_ref_17,Alkali-modified SCG biochars,EE2,Synthetic,0.0890939833732563,0.27413165584983745,MLP,MLP_1
161,SI_ref_17,Alkali-modified SCG biochars,EE2,Synthetic,0.0719303611000807,0.27229737867170184,MLP,MLP_1
163,SI_ref_17,Alkali-modified SCG biochars,EE2,Synthetic,0.06892444951131721,0.27122255043885457,MLP,MLP_1
165,SI_ref_17,Alkali-modified SCG biochars,EE2,Synthetic,0.06161971981332274,0.27045943429415004,MLP,MLP_1
167,SI_ref_17,Alkali-modified SCG biochars,EE2,Synthetic,0.06227375203350968,0.2696960115073055,MLP,MLP_1
169,SI_ref_17,Alkali-modified SCG biochars,EE2,Synthetic,0.013530055813574512,0.3031796214545223,MLP,MLP_1
171,SI_ref_17,Alkali-modified SCG biochars,EE2,Synthetic,0.09051861058315946,0.2849537598395815,MLP,MLP_1
178,SI_ref_17,Alkali-modified SCG biochars,EE2,Synthetic,0.053215646133789624,0.3571449686760962,MLP,MLP_1
180,SI_ref_17,Alkali-modified SCG biochars,EE2,Synthetic,0.2279548813058391,0.2849537598395815,MLP,MLP_1
182,SI_ref_17,Alkali-modified SCG biochars,EE2,Synthetic,0.3168155258198777,0.2849537598395815,MLP,MLP_1
184,SI_ref_17,Alkali-modified SCG biochars,EE2,Synthetic,0.4518596548311438,0.2849537598395815,MLP,MLP_1
186,SI_ref_17,Alkali-modified SCG biochars,EE2,Synthetic,0.5444612813197839,0.2849537598395815,MLP,MLP_1
188,SI_ref_17,Alkali-modified SCG biochars,EE2,Synthetic,0.6153689348029446,0.2849537598395815,MLP,MLP_1
190,SI_ref_17,Alkali-modified SCG biochars,IBU,Synthetic,0.22674008618295227,0.5094147497207302,MLP,MLP_1
192,SI_ref_17,Alkali-modified SCG biochars,IBU,Synthetic,0.18762987622773672,0.5035233428471138,MLP,MLP_1
194,SI_ref_17,Alkali-modified SCG biochars,IBU,Synthetic,0.0964989432139522,0.49405701564033283,MLP,MLP_1
196,SI_ref_17,Alkali-modified SCG biochars,IBU,Synthetic,0.056403766337859394,0.4880481589419157,MLP,MLP_1
198,SI_ref_17,Alkali-modified SCG biochars,IBU,Synthetic,0.04365646649895644,0.48452715955121467,MLP,MLP_1
200,SI_ref_17,Alkali-modified SCG biochars,IBU,Synthetic,0.05275302685215311,0.4771069774046192,MLP,MLP_1
202,SI_ref_17,Alkali-modified SCG biochars,IBU,Synthetic,0.051463060103218494,0.47242012016850177,MLP,MLP_1
204,SI_ref_17,Alkali-modified SCG biochars,IBU,Synthetic,0.0020992565231803756,0.21817388893124084,MLP,MLP_1
206,SI_ref_17,Alkali-modified SCG biochars,IBU,Synthetic,0.05901922048526246,0.5013074591542703,MLP,MLP_1
208,SI_ref_17,Alkali-modified SCG biochars,IBU,Synthetic,0.12337327274312365,0.5013074591542703,MLP,MLP_1
210,SI_ref_17,Alkali-modified SCG biochars,IBU,Synthetic,0.09406602807201081,0.5013074591542703,MLP,MLP_1
212,SI_ref_17,Alkali-modified SCG biochars,IBU,Synthetic,0.09483947953445797,0.5013074591542703,MLP,MLP_1
214,SI_ref_17,Alkali-modified SCG biochars,IBU,Synthetic,0.10723758772503378,0.5013074591542703,MLP,MLP_1
216,SI_ref_17,Alkali-modified SCG biochars,IBU,Synthetic,0.10107027265594352,0.5013074591542703,MLP,MLP_1
218,SI_ref_17,Alkali-modified SCG biochars,IBU,Synthetic,0.30424911735147564,0.6258704750175073,MLP,MLP_1
220,SI_ref_17,Alkali-modified SCG biochars,IBU,Synthetic,0.004839210099114782,0.5013074591542703,MLP,MLP_1
222,SI_ref_17,Alkali-modified SCG biochars,IBU,Synthetic,0.04374442489311713,0.5013074591542703,MLP,MLP_1
224,SI_ref_17,Alkali-modified SCG biochars,IBU,Synthetic,0.2945083196339574,0.5013074591542703,MLP,MLP_1
226,SI_ref_17,Alkali-modified SCG biochars,IBU,Synthetic,0.44148324888836815,0.5013074591542703,MLP,MLP_1
228,SI_ref_17,Alkali-modified SCG biochars,IBU,Synthetic,0.5342365334838785,0.5013074591542703,MLP,MLP_1
263,SI_ref_16,C-Biochar,IBU,Synthetic,0.5333333333333333,0.45048938124493126,MLP,MLP_1
264,SI_ref_16,C-Biochar,IBU,Synthetic,0.7333333333333333,0.48231417543649063,MLP,MLP_1
265,SI_ref_16,C-Biochar,IBU,Synthetic,0.6000000000000001,0.6012689148220509,MLP,MLP_1
266,SI_ref_16,C-Biochar,IBU,Synthetic,0.6121212121212122,0.51413896962805,MLP,MLP_1
267,SI_ref_16,C-Biochar,IBU,Synthetic,0.7333333333333333,0.51413896962805,MLP,MLP_1
268,SI_ref_16,C-Biochar,IBU,Synthetic,0.5333333333333333,0.51413896962805,MLP,MLP_1
269,SI_ref_16,C-Biochar,IBU,Synthetic,0.4666666666666666,0.51413896962805,MLP,MLP_1
270,SI_ref_16,C-Biochar,IBU,Synthetic,0.5555555555555556,0.51413896962805,MLP,MLP_1
271,SI_ref_16,C-Biochar,IBU,Synthetic,0.6000000000000001,0.51413896962805,MLP,MLP_1
272,SI_ref_16,C-Biochar,IBU,Synthetic,0.6000000000000001,0.42700902443404887,MLP,MLP_1
273,SI_ref_16,C-Biochar,IBU,Synthetic,0.6000000000000001,0.2121060883283294,MLP,MLP_1
274,SI_ref_16,C-Biochar,IBU,Synthetic,1.0666666666666667,0.6472543343358116,MLP,MLP_1
275,SI_ref_16,C-Biochar,IBU,Synthetic,0.5277777777777777,0.51413896962805,MLP,MLP_1
276,SI_ref_16,C-Biochar,IBU,Synthetic,0.7,0.51413896962805,MLP,MLP_1
277,SI_ref_16,C-Biochar,IBU,Synthetic,0.7844444444444444,0.51413896962805,MLP,MLP_1
278,SI_ref_16,C-Biochar,IBU,Synthetic,0.8430555555555557,0.51413896962805,MLP,MLP_1
279,SI_ref_16,C-Biochar,IBU,Synthetic,0.861111111111111,0.51413896962805,MLP,MLP_1
875,SI_ref_13,PB600,IBU,Synthetic,0.7639925373134329,0.8771544954802861,MLP,MLP_1
876,SI_ref_13,PB600,IBU,Synthetic,0.7266791044776119,0.8625669379550622,MLP,MLP_1
877,SI_ref_13,PB600,IBU,Synthetic,0.7328980099502487,0.8024579418551312,MLP,MLP_1
878,SI_ref_13,PB600,IBU,Synthetic,0.7391169154228855,0.7671160043128991,MLP,MLP_1
879,SI_ref_13,PB600,IBU,Synthetic,0.6707089552238806,0.7065274603657772,MLP,MLP_1
880,SI_ref_13,PB600,IBU,Synthetic,0.5898631840796019,0.6710244958205467,MLP,MLP_1
881,SI_ref_13,PB600,IBU,Synthetic,0.2096102913356035,0.6458177840861783,MLP,MLP_1
882,SI_ref_13,PB600,IBU,Synthetic,0.7328980099502488,0.7108284514501864,MLP,MLP_1
883,SI_ref_13,PB600,IBU,Synthetic,0.611373922124096,0.6458177840861783,MLP,MLP_1
884,SI_ref_13,PB600,IBU,Synthetic,0.6847133757961785,0.6458177840861783,MLP,MLP_1
885,SI_ref_13,PB600,IBU,Synthetic,0.4580645161290322,0.6458177840861783,MLP,MLP_1
886,SI_ref_13,PB600,IBU,Synthetic,0.29347826086956524,0.6458177840861783,MLP,MLP_1
887,SI_ref_13,PB600,IBU,Synthetic,0.5772919064058304,0.5081816939922545,MLP,MLP_1
888,SI_ref_13,PB600,IBU,Synthetic,0.5887993862677406,0.47461784631174225,MLP,MLP_1
889,SI_ref_13,PB600,IBU,Synthetic,0.7258796821793417,0.6458177840861783,MLP,MLP_1
890,SI_ref_13,PB600,IBU,Synthetic,0.766427039979821,0.6458177840861783,MLP,MLP_1
891,SI_ref_13,PB600,IBU,Synthetic,0.8162693908437383,0.6458177840861783,MLP,MLP_1
892,SI_ref_13,PB600,IBU,Synthetic,0.8533052267445003,0.6458177840861783,MLP,MLP_1
893,SI_ref_13,PB600,IBU,Synthetic,0.9327073552425663,0.5818465973829563,MLP,MLP_1
894,SI_ref_13,PB600,IBU,Synthetic,0.6275430359937403,0.5818465973829563,MLP,MLP_1
895,SI_ref_13,PB600,IBU,Synthetic,0.35367762128325514,0.5818465973829563,MLP,MLP_1
896,SI_ref_13,PB600,IBU,Synthetic,0.4798506002849601,0.5818465973829563,MLP,MLP_1
897,SI_ref_13,PB600,IBU,Synthetic,0.2754303599374022,0.5818465973829563,MLP,MLP_1
922,SI_ref_13,PB800,IBU,Synthetic,0.4560270602706027,0.538915459871802,MLP,MLP_1
923,SI_ref_13,PB800,IBU,Synthetic,0.4252767527675277,0.5239312346867291,MLP,MLP_1
924,SI_ref_13,PB800,IBU,Synthetic,0.40067650676506766,0.5087692490860829,MLP,MLP_1
925,SI_ref_13,PB800,IBU,Synthetic,0.39145141451414517,0.4998545444181923,MLP,MLP_1
926,SI_ref_13,PB800,IBU,Synthetic,0.38837638376383765,0.4845715969312116,MLP,MLP_1
927,SI_ref_13,PB800,IBU,Synthetic,0.37915129151291516,0.47561627456448746,MLP,MLP_1
928,SI_ref_13,PB800,IBU,Synthetic,0.23013048635824437,0.46925809483843195,MLP,MLP_1
929,SI_ref_13,PB800,IBU,Synthetic,0.3126198695818949,0.45892141777219925,MLP,MLP_1
930,SI_ref_13,PB800,IBU,Synthetic,0.35520079622504414,0.46925809483843195,MLP,MLP_1
931,SI_ref_13,PB800,IBU,Synthetic,0.24946921443736733,0.46925809483843195,MLP,MLP_1
932,SI_ref_13,PB800,IBU,Synthetic,0.18924731182795698,0.46925809483843195,MLP,MLP_1
933,SI_ref_13,PB800,IBU,Synthetic,0.08514492753623189,0.46925809483843195,MLP,MLP_1
934,SI_ref_13,PB800,IBU,Synthetic,0.4392021480629075,0.5806505744670218,MLP,MLP_1
935,SI_ref_13,PB800,IBU,Synthetic,0.4238588415803605,0.45239462219949883,MLP,MLP_1
936,SI_ref_13,PB800,IBU,Synthetic,0.5142348754448398,0.46925809483843195,MLP,MLP_1
937,SI_ref_13,PB800,IBU,Synthetic,0.5523922499011468,0.46925809483843195,MLP,MLP_1
938,SI_ref_13,PB800,IBU,Synthetic,0.5686613285883748,0.46925809483843195,MLP,MLP_1
939,SI_ref_13,PB800,IBU,Synthetic,0.5875275377054737,0.46925809483843195,MLP,MLP_1
940,SI_ref_13,PB800,IBU,Synthetic,0.712022367194781,0.47065633590072004,MLP,MLP_1
941,SI_ref_13,PB800,IBU,Synthetic,0.5069897483690587,0.47065633590072004,MLP,MLP_1
942,SI_ref_13,PB800,IBU,Synthetic,0.31469400434917677,0.47065633590072004,MLP,MLP_1
943,SI_ref_13,PB800,IBU,Synthetic,0.22960794568575607,0.47065633590072004,MLP,MLP_1
944,SI_ref_13,PB800,IBU,Synthetic,0.10958005249343833,0.47065633590072004,MLP,MLP_1
1117,SI_ref_17,Pristine SCG biochar,EE2,Synthetic,0.9630524728687239,0.7446744671515926,MLP,MLP_1
1119,SI_ref_17,Pristine SCG biochar,EE2,Synthetic,0.9610835485312063,0.6999050222861181,MLP,MLP_1
1121,SI_ref_17,Pristine SCG biochar,EE2,Synthetic,0.9527872619203276,0.6813249912474424,MLP,MLP_1
1123,SI_ref_17,Pristine SCG biochar,EE2,Synthetic,0.9558259103687238,0.7428179725605886,MLP,MLP_1
1125,SI_ref_17,Pristine SCG biochar,EE2,Synthetic,0.9519368217180961,0.7758964278027214,MLP,MLP_1
1127,SI_ref_17,Pristine SCG biochar,EE2,Synthetic,0.9377852461427824,0.7993817647763248,MLP,MLP_1
1129,SI_ref_17,Pristine SCG biochar,EE2,Synthetic,0.9348668633411785,0.8228765388376313,MLP,MLP_1
1131,SI_ref_17,Pristine SCG biochar,EE2,Synthetic,0.8111252475275296,0.7639711710711243,MLP,MLP_1
1133,SI_ref_17,Pristine SCG biochar,EE2,Synthetic,0.8609155049620831,0.8560021631877153,MLP,MLP_1
1135,SI_ref_17,Pristine SCG biochar,EE2,Synthetic,0.8239304667585977,0.8560021631877153,MLP,MLP_1
1137,SI_ref_17,Pristine SCG biochar,EE2,Synthetic,0.8257334628724249,0.8560021631877153,MLP,MLP_1
1139,SI_ref_17,Pristine SCG biochar,EE2,Synthetic,0.8269992896243368,0.8560021631877153,MLP,MLP_1
1141,SI_ref_17,Pristine SCG biochar,EE2,Synthetic,0.8244509213990222,0.8560021631877153,MLP,MLP_1
1143,SI_ref_17,Pristine SCG biochar,EE2,Synthetic,0.8163766662487987,0.8560021631877153,MLP,MLP_1
1145,SI_ref_17,Pristine SCG biochar,EE2,Synthetic,0.981137644940341,0.9191474745445645,MLP,MLP_1
1147,SI_ref_17,Pristine SCG biochar,EE2,Synthetic,0.8965862728271835,0.8560021631877153,MLP,MLP_1
1149,SI_ref_17,Pristine SCG biochar,EE2,Synthetic,0.9030676738865168,0.8560021631877153,MLP,MLP_1
1151,SI_ref_17,Pristine SCG biochar,EE2,Synthetic,0.886080261818485,0.8560021631877153,MLP,MLP_1
1153,SI_ref_17,Pristine SCG biochar,EE2,Synthetic,0.8949069839273535,0.8560021631877153,MLP,MLP_1
1155,SI_ref_17,Pristine SCG biochar,EE2,Synthetic,0.8378189552043488,0.8560021631877153,MLP,MLP_1
1157,SI_ref_17,Pristine SCG biochar,IBU,Synthetic,0.9060511140454979,1.2576316494929152,MLP,MLP_1
1159,SI_ref_17,Pristine SCG biochar,IBU,Synthetic,0.9004320791615827,1.2036196204389527,MLP,MLP_1
1161,SI_ref_17,Pristine SCG biochar,IBU,Synthetic,0.894961472244973,1.1168329579158256,MLP,MLP_1
1163,SI_ref_17,Pristine SCG biochar,IBU,Synthetic,0.8949151720794959,1.0569976877948999,MLP,MLP_1
1165,SI_ref_17,Pristine SCG biochar,IBU,Synthetic,0.892599829508416,1.0212940561285437,MLP,MLP_1
1167,SI_ref_17,Pristine SCG biochar,IBU,Synthetic,0.8914167516338777,0.9959448729599842,MLP,MLP_1
1169,SI_ref_17,Pristine SCG biochar,IBU,Synthetic,0.886841225533622,0.9845721068228654,MLP,MLP_1
1171,SI_ref_17,Pristine SCG biochar,IBU,Synthetic,0.8055661914208297,0.895558290073825,MLP,MLP_1
1173,SI_ref_17,Pristine SCG biochar,IBU,Synthetic,0.9319085004678631,0.9903557748758371,MLP,MLP_1
1175,SI_ref_17,Pristine SCG biochar,IBU,Synthetic,0.9111084458291452,0.9903557748758371,MLP,MLP_1
1177,SI_ref_17,Pristine SCG biochar,IBU,Synthetic,0.9162887928675453,0.9903557748758371,MLP,MLP_1
1179,SI_ref_17,Pristine SCG biochar,IBU,Synthetic,0.9142212192930818,0.9903557748758371,MLP,MLP_1
1181,SI_ref_17,Pristine SCG biochar,IBU,Synthetic,0.9090486144760851,0.9903557748758371,MLP,MLP_1
1183,SI_ref_17,Pristine SCG biochar,IBU,Synthetic,0.9114748664800524,0.9903557748758371,MLP,MLP_1
1185,SI_ref_17,Pristine SCG biochar,IBU,Synthetic,0.93372158594911,1.1759805987774403,MLP,MLP_1
1187,SI_ref_17,Pristine SCG biochar,IBU,Synthetic,0.9448963419259283,0.9903557748758371,MLP,MLP_1
1189,SI_ref_17,Pristine SCG biochar,IBU,Synthetic,0.9210277046979152,0.9903557748758371,MLP,MLP_1
1191,SI_ref_17,Pristine SCG biochar,IBU,Synthetic,0.9513456586569363,0.9903557748758371,MLP,MLP_1
1193,SI_ref_17,Pristine SCG biochar,IBU,Synthetic,0.9310638115047126,0.9903557748758371,MLP,MLP_1
1195,SI_ref_17,Pristine SCG biochar,IBU,Synthetic,0.9376778036385122,0.9903557748758371,MLP,MLP_1
155,SI_ref_17,Alkali-modified SCG biochars,EE2,Synthetic,0.281684429186895,0.15770876064978417,OLS,OLS_1
157,SI_ref_17,Alkali-modified SCG biochars,EE2,Synthetic,0.1736546812353491,0.14356115684430706,OLS,OLS_1
159,SI_ref_17,Alkali-modified SCG biochars,EE2,Synthetic,0.0890939833732563,0.12082875188780831,OLS,OLS_1
161,SI_ref_17,Alkali-modified SCG biochars,EE2,Synthetic,0.0719303611000807,0.10639910448494422,OLS,OLS_1
163,SI_ref_17,Alkali-modified SCG biochars,EE2,Synthetic,0.06892444951131721,0.09794378889605729,OLS,OLS_1
165,SI_ref_17,Alkali-modified SCG biochars,EE2,Synthetic,0.06161971981332274,0.09194060844613577,OLS,OLS_1
167,SI_ref_17,Alkali-modified SCG biochars,EE2,Synthetic,0.06227375203350968,0.08593501574466916,OLS,OLS_1
169,SI_ref_17,Alkali-modified SCG biochars,EE2,Synthetic,0.013530055813574512,0.030677545234133824,OLS,OLS_1
171,SI_ref_17,Alkali-modified SCG biochars,EE2,Synthetic,0.09051861058315946,0.07746764307237697,OLS,OLS_1
178,SI_ref_17,Alkali-modified SCG biochars,EE2,Synthetic,0.053215646133789624,0.12425774091062011,OLS,OLS_1
180,SI_ref_17,Alkali-modified SCG biochars,EE2,Synthetic,0.2279548813058391,0.07746764307237697,OLS,OLS_1
182,SI_ref_17,Alkali-modified SCG biochars,EE2,Synthetic,0.3168155258198777,0.07746764307237697,OLS,OLS_1
184,SI_ref_17,Alkali-modified SCG biochars,EE2,Synthetic,0.4518596548311438,0.07746764307237697,OLS,OLS_1
186,SI_ref_17,Alkali-modified SCG biochars,EE2,Synthetic,0.5444612813197839,0.07746764307237697,OLS,OLS_1
188,SI_ref_17,Alkali-modified SCG biochars,EE2,Synthetic,0.6153689348029446,0.07746764307237697,OLS,OLS_1
190,SI_ref_17,Alkali-modified SCG biochars,IBU,Synthetic,0.22674008618295227,0.26105517457575966,OLS,OLS_1
192,SI_ref_17,Alkali-modified SCG biochars,IBU,Synthetic,0.18762987622773672,0.24690757077028258,OLS,OLS_1
194,SI_ref_17,Alkali-modified SCG biochars,IBU,Synthetic,0.0964989432139522,0.22417516581378383,OLS,OLS_1
196,SI_ref_17,Alkali-modified SCG biochars,IBU,Synthetic,0.056403766337859394,0.20974551841091973,OLS,OLS_1
198,SI_ref_17,Alkali-modified SCG biochars,IBU,Synthetic,0.04365646649895644,0.2012902028220328,OLS,OLS_1
200,SI_ref_17,Alkali-modified SCG biochars,IBU,Synthetic,0.05275302685215311,0.1952870223721113,OLS,OLS_1
202,SI_ref_17,Alkali-modified SCG biochars,IBU,Synthetic,0.051463060103218494,0.18928142967064468,OLS,OLS_1
204,SI_ref_17,Alkali-modified SCG biochars,IBU,Synthetic,0.0020992565231803756,0.13402395916010934,OLS,OLS_1
206,SI_ref_17,Alkali-modified SCG biochars,IBU,Synthetic,0.05901922048526246,0.18081405699835248,OLS,OLS_1
208,SI_ref_17,Alkali-modified SCG biochars,IBU,Synthetic,0.12337327274312365,0.18081405699835248,OLS,OLS_1
210,SI_ref_17,Alkali-modified SCG biochars,IBU,Synthetic,0.09406602807201081,0.18081405699835248,OLS,OLS_1
212,SI_ref_17,Alkali-modified SCG biochars,IBU,Synthetic,0.09483947953445797,0.18081405699835248,OLS,OLS_1
214,SI_ref_17,Alkali-modified SCG biochars,IBU,Synthetic,0.10723758772503378,0.18081405699835248,OLS,OLS_1
216,SI_ref_17,Alkali-modified SCG biochars,IBU,Synthetic,0.10107027265594352,0.18081405699835248,OLS,OLS_1
218,SI_ref_17,Alkali-modified SCG biochars,IBU,Synthetic,0.30424911735147564,0.22760415483659563,OLS,OLS_1
220,SI_ref_17,Alkali-modified SCG biochars,IBU,Synthetic,0.004839210099114782,0.18081405699835248,OLS,OLS_1
222,SI_ref_17,Alkali-modified SCG biochars,IBU,Synthetic,0.04374442489311713,0.18081405699835248,OLS,OLS_1
224,SI_ref_17,Alkali-modified SCG biochars,IBU,Synthetic,0.2945083196339574,0.18081405699835248,OLS,OLS_1
226,SI_ref_17,Alkali-modified SCG biochars,IBU,Synthetic,0.44148324888836815,0.18081405699835248,OLS,OLS_1
228,SI_ref_17,Alkali-modified SCG biochars,IBU,Synthetic,0.5342365334838785,0.18081405699835248,OLS,OLS_1
263,SI_ref_16,C-Biochar,IBU,Synthetic,0.5333333333333333,0.5570486930775527,OLS,OLS_1
264,SI_ref_16,C-Biochar,IBU,Synthetic,0.7333333333333333,0.5804437419966741,OLS,OLS_1
265,SI_ref_16,C-Biochar,IBU,Synthetic,0.6000000000000001,0.6243581617983628,OLS,OLS_1
266,SI_ref_16,C-Biochar,IBU,Synthetic,0.6121212121212122,0.6038387909157957,OLS,OLS_1
267,SI_ref_16,C-Biochar,IBU,Synthetic,0.7333333333333333,0.6038387909157957,OLS,OLS_1
268,SI_ref_16,C-Biochar,IBU,Synthetic,0.5333333333333333,0.6038387909157957,OLS,OLS_1
269,SI_ref_16,C-Biochar,IBU,Synthetic,0.4666666666666666,0.6038387909157957,OLS,OLS_1
270,SI_ref_16,C-Biochar,IBU,Synthetic,0.5555555555555556,0.6038387909157957,OLS,OLS_1
271,SI_ref_16,C-Biochar,IBU,Synthetic,0.6000000000000001,0.6038387909157957,OLS,OLS_1
272,SI_ref_16,C-Biochar,IBU,Synthetic,0.6000000000000001,0.5833194200332288,OLS,OLS_1
273,SI_ref_16,C-Biochar,IBU,Synthetic,0.6000000000000001,0.5628000491506617,OLS,OLS_1
274,SI_ref_16,C-Biochar,IBU,Synthetic,1.0666666666666667,0.6272338398349173,OLS,OLS_1
275,SI_ref_16,C-Biochar,IBU,Synthetic,0.5277777777777777,0.6038387909157957,OLS,OLS_1
276,SI_ref_16,C-Biochar,IBU,Synthetic,0.7,0.6038387909157957,OLS,OLS_1
277,SI_ref_16,C-Biochar,IBU,Synthetic,0.7844444444444444,0.6038387909157957,OLS,OLS_1
278,SI_ref_16,C-Biochar,IBU,Synthetic,0.8430555555555557,0.6038387909157957,OLS,OLS_1
279,SI_ref_16,C-Biochar,IBU,Synthetic,0.861111111111111,0.6038387909157957,OLS,OLS_1
875,SI_ref_13,PB600,IBU,Synthetic,0.7639925373134329,0.6199312310031004,OLS,OLS_1
876,SI_ref_13,PB600,IBU,Synthetic,0.7266791044776119,0.6057836271976234,OLS,OLS_1
877,SI_ref_13,PB600,IBU,Synthetic,0.7328980099502487,0.5914681879584973,OLS,OLS_1
878,SI_ref_13,PB600,IBU,Synthetic,0.7391169154228855,0.5830512222411246,OLS,OLS_1
879,SI_ref_13,PB600,IBU,Synthetic,0.6707089552238806,0.5686215748382604,OLS,OLS_1
880,SI_ref_13,PB600,IBU,Synthetic,0.5898631840796019,0.5601662592493735,OLS,OLS_1
881,SI_ref_13,PB600,IBU,Synthetic,0.2096102913356035,0.554163078799452,OLS,OLS_1
882,SI_ref_13,PB600,IBU,Synthetic,0.7328980099502488,0.574682449682019,OLS,OLS_1
883,SI_ref_13,PB600,IBU,Synthetic,0.611373922124096,0.554163078799452,OLS,OLS_1
884,SI_ref_13,PB600,IBU,Synthetic,0.6847133757961785,0.554163078799452,OLS,OLS_1
885,SI_ref_13,PB600,IBU,Synthetic,0.4580645161290322,0.554163078799452,OLS,OLS_1
886,SI_ref_13,PB600,IBU,Synthetic,0.29347826086956524,0.554163078799452,OLS,OLS_1
887,SI_ref_13,PB600,IBU,Synthetic,0.5772919064058304,0.533643707916885,OLS,OLS_1
888,SI_ref_13,PB600,IBU,Synthetic,0.5887993862677406,0.5131243370343179,OLS,OLS_1
889,SI_ref_13,PB600,IBU,Synthetic,0.7258796821793417,0.554163078799452,OLS,OLS_1
890,SI_ref_13,PB600,IBU,Synthetic,0.766427039979821,0.554163078799452,OLS,OLS_1
891,SI_ref_13,PB600,IBU,Synthetic,0.8162693908437383,0.554163078799452,OLS,OLS_1
892,SI_ref_13,PB600,IBU,Synthetic,0.8533052267445003,0.554163078799452,OLS,OLS_1
893,SI_ref_13,PB600,IBU,Synthetic,0.9327073552425663,0.5396901134256932,OLS,OLS_1
894,SI_ref_13,PB600,IBU,Synthetic,0.6275430359937403,0.5396901134256932,OLS,OLS_1
895,SI_ref_13,PB600,IBU,Synthetic,0.35367762128325514,0.5396901134256932,OLS,OLS_1
896,SI_ref_13,PB600,IBU,Synthetic,0.4798506002849601,0.5396901134256932,OLS,OLS_1
897,SI_ref_13,PB600,IBU,Synthetic,0.2754303599374022,0.5396901134256932,OLS,OLS_1
922,SI_ref_13,PB800,IBU,Synthetic,0.4560270602706027,0.42938489078714065,OLS,OLS_1
923,SI_ref_13,PB800,IBU,Synthetic,0.4252767527675277,0.41523728698166357,OLS,OLS_1
924,SI_ref_13,PB800,IBU,Synthetic,0.40067650676506766,0.4009218477425376,OLS,OLS_1
925,SI_ref_13,PB800,IBU,Synthetic,0.39145141451414517,0.3925048820251648,OLS,OLS_1
926,SI_ref_13,PB800,IBU,Synthetic,0.38837638376383765,0.37807523462230075,OLS,OLS_1
927,SI_ref_13,PB800,IBU,Synthetic,0.37915129151291516,0.3696199190334138,OLS,OLS_1
928,SI_ref_13,PB800,IBU,Synthetic,0.23013048635824437,0.3636167385834923,OLS,OLS_1
929,SI_ref_13,PB800,IBU,Synthetic,0.3126198695818949,0.3841361094660593,OLS,OLS_1
930,SI_ref_13,PB800,IBU,Synthetic,0.35520079622504414,0.3636167385834923,OLS,OLS_1
931,SI_ref_13,PB800,IBU,Synthetic,0.24946921443736733,0.3636167385834923,OLS,OLS_1
932,SI_ref_13,PB800,IBU,Synthetic,0.18924731182795698,0.3636167385834923,OLS,OLS_1
933,SI_ref_13,PB800,IBU,Synthetic,0.08514492753623189,0.3636167385834923,OLS,OLS_1
934,SI_ref_13,PB800,IBU,Synthetic,0.4392021480629075,0.34309736770092525,OLS,OLS_1
935,SI_ref_13,PB800,IBU,Synthetic,0.4238588415803605,0.3225779968183582,OLS,OLS_1
936,SI_ref_13,PB800,IBU,Synthetic,0.5142348754448398,0.3636167385834923,OLS,OLS_1
937,SI_ref_13,PB800,IBU,Synthetic,0.5523922499011468,0.3636167385834923,OLS,OLS_1
938,SI_ref_13,PB800,IBU,Synthetic,0.5686613285883748,0.3636167385834923,OLS,OLS_1
939,SI_ref_13,PB800,IBU,Synthetic,0.5875275377054737,0.3636167385834923,OLS,OLS_1
940,SI_ref_13,PB800,IBU,Synthetic,0.712022367194781,0.34914377320973344,OLS,OLS_1
941,SI_ref_13,PB800,IBU,Synthetic,0.5069897483690587,0.34914377320973344,OLS,OLS_1
942,SI_ref_13,PB800,IBU,Synthetic,0.31469400434917677,0.34914377320973344,OLS,OLS_1
943,SI_ref_13,PB800,IBU,Synthetic,0.22960794568575607,0.34914377320973344,OLS,OLS_1
944,SI_ref_13,PB800,IBU,Synthetic,0.10958005249343833,0.34914377320973344,OLS,OLS_1
1117,SI_ref_17,Pristine SCG biochar,EE2,Synthetic,0.9630524728687239,0.7471597316675807,OLS,OLS_1
1119,SI_ref_17,Pristine SCG biochar,EE2,Synthetic,0.9610835485312063,0.7330121278621036,OLS,OLS_1
1121,SI_ref_17,Pristine SCG biochar,EE2,Synthetic,0.9527872619203276,0.7102797229056048,OLS,OLS_1
1123,SI_ref_17,Pristine SCG biochar,EE2,Synthetic,0.9558259103687238,0.6958500755027408,OLS,OLS_1
1125,SI_ref_17,Pristine SCG biochar,EE2,Synthetic,0.9519368217180961,0.6873947599138539,OLS,OLS_1
1127,SI_ref_17,Pristine SCG biochar,EE2,Synthetic,0.9377852461427824,0.6813915794639323,OLS,OLS_1
1129,SI_ref_17,Pristine SCG biochar,EE2,Synthetic,0.9348668633411785,0.6753859867624656,OLS,OLS_1
1131,SI_ref_17,Pristine SCG biochar,EE2,Synthetic,0.8111252475275296,0.6201285162519303,OLS,OLS_1
1133,SI_ref_17,Pristine SCG biochar,EE2,Synthetic,0.8609155049620831,0.6669186140901735,OLS,OLS_1
1135,SI_ref_17,Pristine SCG biochar,EE2,Synthetic,0.8239304667585977,0.6669186140901735,OLS,OLS_1
1137,SI_ref_17,Pristine SCG biochar,EE2,Synthetic,0.8257334628724249,0.6669186140901735,OLS,OLS_1
1139,SI_ref_17,Pristine SCG biochar,EE2,Synthetic,0.8269992896243368,0.6669186140901735,OLS,OLS_1
1141,SI_ref_17,Pristine SCG biochar,EE2,Synthetic,0.8244509213990222,0.6669186140901735,OLS,OLS_1
1143,SI_ref_17,Pristine SCG biochar,EE2,Synthetic,0.8163766662487987,0.6669186140901735,OLS,OLS_1
1145,SI_ref_17,Pristine SCG biochar,EE2,Synthetic,0.981137644940341,0.7137087119284167,OLS,OLS_1
1147,SI_ref_17,Pristine SCG biochar,EE2,Synthetic,0.8965862728271835,0.6669186140901735,OLS,OLS_1
1149,SI_ref_17,Pristine SCG biochar,EE2,Synthetic,0.9030676738865168,0.6669186140901735,OLS,OLS_1
1151,SI_ref_17,Pristine SCG biochar,EE2,Synthetic,0.886080261818485,0.6669186140901735,OLS,OLS_1
1153,SI_ref_17,Pristine SCG biochar,EE2,Synthetic,0.8949069839273535,0.6669186140901735,OLS,OLS_1
1155,SI_ref_17,Pristine SCG biochar,EE2,Synthetic,0.8378189552043488,0.6669186140901735,OLS,OLS_1
1157,SI_ref_17,Pristine SCG biochar,IBU,Synthetic,0.9060511140454979,0.8505061455935562,OLS,OLS_1
1159,SI_ref_17,Pristine SCG biochar,IBU,Synthetic,0.9004320791615827,0.8363585417880791,OLS,OLS_1
1161,SI_ref_17,Pristine SCG biochar,IBU,Synthetic,0.894961472244973,0.8136261368315804,OLS,OLS_1
1163,SI_ref_17,Pristine SCG biochar,IBU,Synthetic,0.8949151720794959,0.7991964894287162,OLS,OLS_1
1165,SI_ref_17,Pristine SCG biochar,IBU,Synthetic,0.892599829508416,0.7907411738398293,OLS,OLS_1
1167,SI_ref_17,Pristine SCG biochar,IBU,Synthetic,0.8914167516338777,0.7847379933899078,OLS,OLS_1
1169,SI_ref_17,Pristine SCG biochar,IBU,Synthetic,0.886841225533622,0.7787324006884412,OLS,OLS_1
1171,SI_ref_17,Pristine SCG biochar,IBU,Synthetic,0.8055661914208297,0.7234749301779059,OLS,OLS_1
1173,SI_ref_17,Pristine SCG biochar,IBU,Synthetic,0.9319085004678631,0.770265028016149,OLS,OLS_1
1175,SI_ref_17,Pristine SCG biochar,IBU,Synthetic,0.9111084458291452,0.770265028016149,OLS,OLS_1
1177,SI_ref_17,Pristine SCG biochar,IBU,Synthetic,0.9162887928675453,0.770265028016149,OLS,OLS_1
1179,SI_ref_17,Pristine SCG biochar,IBU,Synthetic,0.9142212192930818,0.770265028016149,OLS,OLS_1
1181,SI_ref_17,Pristine SCG biochar,IBU,Synthetic,0.9090486144760851,0.770265028016149,OLS,OLS_1
1183,SI_ref_17,Pristine SCG biochar,IBU,Synthetic,0.9114748664800524,0.770265028016149,OLS,OLS_1
1185,SI_ref_17,Pristine SCG biochar,IBU,Synthetic,0.93372158594911,0.8170551258543921,OLS,OLS_1
1187,SI_ref_17,Pristine SCG biochar,IBU,Synthetic,0.9448963419259283,0.770265028016149,OLS,OLS_1
1189,SI_ref_17,Pristine SCG biochar,IBU,Synthetic,0.9210277046979152,0.770265028016149,OLS,OLS_1
1191,SI_ref_17,Pristine SCG biochar,IBU,Synthetic,0.9513456586569363,0.770265028016149,OLS,OLS_1
1193,SI_ref_17,Pristine SCG biochar,IBU,Synthetic,0.9310638115047126,0.770265028016149,OLS,OLS_1
1195,SI_ref_17,Pristine SCG biochar,IBU,Synthetic,0.9376778036385122,0.770265028016149,OLS,OLS_1
155,SI_ref_17,Alkali-modified SCG biochars,EE2,Synthetic,0.281684429186895,0.9037033223259845,PCR,PCR_1
157,SI_ref_17,Alkali-modified SCG biochars,EE2,Synthetic,0.1736546812353491,0.8501088390876694,PCR,PCR_1
159,SI_ref_17,Alkali-modified SCG biochars,EE2,Synthetic,0.0890939833732563,0.7639930902188754,PCR,PCR_1
161,SI_ref_17,Alkali-modified SCG biochars,EE2,Synthetic,0.0719303611000807,0.7093301588489568,PCR,PCR_1
163,SI_ref_17,Alkali-modified SCG biochars,EE2,Synthetic,0.06892444951131721,0.6772994152803654,PCR,PCR_1
165,SI_ref_17,Alkali-modified SCG biochars,EE2,Synthetic,0.06161971981332274,0.6545579419945966,PCR,PCR_1
167,SI_ref_17,Alkali-modified SCG biochars,EE2,Synthetic,0.06227375203350968,0.6318073305270707,PCR,PCR_1
169,SI_ref_17,Alkali-modified SCG biochars,EE2,Synthetic,0.013530055813574512,0.4767919680416837,PCR,PCR_1
171,SI_ref_17,Alkali-modified SCG biochars,EE2,Synthetic,0.09051861058315946,0.599730911863011,PCR,PCR_1
178,SI_ref_17,Alkali-modified SCG biochars,EE2,Synthetic,0.053215646133789624,0.722669855684338,PCR,PCR_1
180,SI_ref_17,Alkali-modified SCG biochars,EE2,Synthetic,0.2279548813058391,0.599730911863011,PCR,PCR_1
182,SI_ref_17,Alkali-modified SCG biochars,EE2,Synthetic,0.3168155258198777,0.599730911863011,PCR,PCR_1
184,SI_ref_17,Alkali-modified SCG biochars,EE2,Synthetic,0.4518596548311438,0.599730911863011,PCR,PCR_1
186,SI_ref_17,Alkali-modified SCG biochars,EE2,Synthetic,0.5444612813197839,0.599730911863011,PCR,PCR_1
188,SI_ref_17,Alkali-modified SCG biochars,EE2,Synthetic,0.6153689348029446,0.599730911863011,PCR,PCR_1
190,SI_ref_17,Alkali-modified SCG biochars,IBU,Synthetic,0.22674008618295227,0.8905973025585545,PCR,PCR_1
192,SI_ref_17,Alkali-modified SCG biochars,IBU,Synthetic,0.18762987622773672,0.8370028193202395,PCR,PCR_1
194,SI_ref_17,Alkali-modified SCG biochars,IBU,Synthetic,0.0964989432139522,0.7508870704514452,PCR,PCR_1
196,SI_ref_17,Alkali-modified SCG biochars,IBU,Synthetic,0.056403766337859394,0.6962241390815266,PCR,PCR_1
198,SI_ref_17,Alkali-modified SCG biochars,IBU,Synthetic,0.04365646649895644,0.6641933955129352,PCR,PCR_1
200,SI_ref_17,Alkali-modified SCG biochars,IBU,Synthetic,0.05275302685215311,0.6414519222271663,PCR,PCR_1
202,SI_ref_17,Alkali-modified SCG biochars,IBU,Synthetic,0.051463060103218494,0.6187013107596405,PCR,PCR_1
204,SI_ref_17,Alkali-modified SCG biochars,IBU,Synthetic,0.0020992565231803756,0.4636859482742536,PCR,PCR_1
206,SI_ref_17,Alkali-modified SCG biochars,IBU,Synthetic,0.05901922048526246,0.5866248920955806,PCR,PCR_1
208,SI_ref_17,Alkali-modified SCG biochars,IBU,Synthetic,0.12337327274312365,0.5866248920955806,PCR,PCR_1
210,SI_ref_17,Alkali-modified SCG biochars,IBU,Synthetic,0.09406602807201081,0.5866248920955806,PCR,PCR_1
212,SI_ref_17,Alkali-modified SCG biochars,IBU,Synthetic,0.09483947953445797,0.5866248920955806,PCR,PCR_1
214,SI_ref_17,Alkali-modified SCG biochars,IBU,Synthetic,0.10723758772503378,0.5866248920955806,PCR,PCR_1
216,SI_ref_17,Alkali-modified SCG biochars,IBU,Synthetic,0.10107027265594352,0.5866248920955806,PCR,PCR_1
218,SI_ref_17,Alkali-modified SCG biochars,IBU,Synthetic,0.30424911735147564,0.7095638359169077,PCR,PCR_1
220,SI_ref_17,Alkali-modified SCG biochars,IBU,Synthetic,0.004839210099114782,0.5866248920955806,PCR,PCR_1
222,SI_ref_17,Alkali-modified SCG biochars,IBU,Synthetic,0.04374442489311713,0.5866248920955806,PCR,PCR_1
224,SI_ref_17,Alkali-modified SCG biochars,IBU,Synthetic,0.2945083196339574,0.5866248920955806,PCR,PCR_1
226,SI_ref_17,Alkali-modified SCG biochars,IBU,Synthetic,0.44148324888836815,0.5866248920955806,PCR,PCR_1
228,SI_ref_17,Alkali-modified SCG biochars,IBU,Synthetic,0.5342365334838785,0.5866248920955806,PCR,PCR_1
263,SI_ref_16,C-Biochar,IBU,Synthetic,0.5333333333333333,0.2740027737260688,PCR,PCR_1
264,SI_ref_16,C-Biochar,IBU,Synthetic,0.7333333333333333,0.33547224563673234,PCR,PCR_1
265,SI_ref_16,C-Biochar,IBU,Synthetic,0.6000000000000001,0.41692922721576,PCR,PCR_1
266,SI_ref_16,C-Biochar,IBU,Synthetic,0.6121212121212122,0.3969417175473959,PCR,PCR_1
267,SI_ref_16,C-Biochar,IBU,Synthetic,0.7333333333333333,0.3969417175473959,PCR,PCR_1
268,SI_ref_16,C-Biochar,IBU,Synthetic,0.5333333333333333,0.3969417175473959,PCR,PCR_1
269,SI_ref_16,C-Biochar,IBU,Synthetic,0.4666666666666666,0.3969417175473959,PCR,PCR_1
270,SI_ref_16,C-Biochar,IBU,Synthetic,0.5555555555555556,0.3969417175473959,PCR,PCR_1
271,SI_ref_16,C-Biochar,IBU,Synthetic,0.6000000000000001,0.3969417175473959,PCR,PCR_1
272,SI_ref_16,C-Biochar,IBU,Synthetic,0.6000000000000001,0.3769542078790319,PCR,PCR_1
273,SI_ref_16,C-Biochar,IBU,Synthetic,0.6000000000000001,0.35696669821066784,PCR,PCR_1
274,SI_ref_16,C-Biochar,IBU,Synthetic,1.0666666666666667,0.45841118945805953,PCR,PCR_1
275,SI_ref_16,C-Biochar,IBU,Synthetic,0.5277777777777777,0.3969417175473959,PCR,PCR_1
276,SI_ref_16,C-Biochar,IBU,Synthetic,0.7,0.3969417175473959,PCR,PCR_1
277,SI_ref_16,C-Biochar,IBU,Synthetic,0.7844444444444444,0.3969417175473959,PCR,PCR_1
278,SI_ref_16,C-Biochar,IBU,Synthetic,0.8430555555555557,0.3969417175473959,PCR,PCR_1
279,SI_ref_16,C-Biochar,IBU,Synthetic,0.861111111111111,0.3969417175473959,PCR,PCR_1
875,SI_ref_13,PB600,IBU,Synthetic,0.7639925373134329,0.9230694687461147,PCR,PCR_1
876,SI_ref_13,PB600,IBU,Synthetic,0.7266791044776119,0.8694749855077996,PCR,PCR_1
877,SI_ref_13,PB600,IBU,Synthetic,0.7328980099502487,0.8152447017862956,PCR,PCR_1
878,SI_ref_13,PB600,IBU,Synthetic,0.7391169154228855,0.7833592366390055,PCR,PCR_1
879,SI_ref_13,PB600,IBU,Synthetic,0.6707089552238806,0.7286963052690867,PCR,PCR_1
880,SI_ref_13,PB600,IBU,Synthetic,0.5898631840796019,0.6966655617004954,PCR,PCR_1
881,SI_ref_13,PB600,IBU,Synthetic,0.2096102913356035,0.6739240884147266,PCR,PCR_1
882,SI_ref_13,PB600,IBU,Synthetic,0.7328980099502488,0.6939115980830906,PCR,PCR_1
883,SI_ref_13,PB600,IBU,Synthetic,0.611373922124096,0.6739240884147266,PCR,PCR_1
884,SI_ref_13,PB600,IBU,Synthetic,0.6847133757961785,0.6739240884147266,PCR,PCR_1
885,SI_ref_13,PB600,IBU,Synthetic,0.4580645161290322,0.6739240884147266,PCR,PCR_1
886,SI_ref_13,PB600,IBU,Synthetic,0.29347826086956524,0.6739240884147266,PCR,PCR_1
887,SI_ref_13,PB600,IBU,Synthetic,0.5772919064058304,0.6539365787463626,PCR,PCR_1
888,SI_ref_13,PB600,IBU,Synthetic,0.5887993862677406,0.6339490690779985,PCR,PCR_1
889,SI_ref_13,PB600,IBU,Synthetic,0.7258796821793417,0.6739240884147266,PCR,PCR_1
890,SI_ref_13,PB600,IBU,Synthetic,0.766427039979821,0.6739240884147266,PCR,PCR_1
891,SI_ref_13,PB600,IBU,Synthetic,0.8162693908437383,0.6739240884147266,PCR,PCR_1
892,SI_ref_13,PB600,IBU,Synthetic,0.8533052267445003,0.6739240884147266,PCR,PCR_1
893,SI_ref_13,PB600,IBU,Synthetic,0.9327073552425663,0.6190970582831409,PCR,PCR_1
894,SI_ref_13,PB600,IBU,Synthetic,0.6275430359937403,0.6190970582831409,PCR,PCR_1
895,SI_ref_13,PB600,IBU,Synthetic,0.35367762128325514,0.6190970582831409,PCR,PCR_1
896,SI_ref_13,PB600,IBU,Synthetic,0.4798506002849601,0.6190970582831409,PCR,PCR_1
897,SI_ref_13,PB600,IBU,Synthetic,0.2754303599374022,0.6190970582831409,PCR,PCR_1
922,SI_ref_13,PB800,IBU,Synthetic,0.4560270602706027,0.7329759869851389,PCR,PCR_1
923,SI_ref_13,PB800,IBU,Synthetic,0.4252767527675277,0.6793815037468238,PCR,PCR_1
924,SI_ref_13,PB800,IBU,Synthetic,0.40067650676506766,0.6251512200253198,PCR,PCR_1
925,SI_ref_13,PB800,IBU,Synthetic,0.39145141451414517,0.5932657548780298,PCR,PCR_1
926,SI_ref_13,PB800,IBU,Synthetic,0.38837638376383765,0.5386028235081111,PCR,PCR_1
927,SI_ref_13,PB800,IBU,Synthetic,0.37915129151291516,0.5065720799395197,PCR,PCR_1
928,SI_ref_13,PB800,IBU,Synthetic,0.23013048635824437,0.4838306066537508,PCR,PCR_1
929,SI_ref_13,PB800,IBU,Synthetic,0.3126198695818949,0.5038181163221149,PCR,PCR_1
930,SI_ref_13,PB800,IBU,Synthetic,0.35520079622504414,0.4838306066537508,PCR,PCR_1
931,SI_ref_13,PB800,IBU,Synthetic,0.24946921443736733,0.4838306066537508,PCR,PCR_1
932,SI_ref_13,PB800,IBU,Synthetic,0.18924731182795698,0.4838306066537508,PCR,PCR_1
933,SI_ref_13,PB800,IBU,Synthetic,0.08514492753623189,0.4838306066537508,PCR,PCR_1
934,SI_ref_13,PB800,IBU,Synthetic,0.4392021480629075,0.4638430969853867,PCR,PCR_1
935,SI_ref_13,PB800,IBU,Synthetic,0.4238588415803605,0.4438555873170227,PCR,PCR_1
936,SI_ref_13,PB800,IBU,Synthetic,0.5142348754448398,0.4838306066537508,PCR,PCR_1
937,SI_ref_13,PB800,IBU,Synthetic,0.5523922499011468,0.4838306066537508,PCR,PCR_1
938,SI_ref_13,PB800,IBU,Synthetic,0.5686613285883748,0.4838306066537508,PCR,PCR_1
939,SI_ref_13,PB800,IBU,Synthetic,0.5875275377054737,0.4838306066537508,PCR,PCR_1
940,SI_ref_13,PB800,IBU,Synthetic,0.712022367194781,0.42900357652216514,PCR,PCR_1
941,SI_ref_13,PB800,IBU,Synthetic,0.5069897483690587,0.42900357652216514,PCR,PCR_1
942,SI_ref_13,PB800,IBU,Synthetic,0.31469400434917677,0.42900357652216514,PCR,PCR_1
943,SI_ref_13,PB800,IBU,Synthetic,0.22960794568575607,0.42900357652216514,PCR,PCR_1
944,SI_ref_13,PB800,IBU,Synthetic,0.10958005249343833,0.42900357652216514,PCR,PCR_1
1117,SI_ref_17,Pristine SCG biochar,EE2,Synthetic,0.9630524728687239,1.1211029996436097,PCR,PCR_1
1119,SI_ref_17,Pristine SCG biochar,EE2,Synthetic,0.9610835485312063,1.0675085164052946,PCR,PCR_1
1121,SI_ref_17,Pristine SCG biochar,EE2,Synthetic,0.9527872619203276,0.9813927675365006,PCR,PCR_1
1123,SI_ref_17,Pristine SCG biochar,EE2,Synthetic,0.9558259103687238,0.9267298361665819,PCR,PCR_1
1125,SI_ref_17,Pristine SCG biochar,EE2,Synthetic,0.9519368217180961,0.8946990925979905,PCR,PCR_1
1127,SI_ref_17,Pristine SCG biochar,EE2,Synthetic,0.9377852461427824,0.8719576193122216,PCR,PCR_1
1129,SI_ref_17,Pristine SCG biochar,EE2,Synthetic,0.9348668633411785,0.8492070078446958,PCR,PCR_1
1131,SI_ref_17,Pristine SCG biochar,EE2,Synthetic,0.8111252475275296,0.6941916453593088,PCR,PCR_1
1133,SI_ref_17,Pristine SCG biochar,EE2,Synthetic,0.8609155049620831,0.817130589180636,PCR,PCR_1
1135,SI_ref_17,Pristine SCG biochar,EE2,Synthetic,0.8239304667585977,0.817130589180636,PCR,PCR_1
1137,SI_ref_17,Pristine SCG biochar,EE2,Synthetic,0.8257334628724249,0.817130589180636,PCR,PCR_1
1139,SI_ref_17,Pristine SCG biochar,EE2,Synthetic,0.8269992896243368,0.817130589180636,PCR,PCR_1
1141,SI_ref_17,Pristine SCG biochar,EE2,Synthetic,0.8244509213990222,0.817130589180636,PCR,PCR_1
1143,SI_ref_17,Pristine SCG biochar,EE2,Synthetic,0.8163766662487987,0.817130589180636,PCR,PCR_1
1145,SI_ref_17,Pristine SCG biochar,EE2,Synthetic,0.981137644940341,0.940069533001963,PCR,PCR_1
1147,SI_ref_17,Pristine SCG biochar,EE2,Synthetic,0.8965862728271835,0.817130589180636,PCR,PCR_1
1149,SI_ref_17,Pristine SCG biochar,EE2,Synthetic,0.9030676738865168,0.817130589180636,PCR,PCR_1
1151,SI_ref_17,Pristine SCG biochar,EE2,Synthetic,0.886080261818485,0.817130589180636,PCR,PCR_1
1153,SI_ref_17,Pristine SCG biochar,EE2,Synthetic,0.8949069839273535,0.817130589180636,PCR,PCR_1
1155,SI_ref_17,Pristine SCG biochar,EE2,Synthetic,0.8378189552043488,0.817130589180636,PCR,PCR_1
1157,SI_ref_17,Pristine SCG biochar,IBU,Synthetic,0.9060511140454979,1.1079969798761797,PCR,PCR_1
1159,SI_ref_17,Pristine SCG biochar,IBU,Synthetic,0.9004320791615827,1.0544024966378645,PCR,PCR_1
1161,SI_ref_17,Pristine SCG biochar,IBU,Synthetic,0.894961472244973,0.9682867477690704,PCR,PCR_1
1163,SI_ref_17,Pristine SCG biochar,IBU,Synthetic,0.8949151720794959,0.9136238163991517,PCR,PCR_1
1165,SI_ref_17,Pristine SCG biochar,IBU,Synthetic,0.892599829508416,0.8815930728305604,PCR,PCR_1
1167,SI_ref_17,Pristine SCG biochar,IBU,Synthetic,0.8914167516338777,0.8588515995447915,PCR,PCR_1
1169,SI_ref_17,Pristine SCG biochar,IBU,Synthetic,0.886841225533622,0.8361009880772656,PCR,PCR_1
1171,SI_ref_17,Pristine SCG biochar,IBU,Synthetic,0.8055661914208297,0.6810856255918787,PCR,PCR_1
1173,SI_ref_17,Pristine SCG biochar,IBU,Synthetic,0.9319085004678631,0.8040245694132059,PCR,PCR_1
1175,SI_ref_17,Pristine SCG biochar,IBU,Synthetic,0.9111084458291452,0.8040245694132059,PCR,PCR_1
1177,SI_ref_17,Pristine SCG biochar,IBU,Synthetic,0.9162887928675453,0.8040245694132059,PCR,PCR_1
1179,SI_ref_17,Pristine SCG biochar,IBU,Synthetic,0.9142212192930818,0.8040245694132059,PCR,PCR_1
1181,SI_ref_17,Pristine SCG biochar,IBU,Synthetic,0.9090486144760851,0.8040245694132059,PCR,PCR_1
1183,SI_ref_17,Pristine SCG biochar,IBU,Synthetic,0.9114748664800524,0.8040245694132059,PCR,PCR_1
1185,SI_ref_17,Pristine SCG biochar,IBU,Synthetic,0.93372158594911,0.9269635132345329,PCR,PCR_1
1187,SI_ref_17,Pristine SCG biochar,IBU,Synthetic,0.9448963419259283,0.8040245694132059,PCR,PCR_1
1189,SI_ref_17,Pristine SCG biochar,IBU,Synthetic,0.9210277046979152,0.8040245694132059,PCR,PCR_1
1191,SI_ref_17,Pristine SCG biochar,IBU,Synthetic,0.9513456586569363,0.8040245694132059,PCR,PCR_1
1193,SI_ref_17,Pristine SCG biochar,IBU,Synthetic,0.9310638115047126,0.8040245694132059,PCR,PCR_1
1195,SI_ref_17,Pristine SCG biochar,IBU,Synthetic,0.9376778036385122,0.8040245694132059,PCR,PCR_1
155,SI_ref_17,Alkali-modified SCG biochars,EE2,Synthetic,0.281684429186895,0.48291823016563484,PLS,PLS_1
157,SI_ref_17,Alkali-modified SCG biochars,EE2,Synthetic,0.1736546812353491,0.45962293547467514,PLS,PLS_1
159,SI_ref_17,Alkali-modified SCG biochars,EE2,Synthetic,0.0890939833732563,0.42219199806809765,PLS,PLS_1
161,SI_ref_17,Alkali-modified SCG biochars,EE2,Synthetic,0.0719303611000807,0.39843229337476826,PLS,PLS_1
163,SI_ref_17,Alkali-modified SCG biochars,EE2,Synthetic,0.06892444951131721,0.38450986021531464,PLS,PLS_1
165,SI_ref_17,Alkali-modified SCG biochars,EE2,Synthetic,0.06161971981332274,0.3746250868228204,PLS,PLS_1
167,SI_ref_17,Alkali-modified SCG biochars,EE2,Synthetic,0.06227375203350968,0.3647363414424628,PLS,PLS_1
169,SI_ref_17,Alkali-modified SCG biochars,EE2,Synthetic,0.013530055813574512,0.3005173514259598,PLS,PLS_1
171,SI_ref_17,Alkali-modified SCG biochars,EE2,Synthetic,0.09051861058315946,0.3507940552170836,PLS,PLS_1
178,SI_ref_17,Alkali-modified SCG biochars,EE2,Synthetic,0.053215646133789624,0.40107075900820754,PLS,PLS_1
180,SI_ref_17,Alkali-modified SCG biochars,EE2,Synthetic,0.2279548813058391,0.3507940552170836,PLS,PLS_1
182,SI_ref_17,Alkali-modified SCG biochars,EE2,Synthetic,0.3168155258198777,0.3507940552170836,PLS,PLS_1
184,SI_ref_17,Alkali-modified SCG biochars,EE2,Synthetic,0.4518596548311438,0.3507940552170836,PLS,PLS_1
186,SI_ref_17,Alkali-modified SCG biochars,EE2,Synthetic,0.5444612813197839,0.3507940552170836,PLS,PLS_1
188,SI_ref_17,Alkali-modified SCG biochars,EE2,Synthetic,0.6153689348029446,0.3507940552170836,PLS,PLS_1
190,SI_ref_17,Alkali-modified SCG biochars,IBU,Synthetic,0.22674008618295227,0.5499215648476328,PLS,PLS_1
192,SI_ref_17,Alkali-modified SCG biochars,IBU,Synthetic,0.18762987622773672,0.5266262701566732,PLS,PLS_1
194,SI_ref_17,Alkali-modified SCG biochars,IBU,Synthetic,0.0964989432139522,0.4891953327500957,PLS,PLS_1
196,SI_ref_17,Alkali-modified SCG biochars,IBU,Synthetic,0.056403766337859394,0.4654356280567663,PLS,PLS_1
198,SI_ref_17,Alkali-modified SCG biochars,IBU,Synthetic,0.04365646649895644,0.4515131948973127,PLS,PLS_1
200,SI_ref_17,Alkali-modified SCG biochars,IBU,Synthetic,0.05275302685215311,0.4416284215048185,PLS,PLS_1
202,SI_ref_17,Alkali-modified SCG biochars,IBU,Synthetic,0.051463060103218494,0.43173967612446085,PLS,PLS_1
204,SI_ref_17,Alkali-modified SCG biochars,IBU,Synthetic,0.0020992565231803756,0.3675206861079578,PLS,PLS_1
206,SI_ref_17,Alkali-modified SCG biochars,IBU,Synthetic,0.05901922048526246,0.41779738989908166,PLS,PLS_1
208,SI_ref_17,Alkali-modified SCG biochars,IBU,Synthetic,0.12337327274312365,0.41779738989908166,PLS,PLS_1
210,SI_ref_17,Alkali-modified SCG biochars,IBU,Synthetic,0.09406602807201081,0.41779738989908166,PLS,PLS_1
212,SI_ref_17,Alkali-modified SCG biochars,IBU,Synthetic,0.09483947953445797,0.41779738989908166,PLS,PLS_1
214,SI_ref_17,Alkali-modified SCG biochars,IBU,Synthetic,0.10723758772503378,0.41779738989908166,PLS,PLS_1
216,SI_ref_17,Alkali-modified SCG biochars,IBU,Synthetic,0.10107027265594352,0.41779738989908166,PLS,PLS_1
218,SI_ref_17,Alkali-modified SCG biochars,IBU,Synthetic,0.30424911735147564,0.4680740936902056,PLS,PLS_1
220,SI_ref_17,Alkali-modified SCG biochars,IBU,Synthetic,0.004839210099114782,0.41779738989908166,PLS,PLS_1
222,SI_ref_17,Alkali-modified SCG biochars,IBU,Synthetic,0.04374442489311713,0.41779738989908166,PLS,PLS_1
224,SI_ref_17,Alkali-modified SCG biochars,IBU,Synthetic,0.2945083196339574,0.41779738989908166,PLS,PLS_1
226,SI_ref_17,Alkali-modified SCG biochars,IBU,Synthetic,0.44148324888836815,0.41779738989908166,PLS,PLS_1
228,SI_ref_17,Alkali-modified SCG biochars,IBU,Synthetic,0.5342365334838785,0.41779738989908166,PLS,PLS_1
263,SI_ref_16,C-Biochar,IBU,Synthetic,0.5333333333333333,0.7526521606712941,PLS,PLS_1
264,SI_ref_16,C-Biochar,IBU,Synthetic,0.7333333333333333,0.777790512566856,PLS,PLS_1
265,SI_ref_16,C-Biochar,IBU,Synthetic,0.6000000000000001,0.8230007659145981,PLS,PLS_1
266,SI_ref_16,C-Biochar,IBU,Synthetic,0.6121212121212122,0.802928864462418,PLS,PLS_1
267,SI_ref_16,C-Biochar,IBU,Synthetic,0.7333333333333333,0.802928864462418,PLS,PLS_1
268,SI_ref_16,C-Biochar,IBU,Synthetic,0.5333333333333333,0.802928864462418,PLS,PLS_1
269,SI_ref_16,C-Biochar,IBU,Synthetic,0.4666666666666666,0.802928864462418,PLS,PLS_1
270,SI_ref_16,C-Biochar,IBU,Synthetic,0.5555555555555556,0.802928864462418,PLS,PLS_1
271,SI_ref_16,C-Biochar,IBU,Synthetic,0.6000000000000001,0.802928864462418,PLS,PLS_1
272,SI_ref_16,C-Biochar,IBU,Synthetic,0.6000000000000001,0.7828569630102378,PLS,PLS_1
273,SI_ref_16,C-Biochar,IBU,Synthetic,0.6000000000000001,0.7627850615580575,PLS,PLS_1
274,SI_ref_16,C-Biochar,IBU,Synthetic,1.0666666666666667,0.8280672163579799,PLS,PLS_1
275,SI_ref_16,C-Biochar,IBU,Synthetic,0.5277777777777777,0.802928864462418,PLS,PLS_1
276,SI_ref_16,C-Biochar,IBU,Synthetic,0.7,0.802928864462418,PLS,PLS_1
277,SI_ref_16,C-Biochar,IBU,Synthetic,0.7844444444444444,0.802928864462418,PLS,PLS_1
278,SI_ref_16,C-Biochar,IBU,Synthetic,0.8430555555555557,0.802928864462418,PLS,PLS_1
279,SI_ref_16,C-Biochar,IBU,Synthetic,0.861111111111111,0.802928864462418,PLS,PLS_1
875,SI_ref_13,PB600,IBU,Synthetic,0.7639925373134329,0.8934920010871366,PLS,PLS_1
876,SI_ref_13,PB600,IBU,Synthetic,0.7266791044776119,0.8701967063961769,PLS,PLS_1
877,SI_ref_13,PB600,IBU,Synthetic,0.7328980099502487,0.8466250556565045,PLS,PLS_1
878,SI_ref_13,PB600,IBU,Synthetic,0.7391169154228855,0.8327657689895994,PLS,PLS_1
879,SI_ref_13,PB600,IBU,Synthetic,0.6707089552238806,0.80900606429627,PLS,PLS_1
880,SI_ref_13,PB600,IBU,Synthetic,0.5898631840796019,0.7950836311368163,PLS,PLS_1
881,SI_ref_13,PB600,IBU,Synthetic,0.2096102913356035,0.7851988577443222,PLS,PLS_1
882,SI_ref_13,PB600,IBU,Synthetic,0.7328980099502488,0.8052707591965025,PLS,PLS_1
883,SI_ref_13,PB600,IBU,Synthetic,0.611373922124096,0.7851988577443222,PLS,PLS_1
884,SI_ref_13,PB600,IBU,Synthetic,0.6847133757961785,0.7851988577443222,PLS,PLS_1
885,SI_ref_13,PB600,IBU,Synthetic,0.4580645161290322,0.7851988577443222,PLS,PLS_1
886,SI_ref_13,PB600,IBU,Synthetic,0.29347826086956524,0.7851988577443222,PLS,PLS_1
887,SI_ref_13,PB600,IBU,Synthetic,0.5772919064058304,0.765126956292142,PLS,PLS_1
888,SI_ref_13,PB600,IBU,Synthetic,0.5887993862677406,0.7450550548399617,PLS,PLS_1
889,SI_ref_13,PB600,IBU,Synthetic,0.7258796821793417,0.7851988577443222,PLS,PLS_1
890,SI_ref_13,PB600,IBU,Synthetic,0.766427039979821,0.7851988577443222,PLS,PLS_1
891,SI_ref_13,PB600,IBU,Synthetic,0.8162693908437383,0.7851988577443222,PLS,PLS_1
892,SI_ref_13,PB600,IBU,Synthetic,0.8533052267445003,0.7851988577443222,PLS,PLS_1
893,SI_ref_13,PB600,IBU,Synthetic,0.9327073552425663,0.7613678261385854,PLS,PLS_1
894,SI_ref_13,PB600,IBU,Synthetic,0.6275430359937403,0.7613678261385854,PLS,PLS_1
895,SI_ref_13,PB600,IBU,Synthetic,0.35367762128325514,0.7613678261385854,PLS,PLS_1
896,SI_ref_13,PB600,IBU,Synthetic,0.4798506002849601,0.7613678261385854,PLS,PLS_1
897,SI_ref_13,PB600,IBU,Synthetic,0.2754303599374022,0.7613678261385854,PLS,PLS_1
922,SI_ref_13,PB800,IBU,Synthetic,0.4560270602706027,0.4629257486442955,PLS,PLS_1
923,SI_ref_13,PB800,IBU,Synthetic,0.4252767527675277,0.4396304539533358,PLS,PLS_1
924,SI_ref_13,PB800,IBU,Synthetic,0.40067650676506766,0.4160588032136633,PLS,PLS_1
925,SI_ref_13,PB800,IBU,Synthetic,0.39145141451414517,0.40219951654675834,PLS,PLS_1
926,SI_ref_13,PB800,IBU,Synthetic,0.38837638376383765,0.37843981185342884,PLS,PLS_1
927,SI_ref_13,PB800,IBU,Synthetic,0.37915129151291516,0.36451737869397527,PLS,PLS_1
928,SI_ref_13,PB800,IBU,Synthetic,0.23013048635824437,0.35463260530148105,PLS,PLS_1
929,SI_ref_13,PB800,IBU,Synthetic,0.3126198695818949,0.3747045067536613,PLS,PLS_1
930,SI_ref_13,PB800,IBU,Synthetic,0.35520079622504414,0.35463260530148105,PLS,PLS_1
931,SI_ref_13,PB800,IBU,Synthetic,0.24946921443736733,0.35463260530148105,PLS,PLS_1
932,SI_ref_13,PB800,IBU,Synthetic,0.18924731182795698,0.35463260530148105,PLS,PLS_1
933,SI_ref_13,PB800,IBU,Synthetic,0.08514492753623189,0.35463260530148105,PLS,PLS_1
934,SI_ref_13,PB800,IBU,Synthetic,0.4392021480629075,0.3345607038493008,PLS,PLS_1
935,SI_ref_13,PB800,IBU,Synthetic,0.4238588415803605,0.3144888023971206,PLS,PLS_1
936,SI_ref_13,PB800,IBU,Synthetic,0.5142348754448398,0.35463260530148105,PLS,PLS_1
937,SI_ref_13,PB800,IBU,Synthetic,0.5523922499011468,0.35463260530148105,PLS,PLS_1
938,SI_ref_13,PB800,IBU,Synthetic,0.5686613285883748,0.35463260530148105,PLS,PLS_1
939,SI_ref_13,PB800,IBU,Synthetic,0.5875275377054737,0.35463260530148105,PLS,PLS_1
940,SI_ref_13,PB800,IBU,Synthetic,0.712022367194781,0.3308015736957443,PLS,PLS_1
941,SI_ref_13,PB800,IBU,Synthetic,0.5069897483690587,0.3308015736957443,PLS,PLS_1
942,SI_ref_13,PB800,IBU,Synthetic,0.31469400434917677,0.3308015736957443,PLS,PLS_1
943,SI_ref_13,PB800,IBU,Synthetic,0.22960794568575607,0.3308015736957443,PLS,PLS_1
944,SI_ref_13,PB800,IBU,Synthetic,0.10958005249343833,0.3308015736957443,PLS,PLS_1
1117,SI_ref_17,Pristine SCG biochar,EE2,Synthetic,0.9630524728687239,0.9932105780676994,PLS,PLS_1
1119,SI_ref_17,Pristine SCG biochar,EE2,Synthetic,0.9610835485312063,0.9699152833767397,PLS,PLS_1
1121,SI_ref_17,Pristine SCG biochar,EE2,Synthetic,0.9527872619203276,0.9324843459701622,PLS,PLS_1
1123,SI_ref_17,Pristine SCG biochar,EE2,Synthetic,0.9558259103687238,0.9087246412768328,PLS,PLS_1
1125,SI_ref_17,Pristine SCG biochar,EE2,Synthetic,0.9519368217180961,0.8948022081173792,PLS,PLS_1
1127,SI_ref_17,Pristine SCG biochar,EE2,Synthetic,0.9377852461427824,0.884917434724885,PLS,PLS_1
1129,SI_ref_17,Pristine SCG biochar,EE2,Synthetic,0.9348668633411785,0.8750286893445275,PLS,PLS_1
1131,SI_ref_17,Pristine SCG biochar,EE2,Synthetic,0.8111252475275296,0.8108096993280245,PLS,PLS_1
1133,SI_ref_17,Pristine SCG biochar,EE2,Synthetic,0.8609155049620831,0.8610864031191483,PLS,PLS_1
1135,SI_ref_17,Pristine SCG biochar,EE2,Synthetic,0.8239304667585977,0.8610864031191483,PLS,PLS_1
1137,SI_ref_17,Pristine SCG biochar,EE2,Synthetic,0.8257334628724249,0.8610864031191483,PLS,PLS_1
1139,SI_ref_17,Pristine SCG biochar,EE2,Synthetic,0.8269992896243368,0.8610864031191483,PLS,PLS_1
1141,SI_ref_17,Pristine SCG biochar,EE2,Synthetic,0.8244509213990222,0.8610864031191483,PLS,PLS_1
1143,SI_ref_17,Pristine SCG biochar,EE2,Synthetic,0.8163766662487987,0.8610864031191483,PLS,PLS_1
1145,SI_ref_17,Pristine SCG biochar,EE2,Synthetic,0.981137644940341,0.9113631069102721,PLS,PLS_1
1147,SI_ref_17,Pristine SCG biochar,EE2,Synthetic,0.8965862728271835,0.8610864031191483,PLS,PLS_1
1149,SI_ref_17,Pristine SCG biochar,EE2,Synthetic,0.9030676738865168,0.8610864031191483,PLS,PLS_1
1151,SI_ref_17,Pristine SCG biochar,EE2,Synthetic,0.886080261818485,0.8610864031191483,PLS,PLS_1
1153,SI_ref_17,Pristine SCG biochar,EE2,Synthetic,0.8949069839273535,0.8610864031191483,PLS,PLS_1
1155,SI_ref_17,Pristine SCG biochar,EE2,Synthetic,0.8378189552043488,0.8610864031191483,PLS,PLS_1
1157,SI_ref_17,Pristine SCG biochar,IBU,Synthetic,0.9060511140454979,1.0602139127496975,PLS,PLS_1
1159,SI_ref_17,Pristine SCG biochar,IBU,Synthetic,0.9004320791615827,1.0369186180587378,PLS,PLS_1
1161,SI_ref_17,Pristine SCG biochar,IBU,Synthetic,0.894961472244973,0.9994876806521602,PLS,PLS_1
1163,SI_ref_17,Pristine SCG biochar,IBU,Synthetic,0.8949151720794959,0.9757279759588309,PLS,PLS_1
1165,SI_ref_17,Pristine SCG biochar,IBU,Synthetic,0.892599829508416,0.9618055427993772,PLS,PLS_1
1167,SI_ref_17,Pristine SCG biochar,IBU,Synthetic,0.8914167516338777,0.9519207694068831,PLS,PLS_1
1169,SI_ref_17,Pristine SCG biochar,IBU,Synthetic,0.886841225533622,0.9420320240265254,PLS,PLS_1
1171,SI_ref_17,Pristine SCG biochar,IBU,Synthetic,0.8055661914208297,0.8778130340100224,PLS,PLS_1
1173,SI_ref_17,Pristine SCG biochar,IBU,Synthetic,0.9319085004678631,0.9280897378011463,PLS,PLS_1
1175,SI_ref_17,Pristine SCG biochar,IBU,Synthetic,0.9111084458291452,0.9280897378011463,PLS,PLS_1
1177,SI_ref_17,Pristine SCG biochar,IBU,Synthetic,0.9162887928675453,0.9280897378011463,PLS,PLS_1
1179,SI_ref_17,Pristine SCG biochar,IBU,Synthetic,0.9142212192930818,0.9280897378011463,PLS,PLS_1
1181,SI_ref_17,Pristine SCG biochar,IBU,Synthetic,0.9090486144760851,0.9280897378011463,PLS,PLS_1
1183,SI_ref_17,Pristine SCG biochar,IBU,Synthetic,0.9114748664800524,0.9280897378011463,PLS,PLS_1
1185,SI_ref_17,Pristine SCG biochar,IBU,Synthetic,0.93372158594911,0.9783664415922702,PLS,PLS_1
1187,SI_ref_17,Pristine SCG biochar,IBU,Synthetic,0.9448963419259283,0.9280897378011463,PLS,PLS_1
1189,SI_ref_17,Pristine SCG biochar,IBU,Synthetic,0.9210277046979152,0.9280897378011463,PLS,PLS_1
1191,SI_ref_17,Pristine SCG biochar,IBU,Synthetic,0.9513456586569363,0.9280897378011463,PLS,PLS_1
1193,SI_ref_17,Pristine SCG biochar,IBU,Synthetic,0.9310638115047126,0.9280897378011463,PLS,PLS_1
1195,SI_ref_17,Pristine SCG biochar,IBU,Synthetic,0.9376778036385122,0.9280897378011463,PLS,PLS_1
155,SI_ref_17,Alkali-modified SCG biochars,EE2,Synthetic,0.281684429186895,0.35278672963654834,RandomForest,RandomForest_1
157,SI_ref_17,Alkali-modified SCG biochars,EE2,Synthetic,0.1736546812353491,0.3050501113988587,RandomForest,RandomForest_1
159,SI_ref_17,Alkali-modified SCG biochars,EE2,Synthetic,0.0890939833732563,0.23607646412422956,RandomForest,RandomForest_1
161,SI_ref_17,Alkali-modified SCG biochars,EE2,Synthetic,0.0719303611000807,0.23319887809906611,RandomForest,RandomForest_1
163,SI_ref_17,Alkali-modified SCG biochars,EE2,Synthetic,0.06892444951131721,0.23100882359129976,RandomForest,RandomForest_1
165,SI_ref_17,Alkali-modified SCG biochars,EE2,Synthetic,0.06161971981332274,0.2315025265853771,RandomForest,RandomForest_1
167,SI_ref_17,Alkali-modified SCG biochars,EE2,Synthetic,0.06227375203350968,0.23075563195322868,RandomForest,RandomForest_1
169,SI_ref_17,Alkali-modified SCG biochars,EE2,Synthetic,0.013530055813574512,0.24802996303116434,RandomForest,RandomForest_1
171,SI_ref_17,Alkali-modified SCG biochars,EE2,Synthetic,0.09051861058315946,0.25115906374820585,RandomForest,RandomForest_1
178,SI_ref_17,Alkali-modified SCG biochars,EE2,Synthetic,0.053215646133789624,0.2555180470157304,RandomForest,RandomForest_1
180,SI_ref_17,Alkali-modified SCG biochars,EE2,Synthetic,0.2279548813058391,0.25115906374820585,RandomForest,RandomForest_1
182,SI_ref_17,Alkali-modified SCG biochars,EE2,Synthetic,0.3168155258198777,0.25115906374820585,RandomForest,RandomForest_1
184,SI_ref_17,Alkali-modified SCG biochars,EE2,Synthetic,0.4518596548311438,0.25115906374820585,RandomForest,RandomForest_1
186,SI_ref_17,Alkali-modified SCG biochars,EE2,Synthetic,0.5444612813197839,0.25115906374820585,RandomForest,RandomForest_1
188,SI_ref_17,Alkali-modified SCG biochars,EE2,Synthetic,0.6153689348029446,0.25115906374820585,RandomForest,RandomForest_1
190,SI_ref_17,Alkali-modified SCG biochars,IBU,Synthetic,0.22674008618295227,0.48253902551432887,RandomForest,RandomForest_1
192,SI_ref_17,Alkali-modified SCG biochars,IBU,Synthetic,0.18762987622773672,0.4453365454580719,RandomForest,RandomForest_1
194,SI_ref_17,Alkali-modified SCG biochars,IBU,Synthetic,0.0964989432139522,0.34549389184847284,RandomForest,RandomForest_1
196,SI_ref_17,Alkali-modified SCG biochars,IBU,Synthetic,0.056403766337859394,0.32796972242465927,RandomForest,RandomForest_1
198,SI_ref_17,Alkali-modified SCG biochars,IBU,Synthetic,0.04365646649895644,0.3255689179491128,RandomForest,RandomForest_1
200,SI_ref_17,Alkali-modified SCG biochars,IBU,Synthetic,0.05275302685215311,0.32606262094319016,RandomForest,RandomForest_1
202,SI_ref_17,Alkali-modified SCG biochars,IBU,Synthetic,0.051463060103218494,0.32493003137996107,RandomForest,RandomForest_1
204,SI_ref_17,Alkali-modified SCG biochars,IBU,Synthetic,0.0020992565231803756,0.32021069641225863,RandomForest,RandomForest_1
206,SI_ref_17,Alkali-modified SCG biochars,IBU,Synthetic,0.05901922048526246,0.3285453063184607,RandomForest,RandomForest_1
208,SI_ref_17,Alkali-modified SCG biochars,IBU,Synthetic,0.12337327274312365,0.3285453063184607,RandomForest,RandomForest_1
210,SI_ref_17,Alkali-modified SCG biochars,IBU,Synthetic,0.09406602807201081,0.3285453063184607,RandomForest,RandomForest_1
212,SI_ref_17,Alkali-modified SCG biochars,IBU,Synthetic,0.09483947953445797,0.3285453063184607,RandomForest,RandomForest_1
214,SI_ref_17,Alkali-modified SCG biochars,IBU,Synthetic,0.10723758772503378,0.3285453063184607,RandomForest,RandomForest_1
216,SI_ref_17,Alkali-modified SCG biochars,IBU,Synthetic,0.10107027265594352,0.3285453063184607,RandomForest,RandomForest_1
218,SI_ref_17,Alkali-modified SCG biochars,IBU,Synthetic,0.30424911735147564,0.3386217857873288,RandomForest,RandomForest_1
220,SI_ref_17,Alkali-modified SCG biochars,IBU,Synthetic,0.004839210099114782,0.3285453063184607,RandomForest,RandomForest_1
222,SI_ref_17,Alkali-modified SCG biochars,IBU,Synthetic,0.04374442489311713,0.3285453063184607,RandomForest,RandomForest_1
224,SI_ref_17,Alkali-modified SCG biochars,IBU,Synthetic,0.2945083196339574,0.3285453063184607,RandomForest,RandomForest_1
226,SI_ref_17,Alkali-modified SCG biochars,IBU,Synthetic,0.44148324888836815,0.3285453063184607,RandomForest,RandomForest_1
228,SI_ref_17,Alkali-modified SCG biochars,IBU,Synthetic,0.5342365334838785,0.3285453063184607,RandomForest,RandomForest_1
263,SI_ref_16,C-Biochar,IBU,Synthetic,0.5333333333333333,0.7508092623767899,RandomForest,RandomForest_1
264,SI_ref_16,C-Biochar,IBU,Synthetic,0.7333333333333333,0.7508092623767899,RandomForest,RandomForest_1
265,SI_ref_16,C-Biochar,IBU,Synthetic,0.6000000000000001,0.7589975631800588,RandomForest,RandomForest_1
266,SI_ref_16,C-Biochar,IBU,Synthetic,0.6121212121212122,0.7521923085116233,RandomForest,RandomForest_1
267,SI_ref_16,C-Biochar,IBU,Synthetic,0.7333333333333333,0.7521923085116233,RandomForest,RandomForest_1
268,SI_ref_16,C-Biochar,IBU,Synthetic,0.5333333333333333,0.7521923085116233,RandomForest,RandomForest_1
269,SI_ref_16,C-Biochar,IBU,Synthetic,0.4666666666666666,0.7521923085116233,RandomForest,RandomForest_1
270,SI_ref_16,C-Biochar,IBU,Synthetic,0.5555555555555556,0.7521923085116233,RandomForest,RandomForest_1
271,SI_ref_16,C-Biochar,IBU,Synthetic,0.6000000000000001,0.7521923085116233,RandomForest,RandomForest_1
272,SI_ref_16,C-Biochar,IBU,Synthetic,0.6000000000000001,0.7523853777368142,RandomForest,RandomForest_1
273,SI_ref_16,C-Biochar,IBU,Synthetic,0.6000000000000001,0.7523853777368142,RandomForest,RandomForest_1
274,SI_ref_16,C-Biochar,IBU,Synthetic,1.0666666666666667,0.7573662374882721,RandomForest,RandomForest_1
275,SI_ref_16,C-Biochar,IBU,Synthetic,0.5277777777777777,0.7521923085116233,RandomForest,RandomForest_1
276,SI_ref_16,C-Biochar,IBU,Synthetic,0.7,0.7521923085116233,RandomForest,RandomForest_1
277,SI_ref_16,C-Biochar,IBU,Synthetic,0.7844444444444444,0.7521923085116233,RandomForest,RandomForest_1
278,SI_ref_16,C-Biochar,IBU,Synthetic,0.8430555555555557,0.7521923085116233,RandomForest,RandomForest_1
279,SI_ref_16,C-Biochar,IBU,Synthetic,0.861111111111111,0.7521923085116233,RandomForest,RandomForest_1
875,SI_ref_13,PB600,IBU,Synthetic,0.7639925373134329,0.6002061462841899,RandomForest,RandomForest_1
876,SI_ref_13,PB600,IBU,Synthetic,0.7266791044776119,0.579238246852344,RandomForest,RandomForest_1
877,SI_ref_13,PB600,IBU,Synthetic,0.7328980099502487,0.5452604707632548,RandomForest,RandomForest_1
878,SI_ref_13,PB600,IBU,Synthetic,0.7391169154228855,0.485638946725512,RandomForest,RandomForest_1
879,SI_ref_13,PB600,IBU,Synthetic,0.6707089552238806,0.47000835559840787,RandomForest,RandomForest_1
880,SI_ref_13,PB600,IBU,Synthetic,0.5898631840796019,0.46697850082246606,RandomForest,RandomForest_1
881,SI_ref_13,PB600,IBU,Synthetic,0.2096102913356035,0.46819160731258264,RandomForest,RandomForest_1
882,SI_ref_13,PB600,IBU,Synthetic,0.7328980099502488,0.46819160731258264,RandomForest,RandomForest_1
883,SI_ref_13,PB600,IBU,Synthetic,0.611373922124096,0.46819160731258264,RandomForest,RandomForest_1
884,SI_ref_13,PB600,IBU,Synthetic,0.6847133757961785,0.46819160731258264,RandomForest,RandomForest_1
885,SI_ref_13,PB600,IBU,Synthetic,0.4580645161290322,0.46819160731258264,RandomForest,RandomForest_1
886,SI_ref_13,PB600,IBU,Synthetic,0.29347826086956524,0.46819160731258264,RandomForest,RandomForest_1
887,SI_ref_13,PB600,IBU,Synthetic,0.5772919064058304,0.46334522546756834,RandomForest,RandomForest_1
888,SI_ref_13,PB600,IBU,Synthetic,0.5887993862677406,0.46334522546756834,RandomForest,RandomForest_1
889,SI_ref_13,PB600,IBU,Synthetic,0.7258796821793417,0.46819160731258264,RandomForest,RandomForest_1
890,SI_ref_13,PB600,IBU,Synthetic,0.766427039979821,0.46819160731258264,RandomForest,RandomForest_1
891,SI_ref_13,PB600,IBU,Synthetic,0.8162693908437383,0.46819160731258264,RandomForest,RandomForest_1
892,SI_ref_13,PB600,IBU,Synthetic,0.8533052267445003,0.46819160731258264,RandomForest,RandomForest_1
893,SI_ref_13,PB600,IBU,Synthetic,0.9327073552425663,0.47441995704314904,RandomForest,RandomForest_1
894,SI_ref_13,PB600,IBU,Synthetic,0.6275430359937403,0.47441995704314904,RandomForest,RandomForest_1
895,SI_ref_13,PB600,IBU,Synthetic,0.35367762128325514,0.47441995704314904,RandomForest,RandomForest_1
896,SI_ref_13,PB600,IBU,Synthetic,0.4798506002849601,0.47441995704314904,RandomForest,RandomForest_1
897,SI_ref_13,PB600,IBU,Synthetic,0.2754303599374022,0.47441995704314904,RandomForest,RandomForest_1
922,SI_ref_13,PB800,IBU,Synthetic,0.4560270602706027,0.45407568200602844,RandomForest,RandomForest_1
923,SI_ref_13,PB800,IBU,Synthetic,0.4252767527675277,0.4218248644462161,RandomForest,RandomForest_1
924,SI_ref_13,PB800,IBU,Synthetic,0.40067650676506766,0.36757600388746703,RandomForest,RandomForest_1
925,SI_ref_13,PB800,IBU,Synthetic,0.39145141451414517,0.3446406211668117,RandomForest,RandomForest_1
926,SI_ref_13,PB800,IBU,Synthetic,0.38837638376383765,0.33075109010522236,RandomForest,RandomForest_1
927,SI_ref_13,PB800,IBU,Synthetic,0.37915129151291516,0.3322388124807366,RandomForest,RandomForest_1
928,SI_ref_13,PB800,IBU,Synthetic,0.23013048635824437,0.3375101136283559,RandomForest,RandomForest_1
929,SI_ref_13,PB800,IBU,Synthetic,0.3126198695818949,0.3385095713089944,RandomForest,RandomForest_1
930,SI_ref_13,PB800,IBU,Synthetic,0.35520079622504414,0.3375101136283559,RandomForest,RandomForest_1
931,SI_ref_13,PB800,IBU,Synthetic,0.24946921443736733,0.3375101136283559,RandomForest,RandomForest_1
932,SI_ref_13,PB800,IBU,Synthetic,0.18924731182795698,0.3375101136283559,RandomForest,RandomForest_1
933,SI_ref_13,PB800,IBU,Synthetic,0.08514492753623189,0.3375101136283559,RandomForest,RandomForest_1
934,SI_ref_13,PB800,IBU,Synthetic,0.4392021480629075,0.33276510692346056,RandomForest,RandomForest_1
935,SI_ref_13,PB800,IBU,Synthetic,0.4238588415803605,0.33276510692346056,RandomForest,RandomForest_1
936,SI_ref_13,PB800,IBU,Synthetic,0.5142348754448398,0.3375101136283559,RandomForest,RandomForest_1
937,SI_ref_13,PB800,IBU,Synthetic,0.5523922499011468,0.3375101136283559,RandomForest,RandomForest_1
938,SI_ref_13,PB800,IBU,Synthetic,0.5686613285883748,0.3375101136283559,RandomForest,RandomForest_1
939,SI_ref_13,PB800,IBU,Synthetic,0.5875275377054737,0.3375101136283559,RandomForest,RandomForest_1
940,SI_ref_13,PB800,IBU,Synthetic,0.712022367194781,0.33333442135251007,RandomForest,RandomForest_1
941,SI_ref_13,PB800,IBU,Synthetic,0.5069897483690587,0.33333442135251007,RandomForest,RandomForest_1
942,SI_ref_13,PB800,IBU,Synthetic,0.31469400434917677,0.33333442135251007,RandomForest,RandomForest_1
943,SI_ref_13,PB800,IBU,Synthetic,0.22960794568575607,0.33333442135251007,RandomForest,RandomForest_1
944,SI_ref_13,PB800,IBU,Synthetic,0.10958005249343833,0.33333442135251007,RandomForest,RandomForest_1
1117,SI_ref_17,Pristine SCG biochar,EE2,Synthetic,0.9630524728687239,0.9153201754489573,RandomForest,RandomForest_1
1119,SI_ref_17,Pristine SCG biochar,EE2,Synthetic,0.9610835485312063,0.9126438204646682,RandomForest,RandomForest_1
1121,SI_ref_17,Pristine SCG biochar,EE2,Synthetic,0.9527872619203276,0.9106297976688758,RandomForest,RandomForest_1
1123,SI_ref_17,Pristine SCG biochar,EE2,Synthetic,0.9558259103687238,0.9015874364520766,RandomForest,RandomForest_1
1125,SI_ref_17,Pristine SCG biochar,EE2,Synthetic,0.9519368217180961,0.8890431352627786,RandomForest,RandomForest_1
1127,SI_ref_17,Pristine SCG biochar,EE2,Synthetic,0.9377852461427824,0.8831810732962836,RandomForest,RandomForest_1
1129,SI_ref_17,Pristine SCG biochar,EE2,Synthetic,0.9348668633411785,0.8768918519804891,RandomForest,RandomForest_1
1131,SI_ref_17,Pristine SCG biochar,EE2,Synthetic,0.8111252475275296,0.8549658624183971,RandomForest,RandomForest_1
1133,SI_ref_17,Pristine SCG biochar,EE2,Synthetic,0.8609155049620831,0.8605535917883269,RandomForest,RandomForest_1
1135,SI_ref_17,Pristine SCG biochar,EE2,Synthetic,0.8239304667585977,0.8605535917883269,RandomForest,RandomForest_1
1137,SI_ref_17,Pristine SCG biochar,EE2,Synthetic,0.8257334628724249,0.8605535917883269,RandomForest,RandomForest_1
1139,SI_ref_17,Pristine SCG biochar,EE2,Synthetic,0.8269992896243368,0.8605535917883269,RandomForest,RandomForest_1
1141,SI_ref_17,Pristine SCG biochar,EE2,Synthetic,0.8244509213990222,0.8605535917883269,RandomForest,RandomForest_1
1143,SI_ref_17,Pristine SCG biochar,EE2,Synthetic,0.8163766662487987,0.8605535917883269,RandomForest,RandomForest_1
1145,SI_ref_17,Pristine SCG biochar,EE2,Synthetic,0.981137644940341,0.8605535917883269,RandomForest,RandomForest_1
1147,SI_ref_17,Pristine SCG biochar,EE2,Synthetic,0.8965862728271835,0.8605535917883269,RandomForest,RandomForest_1
1149,SI_ref_17,Pristine SCG biochar,EE2,Synthetic,0.9030676738865168,0.8605535917883269,RandomForest,RandomForest_1
1151,SI_ref_17,Pristine SCG biochar,EE2,Synthetic,0.886080261818485,0.8605535917883269,RandomForest,RandomForest_1
1153,SI_ref_17,Pristine SCG biochar,EE2,Synthetic,0.8949069839273535,0.8605535917883269,RandomForest,RandomForest_1
1155,SI_ref_17,Pristine SCG biochar,EE2,Synthetic,0.8378189552043488,0.8605535917883269,RandomForest,RandomForest_1
1157,SI_ref_17,Pristine SCG biochar,IBU,Synthetic,0.9060511140454979,0.9398977128206073,RandomForest,RandomForest_1
1159,SI_ref_17,Pristine SCG biochar,IBU,Synthetic,0.9004320791615827,0.9367356905852635,RandomForest,RandomForest_1
1161,SI_ref_17,Pristine SCG biochar,IBU,Synthetic,0.894961472244973,0.9334192608802881,RandomForest,RandomForest_1
1163,SI_ref_17,Pristine SCG biochar,IBU,Synthetic,0.8949151720794959,0.9305401517957368,RandomForest,RandomForest_1
1165,SI_ref_17,Pristine SCG biochar,IBU,Synthetic,0.892599829508416,0.9242221510070453,RandomForest,RandomForest_1
1167,SI_ref_17,Pristine SCG biochar,IBU,Synthetic,0.8914167516338777,0.9207185498051019,RandomForest,RandomForest_1
1169,SI_ref_17,Pristine SCG biochar,IBU,Synthetic,0.886841225533622,0.9189790616720462,RandomForest,RandomForest_1
1171,SI_ref_17,Pristine SCG biochar,IBU,Synthetic,0.8055661914208297,0.8730316994642279,RandomForest,RandomForest_1
1173,SI_ref_17,Pristine SCG biochar,IBU,Synthetic,0.9319085004678631,0.9148274544732583,RandomForest,RandomForest_1
1175,SI_ref_17,Pristine SCG biochar,IBU,Synthetic,0.9111084458291452,0.9148274544732583,RandomForest,RandomForest_1
1177,SI_ref_17,Pristine SCG biochar,IBU,Synthetic,0.9162887928675453,0.9148274544732583,RandomForest,RandomForest_1
1179,SI_ref_17,Pristine SCG biochar,IBU,Synthetic,0.9142212192930818,0.9148274544732583,RandomForest,RandomForest_1
1181,SI_ref_17,Pristine SCG biochar,IBU,Synthetic,0.9090486144760851,0.9148274544732583,RandomForest,RandomForest_1
1183,SI_ref_17,Pristine SCG biochar,IBU,Synthetic,0.9114748664800524,0.9148274544732583,RandomForest,RandomForest_1
1185,SI_ref_17,Pristine SCG biochar,IBU,Synthetic,0.93372158594911,0.9159563989225762,RandomForest,RandomForest_1
1187,SI_ref_17,Pristine SCG biochar,IBU,Synthetic,0.9448963419259283,0.9148274544732583,RandomForest,RandomForest_1
1189,SI_ref_17,Pristine SCG biochar,IBU,Synthetic,0.9210277046979152,0.9148274544732583,RandomForest,RandomForest_1
1191,SI_ref_17,Pristine SCG biochar,IBU,Synthetic,0.9513456586569363,0.9148274544732583,RandomForest,RandomForest_1
1193,SI_ref_17,Pristine SCG biochar,IBU,Synthetic,0.9310638115047126,0.9148274544732583,RandomForest,RandomForest_1
1195,SI_ref_17,Pristine SCG biochar,IBU,Synthetic,0.9376778036385122,0.9148274544732583,RandomForest,RandomForest_1
155,SI_ref_17,Alkali-modified SCG biochars,EE2,Synthetic,0.281684429186895,0.3060576834162561,Ridge,Ridge_2
157,SI_ref_17,Alkali-modified SCG biochars,EE2,Synthetic,0.1736546812353491,0.291702555030908,Ridge,Ridge_2
159,SI_ref_17,Alkali-modified SCG biochars,EE2,Synthetic,0.0890939833732563,0.26863669906369964,Ridge,Ridge_2
161,SI_ref_17,Alkali-modified SCG biochars,EE2,Synthetic,0.0719303611000807,0.2539953899154163,Ridge,Ridge_2
163,SI_ref_17,Alkali-modified SCG biochars,EE2,Synthetic,0.06892444951131721,0.2454160472588091,Ridge,Ridge_2
165,SI_ref_17,Alkali-modified SCG biochars,EE2,Synthetic,0.06161971981332274,0.23932480896404768,Ridge,Ridge_2
167,SI_ref_17,Alkali-modified SCG biochars,EE2,Synthetic,0.06227375203350968,0.23323112303355192,Ridge,Ridge_2
169,SI_ref_17,Alkali-modified SCG biochars,EE2,Synthetic,0.013530055813574512,0.17882418448807436,Ridge,Ridge_2
171,SI_ref_17,Alkali-modified SCG biochars,EE2,Synthetic,0.09051861058315946,0.22463954643382517,Ridge,Ridge_2
178,SI_ref_17,Alkali-modified SCG biochars,EE2,Synthetic,0.053215646133789624,0.270454908379576,Ridge,Ridge_2
180,SI_ref_17,Alkali-modified SCG biochars,EE2,Synthetic,0.2279548813058391,0.22463954643382517,Ridge,Ridge_2
182,SI_ref_17,Alkali-modified SCG biochars,EE2,Synthetic,0.3168155258198777,0.22463954643382517,Ridge,Ridge_2
184,SI_ref_17,Alkali-modified SCG biochars,EE2,Synthetic,0.4518596548311438,0.22463954643382517,Ridge,Ridge_2
186,SI_ref_17,Alkali-modified SCG biochars,EE2,Synthetic,0.5444612813197839,0.22463954643382517,Ridge,Ridge_2
188,SI_ref_17,Alkali-modified SCG biochars,EE2,Synthetic,0.6153689348029446,0.22463954643382517,Ridge,Ridge_2
190,SI_ref_17,Alkali-modified SCG biochars,IBU,Synthetic,0.22674008618295227,0.43005267649692813,Ridge,Ridge_2
192,SI_ref_17,Alkali-modified SCG biochars,IBU,Synthetic,0.18762987622773672,0.41569754811157994,Ridge,Ridge_2
194,SI_ref_17,Alkali-modified SCG biochars,IBU,Synthetic,0.0964989432139522,0.3926316921443716,Ridge,Ridge_2
196,SI_ref_17,Alkali-modified SCG biochars,IBU,Synthetic,0.056403766337859394,0.3779903829960883,Ridge,Ridge_2
198,SI_ref_17,Alkali-modified SCG biochars,IBU,Synthetic,0.04365646649895644,0.36941104033948113,Ridge,Ridge_2
200,SI_ref_17,Alkali-modified SCG biochars,IBU,Synthetic,0.05275302685215311,0.36331980204471964,Ridge,Ridge_2
202,SI_ref_17,Alkali-modified SCG biochars,IBU,Synthetic,0.051463060103218494,0.35722611611422395,Ridge,Ridge_2
204,SI_ref_17,Alkali-modified SCG biochars,IBU,Synthetic,0.0020992565231803756,0.3028191775687464,Ridge,Ridge_2
206,SI_ref_17,Alkali-modified SCG biochars,IBU,Synthetic,0.05901922048526246,0.3486345395144972,Ridge,Ridge_2
208,SI_ref_17,Alkali-modified SCG biochars,IBU,Synthetic,0.12337327274312365,0.3486345395144972,Ridge,Ridge_2
210,SI_ref_17,Alkali-modified SCG biochars,IBU,Synthetic,0.09406602807201081,0.3486345395144972,Ridge,Ridge_2
212,SI_ref_17,Alkali-modified SCG biochars,IBU,Synthetic,0.09483947953445797,0.3486345395144972,Ridge,Ridge_2
214,SI_ref_17,Alkali-modified SCG biochars,IBU,Synthetic,0.10723758772503378,0.3486345395144972,Ridge,Ridge_2
216,SI_ref_17,Alkali-modified SCG biochars,IBU,Synthetic,0.10107027265594352,0.3486345395144972,Ridge,Ridge_2
218,SI_ref_17,Alkali-modified SCG biochars,IBU,Synthetic,0.30424911735147564,0.394449901460248,Ridge,Ridge_2
220,SI_ref_17,Alkali-modified SCG biochars,IBU,Synthetic,0.004839210099114782,0.3486345395144972,Ridge,Ridge_2
222,SI_ref_17,Alkali-modified SCG biochars,IBU,Synthetic,0.04374442489311713,0.3486345395144972,Ridge,Ridge_2
224,SI_ref_17,Alkali-modified SCG biochars,IBU,Synthetic,0.2945083196339574,0.3486345395144972,Ridge,Ridge_2
226,SI_ref_17,Alkali-modified SCG biochars,IBU,Synthetic,0.44148324888836815,0.3486345395144972,Ridge,Ridge_2
228,SI_ref_17,Alkali-modified SCG biochars,IBU,Synthetic,0.5342365334838785,0.3486345395144972,Ridge,Ridge_2
263,SI_ref_16,C-Biochar,IBU,Synthetic,0.5333333333333333,0.6829641382465254,Ridge,Ridge_2
264,SI_ref_16,C-Biochar,IBU,Synthetic,0.7333333333333333,0.7058718192194007,Ridge,Ridge_2
265,SI_ref_16,C-Biochar,IBU,Synthetic,0.6000000000000001,0.7494267318263969,Ridge,Ridge_2
266,SI_ref_16,C-Biochar,IBU,Synthetic,0.6121212121212122,0.7287795001922761,Ridge,Ridge_2
267,SI_ref_16,C-Biochar,IBU,Synthetic,0.7333333333333333,0.7287795001922761,Ridge,Ridge_2
268,SI_ref_16,C-Biochar,IBU,Synthetic,0.5333333333333333,0.7287795001922761,Ridge,Ridge_2
269,SI_ref_16,C-Biochar,IBU,Synthetic,0.4666666666666666,0.7287795001922761,Ridge,Ridge_2
270,SI_ref_16,C-Biochar,IBU,Synthetic,0.5555555555555556,0.7287795001922761,Ridge,Ridge_2
271,SI_ref_16,C-Biochar,IBU,Synthetic,0.6000000000000001,0.7287795001922761,Ridge,Ridge_2
272,SI_ref_16,C-Biochar,IBU,Synthetic,0.6000000000000001,0.7081322685581554,Ridge,Ridge_2
273,SI_ref_16,C-Biochar,IBU,Synthetic,0.6000000000000001,0.6874850369240346,Ridge,Ridge_2
274,SI_ref_16,C-Biochar,IBU,Synthetic,1.0666666666666667,0.7516871811651515,Ridge,Ridge_2
275,SI_ref_16,C-Biochar,IBU,Synthetic,0.5277777777777777,0.7287795001922761,Ridge,Ridge_2
276,SI_ref_16,C-Biochar,IBU,Synthetic,0.7,0.7287795001922761,Ridge,Ridge_2
277,SI_ref_16,C-Biochar,IBU,Synthetic,0.7844444444444444,0.7287795001922761,Ridge,Ridge_2
278,SI_ref_16,C-Biochar,IBU,Synthetic,0.8430555555555557,0.7287795001922761,Ridge,Ridge_2
279,SI_ref_16,C-Biochar,IBU,Synthetic,0.861111111111111,0.7287795001922761,Ridge,Ridge_2
875,SI_ref_13,PB600,IBU,Synthetic,0.7639925373134329,0.7927131318705376,Ridge,Ridge_2
876,SI_ref_13,PB600,IBU,Synthetic,0.7266791044776119,0.7783580034851894,Ridge,Ridge_2
877,SI_ref_13,PB600,IBU,Synthetic,0.7328980099502487,0.7638325777667545,Ridge,Ridge_2
878,SI_ref_13,PB600,IBU,Synthetic,0.7391169154228855,0.755292147517981,Ridge,Ridge_2
879,SI_ref_13,PB600,IBU,Synthetic,0.6707089552238806,0.7406508383696977,Ridge,Ridge_2
880,SI_ref_13,PB600,IBU,Synthetic,0.5898631840796019,0.7320714957130906,Ridge,Ridge_2
881,SI_ref_13,PB600,IBU,Synthetic,0.2096102913356035,0.7259802574183292,Ridge,Ridge_2
882,SI_ref_13,PB600,IBU,Synthetic,0.7328980099502488,0.7466274890524498,Ridge,Ridge_2
883,SI_ref_13,PB600,IBU,Synthetic,0.611373922124096,0.7259802574183292,Ridge,Ridge_2
884,SI_ref_13,PB600,IBU,Synthetic,0.6847133757961785,0.7259802574183292,Ridge,Ridge_2
885,SI_ref_13,PB600,IBU,Synthetic,0.4580645161290322,0.7259802574183292,Ridge,Ridge_2
886,SI_ref_13,PB600,IBU,Synthetic,0.29347826086956524,0.7259802574183292,Ridge,Ridge_2
887,SI_ref_13,PB600,IBU,Synthetic,0.5772919064058304,0.7053330257842084,Ridge,Ridge_2
888,SI_ref_13,PB600,IBU,Synthetic,0.5887993862677406,0.6846857941500877,Ridge,Ridge_2
889,SI_ref_13,PB600,IBU,Synthetic,0.7258796821793417,0.7259802574183292,Ridge,Ridge_2
890,SI_ref_13,PB600,IBU,Synthetic,0.766427039979821,0.7259802574183292,Ridge,Ridge_2
891,SI_ref_13,PB600,IBU,Synthetic,0.8162693908437383,0.7259802574183292,Ridge,Ridge_2
892,SI_ref_13,PB600,IBU,Synthetic,0.8533052267445003,0.7259802574183292,Ridge,Ridge_2
893,SI_ref_13,PB600,IBU,Synthetic,0.9327073552425663,0.7112949948881067,Ridge,Ridge_2
894,SI_ref_13,PB600,IBU,Synthetic,0.6275430359937403,0.7112949948881067,Ridge,Ridge_2
895,SI_ref_13,PB600,IBU,Synthetic,0.35367762128325514,0.7112949948881067,Ridge,Ridge_2
896,SI_ref_13,PB600,IBU,Synthetic,0.4798506002849601,0.7112949948881067,Ridge,Ridge_2
897,SI_ref_13,PB600,IBU,Synthetic,0.2754303599374022,0.7112949948881067,Ridge,Ridge_2
922,SI_ref_13,PB800,IBU,Synthetic,0.4560270602706027,0.5144730050652983,Ridge,Ridge_2
923,SI_ref_13,PB800,IBU,Synthetic,0.4252767527675277,0.5001178766799501,Ridge,Ridge_2
924,SI_ref_13,PB800,IBU,Synthetic,0.40067650676506766,0.48559245096151527,Ridge,Ridge_2
925,SI_ref_13,PB800,IBU,Synthetic,0.39145141451414517,0.4770520207127417,Ridge,Ridge_2
926,SI_ref_13,PB800,IBU,Synthetic,0.38837638376383765,0.46241071156445845,Ridge,Ridge_2
927,SI_ref_13,PB800,IBU,Synthetic,0.37915129151291516,0.45383136890785125,Ridge,Ridge_2
928,SI_ref_13,PB800,IBU,Synthetic,0.23013048635824437,0.4477401306130898,Ridge,Ridge_2
929,SI_ref_13,PB800,IBU,Synthetic,0.3126198695818949,0.4683873622472105,Ridge,Ridge_2
930,SI_ref_13,PB800,IBU,Synthetic,0.35520079622504414,0.4477401306130898,Ridge,Ridge_2
931,SI_ref_13,PB800,IBU,Synthetic,0.24946921443736733,0.4477401306130898,Ridge,Ridge_2
932,SI_ref_13,PB800,IBU,Synthetic,0.18924731182795698,0.4477401306130898,Ridge,Ridge_2
933,SI_ref_13,PB800,IBU,Synthetic,0.08514492753623189,0.4477401306130898,Ridge,Ridge_2
934,SI_ref_13,PB800,IBU,Synthetic,0.4392021480629075,0.42709289897896907,Ridge,Ridge_2
935,SI_ref_13,PB800,IBU,Synthetic,0.4238588415803605,0.4064456673448483,Ridge,Ridge_2
936,SI_ref_13,PB800,IBU,Synthetic,0.5142348754448398,0.4477401306130898,Ridge,Ridge_2
937,SI_ref_13,PB800,IBU,Synthetic,0.5523922499011468,0.4477401306130898,Ridge,Ridge_2
938,SI_ref_13,PB800,IBU,Synthetic,0.5686613285883748,0.4477401306130898,Ridge,Ridge_2
939,SI_ref_13,PB800,IBU,Synthetic,0.5875275377054737,0.4477401306130898,Ridge,Ridge_2
940,SI_ref_13,PB800,IBU,Synthetic,0.712022367194781,0.4330548680828673,Ridge,Ridge_2
941,SI_ref_13,PB800,IBU,Synthetic,0.5069897483690587,0.4330548680828673,Ridge,Ridge_2
942,SI_ref_13,PB800,IBU,Synthetic,0.31469400434917677,0.4330548680828673,Ridge,Ridge_2
943,SI_ref_13,PB800,IBU,Synthetic,0.22960794568575607,0.4330548680828673,Ridge,Ridge_2
944,SI_ref_13,PB800,IBU,Synthetic,0.10958005249343833,0.4330548680828673,Ridge,Ridge_2
1117,SI_ref_17,Pristine SCG biochar,EE2,Synthetic,0.9630524728687239,0.8783920057202699,Ridge,Ridge_2
1119,SI_ref_17,Pristine SCG biochar,EE2,Synthetic,0.9610835485312063,0.8640368773349218,Ridge,Ridge_2
1121,SI_ref_17,Pristine SCG biochar,EE2,Synthetic,0.9527872619203276,0.8409710213677134,Ridge,Ridge_2
1123,SI_ref_17,Pristine SCG biochar,EE2,Synthetic,0.9558259103687238,0.8263297122194302,Ridge,Ridge_2
1125,SI_ref_17,Pristine SCG biochar,EE2,Synthetic,0.9519368217180961,0.817750369562823,Ridge,Ridge_2
1127,SI_ref_17,Pristine SCG biochar,EE2,Synthetic,0.9377852461427824,0.8116591312680614,Ridge,Ridge_2
1129,SI_ref_17,Pristine SCG biochar,EE2,Synthetic,0.9348668633411785,0.8055654453375658,Ridge,Ridge_2
1131,SI_ref_17,Pristine SCG biochar,EE2,Synthetic,0.8111252475275296,0.7511585067920883,Ridge,Ridge_2
1133,SI_ref_17,Pristine SCG biochar,EE2,Synthetic,0.8609155049620831,0.796973868737839,Ridge,Ridge_2
1135,SI_ref_17,Pristine SCG biochar,EE2,Synthetic,0.8239304667585977,0.796973868737839,Ridge,Ridge_2
1137,SI_ref_17,Pristine SCG biochar,EE2,Synthetic,0.8257334628724249,0.796973868737839,Ridge,Ridge_2
1139,SI_ref_17,Pristine SCG biochar,EE2,Synthetic,0.8269992896243368,0.796973868737839,Ridge,Ridge_2
1141,SI_ref_17,Pristine SCG biochar,EE2,Synthetic,0.8244509213990222,0.796973868737839,Ridge,Ridge_2
1143,SI_ref_17,Pristine SCG biochar,EE2,Synthetic,0.8163766662487987,0.796973868737839,Ridge,Ridge_2
1145,SI_ref_17,Pristine SCG biochar,EE2,Synthetic,0.981137644940341,0.8427892306835898,Ridge,Ridge_2
1147,SI_ref_17,Pristine SCG biochar,EE2,Synthetic,0.8965862728271835,0.796973868737839,Ridge,Ridge_2
1149,SI_ref_17,Pristine SCG biochar,EE2,Synthetic,0.9030676738865168,0.796973868737839,Ridge,Ridge_2
1151,SI_ref_17,Pristine SCG biochar,EE2,Synthetic,0.886080261818485,0.796973868737839,Ridge,Ridge_2
1153,SI_ref_17,Pristine SCG biochar,EE2,Synthetic,0.8949069839273535,0.796973868737839,Ridge,Ridge_2
1155,SI_ref_17,Pristine SCG biochar,EE2,Synthetic,0.8378189552043488,0.796973868737839,Ridge,Ridge_2
1157,SI_ref_17,Pristine SCG biochar,IBU,Synthetic,0.9060511140454979,1.002386998800942,Ridge,Ridge_2
1159,SI_ref_17,Pristine SCG biochar,IBU,Synthetic,0.9004320791615827,0.9880318704155937,Ridge,Ridge_2
1161,SI_ref_17,Pristine SCG biochar,IBU,Synthetic,0.894961472244973,0.9649660144483854,Ridge,Ridge_2
1163,SI_ref_17,Pristine SCG biochar,IBU,Synthetic,0.8949151720794959,0.950324705300102,Ridge,Ridge_2
1165,SI_ref_17,Pristine SCG biochar,IBU,Synthetic,0.892599829508416,0.941745362643495,Ridge,Ridge_2
1167,SI_ref_17,Pristine SCG biochar,IBU,Synthetic,0.8914167516338777,0.9356541243487335,Ridge,Ridge_2
1169,SI_ref_17,Pristine SCG biochar,IBU,Synthetic,0.886841225533622,0.9295604384182379,Ridge,Ridge_2
1171,SI_ref_17,Pristine SCG biochar,IBU,Synthetic,0.8055661914208297,0.8751534998727601,Ridge,Ridge_2
1173,SI_ref_17,Pristine SCG biochar,IBU,Synthetic,0.9319085004678631,0.920968861818511,Ridge,Ridge_2
1175,SI_ref_17,Pristine SCG biochar,IBU,Synthetic,0.9111084458291452,0.920968861818511,Ridge,Ridge_2
1177,SI_ref_17,Pristine SCG biochar,IBU,Synthetic,0.9162887928675453,0.920968861818511,Ridge,Ridge_2
1179,SI_ref_17,Pristine SCG biochar,IBU,Synthetic,0.9142212192930818,0.920968861818511,Ridge,Ridge_2
1181,SI_ref_17,Pristine SCG biochar,IBU,Synthetic,0.9090486144760851,0.920968861818511,Ridge,Ridge_2
1183,SI_ref_17,Pristine SCG biochar,IBU,Synthetic,0.9114748664800524,0.920968861818511,Ridge,Ridge_2
1185,SI_ref_17,Pristine SCG biochar,IBU,Synthetic,0.93372158594911,0.9667842237642619,Ridge,Ridge_2
1187,SI_ref_17,Pristine SCG biochar,IBU,Synthetic,0.9448963419259283,0.920968861818511,Ridge,Ridge_2
1189,SI_ref_17,Pristine SCG biochar,IBU,Synthetic,0.9210277046979152,0.920968861818511,Ridge,Ridge_2
1191,SI_ref_17,Pristine SCG biochar,IBU,Synthetic,0.9513456586569363,0.920968861818511,Ridge,Ridge_2
1193,SI_ref_17,Pristine SCG biochar,IBU,Synthetic,0.9310638115047126,0.920968861818511,Ridge,Ridge_2
1195,SI_ref_17,Pristine SCG biochar,IBU,Synthetic,0.9376778036385122,0.920968861818511,Ridge,Ridge_2
155,SI_ref_17,Alkali-modified SCG biochars,EE2,Synthetic,0.281684429186895,0.26520368735939975,SVR,SVR_1
157,SI_ref_17,Alkali-modified SCG biochars,EE2,Synthetic,0.1736546812353491,0.15612024081316966,SVR,SVR_1
159,SI_ref_17,Alkali-modified SCG biochars,EE2,Synthetic,0.0890939833732563,0.016195050037741132,SVR,SVR_1
161,SI_ref_17,Alkali-modified SCG biochars,EE2,Synthetic,0.0719303611000807,-0.0280055431270535,SVR,SVR_1
163,SI_ref_17,Alkali-modified SCG biochars,EE2,Synthetic,0.06892444951131721,-0.03348774904181384,SVR,SVR_1
165,SI_ref_17,Alkali-modified SCG biochars,EE2,Synthetic,0.06161971981332274,-0.027974021870493138,SVR,SVR_1
167,SI_ref_17,Alkali-modified SCG biochars,EE2,Synthetic,0.06227375203350968,-0.014921381572527093,SVR,SVR_1
169,SI_ref_17,Alkali-modified SCG biochars,EE2,Synthetic,0.013530055813574512,0.12415696377877816,SVR,SVR_1
171,SI_ref_17,Alkali-modified SCG biochars,EE2,Synthetic,0.09051861058315946,0.015260741135257216,SVR,SVR_1
178,SI_ref_17,Alkali-modified SCG biochars,EE2,Synthetic,0.053215646133789624,0.1695458623974745,SVR,SVR_1
180,SI_ref_17,Alkali-modified SCG biochars,EE2,Synthetic,0.2279548813058391,0.015260741135257216,SVR,SVR_1
182,SI_ref_17,Alkali-modified SCG biochars,EE2,Synthetic,0.3168155258198777,0.015260741135257216,SVR,SVR_1
184,SI_ref_17,Alkali-modified SCG biochars,EE2,Synthetic,0.4518596548311438,0.015260741135257216,SVR,SVR_1
186,SI_ref_17,Alkali-modified SCG biochars,EE2,Synthetic,0.5444612813197839,0.015260741135257216,SVR,SVR_1
188,SI_ref_17,Alkali-modified SCG biochars,EE2,Synthetic,0.6153689348029446,0.015260741135257216,SVR,SVR_1
190,SI_ref_17,Alkali-modified SCG biochars,IBU,Synthetic,0.22674008618295227,0.516827218020826,SVR,SVR_1
192,SI_ref_17,Alkali-modified SCG biochars,IBU,Synthetic,0.18762987622773672,0.4399378027298839,SVR,SVR_1
194,SI_ref_17,Alkali-modified SCG biochars,IBU,Synthetic,0.0964989432139522,0.32502260443510794,SVR,SVR_1
196,SI_ref_17,Alkali-modified SCG biochars,IBU,Synthetic,0.056403766337859394,0.27397141291360144,SVR,SVR_1
198,SI_ref_17,Alkali-modified SCG biochars,IBU,Synthetic,0.04365646649895644,0.2558316485907187,SVR,SVR_1
200,SI_ref_17,Alkali-modified SCG biochars,IBU,Synthetic,0.05275302685215311,0.24877597961981462,SVR,SVR_1
202,SI_ref_17,Alkali-modified SCG biochars,IBU,Synthetic,0.051463060103218494,0.2466162774735875,SVR,SVR_1
204,SI_ref_17,Alkali-modified SCG biochars,IBU,Synthetic,0.0020992565231803756,0.15472427475054262,SVR,SVR_1
206,SI_ref_17,Alkali-modified SCG biochars,IBU,Synthetic,0.05901922048526246,0.2516410132513029,SVR,SVR_1
208,SI_ref_17,Alkali-modified SCG biochars,IBU,Synthetic,0.12337327274312365,0.2516410132513029,SVR,SVR_1
210,SI_ref_17,Alkali-modified SCG biochars,IBU,Synthetic,0.09406602807201081,0.2516410132513029,SVR,SVR_1
212,SI_ref_17,Alkali-modified SCG biochars,IBU,Synthetic,0.09483947953445797,0.2516410132513029,SVR,SVR_1
214,SI_ref_17,Alkali-modified SCG biochars,IBU,Synthetic,0.10723758772503378,0.2516410132513029,SVR,SVR_1
216,SI_ref_17,Alkali-modified SCG biochars,IBU,Synthetic,0.10107027265594352,0.2516410132513029,SVR,SVR_1
218,SI_ref_17,Alkali-modified SCG biochars,IBU,Synthetic,0.30424911735147564,0.43700569795127103,SVR,SVR_1
220,SI_ref_17,Alkali-modified SCG biochars,IBU,Synthetic,0.004839210099114782,0.2516410132513029,SVR,SVR_1
222,SI_ref_17,Alkali-modified SCG biochars,IBU,Synthetic,0.04374442489311713,0.2516410132513029,SVR,SVR_1
224,SI_ref_17,Alkali-modified SCG biochars,IBU,Synthetic,0.2945083196339574,0.2516410132513029,SVR,SVR_1
226,SI_ref_17,Alkali-modified SCG biochars,IBU,Synthetic,0.44148324888836815,0.2516410132513029,SVR,SVR_1
228,SI_ref_17,Alkali-modified SCG biochars,IBU,Synthetic,0.5342365334838785,0.2516410132513029,SVR,SVR_1
263,SI_ref_16,C-Biochar,IBU,Synthetic,0.5333333333333333,0.6597923911955279,SVR,SVR_1
264,SI_ref_16,C-Biochar,IBU,Synthetic,0.7333333333333333,0.6079017634343685,SVR,SVR_1
265,SI_ref_16,C-Biochar,IBU,Synthetic,0.6000000000000001,0.6781996701100851,SVR,SVR_1
266,SI_ref_16,C-Biochar,IBU,Synthetic,0.6121212121212122,0.6594649097792851,SVR,SVR_1
267,SI_ref_16,C-Biochar,IBU,Synthetic,0.7333333333333333,0.6594649097792851,SVR,SVR_1
268,SI_ref_16,C-Biochar,IBU,Synthetic,0.5333333333333333,0.6594649097792851,SVR,SVR_1
269,SI_ref_16,C-Biochar,IBU,Synthetic,0.4666666666666666,0.6594649097792851,SVR,SVR_1
270,SI_ref_16,C-Biochar,IBU,Synthetic,0.5555555555555556,0.6594649097792851,SVR,SVR_1
271,SI_ref_16,C-Biochar,IBU,Synthetic,0.6000000000000001,0.6594649097792851,SVR,SVR_1
272,SI_ref_16,C-Biochar,IBU,Synthetic,0.6000000000000001,0.5763678384962364,SVR,SVR_1
273,SI_ref_16,C-Biochar,IBU,Synthetic,0.6000000000000001,0.55318471042813,SVR,SVR_1
274,SI_ref_16,C-Biochar,IBU,Synthetic,1.0666666666666667,0.5725234133605681,SVR,SVR_1
275,SI_ref_16,C-Biochar,IBU,Synthetic,0.5277777777777777,0.6594649097792851,SVR,SVR_1
276,SI_ref_16,C-Biochar,IBU,Synthetic,0.7,0.6594649097792851,SVR,SVR_1
277,SI_ref_16,C-Biochar,IBU,Synthetic,0.7844444444444444,0.6594649097792851,SVR,SVR_1
278,SI_ref_16,C-Biochar,IBU,Synthetic,0.8430555555555557,0.6594649097792851,SVR,SVR_1
279,SI_ref_16,C-Biochar,IBU,Synthetic,0.861111111111111,0.6594649097792851,SVR,SVR_1
875,SI_ref_13,PB600,IBU,Synthetic,0.7639925373134329,0.6944707461867895,SVR,SVR_1
876,SI_ref_13,PB600,IBU,Synthetic,0.7266791044776119,0.6536790133749949,SVR,SVR_1
877,SI_ref_13,PB600,IBU,Synthetic,0.7328980099502487,0.6135247753758807,SVR,SVR_1
878,SI_ref_13,PB600,IBU,Synthetic,0.7391169154228855,0.593517457625089,SVR,SVR_1
879,SI_ref_13,PB600,IBU,Synthetic,0.6707089552238806,0.5693413721669419,SVR,SVR_1
880,SI_ref_13,PB600,IBU,Synthetic,0.5898631840796019,0.5620645985123488,SVR,SVR_1
881,SI_ref_13,PB600,IBU,Synthetic,0.2096102913356035,0.5600082096636299,SVR,SVR_1
882,SI_ref_13,PB600,IBU,Synthetic,0.7328980099502488,0.6087035193427154,SVR,SVR_1
883,SI_ref_13,PB600,IBU,Synthetic,0.611373922124096,0.5600082096636299,SVR,SVR_1
884,SI_ref_13,PB600,IBU,Synthetic,0.6847133757961785,0.5600082096636299,SVR,SVR_1
885,SI_ref_13,PB600,IBU,Synthetic,0.4580645161290322,0.5600082096636299,SVR,SVR_1
886,SI_ref_13,PB600,IBU,Synthetic,0.29347826086956524,0.5600082096636299,SVR,SVR_1
887,SI_ref_13,PB600,IBU,Synthetic,0.5772919064058304,0.5811838886441072,SVR,SVR_1
888,SI_ref_13,PB600,IBU,Synthetic,0.5887993862677406,0.592276305086978,SVR,SVR_1
889,SI_ref_13,PB600,IBU,Synthetic,0.7258796821793417,0.5600082096636299,SVR,SVR_1
890,SI_ref_13,PB600,IBU,Synthetic,0.766427039979821,0.5600082096636299,SVR,SVR_1
891,SI_ref_13,PB600,IBU,Synthetic,0.8162693908437383,0.5600082096636299,SVR,SVR_1
892,SI_ref_13,PB600,IBU,Synthetic,0.8533052267445003,0.5600082096636299,SVR,SVR_1
893,SI_ref_13,PB600,IBU,Synthetic,0.9327073552425663,0.5644013402805894,SVR,SVR_1
894,SI_ref_13,PB600,IBU,Synthetic,0.6275430359937403,0.5644013402805894,SVR,SVR_1
895,SI_ref_13,PB600,IBU,Synthetic,0.35367762128325514,0.5644013402805894,SVR,SVR_1
896,SI_ref_13,PB600,IBU,Synthetic,0.4798506002849601,0.5644013402805894,SVR,SVR_1
897,SI_ref_13,PB600,IBU,Synthetic,0.2754303599374022,0.5644013402805894,SVR,SVR_1
922,SI_ref_13,PB800,IBU,Synthetic,0.4560270602706027,0.5230997001273114,SVR,SVR_1
923,SI_ref_13,PB800,IBU,Synthetic,0.4252767527675277,0.4853154641477823,SVR,SVR_1
924,SI_ref_13,PB800,IBU,Synthetic,0.40067650676506766,0.44859307416850175,SVR,SVR_1
925,SI_ref_13,PB800,IBU,Synthetic,0.39145141451414517,0.4294966362018238,SVR,SVR_1
926,SI_ref_13,PB800,IBU,Synthetic,0.38837638376383765,0.403883396864221,SVR,SVR_1
927,SI_ref_13,PB800,IBU,Synthetic,0.37915129151291516,0.39415753460782027,SVR,SVR_1
928,SI_ref_13,PB800,IBU,Synthetic,0.23013048635824437,0.3899365534340963,SVR,SVR_1
929,SI_ref_13,PB800,IBU,Synthetic,0.3126198695818949,0.37299155651286753,SVR,SVR_1
930,SI_ref_13,PB800,IBU,Synthetic,0.35520079622504414,0.3899365534340963,SVR,SVR_1
931,SI_ref_13,PB800,IBU,Synthetic,0.24946921443736733,0.3899365534340963,SVR,SVR_1
932,SI_ref_13,PB800,IBU,Synthetic,0.18924731182795698,0.3899365534340963,SVR,SVR_1
933,SI_ref_13,PB800,IBU,Synthetic,0.08514492753623189,0.3899365534340963,SVR,SVR_1
934,SI_ref_13,PB800,IBU,Synthetic,0.4392021480629075,0.35033142102651355,SVR,SVR_1
935,SI_ref_13,PB800,IBU,Synthetic,0.4238588415803605,0.29830781134298456,SVR,SVR_1
936,SI_ref_13,PB800,IBU,Synthetic,0.5142348754448398,0.3899365534340963,SVR,SVR_1
937,SI_ref_13,PB800,IBU,Synthetic,0.5523922499011468,0.3899365534340963,SVR,SVR_1
938,SI_ref_13,PB800,IBU,Synthetic,0.5686613285883748,0.3899365534340963,SVR,SVR_1
939,SI_ref_13,PB800,IBU,Synthetic,0.5875275377054737,0.3899365534340963,SVR,SVR_1
940,SI_ref_13,PB800,IBU,Synthetic,0.712022367194781,0.3893395887022675,SVR,SVR_1
941,SI_ref_13,PB800,IBU,Synthetic,0.5069897483690587,0.3893395887022675,SVR,SVR_1
942,SI_ref_13,PB800,IBU,Synthetic,0.31469400434917677,0.3893395887022675,SVR,SVR_1
943,SI_ref_13,PB800,IBU,Synthetic,0.22960794568575607,0.3893395887022675,SVR,SVR_1
944,SI_ref_13,PB800,IBU,Synthetic,0.10958005249343833,0.3893395887022675,SVR,SVR_1
1117,SI_ref_17,Pristine SCG biochar,EE2,Synthetic,0.9630524728687239,0.9354108585128309,SVR,SVR_1
1119,SI_ref_17,Pristine SCG biochar,EE2,Synthetic,0.9610835485312063,0.9228673267497565,SVR,SVR_1
1121,SI_ref_17,Pristine SCG biochar,EE2,Synthetic,0.9527872619203276,0.9005430153215634,SVR,SVR_1
1123,SI_ref_17,Pristine SCG biochar,EE2,Synthetic,0.9558259103687238,0.8920689120239473,SVR,SVR_1
1125,SI_ref_17,Pristine SCG biochar,EE2,Synthetic,0.9519368217180961,0.8895957997102935,SVR,SVR_1
1127,SI_ref_17,Pristine SCG biochar,EE2,Synthetic,0.9377852461427824,0.8885910400167886,SVR,SVR_1
1129,SI_ref_17,Pristine SCG biochar,EE2,Synthetic,0.9348668633411785,0.8878458019342701,SVR,SVR_1
1131,SI_ref_17,Pristine SCG biochar,EE2,Synthetic,0.8111252475275296,0.8531337139702894,SVR,SVR_1
1133,SI_ref_17,Pristine SCG biochar,EE2,Synthetic,0.8609155049620831,0.886504303624734,SVR,SVR_1
1135,SI_ref_17,Pristine SCG biochar,EE2,Synthetic,0.8239304667585977,0.886504303624734,SVR,SVR_1
1137,SI_ref_17,Pristine SCG biochar,EE2,Synthetic,0.8257334628724249,0.886504303624734,SVR,SVR_1
1139,SI_ref_17,Pristine SCG biochar,EE2,Synthetic,0.8269992896243368,0.886504303624734,SVR,SVR_1
1141,SI_ref_17,Pristine SCG biochar,EE2,Synthetic,0.8244509213990222,0.886504303624734,SVR,SVR_1
1143,SI_ref_17,Pristine SCG biochar,EE2,Synthetic,0.8163766662487987,0.886504303624734,SVR,SVR_1
1145,SI_ref_17,Pristine SCG biochar,EE2,Synthetic,0.981137644940341,0.8903498867576474,SVR,SVR_1
1147,SI_ref_17,Pristine SCG biochar,EE2,Synthetic,0.8965862728271835,0.886504303624734,SVR,SVR_1
1149,SI_ref_17,Pristine SCG biochar,EE2,Synthetic,0.9030676738865168,0.886504303624734,SVR,SVR_1
1151,SI_ref_17,Pristine SCG biochar,EE2,Synthetic,0.886080261818485,0.886504303624734,SVR,SVR_1
1153,SI_ref_17,Pristine SCG biochar,EE2,Synthetic,0.8949069839273535,0.886504303624734,SVR,SVR_1
1155,SI_ref_17,Pristine SCG biochar,EE2,Synthetic,0.8378189552043488,0.886504303624734,SVR,SVR_1
1157,SI_ref_17,Pristine SCG biochar,IBU,Synthetic,0.9060511140454979,0.9606842079178992,SVR,SVR_1
1159,SI_ref_17,Pristine SCG biochar,IBU,Synthetic,0.9004320791615827,0.9595456533962454,SVR,SVR_1
1161,SI_ref_17,Pristine SCG biochar,IBU,Synthetic,0.894961472244973,0.9504890907233935,SVR,SVR_1
1163,SI_ref_17,Pristine SCG biochar,IBU,Synthetic,0.8949151720794959,0.9435522922386261,SVR,SVR_1
1165,SI_ref_17,Pristine SCG biochar,IBU,Synthetic,0.892599829508416,0.9388788371859258,SVR,SVR_1
1167,SI_ref_17,Pristine SCG biochar,IBU,Synthetic,0.8914167516338777,0.9349541655186157,SVR,SVR_1
1169,SI_ref_17,Pristine SCG biochar,IBU,Synthetic,0.886841225533622,0.9302687937492946,SVR,SVR_1
1171,SI_ref_17,Pristine SCG biochar,IBU,Synthetic,0.8055661914208297,0.8446894607455935,SVR,SVR_1
1173,SI_ref_17,Pristine SCG biochar,IBU,Synthetic,0.9319085004678631,0.9219361846568501,SVR,SVR_1
1175,SI_ref_17,Pristine SCG biochar,IBU,Synthetic,0.9111084458291452,0.9219361846568501,SVR,SVR_1
1177,SI_ref_17,Pristine SCG biochar,IBU,Synthetic,0.9162887928675453,0.9219361846568501,SVR,SVR_1
1179,SI_ref_17,Pristine SCG biochar,IBU,Synthetic,0.9142212192930818,0.9219361846568501,SVR,SVR_1
1181,SI_ref_17,Pristine SCG biochar,IBU,Synthetic,0.9090486144760851,0.9219361846568501,SVR,SVR_1
1183,SI_ref_17,Pristine SCG biochar,IBU,Synthetic,0.9114748664800524,0.9219361846568501,SVR,SVR_1
1185,SI_ref_17,Pristine SCG biochar,IBU,Synthetic,0.93372158594911,0.9604741678236355,SVR,SVR_1
1187,SI_ref_17,Pristine SCG biochar,IBU,Synthetic,0.9448963419259283,0.9219361846568501,SVR,SVR_1
1189,SI_ref_17,Pristine SCG biochar,IBU,Synthetic,0.9210277046979152,0.9219361846568501,SVR,SVR_1
1191,SI_ref_17,Pristine SCG biochar,IBU,Synthetic,0.9513456586569363,0.9219361846568501,SVR,SVR_1
1193,SI_ref_17,Pristine SCG biochar,IBU,Synthetic,0.9310638115047126,0.9219361846568501,SVR,SVR_1
1195,SI_ref_17,Pristine SCG biochar,IBU,Synthetic,0.9376778036385122,0.9219361846568501,SVR,SVR_1
155,SI_ref_17,Alkali-modified SCG biochars,EE2,Synthetic,0.281684429186895,0.28114054432572977,SplineRidge,SplineRidge_2
157,SI_ref_17,Alkali-modified SCG biochars,EE2,Synthetic,0.1736546812353491,0.2503653847945613,SplineRidge,SplineRidge_2
159,SI_ref_17,Alkali-modified SCG biochars,EE2,Synthetic,0.0890939833732563,0.188472809953946,SplineRidge,SplineRidge_2
161,SI_ref_17,Alkali-modified SCG biochars,EE2,Synthetic,0.0719303611000807,0.16374769618098084,SplineRidge,SplineRidge_2
163,SI_ref_17,Alkali-modified SCG biochars,EE2,Synthetic,0.06892444951131721,0.151138904955189,SplineRidge,SplineRidge_2
165,SI_ref_17,Alkali-modified SCG biochars,EE2,Synthetic,0.06161971981332274,0.1463861729523842,SplineRidge,SplineRidge_2
167,SI_ref_17,Alkali-modified SCG biochars,EE2,Synthetic,0.06227375203350968,0.15065195506441353,SplineRidge,SplineRidge_2
169,SI_ref_17,Alkali-modified SCG biochars,EE2,Synthetic,0.013530055813574512,0.12844484354530672,SplineRidge,SplineRidge_2
171,SI_ref_17,Alkali-modified SCG biochars,EE2,Synthetic,0.09051861058315946,0.17206051308260828,SplineRidge,SplineRidge_2
178,SI_ref_17,Alkali-modified SCG biochars,EE2,Synthetic,0.053215646133789624,0.20609879320609625,SplineRidge,SplineRidge_2
180,SI_ref_17,Alkali-modified SCG biochars,EE2,Synthetic,0.2279548813058391,0.17206051308260828,SplineRidge,SplineRidge_2
182,SI_ref_17,Alkali-modified SCG biochars,EE2,Synthetic,0.3168155258198777,0.17206051308260828,SplineRidge,SplineRidge_2
184,SI_ref_17,Alkali-modified SCG biochars,EE2,Synthetic,0.4518596548311438,0.17206051308260828,SplineRidge,SplineRidge_2
186,SI_ref_17,Alkali-modified SCG biochars,EE2,Synthetic,0.5444612813197839,0.17206051308260828,SplineRidge,SplineRidge_2
188,SI_ref_17,Alkali-modified SCG biochars,EE2,Synthetic,0.6153689348029446,0.17206051308260828,SplineRidge,SplineRidge_2
190,SI_ref_17,Alkali-modified SCG biochars,IBU,Synthetic,0.22674008618295227,0.388825434714664,SplineRidge,SplineRidge_2
192,SI_ref_17,Alkali-modified SCG biochars,IBU,Synthetic,0.18762987622773672,0.3580502751834955,SplineRidge,SplineRidge_2
194,SI_ref_17,Alkali-modified SCG biochars,IBU,Synthetic,0.0964989432139522,0.29615770034288025,SplineRidge,SplineRidge_2
196,SI_ref_17,Alkali-modified SCG biochars,IBU,Synthetic,0.056403766337859394,0.271432586569915,SplineRidge,SplineRidge_2
198,SI_ref_17,Alkali-modified SCG biochars,IBU,Synthetic,0.04365646649895644,0.25882379534412314,SplineRidge,SplineRidge_2
200,SI_ref_17,Alkali-modified SCG biochars,IBU,Synthetic,0.05275302685215311,0.25407106334131835,SplineRidge,SplineRidge_2
202,SI_ref_17,Alkali-modified SCG biochars,IBU,Synthetic,0.051463060103218494,0.2583368454533477,SplineRidge,SplineRidge_2
204,SI_ref_17,Alkali-modified SCG biochars,IBU,Synthetic,0.0020992565231803756,0.23612973393424097,SplineRidge,SplineRidge_2
206,SI_ref_17,Alkali-modified SCG biochars,IBU,Synthetic,0.05901922048526246,0.27974540347154253,SplineRidge,SplineRidge_2
208,SI_ref_17,Alkali-modified SCG biochars,IBU,Synthetic,0.12337327274312365,0.27974540347154253,SplineRidge,SplineRidge_2
210,SI_ref_17,Alkali-modified SCG biochars,IBU,Synthetic,0.09406602807201081,0.27974540347154253,SplineRidge,SplineRidge_2
212,SI_ref_17,Alkali-modified SCG biochars,IBU,Synthetic,0.09483947953445797,0.27974540347154253,SplineRidge,SplineRidge_2
214,SI_ref_17,Alkali-modified SCG biochars,IBU,Synthetic,0.10723758772503378,0.27974540347154253,SplineRidge,SplineRidge_2
216,SI_ref_17,Alkali-modified SCG biochars,IBU,Synthetic,0.10107027265594352,0.27974540347154253,SplineRidge,SplineRidge_2
218,SI_ref_17,Alkali-modified SCG biochars,IBU,Synthetic,0.30424911735147564,0.3137836835950305,SplineRidge,SplineRidge_2
220,SI_ref_17,Alkali-modified SCG biochars,IBU,Synthetic,0.004839210099114782,0.27974540347154253,SplineRidge,SplineRidge_2
222,SI_ref_17,Alkali-modified SCG biochars,IBU,Synthetic,0.04374442489311713,0.27974540347154253,SplineRidge,SplineRidge_2
224,SI_ref_17,Alkali-modified SCG biochars,IBU,Synthetic,0.2945083196339574,0.27974540347154253,SplineRidge,SplineRidge_2
226,SI_ref_17,Alkali-modified SCG biochars,IBU,Synthetic,0.44148324888836815,0.27974540347154253,SplineRidge,SplineRidge_2
228,SI_ref_17,Alkali-modified SCG biochars,IBU,Synthetic,0.5342365334838785,0.27974540347154253,SplineRidge,SplineRidge_2
263,SI_ref_16,C-Biochar,IBU,Synthetic,0.5333333333333333,0.5591553008263911,SplineRidge,SplineRidge_2
264,SI_ref_16,C-Biochar,IBU,Synthetic,0.7333333333333333,0.5402177982300045,SplineRidge,SplineRidge_2
265,SI_ref_16,C-Biochar,IBU,Synthetic,0.6000000000000001,0.6197317684575937,SplineRidge,SplineRidge_2
266,SI_ref_16,C-Biochar,IBU,Synthetic,0.6121212121212122,0.6027709703636926,SplineRidge,SplineRidge_2
267,SI_ref_16,C-Biochar,IBU,Synthetic,0.7333333333333333,0.6027709703636926,SplineRidge,SplineRidge_2
268,SI_ref_16,C-Biochar,IBU,Synthetic,0.5333333333333333,0.6027709703636926,SplineRidge,SplineRidge_2
269,SI_ref_16,C-Biochar,IBU,Synthetic,0.4666666666666666,0.6027709703636926,SplineRidge,SplineRidge_2
270,SI_ref_16,C-Biochar,IBU,Synthetic,0.5555555555555556,0.6027709703636926,SplineRidge,SplineRidge_2
271,SI_ref_16,C-Biochar,IBU,Synthetic,0.6000000000000001,0.6027709703636926,SplineRidge,SplineRidge_2
272,SI_ref_16,C-Biochar,IBU,Synthetic,0.6000000000000001,0.5823822327617927,SplineRidge,SplineRidge_2
273,SI_ref_16,C-Biochar,IBU,Synthetic,0.6000000000000001,0.5586351956965036,SplineRidge,SplineRidge_2
274,SI_ref_16,C-Biochar,IBU,Synthetic,1.0666666666666667,0.6258367423185878,SplineRidge,SplineRidge_2
275,SI_ref_16,C-Biochar,IBU,Synthetic,0.5277777777777777,0.6027709703636926,SplineRidge,SplineRidge_2
276,SI_ref_16,C-Biochar,IBU,Synthetic,0.7,0.6027709703636926,SplineRidge,SplineRidge_2
277,SI_ref_16,C-Biochar,IBU,Synthetic,0.7844444444444444,0.6027709703636926,SplineRidge,SplineRidge_2
278,SI_ref_16,C-Biochar,IBU,Synthetic,0.8430555555555557,0.6027709703636926,SplineRidge,SplineRidge_2
279,SI_ref_16,C-Biochar,IBU,Synthetic,0.861111111111111,0.6027709703636926,SplineRidge,SplineRidge_2
875,SI_ref_13,PB600,IBU,Synthetic,0.7639925373134329,0.6568359059645007,SplineRidge,SplineRidge_2
876,SI_ref_13,PB600,IBU,Synthetic,0.7266791044776119,0.6260607464333322,SplineRidge,SplineRidge_2
877,SI_ref_13,PB600,IBU,Synthetic,0.7328980099502487,0.5836674370985427,SplineRidge,SplineRidge_2
878,SI_ref_13,PB600,IBU,Synthetic,0.7391169154228855,0.5641681715927169,SplineRidge,SplineRidge_2
879,SI_ref_13,PB600,IBU,Synthetic,0.6707089552238806,0.5394430578197517,SplineRidge,SplineRidge_2
880,SI_ref_13,PB600,IBU,Synthetic,0.5898631840796019,0.5268342665939598,SplineRidge,SplineRidge_2
881,SI_ref_13,PB600,IBU,Synthetic,0.2096102913356035,0.522081534591155,SplineRidge,SplineRidge_2
882,SI_ref_13,PB600,IBU,Synthetic,0.7328980099502488,0.5390423326850561,SplineRidge,SplineRidge_2
883,SI_ref_13,PB600,IBU,Synthetic,0.611373922124096,0.522081534591155,SplineRidge,SplineRidge_2
884,SI_ref_13,PB600,IBU,Synthetic,0.6847133757961785,0.522081534591155,SplineRidge,SplineRidge_2
885,SI_ref_13,PB600,IBU,Synthetic,0.4580645161290322,0.522081534591155,SplineRidge,SplineRidge_2
886,SI_ref_13,PB600,IBU,Synthetic,0.29347826086956524,0.522081534591155,SplineRidge,SplineRidge_2
887,SI_ref_13,PB600,IBU,Synthetic,0.5772919064058304,0.5016927969892551,SplineRidge,SplineRidge_2
888,SI_ref_13,PB600,IBU,Synthetic,0.5887993862677406,0.477945759923966,SplineRidge,SplineRidge_2
889,SI_ref_13,PB600,IBU,Synthetic,0.7258796821793417,0.522081534591155,SplineRidge,SplineRidge_2
890,SI_ref_13,PB600,IBU,Synthetic,0.766427039979821,0.522081534591155,SplineRidge,SplineRidge_2
891,SI_ref_13,PB600,IBU,Synthetic,0.8162693908437383,0.522081534591155,SplineRidge,SplineRidge_2
892,SI_ref_13,PB600,IBU,Synthetic,0.8533052267445003,0.522081534591155,SplineRidge,SplineRidge_2
893,SI_ref_13,PB600,IBU,Synthetic,0.9327073552425663,0.5477558747213792,SplineRidge,SplineRidge_2
894,SI_ref_13,PB600,IBU,Synthetic,0.6275430359937403,0.5477558747213792,SplineRidge,SplineRidge_2
895,SI_ref_13,PB600,IBU,Synthetic,0.35367762128325514,0.5477558747213792,SplineRidge,SplineRidge_2
896,SI_ref_13,PB600,IBU,Synthetic,0.4798506002849601,0.5477558747213792,SplineRidge,SplineRidge_2
897,SI_ref_13,PB600,IBU,Synthetic,0.2754303599374022,0.5477558747213792,SplineRidge,SplineRidge_2
922,SI_ref_13,PB800,IBU,Synthetic,0.4560270602706027,0.40512771335482084,SplineRidge,SplineRidge_2
923,SI_ref_13,PB800,IBU,Synthetic,0.4252767527675277,0.37435255382365246,SplineRidge,SplineRidge_2
924,SI_ref_13,PB800,IBU,Synthetic,0.40067650676506766,0.3319592444888628,SplineRidge,SplineRidge_2
925,SI_ref_13,PB800,IBU,Synthetic,0.39145141451414517,0.3124599789830371,SplineRidge,SplineRidge_2
926,SI_ref_13,PB800,IBU,Synthetic,0.38837638376383765,0.28773486521007174,SplineRidge,SplineRidge_2
927,SI_ref_13,PB800,IBU,Synthetic,0.37915129151291516,0.27512607398428,SplineRidge,SplineRidge_2
928,SI_ref_13,PB800,IBU,Synthetic,0.23013048635824437,0.2703733419814752,SplineRidge,SplineRidge_2
929,SI_ref_13,PB800,IBU,Synthetic,0.3126198695818949,0.28733414007537617,SplineRidge,SplineRidge_2
930,SI_ref_13,PB800,IBU,Synthetic,0.35520079622504414,0.2703733419814752,SplineRidge,SplineRidge_2
931,SI_ref_13,PB800,IBU,Synthetic,0.24946921443736733,0.2703733419814752,SplineRidge,SplineRidge_2
932,SI_ref_13,PB800,IBU,Synthetic,0.18924731182795698,0.2703733419814752,SplineRidge,SplineRidge_2
933,SI_ref_13,PB800,IBU,Synthetic,0.08514492753623189,0.2703733419814752,SplineRidge,SplineRidge_2
934,SI_ref_13,PB800,IBU,Synthetic,0.4392021480629075,0.24998460437957515,SplineRidge,SplineRidge_2
935,SI_ref_13,PB800,IBU,Synthetic,0.4238588415803605,0.22623756731428613,SplineRidge,SplineRidge_2
936,SI_ref_13,PB800,IBU,Synthetic,0.5142348754448398,0.2703733419814752,SplineRidge,SplineRidge_2
937,SI_ref_13,PB800,IBU,Synthetic,0.5523922499011468,0.2703733419814752,SplineRidge,SplineRidge_2
938,SI_ref_13,PB800,IBU,Synthetic,0.5686613285883748,0.2703733419814752,SplineRidge,SplineRidge_2
939,SI_ref_13,PB800,IBU,Synthetic,0.5875275377054737,0.2703733419814752,SplineRidge,SplineRidge_2
940,SI_ref_13,PB800,IBU,Synthetic,0.712022367194781,0.2960476821116993,SplineRidge,SplineRidge_2
941,SI_ref_13,PB800,IBU,Synthetic,0.5069897483690587,0.2960476821116993,SplineRidge,SplineRidge_2
942,SI_ref_13,PB800,IBU,Synthetic,0.31469400434917677,0.2960476821116993,SplineRidge,SplineRidge_2
943,SI_ref_13,PB800,IBU,Synthetic,0.22960794568575607,0.2960476821116993,SplineRidge,SplineRidge_2
944,SI_ref_13,PB800,IBU,Synthetic,0.10958005249343833,0.2960476821116993,SplineRidge,SplineRidge_2
1117,SI_ref_17,Pristine SCG biochar,EE2,Synthetic,0.9630524728687239,0.8753245089202443,SplineRidge,SplineRidge_2
1119,SI_ref_17,Pristine SCG biochar,EE2,Synthetic,0.9610835485312063,0.8445493493890759,SplineRidge,SplineRidge_2
1121,SI_ref_17,Pristine SCG biochar,EE2,Synthetic,0.9527872619203276,0.7826567745484607,SplineRidge,SplineRidge_2
1123,SI_ref_17,Pristine SCG biochar,EE2,Synthetic,0.9558259103687238,0.7579316607754953,SplineRidge,SplineRidge_2
1125,SI_ref_17,Pristine SCG biochar,EE2,Synthetic,0.9519368217180961,0.7453228695497036,SplineRidge,SplineRidge_2
1127,SI_ref_17,Pristine SCG biochar,EE2,Synthetic,0.9377852461427824,0.7405701375468988,SplineRidge,SplineRidge_2
1129,SI_ref_17,Pristine SCG biochar,EE2,Synthetic,0.9348668633411785,0.744835919658928,SplineRidge,SplineRidge_2
1131,SI_ref_17,Pristine SCG biochar,EE2,Synthetic,0.8111252475275296,0.7226288081398213,SplineRidge,SplineRidge_2
1133,SI_ref_17,Pristine SCG biochar,EE2,Synthetic,0.8609155049620831,0.7662444776771229,SplineRidge,SplineRidge_2
1135,SI_ref_17,Pristine SCG biochar,EE2,Synthetic,0.8239304667585977,0.7662444776771229,SplineRidge,SplineRidge_2
1137,SI_ref_17,Pristine SCG biochar,EE2,Synthetic,0.8257334628724249,0.7662444776771229,SplineRidge,SplineRidge_2
1139,SI_ref_17,Pristine SCG biochar,EE2,Synthetic,0.8269992896243368,0.7662444776771229,SplineRidge,SplineRidge_2
1141,SI_ref_17,Pristine SCG biochar,EE2,Synthetic,0.8244509213990222,0.7662444776771229,SplineRidge,SplineRidge_2
1143,SI_ref_17,Pristine SCG biochar,EE2,Synthetic,0.8163766662487987,0.7662444776771229,SplineRidge,SplineRidge_2
1145,SI_ref_17,Pristine SCG biochar,EE2,Synthetic,0.981137644940341,0.8002827578006109,SplineRidge,SplineRidge_2
1147,SI_ref_17,Pristine SCG biochar,EE2,Synthetic,0.8965862728271835,0.7662444776771229,SplineRidge,SplineRidge_2
1149,SI_ref_17,Pristine SCG biochar,EE2,Synthetic,0.9030676738865168,0.7662444776771229,SplineRidge,SplineRidge_2
1151,SI_ref_17,Pristine SCG biochar,EE2,Synthetic,0.886080261818485,0.7662444776771229,SplineRidge,SplineRidge_2
1153,SI_ref_17,Pristine SCG biochar,EE2,Synthetic,0.8949069839273535,0.7662444776771229,SplineRidge,SplineRidge_2
1155,SI_ref_17,Pristine SCG biochar,EE2,Synthetic,0.8378189552043488,0.7662444776771229,SplineRidge,SplineRidge_2
1157,SI_ref_17,Pristine SCG biochar,IBU,Synthetic,0.9060511140454979,0.9830093993091785,SplineRidge,SplineRidge_2
1159,SI_ref_17,Pristine SCG biochar,IBU,Synthetic,0.9004320791615827,0.95223423977801,SplineRidge,SplineRidge_2
1161,SI_ref_17,Pristine SCG biochar,IBU,Synthetic,0.894961472244973,0.8903416649373949,SplineRidge,SplineRidge_2
1163,SI_ref_17,Pristine SCG biochar,IBU,Synthetic,0.8949151720794959,0.8656165511644295,SplineRidge,SplineRidge_2
1165,SI_ref_17,Pristine SCG biochar,IBU,Synthetic,0.892599829508416,0.8530077599386376,SplineRidge,SplineRidge_2
1167,SI_ref_17,Pristine SCG biochar,IBU,Synthetic,0.8914167516338777,0.848255027935833,SplineRidge,SplineRidge_2
1169,SI_ref_17,Pristine SCG biochar,IBU,Synthetic,0.886841225533622,0.8525208100478622,SplineRidge,SplineRidge_2
1171,SI_ref_17,Pristine SCG biochar,IBU,Synthetic,0.8055661914208297,0.8303136985287555,SplineRidge,SplineRidge_2
1173,SI_ref_17,Pristine SCG biochar,IBU,Synthetic,0.9319085004678631,0.873929368066057,SplineRidge,SplineRidge_2
1175,SI_ref_17,Pristine SCG biochar,IBU,Synthetic,0.9111084458291452,0.873929368066057,SplineRidge,SplineRidge_2
1177,SI_ref_17,Pristine SCG biochar,IBU,Synthetic,0.9162887928675453,0.873929368066057,SplineRidge,SplineRidge_2
1179,SI_ref_17,Pristine SCG biochar,IBU,Synthetic,0.9142212192930818,0.873929368066057,SplineRidge,SplineRidge_2
1181,SI_ref_17,Pristine SCG biochar,IBU,Synthetic,0.9090486144760851,0.873929368066057,SplineRidge,SplineRidge_2
1183,SI_ref_17,Pristine SCG biochar,IBU,Synthetic,0.9114748664800524,0.873929368066057,SplineRidge,SplineRidge_2
1185,SI_ref_17,Pristine SCG biochar,IBU,Synthetic,0.93372158594911,0.907967648189545,SplineRidge,SplineRidge_2
1187,SI_ref_17,Pristine SCG biochar,IBU,Synthetic,0.9448963419259283,0.873929368066057,SplineRidge,SplineRidge_2
1189,SI_ref_17,Pristine SCG biochar,IBU,Synthetic,0.9210277046979152,0.873929368066057,SplineRidge,SplineRidge_2
1191,SI_ref_17,Pristine SCG biochar,IBU,Synthetic,0.9513456586569363,0.873929368066057,SplineRidge,SplineRidge_2
1193,SI_ref_17,Pristine SCG biochar,IBU,Synthetic,0.9310638115047126,0.8739293680660568,SplineRidge,SplineRidge_2
1195,SI_ref_17,Pristine SCG biochar,IBU,Synthetic,0.9376778036385122,0.8739293680660568,SplineRidge,SplineRidge_2
155,SI_ref_17,Alkali-modified SCG biochars,EE2,Synthetic,0.281684429186895,0.3007003366947174,XGBoost,XGBoost_2
157,SI_ref_17,Alkali-modified SCG biochars,EE2,Synthetic,0.1736546812353491,0.2553310692310333,XGBoost,XGBoost_2
159,SI_ref_17,Alkali-modified SCG biochars,EE2,Synthetic,0.0890939833732563,0.07618258893489838,XGBoost,XGBoost_2
161,SI_ref_17,Alkali-modified SCG biochars,EE2,Synthetic,0.0719303611000807,0.07863936573266983,XGBoost,XGBoost_2
163,SI_ref_17,Alkali-modified SCG biochars,EE2,Synthetic,0.06892444951131721,0.03332379087805748,XGBoost,XGBoost_2
165,SI_ref_17,Alkali-modified SCG biochars,EE2,Synthetic,0.06161971981332274,0.03332379087805748,XGBoost,XGBoost_2
167,SI_ref_17,Alkali-modified SCG biochars,EE2,Synthetic,0.06227375203350968,0.03332379087805748,XGBoost,XGBoost_2
169,SI_ref_17,Alkali-modified SCG biochars,EE2,Synthetic,0.013530055813574512,0.08309544622898102,XGBoost,XGBoost_2
171,SI_ref_17,Alkali-modified SCG biochars,EE2,Synthetic,0.09051861058315946,0.28728818893432617,XGBoost,XGBoost_2
178,SI_ref_17,Alkali-modified SCG biochars,EE2,Synthetic,0.053215646133789624,0.08013776689767838,XGBoost,XGBoost_2
180,SI_ref_17,Alkali-modified SCG biochars,EE2,Synthetic,0.2279548813058391,0.28728818893432617,XGBoost,XGBoost_2
182,SI_ref_17,Alkali-modified SCG biochars,EE2,Synthetic,0.3168155258198777,0.28728818893432617,XGBoost,XGBoost_2
184,SI_ref_17,Alkali-modified SCG biochars,EE2,Synthetic,0.4518596548311438,0.28728818893432617,XGBoost,XGBoost_2
186,SI_ref_17,Alkali-modified SCG biochars,EE2,Synthetic,0.5444612813197839,0.28728818893432617,XGBoost,XGBoost_2
188,SI_ref_17,Alkali-modified SCG biochars,EE2,Synthetic,0.6153689348029446,0.28728818893432617,XGBoost,XGBoost_2
190,SI_ref_17,Alkali-modified SCG biochars,IBU,Synthetic,0.22674008618295227,0.559895932674408,XGBoost,XGBoost_2
192,SI_ref_17,Alkali-modified SCG biochars,IBU,Synthetic,0.18762987622773672,0.499283105134964,XGBoost,XGBoost_2
194,SI_ref_17,Alkali-modified SCG biochars,IBU,Synthetic,0.0964989432139522,0.39587488770484924,XGBoost,XGBoost_2
196,SI_ref_17,Alkali-modified SCG biochars,IBU,Synthetic,0.056403766337859394,0.3762770891189575,XGBoost,XGBoost_2
198,SI_ref_17,Alkali-modified SCG biochars,IBU,Synthetic,0.04365646649895644,0.3706779181957245,XGBoost,XGBoost_2
200,SI_ref_17,Alkali-modified SCG biochars,IBU,Synthetic,0.05275302685215311,0.3706779181957245,XGBoost,XGBoost_2
202,SI_ref_17,Alkali-modified SCG biochars,IBU,Synthetic,0.051463060103218494,0.3643103539943695,XGBoost,XGBoost_2
204,SI_ref_17,Alkali-modified SCG biochars,IBU,Synthetic,0.0020992565231803756,0.16197992861270905,XGBoost,XGBoost_2
206,SI_ref_17,Alkali-modified SCG biochars,IBU,Synthetic,0.05901922048526246,0.37398645281791687,XGBoost,XGBoost_2
208,SI_ref_17,Alkali-modified SCG biochars,IBU,Synthetic,0.12337327274312365,0.37398645281791687,XGBoost,XGBoost_2
210,SI_ref_17,Alkali-modified SCG biochars,IBU,Synthetic,0.09406602807201081,0.37398645281791687,XGBoost,XGBoost_2
212,SI_ref_17,Alkali-modified SCG biochars,IBU,Synthetic,0.09483947953445797,0.37398645281791687,XGBoost,XGBoost_2
214,SI_ref_17,Alkali-modified SCG biochars,IBU,Synthetic,0.10723758772503378,0.37398645281791687,XGBoost,XGBoost_2
216,SI_ref_17,Alkali-modified SCG biochars,IBU,Synthetic,0.10107027265594352,0.37398645281791687,XGBoost,XGBoost_2
218,SI_ref_17,Alkali-modified SCG biochars,IBU,Synthetic,0.30424911735147564,0.44934508204460144,XGBoost,XGBoost_2
220,SI_ref_17,Alkali-modified SCG biochars,IBU,Synthetic,0.004839210099114782,0.37398645281791687,XGBoost,XGBoost_2
222,SI_ref_17,Alkali-modified SCG biochars,IBU,Synthetic,0.04374442489311713,0.37398645281791687,XGBoost,XGBoost_2
224,SI_ref_17,Alkali-modified SCG biochars,IBU,Synthetic,0.2945083196339574,0.37398645281791687,XGBoost,XGBoost_2
226,SI_ref_17,Alkali-modified SCG biochars,IBU,Synthetic,0.44148324888836815,0.37398645281791687,XGBoost,XGBoost_2
228,SI_ref_17,Alkali-modified SCG biochars,IBU,Synthetic,0.5342365334838785,0.37398645281791687,XGBoost,XGBoost_2
263,SI_ref_16,C-Biochar,IBU,Synthetic,0.5333333333333333,0.7906476259231567,XGBoost,XGBoost_2
264,SI_ref_16,C-Biochar,IBU,Synthetic,0.7333333333333333,0.7655290365219116,XGBoost,XGBoost_2
265,SI_ref_16,C-Biochar,IBU,Synthetic,0.6000000000000001,0.7968124151229858,XGBoost,XGBoost_2
266,SI_ref_16,C-Biochar,IBU,Synthetic,0.6121212121212122,0.8092816472053528,XGBoost,XGBoost_2
267,SI_ref_16,C-Biochar,IBU,Synthetic,0.7333333333333333,0.8092816472053528,XGBoost,XGBoost_2
268,SI_ref_16,C-Biochar,IBU,Synthetic,0.5333333333333333,0.8092816472053528,XGBoost,XGBoost_2
269,SI_ref_16,C-Biochar,IBU,Synthetic,0.4666666666666666,0.8092816472053528,XGBoost,XGBoost_2
270,SI_ref_16,C-Biochar,IBU,Synthetic,0.5555555555555556,0.8092816472053528,XGBoost,XGBoost_2
271,SI_ref_16,C-Biochar,IBU,Synthetic,0.6000000000000001,0.8092816472053528,XGBoost,XGBoost_2
272,SI_ref_16,C-Biochar,IBU,Synthetic,0.6000000000000001,0.6937938928604126,XGBoost,XGBoost_2
273,SI_ref_16,C-Biochar,IBU,Synthetic,0.6000000000000001,0.6842025518417358,XGBoost,XGBoost_2
274,SI_ref_16,C-Biochar,IBU,Synthetic,1.0666666666666667,0.667592465877533,XGBoost,XGBoost_2
275,SI_ref_16,C-Biochar,IBU,Synthetic,0.5277777777777777,0.8092816472053528,XGBoost,XGBoost_2
276,SI_ref_16,C-Biochar,IBU,Synthetic,0.7,0.8092816472053528,XGBoost,XGBoost_2
277,SI_ref_16,C-Biochar,IBU,Synthetic,0.7844444444444444,0.8092816472053528,XGBoost,XGBoost_2
278,SI_ref_16,C-Biochar,IBU,Synthetic,0.8430555555555557,0.8092816472053528,XGBoost,XGBoost_2
279,SI_ref_16,C-Biochar,IBU,Synthetic,0.861111111111111,0.8092816472053528,XGBoost,XGBoost_2
875,SI_ref_13,PB600,IBU,Synthetic,0.7639925373134329,0.6078447699546814,XGBoost,XGBoost_2
876,SI_ref_13,PB600,IBU,Synthetic,0.7266791044776119,0.6071920394897461,XGBoost,XGBoost_2
877,SI_ref_13,PB600,IBU,Synthetic,0.7328980099502487,0.5746338963508606,XGBoost,XGBoost_2
878,SI_ref_13,PB600,IBU,Synthetic,0.7391169154228855,0.5097252130508423,XGBoost,XGBoost_2
879,SI_ref_13,PB600,IBU,Synthetic,0.6707089552238806,0.5030211806297302,XGBoost,XGBoost_2
880,SI_ref_13,PB600,IBU,Synthetic,0.5898631840796019,0.5022121071815491,XGBoost,XGBoost_2
881,SI_ref_13,PB600,IBU,Synthetic,0.2096102913356035,0.502442479133606,XGBoost,XGBoost_2
882,SI_ref_13,PB600,IBU,Synthetic,0.7328980099502488,0.5038655400276184,XGBoost,XGBoost_2
883,SI_ref_13,PB600,IBU,Synthetic,0.611373922124096,0.502442479133606,XGBoost,XGBoost_2
884,SI_ref_13,PB600,IBU,Synthetic,0.6847133757961785,0.502442479133606,XGBoost,XGBoost_2
885,SI_ref_13,PB600,IBU,Synthetic,0.4580645161290322,0.502442479133606,XGBoost,XGBoost_2
886,SI_ref_13,PB600,IBU,Synthetic,0.29347826086956524,0.502442479133606,XGBoost,XGBoost_2
887,SI_ref_13,PB600,IBU,Synthetic,0.5772919064058304,0.4875059723854065,XGBoost,XGBoost_2
888,SI_ref_13,PB600,IBU,Synthetic,0.5887993862677406,0.5217810273170471,XGBoost,XGBoost_2
889,SI_ref_13,PB600,IBU,Synthetic,0.7258796821793417,0.502442479133606,XGBoost,XGBoost_2
890,SI_ref_13,PB600,IBU,Synthetic,0.766427039979821,0.502442479133606,XGBoost,XGBoost_2
891,SI_ref_13,PB600,IBU,Synthetic,0.8162693908437383,0.502442479133606,XGBoost,XGBoost_2
892,SI_ref_13,PB600,IBU,Synthetic,0.8533052267445003,0.502442479133606,XGBoost,XGBoost_2
893,SI_ref_13,PB600,IBU,Synthetic,0.9327073552425663,0.5300806164741516,XGBoost,XGBoost_2
894,SI_ref_13,PB600,IBU,Synthetic,0.6275430359937403,0.5300806164741516,XGBoost,XGBoost_2
895,SI_ref_13,PB600,IBU,Synthetic,0.35367762128325514,0.5300806164741516,XGBoost,XGBoost_2
896,SI_ref_13,PB600,IBU,Synthetic,0.4798506002849601,0.5300806164741516,XGBoost,XGBoost_2
897,SI_ref_13,PB600,IBU,Synthetic,0.2754303599374022,0.5300806164741516,XGBoost,XGBoost_2
922,SI_ref_13,PB800,IBU,Synthetic,0.4560270602706027,0.485282838344574,XGBoost,XGBoost_2
923,SI_ref_13,PB800,IBU,Synthetic,0.4252767527675277,0.47077006101608276,XGBoost,XGBoost_2
924,SI_ref_13,PB800,IBU,Synthetic,0.40067650676506766,0.423236608505249,XGBoost,XGBoost_2
925,SI_ref_13,PB800,IBU,Synthetic,0.39145141451414517,0.3805900514125824,XGBoost,XGBoost_2
926,SI_ref_13,PB800,IBU,Synthetic,0.38837638376383765,0.3677487075328827,XGBoost,XGBoost_2
927,SI_ref_13,PB800,IBU,Synthetic,0.37915129151291516,0.3644195795059204,XGBoost,XGBoost_2
928,SI_ref_13,PB800,IBU,Synthetic,0.23013048635824437,0.4096873998641968,XGBoost,XGBoost_2
929,SI_ref_13,PB800,IBU,Synthetic,0.3126198695818949,0.375357985496521,XGBoost,XGBoost_2
930,SI_ref_13,PB800,IBU,Synthetic,0.35520079622504414,0.4096873998641968,XGBoost,XGBoost_2
931,SI_ref_13,PB800,IBU,Synthetic,0.24946921443736733,0.4096873998641968,XGBoost,XGBoost_2
932,SI_ref_13,PB800,IBU,Synthetic,0.18924731182795698,0.4096873998641968,XGBoost,XGBoost_2
933,SI_ref_13,PB800,IBU,Synthetic,0.08514492753623189,0.4096873998641968,XGBoost,XGBoost_2
934,SI_ref_13,PB800,IBU,Synthetic,0.4392021480629075,0.381462424993515,XGBoost,XGBoost_2
935,SI_ref_13,PB800,IBU,Synthetic,0.4238588415803605,0.381462424993515,XGBoost,XGBoost_2
936,SI_ref_13,PB800,IBU,Synthetic,0.5142348754448398,0.4096873998641968,XGBoost,XGBoost_2
937,SI_ref_13,PB800,IBU,Synthetic,0.5523922499011468,0.4096873998641968,XGBoost,XGBoost_2
938,SI_ref_13,PB800,IBU,Synthetic,0.5686613285883748,0.4096873998641968,XGBoost,XGBoost_2
939,SI_ref_13,PB800,IBU,Synthetic,0.5875275377054737,0.4096873998641968,XGBoost,XGBoost_2
940,SI_ref_13,PB800,IBU,Synthetic,0.712022367194781,0.39541277289390564,XGBoost,XGBoost_2
941,SI_ref_13,PB800,IBU,Synthetic,0.5069897483690587,0.39541277289390564,XGBoost,XGBoost_2
942,SI_ref_13,PB800,IBU,Synthetic,0.31469400434917677,0.39541277289390564,XGBoost,XGBoost_2
943,SI_ref_13,PB800,IBU,Synthetic,0.22960794568575607,0.39541277289390564,XGBoost,XGBoost_2
944,SI_ref_13,PB800,IBU,Synthetic,0.10958005249343833,0.39541277289390564,XGBoost,XGBoost_2
1117,SI_ref_17,Pristine SCG biochar,EE2,Synthetic,0.9630524728687239,0.9693114757537842,XGBoost,XGBoost_2
1119,SI_ref_17,Pristine SCG biochar,EE2,Synthetic,0.9610835485312063,0.9260856509208679,XGBoost,XGBoost_2
1121,SI_ref_17,Pristine SCG biochar,EE2,Synthetic,0.9527872619203276,0.8990978002548218,XGBoost,XGBoost_2
1123,SI_ref_17,Pristine SCG biochar,EE2,Synthetic,0.9558259103687238,0.8972934484481812,XGBoost,XGBoost_2
1125,SI_ref_17,Pristine SCG biochar,EE2,Synthetic,0.9519368217180961,0.8808740973472595,XGBoost,XGBoost_2
1127,SI_ref_17,Pristine SCG biochar,EE2,Synthetic,0.9377852461427824,0.8793423771858215,XGBoost,XGBoost_2
1129,SI_ref_17,Pristine SCG biochar,EE2,Synthetic,0.9348668633411785,0.8811907768249512,XGBoost,XGBoost_2
1131,SI_ref_17,Pristine SCG biochar,EE2,Synthetic,0.8111252475275296,0.8306673169136047,XGBoost,XGBoost_2
1133,SI_ref_17,Pristine SCG biochar,EE2,Synthetic,0.8609155049620831,0.8681806325912476,XGBoost,XGBoost_2
1135,SI_ref_17,Pristine SCG biochar,EE2,Synthetic,0.8239304667585977,0.8681806325912476,XGBoost,XGBoost_2
1137,SI_ref_17,Pristine SCG biochar,EE2,Synthetic,0.8257334628724249,0.8681806325912476,XGBoost,XGBoost_2
1139,SI_ref_17,Pristine SCG biochar,EE2,Synthetic,0.8269992896243368,0.8681806325912476,XGBoost,XGBoost_2
1141,SI_ref_17,Pristine SCG biochar,EE2,Synthetic,0.8244509213990222,0.8681806325912476,XGBoost,XGBoost_2
1143,SI_ref_17,Pristine SCG biochar,EE2,Synthetic,0.8163766662487987,0.8681806325912476,XGBoost,XGBoost_2
1145,SI_ref_17,Pristine SCG biochar,EE2,Synthetic,0.981137644940341,0.8901991844177246,XGBoost,XGBoost_2
1147,SI_ref_17,Pristine SCG biochar,EE2,Synthetic,0.8965862728271835,0.8681806325912476,XGBoost,XGBoost_2
1149,SI_ref_17,Pristine SCG biochar,EE2,Synthetic,0.9030676738865168,0.8681806325912476,XGBoost,XGBoost_2
1151,SI_ref_17,Pristine SCG biochar,EE2,Synthetic,0.886080261818485,0.8681806325912476,XGBoost,XGBoost_2
1153,SI_ref_17,Pristine SCG biochar,EE2,Synthetic,0.8949069839273535,0.8681806325912476,XGBoost,XGBoost_2
1155,SI_ref_17,Pristine SCG biochar,EE2,Synthetic,0.8378189552043488,0.8681806325912476,XGBoost,XGBoost_2
1157,SI_ref_17,Pristine SCG biochar,IBU,Synthetic,0.9060511140454979,0.959882915019989,XGBoost,XGBoost_2
1159,SI_ref_17,Pristine SCG biochar,IBU,Synthetic,0.9004320791615827,0.9518975019454956,XGBoost,XGBoost_2
1161,SI_ref_17,Pristine SCG biochar,IBU,Synthetic,0.894961472244973,0.9361812472343445,XGBoost,XGBoost_2
1163,SI_ref_17,Pristine SCG biochar,IBU,Synthetic,0.8949151720794959,0.9341375827789307,XGBoost,XGBoost_2
1165,SI_ref_17,Pristine SCG biochar,IBU,Synthetic,0.892599829508416,0.92508864402771,XGBoost,XGBoost_2
1167,SI_ref_17,Pristine SCG biochar,IBU,Synthetic,0.8914167516338777,0.9217753410339355,XGBoost,XGBoost_2
1169,SI_ref_17,Pristine SCG biochar,IBU,Synthetic,0.886841225533622,0.918878436088562,XGBoost,XGBoost_2
1171,SI_ref_17,Pristine SCG biochar,IBU,Synthetic,0.8055661914208297,0.833751380443573,XGBoost,XGBoost_2
1173,SI_ref_17,Pristine SCG biochar,IBU,Synthetic,0.9319085004678631,0.9151557087898254,XGBoost,XGBoost_2
1175,SI_ref_17,Pristine SCG biochar,IBU,Synthetic,0.9111084458291452,0.9151557087898254,XGBoost,XGBoost_2
1177,SI_ref_17,Pristine SCG biochar,IBU,Synthetic,0.9162887928675453,0.9151557087898254,XGBoost,XGBoost_2
1179,SI_ref_17,Pristine SCG biochar,IBU,Synthetic,0.9142212192930818,0.9151557087898254,XGBoost,XGBoost_2
1181,SI_ref_17,Pristine SCG biochar,IBU,Synthetic,0.9090486144760851,0.9151557087898254,XGBoost,XGBoost_2
1183,SI_ref_17,Pristine SCG biochar,IBU,Synthetic,0.9114748664800524,0.9151557087898254,XGBoost,XGBoost_2
1185,SI_ref_17,Pristine SCG biochar,IBU,Synthetic,0.93372158594911,0.9264089465141296,XGBoost,XGBoost_2
1187,SI_ref_17,Pristine SCG biochar,IBU,Synthetic,0.9448963419259283,0.9151557087898254,XGBoost,XGBoost_2
1189,SI_ref_17,Pristine SCG biochar,IBU,Synthetic,0.9210277046979152,0.9151557087898254,XGBoost,XGBoost_2
1191,SI_ref_17,Pristine SCG biochar,IBU,Synthetic,0.9513456586569363,0.9151557087898254,XGBoost,XGBoost_2
1193,SI_ref_17,Pristine SCG biochar,IBU,Synthetic,0.9310638115047126,0.9151557087898254,XGBoost,XGBoost_2
1195,SI_ref_17,Pristine SCG biochar,IBU,Synthetic,0.9376778036385122,0.9151557087898254,XGBoost,XGBoost_2
155,SI_ref_17,Alkali-modified SCG biochars,EE2,Synthetic,0.281684429186895,0.26520368735939975,Point,SVR_1
157,SI_ref_17,Alkali-modified SCG biochars,EE2,Synthetic,0.1736546812353491,0.15612024081316966,Point,SVR_1
159,SI_ref_17,Alkali-modified SCG biochars,EE2,Synthetic,0.0890939833732563,0.016195050037741132,Point,SVR_1
161,SI_ref_17,Alkali-modified SCG biochars,EE2,Synthetic,0.0719303611000807,-0.0280055431270535,Point,SVR_1
163,SI_ref_17,Alkali-modified SCG biochars,EE2,Synthetic,0.06892444951131721,-0.03348774904181384,Point,SVR_1
165,SI_ref_17,Alkali-modified SCG biochars,EE2,Synthetic,0.06161971981332274,-0.027974021870493138,Point,SVR_1
167,SI_ref_17,Alkali-modified SCG biochars,EE2,Synthetic,0.06227375203350968,-0.014921381572527093,Point,SVR_1
169,SI_ref_17,Alkali-modified SCG biochars,EE2,Synthetic,0.013530055813574512,0.12415696377877816,Point,SVR_1
171,SI_ref_17,Alkali-modified SCG biochars,EE2,Synthetic,0.09051861058315946,0.015260741135257216,Point,SVR_1
178,SI_ref_17,Alkali-modified SCG biochars,EE2,Synthetic,0.053215646133789624,0.1695458623974745,Point,SVR_1
180,SI_ref_17,Alkali-modified SCG biochars,EE2,Synthetic,0.2279548813058391,0.015260741135257216,Point,SVR_1
182,SI_ref_17,Alkali-modified SCG biochars,EE2,Synthetic,0.3168155258198777,0.015260741135257216,Point,SVR_1
184,SI_ref_17,Alkali-modified SCG biochars,EE2,Synthetic,0.4518596548311438,0.015260741135257216,Point,SVR_1
186,SI_ref_17,Alkali-modified SCG biochars,EE2,Synthetic,0.5444612813197839,0.015260741135257216,Point,SVR_1
188,SI_ref_17,Alkali-modified SCG biochars,EE2,Synthetic,0.6153689348029446,0.015260741135257216,Point,SVR_1
190,SI_ref_17,Alkali-modified SCG biochars,IBU,Synthetic,0.22674008618295227,0.516827218020826,Point,SVR_1
192,SI_ref_17,Alkali-modified SCG biochars,IBU,Synthetic,0.18762987622773672,0.4399378027298839,Point,SVR_1
194,SI_ref_17,Alkali-modified SCG biochars,IBU,Synthetic,0.0964989432139522,0.32502260443510794,Point,SVR_1
196,SI_ref_17,Alkali-modified SCG biochars,IBU,Synthetic,0.056403766337859394,0.27397141291360144,Point,SVR_1
198,SI_ref_17,Alkali-modified SCG biochars,IBU,Synthetic,0.04365646649895644,0.2558316485907187,Point,SVR_1
200,SI_ref_17,Alkali-modified SCG biochars,IBU,Synthetic,0.05275302685215311,0.24877597961981462,Point,SVR_1
202,SI_ref_17,Alkali-modified SCG biochars,IBU,Synthetic,0.051463060103218494,0.2466162774735875,Point,SVR_1
204,SI_ref_17,Alkali-modified SCG biochars,IBU,Synthetic,0.0020992565231803756,0.15472427475054262,Point,SVR_1
206,SI_ref_17,Alkali-modified SCG biochars,IBU,Synthetic,0.05901922048526246,0.2516410132513029,Point,SVR_1
208,SI_ref_17,Alkali-modified SCG biochars,IBU,Synthetic,0.12337327274312365,0.2516410132513029,Point,SVR_1
210,SI_ref_17,Alkali-modified SCG biochars,IBU,Synthetic,0.09406602807201081,0.2516410132513029,Point,SVR_1
212,SI_ref_17,Alkali-modified SCG biochars,IBU,Synthetic,0.09483947953445797,0.2516410132513029,Point,SVR_1
214,SI_ref_17,Alkali-modified SCG biochars,IBU,Synthetic,0.10723758772503378,0.2516410132513029,Point,SVR_1
216,SI_ref_17,Alkali-modified SCG biochars,IBU,Synthetic,0.10107027265594352,0.2516410132513029,Point,SVR_1
218,SI_ref_17,Alkali-modified SCG biochars,IBU,Synthetic,0.30424911735147564,0.43700569795127103,Point,SVR_1
220,SI_ref_17,Alkali-modified SCG biochars,IBU,Synthetic,0.004839210099114782,0.2516410132513029,Point,SVR_1
222,SI_ref_17,Alkali-modified SCG biochars,IBU,Synthetic,0.04374442489311713,0.2516410132513029,Point,SVR_1
224,SI_ref_17,Alkali-modified SCG biochars,IBU,Synthetic,0.2945083196339574,0.2516410132513029,Point,SVR_1
226,SI_ref_17,Alkali-modified SCG biochars,IBU,Synthetic,0.44148324888836815,0.2516410132513029,Point,SVR_1
228,SI_ref_17,Alkali-modified SCG biochars,IBU,Synthetic,0.5342365334838785,0.2516410132513029,Point,SVR_1
263,SI_ref_16,C-Biochar,IBU,Synthetic,0.5333333333333333,0.6597923911955279,Point,SVR_1
264,SI_ref_16,C-Biochar,IBU,Synthetic,0.7333333333333333,0.6079017634343685,Point,SVR_1
265,SI_ref_16,C-Biochar,IBU,Synthetic,0.6000000000000001,0.6781996701100851,Point,SVR_1
266,SI_ref_16,C-Biochar,IBU,Synthetic,0.6121212121212122,0.6594649097792851,Point,SVR_1
267,SI_ref_16,C-Biochar,IBU,Synthetic,0.7333333333333333,0.6594649097792851,Point,SVR_1
268,SI_ref_16,C-Biochar,IBU,Synthetic,0.5333333333333333,0.6594649097792851,Point,SVR_1
269,SI_ref_16,C-Biochar,IBU,Synthetic,0.4666666666666666,0.6594649097792851,Point,SVR_1
270,SI_ref_16,C-Biochar,IBU,Synthetic,0.5555555555555556,0.6594649097792851,Point,SVR_1
271,SI_ref_16,C-Biochar,IBU,Synthetic,0.6000000000000001,0.6594649097792851,Point,SVR_1
272,SI_ref_16,C-Biochar,IBU,Synthetic,0.6000000000000001,0.5763678384962364,Point,SVR_1
273,SI_ref_16,C-Biochar,IBU,Synthetic,0.6000000000000001,0.55318471042813,Point,SVR_1
274,SI_ref_16,C-Biochar,IBU,Synthetic,1.0666666666666667,0.5725234133605681,Point,SVR_1
275,SI_ref_16,C-Biochar,IBU,Synthetic,0.5277777777777777,0.6594649097792851,Point,SVR_1
276,SI_ref_16,C-Biochar,IBU,Synthetic,0.7,0.6594649097792851,Point,SVR_1
277,SI_ref_16,C-Biochar,IBU,Synthetic,0.7844444444444444,0.6594649097792851,Point,SVR_1
278,SI_ref_16,C-Biochar,IBU,Synthetic,0.8430555555555557,0.6594649097792851,Point,SVR_1
279,SI_ref_16,C-Biochar,IBU,Synthetic,0.861111111111111,0.6594649097792851,Point,SVR_1
875,SI_ref_13,PB600,IBU,Synthetic,0.7639925373134329,0.6944707461867895,Point,SVR_1
876,SI_ref_13,PB600,IBU,Synthetic,0.7266791044776119,0.6536790133749949,Point,SVR_1
877,SI_ref_13,PB600,IBU,Synthetic,0.7328980099502487,0.6135247753758807,Point,SVR_1
878,SI_ref_13,PB600,IBU,Synthetic,0.7391169154228855,0.593517457625089,Point,SVR_1
879,SI_ref_13,PB600,IBU,Synthetic,0.6707089552238806,0.5693413721669419,Point,SVR_1
880,SI_ref_13,PB600,IBU,Synthetic,0.5898631840796019,0.5620645985123488,Point,SVR_1
881,SI_ref_13,PB600,IBU,Synthetic,0.2096102913356035,0.5600082096636299,Point,SVR_1
882,SI_ref_13,PB600,IBU,Synthetic,0.7328980099502488,0.6087035193427154,Point,SVR_1
883,SI_ref_13,PB600,IBU,Synthetic,0.611373922124096,0.5600082096636299,Point,SVR_1
884,SI_ref_13,PB600,IBU,Synthetic,0.6847133757961785,0.5600082096636299,Point,SVR_1
885,SI_ref_13,PB600,IBU,Synthetic,0.4580645161290322,0.5600082096636299,Point,SVR_1
886,SI_ref_13,PB600,IBU,Synthetic,0.29347826086956524,0.5600082096636299,Point,SVR_1
887,SI_ref_13,PB600,IBU,Synthetic,0.5772919064058304,0.5811838886441072,Point,SVR_1
888,SI_ref_13,PB600,IBU,Synthetic,0.5887993862677406,0.592276305086978,Point,SVR_1
889,SI_ref_13,PB600,IBU,Synthetic,0.7258796821793417,0.5600082096636299,Point,SVR_1
890,SI_ref_13,PB600,IBU,Synthetic,0.766427039979821,0.5600082096636299,Point,SVR_1
891,SI_ref_13,PB600,IBU,Synthetic,0.8162693908437383,0.5600082096636299,Point,SVR_1
892,SI_ref_13,PB600,IBU,Synthetic,0.8533052267445003,0.5600082096636299,Point,SVR_1
893,SI_ref_13,PB600,IBU,Synthetic,0.9327073552425663,0.5644013402805894,Point,SVR_1
894,SI_ref_13,PB600,IBU,Synthetic,0.6275430359937403,0.5644013402805894,Point,SVR_1
895,SI_ref_13,PB600,IBU,Synthetic,0.35367762128325514,0.5644013402805894,Point,SVR_1
896,SI_ref_13,PB600,IBU,Synthetic,0.4798506002849601,0.5644013402805894,Point,SVR_1
897,SI_ref_13,PB600,IBU,Synthetic,0.2754303599374022,0.5644013402805894,Point,SVR_1
922,SI_ref_13,PB800,IBU,Synthetic,0.4560270602706027,0.5230997001273114,Point,SVR_1
923,SI_ref_13,PB800,IBU,Synthetic,0.4252767527675277,0.4853154641477823,Point,SVR_1
924,SI_ref_13,PB800,IBU,Synthetic,0.40067650676506766,0.44859307416850175,Point,SVR_1
925,SI_ref_13,PB800,IBU,Synthetic,0.39145141451414517,0.4294966362018238,Point,SVR_1
926,SI_ref_13,PB800,IBU,Synthetic,0.38837638376383765,0.403883396864221,Point,SVR_1
927,SI_ref_13,PB800,IBU,Synthetic,0.37915129151291516,0.39415753460782027,Point,SVR_1
928,SI_ref_13,PB800,IBU,Synthetic,0.23013048635824437,0.3899365534340963,Point,SVR_1
929,SI_ref_13,PB800,IBU,Synthetic,0.3126198695818949,0.37299155651286753,Point,SVR_1
930,SI_ref_13,PB800,IBU,Synthetic,0.35520079622504414,0.3899365534340963,Point,SVR_1
931,SI_ref_13,PB800,IBU,Synthetic,0.24946921443736733,0.3899365534340963,Point,SVR_1
932,SI_ref_13,PB800,IBU,Synthetic,0.18924731182795698,0.3899365534340963,Point,SVR_1
933,SI_ref_13,PB800,IBU,Synthetic,0.08514492753623189,0.3899365534340963,Point,SVR_1
934,SI_ref_13,PB800,IBU,Synthetic,0.4392021480629075,0.35033142102651355,Point,SVR_1
935,SI_ref_13,PB800,IBU,Synthetic,0.4238588415803605,0.29830781134298456,Point,SVR_1
936,SI_ref_13,PB800,IBU,Synthetic,0.5142348754448398,0.3899365534340963,Point,SVR_1
937,SI_ref_13,PB800,IBU,Synthetic,0.5523922499011468,0.3899365534340963,Point,SVR_1
938,SI_ref_13,PB800,IBU,Synthetic,0.5686613285883748,0.3899365534340963,Point,SVR_1
939,SI_ref_13,PB800,IBU,Synthetic,0.5875275377054737,0.3899365534340963,Point,SVR_1
940,SI_ref_13,PB800,IBU,Synthetic,0.712022367194781,0.3893395887022675,Point,SVR_1
941,SI_ref_13,PB800,IBU,Synthetic,0.5069897483690587,0.3893395887022675,Point,SVR_1
942,SI_ref_13,PB800,IBU,Synthetic,0.31469400434917677,0.3893395887022675,Point,SVR_1
943,SI_ref_13,PB800,IBU,Synthetic,0.22960794568575607,0.3893395887022675,Point,SVR_1
944,SI_ref_13,PB800,IBU,Synthetic,0.10958005249343833,0.3893395887022675,Point,SVR_1
1117,SI_ref_17,Pristine SCG biochar,EE2,Synthetic,0.9630524728687239,0.9354108585128309,Point,SVR_1
1119,SI_ref_17,Pristine SCG biochar,EE2,Synthetic,0.9610835485312063,0.9228673267497565,Point,SVR_1
1121,SI_ref_17,Pristine SCG biochar,EE2,Synthetic,0.9527872619203276,0.9005430153215634,Point,SVR_1
1123,SI_ref_17,Pristine SCG biochar,EE2,Synthetic,0.9558259103687238,0.8920689120239473,Point,SVR_1
1125,SI_ref_17,Pristine SCG biochar,EE2,Synthetic,0.9519368217180961,0.8895957997102935,Point,SVR_1
1127,SI_ref_17,Pristine SCG biochar,EE2,Synthetic,0.9377852461427824,0.8885910400167886,Point,SVR_1
1129,SI_ref_17,Pristine SCG biochar,EE2,Synthetic,0.9348668633411785,0.8878458019342701,Point,SVR_1
1131,SI_ref_17,Pristine SCG biochar,EE2,Synthetic,0.8111252475275296,0.8531337139702894,Point,SVR_1
1133,SI_ref_17,Pristine SCG biochar,EE2,Synthetic,0.8609155049620831,0.886504303624734,Point,SVR_1
1135,SI_ref_17,Pristine SCG biochar,EE2,Synthetic,0.8239304667585977,0.886504303624734,Point,SVR_1
1137,SI_ref_17,Pristine SCG biochar,EE2,Synthetic,0.8257334628724249,0.886504303624734,Point,SVR_1
1139,SI_ref_17,Pristine SCG biochar,EE2,Synthetic,0.8269992896243368,0.886504303624734,Point,SVR_1
1141,SI_ref_17,Pristine SCG biochar,EE2,Synthetic,0.8244509213990222,0.886504303624734,Point,SVR_1
1143,SI_ref_17,Pristine SCG biochar,EE2,Synthetic,0.8163766662487987,0.886504303624734,Point,SVR_1
1145,SI_ref_17,Pristine SCG biochar,EE2,Synthetic,0.981137644940341,0.8903498867576474,Point,SVR_1
1147,SI_ref_17,Pristine SCG biochar,EE2,Synthetic,0.8965862728271835,0.886504303624734,Point,SVR_1
1149,SI_ref_17,Pristine SCG biochar,EE2,Synthetic,0.9030676738865168,0.886504303624734,Point,SVR_1
1151,SI_ref_17,Pristine SCG biochar,EE2,Synthetic,0.886080261818485,0.886504303624734,Point,SVR_1
1153,SI_ref_17,Pristine SCG biochar,EE2,Synthetic,0.8949069839273535,0.886504303624734,Point,SVR_1
1155,SI_ref_17,Pristine SCG biochar,EE2,Synthetic,0.8378189552043488,0.886504303624734,Point,SVR_1
1157,SI_ref_17,Pristine SCG biochar,IBU,Synthetic,0.9060511140454979,0.9606842079178992,Point,SVR_1
1159,SI_ref_17,Pristine SCG biochar,IBU,Synthetic,0.9004320791615827,0.9595456533962454,Point,SVR_1
1161,SI_ref_17,Pristine SCG biochar,IBU,Synthetic,0.894961472244973,0.9504890907233935,Point,SVR_1
1163,SI_ref_17,Pristine SCG biochar,IBU,Synthetic,0.8949151720794959,0.9435522922386261,Point,SVR_1
1165,SI_ref_17,Pristine SCG biochar,IBU,Synthetic,0.892599829508416,0.9388788371859258,Point,SVR_1
1167,SI_ref_17,Pristine SCG biochar,IBU,Synthetic,0.8914167516338777,0.9349541655186157,Point,SVR_1
1169,SI_ref_17,Pristine SCG biochar,IBU,Synthetic,0.886841225533622,0.9302687937492946,Point,SVR_1
1171,SI_ref_17,Pristine SCG biochar,IBU,Synthetic,0.8055661914208297,0.8446894607455935,Point,SVR_1
1173,SI_ref_17,Pristine SCG biochar,IBU,Synthetic,0.9319085004678631,0.9219361846568501,Point,SVR_1
1175,SI_ref_17,Pristine SCG biochar,IBU,Synthetic,0.9111084458291452,0.9219361846568501,Point,SVR_1
1177,SI_ref_17,Pristine SCG biochar,IBU,Synthetic,0.9162887928675453,0.9219361846568501,Point,SVR_1
1179,SI_ref_17,Pristine SCG biochar,IBU,Synthetic,0.9142212192930818,0.9219361846568501,Point,SVR_1
1181,SI_ref_17,Pristine SCG biochar,IBU,Synthetic,0.9090486144760851,0.9219361846568501,Point,SVR_1
1183,SI_ref_17,Pristine SCG biochar,IBU,Synthetic,0.9114748664800524,0.9219361846568501,Point,SVR_1
1185,SI_ref_17,Pristine SCG biochar,IBU,Synthetic,0.93372158594911,0.9604741678236355,Point,SVR_1
1187,SI_ref_17,Pristine SCG biochar,IBU,Synthetic,0.9448963419259283,0.9219361846568501,Point,SVR_1
1189,SI_ref_17,Pristine SCG biochar,IBU,Synthetic,0.9210277046979152,0.9219361846568501,Point,SVR_1
1191,SI_ref_17,Pristine SCG biochar,IBU,Synthetic,0.9513456586569363,0.9219361846568501,Point,SVR_1
1193,SI_ref_17,Pristine SCG biochar,IBU,Synthetic,0.9310638115047126,0.9219361846568501,Point,SVR_1
1195,SI_ref_17,Pristine SCG biochar,IBU,Synthetic,0.9376778036385122,0.9219361846568501,Point,SVR_1
155,SI_ref_17,Alkali-modified SCG biochars,EE2,Synthetic,0.281684429186895,0.15770876064978417,Contrast,OLS_1
157,SI_ref_17,Alkali-modified SCG biochars,EE2,Synthetic,0.1736546812353491,0.14356115684430706,Contrast,OLS_1
159,SI_ref_17,Alkali-modified SCG biochars,EE2,Synthetic,0.0890939833732563,0.12082875188780831,Contrast,OLS_1
161,SI_ref_17,Alkali-modified SCG biochars,EE2,Synthetic,0.0719303611000807,0.10639910448494422,Contrast,OLS_1
163,SI_ref_17,Alkali-modified SCG biochars,EE2,Synthetic,0.06892444951131721,0.09794378889605729,Contrast,OLS_1
165,SI_ref_17,Alkali-modified SCG biochars,EE2,Synthetic,0.06161971981332274,0.09194060844613577,Contrast,OLS_1
167,SI_ref_17,Alkali-modified SCG biochars,EE2,Synthetic,0.06227375203350968,0.08593501574466916,Contrast,OLS_1
169,SI_ref_17,Alkali-modified SCG biochars,EE2,Synthetic,0.013530055813574512,0.030677545234133824,Contrast,OLS_1
171,SI_ref_17,Alkali-modified SCG biochars,EE2,Synthetic,0.09051861058315946,0.07746764307237697,Contrast,OLS_1
178,SI_ref_17,Alkali-modified SCG biochars,EE2,Synthetic,0.053215646133789624,0.12425774091062011,Contrast,OLS_1
180,SI_ref_17,Alkali-modified SCG biochars,EE2,Synthetic,0.2279548813058391,0.07746764307237697,Contrast,OLS_1
182,SI_ref_17,Alkali-modified SCG biochars,EE2,Synthetic,0.3168155258198777,0.07746764307237697,Contrast,OLS_1
184,SI_ref_17,Alkali-modified SCG biochars,EE2,Synthetic,0.4518596548311438,0.07746764307237697,Contrast,OLS_1
186,SI_ref_17,Alkali-modified SCG biochars,EE2,Synthetic,0.5444612813197839,0.07746764307237697,Contrast,OLS_1
188,SI_ref_17,Alkali-modified SCG biochars,EE2,Synthetic,0.6153689348029446,0.07746764307237697,Contrast,OLS_1
190,SI_ref_17,Alkali-modified SCG biochars,IBU,Synthetic,0.22674008618295227,0.26105517457575966,Contrast,OLS_1
192,SI_ref_17,Alkali-modified SCG biochars,IBU,Synthetic,0.18762987622773672,0.24690757077028258,Contrast,OLS_1
194,SI_ref_17,Alkali-modified SCG biochars,IBU,Synthetic,0.0964989432139522,0.22417516581378383,Contrast,OLS_1
196,SI_ref_17,Alkali-modified SCG biochars,IBU,Synthetic,0.056403766337859394,0.20974551841091973,Contrast,OLS_1
198,SI_ref_17,Alkali-modified SCG biochars,IBU,Synthetic,0.04365646649895644,0.2012902028220328,Contrast,OLS_1
200,SI_ref_17,Alkali-modified SCG biochars,IBU,Synthetic,0.05275302685215311,0.1952870223721113,Contrast,OLS_1
202,SI_ref_17,Alkali-modified SCG biochars,IBU,Synthetic,0.051463060103218494,0.18928142967064468,Contrast,OLS_1
204,SI_ref_17,Alkali-modified SCG biochars,IBU,Synthetic,0.0020992565231803756,0.13402395916010934,Contrast,OLS_1
206,SI_ref_17,Alkali-modified SCG biochars,IBU,Synthetic,0.05901922048526246,0.18081405699835248,Contrast,OLS_1
208,SI_ref_17,Alkali-modified SCG biochars,IBU,Synthetic,0.12337327274312365,0.18081405699835248,Contrast,OLS_1
210,SI_ref_17,Alkali-modified SCG biochars,IBU,Synthetic,0.09406602807201081,0.18081405699835248,Contrast,OLS_1
212,SI_ref_17,Alkali-modified SCG biochars,IBU,Synthetic,0.09483947953445797,0.18081405699835248,Contrast,OLS_1
214,SI_ref_17,Alkali-modified SCG biochars,IBU,Synthetic,0.10723758772503378,0.18081405699835248,Contrast,OLS_1
216,SI_ref_17,Alkali-modified SCG biochars,IBU,Synthetic,0.10107027265594352,0.18081405699835248,Contrast,OLS_1
218,SI_ref_17,Alkali-modified SCG biochars,IBU,Synthetic,0.30424911735147564,0.22760415483659563,Contrast,OLS_1
220,SI_ref_17,Alkali-modified SCG biochars,IBU,Synthetic,0.004839210099114782,0.18081405699835248,Contrast,OLS_1
222,SI_ref_17,Alkali-modified SCG biochars,IBU,Synthetic,0.04374442489311713,0.18081405699835248,Contrast,OLS_1
224,SI_ref_17,Alkali-modified SCG biochars,IBU,Synthetic,0.2945083196339574,0.18081405699835248,Contrast,OLS_1
226,SI_ref_17,Alkali-modified SCG biochars,IBU,Synthetic,0.44148324888836815,0.18081405699835248,Contrast,OLS_1
228,SI_ref_17,Alkali-modified SCG biochars,IBU,Synthetic,0.5342365334838785,0.18081405699835248,Contrast,OLS_1
263,SI_ref_16,C-Biochar,IBU,Synthetic,0.5333333333333333,0.5570486930775527,Contrast,OLS_1
264,SI_ref_16,C-Biochar,IBU,Synthetic,0.7333333333333333,0.5804437419966741,Contrast,OLS_1
265,SI_ref_16,C-Biochar,IBU,Synthetic,0.6000000000000001,0.6243581617983628,Contrast,OLS_1
266,SI_ref_16,C-Biochar,IBU,Synthetic,0.6121212121212122,0.6038387909157957,Contrast,OLS_1
267,SI_ref_16,C-Biochar,IBU,Synthetic,0.7333333333333333,0.6038387909157957,Contrast,OLS_1
268,SI_ref_16,C-Biochar,IBU,Synthetic,0.5333333333333333,0.6038387909157957,Contrast,OLS_1
269,SI_ref_16,C-Biochar,IBU,Synthetic,0.4666666666666666,0.6038387909157957,Contrast,OLS_1
270,SI_ref_16,C-Biochar,IBU,Synthetic,0.5555555555555556,0.6038387909157957,Contrast,OLS_1
271,SI_ref_16,C-Biochar,IBU,Synthetic,0.6000000000000001,0.6038387909157957,Contrast,OLS_1
272,SI_ref_16,C-Biochar,IBU,Synthetic,0.6000000000000001,0.5833194200332288,Contrast,OLS_1
273,SI_ref_16,C-Biochar,IBU,Synthetic,0.6000000000000001,0.5628000491506617,Contrast,OLS_1
274,SI_ref_16,C-Biochar,IBU,Synthetic,1.0666666666666667,0.6272338398349173,Contrast,OLS_1
275,SI_ref_16,C-Biochar,IBU,Synthetic,0.5277777777777777,0.6038387909157957,Contrast,OLS_1
276,SI_ref_16,C-Biochar,IBU,Synthetic,0.7,0.6038387909157957,Contrast,OLS_1
277,SI_ref_16,C-Biochar,IBU,Synthetic,0.7844444444444444,0.6038387909157957,Contrast,OLS_1
278,SI_ref_16,C-Biochar,IBU,Synthetic,0.8430555555555557,0.6038387909157957,Contrast,OLS_1
279,SI_ref_16,C-Biochar,IBU,Synthetic,0.861111111111111,0.6038387909157957,Contrast,OLS_1
875,SI_ref_13,PB600,IBU,Synthetic,0.7639925373134329,0.6199312310031004,Contrast,OLS_1
876,SI_ref_13,PB600,IBU,Synthetic,0.7266791044776119,0.6057836271976234,Contrast,OLS_1
877,SI_ref_13,PB600,IBU,Synthetic,0.7328980099502487,0.5914681879584973,Contrast,OLS_1
878,SI_ref_13,PB600,IBU,Synthetic,0.7391169154228855,0.5830512222411246,Contrast,OLS_1
879,SI_ref_13,PB600,IBU,Synthetic,0.6707089552238806,0.5686215748382604,Contrast,OLS_1
880,SI_ref_13,PB600,IBU,Synthetic,0.5898631840796019,0.5601662592493735,Contrast,OLS_1
881,SI_ref_13,PB600,IBU,Synthetic,0.2096102913356035,0.554163078799452,Contrast,OLS_1
882,SI_ref_13,PB600,IBU,Synthetic,0.7328980099502488,0.574682449682019,Contrast,OLS_1
883,SI_ref_13,PB600,IBU,Synthetic,0.611373922124096,0.554163078799452,Contrast,OLS_1
884,SI_ref_13,PB600,IBU,Synthetic,0.6847133757961785,0.554163078799452,Contrast,OLS_1
885,SI_ref_13,PB600,IBU,Synthetic,0.4580645161290322,0.554163078799452,Contrast,OLS_1
886,SI_ref_13,PB600,IBU,Synthetic,0.29347826086956524,0.554163078799452,Contrast,OLS_1
887,SI_ref_13,PB600,IBU,Synthetic,0.5772919064058304,0.533643707916885,Contrast,OLS_1
888,SI_ref_13,PB600,IBU,Synthetic,0.5887993862677406,0.5131243370343179,Contrast,OLS_1
889,SI_ref_13,PB600,IBU,Synthetic,0.7258796821793417,0.554163078799452,Contrast,OLS_1
890,SI_ref_13,PB600,IBU,Synthetic,0.766427039979821,0.554163078799452,Contrast,OLS_1
891,SI_ref_13,PB600,IBU,Synthetic,0.8162693908437383,0.554163078799452,Contrast,OLS_1
892,SI_ref_13,PB600,IBU,Synthetic,0.8533052267445003,0.554163078799452,Contrast,OLS_1
893,SI_ref_13,PB600,IBU,Synthetic,0.9327073552425663,0.5396901134256932,Contrast,OLS_1
894,SI_ref_13,PB600,IBU,Synthetic,0.6275430359937403,0.5396901134256932,Contrast,OLS_1
895,SI_ref_13,PB600,IBU,Synthetic,0.35367762128325514,0.5396901134256932,Contrast,OLS_1
896,SI_ref_13,PB600,IBU,Synthetic,0.4798506002849601,0.5396901134256932,Contrast,OLS_1
897,SI_ref_13,PB600,IBU,Synthetic,0.2754303599374022,0.5396901134256932,Contrast,OLS_1
922,SI_ref_13,PB800,IBU,Synthetic,0.4560270602706027,0.42938489078714065,Contrast,OLS_1
923,SI_ref_13,PB800,IBU,Synthetic,0.4252767527675277,0.41523728698166357,Contrast,OLS_1
924,SI_ref_13,PB800,IBU,Synthetic,0.40067650676506766,0.4009218477425376,Contrast,OLS_1
925,SI_ref_13,PB800,IBU,Synthetic,0.39145141451414517,0.3925048820251648,Contrast,OLS_1
926,SI_ref_13,PB800,IBU,Synthetic,0.38837638376383765,0.37807523462230075,Contrast,OLS_1
927,SI_ref_13,PB800,IBU,Synthetic,0.37915129151291516,0.3696199190334138,Contrast,OLS_1
928,SI_ref_13,PB800,IBU,Synthetic,0.23013048635824437,0.3636167385834923,Contrast,OLS_1
929,SI_ref_13,PB800,IBU,Synthetic,0.3126198695818949,0.3841361094660593,Contrast,OLS_1
930,SI_ref_13,PB800,IBU,Synthetic,0.35520079622504414,0.3636167385834923,Contrast,OLS_1
931,SI_ref_13,PB800,IBU,Synthetic,0.24946921443736733,0.3636167385834923,Contrast,OLS_1
932,SI_ref_13,PB800,IBU,Synthetic,0.18924731182795698,0.3636167385834923,Contrast,OLS_1
933,SI_ref_13,PB800,IBU,Synthetic,0.08514492753623189,0.3636167385834923,Contrast,OLS_1
934,SI_ref_13,PB800,IBU,Synthetic,0.4392021480629075,0.34309736770092525,Contrast,OLS_1
935,SI_ref_13,PB800,IBU,Synthetic,0.4238588415803605,0.3225779968183582,Contrast,OLS_1
936,SI_ref_13,PB800,IBU,Synthetic,0.5142348754448398,0.3636167385834923,Contrast,OLS_1
937,SI_ref_13,PB800,IBU,Synthetic,0.5523922499011468,0.3636167385834923,Contrast,OLS_1
938,SI_ref_13,PB800,IBU,Synthetic,0.5686613285883748,0.3636167385834923,Contrast,OLS_1
939,SI_ref_13,PB800,IBU,Synthetic,0.5875275377054737,0.3636167385834923,Contrast,OLS_1
940,SI_ref_13,PB800,IBU,Synthetic,0.712022367194781,0.34914377320973344,Contrast,OLS_1
941,SI_ref_13,PB800,IBU,Synthetic,0.5069897483690587,0.34914377320973344,Contrast,OLS_1
942,SI_ref_13,PB800,IBU,Synthetic,0.31469400434917677,0.34914377320973344,Contrast,OLS_1
943,SI_ref_13,PB800,IBU,Synthetic,0.22960794568575607,0.34914377320973344,Contrast,OLS_1
944,SI_ref_13,PB800,IBU,Synthetic,0.10958005249343833,0.34914377320973344,Contrast,OLS_1
1117,SI_ref_17,Pristine SCG biochar,EE2,Synthetic,0.9630524728687239,0.7471597316675807,Contrast,OLS_1
1119,SI_ref_17,Pristine SCG biochar,EE2,Synthetic,0.9610835485312063,0.7330121278621036,Contrast,OLS_1
1121,SI_ref_17,Pristine SCG biochar,EE2,Synthetic,0.9527872619203276,0.7102797229056048,Contrast,OLS_1
1123,SI_ref_17,Pristine SCG biochar,EE2,Synthetic,0.9558259103687238,0.6958500755027408,Contrast,OLS_1
1125,SI_ref_17,Pristine SCG biochar,EE2,Synthetic,0.9519368217180961,0.6873947599138539,Contrast,OLS_1
1127,SI_ref_17,Pristine SCG biochar,EE2,Synthetic,0.9377852461427824,0.6813915794639323,Contrast,OLS_1
1129,SI_ref_17,Pristine SCG biochar,EE2,Synthetic,0.9348668633411785,0.6753859867624656,Contrast,OLS_1
1131,SI_ref_17,Pristine SCG biochar,EE2,Synthetic,0.8111252475275296,0.6201285162519303,Contrast,OLS_1
1133,SI_ref_17,Pristine SCG biochar,EE2,Synthetic,0.8609155049620831,0.6669186140901735,Contrast,OLS_1
1135,SI_ref_17,Pristine SCG biochar,EE2,Synthetic,0.8239304667585977,0.6669186140901735,Contrast,OLS_1
1137,SI_ref_17,Pristine SCG biochar,EE2,Synthetic,0.8257334628724249,0.6669186140901735,Contrast,OLS_1
1139,SI_ref_17,Pristine SCG biochar,EE2,Synthetic,0.8269992896243368,0.6669186140901735,Contrast,OLS_1
1141,SI_ref_17,Pristine SCG biochar,EE2,Synthetic,0.8244509213990222,0.6669186140901735,Contrast,OLS_1
1143,SI_ref_17,Pristine SCG biochar,EE2,Synthetic,0.8163766662487987,0.6669186140901735,Contrast,OLS_1
1145,SI_ref_17,Pristine SCG biochar,EE2,Synthetic,0.981137644940341,0.7137087119284167,Contrast,OLS_1
1147,SI_ref_17,Pristine SCG biochar,EE2,Synthetic,0.8965862728271835,0.6669186140901735,Contrast,OLS_1
1149,SI_ref_17,Pristine SCG biochar,EE2,Synthetic,0.9030676738865168,0.6669186140901735,Contrast,OLS_1
1151,SI_ref_17,Pristine SCG biochar,EE2,Synthetic,0.886080261818485,0.6669186140901735,Contrast,OLS_1
1153,SI_ref_17,Pristine SCG biochar,EE2,Synthetic,0.8949069839273535,0.6669186140901735,Contrast,OLS_1
1155,SI_ref_17,Pristine SCG biochar,EE2,Synthetic,0.8378189552043488,0.6669186140901735,Contrast,OLS_1
1157,SI_ref_17,Pristine SCG biochar,IBU,Synthetic,0.9060511140454979,0.8505061455935562,Contrast,OLS_1
1159,SI_ref_17,Pristine SCG biochar,IBU,Synthetic,0.9004320791615827,0.8363585417880791,Contrast,OLS_1
1161,SI_ref_17,Pristine SCG biochar,IBU,Synthetic,0.894961472244973,0.8136261368315804,Contrast,OLS_1
1163,SI_ref_17,Pristine SCG biochar,IBU,Synthetic,0.8949151720794959,0.7991964894287162,Contrast,OLS_1
1165,SI_ref_17,Pristine SCG biochar,IBU,Synthetic,0.892599829508416,0.7907411738398293,Contrast,OLS_1
1167,SI_ref_17,Pristine SCG biochar,IBU,Synthetic,0.8914167516338777,0.7847379933899078,Contrast,OLS_1
1169,SI_ref_17,Pristine SCG biochar,IBU,Synthetic,0.886841225533622,0.7787324006884412,Contrast,OLS_1
1171,SI_ref_17,Pristine SCG biochar,IBU,Synthetic,0.8055661914208297,0.7234749301779059,Contrast,OLS_1
1173,SI_ref_17,Pristine SCG biochar,IBU,Synthetic,0.9319085004678631,0.770265028016149,Contrast,OLS_1
1175,SI_ref_17,Pristine SCG biochar,IBU,Synthetic,0.9111084458291452,0.770265028016149,Contrast,OLS_1
1177,SI_ref_17,Pristine SCG biochar,IBU,Synthetic,0.9162887928675453,0.770265028016149,Contrast,OLS_1
1179,SI_ref_17,Pristine SCG biochar,IBU,Synthetic,0.9142212192930818,0.770265028016149,Contrast,OLS_1
1181,SI_ref_17,Pristine SCG biochar,IBU,Synthetic,0.9090486144760851,0.770265028016149,Contrast,OLS_1
1183,SI_ref_17,Pristine SCG biochar,IBU,Synthetic,0.9114748664800524,0.770265028016149,Contrast,OLS_1
1185,SI_ref_17,Pristine SCG biochar,IBU,Synthetic,0.93372158594911,0.8170551258543921,Contrast,OLS_1
1187,SI_ref_17,Pristine SCG biochar,IBU,Synthetic,0.9448963419259283,0.770265028016149,Contrast,OLS_1
1189,SI_ref_17,Pristine SCG biochar,IBU,Synthetic,0.9210277046979152,0.770265028016149,Contrast,OLS_1
1191,SI_ref_17,Pristine SCG biochar,IBU,Synthetic,0.9513456586569363,0.770265028016149,Contrast,OLS_1
1193,SI_ref_17,Pristine SCG biochar,IBU,Synthetic,0.9310638115047126,0.770265028016149,Contrast,OLS_1
1195,SI_ref_17,Pristine SCG biochar,IBU,Synthetic,0.9376778036385122,0.770265028016149,Contrast,OLS_1
155,SI_ref_17,Alkali-modified SCG biochars,EE2,Synthetic,0.281684429186895,0.26520368735939975,TOPSIS,SVR_1
157,SI_ref_17,Alkali-modified SCG biochars,EE2,Synthetic,0.1736546812353491,0.15612024081316966,TOPSIS,SVR_1
159,SI_ref_17,Alkali-modified SCG biochars,EE2,Synthetic,0.0890939833732563,0.016195050037741132,TOPSIS,SVR_1
161,SI_ref_17,Alkali-modified SCG biochars,EE2,Synthetic,0.0719303611000807,-0.0280055431270535,TOPSIS,SVR_1
163,SI_ref_17,Alkali-modified SCG biochars,EE2,Synthetic,0.06892444951131721,-0.03348774904181384,TOPSIS,SVR_1
165,SI_ref_17,Alkali-modified SCG biochars,EE2,Synthetic,0.06161971981332274,-0.027974021870493138,TOPSIS,SVR_1
167,SI_ref_17,Alkali-modified SCG biochars,EE2,Synthetic,0.06227375203350968,-0.014921381572527093,TOPSIS,SVR_1
169,SI_ref_17,Alkali-modified SCG biochars,EE2,Synthetic,0.013530055813574512,0.12415696377877816,TOPSIS,SVR_1
171,SI_ref_17,Alkali-modified SCG biochars,EE2,Synthetic,0.09051861058315946,0.015260741135257216,TOPSIS,SVR_1
178,SI_ref_17,Alkali-modified SCG biochars,EE2,Synthetic,0.053215646133789624,0.1695458623974745,TOPSIS,SVR_1
180,SI_ref_17,Alkali-modified SCG biochars,EE2,Synthetic,0.2279548813058391,0.015260741135257216,TOPSIS,SVR_1
182,SI_ref_17,Alkali-modified SCG biochars,EE2,Synthetic,0.3168155258198777,0.015260741135257216,TOPSIS,SVR_1
184,SI_ref_17,Alkali-modified SCG biochars,EE2,Synthetic,0.4518596548311438,0.015260741135257216,TOPSIS,SVR_1
186,SI_ref_17,Alkali-modified SCG biochars,EE2,Synthetic,0.5444612813197839,0.015260741135257216,TOPSIS,SVR_1
188,SI_ref_17,Alkali-modified SCG biochars,EE2,Synthetic,0.6153689348029446,0.015260741135257216,TOPSIS,SVR_1
190,SI_ref_17,Alkali-modified SCG biochars,IBU,Synthetic,0.22674008618295227,0.516827218020826,TOPSIS,SVR_1
192,SI_ref_17,Alkali-modified SCG biochars,IBU,Synthetic,0.18762987622773672,0.4399378027298839,TOPSIS,SVR_1
194,SI_ref_17,Alkali-modified SCG biochars,IBU,Synthetic,0.0964989432139522,0.32502260443510794,TOPSIS,SVR_1
196,SI_ref_17,Alkali-modified SCG biochars,IBU,Synthetic,0.056403766337859394,0.27397141291360144,TOPSIS,SVR_1
198,SI_ref_17,Alkali-modified SCG biochars,IBU,Synthetic,0.04365646649895644,0.2558316485907187,TOPSIS,SVR_1
200,SI_ref_17,Alkali-modified SCG biochars,IBU,Synthetic,0.05275302685215311,0.24877597961981462,TOPSIS,SVR_1
202,SI_ref_17,Alkali-modified SCG biochars,IBU,Synthetic,0.051463060103218494,0.2466162774735875,TOPSIS,SVR_1
204,SI_ref_17,Alkali-modified SCG biochars,IBU,Synthetic,0.0020992565231803756,0.15472427475054262,TOPSIS,SVR_1
206,SI_ref_17,Alkali-modified SCG biochars,IBU,Synthetic,0.05901922048526246,0.2516410132513029,TOPSIS,SVR_1
208,SI_ref_17,Alkali-modified SCG biochars,IBU,Synthetic,0.12337327274312365,0.2516410132513029,TOPSIS,SVR_1
210,SI_ref_17,Alkali-modified SCG biochars,IBU,Synthetic,0.09406602807201081,0.2516410132513029,TOPSIS,SVR_1
212,SI_ref_17,Alkali-modified SCG biochars,IBU,Synthetic,0.09483947953445797,0.2516410132513029,TOPSIS,SVR_1
214,SI_ref_17,Alkali-modified SCG biochars,IBU,Synthetic,0.10723758772503378,0.2516410132513029,TOPSIS,SVR_1
216,SI_ref_17,Alkali-modified SCG biochars,IBU,Synthetic,0.10107027265594352,0.2516410132513029,TOPSIS,SVR_1
218,SI_ref_17,Alkali-modified SCG biochars,IBU,Synthetic,0.30424911735147564,0.43700569795127103,TOPSIS,SVR_1
220,SI_ref_17,Alkali-modified SCG biochars,IBU,Synthetic,0.004839210099114782,0.2516410132513029,TOPSIS,SVR_1
222,SI_ref_17,Alkali-modified SCG biochars,IBU,Synthetic,0.04374442489311713,0.2516410132513029,TOPSIS,SVR_1
224,SI_ref_17,Alkali-modified SCG biochars,IBU,Synthetic,0.2945083196339574,0.2516410132513029,TOPSIS,SVR_1
226,SI_ref_17,Alkali-modified SCG biochars,IBU,Synthetic,0.44148324888836815,0.2516410132513029,TOPSIS,SVR_1
228,SI_ref_17,Alkali-modified SCG biochars,IBU,Synthetic,0.5342365334838785,0.2516410132513029,TOPSIS,SVR_1
263,SI_ref_16,C-Biochar,IBU,Synthetic,0.5333333333333333,0.6597923911955279,TOPSIS,SVR_1
264,SI_ref_16,C-Biochar,IBU,Synthetic,0.7333333333333333,0.6079017634343685,TOPSIS,SVR_1
265,SI_ref_16,C-Biochar,IBU,Synthetic,0.6000000000000001,0.6781996701100851,TOPSIS,SVR_1
266,SI_ref_16,C-Biochar,IBU,Synthetic,0.6121212121212122,0.6594649097792851,TOPSIS,SVR_1
267,SI_ref_16,C-Biochar,IBU,Synthetic,0.7333333333333333,0.6594649097792851,TOPSIS,SVR_1
268,SI_ref_16,C-Biochar,IBU,Synthetic,0.5333333333333333,0.6594649097792851,TOPSIS,SVR_1
269,SI_ref_16,C-Biochar,IBU,Synthetic,0.4666666666666666,0.6594649097792851,TOPSIS,SVR_1
270,SI_ref_16,C-Biochar,IBU,Synthetic,0.5555555555555556,0.6594649097792851,TOPSIS,SVR_1
271,SI_ref_16,C-Biochar,IBU,Synthetic,0.6000000000000001,0.6594649097792851,TOPSIS,SVR_1
272,SI_ref_16,C-Biochar,IBU,Synthetic,0.6000000000000001,0.5763678384962364,TOPSIS,SVR_1
273,SI_ref_16,C-Biochar,IBU,Synthetic,0.6000000000000001,0.55318471042813,TOPSIS,SVR_1
274,SI_ref_16,C-Biochar,IBU,Synthetic,1.0666666666666667,0.5725234133605681,TOPSIS,SVR_1
275,SI_ref_16,C-Biochar,IBU,Synthetic,0.5277777777777777,0.6594649097792851,TOPSIS,SVR_1
276,SI_ref_16,C-Biochar,IBU,Synthetic,0.7,0.6594649097792851,TOPSIS,SVR_1
277,SI_ref_16,C-Biochar,IBU,Synthetic,0.7844444444444444,0.6594649097792851,TOPSIS,SVR_1
278,SI_ref_16,C-Biochar,IBU,Synthetic,0.8430555555555557,0.6594649097792851,TOPSIS,SVR_1
279,SI_ref_16,C-Biochar,IBU,Synthetic,0.861111111111111,0.6594649097792851,TOPSIS,SVR_1
875,SI_ref_13,PB600,IBU,Synthetic,0.7639925373134329,0.6944707461867895,TOPSIS,SVR_1
876,SI_ref_13,PB600,IBU,Synthetic,0.7266791044776119,0.6536790133749949,TOPSIS,SVR_1
877,SI_ref_13,PB600,IBU,Synthetic,0.7328980099502487,0.6135247753758807,TOPSIS,SVR_1
878,SI_ref_13,PB600,IBU,Synthetic,0.7391169154228855,0.593517457625089,TOPSIS,SVR_1
879,SI_ref_13,PB600,IBU,Synthetic,0.6707089552238806,0.5693413721669419,TOPSIS,SVR_1
880,SI_ref_13,PB600,IBU,Synthetic,0.5898631840796019,0.5620645985123488,TOPSIS,SVR_1
881,SI_ref_13,PB600,IBU,Synthetic,0.2096102913356035,0.5600082096636299,TOPSIS,SVR_1
882,SI_ref_13,PB600,IBU,Synthetic,0.7328980099502488,0.6087035193427154,TOPSIS,SVR_1
883,SI_ref_13,PB600,IBU,Synthetic,0.611373922124096,0.5600082096636299,TOPSIS,SVR_1
884,SI_ref_13,PB600,IBU,Synthetic,0.6847133757961785,0.5600082096636299,TOPSIS,SVR_1
885,SI_ref_13,PB600,IBU,Synthetic,0.4580645161290322,0.5600082096636299,TOPSIS,SVR_1
886,SI_ref_13,PB600,IBU,Synthetic,0.29347826086956524,0.5600082096636299,TOPSIS,SVR_1
887,SI_ref_13,PB600,IBU,Synthetic,0.5772919064058304,0.5811838886441072,TOPSIS,SVR_1
888,SI_ref_13,PB600,IBU,Synthetic,0.5887993862677406,0.592276305086978,TOPSIS,SVR_1
889,SI_ref_13,PB600,IBU,Synthetic,0.7258796821793417,0.5600082096636299,TOPSIS,SVR_1
890,SI_ref_13,PB600,IBU,Synthetic,0.766427039979821,0.5600082096636299,TOPSIS,SVR_1
891,SI_ref_13,PB600,IBU,Synthetic,0.8162693908437383,0.5600082096636299,TOPSIS,SVR_1
892,SI_ref_13,PB600,IBU,Synthetic,0.8533052267445003,0.5600082096636299,TOPSIS,SVR_1
893,SI_ref_13,PB600,IBU,Synthetic,0.9327073552425663,0.5644013402805894,TOPSIS,SVR_1
894,SI_ref_13,PB600,IBU,Synthetic,0.6275430359937403,0.5644013402805894,TOPSIS,SVR_1
895,SI_ref_13,PB600,IBU,Synthetic,0.35367762128325514,0.5644013402805894,TOPSIS,SVR_1
896,SI_ref_13,PB600,IBU,Synthetic,0.4798506002849601,0.5644013402805894,TOPSIS,SVR_1
897,SI_ref_13,PB600,IBU,Synthetic,0.2754303599374022,0.5644013402805894,TOPSIS,SVR_1
922,SI_ref_13,PB800,IBU,Synthetic,0.4560270602706027,0.5230997001273114,TOPSIS,SVR_1
923,SI_ref_13,PB800,IBU,Synthetic,0.4252767527675277,0.4853154641477823,TOPSIS,SVR_1
924,SI_ref_13,PB800,IBU,Synthetic,0.40067650676506766,0.44859307416850175,TOPSIS,SVR_1
925,SI_ref_13,PB800,IBU,Synthetic,0.39145141451414517,0.4294966362018238,TOPSIS,SVR_1
926,SI_ref_13,PB800,IBU,Synthetic,0.38837638376383765,0.403883396864221,TOPSIS,SVR_1
927,SI_ref_13,PB800,IBU,Synthetic,0.37915129151291516,0.39415753460782027,TOPSIS,SVR_1
928,SI_ref_13,PB800,IBU,Synthetic,0.23013048635824437,0.3899365534340963,TOPSIS,SVR_1
929,SI_ref_13,PB800,IBU,Synthetic,0.3126198695818949,0.37299155651286753,TOPSIS,SVR_1
930,SI_ref_13,PB800,IBU,Synthetic,0.35520079622504414,0.3899365534340963,TOPSIS,SVR_1
931,SI_ref_13,PB800,IBU,Synthetic,0.24946921443736733,0.3899365534340963,TOPSIS,SVR_1
932,SI_ref_13,PB800,IBU,Synthetic,0.18924731182795698,0.3899365534340963,TOPSIS,SVR_1
933,SI_ref_13,PB800,IBU,Synthetic,0.08514492753623189,0.3899365534340963,TOPSIS,SVR_1
934,SI_ref_13,PB800,IBU,Synthetic,0.4392021480629075,0.35033142102651355,TOPSIS,SVR_1
935,SI_ref_13,PB800,IBU,Synthetic,0.4238588415803605,0.29830781134298456,TOPSIS,SVR_1
936,SI_ref_13,PB800,IBU,Synthetic,0.5142348754448398,0.3899365534340963,TOPSIS,SVR_1
937,SI_ref_13,PB800,IBU,Synthetic,0.5523922499011468,0.3899365534340963,TOPSIS,SVR_1
938,SI_ref_13,PB800,IBU,Synthetic,0.5686613285883748,0.3899365534340963,TOPSIS,SVR_1
939,SI_ref_13,PB800,IBU,Synthetic,0.5875275377054737,0.3899365534340963,TOPSIS,SVR_1
940,SI_ref_13,PB800,IBU,Synthetic,0.712022367194781,0.3893395887022675,TOPSIS,SVR_1
941,SI_ref_13,PB800,IBU,Synthetic,0.5069897483690587,0.3893395887022675,TOPSIS,SVR_1
942,SI_ref_13,PB800,IBU,Synthetic,0.31469400434917677,0.3893395887022675,TOPSIS,SVR_1
943,SI_ref_13,PB800,IBU,Synthetic,0.22960794568575607,0.3893395887022675,TOPSIS,SVR_1
944,SI_ref_13,PB800,IBU,Synthetic,0.10958005249343833,0.3893395887022675,TOPSIS,SVR_1
1117,SI_ref_17,Pristine SCG biochar,EE2,Synthetic,0.9630524728687239,0.9354108585128309,TOPSIS,SVR_1
1119,SI_ref_17,Pristine SCG biochar,EE2,Synthetic,0.9610835485312063,0.9228673267497565,TOPSIS,SVR_1
1121,SI_ref_17,Pristine SCG biochar,EE2,Synthetic,0.9527872619203276,0.9005430153215634,TOPSIS,SVR_1
1123,SI_ref_17,Pristine SCG biochar,EE2,Synthetic,0.9558259103687238,0.8920689120239473,TOPSIS,SVR_1
1125,SI_ref_17,Pristine SCG biochar,EE2,Synthetic,0.9519368217180961,0.8895957997102935,TOPSIS,SVR_1
1127,SI_ref_17,Pristine SCG biochar,EE2,Synthetic,0.9377852461427824,0.8885910400167886,TOPSIS,SVR_1
1129,SI_ref_17,Pristine SCG biochar,EE2,Synthetic,0.9348668633411785,0.8878458019342701,TOPSIS,SVR_1
1131,SI_ref_17,Pristine SCG biochar,EE2,Synthetic,0.8111252475275296,0.8531337139702894,TOPSIS,SVR_1
1133,SI_ref_17,Pristine SCG biochar,EE2,Synthetic,0.8609155049620831,0.886504303624734,TOPSIS,SVR_1
1135,SI_ref_17,Pristine SCG biochar,EE2,Synthetic,0.8239304667585977,0.886504303624734,TOPSIS,SVR_1
1137,SI_ref_17,Pristine SCG biochar,EE2,Synthetic,0.8257334628724249,0.886504303624734,TOPSIS,SVR_1
1139,SI_ref_17,Pristine SCG biochar,EE2,Synthetic,0.8269992896243368,0.886504303624734,TOPSIS,SVR_1
1141,SI_ref_17,Pristine SCG biochar,EE2,Synthetic,0.8244509213990222,0.886504303624734,TOPSIS,SVR_1
1143,SI_ref_17,Pristine SCG biochar,EE2,Synthetic,0.8163766662487987,0.886504303624734,TOPSIS,SVR_1
1145,SI_ref_17,Pristine SCG biochar,EE2,Synthetic,0.981137644940341,0.8903498867576474,TOPSIS,SVR_1
1147,SI_ref_17,Pristine SCG biochar,EE2,Synthetic,0.8965862728271835,0.886504303624734,TOPSIS,SVR_1
1149,SI_ref_17,Pristine SCG biochar,EE2,Synthetic,0.9030676738865168,0.886504303624734,TOPSIS,SVR_1
1151,SI_ref_17,Pristine SCG biochar,EE2,Synthetic,0.886080261818485,0.886504303624734,TOPSIS,SVR_1
1153,SI_ref_17,Pristine SCG biochar,EE2,Synthetic,0.8949069839273535,0.886504303624734,TOPSIS,SVR_1
1155,SI_ref_17,Pristine SCG biochar,EE2,Synthetic,0.8378189552043488,0.886504303624734,TOPSIS,SVR_1
1157,SI_ref_17,Pristine SCG biochar,IBU,Synthetic,0.9060511140454979,0.9606842079178992,TOPSIS,SVR_1
1159,SI_ref_17,Pristine SCG biochar,IBU,Synthetic,0.9004320791615827,0.9595456533962454,TOPSIS,SVR_1
1161,SI_ref_17,Pristine SCG biochar,IBU,Synthetic,0.894961472244973,0.9504890907233935,TOPSIS,SVR_1
1163,SI_ref_17,Pristine SCG biochar,IBU,Synthetic,0.8949151720794959,0.9435522922386261,TOPSIS,SVR_1
1165,SI_ref_17,Pristine SCG biochar,IBU,Synthetic,0.892599829508416,0.9388788371859258,TOPSIS,SVR_1
1167,SI_ref_17,Pristine SCG biochar,IBU,Synthetic,0.8914167516338777,0.9349541655186157,TOPSIS,SVR_1
1169,SI_ref_17,Pristine SCG biochar,IBU,Synthetic,0.886841225533622,0.9302687937492946,TOPSIS,SVR_1
1171,SI_ref_17,Pristine SCG biochar,IBU,Synthetic,0.8055661914208297,0.8446894607455935,TOPSIS,SVR_1
1173,SI_ref_17,Pristine SCG biochar,IBU,Synthetic,0.9319085004678631,0.9219361846568501,TOPSIS,SVR_1
1175,SI_ref_17,Pristine SCG biochar,IBU,Synthetic,0.9111084458291452,0.9219361846568501,TOPSIS,SVR_1
1177,SI_ref_17,Pristine SCG biochar,IBU,Synthetic,0.9162887928675453,0.9219361846568501,TOPSIS,SVR_1
1179,SI_ref_17,Pristine SCG biochar,IBU,Synthetic,0.9142212192930818,0.9219361846568501,TOPSIS,SVR_1
1181,SI_ref_17,Pristine SCG biochar,IBU,Synthetic,0.9090486144760851,0.9219361846568501,TOPSIS,SVR_1
1183,SI_ref_17,Pristine SCG biochar,IBU,Synthetic,0.9114748664800524,0.9219361846568501,TOPSIS,SVR_1
1185,SI_ref_17,Pristine SCG biochar,IBU,Synthetic,0.93372158594911,0.9604741678236355,TOPSIS,SVR_1
1187,SI_ref_17,Pristine SCG biochar,IBU,Synthetic,0.9448963419259283,0.9219361846568501,TOPSIS,SVR_1
1189,SI_ref_17,Pristine SCG biochar,IBU,Synthetic,0.9210277046979152,0.9219361846568501,TOPSIS,SVR_1
1191,SI_ref_17,Pristine SCG biochar,IBU,Synthetic,0.9513456586569363,0.9219361846568501,TOPSIS,SVR_1
1193,SI_ref_17,Pristine SCG biochar,IBU,Synthetic,0.9310638115047126,0.9219361846568501,TOPSIS,SVR_1
1195,SI_ref_17,Pristine SCG biochar,IBU,Synthetic,0.9376778036385122,0.9219361846568501,TOPSIS,SVR_1
155,SI_ref_17,Alkali-modified SCG biochars,EE2,Synthetic,0.281684429186895,0.6388631057519266,Constant,Constant
157,SI_ref_17,Alkali-modified SCG biochars,EE2,Synthetic,0.1736546812353491,0.6388631057519266,Constant,Constant
159,SI_ref_17,Alkali-modified SCG biochars,EE2,Synthetic,0.0890939833732563,0.6388631057519266,Constant,Constant
161,SI_ref_17,Alkali-modified SCG biochars,EE2,Synthetic,0.0719303611000807,0.6388631057519266,Constant,Constant
163,SI_ref_17,Alkali-modified SCG biochars,EE2,Synthetic,0.06892444951131721,0.6388631057519266,Constant,Constant
165,SI_ref_17,Alkali-modified SCG biochars,EE2,Synthetic,0.06161971981332274,0.6388631057519266,Constant,Constant
167,SI_ref_17,Alkali-modified SCG biochars,EE2,Synthetic,0.06227375203350968,0.6388631057519266,Constant,Constant
169,SI_ref_17,Alkali-modified SCG biochars,EE2,Synthetic,0.013530055813574512,0.6388631057519266,Constant,Constant
171,SI_ref_17,Alkali-modified SCG biochars,EE2,Synthetic,0.09051861058315946,0.6388631057519266,Constant,Constant
178,SI_ref_17,Alkali-modified SCG biochars,EE2,Synthetic,0.053215646133789624,0.6388631057519266,Constant,Constant
180,SI_ref_17,Alkali-modified SCG biochars,EE2,Synthetic,0.2279548813058391,0.6388631057519266,Constant,Constant
182,SI_ref_17,Alkali-modified SCG biochars,EE2,Synthetic,0.3168155258198777,0.6388631057519266,Constant,Constant
184,SI_ref_17,Alkali-modified SCG biochars,EE2,Synthetic,0.4518596548311438,0.6388631057519266,Constant,Constant
186,SI_ref_17,Alkali-modified SCG biochars,EE2,Synthetic,0.5444612813197839,0.6388631057519266,Constant,Constant
188,SI_ref_17,Alkali-modified SCG biochars,EE2,Synthetic,0.6153689348029446,0.6388631057519266,Constant,Constant
190,SI_ref_17,Alkali-modified SCG biochars,IBU,Synthetic,0.22674008618295227,0.6388631057519266,Constant,Constant
192,SI_ref_17,Alkali-modified SCG biochars,IBU,Synthetic,0.18762987622773672,0.6388631057519266,Constant,Constant
194,SI_ref_17,Alkali-modified SCG biochars,IBU,Synthetic,0.0964989432139522,0.6388631057519266,Constant,Constant
196,SI_ref_17,Alkali-modified SCG biochars,IBU,Synthetic,0.056403766337859394,0.6388631057519266,Constant,Constant
198,SI_ref_17,Alkali-modified SCG biochars,IBU,Synthetic,0.04365646649895644,0.6388631057519266,Constant,Constant
200,SI_ref_17,Alkali-modified SCG biochars,IBU,Synthetic,0.05275302685215311,0.6388631057519266,Constant,Constant
202,SI_ref_17,Alkali-modified SCG biochars,IBU,Synthetic,0.051463060103218494,0.6388631057519266,Constant,Constant
204,SI_ref_17,Alkali-modified SCG biochars,IBU,Synthetic,0.0020992565231803756,0.6388631057519266,Constant,Constant
206,SI_ref_17,Alkali-modified SCG biochars,IBU,Synthetic,0.05901922048526246,0.6388631057519266,Constant,Constant
208,SI_ref_17,Alkali-modified SCG biochars,IBU,Synthetic,0.12337327274312365,0.6388631057519266,Constant,Constant
210,SI_ref_17,Alkali-modified SCG biochars,IBU,Synthetic,0.09406602807201081,0.6388631057519266,Constant,Constant
212,SI_ref_17,Alkali-modified SCG biochars,IBU,Synthetic,0.09483947953445797,0.6388631057519266,Constant,Constant
214,SI_ref_17,Alkali-modified SCG biochars,IBU,Synthetic,0.10723758772503378,0.6388631057519266,Constant,Constant
216,SI_ref_17,Alkali-modified SCG biochars,IBU,Synthetic,0.10107027265594352,0.6388631057519266,Constant,Constant
218,SI_ref_17,Alkali-modified SCG biochars,IBU,Synthetic,0.30424911735147564,0.6388631057519266,Constant,Constant
220,SI_ref_17,Alkali-modified SCG biochars,IBU,Synthetic,0.004839210099114782,0.6388631057519266,Constant,Constant
222,SI_ref_17,Alkali-modified SCG biochars,IBU,Synthetic,0.04374442489311713,0.6388631057519266,Constant,Constant
224,SI_ref_17,Alkali-modified SCG biochars,IBU,Synthetic,0.2945083196339574,0.6388631057519266,Constant,Constant
226,SI_ref_17,Alkali-modified SCG biochars,IBU,Synthetic,0.44148324888836815,0.6388631057519266,Constant,Constant
228,SI_ref_17,Alkali-modified SCG biochars,IBU,Synthetic,0.5342365334838785,0.6388631057519266,Constant,Constant
263,SI_ref_16,C-Biochar,IBU,Synthetic,0.5333333333333333,0.6388631057519266,Constant,Constant
264,SI_ref_16,C-Biochar,IBU,Synthetic,0.7333333333333333,0.6388631057519266,Constant,Constant
265,SI_ref_16,C-Biochar,IBU,Synthetic,0.6000000000000001,0.6388631057519266,Constant,Constant
266,SI_ref_16,C-Biochar,IBU,Synthetic,0.6121212121212122,0.6388631057519266,Constant,Constant
267,SI_ref_16,C-Biochar,IBU,Synthetic,0.7333333333333333,0.6388631057519266,Constant,Constant
268,SI_ref_16,C-Biochar,IBU,Synthetic,0.5333333333333333,0.6388631057519266,Constant,Constant
269,SI_ref_16,C-Biochar,IBU,Synthetic,0.4666666666666666,0.6388631057519266,Constant,Constant
270,SI_ref_16,C-Biochar,IBU,Synthetic,0.5555555555555556,0.6388631057519266,Constant,Constant
271,SI_ref_16,C-Biochar,IBU,Synthetic,0.6000000000000001,0.6388631057519266,Constant,Constant
272,SI_ref_16,C-Biochar,IBU,Synthetic,0.6000000000000001,0.6388631057519266,Constant,Constant
273,SI_ref_16,C-Biochar,IBU,Synthetic,0.6000000000000001,0.6388631057519266,Constant,Constant
274,SI_ref_16,C-Biochar,IBU,Synthetic,1.0666666666666667,0.6388631057519266,Constant,Constant
275,SI_ref_16,C-Biochar,IBU,Synthetic,0.5277777777777777,0.6388631057519266,Constant,Constant
276,SI_ref_16,C-Biochar,IBU,Synthetic,0.7,0.6388631057519266,Constant,Constant
277,SI_ref_16,C-Biochar,IBU,Synthetic,0.7844444444444444,0.6388631057519266,Constant,Constant
278,SI_ref_16,C-Biochar,IBU,Synthetic,0.8430555555555557,0.6388631057519266,Constant,Constant
279,SI_ref_16,C-Biochar,IBU,Synthetic,0.861111111111111,0.6388631057519266,Constant,Constant
875,SI_ref_13,PB600,IBU,Synthetic,0.7639925373134329,0.6388631057519266,Constant,Constant
876,SI_ref_13,PB600,IBU,Synthetic,0.7266791044776119,0.6388631057519266,Constant,Constant
877,SI_ref_13,PB600,IBU,Synthetic,0.7328980099502487,0.6388631057519266,Constant,Constant
878,SI_ref_13,PB600,IBU,Synthetic,0.7391169154228855,0.6388631057519266,Constant,Constant
879,SI_ref_13,PB600,IBU,Synthetic,0.6707089552238806,0.6388631057519266,Constant,Constant
880,SI_ref_13,PB600,IBU,Synthetic,0.5898631840796019,0.6388631057519266,Constant,Constant
881,SI_ref_13,PB600,IBU,Synthetic,0.2096102913356035,0.6388631057519266,Constant,Constant
882,SI_ref_13,PB600,IBU,Synthetic,0.7328980099502488,0.6388631057519266,Constant,Constant
883,SI_ref_13,PB600,IBU,Synthetic,0.611373922124096,0.6388631057519266,Constant,Constant
884,SI_ref_13,PB600,IBU,Synthetic,0.6847133757961785,0.6388631057519266,Constant,Constant
885,SI_ref_13,PB600,IBU,Synthetic,0.4580645161290322,0.6388631057519266,Constant,Constant
886,SI_ref_13,PB600,IBU,Synthetic,0.29347826086956524,0.6388631057519266,Constant,Constant
887,SI_ref_13,PB600,IBU,Synthetic,0.5772919064058304,0.6388631057519266,Constant,Constant
888,SI_ref_13,PB600,IBU,Synthetic,0.5887993862677406,0.6388631057519266,Constant,Constant
889,SI_ref_13,PB600,IBU,Synthetic,0.7258796821793417,0.6388631057519266,Constant,Constant
890,SI_ref_13,PB600,IBU,Synthetic,0.766427039979821,0.6388631057519266,Constant,Constant
891,SI_ref_13,PB600,IBU,Synthetic,0.8162693908437383,0.6388631057519266,Constant,Constant
892,SI_ref_13,PB600,IBU,Synthetic,0.8533052267445003,0.6388631057519266,Constant,Constant
893,SI_ref_13,PB600,IBU,Synthetic,0.9327073552425663,0.6388631057519266,Constant,Constant
894,SI_ref_13,PB600,IBU,Synthetic,0.6275430359937403,0.6388631057519266,Constant,Constant
895,SI_ref_13,PB600,IBU,Synthetic,0.35367762128325514,0.6388631057519266,Constant,Constant
896,SI_ref_13,PB600,IBU,Synthetic,0.4798506002849601,0.6388631057519266,Constant,Constant
897,SI_ref_13,PB600,IBU,Synthetic,0.2754303599374022,0.6388631057519266,Constant,Constant
922,SI_ref_13,PB800,IBU,Synthetic,0.4560270602706027,0.6388631057519266,Constant,Constant
923,SI_ref_13,PB800,IBU,Synthetic,0.4252767527675277,0.6388631057519266,Constant,Constant
924,SI_ref_13,PB800,IBU,Synthetic,0.40067650676506766,0.6388631057519266,Constant,Constant
925,SI_ref_13,PB800,IBU,Synthetic,0.39145141451414517,0.6388631057519266,Constant,Constant
926,SI_ref_13,PB800,IBU,Synthetic,0.38837638376383765,0.6388631057519266,Constant,Constant
927,SI_ref_13,PB800,IBU,Synthetic,0.37915129151291516,0.6388631057519266,Constant,Constant
928,SI_ref_13,PB800,IBU,Synthetic,0.23013048635824437,0.6388631057519266,Constant,Constant
929,SI_ref_13,PB800,IBU,Synthetic,0.3126198695818949,0.6388631057519266,Constant,Constant
930,SI_ref_13,PB800,IBU,Synthetic,0.35520079622504414,0.6388631057519266,Constant,Constant
931,SI_ref_13,PB800,IBU,Synthetic,0.24946921443736733,0.6388631057519266,Constant,Constant
932,SI_ref_13,PB800,IBU,Synthetic,0.18924731182795698,0.6388631057519266,Constant,Constant
933,SI_ref_13,PB800,IBU,Synthetic,0.08514492753623189,0.6388631057519266,Constant,Constant
934,SI_ref_13,PB800,IBU,Synthetic,0.4392021480629075,0.6388631057519266,Constant,Constant
935,SI_ref_13,PB800,IBU,Synthetic,0.4238588415803605,0.6388631057519266,Constant,Constant
936,SI_ref_13,PB800,IBU,Synthetic,0.5142348754448398,0.6388631057519266,Constant,Constant
937,SI_ref_13,PB800,IBU,Synthetic,0.5523922499011468,0.6388631057519266,Constant,Constant
938,SI_ref_13,PB800,IBU,Synthetic,0.5686613285883748,0.6388631057519266,Constant,Constant
939,SI_ref_13,PB800,IBU,Synthetic,0.5875275377054737,0.6388631057519266,Constant,Constant
940,SI_ref_13,PB800,IBU,Synthetic,0.712022367194781,0.6388631057519266,Constant,Constant
941,SI_ref_13,PB800,IBU,Synthetic,0.5069897483690587,0.6388631057519266,Constant,Constant
942,SI_ref_13,PB800,IBU,Synthetic,0.31469400434917677,0.6388631057519266,Constant,Constant
943,SI_ref_13,PB800,IBU,Synthetic,0.22960794568575607,0.6388631057519266,Constant,Constant
944,SI_ref_13,PB800,IBU,Synthetic,0.10958005249343833,0.6388631057519266,Constant,Constant
1117,SI_ref_17,Pristine SCG biochar,EE2,Synthetic,0.9630524728687239,0.6388631057519266,Constant,Constant
1119,SI_ref_17,Pristine SCG biochar,EE2,Synthetic,0.9610835485312063,0.6388631057519266,Constant,Constant
1121,SI_ref_17,Pristine SCG biochar,EE2,Synthetic,0.9527872619203276,0.6388631057519266,Constant,Constant
1123,SI_ref_17,Pristine SCG biochar,EE2,Synthetic,0.9558259103687238,0.6388631057519266,Constant,Constant
1125,SI_ref_17,Pristine SCG biochar,EE2,Synthetic,0.9519368217180961,0.6388631057519266,Constant,Constant
1127,SI_ref_17,Pristine SCG biochar,EE2,Synthetic,0.9377852461427824,0.6388631057519266,Constant,Constant
1129,SI_ref_17,Pristine SCG biochar,EE2,Synthetic,0.9348668633411785,0.6388631057519266,Constant,Constant
1131,SI_ref_17,Pristine SCG biochar,EE2,Synthetic,0.8111252475275296,0.6388631057519266,Constant,Constant
1133,SI_ref_17,Pristine SCG biochar,EE2,Synthetic,0.8609155049620831,0.6388631057519266,Constant,Constant
1135,SI_ref_17,Pristine SCG biochar,EE2,Synthetic,0.8239304667585977,0.6388631057519266,Constant,Constant
1137,SI_ref_17,Pristine SCG biochar,EE2,Synthetic,0.8257334628724249,0.6388631057519266,Constant,Constant
1139,SI_ref_17,Pristine SCG biochar,EE2,Synthetic,0.8269992896243368,0.6388631057519266,Constant,Constant
1141,SI_ref_17,Pristine SCG biochar,EE2,Synthetic,0.8244509213990222,0.6388631057519266,Constant,Constant
1143,SI_ref_17,Pristine SCG biochar,EE2,Synthetic,0.8163766662487987,0.6388631057519266,Constant,Constant
1145,SI_ref_17,Pristine SCG biochar,EE2,Synthetic,0.981137644940341,0.6388631057519266,Constant,Constant
1147,SI_ref_17,Pristine SCG biochar,EE2,Synthetic,0.8965862728271835,0.6388631057519266,Constant,Constant
1149,SI_ref_17,Pristine SCG biochar,EE2,Synthetic,0.9030676738865168,0.6388631057519266,Constant,Constant
1151,SI_ref_17,Pristine SCG biochar,EE2,Synthetic,0.886080261818485,0.6388631057519266,Constant,Constant
1153,SI_ref_17,Pristine SCG biochar,EE2,Synthetic,0.8949069839273535,0.6388631057519266,Constant,Constant
1155,SI_ref_17,Pristine SCG biochar,EE2,Synthetic,0.8378189552043488,0.6388631057519266,Constant,Constant
1157,SI_ref_17,Pristine SCG biochar,IBU,Synthetic,0.9060511140454979,0.6388631057519266,Constant,Constant
1159,SI_ref_17,Pristine SCG biochar,IBU,Synthetic,0.9004320791615827,0.6388631057519266,Constant,Constant
1161,SI_ref_17,Pristine SCG biochar,IBU,Synthetic,0.894961472244973,0.6388631057519266,Constant,Constant
1163,SI_ref_17,Pristine SCG biochar,IBU,Synthetic,0.8949151720794959,0.6388631057519266,Constant,Constant
1165,SI_ref_17,Pristine SCG biochar,IBU,Synthetic,0.892599829508416,0.6388631057519266,Constant,Constant
1167,SI_ref_17,Pristine SCG biochar,IBU,Synthetic,0.8914167516338777,0.6388631057519266,Constant,Constant
1169,SI_ref_17,Pristine SCG biochar,IBU,Synthetic,0.886841225533622,0.6388631057519266,Constant,Constant
1171,SI_ref_17,Pristine SCG biochar,IBU,Synthetic,0.8055661914208297,0.6388631057519266,Constant,Constant
1173,SI_ref_17,Pristine SCG biochar,IBU,Synthetic,0.9319085004678631,0.6388631057519266,Constant,Constant
1175,SI_ref_17,Pristine SCG biochar,IBU,Synthetic,0.9111084458291452,0.6388631057519266,Constant,Constant
1177,SI_ref_17,Pristine SCG biochar,IBU,Synthetic,0.9162887928675453,0.6388631057519266,Constant,Constant
1179,SI_ref_17,Pristine SCG biochar,IBU,Synthetic,0.9142212192930818,0.6388631057519266,Constant,Constant
1181,SI_ref_17,Pristine SCG biochar,IBU,Synthetic,0.9090486144760851,0.6388631057519266,Constant,Constant
1183,SI_ref_17,Pristine SCG biochar,IBU,Synthetic,0.9114748664800524,0.6388631057519266,Constant,Constant
1185,SI_ref_17,Pristine SCG biochar,IBU,Synthetic,0.93372158594911,0.6388631057519266,Constant,Constant
1187,SI_ref_17,Pristine SCG biochar,IBU,Synthetic,0.9448963419259283,0.6388631057519266,Constant,Constant
1189,SI_ref_17,Pristine SCG biochar,IBU,Synthetic,0.9210277046979152,0.6388631057519266,Constant,Constant
1191,SI_ref_17,Pristine SCG biochar,IBU,Synthetic,0.9513456586569363,0.6388631057519266,Constant,Constant
1193,SI_ref_17,Pristine SCG biochar,IBU,Synthetic,0.9310638115047126,0.6388631057519266,Constant,Constant
1195,SI_ref_17,Pristine SCG biochar,IBU,Synthetic,0.9376778036385122,0.6388631057519266,Constant,Constant
155,SI_ref_17,Alkali-modified SCG biochars,EE2,Synthetic,0.281684429186895,0.5972566710138372,Operations,Operations
157,SI_ref_17,Alkali-modified SCG biochars,EE2,Synthetic,0.1736546812353491,0.5772952820609846,Operations,Operations
159,SI_ref_17,Alkali-modified SCG biochars,EE2,Synthetic,0.0890939833732563,0.5452212726803463,Operations,Operations
161,SI_ref_17,Alkali-modified SCG biochars,EE2,Synthetic,0.0719303611000807,0.5248619377554045,Operations,Operations
163,SI_ref_17,Alkali-modified SCG biochars,EE2,Synthetic,0.06892444951131721,0.512932013401462,Operations,Operations
165,SI_ref_17,Alkali-modified SCG biochars,EE2,Synthetic,0.06161971981332274,0.5044618991996032,Operations,Operations
167,SI_ref_17,Alkali-modified SCG biochars,EE2,Synthetic,0.06227375203350968,0.4959883814608623,Operations,Operations
169,SI_ref_17,Alkali-modified SCG biochars,EE2,Synthetic,0.013530055813574512,0.42965929210694553,Operations,Operations
171,SI_ref_17,Alkali-modified SCG biochars,EE2,Synthetic,0.09051861058315946,0.48404144531221605,Operations,Operations
178,SI_ref_17,Alkali-modified SCG biochars,EE2,Synthetic,0.053215646133789624,0.5384235985174866,Operations,Operations
180,SI_ref_17,Alkali-modified SCG biochars,EE2,Synthetic,0.2279548813058391,0.48404144531221605,Operations,Operations
182,SI_ref_17,Alkali-modified SCG biochars,EE2,Synthetic,0.3168155258198777,0.48404144531221605,Operations,Operations
184,SI_ref_17,Alkali-modified SCG biochars,EE2,Synthetic,0.4518596548311438,0.48404144531221605,Operations,Operations
186,SI_ref_17,Alkali-modified SCG biochars,EE2,Synthetic,0.5444612813197839,0.48404144531221605,Operations,Operations
188,SI_ref_17,Alkali-modified SCG biochars,EE2,Synthetic,0.6153689348029446,0.48404144531221605,Operations,Operations
190,SI_ref_17,Alkali-modified SCG biochars,IBU,Synthetic,0.22674008618295227,0.7230214004496234,Operations,Operations
192,SI_ref_17,Alkali-modified SCG biochars,IBU,Synthetic,0.18762987622773672,0.7030600114967708,Operations,Operations
194,SI_ref_17,Alkali-modified SCG biochars,IBU,Synthetic,0.0964989432139522,0.6709860021161325,Operations,Operations
196,SI_ref_17,Alkali-modified SCG biochars,IBU,Synthetic,0.056403766337859394,0.6506266671911907,Operations,Operations
198,SI_ref_17,Alkali-modified SCG biochars,IBU,Synthetic,0.04365646649895644,0.6386967428372482,Operations,Operations
200,SI_ref_17,Alkali-modified SCG biochars,IBU,Synthetic,0.05275302685215311,0.6302266286353894,Operations,Operations
202,SI_ref_17,Alkali-modified SCG biochars,IBU,Synthetic,0.051463060103218494,0.6217531108966485,Operations,Operations
204,SI_ref_17,Alkali-modified SCG biochars,IBU,Synthetic,0.0020992565231803756,0.5554240215427317,Operations,Operations
206,SI_ref_17,Alkali-modified SCG biochars,IBU,Synthetic,0.05901922048526246,0.6098061747480022,Operations,Operations
208,SI_ref_17,Alkali-modified SCG biochars,IBU,Synthetic,0.12337327274312365,0.6098061747480022,Operations,Operations
210,SI_ref_17,Alkali-modified SCG biochars,IBU,Synthetic,0.09406602807201081,0.6098061747480022,Operations,Operations
212,SI_ref_17,Alkali-modified SCG biochars,IBU,Synthetic,0.09483947953445797,0.6098061747480022,Operations,Operations
214,SI_ref_17,Alkali-modified SCG biochars,IBU,Synthetic,0.10723758772503378,0.6098061747480022,Operations,Operations
216,SI_ref_17,Alkali-modified SCG biochars,IBU,Synthetic,0.10107027265594352,0.6098061747480022,Operations,Operations
218,SI_ref_17,Alkali-modified SCG biochars,IBU,Synthetic,0.30424911735147564,0.6641883279532728,Operations,Operations
220,SI_ref_17,Alkali-modified SCG biochars,IBU,Synthetic,0.004839210099114782,0.6098061747480022,Operations,Operations
222,SI_ref_17,Alkali-modified SCG biochars,IBU,Synthetic,0.04374442489311713,0.6098061747480022,Operations,Operations
224,SI_ref_17,Alkali-modified SCG biochars,IBU,Synthetic,0.2945083196339574,0.6098061747480022,Operations,Operations
226,SI_ref_17,Alkali-modified SCG biochars,IBU,Synthetic,0.44148324888836815,0.6098061747480022,Operations,Operations
228,SI_ref_17,Alkali-modified SCG biochars,IBU,Synthetic,0.5342365334838785,0.6098061747480022,Operations,Operations
263,SI_ref_16,C-Biochar,IBU,Synthetic,0.5333333333333333,0.7151086646238664,Operations,Operations
264,SI_ref_16,C-Biochar,IBU,Synthetic,0.7333333333333333,0.7422997412265016,Operations,Operations
265,SI_ref_16,C-Biochar,IBU,Synthetic,0.6000000000000001,0.7884682093189147,Operations,Operations
266,SI_ref_16,C-Biochar,IBU,Synthetic,0.6121212121212122,0.7694908178291369,Operations,Operations
267,SI_ref_16,C-Biochar,IBU,Synthetic,0.7333333333333333,0.7694908178291369,Operations,Operations
268,SI_ref_16,C-Biochar,IBU,Synthetic,0.5333333333333333,0.7694908178291369,Operations,Operations
269,SI_ref_16,C-Biochar,IBU,Synthetic,0.4666666666666666,0.7694908178291369,Operations,Operations
270,SI_ref_16,C-Biochar,IBU,Synthetic,0.5555555555555556,0.7694908178291369,Operations,Operations
271,SI_ref_16,C-Biochar,IBU,Synthetic,0.6000000000000001,0.7694908178291369,Operations,Operations
272,SI_ref_16,C-Biochar,IBU,Synthetic,0.6000000000000001,0.7505134263393589,Operations,Operations
273,SI_ref_16,C-Biochar,IBU,Synthetic,0.6000000000000001,0.731536034849581,Operations,Operations
274,SI_ref_16,C-Biochar,IBU,Synthetic,1.0666666666666667,0.7966818944317721,Operations,Operations
275,SI_ref_16,C-Biochar,IBU,Synthetic,0.5277777777777777,0.7694908178291369,Operations,Operations
276,SI_ref_16,C-Biochar,IBU,Synthetic,0.7,0.7694908178291369,Operations,Operations
277,SI_ref_16,C-Biochar,IBU,Synthetic,0.7844444444444444,0.7694908178291369,Operations,Operations
278,SI_ref_16,C-Biochar,IBU,Synthetic,0.8430555555555557,0.7694908178291369,Operations,Operations
279,SI_ref_16,C-Biochar,IBU,Synthetic,0.861111111111111,0.7694908178291369,Operations,Operations
875,SI_ref_13,PB600,IBU,Synthetic,0.7639925373134329,0.7114040461047451,Operations,Operations
876,SI_ref_13,PB600,IBU,Synthetic,0.7266791044776119,0.6914426571518923,Operations,Operations
877,SI_ref_13,PB600,IBU,Synthetic,0.7328980099502487,0.6712444628419489,Operations,Operations
878,SI_ref_13,PB600,IBU,Synthetic,0.7391169154228855,0.6593686477712541,Operations,Operations
879,SI_ref_13,PB600,IBU,Synthetic,0.6707089552238806,0.6390093128463123,Operations,Operations
880,SI_ref_13,PB600,IBU,Synthetic,0.5898631840796019,0.6270793884923699,Operations,Operations
881,SI_ref_13,PB600,IBU,Synthetic,0.2096102913356035,0.6186092742905109,Operations,Operations
882,SI_ref_13,PB600,IBU,Synthetic,0.7328980099502488,0.6375866657802889,Operations,Operations
883,SI_ref_13,PB600,IBU,Synthetic,0.611373922124096,0.6186092742905109,Operations,Operations
884,SI_ref_13,PB600,IBU,Synthetic,0.6847133757961785,0.6186092742905109,Operations,Operations
885,SI_ref_13,PB600,IBU,Synthetic,0.4580645161290322,0.6186092742905109,Operations,Operations
886,SI_ref_13,PB600,IBU,Synthetic,0.29347826086956524,0.6186092742905109,Operations,Operations
887,SI_ref_13,PB600,IBU,Synthetic,0.5772919064058304,0.5996318828007331,Operations,Operations
888,SI_ref_13,PB600,IBU,Synthetic,0.5887993862677406,0.5806544913109551,Operations,Operations
889,SI_ref_13,PB600,IBU,Synthetic,0.7258796821793417,0.6186092742905109,Operations,Operations
890,SI_ref_13,PB600,IBU,Synthetic,0.766427039979821,0.6186092742905109,Operations,Operations
891,SI_ref_13,PB600,IBU,Synthetic,0.8162693908437383,0.6186092742905109,Operations,Operations
892,SI_ref_13,PB600,IBU,Synthetic,0.8533052267445003,0.6186092742905109,Operations,Operations
893,SI_ref_13,PB600,IBU,Synthetic,0.9327073552425663,0.5981888204031238,Operations,Operations
894,SI_ref_13,PB600,IBU,Synthetic,0.6275430359937403,0.5981888204031238,Operations,Operations
895,SI_ref_13,PB600,IBU,Synthetic,0.35367762128325514,0.5981888204031238,Operations,Operations
896,SI_ref_13,PB600,IBU,Synthetic,0.4798506002849601,0.5981888204031238,Operations,Operations
897,SI_ref_13,PB600,IBU,Synthetic,0.2754303599374022,0.5981888204031238,Operations,Operations
922,SI_ref_13,PB800,IBU,Synthetic,0.4560270602706027,0.7114040461047451,Operations,Operations
923,SI_ref_13,PB800,IBU,Synthetic,0.4252767527675277,0.6914426571518923,Operations,Operations
924,SI_ref_13,PB800,IBU,Synthetic,0.40067650676506766,0.6712444628419489,Operations,Operations
925,SI_ref_13,PB800,IBU,Synthetic,0.39145141451414517,0.6593686477712541,Operations,Operations
926,SI_ref_13,PB800,IBU,Synthetic,0.38837638376383765,0.6390093128463123,Operations,Operations
927,SI_ref_13,PB800,IBU,Synthetic,0.37915129151291516,0.6270793884923699,Operations,Operations
928,SI_ref_13,PB800,IBU,Synthetic,0.23013048635824437,0.6186092742905109,Operations,Operations
929,SI_ref_13,PB800,IBU,Synthetic,0.3126198695818949,0.6375866657802889,Operations,Operations
930,SI_ref_13,PB800,IBU,Synthetic,0.35520079622504414,0.6186092742905109,Operations,Operations
931,SI_ref_13,PB800,IBU,Synthetic,0.24946921443736733,0.6186092742905109,Operations,Operations
932,SI_ref_13,PB800,IBU,Synthetic,0.18924731182795698,0.6186092742905109,Operations,Operations
933,SI_ref_13,PB800,IBU,Synthetic,0.08514492753623189,0.6186092742905109,Operations,Operations
934,SI_ref_13,PB800,IBU,Synthetic,0.4392021480629075,0.5996318828007331,Operations,Operations
935,SI_ref_13,PB800,IBU,Synthetic,0.4238588415803605,0.5806544913109551,Operations,Operations
936,SI_ref_13,PB800,IBU,Synthetic,0.5142348754448398,0.6186092742905109,Operations,Operations
937,SI_ref_13,PB800,IBU,Synthetic,0.5523922499011468,0.6186092742905109,Operations,Operations
938,SI_ref_13,PB800,IBU,Synthetic,0.5686613285883748,0.6186092742905109,Operations,Operations
939,SI_ref_13,PB800,IBU,Synthetic,0.5875275377054737,0.6186092742905109,Operations,Operations
940,SI_ref_13,PB800,IBU,Synthetic,0.712022367194781,0.5981888204031238,Operations,Operations
941,SI_ref_13,PB800,IBU,Synthetic,0.5069897483690587,0.5981888204031238,Operations,Operations
942,SI_ref_13,PB800,IBU,Synthetic,0.31469400434917677,0.5981888204031238,Operations,Operations
943,SI_ref_13,PB800,IBU,Synthetic,0.22960794568575607,0.5981888204031238,Operations,Operations
944,SI_ref_13,PB800,IBU,Synthetic,0.10958005249343833,0.5981888204031238,Operations,Operations
1117,SI_ref_17,Pristine SCG biochar,EE2,Synthetic,0.9630524728687239,0.5972566710138372,Operations,Operations
1119,SI_ref_17,Pristine SCG biochar,EE2,Synthetic,0.9610835485312063,0.5772952820609846,Operations,Operations
1121,SI_ref_17,Pristine SCG biochar,EE2,Synthetic,0.9527872619203276,0.5452212726803463,Operations,Operations
1123,SI_ref_17,Pristine SCG biochar,EE2,Synthetic,0.9558259103687238,0.5248619377554045,Operations,Operations
1125,SI_ref_17,Pristine SCG biochar,EE2,Synthetic,0.9519368217180961,0.512932013401462,Operations,Operations
1127,SI_ref_17,Pristine SCG biochar,EE2,Synthetic,0.9377852461427824,0.5044618991996032,Operations,Operations
1129,SI_ref_17,Pristine SCG biochar,EE2,Synthetic,0.9348668633411785,0.4959883814608623,Operations,Operations
1131,SI_ref_17,Pristine SCG biochar,EE2,Synthetic,0.8111252475275296,0.42965929210694553,Operations,Operations
1133,SI_ref_17,Pristine SCG biochar,EE2,Synthetic,0.8609155049620831,0.48404144531221605,Operations,Operations
1135,SI_ref_17,Pristine SCG biochar,EE2,Synthetic,0.8239304667585977,0.48404144531221605,Operations,Operations
1137,SI_ref_17,Pristine SCG biochar,EE2,Synthetic,0.8257334628724249,0.48404144531221605,Operations,Operations
1139,SI_ref_17,Pristine SCG biochar,EE2,Synthetic,0.8269992896243368,0.48404144531221605,Operations,Operations
1141,SI_ref_17,Pristine SCG biochar,EE2,Synthetic,0.8244509213990222,0.48404144531221605,Operations,Operations
1143,SI_ref_17,Pristine SCG biochar,EE2,Synthetic,0.8163766662487987,0.48404144531221605,Operations,Operations
1145,SI_ref_17,Pristine SCG biochar,EE2,Synthetic,0.981137644940341,0.5384235985174866,Operations,Operations
1147,SI_ref_17,Pristine SCG biochar,EE2,Synthetic,0.8965862728271835,0.48404144531221605,Operations,Operations
1149,SI_ref_17,Pristine SCG biochar,EE2,Synthetic,0.9030676738865168,0.48404144531221605,Operations,Operations
1151,SI_ref_17,Pristine SCG biochar,EE2,Synthetic,0.886080261818485,0.48404144531221605,Operations,Operations
1153,SI_ref_17,Pristine SCG biochar,EE2,Synthetic,0.8949069839273535,0.48404144531221605,Operations,Operations
1155,SI_ref_17,Pristine SCG biochar,EE2,Synthetic,0.8378189552043488,0.48404144531221605,Operations,Operations
1157,SI_ref_17,Pristine SCG biochar,IBU,Synthetic,0.9060511140454979,0.7230214004496234,Operations,Operations
1159,SI_ref_17,Pristine SCG biochar,IBU,Synthetic,0.9004320791615827,0.7030600114967708,Operations,Operations
1161,SI_ref_17,Pristine SCG biochar,IBU,Synthetic,0.894961472244973,0.6709860021161325,Operations,Operations
1163,SI_ref_17,Pristine SCG biochar,IBU,Synthetic,0.8949151720794959,0.6506266671911907,Operations,Operations
1165,SI_ref_17,Pristine SCG biochar,IBU,Synthetic,0.892599829508416,0.6386967428372482,Operations,Operations
1167,SI_ref_17,Pristine SCG biochar,IBU,Synthetic,0.8914167516338777,0.6302266286353894,Operations,Operations
1169,SI_ref_17,Pristine SCG biochar,IBU,Synthetic,0.886841225533622,0.6217531108966485,Operations,Operations
1171,SI_ref_17,Pristine SCG biochar,IBU,Synthetic,0.8055661914208297,0.5554240215427317,Operations,Operations
1173,SI_ref_17,Pristine SCG biochar,IBU,Synthetic,0.9319085004678631,0.6098061747480022,Operations,Operations
1175,SI_ref_17,Pristine SCG biochar,IBU,Synthetic,0.9111084458291452,0.6098061747480022,Operations,Operations
1177,SI_ref_17,Pristine SCG biochar,IBU,Synthetic,0.9162887928675453,0.6098061747480022,Operations,Operations
1179,SI_ref_17,Pristine SCG biochar,IBU,Synthetic,0.9142212192930818,0.6098061747480022,Operations,Operations
1181,SI_ref_17,Pristine SCG biochar,IBU,Synthetic,0.9090486144760851,0.6098061747480022,Operations,Operations
1183,SI_ref_17,Pristine SCG biochar,IBU,Synthetic,0.9114748664800524,0.6098061747480022,Operations,Operations
1185,SI_ref_17,Pristine SCG biochar,IBU,Synthetic,0.93372158594911,0.6641883279532728,Operations,Operations
1187,SI_ref_17,Pristine SCG biochar,IBU,Synthetic,0.9448963419259283,0.6098061747480022,Operations,Operations
1189,SI_ref_17,Pristine SCG biochar,IBU,Synthetic,0.9210277046979152,0.6098061747480022,Operations,Operations
1191,SI_ref_17,Pristine SCG biochar,IBU,Synthetic,0.9513456586569363,0.6098061747480022,Operations,Operations
1193,SI_ref_17,Pristine SCG biochar,IBU,Synthetic,0.9310638115047126,0.6098061747480022,Operations,Operations
1195,SI_ref_17,Pristine SCG biochar,IBU,Synthetic,0.9376778036385122,0.6098061747480022,Operations,Operations
