condition_id,source_candidate,Adsorbent,Pollutant,Wastewater type,r,prediction,strategy,id
2,SI_ref_19,AMCB,IBU,Ground water,0.6563767477253929,0.5220622207784944,ARD,ARD_1
4,SI_ref_19,AMCB,IBU,Ground water,0.5414154110835401,0.5062835146410082,ARD,ARD_1
6,SI_ref_19,AMCB,IBU,Ground water,0.39819987427626136,0.4903176230250894,ARD,ARD_1
8,SI_ref_19,AMCB,IBU,Ground water,0.3426557088502895,0.4742563974626927,ARD,ARD_1
10,SI_ref_19,AMCB,IBU,Ground water,0.3352626765922249,0.45814705979779197,ARD,ARD_1
12,SI_ref_19,AMCB,IBU,Ground water,0.33078034739454093,0.44871154167444127,ARD,ARD_1
14,SI_ref_19,AMCB,IBU,Ground water,0.3305497038875103,0.44201355354014055,ARD,ARD_1
16,SI_ref_19,AMCB,IBU,Ground water,0.029204625724030753,0.432569962456472,ARD,ARD_1
18,SI_ref_19,AMCB,IBU,Ground water,0.005264283840238958,0.432569962456472,ARD,ARD_1
20,SI_ref_19,AMCB,IBU,Ground water,0.0023766372681587895,0.432569962456472,ARD,ARD_1
22,SI_ref_19,AMCB,IBU,Ground water,0.32926049296939613,0.432569962456472,ARD,ARD_1
24,SI_ref_19,AMCB,IBU,Ground water,0.19832193047959257,0.4325537913102651,ARD,ARD_1
26,SI_ref_19,AMCB,IBU,Ground water,0.1894672613641715,0.4325537913102651,ARD,ARD_1
28,SI_ref_19,AMCB,IBU,Ground water,0.1528746627917146,0.4325537913102651,ARD,ARD_1
30,SI_ref_19,AMCB,IBU,Ground water,0.3449761650083755,0.4325376313745591,ARD,ARD_1
32,SI_ref_19,AMCB,IBU,Ground water,0.30765270742093687,0.4325376313745591,ARD,ARD_1
34,SI_ref_19,AMCB,IBU,Ground water,0.303030777614079,0.4325376313745591,ARD,ARD_1
36,SI_ref_19,AMCB,IBU,Ground water,0.41496556078686897,0.4325214826338216,ARD,ARD_1
38,SI_ref_19,AMCB,IBU,Ground water,0.3766264851820565,0.4325214826338216,ARD,ARD_1
40,SI_ref_19,AMCB,IBU,Ground water,0.38956403906090076,0.4325214826338216,ARD,ARD_1
42,SI_ref_19,AMCB,IBU,Ground water,0.5182383095521604,0.43250534507255245,ARD,ARD_1
44,SI_ref_19,AMCB,IBU,Ground water,0.5024496962602676,0.43250534507255245,ARD,ARD_1
46,SI_ref_19,AMCB,IBU,Ground water,0.48210720700720494,0.43250534507255245,ARD,ARD_1
48,SI_ref_19,AMCB,IBU,Ground water,0.03338351934448727,0.4324892186752837,ARD,ARD_1
50,SI_ref_19,AMCB,IBU,Ground water,0.0,0.4324892186752837,ARD,ARD_1
52,SI_ref_19,AMCB,IBU,Ground water,0.003531050071646246,0.4324892186752837,ARD,ARD_1
54,SI_ref_19,AMCB,IBU,Ground water,0.19999798179579809,0.43247310342657946,ARD,ARD_1
56,SI_ref_19,AMCB,IBU,Ground water,0.17260220522445793,0.43247310342657946,ARD,ARD_1
58,SI_ref_19,AMCB,IBU,Ground water,0.15656878376287445,0.43247310342657946,ARD,ARD_1
60,SI_ref_19,AMCB,IBU,Ground water,0.3457359785263073,0.43245699931103576,ARD,ARD_1
62,SI_ref_19,AMCB,IBU,Ground water,0.32626934953278575,0.43245699931103576,ARD,ARD_1
64,SI_ref_19,AMCB,IBU,Ground water,0.3258728934993643,0.43245699931103576,ARD,ARD_1
66,SI_ref_19,AMCB,IBU,Ground water,0.4885549946229274,0.43244090631328075,ARD,ARD_1
68,SI_ref_19,AMCB,IBU,Ground water,0.39885279506866217,0.43244090631328075,ARD,ARD_1
70,SI_ref_19,AMCB,IBU,Ground water,0.42188356115014575,0.43244090631328075,ARD,ARD_1
72,SI_ref_19,AMCB,IBU,Ground water,0.5107350299703324,0.4324248244179742,ARD,ARD_1
74,SI_ref_19,AMCB,IBU,Ground water,0.5226317382792791,0.4324248244179742,ARD,ARD_1
76,SI_ref_19,AMCB,IBU,Ground water,0.4945842701164504,0.4324248244179742,ARD,ARD_1
78,SI_ref_19,AMCB,IBU,Ground water,0.025848755777109534,0.43240875360980763,ARD,ARD_1
80,SI_ref_19,AMCB,IBU,Ground water,0.008169690609295848,0.43240875360980763,ARD,ARD_1
82,SI_ref_19,AMCB,IBU,Ground water,0.0,0.43240875360980763,ARD,ARD_1
84,SI_ref_19,AMCB,IBU,Ground water,0.2007202298061851,0.43239269387350426,ARD,ARD_1
86,SI_ref_19,AMCB,IBU,Ground water,0.16952726930244136,0.43239269387350426,ARD,ARD_1
88,SI_ref_19,AMCB,IBU,Ground water,0.14747637019246942,0.43239269387350426,ARD,ARD_1
90,SI_ref_19,AMCB,IBU,Ground water,0.34008395729479907,0.43237664519381885,ARD,ARD_1
92,SI_ref_19,AMCB,IBU,Ground water,0.32813530040969546,0.43237664519381885,ARD,ARD_1
94,SI_ref_19,AMCB,IBU,Ground water,0.3191737471997417,0.43237664519381885,ARD,ARD_1
96,SI_ref_19,AMCB,IBU,Ground water,0.45590621693388655,0.43236060755553757,ARD,ARD_1
98,SI_ref_19,AMCB,IBU,Ground water,0.4386715603313315,0.43236060755553757,ARD,ARD_1
100,SI_ref_19,AMCB,IBU,Ground water,0.4136227630368784,0.43236060755553757,ARD,ARD_1
102,SI_ref_19,AMCB,IBU,Ground water,0.15909620069601668,0.4085356459968146,ARD,ARD_1
104,SI_ref_19,AMCB,IBU,Ground water,0.32070040208616674,0.43234458094347805,ARD,ARD_1
106,SI_ref_19,AMCB,IBU,Ground water,0.3644459510905023,0.4561535158901415,ARD,ARD_1
108,SI_ref_19,AMCB,IBU,Ground water,0.46356787238707886,0.479962450836805,ARD,ARD_1
110,SI_ref_19,AMCB,IBU,Ground water,0.5205305455205957,0.43234458094347805,ARD,ARD_1
112,SI_ref_19,AMCB,IBU,Ground water,0.5464029950150356,0.43234458094347805,ARD,ARD_1
114,SI_ref_19,AMCB,IBU,Ground water,0.48301499525722014,0.43234458094347805,ARD,ARD_1
117,SI_ref_17,Alkali-modified SCG biochars,CBZ,Synthetic,0.12103690777624292,0.30031062288165106,ARD,ARD_1
119,SI_ref_17,Alkali-modified SCG biochars,CBZ,Synthetic,0.0701486117179634,0.28453191674416484,ARD,ARD_1
121,SI_ref_17,Alkali-modified SCG biochars,CBZ,Synthetic,0.050188840370859876,0.2591786525067209,ARD,ARD_1
123,SI_ref_17,Alkali-modified SCG biochars,CBZ,Synthetic,0.033003190610721066,0.24308538546533065,ARD,ARD_1
125,SI_ref_17,Alkali-modified SCG biochars,CBZ,Synthetic,0.03511734337104713,0.23365524154759498,ARD,ARD_1
127,SI_ref_17,Alkali-modified SCG biochars,CBZ,Synthetic,0.03195287629892775,0.22695994377759787,ARD,ARD_1
129,SI_ref_17,Alkali-modified SCG biochars,CBZ,Synthetic,0.03449328813829176,0.2202619556432972,ARD,ARD_1
132,SI_ref_17,Alkali-modified SCG biochars,CBZ,Synthetic,0.041716779164719504,0.21081836455962855,ARD,ARD_1
134,SI_ref_17,Alkali-modified SCG biochars,CBZ,Synthetic,0.00635796336582959,0.21081836455962855,ARD,ARD_1
136,SI_ref_17,Alkali-modified SCG biochars,CBZ,Synthetic,0.011730609548845337,0.21081836455962855,ARD,ARD_1
138,SI_ref_17,Alkali-modified SCG biochars,CBZ,Synthetic,0.01988738850164665,0.21081836455962855,ARD,ARD_1
140,SI_ref_17,Alkali-modified SCG biochars,CBZ,Synthetic,0.006132526431344026,0.21081836455962855,ARD,ARD_1
142,SI_ref_17,Alkali-modified SCG biochars,CBZ,Synthetic,0.007712590639419909,0.21081836455962855,ARD,ARD_1
145,SI_ref_17,Alkali-modified SCG biochars,CBZ,Synthetic,0.10268999927349255,0.21081836455962855,ARD,ARD_1
147,SI_ref_17,Alkali-modified SCG biochars,CBZ,Synthetic,0.14439822919669368,0.21081836455962855,ARD,ARD_1
149,SI_ref_17,Alkali-modified SCG biochars,CBZ,Synthetic,0.34003506921741083,0.21081836455962855,ARD,ARD_1
151,SI_ref_17,Alkali-modified SCG biochars,CBZ,Synthetic,0.4516798693491866,0.21081836455962855,ARD,ARD_1
153,SI_ref_17,Alkali-modified SCG biochars,CBZ,Synthetic,0.5612135486607656,0.21081836455962855,ARD,ARD_1
282,SI_ref_19,CB,IBU,Ground water,0.9280102961124896,1.009348316660636,ARD,ARD_1
284,SI_ref_19,CB,IBU,Ground water,0.9242732043010754,0.99356961052315,ARD,ARD_1
286,SI_ref_19,CB,IBU,Ground water,0.9218881323407775,0.9776037189072311,ARD,ARD_1
288,SI_ref_19,CB,IBU,Ground water,0.9215853366418528,0.9615424933448344,ARD,ARD_1
290,SI_ref_19,CB,IBU,Ground water,0.9207959503722085,0.9454331556799337,ARD,ARD_1
292,SI_ref_19,CB,IBU,Ground water,0.9207361323407776,0.935997637556583,ARD,ARD_1
294,SI_ref_19,CB,IBU,Ground water,0.9206762613730356,0.9292996494222823,ARD,ARD_1
296,SI_ref_19,CB,IBU,Ground water,0.9945207101387852,0.9198560583386137,ARD,ARD_1
298,SI_ref_19,CB,IBU,Ground water,0.9765877548823724,0.9198560583386137,ARD,ARD_1
300,SI_ref_19,CB,IBU,Ground water,0.9595058090644278,0.9198560583386137,ARD,ARD_1
302,SI_ref_19,CB,IBU,Ground water,0.9409019130333385,0.9198560583386137,ARD,ARD_1
304,SI_ref_19,CB,IBU,Ground water,0.9323428884090048,0.9198560583386137,ARD,ARD_1
306,SI_ref_19,CB,IBU,Ground water,0.9259231602386863,0.9198560583386137,ARD,ARD_1
308,SI_ref_19,CB,IBU,Ground water,0.8753590996713628,0.8960471233919503,ARD,ARD_1
310,SI_ref_19,CB,IBU,Ground water,0.9341230700922319,0.9198560583386137,ARD,ARD_1
312,SI_ref_19,CB,IBU,Ground water,0.9234390298948024,0.9198560583386137,ARD,ARD_1
314,SI_ref_19,CB,IBU,Ground water,0.917590560186213,0.9198560583386137,ARD,ARD_1
316,SI_ref_19,CB,IBU,Ground water,0.9236132062907854,0.9436649932852772,ARD,ARD_1
318,SI_ref_19,CB,IBU,Ground water,0.9231865295080666,0.9674739282319407,ARD,ARD_1
320,SI_ref_19,CB,IBU,Ground water,0.9303445651202417,0.9198560583386137,ARD,ARD_1
322,SI_ref_19,CB,IBU,Ground water,0.923151204819856,0.9198560583386137,ARD,ARD_1
324,SI_ref_19,CB,IBU,Ground water,0.9175260660683171,0.9198560583386137,ARD,ARD_1
326,SI_ref_19,CB,IBU,Ground water,0.9318432124429017,0.9198560583386137,ARD,ARD_1
328,SI_ref_19,CB,IBU,Ground water,0.9241489703794897,0.9198560583386137,ARD,ARD_1
330,SI_ref_19,CB,IBU,Ground water,0.9174641264203113,0.9198560583386137,ARD,ARD_1
523,SI_ref_19,MCB,IBU,Ground water,0.9264289561621175,0.9522760105079765,ARD,ARD_1
525,SI_ref_19,MCB,IBU,Ground water,0.9196854524400332,0.9364973043704903,ARD,ARD_1
527,SI_ref_19,MCB,IBU,Ground water,0.9178832092638545,0.9205314127545716,ARD,ARD_1
529,SI_ref_19,MCB,IBU,Ground water,0.9177463688999173,0.9044701871921749,ARD,ARD_1
531,SI_ref_19,MCB,IBU,Ground water,0.9177232092638544,0.8883608495272741,ARD,ARD_1
533,SI_ref_19,MCB,IBU,Ground water,0.9175379321753515,0.8789253314039234,ARD,ARD_1
535,SI_ref_19,MCB,IBU,Ground water,0.9173856344086023,0.8722273432696227,ARD,ARD_1
537,SI_ref_19,MCB,IBU,Ground water,0.9902068659306948,0.862783752185954,ARD,ARD_1
539,SI_ref_19,MCB,IBU,Ground water,0.9708228218531151,0.862783752185954,ARD,ARD_1
541,SI_ref_19,MCB,IBU,Ground water,0.9483485035015843,0.862783752185954,ARD,ARD_1
543,SI_ref_19,MCB,IBU,Ground water,0.9173115500413566,0.862783752185954,ARD,ARD_1
545,SI_ref_19,MCB,IBU,Ground water,0.9358359065436908,0.8627675810397473,ARD,ARD_1
547,SI_ref_19,MCB,IBU,Ground water,0.9263512886233829,0.8627675810397473,ARD,ARD_1
549,SI_ref_19,MCB,IBU,Ground water,0.9153544975680639,0.8627675810397473,ARD,ARD_1
551,SI_ref_19,MCB,IBU,Ground water,0.9271238571918706,0.8627514211040412,ARD,ARD_1
553,SI_ref_19,MCB,IBU,Ground water,0.9199191103755877,0.8627514211040412,ARD,ARD_1
555,SI_ref_19,MCB,IBU,Ground water,0.910886274193223,0.8627514211040412,ARD,ARD_1
557,SI_ref_19,MCB,IBU,Ground water,0.8716126359176348,0.8389263374166402,ARD,ARD_1
559,SI_ref_19,MCB,IBU,Ground water,0.9228881866842084,0.8627352723633037,ARD,ARD_1
561,SI_ref_19,MCB,IBU,Ground water,0.9227697266379059,0.8865442073099672,ARD,ARD_1
563,SI_ref_19,MCB,IBU,Ground water,0.9221446299502403,0.9103531422566307,ARD,ARD_1
565,SI_ref_19,MCB,IBU,Ground water,0.9254612605703445,0.8627352723633037,ARD,ARD_1
567,SI_ref_19,MCB,IBU,Ground water,0.9188111047361486,0.8627352723633037,ARD,ARD_1
569,SI_ref_19,MCB,IBU,Ground water,0.9124876096677748,0.8627352723633037,ARD,ARD_1
571,SI_ref_19,MCB,IBU,Ground water,0.927696260267614,0.8627191348020345,ARD,ARD_1
573,SI_ref_19,MCB,IBU,Ground water,0.9222883610163676,0.8627191348020345,ARD,ARD_1
575,SI_ref_19,MCB,IBU,Ground water,0.9173366162788351,0.8627191348020345,ARD,ARD_1
577,SI_ref_19,MCB,IBU,Ground water,0.9896236049163454,0.8627030084047658,ARD,ARD_1
579,SI_ref_19,MCB,IBU,Ground water,0.9728688772730024,0.8627030084047658,ARD,ARD_1
581,SI_ref_19,MCB,IBU,Ground water,0.95367292982704,0.8627030084047658,ARD,ARD_1
583,SI_ref_19,MCB,IBU,Ground water,0.9381494412938034,0.8626868931560615,ARD,ARD_1
585,SI_ref_19,MCB,IBU,Ground water,0.925414707326754,0.8626868931560615,ARD,ARD_1
587,SI_ref_19,MCB,IBU,Ground water,0.9200694262245456,0.8626868931560615,ARD,ARD_1
589,SI_ref_19,MCB,IBU,Ground water,0.9296751902157461,0.8626707890405179,ARD,ARD_1
591,SI_ref_19,MCB,IBU,Ground water,0.9221403459202003,0.8626707890405179,ARD,ARD_1
593,SI_ref_19,MCB,IBU,Ground water,0.911624129649438,0.8626707890405179,ARD,ARD_1
595,SI_ref_19,MCB,IBU,Ground water,0.9248851497651674,0.8626546960427629,ARD,ARD_1
597,SI_ref_19,MCB,IBU,Ground water,0.9206218375460943,0.8626546960427629,ARD,ARD_1
599,SI_ref_19,MCB,IBU,Ground water,0.9170274735254856,0.8626546960427629,ARD,ARD_1
601,SI_ref_19,MCB,IBU,Ground water,0.9300914246503462,0.8626386141474562,ARD,ARD_1
603,SI_ref_19,MCB,IBU,Ground water,0.920786534541565,0.8626386141474562,ARD,ARD_1
605,SI_ref_19,MCB,IBU,Ground water,0.9160948152334054,0.8626386141474562,ARD,ARD_1
607,SI_ref_19,MCB,IBU,Ground water,0.9861765121394982,0.8626225433392897,ARD,ARD_1
609,SI_ref_19,MCB,IBU,Ground water,0.9661781267028597,0.8626225433392897,ARD,ARD_1
611,SI_ref_19,MCB,IBU,Ground water,0.9529992532644452,0.8626225433392897,ARD,ARD_1
613,SI_ref_19,MCB,IBU,Ground water,0.9352947587236877,0.8626064836029863,ARD,ARD_1
615,SI_ref_19,MCB,IBU,Ground water,0.9284499518994666,0.8626064836029863,ARD,ARD_1
617,SI_ref_19,MCB,IBU,Ground water,0.917077774862594,0.8626064836029863,ARD,ARD_1
619,SI_ref_19,MCB,IBU,Ground water,0.9255842902984923,0.8625904349233009,ARD,ARD_1
621,SI_ref_19,MCB,IBU,Ground water,0.9186162384710084,0.8625904349233009,ARD,ARD_1
623,SI_ref_19,MCB,IBU,Ground water,0.9103224686673798,0.8625904349233009,ARD,ARD_1
625,SI_ref_19,MCB,IBU,Ground water,0.9258221154816445,0.8625743972850197,ARD,ARD_1
627,SI_ref_19,MCB,IBU,Ground water,0.921668420582223,0.8625743972850197,ARD,ARD_1
629,SI_ref_19,MCB,IBU,Ground water,0.9150562646500002,0.8625743972850197,ARD,ARD_1
631,SI_ref_19,MCB,IBU,Ground water,0.9296259863973036,0.8625583706729602,ARD,ARD_1
633,SI_ref_19,MCB,IBU,Ground water,0.9216175906678238,0.8625583706729602,ARD,ARD_1
635,SI_ref_19,MCB,IBU,Ground water,0.9188076045934327,0.8625583706729602,ARD,ARD_1
698,SI_ref_18,NaOH-activated SCW biochars,IBU,Lake water,0.585296751211726,0.561802162017404,ARD,ARD_1
700,SI_ref_18,NaOH-activated SCW biochars,IBU,Lake water,0.6304734220526563,0.5460234558799177,ARD,ARD_1
702,SI_ref_18,NaOH-activated SCW biochars,IBU,Lake water,0.6077686506314385,0.5300575642639991,ARD,ARD_1
704,SI_ref_18,NaOH-activated SCW biochars,IBU,Lake water,0.6040537723014899,0.5139963387016023,ARD,ARD_1
706,SI_ref_18,NaOH-activated SCW biochars,IBU,Lake water,0.6292724453182281,0.4978870010367016,ARD,ARD_1
708,SI_ref_18,NaOH-activated SCW biochars,IBU,Lake water,0.6376478565264503,0.4884514829133509,ARD,ARD_1
710,SI_ref_18,NaOH-activated SCW biochars,IBU,Lake water,0.6108673600702487,0.48175349477905016,ARD,ARD_1
712,SI_ref_18,NaOH-activated SCW biochars,IBU,Lake water,0.10371139816269948,0.4723099036953816,ARD,ARD_1
714,SI_ref_18,NaOH-activated SCW biochars,IBU,Lake water,0.46656560236114836,0.4723099036953816,ARD,ARD_1
716,SI_ref_18,NaOH-activated SCW biochars,IBU,Lake water,0.44106817459704084,0.44850096874871814,ARD,ARD_1
718,SI_ref_18,NaOH-activated SCW biochars,IBU,Lake water,0.6893393142281772,0.4723099036953816,ARD,ARD_1
720,SI_ref_18,NaOH-activated SCW biochars,IBU,Lake water,0.621379975330744,0.4723099036953816,ARD,ARD_1
722,SI_ref_18,NaOH-activated SCW biochars,IBU,Lake water,0.6727437787241767,0.4723099036953816,ARD,ARD_1
723,SI_ref_18,NaOH-activated SCW biochars,IBU,Lake water,0.6293605973980515,0.4723099036953816,ARD,ARD_1
724,SI_ref_18,NaOH-activated SCW biochars,IBU,Lake water,0.6573710855713073,0.4723099036953816,ARD,ARD_1
726,SI_ref_18,NaOH-activated SCW biochars,IBU,Lake water,0.6298354173553987,0.4723099036953816,ARD,ARD_1
727,SI_ref_18,NaOH-activated SCW biochars,IBU,Lake water,0.6523803226831055,0.4723099036953816,ARD,ARD_1
728,SI_ref_18,NaOH-activated SCW biochars,IBU,Lake water,0.6378679449532959,0.4723099036953816,ARD,ARD_1
730,SI_ref_18,NaOH-activated SCW biochars,IBU,Lake water,0.627404015064595,0.4723099036953816,ARD,ARD_1
731,SI_ref_18,NaOH-activated SCW biochars,IBU,Lake water,0.6077370696640284,0.4723099036953816,ARD,ARD_1
732,SI_ref_18,NaOH-activated SCW biochars,IBU,Lake water,0.6159420233488258,0.4723099036953816,ARD,ARD_1
734,SI_ref_18,NaOH-activated SCW biochars,IBU,Lake water,0.6074163960354965,0.4723099036953816,ARD,ARD_1
735,SI_ref_18,NaOH-activated SCW biochars,IBU,Lake water,0.6146046840259546,0.4723099036953816,ARD,ARD_1
736,SI_ref_18,NaOH-activated SCW biochars,IBU,Lake water,0.6281995086504742,0.4723099036953816,ARD,ARD_1
738,SI_ref_18,NaOH-activated SCW biochars,IBU,Lake water,0.6298527247859258,0.4723099036953816,ARD,ARD_1
739,SI_ref_18,NaOH-activated SCW biochars,IBU,Lake water,0.576999656444263,0.4723099036953816,ARD,ARD_1
740,SI_ref_18,NaOH-activated SCW biochars,IBU,Lake water,0.5791171913994386,0.4723099036953816,ARD,ARD_1
742,SI_ref_18,NaOH-activated SCW biochars,IBU,Lake water,0.5786725135963804,0.4723099036953816,ARD,ARD_1
743,SI_ref_18,NaOH-activated SCW biochars,IBU,Lake water,0.6233870058145189,0.4723099036953816,ARD,ARD_1
744,SI_ref_18,NaOH-activated SCW biochars,IBU,Lake water,0.5944978576382812,0.4723099036953816,ARD,ARD_1
745,SI_ref_18,NaOH-activated SCW biochars,IBU,Lake water,0.5630080357470825,0.4723099036953816,ARD,ARD_1
747,SI_ref_18,NaOH-activated SCW biochars,IBU,Lake water,0.6846241766923425,0.4961188386420451,ARD,ARD_1
749,SI_ref_18,NaOH-activated SCW biochars,IBU,Lake water,0.744908980376152,0.5199277735887086,ARD,ARD_1
751,SI_ref_18,NaOH-activated SCW biochars,IBU,Lake water,0.6869669848084122,0.4723099036953816,ARD,ARD_1
753,SI_ref_18,NaOH-activated SCW biochars,IBU,Lake water,0.7932075459644551,0.4723099036953816,ARD,ARD_1
852,SI_ref_13,PB600,CBZ,Synthetic,0.5776772247360483,0.6797252036539196,ARD,ARD_1
853,SI_ref_13,PB600,CBZ,Synthetic,0.5656108597285068,0.6639464975164335,ARD,ARD_1
854,SI_ref_13,PB600,CBZ,Synthetic,0.5475113122171945,0.6479806059005147,ARD,ARD_1
855,SI_ref_13,PB600,CBZ,Synthetic,0.4479638009049774,0.6385932332789896,ARD,ARD_1
856,SI_ref_13,PB600,CBZ,Synthetic,0.45098039215686275,0.6224999662375993,ARD,ARD_1
857,SI_ref_13,PB600,CBZ,Synthetic,0.42684766214177977,0.6130698223198636,ARD,ARD_1
858,SI_ref_13,PB600,CBZ,Synthetic,0.32437120555073723,0.6063745245498666,ARD,ARD_1
859,SI_ref_13,PB600,CBZ,Synthetic,0.4773489932885906,0.6063745245498666,ARD,ARD_1
860,SI_ref_13,PB600,CBZ,Synthetic,0.4437372714068248,0.6063745245498666,ARD,ARD_1
861,SI_ref_13,PB600,CBZ,Synthetic,0.35791881074899945,0.6063745245498666,ARD,ARD_1
862,SI_ref_13,PB600,CBZ,Synthetic,0.32426715019643393,0.6063745245498666,ARD,ARD_1
863,SI_ref_13,PB600,CBZ,Synthetic,0.24055829228243014,0.6063745245498666,ARD,ARD_1
864,SI_ref_13,PB600,CBZ,Synthetic,0.44839549002601903,0.6063745245498666,ARD,ARD_1
865,SI_ref_13,PB600,CBZ,Synthetic,0.5528523489932886,0.6063745245498666,ARD,ARD_1
866,SI_ref_13,PB600,CBZ,Synthetic,0.5653368025440879,0.6063745245498666,ARD,ARD_1
867,SI_ref_13,PB600,CBZ,Synthetic,0.6235906331309627,0.6063745245498666,ARD,ARD_1
868,SI_ref_13,PB600,CBZ,Synthetic,0.6991037872217403,0.6063745245498666,ARD,ARD_1
869,SI_ref_13,PB600,CBZ,Synthetic,0.7401395944327428,0.6063745245498666,ARD,ARD_1
870,SI_ref_13,PB600,CBZ,Synthetic,0.8642533936651583,0.5902329453318973,ARD,ARD_1
871,SI_ref_13,PB600,CBZ,Synthetic,0.6953242835595775,0.5902329453318973,ARD,ARD_1
872,SI_ref_13,PB600,CBZ,Synthetic,0.4479638009049774,0.5902329453318973,ARD,ARD_1
873,SI_ref_13,PB600,CBZ,Synthetic,0.36651583710407243,0.5902329453318973,ARD,ARD_1
874,SI_ref_13,PB600,CBZ,Synthetic,0.248868778280543,0.5902329453318973,ARD,ARD_1
898,SI_ref_13,PB600,CBZ,Synthetic,0.244663382594417,0.6063745245498666,ARD,ARD_1
899,SI_ref_13,PB800,CBZ,Synthetic,0.27061079156395507,0.494060242031276,ARD,ARD_1
900,SI_ref_13,PB800,CBZ,Synthetic,0.22678718159408381,0.47828153589378986,ARD,ARD_1
901,SI_ref_13,PB800,CBZ,Synthetic,0.18844152287044644,0.46231564427787114,ARD,ARD_1
902,SI_ref_13,PB800,CBZ,Synthetic,0.17748562037797863,0.45292827165634597,ARD,ARD_1
903,SI_ref_13,PB800,CBZ,Synthetic,0.16379074226239385,0.43683500461495567,ARD,ARD_1
904,SI_ref_13,PB800,CBZ,Synthetic,0.155573815393043,0.4274048606972201,ARD,ARD_1
905,SI_ref_13,PB800,CBZ,Synthetic,0.08520900321543408,0.420709562927223,ARD,ARD_1
906,SI_ref_13,PB800,CBZ,Synthetic,0.16135346756152125,0.420709562927223,ARD,ARD_1
907,SI_ref_13,PB800,CBZ,Synthetic,0.1561792870827899,0.420709562927223,ARD,ARD_1
908,SI_ref_13,PB800,CBZ,Synthetic,0.13676633444075306,0.420709562927223,ARD,ARD_1
909,SI_ref_13,PB800,CBZ,Synthetic,0.1002310803004044,0.420709562927223,ARD,ARD_1
910,SI_ref_13,PB800,CBZ,Synthetic,0.04322336667164253,0.420709562927223,ARD,ARD_1
911,SI_ref_13,PB800,CBZ,Synthetic,0.20609619686800895,0.420709562927223,ARD,ARD_1
912,SI_ref_13,PB800,CBZ,Synthetic,0.1865212527964206,0.420709562927223,ARD,ARD_1
913,SI_ref_13,PB800,CBZ,Synthetic,0.28121650589496244,0.420709562927223,ARD,ARD_1
914,SI_ref_13,PB800,CBZ,Synthetic,0.36611289746337977,0.420709562927223,ARD,ARD_1
915,SI_ref_13,PB800,CBZ,Synthetic,0.5117363344051448,0.420709562927223,ARD,ARD_1
916,SI_ref_13,PB800,CBZ,Synthetic,0.5707012708620426,0.420709562927223,ARD,ARD_1
917,SI_ref_13,PB800,CBZ,Synthetic,0.5791052918712493,0.4045679837092537,ARD,ARD_1
918,SI_ref_13,PB800,CBZ,Synthetic,0.30905619203491547,0.4045679837092537,ARD,ARD_1
919,SI_ref_13,PB800,CBZ,Synthetic,0.16448445171849424,0.4045679837092537,ARD,ARD_1
920,SI_ref_13,PB800,CBZ,Synthetic,0.12460736493062231,0.4045679837092537,ARD,ARD_1
921,SI_ref_13,PB800,CBZ,Synthetic,0.08265139116202945,0.4045679837092537,ARD,ARD_1
987,SI_ref_15,PSB,TEB,Synthetic,0.9529494921755761,0.7677514359770414,ARD,ARD_1
988,SI_ref_15,PSB,TEB,Synthetic,0.9422238246841239,0.7519727298395552,ARD,ARD_1
989,SI_ref_15,PSB,TEB,Synthetic,0.9297851778252496,0.7360068382236364,ARD,ARD_1
990,SI_ref_15,PSB,TEB,Synthetic,0.9225192311101157,0.7199456126612398,ARD,ARD_1
991,SI_ref_15,PSB,TEB,Synthetic,0.920805363267918,0.703836274996339,ARD,ARD_1
992,SI_ref_15,PSB,TEB,Synthetic,0.9178876121047361,0.6944007568729884,ARD,ARD_1
993,SI_ref_15,PSB,TEB,Synthetic,0.9171857170319854,0.6877027687386876,ARD,ARD_1
994,SI_ref_15,PSB,TEB,Synthetic,0.9362126098667423,0.6782591776550191,ARD,ARD_1
995,SI_ref_15,PSB,TEB,Synthetic,0.9575716949823408,0.6782591776550191,ARD,ARD_1
996,SI_ref_15,PSB,TEB,Synthetic,0.9144403299752767,0.6782591776550191,ARD,ARD_1
997,SI_ref_15,PSB,TEB,Synthetic,0.9131362601666559,0.6782591776550191,ARD,ARD_1
998,SI_ref_15,PSB,TEB,Synthetic,0.9073783566890704,0.6782591776550191,ARD,ARD_1
999,SI_ref_15,PSB,TEB,Synthetic,0.8610942615965279,0.6782591776550191,ARD,ARD_1
1000,SI_ref_15,PSB,TEB,Synthetic,0.8714762044822667,0.6782591776550191,ARD,ARD_1
1001,SI_ref_15,PSB,TEB,Synthetic,0.8650362109004135,0.6782591776550191,ARD,ARD_1
1002,SI_ref_15,PSB,TEB,Synthetic,0.9441016733966956,0.6782591776550191,ARD,ARD_1
1003,SI_ref_15,PSB,TEB,Synthetic,0.952584477756588,0.6782591776550191,ARD,ARD_1
1004,SI_ref_15,PSB,TEB,Synthetic,0.9589909115585907,0.6782591776550191,ARD,ARD_1
1005,SI_ref_15,PSB,TEB,Synthetic,0.9629553594597028,0.6782591776550191,ARD,ARD_1
1052,SI_ref_15,PSBOX-A,TEB,Synthetic,0.5158767649493458,0.07893329797787074,ARD,ARD_1
1053,SI_ref_15,PSBOX-A,TEB,Synthetic,0.41210379963008376,0.06315459184038452,ARD,ARD_1
1054,SI_ref_15,PSBOX-A,TEB,Synthetic,0.30623403384032577,0.04718870022446586,ARD,ARD_1
1055,SI_ref_15,PSBOX-A,TEB,Synthetic,0.21283845390046752,0.03112747466206911,ARD,ARD_1
1056,SI_ref_15,PSBOX-A,TEB,Synthetic,0.12421842587964138,0.015018136997168363,ARD,ARD_1
1057,SI_ref_15,PSBOX-A,TEB,Synthetic,0.09371708683213013,0.005582618873817724,ARD,ARD_1
1058,SI_ref_15,PSBOX-A,TEB,Synthetic,0.07890621232231329,-0.0011153692604830567,ARD,ARD_1
1059,SI_ref_15,PSBOX-A,TEB,Synthetic,0.07277962857952934,-0.010558960344151602,ARD,ARD_1
1060,SI_ref_15,PSBOX-A,TEB,Synthetic,0.5073983287736047,-0.05817683023747855,ARD,ARD_1
1061,SI_ref_15,PSBOX-A,TEB,Synthetic,0.5163778457532948,-0.010558960344151602,ARD,ARD_1
1062,SI_ref_15,PSBOX-A,TEB,Synthetic,0.5077105405964751,-0.010558960344151602,ARD,ARD_1
1063,SI_ref_15,PSBOX-A,TEB,Synthetic,0.058828707349529885,-0.010558960344151602,ARD,ARD_1
1064,SI_ref_15,PSBOX-A,TEB,Synthetic,0.4930488637978448,-0.010558960344151602,ARD,ARD_1
1065,SI_ref_15,PSBOX-A,TEB,Synthetic,0.5160089507499187,0.037058909549175345,ARD,ARD_1
1066,SI_ref_15,PSBOX-A,TEB,Synthetic,0.07083175356135256,-0.010558960344151602,ARD,ARD_1
1067,SI_ref_15,PSBOX-A,TEB,Synthetic,0.051172794584274484,-0.010558960344151602,ARD,ARD_1
1068,SI_ref_15,PSBOX-A,TEB,Synthetic,0.04750722464731311,-0.010558960344151602,ARD,ARD_1
1069,SI_ref_15,PSBOX-A,TEB,Synthetic,0.04108376658313895,-0.010558960344151602,ARD,ARD_1
1070,SI_ref_15,PSBOX-A,TEB,Synthetic,0.04527670142322688,-0.010558960344151602,ARD,ARD_1
1071,SI_ref_15,PSBOX-A,TEB,Synthetic,0.04243318293660387,-0.010558960344151602,ARD,ARD_1
1072,SI_ref_15,PSBOX-A,TEB,Synthetic,0.09409506092292502,-0.010558960344151602,ARD,ARD_1
1073,SI_ref_15,PSBOX-A,TEB,Synthetic,0.28314921751011557,-0.010558960344151602,ARD,ARD_1
1074,SI_ref_15,PSBOX-A,TEB,Synthetic,0.44223994246690523,-0.010558960344151602,ARD,ARD_1
1075,SI_ref_15,PSBOX-A,TEB,Synthetic,0.5102144207532882,-0.010558960344151602,ARD,ARD_1
1077,SI_ref_17,Pristine SCG biochar,CBZ,Synthetic,0.9431980957558961,0.8854618134308457,ARD,ARD_1
1079,SI_ref_17,Pristine SCG biochar,CBZ,Synthetic,0.9360319849357849,0.8696831072933596,ARD,ARD_1
1081,SI_ref_17,Pristine SCG biochar,CBZ,Synthetic,0.9307104448319532,0.8443298430559157,ARD,ARD_1
1083,SI_ref_17,Pristine SCG biochar,CBZ,Synthetic,0.9258716624342764,0.8282365760145254,ARD,ARD_1
1085,SI_ref_17,Pristine SCG biochar,CBZ,Synthetic,0.9157118703628806,0.8188064320967898,ARD,ARD_1
1087,SI_ref_17,Pristine SCG biochar,CBZ,Synthetic,0.9147137334986508,0.8121111343267927,ARD,ARD_1
1089,SI_ref_17,Pristine SCG biochar,CBZ,Synthetic,0.9138427672538969,0.8054131461924919,ARD,ARD_1
1091,SI_ref_17,Pristine SCG biochar,CBZ,Synthetic,0.8932130468798682,0.7483516852154964,ARD,ARD_1
1093,SI_ref_17,Pristine SCG biochar,CBZ,Synthetic,0.9247624360467385,0.7959695551088234,ARD,ARD_1
1095,SI_ref_17,Pristine SCG biochar,CBZ,Synthetic,0.9071706166070994,0.7959695551088234,ARD,ARD_1
1097,SI_ref_17,Pristine SCG biochar,CBZ,Synthetic,0.908534541255576,0.7959695551088234,ARD,ARD_1
1099,SI_ref_17,Pristine SCG biochar,CBZ,Synthetic,0.903895578148675,0.7959695551088234,ARD,ARD_1
1101,SI_ref_17,Pristine SCG biochar,CBZ,Synthetic,0.9071468090110305,0.7959695551088234,ARD,ARD_1
1103,SI_ref_17,Pristine SCG biochar,CBZ,Synthetic,0.890879570190962,0.7959695551088234,ARD,ARD_1
1105,SI_ref_17,Pristine SCG biochar,CBZ,Synthetic,0.8806314346444372,0.8435874250021503,ARD,ARD_1
1107,SI_ref_17,Pristine SCG biochar,CBZ,Synthetic,0.9289062306369882,0.7959695551088234,ARD,ARD_1
1109,SI_ref_17,Pristine SCG biochar,CBZ,Synthetic,0.9261272699552149,0.7959695551088234,ARD,ARD_1
1111,SI_ref_17,Pristine SCG biochar,CBZ,Synthetic,0.9403460613803251,0.7959695551088234,ARD,ARD_1
1113,SI_ref_17,Pristine SCG biochar,CBZ,Synthetic,0.9373850128799738,0.7959695551088234,ARD,ARD_1
1115,SI_ref_17,Pristine SCG biochar,CBZ,Synthetic,0.925161257978969,0.7959695551088234,ARD,ARD_1
1253,SI_ref_18,Pristine SCW Biochar,IBU,Lake water,0.9264336848996528,1.1168003364743373,ARD,ARD_1
1255,SI_ref_18,Pristine SCW Biochar,IBU,Lake water,0.9179334532144726,1.1010216303368512,ARD,ARD_1
1257,SI_ref_18,Pristine SCW Biochar,IBU,Lake water,0.916180999264559,1.0850557387209325,ARD,ARD_1
1259,SI_ref_18,Pristine SCW Biochar,IBU,Lake water,0.9235678454978681,1.0689945131585359,ARD,ARD_1
1261,SI_ref_18,Pristine SCW Biochar,IBU,Lake water,0.9285970293283682,1.052885175493635,ARD,ARD_1
1263,SI_ref_18,Pristine SCW Biochar,IBU,Lake water,0.9209592404126973,1.0434496573702843,ARD,ARD_1
1265,SI_ref_18,Pristine SCW Biochar,IBU,Lake water,0.9279432945207517,1.0367516692359837,ARD,ARD_1
1269,SI_ref_18,Pristine SCW Biochar,IBU,Lake water,0.8974085452250303,1.0034991432056515,ARD,ARD_1
1271,SI_ref_18,Pristine SCW Biochar,IBU,Lake water,0.9239929387412031,1.027308078152315,ARD,ARD_1
1273,SI_ref_18,Pristine SCW Biochar,IBU,Lake water,0.9256303580479686,1.027308078152315,ARD,ARD_1
1275,SI_ref_18,Pristine SCW Biochar,IBU,Lake water,0.9240446881745522,1.027308078152315,ARD,ARD_1
1276,SI_ref_18,Pristine SCW Biochar,IBU,Lake water,0.9283922239724117,1.027308078152315,ARD,ARD_1
1277,SI_ref_18,Pristine SCW Biochar,IBU,Lake water,0.9240711354841218,1.027308078152315,ARD,ARD_1
1279,SI_ref_18,Pristine SCW Biochar,IBU,Lake water,0.9204127206373283,1.027308078152315,ARD,ARD_1
1280,SI_ref_18,Pristine SCW Biochar,IBU,Lake water,0.9185968665123906,1.027308078152315,ARD,ARD_1
1281,SI_ref_18,Pristine SCW Biochar,IBU,Lake water,0.9182954449695013,1.027308078152315,ARD,ARD_1
1283,SI_ref_18,Pristine SCW Biochar,IBU,Lake water,0.9158900362354069,1.027308078152315,ARD,ARD_1
1284,SI_ref_18,Pristine SCW Biochar,IBU,Lake water,0.9125854189759445,1.027308078152315,ARD,ARD_1
1285,SI_ref_18,Pristine SCW Biochar,IBU,Lake water,0.9175495400890653,1.027308078152315,ARD,ARD_1
1287,SI_ref_18,Pristine SCW Biochar,IBU,Lake water,0.9120226357855434,1.027308078152315,ARD,ARD_1
1288,SI_ref_18,Pristine SCW Biochar,IBU,Lake water,0.9131050308227836,1.027308078152315,ARD,ARD_1
1289,SI_ref_18,Pristine SCW Biochar,IBU,Lake water,0.91141920930323,1.027308078152315,ARD,ARD_1
1291,SI_ref_18,Pristine SCW Biochar,IBU,Lake water,0.9068652159539504,1.027308078152315,ARD,ARD_1
1292,SI_ref_18,Pristine SCW Biochar,IBU,Lake water,0.9091226364337618,1.027308078152315,ARD,ARD_1
1293,SI_ref_18,Pristine SCW Biochar,IBU,Lake water,0.9067682424855283,1.027308078152315,ARD,ARD_1
1295,SI_ref_18,Pristine SCW Biochar,IBU,Lake water,0.9027540853962883,1.027308078152315,ARD,ARD_1
1296,SI_ref_18,Pristine SCW Biochar,IBU,Lake water,0.9025373859945938,1.027308078152315,ARD,ARD_1
1297,SI_ref_18,Pristine SCW Biochar,IBU,Lake water,0.9026152370210476,1.027308078152315,ARD,ARD_1
1298,SI_ref_18,Pristine SCW Biochar,IBU,Lake water,0.9219347373743266,1.027308078152315,ARD,ARD_1
1300,SI_ref_18,Pristine SCW Biochar,IBU,Lake water,0.9277221749920567,1.0511170130989784,ARD,ARD_1
1302,SI_ref_18,Pristine SCW Biochar,IBU,Lake water,0.9340257796823453,1.074925948045642,ARD,ARD_1
2,SI_ref_19,AMCB,IBU,Ground water,0.6563767477253929,0.4023220099007294,AdaBoost,AdaBoost_2
4,SI_ref_19,AMCB,IBU,Ground water,0.5414154110835401,0.4023220099007294,AdaBoost,AdaBoost_2
6,SI_ref_19,AMCB,IBU,Ground water,0.39819987427626136,0.4023220099007294,AdaBoost,AdaBoost_2
8,SI_ref_19,AMCB,IBU,Ground water,0.3426557088502895,0.40042774743477555,AdaBoost,AdaBoost_2
10,SI_ref_19,AMCB,IBU,Ground water,0.3352626765922249,0.40042774743477555,AdaBoost,AdaBoost_2
12,SI_ref_19,AMCB,IBU,Ground water,0.33078034739454093,0.40042774743477555,AdaBoost,AdaBoost_2
14,SI_ref_19,AMCB,IBU,Ground water,0.3305497038875103,0.40042774743477555,AdaBoost,AdaBoost_2
16,SI_ref_19,AMCB,IBU,Ground water,0.029204625724030753,0.40042774743477555,AdaBoost,AdaBoost_2
18,SI_ref_19,AMCB,IBU,Ground water,0.005264283840238958,0.40042774743477555,AdaBoost,AdaBoost_2
20,SI_ref_19,AMCB,IBU,Ground water,0.0023766372681587895,0.40042774743477555,AdaBoost,AdaBoost_2
22,SI_ref_19,AMCB,IBU,Ground water,0.32926049296939613,0.40042774743477555,AdaBoost,AdaBoost_2
24,SI_ref_19,AMCB,IBU,Ground water,0.19832193047959257,0.40042774743477555,AdaBoost,AdaBoost_2
26,SI_ref_19,AMCB,IBU,Ground water,0.1894672613641715,0.40042774743477555,AdaBoost,AdaBoost_2
28,SI_ref_19,AMCB,IBU,Ground water,0.1528746627917146,0.40042774743477555,AdaBoost,AdaBoost_2
30,SI_ref_19,AMCB,IBU,Ground water,0.3449761650083755,0.40042774743477555,AdaBoost,AdaBoost_2
32,SI_ref_19,AMCB,IBU,Ground water,0.30765270742093687,0.40042774743477555,AdaBoost,AdaBoost_2
34,SI_ref_19,AMCB,IBU,Ground water,0.303030777614079,0.40042774743477555,AdaBoost,AdaBoost_2
36,SI_ref_19,AMCB,IBU,Ground water,0.41496556078686897,0.40042774743477555,AdaBoost,AdaBoost_2
38,SI_ref_19,AMCB,IBU,Ground water,0.3766264851820565,0.40042774743477555,AdaBoost,AdaBoost_2
40,SI_ref_19,AMCB,IBU,Ground water,0.38956403906090076,0.40042774743477555,AdaBoost,AdaBoost_2
42,SI_ref_19,AMCB,IBU,Ground water,0.5182383095521604,0.40042774743477555,AdaBoost,AdaBoost_2
44,SI_ref_19,AMCB,IBU,Ground water,0.5024496962602676,0.40042774743477555,AdaBoost,AdaBoost_2
46,SI_ref_19,AMCB,IBU,Ground water,0.48210720700720494,0.40042774743477555,AdaBoost,AdaBoost_2
48,SI_ref_19,AMCB,IBU,Ground water,0.03338351934448727,0.40042774743477555,AdaBoost,AdaBoost_2
50,SI_ref_19,AMCB,IBU,Ground water,0.0,0.40042774743477555,AdaBoost,AdaBoost_2
52,SI_ref_19,AMCB,IBU,Ground water,0.003531050071646246,0.40042774743477555,AdaBoost,AdaBoost_2
54,SI_ref_19,AMCB,IBU,Ground water,0.19999798179579809,0.40042774743477555,AdaBoost,AdaBoost_2
56,SI_ref_19,AMCB,IBU,Ground water,0.17260220522445793,0.40042774743477555,AdaBoost,AdaBoost_2
58,SI_ref_19,AMCB,IBU,Ground water,0.15656878376287445,0.40042774743477555,AdaBoost,AdaBoost_2
60,SI_ref_19,AMCB,IBU,Ground water,0.3457359785263073,0.40042774743477555,AdaBoost,AdaBoost_2
62,SI_ref_19,AMCB,IBU,Ground water,0.32626934953278575,0.40042774743477555,AdaBoost,AdaBoost_2
64,SI_ref_19,AMCB,IBU,Ground water,0.3258728934993643,0.40042774743477555,AdaBoost,AdaBoost_2
66,SI_ref_19,AMCB,IBU,Ground water,0.4885549946229274,0.40042774743477555,AdaBoost,AdaBoost_2
68,SI_ref_19,AMCB,IBU,Ground water,0.39885279506866217,0.40042774743477555,AdaBoost,AdaBoost_2
70,SI_ref_19,AMCB,IBU,Ground water,0.42188356115014575,0.40042774743477555,AdaBoost,AdaBoost_2
72,SI_ref_19,AMCB,IBU,Ground water,0.5107350299703324,0.40042774743477555,AdaBoost,AdaBoost_2
74,SI_ref_19,AMCB,IBU,Ground water,0.5226317382792791,0.40042774743477555,AdaBoost,AdaBoost_2
76,SI_ref_19,AMCB,IBU,Ground water,0.4945842701164504,0.40042774743477555,AdaBoost,AdaBoost_2
78,SI_ref_19,AMCB,IBU,Ground water,0.025848755777109534,0.40042774743477555,AdaBoost,AdaBoost_2
80,SI_ref_19,AMCB,IBU,Ground water,0.008169690609295848,0.40042774743477555,AdaBoost,AdaBoost_2
82,SI_ref_19,AMCB,IBU,Ground water,0.0,0.40042774743477555,AdaBoost,AdaBoost_2
84,SI_ref_19,AMCB,IBU,Ground water,0.2007202298061851,0.40042774743477555,AdaBoost,AdaBoost_2
86,SI_ref_19,AMCB,IBU,Ground water,0.16952726930244136,0.40042774743477555,AdaBoost,AdaBoost_2
88,SI_ref_19,AMCB,IBU,Ground water,0.14747637019246942,0.40042774743477555,AdaBoost,AdaBoost_2
90,SI_ref_19,AMCB,IBU,Ground water,0.34008395729479907,0.40042774743477555,AdaBoost,AdaBoost_2
92,SI_ref_19,AMCB,IBU,Ground water,0.32813530040969546,0.40042774743477555,AdaBoost,AdaBoost_2
94,SI_ref_19,AMCB,IBU,Ground water,0.3191737471997417,0.40042774743477555,AdaBoost,AdaBoost_2
96,SI_ref_19,AMCB,IBU,Ground water,0.45590621693388655,0.40042774743477555,AdaBoost,AdaBoost_2
98,SI_ref_19,AMCB,IBU,Ground water,0.4386715603313315,0.40042774743477555,AdaBoost,AdaBoost_2
100,SI_ref_19,AMCB,IBU,Ground water,0.4136227630368784,0.40042774743477555,AdaBoost,AdaBoost_2
102,SI_ref_19,AMCB,IBU,Ground water,0.15909620069601668,0.40042774743477555,AdaBoost,AdaBoost_2
104,SI_ref_19,AMCB,IBU,Ground water,0.32070040208616674,0.40042774743477555,AdaBoost,AdaBoost_2
106,SI_ref_19,AMCB,IBU,Ground water,0.3644459510905023,0.40042774743477555,AdaBoost,AdaBoost_2
108,SI_ref_19,AMCB,IBU,Ground water,0.46356787238707886,0.40042774743477555,AdaBoost,AdaBoost_2
110,SI_ref_19,AMCB,IBU,Ground water,0.5205305455205957,0.40042774743477555,AdaBoost,AdaBoost_2
112,SI_ref_19,AMCB,IBU,Ground water,0.5464029950150356,0.40042774743477555,AdaBoost,AdaBoost_2
114,SI_ref_19,AMCB,IBU,Ground water,0.48301499525722014,0.40042774743477555,AdaBoost,AdaBoost_2
117,SI_ref_17,Alkali-modified SCG biochars,CBZ,Synthetic,0.12103690777624292,0.37652415115110427,AdaBoost,AdaBoost_2
119,SI_ref_17,Alkali-modified SCG biochars,CBZ,Synthetic,0.0701486117179634,0.37652415115110427,AdaBoost,AdaBoost_2
121,SI_ref_17,Alkali-modified SCG biochars,CBZ,Synthetic,0.050188840370859876,0.37652415115110427,AdaBoost,AdaBoost_2
123,SI_ref_17,Alkali-modified SCG biochars,CBZ,Synthetic,0.033003190610721066,0.37652415115110427,AdaBoost,AdaBoost_2
125,SI_ref_17,Alkali-modified SCG biochars,CBZ,Synthetic,0.03511734337104713,0.37652415115110427,AdaBoost,AdaBoost_2
127,SI_ref_17,Alkali-modified SCG biochars,CBZ,Synthetic,0.03195287629892775,0.37652415115110427,AdaBoost,AdaBoost_2
129,SI_ref_17,Alkali-modified SCG biochars,CBZ,Synthetic,0.03449328813829176,0.37652415115110427,AdaBoost,AdaBoost_2
132,SI_ref_17,Alkali-modified SCG biochars,CBZ,Synthetic,0.041716779164719504,0.37652415115110427,AdaBoost,AdaBoost_2
134,SI_ref_17,Alkali-modified SCG biochars,CBZ,Synthetic,0.00635796336582959,0.37652415115110427,AdaBoost,AdaBoost_2
136,SI_ref_17,Alkali-modified SCG biochars,CBZ,Synthetic,0.011730609548845337,0.37652415115110427,AdaBoost,AdaBoost_2
138,SI_ref_17,Alkali-modified SCG biochars,CBZ,Synthetic,0.01988738850164665,0.37652415115110427,AdaBoost,AdaBoost_2
140,SI_ref_17,Alkali-modified SCG biochars,CBZ,Synthetic,0.006132526431344026,0.37652415115110427,AdaBoost,AdaBoost_2
142,SI_ref_17,Alkali-modified SCG biochars,CBZ,Synthetic,0.007712590639419909,0.37652415115110427,AdaBoost,AdaBoost_2
145,SI_ref_17,Alkali-modified SCG biochars,CBZ,Synthetic,0.10268999927349255,0.37652415115110427,AdaBoost,AdaBoost_2
147,SI_ref_17,Alkali-modified SCG biochars,CBZ,Synthetic,0.14439822919669368,0.37652415115110427,AdaBoost,AdaBoost_2
149,SI_ref_17,Alkali-modified SCG biochars,CBZ,Synthetic,0.34003506921741083,0.37652415115110427,AdaBoost,AdaBoost_2
151,SI_ref_17,Alkali-modified SCG biochars,CBZ,Synthetic,0.4516798693491866,0.37652415115110427,AdaBoost,AdaBoost_2
153,SI_ref_17,Alkali-modified SCG biochars,CBZ,Synthetic,0.5612135486607656,0.37652415115110427,AdaBoost,AdaBoost_2
282,SI_ref_19,CB,IBU,Ground water,0.9280102961124896,0.919639725721304,AdaBoost,AdaBoost_2
284,SI_ref_19,CB,IBU,Ground water,0.9242732043010754,0.919639725721304,AdaBoost,AdaBoost_2
286,SI_ref_19,CB,IBU,Ground water,0.9218881323407775,0.9186965641764419,AdaBoost,AdaBoost_2
288,SI_ref_19,CB,IBU,Ground water,0.9215853366418528,0.9186965641764419,AdaBoost,AdaBoost_2
290,SI_ref_19,CB,IBU,Ground water,0.9207959503722085,0.918412774476466,AdaBoost,AdaBoost_2
292,SI_ref_19,CB,IBU,Ground water,0.9207361323407776,0.9182358811622899,AdaBoost,AdaBoost_2
294,SI_ref_19,CB,IBU,Ground water,0.9206762613730356,0.9182358811622899,AdaBoost,AdaBoost_2
296,SI_ref_19,CB,IBU,Ground water,0.9945207101387852,0.9182358811622899,AdaBoost,AdaBoost_2
298,SI_ref_19,CB,IBU,Ground water,0.9765877548823724,0.9182358811622899,AdaBoost,AdaBoost_2
300,SI_ref_19,CB,IBU,Ground water,0.9595058090644278,0.9182358811622899,AdaBoost,AdaBoost_2
302,SI_ref_19,CB,IBU,Ground water,0.9409019130333385,0.9182358811622899,AdaBoost,AdaBoost_2
304,SI_ref_19,CB,IBU,Ground water,0.9323428884090048,0.9182358811622899,AdaBoost,AdaBoost_2
306,SI_ref_19,CB,IBU,Ground water,0.9259231602386863,0.9182358811622899,AdaBoost,AdaBoost_2
308,SI_ref_19,CB,IBU,Ground water,0.8753590996713628,0.9177978552967894,AdaBoost,AdaBoost_2
310,SI_ref_19,CB,IBU,Ground water,0.9341230700922319,0.9182358811622899,AdaBoost,AdaBoost_2
312,SI_ref_19,CB,IBU,Ground water,0.9234390298948024,0.9182358811622899,AdaBoost,AdaBoost_2
314,SI_ref_19,CB,IBU,Ground water,0.917590560186213,0.9182358811622899,AdaBoost,AdaBoost_2
316,SI_ref_19,CB,IBU,Ground water,0.9236132062907854,0.9182358811622899,AdaBoost,AdaBoost_2
318,SI_ref_19,CB,IBU,Ground water,0.9231865295080666,0.9182358811622899,AdaBoost,AdaBoost_2
320,SI_ref_19,CB,IBU,Ground water,0.9303445651202417,0.9182358811622899,AdaBoost,AdaBoost_2
322,SI_ref_19,CB,IBU,Ground water,0.923151204819856,0.9182358811622899,AdaBoost,AdaBoost_2
324,SI_ref_19,CB,IBU,Ground water,0.9175260660683171,0.9182358811622899,AdaBoost,AdaBoost_2
326,SI_ref_19,CB,IBU,Ground water,0.9318432124429017,0.9182358811622899,AdaBoost,AdaBoost_2
328,SI_ref_19,CB,IBU,Ground water,0.9241489703794897,0.9182358811622899,AdaBoost,AdaBoost_2
330,SI_ref_19,CB,IBU,Ground water,0.9174641264203113,0.9182358811622899,AdaBoost,AdaBoost_2
523,SI_ref_19,MCB,IBU,Ground water,0.9264289561621175,0.8831149499529368,AdaBoost,AdaBoost_2
525,SI_ref_19,MCB,IBU,Ground water,0.9196854524400332,0.8896918952331004,AdaBoost,AdaBoost_2
527,SI_ref_19,MCB,IBU,Ground water,0.9178832092638545,0.8896918952331004,AdaBoost,AdaBoost_2
529,SI_ref_19,MCB,IBU,Ground water,0.9177463688999173,0.9289645652628818,AdaBoost,AdaBoost_2
531,SI_ref_19,MCB,IBU,Ground water,0.9177232092638544,0.9289645652628818,AdaBoost,AdaBoost_2
533,SI_ref_19,MCB,IBU,Ground water,0.9175379321753515,0.9289645652628818,AdaBoost,AdaBoost_2
535,SI_ref_19,MCB,IBU,Ground water,0.9173856344086023,0.9289645652628818,AdaBoost,AdaBoost_2
537,SI_ref_19,MCB,IBU,Ground water,0.9902068659306948,0.9289645652628818,AdaBoost,AdaBoost_2
539,SI_ref_19,MCB,IBU,Ground water,0.9708228218531151,0.9289645652628818,AdaBoost,AdaBoost_2
541,SI_ref_19,MCB,IBU,Ground water,0.9483485035015843,0.9289645652628818,AdaBoost,AdaBoost_2
543,SI_ref_19,MCB,IBU,Ground water,0.9173115500413566,0.9289645652628818,AdaBoost,AdaBoost_2
545,SI_ref_19,MCB,IBU,Ground water,0.9358359065436908,0.9289645652628818,AdaBoost,AdaBoost_2
547,SI_ref_19,MCB,IBU,Ground water,0.9263512886233829,0.9289645652628818,AdaBoost,AdaBoost_2
549,SI_ref_19,MCB,IBU,Ground water,0.9153544975680639,0.9289645652628818,AdaBoost,AdaBoost_2
551,SI_ref_19,MCB,IBU,Ground water,0.9271238571918706,0.9289645652628818,AdaBoost,AdaBoost_2
553,SI_ref_19,MCB,IBU,Ground water,0.9199191103755877,0.9289645652628818,AdaBoost,AdaBoost_2
555,SI_ref_19,MCB,IBU,Ground water,0.910886274193223,0.9289645652628818,AdaBoost,AdaBoost_2
557,SI_ref_19,MCB,IBU,Ground water,0.8716126359176348,0.9289645652628818,AdaBoost,AdaBoost_2
559,SI_ref_19,MCB,IBU,Ground water,0.9228881866842084,0.9289645652628818,AdaBoost,AdaBoost_2
561,SI_ref_19,MCB,IBU,Ground water,0.9227697266379059,0.9289645652628818,AdaBoost,AdaBoost_2
563,SI_ref_19,MCB,IBU,Ground water,0.9221446299502403,0.9289645652628818,AdaBoost,AdaBoost_2
565,SI_ref_19,MCB,IBU,Ground water,0.9254612605703445,0.9289645652628818,AdaBoost,AdaBoost_2
567,SI_ref_19,MCB,IBU,Ground water,0.9188111047361486,0.9289645652628818,AdaBoost,AdaBoost_2
569,SI_ref_19,MCB,IBU,Ground water,0.9124876096677748,0.9289645652628818,AdaBoost,AdaBoost_2
571,SI_ref_19,MCB,IBU,Ground water,0.927696260267614,0.9289645652628818,AdaBoost,AdaBoost_2
573,SI_ref_19,MCB,IBU,Ground water,0.9222883610163676,0.9289645652628818,AdaBoost,AdaBoost_2
575,SI_ref_19,MCB,IBU,Ground water,0.9173366162788351,0.9289645652628818,AdaBoost,AdaBoost_2
577,SI_ref_19,MCB,IBU,Ground water,0.9896236049163454,0.9289645652628818,AdaBoost,AdaBoost_2
579,SI_ref_19,MCB,IBU,Ground water,0.9728688772730024,0.9289645652628818,AdaBoost,AdaBoost_2
581,SI_ref_19,MCB,IBU,Ground water,0.95367292982704,0.9289645652628818,AdaBoost,AdaBoost_2
583,SI_ref_19,MCB,IBU,Ground water,0.9381494412938034,0.9289645652628818,AdaBoost,AdaBoost_2
585,SI_ref_19,MCB,IBU,Ground water,0.925414707326754,0.9289645652628818,AdaBoost,AdaBoost_2
587,SI_ref_19,MCB,IBU,Ground water,0.9200694262245456,0.9289645652628818,AdaBoost,AdaBoost_2
589,SI_ref_19,MCB,IBU,Ground water,0.9296751902157461,0.9289645652628818,AdaBoost,AdaBoost_2
591,SI_ref_19,MCB,IBU,Ground water,0.9221403459202003,0.9289645652628818,AdaBoost,AdaBoost_2
593,SI_ref_19,MCB,IBU,Ground water,0.911624129649438,0.9289645652628818,AdaBoost,AdaBoost_2
595,SI_ref_19,MCB,IBU,Ground water,0.9248851497651674,0.9289645652628818,AdaBoost,AdaBoost_2
597,SI_ref_19,MCB,IBU,Ground water,0.9206218375460943,0.9289645652628818,AdaBoost,AdaBoost_2
599,SI_ref_19,MCB,IBU,Ground water,0.9170274735254856,0.9289645652628818,AdaBoost,AdaBoost_2
601,SI_ref_19,MCB,IBU,Ground water,0.9300914246503462,0.9289645652628818,AdaBoost,AdaBoost_2
603,SI_ref_19,MCB,IBU,Ground water,0.920786534541565,0.9289645652628818,AdaBoost,AdaBoost_2
605,SI_ref_19,MCB,IBU,Ground water,0.9160948152334054,0.9289645652628818,AdaBoost,AdaBoost_2
607,SI_ref_19,MCB,IBU,Ground water,0.9861765121394982,0.9289645652628818,AdaBoost,AdaBoost_2
609,SI_ref_19,MCB,IBU,Ground water,0.9661781267028597,0.9289645652628818,AdaBoost,AdaBoost_2
611,SI_ref_19,MCB,IBU,Ground water,0.9529992532644452,0.9289645652628818,AdaBoost,AdaBoost_2
613,SI_ref_19,MCB,IBU,Ground water,0.9352947587236877,0.9289645652628818,AdaBoost,AdaBoost_2
615,SI_ref_19,MCB,IBU,Ground water,0.9284499518994666,0.9289645652628818,AdaBoost,AdaBoost_2
617,SI_ref_19,MCB,IBU,Ground water,0.917077774862594,0.9289645652628818,AdaBoost,AdaBoost_2
619,SI_ref_19,MCB,IBU,Ground water,0.9255842902984923,0.9289645652628818,AdaBoost,AdaBoost_2
621,SI_ref_19,MCB,IBU,Ground water,0.9186162384710084,0.9289645652628818,AdaBoost,AdaBoost_2
623,SI_ref_19,MCB,IBU,Ground water,0.9103224686673798,0.9289645652628818,AdaBoost,AdaBoost_2
625,SI_ref_19,MCB,IBU,Ground water,0.9258221154816445,0.9289645652628818,AdaBoost,AdaBoost_2
627,SI_ref_19,MCB,IBU,Ground water,0.921668420582223,0.9289645652628818,AdaBoost,AdaBoost_2
629,SI_ref_19,MCB,IBU,Ground water,0.9150562646500002,0.9289645652628818,AdaBoost,AdaBoost_2
631,SI_ref_19,MCB,IBU,Ground water,0.9296259863973036,0.9289645652628818,AdaBoost,AdaBoost_2
633,SI_ref_19,MCB,IBU,Ground water,0.9216175906678238,0.9289645652628818,AdaBoost,AdaBoost_2
635,SI_ref_19,MCB,IBU,Ground water,0.9188076045934327,0.9289645652628818,AdaBoost,AdaBoost_2
698,SI_ref_18,NaOH-activated SCW biochars,IBU,Lake water,0.585296751211726,0.37652415115110427,AdaBoost,AdaBoost_2
700,SI_ref_18,NaOH-activated SCW biochars,IBU,Lake water,0.6304734220526563,0.37652415115110427,AdaBoost,AdaBoost_2
702,SI_ref_18,NaOH-activated SCW biochars,IBU,Lake water,0.6077686506314385,0.37652415115110427,AdaBoost,AdaBoost_2
704,SI_ref_18,NaOH-activated SCW biochars,IBU,Lake water,0.6040537723014899,0.37652415115110427,AdaBoost,AdaBoost_2
706,SI_ref_18,NaOH-activated SCW biochars,IBU,Lake water,0.6292724453182281,0.37652415115110427,AdaBoost,AdaBoost_2
708,SI_ref_18,NaOH-activated SCW biochars,IBU,Lake water,0.6376478565264503,0.37652415115110427,AdaBoost,AdaBoost_2
710,SI_ref_18,NaOH-activated SCW biochars,IBU,Lake water,0.6108673600702487,0.37652415115110427,AdaBoost,AdaBoost_2
712,SI_ref_18,NaOH-activated SCW biochars,IBU,Lake water,0.10371139816269948,0.37652415115110427,AdaBoost,AdaBoost_2
714,SI_ref_18,NaOH-activated SCW biochars,IBU,Lake water,0.46656560236114836,0.37652415115110427,AdaBoost,AdaBoost_2
716,SI_ref_18,NaOH-activated SCW biochars,IBU,Lake water,0.44106817459704084,0.37652415115110427,AdaBoost,AdaBoost_2
718,SI_ref_18,NaOH-activated SCW biochars,IBU,Lake water,0.6893393142281772,0.37652415115110427,AdaBoost,AdaBoost_2
720,SI_ref_18,NaOH-activated SCW biochars,IBU,Lake water,0.621379975330744,0.37652415115110427,AdaBoost,AdaBoost_2
722,SI_ref_18,NaOH-activated SCW biochars,IBU,Lake water,0.6727437787241767,0.37652415115110427,AdaBoost,AdaBoost_2
723,SI_ref_18,NaOH-activated SCW biochars,IBU,Lake water,0.6293605973980515,0.37652415115110427,AdaBoost,AdaBoost_2
724,SI_ref_18,NaOH-activated SCW biochars,IBU,Lake water,0.6573710855713073,0.37652415115110427,AdaBoost,AdaBoost_2
726,SI_ref_18,NaOH-activated SCW biochars,IBU,Lake water,0.6298354173553987,0.37652415115110427,AdaBoost,AdaBoost_2
727,SI_ref_18,NaOH-activated SCW biochars,IBU,Lake water,0.6523803226831055,0.37652415115110427,AdaBoost,AdaBoost_2
728,SI_ref_18,NaOH-activated SCW biochars,IBU,Lake water,0.6378679449532959,0.37652415115110427,AdaBoost,AdaBoost_2
730,SI_ref_18,NaOH-activated SCW biochars,IBU,Lake water,0.627404015064595,0.37652415115110427,AdaBoost,AdaBoost_2
731,SI_ref_18,NaOH-activated SCW biochars,IBU,Lake water,0.6077370696640284,0.37652415115110427,AdaBoost,AdaBoost_2
732,SI_ref_18,NaOH-activated SCW biochars,IBU,Lake water,0.6159420233488258,0.37652415115110427,AdaBoost,AdaBoost_2
734,SI_ref_18,NaOH-activated SCW biochars,IBU,Lake water,0.6074163960354965,0.37652415115110427,AdaBoost,AdaBoost_2
735,SI_ref_18,NaOH-activated SCW biochars,IBU,Lake water,0.6146046840259546,0.37652415115110427,AdaBoost,AdaBoost_2
736,SI_ref_18,NaOH-activated SCW biochars,IBU,Lake water,0.6281995086504742,0.37652415115110427,AdaBoost,AdaBoost_2
738,SI_ref_18,NaOH-activated SCW biochars,IBU,Lake water,0.6298527247859258,0.37652415115110427,AdaBoost,AdaBoost_2
739,SI_ref_18,NaOH-activated SCW biochars,IBU,Lake water,0.576999656444263,0.37652415115110427,AdaBoost,AdaBoost_2
740,SI_ref_18,NaOH-activated SCW biochars,IBU,Lake water,0.5791171913994386,0.37652415115110427,AdaBoost,AdaBoost_2
742,SI_ref_18,NaOH-activated SCW biochars,IBU,Lake water,0.5786725135963804,0.37652415115110427,AdaBoost,AdaBoost_2
743,SI_ref_18,NaOH-activated SCW biochars,IBU,Lake water,0.6233870058145189,0.37652415115110427,AdaBoost,AdaBoost_2
744,SI_ref_18,NaOH-activated SCW biochars,IBU,Lake water,0.5944978576382812,0.37652415115110427,AdaBoost,AdaBoost_2
745,SI_ref_18,NaOH-activated SCW biochars,IBU,Lake water,0.5630080357470825,0.37652415115110427,AdaBoost,AdaBoost_2
747,SI_ref_18,NaOH-activated SCW biochars,IBU,Lake water,0.6846241766923425,0.37652415115110427,AdaBoost,AdaBoost_2
749,SI_ref_18,NaOH-activated SCW biochars,IBU,Lake water,0.744908980376152,0.37652415115110427,AdaBoost,AdaBoost_2
751,SI_ref_18,NaOH-activated SCW biochars,IBU,Lake water,0.6869669848084122,0.37652415115110427,AdaBoost,AdaBoost_2
753,SI_ref_18,NaOH-activated SCW biochars,IBU,Lake water,0.7932075459644551,0.37652415115110427,AdaBoost,AdaBoost_2
852,SI_ref_13,PB600,CBZ,Synthetic,0.5776772247360483,0.4448883519209302,AdaBoost,AdaBoost_2
853,SI_ref_13,PB600,CBZ,Synthetic,0.5656108597285068,0.4448883519209302,AdaBoost,AdaBoost_2
854,SI_ref_13,PB600,CBZ,Synthetic,0.5475113122171945,0.4448883519209302,AdaBoost,AdaBoost_2
855,SI_ref_13,PB600,CBZ,Synthetic,0.4479638009049774,0.44262954530125304,AdaBoost,AdaBoost_2
856,SI_ref_13,PB600,CBZ,Synthetic,0.45098039215686275,0.44262954530125304,AdaBoost,AdaBoost_2
857,SI_ref_13,PB600,CBZ,Synthetic,0.42684766214177977,0.44262954530125304,AdaBoost,AdaBoost_2
858,SI_ref_13,PB600,CBZ,Synthetic,0.32437120555073723,0.44262954530125304,AdaBoost,AdaBoost_2
859,SI_ref_13,PB600,CBZ,Synthetic,0.4773489932885906,0.44262954530125304,AdaBoost,AdaBoost_2
860,SI_ref_13,PB600,CBZ,Synthetic,0.4437372714068248,0.44262954530125304,AdaBoost,AdaBoost_2
861,SI_ref_13,PB600,CBZ,Synthetic,0.35791881074899945,0.44262954530125304,AdaBoost,AdaBoost_2
862,SI_ref_13,PB600,CBZ,Synthetic,0.32426715019643393,0.44262954530125304,AdaBoost,AdaBoost_2
863,SI_ref_13,PB600,CBZ,Synthetic,0.24055829228243014,0.44262954530125304,AdaBoost,AdaBoost_2
864,SI_ref_13,PB600,CBZ,Synthetic,0.44839549002601903,0.44262954530125304,AdaBoost,AdaBoost_2
865,SI_ref_13,PB600,CBZ,Synthetic,0.5528523489932886,0.44262954530125304,AdaBoost,AdaBoost_2
866,SI_ref_13,PB600,CBZ,Synthetic,0.5653368025440879,0.44262954530125304,AdaBoost,AdaBoost_2
867,SI_ref_13,PB600,CBZ,Synthetic,0.6235906331309627,0.44262954530125304,AdaBoost,AdaBoost_2
868,SI_ref_13,PB600,CBZ,Synthetic,0.6991037872217403,0.44262954530125304,AdaBoost,AdaBoost_2
869,SI_ref_13,PB600,CBZ,Synthetic,0.7401395944327428,0.44262954530125304,AdaBoost,AdaBoost_2
870,SI_ref_13,PB600,CBZ,Synthetic,0.8642533936651583,0.44262954530125304,AdaBoost,AdaBoost_2
871,SI_ref_13,PB600,CBZ,Synthetic,0.6953242835595775,0.44262954530125304,AdaBoost,AdaBoost_2
872,SI_ref_13,PB600,CBZ,Synthetic,0.4479638009049774,0.44262954530125304,AdaBoost,AdaBoost_2
873,SI_ref_13,PB600,CBZ,Synthetic,0.36651583710407243,0.44262954530125304,AdaBoost,AdaBoost_2
874,SI_ref_13,PB600,CBZ,Synthetic,0.248868778280543,0.44262954530125304,AdaBoost,AdaBoost_2
898,SI_ref_13,PB600,CBZ,Synthetic,0.244663382594417,0.44262954530125304,AdaBoost,AdaBoost_2
899,SI_ref_13,PB800,CBZ,Synthetic,0.27061079156395507,0.40755911176715276,AdaBoost,AdaBoost_2
900,SI_ref_13,PB800,CBZ,Synthetic,0.22678718159408381,0.40755911176715276,AdaBoost,AdaBoost_2
901,SI_ref_13,PB800,CBZ,Synthetic,0.18844152287044644,0.40755911176715276,AdaBoost,AdaBoost_2
902,SI_ref_13,PB800,CBZ,Synthetic,0.17748562037797863,0.40755911176715276,AdaBoost,AdaBoost_2
903,SI_ref_13,PB800,CBZ,Synthetic,0.16379074226239385,0.40755911176715276,AdaBoost,AdaBoost_2
904,SI_ref_13,PB800,CBZ,Synthetic,0.155573815393043,0.40755911176715276,AdaBoost,AdaBoost_2
905,SI_ref_13,PB800,CBZ,Synthetic,0.08520900321543408,0.40755911176715276,AdaBoost,AdaBoost_2
906,SI_ref_13,PB800,CBZ,Synthetic,0.16135346756152125,0.40755911176715276,AdaBoost,AdaBoost_2
907,SI_ref_13,PB800,CBZ,Synthetic,0.1561792870827899,0.40755911176715276,AdaBoost,AdaBoost_2
908,SI_ref_13,PB800,CBZ,Synthetic,0.13676633444075306,0.40755911176715276,AdaBoost,AdaBoost_2
909,SI_ref_13,PB800,CBZ,Synthetic,0.1002310803004044,0.40755911176715276,AdaBoost,AdaBoost_2
910,SI_ref_13,PB800,CBZ,Synthetic,0.04322336667164253,0.40755911176715276,AdaBoost,AdaBoost_2
911,SI_ref_13,PB800,CBZ,Synthetic,0.20609619686800895,0.40755911176715276,AdaBoost,AdaBoost_2
912,SI_ref_13,PB800,CBZ,Synthetic,0.1865212527964206,0.40755911176715276,AdaBoost,AdaBoost_2
913,SI_ref_13,PB800,CBZ,Synthetic,0.28121650589496244,0.40755911176715276,AdaBoost,AdaBoost_2
914,SI_ref_13,PB800,CBZ,Synthetic,0.36611289746337977,0.40755911176715276,AdaBoost,AdaBoost_2
915,SI_ref_13,PB800,CBZ,Synthetic,0.5117363344051448,0.40755911176715276,AdaBoost,AdaBoost_2
916,SI_ref_13,PB800,CBZ,Synthetic,0.5707012708620426,0.40755911176715276,AdaBoost,AdaBoost_2
917,SI_ref_13,PB800,CBZ,Synthetic,0.5791052918712493,0.40755911176715276,AdaBoost,AdaBoost_2
918,SI_ref_13,PB800,CBZ,Synthetic,0.30905619203491547,0.40755911176715276,AdaBoost,AdaBoost_2
919,SI_ref_13,PB800,CBZ,Synthetic,0.16448445171849424,0.40755911176715276,AdaBoost,AdaBoost_2
920,SI_ref_13,PB800,CBZ,Synthetic,0.12460736493062231,0.40755911176715276,AdaBoost,AdaBoost_2
921,SI_ref_13,PB800,CBZ,Synthetic,0.08265139116202945,0.40755911176715276,AdaBoost,AdaBoost_2
987,SI_ref_15,PSB,TEB,Synthetic,0.9529494921755761,0.9208867269797076,AdaBoost,AdaBoost_2
988,SI_ref_15,PSB,TEB,Synthetic,0.9422238246841239,0.9208867269797076,AdaBoost,AdaBoost_2
989,SI_ref_15,PSB,TEB,Synthetic,0.9297851778252496,0.9186965641764419,AdaBoost,AdaBoost_2
990,SI_ref_15,PSB,TEB,Synthetic,0.9225192311101157,0.9186965641764419,AdaBoost,AdaBoost_2
991,SI_ref_15,PSB,TEB,Synthetic,0.920805363267918,0.9185128083006663,AdaBoost,AdaBoost_2
992,SI_ref_15,PSB,TEB,Synthetic,0.9178876121047361,0.9182358811622899,AdaBoost,AdaBoost_2
993,SI_ref_15,PSB,TEB,Synthetic,0.9171857170319854,0.9182358811622899,AdaBoost,AdaBoost_2
994,SI_ref_15,PSB,TEB,Synthetic,0.9362126098667423,0.9182358811622899,AdaBoost,AdaBoost_2
995,SI_ref_15,PSB,TEB,Synthetic,0.9575716949823408,0.9182358811622899,AdaBoost,AdaBoost_2
996,SI_ref_15,PSB,TEB,Synthetic,0.9144403299752767,0.9182358811622899,AdaBoost,AdaBoost_2
997,SI_ref_15,PSB,TEB,Synthetic,0.9131362601666559,0.9182358811622899,AdaBoost,AdaBoost_2
998,SI_ref_15,PSB,TEB,Synthetic,0.9073783566890704,0.9182358811622899,AdaBoost,AdaBoost_2
999,SI_ref_15,PSB,TEB,Synthetic,0.8610942615965279,0.9182358811622899,AdaBoost,AdaBoost_2
1000,SI_ref_15,PSB,TEB,Synthetic,0.8714762044822667,0.9182358811622899,AdaBoost,AdaBoost_2
1001,SI_ref_15,PSB,TEB,Synthetic,0.8650362109004135,0.9182358811622899,AdaBoost,AdaBoost_2
1002,SI_ref_15,PSB,TEB,Synthetic,0.9441016733966956,0.9182358811622899,AdaBoost,AdaBoost_2
1003,SI_ref_15,PSB,TEB,Synthetic,0.952584477756588,0.9182358811622899,AdaBoost,AdaBoost_2
1004,SI_ref_15,PSB,TEB,Synthetic,0.9589909115585907,0.9182358811622899,AdaBoost,AdaBoost_2
1005,SI_ref_15,PSB,TEB,Synthetic,0.9629553594597028,0.9182358811622899,AdaBoost,AdaBoost_2
1052,SI_ref_15,PSBOX-A,TEB,Synthetic,0.5158767649493458,0.35463693150980297,AdaBoost,AdaBoost_2
1053,SI_ref_15,PSBOX-A,TEB,Synthetic,0.41210379963008376,0.35463693150980297,AdaBoost,AdaBoost_2
1054,SI_ref_15,PSBOX-A,TEB,Synthetic,0.30623403384032577,0.35463693150980297,AdaBoost,AdaBoost_2
1055,SI_ref_15,PSBOX-A,TEB,Synthetic,0.21283845390046752,0.351059105729148,AdaBoost,AdaBoost_2
1056,SI_ref_15,PSBOX-A,TEB,Synthetic,0.12421842587964138,0.351059105729148,AdaBoost,AdaBoost_2
1057,SI_ref_15,PSBOX-A,TEB,Synthetic,0.09371708683213013,0.351059105729148,AdaBoost,AdaBoost_2
1058,SI_ref_15,PSBOX-A,TEB,Synthetic,0.07890621232231329,0.351059105729148,AdaBoost,AdaBoost_2
1059,SI_ref_15,PSBOX-A,TEB,Synthetic,0.07277962857952934,0.351059105729148,AdaBoost,AdaBoost_2
1060,SI_ref_15,PSBOX-A,TEB,Synthetic,0.5073983287736047,0.351059105729148,AdaBoost,AdaBoost_2
1061,SI_ref_15,PSBOX-A,TEB,Synthetic,0.5163778457532948,0.35463693150980297,AdaBoost,AdaBoost_2
1062,SI_ref_15,PSBOX-A,TEB,Synthetic,0.5077105405964751,0.351059105729148,AdaBoost,AdaBoost_2
1063,SI_ref_15,PSBOX-A,TEB,Synthetic,0.058828707349529885,0.351059105729148,AdaBoost,AdaBoost_2
1064,SI_ref_15,PSBOX-A,TEB,Synthetic,0.4930488637978448,0.351059105729148,AdaBoost,AdaBoost_2
1065,SI_ref_15,PSBOX-A,TEB,Synthetic,0.5160089507499187,0.351059105729148,AdaBoost,AdaBoost_2
1066,SI_ref_15,PSBOX-A,TEB,Synthetic,0.07083175356135256,0.351059105729148,AdaBoost,AdaBoost_2
1067,SI_ref_15,PSBOX-A,TEB,Synthetic,0.051172794584274484,0.351059105729148,AdaBoost,AdaBoost_2
1068,SI_ref_15,PSBOX-A,TEB,Synthetic,0.04750722464731311,0.351059105729148,AdaBoost,AdaBoost_2
1069,SI_ref_15,PSBOX-A,TEB,Synthetic,0.04108376658313895,0.351059105729148,AdaBoost,AdaBoost_2
1070,SI_ref_15,PSBOX-A,TEB,Synthetic,0.04527670142322688,0.351059105729148,AdaBoost,AdaBoost_2
1071,SI_ref_15,PSBOX-A,TEB,Synthetic,0.04243318293660387,0.351059105729148,AdaBoost,AdaBoost_2
1072,SI_ref_15,PSBOX-A,TEB,Synthetic,0.09409506092292502,0.351059105729148,AdaBoost,AdaBoost_2
1073,SI_ref_15,PSBOX-A,TEB,Synthetic,0.28314921751011557,0.351059105729148,AdaBoost,AdaBoost_2
1074,SI_ref_15,PSBOX-A,TEB,Synthetic,0.44223994246690523,0.351059105729148,AdaBoost,AdaBoost_2
1075,SI_ref_15,PSBOX-A,TEB,Synthetic,0.5102144207532882,0.351059105729148,AdaBoost,AdaBoost_2
1077,SI_ref_17,Pristine SCG biochar,CBZ,Synthetic,0.9431980957558961,0.914925872715001,AdaBoost,AdaBoost_2
1079,SI_ref_17,Pristine SCG biochar,CBZ,Synthetic,0.9360319849357849,0.914925872715001,AdaBoost,AdaBoost_2
1081,SI_ref_17,Pristine SCG biochar,CBZ,Synthetic,0.9307104448319532,0.9145459299828423,AdaBoost,AdaBoost_2
1083,SI_ref_17,Pristine SCG biochar,CBZ,Synthetic,0.9258716624342764,0.9144886646246332,AdaBoost,AdaBoost_2
1085,SI_ref_17,Pristine SCG biochar,CBZ,Synthetic,0.9157118703628806,0.9140940801031858,AdaBoost,AdaBoost_2
1087,SI_ref_17,Pristine SCG biochar,CBZ,Synthetic,0.9147137334986508,0.9138259518569218,AdaBoost,AdaBoost_2
1089,SI_ref_17,Pristine SCG biochar,CBZ,Synthetic,0.9138427672538969,0.913440517531176,AdaBoost,AdaBoost_2
1091,SI_ref_17,Pristine SCG biochar,CBZ,Synthetic,0.8932130468798682,0.9005453053677864,AdaBoost,AdaBoost_2
1093,SI_ref_17,Pristine SCG biochar,CBZ,Synthetic,0.9247624360467385,0.9134106300333258,AdaBoost,AdaBoost_2
1095,SI_ref_17,Pristine SCG biochar,CBZ,Synthetic,0.9071706166070994,0.9134106300333258,AdaBoost,AdaBoost_2
1097,SI_ref_17,Pristine SCG biochar,CBZ,Synthetic,0.908534541255576,0.9134106300333258,AdaBoost,AdaBoost_2
1099,SI_ref_17,Pristine SCG biochar,CBZ,Synthetic,0.903895578148675,0.9134106300333258,AdaBoost,AdaBoost_2
1101,SI_ref_17,Pristine SCG biochar,CBZ,Synthetic,0.9071468090110305,0.9134106300333258,AdaBoost,AdaBoost_2
1103,SI_ref_17,Pristine SCG biochar,CBZ,Synthetic,0.890879570190962,0.9134106300333258,AdaBoost,AdaBoost_2
1105,SI_ref_17,Pristine SCG biochar,CBZ,Synthetic,0.8806314346444372,0.9134106300333258,AdaBoost,AdaBoost_2
1107,SI_ref_17,Pristine SCG biochar,CBZ,Synthetic,0.9289062306369882,0.9134106300333258,AdaBoost,AdaBoost_2
1109,SI_ref_17,Pristine SCG biochar,CBZ,Synthetic,0.9261272699552149,0.9134106300333258,AdaBoost,AdaBoost_2
1111,SI_ref_17,Pristine SCG biochar,CBZ,Synthetic,0.9403460613803251,0.9134106300333258,AdaBoost,AdaBoost_2
1113,SI_ref_17,Pristine SCG biochar,CBZ,Synthetic,0.9373850128799738,0.9134106300333258,AdaBoost,AdaBoost_2
1115,SI_ref_17,Pristine SCG biochar,CBZ,Synthetic,0.925161257978969,0.9134106300333258,AdaBoost,AdaBoost_2
1253,SI_ref_18,Pristine SCW Biochar,IBU,Lake water,0.9264336848996528,0.9152881349444489,AdaBoost,AdaBoost_2
1255,SI_ref_18,Pristine SCW Biochar,IBU,Lake water,0.9179334532144726,0.9152881349444489,AdaBoost,AdaBoost_2
1257,SI_ref_18,Pristine SCW Biochar,IBU,Lake water,0.916180999264559,0.914804572144714,AdaBoost,AdaBoost_2
1259,SI_ref_18,Pristine SCW Biochar,IBU,Lake water,0.9235678454978681,0.914763584575636,AdaBoost,AdaBoost_2
1261,SI_ref_18,Pristine SCW Biochar,IBU,Lake water,0.9285970293283682,0.9145459299828423,AdaBoost,AdaBoost_2
1263,SI_ref_18,Pristine SCW Biochar,IBU,Lake water,0.9209592404126973,0.9140940801031858,AdaBoost,AdaBoost_2
1265,SI_ref_18,Pristine SCW Biochar,IBU,Lake water,0.9279432945207517,0.913855528765391,AdaBoost,AdaBoost_2
1269,SI_ref_18,Pristine SCW Biochar,IBU,Lake water,0.8974085452250303,0.9134106300333258,AdaBoost,AdaBoost_2
1271,SI_ref_18,Pristine SCW Biochar,IBU,Lake water,0.9239929387412031,0.9137519942173604,AdaBoost,AdaBoost_2
1273,SI_ref_18,Pristine SCW Biochar,IBU,Lake water,0.9256303580479686,0.9137519942173604,AdaBoost,AdaBoost_2
1275,SI_ref_18,Pristine SCW Biochar,IBU,Lake water,0.9240446881745522,0.9137519942173604,AdaBoost,AdaBoost_2
1276,SI_ref_18,Pristine SCW Biochar,IBU,Lake water,0.9283922239724117,0.9137519942173604,AdaBoost,AdaBoost_2
1277,SI_ref_18,Pristine SCW Biochar,IBU,Lake water,0.9240711354841218,0.9137519942173604,AdaBoost,AdaBoost_2
1279,SI_ref_18,Pristine SCW Biochar,IBU,Lake water,0.9204127206373283,0.9137519942173604,AdaBoost,AdaBoost_2
1280,SI_ref_18,Pristine SCW Biochar,IBU,Lake water,0.9185968665123906,0.9137519942173604,AdaBoost,AdaBoost_2
1281,SI_ref_18,Pristine SCW Biochar,IBU,Lake water,0.9182954449695013,0.9137519942173604,AdaBoost,AdaBoost_2
1283,SI_ref_18,Pristine SCW Biochar,IBU,Lake water,0.9158900362354069,0.9137519942173604,AdaBoost,AdaBoost_2
1284,SI_ref_18,Pristine SCW Biochar,IBU,Lake water,0.9125854189759445,0.9137519942173604,AdaBoost,AdaBoost_2
1285,SI_ref_18,Pristine SCW Biochar,IBU,Lake water,0.9175495400890653,0.9137519942173604,AdaBoost,AdaBoost_2
1287,SI_ref_18,Pristine SCW Biochar,IBU,Lake water,0.9120226357855434,0.9137519942173604,AdaBoost,AdaBoost_2
1288,SI_ref_18,Pristine SCW Biochar,IBU,Lake water,0.9131050308227836,0.9137519942173604,AdaBoost,AdaBoost_2
1289,SI_ref_18,Pristine SCW Biochar,IBU,Lake water,0.91141920930323,0.9137519942173604,AdaBoost,AdaBoost_2
1291,SI_ref_18,Pristine SCW Biochar,IBU,Lake water,0.9068652159539504,0.9137519942173604,AdaBoost,AdaBoost_2
1292,SI_ref_18,Pristine SCW Biochar,IBU,Lake water,0.9091226364337618,0.9137519942173604,AdaBoost,AdaBoost_2
1293,SI_ref_18,Pristine SCW Biochar,IBU,Lake water,0.9067682424855283,0.9137519942173604,AdaBoost,AdaBoost_2
1295,SI_ref_18,Pristine SCW Biochar,IBU,Lake water,0.9027540853962883,0.9137519942173604,AdaBoost,AdaBoost_2
1296,SI_ref_18,Pristine SCW Biochar,IBU,Lake water,0.9025373859945938,0.9137519942173604,AdaBoost,AdaBoost_2
1297,SI_ref_18,Pristine SCW Biochar,IBU,Lake water,0.9026152370210476,0.9137519942173604,AdaBoost,AdaBoost_2
1298,SI_ref_18,Pristine SCW Biochar,IBU,Lake water,0.9219347373743266,0.9137519942173604,AdaBoost,AdaBoost_2
1300,SI_ref_18,Pristine SCW Biochar,IBU,Lake water,0.9277221749920567,0.9137519942173604,AdaBoost,AdaBoost_2
1302,SI_ref_18,Pristine SCW Biochar,IBU,Lake water,0.9340257796823453,0.9137519942173604,AdaBoost,AdaBoost_2
2,SI_ref_19,AMCB,IBU,Ground water,0.6563767477253929,0.4427463802124714,Bagging,Bagging_1
4,SI_ref_19,AMCB,IBU,Ground water,0.5414154110835401,0.42234731569360123,Bagging,Bagging_1
6,SI_ref_19,AMCB,IBU,Ground water,0.39819987427626136,0.39307373979469235,Bagging,Bagging_1
8,SI_ref_19,AMCB,IBU,Ground water,0.3426557088502895,0.3595636604955959,Bagging,Bagging_1
10,SI_ref_19,AMCB,IBU,Ground water,0.3352626765922249,0.3432219469234709,Bagging,Bagging_1
12,SI_ref_19,AMCB,IBU,Ground water,0.33078034739454093,0.3408030217568461,Bagging,Bagging_1
14,SI_ref_19,AMCB,IBU,Ground water,0.3305497038875103,0.34035179679633154,Bagging,Bagging_1
16,SI_ref_19,AMCB,IBU,Ground water,0.029204625724030753,0.34114324563130033,Bagging,Bagging_1
18,SI_ref_19,AMCB,IBU,Ground water,0.005264283840238958,0.34114324563130033,Bagging,Bagging_1
20,SI_ref_19,AMCB,IBU,Ground water,0.0023766372681587895,0.34018978694182317,Bagging,Bagging_1
22,SI_ref_19,AMCB,IBU,Ground water,0.32926049296939613,0.34114324563130033,Bagging,Bagging_1
24,SI_ref_19,AMCB,IBU,Ground water,0.19832193047959257,0.34383193764480247,Bagging,Bagging_1
26,SI_ref_19,AMCB,IBU,Ground water,0.1894672613641715,0.34383193764480247,Bagging,Bagging_1
28,SI_ref_19,AMCB,IBU,Ground water,0.1528746627917146,0.3428784789553253,Bagging,Bagging_1
30,SI_ref_19,AMCB,IBU,Ground water,0.3449761650083755,0.35766543617274094,Bagging,Bagging_1
32,SI_ref_19,AMCB,IBU,Ground water,0.30765270742093687,0.35766543617274094,Bagging,Bagging_1
34,SI_ref_19,AMCB,IBU,Ground water,0.303030777614079,0.3567119774832638,Bagging,Bagging_1
36,SI_ref_19,AMCB,IBU,Ground water,0.41496556078686897,0.36027020483270433,Bagging,Bagging_1
38,SI_ref_19,AMCB,IBU,Ground water,0.3766264851820565,0.36027020483270433,Bagging,Bagging_1
40,SI_ref_19,AMCB,IBU,Ground water,0.38956403906090076,0.3593167461432272,Bagging,Bagging_1
42,SI_ref_19,AMCB,IBU,Ground water,0.5182383095521604,0.36174950953149193,Bagging,Bagging_1
44,SI_ref_19,AMCB,IBU,Ground water,0.5024496962602676,0.36174950953149193,Bagging,Bagging_1
46,SI_ref_19,AMCB,IBU,Ground water,0.48210720700720494,0.36079605084201477,Bagging,Bagging_1
48,SI_ref_19,AMCB,IBU,Ground water,0.03338351934448727,0.35405497202930375,Bagging,Bagging_1
50,SI_ref_19,AMCB,IBU,Ground water,0.0,0.35405497202930375,Bagging,Bagging_1
52,SI_ref_19,AMCB,IBU,Ground water,0.003531050071646246,0.3531015133398266,Bagging,Bagging_1
54,SI_ref_19,AMCB,IBU,Ground water,0.19999798179579809,0.35405497202930375,Bagging,Bagging_1
56,SI_ref_19,AMCB,IBU,Ground water,0.17260220522445793,0.35405497202930375,Bagging,Bagging_1
58,SI_ref_19,AMCB,IBU,Ground water,0.15656878376287445,0.3531015133398266,Bagging,Bagging_1
60,SI_ref_19,AMCB,IBU,Ground water,0.3457359785263073,0.3570705102294988,Bagging,Bagging_1
62,SI_ref_19,AMCB,IBU,Ground water,0.32626934953278575,0.3570705102294988,Bagging,Bagging_1
64,SI_ref_19,AMCB,IBU,Ground water,0.3258728934993643,0.35611705154002166,Bagging,Bagging_1
66,SI_ref_19,AMCB,IBU,Ground water,0.4885549946229274,0.3644047813905085,Bagging,Bagging_1
68,SI_ref_19,AMCB,IBU,Ground water,0.39885279506866217,0.36347668325643234,Bagging,Bagging_1
70,SI_ref_19,AMCB,IBU,Ground water,0.42188356115014575,0.3625232245669552,Bagging,Bagging_1
72,SI_ref_19,AMCB,IBU,Ground water,0.5107350299703324,0.3644047813905085,Bagging,Bagging_1
74,SI_ref_19,AMCB,IBU,Ground water,0.5226317382792791,0.36347668325643234,Bagging,Bagging_1
76,SI_ref_19,AMCB,IBU,Ground water,0.4945842701164504,0.3625232245669552,Bagging,Bagging_1
78,SI_ref_19,AMCB,IBU,Ground water,0.025848755777109534,0.3595708111665855,Bagging,Bagging_1
80,SI_ref_19,AMCB,IBU,Ground water,0.008169690609295848,0.35864271303250933,Bagging,Bagging_1
82,SI_ref_19,AMCB,IBU,Ground water,0.0,0.3576892543430321,Bagging,Bagging_1
84,SI_ref_19,AMCB,IBU,Ground water,0.2007202298061851,0.36476918966535427,Bagging,Bagging_1
86,SI_ref_19,AMCB,IBU,Ground water,0.16952726930244136,0.3638410915312782,Bagging,Bagging_1
88,SI_ref_19,AMCB,IBU,Ground water,0.14747637019246942,0.362887632841801,Bagging,Bagging_1
90,SI_ref_19,AMCB,IBU,Ground water,0.34008395729479907,0.37850711230508405,Bagging,Bagging_1
92,SI_ref_19,AMCB,IBU,Ground water,0.32813530040969546,0.3775790141710078,Bagging,Bagging_1
94,SI_ref_19,AMCB,IBU,Ground water,0.3191737471997417,0.37673340152673257,Bagging,Bagging_1
96,SI_ref_19,AMCB,IBU,Ground water,0.45590621693388655,0.39035504658597076,Bagging,Bagging_1
98,SI_ref_19,AMCB,IBU,Ground water,0.4386715603313315,0.3894269484518946,Bagging,Bagging_1
100,SI_ref_19,AMCB,IBU,Ground water,0.4136227630368784,0.3885813358076192,Bagging,Bagging_1
102,SI_ref_19,AMCB,IBU,Ground water,0.15909620069601668,0.38792620078241913,Bagging,Bagging_1
104,SI_ref_19,AMCB,IBU,Ground water,0.32070040208616674,0.3942712674751864,Bagging,Bagging_1
106,SI_ref_19,AMCB,IBU,Ground water,0.3644459510905023,0.3942712674751864,Bagging,Bagging_1
108,SI_ref_19,AMCB,IBU,Ground water,0.46356787238707886,0.3921098616498253,Bagging,Bagging_1
110,SI_ref_19,AMCB,IBU,Ground water,0.5205305455205957,0.3951993656092626,Bagging,Bagging_1
112,SI_ref_19,AMCB,IBU,Ground water,0.5464029950150356,0.3942712674751864,Bagging,Bagging_1
114,SI_ref_19,AMCB,IBU,Ground water,0.48301499525722014,0.39342565483091113,Bagging,Bagging_1
117,SI_ref_17,Alkali-modified SCG biochars,CBZ,Synthetic,0.12103690777624292,0.3498727741955814,Bagging,Bagging_1
119,SI_ref_17,Alkali-modified SCG biochars,CBZ,Synthetic,0.0701486117179634,0.32476635972311835,Bagging,Bagging_1
121,SI_ref_17,Alkali-modified SCG biochars,CBZ,Synthetic,0.050188840370859876,0.2595210363631051,Bagging,Bagging_1
123,SI_ref_17,Alkali-modified SCG biochars,CBZ,Synthetic,0.033003190610721066,0.24820763602705787,Bagging,Bagging_1
125,SI_ref_17,Alkali-modified SCG biochars,CBZ,Synthetic,0.03511734337104713,0.24372899376289067,Bagging,Bagging_1
127,SI_ref_17,Alkali-modified SCG biochars,CBZ,Synthetic,0.03195287629892775,0.24372899376289067,Bagging,Bagging_1
129,SI_ref_17,Alkali-modified SCG biochars,CBZ,Synthetic,0.03449328813829176,0.24554973338838554,Bagging,Bagging_1
132,SI_ref_17,Alkali-modified SCG biochars,CBZ,Synthetic,0.041716779164719504,0.2678283630790743,Bagging,Bagging_1
134,SI_ref_17,Alkali-modified SCG biochars,CBZ,Synthetic,0.00635796336582959,0.2678283630790743,Bagging,Bagging_1
136,SI_ref_17,Alkali-modified SCG biochars,CBZ,Synthetic,0.011730609548845337,0.2678283630790743,Bagging,Bagging_1
138,SI_ref_17,Alkali-modified SCG biochars,CBZ,Synthetic,0.01988738850164665,0.2678283630790743,Bagging,Bagging_1
140,SI_ref_17,Alkali-modified SCG biochars,CBZ,Synthetic,0.006132526431344026,0.2678283630790743,Bagging,Bagging_1
142,SI_ref_17,Alkali-modified SCG biochars,CBZ,Synthetic,0.007712590639419909,0.2678283630790743,Bagging,Bagging_1
145,SI_ref_17,Alkali-modified SCG biochars,CBZ,Synthetic,0.10268999927349255,0.2678283630790743,Bagging,Bagging_1
147,SI_ref_17,Alkali-modified SCG biochars,CBZ,Synthetic,0.14439822919669368,0.2678283630790743,Bagging,Bagging_1
149,SI_ref_17,Alkali-modified SCG biochars,CBZ,Synthetic,0.34003506921741083,0.2678283630790743,Bagging,Bagging_1
151,SI_ref_17,Alkali-modified SCG biochars,CBZ,Synthetic,0.4516798693491866,0.2678283630790743,Bagging,Bagging_1
153,SI_ref_17,Alkali-modified SCG biochars,CBZ,Synthetic,0.5612135486607656,0.2678283630790743,Bagging,Bagging_1
282,SI_ref_19,CB,IBU,Ground water,0.9280102961124896,0.9343771154197025,Bagging,Bagging_1
284,SI_ref_19,CB,IBU,Ground water,0.9242732043010754,0.9334107256321913,Bagging,Bagging_1
286,SI_ref_19,CB,IBU,Ground water,0.9218881323407775,0.9319217888124584,Bagging,Bagging_1
288,SI_ref_19,CB,IBU,Ground water,0.9215853366418528,0.9300758092059863,Bagging,Bagging_1
290,SI_ref_19,CB,IBU,Ground water,0.9207959503722085,0.9287689602051228,Bagging,Bagging_1
292,SI_ref_19,CB,IBU,Ground water,0.9207361323407776,0.9280084135976572,Bagging,Bagging_1
294,SI_ref_19,CB,IBU,Ground water,0.9206762613730356,0.9279158896797458,Bagging,Bagging_1
296,SI_ref_19,CB,IBU,Ground water,0.9945207101387852,0.9393025079328943,Bagging,Bagging_1
298,SI_ref_19,CB,IBU,Ground water,0.9765877548823724,0.929952135230583,Bagging,Bagging_1
300,SI_ref_19,CB,IBU,Ground water,0.9595058090644278,0.9281114760167252,Bagging,Bagging_1
302,SI_ref_19,CB,IBU,Ground water,0.9409019130333385,0.9393025079328943,Bagging,Bagging_1
304,SI_ref_19,CB,IBU,Ground water,0.9323428884090048,0.929952135230583,Bagging,Bagging_1
306,SI_ref_19,CB,IBU,Ground water,0.9259231602386863,0.9281114760167252,Bagging,Bagging_1
308,SI_ref_19,CB,IBU,Ground water,0.8753590996713628,0.9252040192371883,Bagging,Bagging_1
310,SI_ref_19,CB,IBU,Ground water,0.9341230700922319,0.9393025079328943,Bagging,Bagging_1
312,SI_ref_19,CB,IBU,Ground water,0.9234390298948024,0.929952135230583,Bagging,Bagging_1
314,SI_ref_19,CB,IBU,Ground water,0.917590560186213,0.9281114760167252,Bagging,Bagging_1
316,SI_ref_19,CB,IBU,Ground water,0.9236132062907854,0.9307588891207403,Bagging,Bagging_1
318,SI_ref_19,CB,IBU,Ground water,0.9231865295080666,0.9321226468553304,Bagging,Bagging_1
320,SI_ref_19,CB,IBU,Ground water,0.9303445651202417,0.9393025079328943,Bagging,Bagging_1
322,SI_ref_19,CB,IBU,Ground water,0.923151204819856,0.929952135230583,Bagging,Bagging_1
324,SI_ref_19,CB,IBU,Ground water,0.9175260660683171,0.9281114760167252,Bagging,Bagging_1
326,SI_ref_19,CB,IBU,Ground water,0.9318432124429017,0.9393025079328943,Bagging,Bagging_1
328,SI_ref_19,CB,IBU,Ground water,0.9241489703794897,0.929952135230583,Bagging,Bagging_1
330,SI_ref_19,CB,IBU,Ground water,0.9174641264203113,0.9281114760167252,Bagging,Bagging_1
523,SI_ref_19,MCB,IBU,Ground water,0.9264289561621175,0.8370128151938951,Bagging,Bagging_1
525,SI_ref_19,MCB,IBU,Ground water,0.9196854524400332,0.8541401769962813,Bagging,Bagging_1
527,SI_ref_19,MCB,IBU,Ground water,0.9178832092638545,0.8654495019952811,Bagging,Bagging_1
529,SI_ref_19,MCB,IBU,Ground water,0.9177463688999173,0.8712090331208983,Bagging,Bagging_1
531,SI_ref_19,MCB,IBU,Ground water,0.9177232092638544,0.8715867830738067,Bagging,Bagging_1
533,SI_ref_19,MCB,IBU,Ground water,0.9175379321753515,0.8718424934677448,Bagging,Bagging_1
535,SI_ref_19,MCB,IBU,Ground water,0.9173856344086023,0.8726623083261684,Bagging,Bagging_1
537,SI_ref_19,MCB,IBU,Ground water,0.9902068659306948,0.889478358268498,Bagging,Bagging_1
539,SI_ref_19,MCB,IBU,Ground water,0.9708228218531151,0.8797458983779088,Bagging,Bagging_1
541,SI_ref_19,MCB,IBU,Ground water,0.9483485035015843,0.8773442624071628,Bagging,Bagging_1
543,SI_ref_19,MCB,IBU,Ground water,0.9173115500413566,0.8797458983779088,Bagging,Bagging_1
545,SI_ref_19,MCB,IBU,Ground water,0.9358359065436908,0.8876075931617271,Bagging,Bagging_1
547,SI_ref_19,MCB,IBU,Ground water,0.9263512886233829,0.8772240719734947,Bagging,Bagging_1
549,SI_ref_19,MCB,IBU,Ground water,0.9153544975680639,0.8747317453942445,Bagging,Bagging_1
551,SI_ref_19,MCB,IBU,Ground water,0.9271238571918706,0.8845508294984259,Bagging,Bagging_1
553,SI_ref_19,MCB,IBU,Ground water,0.9199191103755877,0.869976390112289,Bagging,Bagging_1
555,SI_ref_19,MCB,IBU,Ground water,0.910886274193223,0.8670744037517137,Bagging,Bagging_1
557,SI_ref_19,MCB,IBU,Ground water,0.8716126359176348,0.8699763770325489,Bagging,Bagging_1
559,SI_ref_19,MCB,IBU,Ground water,0.9228881866842084,0.8701455192074011,Bagging,Bagging_1
561,SI_ref_19,MCB,IBU,Ground water,0.9227697266379059,0.8701455192074011,Bagging,Bagging_1
563,SI_ref_19,MCB,IBU,Ground water,0.9221446299502403,0.8705021243974688,Bagging,Bagging_1
565,SI_ref_19,MCB,IBU,Ground water,0.9254612605703445,0.8841414237755619,Bagging,Bagging_1
567,SI_ref_19,MCB,IBU,Ground water,0.9188111047361486,0.8701455192074011,Bagging,Bagging_1
569,SI_ref_19,MCB,IBU,Ground water,0.9124876096677748,0.8670746988079714,Bagging,Bagging_1
571,SI_ref_19,MCB,IBU,Ground water,0.927696260267614,0.8859609395139694,Bagging,Bagging_1
573,SI_ref_19,MCB,IBU,Ground water,0.9222883610163676,0.8745163739986627,Bagging,Bagging_1
575,SI_ref_19,MCB,IBU,Ground water,0.9173366162788351,0.871202695499484,Bagging,Bagging_1
577,SI_ref_19,MCB,IBU,Ground water,0.9896236049163454,0.8921045004594901,Bagging,Bagging_1
579,SI_ref_19,MCB,IBU,Ground water,0.9728688772730024,0.8838779334191615,Bagging,Bagging_1
581,SI_ref_19,MCB,IBU,Ground water,0.95367292982704,0.8792238890560347,Bagging,Bagging_1
583,SI_ref_19,MCB,IBU,Ground water,0.9381494412938034,0.8887011499549796,Bagging,Bagging_1
585,SI_ref_19,MCB,IBU,Ground water,0.925414707326754,0.8817743952508685,Bagging,Bagging_1
587,SI_ref_19,MCB,IBU,Ground water,0.9200694262245456,0.8766118155371168,Bagging,Bagging_1
589,SI_ref_19,MCB,IBU,Ground water,0.9296751902157461,0.8823060350094043,Bagging,Bagging_1
591,SI_ref_19,MCB,IBU,Ground water,0.9221403459202003,0.8739807857152394,Bagging,Bagging_1
593,SI_ref_19,MCB,IBU,Ground water,0.911624129649438,0.8686066724620913,Bagging,Bagging_1
595,SI_ref_19,MCB,IBU,Ground water,0.9248851497651674,0.8813468770087971,Bagging,Bagging_1
597,SI_ref_19,MCB,IBU,Ground water,0.9206218375460943,0.8732481322901332,Bagging,Bagging_1
599,SI_ref_19,MCB,IBU,Ground water,0.9170274735254856,0.867921669727512,Bagging,Bagging_1
601,SI_ref_19,MCB,IBU,Ground water,0.9300914246503462,0.8824364166385941,Bagging,Bagging_1
603,SI_ref_19,MCB,IBU,Ground water,0.920786534541565,0.8752583865550356,Bagging,Bagging_1
605,SI_ref_19,MCB,IBU,Ground water,0.9160948152334054,0.8699178868222888,Bagging,Bagging_1
607,SI_ref_19,MCB,IBU,Ground water,0.9861765121394982,0.8879846019479555,Bagging,Bagging_1
609,SI_ref_19,MCB,IBU,Ground water,0.9661781267028597,0.8815987044438345,Bagging,Bagging_1
611,SI_ref_19,MCB,IBU,Ground water,0.9529992532644452,0.8765890229958586,Bagging,Bagging_1
613,SI_ref_19,MCB,IBU,Ground water,0.9352947587236877,0.8856315817062718,Bagging,Bagging_1
615,SI_ref_19,MCB,IBU,Ground water,0.9284499518994666,0.8792334369226174,Bagging,Bagging_1
617,SI_ref_19,MCB,IBU,Ground water,0.917077774862594,0.8740434522482287,Bagging,Bagging_1
619,SI_ref_19,MCB,IBU,Ground water,0.9255842902984923,0.8799393479493759,Bagging,Bagging_1
621,SI_ref_19,MCB,IBU,Ground water,0.9186162384710084,0.8710894760383036,Bagging,Bagging_1
623,SI_ref_19,MCB,IBU,Ground water,0.9103224686673798,0.8668606663094071,Bagging,Bagging_1
625,SI_ref_19,MCB,IBU,Ground water,0.9258221154816445,0.8800087368325381,Bagging,Bagging_1
627,SI_ref_19,MCB,IBU,Ground water,0.921668420582223,0.8711588649214659,Bagging,Bagging_1
629,SI_ref_19,MCB,IBU,Ground water,0.9150562646500002,0.8669300551925693,Bagging,Bagging_1
631,SI_ref_19,MCB,IBU,Ground water,0.9296259863973036,0.8800087368325381,Bagging,Bagging_1
633,SI_ref_19,MCB,IBU,Ground water,0.9216175906678238,0.8711588649214659,Bagging,Bagging_1
635,SI_ref_19,MCB,IBU,Ground water,0.9188076045934327,0.8669300551925693,Bagging,Bagging_1
698,SI_ref_18,NaOH-activated SCW biochars,IBU,Lake water,0.585296751211726,0.5606541293112255,Bagging,Bagging_1
700,SI_ref_18,NaOH-activated SCW biochars,IBU,Lake water,0.6304734220526563,0.5568466076846538,Bagging,Bagging_1
702,SI_ref_18,NaOH-activated SCW biochars,IBU,Lake water,0.6077686506314385,0.5496601068003278,Bagging,Bagging_1
704,SI_ref_18,NaOH-activated SCW biochars,IBU,Lake water,0.6040537723014899,0.5444269380280127,Bagging,Bagging_1
706,SI_ref_18,NaOH-activated SCW biochars,IBU,Lake water,0.6292724453182281,0.5385953343214888,Bagging,Bagging_1
708,SI_ref_18,NaOH-activated SCW biochars,IBU,Lake water,0.6376478565264503,0.5340730452134781,Bagging,Bagging_1
710,SI_ref_18,NaOH-activated SCW biochars,IBU,Lake water,0.6108673600702487,0.5327314475632609,Bagging,Bagging_1
712,SI_ref_18,NaOH-activated SCW biochars,IBU,Lake water,0.10371139816269948,0.5277333512828735,Bagging,Bagging_1
714,SI_ref_18,NaOH-activated SCW biochars,IBU,Lake water,0.46656560236114836,0.5277333512828735,Bagging,Bagging_1
716,SI_ref_18,NaOH-activated SCW biochars,IBU,Lake water,0.44106817459704084,0.5257854668963877,Bagging,Bagging_1
718,SI_ref_18,NaOH-activated SCW biochars,IBU,Lake water,0.6893393142281772,0.5318568598429506,Bagging,Bagging_1
720,SI_ref_18,NaOH-activated SCW biochars,IBU,Lake water,0.621379975330744,0.5277333512828735,Bagging,Bagging_1
722,SI_ref_18,NaOH-activated SCW biochars,IBU,Lake water,0.6727437787241767,0.5277333512828735,Bagging,Bagging_1
723,SI_ref_18,NaOH-activated SCW biochars,IBU,Lake water,0.6293605973980515,0.5277333512828735,Bagging,Bagging_1
724,SI_ref_18,NaOH-activated SCW biochars,IBU,Lake water,0.6573710855713073,0.5277333512828735,Bagging,Bagging_1
726,SI_ref_18,NaOH-activated SCW biochars,IBU,Lake water,0.6298354173553987,0.5277333512828735,Bagging,Bagging_1
727,SI_ref_18,NaOH-activated SCW biochars,IBU,Lake water,0.6523803226831055,0.5277333512828735,Bagging,Bagging_1
728,SI_ref_18,NaOH-activated SCW biochars,IBU,Lake water,0.6378679449532959,0.5277333512828735,Bagging,Bagging_1
730,SI_ref_18,NaOH-activated SCW biochars,IBU,Lake water,0.627404015064595,0.5277333512828735,Bagging,Bagging_1
731,SI_ref_18,NaOH-activated SCW biochars,IBU,Lake water,0.6077370696640284,0.5277333512828735,Bagging,Bagging_1
732,SI_ref_18,NaOH-activated SCW biochars,IBU,Lake water,0.6159420233488258,0.5277333512828735,Bagging,Bagging_1
734,SI_ref_18,NaOH-activated SCW biochars,IBU,Lake water,0.6074163960354965,0.5277333512828735,Bagging,Bagging_1
735,SI_ref_18,NaOH-activated SCW biochars,IBU,Lake water,0.6146046840259546,0.5277333512828735,Bagging,Bagging_1
736,SI_ref_18,NaOH-activated SCW biochars,IBU,Lake water,0.6281995086504742,0.5277333512828735,Bagging,Bagging_1
738,SI_ref_18,NaOH-activated SCW biochars,IBU,Lake water,0.6298527247859258,0.5277333512828735,Bagging,Bagging_1
739,SI_ref_18,NaOH-activated SCW biochars,IBU,Lake water,0.576999656444263,0.5277333512828735,Bagging,Bagging_1
740,SI_ref_18,NaOH-activated SCW biochars,IBU,Lake water,0.5791171913994386,0.5277333512828735,Bagging,Bagging_1
742,SI_ref_18,NaOH-activated SCW biochars,IBU,Lake water,0.5786725135963804,0.5277333512828735,Bagging,Bagging_1
743,SI_ref_18,NaOH-activated SCW biochars,IBU,Lake water,0.6233870058145189,0.5277333512828735,Bagging,Bagging_1
744,SI_ref_18,NaOH-activated SCW biochars,IBU,Lake water,0.5944978576382812,0.5277333512828735,Bagging,Bagging_1
745,SI_ref_18,NaOH-activated SCW biochars,IBU,Lake water,0.5630080357470825,0.5277333512828735,Bagging,Bagging_1
747,SI_ref_18,NaOH-activated SCW biochars,IBU,Lake water,0.6846241766923425,0.5364652231804098,Bagging,Bagging_1
749,SI_ref_18,NaOH-activated SCW biochars,IBU,Lake water,0.744908980376152,0.5384633092758562,Bagging,Bagging_1
751,SI_ref_18,NaOH-activated SCW biochars,IBU,Lake water,0.6869669848084122,0.5277333512828735,Bagging,Bagging_1
753,SI_ref_18,NaOH-activated SCW biochars,IBU,Lake water,0.7932075459644551,0.5277333512828735,Bagging,Bagging_1
852,SI_ref_13,PB600,CBZ,Synthetic,0.5776772247360483,0.6704790579873198,Bagging,Bagging_1
853,SI_ref_13,PB600,CBZ,Synthetic,0.5656108597285068,0.6695448468079548,Bagging,Bagging_1
854,SI_ref_13,PB600,CBZ,Synthetic,0.5475113122171945,0.6587613034294523,Bagging,Bagging_1
855,SI_ref_13,PB600,CBZ,Synthetic,0.4479638009049774,0.6408150791496121,Bagging,Bagging_1
856,SI_ref_13,PB600,CBZ,Synthetic,0.45098039215686275,0.606658250843617,Bagging,Bagging_1
857,SI_ref_13,PB600,CBZ,Synthetic,0.42684766214177977,0.5872518245127448,Bagging,Bagging_1
858,SI_ref_13,PB600,CBZ,Synthetic,0.32437120555073723,0.5840070110299014,Bagging,Bagging_1
859,SI_ref_13,PB600,CBZ,Synthetic,0.4773489932885906,0.5855226791540838,Bagging,Bagging_1
860,SI_ref_13,PB600,CBZ,Synthetic,0.4437372714068248,0.5840070110299014,Bagging,Bagging_1
861,SI_ref_13,PB600,CBZ,Synthetic,0.35791881074899945,0.5840070110299014,Bagging,Bagging_1
862,SI_ref_13,PB600,CBZ,Synthetic,0.32426715019643393,0.5840070110299014,Bagging,Bagging_1
863,SI_ref_13,PB600,CBZ,Synthetic,0.24055829228243014,0.5840070110299014,Bagging,Bagging_1
864,SI_ref_13,PB600,CBZ,Synthetic,0.44839549002601903,0.5800195700718306,Bagging,Bagging_1
865,SI_ref_13,PB600,CBZ,Synthetic,0.5528523489932886,0.5800195700718306,Bagging,Bagging_1
866,SI_ref_13,PB600,CBZ,Synthetic,0.5653368025440879,0.5840070110299014,Bagging,Bagging_1
867,SI_ref_13,PB600,CBZ,Synthetic,0.6235906331309627,0.5840070110299014,Bagging,Bagging_1
868,SI_ref_13,PB600,CBZ,Synthetic,0.6991037872217403,0.5840070110299014,Bagging,Bagging_1
869,SI_ref_13,PB600,CBZ,Synthetic,0.7401395944327428,0.5840070110299014,Bagging,Bagging_1
870,SI_ref_13,PB600,CBZ,Synthetic,0.8642533936651583,0.5502111121410502,Bagging,Bagging_1
871,SI_ref_13,PB600,CBZ,Synthetic,0.6953242835595775,0.5502111121410502,Bagging,Bagging_1
872,SI_ref_13,PB600,CBZ,Synthetic,0.4479638009049774,0.5502111121410502,Bagging,Bagging_1
873,SI_ref_13,PB600,CBZ,Synthetic,0.36651583710407243,0.5502111121410502,Bagging,Bagging_1
874,SI_ref_13,PB600,CBZ,Synthetic,0.248868778280543,0.5502111121410502,Bagging,Bagging_1
898,SI_ref_13,PB600,CBZ,Synthetic,0.244663382594417,0.5840070110299014,Bagging,Bagging_1
899,SI_ref_13,PB800,CBZ,Synthetic,0.27061079156395507,0.4194809187575879,Bagging,Bagging_1
900,SI_ref_13,PB800,CBZ,Synthetic,0.22678718159408381,0.41100389821345074,Bagging,Bagging_1
901,SI_ref_13,PB800,CBZ,Synthetic,0.18844152287044644,0.4015519824695192,Bagging,Bagging_1
902,SI_ref_13,PB800,CBZ,Synthetic,0.17748562037797863,0.386945957356809,Bagging,Bagging_1
903,SI_ref_13,PB800,CBZ,Synthetic,0.16379074226239385,0.38182370294679835,Bagging,Bagging_1
904,SI_ref_13,PB800,CBZ,Synthetic,0.155573815393043,0.37409684470700294,Bagging,Bagging_1
905,SI_ref_13,PB800,CBZ,Synthetic,0.08520900321543408,0.37621361733834413,Bagging,Bagging_1
906,SI_ref_13,PB800,CBZ,Synthetic,0.16135346756152125,0.37621361733834413,Bagging,Bagging_1
907,SI_ref_13,PB800,CBZ,Synthetic,0.1561792870827899,0.37621361733834413,Bagging,Bagging_1
908,SI_ref_13,PB800,CBZ,Synthetic,0.13676633444075306,0.37621361733834413,Bagging,Bagging_1
909,SI_ref_13,PB800,CBZ,Synthetic,0.1002310803004044,0.37621361733834413,Bagging,Bagging_1
910,SI_ref_13,PB800,CBZ,Synthetic,0.04322336667164253,0.37621361733834413,Bagging,Bagging_1
911,SI_ref_13,PB800,CBZ,Synthetic,0.20609619686800895,0.37621361733834413,Bagging,Bagging_1
912,SI_ref_13,PB800,CBZ,Synthetic,0.1865212527964206,0.37621361733834413,Bagging,Bagging_1
913,SI_ref_13,PB800,CBZ,Synthetic,0.28121650589496244,0.37621361733834413,Bagging,Bagging_1
914,SI_ref_13,PB800,CBZ,Synthetic,0.36611289746337977,0.37621361733834413,Bagging,Bagging_1
915,SI_ref_13,PB800,CBZ,Synthetic,0.5117363344051448,0.37621361733834413,Bagging,Bagging_1
916,SI_ref_13,PB800,CBZ,Synthetic,0.5707012708620426,0.37621361733834413,Bagging,Bagging_1
917,SI_ref_13,PB800,CBZ,Synthetic,0.5791052918712493,0.36881183164652453,Bagging,Bagging_1
918,SI_ref_13,PB800,CBZ,Synthetic,0.30905619203491547,0.36881183164652453,Bagging,Bagging_1
919,SI_ref_13,PB800,CBZ,Synthetic,0.16448445171849424,0.36881183164652453,Bagging,Bagging_1
920,SI_ref_13,PB800,CBZ,Synthetic,0.12460736493062231,0.36881183164652453,Bagging,Bagging_1
921,SI_ref_13,PB800,CBZ,Synthetic,0.08265139116202945,0.36881183164652453,Bagging,Bagging_1
987,SI_ref_15,PSB,TEB,Synthetic,0.9529494921755761,0.9419420507468738,Bagging,Bagging_1
988,SI_ref_15,PSB,TEB,Synthetic,0.9422238246841239,0.9415801363446776,Bagging,Bagging_1
989,SI_ref_15,PSB,TEB,Synthetic,0.9297851778252496,0.9378701569212485,Bagging,Bagging_1
990,SI_ref_15,PSB,TEB,Synthetic,0.9225192311101157,0.935905446129052,Bagging,Bagging_1
991,SI_ref_15,PSB,TEB,Synthetic,0.920805363267918,0.9329322134770665,Bagging,Bagging_1
992,SI_ref_15,PSB,TEB,Synthetic,0.9178876121047361,0.9303342088581549,Bagging,Bagging_1
993,SI_ref_15,PSB,TEB,Synthetic,0.9171857170319854,0.9285812761419705,Bagging,Bagging_1
994,SI_ref_15,PSB,TEB,Synthetic,0.9362126098667423,0.9255584570548756,Bagging,Bagging_1
995,SI_ref_15,PSB,TEB,Synthetic,0.9575716949823408,0.9255584570548756,Bagging,Bagging_1
996,SI_ref_15,PSB,TEB,Synthetic,0.9144403299752767,0.9255584570548756,Bagging,Bagging_1
997,SI_ref_15,PSB,TEB,Synthetic,0.9131362601666559,0.9255584570548756,Bagging,Bagging_1
998,SI_ref_15,PSB,TEB,Synthetic,0.9073783566890704,0.9255584570548756,Bagging,Bagging_1
999,SI_ref_15,PSB,TEB,Synthetic,0.8610942615965279,0.9255584570548756,Bagging,Bagging_1
1000,SI_ref_15,PSB,TEB,Synthetic,0.8714762044822667,0.9255584570548756,Bagging,Bagging_1
1001,SI_ref_15,PSB,TEB,Synthetic,0.8650362109004135,0.9255584570548756,Bagging,Bagging_1
1002,SI_ref_15,PSB,TEB,Synthetic,0.9441016733966956,0.9255584570548756,Bagging,Bagging_1
1003,SI_ref_15,PSB,TEB,Synthetic,0.952584477756588,0.9255584570548756,Bagging,Bagging_1
1004,SI_ref_15,PSB,TEB,Synthetic,0.9589909115585907,0.9255584570548756,Bagging,Bagging_1
1005,SI_ref_15,PSB,TEB,Synthetic,0.9629553594597028,0.9255584570548756,Bagging,Bagging_1
1052,SI_ref_15,PSBOX-A,TEB,Synthetic,0.5158767649493458,0.35088231162428746,Bagging,Bagging_1
1053,SI_ref_15,PSBOX-A,TEB,Synthetic,0.41210379963008376,0.32455088801200843,Bagging,Bagging_1
1054,SI_ref_15,PSBOX-A,TEB,Synthetic,0.30623403384032577,0.29693364121425114,Bagging,Bagging_1
1055,SI_ref_15,PSBOX-A,TEB,Synthetic,0.21283845390046752,0.2349234772866801,Bagging,Bagging_1
1056,SI_ref_15,PSBOX-A,TEB,Synthetic,0.12421842587964138,0.19708940863426772,Bagging,Bagging_1
1057,SI_ref_15,PSBOX-A,TEB,Synthetic,0.09371708683213013,0.192373172905153,Bagging,Bagging_1
1058,SI_ref_15,PSBOX-A,TEB,Synthetic,0.07890621232231329,0.19103177180181685,Bagging,Bagging_1
1059,SI_ref_15,PSBOX-A,TEB,Synthetic,0.07277962857952934,0.20030390863831204,Bagging,Bagging_1
1060,SI_ref_15,PSBOX-A,TEB,Synthetic,0.5073983287736047,0.190901173078249,Bagging,Bagging_1
1061,SI_ref_15,PSBOX-A,TEB,Synthetic,0.5163778457532948,0.20030390863831204,Bagging,Bagging_1
1062,SI_ref_15,PSBOX-A,TEB,Synthetic,0.5077105405964751,0.20030390863831204,Bagging,Bagging_1
1063,SI_ref_15,PSBOX-A,TEB,Synthetic,0.058828707349529885,0.20030390863831204,Bagging,Bagging_1
1064,SI_ref_15,PSBOX-A,TEB,Synthetic,0.4930488637978448,0.20030390863831204,Bagging,Bagging_1
1065,SI_ref_15,PSBOX-A,TEB,Synthetic,0.5160089507499187,0.20030390863831204,Bagging,Bagging_1
1066,SI_ref_15,PSBOX-A,TEB,Synthetic,0.07083175356135256,0.20030390863831204,Bagging,Bagging_1
1067,SI_ref_15,PSBOX-A,TEB,Synthetic,0.051172794584274484,0.20030390863831204,Bagging,Bagging_1
1068,SI_ref_15,PSBOX-A,TEB,Synthetic,0.04750722464731311,0.20030390863831204,Bagging,Bagging_1
1069,SI_ref_15,PSBOX-A,TEB,Synthetic,0.04108376658313895,0.20030390863831204,Bagging,Bagging_1
1070,SI_ref_15,PSBOX-A,TEB,Synthetic,0.04527670142322688,0.20030390863831204,Bagging,Bagging_1
1071,SI_ref_15,PSBOX-A,TEB,Synthetic,0.04243318293660387,0.20030390863831204,Bagging,Bagging_1
1072,SI_ref_15,PSBOX-A,TEB,Synthetic,0.09409506092292502,0.20030390863831204,Bagging,Bagging_1
1073,SI_ref_15,PSBOX-A,TEB,Synthetic,0.28314921751011557,0.20030390863831204,Bagging,Bagging_1
1074,SI_ref_15,PSBOX-A,TEB,Synthetic,0.44223994246690523,0.20030390863831204,Bagging,Bagging_1
1075,SI_ref_15,PSBOX-A,TEB,Synthetic,0.5102144207532882,0.20030390863831204,Bagging,Bagging_1
1077,SI_ref_17,Pristine SCG biochar,CBZ,Synthetic,0.9431980957558961,0.9244925388969608,Bagging,Bagging_1
1079,SI_ref_17,Pristine SCG biochar,CBZ,Synthetic,0.9360319849357849,0.9220760395953583,Bagging,Bagging_1
1081,SI_ref_17,Pristine SCG biochar,CBZ,Synthetic,0.9307104448319532,0.9153111389988371,Bagging,Bagging_1
1083,SI_ref_17,Pristine SCG biochar,CBZ,Synthetic,0.9258716624342764,0.914001159282528,Bagging,Bagging_1
1085,SI_ref_17,Pristine SCG biochar,CBZ,Synthetic,0.9157118703628806,0.9129195115237293,Bagging,Bagging_1
1087,SI_ref_17,Pristine SCG biochar,CBZ,Synthetic,0.9147137334986508,0.9095688096242234,Bagging,Bagging_1
1089,SI_ref_17,Pristine SCG biochar,CBZ,Synthetic,0.9138427672538969,0.9069952009816172,Bagging,Bagging_1
1091,SI_ref_17,Pristine SCG biochar,CBZ,Synthetic,0.8932130468798682,0.8581767405623593,Bagging,Bagging_1
1093,SI_ref_17,Pristine SCG biochar,CBZ,Synthetic,0.9247624360467385,0.9013592711904188,Bagging,Bagging_1
1095,SI_ref_17,Pristine SCG biochar,CBZ,Synthetic,0.9071706166070994,0.9013592711904188,Bagging,Bagging_1
1097,SI_ref_17,Pristine SCG biochar,CBZ,Synthetic,0.908534541255576,0.9013592711904188,Bagging,Bagging_1
1099,SI_ref_17,Pristine SCG biochar,CBZ,Synthetic,0.903895578148675,0.9013592711904188,Bagging,Bagging_1
1101,SI_ref_17,Pristine SCG biochar,CBZ,Synthetic,0.9071468090110305,0.9013592711904188,Bagging,Bagging_1
1103,SI_ref_17,Pristine SCG biochar,CBZ,Synthetic,0.890879570190962,0.9013592711904188,Bagging,Bagging_1
1105,SI_ref_17,Pristine SCG biochar,CBZ,Synthetic,0.8806314346444372,0.9066234163323728,Bagging,Bagging_1
1107,SI_ref_17,Pristine SCG biochar,CBZ,Synthetic,0.9289062306369882,0.9013592711904188,Bagging,Bagging_1
1109,SI_ref_17,Pristine SCG biochar,CBZ,Synthetic,0.9261272699552149,0.9013592711904188,Bagging,Bagging_1
1111,SI_ref_17,Pristine SCG biochar,CBZ,Synthetic,0.9403460613803251,0.9013592711904188,Bagging,Bagging_1
1113,SI_ref_17,Pristine SCG biochar,CBZ,Synthetic,0.9373850128799738,0.9013592711904188,Bagging,Bagging_1
1115,SI_ref_17,Pristine SCG biochar,CBZ,Synthetic,0.925161257978969,0.9013592711904188,Bagging,Bagging_1
1253,SI_ref_18,Pristine SCW Biochar,IBU,Lake water,0.9264336848996528,0.9243683505964312,Bagging,Bagging_1
1255,SI_ref_18,Pristine SCW Biochar,IBU,Lake water,0.9179334532144726,0.9224829597953217,Bagging,Bagging_1
1257,SI_ref_18,Pristine SCW Biochar,IBU,Lake water,0.916180999264559,0.921309602300252,Bagging,Bagging_1
1259,SI_ref_18,Pristine SCW Biochar,IBU,Lake water,0.9235678454978681,0.9211103007158521,Bagging,Bagging_1
1261,SI_ref_18,Pristine SCW Biochar,IBU,Lake water,0.9285970293283682,0.9213913796982598,Bagging,Bagging_1
1263,SI_ref_18,Pristine SCW Biochar,IBU,Lake water,0.9209592404126973,0.9205721711491259,Bagging,Bagging_1
1265,SI_ref_18,Pristine SCW Biochar,IBU,Lake water,0.9279432945207517,0.920517532137516,Bagging,Bagging_1
1269,SI_ref_18,Pristine SCW Biochar,IBU,Lake water,0.8974085452250303,0.9094094023636139,Bagging,Bagging_1
1271,SI_ref_18,Pristine SCW Biochar,IBU,Lake water,0.9239929387412031,0.9239424053698195,Bagging,Bagging_1
1273,SI_ref_18,Pristine SCW Biochar,IBU,Lake water,0.9256303580479686,0.9208441276369678,Bagging,Bagging_1
1275,SI_ref_18,Pristine SCW Biochar,IBU,Lake water,0.9240446881745522,0.9208441276369678,Bagging,Bagging_1
1276,SI_ref_18,Pristine SCW Biochar,IBU,Lake water,0.9283922239724117,0.9208441276369678,Bagging,Bagging_1
1277,SI_ref_18,Pristine SCW Biochar,IBU,Lake water,0.9240711354841218,0.9208441276369678,Bagging,Bagging_1
1279,SI_ref_18,Pristine SCW Biochar,IBU,Lake water,0.9204127206373283,0.9208441276369678,Bagging,Bagging_1
1280,SI_ref_18,Pristine SCW Biochar,IBU,Lake water,0.9185968665123906,0.9208441276369678,Bagging,Bagging_1
1281,SI_ref_18,Pristine SCW Biochar,IBU,Lake water,0.9182954449695013,0.9208441276369678,Bagging,Bagging_1
1283,SI_ref_18,Pristine SCW Biochar,IBU,Lake water,0.9158900362354069,0.9208441276369678,Bagging,Bagging_1
1284,SI_ref_18,Pristine SCW Biochar,IBU,Lake water,0.9125854189759445,0.9208441276369678,Bagging,Bagging_1
1285,SI_ref_18,Pristine SCW Biochar,IBU,Lake water,0.9175495400890653,0.9208441276369678,Bagging,Bagging_1
1287,SI_ref_18,Pristine SCW Biochar,IBU,Lake water,0.9120226357855434,0.9208441276369678,Bagging,Bagging_1
1288,SI_ref_18,Pristine SCW Biochar,IBU,Lake water,0.9131050308227836,0.9208441276369678,Bagging,Bagging_1
1289,SI_ref_18,Pristine SCW Biochar,IBU,Lake water,0.91141920930323,0.9208441276369678,Bagging,Bagging_1
1291,SI_ref_18,Pristine SCW Biochar,IBU,Lake water,0.9068652159539504,0.9208441276369678,Bagging,Bagging_1
1292,SI_ref_18,Pristine SCW Biochar,IBU,Lake water,0.9091226364337618,0.9208441276369678,Bagging,Bagging_1
1293,SI_ref_18,Pristine SCW Biochar,IBU,Lake water,0.9067682424855283,0.9208441276369678,Bagging,Bagging_1
1295,SI_ref_18,Pristine SCW Biochar,IBU,Lake water,0.9027540853962883,0.9208441276369678,Bagging,Bagging_1
1296,SI_ref_18,Pristine SCW Biochar,IBU,Lake water,0.9025373859945938,0.9208441276369678,Bagging,Bagging_1
1297,SI_ref_18,Pristine SCW Biochar,IBU,Lake water,0.9026152370210476,0.9208441276369678,Bagging,Bagging_1
1298,SI_ref_18,Pristine SCW Biochar,IBU,Lake water,0.9219347373743266,0.9209581568566663,Bagging,Bagging_1
1300,SI_ref_18,Pristine SCW Biochar,IBU,Lake water,0.9277221749920567,0.9240829784188407,Bagging,Bagging_1
1302,SI_ref_18,Pristine SCW Biochar,IBU,Lake water,0.9340257796823453,0.9253430492387102,Bagging,Bagging_1
2,SI_ref_19,AMCB,IBU,Ground water,0.6563767477253929,0.4807920045337153,BayesianRidge,BayesianRidge_1
4,SI_ref_19,AMCB,IBU,Ground water,0.5414154110835401,0.46467031063851416,BayesianRidge,BayesianRidge_1
6,SI_ref_19,AMCB,IBU,Ground water,0.39819987427626136,0.4483573623426909,BayesianRidge,BayesianRidge_1
8,SI_ref_19,AMCB,IBU,Ground water,0.3426557088502895,0.4319470077900082,BayesianRidge,BayesianRidge_1
10,SI_ref_19,AMCB,IBU,Ground water,0.3352626765922249,0.41548749530368595,BayesianRidge,BayesianRidge_1
12,SI_ref_19,AMCB,IBU,Ground water,0.33078034739454093,0.40584687372154665,BayesianRidge,BayesianRidge_1
14,SI_ref_19,AMCB,IBU,Ground water,0.3305497038875103,0.3990032888626877,BayesianRidge,BayesianRidge_1
16,SI_ref_19,AMCB,IBU,Ground water,0.029204625724030753,0.41314369117401073,BayesianRidge,BayesianRidge_1
18,SI_ref_19,AMCB,IBU,Ground water,0.005264283840238958,0.3893544188352108,BayesianRidge,BayesianRidge_1
20,SI_ref_19,AMCB,IBU,Ground water,0.0023766372681587895,0.3655651464964108,BayesianRidge,BayesianRidge_1
22,SI_ref_19,AMCB,IBU,Ground water,0.32926049296939613,0.3893544188352108,BayesianRidge,BayesianRidge_1
24,SI_ref_19,AMCB,IBU,Ground water,0.19832193047959257,0.4131271685094266,BayesianRidge,BayesianRidge_1
26,SI_ref_19,AMCB,IBU,Ground water,0.1894672613641715,0.3893378961706267,BayesianRidge,BayesianRidge_1
28,SI_ref_19,AMCB,IBU,Ground water,0.1528746627917146,0.3655486238318267,BayesianRidge,BayesianRidge_1
30,SI_ref_19,AMCB,IBU,Ground water,0.3449761650083755,0.41311065729903024,BayesianRidge,BayesianRidge_1
32,SI_ref_19,AMCB,IBU,Ground water,0.30765270742093687,0.38932138496023033,BayesianRidge,BayesianRidge_1
34,SI_ref_19,AMCB,IBU,Ground water,0.303030777614079,0.3655321126214303,BayesianRidge,BayesianRidge_1
36,SI_ref_19,AMCB,IBU,Ground water,0.41496556078686897,0.4130941575269517,BayesianRidge,BayesianRidge_1
38,SI_ref_19,AMCB,IBU,Ground water,0.3766264851820565,0.3893048851881518,BayesianRidge,BayesianRidge_1
40,SI_ref_19,AMCB,IBU,Ground water,0.38956403906090076,0.3655156128493518,BayesianRidge,BayesianRidge_1
42,SI_ref_19,AMCB,IBU,Ground water,0.5182383095521604,0.41307766917735383,BayesianRidge,BayesianRidge_1
44,SI_ref_19,AMCB,IBU,Ground water,0.5024496962602676,0.38928839683855393,BayesianRidge,BayesianRidge_1
46,SI_ref_19,AMCB,IBU,Ground water,0.48210720700720494,0.3654991244997539,BayesianRidge,BayesianRidge_1
48,SI_ref_19,AMCB,IBU,Ground water,0.03338351934448727,0.41306119223443255,BayesianRidge,BayesianRidge_1
50,SI_ref_19,AMCB,IBU,Ground water,0.0,0.38927191989563265,BayesianRidge,BayesianRidge_1
52,SI_ref_19,AMCB,IBU,Ground water,0.003531050071646246,0.36548264755683263,BayesianRidge,BayesianRidge_1
54,SI_ref_19,AMCB,IBU,Ground water,0.19999798179579809,0.4130447266824164,BayesianRidge,BayesianRidge_1
56,SI_ref_19,AMCB,IBU,Ground water,0.17260220522445793,0.38925545434361647,BayesianRidge,BayesianRidge_1
58,SI_ref_19,AMCB,IBU,Ground water,0.15656878376287445,0.36546618200481645,BayesianRidge,BayesianRidge_1
60,SI_ref_19,AMCB,IBU,Ground water,0.3457359785263073,0.4130282725055665,BayesianRidge,BayesianRidge_1
62,SI_ref_19,AMCB,IBU,Ground water,0.32626934953278575,0.3892390001667666,BayesianRidge,BayesianRidge_1
64,SI_ref_19,AMCB,IBU,Ground water,0.3258728934993643,0.3654497278279666,BayesianRidge,BayesianRidge_1
66,SI_ref_19,AMCB,IBU,Ground water,0.4885549946229274,0.4130118296881769,BayesianRidge,BayesianRidge_1
68,SI_ref_19,AMCB,IBU,Ground water,0.39885279506866217,0.389222557349377,BayesianRidge,BayesianRidge_1
70,SI_ref_19,AMCB,IBU,Ground water,0.42188356115014575,0.365433285010577,BayesianRidge,BayesianRidge_1
72,SI_ref_19,AMCB,IBU,Ground water,0.5107350299703324,0.4129953982145739,BayesianRidge,BayesianRidge_1
74,SI_ref_19,AMCB,IBU,Ground water,0.5226317382792791,0.389206125875774,BayesianRidge,BayesianRidge_1
76,SI_ref_19,AMCB,IBU,Ground water,0.4945842701164504,0.365416853536974,BayesianRidge,BayesianRidge_1
78,SI_ref_19,AMCB,IBU,Ground water,0.025848755777109534,0.4129789780691164,BayesianRidge,BayesianRidge_1
80,SI_ref_19,AMCB,IBU,Ground water,0.008169690609295848,0.38918970573031647,BayesianRidge,BayesianRidge_1
82,SI_ref_19,AMCB,IBU,Ground water,0.0,0.36540043339151645,BayesianRidge,BayesianRidge_1
84,SI_ref_19,AMCB,IBU,Ground water,0.2007202298061851,0.4129625692361953,BayesianRidge,BayesianRidge_1
86,SI_ref_19,AMCB,IBU,Ground water,0.16952726930244136,0.3891732968973954,BayesianRidge,BayesianRidge_1
88,SI_ref_19,AMCB,IBU,Ground water,0.14747637019246942,0.36538402455859537,BayesianRidge,BayesianRidge_1
90,SI_ref_19,AMCB,IBU,Ground water,0.34008395729479907,0.4129461717002341,BayesianRidge,BayesianRidge_1
92,SI_ref_19,AMCB,IBU,Ground water,0.32813530040969546,0.3891568993614342,BayesianRidge,BayesianRidge_1
94,SI_ref_19,AMCB,IBU,Ground water,0.3191737471997417,0.3653676270226342,BayesianRidge,BayesianRidge_1
96,SI_ref_19,AMCB,IBU,Ground water,0.45590621693388655,0.4129297854456883,BayesianRidge,BayesianRidge_1
98,SI_ref_19,AMCB,IBU,Ground water,0.4386715603313315,0.3891405131068884,BayesianRidge,BayesianRidge_1
100,SI_ref_19,AMCB,IBU,Ground water,0.4136227630368784,0.3653512407680884,BayesianRidge,BayesianRidge_1
102,SI_ref_19,AMCB,IBU,Ground water,0.15909620069601668,0.36216178812218575,BayesianRidge,BayesianRidge_1
104,SI_ref_19,AMCB,IBU,Ground water,0.32070040208616674,0.3891241381182455,BayesianRidge,BayesianRidge_1
106,SI_ref_19,AMCB,IBU,Ground water,0.3644459510905023,0.4160864881143051,BayesianRidge,BayesianRidge_1
108,SI_ref_19,AMCB,IBU,Ground water,0.46356787238707886,0.44304883811036483,BayesianRidge,BayesianRidge_1
110,SI_ref_19,AMCB,IBU,Ground water,0.5205305455205957,0.4129134104570454,BayesianRidge,BayesianRidge_1
112,SI_ref_19,AMCB,IBU,Ground water,0.5464029950150356,0.3891241381182455,BayesianRidge,BayesianRidge_1
114,SI_ref_19,AMCB,IBU,Ground water,0.48301499525722014,0.36533486577944546,BayesianRidge,BayesianRidge_1
117,SI_ref_17,Alkali-modified SCG biochars,CBZ,Synthetic,0.12103690777624292,0.28462686622546984,BayesianRidge,BayesianRidge_1
119,SI_ref_17,Alkali-modified SCG biochars,CBZ,Synthetic,0.0701486117179634,0.26850517233026877,BayesianRidge,BayesianRidge_1
121,SI_ref_17,Alkali-modified SCG biochars,CBZ,Synthetic,0.050188840370859876,0.24260079451128114,BayesianRidge,BayesianRidge_1
123,SI_ref_17,Alkali-modified SCG biochars,CBZ,Synthetic,0.033003190610721066,0.22615770198174634,BayesianRidge,BayesianRidge_1
125,SI_ref_17,Alkali-modified SCG biochars,CBZ,Synthetic,0.03511734337104713,0.21652257142638087,BayesianRidge,BayesianRidge_1
127,SI_ref_17,Alkali-modified SCG biochars,CBZ,Synthetic,0.03195287629892775,0.20968173541330126,BayesianRidge,BayesianRidge_1
129,SI_ref_17,Alkali-modified SCG biochars,CBZ,Synthetic,0.03449328813829176,0.2028381505544422,BayesianRidge,BayesianRidge_1
132,SI_ref_17,Alkali-modified SCG biochars,CBZ,Synthetic,0.041716779164719504,0.19318928052696538,BayesianRidge,BayesianRidge_1
134,SI_ref_17,Alkali-modified SCG biochars,CBZ,Synthetic,0.00635796336582959,0.19318928052696538,BayesianRidge,BayesianRidge_1
136,SI_ref_17,Alkali-modified SCG biochars,CBZ,Synthetic,0.011730609548845337,0.19318928052696538,BayesianRidge,BayesianRidge_1
138,SI_ref_17,Alkali-modified SCG biochars,CBZ,Synthetic,0.01988738850164665,0.19318928052696538,BayesianRidge,BayesianRidge_1
140,SI_ref_17,Alkali-modified SCG biochars,CBZ,Synthetic,0.006132526431344026,0.19318928052696538,BayesianRidge,BayesianRidge_1
142,SI_ref_17,Alkali-modified SCG biochars,CBZ,Synthetic,0.007712590639419909,0.19318928052696538,BayesianRidge,BayesianRidge_1
145,SI_ref_17,Alkali-modified SCG biochars,CBZ,Synthetic,0.10268999927349255,0.19318928052696538,BayesianRidge,BayesianRidge_1
147,SI_ref_17,Alkali-modified SCG biochars,CBZ,Synthetic,0.14439822919669368,0.19318928052696538,BayesianRidge,BayesianRidge_1
149,SI_ref_17,Alkali-modified SCG biochars,CBZ,Synthetic,0.34003506921741083,0.19318928052696538,BayesianRidge,BayesianRidge_1
151,SI_ref_17,Alkali-modified SCG biochars,CBZ,Synthetic,0.4516798693491866,0.19318928052696538,BayesianRidge,BayesianRidge_1
153,SI_ref_17,Alkali-modified SCG biochars,CBZ,Synthetic,0.5612135486607656,0.19318928052696538,BayesianRidge,BayesianRidge_1
282,SI_ref_19,CB,IBU,Ground water,0.9280102961124896,0.9735028703552987,BayesianRidge,BayesianRidge_1
284,SI_ref_19,CB,IBU,Ground water,0.9242732043010754,0.9573811764600976,BayesianRidge,BayesianRidge_1
286,SI_ref_19,CB,IBU,Ground water,0.9218881323407775,0.9410682281642744,BayesianRidge,BayesianRidge_1
288,SI_ref_19,CB,IBU,Ground water,0.9215853366418528,0.9246578736115916,BayesianRidge,BayesianRidge_1
290,SI_ref_19,CB,IBU,Ground water,0.9207959503722085,0.9081983611252693,BayesianRidge,BayesianRidge_1
292,SI_ref_19,CB,IBU,Ground water,0.9207361323407776,0.8985577395431301,BayesianRidge,BayesianRidge_1
294,SI_ref_19,CB,IBU,Ground water,0.9206762613730356,0.8917141546842711,BayesianRidge,BayesianRidge_1
296,SI_ref_19,CB,IBU,Ground water,0.9945207101387852,0.9058545569955943,BayesianRidge,BayesianRidge_1
298,SI_ref_19,CB,IBU,Ground water,0.9765877548823724,0.8820652846567942,BayesianRidge,BayesianRidge_1
300,SI_ref_19,CB,IBU,Ground water,0.9595058090644278,0.8582760123179942,BayesianRidge,BayesianRidge_1
302,SI_ref_19,CB,IBU,Ground water,0.9409019130333385,0.9058545569955943,BayesianRidge,BayesianRidge_1
304,SI_ref_19,CB,IBU,Ground water,0.9323428884090048,0.8820652846567942,BayesianRidge,BayesianRidge_1
306,SI_ref_19,CB,IBU,Ground water,0.9259231602386863,0.8582760123179942,BayesianRidge,BayesianRidge_1
308,SI_ref_19,CB,IBU,Ground water,0.8753590996713628,0.8551029346607346,BayesianRidge,BayesianRidge_1
310,SI_ref_19,CB,IBU,Ground water,0.9341230700922319,0.9058545569955943,BayesianRidge,BayesianRidge_1
312,SI_ref_19,CB,IBU,Ground water,0.9234390298948024,0.8820652846567942,BayesianRidge,BayesianRidge_1
314,SI_ref_19,CB,IBU,Ground water,0.917590560186213,0.8582760123179942,BayesianRidge,BayesianRidge_1
316,SI_ref_19,CB,IBU,Ground water,0.9236132062907854,0.9090276346528539,BayesianRidge,BayesianRidge_1
318,SI_ref_19,CB,IBU,Ground water,0.9231865295080666,0.9359899846489136,BayesianRidge,BayesianRidge_1
320,SI_ref_19,CB,IBU,Ground water,0.9303445651202417,0.9058545569955943,BayesianRidge,BayesianRidge_1
322,SI_ref_19,CB,IBU,Ground water,0.923151204819856,0.8820652846567942,BayesianRidge,BayesianRidge_1
324,SI_ref_19,CB,IBU,Ground water,0.9175260660683171,0.8582760123179942,BayesianRidge,BayesianRidge_1
326,SI_ref_19,CB,IBU,Ground water,0.9318432124429017,0.9058545569955943,BayesianRidge,BayesianRidge_1
328,SI_ref_19,CB,IBU,Ground water,0.9241489703794897,0.8820652846567942,BayesianRidge,BayesianRidge_1
330,SI_ref_19,CB,IBU,Ground water,0.9174641264203113,0.8582760123179942,BayesianRidge,BayesianRidge_1
523,SI_ref_19,MCB,IBU,Ground water,0.9264289561621175,0.9087074860199416,BayesianRidge,BayesianRidge_1
525,SI_ref_19,MCB,IBU,Ground water,0.9196854524400332,0.8925857921247404,BayesianRidge,BayesianRidge_1
527,SI_ref_19,MCB,IBU,Ground water,0.9178832092638545,0.8762728438289172,BayesianRidge,BayesianRidge_1
529,SI_ref_19,MCB,IBU,Ground water,0.9177463688999173,0.8598624892762345,BayesianRidge,BayesianRidge_1
531,SI_ref_19,MCB,IBU,Ground water,0.9177232092638544,0.8434029767899123,BayesianRidge,BayesianRidge_1
533,SI_ref_19,MCB,IBU,Ground water,0.9175379321753515,0.833762355207773,BayesianRidge,BayesianRidge_1
535,SI_ref_19,MCB,IBU,Ground water,0.9173856344086023,0.826918770348914,BayesianRidge,BayesianRidge_1
537,SI_ref_19,MCB,IBU,Ground water,0.9902068659306948,0.8410591726602371,BayesianRidge,BayesianRidge_1
539,SI_ref_19,MCB,IBU,Ground water,0.9708228218531151,0.8172699003214372,BayesianRidge,BayesianRidge_1
541,SI_ref_19,MCB,IBU,Ground water,0.9483485035015843,0.7934806279826372,BayesianRidge,BayesianRidge_1
543,SI_ref_19,MCB,IBU,Ground water,0.9173115500413566,0.8172699003214372,BayesianRidge,BayesianRidge_1
545,SI_ref_19,MCB,IBU,Ground water,0.9358359065436908,0.8410426499956529,BayesianRidge,BayesianRidge_1
547,SI_ref_19,MCB,IBU,Ground water,0.9263512886233829,0.817253377656853,BayesianRidge,BayesianRidge_1
549,SI_ref_19,MCB,IBU,Ground water,0.9153544975680639,0.793464105318053,BayesianRidge,BayesianRidge_1
551,SI_ref_19,MCB,IBU,Ground water,0.9271238571918706,0.8410261387852567,BayesianRidge,BayesianRidge_1
553,SI_ref_19,MCB,IBU,Ground water,0.9199191103755877,0.8172368664464567,BayesianRidge,BayesianRidge_1
555,SI_ref_19,MCB,IBU,Ground water,0.910886274193223,0.7934475941076568,BayesianRidge,BayesianRidge_1
557,SI_ref_19,MCB,IBU,Ground water,0.8716126359176348,0.7902580166783184,BayesianRidge,BayesianRidge_1
559,SI_ref_19,MCB,IBU,Ground water,0.9228881866842084,0.8172203666743781,BayesianRidge,BayesianRidge_1
561,SI_ref_19,MCB,IBU,Ground water,0.9227697266379059,0.8441827166704378,BayesianRidge,BayesianRidge_1
563,SI_ref_19,MCB,IBU,Ground water,0.9221446299502403,0.8711450666664975,BayesianRidge,BayesianRidge_1
565,SI_ref_19,MCB,IBU,Ground water,0.9254612605703445,0.841009639013178,BayesianRidge,BayesianRidge_1
567,SI_ref_19,MCB,IBU,Ground water,0.9188111047361486,0.8172203666743781,BayesianRidge,BayesianRidge_1
569,SI_ref_19,MCB,IBU,Ground water,0.9124876096677748,0.7934310943355781,BayesianRidge,BayesianRidge_1
571,SI_ref_19,MCB,IBU,Ground water,0.927696260267614,0.8409931506635803,BayesianRidge,BayesianRidge_1
573,SI_ref_19,MCB,IBU,Ground water,0.9222883610163676,0.8172038783247803,BayesianRidge,BayesianRidge_1
575,SI_ref_19,MCB,IBU,Ground water,0.9173366162788351,0.7934146059859803,BayesianRidge,BayesianRidge_1
577,SI_ref_19,MCB,IBU,Ground water,0.9896236049163454,0.8409766737206589,BayesianRidge,BayesianRidge_1
579,SI_ref_19,MCB,IBU,Ground water,0.9728688772730024,0.817187401381859,BayesianRidge,BayesianRidge_1
581,SI_ref_19,MCB,IBU,Ground water,0.95367292982704,0.793398129043059,BayesianRidge,BayesianRidge_1
583,SI_ref_19,MCB,IBU,Ground water,0.9381494412938034,0.8409602081686427,BayesianRidge,BayesianRidge_1
585,SI_ref_19,MCB,IBU,Ground water,0.925414707326754,0.8171709358298428,BayesianRidge,BayesianRidge_1
587,SI_ref_19,MCB,IBU,Ground water,0.9200694262245456,0.7933816634910428,BayesianRidge,BayesianRidge_1
589,SI_ref_19,MCB,IBU,Ground water,0.9296751902157461,0.8409437539917929,BayesianRidge,BayesianRidge_1
591,SI_ref_19,MCB,IBU,Ground water,0.9221403459202003,0.817154481652993,BayesianRidge,BayesianRidge_1
593,SI_ref_19,MCB,IBU,Ground water,0.911624129649438,0.793365209314193,BayesianRidge,BayesianRidge_1
595,SI_ref_19,MCB,IBU,Ground water,0.9248851497651674,0.8409273111744033,BayesianRidge,BayesianRidge_1
597,SI_ref_19,MCB,IBU,Ground water,0.9206218375460943,0.8171380388356033,BayesianRidge,BayesianRidge_1
599,SI_ref_19,MCB,IBU,Ground water,0.9170274735254856,0.7933487664968034,BayesianRidge,BayesianRidge_1
601,SI_ref_19,MCB,IBU,Ground water,0.9300914246503462,0.8409108797008004,BayesianRidge,BayesianRidge_1
603,SI_ref_19,MCB,IBU,Ground water,0.920786534541565,0.8171216073620003,BayesianRidge,BayesianRidge_1
605,SI_ref_19,MCB,IBU,Ground water,0.9160948152334054,0.7933323350232004,BayesianRidge,BayesianRidge_1
607,SI_ref_19,MCB,IBU,Ground water,0.9861765121394982,0.8408944595553427,BayesianRidge,BayesianRidge_1
609,SI_ref_19,MCB,IBU,Ground water,0.9661781267028597,0.8171051872165428,BayesianRidge,BayesianRidge_1
611,SI_ref_19,MCB,IBU,Ground water,0.9529992532644452,0.7933159148777428,BayesianRidge,BayesianRidge_1
613,SI_ref_19,MCB,IBU,Ground water,0.9352947587236877,0.8408780507224217,BayesianRidge,BayesianRidge_1
615,SI_ref_19,MCB,IBU,Ground water,0.9284499518994666,0.8170887783836217,BayesianRidge,BayesianRidge_1
617,SI_ref_19,MCB,IBU,Ground water,0.917077774862594,0.7932995060448218,BayesianRidge,BayesianRidge_1
619,SI_ref_19,MCB,IBU,Ground water,0.9255842902984923,0.8408616531864604,BayesianRidge,BayesianRidge_1
621,SI_ref_19,MCB,IBU,Ground water,0.9186162384710084,0.8170723808476605,BayesianRidge,BayesianRidge_1
623,SI_ref_19,MCB,IBU,Ground water,0.9103224686673798,0.7932831085088605,BayesianRidge,BayesianRidge_1
625,SI_ref_19,MCB,IBU,Ground water,0.9258221154816445,0.8408452669319146,BayesianRidge,BayesianRidge_1
627,SI_ref_19,MCB,IBU,Ground water,0.921668420582223,0.8170559945931147,BayesianRidge,BayesianRidge_1
629,SI_ref_19,MCB,IBU,Ground water,0.9150562646500002,0.7932667222543147,BayesianRidge,BayesianRidge_1
631,SI_ref_19,MCB,IBU,Ground water,0.9296259863973036,0.8408288919432718,BayesianRidge,BayesianRidge_1
633,SI_ref_19,MCB,IBU,Ground water,0.9216175906678238,0.8170396196044718,BayesianRidge,BayesianRidge_1
635,SI_ref_19,MCB,IBU,Ground water,0.9188076045934327,0.7932503472656719,BayesianRidge,BayesianRidge_1
698,SI_ref_18,NaOH-activated SCW biochars,IBU,Lake water,0.585296751211726,0.5582084215499316,BayesianRidge,BayesianRidge_1
700,SI_ref_18,NaOH-activated SCW biochars,IBU,Lake water,0.6304734220526563,0.5420867276547304,BayesianRidge,BayesianRidge_1
702,SI_ref_18,NaOH-activated SCW biochars,IBU,Lake water,0.6077686506314385,0.5257737793589072,BayesianRidge,BayesianRidge_1
704,SI_ref_18,NaOH-activated SCW biochars,IBU,Lake water,0.6040537723014899,0.5093634248062245,BayesianRidge,BayesianRidge_1
706,SI_ref_18,NaOH-activated SCW biochars,IBU,Lake water,0.6292724453182281,0.4929039123199022,BayesianRidge,BayesianRidge_1
708,SI_ref_18,NaOH-activated SCW biochars,IBU,Lake water,0.6376478565264503,0.483263290737763,BayesianRidge,BayesianRidge_1
710,SI_ref_18,NaOH-activated SCW biochars,IBU,Lake water,0.6108673600702487,0.476419705878904,BayesianRidge,BayesianRidge_1
712,SI_ref_18,NaOH-activated SCW biochars,IBU,Lake water,0.10371139816269948,0.46677083585142715,BayesianRidge,BayesianRidge_1
714,SI_ref_18,NaOH-activated SCW biochars,IBU,Lake water,0.46656560236114836,0.46677083585142715,BayesianRidge,BayesianRidge_1
716,SI_ref_18,NaOH-activated SCW biochars,IBU,Lake water,0.44106817459704084,0.43980848585536747,BayesianRidge,BayesianRidge_1
718,SI_ref_18,NaOH-activated SCW biochars,IBU,Lake water,0.6893393142281772,0.4905601081902271,BayesianRidge,BayesianRidge_1
720,SI_ref_18,NaOH-activated SCW biochars,IBU,Lake water,0.621379975330744,0.46677083585142715,BayesianRidge,BayesianRidge_1
722,SI_ref_18,NaOH-activated SCW biochars,IBU,Lake water,0.6727437787241767,0.46677083585142715,BayesianRidge,BayesianRidge_1
723,SI_ref_18,NaOH-activated SCW biochars,IBU,Lake water,0.6293605973980515,0.46677083585142715,BayesianRidge,BayesianRidge_1
724,SI_ref_18,NaOH-activated SCW biochars,IBU,Lake water,0.6573710855713073,0.46677083585142715,BayesianRidge,BayesianRidge_1
726,SI_ref_18,NaOH-activated SCW biochars,IBU,Lake water,0.6298354173553987,0.46677083585142715,BayesianRidge,BayesianRidge_1
727,SI_ref_18,NaOH-activated SCW biochars,IBU,Lake water,0.6523803226831055,0.46677083585142715,BayesianRidge,BayesianRidge_1
728,SI_ref_18,NaOH-activated SCW biochars,IBU,Lake water,0.6378679449532959,0.46677083585142715,BayesianRidge,BayesianRidge_1
730,SI_ref_18,NaOH-activated SCW biochars,IBU,Lake water,0.627404015064595,0.46677083585142715,BayesianRidge,BayesianRidge_1
731,SI_ref_18,NaOH-activated SCW biochars,IBU,Lake water,0.6077370696640284,0.46677083585142715,BayesianRidge,BayesianRidge_1
732,SI_ref_18,NaOH-activated SCW biochars,IBU,Lake water,0.6159420233488258,0.46677083585142715,BayesianRidge,BayesianRidge_1
734,SI_ref_18,NaOH-activated SCW biochars,IBU,Lake water,0.6074163960354965,0.46677083585142715,BayesianRidge,BayesianRidge_1
735,SI_ref_18,NaOH-activated SCW biochars,IBU,Lake water,0.6146046840259546,0.46677083585142715,BayesianRidge,BayesianRidge_1
736,SI_ref_18,NaOH-activated SCW biochars,IBU,Lake water,0.6281995086504742,0.46677083585142715,BayesianRidge,BayesianRidge_1
738,SI_ref_18,NaOH-activated SCW biochars,IBU,Lake water,0.6298527247859258,0.46677083585142715,BayesianRidge,BayesianRidge_1
739,SI_ref_18,NaOH-activated SCW biochars,IBU,Lake water,0.576999656444263,0.46677083585142715,BayesianRidge,BayesianRidge_1
740,SI_ref_18,NaOH-activated SCW biochars,IBU,Lake water,0.5791171913994386,0.46677083585142715,BayesianRidge,BayesianRidge_1
742,SI_ref_18,NaOH-activated SCW biochars,IBU,Lake water,0.5786725135963804,0.46677083585142715,BayesianRidge,BayesianRidge_1
743,SI_ref_18,NaOH-activated SCW biochars,IBU,Lake water,0.6233870058145189,0.46677083585142715,BayesianRidge,BayesianRidge_1
744,SI_ref_18,NaOH-activated SCW biochars,IBU,Lake water,0.5944978576382812,0.46677083585142715,BayesianRidge,BayesianRidge_1
745,SI_ref_18,NaOH-activated SCW biochars,IBU,Lake water,0.5630080357470825,0.4429815635126272,BayesianRidge,BayesianRidge_1
747,SI_ref_18,NaOH-activated SCW biochars,IBU,Lake water,0.6846241766923425,0.49373318584748677,BayesianRidge,BayesianRidge_1
749,SI_ref_18,NaOH-activated SCW biochars,IBU,Lake water,0.744908980376152,0.5206955358435464,BayesianRidge,BayesianRidge_1
751,SI_ref_18,NaOH-activated SCW biochars,IBU,Lake water,0.6869669848084122,0.46677083585142715,BayesianRidge,BayesianRidge_1
753,SI_ref_18,NaOH-activated SCW biochars,IBU,Lake water,0.7932075459644551,0.46677083585142715,BayesianRidge,BayesianRidge_1
852,SI_ref_13,PB600,CBZ,Synthetic,0.5776772247360483,0.6727644170914271,BayesianRidge,BayesianRidge_1
853,SI_ref_13,PB600,CBZ,Synthetic,0.5656108597285068,0.656642723196226,BayesianRidge,BayesianRidge_1
854,SI_ref_13,PB600,CBZ,Synthetic,0.5475113122171945,0.6403297749004028,BayesianRidge,BayesianRidge_1
855,SI_ref_13,PB600,CBZ,Synthetic,0.4479638009049774,0.6307383453772384,BayesianRidge,BayesianRidge_1
856,SI_ref_13,PB600,CBZ,Synthetic,0.45098039215686275,0.6142952528477037,BayesianRidge,BayesianRidge_1
857,SI_ref_13,PB600,CBZ,Synthetic,0.42684766214177977,0.6046601222923381,BayesianRidge,BayesianRidge_1
858,SI_ref_13,PB600,CBZ,Synthetic,0.32437120555073723,0.5978192862792585,BayesianRidge,BayesianRidge_1
859,SI_ref_13,PB600,CBZ,Synthetic,0.4773489932885906,0.6216085586180584,BayesianRidge,BayesianRidge_1
860,SI_ref_13,PB600,CBZ,Synthetic,0.4437372714068248,0.5978192862792585,BayesianRidge,BayesianRidge_1
861,SI_ref_13,PB600,CBZ,Synthetic,0.35791881074899945,0.5978192862792585,BayesianRidge,BayesianRidge_1
862,SI_ref_13,PB600,CBZ,Synthetic,0.32426715019643393,0.5978192862792585,BayesianRidge,BayesianRidge_1
863,SI_ref_13,PB600,CBZ,Synthetic,0.24055829228243014,0.5978192862792585,BayesianRidge,BayesianRidge_1
864,SI_ref_13,PB600,CBZ,Synthetic,0.44839549002601903,0.5740300139404586,BayesianRidge,BayesianRidge_1
865,SI_ref_13,PB600,CBZ,Synthetic,0.5528523489932886,0.5502407416016586,BayesianRidge,BayesianRidge_1
866,SI_ref_13,PB600,CBZ,Synthetic,0.5653368025440879,0.5978192862792585,BayesianRidge,BayesianRidge_1
867,SI_ref_13,PB600,CBZ,Synthetic,0.6235906331309627,0.5978192862792585,BayesianRidge,BayesianRidge_1
868,SI_ref_13,PB600,CBZ,Synthetic,0.6991037872217403,0.5978192862792585,BayesianRidge,BayesianRidge_1
869,SI_ref_13,PB600,CBZ,Synthetic,0.7401395944327428,0.5978192862792585,BayesianRidge,BayesianRidge_1
870,SI_ref_13,PB600,CBZ,Synthetic,0.8642533936651583,0.5813268313929227,BayesianRidge,BayesianRidge_1
871,SI_ref_13,PB600,CBZ,Synthetic,0.6953242835595775,0.5813268313929227,BayesianRidge,BayesianRidge_1
872,SI_ref_13,PB600,CBZ,Synthetic,0.4479638009049774,0.5813268313929227,BayesianRidge,BayesianRidge_1
873,SI_ref_13,PB600,CBZ,Synthetic,0.36651583710407243,0.5813268313929227,BayesianRidge,BayesianRidge_1
874,SI_ref_13,PB600,CBZ,Synthetic,0.248868778280543,0.5813268313929227,BayesianRidge,BayesianRidge_1
898,SI_ref_13,PB600,CBZ,Synthetic,0.244663382594417,0.5978192862792585,BayesianRidge,BayesianRidge_1
899,SI_ref_13,PB800,CBZ,Synthetic,0.27061079156395507,0.4597020150805536,BayesianRidge,BayesianRidge_1
900,SI_ref_13,PB800,CBZ,Synthetic,0.22678718159408381,0.44358032118535246,BayesianRidge,BayesianRidge_1
901,SI_ref_13,PB800,CBZ,Synthetic,0.18844152287044644,0.42726737288952926,BayesianRidge,BayesianRidge_1
902,SI_ref_13,PB800,CBZ,Synthetic,0.17748562037797863,0.4176759433663649,BayesianRidge,BayesianRidge_1
903,SI_ref_13,PB800,CBZ,Synthetic,0.16379074226239385,0.4012328508368301,BayesianRidge,BayesianRidge_1
904,SI_ref_13,PB800,CBZ,Synthetic,0.155573815393043,0.3915977202814646,BayesianRidge,BayesianRidge_1
905,SI_ref_13,PB800,CBZ,Synthetic,0.08520900321543408,0.384756884268385,BayesianRidge,BayesianRidge_1
906,SI_ref_13,PB800,CBZ,Synthetic,0.16135346756152125,0.40854615660718496,BayesianRidge,BayesianRidge_1
907,SI_ref_13,PB800,CBZ,Synthetic,0.1561792870827899,0.384756884268385,BayesianRidge,BayesianRidge_1
908,SI_ref_13,PB800,CBZ,Synthetic,0.13676633444075306,0.384756884268385,BayesianRidge,BayesianRidge_1
909,SI_ref_13,PB800,CBZ,Synthetic,0.1002310803004044,0.384756884268385,BayesianRidge,BayesianRidge_1
910,SI_ref_13,PB800,CBZ,Synthetic,0.04322336667164253,0.384756884268385,BayesianRidge,BayesianRidge_1
911,SI_ref_13,PB800,CBZ,Synthetic,0.20609619686800895,0.360967611929585,BayesianRidge,BayesianRidge_1
912,SI_ref_13,PB800,CBZ,Synthetic,0.1865212527964206,0.3371783395907851,BayesianRidge,BayesianRidge_1
913,SI_ref_13,PB800,CBZ,Synthetic,0.28121650589496244,0.384756884268385,BayesianRidge,BayesianRidge_1
914,SI_ref_13,PB800,CBZ,Synthetic,0.36611289746337977,0.384756884268385,BayesianRidge,BayesianRidge_1
915,SI_ref_13,PB800,CBZ,Synthetic,0.5117363344051448,0.384756884268385,BayesianRidge,BayesianRidge_1
916,SI_ref_13,PB800,CBZ,Synthetic,0.5707012708620426,0.384756884268385,BayesianRidge,BayesianRidge_1
917,SI_ref_13,PB800,CBZ,Synthetic,0.5791052918712493,0.3682644293820491,BayesianRidge,BayesianRidge_1
918,SI_ref_13,PB800,CBZ,Synthetic,0.30905619203491547,0.3682644293820491,BayesianRidge,BayesianRidge_1
919,SI_ref_13,PB800,CBZ,Synthetic,0.16448445171849424,0.3682644293820491,BayesianRidge,BayesianRidge_1
920,SI_ref_13,PB800,CBZ,Synthetic,0.12460736493062231,0.3682644293820491,BayesianRidge,BayesianRidge_1
921,SI_ref_13,PB800,CBZ,Synthetic,0.08265139116202945,0.3682644293820491,BayesianRidge,BayesianRidge_1
987,SI_ref_15,PSB,TEB,Synthetic,0.9529494921755761,0.7960758496678131,BayesianRidge,BayesianRidge_1
988,SI_ref_15,PSB,TEB,Synthetic,0.9422238246841239,0.779954155772612,BayesianRidge,BayesianRidge_1
989,SI_ref_15,PSB,TEB,Synthetic,0.9297851778252496,0.7636412074767888,BayesianRidge,BayesianRidge_1
990,SI_ref_15,PSB,TEB,Synthetic,0.9225192311101157,0.747230852924106,BayesianRidge,BayesianRidge_1
991,SI_ref_15,PSB,TEB,Synthetic,0.920805363267918,0.7307713404377837,BayesianRidge,BayesianRidge_1
992,SI_ref_15,PSB,TEB,Synthetic,0.9178876121047361,0.7211307188556444,BayesianRidge,BayesianRidge_1
993,SI_ref_15,PSB,TEB,Synthetic,0.9171857170319854,0.7142871339967855,BayesianRidge,BayesianRidge_1
994,SI_ref_15,PSB,TEB,Synthetic,0.9362126098667423,0.7046382639693086,BayesianRidge,BayesianRidge_1
995,SI_ref_15,PSB,TEB,Synthetic,0.9575716949823408,0.7046382639693086,BayesianRidge,BayesianRidge_1
996,SI_ref_15,PSB,TEB,Synthetic,0.9144403299752767,0.7046382639693086,BayesianRidge,BayesianRidge_1
997,SI_ref_15,PSB,TEB,Synthetic,0.9131362601666559,0.7046382639693086,BayesianRidge,BayesianRidge_1
998,SI_ref_15,PSB,TEB,Synthetic,0.9073783566890704,0.7046382639693086,BayesianRidge,BayesianRidge_1
999,SI_ref_15,PSB,TEB,Synthetic,0.8610942615965279,0.7046382639693086,BayesianRidge,BayesianRidge_1
1000,SI_ref_15,PSB,TEB,Synthetic,0.8714762044822667,0.7046382639693086,BayesianRidge,BayesianRidge_1
1001,SI_ref_15,PSB,TEB,Synthetic,0.8650362109004135,0.7046382639693086,BayesianRidge,BayesianRidge_1
1002,SI_ref_15,PSB,TEB,Synthetic,0.9441016733966956,0.7046382639693086,BayesianRidge,BayesianRidge_1
1003,SI_ref_15,PSB,TEB,Synthetic,0.952584477756588,0.7046382639693086,BayesianRidge,BayesianRidge_1
1004,SI_ref_15,PSB,TEB,Synthetic,0.9589909115585907,0.7046382639693086,BayesianRidge,BayesianRidge_1
1005,SI_ref_15,PSB,TEB,Synthetic,0.9629553594597028,0.7046382639693086,BayesianRidge,BayesianRidge_1
1052,SI_ref_15,PSBOX-A,TEB,Synthetic,0.5158767649493458,0.11615423510853973,BayesianRidge,BayesianRidge_1
1053,SI_ref_15,PSBOX-A,TEB,Synthetic,0.41210379963008376,0.1000325412133386,BayesianRidge,BayesianRidge_1
1054,SI_ref_15,PSBOX-A,TEB,Synthetic,0.30623403384032577,0.0837195929175154,BayesianRidge,BayesianRidge_1
1055,SI_ref_15,PSBOX-A,TEB,Synthetic,0.21283845390046752,0.0673092383648326,BayesianRidge,BayesianRidge_1
1056,SI_ref_15,PSBOX-A,TEB,Synthetic,0.12421842587964138,0.05084972587851033,BayesianRidge,BayesianRidge_1
1057,SI_ref_15,PSBOX-A,TEB,Synthetic,0.09371708683213013,0.041209104296371146,BayesianRidge,BayesianRidge_1
1058,SI_ref_15,PSBOX-A,TEB,Synthetic,0.07890621232231329,0.03436551943751209,BayesianRidge,BayesianRidge_1
1059,SI_ref_15,PSBOX-A,TEB,Synthetic,0.07277962857952934,0.024716649410035263,BayesianRidge,BayesianRidge_1
1060,SI_ref_15,PSBOX-A,TEB,Synthetic,0.5073983287736047,-0.02920805058208409,BayesianRidge,BayesianRidge_1
1061,SI_ref_15,PSBOX-A,TEB,Synthetic,0.5163778457532948,0.04850592174883528,BayesianRidge,BayesianRidge_1
1062,SI_ref_15,PSBOX-A,TEB,Synthetic,0.5077105405964751,0.024716649410035263,BayesianRidge,BayesianRidge_1
1063,SI_ref_15,PSBOX-A,TEB,Synthetic,0.058828707349529885,0.024716649410035263,BayesianRidge,BayesianRidge_1
1064,SI_ref_15,PSBOX-A,TEB,Synthetic,0.4930488637978448,0.000927377071235358,BayesianRidge,BayesianRidge_1
1065,SI_ref_15,PSBOX-A,TEB,Synthetic,0.5160089507499187,0.0786413494021545,BayesianRidge,BayesianRidge_1
1066,SI_ref_15,PSBOX-A,TEB,Synthetic,0.07083175356135256,0.024716649410035263,BayesianRidge,BayesianRidge_1
1067,SI_ref_15,PSBOX-A,TEB,Synthetic,0.051172794584274484,0.024716649410035263,BayesianRidge,BayesianRidge_1
1068,SI_ref_15,PSBOX-A,TEB,Synthetic,0.04750722464731311,0.024716649410035263,BayesianRidge,BayesianRidge_1
1069,SI_ref_15,PSBOX-A,TEB,Synthetic,0.04108376658313895,0.024716649410035263,BayesianRidge,BayesianRidge_1
1070,SI_ref_15,PSBOX-A,TEB,Synthetic,0.04527670142322688,0.024716649410035263,BayesianRidge,BayesianRidge_1
1071,SI_ref_15,PSBOX-A,TEB,Synthetic,0.04243318293660387,0.024716649410035263,BayesianRidge,BayesianRidge_1
1072,SI_ref_15,PSBOX-A,TEB,Synthetic,0.09409506092292502,0.024716649410035263,BayesianRidge,BayesianRidge_1
1073,SI_ref_15,PSBOX-A,TEB,Synthetic,0.28314921751011557,0.024716649410035263,BayesianRidge,BayesianRidge_1
1074,SI_ref_15,PSBOX-A,TEB,Synthetic,0.44223994246690523,0.024716649410035263,BayesianRidge,BayesianRidge_1
1075,SI_ref_15,PSBOX-A,TEB,Synthetic,0.5102144207532882,0.024716649410035263,BayesianRidge,BayesianRidge_1
1077,SI_ref_17,Pristine SCG biochar,CBZ,Synthetic,0.9431980957558961,0.8678550604390084,BayesianRidge,BayesianRidge_1
1079,SI_ref_17,Pristine SCG biochar,CBZ,Synthetic,0.9360319849357849,0.8517333665438073,BayesianRidge,BayesianRidge_1
1081,SI_ref_17,Pristine SCG biochar,CBZ,Synthetic,0.9307104448319532,0.8258289887248197,BayesianRidge,BayesianRidge_1
1083,SI_ref_17,Pristine SCG biochar,CBZ,Synthetic,0.9258716624342764,0.8093858961952849,BayesianRidge,BayesianRidge_1
1085,SI_ref_17,Pristine SCG biochar,CBZ,Synthetic,0.9157118703628806,0.7997507656399194,BayesianRidge,BayesianRidge_1
1087,SI_ref_17,Pristine SCG biochar,CBZ,Synthetic,0.9147137334986508,0.7929099296268398,BayesianRidge,BayesianRidge_1
1089,SI_ref_17,Pristine SCG biochar,CBZ,Synthetic,0.9138427672538969,0.7860663447679809,BayesianRidge,BayesianRidge_1
1091,SI_ref_17,Pristine SCG biochar,CBZ,Synthetic,0.8932130468798682,0.7224927747483847,BayesianRidge,BayesianRidge_1
1093,SI_ref_17,Pristine SCG biochar,CBZ,Synthetic,0.9247624360467385,0.7764174747405039,BayesianRidge,BayesianRidge_1
1095,SI_ref_17,Pristine SCG biochar,CBZ,Synthetic,0.9071706166070994,0.7764174747405039,BayesianRidge,BayesianRidge_1
1097,SI_ref_17,Pristine SCG biochar,CBZ,Synthetic,0.908534541255576,0.7764174747405039,BayesianRidge,BayesianRidge_1
1099,SI_ref_17,Pristine SCG biochar,CBZ,Synthetic,0.903895578148675,0.7764174747405039,BayesianRidge,BayesianRidge_1
1101,SI_ref_17,Pristine SCG biochar,CBZ,Synthetic,0.9071468090110305,0.7764174747405039,BayesianRidge,BayesianRidge_1
1103,SI_ref_17,Pristine SCG biochar,CBZ,Synthetic,0.890879570190962,0.7764174747405039,BayesianRidge,BayesianRidge_1
1105,SI_ref_17,Pristine SCG biochar,CBZ,Synthetic,0.8806314346444372,0.8303421747326233,BayesianRidge,BayesianRidge_1
1107,SI_ref_17,Pristine SCG biochar,CBZ,Synthetic,0.9289062306369882,0.7764174747405039,BayesianRidge,BayesianRidge_1
1109,SI_ref_17,Pristine SCG biochar,CBZ,Synthetic,0.9261272699552149,0.7764174747405039,BayesianRidge,BayesianRidge_1
1111,SI_ref_17,Pristine SCG biochar,CBZ,Synthetic,0.9403460613803251,0.7764174747405039,BayesianRidge,BayesianRidge_1
1113,SI_ref_17,Pristine SCG biochar,CBZ,Synthetic,0.9373850128799738,0.7764174747405039,BayesianRidge,BayesianRidge_1
1115,SI_ref_17,Pristine SCG biochar,CBZ,Synthetic,0.925161257978969,0.7764174747405039,BayesianRidge,BayesianRidge_1
1253,SI_ref_18,Pristine SCW Biochar,IBU,Lake water,0.9264336848996528,1.1142454052094575,BayesianRidge,BayesianRidge_1
1255,SI_ref_18,Pristine SCW Biochar,IBU,Lake water,0.9179334532144726,1.0981237113142561,BayesianRidge,BayesianRidge_1
1257,SI_ref_18,Pristine SCW Biochar,IBU,Lake water,0.916180999264559,1.081810763018433,BayesianRidge,BayesianRidge_1
1259,SI_ref_18,Pristine SCW Biochar,IBU,Lake water,0.9235678454978681,1.0654004084657502,BayesianRidge,BayesianRidge_1
1261,SI_ref_18,Pristine SCW Biochar,IBU,Lake water,0.9285970293283682,1.048940895979428,BayesianRidge,BayesianRidge_1
1263,SI_ref_18,Pristine SCW Biochar,IBU,Lake water,0.9209592404126973,1.0393002743972888,BayesianRidge,BayesianRidge_1
1265,SI_ref_18,Pristine SCW Biochar,IBU,Lake water,0.9279432945207517,1.0324566895384297,BayesianRidge,BayesianRidge_1
1269,SI_ref_18,Pristine SCW Biochar,IBU,Lake water,0.8974085452250303,0.9958454695148932,BayesianRidge,BayesianRidge_1
1271,SI_ref_18,Pristine SCW Biochar,IBU,Lake water,0.9239929387412031,1.046597091849753,BayesianRidge,BayesianRidge_1
1273,SI_ref_18,Pristine SCW Biochar,IBU,Lake water,0.9256303580479686,1.022807819510953,BayesianRidge,BayesianRidge_1
1275,SI_ref_18,Pristine SCW Biochar,IBU,Lake water,0.9240446881745522,1.022807819510953,BayesianRidge,BayesianRidge_1
1276,SI_ref_18,Pristine SCW Biochar,IBU,Lake water,0.9283922239724117,1.022807819510953,BayesianRidge,BayesianRidge_1
1277,SI_ref_18,Pristine SCW Biochar,IBU,Lake water,0.9240711354841218,1.022807819510953,BayesianRidge,BayesianRidge_1
1279,SI_ref_18,Pristine SCW Biochar,IBU,Lake water,0.9204127206373283,1.022807819510953,BayesianRidge,BayesianRidge_1
1280,SI_ref_18,Pristine SCW Biochar,IBU,Lake water,0.9185968665123906,1.022807819510953,BayesianRidge,BayesianRidge_1
1281,SI_ref_18,Pristine SCW Biochar,IBU,Lake water,0.9182954449695013,1.022807819510953,BayesianRidge,BayesianRidge_1
1283,SI_ref_18,Pristine SCW Biochar,IBU,Lake water,0.9158900362354069,1.022807819510953,BayesianRidge,BayesianRidge_1
1284,SI_ref_18,Pristine SCW Biochar,IBU,Lake water,0.9125854189759445,1.022807819510953,BayesianRidge,BayesianRidge_1
1285,SI_ref_18,Pristine SCW Biochar,IBU,Lake water,0.9175495400890653,1.022807819510953,BayesianRidge,BayesianRidge_1
1287,SI_ref_18,Pristine SCW Biochar,IBU,Lake water,0.9120226357855434,1.022807819510953,BayesianRidge,BayesianRidge_1
1288,SI_ref_18,Pristine SCW Biochar,IBU,Lake water,0.9131050308227836,1.022807819510953,BayesianRidge,BayesianRidge_1
1289,SI_ref_18,Pristine SCW Biochar,IBU,Lake water,0.91141920930323,1.022807819510953,BayesianRidge,BayesianRidge_1
1291,SI_ref_18,Pristine SCW Biochar,IBU,Lake water,0.9068652159539504,1.022807819510953,BayesianRidge,BayesianRidge_1
1292,SI_ref_18,Pristine SCW Biochar,IBU,Lake water,0.9091226364337618,1.022807819510953,BayesianRidge,BayesianRidge_1
1293,SI_ref_18,Pristine SCW Biochar,IBU,Lake water,0.9067682424855283,1.022807819510953,BayesianRidge,BayesianRidge_1
1295,SI_ref_18,Pristine SCW Biochar,IBU,Lake water,0.9027540853962883,1.022807819510953,BayesianRidge,BayesianRidge_1
1296,SI_ref_18,Pristine SCW Biochar,IBU,Lake water,0.9025373859945938,1.022807819510953,BayesianRidge,BayesianRidge_1
1297,SI_ref_18,Pristine SCW Biochar,IBU,Lake water,0.9026152370210476,1.022807819510953,BayesianRidge,BayesianRidge_1
1298,SI_ref_18,Pristine SCW Biochar,IBU,Lake water,0.9219347373743266,0.9990185471721529,BayesianRidge,BayesianRidge_1
1300,SI_ref_18,Pristine SCW Biochar,IBU,Lake water,0.9277221749920567,1.0497701695070125,BayesianRidge,BayesianRidge_1
1302,SI_ref_18,Pristine SCW Biochar,IBU,Lake water,0.9340257796823453,1.0767325195030724,BayesianRidge,BayesianRidge_1
2,SI_ref_19,AMCB,IBU,Ground water,0.6563767477253929,0.5479869673074452,CatBoost,CatBoost_2
4,SI_ref_19,AMCB,IBU,Ground water,0.5414154110835401,0.521519402208667,CatBoost,CatBoost_2
6,SI_ref_19,AMCB,IBU,Ground water,0.39819987427626136,0.4711358599952513,CatBoost,CatBoost_2
8,SI_ref_19,AMCB,IBU,Ground water,0.3426557088502895,0.4002427153109904,CatBoost,CatBoost_2
10,SI_ref_19,AMCB,IBU,Ground water,0.3352626765922249,0.3514146021871805,CatBoost,CatBoost_2
12,SI_ref_19,AMCB,IBU,Ground water,0.33078034739454093,0.33844696398236246,CatBoost,CatBoost_2
14,SI_ref_19,AMCB,IBU,Ground water,0.3305497038875103,0.33316174530632586,CatBoost,CatBoost_2
16,SI_ref_19,AMCB,IBU,Ground water,0.029204625724030753,0.33911026740956884,CatBoost,CatBoost_2
18,SI_ref_19,AMCB,IBU,Ground water,0.005264283840238958,0.32611758873079794,CatBoost,CatBoost_2
20,SI_ref_19,AMCB,IBU,Ground water,0.0023766372681587895,0.2955279228319007,CatBoost,CatBoost_2
22,SI_ref_19,AMCB,IBU,Ground water,0.32926049296939613,0.32611758873079794,CatBoost,CatBoost_2
24,SI_ref_19,AMCB,IBU,Ground water,0.19832193047959257,0.35573230698923325,CatBoost,CatBoost_2
26,SI_ref_19,AMCB,IBU,Ground water,0.1894672613641715,0.3427396283104627,CatBoost,CatBoost_2
28,SI_ref_19,AMCB,IBU,Ground water,0.1528746627917146,0.313073863376091,CatBoost,CatBoost_2
30,SI_ref_19,AMCB,IBU,Ground water,0.3449761650083755,0.39486800306007974,CatBoost,CatBoost_2
32,SI_ref_19,AMCB,IBU,Ground water,0.30765270742093687,0.3818753243813091,CatBoost,CatBoost_2
34,SI_ref_19,AMCB,IBU,Ground water,0.303030777614079,0.3522095594469375,CatBoost,CatBoost_2
36,SI_ref_19,AMCB,IBU,Ground water,0.41496556078686897,0.4083083071359448,CatBoost,CatBoost_2
38,SI_ref_19,AMCB,IBU,Ground water,0.3766264851820565,0.39531562845717383,CatBoost,CatBoost_2
40,SI_ref_19,AMCB,IBU,Ground water,0.38956403906090076,0.36698562371618415,CatBoost,CatBoost_2
42,SI_ref_19,AMCB,IBU,Ground water,0.5182383095521604,0.4083083071359448,CatBoost,CatBoost_2
44,SI_ref_19,AMCB,IBU,Ground water,0.5024496962602676,0.39531562845717383,CatBoost,CatBoost_2
46,SI_ref_19,AMCB,IBU,Ground water,0.48210720700720494,0.36698562371618415,CatBoost,CatBoost_2
48,SI_ref_19,AMCB,IBU,Ground water,0.03338351934448727,0.3524330626132405,CatBoost,CatBoost_2
50,SI_ref_19,AMCB,IBU,Ground water,0.0,0.3394403839344695,CatBoost,CatBoost_2
52,SI_ref_19,AMCB,IBU,Ground water,0.003531050071646246,0.31111037919347984,CatBoost,CatBoost_2
54,SI_ref_19,AMCB,IBU,Ground water,0.19999798179579809,0.3927664125576492,CatBoost,CatBoost_2
56,SI_ref_19,AMCB,IBU,Ground water,0.17260220522445793,0.3797737338788783,CatBoost,CatBoost_2
58,SI_ref_19,AMCB,IBU,Ground water,0.15656878376287445,0.3514437291378887,CatBoost,CatBoost_2
60,SI_ref_19,AMCB,IBU,Ground water,0.3457359785263073,0.40204276742494505,CatBoost,CatBoost_2
62,SI_ref_19,AMCB,IBU,Ground water,0.32626934953278575,0.3890923094451345,CatBoost,CatBoost_2
64,SI_ref_19,AMCB,IBU,Ground water,0.3258728934993643,0.3607623047041447,CatBoost,CatBoost_2
66,SI_ref_19,AMCB,IBU,Ground water,0.4885549946229274,0.4345119236487964,CatBoost,CatBoost_2
68,SI_ref_19,AMCB,IBU,Ground water,0.39885279506866217,0.42156146566898584,CatBoost,CatBoost_2
70,SI_ref_19,AMCB,IBU,Ground water,0.42188356115014575,0.3932314609279961,CatBoost,CatBoost_2
72,SI_ref_19,AMCB,IBU,Ground water,0.5107350299703324,0.4345119236487964,CatBoost,CatBoost_2
74,SI_ref_19,AMCB,IBU,Ground water,0.5226317382792791,0.42156146566898584,CatBoost,CatBoost_2
76,SI_ref_19,AMCB,IBU,Ground water,0.4945842701164504,0.3932314609279961,CatBoost,CatBoost_2
78,SI_ref_19,AMCB,IBU,Ground water,0.025848755777109534,0.331977000504352,CatBoost,CatBoost_2
80,SI_ref_19,AMCB,IBU,Ground water,0.008169690609295848,0.3190265425245413,CatBoost,CatBoost_2
82,SI_ref_19,AMCB,IBU,Ground water,0.0,0.29069653778355153,CatBoost,CatBoost_2
84,SI_ref_19,AMCB,IBU,Ground water,0.2007202298061851,0.3699744072038846,CatBoost,CatBoost_2
86,SI_ref_19,AMCB,IBU,Ground water,0.16952726930244136,0.35702394922407393,CatBoost,CatBoost_2
88,SI_ref_19,AMCB,IBU,Ground water,0.14747637019246942,0.3286939444830841,CatBoost,CatBoost_2
90,SI_ref_19,AMCB,IBU,Ground water,0.34008395729479907,0.40567107815223824,CatBoost,CatBoost_2
92,SI_ref_19,AMCB,IBU,Ground water,0.32813530040969546,0.3927206201724276,CatBoost,CatBoost_2
94,SI_ref_19,AMCB,IBU,Ground water,0.3191737471997417,0.3643906154314375,CatBoost,CatBoost_2
96,SI_ref_19,AMCB,IBU,Ground water,0.45590621693388655,0.45225565685837066,CatBoost,CatBoost_2
98,SI_ref_19,AMCB,IBU,Ground water,0.4386715603313315,0.43930519887856,CatBoost,CatBoost_2
100,SI_ref_19,AMCB,IBU,Ground water,0.4136227630368784,0.41601171510389545,CatBoost,CatBoost_2
102,SI_ref_19,AMCB,IBU,Ground water,0.15909620069601668,0.36859767836299834,CatBoost,CatBoost_2
104,SI_ref_19,AMCB,IBU,Ground water,0.32070040208616674,0.44214870925375904,CatBoost,CatBoost_2
106,SI_ref_19,AMCB,IBU,Ground water,0.3644459510905023,0.504087389453419,CatBoost,CatBoost_2
108,SI_ref_19,AMCB,IBU,Ground water,0.46356787238707886,0.5036933527601064,CatBoost,CatBoost_2
110,SI_ref_19,AMCB,IBU,Ground water,0.5205305455205957,0.454710086995988,CatBoost,CatBoost_2
112,SI_ref_19,AMCB,IBU,Ground water,0.5464029950150356,0.44214870925375904,CatBoost,CatBoost_2
114,SI_ref_19,AMCB,IBU,Ground water,0.48301499525722014,0.42016067712831034,CatBoost,CatBoost_2
117,SI_ref_17,Alkali-modified SCG biochars,CBZ,Synthetic,0.12103690777624292,0.35297933620919736,CatBoost,CatBoost_2
119,SI_ref_17,Alkali-modified SCG biochars,CBZ,Synthetic,0.0701486117179634,0.3291701019484212,CatBoost,CatBoost_2
121,SI_ref_17,Alkali-modified SCG biochars,CBZ,Synthetic,0.050188840370859876,0.21185396060292216,CatBoost,CatBoost_2
123,SI_ref_17,Alkali-modified SCG biochars,CBZ,Synthetic,0.033003190610721066,0.20202194009260394,CatBoost,CatBoost_2
125,SI_ref_17,Alkali-modified SCG biochars,CBZ,Synthetic,0.03511734337104713,0.1903578454890661,CatBoost,CatBoost_2
127,SI_ref_17,Alkali-modified SCG biochars,CBZ,Synthetic,0.03195287629892775,0.19331313951553264,CatBoost,CatBoost_2
129,SI_ref_17,Alkali-modified SCG biochars,CBZ,Synthetic,0.03449328813829176,0.19883663674489432,CatBoost,CatBoost_2
132,SI_ref_17,Alkali-modified SCG biochars,CBZ,Synthetic,0.041716779164719504,0.288868100210043,CatBoost,CatBoost_2
134,SI_ref_17,Alkali-modified SCG biochars,CBZ,Synthetic,0.00635796336582959,0.288868100210043,CatBoost,CatBoost_2
136,SI_ref_17,Alkali-modified SCG biochars,CBZ,Synthetic,0.011730609548845337,0.288868100210043,CatBoost,CatBoost_2
138,SI_ref_17,Alkali-modified SCG biochars,CBZ,Synthetic,0.01988738850164665,0.288868100210043,CatBoost,CatBoost_2
140,SI_ref_17,Alkali-modified SCG biochars,CBZ,Synthetic,0.006132526431344026,0.288868100210043,CatBoost,CatBoost_2
142,SI_ref_17,Alkali-modified SCG biochars,CBZ,Synthetic,0.007712590639419909,0.288868100210043,CatBoost,CatBoost_2
145,SI_ref_17,Alkali-modified SCG biochars,CBZ,Synthetic,0.10268999927349255,0.288868100210043,CatBoost,CatBoost_2
147,SI_ref_17,Alkali-modified SCG biochars,CBZ,Synthetic,0.14439822919669368,0.288868100210043,CatBoost,CatBoost_2
149,SI_ref_17,Alkali-modified SCG biochars,CBZ,Synthetic,0.34003506921741083,0.288868100210043,CatBoost,CatBoost_2
151,SI_ref_17,Alkali-modified SCG biochars,CBZ,Synthetic,0.4516798693491866,0.288868100210043,CatBoost,CatBoost_2
153,SI_ref_17,Alkali-modified SCG biochars,CBZ,Synthetic,0.5612135486607656,0.288868100210043,CatBoost,CatBoost_2
282,SI_ref_19,CB,IBU,Ground water,0.9280102961124896,0.9688422454672008,CatBoost,CatBoost_2
284,SI_ref_19,CB,IBU,Ground water,0.9242732043010754,0.9627698556619049,CatBoost,CatBoost_2
286,SI_ref_19,CB,IBU,Ground water,0.9218881323407775,0.9582535790652236,CatBoost,CatBoost_2
288,SI_ref_19,CB,IBU,Ground water,0.9215853366418528,0.9364641599534732,CatBoost,CatBoost_2
290,SI_ref_19,CB,IBU,Ground water,0.9207959503722085,0.9288296281110797,CatBoost,CatBoost_2
292,SI_ref_19,CB,IBU,Ground water,0.9207361323407776,0.9282614920395127,CatBoost,CatBoost_2
294,SI_ref_19,CB,IBU,Ground water,0.9206762613730356,0.9286521710878194,CatBoost,CatBoost_2
296,SI_ref_19,CB,IBU,Ground water,0.9945207101387852,0.9453541072402707,CatBoost,CatBoost_2
298,SI_ref_19,CB,IBU,Ground water,0.9765877548823724,0.9329820905046626,CatBoost,CatBoost_2
300,SI_ref_19,CB,IBU,Ground water,0.9595058090644278,0.9222854046715883,CatBoost,CatBoost_2
302,SI_ref_19,CB,IBU,Ground water,0.9409019130333385,0.9453541072402707,CatBoost,CatBoost_2
304,SI_ref_19,CB,IBU,Ground water,0.9323428884090048,0.9329820905046626,CatBoost,CatBoost_2
306,SI_ref_19,CB,IBU,Ground water,0.9259231602386863,0.9222854046715883,CatBoost,CatBoost_2
308,SI_ref_19,CB,IBU,Ground water,0.8753590996713628,0.9047511954398348,CatBoost,CatBoost_2
310,SI_ref_19,CB,IBU,Ground water,0.9341230700922319,0.9453541072402707,CatBoost,CatBoost_2
312,SI_ref_19,CB,IBU,Ground water,0.9234390298948024,0.9329820905046626,CatBoost,CatBoost_2
314,SI_ref_19,CB,IBU,Ground water,0.917590560186213,0.9222854046715883,CatBoost,CatBoost_2
316,SI_ref_19,CB,IBU,Ground water,0.9236132062907854,0.9529435786394997,CatBoost,CatBoost_2
318,SI_ref_19,CB,IBU,Ground water,0.9231865295080666,0.9617485159106787,CatBoost,CatBoost_2
320,SI_ref_19,CB,IBU,Ground water,0.9303445651202417,0.9453541072402707,CatBoost,CatBoost_2
322,SI_ref_19,CB,IBU,Ground water,0.923151204819856,0.9329820905046626,CatBoost,CatBoost_2
324,SI_ref_19,CB,IBU,Ground water,0.9175260660683171,0.9222854046715883,CatBoost,CatBoost_2
326,SI_ref_19,CB,IBU,Ground water,0.9318432124429017,0.9453541072402707,CatBoost,CatBoost_2
328,SI_ref_19,CB,IBU,Ground water,0.9241489703794897,0.9329820905046626,CatBoost,CatBoost_2
330,SI_ref_19,CB,IBU,Ground water,0.9174641264203113,0.9222854046715883,CatBoost,CatBoost_2
523,SI_ref_19,MCB,IBU,Ground water,0.9264289561621175,0.9622191976610761,CatBoost,CatBoost_2
525,SI_ref_19,MCB,IBU,Ground water,0.9196854524400332,0.9664342572942795,CatBoost,CatBoost_2
527,SI_ref_19,MCB,IBU,Ground water,0.9178832092638545,0.930458214405244,CatBoost,CatBoost_2
529,SI_ref_19,MCB,IBU,Ground water,0.9177463688999173,0.8803528811878095,CatBoost,CatBoost_2
531,SI_ref_19,MCB,IBU,Ground water,0.9177232092638544,0.865534734419749,CatBoost,CatBoost_2
533,SI_ref_19,MCB,IBU,Ground water,0.9175379321753515,0.8766186255651773,CatBoost,CatBoost_2
535,SI_ref_19,MCB,IBU,Ground water,0.9173856344086023,0.8720542157562645,CatBoost,CatBoost_2
537,SI_ref_19,MCB,IBU,Ground water,0.9902068659306948,0.9017359383798478,CatBoost,CatBoost_2
539,SI_ref_19,MCB,IBU,Ground water,0.9708228218531151,0.8903231464808792,CatBoost,CatBoost_2
541,SI_ref_19,MCB,IBU,Ground water,0.9483485035015843,0.8730638045121094,CatBoost,CatBoost_2
543,SI_ref_19,MCB,IBU,Ground water,0.9173115500413566,0.8903231464808792,CatBoost,CatBoost_2
545,SI_ref_19,MCB,IBU,Ground water,0.9358359065436908,0.9089785262528352,CatBoost,CatBoost_2
547,SI_ref_19,MCB,IBU,Ground water,0.9263512886233829,0.8975657343538663,CatBoost,CatBoost_2
549,SI_ref_19,MCB,IBU,Ground water,0.9153544975680639,0.8812302933496221,CatBoost,CatBoost_2
551,SI_ref_19,MCB,IBU,Ground water,0.9271238571918706,0.9111731021802959,CatBoost,CatBoost_2
553,SI_ref_19,MCB,IBU,Ground water,0.9199191103755877,0.8997603102813272,CatBoost,CatBoost_2
555,SI_ref_19,MCB,IBU,Ground water,0.910886274193223,0.883424869277083,CatBoost,CatBoost_2
557,SI_ref_19,MCB,IBU,Ground water,0.8716126359176348,0.8604874002632502,CatBoost,CatBoost_2
559,SI_ref_19,MCB,IBU,Ground water,0.9228881866842084,0.9060304868347115,CatBoost,CatBoost_2
561,SI_ref_19,MCB,IBU,Ground water,0.9227697266379059,0.9354498131274094,CatBoost,CatBoost_2
563,SI_ref_19,MCB,IBU,Ground water,0.9221446299502403,0.9306222233740916,CatBoost,CatBoost_2
565,SI_ref_19,MCB,IBU,Ground water,0.9254612605703445,0.9174432787336803,CatBoost,CatBoost_2
567,SI_ref_19,MCB,IBU,Ground water,0.9188111047361486,0.9060304868347115,CatBoost,CatBoost_2
569,SI_ref_19,MCB,IBU,Ground water,0.9124876096677748,0.891030806023849,CatBoost,CatBoost_2
571,SI_ref_19,MCB,IBU,Ground water,0.927696260267614,0.9174432787336803,CatBoost,CatBoost_2
573,SI_ref_19,MCB,IBU,Ground water,0.9222883610163676,0.9060304868347115,CatBoost,CatBoost_2
575,SI_ref_19,MCB,IBU,Ground water,0.9173366162788351,0.891030806023849,CatBoost,CatBoost_2
577,SI_ref_19,MCB,IBU,Ground water,0.9896236049163454,0.9246113195515546,CatBoost,CatBoost_2
579,SI_ref_19,MCB,IBU,Ground water,0.9728688772730024,0.9131985276525859,CatBoost,CatBoost_2
581,SI_ref_19,MCB,IBU,Ground water,0.95367292982704,0.8981988468417234,CatBoost,CatBoost_2
583,SI_ref_19,MCB,IBU,Ground water,0.9381494412938034,0.916755618937988,CatBoost,CatBoost_2
585,SI_ref_19,MCB,IBU,Ground water,0.925414707326754,0.9053428270390194,CatBoost,CatBoost_2
587,SI_ref_19,MCB,IBU,Ground water,0.9200694262245456,0.8903431462281568,CatBoost,CatBoost_2
589,SI_ref_19,MCB,IBU,Ground water,0.9296751902157461,0.9222144868934103,CatBoost,CatBoost_2
591,SI_ref_19,MCB,IBU,Ground water,0.9221403459202003,0.910843915693402,CatBoost,CatBoost_2
593,SI_ref_19,MCB,IBU,Ground water,0.911624129649438,0.8958442348825394,CatBoost,CatBoost_2
595,SI_ref_19,MCB,IBU,Ground water,0.9248851497651674,0.9291744456001254,CatBoost,CatBoost_2
597,SI_ref_19,MCB,IBU,Ground water,0.9206218375460943,0.917803874400117,CatBoost,CatBoost_2
599,SI_ref_19,MCB,IBU,Ground water,0.9170274735254856,0.9028041935892545,CatBoost,CatBoost_2
601,SI_ref_19,MCB,IBU,Ground water,0.9300914246503462,0.9291744456001254,CatBoost,CatBoost_2
603,SI_ref_19,MCB,IBU,Ground water,0.920786534541565,0.917803874400117,CatBoost,CatBoost_2
605,SI_ref_19,MCB,IBU,Ground water,0.9160948152334054,0.9028041935892545,CatBoost,CatBoost_2
607,SI_ref_19,MCB,IBU,Ground water,0.9861765121394982,0.9344404341678125,CatBoost,CatBoost_2
609,SI_ref_19,MCB,IBU,Ground water,0.9661781267028597,0.923069862967804,CatBoost,CatBoost_2
611,SI_ref_19,MCB,IBU,Ground water,0.9529992532644452,0.9080701821569415,CatBoost,CatBoost_2
613,SI_ref_19,MCB,IBU,Ground water,0.9352947587236877,0.9178406079552077,CatBoost,CatBoost_2
615,SI_ref_19,MCB,IBU,Ground water,0.9284499518994666,0.9064700367551992,CatBoost,CatBoost_2
617,SI_ref_19,MCB,IBU,Ground water,0.917077774862594,0.8914703559443367,CatBoost,CatBoost_2
619,SI_ref_19,MCB,IBU,Ground water,0.9255842902984923,0.9149270877635827,CatBoost,CatBoost_2
621,SI_ref_19,MCB,IBU,Ground water,0.9186162384710084,0.9035565165635742,CatBoost,CatBoost_2
623,SI_ref_19,MCB,IBU,Ground water,0.9103224686673798,0.8885568357527116,CatBoost,CatBoost_2
625,SI_ref_19,MCB,IBU,Ground water,0.9258221154816445,0.9299516044639269,CatBoost,CatBoost_2
627,SI_ref_19,MCB,IBU,Ground water,0.921668420582223,0.9185810332639184,CatBoost,CatBoost_2
629,SI_ref_19,MCB,IBU,Ground water,0.9150562646500002,0.9024851503586435,CatBoost,CatBoost_2
631,SI_ref_19,MCB,IBU,Ground water,0.9296259863973036,0.9311066860955968,CatBoost,CatBoost_2
633,SI_ref_19,MCB,IBU,Ground water,0.9216175906678238,0.9201251951331699,CatBoost,CatBoost_2
635,SI_ref_19,MCB,IBU,Ground water,0.9188076045934327,0.9041303758361887,CatBoost,CatBoost_2
698,SI_ref_18,NaOH-activated SCW biochars,IBU,Lake water,0.585296751211726,0.6057706489943361,CatBoost,CatBoost_2
700,SI_ref_18,NaOH-activated SCW biochars,IBU,Lake water,0.6304734220526563,0.584786831730514,CatBoost,CatBoost_2
702,SI_ref_18,NaOH-activated SCW biochars,IBU,Lake water,0.6077686506314385,0.5611832397608212,CatBoost,CatBoost_2
704,SI_ref_18,NaOH-activated SCW biochars,IBU,Lake water,0.6040537723014899,0.5175370252262229,CatBoost,CatBoost_2
706,SI_ref_18,NaOH-activated SCW biochars,IBU,Lake water,0.6292724453182281,0.5241222704979946,CatBoost,CatBoost_2
708,SI_ref_18,NaOH-activated SCW biochars,IBU,Lake water,0.6376478565264503,0.5181377265146417,CatBoost,CatBoost_2
710,SI_ref_18,NaOH-activated SCW biochars,IBU,Lake water,0.6108673600702487,0.5208571802110892,CatBoost,CatBoost_2
712,SI_ref_18,NaOH-activated SCW biochars,IBU,Lake water,0.10371139816269948,0.5212515569482246,CatBoost,CatBoost_2
714,SI_ref_18,NaOH-activated SCW biochars,IBU,Lake water,0.46656560236114836,0.5212515569482246,CatBoost,CatBoost_2
716,SI_ref_18,NaOH-activated SCW biochars,IBU,Lake water,0.44106817459704084,0.45933221535730495,CatBoost,CatBoost_2
718,SI_ref_18,NaOH-activated SCW biochars,IBU,Lake water,0.6893393142281772,0.5398715658848812,CatBoost,CatBoost_2
720,SI_ref_18,NaOH-activated SCW biochars,IBU,Lake water,0.621379975330744,0.5212515569482246,CatBoost,CatBoost_2
722,SI_ref_18,NaOH-activated SCW biochars,IBU,Lake water,0.6727437787241767,0.5212515569482246,CatBoost,CatBoost_2
723,SI_ref_18,NaOH-activated SCW biochars,IBU,Lake water,0.6293605973980515,0.5212515569482246,CatBoost,CatBoost_2
724,SI_ref_18,NaOH-activated SCW biochars,IBU,Lake water,0.6573710855713073,0.5212515569482246,CatBoost,CatBoost_2
726,SI_ref_18,NaOH-activated SCW biochars,IBU,Lake water,0.6298354173553987,0.5212515569482246,CatBoost,CatBoost_2
727,SI_ref_18,NaOH-activated SCW biochars,IBU,Lake water,0.6523803226831055,0.5212515569482246,CatBoost,CatBoost_2
728,SI_ref_18,NaOH-activated SCW biochars,IBU,Lake water,0.6378679449532959,0.5212515569482246,CatBoost,CatBoost_2
730,SI_ref_18,NaOH-activated SCW biochars,IBU,Lake water,0.627404015064595,0.5212515569482246,CatBoost,CatBoost_2
731,SI_ref_18,NaOH-activated SCW biochars,IBU,Lake water,0.6077370696640284,0.5212515569482246,CatBoost,CatBoost_2
732,SI_ref_18,NaOH-activated SCW biochars,IBU,Lake water,0.6159420233488258,0.5212515569482246,CatBoost,CatBoost_2
734,SI_ref_18,NaOH-activated SCW biochars,IBU,Lake water,0.6074163960354965,0.5212515569482246,CatBoost,CatBoost_2
735,SI_ref_18,NaOH-activated SCW biochars,IBU,Lake water,0.6146046840259546,0.5212515569482246,CatBoost,CatBoost_2
736,SI_ref_18,NaOH-activated SCW biochars,IBU,Lake water,0.6281995086504742,0.5212515569482246,CatBoost,CatBoost_2
738,SI_ref_18,NaOH-activated SCW biochars,IBU,Lake water,0.6298527247859258,0.5212515569482246,CatBoost,CatBoost_2
739,SI_ref_18,NaOH-activated SCW biochars,IBU,Lake water,0.576999656444263,0.5212515569482246,CatBoost,CatBoost_2
740,SI_ref_18,NaOH-activated SCW biochars,IBU,Lake water,0.5791171913994386,0.5212515569482246,CatBoost,CatBoost_2
742,SI_ref_18,NaOH-activated SCW biochars,IBU,Lake water,0.5786725135963804,0.5212515569482246,CatBoost,CatBoost_2
743,SI_ref_18,NaOH-activated SCW biochars,IBU,Lake water,0.6233870058145189,0.5212515569482246,CatBoost,CatBoost_2
744,SI_ref_18,NaOH-activated SCW biochars,IBU,Lake water,0.5944978576382812,0.5212515569482246,CatBoost,CatBoost_2
745,SI_ref_18,NaOH-activated SCW biochars,IBU,Lake water,0.5630080357470825,0.49966319472703935,CatBoost,CatBoost_2
747,SI_ref_18,NaOH-activated SCW biochars,IBU,Lake water,0.6846241766923425,0.5999973859334394,CatBoost,CatBoost_2
749,SI_ref_18,NaOH-activated SCW biochars,IBU,Lake water,0.744908980376152,0.6110510288987759,CatBoost,CatBoost_2
751,SI_ref_18,NaOH-activated SCW biochars,IBU,Lake water,0.6869669848084122,0.5212515569482246,CatBoost,CatBoost_2
753,SI_ref_18,NaOH-activated SCW biochars,IBU,Lake water,0.7932075459644551,0.5212515569482246,CatBoost,CatBoost_2
852,SI_ref_13,PB600,CBZ,Synthetic,0.5776772247360483,0.6576502265515268,CatBoost,CatBoost_2
853,SI_ref_13,PB600,CBZ,Synthetic,0.5656108597285068,0.6439515825319692,CatBoost,CatBoost_2
854,SI_ref_13,PB600,CBZ,Synthetic,0.5475113122171945,0.6321621833853971,CatBoost,CatBoost_2
855,SI_ref_13,PB600,CBZ,Synthetic,0.4479638009049774,0.5824483969548869,CatBoost,CatBoost_2
856,SI_ref_13,PB600,CBZ,Synthetic,0.45098039215686275,0.574731348795461,CatBoost,CatBoost_2
857,SI_ref_13,PB600,CBZ,Synthetic,0.42684766214177977,0.5527484601437082,CatBoost,CatBoost_2
858,SI_ref_13,PB600,CBZ,Synthetic,0.32437120555073723,0.5501596103525129,CatBoost,CatBoost_2
859,SI_ref_13,PB600,CBZ,Synthetic,0.4773489932885906,0.5677634595630986,CatBoost,CatBoost_2
860,SI_ref_13,PB600,CBZ,Synthetic,0.4437372714068248,0.5501596103525129,CatBoost,CatBoost_2
861,SI_ref_13,PB600,CBZ,Synthetic,0.35791881074899945,0.5501596103525129,CatBoost,CatBoost_2
862,SI_ref_13,PB600,CBZ,Synthetic,0.32426715019643393,0.5501596103525129,CatBoost,CatBoost_2
863,SI_ref_13,PB600,CBZ,Synthetic,0.24055829228243014,0.5501596103525129,CatBoost,CatBoost_2
864,SI_ref_13,PB600,CBZ,Synthetic,0.44839549002601903,0.5163833618766188,CatBoost,CatBoost_2
865,SI_ref_13,PB600,CBZ,Synthetic,0.5528523489932886,0.5275628170626099,CatBoost,CatBoost_2
866,SI_ref_13,PB600,CBZ,Synthetic,0.5653368025440879,0.5501596103525129,CatBoost,CatBoost_2
867,SI_ref_13,PB600,CBZ,Synthetic,0.6235906331309627,0.5501596103525129,CatBoost,CatBoost_2
868,SI_ref_13,PB600,CBZ,Synthetic,0.6991037872217403,0.5501596103525129,CatBoost,CatBoost_2
869,SI_ref_13,PB600,CBZ,Synthetic,0.7401395944327428,0.5501596103525129,CatBoost,CatBoost_2
870,SI_ref_13,PB600,CBZ,Synthetic,0.8642533936651583,0.551990342981147,CatBoost,CatBoost_2
871,SI_ref_13,PB600,CBZ,Synthetic,0.6953242835595775,0.551990342981147,CatBoost,CatBoost_2
872,SI_ref_13,PB600,CBZ,Synthetic,0.4479638009049774,0.551990342981147,CatBoost,CatBoost_2
873,SI_ref_13,PB600,CBZ,Synthetic,0.36651583710407243,0.551990342981147,CatBoost,CatBoost_2
874,SI_ref_13,PB600,CBZ,Synthetic,0.248868778280543,0.551990342981147,CatBoost,CatBoost_2
898,SI_ref_13,PB600,CBZ,Synthetic,0.244663382594417,0.5501596103525129,CatBoost,CatBoost_2
899,SI_ref_13,PB800,CBZ,Synthetic,0.27061079156395507,0.48039749781411917,CatBoost,CatBoost_2
900,SI_ref_13,PB800,CBZ,Synthetic,0.22678718159408381,0.46087372375068336,CatBoost,CatBoost_2
901,SI_ref_13,PB800,CBZ,Synthetic,0.18844152287044644,0.4607764522101509,CatBoost,CatBoost_2
902,SI_ref_13,PB800,CBZ,Synthetic,0.17748562037797863,0.4227283383169823,CatBoost,CatBoost_2
903,SI_ref_13,PB800,CBZ,Synthetic,0.16379074226239385,0.4121538028774826,CatBoost,CatBoost_2
904,SI_ref_13,PB800,CBZ,Synthetic,0.155573815393043,0.3944652476768632,CatBoost,CatBoost_2
905,SI_ref_13,PB800,CBZ,Synthetic,0.08520900321543408,0.3952501750415083,CatBoost,CatBoost_2
906,SI_ref_13,PB800,CBZ,Synthetic,0.16135346756152125,0.4125457298450712,CatBoost,CatBoost_2
907,SI_ref_13,PB800,CBZ,Synthetic,0.1561792870827899,0.3952501750415083,CatBoost,CatBoost_2
908,SI_ref_13,PB800,CBZ,Synthetic,0.13676633444075306,0.3952501750415083,CatBoost,CatBoost_2
909,SI_ref_13,PB800,CBZ,Synthetic,0.1002310803004044,0.3952501750415083,CatBoost,CatBoost_2
910,SI_ref_13,PB800,CBZ,Synthetic,0.04322336667164253,0.3952501750415083,CatBoost,CatBoost_2
911,SI_ref_13,PB800,CBZ,Synthetic,0.20609619686800895,0.362300206582096,CatBoost,CatBoost_2
912,SI_ref_13,PB800,CBZ,Synthetic,0.1865212527964206,0.37347966176808717,CatBoost,CatBoost_2
913,SI_ref_13,PB800,CBZ,Synthetic,0.28121650589496244,0.3952501750415083,CatBoost,CatBoost_2
914,SI_ref_13,PB800,CBZ,Synthetic,0.36611289746337977,0.3952501750415083,CatBoost,CatBoost_2
915,SI_ref_13,PB800,CBZ,Synthetic,0.5117363344051448,0.3952501750415083,CatBoost,CatBoost_2
916,SI_ref_13,PB800,CBZ,Synthetic,0.5707012708620426,0.3952501750415083,CatBoost,CatBoost_2
917,SI_ref_13,PB800,CBZ,Synthetic,0.5791052918712493,0.41524772659045284,CatBoost,CatBoost_2
918,SI_ref_13,PB800,CBZ,Synthetic,0.30905619203491547,0.41524772659045284,CatBoost,CatBoost_2
919,SI_ref_13,PB800,CBZ,Synthetic,0.16448445171849424,0.41524772659045284,CatBoost,CatBoost_2
920,SI_ref_13,PB800,CBZ,Synthetic,0.12460736493062231,0.41524772659045284,CatBoost,CatBoost_2
921,SI_ref_13,PB800,CBZ,Synthetic,0.08265139116202945,0.41524772659045284,CatBoost,CatBoost_2
987,SI_ref_15,PSB,TEB,Synthetic,0.9529494921755761,0.9780395587179986,CatBoost,CatBoost_2
988,SI_ref_15,PSB,TEB,Synthetic,0.9422238246841239,0.9711331854665043,CatBoost,CatBoost_2
989,SI_ref_15,PSB,TEB,Synthetic,0.9297851778252496,0.9583769469230696,CatBoost,CatBoost_2
990,SI_ref_15,PSB,TEB,Synthetic,0.9225192311101157,0.9201130456601034,CatBoost,CatBoost_2
991,SI_ref_15,PSB,TEB,Synthetic,0.920805363267918,0.9111049701435058,CatBoost,CatBoost_2
992,SI_ref_15,PSB,TEB,Synthetic,0.9178876121047361,0.9105368340719385,CatBoost,CatBoost_2
993,SI_ref_15,PSB,TEB,Synthetic,0.9171857170319854,0.9096771108674198,CatBoost,CatBoost_2
994,SI_ref_15,PSB,TEB,Synthetic,0.9362126098667423,0.9091201224270835,CatBoost,CatBoost_2
995,SI_ref_15,PSB,TEB,Synthetic,0.9575716949823408,0.9091201224270835,CatBoost,CatBoost_2
996,SI_ref_15,PSB,TEB,Synthetic,0.9144403299752767,0.9091201224270835,CatBoost,CatBoost_2
997,SI_ref_15,PSB,TEB,Synthetic,0.9131362601666559,0.9091201224270835,CatBoost,CatBoost_2
998,SI_ref_15,PSB,TEB,Synthetic,0.9073783566890704,0.9091201224270835,CatBoost,CatBoost_2
999,SI_ref_15,PSB,TEB,Synthetic,0.8610942615965279,0.9091201224270835,CatBoost,CatBoost_2
1000,SI_ref_15,PSB,TEB,Synthetic,0.8714762044822667,0.9091201224270835,CatBoost,CatBoost_2
1001,SI_ref_15,PSB,TEB,Synthetic,0.8650362109004135,0.9091201224270835,CatBoost,CatBoost_2
1002,SI_ref_15,PSB,TEB,Synthetic,0.9441016733966956,0.9091201224270835,CatBoost,CatBoost_2
1003,SI_ref_15,PSB,TEB,Synthetic,0.952584477756588,0.9091201224270835,CatBoost,CatBoost_2
1004,SI_ref_15,PSB,TEB,Synthetic,0.9589909115585907,0.9091201224270835,CatBoost,CatBoost_2
1005,SI_ref_15,PSB,TEB,Synthetic,0.9629553594597028,0.9091201224270835,CatBoost,CatBoost_2
1052,SI_ref_15,PSBOX-A,TEB,Synthetic,0.5158767649493458,0.44026585498164295,CatBoost,CatBoost_2
1053,SI_ref_15,PSBOX-A,TEB,Synthetic,0.41210379963008376,0.4041610718909544,CatBoost,CatBoost_2
1054,SI_ref_15,PSBOX-A,TEB,Synthetic,0.30623403384032577,0.3437448469055342,CatBoost,CatBoost_2
1055,SI_ref_15,PSBOX-A,TEB,Synthetic,0.21283845390046752,0.24991964955740437,CatBoost,CatBoost_2
1056,SI_ref_15,PSBOX-A,TEB,Synthetic,0.12421842587964138,0.22808246227571233,CatBoost,CatBoost_2
1057,SI_ref_15,PSBOX-A,TEB,Synthetic,0.09371708683213013,0.21505991603237729,CatBoost,CatBoost_2
1058,SI_ref_15,PSBOX-A,TEB,Synthetic,0.07890621232231329,0.21032569081639851,CatBoost,CatBoost_2
1059,SI_ref_15,PSBOX-A,TEB,Synthetic,0.07277962857952934,0.2152022307307176,CatBoost,CatBoost_2
1060,SI_ref_15,PSBOX-A,TEB,Synthetic,0.5073983287736047,0.16859006629775342,CatBoost,CatBoost_2
1061,SI_ref_15,PSBOX-A,TEB,Synthetic,0.5163778457532948,0.23101100001492236,CatBoost,CatBoost_2
1062,SI_ref_15,PSBOX-A,TEB,Synthetic,0.5077105405964751,0.2152022307307176,CatBoost,CatBoost_2
1063,SI_ref_15,PSBOX-A,TEB,Synthetic,0.058828707349529885,0.2152022307307176,CatBoost,CatBoost_2
1064,SI_ref_15,PSBOX-A,TEB,Synthetic,0.4930488637978448,0.19662989182442409,CatBoost,CatBoost_2
1065,SI_ref_15,PSBOX-A,TEB,Synthetic,0.5160089507499187,0.23362793481307714,CatBoost,CatBoost_2
1066,SI_ref_15,PSBOX-A,TEB,Synthetic,0.07083175356135256,0.2152022307307176,CatBoost,CatBoost_2
1067,SI_ref_15,PSBOX-A,TEB,Synthetic,0.051172794584274484,0.2152022307307176,CatBoost,CatBoost_2
1068,SI_ref_15,PSBOX-A,TEB,Synthetic,0.04750722464731311,0.2152022307307176,CatBoost,CatBoost_2
1069,SI_ref_15,PSBOX-A,TEB,Synthetic,0.04108376658313895,0.2152022307307176,CatBoost,CatBoost_2
1070,SI_ref_15,PSBOX-A,TEB,Synthetic,0.04527670142322688,0.2152022307307176,CatBoost,CatBoost_2
1071,SI_ref_15,PSBOX-A,TEB,Synthetic,0.04243318293660387,0.2152022307307176,CatBoost,CatBoost_2
1072,SI_ref_15,PSBOX-A,TEB,Synthetic,0.09409506092292502,0.2152022307307176,CatBoost,CatBoost_2
1073,SI_ref_15,PSBOX-A,TEB,Synthetic,0.28314921751011557,0.2152022307307176,CatBoost,CatBoost_2
1074,SI_ref_15,PSBOX-A,TEB,Synthetic,0.44223994246690523,0.2152022307307176,CatBoost,CatBoost_2
1075,SI_ref_15,PSBOX-A,TEB,Synthetic,0.5102144207532882,0.2152022307307176,CatBoost,CatBoost_2
1077,SI_ref_17,Pristine SCG biochar,CBZ,Synthetic,0.9431980957558961,0.9426170192565577,CatBoost,CatBoost_2
1079,SI_ref_17,Pristine SCG biochar,CBZ,Synthetic,0.9360319849357849,0.9363010490309138,CatBoost,CatBoost_2
1081,SI_ref_17,Pristine SCG biochar,CBZ,Synthetic,0.9307104448319532,0.9260676745419018,CatBoost,CatBoost_2
1083,SI_ref_17,Pristine SCG biochar,CBZ,Synthetic,0.9258716624342764,0.919553711153235,CatBoost,CatBoost_2
1085,SI_ref_17,Pristine SCG biochar,CBZ,Synthetic,0.9157118703628806,0.9153087953057192,CatBoost,CatBoost_2
1087,SI_ref_17,Pristine SCG biochar,CBZ,Synthetic,0.9147137334986508,0.9156072786819298,CatBoost,CatBoost_2
1089,SI_ref_17,Pristine SCG biochar,CBZ,Synthetic,0.9138427672538969,0.9150167353918852,CatBoost,CatBoost_2
1091,SI_ref_17,Pristine SCG biochar,CBZ,Synthetic,0.8932130468798682,0.8562253449691046,CatBoost,CatBoost_2
1093,SI_ref_17,Pristine SCG biochar,CBZ,Synthetic,0.9247624360467385,0.9158361471848874,CatBoost,CatBoost_2
1095,SI_ref_17,Pristine SCG biochar,CBZ,Synthetic,0.9071706166070994,0.9158361471848874,CatBoost,CatBoost_2
1097,SI_ref_17,Pristine SCG biochar,CBZ,Synthetic,0.908534541255576,0.9158361471848874,CatBoost,CatBoost_2
1099,SI_ref_17,Pristine SCG biochar,CBZ,Synthetic,0.903895578148675,0.9158361471848874,CatBoost,CatBoost_2
1101,SI_ref_17,Pristine SCG biochar,CBZ,Synthetic,0.9071468090110305,0.9158361471848874,CatBoost,CatBoost_2
1103,SI_ref_17,Pristine SCG biochar,CBZ,Synthetic,0.890879570190962,0.9158361471848874,CatBoost,CatBoost_2
1105,SI_ref_17,Pristine SCG biochar,CBZ,Synthetic,0.8806314346444372,0.8821638356048481,CatBoost,CatBoost_2
1107,SI_ref_17,Pristine SCG biochar,CBZ,Synthetic,0.9289062306369882,0.9158361471848874,CatBoost,CatBoost_2
1109,SI_ref_17,Pristine SCG biochar,CBZ,Synthetic,0.9261272699552149,0.9158361471848874,CatBoost,CatBoost_2
1111,SI_ref_17,Pristine SCG biochar,CBZ,Synthetic,0.9403460613803251,0.9158361471848874,CatBoost,CatBoost_2
1113,SI_ref_17,Pristine SCG biochar,CBZ,Synthetic,0.9373850128799738,0.9158361471848874,CatBoost,CatBoost_2
1115,SI_ref_17,Pristine SCG biochar,CBZ,Synthetic,0.925161257978969,0.9158361471848874,CatBoost,CatBoost_2
1253,SI_ref_18,Pristine SCW Biochar,IBU,Lake water,0.9264336848996528,0.9467733290143032,CatBoost,CatBoost_2
1255,SI_ref_18,Pristine SCW Biochar,IBU,Lake water,0.9179334532144726,0.9407009392090073,CatBoost,CatBoost_2
1257,SI_ref_18,Pristine SCW Biochar,IBU,Lake water,0.916180999264559,0.936184662612326,CatBoost,CatBoost_2
1259,SI_ref_18,Pristine SCW Biochar,IBU,Lake water,0.9235678454978681,0.9171932737664471,CatBoost,CatBoost_2
1261,SI_ref_18,Pristine SCW Biochar,IBU,Lake water,0.9285970293283682,0.9159470885827926,CatBoost,CatBoost_2
1263,SI_ref_18,Pristine SCW Biochar,IBU,Lake water,0.9209592404126973,0.9153789525112255,CatBoost,CatBoost_2
1265,SI_ref_18,Pristine SCW Biochar,IBU,Lake water,0.9279432945207517,0.9149574646245925,CatBoost,CatBoost_2
1269,SI_ref_18,Pristine SCW Biochar,IBU,Lake water,0.8974085452250303,0.8904347491124536,CatBoost,CatBoost_2
1271,SI_ref_18,Pristine SCW Biochar,IBU,Lake water,0.9239929387412031,0.9308877752074907,CatBoost,CatBoost_2
1273,SI_ref_18,Pristine SCW Biochar,IBU,Lake water,0.9256303580479686,0.9185157584718824,CatBoost,CatBoost_2
1275,SI_ref_18,Pristine SCW Biochar,IBU,Lake water,0.9240446881745522,0.9185157584718824,CatBoost,CatBoost_2
1276,SI_ref_18,Pristine SCW Biochar,IBU,Lake water,0.9283922239724117,0.9185157584718824,CatBoost,CatBoost_2
1277,SI_ref_18,Pristine SCW Biochar,IBU,Lake water,0.9240711354841218,0.9185157584718824,CatBoost,CatBoost_2
1279,SI_ref_18,Pristine SCW Biochar,IBU,Lake water,0.9204127206373283,0.9185157584718824,CatBoost,CatBoost_2
1280,SI_ref_18,Pristine SCW Biochar,IBU,Lake water,0.9185968665123906,0.9185157584718824,CatBoost,CatBoost_2
1281,SI_ref_18,Pristine SCW Biochar,IBU,Lake water,0.9182954449695013,0.9185157584718824,CatBoost,CatBoost_2
1283,SI_ref_18,Pristine SCW Biochar,IBU,Lake water,0.9158900362354069,0.9185157584718824,CatBoost,CatBoost_2
1284,SI_ref_18,Pristine SCW Biochar,IBU,Lake water,0.9125854189759445,0.9185157584718824,CatBoost,CatBoost_2
1285,SI_ref_18,Pristine SCW Biochar,IBU,Lake water,0.9175495400890653,0.9185157584718824,CatBoost,CatBoost_2
1287,SI_ref_18,Pristine SCW Biochar,IBU,Lake water,0.9120226357855434,0.9185157584718824,CatBoost,CatBoost_2
1288,SI_ref_18,Pristine SCW Biochar,IBU,Lake water,0.9131050308227836,0.9185157584718824,CatBoost,CatBoost_2
1289,SI_ref_18,Pristine SCW Biochar,IBU,Lake water,0.91141920930323,0.9185157584718824,CatBoost,CatBoost_2
1291,SI_ref_18,Pristine SCW Biochar,IBU,Lake water,0.9068652159539504,0.9185157584718824,CatBoost,CatBoost_2
1292,SI_ref_18,Pristine SCW Biochar,IBU,Lake water,0.9091226364337618,0.9185157584718824,CatBoost,CatBoost_2
1293,SI_ref_18,Pristine SCW Biochar,IBU,Lake water,0.9067682424855283,0.9185157584718824,CatBoost,CatBoost_2
1295,SI_ref_18,Pristine SCW Biochar,IBU,Lake water,0.9027540853962883,0.9185157584718824,CatBoost,CatBoost_2
1296,SI_ref_18,Pristine SCW Biochar,IBU,Lake water,0.9025373859945938,0.9185157584718824,CatBoost,CatBoost_2
1297,SI_ref_18,Pristine SCW Biochar,IBU,Lake water,0.9026152370210476,0.9185157584718824,CatBoost,CatBoost_2
1298,SI_ref_18,Pristine SCW Biochar,IBU,Lake water,0.9219347373743266,0.9065089647746372,CatBoost,CatBoost_2
1300,SI_ref_18,Pristine SCW Biochar,IBU,Lake water,0.9277221749920567,0.940241826711969,CatBoost,CatBoost_2
1302,SI_ref_18,Pristine SCW Biochar,IBU,Lake water,0.9340257796823453,0.9490467639831479,CatBoost,CatBoost_2
2,SI_ref_19,AMCB,IBU,Ground water,0.6563767477253929,0.36954593700990124,DecisionTree,DecisionTree_1
4,SI_ref_19,AMCB,IBU,Ground water,0.5414154110835401,0.36954593700990124,DecisionTree,DecisionTree_1
6,SI_ref_19,AMCB,IBU,Ground water,0.39819987427626136,0.36954593700990124,DecisionTree,DecisionTree_1
8,SI_ref_19,AMCB,IBU,Ground water,0.3426557088502895,0.36954593700990124,DecisionTree,DecisionTree_1
10,SI_ref_19,AMCB,IBU,Ground water,0.3352626765922249,0.36954593700990124,DecisionTree,DecisionTree_1
12,SI_ref_19,AMCB,IBU,Ground water,0.33078034739454093,0.36954593700990124,DecisionTree,DecisionTree_1
14,SI_ref_19,AMCB,IBU,Ground water,0.3305497038875103,0.36954593700990124,DecisionTree,DecisionTree_1
16,SI_ref_19,AMCB,IBU,Ground water,0.029204625724030753,0.36954593700990124,DecisionTree,DecisionTree_1
18,SI_ref_19,AMCB,IBU,Ground water,0.005264283840238958,0.36954593700990124,DecisionTree,DecisionTree_1
20,SI_ref_19,AMCB,IBU,Ground water,0.0023766372681587895,0.36954593700990124,DecisionTree,DecisionTree_1
22,SI_ref_19,AMCB,IBU,Ground water,0.32926049296939613,0.36954593700990124,DecisionTree,DecisionTree_1
24,SI_ref_19,AMCB,IBU,Ground water,0.19832193047959257,0.36954593700990124,DecisionTree,DecisionTree_1
26,SI_ref_19,AMCB,IBU,Ground water,0.1894672613641715,0.36954593700990124,DecisionTree,DecisionTree_1
28,SI_ref_19,AMCB,IBU,Ground water,0.1528746627917146,0.36954593700990124,DecisionTree,DecisionTree_1
30,SI_ref_19,AMCB,IBU,Ground water,0.3449761650083755,0.36954593700990124,DecisionTree,DecisionTree_1
32,SI_ref_19,AMCB,IBU,Ground water,0.30765270742093687,0.36954593700990124,DecisionTree,DecisionTree_1
34,SI_ref_19,AMCB,IBU,Ground water,0.303030777614079,0.36954593700990124,DecisionTree,DecisionTree_1
36,SI_ref_19,AMCB,IBU,Ground water,0.41496556078686897,0.36954593700990124,DecisionTree,DecisionTree_1
38,SI_ref_19,AMCB,IBU,Ground water,0.3766264851820565,0.36954593700990124,DecisionTree,DecisionTree_1
40,SI_ref_19,AMCB,IBU,Ground water,0.38956403906090076,0.36954593700990124,DecisionTree,DecisionTree_1
42,SI_ref_19,AMCB,IBU,Ground water,0.5182383095521604,0.36954593700990124,DecisionTree,DecisionTree_1
44,SI_ref_19,AMCB,IBU,Ground water,0.5024496962602676,0.36954593700990124,DecisionTree,DecisionTree_1
46,SI_ref_19,AMCB,IBU,Ground water,0.48210720700720494,0.36954593700990124,DecisionTree,DecisionTree_1
48,SI_ref_19,AMCB,IBU,Ground water,0.03338351934448727,0.36954593700990124,DecisionTree,DecisionTree_1
50,SI_ref_19,AMCB,IBU,Ground water,0.0,0.36954593700990124,DecisionTree,DecisionTree_1
52,SI_ref_19,AMCB,IBU,Ground water,0.003531050071646246,0.36954593700990124,DecisionTree,DecisionTree_1
54,SI_ref_19,AMCB,IBU,Ground water,0.19999798179579809,0.36954593700990124,DecisionTree,DecisionTree_1
56,SI_ref_19,AMCB,IBU,Ground water,0.17260220522445793,0.36954593700990124,DecisionTree,DecisionTree_1
58,SI_ref_19,AMCB,IBU,Ground water,0.15656878376287445,0.36954593700990124,DecisionTree,DecisionTree_1
60,SI_ref_19,AMCB,IBU,Ground water,0.3457359785263073,0.36954593700990124,DecisionTree,DecisionTree_1
62,SI_ref_19,AMCB,IBU,Ground water,0.32626934953278575,0.36954593700990124,DecisionTree,DecisionTree_1
64,SI_ref_19,AMCB,IBU,Ground water,0.3258728934993643,0.36954593700990124,DecisionTree,DecisionTree_1
66,SI_ref_19,AMCB,IBU,Ground water,0.4885549946229274,0.36954593700990124,DecisionTree,DecisionTree_1
68,SI_ref_19,AMCB,IBU,Ground water,0.39885279506866217,0.36954593700990124,DecisionTree,DecisionTree_1
70,SI_ref_19,AMCB,IBU,Ground water,0.42188356115014575,0.36954593700990124,DecisionTree,DecisionTree_1
72,SI_ref_19,AMCB,IBU,Ground water,0.5107350299703324,0.36954593700990124,DecisionTree,DecisionTree_1
74,SI_ref_19,AMCB,IBU,Ground water,0.5226317382792791,0.36954593700990124,DecisionTree,DecisionTree_1
76,SI_ref_19,AMCB,IBU,Ground water,0.4945842701164504,0.36954593700990124,DecisionTree,DecisionTree_1
78,SI_ref_19,AMCB,IBU,Ground water,0.025848755777109534,0.36954593700990124,DecisionTree,DecisionTree_1
80,SI_ref_19,AMCB,IBU,Ground water,0.008169690609295848,0.36954593700990124,DecisionTree,DecisionTree_1
82,SI_ref_19,AMCB,IBU,Ground water,0.0,0.36954593700990124,DecisionTree,DecisionTree_1
84,SI_ref_19,AMCB,IBU,Ground water,0.2007202298061851,0.36954593700990124,DecisionTree,DecisionTree_1
86,SI_ref_19,AMCB,IBU,Ground water,0.16952726930244136,0.36954593700990124,DecisionTree,DecisionTree_1
88,SI_ref_19,AMCB,IBU,Ground water,0.14747637019246942,0.36954593700990124,DecisionTree,DecisionTree_1
90,SI_ref_19,AMCB,IBU,Ground water,0.34008395729479907,0.36954593700990124,DecisionTree,DecisionTree_1
92,SI_ref_19,AMCB,IBU,Ground water,0.32813530040969546,0.36954593700990124,DecisionTree,DecisionTree_1
94,SI_ref_19,AMCB,IBU,Ground water,0.3191737471997417,0.36954593700990124,DecisionTree,DecisionTree_1
96,SI_ref_19,AMCB,IBU,Ground water,0.45590621693388655,0.36954593700990124,DecisionTree,DecisionTree_1
98,SI_ref_19,AMCB,IBU,Ground water,0.4386715603313315,0.36954593700990124,DecisionTree,DecisionTree_1
100,SI_ref_19,AMCB,IBU,Ground water,0.4136227630368784,0.36954593700990124,DecisionTree,DecisionTree_1
102,SI_ref_19,AMCB,IBU,Ground water,0.15909620069601668,0.36954593700990124,DecisionTree,DecisionTree_1
104,SI_ref_19,AMCB,IBU,Ground water,0.32070040208616674,0.36954593700990124,DecisionTree,DecisionTree_1
106,SI_ref_19,AMCB,IBU,Ground water,0.3644459510905023,0.36954593700990124,DecisionTree,DecisionTree_1
108,SI_ref_19,AMCB,IBU,Ground water,0.46356787238707886,0.36954593700990124,DecisionTree,DecisionTree_1
110,SI_ref_19,AMCB,IBU,Ground water,0.5205305455205957,0.36954593700990124,DecisionTree,DecisionTree_1
112,SI_ref_19,AMCB,IBU,Ground water,0.5464029950150356,0.36954593700990124,DecisionTree,DecisionTree_1
114,SI_ref_19,AMCB,IBU,Ground water,0.48301499525722014,0.36954593700990124,DecisionTree,DecisionTree_1
117,SI_ref_17,Alkali-modified SCG biochars,CBZ,Synthetic,0.12103690777624292,0.36954593700990124,DecisionTree,DecisionTree_1
119,SI_ref_17,Alkali-modified SCG biochars,CBZ,Synthetic,0.0701486117179634,0.36954593700990124,DecisionTree,DecisionTree_1
121,SI_ref_17,Alkali-modified SCG biochars,CBZ,Synthetic,0.050188840370859876,0.36954593700990124,DecisionTree,DecisionTree_1
123,SI_ref_17,Alkali-modified SCG biochars,CBZ,Synthetic,0.033003190610721066,0.36954593700990124,DecisionTree,DecisionTree_1
125,SI_ref_17,Alkali-modified SCG biochars,CBZ,Synthetic,0.03511734337104713,0.36954593700990124,DecisionTree,DecisionTree_1
127,SI_ref_17,Alkali-modified SCG biochars,CBZ,Synthetic,0.03195287629892775,0.36954593700990124,DecisionTree,DecisionTree_1
129,SI_ref_17,Alkali-modified SCG biochars,CBZ,Synthetic,0.03449328813829176,0.36954593700990124,DecisionTree,DecisionTree_1
132,SI_ref_17,Alkali-modified SCG biochars,CBZ,Synthetic,0.041716779164719504,0.36954593700990124,DecisionTree,DecisionTree_1
134,SI_ref_17,Alkali-modified SCG biochars,CBZ,Synthetic,0.00635796336582959,0.36954593700990124,DecisionTree,DecisionTree_1
136,SI_ref_17,Alkali-modified SCG biochars,CBZ,Synthetic,0.011730609548845337,0.36954593700990124,DecisionTree,DecisionTree_1
138,SI_ref_17,Alkali-modified SCG biochars,CBZ,Synthetic,0.01988738850164665,0.36954593700990124,DecisionTree,DecisionTree_1
140,SI_ref_17,Alkali-modified SCG biochars,CBZ,Synthetic,0.006132526431344026,0.36954593700990124,DecisionTree,DecisionTree_1
142,SI_ref_17,Alkali-modified SCG biochars,CBZ,Synthetic,0.007712590639419909,0.36954593700990124,DecisionTree,DecisionTree_1
145,SI_ref_17,Alkali-modified SCG biochars,CBZ,Synthetic,0.10268999927349255,0.36954593700990124,DecisionTree,DecisionTree_1
147,SI_ref_17,Alkali-modified SCG biochars,CBZ,Synthetic,0.14439822919669368,0.36954593700990124,DecisionTree,DecisionTree_1
149,SI_ref_17,Alkali-modified SCG biochars,CBZ,Synthetic,0.34003506921741083,0.36954593700990124,DecisionTree,DecisionTree_1
151,SI_ref_17,Alkali-modified SCG biochars,CBZ,Synthetic,0.4516798693491866,0.36954593700990124,DecisionTree,DecisionTree_1
153,SI_ref_17,Alkali-modified SCG biochars,CBZ,Synthetic,0.5612135486607656,0.36954593700990124,DecisionTree,DecisionTree_1
282,SI_ref_19,CB,IBU,Ground water,0.9280102961124896,0.9189776970919945,DecisionTree,DecisionTree_1
284,SI_ref_19,CB,IBU,Ground water,0.9242732043010754,0.9189776970919945,DecisionTree,DecisionTree_1
286,SI_ref_19,CB,IBU,Ground water,0.9218881323407775,0.9189776970919945,DecisionTree,DecisionTree_1
288,SI_ref_19,CB,IBU,Ground water,0.9215853366418528,0.9189776970919945,DecisionTree,DecisionTree_1
290,SI_ref_19,CB,IBU,Ground water,0.9207959503722085,0.9189776970919945,DecisionTree,DecisionTree_1
292,SI_ref_19,CB,IBU,Ground water,0.9207361323407776,0.9189776970919945,DecisionTree,DecisionTree_1
294,SI_ref_19,CB,IBU,Ground water,0.9206762613730356,0.9189776970919945,DecisionTree,DecisionTree_1
296,SI_ref_19,CB,IBU,Ground water,0.9945207101387852,0.9189776970919945,DecisionTree,DecisionTree_1
298,SI_ref_19,CB,IBU,Ground water,0.9765877548823724,0.9189776970919945,DecisionTree,DecisionTree_1
300,SI_ref_19,CB,IBU,Ground water,0.9595058090644278,0.9189776970919945,DecisionTree,DecisionTree_1
302,SI_ref_19,CB,IBU,Ground water,0.9409019130333385,0.9189776970919945,DecisionTree,DecisionTree_1
304,SI_ref_19,CB,IBU,Ground water,0.9323428884090048,0.9189776970919945,DecisionTree,DecisionTree_1
306,SI_ref_19,CB,IBU,Ground water,0.9259231602386863,0.9189776970919945,DecisionTree,DecisionTree_1
308,SI_ref_19,CB,IBU,Ground water,0.8753590996713628,0.9189776970919945,DecisionTree,DecisionTree_1
310,SI_ref_19,CB,IBU,Ground water,0.9341230700922319,0.9189776970919945,DecisionTree,DecisionTree_1
312,SI_ref_19,CB,IBU,Ground water,0.9234390298948024,0.9189776970919945,DecisionTree,DecisionTree_1
314,SI_ref_19,CB,IBU,Ground water,0.917590560186213,0.9189776970919945,DecisionTree,DecisionTree_1
316,SI_ref_19,CB,IBU,Ground water,0.9236132062907854,0.9189776970919945,DecisionTree,DecisionTree_1
318,SI_ref_19,CB,IBU,Ground water,0.9231865295080666,0.9189776970919945,DecisionTree,DecisionTree_1
320,SI_ref_19,CB,IBU,Ground water,0.9303445651202417,0.9189776970919945,DecisionTree,DecisionTree_1
322,SI_ref_19,CB,IBU,Ground water,0.923151204819856,0.9189776970919945,DecisionTree,DecisionTree_1
324,SI_ref_19,CB,IBU,Ground water,0.9175260660683171,0.9189776970919945,DecisionTree,DecisionTree_1
326,SI_ref_19,CB,IBU,Ground water,0.9318432124429017,0.9189776970919945,DecisionTree,DecisionTree_1
328,SI_ref_19,CB,IBU,Ground water,0.9241489703794897,0.9189776970919945,DecisionTree,DecisionTree_1
330,SI_ref_19,CB,IBU,Ground water,0.9174641264203113,0.9189776970919945,DecisionTree,DecisionTree_1
523,SI_ref_19,MCB,IBU,Ground water,0.9264289561621175,0.9282007434680069,DecisionTree,DecisionTree_1
525,SI_ref_19,MCB,IBU,Ground water,0.9196854524400332,0.9282007434680069,DecisionTree,DecisionTree_1
527,SI_ref_19,MCB,IBU,Ground water,0.9178832092638545,0.9282007434680069,DecisionTree,DecisionTree_1
529,SI_ref_19,MCB,IBU,Ground water,0.9177463688999173,0.9282007434680069,DecisionTree,DecisionTree_1
531,SI_ref_19,MCB,IBU,Ground water,0.9177232092638544,0.9282007434680069,DecisionTree,DecisionTree_1
533,SI_ref_19,MCB,IBU,Ground water,0.9175379321753515,0.9282007434680069,DecisionTree,DecisionTree_1
535,SI_ref_19,MCB,IBU,Ground water,0.9173856344086023,0.9282007434680069,DecisionTree,DecisionTree_1
537,SI_ref_19,MCB,IBU,Ground water,0.9902068659306948,0.9442563641377072,DecisionTree,DecisionTree_1
539,SI_ref_19,MCB,IBU,Ground water,0.9708228218531151,0.9282007434680069,DecisionTree,DecisionTree_1
541,SI_ref_19,MCB,IBU,Ground water,0.9483485035015843,0.9282007434680069,DecisionTree,DecisionTree_1
543,SI_ref_19,MCB,IBU,Ground water,0.9173115500413566,0.9282007434680069,DecisionTree,DecisionTree_1
545,SI_ref_19,MCB,IBU,Ground water,0.9358359065436908,0.9442563641377072,DecisionTree,DecisionTree_1
547,SI_ref_19,MCB,IBU,Ground water,0.9263512886233829,0.9282007434680069,DecisionTree,DecisionTree_1
549,SI_ref_19,MCB,IBU,Ground water,0.9153544975680639,0.9282007434680069,DecisionTree,DecisionTree_1
551,SI_ref_19,MCB,IBU,Ground water,0.9271238571918706,0.9442563641377072,DecisionTree,DecisionTree_1
553,SI_ref_19,MCB,IBU,Ground water,0.9199191103755877,0.9282007434680069,DecisionTree,DecisionTree_1
555,SI_ref_19,MCB,IBU,Ground water,0.910886274193223,0.9282007434680069,DecisionTree,DecisionTree_1
557,SI_ref_19,MCB,IBU,Ground water,0.8716126359176348,0.9282007434680069,DecisionTree,DecisionTree_1
559,SI_ref_19,MCB,IBU,Ground water,0.9228881866842084,0.9282007434680069,DecisionTree,DecisionTree_1
561,SI_ref_19,MCB,IBU,Ground water,0.9227697266379059,0.9282007434680069,DecisionTree,DecisionTree_1
563,SI_ref_19,MCB,IBU,Ground water,0.9221446299502403,0.9282007434680069,DecisionTree,DecisionTree_1
565,SI_ref_19,MCB,IBU,Ground water,0.9254612605703445,0.9442563641377072,DecisionTree,DecisionTree_1
567,SI_ref_19,MCB,IBU,Ground water,0.9188111047361486,0.9282007434680069,DecisionTree,DecisionTree_1
569,SI_ref_19,MCB,IBU,Ground water,0.9124876096677748,0.9282007434680069,DecisionTree,DecisionTree_1
571,SI_ref_19,MCB,IBU,Ground water,0.927696260267614,0.9442563641377072,DecisionTree,DecisionTree_1
573,SI_ref_19,MCB,IBU,Ground water,0.9222883610163676,0.9282007434680069,DecisionTree,DecisionTree_1
575,SI_ref_19,MCB,IBU,Ground water,0.9173366162788351,0.9282007434680069,DecisionTree,DecisionTree_1
577,SI_ref_19,MCB,IBU,Ground water,0.9896236049163454,0.9442563641377072,DecisionTree,DecisionTree_1
579,SI_ref_19,MCB,IBU,Ground water,0.9728688772730024,0.9282007434680069,DecisionTree,DecisionTree_1
581,SI_ref_19,MCB,IBU,Ground water,0.95367292982704,0.9282007434680069,DecisionTree,DecisionTree_1
583,SI_ref_19,MCB,IBU,Ground water,0.9381494412938034,0.9442563641377072,DecisionTree,DecisionTree_1
585,SI_ref_19,MCB,IBU,Ground water,0.925414707326754,0.9282007434680069,DecisionTree,DecisionTree_1
587,SI_ref_19,MCB,IBU,Ground water,0.9200694262245456,0.9282007434680069,DecisionTree,DecisionTree_1
589,SI_ref_19,MCB,IBU,Ground water,0.9296751902157461,0.9442563641377072,DecisionTree,DecisionTree_1
591,SI_ref_19,MCB,IBU,Ground water,0.9221403459202003,0.9282007434680069,DecisionTree,DecisionTree_1
593,SI_ref_19,MCB,IBU,Ground water,0.911624129649438,0.9282007434680069,DecisionTree,DecisionTree_1
595,SI_ref_19,MCB,IBU,Ground water,0.9248851497651674,0.9442563641377072,DecisionTree,DecisionTree_1
597,SI_ref_19,MCB,IBU,Ground water,0.9206218375460943,0.9282007434680069,DecisionTree,DecisionTree_1
599,SI_ref_19,MCB,IBU,Ground water,0.9170274735254856,0.9282007434680069,DecisionTree,DecisionTree_1
601,SI_ref_19,MCB,IBU,Ground water,0.9300914246503462,0.9442563641377072,DecisionTree,DecisionTree_1
603,SI_ref_19,MCB,IBU,Ground water,0.920786534541565,0.9282007434680069,DecisionTree,DecisionTree_1
605,SI_ref_19,MCB,IBU,Ground water,0.9160948152334054,0.9282007434680069,DecisionTree,DecisionTree_1
607,SI_ref_19,MCB,IBU,Ground water,0.9861765121394982,0.9442563641377072,DecisionTree,DecisionTree_1
609,SI_ref_19,MCB,IBU,Ground water,0.9661781267028597,0.9282007434680069,DecisionTree,DecisionTree_1
611,SI_ref_19,MCB,IBU,Ground water,0.9529992532644452,0.9282007434680069,DecisionTree,DecisionTree_1
613,SI_ref_19,MCB,IBU,Ground water,0.9352947587236877,0.9442563641377072,DecisionTree,DecisionTree_1
615,SI_ref_19,MCB,IBU,Ground water,0.9284499518994666,0.9282007434680069,DecisionTree,DecisionTree_1
617,SI_ref_19,MCB,IBU,Ground water,0.917077774862594,0.9282007434680069,DecisionTree,DecisionTree_1
619,SI_ref_19,MCB,IBU,Ground water,0.9255842902984923,0.9442563641377072,DecisionTree,DecisionTree_1
621,SI_ref_19,MCB,IBU,Ground water,0.9186162384710084,0.9282007434680069,DecisionTree,DecisionTree_1
623,SI_ref_19,MCB,IBU,Ground water,0.9103224686673798,0.9282007434680069,DecisionTree,DecisionTree_1
625,SI_ref_19,MCB,IBU,Ground water,0.9258221154816445,0.9442563641377072,DecisionTree,DecisionTree_1
627,SI_ref_19,MCB,IBU,Ground water,0.921668420582223,0.9282007434680069,DecisionTree,DecisionTree_1
629,SI_ref_19,MCB,IBU,Ground water,0.9150562646500002,0.9282007434680069,DecisionTree,DecisionTree_1
631,SI_ref_19,MCB,IBU,Ground water,0.9296259863973036,0.9442563641377072,DecisionTree,DecisionTree_1
633,SI_ref_19,MCB,IBU,Ground water,0.9216175906678238,0.9282007434680069,DecisionTree,DecisionTree_1
635,SI_ref_19,MCB,IBU,Ground water,0.9188076045934327,0.9282007434680069,DecisionTree,DecisionTree_1
698,SI_ref_18,NaOH-activated SCW biochars,IBU,Lake water,0.585296751211726,0.5491028358612632,DecisionTree,DecisionTree_1
700,SI_ref_18,NaOH-activated SCW biochars,IBU,Lake water,0.6304734220526563,0.5491028358612632,DecisionTree,DecisionTree_1
702,SI_ref_18,NaOH-activated SCW biochars,IBU,Lake water,0.6077686506314385,0.5491028358612632,DecisionTree,DecisionTree_1
704,SI_ref_18,NaOH-activated SCW biochars,IBU,Lake water,0.6040537723014899,0.5491028358612632,DecisionTree,DecisionTree_1
706,SI_ref_18,NaOH-activated SCW biochars,IBU,Lake water,0.6292724453182281,0.5491028358612632,DecisionTree,DecisionTree_1
708,SI_ref_18,NaOH-activated SCW biochars,IBU,Lake water,0.6376478565264503,0.5491028358612632,DecisionTree,DecisionTree_1
710,SI_ref_18,NaOH-activated SCW biochars,IBU,Lake water,0.6108673600702487,0.5491028358612632,DecisionTree,DecisionTree_1
712,SI_ref_18,NaOH-activated SCW biochars,IBU,Lake water,0.10371139816269948,0.5491028358612632,DecisionTree,DecisionTree_1
714,SI_ref_18,NaOH-activated SCW biochars,IBU,Lake water,0.46656560236114836,0.5491028358612632,DecisionTree,DecisionTree_1
716,SI_ref_18,NaOH-activated SCW biochars,IBU,Lake water,0.44106817459704084,0.5491028358612632,DecisionTree,DecisionTree_1
718,SI_ref_18,NaOH-activated SCW biochars,IBU,Lake water,0.6893393142281772,0.5491028358612632,DecisionTree,DecisionTree_1
720,SI_ref_18,NaOH-activated SCW biochars,IBU,Lake water,0.621379975330744,0.5491028358612632,DecisionTree,DecisionTree_1
722,SI_ref_18,NaOH-activated SCW biochars,IBU,Lake water,0.6727437787241767,0.5491028358612632,DecisionTree,DecisionTree_1
723,SI_ref_18,NaOH-activated SCW biochars,IBU,Lake water,0.6293605973980515,0.5491028358612632,DecisionTree,DecisionTree_1
724,SI_ref_18,NaOH-activated SCW biochars,IBU,Lake water,0.6573710855713073,0.5491028358612632,DecisionTree,DecisionTree_1
726,SI_ref_18,NaOH-activated SCW biochars,IBU,Lake water,0.6298354173553987,0.5491028358612632,DecisionTree,DecisionTree_1
727,SI_ref_18,NaOH-activated SCW biochars,IBU,Lake water,0.6523803226831055,0.5491028358612632,DecisionTree,DecisionTree_1
728,SI_ref_18,NaOH-activated SCW biochars,IBU,Lake water,0.6378679449532959,0.5491028358612632,DecisionTree,DecisionTree_1
730,SI_ref_18,NaOH-activated SCW biochars,IBU,Lake water,0.627404015064595,0.5491028358612632,DecisionTree,DecisionTree_1
731,SI_ref_18,NaOH-activated SCW biochars,IBU,Lake water,0.6077370696640284,0.5491028358612632,DecisionTree,DecisionTree_1
732,SI_ref_18,NaOH-activated SCW biochars,IBU,Lake water,0.6159420233488258,0.5491028358612632,DecisionTree,DecisionTree_1
734,SI_ref_18,NaOH-activated SCW biochars,IBU,Lake water,0.6074163960354965,0.5491028358612632,DecisionTree,DecisionTree_1
735,SI_ref_18,NaOH-activated SCW biochars,IBU,Lake water,0.6146046840259546,0.5491028358612632,DecisionTree,DecisionTree_1
736,SI_ref_18,NaOH-activated SCW biochars,IBU,Lake water,0.6281995086504742,0.5491028358612632,DecisionTree,DecisionTree_1
738,SI_ref_18,NaOH-activated SCW biochars,IBU,Lake water,0.6298527247859258,0.5491028358612632,DecisionTree,DecisionTree_1
739,SI_ref_18,NaOH-activated SCW biochars,IBU,Lake water,0.576999656444263,0.5491028358612632,DecisionTree,DecisionTree_1
740,SI_ref_18,NaOH-activated SCW biochars,IBU,Lake water,0.5791171913994386,0.5491028358612632,DecisionTree,DecisionTree_1
742,SI_ref_18,NaOH-activated SCW biochars,IBU,Lake water,0.5786725135963804,0.5491028358612632,DecisionTree,DecisionTree_1
743,SI_ref_18,NaOH-activated SCW biochars,IBU,Lake water,0.6233870058145189,0.5491028358612632,DecisionTree,DecisionTree_1
744,SI_ref_18,NaOH-activated SCW biochars,IBU,Lake water,0.5944978576382812,0.5491028358612632,DecisionTree,DecisionTree_1
745,SI_ref_18,NaOH-activated SCW biochars,IBU,Lake water,0.5630080357470825,0.5491028358612632,DecisionTree,DecisionTree_1
747,SI_ref_18,NaOH-activated SCW biochars,IBU,Lake water,0.6846241766923425,0.5491028358612632,DecisionTree,DecisionTree_1
749,SI_ref_18,NaOH-activated SCW biochars,IBU,Lake water,0.744908980376152,0.5491028358612632,DecisionTree,DecisionTree_1
751,SI_ref_18,NaOH-activated SCW biochars,IBU,Lake water,0.6869669848084122,0.5491028358612632,DecisionTree,DecisionTree_1
753,SI_ref_18,NaOH-activated SCW biochars,IBU,Lake water,0.7932075459644551,0.5491028358612632,DecisionTree,DecisionTree_1
852,SI_ref_13,PB600,CBZ,Synthetic,0.5776772247360483,0.5491028358612632,DecisionTree,DecisionTree_1
853,SI_ref_13,PB600,CBZ,Synthetic,0.5656108597285068,0.5491028358612632,DecisionTree,DecisionTree_1
854,SI_ref_13,PB600,CBZ,Synthetic,0.5475113122171945,0.5491028358612632,DecisionTree,DecisionTree_1
855,SI_ref_13,PB600,CBZ,Synthetic,0.4479638009049774,0.5491028358612632,DecisionTree,DecisionTree_1
856,SI_ref_13,PB600,CBZ,Synthetic,0.45098039215686275,0.5491028358612632,DecisionTree,DecisionTree_1
857,SI_ref_13,PB600,CBZ,Synthetic,0.42684766214177977,0.5491028358612632,DecisionTree,DecisionTree_1
858,SI_ref_13,PB600,CBZ,Synthetic,0.32437120555073723,0.5491028358612632,DecisionTree,DecisionTree_1
859,SI_ref_13,PB600,CBZ,Synthetic,0.4773489932885906,0.5491028358612632,DecisionTree,DecisionTree_1
860,SI_ref_13,PB600,CBZ,Synthetic,0.4437372714068248,0.5491028358612632,DecisionTree,DecisionTree_1
861,SI_ref_13,PB600,CBZ,Synthetic,0.35791881074899945,0.5491028358612632,DecisionTree,DecisionTree_1
862,SI_ref_13,PB600,CBZ,Synthetic,0.32426715019643393,0.5491028358612632,DecisionTree,DecisionTree_1
863,SI_ref_13,PB600,CBZ,Synthetic,0.24055829228243014,0.5491028358612632,DecisionTree,DecisionTree_1
864,SI_ref_13,PB600,CBZ,Synthetic,0.44839549002601903,0.5491028358612632,DecisionTree,DecisionTree_1
865,SI_ref_13,PB600,CBZ,Synthetic,0.5528523489932886,0.5491028358612632,DecisionTree,DecisionTree_1
866,SI_ref_13,PB600,CBZ,Synthetic,0.5653368025440879,0.5491028358612632,DecisionTree,DecisionTree_1
867,SI_ref_13,PB600,CBZ,Synthetic,0.6235906331309627,0.5491028358612632,DecisionTree,DecisionTree_1
868,SI_ref_13,PB600,CBZ,Synthetic,0.6991037872217403,0.5491028358612632,DecisionTree,DecisionTree_1
869,SI_ref_13,PB600,CBZ,Synthetic,0.7401395944327428,0.5491028358612632,DecisionTree,DecisionTree_1
870,SI_ref_13,PB600,CBZ,Synthetic,0.8642533936651583,0.5491028358612632,DecisionTree,DecisionTree_1
871,SI_ref_13,PB600,CBZ,Synthetic,0.6953242835595775,0.5491028358612632,DecisionTree,DecisionTree_1
872,SI_ref_13,PB600,CBZ,Synthetic,0.4479638009049774,0.5491028358612632,DecisionTree,DecisionTree_1
873,SI_ref_13,PB600,CBZ,Synthetic,0.36651583710407243,0.5491028358612632,DecisionTree,DecisionTree_1
874,SI_ref_13,PB600,CBZ,Synthetic,0.248868778280543,0.5491028358612632,DecisionTree,DecisionTree_1
898,SI_ref_13,PB600,CBZ,Synthetic,0.244663382594417,0.5491028358612632,DecisionTree,DecisionTree_1
899,SI_ref_13,PB800,CBZ,Synthetic,0.27061079156395507,0.5491028358612632,DecisionTree,DecisionTree_1
900,SI_ref_13,PB800,CBZ,Synthetic,0.22678718159408381,0.5491028358612632,DecisionTree,DecisionTree_1
901,SI_ref_13,PB800,CBZ,Synthetic,0.18844152287044644,0.5491028358612632,DecisionTree,DecisionTree_1
902,SI_ref_13,PB800,CBZ,Synthetic,0.17748562037797863,0.5491028358612632,DecisionTree,DecisionTree_1
903,SI_ref_13,PB800,CBZ,Synthetic,0.16379074226239385,0.5491028358612632,DecisionTree,DecisionTree_1
904,SI_ref_13,PB800,CBZ,Synthetic,0.155573815393043,0.5491028358612632,DecisionTree,DecisionTree_1
905,SI_ref_13,PB800,CBZ,Synthetic,0.08520900321543408,0.5491028358612632,DecisionTree,DecisionTree_1
906,SI_ref_13,PB800,CBZ,Synthetic,0.16135346756152125,0.5491028358612632,DecisionTree,DecisionTree_1
907,SI_ref_13,PB800,CBZ,Synthetic,0.1561792870827899,0.5491028358612632,DecisionTree,DecisionTree_1
908,SI_ref_13,PB800,CBZ,Synthetic,0.13676633444075306,0.5491028358612632,DecisionTree,DecisionTree_1
909,SI_ref_13,PB800,CBZ,Synthetic,0.1002310803004044,0.5491028358612632,DecisionTree,DecisionTree_1
910,SI_ref_13,PB800,CBZ,Synthetic,0.04322336667164253,0.5491028358612632,DecisionTree,DecisionTree_1
911,SI_ref_13,PB800,CBZ,Synthetic,0.20609619686800895,0.5491028358612632,DecisionTree,DecisionTree_1
912,SI_ref_13,PB800,CBZ,Synthetic,0.1865212527964206,0.5491028358612632,DecisionTree,DecisionTree_1
913,SI_ref_13,PB800,CBZ,Synthetic,0.28121650589496244,0.5491028358612632,DecisionTree,DecisionTree_1
914,SI_ref_13,PB800,CBZ,Synthetic,0.36611289746337977,0.5491028358612632,DecisionTree,DecisionTree_1
915,SI_ref_13,PB800,CBZ,Synthetic,0.5117363344051448,0.5491028358612632,DecisionTree,DecisionTree_1
916,SI_ref_13,PB800,CBZ,Synthetic,0.5707012708620426,0.5491028358612632,DecisionTree,DecisionTree_1
917,SI_ref_13,PB800,CBZ,Synthetic,0.5791052918712493,0.5491028358612632,DecisionTree,DecisionTree_1
918,SI_ref_13,PB800,CBZ,Synthetic,0.30905619203491547,0.5491028358612632,DecisionTree,DecisionTree_1
919,SI_ref_13,PB800,CBZ,Synthetic,0.16448445171849424,0.5491028358612632,DecisionTree,DecisionTree_1
920,SI_ref_13,PB800,CBZ,Synthetic,0.12460736493062231,0.5491028358612632,DecisionTree,DecisionTree_1
921,SI_ref_13,PB800,CBZ,Synthetic,0.08265139116202945,0.5491028358612632,DecisionTree,DecisionTree_1
987,SI_ref_15,PSB,TEB,Synthetic,0.9529494921755761,0.9189776970919945,DecisionTree,DecisionTree_1
988,SI_ref_15,PSB,TEB,Synthetic,0.9422238246841239,0.9189776970919945,DecisionTree,DecisionTree_1
989,SI_ref_15,PSB,TEB,Synthetic,0.9297851778252496,0.9189776970919945,DecisionTree,DecisionTree_1
990,SI_ref_15,PSB,TEB,Synthetic,0.9225192311101157,0.9189776970919945,DecisionTree,DecisionTree_1
991,SI_ref_15,PSB,TEB,Synthetic,0.920805363267918,0.9189776970919945,DecisionTree,DecisionTree_1
992,SI_ref_15,PSB,TEB,Synthetic,0.9178876121047361,0.9189776970919945,DecisionTree,DecisionTree_1
993,SI_ref_15,PSB,TEB,Synthetic,0.9171857170319854,0.9189776970919945,DecisionTree,DecisionTree_1
994,SI_ref_15,PSB,TEB,Synthetic,0.9362126098667423,0.9189776970919945,DecisionTree,DecisionTree_1
995,SI_ref_15,PSB,TEB,Synthetic,0.9575716949823408,0.9189776970919945,DecisionTree,DecisionTree_1
996,SI_ref_15,PSB,TEB,Synthetic,0.9144403299752767,0.9189776970919945,DecisionTree,DecisionTree_1
997,SI_ref_15,PSB,TEB,Synthetic,0.9131362601666559,0.9189776970919945,DecisionTree,DecisionTree_1
998,SI_ref_15,PSB,TEB,Synthetic,0.9073783566890704,0.9189776970919945,DecisionTree,DecisionTree_1
999,SI_ref_15,PSB,TEB,Synthetic,0.8610942615965279,0.9189776970919945,DecisionTree,DecisionTree_1
1000,SI_ref_15,PSB,TEB,Synthetic,0.8714762044822667,0.9189776970919945,DecisionTree,DecisionTree_1
1001,SI_ref_15,PSB,TEB,Synthetic,0.8650362109004135,0.9189776970919945,DecisionTree,DecisionTree_1
1002,SI_ref_15,PSB,TEB,Synthetic,0.9441016733966956,0.9189776970919945,DecisionTree,DecisionTree_1
1003,SI_ref_15,PSB,TEB,Synthetic,0.952584477756588,0.9189776970919945,DecisionTree,DecisionTree_1
1004,SI_ref_15,PSB,TEB,Synthetic,0.9589909115585907,0.9189776970919945,DecisionTree,DecisionTree_1
1005,SI_ref_15,PSB,TEB,Synthetic,0.9629553594597028,0.9189776970919945,DecisionTree,DecisionTree_1
1052,SI_ref_15,PSBOX-A,TEB,Synthetic,0.5158767649493458,0.36954593700990124,DecisionTree,DecisionTree_1
1053,SI_ref_15,PSBOX-A,TEB,Synthetic,0.41210379963008376,0.36954593700990124,DecisionTree,DecisionTree_1
1054,SI_ref_15,PSBOX-A,TEB,Synthetic,0.30623403384032577,0.36954593700990124,DecisionTree,DecisionTree_1
1055,SI_ref_15,PSBOX-A,TEB,Synthetic,0.21283845390046752,0.36954593700990124,DecisionTree,DecisionTree_1
1056,SI_ref_15,PSBOX-A,TEB,Synthetic,0.12421842587964138,0.36954593700990124,DecisionTree,DecisionTree_1
1057,SI_ref_15,PSBOX-A,TEB,Synthetic,0.09371708683213013,0.36954593700990124,DecisionTree,DecisionTree_1
1058,SI_ref_15,PSBOX-A,TEB,Synthetic,0.07890621232231329,0.36954593700990124,DecisionTree,DecisionTree_1
1059,SI_ref_15,PSBOX-A,TEB,Synthetic,0.07277962857952934,0.36954593700990124,DecisionTree,DecisionTree_1
1060,SI_ref_15,PSBOX-A,TEB,Synthetic,0.5073983287736047,0.36954593700990124,DecisionTree,DecisionTree_1
1061,SI_ref_15,PSBOX-A,TEB,Synthetic,0.5163778457532948,0.36954593700990124,DecisionTree,DecisionTree_1
1062,SI_ref_15,PSBOX-A,TEB,Synthetic,0.5077105405964751,0.36954593700990124,DecisionTree,DecisionTree_1
1063,SI_ref_15,PSBOX-A,TEB,Synthetic,0.058828707349529885,0.36954593700990124,DecisionTree,DecisionTree_1
1064,SI_ref_15,PSBOX-A,TEB,Synthetic,0.4930488637978448,0.36954593700990124,DecisionTree,DecisionTree_1
1065,SI_ref_15,PSBOX-A,TEB,Synthetic,0.5160089507499187,0.36954593700990124,DecisionTree,DecisionTree_1
1066,SI_ref_15,PSBOX-A,TEB,Synthetic,0.07083175356135256,0.36954593700990124,DecisionTree,DecisionTree_1
1067,SI_ref_15,PSBOX-A,TEB,Synthetic,0.051172794584274484,0.36954593700990124,DecisionTree,DecisionTree_1
1068,SI_ref_15,PSBOX-A,TEB,Synthetic,0.04750722464731311,0.36954593700990124,DecisionTree,DecisionTree_1
1069,SI_ref_15,PSBOX-A,TEB,Synthetic,0.04108376658313895,0.36954593700990124,DecisionTree,DecisionTree_1
1070,SI_ref_15,PSBOX-A,TEB,Synthetic,0.04527670142322688,0.36954593700990124,DecisionTree,DecisionTree_1
1071,SI_ref_15,PSBOX-A,TEB,Synthetic,0.04243318293660387,0.36954593700990124,DecisionTree,DecisionTree_1
1072,SI_ref_15,PSBOX-A,TEB,Synthetic,0.09409506092292502,0.36954593700990124,DecisionTree,DecisionTree_1
1073,SI_ref_15,PSBOX-A,TEB,Synthetic,0.28314921751011557,0.36954593700990124,DecisionTree,DecisionTree_1
1074,SI_ref_15,PSBOX-A,TEB,Synthetic,0.44223994246690523,0.36954593700990124,DecisionTree,DecisionTree_1
1075,SI_ref_15,PSBOX-A,TEB,Synthetic,0.5102144207532882,0.36954593700990124,DecisionTree,DecisionTree_1
1077,SI_ref_17,Pristine SCG biochar,CBZ,Synthetic,0.9431980957558961,0.9189776970919945,DecisionTree,DecisionTree_1
1079,SI_ref_17,Pristine SCG biochar,CBZ,Synthetic,0.9360319849357849,0.9189776970919945,DecisionTree,DecisionTree_1
1081,SI_ref_17,Pristine SCG biochar,CBZ,Synthetic,0.9307104448319532,0.9189776970919945,DecisionTree,DecisionTree_1
1083,SI_ref_17,Pristine SCG biochar,CBZ,Synthetic,0.9258716624342764,0.9189776970919945,DecisionTree,DecisionTree_1
1085,SI_ref_17,Pristine SCG biochar,CBZ,Synthetic,0.9157118703628806,0.9189776970919945,DecisionTree,DecisionTree_1
1087,SI_ref_17,Pristine SCG biochar,CBZ,Synthetic,0.9147137334986508,0.9189776970919945,DecisionTree,DecisionTree_1
1089,SI_ref_17,Pristine SCG biochar,CBZ,Synthetic,0.9138427672538969,0.9189776970919945,DecisionTree,DecisionTree_1
1091,SI_ref_17,Pristine SCG biochar,CBZ,Synthetic,0.8932130468798682,0.8379387714006299,DecisionTree,DecisionTree_1
1093,SI_ref_17,Pristine SCG biochar,CBZ,Synthetic,0.9247624360467385,0.9189776970919945,DecisionTree,DecisionTree_1
1095,SI_ref_17,Pristine SCG biochar,CBZ,Synthetic,0.9071706166070994,0.9189776970919945,DecisionTree,DecisionTree_1
1097,SI_ref_17,Pristine SCG biochar,CBZ,Synthetic,0.908534541255576,0.9189776970919945,DecisionTree,DecisionTree_1
1099,SI_ref_17,Pristine SCG biochar,CBZ,Synthetic,0.903895578148675,0.9189776970919945,DecisionTree,DecisionTree_1
1101,SI_ref_17,Pristine SCG biochar,CBZ,Synthetic,0.9071468090110305,0.9189776970919945,DecisionTree,DecisionTree_1
1103,SI_ref_17,Pristine SCG biochar,CBZ,Synthetic,0.890879570190962,0.9189776970919945,DecisionTree,DecisionTree_1
1105,SI_ref_17,Pristine SCG biochar,CBZ,Synthetic,0.8806314346444372,0.9189776970919945,DecisionTree,DecisionTree_1
1107,SI_ref_17,Pristine SCG biochar,CBZ,Synthetic,0.9289062306369882,0.9189776970919945,DecisionTree,DecisionTree_1
1109,SI_ref_17,Pristine SCG biochar,CBZ,Synthetic,0.9261272699552149,0.9189776970919945,DecisionTree,DecisionTree_1
1111,SI_ref_17,Pristine SCG biochar,CBZ,Synthetic,0.9403460613803251,0.9189776970919945,DecisionTree,DecisionTree_1
1113,SI_ref_17,Pristine SCG biochar,CBZ,Synthetic,0.9373850128799738,0.9189776970919945,DecisionTree,DecisionTree_1
1115,SI_ref_17,Pristine SCG biochar,CBZ,Synthetic,0.925161257978969,0.9189776970919945,DecisionTree,DecisionTree_1
1253,SI_ref_18,Pristine SCW Biochar,IBU,Lake water,0.9264336848996528,0.9189776970919945,DecisionTree,DecisionTree_1
1255,SI_ref_18,Pristine SCW Biochar,IBU,Lake water,0.9179334532144726,0.9189776970919945,DecisionTree,DecisionTree_1
1257,SI_ref_18,Pristine SCW Biochar,IBU,Lake water,0.916180999264559,0.9189776970919945,DecisionTree,DecisionTree_1
1259,SI_ref_18,Pristine SCW Biochar,IBU,Lake water,0.9235678454978681,0.9189776970919945,DecisionTree,DecisionTree_1
1261,SI_ref_18,Pristine SCW Biochar,IBU,Lake water,0.9285970293283682,0.9189776970919945,DecisionTree,DecisionTree_1
1263,SI_ref_18,Pristine SCW Biochar,IBU,Lake water,0.9209592404126973,0.9189776970919945,DecisionTree,DecisionTree_1
1265,SI_ref_18,Pristine SCW Biochar,IBU,Lake water,0.9279432945207517,0.9189776970919945,DecisionTree,DecisionTree_1
1269,SI_ref_18,Pristine SCW Biochar,IBU,Lake water,0.8974085452250303,0.9189776970919945,DecisionTree,DecisionTree_1
1271,SI_ref_18,Pristine SCW Biochar,IBU,Lake water,0.9239929387412031,0.9189776970919945,DecisionTree,DecisionTree_1
1273,SI_ref_18,Pristine SCW Biochar,IBU,Lake water,0.9256303580479686,0.9189776970919945,DecisionTree,DecisionTree_1
1275,SI_ref_18,Pristine SCW Biochar,IBU,Lake water,0.9240446881745522,0.9189776970919945,DecisionTree,DecisionTree_1
1276,SI_ref_18,Pristine SCW Biochar,IBU,Lake water,0.9283922239724117,0.9189776970919945,DecisionTree,DecisionTree_1
1277,SI_ref_18,Pristine SCW Biochar,IBU,Lake water,0.9240711354841218,0.9189776970919945,DecisionTree,DecisionTree_1
1279,SI_ref_18,Pristine SCW Biochar,IBU,Lake water,0.9204127206373283,0.9189776970919945,DecisionTree,DecisionTree_1
1280,SI_ref_18,Pristine SCW Biochar,IBU,Lake water,0.9185968665123906,0.9189776970919945,DecisionTree,DecisionTree_1
1281,SI_ref_18,Pristine SCW Biochar,IBU,Lake water,0.9182954449695013,0.9189776970919945,DecisionTree,DecisionTree_1
1283,SI_ref_18,Pristine SCW Biochar,IBU,Lake water,0.9158900362354069,0.9189776970919945,DecisionTree,DecisionTree_1
1284,SI_ref_18,Pristine SCW Biochar,IBU,Lake water,0.9125854189759445,0.9189776970919945,DecisionTree,DecisionTree_1
1285,SI_ref_18,Pristine SCW Biochar,IBU,Lake water,0.9175495400890653,0.9189776970919945,DecisionTree,DecisionTree_1
1287,SI_ref_18,Pristine SCW Biochar,IBU,Lake water,0.9120226357855434,0.9189776970919945,DecisionTree,DecisionTree_1
1288,SI_ref_18,Pristine SCW Biochar,IBU,Lake water,0.9131050308227836,0.9189776970919945,DecisionTree,DecisionTree_1
1289,SI_ref_18,Pristine SCW Biochar,IBU,Lake water,0.91141920930323,0.9189776970919945,DecisionTree,DecisionTree_1
1291,SI_ref_18,Pristine SCW Biochar,IBU,Lake water,0.9068652159539504,0.9189776970919945,DecisionTree,DecisionTree_1
1292,SI_ref_18,Pristine SCW Biochar,IBU,Lake water,0.9091226364337618,0.9189776970919945,DecisionTree,DecisionTree_1
1293,SI_ref_18,Pristine SCW Biochar,IBU,Lake water,0.9067682424855283,0.9189776970919945,DecisionTree,DecisionTree_1
1295,SI_ref_18,Pristine SCW Biochar,IBU,Lake water,0.9027540853962883,0.9189776970919945,DecisionTree,DecisionTree_1
1296,SI_ref_18,Pristine SCW Biochar,IBU,Lake water,0.9025373859945938,0.9189776970919945,DecisionTree,DecisionTree_1
1297,SI_ref_18,Pristine SCW Biochar,IBU,Lake water,0.9026152370210476,0.9189776970919945,DecisionTree,DecisionTree_1
1298,SI_ref_18,Pristine SCW Biochar,IBU,Lake water,0.9219347373743266,0.9189776970919945,DecisionTree,DecisionTree_1
1300,SI_ref_18,Pristine SCW Biochar,IBU,Lake water,0.9277221749920567,0.9189776970919945,DecisionTree,DecisionTree_1
1302,SI_ref_18,Pristine SCW Biochar,IBU,Lake water,0.9340257796823453,0.9189776970919945,DecisionTree,DecisionTree_1
2,SI_ref_19,AMCB,IBU,Ground water,0.6563767477253929,0.5119127143677134,ElasticNet,ElasticNet_2
4,SI_ref_19,AMCB,IBU,Ground water,0.5414154110835401,0.4979382721748719,ElasticNet,ElasticNet_2
6,SI_ref_19,AMCB,IBU,Ground water,0.39819987427626136,0.4837980487940863,ElasticNet,ElasticNet_2
8,SI_ref_19,AMCB,IBU,Ground water,0.3426557088502895,0.46957339271568505,ElasticNet,ElasticNet_2
10,SI_ref_19,AMCB,IBU,Ground water,0.3352626765922249,0.455306126058865,ElasticNet,ElasticNet_2
12,SI_ref_19,AMCB,IBU,Ground water,0.33078034739454093,0.4469495408341098,ElasticNet,ElasticNet_2
14,SI_ref_19,AMCB,IBU,Ground water,0.3305497038875103,0.4410174544402355,ElasticNet,ElasticNet_2
16,SI_ref_19,AMCB,IBU,Ground water,0.029204625724030753,0.44431519584147383,ElasticNet,ElasticNet_2
18,SI_ref_19,AMCB,IBU,Ground water,0.005264283840238958,0.4326537193822617,ElasticNet,ElasticNet_2
20,SI_ref_19,AMCB,IBU,Ground water,0.0023766372681587895,0.4209922429230495,ElasticNet,ElasticNet_2
22,SI_ref_19,AMCB,IBU,Ground water,0.32926049296939613,0.4326537193822617,ElasticNet,ElasticNet_2
24,SI_ref_19,AMCB,IBU,Ground water,0.19832193047959257,0.44430087383396,ElasticNet,ElasticNet_2
26,SI_ref_19,AMCB,IBU,Ground water,0.1894672613641715,0.4326393973747479,ElasticNet,ElasticNet_2
28,SI_ref_19,AMCB,IBU,Ground water,0.1528746627917146,0.42097792091553565,ElasticNet,ElasticNet_2
30,SI_ref_19,AMCB,IBU,Ground water,0.3449761650083755,0.4442865617550483,ElasticNet,ElasticNet_2
32,SI_ref_19,AMCB,IBU,Ground water,0.30765270742093687,0.4326250852958362,ElasticNet,ElasticNet_2
34,SI_ref_19,AMCB,IBU,Ground water,0.303030777614079,0.42096360883662404,ElasticNet,ElasticNet_2
36,SI_ref_19,AMCB,IBU,Ground water,0.41496556078686897,0.4442722595909826,ElasticNet,ElasticNet_2
38,SI_ref_19,AMCB,IBU,Ground water,0.3766264851820565,0.4326107831317705,ElasticNet,ElasticNet_2
40,SI_ref_19,AMCB,IBU,Ground water,0.38956403906090076,0.4209493066725583,ElasticNet,ElasticNet_2
42,SI_ref_19,AMCB,IBU,Ground water,0.5182383095521604,0.444257967328035,ElasticNet,ElasticNet_2
44,SI_ref_19,AMCB,IBU,Ground water,0.5024496962602676,0.4325964908688229,ElasticNet,ElasticNet_2
46,SI_ref_19,AMCB,IBU,Ground water,0.48210720700720494,0.42093501440961073,ElasticNet,ElasticNet_2
48,SI_ref_19,AMCB,IBU,Ground water,0.03338351934448727,0.44424368495250643,ElasticNet,ElasticNet_2
50,SI_ref_19,AMCB,IBU,Ground water,0.0,0.4325822084932943,ElasticNet,ElasticNet_2
52,SI_ref_19,AMCB,IBU,Ground water,0.003531050071646246,0.4209207320340821,ElasticNet,ElasticNet_2
54,SI_ref_19,AMCB,IBU,Ground water,0.19999798179579809,0.444229412450726,ElasticNet,ElasticNet_2
56,SI_ref_19,AMCB,IBU,Ground water,0.17260220522445793,0.43256793599151383,ElasticNet,ElasticNet_2
58,SI_ref_19,AMCB,IBU,Ground water,0.15656878376287445,0.42090645953230166,ElasticNet,ElasticNet_2
60,SI_ref_19,AMCB,IBU,Ground water,0.3457359785263073,0.44421514980905114,ElasticNet,ElasticNet_2
62,SI_ref_19,AMCB,IBU,Ground water,0.32626934953278575,0.43255367334983896,ElasticNet,ElasticNet_2
64,SI_ref_19,AMCB,IBU,Ground water,0.3258728934993643,0.42089219689062685,ElasticNet,ElasticNet_2
66,SI_ref_19,AMCB,IBU,Ground water,0.4885549946229274,0.44420089701386767,ElasticNet,ElasticNet_2
68,SI_ref_19,AMCB,IBU,Ground water,0.39885279506866217,0.43253942055465555,ElasticNet,ElasticNet_2
70,SI_ref_19,AMCB,IBU,Ground water,0.42188356115014575,0.4208779440954434,ElasticNet,ElasticNet_2
72,SI_ref_19,AMCB,IBU,Ground water,0.5107350299703324,0.44418665405158964,ElasticNet,ElasticNet_2
74,SI_ref_19,AMCB,IBU,Ground water,0.5226317382792791,0.43252517759237746,ElasticNet,ElasticNet_2
76,SI_ref_19,AMCB,IBU,Ground water,0.4945842701164504,0.4208637011331653,ElasticNet,ElasticNet_2
78,SI_ref_19,AMCB,IBU,Ground water,0.025848755777109534,0.44417242090865894,ElasticNet,ElasticNet_2
80,SI_ref_19,AMCB,IBU,Ground water,0.008169690609295848,0.4325109444494468,ElasticNet,ElasticNet_2
82,SI_ref_19,AMCB,IBU,Ground water,0.0,0.4208494679902346,ElasticNet,ElasticNet_2
84,SI_ref_19,AMCB,IBU,Ground water,0.2007202298061851,0.44415819757154573,ElasticNet,ElasticNet_2
86,SI_ref_19,AMCB,IBU,Ground water,0.16952726930244136,0.4324967211123336,ElasticNet,ElasticNet_2
88,SI_ref_19,AMCB,IBU,Ground water,0.14747637019246942,0.4208352446531214,ElasticNet,ElasticNet_2
90,SI_ref_19,AMCB,IBU,Ground water,0.34008395729479907,0.44414398402674804,ElasticNet,ElasticNet_2
92,SI_ref_19,AMCB,IBU,Ground water,0.32813530040969546,0.43248250756753587,ElasticNet,ElasticNet_2
94,SI_ref_19,AMCB,IBU,Ground water,0.3191737471997417,0.4208210311083237,ElasticNet,ElasticNet_2
96,SI_ref_19,AMCB,IBU,Ground water,0.45590621693388655,0.44412978026079164,ElasticNet,ElasticNet_2
98,SI_ref_19,AMCB,IBU,Ground water,0.4386715603313315,0.4324683038015795,ElasticNet,ElasticNet_2
100,SI_ref_19,AMCB,IBU,Ground water,0.4136227630368784,0.4208068273423673,ElasticNet,ElasticNet_2
102,SI_ref_19,AMCB,IBU,Ground water,0.15909620069601668,0.415267040849589,ElasticNet,ElasticNet_2
104,SI_ref_19,AMCB,IBU,Ground water,0.32070040208616674,0.43245410980101817,ElasticNet,ElasticNet_2
106,SI_ref_19,AMCB,IBU,Ground water,0.3644459510905023,0.44964117875244725,ElasticNet,ElasticNet_2
108,SI_ref_19,AMCB,IBU,Ground water,0.46356787238707886,0.4668282477038763,ElasticNet,ElasticNet_2
110,SI_ref_19,AMCB,IBU,Ground water,0.5205305455205957,0.4441155862602303,ElasticNet,ElasticNet_2
112,SI_ref_19,AMCB,IBU,Ground water,0.5464029950150356,0.43245410980101817,ElasticNet,ElasticNet_2
114,SI_ref_19,AMCB,IBU,Ground water,0.48301499525722014,0.42079263334180594,ElasticNet,ElasticNet_2
117,SI_ref_17,Alkali-modified SCG biochars,CBZ,Synthetic,0.12103690777624292,0.406823139749189,ElasticNet,ElasticNet_2
119,SI_ref_17,Alkali-modified SCG biochars,CBZ,Synthetic,0.0701486117179634,0.3928486975563476,ElasticNet,ElasticNet_2
121,SI_ref_17,Alkali-modified SCG biochars,CBZ,Synthetic,0.050188840370859876,0.3703945291094005,ElasticNet,ElasticNet_2
123,SI_ref_17,Alkali-modified SCG biochars,CBZ,Synthetic,0.033003190610721066,0.35614149543197005,ElasticNet,ElasticNet_2
125,SI_ref_17,Alkali-modified SCG biochars,CBZ,Synthetic,0.03511734337104713,0.3477896698830112,ElasticNet,ElasticNet_2
127,SI_ref_17,Alkali-modified SCG biochars,CBZ,Synthetic,0.03195287629892775,0.3418599662155855,ElasticNet,ElasticNet_2
129,SI_ref_17,Alkali-modified SCG biochars,CBZ,Synthetic,0.03449328813829176,0.3359278798217112,ElasticNet,ElasticNet_2
132,SI_ref_17,Alkali-modified SCG biochars,CBZ,Synthetic,0.041716779164719504,0.3275641447637374,ElasticNet,ElasticNet_2
134,SI_ref_17,Alkali-modified SCG biochars,CBZ,Synthetic,0.00635796336582959,0.3275641447637374,ElasticNet,ElasticNet_2
136,SI_ref_17,Alkali-modified SCG biochars,CBZ,Synthetic,0.011730609548845337,0.3275641447637374,ElasticNet,ElasticNet_2
138,SI_ref_17,Alkali-modified SCG biochars,CBZ,Synthetic,0.01988738850164665,0.3275641447637374,ElasticNet,ElasticNet_2
140,SI_ref_17,Alkali-modified SCG biochars,CBZ,Synthetic,0.006132526431344026,0.3275641447637374,ElasticNet,ElasticNet_2
142,SI_ref_17,Alkali-modified SCG biochars,CBZ,Synthetic,0.007712590639419909,0.3275641447637374,ElasticNet,ElasticNet_2
145,SI_ref_17,Alkali-modified SCG biochars,CBZ,Synthetic,0.10268999927349255,0.3275641447637374,ElasticNet,ElasticNet_2
147,SI_ref_17,Alkali-modified SCG biochars,CBZ,Synthetic,0.14439822919669368,0.3275641447637374,ElasticNet,ElasticNet_2
149,SI_ref_17,Alkali-modified SCG biochars,CBZ,Synthetic,0.34003506921741083,0.3275641447637374,ElasticNet,ElasticNet_2
151,SI_ref_17,Alkali-modified SCG biochars,CBZ,Synthetic,0.4516798693491866,0.3275641447637374,ElasticNet,ElasticNet_2
153,SI_ref_17,Alkali-modified SCG biochars,CBZ,Synthetic,0.5612135486607656,0.3275641447637374,ElasticNet,ElasticNet_2
282,SI_ref_19,CB,IBU,Ground water,0.9280102961124896,0.9999810368373125,ElasticNet,ElasticNet_2
284,SI_ref_19,CB,IBU,Ground water,0.9242732043010754,0.9860065946444712,ElasticNet,ElasticNet_2
286,SI_ref_19,CB,IBU,Ground water,0.9218881323407775,0.9718663712636855,ElasticNet,ElasticNet_2
288,SI_ref_19,CB,IBU,Ground water,0.9215853366418528,0.9576417151852843,ElasticNet,ElasticNet_2
290,SI_ref_19,CB,IBU,Ground water,0.9207959503722085,0.9433744485284642,ElasticNet,ElasticNet_2
292,SI_ref_19,CB,IBU,Ground water,0.9207361323407776,0.935017863303709,ElasticNet,ElasticNet_2
294,SI_ref_19,CB,IBU,Ground water,0.9206762613730356,0.9290857769098346,ElasticNet,ElasticNet_2
296,SI_ref_19,CB,IBU,Ground water,0.9945207101387852,0.932383518311073,ElasticNet,ElasticNet_2
298,SI_ref_19,CB,IBU,Ground water,0.9765877548823724,0.9207220418518609,ElasticNet,ElasticNet_2
300,SI_ref_19,CB,IBU,Ground water,0.9595058090644278,0.9090605653926487,ElasticNet,ElasticNet_2
302,SI_ref_19,CB,IBU,Ground water,0.9409019130333385,0.932383518311073,ElasticNet,ElasticNet_2
304,SI_ref_19,CB,IBU,Ground water,0.9323428884090048,0.9207220418518609,ElasticNet,ElasticNet_2
306,SI_ref_19,CB,IBU,Ground water,0.9259231602386863,0.9090605653926487,ElasticNet,ElasticNet_2
308,SI_ref_19,CB,IBU,Ground water,0.8753590996713628,0.9035349729004318,ElasticNet,ElasticNet_2
310,SI_ref_19,CB,IBU,Ground water,0.9341230700922319,0.932383518311073,ElasticNet,ElasticNet_2
312,SI_ref_19,CB,IBU,Ground water,0.9234390298948024,0.9207220418518609,ElasticNet,ElasticNet_2
314,SI_ref_19,CB,IBU,Ground water,0.917590560186213,0.9090605653926487,ElasticNet,ElasticNet_2
316,SI_ref_19,CB,IBU,Ground water,0.9236132062907854,0.93790911080329,ElasticNet,ElasticNet_2
318,SI_ref_19,CB,IBU,Ground water,0.9231865295080666,0.955096179754719,ElasticNet,ElasticNet_2
320,SI_ref_19,CB,IBU,Ground water,0.9303445651202417,0.932383518311073,ElasticNet,ElasticNet_2
322,SI_ref_19,CB,IBU,Ground water,0.923151204819856,0.9207220418518609,ElasticNet,ElasticNet_2
324,SI_ref_19,CB,IBU,Ground water,0.9175260660683171,0.9090605653926487,ElasticNet,ElasticNet_2
326,SI_ref_19,CB,IBU,Ground water,0.9318432124429017,0.932383518311073,ElasticNet,ElasticNet_2
328,SI_ref_19,CB,IBU,Ground water,0.9241489703794897,0.9207220418518609,ElasticNet,ElasticNet_2
330,SI_ref_19,CB,IBU,Ground water,0.9174641264203113,0.9090605653926487,ElasticNet,ElasticNet_2
523,SI_ref_19,MCB,IBU,Ground water,0.9264289561621175,0.8992099065016804,ElasticNet,ElasticNet_2
525,SI_ref_19,MCB,IBU,Ground water,0.9196854524400332,0.8852354643088389,ElasticNet,ElasticNet_2
527,SI_ref_19,MCB,IBU,Ground water,0.9178832092638545,0.8710952409280533,ElasticNet,ElasticNet_2
529,SI_ref_19,MCB,IBU,Ground water,0.9177463688999173,0.8568705848496522,ElasticNet,ElasticNet_2
531,SI_ref_19,MCB,IBU,Ground water,0.9177232092638544,0.8426033181928321,ElasticNet,ElasticNet_2
533,SI_ref_19,MCB,IBU,Ground water,0.9175379321753515,0.8342467329680769,ElasticNet,ElasticNet_2
535,SI_ref_19,MCB,IBU,Ground water,0.9173856344086023,0.8283146465742026,ElasticNet,ElasticNet_2
537,SI_ref_19,MCB,IBU,Ground water,0.9902068659306948,0.8316123879754409,ElasticNet,ElasticNet_2
539,SI_ref_19,MCB,IBU,Ground water,0.9708228218531151,0.8199509115162288,ElasticNet,ElasticNet_2
541,SI_ref_19,MCB,IBU,Ground water,0.9483485035015843,0.8082894350570167,ElasticNet,ElasticNet_2
543,SI_ref_19,MCB,IBU,Ground water,0.9173115500413566,0.8199509115162288,ElasticNet,ElasticNet_2
545,SI_ref_19,MCB,IBU,Ground water,0.9358359065436908,0.8315980659679272,ElasticNet,ElasticNet_2
547,SI_ref_19,MCB,IBU,Ground water,0.9263512886233829,0.819936589508715,ElasticNet,ElasticNet_2
549,SI_ref_19,MCB,IBU,Ground water,0.9153544975680639,0.8082751130495027,ElasticNet,ElasticNet_2
551,SI_ref_19,MCB,IBU,Ground water,0.9271238571918706,0.8315837538890155,ElasticNet,ElasticNet_2
553,SI_ref_19,MCB,IBU,Ground water,0.9199191103755877,0.8199222774298034,ElasticNet,ElasticNet_2
555,SI_ref_19,MCB,IBU,Ground water,0.910886274193223,0.8082608009705912,ElasticNet,ElasticNet_2
557,SI_ref_19,MCB,IBU,Ground water,0.8716126359176348,0.8027209063143085,ElasticNet,ElasticNet_2
559,SI_ref_19,MCB,IBU,Ground water,0.9228881866842084,0.8199079752657377,ElasticNet,ElasticNet_2
561,SI_ref_19,MCB,IBU,Ground water,0.9227697266379059,0.8370950442171667,ElasticNet,ElasticNet_2
563,SI_ref_19,MCB,IBU,Ground water,0.9221446299502403,0.8542821131685958,ElasticNet,ElasticNet_2
565,SI_ref_19,MCB,IBU,Ground water,0.9254612605703445,0.8315694517249498,ElasticNet,ElasticNet_2
567,SI_ref_19,MCB,IBU,Ground water,0.9188111047361486,0.8199079752657377,ElasticNet,ElasticNet_2
569,SI_ref_19,MCB,IBU,Ground water,0.9124876096677748,0.8082464988065254,ElasticNet,ElasticNet_2
571,SI_ref_19,MCB,IBU,Ground water,0.927696260267614,0.8315551594620022,ElasticNet,ElasticNet_2
573,SI_ref_19,MCB,IBU,Ground water,0.9222883610163676,0.8198936830027901,ElasticNet,ElasticNet_2
575,SI_ref_19,MCB,IBU,Ground water,0.9173366162788351,0.8082322065435779,ElasticNet,ElasticNet_2
577,SI_ref_19,MCB,IBU,Ground water,0.9896236049163454,0.8315408770864736,ElasticNet,ElasticNet_2
579,SI_ref_19,MCB,IBU,Ground water,0.9728688772730024,0.8198794006272614,ElasticNet,ElasticNet_2
581,SI_ref_19,MCB,IBU,Ground water,0.95367292982704,0.8082179241680492,ElasticNet,ElasticNet_2
583,SI_ref_19,MCB,IBU,Ground water,0.9381494412938034,0.8315266045846931,ElasticNet,ElasticNet_2
585,SI_ref_19,MCB,IBU,Ground water,0.925414707326754,0.819865128125481,ElasticNet,ElasticNet_2
587,SI_ref_19,MCB,IBU,Ground water,0.9200694262245456,0.8082036516662687,ElasticNet,ElasticNet_2
589,SI_ref_19,MCB,IBU,Ground water,0.9296751902157461,0.8315123419430183,ElasticNet,ElasticNet_2
591,SI_ref_19,MCB,IBU,Ground water,0.9221403459202003,0.8198508654838061,ElasticNet,ElasticNet_2
593,SI_ref_19,MCB,IBU,Ground water,0.911624129649438,0.8081893890245939,ElasticNet,ElasticNet_2
595,SI_ref_19,MCB,IBU,Ground water,0.9248851497651674,0.8314980891478347,ElasticNet,ElasticNet_2
597,SI_ref_19,MCB,IBU,Ground water,0.9206218375460943,0.8198366126886226,ElasticNet,ElasticNet_2
599,SI_ref_19,MCB,IBU,Ground water,0.9170274735254856,0.8081751362294105,ElasticNet,ElasticNet_2
601,SI_ref_19,MCB,IBU,Ground water,0.9300914246503462,0.8314838461855567,ElasticNet,ElasticNet_2
603,SI_ref_19,MCB,IBU,Ground water,0.920786534541565,0.8198223697263445,ElasticNet,ElasticNet_2
605,SI_ref_19,MCB,IBU,Ground water,0.9160948152334054,0.8081608932671324,ElasticNet,ElasticNet_2
607,SI_ref_19,MCB,IBU,Ground water,0.9861765121394982,0.831469613042626,ElasticNet,ElasticNet_2
609,SI_ref_19,MCB,IBU,Ground water,0.9661781267028597,0.8198081365834139,ElasticNet,ElasticNet_2
611,SI_ref_19,MCB,IBU,Ground water,0.9529992532644452,0.8081466601242018,ElasticNet,ElasticNet_2
613,SI_ref_19,MCB,IBU,Ground water,0.9352947587236877,0.8314553897055128,ElasticNet,ElasticNet_2
615,SI_ref_19,MCB,IBU,Ground water,0.9284499518994666,0.8197939132463007,ElasticNet,ElasticNet_2
617,SI_ref_19,MCB,IBU,Ground water,0.917077774862594,0.8081324367870886,ElasticNet,ElasticNet_2
619,SI_ref_19,MCB,IBU,Ground water,0.9255842902984923,0.8314411761607151,ElasticNet,ElasticNet_2
621,SI_ref_19,MCB,IBU,Ground water,0.9186162384710084,0.819779699701503,ElasticNet,ElasticNet_2
623,SI_ref_19,MCB,IBU,Ground water,0.9103224686673798,0.8081182232422908,ElasticNet,ElasticNet_2
625,SI_ref_19,MCB,IBU,Ground water,0.9258221154816445,0.8314269723947587,ElasticNet,ElasticNet_2
627,SI_ref_19,MCB,IBU,Ground water,0.921668420582223,0.8197654959355466,ElasticNet,ElasticNet_2
629,SI_ref_19,MCB,IBU,Ground water,0.9150562646500002,0.8081040194763345,ElasticNet,ElasticNet_2
631,SI_ref_19,MCB,IBU,Ground water,0.9296259863973036,0.8314127783941974,ElasticNet,ElasticNet_2
633,SI_ref_19,MCB,IBU,Ground water,0.9216175906678238,0.8197513019349852,ElasticNet,ElasticNet_2
635,SI_ref_19,MCB,IBU,Ground water,0.9188076045934327,0.8080898254757731,ElasticNet,ElasticNet_2
698,SI_ref_18,NaOH-activated SCW biochars,IBU,Lake water,0.585296751211726,0.5057406903362858,ElasticNet,ElasticNet_2
700,SI_ref_18,NaOH-activated SCW biochars,IBU,Lake water,0.6304734220526563,0.49176624814344444,ElasticNet,ElasticNet_2
702,SI_ref_18,NaOH-activated SCW biochars,IBU,Lake water,0.6077686506314385,0.4776260247626588,ElasticNet,ElasticNet_2
704,SI_ref_18,NaOH-activated SCW biochars,IBU,Lake water,0.6040537723014899,0.4634013686842576,ElasticNet,ElasticNet_2
706,SI_ref_18,NaOH-activated SCW biochars,IBU,Lake water,0.6292724453182281,0.4491341020274376,ElasticNet,ElasticNet_2
708,SI_ref_18,NaOH-activated SCW biochars,IBU,Lake water,0.6376478565264503,0.44077751680268235,ElasticNet,ElasticNet_2
710,SI_ref_18,NaOH-activated SCW biochars,IBU,Lake water,0.6108673600702487,0.434845430408808,ElasticNet,ElasticNet_2
712,SI_ref_18,NaOH-activated SCW biochars,IBU,Lake water,0.10371139816269948,0.4264816953508342,ElasticNet,ElasticNet_2
714,SI_ref_18,NaOH-activated SCW biochars,IBU,Lake water,0.46656560236114836,0.4264816953508342,ElasticNet,ElasticNet_2
716,SI_ref_18,NaOH-activated SCW biochars,IBU,Lake water,0.44106817459704084,0.40929462639940506,ElasticNet,ElasticNet_2
718,SI_ref_18,NaOH-activated SCW biochars,IBU,Lake water,0.6893393142281772,0.43814317181004636,ElasticNet,ElasticNet_2
720,SI_ref_18,NaOH-activated SCW biochars,IBU,Lake water,0.621379975330744,0.4264816953508342,ElasticNet,ElasticNet_2
722,SI_ref_18,NaOH-activated SCW biochars,IBU,Lake water,0.6727437787241767,0.4264816953508342,ElasticNet,ElasticNet_2
723,SI_ref_18,NaOH-activated SCW biochars,IBU,Lake water,0.6293605973980515,0.4264816953508342,ElasticNet,ElasticNet_2
724,SI_ref_18,NaOH-activated SCW biochars,IBU,Lake water,0.6573710855713073,0.4264816953508342,ElasticNet,ElasticNet_2
726,SI_ref_18,NaOH-activated SCW biochars,IBU,Lake water,0.6298354173553987,0.4264816953508342,ElasticNet,ElasticNet_2
727,SI_ref_18,NaOH-activated SCW biochars,IBU,Lake water,0.6523803226831055,0.4264816953508342,ElasticNet,ElasticNet_2
728,SI_ref_18,NaOH-activated SCW biochars,IBU,Lake water,0.6378679449532959,0.4264816953508342,ElasticNet,ElasticNet_2
730,SI_ref_18,NaOH-activated SCW biochars,IBU,Lake water,0.627404015064595,0.4264816953508342,ElasticNet,ElasticNet_2
731,SI_ref_18,NaOH-activated SCW biochars,IBU,Lake water,0.6077370696640284,0.4264816953508342,ElasticNet,ElasticNet_2
732,SI_ref_18,NaOH-activated SCW biochars,IBU,Lake water,0.6159420233488258,0.4264816953508342,ElasticNet,ElasticNet_2
734,SI_ref_18,NaOH-activated SCW biochars,IBU,Lake water,0.6074163960354965,0.4264816953508342,ElasticNet,ElasticNet_2
735,SI_ref_18,NaOH-activated SCW biochars,IBU,Lake water,0.6146046840259546,0.4264816953508342,ElasticNet,ElasticNet_2
736,SI_ref_18,NaOH-activated SCW biochars,IBU,Lake water,0.6281995086504742,0.4264816953508342,ElasticNet,ElasticNet_2
738,SI_ref_18,NaOH-activated SCW biochars,IBU,Lake water,0.6298527247859258,0.4264816953508342,ElasticNet,ElasticNet_2
739,SI_ref_18,NaOH-activated SCW biochars,IBU,Lake water,0.576999656444263,0.4264816953508342,ElasticNet,ElasticNet_2
740,SI_ref_18,NaOH-activated SCW biochars,IBU,Lake water,0.5791171913994386,0.4264816953508342,ElasticNet,ElasticNet_2
742,SI_ref_18,NaOH-activated SCW biochars,IBU,Lake water,0.5786725135963804,0.4264816953508342,ElasticNet,ElasticNet_2
743,SI_ref_18,NaOH-activated SCW biochars,IBU,Lake water,0.6233870058145189,0.4264816953508342,ElasticNet,ElasticNet_2
744,SI_ref_18,NaOH-activated SCW biochars,IBU,Lake water,0.5944978576382812,0.4264816953508342,ElasticNet,ElasticNet_2
745,SI_ref_18,NaOH-activated SCW biochars,IBU,Lake water,0.5630080357470825,0.414820218891622,ElasticNet,ElasticNet_2
747,SI_ref_18,NaOH-activated SCW biochars,IBU,Lake water,0.6846241766923425,0.4436687643022633,ElasticNet,ElasticNet_2
749,SI_ref_18,NaOH-activated SCW biochars,IBU,Lake water,0.744908980376152,0.4608558332536924,ElasticNet,ElasticNet_2
751,SI_ref_18,NaOH-activated SCW biochars,IBU,Lake water,0.6869669848084122,0.4264816953508342,ElasticNet,ElasticNet_2
753,SI_ref_18,NaOH-activated SCW biochars,IBU,Lake water,0.7932075459644551,0.4264816953508342,ElasticNet,ElasticNet_2
852,SI_ref_13,PB600,CBZ,Synthetic,0.5776772247360483,0.8143349966286212,ElasticNet,ElasticNet_2
853,SI_ref_13,PB600,CBZ,Synthetic,0.5656108597285068,0.8003605544357798,ElasticNet,ElasticNet_2
854,SI_ref_13,PB600,CBZ,Synthetic,0.5475113122171945,0.7862203310549942,ElasticNet,ElasticNet_2
855,SI_ref_13,PB600,CBZ,Synthetic,0.4479638009049774,0.7779063859888327,ElasticNet,ElasticNet_2
856,SI_ref_13,PB600,CBZ,Synthetic,0.45098039215686275,0.7636533523114023,ElasticNet,ElasticNet_2
857,SI_ref_13,PB600,CBZ,Synthetic,0.42684766214177977,0.7553015267624434,ElasticNet,ElasticNet_2
858,SI_ref_13,PB600,CBZ,Synthetic,0.32437120555073723,0.7493718230950177,ElasticNet,ElasticNet_2
859,SI_ref_13,PB600,CBZ,Synthetic,0.4773489932885906,0.7610332995542298,ElasticNet,ElasticNet_2
860,SI_ref_13,PB600,CBZ,Synthetic,0.4437372714068248,0.7493718230950177,ElasticNet,ElasticNet_2
861,SI_ref_13,PB600,CBZ,Synthetic,0.35791881074899945,0.7493718230950177,ElasticNet,ElasticNet_2
862,SI_ref_13,PB600,CBZ,Synthetic,0.32426715019643393,0.7493718230950177,ElasticNet,ElasticNet_2
863,SI_ref_13,PB600,CBZ,Synthetic,0.24055829228243014,0.7493718230950177,ElasticNet,ElasticNet_2
864,SI_ref_13,PB600,CBZ,Synthetic,0.44839549002601903,0.7377103466358056,ElasticNet,ElasticNet_2
865,SI_ref_13,PB600,CBZ,Synthetic,0.5528523489932886,0.7260488701765934,ElasticNet,ElasticNet_2
866,SI_ref_13,PB600,CBZ,Synthetic,0.5653368025440879,0.7493718230950177,ElasticNet,ElasticNet_2
867,SI_ref_13,PB600,CBZ,Synthetic,0.6235906331309627,0.7493718230950177,ElasticNet,ElasticNet_2
868,SI_ref_13,PB600,CBZ,Synthetic,0.6991037872217403,0.7493718230950177,ElasticNet,ElasticNet_2
869,SI_ref_13,PB600,CBZ,Synthetic,0.7401395944327428,0.7493718230950177,ElasticNet,ElasticNet_2
870,SI_ref_13,PB600,CBZ,Synthetic,0.8642533936651583,0.7350760016431697,ElasticNet,ElasticNet_2
871,SI_ref_13,PB600,CBZ,Synthetic,0.6953242835595775,0.7350760016431697,ElasticNet,ElasticNet_2
872,SI_ref_13,PB600,CBZ,Synthetic,0.4479638009049774,0.7350760016431697,ElasticNet,ElasticNet_2
873,SI_ref_13,PB600,CBZ,Synthetic,0.36651583710407243,0.7350760016431697,ElasticNet,ElasticNet_2
874,SI_ref_13,PB600,CBZ,Synthetic,0.248868778280543,0.7350760016431697,ElasticNet,ElasticNet_2
898,SI_ref_13,PB600,CBZ,Synthetic,0.244663382594417,0.7493718230950177,ElasticNet,ElasticNet_2
899,SI_ref_13,PB800,CBZ,Synthetic,0.27061079156395507,0.47769991958800173,ElasticNet,ElasticNet_2
900,SI_ref_13,PB800,CBZ,Synthetic,0.22678718159408381,0.46372547739516035,ElasticNet,ElasticNet_2
901,SI_ref_13,PB800,CBZ,Synthetic,0.18844152287044644,0.4495852540143747,ElasticNet,ElasticNet_2
902,SI_ref_13,PB800,CBZ,Synthetic,0.17748562037797863,0.44127130894821326,ElasticNet,ElasticNet_2
903,SI_ref_13,PB800,CBZ,Synthetic,0.16379074226239385,0.42701827527078284,ElasticNet,ElasticNet_2
904,SI_ref_13,PB800,CBZ,Synthetic,0.155573815393043,0.418666449721824,ElasticNet,ElasticNet_2
905,SI_ref_13,PB800,CBZ,Synthetic,0.08520900321543408,0.41273674605439825,ElasticNet,ElasticNet_2
906,SI_ref_13,PB800,CBZ,Synthetic,0.16135346756152125,0.4243982225136104,ElasticNet,ElasticNet_2
907,SI_ref_13,PB800,CBZ,Synthetic,0.1561792870827899,0.41273674605439825,ElasticNet,ElasticNet_2
908,SI_ref_13,PB800,CBZ,Synthetic,0.13676633444075306,0.41273674605439825,ElasticNet,ElasticNet_2
909,SI_ref_13,PB800,CBZ,Synthetic,0.1002310803004044,0.41273674605439825,ElasticNet,ElasticNet_2
910,SI_ref_13,PB800,CBZ,Synthetic,0.04322336667164253,0.41273674605439825,ElasticNet,ElasticNet_2
911,SI_ref_13,PB800,CBZ,Synthetic,0.20609619686800895,0.4010752695951861,ElasticNet,ElasticNet_2
912,SI_ref_13,PB800,CBZ,Synthetic,0.1865212527964206,0.38941379313597396,ElasticNet,ElasticNet_2
913,SI_ref_13,PB800,CBZ,Synthetic,0.28121650589496244,0.41273674605439825,ElasticNet,ElasticNet_2
914,SI_ref_13,PB800,CBZ,Synthetic,0.36611289746337977,0.41273674605439825,ElasticNet,ElasticNet_2
915,SI_ref_13,PB800,CBZ,Synthetic,0.5117363344051448,0.41273674605439825,ElasticNet,ElasticNet_2
916,SI_ref_13,PB800,CBZ,Synthetic,0.5707012708620426,0.41273674605439825,ElasticNet,ElasticNet_2
917,SI_ref_13,PB800,CBZ,Synthetic,0.5791052918712493,0.39844092460255015,ElasticNet,ElasticNet_2
918,SI_ref_13,PB800,CBZ,Synthetic,0.30905619203491547,0.39844092460255015,ElasticNet,ElasticNet_2
919,SI_ref_13,PB800,CBZ,Synthetic,0.16448445171849424,0.39844092460255015,ElasticNet,ElasticNet_2
920,SI_ref_13,PB800,CBZ,Synthetic,0.12460736493062231,0.39844092460255015,ElasticNet,ElasticNet_2
921,SI_ref_13,PB800,CBZ,Synthetic,0.08265139116202945,0.39844092460255015,ElasticNet,ElasticNet_2
987,SI_ref_15,PSB,TEB,Synthetic,0.9529494921755761,0.8775856426821984,ElasticNet,ElasticNet_2
988,SI_ref_15,PSB,TEB,Synthetic,0.9422238246841239,0.863611200489357,ElasticNet,ElasticNet_2
989,SI_ref_15,PSB,TEB,Synthetic,0.9297851778252496,0.8494709771085713,ElasticNet,ElasticNet_2
990,SI_ref_15,PSB,TEB,Synthetic,0.9225192311101157,0.8352463210301702,ElasticNet,ElasticNet_2
991,SI_ref_15,PSB,TEB,Synthetic,0.920805363267918,0.8209790543733502,ElasticNet,ElasticNet_2
992,SI_ref_15,PSB,TEB,Synthetic,0.9178876121047361,0.8126224691485948,ElasticNet,ElasticNet_2
993,SI_ref_15,PSB,TEB,Synthetic,0.9171857170319854,0.8066903827547205,ElasticNet,ElasticNet_2
994,SI_ref_15,PSB,TEB,Synthetic,0.9362126098667423,0.7983266476967468,ElasticNet,ElasticNet_2
995,SI_ref_15,PSB,TEB,Synthetic,0.9575716949823408,0.7983266476967468,ElasticNet,ElasticNet_2
996,SI_ref_15,PSB,TEB,Synthetic,0.9144403299752767,0.7983266476967468,ElasticNet,ElasticNet_2
997,SI_ref_15,PSB,TEB,Synthetic,0.9131362601666559,0.7983266476967468,ElasticNet,ElasticNet_2
998,SI_ref_15,PSB,TEB,Synthetic,0.9073783566890704,0.7983266476967468,ElasticNet,ElasticNet_2
999,SI_ref_15,PSB,TEB,Synthetic,0.8610942615965279,0.7983266476967468,ElasticNet,ElasticNet_2
1000,SI_ref_15,PSB,TEB,Synthetic,0.8714762044822667,0.7983266476967468,ElasticNet,ElasticNet_2
1001,SI_ref_15,PSB,TEB,Synthetic,0.8650362109004135,0.7983266476967468,ElasticNet,ElasticNet_2
1002,SI_ref_15,PSB,TEB,Synthetic,0.9441016733966956,0.7983266476967468,ElasticNet,ElasticNet_2
1003,SI_ref_15,PSB,TEB,Synthetic,0.952584477756588,0.7983266476967468,ElasticNet,ElasticNet_2
1004,SI_ref_15,PSB,TEB,Synthetic,0.9589909115585907,0.7983266476967468,ElasticNet,ElasticNet_2
1005,SI_ref_15,PSB,TEB,Synthetic,0.9629553594597028,0.7983266476967468,ElasticNet,ElasticNet_2
1052,SI_ref_15,PSBOX-A,TEB,Synthetic,0.5158767649493458,0.3048667025451131,ElasticNet,ElasticNet_2
1053,SI_ref_15,PSBOX-A,TEB,Synthetic,0.41210379963008376,0.2908922603522717,ElasticNet,ElasticNet_2
1054,SI_ref_15,PSBOX-A,TEB,Synthetic,0.30623403384032577,0.2767520369714861,ElasticNet,ElasticNet_2
1055,SI_ref_15,PSBOX-A,TEB,Synthetic,0.21283845390046752,0.2625273808930849,ElasticNet,ElasticNet_2
1056,SI_ref_15,PSBOX-A,TEB,Synthetic,0.12421842587964138,0.24826011423626482,ElasticNet,ElasticNet_2
1057,SI_ref_15,PSBOX-A,TEB,Synthetic,0.09371708683213013,0.23990352901150963,ElasticNet,ElasticNet_2
1058,SI_ref_15,PSBOX-A,TEB,Synthetic,0.07890621232231329,0.2339714426176353,ElasticNet,ElasticNet_2
1059,SI_ref_15,PSBOX-A,TEB,Synthetic,0.07277962857952934,0.22560770755966153,ElasticNet,ElasticNet_2
1060,SI_ref_15,PSBOX-A,TEB,Synthetic,0.5073983287736047,0.19123356965680327,ElasticNet,ElasticNet_2
1061,SI_ref_15,PSBOX-A,TEB,Synthetic,0.5163778457532948,0.23726918401887376,ElasticNet,ElasticNet_2
1062,SI_ref_15,PSBOX-A,TEB,Synthetic,0.5077105405964751,0.22560770755966153,ElasticNet,ElasticNet_2
1063,SI_ref_15,PSBOX-A,TEB,Synthetic,0.058828707349529885,0.22560770755966153,ElasticNet,ElasticNet_2
1064,SI_ref_15,PSBOX-A,TEB,Synthetic,0.4930488637978448,0.2139462311004494,ElasticNet,ElasticNet_2
1065,SI_ref_15,PSBOX-A,TEB,Synthetic,0.5160089507499187,0.2599818454625198,ElasticNet,ElasticNet_2
1066,SI_ref_15,PSBOX-A,TEB,Synthetic,0.07083175356135256,0.22560770755966153,ElasticNet,ElasticNet_2
1067,SI_ref_15,PSBOX-A,TEB,Synthetic,0.051172794584274484,0.22560770755966153,ElasticNet,ElasticNet_2
1068,SI_ref_15,PSBOX-A,TEB,Synthetic,0.04750722464731311,0.22560770755966153,ElasticNet,ElasticNet_2
1069,SI_ref_15,PSBOX-A,TEB,Synthetic,0.04108376658313895,0.22560770755966153,ElasticNet,ElasticNet_2
1070,SI_ref_15,PSBOX-A,TEB,Synthetic,0.04527670142322688,0.22560770755966153,ElasticNet,ElasticNet_2
1071,SI_ref_15,PSBOX-A,TEB,Synthetic,0.04243318293660387,0.22560770755966153,ElasticNet,ElasticNet_2
1072,SI_ref_15,PSBOX-A,TEB,Synthetic,0.09409506092292502,0.22560770755966153,ElasticNet,ElasticNet_2
1073,SI_ref_15,PSBOX-A,TEB,Synthetic,0.28314921751011557,0.22560770755966153,ElasticNet,ElasticNet_2
1074,SI_ref_15,PSBOX-A,TEB,Synthetic,0.44223994246690523,0.22560770755966153,ElasticNet,ElasticNet_2
1075,SI_ref_15,PSBOX-A,TEB,Synthetic,0.5102144207532882,0.22560770755966153,ElasticNet,ElasticNet_2
1077,SI_ref_17,Pristine SCG biochar,CBZ,Synthetic,0.9431980957558961,0.940759520290066,ElasticNet,ElasticNet_2
1079,SI_ref_17,Pristine SCG biochar,CBZ,Synthetic,0.9360319849357849,0.9267850780972247,ElasticNet,ElasticNet_2
1081,SI_ref_17,Pristine SCG biochar,CBZ,Synthetic,0.9307104448319532,0.9043309096502776,ElasticNet,ElasticNet_2
1083,SI_ref_17,Pristine SCG biochar,CBZ,Synthetic,0.9258716624342764,0.8900778759728472,ElasticNet,ElasticNet_2
1085,SI_ref_17,Pristine SCG biochar,CBZ,Synthetic,0.9157118703628806,0.8817260504238883,ElasticNet,ElasticNet_2
1087,SI_ref_17,Pristine SCG biochar,CBZ,Synthetic,0.9147137334986508,0.8757963467564626,ElasticNet,ElasticNet_2
1089,SI_ref_17,Pristine SCG biochar,CBZ,Synthetic,0.9138427672538969,0.8698642603625882,ElasticNet,ElasticNet_2
1091,SI_ref_17,Pristine SCG biochar,CBZ,Synthetic,0.8932130468798682,0.8271263874017563,ElasticNet,ElasticNet_2
1093,SI_ref_17,Pristine SCG biochar,CBZ,Synthetic,0.9247624360467385,0.8615005253046144,ElasticNet,ElasticNet_2
1095,SI_ref_17,Pristine SCG biochar,CBZ,Synthetic,0.9071706166070994,0.8615005253046144,ElasticNet,ElasticNet_2
1097,SI_ref_17,Pristine SCG biochar,CBZ,Synthetic,0.908534541255576,0.8615005253046144,ElasticNet,ElasticNet_2
1099,SI_ref_17,Pristine SCG biochar,CBZ,Synthetic,0.903895578148675,0.8615005253046144,ElasticNet,ElasticNet_2
1101,SI_ref_17,Pristine SCG biochar,CBZ,Synthetic,0.9071468090110305,0.8615005253046144,ElasticNet,ElasticNet_2
1103,SI_ref_17,Pristine SCG biochar,CBZ,Synthetic,0.890879570190962,0.8615005253046144,ElasticNet,ElasticNet_2
1105,SI_ref_17,Pristine SCG biochar,CBZ,Synthetic,0.8806314346444372,0.8958746632074727,ElasticNet,ElasticNet_2
1107,SI_ref_17,Pristine SCG biochar,CBZ,Synthetic,0.9289062306369882,0.8615005253046144,ElasticNet,ElasticNet_2
1109,SI_ref_17,Pristine SCG biochar,CBZ,Synthetic,0.9261272699552149,0.8615005253046144,ElasticNet,ElasticNet_2
1111,SI_ref_17,Pristine SCG biochar,CBZ,Synthetic,0.9403460613803251,0.8615005253046144,ElasticNet,ElasticNet_2
1113,SI_ref_17,Pristine SCG biochar,CBZ,Synthetic,0.9373850128799738,0.8615005253046144,ElasticNet,ElasticNet_2
1115,SI_ref_17,Pristine SCG biochar,CBZ,Synthetic,0.925161257978969,0.8615005253046144,ElasticNet,ElasticNet_2
1253,SI_ref_18,Pristine SCW Biochar,IBU,Lake water,0.9264336848996528,1.0326811074454016,ElasticNet,ElasticNet_2
1255,SI_ref_18,Pristine SCW Biochar,IBU,Lake water,0.9179334532144726,1.01870666525256,ElasticNet,ElasticNet_2
1257,SI_ref_18,Pristine SCW Biochar,IBU,Lake water,0.916180999264559,1.0045664418717746,ElasticNet,ElasticNet_2
1259,SI_ref_18,Pristine SCW Biochar,IBU,Lake water,0.9235678454978681,0.9903417857933733,ElasticNet,ElasticNet_2
1261,SI_ref_18,Pristine SCW Biochar,IBU,Lake water,0.9285970293283682,0.9760745191365533,ElasticNet,ElasticNet_2
1263,SI_ref_18,Pristine SCW Biochar,IBU,Lake water,0.9209592404126973,0.9677179339117981,ElasticNet,ElasticNet_2
1265,SI_ref_18,Pristine SCW Biochar,IBU,Lake water,0.9279432945207517,0.9617858475179237,ElasticNet,ElasticNet_2
1269,SI_ref_18,Pristine SCW Biochar,IBU,Lake water,0.8974085452250303,0.9362350435085208,ElasticNet,ElasticNet_2
1271,SI_ref_18,Pristine SCW Biochar,IBU,Lake water,0.9239929387412031,0.9650835889191621,ElasticNet,ElasticNet_2
1273,SI_ref_18,Pristine SCW Biochar,IBU,Lake water,0.9256303580479686,0.95342211245995,ElasticNet,ElasticNet_2
1275,SI_ref_18,Pristine SCW Biochar,IBU,Lake water,0.9240446881745522,0.95342211245995,ElasticNet,ElasticNet_2
1276,SI_ref_18,Pristine SCW Biochar,IBU,Lake water,0.9283922239724117,0.95342211245995,ElasticNet,ElasticNet_2
1277,SI_ref_18,Pristine SCW Biochar,IBU,Lake water,0.9240711354841218,0.95342211245995,ElasticNet,ElasticNet_2
1279,SI_ref_18,Pristine SCW Biochar,IBU,Lake water,0.9204127206373283,0.95342211245995,ElasticNet,ElasticNet_2
1280,SI_ref_18,Pristine SCW Biochar,IBU,Lake water,0.9185968665123906,0.95342211245995,ElasticNet,ElasticNet_2
1281,SI_ref_18,Pristine SCW Biochar,IBU,Lake water,0.9182954449695013,0.95342211245995,ElasticNet,ElasticNet_2
1283,SI_ref_18,Pristine SCW Biochar,IBU,Lake water,0.9158900362354069,0.95342211245995,ElasticNet,ElasticNet_2
1284,SI_ref_18,Pristine SCW Biochar,IBU,Lake water,0.9125854189759445,0.95342211245995,ElasticNet,ElasticNet_2
1285,SI_ref_18,Pristine SCW Biochar,IBU,Lake water,0.9175495400890653,0.95342211245995,ElasticNet,ElasticNet_2
1287,SI_ref_18,Pristine SCW Biochar,IBU,Lake water,0.9120226357855434,0.95342211245995,ElasticNet,ElasticNet_2
1288,SI_ref_18,Pristine SCW Biochar,IBU,Lake water,0.9131050308227836,0.95342211245995,ElasticNet,ElasticNet_2
1289,SI_ref_18,Pristine SCW Biochar,IBU,Lake water,0.91141920930323,0.95342211245995,ElasticNet,ElasticNet_2
1291,SI_ref_18,Pristine SCW Biochar,IBU,Lake water,0.9068652159539504,0.95342211245995,ElasticNet,ElasticNet_2
1292,SI_ref_18,Pristine SCW Biochar,IBU,Lake water,0.9091226364337618,0.95342211245995,ElasticNet,ElasticNet_2
1293,SI_ref_18,Pristine SCW Biochar,IBU,Lake water,0.9067682424855283,0.95342211245995,ElasticNet,ElasticNet_2
1295,SI_ref_18,Pristine SCW Biochar,IBU,Lake water,0.9027540853962883,0.95342211245995,ElasticNet,ElasticNet_2
1296,SI_ref_18,Pristine SCW Biochar,IBU,Lake water,0.9025373859945938,0.95342211245995,ElasticNet,ElasticNet_2
1297,SI_ref_18,Pristine SCW Biochar,IBU,Lake water,0.9026152370210476,0.95342211245995,ElasticNet,ElasticNet_2
1298,SI_ref_18,Pristine SCW Biochar,IBU,Lake water,0.9219347373743266,0.9417606360007378,ElasticNet,ElasticNet_2
1300,SI_ref_18,Pristine SCW Biochar,IBU,Lake water,0.9277221749920567,0.9706091814113791,ElasticNet,ElasticNet_2
1302,SI_ref_18,Pristine SCW Biochar,IBU,Lake water,0.9340257796823453,0.9877962503628082,ElasticNet,ElasticNet_2
2,SI_ref_19,AMCB,IBU,Ground water,0.6563767477253929,0.5200328444858904,ExtraTrees,ExtraTrees_2
4,SI_ref_19,AMCB,IBU,Ground water,0.5414154110835401,0.5063385773607209,ExtraTrees,ExtraTrees_2
6,SI_ref_19,AMCB,IBU,Ground water,0.39819987427626136,0.477068659765949,ExtraTrees,ExtraTrees_2
8,SI_ref_19,AMCB,IBU,Ground water,0.3426557088502895,0.43225638808460265,ExtraTrees,ExtraTrees_2
10,SI_ref_19,AMCB,IBU,Ground water,0.3352626765922249,0.40172677686002795,ExtraTrees,ExtraTrees_2
12,SI_ref_19,AMCB,IBU,Ground water,0.33078034739454093,0.3891140114082048,ExtraTrees,ExtraTrees_2
14,SI_ref_19,AMCB,IBU,Ground water,0.3305497038875103,0.3851440121911737,ExtraTrees,ExtraTrees_2
16,SI_ref_19,AMCB,IBU,Ground water,0.029204625724030753,0.3469787475679388,ExtraTrees,ExtraTrees_2
18,SI_ref_19,AMCB,IBU,Ground water,0.005264283840238958,0.33994334024306627,ExtraTrees,ExtraTrees_2
20,SI_ref_19,AMCB,IBU,Ground water,0.0023766372681587895,0.3117129009235017,ExtraTrees,ExtraTrees_2
22,SI_ref_19,AMCB,IBU,Ground water,0.32926049296939613,0.33994334024306627,ExtraTrees,ExtraTrees_2
24,SI_ref_19,AMCB,IBU,Ground water,0.19832193047959257,0.3609128567060244,ExtraTrees,ExtraTrees_2
26,SI_ref_19,AMCB,IBU,Ground water,0.1894672613641715,0.3549096397889135,ExtraTrees,ExtraTrees_2
28,SI_ref_19,AMCB,IBU,Ground water,0.1528746627917146,0.3246355630553232,ExtraTrees,ExtraTrees_2
30,SI_ref_19,AMCB,IBU,Ground water,0.3449761650083755,0.36861362123062064,ExtraTrees,ExtraTrees_2
32,SI_ref_19,AMCB,IBU,Ground water,0.30765270742093687,0.3672433913721109,ExtraTrees,ExtraTrees_2
34,SI_ref_19,AMCB,IBU,Ground water,0.303030777614079,0.33444853518948015,ExtraTrees,ExtraTrees_2
36,SI_ref_19,AMCB,IBU,Ground water,0.41496556078686897,0.38553715684201234,ExtraTrees,ExtraTrees_2
38,SI_ref_19,AMCB,IBU,Ground water,0.3766264851820565,0.37656076754459844,ExtraTrees,ExtraTrees_2
40,SI_ref_19,AMCB,IBU,Ground water,0.38956403906090076,0.3482248102048714,ExtraTrees,ExtraTrees_2
42,SI_ref_19,AMCB,IBU,Ground water,0.5182383095521604,0.3881489220451496,ExtraTrees,ExtraTrees_2
44,SI_ref_19,AMCB,IBU,Ground water,0.5024496962602676,0.3773923009711998,ExtraTrees,ExtraTrees_2
46,SI_ref_19,AMCB,IBU,Ground water,0.48210720700720494,0.3504346357996643,ExtraTrees,ExtraTrees_2
48,SI_ref_19,AMCB,IBU,Ground water,0.03338351934448727,0.3591506195040469,ExtraTrees,ExtraTrees_2
50,SI_ref_19,AMCB,IBU,Ground water,0.0,0.35040922640850736,ExtraTrees,ExtraTrees_2
52,SI_ref_19,AMCB,IBU,Ground water,0.003531050071646246,0.3265723042649061,ExtraTrees,ExtraTrees_2
54,SI_ref_19,AMCB,IBU,Ground water,0.19999798179579809,0.37285525080684484,ExtraTrees,ExtraTrees_2
56,SI_ref_19,AMCB,IBU,Ground water,0.17260220522445793,0.36176900460566686,ExtraTrees,ExtraTrees_2
58,SI_ref_19,AMCB,IBU,Ground water,0.15656878376287445,0.3427496822778815,ExtraTrees,ExtraTrees_2
60,SI_ref_19,AMCB,IBU,Ground water,0.3457359785263073,0.386779270563242,ExtraTrees,ExtraTrees_2
62,SI_ref_19,AMCB,IBU,Ground water,0.32626934953278575,0.3725881728390485,ExtraTrees,ExtraTrees_2
64,SI_ref_19,AMCB,IBU,Ground water,0.3258728934993643,0.3531404438079378,ExtraTrees,ExtraTrees_2
66,SI_ref_19,AMCB,IBU,Ground water,0.4885549946229274,0.3936432807234681,ExtraTrees,ExtraTrees_2
68,SI_ref_19,AMCB,IBU,Ground water,0.39885279506866217,0.3770673485624364,ExtraTrees,ExtraTrees_2
70,SI_ref_19,AMCB,IBU,Ground water,0.42188356115014575,0.36206950283987605,ExtraTrees,ExtraTrees_2
72,SI_ref_19,AMCB,IBU,Ground water,0.5107350299703324,0.3975715469448615,ExtraTrees,ExtraTrees_2
74,SI_ref_19,AMCB,IBU,Ground water,0.5226317382792791,0.3800407402355902,ExtraTrees,ExtraTrees_2
76,SI_ref_19,AMCB,IBU,Ground water,0.4945842701164504,0.3661773651569613,ExtraTrees,ExtraTrees_2
78,SI_ref_19,AMCB,IBU,Ground water,0.025848755777109534,0.3703176678853557,ExtraTrees,ExtraTrees_2
80,SI_ref_19,AMCB,IBU,Ground water,0.008169690609295848,0.3509712840854794,ExtraTrees,ExtraTrees_2
82,SI_ref_19,AMCB,IBU,Ground water,0.0,0.3388354764206875,ExtraTrees,ExtraTrees_2
84,SI_ref_19,AMCB,IBU,Ground water,0.2007202298061851,0.38581613062565784,ExtraTrees,ExtraTrees_2
86,SI_ref_19,AMCB,IBU,Ground water,0.16952726930244136,0.36176517851558954,ExtraTrees,ExtraTrees_2
88,SI_ref_19,AMCB,IBU,Ground water,0.14747637019246942,0.3552804266796193,ExtraTrees,ExtraTrees_2
90,SI_ref_19,AMCB,IBU,Ground water,0.34008395729479907,0.41913995990497144,ExtraTrees,ExtraTrees_2
92,SI_ref_19,AMCB,IBU,Ground water,0.32813530040969546,0.3811217960629167,ExtraTrees,ExtraTrees_2
94,SI_ref_19,AMCB,IBU,Ground water,0.3191737471997417,0.38340627312864384,ExtraTrees,ExtraTrees_2
96,SI_ref_19,AMCB,IBU,Ground water,0.45590621693388655,0.4242023872001166,ExtraTrees,ExtraTrees_2
98,SI_ref_19,AMCB,IBU,Ground water,0.4386715603313315,0.3912244917954205,ExtraTrees,ExtraTrees_2
100,SI_ref_19,AMCB,IBU,Ground water,0.4136227630368784,0.38780490577355503,ExtraTrees,ExtraTrees_2
102,SI_ref_19,AMCB,IBU,Ground water,0.15909620069601668,0.3939740146337891,ExtraTrees,ExtraTrees_2
104,SI_ref_19,AMCB,IBU,Ground water,0.32070040208616674,0.39533132230000606,ExtraTrees,ExtraTrees_2
106,SI_ref_19,AMCB,IBU,Ground water,0.3644459510905023,0.3966808139672972,ExtraTrees,ExtraTrees_2
108,SI_ref_19,AMCB,IBU,Ground water,0.46356787238707886,0.3966808139672972,ExtraTrees,ExtraTrees_2
110,SI_ref_19,AMCB,IBU,Ground water,0.5205305455205957,0.42412029474376345,ExtraTrees,ExtraTrees_2
112,SI_ref_19,AMCB,IBU,Ground water,0.5464029950150356,0.39533132230000606,ExtraTrees,ExtraTrees_2
114,SI_ref_19,AMCB,IBU,Ground water,0.48301499525722014,0.38841109294831994,ExtraTrees,ExtraTrees_2
117,SI_ref_17,Alkali-modified SCG biochars,CBZ,Synthetic,0.12103690777624292,0.21175766211848082,ExtraTrees,ExtraTrees_2
119,SI_ref_17,Alkali-modified SCG biochars,CBZ,Synthetic,0.0701486117179634,0.20434288090283115,ExtraTrees,ExtraTrees_2
121,SI_ref_17,Alkali-modified SCG biochars,CBZ,Synthetic,0.050188840370859876,0.15256273552544086,ExtraTrees,ExtraTrees_2
123,SI_ref_17,Alkali-modified SCG biochars,CBZ,Synthetic,0.033003190610721066,0.13612358301486172,ExtraTrees,ExtraTrees_2
125,SI_ref_17,Alkali-modified SCG biochars,CBZ,Synthetic,0.03511734337104713,0.1318291360467836,ExtraTrees,ExtraTrees_2
127,SI_ref_17,Alkali-modified SCG biochars,CBZ,Synthetic,0.03195287629892775,0.13705473133129067,ExtraTrees,ExtraTrees_2
129,SI_ref_17,Alkali-modified SCG biochars,CBZ,Synthetic,0.03449328813829176,0.14871671875680606,ExtraTrees,ExtraTrees_2
132,SI_ref_17,Alkali-modified SCG biochars,CBZ,Synthetic,0.041716779164719504,0.18629174368910018,ExtraTrees,ExtraTrees_2
134,SI_ref_17,Alkali-modified SCG biochars,CBZ,Synthetic,0.00635796336582959,0.18629174368910018,ExtraTrees,ExtraTrees_2
136,SI_ref_17,Alkali-modified SCG biochars,CBZ,Synthetic,0.011730609548845337,0.18629174368910018,ExtraTrees,ExtraTrees_2
138,SI_ref_17,Alkali-modified SCG biochars,CBZ,Synthetic,0.01988738850164665,0.18629174368910018,ExtraTrees,ExtraTrees_2
140,SI_ref_17,Alkali-modified SCG biochars,CBZ,Synthetic,0.006132526431344026,0.18629174368910018,ExtraTrees,ExtraTrees_2
142,SI_ref_17,Alkali-modified SCG biochars,CBZ,Synthetic,0.007712590639419909,0.18629174368910018,ExtraTrees,ExtraTrees_2
145,SI_ref_17,Alkali-modified SCG biochars,CBZ,Synthetic,0.10268999927349255,0.18629174368910018,ExtraTrees,ExtraTrees_2
147,SI_ref_17,Alkali-modified SCG biochars,CBZ,Synthetic,0.14439822919669368,0.18629174368910018,ExtraTrees,ExtraTrees_2
149,SI_ref_17,Alkali-modified SCG biochars,CBZ,Synthetic,0.34003506921741083,0.18629174368910018,ExtraTrees,ExtraTrees_2
151,SI_ref_17,Alkali-modified SCG biochars,CBZ,Synthetic,0.4516798693491866,0.18629174368910018,ExtraTrees,ExtraTrees_2
153,SI_ref_17,Alkali-modified SCG biochars,CBZ,Synthetic,0.5612135486607656,0.18629174368910018,ExtraTrees,ExtraTrees_2
282,SI_ref_19,CB,IBU,Ground water,0.9280102961124896,0.9305528644598628,ExtraTrees,ExtraTrees_2
284,SI_ref_19,CB,IBU,Ground water,0.9242732043010754,0.9283539460658276,ExtraTrees,ExtraTrees_2
286,SI_ref_19,CB,IBU,Ground water,0.9218881323407775,0.9269921206134374,ExtraTrees,ExtraTrees_2
288,SI_ref_19,CB,IBU,Ground water,0.9215853366418528,0.9265539887457739,ExtraTrees,ExtraTrees_2
290,SI_ref_19,CB,IBU,Ground water,0.9207959503722085,0.9268566135882617,ExtraTrees,ExtraTrees_2
292,SI_ref_19,CB,IBU,Ground water,0.9207361323407776,0.9278705871761957,ExtraTrees,ExtraTrees_2
294,SI_ref_19,CB,IBU,Ground water,0.9206762613730356,0.9289351666657448,ExtraTrees,ExtraTrees_2
296,SI_ref_19,CB,IBU,Ground water,0.9945207101387852,0.9489893577127451,ExtraTrees,ExtraTrees_2
298,SI_ref_19,CB,IBU,Ground water,0.9765877548823724,0.9322727734761542,ExtraTrees,ExtraTrees_2
300,SI_ref_19,CB,IBU,Ground water,0.9595058090644278,0.9327927495893712,ExtraTrees,ExtraTrees_2
302,SI_ref_19,CB,IBU,Ground water,0.9409019130333385,0.9489893577127451,ExtraTrees,ExtraTrees_2
304,SI_ref_19,CB,IBU,Ground water,0.9323428884090048,0.9322727734761542,ExtraTrees,ExtraTrees_2
306,SI_ref_19,CB,IBU,Ground water,0.9259231602386863,0.9327927495893712,ExtraTrees,ExtraTrees_2
308,SI_ref_19,CB,IBU,Ground water,0.8753590996713628,0.9256792652821305,ExtraTrees,ExtraTrees_2
310,SI_ref_19,CB,IBU,Ground water,0.9341230700922319,0.9489893577127451,ExtraTrees,ExtraTrees_2
312,SI_ref_19,CB,IBU,Ground water,0.9234390298948024,0.9322727734761542,ExtraTrees,ExtraTrees_2
314,SI_ref_19,CB,IBU,Ground water,0.917590560186213,0.9327927495893712,ExtraTrees,ExtraTrees_2
316,SI_ref_19,CB,IBU,Ground water,0.9236132062907854,0.9322033086260574,ExtraTrees,ExtraTrees_2
318,SI_ref_19,CB,IBU,Ground water,0.9231865295080666,0.9322033086260574,ExtraTrees,ExtraTrees_2
320,SI_ref_19,CB,IBU,Ground water,0.9303445651202417,0.9489893577127451,ExtraTrees,ExtraTrees_2
322,SI_ref_19,CB,IBU,Ground water,0.923151204819856,0.9322727734761542,ExtraTrees,ExtraTrees_2
324,SI_ref_19,CB,IBU,Ground water,0.9175260660683171,0.9327927495893712,ExtraTrees,ExtraTrees_2
326,SI_ref_19,CB,IBU,Ground water,0.9318432124429017,0.9489893577127451,ExtraTrees,ExtraTrees_2
328,SI_ref_19,CB,IBU,Ground water,0.9241489703794897,0.9322727734761542,ExtraTrees,ExtraTrees_2
330,SI_ref_19,CB,IBU,Ground water,0.9174641264203113,0.9327927495893712,ExtraTrees,ExtraTrees_2
523,SI_ref_19,MCB,IBU,Ground water,0.9264289561621175,0.9102806630903933,ExtraTrees,ExtraTrees_2
525,SI_ref_19,MCB,IBU,Ground water,0.9196854524400332,0.9088416382462612,ExtraTrees,ExtraTrees_2
527,SI_ref_19,MCB,IBU,Ground water,0.9178832092638545,0.903800062078618,ExtraTrees,ExtraTrees_2
529,SI_ref_19,MCB,IBU,Ground water,0.9177463688999173,0.9004252575409387,ExtraTrees,ExtraTrees_2
531,SI_ref_19,MCB,IBU,Ground water,0.9177232092638544,0.8993312216383681,ExtraTrees,ExtraTrees_2
533,SI_ref_19,MCB,IBU,Ground water,0.9175379321753515,0.9007618816461368,ExtraTrees,ExtraTrees_2
535,SI_ref_19,MCB,IBU,Ground water,0.9173856344086023,0.9021701932707162,ExtraTrees,ExtraTrees_2
537,SI_ref_19,MCB,IBU,Ground water,0.9902068659306948,0.9217586291396361,ExtraTrees,ExtraTrees_2
539,SI_ref_19,MCB,IBU,Ground water,0.9708228218531151,0.9064481649000052,ExtraTrees,ExtraTrees_2
541,SI_ref_19,MCB,IBU,Ground water,0.9483485035015843,0.904288215658141,ExtraTrees,ExtraTrees_2
543,SI_ref_19,MCB,IBU,Ground water,0.9173115500413566,0.9064481649000052,ExtraTrees,ExtraTrees_2
545,SI_ref_19,MCB,IBU,Ground water,0.9358359065436908,0.9213471569141238,ExtraTrees,ExtraTrees_2
547,SI_ref_19,MCB,IBU,Ground water,0.9263512886233829,0.9056796082611698,ExtraTrees,ExtraTrees_2
549,SI_ref_19,MCB,IBU,Ground water,0.9153544975680639,0.9032977250689165,ExtraTrees,ExtraTrees_2
551,SI_ref_19,MCB,IBU,Ground water,0.9271238571918706,0.9213164770733273,ExtraTrees,ExtraTrees_2
553,SI_ref_19,MCB,IBU,Ground water,0.9199191103755877,0.9051233802852058,ExtraTrees,ExtraTrees_2
555,SI_ref_19,MCB,IBU,Ground water,0.910886274193223,0.9034978377471028,ExtraTrees,ExtraTrees_2
557,SI_ref_19,MCB,IBU,Ground water,0.8716126359176348,0.902963704869719,ExtraTrees,ExtraTrees_2
559,SI_ref_19,MCB,IBU,Ground water,0.9228881866842084,0.904490042560807,ExtraTrees,ExtraTrees_2
561,SI_ref_19,MCB,IBU,Ground water,0.9227697266379059,0.9045265064963693,ExtraTrees,ExtraTrees_2
563,SI_ref_19,MCB,IBU,Ground water,0.9221446299502403,0.9045265064963693,ExtraTrees,ExtraTrees_2
565,SI_ref_19,MCB,IBU,Ground water,0.9254612605703445,0.9197449284465301,ExtraTrees,ExtraTrees_2
567,SI_ref_19,MCB,IBU,Ground water,0.9188111047361486,0.904490042560807,ExtraTrees,ExtraTrees_2
569,SI_ref_19,MCB,IBU,Ground water,0.9124876096677748,0.902556631490136,ExtraTrees,ExtraTrees_2
571,SI_ref_19,MCB,IBU,Ground water,0.927696260267614,0.9201359278497218,ExtraTrees,ExtraTrees_2
573,SI_ref_19,MCB,IBU,Ground water,0.9222883610163676,0.9056663626725644,ExtraTrees,ExtraTrees_2
575,SI_ref_19,MCB,IBU,Ground water,0.9173366162788351,0.9029295462862917,ExtraTrees,ExtraTrees_2
577,SI_ref_19,MCB,IBU,Ground water,0.9896236049163454,0.9209710175954662,ExtraTrees,ExtraTrees_2
579,SI_ref_19,MCB,IBU,Ground water,0.9728688772730024,0.906180810018256,ExtraTrees,ExtraTrees_2
581,SI_ref_19,MCB,IBU,Ground water,0.95367292982704,0.903280111896038,ExtraTrees,ExtraTrees_2
583,SI_ref_19,MCB,IBU,Ground water,0.9381494412938034,0.9198166959905255,ExtraTrees,ExtraTrees_2
585,SI_ref_19,MCB,IBU,Ground water,0.925414707326754,0.9060673548571772,ExtraTrees,ExtraTrees_2
587,SI_ref_19,MCB,IBU,Ground water,0.9200694262245456,0.9019114074601243,ExtraTrees,ExtraTrees_2
589,SI_ref_19,MCB,IBU,Ground water,0.9296751902157461,0.9176904598315843,ExtraTrees,ExtraTrees_2
591,SI_ref_19,MCB,IBU,Ground water,0.9221403459202003,0.9053419081636577,ExtraTrees,ExtraTrees_2
593,SI_ref_19,MCB,IBU,Ground water,0.911624129649438,0.9007185276702998,ExtraTrees,ExtraTrees_2
595,SI_ref_19,MCB,IBU,Ground water,0.9248851497651674,0.9168398664702696,ExtraTrees,ExtraTrees_2
597,SI_ref_19,MCB,IBU,Ground water,0.9206218375460943,0.905367162318598,ExtraTrees,ExtraTrees_2
599,SI_ref_19,MCB,IBU,Ground water,0.9170274735254856,0.9003899238358085,ExtraTrees,ExtraTrees_2
601,SI_ref_19,MCB,IBU,Ground water,0.9300914246503462,0.9170452511162942,ExtraTrees,ExtraTrees_2
603,SI_ref_19,MCB,IBU,Ground water,0.920786534541565,0.9059318613088057,ExtraTrees,ExtraTrees_2
605,SI_ref_19,MCB,IBU,Ground water,0.9160948152334054,0.9007525739025798,ExtraTrees,ExtraTrees_2
607,SI_ref_19,MCB,IBU,Ground water,0.9861765121394982,0.917467367114677,ExtraTrees,ExtraTrees_2
609,SI_ref_19,MCB,IBU,Ground water,0.9661781267028597,0.9064963588698557,ExtraTrees,ExtraTrees_2
611,SI_ref_19,MCB,IBU,Ground water,0.9529992532644452,0.9012361025996476,ExtraTrees,ExtraTrees_2
613,SI_ref_19,MCB,IBU,Ground water,0.9352947587236877,0.9152226562452072,ExtraTrees,ExtraTrees_2
615,SI_ref_19,MCB,IBU,Ground water,0.9284499518994666,0.9060197208530109,ExtraTrees,ExtraTrees_2
617,SI_ref_19,MCB,IBU,Ground water,0.917077774862594,0.9005178510425543,ExtraTrees,ExtraTrees_2
619,SI_ref_19,MCB,IBU,Ground water,0.9255842902984923,0.9118092724848466,ExtraTrees,ExtraTrees_2
621,SI_ref_19,MCB,IBU,Ground water,0.9186162384710084,0.9048401733639382,ExtraTrees,ExtraTrees_2
623,SI_ref_19,MCB,IBU,Ground water,0.9103224686673798,0.8976530713360105,ExtraTrees,ExtraTrees_2
625,SI_ref_19,MCB,IBU,Ground water,0.9258221154816445,0.9118092724848466,ExtraTrees,ExtraTrees_2
627,SI_ref_19,MCB,IBU,Ground water,0.921668420582223,0.9044132364160081,ExtraTrees,ExtraTrees_2
629,SI_ref_19,MCB,IBU,Ground water,0.9150562646500002,0.8974390494342164,ExtraTrees,ExtraTrees_2
631,SI_ref_19,MCB,IBU,Ground water,0.9296259863973036,0.9119825105914431,ExtraTrees,ExtraTrees_2
633,SI_ref_19,MCB,IBU,Ground water,0.9216175906678238,0.9045864745226048,ExtraTrees,ExtraTrees_2
635,SI_ref_19,MCB,IBU,Ground water,0.9188076045934327,0.897612287540813,ExtraTrees,ExtraTrees_2
698,SI_ref_18,NaOH-activated SCW biochars,IBU,Lake water,0.585296751211726,0.5010136129801804,ExtraTrees,ExtraTrees_2
700,SI_ref_18,NaOH-activated SCW biochars,IBU,Lake water,0.6304734220526563,0.500439236912181,ExtraTrees,ExtraTrees_2
702,SI_ref_18,NaOH-activated SCW biochars,IBU,Lake water,0.6077686506314385,0.49992422998247277,ExtraTrees,ExtraTrees_2
704,SI_ref_18,NaOH-activated SCW biochars,IBU,Lake water,0.6040537723014899,0.496882157767946,ExtraTrees,ExtraTrees_2
706,SI_ref_18,NaOH-activated SCW biochars,IBU,Lake water,0.6292724453182281,0.4962217502988339,ExtraTrees,ExtraTrees_2
708,SI_ref_18,NaOH-activated SCW biochars,IBU,Lake water,0.6376478565264503,0.4956217921021724,ExtraTrees,ExtraTrees_2
710,SI_ref_18,NaOH-activated SCW biochars,IBU,Lake water,0.6108673600702487,0.4958423391867685,ExtraTrees,ExtraTrees_2
712,SI_ref_18,NaOH-activated SCW biochars,IBU,Lake water,0.10371139816269948,0.4956517852220114,ExtraTrees,ExtraTrees_2
714,SI_ref_18,NaOH-activated SCW biochars,IBU,Lake water,0.46656560236114836,0.4956517852220114,ExtraTrees,ExtraTrees_2
716,SI_ref_18,NaOH-activated SCW biochars,IBU,Lake water,0.44106817459704084,0.4956517852220114,ExtraTrees,ExtraTrees_2
718,SI_ref_18,NaOH-activated SCW biochars,IBU,Lake water,0.6893393142281772,0.49608144340035665,ExtraTrees,ExtraTrees_2
720,SI_ref_18,NaOH-activated SCW biochars,IBU,Lake water,0.621379975330744,0.4956517852220114,ExtraTrees,ExtraTrees_2
722,SI_ref_18,NaOH-activated SCW biochars,IBU,Lake water,0.6727437787241767,0.4956517852220114,ExtraTrees,ExtraTrees_2
723,SI_ref_18,NaOH-activated SCW biochars,IBU,Lake water,0.6293605973980515,0.4956517852220114,ExtraTrees,ExtraTrees_2
724,SI_ref_18,NaOH-activated SCW biochars,IBU,Lake water,0.6573710855713073,0.4956517852220114,ExtraTrees,ExtraTrees_2
726,SI_ref_18,NaOH-activated SCW biochars,IBU,Lake water,0.6298354173553987,0.4956517852220114,ExtraTrees,ExtraTrees_2
727,SI_ref_18,NaOH-activated SCW biochars,IBU,Lake water,0.6523803226831055,0.4956517852220114,ExtraTrees,ExtraTrees_2
728,SI_ref_18,NaOH-activated SCW biochars,IBU,Lake water,0.6378679449532959,0.4956517852220114,ExtraTrees,ExtraTrees_2
730,SI_ref_18,NaOH-activated SCW biochars,IBU,Lake water,0.627404015064595,0.4956517852220114,ExtraTrees,ExtraTrees_2
731,SI_ref_18,NaOH-activated SCW biochars,IBU,Lake water,0.6077370696640284,0.4956517852220114,ExtraTrees,ExtraTrees_2
732,SI_ref_18,NaOH-activated SCW biochars,IBU,Lake water,0.6159420233488258,0.4956517852220114,ExtraTrees,ExtraTrees_2
734,SI_ref_18,NaOH-activated SCW biochars,IBU,Lake water,0.6074163960354965,0.4956517852220114,ExtraTrees,ExtraTrees_2
735,SI_ref_18,NaOH-activated SCW biochars,IBU,Lake water,0.6146046840259546,0.4956517852220114,ExtraTrees,ExtraTrees_2
736,SI_ref_18,NaOH-activated SCW biochars,IBU,Lake water,0.6281995086504742,0.4956517852220114,ExtraTrees,ExtraTrees_2
738,SI_ref_18,NaOH-activated SCW biochars,IBU,Lake water,0.6298527247859258,0.4956517852220114,ExtraTrees,ExtraTrees_2
739,SI_ref_18,NaOH-activated SCW biochars,IBU,Lake water,0.576999656444263,0.4956517852220114,ExtraTrees,ExtraTrees_2
740,SI_ref_18,NaOH-activated SCW biochars,IBU,Lake water,0.5791171913994386,0.4956517852220114,ExtraTrees,ExtraTrees_2
742,SI_ref_18,NaOH-activated SCW biochars,IBU,Lake water,0.5786725135963804,0.4956517852220114,ExtraTrees,ExtraTrees_2
743,SI_ref_18,NaOH-activated SCW biochars,IBU,Lake water,0.6233870058145189,0.4956517852220114,ExtraTrees,ExtraTrees_2
744,SI_ref_18,NaOH-activated SCW biochars,IBU,Lake water,0.5944978576382812,0.4956517852220114,ExtraTrees,ExtraTrees_2
745,SI_ref_18,NaOH-activated SCW biochars,IBU,Lake water,0.5630080357470825,0.49547652661349156,ExtraTrees,ExtraTrees_2
747,SI_ref_18,NaOH-activated SCW biochars,IBU,Lake water,0.6846241766923425,0.4956517852220114,ExtraTrees,ExtraTrees_2
749,SI_ref_18,NaOH-activated SCW biochars,IBU,Lake water,0.744908980376152,0.4956517852220114,ExtraTrees,ExtraTrees_2
751,SI_ref_18,NaOH-activated SCW biochars,IBU,Lake water,0.6869669848084122,0.4956517852220114,ExtraTrees,ExtraTrees_2
753,SI_ref_18,NaOH-activated SCW biochars,IBU,Lake water,0.7932075459644551,0.4956517852220114,ExtraTrees,ExtraTrees_2
852,SI_ref_13,PB600,CBZ,Synthetic,0.5776772247360483,0.6660451028265044,ExtraTrees,ExtraTrees_2
853,SI_ref_13,PB600,CBZ,Synthetic,0.5656108597285068,0.6530238457436468,ExtraTrees,ExtraTrees_2
854,SI_ref_13,PB600,CBZ,Synthetic,0.5475113122171945,0.6397265614582078,ExtraTrees,ExtraTrees_2
855,SI_ref_13,PB600,CBZ,Synthetic,0.4479638009049774,0.6296311428017537,ExtraTrees,ExtraTrees_2
856,SI_ref_13,PB600,CBZ,Synthetic,0.45098039215686275,0.6039665675841412,ExtraTrees,ExtraTrees_2
857,SI_ref_13,PB600,CBZ,Synthetic,0.42684766214177977,0.5889390740027863,ExtraTrees,ExtraTrees_2
858,SI_ref_13,PB600,CBZ,Synthetic,0.32437120555073723,0.5835794791184097,ExtraTrees,ExtraTrees_2
859,SI_ref_13,PB600,CBZ,Synthetic,0.4773489932885906,0.5854794409789804,ExtraTrees,ExtraTrees_2
860,SI_ref_13,PB600,CBZ,Synthetic,0.4437372714068248,0.5835794791184097,ExtraTrees,ExtraTrees_2
861,SI_ref_13,PB600,CBZ,Synthetic,0.35791881074899945,0.5835794791184097,ExtraTrees,ExtraTrees_2
862,SI_ref_13,PB600,CBZ,Synthetic,0.32426715019643393,0.5835794791184097,ExtraTrees,ExtraTrees_2
863,SI_ref_13,PB600,CBZ,Synthetic,0.24055829228243014,0.5835794791184097,ExtraTrees,ExtraTrees_2
864,SI_ref_13,PB600,CBZ,Synthetic,0.44839549002601903,0.5782520119632995,ExtraTrees,ExtraTrees_2
865,SI_ref_13,PB600,CBZ,Synthetic,0.5528523489932886,0.5782520119632995,ExtraTrees,ExtraTrees_2
866,SI_ref_13,PB600,CBZ,Synthetic,0.5653368025440879,0.5835794791184097,ExtraTrees,ExtraTrees_2
867,SI_ref_13,PB600,CBZ,Synthetic,0.6235906331309627,0.5835794791184097,ExtraTrees,ExtraTrees_2
868,SI_ref_13,PB600,CBZ,Synthetic,0.6991037872217403,0.5835794791184097,ExtraTrees,ExtraTrees_2
869,SI_ref_13,PB600,CBZ,Synthetic,0.7401395944327428,0.5835794791184097,ExtraTrees,ExtraTrees_2
870,SI_ref_13,PB600,CBZ,Synthetic,0.8642533936651583,0.5542998245499624,ExtraTrees,ExtraTrees_2
871,SI_ref_13,PB600,CBZ,Synthetic,0.6953242835595775,0.5542998245499624,ExtraTrees,ExtraTrees_2
872,SI_ref_13,PB600,CBZ,Synthetic,0.4479638009049774,0.5542998245499624,ExtraTrees,ExtraTrees_2
873,SI_ref_13,PB600,CBZ,Synthetic,0.36651583710407243,0.5542998245499624,ExtraTrees,ExtraTrees_2
874,SI_ref_13,PB600,CBZ,Synthetic,0.248868778280543,0.5542998245499624,ExtraTrees,ExtraTrees_2
898,SI_ref_13,PB600,CBZ,Synthetic,0.244663382594417,0.5835794791184097,ExtraTrees,ExtraTrees_2
899,SI_ref_13,PB800,CBZ,Synthetic,0.27061079156395507,0.44067732074500915,ExtraTrees,ExtraTrees_2
900,SI_ref_13,PB800,CBZ,Synthetic,0.22678718159408381,0.4318964426028552,ExtraTrees,ExtraTrees_2
901,SI_ref_13,PB800,CBZ,Synthetic,0.18844152287044644,0.4100633559467852,ExtraTrees,ExtraTrees_2
902,SI_ref_13,PB800,CBZ,Synthetic,0.17748562037797863,0.39956944654067206,ExtraTrees,ExtraTrees_2
903,SI_ref_13,PB800,CBZ,Synthetic,0.16379074226239385,0.3863694835695453,ExtraTrees,ExtraTrees_2
904,SI_ref_13,PB800,CBZ,Synthetic,0.155573815393043,0.37863292034288115,ExtraTrees,ExtraTrees_2
905,SI_ref_13,PB800,CBZ,Synthetic,0.08520900321543408,0.37575964120071653,ExtraTrees,ExtraTrees_2
906,SI_ref_13,PB800,CBZ,Synthetic,0.16135346756152125,0.37641271978195745,ExtraTrees,ExtraTrees_2
907,SI_ref_13,PB800,CBZ,Synthetic,0.1561792870827899,0.37575964120071653,ExtraTrees,ExtraTrees_2
908,SI_ref_13,PB800,CBZ,Synthetic,0.13676633444075306,0.37575964120071653,ExtraTrees,ExtraTrees_2
909,SI_ref_13,PB800,CBZ,Synthetic,0.1002310803004044,0.37575964120071653,ExtraTrees,ExtraTrees_2
910,SI_ref_13,PB800,CBZ,Synthetic,0.04322336667164253,0.37575964120071653,ExtraTrees,ExtraTrees_2
911,SI_ref_13,PB800,CBZ,Synthetic,0.20609619686800895,0.3739448978159095,ExtraTrees,ExtraTrees_2
912,SI_ref_13,PB800,CBZ,Synthetic,0.1865212527964206,0.3739448978159095,ExtraTrees,ExtraTrees_2
913,SI_ref_13,PB800,CBZ,Synthetic,0.28121650589496244,0.37575964120071653,ExtraTrees,ExtraTrees_2
914,SI_ref_13,PB800,CBZ,Synthetic,0.36611289746337977,0.37575964120071653,ExtraTrees,ExtraTrees_2
915,SI_ref_13,PB800,CBZ,Synthetic,0.5117363344051448,0.37575964120071653,ExtraTrees,ExtraTrees_2
916,SI_ref_13,PB800,CBZ,Synthetic,0.5707012708620426,0.37575964120071653,ExtraTrees,ExtraTrees_2
917,SI_ref_13,PB800,CBZ,Synthetic,0.5791052918712493,0.37447431155246536,ExtraTrees,ExtraTrees_2
918,SI_ref_13,PB800,CBZ,Synthetic,0.30905619203491547,0.37447431155246536,ExtraTrees,ExtraTrees_2
919,SI_ref_13,PB800,CBZ,Synthetic,0.16448445171849424,0.37447431155246536,ExtraTrees,ExtraTrees_2
920,SI_ref_13,PB800,CBZ,Synthetic,0.12460736493062231,0.37447431155246536,ExtraTrees,ExtraTrees_2
921,SI_ref_13,PB800,CBZ,Synthetic,0.08265139116202945,0.37447431155246536,ExtraTrees,ExtraTrees_2
987,SI_ref_15,PSB,TEB,Synthetic,0.9529494921755761,0.9386718850392297,ExtraTrees,ExtraTrees_2
988,SI_ref_15,PSB,TEB,Synthetic,0.9422238246841239,0.9370073862302202,ExtraTrees,ExtraTrees_2
989,SI_ref_15,PSB,TEB,Synthetic,0.9297851778252496,0.9317688297613919,ExtraTrees,ExtraTrees_2
990,SI_ref_15,PSB,TEB,Synthetic,0.9225192311101157,0.9291513108743765,ExtraTrees,ExtraTrees_2
991,SI_ref_15,PSB,TEB,Synthetic,0.920805363267918,0.9265571040136971,ExtraTrees,ExtraTrees_2
992,SI_ref_15,PSB,TEB,Synthetic,0.9178876121047361,0.9239703631229895,ExtraTrees,ExtraTrees_2
993,SI_ref_15,PSB,TEB,Synthetic,0.9171857170319854,0.9234270766026227,ExtraTrees,ExtraTrees_2
994,SI_ref_15,PSB,TEB,Synthetic,0.9362126098667423,0.9209032337966356,ExtraTrees,ExtraTrees_2
995,SI_ref_15,PSB,TEB,Synthetic,0.9575716949823408,0.9209032337966356,ExtraTrees,ExtraTrees_2
996,SI_ref_15,PSB,TEB,Synthetic,0.9144403299752767,0.9209032337966356,ExtraTrees,ExtraTrees_2
997,SI_ref_15,PSB,TEB,Synthetic,0.9131362601666559,0.9209032337966356,ExtraTrees,ExtraTrees_2
998,SI_ref_15,PSB,TEB,Synthetic,0.9073783566890704,0.9209032337966356,ExtraTrees,ExtraTrees_2
999,SI_ref_15,PSB,TEB,Synthetic,0.8610942615965279,0.9209032337966356,ExtraTrees,ExtraTrees_2
1000,SI_ref_15,PSB,TEB,Synthetic,0.8714762044822667,0.9209032337966356,ExtraTrees,ExtraTrees_2
1001,SI_ref_15,PSB,TEB,Synthetic,0.8650362109004135,0.9209032337966356,ExtraTrees,ExtraTrees_2
1002,SI_ref_15,PSB,TEB,Synthetic,0.9441016733966956,0.9209032337966356,ExtraTrees,ExtraTrees_2
1003,SI_ref_15,PSB,TEB,Synthetic,0.952584477756588,0.9209032337966356,ExtraTrees,ExtraTrees_2
1004,SI_ref_15,PSB,TEB,Synthetic,0.9589909115585907,0.9209032337966356,ExtraTrees,ExtraTrees_2
1005,SI_ref_15,PSB,TEB,Synthetic,0.9629553594597028,0.9209032337966356,ExtraTrees,ExtraTrees_2
1052,SI_ref_15,PSBOX-A,TEB,Synthetic,0.5158767649493458,0.37563645005576485,ExtraTrees,ExtraTrees_2
1053,SI_ref_15,PSBOX-A,TEB,Synthetic,0.41210379963008376,0.360868990121851,ExtraTrees,ExtraTrees_2
1054,SI_ref_15,PSBOX-A,TEB,Synthetic,0.30623403384032577,0.3013339978643127,ExtraTrees,ExtraTrees_2
1055,SI_ref_15,PSBOX-A,TEB,Synthetic,0.21283845390046752,0.2236984378405241,ExtraTrees,ExtraTrees_2
1056,SI_ref_15,PSBOX-A,TEB,Synthetic,0.12421842587964138,0.1964442086888709,ExtraTrees,ExtraTrees_2
1057,SI_ref_15,PSBOX-A,TEB,Synthetic,0.09371708683213013,0.19160513280342656,ExtraTrees,ExtraTrees_2
1058,SI_ref_15,PSBOX-A,TEB,Synthetic,0.07890621232231329,0.19067084704133186,ExtraTrees,ExtraTrees_2
1059,SI_ref_15,PSBOX-A,TEB,Synthetic,0.07277962857952934,0.2035834118626947,ExtraTrees,ExtraTrees_2
1060,SI_ref_15,PSBOX-A,TEB,Synthetic,0.5073983287736047,0.2029080530915732,ExtraTrees,ExtraTrees_2
1061,SI_ref_15,PSBOX-A,TEB,Synthetic,0.5163778457532948,0.20359316292618612,ExtraTrees,ExtraTrees_2
1062,SI_ref_15,PSBOX-A,TEB,Synthetic,0.5077105405964751,0.2035834118626947,ExtraTrees,ExtraTrees_2
1063,SI_ref_15,PSBOX-A,TEB,Synthetic,0.058828707349529885,0.2035834118626947,ExtraTrees,ExtraTrees_2
1064,SI_ref_15,PSBOX-A,TEB,Synthetic,0.4930488637978448,0.20282782156883283,ExtraTrees,ExtraTrees_2
1065,SI_ref_15,PSBOX-A,TEB,Synthetic,0.5160089507499187,0.2035834118626947,ExtraTrees,ExtraTrees_2
1066,SI_ref_15,PSBOX-A,TEB,Synthetic,0.07083175356135256,0.2035834118626947,ExtraTrees,ExtraTrees_2
1067,SI_ref_15,PSBOX-A,TEB,Synthetic,0.051172794584274484,0.2035834118626947,ExtraTrees,ExtraTrees_2
1068,SI_ref_15,PSBOX-A,TEB,Synthetic,0.04750722464731311,0.2035834118626947,ExtraTrees,ExtraTrees_2
1069,SI_ref_15,PSBOX-A,TEB,Synthetic,0.04108376658313895,0.2035834118626947,ExtraTrees,ExtraTrees_2
1070,SI_ref_15,PSBOX-A,TEB,Synthetic,0.04527670142322688,0.2035834118626947,ExtraTrees,ExtraTrees_2
1071,SI_ref_15,PSBOX-A,TEB,Synthetic,0.04243318293660387,0.2035834118626947,ExtraTrees,ExtraTrees_2
1072,SI_ref_15,PSBOX-A,TEB,Synthetic,0.09409506092292502,0.2035834118626947,ExtraTrees,ExtraTrees_2
1073,SI_ref_15,PSBOX-A,TEB,Synthetic,0.28314921751011557,0.2035834118626947,ExtraTrees,ExtraTrees_2
1074,SI_ref_15,PSBOX-A,TEB,Synthetic,0.44223994246690523,0.2035834118626947,ExtraTrees,ExtraTrees_2
1075,SI_ref_15,PSBOX-A,TEB,Synthetic,0.5102144207532882,0.2035834118626947,ExtraTrees,ExtraTrees_2
1077,SI_ref_17,Pristine SCG biochar,CBZ,Synthetic,0.9431980957558961,0.9182889839964994,ExtraTrees,ExtraTrees_2
1079,SI_ref_17,Pristine SCG biochar,CBZ,Synthetic,0.9360319849357849,0.9170851020500378,ExtraTrees,ExtraTrees_2
1081,SI_ref_17,Pristine SCG biochar,CBZ,Synthetic,0.9307104448319532,0.9156946664088692,ExtraTrees,ExtraTrees_2
1083,SI_ref_17,Pristine SCG biochar,CBZ,Synthetic,0.9258716624342764,0.9129644516696905,ExtraTrees,ExtraTrees_2
1085,SI_ref_17,Pristine SCG biochar,CBZ,Synthetic,0.9157118703628806,0.9098836137771731,ExtraTrees,ExtraTrees_2
1087,SI_ref_17,Pristine SCG biochar,CBZ,Synthetic,0.9147137334986508,0.908374147319088,ExtraTrees,ExtraTrees_2
1089,SI_ref_17,Pristine SCG biochar,CBZ,Synthetic,0.9138427672538969,0.9048189296658988,ExtraTrees,ExtraTrees_2
1091,SI_ref_17,Pristine SCG biochar,CBZ,Synthetic,0.8932130468798682,0.8320087483864725,ExtraTrees,ExtraTrees_2
1093,SI_ref_17,Pristine SCG biochar,CBZ,Synthetic,0.9247624360467385,0.9004143335549584,ExtraTrees,ExtraTrees_2
1095,SI_ref_17,Pristine SCG biochar,CBZ,Synthetic,0.9071706166070994,0.9004143335549584,ExtraTrees,ExtraTrees_2
1097,SI_ref_17,Pristine SCG biochar,CBZ,Synthetic,0.908534541255576,0.9004143335549584,ExtraTrees,ExtraTrees_2
1099,SI_ref_17,Pristine SCG biochar,CBZ,Synthetic,0.903895578148675,0.9004143335549584,ExtraTrees,ExtraTrees_2
1101,SI_ref_17,Pristine SCG biochar,CBZ,Synthetic,0.9071468090110305,0.9004143335549584,ExtraTrees,ExtraTrees_2
1103,SI_ref_17,Pristine SCG biochar,CBZ,Synthetic,0.890879570190962,0.9004143335549584,ExtraTrees,ExtraTrees_2
1105,SI_ref_17,Pristine SCG biochar,CBZ,Synthetic,0.8806314346444372,0.9004143335549584,ExtraTrees,ExtraTrees_2
1107,SI_ref_17,Pristine SCG biochar,CBZ,Synthetic,0.9289062306369882,0.9004143335549584,ExtraTrees,ExtraTrees_2
1109,SI_ref_17,Pristine SCG biochar,CBZ,Synthetic,0.9261272699552149,0.9004143335549584,ExtraTrees,ExtraTrees_2
1111,SI_ref_17,Pristine SCG biochar,CBZ,Synthetic,0.9403460613803251,0.9004143335549584,ExtraTrees,ExtraTrees_2
1113,SI_ref_17,Pristine SCG biochar,CBZ,Synthetic,0.9373850128799738,0.9004143335549584,ExtraTrees,ExtraTrees_2
1115,SI_ref_17,Pristine SCG biochar,CBZ,Synthetic,0.925161257978969,0.9004143335549584,ExtraTrees,ExtraTrees_2
1253,SI_ref_18,Pristine SCW Biochar,IBU,Lake water,0.9264336848996528,0.9216065670198907,ExtraTrees,ExtraTrees_2
1255,SI_ref_18,Pristine SCW Biochar,IBU,Lake water,0.9179334532144726,0.9214876865793112,ExtraTrees,ExtraTrees_2
1257,SI_ref_18,Pristine SCW Biochar,IBU,Lake water,0.916180999264559,0.9210078607998514,ExtraTrees,ExtraTrees_2
1259,SI_ref_18,Pristine SCW Biochar,IBU,Lake water,0.9235678454978681,0.9214764595691759,ExtraTrees,ExtraTrees_2
1261,SI_ref_18,Pristine SCW Biochar,IBU,Lake water,0.9285970293283682,0.9218193993588565,ExtraTrees,ExtraTrees_2
1263,SI_ref_18,Pristine SCW Biochar,IBU,Lake water,0.9209592404126973,0.9214796276416929,ExtraTrees,ExtraTrees_2
1265,SI_ref_18,Pristine SCW Biochar,IBU,Lake water,0.9279432945207517,0.9206664908922645,ExtraTrees,ExtraTrees_2
1269,SI_ref_18,Pristine SCW Biochar,IBU,Lake water,0.8974085452250303,0.9150750846312354,ExtraTrees,ExtraTrees_2
1271,SI_ref_18,Pristine SCW Biochar,IBU,Lake water,0.9239929387412031,0.9208871292506143,ExtraTrees,ExtraTrees_2
1273,SI_ref_18,Pristine SCW Biochar,IBU,Lake water,0.9256303580479686,0.9200882272129752,ExtraTrees,ExtraTrees_2
1275,SI_ref_18,Pristine SCW Biochar,IBU,Lake water,0.9240446881745522,0.9200882272129752,ExtraTrees,ExtraTrees_2
1276,SI_ref_18,Pristine SCW Biochar,IBU,Lake water,0.9283922239724117,0.9200882272129752,ExtraTrees,ExtraTrees_2
1277,SI_ref_18,Pristine SCW Biochar,IBU,Lake water,0.9240711354841218,0.9200882272129752,ExtraTrees,ExtraTrees_2
1279,SI_ref_18,Pristine SCW Biochar,IBU,Lake water,0.9204127206373283,0.9200882272129752,ExtraTrees,ExtraTrees_2
1280,SI_ref_18,Pristine SCW Biochar,IBU,Lake water,0.9185968665123906,0.9200882272129752,ExtraTrees,ExtraTrees_2
1281,SI_ref_18,Pristine SCW Biochar,IBU,Lake water,0.9182954449695013,0.9200882272129752,ExtraTrees,ExtraTrees_2
1283,SI_ref_18,Pristine SCW Biochar,IBU,Lake water,0.9158900362354069,0.9200882272129752,ExtraTrees,ExtraTrees_2
1284,SI_ref_18,Pristine SCW Biochar,IBU,Lake water,0.9125854189759445,0.9200882272129752,ExtraTrees,ExtraTrees_2
1285,SI_ref_18,Pristine SCW Biochar,IBU,Lake water,0.9175495400890653,0.9200882272129752,ExtraTrees,ExtraTrees_2
1287,SI_ref_18,Pristine SCW Biochar,IBU,Lake water,0.9120226357855434,0.9200882272129752,ExtraTrees,ExtraTrees_2
1288,SI_ref_18,Pristine SCW Biochar,IBU,Lake water,0.9131050308227836,0.9200882272129752,ExtraTrees,ExtraTrees_2
1289,SI_ref_18,Pristine SCW Biochar,IBU,Lake water,0.91141920930323,0.9200882272129752,ExtraTrees,ExtraTrees_2
1291,SI_ref_18,Pristine SCW Biochar,IBU,Lake water,0.9068652159539504,0.9200882272129752,ExtraTrees,ExtraTrees_2
1292,SI_ref_18,Pristine SCW Biochar,IBU,Lake water,0.9091226364337618,0.9200882272129752,ExtraTrees,ExtraTrees_2
1293,SI_ref_18,Pristine SCW Biochar,IBU,Lake water,0.9067682424855283,0.9200882272129752,ExtraTrees,ExtraTrees_2
1295,SI_ref_18,Pristine SCW Biochar,IBU,Lake water,0.9027540853962883,0.9200882272129752,ExtraTrees,ExtraTrees_2
1296,SI_ref_18,Pristine SCW Biochar,IBU,Lake water,0.9025373859945938,0.9200882272129752,ExtraTrees,ExtraTrees_2
1297,SI_ref_18,Pristine SCW Biochar,IBU,Lake water,0.9026152370210476,0.9200882272129752,ExtraTrees,ExtraTrees_2
1298,SI_ref_18,Pristine SCW Biochar,IBU,Lake water,0.9219347373743266,0.9200914467168942,ExtraTrees,ExtraTrees_2
1300,SI_ref_18,Pristine SCW Biochar,IBU,Lake water,0.9277221749920567,0.9270681586429879,ExtraTrees,ExtraTrees_2
1302,SI_ref_18,Pristine SCW Biochar,IBU,Lake water,0.9340257796823453,0.9274760151086795,ExtraTrees,ExtraTrees_2
2,SI_ref_19,AMCB,IBU,Ground water,0.6563767477253929,0.5583979787980793,GradientBoosting,GradientBoosting_2
4,SI_ref_19,AMCB,IBU,Ground water,0.5414154110835401,0.5270017825859952,GradientBoosting,GradientBoosting_2
6,SI_ref_19,AMCB,IBU,Ground water,0.39819987427626136,0.4755224519170454,GradientBoosting,GradientBoosting_2
8,SI_ref_19,AMCB,IBU,Ground water,0.3426557088502895,0.3743030094564616,GradientBoosting,GradientBoosting_2
10,SI_ref_19,AMCB,IBU,Ground water,0.3352626765922249,0.34503366720826306,GradientBoosting,GradientBoosting_2
12,SI_ref_19,AMCB,IBU,Ground water,0.33078034739454093,0.34503366720826306,GradientBoosting,GradientBoosting_2
14,SI_ref_19,AMCB,IBU,Ground water,0.3305497038875103,0.34503366720826306,GradientBoosting,GradientBoosting_2
16,SI_ref_19,AMCB,IBU,Ground water,0.029204625724030753,0.3543695888685614,GradientBoosting,GradientBoosting_2
18,SI_ref_19,AMCB,IBU,Ground water,0.005264283840238958,0.349600140414174,GradientBoosting,GradientBoosting_2
20,SI_ref_19,AMCB,IBU,Ground water,0.0023766372681587895,0.32623802775301275,GradientBoosting,GradientBoosting_2
22,SI_ref_19,AMCB,IBU,Ground water,0.32926049296939613,0.349600140414174,GradientBoosting,GradientBoosting_2
24,SI_ref_19,AMCB,IBU,Ground water,0.19832193047959257,0.3624835027361932,GradientBoosting,GradientBoosting_2
26,SI_ref_19,AMCB,IBU,Ground water,0.1894672613641715,0.3577140542818057,GradientBoosting,GradientBoosting_2
28,SI_ref_19,AMCB,IBU,Ground water,0.1528746627917146,0.33435194162064447,GradientBoosting,GradientBoosting_2
30,SI_ref_19,AMCB,IBU,Ground water,0.3449761650083755,0.397642094562178,GradientBoosting,GradientBoosting_2
32,SI_ref_19,AMCB,IBU,Ground water,0.30765270742093687,0.3928726461077905,GradientBoosting,GradientBoosting_2
34,SI_ref_19,AMCB,IBU,Ground water,0.303030777614079,0.36951053344662926,GradientBoosting,GradientBoosting_2
36,SI_ref_19,AMCB,IBU,Ground water,0.41496556078686897,0.44016455880444033,GradientBoosting,GradientBoosting_2
38,SI_ref_19,AMCB,IBU,Ground water,0.3766264851820565,0.43539511035005285,GradientBoosting,GradientBoosting_2
40,SI_ref_19,AMCB,IBU,Ground water,0.38956403906090076,0.4120329976888916,GradientBoosting,GradientBoosting_2
42,SI_ref_19,AMCB,IBU,Ground water,0.5182383095521604,0.44016455880444033,GradientBoosting,GradientBoosting_2
44,SI_ref_19,AMCB,IBU,Ground water,0.5024496962602676,0.43539511035005285,GradientBoosting,GradientBoosting_2
46,SI_ref_19,AMCB,IBU,Ground water,0.48210720700720494,0.4120329976888916,GradientBoosting,GradientBoosting_2
48,SI_ref_19,AMCB,IBU,Ground water,0.03338351934448727,0.3675952022494331,GradientBoosting,GradientBoosting_2
50,SI_ref_19,AMCB,IBU,Ground water,0.0,0.3628257537950456,GradientBoosting,GradientBoosting_2
52,SI_ref_19,AMCB,IBU,Ground water,0.003531050071646246,0.3394636411338844,GradientBoosting,GradientBoosting_2
54,SI_ref_19,AMCB,IBU,Ground water,0.19999798179579809,0.3675952022494331,GradientBoosting,GradientBoosting_2
56,SI_ref_19,AMCB,IBU,Ground water,0.17260220522445793,0.3628257537950456,GradientBoosting,GradientBoosting_2
58,SI_ref_19,AMCB,IBU,Ground water,0.15656878376287445,0.3394636411338844,GradientBoosting,GradientBoosting_2
60,SI_ref_19,AMCB,IBU,Ground water,0.3457359785263073,0.3783619703298829,GradientBoosting,GradientBoosting_2
62,SI_ref_19,AMCB,IBU,Ground water,0.32626934953278575,0.3735925218754954,GradientBoosting,GradientBoosting_2
64,SI_ref_19,AMCB,IBU,Ground water,0.3258728934993643,0.3502304092143342,GradientBoosting,GradientBoosting_2
66,SI_ref_19,AMCB,IBU,Ground water,0.4885549946229274,0.4195961884590861,GradientBoosting,GradientBoosting_2
68,SI_ref_19,AMCB,IBU,Ground water,0.39885279506866217,0.4148267400046986,GradientBoosting,GradientBoosting_2
70,SI_ref_19,AMCB,IBU,Ground water,0.42188356115014575,0.3914646273435374,GradientBoosting,GradientBoosting_2
72,SI_ref_19,AMCB,IBU,Ground water,0.5107350299703324,0.4195961884590861,GradientBoosting,GradientBoosting_2
74,SI_ref_19,AMCB,IBU,Ground water,0.5226317382792791,0.4148267400046986,GradientBoosting,GradientBoosting_2
76,SI_ref_19,AMCB,IBU,Ground water,0.4945842701164504,0.3914646273435374,GradientBoosting,GradientBoosting_2
78,SI_ref_19,AMCB,IBU,Ground water,0.025848755777109534,0.37294670410386516,GradientBoosting,GradientBoosting_2
80,SI_ref_19,AMCB,IBU,Ground water,0.008169690609295848,0.3681772556494777,GradientBoosting,GradientBoosting_2
82,SI_ref_19,AMCB,IBU,Ground water,0.0,0.34481514298831645,GradientBoosting,GradientBoosting_2
84,SI_ref_19,AMCB,IBU,Ground water,0.2007202298061851,0.37294670410386516,GradientBoosting,GradientBoosting_2
86,SI_ref_19,AMCB,IBU,Ground water,0.16952726930244136,0.3681772556494777,GradientBoosting,GradientBoosting_2
88,SI_ref_19,AMCB,IBU,Ground water,0.14747637019246942,0.34481514298831645,GradientBoosting,GradientBoosting_2
90,SI_ref_19,AMCB,IBU,Ground water,0.34008395729479907,0.4003099348401032,GradientBoosting,GradientBoosting_2
92,SI_ref_19,AMCB,IBU,Ground water,0.32813530040969546,0.3955404863857157,GradientBoosting,GradientBoosting_2
94,SI_ref_19,AMCB,IBU,Ground water,0.3191737471997417,0.3900098696083438,GradientBoosting,GradientBoosting_2
96,SI_ref_19,AMCB,IBU,Ground water,0.45590621693388655,0.4580115133631848,GradientBoosting,GradientBoosting_2
98,SI_ref_19,AMCB,IBU,Ground water,0.4386715603313315,0.4532420649087973,GradientBoosting,GradientBoosting_2
100,SI_ref_19,AMCB,IBU,Ground water,0.4136227630368784,0.4477114481314254,GradientBoosting,GradientBoosting_2
102,SI_ref_19,AMCB,IBU,Ground water,0.15909620069601668,0.3105186820976307,GradientBoosting,GradientBoosting_2
104,SI_ref_19,AMCB,IBU,Ground water,0.32070040208616674,0.4661463293113006,GradientBoosting,GradientBoosting_2
106,SI_ref_19,AMCB,IBU,Ground water,0.3644459510905023,0.4781530858832807,GradientBoosting,GradientBoosting_2
108,SI_ref_19,AMCB,IBU,Ground water,0.46356787238707886,0.4781530858832807,GradientBoosting,GradientBoosting_2
110,SI_ref_19,AMCB,IBU,Ground water,0.5205305455205957,0.4709157777656881,GradientBoosting,GradientBoosting_2
112,SI_ref_19,AMCB,IBU,Ground water,0.5464029950150356,0.4661463293113006,GradientBoosting,GradientBoosting_2
114,SI_ref_19,AMCB,IBU,Ground water,0.48301499525722014,0.4606157125339287,GradientBoosting,GradientBoosting_2
117,SI_ref_17,Alkali-modified SCG biochars,CBZ,Synthetic,0.12103690777624292,0.3799236993975709,GradientBoosting,GradientBoosting_2
119,SI_ref_17,Alkali-modified SCG biochars,CBZ,Synthetic,0.0701486117179634,0.35237246196447913,GradientBoosting,GradientBoosting_2
121,SI_ref_17,Alkali-modified SCG biochars,CBZ,Synthetic,0.050188840370859876,0.2490274835153688,GradientBoosting,GradientBoosting_2
123,SI_ref_17,Alkali-modified SCG biochars,CBZ,Synthetic,0.033003190610721066,0.24582757000073824,GradientBoosting,GradientBoosting_2
125,SI_ref_17,Alkali-modified SCG biochars,CBZ,Synthetic,0.03511734337104713,0.24582757000073824,GradientBoosting,GradientBoosting_2
127,SI_ref_17,Alkali-modified SCG biochars,CBZ,Synthetic,0.03195287629892775,0.24582757000073824,GradientBoosting,GradientBoosting_2
129,SI_ref_17,Alkali-modified SCG biochars,CBZ,Synthetic,0.03449328813829176,0.24582757000073824,GradientBoosting,GradientBoosting_2
132,SI_ref_17,Alkali-modified SCG biochars,CBZ,Synthetic,0.041716779164719504,0.2510594739466088,GradientBoosting,GradientBoosting_2
134,SI_ref_17,Alkali-modified SCG biochars,CBZ,Synthetic,0.00635796336582959,0.2510594739466088,GradientBoosting,GradientBoosting_2
136,SI_ref_17,Alkali-modified SCG biochars,CBZ,Synthetic,0.011730609548845337,0.2510594739466088,GradientBoosting,GradientBoosting_2
138,SI_ref_17,Alkali-modified SCG biochars,CBZ,Synthetic,0.01988738850164665,0.2510594739466088,GradientBoosting,GradientBoosting_2
140,SI_ref_17,Alkali-modified SCG biochars,CBZ,Synthetic,0.006132526431344026,0.2510594739466088,GradientBoosting,GradientBoosting_2
142,SI_ref_17,Alkali-modified SCG biochars,CBZ,Synthetic,0.007712590639419909,0.2510594739466088,GradientBoosting,GradientBoosting_2
145,SI_ref_17,Alkali-modified SCG biochars,CBZ,Synthetic,0.10268999927349255,0.2510594739466088,GradientBoosting,GradientBoosting_2
147,SI_ref_17,Alkali-modified SCG biochars,CBZ,Synthetic,0.14439822919669368,0.2510594739466088,GradientBoosting,GradientBoosting_2
149,SI_ref_17,Alkali-modified SCG biochars,CBZ,Synthetic,0.34003506921741083,0.2510594739466088,GradientBoosting,GradientBoosting_2
151,SI_ref_17,Alkali-modified SCG biochars,CBZ,Synthetic,0.4516798693491866,0.2510594739466088,GradientBoosting,GradientBoosting_2
153,SI_ref_17,Alkali-modified SCG biochars,CBZ,Synthetic,0.5612135486607656,0.2510594739466088,GradientBoosting,GradientBoosting_2
282,SI_ref_19,CB,IBU,Ground water,0.9280102961124896,0.9682489982766558,GradientBoosting,GradientBoosting_2
284,SI_ref_19,CB,IBU,Ground water,0.9242732043010754,0.9584912209601393,GradientBoosting,GradientBoosting_2
286,SI_ref_19,CB,IBU,Ground water,0.9218881323407775,0.9460641660603128,GradientBoosting,GradientBoosting_2
288,SI_ref_19,CB,IBU,Ground water,0.9215853366418528,0.9329779816409244,GradientBoosting,GradientBoosting_2
290,SI_ref_19,CB,IBU,Ground water,0.9207959503722085,0.9224661726791987,GradientBoosting,GradientBoosting_2
292,SI_ref_19,CB,IBU,Ground water,0.9207361323407776,0.9224661726791987,GradientBoosting,GradientBoosting_2
294,SI_ref_19,CB,IBU,Ground water,0.9206762613730356,0.9209197144420712,GradientBoosting,GradientBoosting_2
296,SI_ref_19,CB,IBU,Ground water,0.9945207101387852,0.9434149678622717,GradientBoosting,GradientBoosting_2
298,SI_ref_19,CB,IBU,Ground water,0.9765877548823724,0.9261516183879417,GradientBoosting,GradientBoosting_2
300,SI_ref_19,CB,IBU,Ground water,0.9595058090644278,0.9282149660312261,GradientBoosting,GradientBoosting_2
302,SI_ref_19,CB,IBU,Ground water,0.9409019130333385,0.9434149678622717,GradientBoosting,GradientBoosting_2
304,SI_ref_19,CB,IBU,Ground water,0.9323428884090048,0.9261516183879417,GradientBoosting,GradientBoosting_2
306,SI_ref_19,CB,IBU,Ground water,0.9259231602386863,0.9282149660312261,GradientBoosting,GradientBoosting_2
308,SI_ref_19,CB,IBU,Ground water,0.8753590996713628,0.9061181665088038,GradientBoosting,GradientBoosting_2
310,SI_ref_19,CB,IBU,Ground water,0.9341230700922319,0.9434149678622717,GradientBoosting,GradientBoosting_2
312,SI_ref_19,CB,IBU,Ground water,0.9234390298948024,0.9261516183879417,GradientBoosting,GradientBoosting_2
314,SI_ref_19,CB,IBU,Ground water,0.917590560186213,0.9282149660312261,GradientBoosting,GradientBoosting_2
316,SI_ref_19,CB,IBU,Ground water,0.9236132062907854,0.9519160140648127,GradientBoosting,GradientBoosting_2
318,SI_ref_19,CB,IBU,Ground water,0.9231865295080666,0.9519160140648127,GradientBoosting,GradientBoosting_2
320,SI_ref_19,CB,IBU,Ground water,0.9303445651202417,0.9434149678622717,GradientBoosting,GradientBoosting_2
322,SI_ref_19,CB,IBU,Ground water,0.923151204819856,0.9261516183879417,GradientBoosting,GradientBoosting_2
324,SI_ref_19,CB,IBU,Ground water,0.9175260660683171,0.9282149660312261,GradientBoosting,GradientBoosting_2
326,SI_ref_19,CB,IBU,Ground water,0.9318432124429017,0.9434149678622717,GradientBoosting,GradientBoosting_2
328,SI_ref_19,CB,IBU,Ground water,0.9241489703794897,0.9261516183879417,GradientBoosting,GradientBoosting_2
330,SI_ref_19,CB,IBU,Ground water,0.9174641264203113,0.9282149660312261,GradientBoosting,GradientBoosting_2
523,SI_ref_19,MCB,IBU,Ground water,0.9264289561621175,0.9755585773612642,GradientBoosting,GradientBoosting_2
525,SI_ref_19,MCB,IBU,Ground water,0.9196854524400332,0.94416238114918,GradientBoosting,GradientBoosting_2
527,SI_ref_19,MCB,IBU,Ground water,0.9178832092638545,0.9133347692159487,GradientBoosting,GradientBoosting_2
529,SI_ref_19,MCB,IBU,Ground water,0.9177463688999173,0.8729561754978523,GradientBoosting,GradientBoosting_2
531,SI_ref_19,MCB,IBU,Ground water,0.9177232092638544,0.8516635510299707,GradientBoosting,GradientBoosting_2
533,SI_ref_19,MCB,IBU,Ground water,0.9175379321753515,0.8516635510299707,GradientBoosting,GradientBoosting_2
535,SI_ref_19,MCB,IBU,Ground water,0.9173856344086023,0.8516635510299707,GradientBoosting,GradientBoosting_2
537,SI_ref_19,MCB,IBU,Ground water,0.9902068659306948,0.8677899314866091,GradientBoosting,GradientBoosting_2
539,SI_ref_19,MCB,IBU,Ground water,0.9708228218531151,0.8573520945067348,GradientBoosting,GradientBoosting_2
541,SI_ref_19,MCB,IBU,Ground water,0.9483485035015843,0.8672288277336043,GradientBoosting,GradientBoosting_2
543,SI_ref_19,MCB,IBU,Ground water,0.9173115500413566,0.8573520945067348,GradientBoosting,GradientBoosting_2
545,SI_ref_19,MCB,IBU,Ground water,0.9358359065436908,0.8708365381588714,GradientBoosting,GradientBoosting_2
547,SI_ref_19,MCB,IBU,Ground water,0.9263512886233829,0.8603987011789971,GradientBoosting,GradientBoosting_2
549,SI_ref_19,MCB,IBU,Ground water,0.9153544975680639,0.8702754344058666,GradientBoosting,GradientBoosting_2
551,SI_ref_19,MCB,IBU,Ground water,0.9271238571918706,0.888073512887954,GradientBoosting,GradientBoosting_2
553,SI_ref_19,MCB,IBU,Ground water,0.9199191103755877,0.8776356759080797,GradientBoosting,GradientBoosting_2
555,SI_ref_19,MCB,IBU,Ground water,0.910886274193223,0.8875124091349492,GradientBoosting,GradientBoosting_2
557,SI_ref_19,MCB,IBU,Ground water,0.8716126359176348,0.8517854726497477,GradientBoosting,GradientBoosting_2
559,SI_ref_19,MCB,IBU,Ground water,0.9228881866842084,0.8954414678488115,GradientBoosting,GradientBoosting_2
561,SI_ref_19,MCB,IBU,Ground water,0.9227697266379059,0.9074482244207914,GradientBoosting,GradientBoosting_2
563,SI_ref_19,MCB,IBU,Ground water,0.9221446299502403,0.9074482244207914,GradientBoosting,GradientBoosting_2
565,SI_ref_19,MCB,IBU,Ground water,0.9254612605703445,0.9058793048286858,GradientBoosting,GradientBoosting_2
567,SI_ref_19,MCB,IBU,Ground water,0.9188111047361486,0.8954414678488115,GradientBoosting,GradientBoosting_2
569,SI_ref_19,MCB,IBU,Ground water,0.9124876096677748,0.9053182010756811,GradientBoosting,GradientBoosting_2
571,SI_ref_19,MCB,IBU,Ground water,0.927696260267614,0.9058793048286858,GradientBoosting,GradientBoosting_2
573,SI_ref_19,MCB,IBU,Ground water,0.9222883610163676,0.8954414678488115,GradientBoosting,GradientBoosting_2
575,SI_ref_19,MCB,IBU,Ground water,0.9173366162788351,0.9053182010756811,GradientBoosting,GradientBoosting_2
577,SI_ref_19,MCB,IBU,Ground water,0.9896236049163454,0.8902699976560164,GradientBoosting,GradientBoosting_2
579,SI_ref_19,MCB,IBU,Ground water,0.9728688772730024,0.8798321606761421,GradientBoosting,GradientBoosting_2
581,SI_ref_19,MCB,IBU,Ground water,0.95367292982704,0.8897088939030117,GradientBoosting,GradientBoosting_2
583,SI_ref_19,MCB,IBU,Ground water,0.9381494412938034,0.8902699976560164,GradientBoosting,GradientBoosting_2
585,SI_ref_19,MCB,IBU,Ground water,0.925414707326754,0.8798321606761421,GradientBoosting,GradientBoosting_2
587,SI_ref_19,MCB,IBU,Ground water,0.9200694262245456,0.8897088939030117,GradientBoosting,GradientBoosting_2
589,SI_ref_19,MCB,IBU,Ground water,0.9296751902157461,0.9010367657364662,GradientBoosting,GradientBoosting_2
591,SI_ref_19,MCB,IBU,Ground water,0.9221403459202003,0.8905989287565919,GradientBoosting,GradientBoosting_2
593,SI_ref_19,MCB,IBU,Ground water,0.911624129649438,0.8988294403297449,GradientBoosting,GradientBoosting_2
595,SI_ref_19,MCB,IBU,Ground water,0.9248851497651674,0.9051902506363506,GradientBoosting,GradientBoosting_2
597,SI_ref_19,MCB,IBU,Ground water,0.9206218375460943,0.8947524136564763,GradientBoosting,GradientBoosting_2
599,SI_ref_19,MCB,IBU,Ground water,0.9170274735254856,0.9029829252296293,GradientBoosting,GradientBoosting_2
601,SI_ref_19,MCB,IBU,Ground water,0.9300914246503462,0.9051902506363506,GradientBoosting,GradientBoosting_2
603,SI_ref_19,MCB,IBU,Ground water,0.920786534541565,0.8947524136564763,GradientBoosting,GradientBoosting_2
605,SI_ref_19,MCB,IBU,Ground water,0.9160948152334054,0.9029829252296293,GradientBoosting,GradientBoosting_2
607,SI_ref_19,MCB,IBU,Ground water,0.9861765121394982,0.8903689518295597,GradientBoosting,GradientBoosting_2
609,SI_ref_19,MCB,IBU,Ground water,0.9661781267028597,0.8799311148496853,GradientBoosting,GradientBoosting_2
611,SI_ref_19,MCB,IBU,Ground water,0.9529992532644452,0.8881616264228384,GradientBoosting,GradientBoosting_2
613,SI_ref_19,MCB,IBU,Ground water,0.9352947587236877,0.8903689518295597,GradientBoosting,GradientBoosting_2
615,SI_ref_19,MCB,IBU,Ground water,0.9284499518994666,0.8799311148496853,GradientBoosting,GradientBoosting_2
617,SI_ref_19,MCB,IBU,Ground water,0.917077774862594,0.8881616264228384,GradientBoosting,GradientBoosting_2
619,SI_ref_19,MCB,IBU,Ground water,0.9255842902984923,0.8976167943740966,GradientBoosting,GradientBoosting_2
621,SI_ref_19,MCB,IBU,Ground water,0.9186162384710084,0.8871789573942223,GradientBoosting,GradientBoosting_2
623,SI_ref_19,MCB,IBU,Ground water,0.9103224686673798,0.8929316466085075,GradientBoosting,GradientBoosting_2
625,SI_ref_19,MCB,IBU,Ground water,0.9258221154816445,0.9088599688679095,GradientBoosting,GradientBoosting_2
627,SI_ref_19,MCB,IBU,Ground water,0.921668420582223,0.8984221318880352,GradientBoosting,GradientBoosting_2
629,SI_ref_19,MCB,IBU,Ground water,0.9150562646500002,0.9041748211023205,GradientBoosting,GradientBoosting_2
631,SI_ref_19,MCB,IBU,Ground water,0.9296259863973036,0.9122651683969144,GradientBoosting,GradientBoosting_2
633,SI_ref_19,MCB,IBU,Ground water,0.9216175906678238,0.9018273314170401,GradientBoosting,GradientBoosting_2
635,SI_ref_19,MCB,IBU,Ground water,0.9188076045934327,0.9075800206313254,GradientBoosting,GradientBoosting_2
698,SI_ref_18,NaOH-activated SCW biochars,IBU,Lake water,0.585296751211726,0.560739391222872,GradientBoosting,GradientBoosting_2
700,SI_ref_18,NaOH-activated SCW biochars,IBU,Lake water,0.6304734220526563,0.5509816139063555,GradientBoosting,GradientBoosting_2
702,SI_ref_18,NaOH-activated SCW biochars,IBU,Lake water,0.6077686506314385,0.529729413003555,GradientBoosting,GradientBoosting_2
704,SI_ref_18,NaOH-activated SCW biochars,IBU,Lake water,0.6040537723014899,0.47579073453949555,GradientBoosting,GradientBoosting_2
706,SI_ref_18,NaOH-activated SCW biochars,IBU,Lake water,0.6292724453182281,0.4641988769116946,GradientBoosting,GradientBoosting_2
708,SI_ref_18,NaOH-activated SCW biochars,IBU,Lake water,0.6376478565264503,0.4641988769116946,GradientBoosting,GradientBoosting_2
710,SI_ref_18,NaOH-activated SCW biochars,IBU,Lake water,0.6108673600702487,0.4641988769116946,GradientBoosting,GradientBoosting_2
712,SI_ref_18,NaOH-activated SCW biochars,IBU,Lake water,0.10371139816269948,0.46943078085756507,GradientBoosting,GradientBoosting_2
714,SI_ref_18,NaOH-activated SCW biochars,IBU,Lake water,0.46656560236114836,0.46943078085756507,GradientBoosting,GradientBoosting_2
716,SI_ref_18,NaOH-activated SCW biochars,IBU,Lake water,0.44106817459704084,0.4160999254793418,GradientBoosting,GradientBoosting_2
718,SI_ref_18,NaOH-activated SCW biochars,IBU,Lake water,0.6893393142281772,0.4874920112734921,GradientBoosting,GradientBoosting_2
720,SI_ref_18,NaOH-activated SCW biochars,IBU,Lake water,0.621379975330744,0.46943078085756507,GradientBoosting,GradientBoosting_2
722,SI_ref_18,NaOH-activated SCW biochars,IBU,Lake water,0.6727437787241767,0.46943078085756507,GradientBoosting,GradientBoosting_2
723,SI_ref_18,NaOH-activated SCW biochars,IBU,Lake water,0.6293605973980515,0.46943078085756507,GradientBoosting,GradientBoosting_2
724,SI_ref_18,NaOH-activated SCW biochars,IBU,Lake water,0.6573710855713073,0.46943078085756507,GradientBoosting,GradientBoosting_2
726,SI_ref_18,NaOH-activated SCW biochars,IBU,Lake water,0.6298354173553987,0.46943078085756507,GradientBoosting,GradientBoosting_2
727,SI_ref_18,NaOH-activated SCW biochars,IBU,Lake water,0.6523803226831055,0.46943078085756507,GradientBoosting,GradientBoosting_2
728,SI_ref_18,NaOH-activated SCW biochars,IBU,Lake water,0.6378679449532959,0.46943078085756507,GradientBoosting,GradientBoosting_2
730,SI_ref_18,NaOH-activated SCW biochars,IBU,Lake water,0.627404015064595,0.46943078085756507,GradientBoosting,GradientBoosting_2
731,SI_ref_18,NaOH-activated SCW biochars,IBU,Lake water,0.6077370696640284,0.46943078085756507,GradientBoosting,GradientBoosting_2
732,SI_ref_18,NaOH-activated SCW biochars,IBU,Lake water,0.6159420233488258,0.46943078085756507,GradientBoosting,GradientBoosting_2
734,SI_ref_18,NaOH-activated SCW biochars,IBU,Lake water,0.6074163960354965,0.46943078085756507,GradientBoosting,GradientBoosting_2
735,SI_ref_18,NaOH-activated SCW biochars,IBU,Lake water,0.6146046840259546,0.46943078085756507,GradientBoosting,GradientBoosting_2
736,SI_ref_18,NaOH-activated SCW biochars,IBU,Lake water,0.6281995086504742,0.46943078085756507,GradientBoosting,GradientBoosting_2
738,SI_ref_18,NaOH-activated SCW biochars,IBU,Lake water,0.6298527247859258,0.46943078085756507,GradientBoosting,GradientBoosting_2
739,SI_ref_18,NaOH-activated SCW biochars,IBU,Lake water,0.576999656444263,0.46943078085756507,GradientBoosting,GradientBoosting_2
740,SI_ref_18,NaOH-activated SCW biochars,IBU,Lake water,0.5791171913994386,0.46943078085756507,GradientBoosting,GradientBoosting_2
742,SI_ref_18,NaOH-activated SCW biochars,IBU,Lake water,0.5786725135963804,0.46943078085756507,GradientBoosting,GradientBoosting_2
743,SI_ref_18,NaOH-activated SCW biochars,IBU,Lake water,0.6233870058145189,0.46943078085756507,GradientBoosting,GradientBoosting_2
744,SI_ref_18,NaOH-activated SCW biochars,IBU,Lake water,0.5944978576382812,0.46943078085756507,GradientBoosting,GradientBoosting_2
745,SI_ref_18,NaOH-activated SCW biochars,IBU,Lake water,0.5630080357470825,0.4547105078802555,GradientBoosting,GradientBoosting_2
747,SI_ref_18,NaOH-activated SCW biochars,IBU,Lake water,0.6846241766923425,0.4957310347450053,GradientBoosting,GradientBoosting_2
749,SI_ref_18,NaOH-activated SCW biochars,IBU,Lake water,0.744908980376152,0.4957310347450053,GradientBoosting,GradientBoosting_2
751,SI_ref_18,NaOH-activated SCW biochars,IBU,Lake water,0.6869669848084122,0.46943078085756507,GradientBoosting,GradientBoosting_2
753,SI_ref_18,NaOH-activated SCW biochars,IBU,Lake water,0.7932075459644551,0.46943078085756507,GradientBoosting,GradientBoosting_2
852,SI_ref_13,PB600,CBZ,Synthetic,0.5776772247360483,0.6550670602844536,GradientBoosting,GradientBoosting_2
853,SI_ref_13,PB600,CBZ,Synthetic,0.5656108597285068,0.6568205559898753,GradientBoosting,GradientBoosting_2
854,SI_ref_13,PB600,CBZ,Synthetic,0.5475113122171945,0.6498118760751942,GradientBoosting,GradientBoosting_2
855,SI_ref_13,PB600,CBZ,Synthetic,0.4479638009049774,0.5988407455410912,GradientBoosting,GradientBoosting_2
856,SI_ref_13,PB600,CBZ,Synthetic,0.45098039215686275,0.5838048828792977,GradientBoosting,GradientBoosting_2
857,SI_ref_13,PB600,CBZ,Synthetic,0.42684766214177977,0.5797366337922438,GradientBoosting,GradientBoosting_2
858,SI_ref_13,PB600,CBZ,Synthetic,0.32437120555073723,0.5797366337922438,GradientBoosting,GradientBoosting_2
859,SI_ref_13,PB600,CBZ,Synthetic,0.4773489932885906,0.5996708620672542,GradientBoosting,GradientBoosting_2
860,SI_ref_13,PB600,CBZ,Synthetic,0.4437372714068248,0.5797366337922438,GradientBoosting,GradientBoosting_2
861,SI_ref_13,PB600,CBZ,Synthetic,0.35791881074899945,0.5797366337922438,GradientBoosting,GradientBoosting_2
862,SI_ref_13,PB600,CBZ,Synthetic,0.32426715019643393,0.5797366337922438,GradientBoosting,GradientBoosting_2
863,SI_ref_13,PB600,CBZ,Synthetic,0.24055829228243014,0.5797366337922438,GradientBoosting,GradientBoosting_2
864,SI_ref_13,PB600,CBZ,Synthetic,0.44839549002601903,0.5440857002186577,GradientBoosting,GradientBoosting_2
865,SI_ref_13,PB600,CBZ,Synthetic,0.5528523489932886,0.5440857002186577,GradientBoosting,GradientBoosting_2
866,SI_ref_13,PB600,CBZ,Synthetic,0.5653368025440879,0.5797366337922438,GradientBoosting,GradientBoosting_2
867,SI_ref_13,PB600,CBZ,Synthetic,0.6235906331309627,0.5797366337922438,GradientBoosting,GradientBoosting_2
868,SI_ref_13,PB600,CBZ,Synthetic,0.6991037872217403,0.5797366337922438,GradientBoosting,GradientBoosting_2
869,SI_ref_13,PB600,CBZ,Synthetic,0.7401395944327428,0.5797366337922438,GradientBoosting,GradientBoosting_2
870,SI_ref_13,PB600,CBZ,Synthetic,0.8642533936651583,0.5675890605958733,GradientBoosting,GradientBoosting_2
871,SI_ref_13,PB600,CBZ,Synthetic,0.6953242835595775,0.5675890605958733,GradientBoosting,GradientBoosting_2
872,SI_ref_13,PB600,CBZ,Synthetic,0.4479638009049774,0.5675890605958733,GradientBoosting,GradientBoosting_2
873,SI_ref_13,PB600,CBZ,Synthetic,0.36651583710407243,0.5675890605958733,GradientBoosting,GradientBoosting_2
874,SI_ref_13,PB600,CBZ,Synthetic,0.248868778280543,0.5675890605958733,GradientBoosting,GradientBoosting_2
898,SI_ref_13,PB600,CBZ,Synthetic,0.244663382594417,0.5797366337922438,GradientBoosting,GradientBoosting_2
899,SI_ref_13,PB800,CBZ,Synthetic,0.27061079156395507,0.435859787852071,GradientBoosting,GradientBoosting_2
900,SI_ref_13,PB800,CBZ,Synthetic,0.22678718159408381,0.43334992194419664,GradientBoosting,GradientBoosting_2
901,SI_ref_13,PB800,CBZ,Synthetic,0.18844152287044644,0.41221598754791766,GradientBoosting,GradientBoosting_2
902,SI_ref_13,PB800,CBZ,Synthetic,0.17748562037797863,0.4033715251856185,GradientBoosting,GradientBoosting_2
903,SI_ref_13,PB800,CBZ,Synthetic,0.16379074226239385,0.395148710413627,GradientBoosting,GradientBoosting_2
904,SI_ref_13,PB800,CBZ,Synthetic,0.155573815393043,0.3939451944000965,GradientBoosting,GradientBoosting_2
905,SI_ref_13,PB800,CBZ,Synthetic,0.08520900321543408,0.3939451944000965,GradientBoosting,GradientBoosting_2
906,SI_ref_13,PB800,CBZ,Synthetic,0.16135346756152125,0.38474380240721084,GradientBoosting,GradientBoosting_2
907,SI_ref_13,PB800,CBZ,Synthetic,0.1561792870827899,0.3939451944000965,GradientBoosting,GradientBoosting_2
908,SI_ref_13,PB800,CBZ,Synthetic,0.13676633444075306,0.3939451944000965,GradientBoosting,GradientBoosting_2
909,SI_ref_13,PB800,CBZ,Synthetic,0.1002310803004044,0.3939451944000965,GradientBoosting,GradientBoosting_2
910,SI_ref_13,PB800,CBZ,Synthetic,0.04322336667164253,0.3939451944000965,GradientBoosting,GradientBoosting_2
911,SI_ref_13,PB800,CBZ,Synthetic,0.20609619686800895,0.37838355644983135,GradientBoosting,GradientBoosting_2
912,SI_ref_13,PB800,CBZ,Synthetic,0.1865212527964206,0.37838355644983135,GradientBoosting,GradientBoosting_2
913,SI_ref_13,PB800,CBZ,Synthetic,0.28121650589496244,0.3939451944000965,GradientBoosting,GradientBoosting_2
914,SI_ref_13,PB800,CBZ,Synthetic,0.36611289746337977,0.3939451944000965,GradientBoosting,GradientBoosting_2
915,SI_ref_13,PB800,CBZ,Synthetic,0.5117363344051448,0.3939451944000965,GradientBoosting,GradientBoosting_2
916,SI_ref_13,PB800,CBZ,Synthetic,0.5707012708620426,0.3939451944000965,GradientBoosting,GradientBoosting_2
917,SI_ref_13,PB800,CBZ,Synthetic,0.5791052918712493,0.39851166760600737,GradientBoosting,GradientBoosting_2
918,SI_ref_13,PB800,CBZ,Synthetic,0.30905619203491547,0.39851166760600737,GradientBoosting,GradientBoosting_2
919,SI_ref_13,PB800,CBZ,Synthetic,0.16448445171849424,0.39851166760600737,GradientBoosting,GradientBoosting_2
920,SI_ref_13,PB800,CBZ,Synthetic,0.12460736493062231,0.39851166760600737,GradientBoosting,GradientBoosting_2
921,SI_ref_13,PB800,CBZ,Synthetic,0.08265139116202945,0.39851166760600737,GradientBoosting,GradientBoosting_2
987,SI_ref_15,PSB,TEB,Synthetic,0.9529494921755761,0.9679367563297188,GradientBoosting,GradientBoosting_2
988,SI_ref_15,PSB,TEB,Synthetic,0.9422238246841239,0.9581789790132023,GradientBoosting,GradientBoosting_2
989,SI_ref_15,PSB,TEB,Synthetic,0.9297851778252496,0.944349638482162,GradientBoosting,GradientBoosting_2
990,SI_ref_15,PSB,TEB,Synthetic,0.9225192311101157,0.9312634540627736,GradientBoosting,GradientBoosting_2
991,SI_ref_15,PSB,TEB,Synthetic,0.920805363267918,0.9207516451010479,GradientBoosting,GradientBoosting_2
992,SI_ref_15,PSB,TEB,Synthetic,0.9178876121047361,0.9207516451010479,GradientBoosting,GradientBoosting_2
993,SI_ref_15,PSB,TEB,Synthetic,0.9171857170319854,0.9192051868639204,GradientBoosting,GradientBoosting_2
994,SI_ref_15,PSB,TEB,Synthetic,0.9362126098667423,0.9244370908097909,GradientBoosting,GradientBoosting_2
995,SI_ref_15,PSB,TEB,Synthetic,0.9575716949823408,0.9244370908097909,GradientBoosting,GradientBoosting_2
996,SI_ref_15,PSB,TEB,Synthetic,0.9144403299752767,0.9244370908097909,GradientBoosting,GradientBoosting_2
997,SI_ref_15,PSB,TEB,Synthetic,0.9131362601666559,0.9244370908097909,GradientBoosting,GradientBoosting_2
998,SI_ref_15,PSB,TEB,Synthetic,0.9073783566890704,0.9244370908097909,GradientBoosting,GradientBoosting_2
999,SI_ref_15,PSB,TEB,Synthetic,0.8610942615965279,0.9244370908097909,GradientBoosting,GradientBoosting_2
1000,SI_ref_15,PSB,TEB,Synthetic,0.8714762044822667,0.9244370908097909,GradientBoosting,GradientBoosting_2
1001,SI_ref_15,PSB,TEB,Synthetic,0.8650362109004135,0.9244370908097909,GradientBoosting,GradientBoosting_2
1002,SI_ref_15,PSB,TEB,Synthetic,0.9441016733966956,0.9244370908097909,GradientBoosting,GradientBoosting_2
1003,SI_ref_15,PSB,TEB,Synthetic,0.952584477756588,0.9244370908097909,GradientBoosting,GradientBoosting_2
1004,SI_ref_15,PSB,TEB,Synthetic,0.9589909115585907,0.9244370908097909,GradientBoosting,GradientBoosting_2
1005,SI_ref_15,PSB,TEB,Synthetic,0.9629553594597028,0.9244370908097909,GradientBoosting,GradientBoosting_2
1052,SI_ref_15,PSBOX-A,TEB,Synthetic,0.5158767649493458,0.40393831181261436,GradientBoosting,GradientBoosting_2
1053,SI_ref_15,PSBOX-A,TEB,Synthetic,0.41210379963008376,0.37638707437952257,GradientBoosting,GradientBoosting_2
1054,SI_ref_15,PSBOX-A,TEB,Synthetic,0.30623403384032577,0.3300385598083217,GradientBoosting,GradientBoosting_2
1055,SI_ref_15,PSBOX-A,TEB,Synthetic,0.21283845390046752,0.23892870090181692,GradientBoosting,GradientBoosting_2
1056,SI_ref_15,PSBOX-A,TEB,Synthetic,0.12421842587964138,0.2294089228530596,GradientBoosting,GradientBoosting_2
1057,SI_ref_15,PSBOX-A,TEB,Synthetic,0.09371708683213013,0.2294089228530596,GradientBoosting,GradientBoosting_2
1058,SI_ref_15,PSBOX-A,TEB,Synthetic,0.07890621232231329,0.2294089228530596,GradientBoosting,GradientBoosting_2
1059,SI_ref_15,PSBOX-A,TEB,Synthetic,0.07277962857952934,0.24980152090191057,GradientBoosting,GradientBoosting_2
1060,SI_ref_15,PSBOX-A,TEB,Synthetic,0.5073983287736047,0.2739955302509299,GradientBoosting,GradientBoosting_2
1061,SI_ref_15,PSBOX-A,TEB,Synthetic,0.5163778457532948,0.27033486546559893,GradientBoosting,GradientBoosting_2
1062,SI_ref_15,PSBOX-A,TEB,Synthetic,0.5077105405964751,0.24980152090191057,GradientBoosting,GradientBoosting_2
1063,SI_ref_15,PSBOX-A,TEB,Synthetic,0.058828707349529885,0.24980152090191057,GradientBoosting,GradientBoosting_2
1064,SI_ref_15,PSBOX-A,TEB,Synthetic,0.4930488637978448,0.2599570369195678,GradientBoosting,GradientBoosting_2
1065,SI_ref_15,PSBOX-A,TEB,Synthetic,0.5160089507499187,0.2679514778647195,GradientBoosting,GradientBoosting_2
1066,SI_ref_15,PSBOX-A,TEB,Synthetic,0.07083175356135256,0.24980152090191057,GradientBoosting,GradientBoosting_2
1067,SI_ref_15,PSBOX-A,TEB,Synthetic,0.051172794584274484,0.24980152090191057,GradientBoosting,GradientBoosting_2
1068,SI_ref_15,PSBOX-A,TEB,Synthetic,0.04750722464731311,0.24980152090191057,GradientBoosting,GradientBoosting_2
1069,SI_ref_15,PSBOX-A,TEB,Synthetic,0.04108376658313895,0.24980152090191057,GradientBoosting,GradientBoosting_2
1070,SI_ref_15,PSBOX-A,TEB,Synthetic,0.04527670142322688,0.24980152090191057,GradientBoosting,GradientBoosting_2
1071,SI_ref_15,PSBOX-A,TEB,Synthetic,0.04243318293660387,0.24980152090191057,GradientBoosting,GradientBoosting_2
1072,SI_ref_15,PSBOX-A,TEB,Synthetic,0.09409506092292502,0.24980152090191057,GradientBoosting,GradientBoosting_2
1073,SI_ref_15,PSBOX-A,TEB,Synthetic,0.28314921751011557,0.24980152090191057,GradientBoosting,GradientBoosting_2
1074,SI_ref_15,PSBOX-A,TEB,Synthetic,0.44223994246690523,0.24980152090191057,GradientBoosting,GradientBoosting_2
1075,SI_ref_15,PSBOX-A,TEB,Synthetic,0.5102144207532882,0.24980152090191057,GradientBoosting,GradientBoosting_2
1077,SI_ref_17,Pristine SCG biochar,CBZ,Synthetic,0.9431980957558961,0.9506005818440039,GradientBoosting,GradientBoosting_2
1079,SI_ref_17,Pristine SCG biochar,CBZ,Synthetic,0.9360319849357849,0.9408428045274874,GradientBoosting,GradientBoosting_2
1081,SI_ref_17,Pristine SCG biochar,CBZ,Synthetic,0.9307104448319532,0.921427650776363,GradientBoosting,GradientBoosting_2
1083,SI_ref_17,Pristine SCG biochar,CBZ,Synthetic,0.9258716624342764,0.9096589838186192,GradientBoosting,GradientBoosting_2
1085,SI_ref_17,Pristine SCG biochar,CBZ,Synthetic,0.9157118703628806,0.9046821790182191,GradientBoosting,GradientBoosting_2
1087,SI_ref_17,Pristine SCG biochar,CBZ,Synthetic,0.9147137334986508,0.9026204191970499,GradientBoosting,GradientBoosting_2
1089,SI_ref_17,Pristine SCG biochar,CBZ,Synthetic,0.9138427672538969,0.9010739609599224,GradientBoosting,GradientBoosting_2
1091,SI_ref_17,Pristine SCG biochar,CBZ,Synthetic,0.8932130468798682,0.8423718614201542,GradientBoosting,GradientBoosting_2
1093,SI_ref_17,Pristine SCG biochar,CBZ,Synthetic,0.9247624360467385,0.9063058649057929,GradientBoosting,GradientBoosting_2
1095,SI_ref_17,Pristine SCG biochar,CBZ,Synthetic,0.9071706166070994,0.9063058649057929,GradientBoosting,GradientBoosting_2
1097,SI_ref_17,Pristine SCG biochar,CBZ,Synthetic,0.908534541255576,0.9063058649057929,GradientBoosting,GradientBoosting_2
1099,SI_ref_17,Pristine SCG biochar,CBZ,Synthetic,0.903895578148675,0.9063058649057929,GradientBoosting,GradientBoosting_2
1101,SI_ref_17,Pristine SCG biochar,CBZ,Synthetic,0.9071468090110305,0.9063058649057929,GradientBoosting,GradientBoosting_2
1103,SI_ref_17,Pristine SCG biochar,CBZ,Synthetic,0.890879570190962,0.9063058649057929,GradientBoosting,GradientBoosting_2
1105,SI_ref_17,Pristine SCG biochar,CBZ,Synthetic,0.8806314346444372,0.92763809934467,GradientBoosting,GradientBoosting_2
1107,SI_ref_17,Pristine SCG biochar,CBZ,Synthetic,0.9289062306369882,0.9063058649057929,GradientBoosting,GradientBoosting_2
1109,SI_ref_17,Pristine SCG biochar,CBZ,Synthetic,0.9261272699552149,0.9063058649057929,GradientBoosting,GradientBoosting_2
1111,SI_ref_17,Pristine SCG biochar,CBZ,Synthetic,0.9403460613803251,0.9063058649057929,GradientBoosting,GradientBoosting_2
1113,SI_ref_17,Pristine SCG biochar,CBZ,Synthetic,0.9373850128799738,0.9063058649057929,GradientBoosting,GradientBoosting_2
1115,SI_ref_17,Pristine SCG biochar,CBZ,Synthetic,0.925161257978969,0.9063058649057929,GradientBoosting,GradientBoosting_2
1253,SI_ref_18,Pristine SCW Biochar,IBU,Lake water,0.9264336848996528,0.9516752577596576,GradientBoosting,GradientBoosting_2
1255,SI_ref_18,Pristine SCW Biochar,IBU,Lake water,0.9179334532144726,0.941917480443141,GradientBoosting,GradientBoosting_2
1257,SI_ref_18,Pristine SCW Biochar,IBU,Lake water,0.916180999264559,0.930590333305296,GradientBoosting,GradientBoosting_2
1259,SI_ref_18,Pristine SCW Biochar,IBU,Lake water,0.9235678454978681,0.915576645279536,GradientBoosting,GradientBoosting_2
1261,SI_ref_18,Pristine SCW Biochar,IBU,Lake water,0.9285970293283682,0.90639670659637,GradientBoosting,GradientBoosting_2
1263,SI_ref_18,Pristine SCW Biochar,IBU,Lake water,0.9209592404126973,0.9043349467752008,GradientBoosting,GradientBoosting_2
1265,SI_ref_18,Pristine SCW Biochar,IBU,Lake water,0.9279432945207517,0.9027884885380733,GradientBoosting,GradientBoosting_2
1269,SI_ref_18,Pristine SCW Biochar,IBU,Lake water,0.8974085452250303,0.8879869406048059,GradientBoosting,GradientBoosting_2
1271,SI_ref_18,Pristine SCW Biochar,IBU,Lake water,0.9239929387412031,0.9252837419582738,GradientBoosting,GradientBoosting_2
1273,SI_ref_18,Pristine SCW Biochar,IBU,Lake water,0.9256303580479686,0.9080203924839437,GradientBoosting,GradientBoosting_2
1275,SI_ref_18,Pristine SCW Biochar,IBU,Lake water,0.9240446881745522,0.9080203924839437,GradientBoosting,GradientBoosting_2
1276,SI_ref_18,Pristine SCW Biochar,IBU,Lake water,0.9283922239724117,0.9080203924839437,GradientBoosting,GradientBoosting_2
1277,SI_ref_18,Pristine SCW Biochar,IBU,Lake water,0.9240711354841218,0.9080203924839437,GradientBoosting,GradientBoosting_2
1279,SI_ref_18,Pristine SCW Biochar,IBU,Lake water,0.9204127206373283,0.9080203924839437,GradientBoosting,GradientBoosting_2
1280,SI_ref_18,Pristine SCW Biochar,IBU,Lake water,0.9185968665123906,0.9080203924839437,GradientBoosting,GradientBoosting_2
1281,SI_ref_18,Pristine SCW Biochar,IBU,Lake water,0.9182954449695013,0.9080203924839437,GradientBoosting,GradientBoosting_2
1283,SI_ref_18,Pristine SCW Biochar,IBU,Lake water,0.9158900362354069,0.9080203924839437,GradientBoosting,GradientBoosting_2
1284,SI_ref_18,Pristine SCW Biochar,IBU,Lake water,0.9125854189759445,0.9080203924839437,GradientBoosting,GradientBoosting_2
1285,SI_ref_18,Pristine SCW Biochar,IBU,Lake water,0.9175495400890653,0.9080203924839437,GradientBoosting,GradientBoosting_2
1287,SI_ref_18,Pristine SCW Biochar,IBU,Lake water,0.9120226357855434,0.9080203924839437,GradientBoosting,GradientBoosting_2
1288,SI_ref_18,Pristine SCW Biochar,IBU,Lake water,0.9131050308227836,0.9080203924839437,GradientBoosting,GradientBoosting_2
1289,SI_ref_18,Pristine SCW Biochar,IBU,Lake water,0.91141920930323,0.9080203924839437,GradientBoosting,GradientBoosting_2
1291,SI_ref_18,Pristine SCW Biochar,IBU,Lake water,0.9068652159539504,0.9080203924839437,GradientBoosting,GradientBoosting_2
1292,SI_ref_18,Pristine SCW Biochar,IBU,Lake water,0.9091226364337618,0.9080203924839437,GradientBoosting,GradientBoosting_2
1293,SI_ref_18,Pristine SCW Biochar,IBU,Lake water,0.9067682424855283,0.9080203924839437,GradientBoosting,GradientBoosting_2
1295,SI_ref_18,Pristine SCW Biochar,IBU,Lake water,0.9027540853962883,0.9080203924839437,GradientBoosting,GradientBoosting_2
1296,SI_ref_18,Pristine SCW Biochar,IBU,Lake water,0.9025373859945938,0.9080203924839437,GradientBoosting,GradientBoosting_2
1297,SI_ref_18,Pristine SCW Biochar,IBU,Lake water,0.9026152370210476,0.9080203924839437,GradientBoosting,GradientBoosting_2
1298,SI_ref_18,Pristine SCW Biochar,IBU,Lake water,0.9219347373743266,0.9100837401272281,GradientBoosting,GradientBoosting_2
1300,SI_ref_18,Pristine SCW Biochar,IBU,Lake water,0.9277221749920567,0.9337847881608148,GradientBoosting,GradientBoosting_2
1302,SI_ref_18,Pristine SCW Biochar,IBU,Lake water,0.9340257796823453,0.9337847881608148,GradientBoosting,GradientBoosting_2
2,SI_ref_19,AMCB,IBU,Ground water,0.6563767477253929,0.5856864148285926,HistGradientBoosting,HistGradientBoosting_1
4,SI_ref_19,AMCB,IBU,Ground water,0.5414154110835401,0.5730742803401938,HistGradientBoosting,HistGradientBoosting_1
6,SI_ref_19,AMCB,IBU,Ground water,0.39819987427626136,0.5371981278696203,HistGradientBoosting,HistGradientBoosting_1
8,SI_ref_19,AMCB,IBU,Ground water,0.3426557088502895,0.4105433098835831,HistGradientBoosting,HistGradientBoosting_1
10,SI_ref_19,AMCB,IBU,Ground water,0.3352626765922249,0.3487293843332769,HistGradientBoosting,HistGradientBoosting_1
12,SI_ref_19,AMCB,IBU,Ground water,0.33078034739454093,0.32683278451614306,HistGradientBoosting,HistGradientBoosting_1
14,SI_ref_19,AMCB,IBU,Ground water,0.3305497038875103,0.31841336541566945,HistGradientBoosting,HistGradientBoosting_1
16,SI_ref_19,AMCB,IBU,Ground water,0.029204625724030753,0.302978649423318,HistGradientBoosting,HistGradientBoosting_1
18,SI_ref_19,AMCB,IBU,Ground water,0.005264283840238958,0.2688206734067874,HistGradientBoosting,HistGradientBoosting_1
20,SI_ref_19,AMCB,IBU,Ground water,0.0023766372681587895,0.2378242477298894,HistGradientBoosting,HistGradientBoosting_1
22,SI_ref_19,AMCB,IBU,Ground water,0.32926049296939613,0.2688206734067874,HistGradientBoosting,HistGradientBoosting_1
24,SI_ref_19,AMCB,IBU,Ground water,0.19832193047959257,0.352242511493781,HistGradientBoosting,HistGradientBoosting_1
26,SI_ref_19,AMCB,IBU,Ground water,0.1894672613641715,0.3232364564067962,HistGradientBoosting,HistGradientBoosting_1
28,SI_ref_19,AMCB,IBU,Ground water,0.1528746627917146,0.290529865453815,HistGradientBoosting,HistGradientBoosting_1
30,SI_ref_19,AMCB,IBU,Ground water,0.3449761650083755,0.4094093355899565,HistGradientBoosting,HistGradientBoosting_1
32,SI_ref_19,AMCB,IBU,Ground water,0.30765270742093687,0.38040328050297173,HistGradientBoosting,HistGradientBoosting_1
34,SI_ref_19,AMCB,IBU,Ground water,0.303030777614079,0.3545403972676723,HistGradientBoosting,HistGradientBoosting_1
36,SI_ref_19,AMCB,IBU,Ground water,0.41496556078686897,0.4401984832008158,HistGradientBoosting,HistGradientBoosting_1
38,SI_ref_19,AMCB,IBU,Ground water,0.3766264851820565,0.41620160603286643,HistGradientBoosting,HistGradientBoosting_1
40,SI_ref_19,AMCB,IBU,Ground water,0.38956403906090076,0.3916036160907987,HistGradientBoosting,HistGradientBoosting_1
42,SI_ref_19,AMCB,IBU,Ground water,0.5182383095521604,0.4401984832008158,HistGradientBoosting,HistGradientBoosting_1
44,SI_ref_19,AMCB,IBU,Ground water,0.5024496962602676,0.4165898472756712,HistGradientBoosting,HistGradientBoosting_1
46,SI_ref_19,AMCB,IBU,Ground water,0.48210720700720494,0.3919918573336035,HistGradientBoosting,HistGradientBoosting_1
48,SI_ref_19,AMCB,IBU,Ground water,0.03338351934448727,0.342374124406056,HistGradientBoosting,HistGradientBoosting_1
50,SI_ref_19,AMCB,IBU,Ground water,0.0,0.31258074417667403,HistGradientBoosting,HistGradientBoosting_1
52,SI_ref_19,AMCB,IBU,Ground water,0.003531050071646246,0.2888187268357975,HistGradientBoosting,HistGradientBoosting_1
54,SI_ref_19,AMCB,IBU,Ground water,0.19999798179579809,0.348800582202696,HistGradientBoosting,HistGradientBoosting_1
56,SI_ref_19,AMCB,IBU,Ground water,0.17260220522445793,0.319007201973314,HistGradientBoosting,HistGradientBoosting_1
58,SI_ref_19,AMCB,IBU,Ground water,0.15656878376287445,0.29524518463243743,HistGradientBoosting,HistGradientBoosting_1
60,SI_ref_19,AMCB,IBU,Ground water,0.3457359785263073,0.40798710980478664,HistGradientBoosting,HistGradientBoosting_1
62,SI_ref_19,AMCB,IBU,Ground water,0.32626934953278575,0.3787794046192451,HistGradientBoosting,HistGradientBoosting_1
64,SI_ref_19,AMCB,IBU,Ground water,0.3258728934993643,0.3556595069910315,HistGradientBoosting,HistGradientBoosting_1
66,SI_ref_19,AMCB,IBU,Ground water,0.4885549946229274,0.45399420699750753,HistGradientBoosting,HistGradientBoosting_1
68,SI_ref_19,AMCB,IBU,Ground water,0.39885279506866217,0.4277736486117775,HistGradientBoosting,HistGradientBoosting_1
70,SI_ref_19,AMCB,IBU,Ground water,0.42188356115014575,0.4055761009279428,HistGradientBoosting,HistGradientBoosting_1
72,SI_ref_19,AMCB,IBU,Ground water,0.5107350299703324,0.45502901528573964,HistGradientBoosting,HistGradientBoosting_1
74,SI_ref_19,AMCB,IBU,Ground water,0.5226317382792791,0.4288084569000096,HistGradientBoosting,HistGradientBoosting_1
76,SI_ref_19,AMCB,IBU,Ground water,0.4945842701164504,0.4055761009279428,HistGradientBoosting,HistGradientBoosting_1
78,SI_ref_19,AMCB,IBU,Ground water,0.025848755777109534,0.3573991844092106,HistGradientBoosting,HistGradientBoosting_1
80,SI_ref_19,AMCB,IBU,Ground water,0.008169690609295848,0.3269160037213133,HistGradientBoosting,HistGradientBoosting_1
82,SI_ref_19,AMCB,IBU,Ground water,0.0,0.30451364650651697,HistGradientBoosting,HistGradientBoosting_1
84,SI_ref_19,AMCB,IBU,Ground water,0.2007202298061851,0.35560755555225043,HistGradientBoosting,HistGradientBoosting_1
86,SI_ref_19,AMCB,IBU,Ground water,0.16952726930244136,0.32512437486435314,HistGradientBoosting,HistGradientBoosting_1
88,SI_ref_19,AMCB,IBU,Ground water,0.14747637019246942,0.30451364650651697,HistGradientBoosting,HistGradientBoosting_1
90,SI_ref_19,AMCB,IBU,Ground water,0.34008395729479907,0.4216147694215187,HistGradientBoosting,HistGradientBoosting_1
92,SI_ref_19,AMCB,IBU,Ground water,0.32813530040969546,0.3955554910878822,HistGradientBoosting,HistGradientBoosting_1
94,SI_ref_19,AMCB,IBU,Ground water,0.3191737471997417,0.37494476273004607,HistGradientBoosting,HistGradientBoosting_1
96,SI_ref_19,AMCB,IBU,Ground water,0.45590621693388655,0.4812872265769228,HistGradientBoosting,HistGradientBoosting_1
98,SI_ref_19,AMCB,IBU,Ground water,0.4386715603313315,0.4552279482432863,HistGradientBoosting,HistGradientBoosting_1
100,SI_ref_19,AMCB,IBU,Ground water,0.4136227630368784,0.4346172198854501,HistGradientBoosting,HistGradientBoosting_1
102,SI_ref_19,AMCB,IBU,Ground water,0.15909620069601668,0.368323336913633,HistGradientBoosting,HistGradientBoosting_1
104,SI_ref_19,AMCB,IBU,Ground water,0.32070040208616674,0.4726619487747667,HistGradientBoosting,HistGradientBoosting_1
106,SI_ref_19,AMCB,IBU,Ground water,0.3644459510905023,0.5234330423627334,HistGradientBoosting,HistGradientBoosting_1
108,SI_ref_19,AMCB,IBU,Ground water,0.46356787238707886,0.513766048838939,HistGradientBoosting,HistGradientBoosting_1
110,SI_ref_19,AMCB,IBU,Ground water,0.5205305455205957,0.4987212271084032,HistGradientBoosting,HistGradientBoosting_1
112,SI_ref_19,AMCB,IBU,Ground water,0.5464029950150356,0.4726619487747667,HistGradientBoosting,HistGradientBoosting_1
114,SI_ref_19,AMCB,IBU,Ground water,0.48301499525722014,0.4520512204169305,HistGradientBoosting,HistGradientBoosting_1
117,SI_ref_17,Alkali-modified SCG biochars,CBZ,Synthetic,0.12103690777624292,0.2525102688874616,HistGradientBoosting,HistGradientBoosting_1
119,SI_ref_17,Alkali-modified SCG biochars,CBZ,Synthetic,0.0701486117179634,0.2527730580938588,HistGradientBoosting,HistGradientBoosting_1
121,SI_ref_17,Alkali-modified SCG biochars,CBZ,Synthetic,0.050188840370859876,0.04009321510336916,HistGradientBoosting,HistGradientBoosting_1
123,SI_ref_17,Alkali-modified SCG biochars,CBZ,Synthetic,0.033003190610721066,0.028543487544200073,HistGradientBoosting,HistGradientBoosting_1
125,SI_ref_17,Alkali-modified SCG biochars,CBZ,Synthetic,0.03511734337104713,0.026363154333272274,HistGradientBoosting,HistGradientBoosting_1
127,SI_ref_17,Alkali-modified SCG biochars,CBZ,Synthetic,0.03195287629892775,0.026363154333272274,HistGradientBoosting,HistGradientBoosting_1
129,SI_ref_17,Alkali-modified SCG biochars,CBZ,Synthetic,0.03449328813829176,0.026363154333272274,HistGradientBoosting,HistGradientBoosting_1
132,SI_ref_17,Alkali-modified SCG biochars,CBZ,Synthetic,0.041716779164719504,0.2082811465506846,HistGradientBoosting,HistGradientBoosting_1
134,SI_ref_17,Alkali-modified SCG biochars,CBZ,Synthetic,0.00635796336582959,0.2082811465506846,HistGradientBoosting,HistGradientBoosting_1
136,SI_ref_17,Alkali-modified SCG biochars,CBZ,Synthetic,0.011730609548845337,0.2082811465506846,HistGradientBoosting,HistGradientBoosting_1
138,SI_ref_17,Alkali-modified SCG biochars,CBZ,Synthetic,0.01988738850164665,0.2082811465506846,HistGradientBoosting,HistGradientBoosting_1
140,SI_ref_17,Alkali-modified SCG biochars,CBZ,Synthetic,0.006132526431344026,0.2082811465506846,HistGradientBoosting,HistGradientBoosting_1
142,SI_ref_17,Alkali-modified SCG biochars,CBZ,Synthetic,0.007712590639419909,0.2082811465506846,HistGradientBoosting,HistGradientBoosting_1
145,SI_ref_17,Alkali-modified SCG biochars,CBZ,Synthetic,0.10268999927349255,0.2082811465506846,HistGradientBoosting,HistGradientBoosting_1
147,SI_ref_17,Alkali-modified SCG biochars,CBZ,Synthetic,0.14439822919669368,0.2082811465506846,HistGradientBoosting,HistGradientBoosting_1
149,SI_ref_17,Alkali-modified SCG biochars,CBZ,Synthetic,0.34003506921741083,0.2082811465506846,HistGradientBoosting,HistGradientBoosting_1
151,SI_ref_17,Alkali-modified SCG biochars,CBZ,Synthetic,0.4516798693491866,0.2082811465506846,HistGradientBoosting,HistGradientBoosting_1
153,SI_ref_17,Alkali-modified SCG biochars,CBZ,Synthetic,0.5612135486607656,0.2082811465506846,HistGradientBoosting,HistGradientBoosting_1
282,SI_ref_19,CB,IBU,Ground water,0.9280102961124896,0.9331621246827554,HistGradientBoosting,HistGradientBoosting_1
284,SI_ref_19,CB,IBU,Ground water,0.9242732043010754,0.9352380943065203,HistGradientBoosting,HistGradientBoosting_1
286,SI_ref_19,CB,IBU,Ground water,0.9218881323407775,0.9311518282040717,HistGradientBoosting,HistGradientBoosting_1
288,SI_ref_19,CB,IBU,Ground water,0.9215853366418528,0.9341243119533313,HistGradientBoosting,HistGradientBoosting_1
290,SI_ref_19,CB,IBU,Ground water,0.9207959503722085,0.9311360473511912,HistGradientBoosting,HistGradientBoosting_1
292,SI_ref_19,CB,IBU,Ground water,0.9207361323407776,0.9274570468478699,HistGradientBoosting,HistGradientBoosting_1
294,SI_ref_19,CB,IBU,Ground water,0.9206762613730356,0.9284430739824219,HistGradientBoosting,HistGradientBoosting_1
296,SI_ref_19,CB,IBU,Ground water,0.9945207101387852,0.947915194327479,HistGradientBoosting,HistGradientBoosting_1
298,SI_ref_19,CB,IBU,Ground water,0.9765877548823724,0.9274631039088355,HistGradientBoosting,HistGradientBoosting_1
300,SI_ref_19,CB,IBU,Ground water,0.9595058090644278,0.929626104530133,HistGradientBoosting,HistGradientBoosting_1
302,SI_ref_19,CB,IBU,Ground water,0.9409019130333385,0.947915194327479,HistGradientBoosting,HistGradientBoosting_1
304,SI_ref_19,CB,IBU,Ground water,0.9323428884090048,0.9274631039088355,HistGradientBoosting,HistGradientBoosting_1
306,SI_ref_19,CB,IBU,Ground water,0.9259231602386863,0.929626104530133,HistGradientBoosting,HistGradientBoosting_1
308,SI_ref_19,CB,IBU,Ground water,0.8753590996713628,0.9096491620132298,HistGradientBoosting,HistGradientBoosting_1
310,SI_ref_19,CB,IBU,Ground water,0.9341230700922319,0.947915194327479,HistGradientBoosting,HistGradientBoosting_1
312,SI_ref_19,CB,IBU,Ground water,0.9234390298948024,0.9274631039088355,HistGradientBoosting,HistGradientBoosting_1
314,SI_ref_19,CB,IBU,Ground water,0.917590560186213,0.929626104530133,HistGradientBoosting,HistGradientBoosting_1
316,SI_ref_19,CB,IBU,Ground water,0.9236132062907854,0.9441123129909049,HistGradientBoosting,HistGradientBoosting_1
318,SI_ref_19,CB,IBU,Ground water,0.9231865295080666,0.9390331711917846,HistGradientBoosting,HistGradientBoosting_1
320,SI_ref_19,CB,IBU,Ground water,0.9303445651202417,0.947915194327479,HistGradientBoosting,HistGradientBoosting_1
322,SI_ref_19,CB,IBU,Ground water,0.923151204819856,0.9274631039088355,HistGradientBoosting,HistGradientBoosting_1
324,SI_ref_19,CB,IBU,Ground water,0.9175260660683171,0.929626104530133,HistGradientBoosting,HistGradientBoosting_1
326,SI_ref_19,CB,IBU,Ground water,0.9318432124429017,0.947915194327479,HistGradientBoosting,HistGradientBoosting_1
328,SI_ref_19,CB,IBU,Ground water,0.9241489703794897,0.9274631039088355,HistGradientBoosting,HistGradientBoosting_1
330,SI_ref_19,CB,IBU,Ground water,0.9174641264203113,0.929626104530133,HistGradientBoosting,HistGradientBoosting_1
523,SI_ref_19,MCB,IBU,Ground water,0.9264289561621175,0.9384967508532049,HistGradientBoosting,HistGradientBoosting_1
525,SI_ref_19,MCB,IBU,Ground water,0.9196854524400332,0.9415626943195254,HistGradientBoosting,HistGradientBoosting_1
527,SI_ref_19,MCB,IBU,Ground water,0.9178832092638545,0.9404246454570199,HistGradientBoosting,HistGradientBoosting_1
529,SI_ref_19,MCB,IBU,Ground water,0.9177463688999173,0.94464317554385,HistGradientBoosting,HistGradientBoosting_1
531,SI_ref_19,MCB,IBU,Ground water,0.9177232092638544,0.9414500590624103,HistGradientBoosting,HistGradientBoosting_1
533,SI_ref_19,MCB,IBU,Ground water,0.9175379321753515,0.9358224568837767,HistGradientBoosting,HistGradientBoosting_1
535,SI_ref_19,MCB,IBU,Ground water,0.9173856344086023,0.9349887471037965,HistGradientBoosting,HistGradientBoosting_1
537,SI_ref_19,MCB,IBU,Ground water,0.9902068659306948,0.931748935245471,HistGradientBoosting,HistGradientBoosting_1
539,SI_ref_19,MCB,IBU,Ground water,0.9708228218531151,0.9132107927320406,HistGradientBoosting,HistGradientBoosting_1
541,SI_ref_19,MCB,IBU,Ground water,0.9483485035015843,0.9044197938461083,HistGradientBoosting,HistGradientBoosting_1
543,SI_ref_19,MCB,IBU,Ground water,0.9173115500413566,0.9132107927320406,HistGradientBoosting,HistGradientBoosting_1
545,SI_ref_19,MCB,IBU,Ground water,0.9358359065436908,0.9443487582109468,HistGradientBoosting,HistGradientBoosting_1
547,SI_ref_19,MCB,IBU,Ground water,0.9263512886233829,0.9309625366270624,HistGradientBoosting,HistGradientBoosting_1
549,SI_ref_19,MCB,IBU,Ground water,0.9153544975680639,0.9204613724650468,HistGradientBoosting,HistGradientBoosting_1
551,SI_ref_19,MCB,IBU,Ground water,0.9271238571918706,0.9329131375251543,HistGradientBoosting,HistGradientBoosting_1
553,SI_ref_19,MCB,IBU,Ground water,0.9199191103755877,0.9195269159412699,HistGradientBoosting,HistGradientBoosting_1
555,SI_ref_19,MCB,IBU,Ground water,0.910886274193223,0.9158694594969362,HistGradientBoosting,HistGradientBoosting_1
557,SI_ref_19,MCB,IBU,Ground water,0.8716126359176348,0.850737525282558,HistGradientBoosting,HistGradientBoosting_1
559,SI_ref_19,MCB,IBU,Ground water,0.9228881866842084,0.9385539886510615,HistGradientBoosting,HistGradientBoosting_1
561,SI_ref_19,MCB,IBU,Ground water,0.9227697266379059,0.9636135774942414,HistGradientBoosting,HistGradientBoosting_1
563,SI_ref_19,MCB,IBU,Ground water,0.9221446299502403,0.9606480677889967,HistGradientBoosting,HistGradientBoosting_1
565,SI_ref_19,MCB,IBU,Ground water,0.9254612605703445,0.9473653703326287,HistGradientBoosting,HistGradientBoosting_1
567,SI_ref_19,MCB,IBU,Ground water,0.9188111047361486,0.9385539886510615,HistGradientBoosting,HistGradientBoosting_1
569,SI_ref_19,MCB,IBU,Ground water,0.9124876096677748,0.9347943889570375,HistGradientBoosting,HistGradientBoosting_1
571,SI_ref_19,MCB,IBU,Ground water,0.927696260267614,0.9573615182381404,HistGradientBoosting,HistGradientBoosting_1
573,SI_ref_19,MCB,IBU,Ground water,0.9222883610163676,0.9489383777993781,HistGradientBoosting,HistGradientBoosting_1
575,SI_ref_19,MCB,IBU,Ground water,0.9173366162788351,0.945178778105354,HistGradientBoosting,HistGradientBoosting_1
577,SI_ref_19,MCB,IBU,Ground water,0.9896236049163454,0.9302472966209107,HistGradientBoosting,HistGradientBoosting_1
579,SI_ref_19,MCB,IBU,Ground water,0.9728688772730024,0.91783099089838,HistGradientBoosting,HistGradientBoosting_1
581,SI_ref_19,MCB,IBU,Ground water,0.95367292982704,0.914071391204356,HistGradientBoosting,HistGradientBoosting_1
583,SI_ref_19,MCB,IBU,Ground water,0.9381494412938034,0.9261612684814422,HistGradientBoosting,HistGradientBoosting_1
585,SI_ref_19,MCB,IBU,Ground water,0.925414707326754,0.9137449627589116,HistGradientBoosting,HistGradientBoosting_1
587,SI_ref_19,MCB,IBU,Ground water,0.9200694262245456,0.9107792371620962,HistGradientBoosting,HistGradientBoosting_1
589,SI_ref_19,MCB,IBU,Ground water,0.9296751902157461,0.9221418181477182,HistGradientBoosting,HistGradientBoosting_1
591,SI_ref_19,MCB,IBU,Ground water,0.9221403459202003,0.9097255124251876,HistGradientBoosting,HistGradientBoosting_1
593,SI_ref_19,MCB,IBU,Ground water,0.911624129649438,0.9067597868283722,HistGradientBoosting,HistGradientBoosting_1
595,SI_ref_19,MCB,IBU,Ground water,0.9248851497651674,0.957554317119334,HistGradientBoosting,HistGradientBoosting_1
597,SI_ref_19,MCB,IBU,Ground water,0.9206218375460943,0.948125158196615,HistGradientBoosting,HistGradientBoosting_1
599,SI_ref_19,MCB,IBU,Ground water,0.9170274735254856,0.9460817825441784,HistGradientBoosting,HistGradientBoosting_1
601,SI_ref_19,MCB,IBU,Ground water,0.9300914246503462,0.961186802806076,HistGradientBoosting,HistGradientBoosting_1
603,SI_ref_19,MCB,IBU,Ground water,0.920786534541565,0.951757643883357,HistGradientBoosting,HistGradientBoosting_1
605,SI_ref_19,MCB,IBU,Ground water,0.9160948152334054,0.9476583712759031,HistGradientBoosting,HistGradientBoosting_1
607,SI_ref_19,MCB,IBU,Ground water,0.9861765121394982,0.918104135362596,HistGradientBoosting,HistGradientBoosting_1
609,SI_ref_19,MCB,IBU,Ground water,0.9661781267028597,0.9044123541377096,HistGradientBoosting,HistGradientBoosting_1
611,SI_ref_19,MCB,IBU,Ground water,0.9529992532644452,0.9011430802875263,HistGradientBoosting,HistGradientBoosting_1
613,SI_ref_19,MCB,IBU,Ground water,0.9352947587236877,0.9163125065056358,HistGradientBoosting,HistGradientBoosting_1
615,SI_ref_19,MCB,IBU,Ground water,0.9284499518994666,0.9026207252807493,HistGradientBoosting,HistGradientBoosting_1
617,SI_ref_19,MCB,IBU,Ground water,0.917077774862594,0.9011430802875263,HistGradientBoosting,HistGradientBoosting_1
619,SI_ref_19,MCB,IBU,Ground water,0.9255842902984923,0.9375633600742175,HistGradientBoosting,HistGradientBoosting_1
621,SI_ref_19,MCB,IBU,Ground water,0.9186162384710084,0.9260323756022566,HistGradientBoosting,HistGradientBoosting_1
623,SI_ref_19,MCB,IBU,Ground water,0.9103224686673798,0.9245547306090336,HistGradientBoosting,HistGradientBoosting_1
625,SI_ref_19,MCB,IBU,Ground water,0.9258221154816445,0.9338436510588944,HistGradientBoosting,HistGradientBoosting_1
627,SI_ref_19,MCB,IBU,Ground water,0.921668420582223,0.9223126665869336,HistGradientBoosting,HistGradientBoosting_1
629,SI_ref_19,MCB,IBU,Ground water,0.9150562646500002,0.9208350215937106,HistGradientBoosting,HistGradientBoosting_1
631,SI_ref_19,MCB,IBU,Ground water,0.9296259863973036,0.9512776515903749,HistGradientBoosting,HistGradientBoosting_1
633,SI_ref_19,MCB,IBU,Ground water,0.9216175906678238,0.939746667118414,HistGradientBoosting,HistGradientBoosting_1
635,SI_ref_19,MCB,IBU,Ground water,0.9188076045934327,0.938269022125191,HistGradientBoosting,HistGradientBoosting_1
698,SI_ref_18,NaOH-activated SCW biochars,IBU,Lake water,0.585296751211726,0.556292434810658,HistGradientBoosting,HistGradientBoosting_1
700,SI_ref_18,NaOH-activated SCW biochars,IBU,Lake water,0.6304734220526563,0.5501210152062707,HistGradientBoosting,HistGradientBoosting_1
702,SI_ref_18,NaOH-activated SCW biochars,IBU,Lake water,0.6077686506314385,0.5189771540702958,HistGradientBoosting,HistGradientBoosting_1
704,SI_ref_18,NaOH-activated SCW biochars,IBU,Lake water,0.6040537723014899,0.5217632411346258,HistGradientBoosting,HistGradientBoosting_1
706,SI_ref_18,NaOH-activated SCW biochars,IBU,Lake water,0.6292724453182281,0.5073381161345358,HistGradientBoosting,HistGradientBoosting_1
708,SI_ref_18,NaOH-activated SCW biochars,IBU,Lake water,0.6376478565264503,0.5008361161378863,HistGradientBoosting,HistGradientBoosting_1
710,SI_ref_18,NaOH-activated SCW biochars,IBU,Lake water,0.6108673600702487,0.49871414210686316,HistGradientBoosting,HistGradientBoosting_1
712,SI_ref_18,NaOH-activated SCW biochars,IBU,Lake water,0.10371139816269948,0.5087119953678282,HistGradientBoosting,HistGradientBoosting_1
714,SI_ref_18,NaOH-activated SCW biochars,IBU,Lake water,0.46656560236114836,0.5087119953678282,HistGradientBoosting,HistGradientBoosting_1
716,SI_ref_18,NaOH-activated SCW biochars,IBU,Lake water,0.44106817459704084,0.4428565368267765,HistGradientBoosting,HistGradientBoosting_1
718,SI_ref_18,NaOH-activated SCW biochars,IBU,Lake water,0.6893393142281772,0.5480744186073284,HistGradientBoosting,HistGradientBoosting_1
720,SI_ref_18,NaOH-activated SCW biochars,IBU,Lake water,0.621379975330744,0.5087119953678282,HistGradientBoosting,HistGradientBoosting_1
722,SI_ref_18,NaOH-activated SCW biochars,IBU,Lake water,0.6727437787241767,0.5087119953678282,HistGradientBoosting,HistGradientBoosting_1
723,SI_ref_18,NaOH-activated SCW biochars,IBU,Lake water,0.6293605973980515,0.5087119953678282,HistGradientBoosting,HistGradientBoosting_1
724,SI_ref_18,NaOH-activated SCW biochars,IBU,Lake water,0.6573710855713073,0.5087119953678282,HistGradientBoosting,HistGradientBoosting_1
726,SI_ref_18,NaOH-activated SCW biochars,IBU,Lake water,0.6298354173553987,0.5087119953678282,HistGradientBoosting,HistGradientBoosting_1
727,SI_ref_18,NaOH-activated SCW biochars,IBU,Lake water,0.6523803226831055,0.5087119953678282,HistGradientBoosting,HistGradientBoosting_1
728,SI_ref_18,NaOH-activated SCW biochars,IBU,Lake water,0.6378679449532959,0.5087119953678282,HistGradientBoosting,HistGradientBoosting_1
730,SI_ref_18,NaOH-activated SCW biochars,IBU,Lake water,0.627404015064595,0.5087119953678282,HistGradientBoosting,HistGradientBoosting_1
731,SI_ref_18,NaOH-activated SCW biochars,IBU,Lake water,0.6077370696640284,0.5087119953678282,HistGradientBoosting,HistGradientBoosting_1
732,SI_ref_18,NaOH-activated SCW biochars,IBU,Lake water,0.6159420233488258,0.5087119953678282,HistGradientBoosting,HistGradientBoosting_1
734,SI_ref_18,NaOH-activated SCW biochars,IBU,Lake water,0.6074163960354965,0.5087119953678282,HistGradientBoosting,HistGradientBoosting_1
735,SI_ref_18,NaOH-activated SCW biochars,IBU,Lake water,0.6146046840259546,0.5087119953678282,HistGradientBoosting,HistGradientBoosting_1
736,SI_ref_18,NaOH-activated SCW biochars,IBU,Lake water,0.6281995086504742,0.5087119953678282,HistGradientBoosting,HistGradientBoosting_1
738,SI_ref_18,NaOH-activated SCW biochars,IBU,Lake water,0.6298527247859258,0.5087119953678282,HistGradientBoosting,HistGradientBoosting_1
739,SI_ref_18,NaOH-activated SCW biochars,IBU,Lake water,0.576999656444263,0.5087119953678282,HistGradientBoosting,HistGradientBoosting_1
740,SI_ref_18,NaOH-activated SCW biochars,IBU,Lake water,0.5791171913994386,0.5087119953678282,HistGradientBoosting,HistGradientBoosting_1
742,SI_ref_18,NaOH-activated SCW biochars,IBU,Lake water,0.5786725135963804,0.5087119953678282,HistGradientBoosting,HistGradientBoosting_1
743,SI_ref_18,NaOH-activated SCW biochars,IBU,Lake water,0.6233870058145189,0.5087119953678282,HistGradientBoosting,HistGradientBoosting_1
744,SI_ref_18,NaOH-activated SCW biochars,IBU,Lake water,0.5944978576382812,0.5087119953678282,HistGradientBoosting,HistGradientBoosting_1
745,SI_ref_18,NaOH-activated SCW biochars,IBU,Lake water,0.5630080357470825,0.5025202150129482,HistGradientBoosting,HistGradientBoosting_1
747,SI_ref_18,NaOH-activated SCW biochars,IBU,Lake water,0.6846241766923425,0.5933338726689269,HistGradientBoosting,HistGradientBoosting_1
749,SI_ref_18,NaOH-activated SCW biochars,IBU,Lake water,0.744908980376152,0.5851617682723851,HistGradientBoosting,HistGradientBoosting_1
751,SI_ref_18,NaOH-activated SCW biochars,IBU,Lake water,0.6869669848084122,0.5087119953678282,HistGradientBoosting,HistGradientBoosting_1
753,SI_ref_18,NaOH-activated SCW biochars,IBU,Lake water,0.7932075459644551,0.5087119953678282,HistGradientBoosting,HistGradientBoosting_1
852,SI_ref_13,PB600,CBZ,Synthetic,0.5776772247360483,0.6146787875471265,HistGradientBoosting,HistGradientBoosting_1
853,SI_ref_13,PB600,CBZ,Synthetic,0.5656108597285068,0.6149415767535237,HistGradientBoosting,HistGradientBoosting_1
854,SI_ref_13,PB600,CBZ,Synthetic,0.5475113122171945,0.5948245885442951,HistGradientBoosting,HistGradientBoosting_1
855,SI_ref_13,PB600,CBZ,Synthetic,0.4479638009049774,0.5612960413996424,HistGradientBoosting,HistGradientBoosting_1
856,SI_ref_13,PB600,CBZ,Synthetic,0.45098039215686275,0.5286504647894029,HistGradientBoosting,HistGradientBoosting_1
857,SI_ref_13,PB600,CBZ,Synthetic,0.42684766214177977,0.5046516783581991,HistGradientBoosting,HistGradientBoosting_1
858,SI_ref_13,PB600,CBZ,Synthetic,0.32437120555073723,0.5046516783581991,HistGradientBoosting,HistGradientBoosting_1
859,SI_ref_13,PB600,CBZ,Synthetic,0.4773489932885906,0.5120925734063984,HistGradientBoosting,HistGradientBoosting_1
860,SI_ref_13,PB600,CBZ,Synthetic,0.4437372714068248,0.5046516783581991,HistGradientBoosting,HistGradientBoosting_1
861,SI_ref_13,PB600,CBZ,Synthetic,0.35791881074899945,0.5046516783581991,HistGradientBoosting,HistGradientBoosting_1
862,SI_ref_13,PB600,CBZ,Synthetic,0.32426715019643393,0.5046516783581991,HistGradientBoosting,HistGradientBoosting_1
863,SI_ref_13,PB600,CBZ,Synthetic,0.24055829228243014,0.5046516783581991,HistGradientBoosting,HistGradientBoosting_1
864,SI_ref_13,PB600,CBZ,Synthetic,0.44839549002601903,0.4732443351589192,HistGradientBoosting,HistGradientBoosting_1
865,SI_ref_13,PB600,CBZ,Synthetic,0.5528523489932886,0.4732443351589192,HistGradientBoosting,HistGradientBoosting_1
866,SI_ref_13,PB600,CBZ,Synthetic,0.5653368025440879,0.5046516783581991,HistGradientBoosting,HistGradientBoosting_1
867,SI_ref_13,PB600,CBZ,Synthetic,0.6235906331309627,0.5046516783581991,HistGradientBoosting,HistGradientBoosting_1
868,SI_ref_13,PB600,CBZ,Synthetic,0.6991037872217403,0.5046516783581991,HistGradientBoosting,HistGradientBoosting_1
869,SI_ref_13,PB600,CBZ,Synthetic,0.7401395944327428,0.5046516783581991,HistGradientBoosting,HistGradientBoosting_1
870,SI_ref_13,PB600,CBZ,Synthetic,0.8642533936651583,0.5361137549265406,HistGradientBoosting,HistGradientBoosting_1
871,SI_ref_13,PB600,CBZ,Synthetic,0.6953242835595775,0.5361137549265406,HistGradientBoosting,HistGradientBoosting_1
872,SI_ref_13,PB600,CBZ,Synthetic,0.4479638009049774,0.5361137549265406,HistGradientBoosting,HistGradientBoosting_1
873,SI_ref_13,PB600,CBZ,Synthetic,0.36651583710407243,0.5361137549265406,HistGradientBoosting,HistGradientBoosting_1
874,SI_ref_13,PB600,CBZ,Synthetic,0.248868778280543,0.5361137549265406,HistGradientBoosting,HistGradientBoosting_1
898,SI_ref_13,PB600,CBZ,Synthetic,0.244663382594417,0.5046516783581991,HistGradientBoosting,HistGradientBoosting_1
899,SI_ref_13,PB800,CBZ,Synthetic,0.27061079156395507,0.4286458443033873,HistGradientBoosting,HistGradientBoosting_1
900,SI_ref_13,PB800,CBZ,Synthetic,0.22678718159408381,0.42890863350978453,HistGradientBoosting,HistGradientBoosting_1
901,SI_ref_13,PB800,CBZ,Synthetic,0.18844152287044644,0.38564885097908314,HistGradientBoosting,HistGradientBoosting_1
902,SI_ref_13,PB800,CBZ,Synthetic,0.17748562037797863,0.31359921816748837,HistGradientBoosting,HistGradientBoosting_1
903,SI_ref_13,PB800,CBZ,Synthetic,0.16379074226239385,0.28227222296387566,HistGradientBoosting,HistGradientBoosting_1
904,SI_ref_13,PB800,CBZ,Synthetic,0.155573815393043,0.2820108478540432,HistGradientBoosting,HistGradientBoosting_1
905,SI_ref_13,PB800,CBZ,Synthetic,0.08520900321543408,0.2820108478540432,HistGradientBoosting,HistGradientBoosting_1
906,SI_ref_13,PB800,CBZ,Synthetic,0.16135346756152125,0.28588843998702235,HistGradientBoosting,HistGradientBoosting_1
907,SI_ref_13,PB800,CBZ,Synthetic,0.1561792870827899,0.2820108478540432,HistGradientBoosting,HistGradientBoosting_1
908,SI_ref_13,PB800,CBZ,Synthetic,0.13676633444075306,0.2820108478540432,HistGradientBoosting,HistGradientBoosting_1
909,SI_ref_13,PB800,CBZ,Synthetic,0.1002310803004044,0.2820108478540432,HistGradientBoosting,HistGradientBoosting_1
910,SI_ref_13,PB800,CBZ,Synthetic,0.04322336667164253,0.2820108478540432,HistGradientBoosting,HistGradientBoosting_1
911,SI_ref_13,PB800,CBZ,Synthetic,0.20609619686800895,0.2587758459790582,HistGradientBoosting,HistGradientBoosting_1
912,SI_ref_13,PB800,CBZ,Synthetic,0.1865212527964206,0.2587758459790582,HistGradientBoosting,HistGradientBoosting_1
913,SI_ref_13,PB800,CBZ,Synthetic,0.28121650589496244,0.2820108478540432,HistGradientBoosting,HistGradientBoosting_1
914,SI_ref_13,PB800,CBZ,Synthetic,0.36611289746337977,0.2820108478540432,HistGradientBoosting,HistGradientBoosting_1
915,SI_ref_13,PB800,CBZ,Synthetic,0.5117363344051448,0.2820108478540432,HistGradientBoosting,HistGradientBoosting_1
916,SI_ref_13,PB800,CBZ,Synthetic,0.5707012708620426,0.2820108478540432,HistGradientBoosting,HistGradientBoosting_1
917,SI_ref_13,PB800,CBZ,Synthetic,0.5791052918712493,0.35093856245084226,HistGradientBoosting,HistGradientBoosting_1
918,SI_ref_13,PB800,CBZ,Synthetic,0.30905619203491547,0.35093856245084226,HistGradientBoosting,HistGradientBoosting_1
919,SI_ref_13,PB800,CBZ,Synthetic,0.16448445171849424,0.35093856245084226,HistGradientBoosting,HistGradientBoosting_1
920,SI_ref_13,PB800,CBZ,Synthetic,0.12460736493062231,0.35093856245084226,HistGradientBoosting,HistGradientBoosting_1
921,SI_ref_13,PB800,CBZ,Synthetic,0.08265139116202945,0.35093856245084226,HistGradientBoosting,HistGradientBoosting_1
987,SI_ref_15,PSB,TEB,Synthetic,0.9529494921755761,0.9578040384468051,HistGradientBoosting,HistGradientBoosting_1
988,SI_ref_15,PSB,TEB,Synthetic,0.9422238246841239,0.9501216025593818,HistGradientBoosting,HistGradientBoosting_1
989,SI_ref_15,PSB,TEB,Synthetic,0.9297851778252496,0.9402520310944465,HistGradientBoosting,HistGradientBoosting_1
990,SI_ref_15,PSB,TEB,Synthetic,0.9225192311101157,0.9405346214671759,HistGradientBoosting,HistGradientBoosting_1
991,SI_ref_15,PSB,TEB,Synthetic,0.920805363267918,0.9295704396456569,HistGradientBoosting,HistGradientBoosting_1
992,SI_ref_15,PSB,TEB,Synthetic,0.9178876121047361,0.9264267929645109,HistGradientBoosting,HistGradientBoosting_1
993,SI_ref_15,PSB,TEB,Synthetic,0.9171857170319854,0.9252958873597805,HistGradientBoosting,HistGradientBoosting_1
994,SI_ref_15,PSB,TEB,Synthetic,0.9362126098667423,0.9237377726431745,HistGradientBoosting,HistGradientBoosting_1
995,SI_ref_15,PSB,TEB,Synthetic,0.9575716949823408,0.9237377726431745,HistGradientBoosting,HistGradientBoosting_1
996,SI_ref_15,PSB,TEB,Synthetic,0.9144403299752767,0.9237377726431745,HistGradientBoosting,HistGradientBoosting_1
997,SI_ref_15,PSB,TEB,Synthetic,0.9131362601666559,0.9237377726431745,HistGradientBoosting,HistGradientBoosting_1
998,SI_ref_15,PSB,TEB,Synthetic,0.9073783566890704,0.9237377726431745,HistGradientBoosting,HistGradientBoosting_1
999,SI_ref_15,PSB,TEB,Synthetic,0.8610942615965279,0.9237377726431745,HistGradientBoosting,HistGradientBoosting_1
1000,SI_ref_15,PSB,TEB,Synthetic,0.8714762044822667,0.9237377726431745,HistGradientBoosting,HistGradientBoosting_1
1001,SI_ref_15,PSB,TEB,Synthetic,0.8650362109004135,0.9237377726431745,HistGradientBoosting,HistGradientBoosting_1
1002,SI_ref_15,PSB,TEB,Synthetic,0.9441016733966956,0.9237377726431745,HistGradientBoosting,HistGradientBoosting_1
1003,SI_ref_15,PSB,TEB,Synthetic,0.952584477756588,0.9237377726431745,HistGradientBoosting,HistGradientBoosting_1
1004,SI_ref_15,PSB,TEB,Synthetic,0.9589909115585907,0.9237377726431745,HistGradientBoosting,HistGradientBoosting_1
1005,SI_ref_15,PSB,TEB,Synthetic,0.9629553594597028,0.9237377726431745,HistGradientBoosting,HistGradientBoosting_1
1052,SI_ref_15,PSBOX-A,TEB,Synthetic,0.5158767649493458,0.5241629736498942,HistGradientBoosting,HistGradientBoosting_1
1053,SI_ref_15,PSBOX-A,TEB,Synthetic,0.41210379963008376,0.4029856131342256,HistGradientBoosting,HistGradientBoosting_1
1054,SI_ref_15,PSBOX-A,TEB,Synthetic,0.30623403384032577,0.3294694787658661,HistGradientBoosting,HistGradientBoosting_1
1055,SI_ref_15,PSBOX-A,TEB,Synthetic,0.21283845390046752,0.19967001698207845,HistGradientBoosting,HistGradientBoosting_1
1056,SI_ref_15,PSBOX-A,TEB,Synthetic,0.12421842587964138,0.16935798722146547,HistGradientBoosting,HistGradientBoosting_1
1057,SI_ref_15,PSBOX-A,TEB,Synthetic,0.09371708683213013,0.16993194378463966,HistGradientBoosting,HistGradientBoosting_1
1058,SI_ref_15,PSBOX-A,TEB,Synthetic,0.07890621232231329,0.16762249747095634,HistGradientBoosting,HistGradientBoosting_1
1059,SI_ref_15,PSBOX-A,TEB,Synthetic,0.07277962857952934,0.21340406959599806,HistGradientBoosting,HistGradientBoosting_1
1060,SI_ref_15,PSBOX-A,TEB,Synthetic,0.5073983287736047,0.17344712344764437,HistGradientBoosting,HistGradientBoosting_1
1061,SI_ref_15,PSBOX-A,TEB,Synthetic,0.5163778457532948,0.27662435846101624,HistGradientBoosting,HistGradientBoosting_1
1062,SI_ref_15,PSBOX-A,TEB,Synthetic,0.5077105405964751,0.21340406959599806,HistGradientBoosting,HistGradientBoosting_1
1063,SI_ref_15,PSBOX-A,TEB,Synthetic,0.058828707349529885,0.21340406959599806,HistGradientBoosting,HistGradientBoosting_1
1064,SI_ref_15,PSBOX-A,TEB,Synthetic,0.4930488637978448,0.20204520545284568,HistGradientBoosting,HistGradientBoosting_1
1065,SI_ref_15,PSBOX-A,TEB,Synthetic,0.5160089507499187,0.2938431100282214,HistGradientBoosting,HistGradientBoosting_1
1066,SI_ref_15,PSBOX-A,TEB,Synthetic,0.07083175356135256,0.21340406959599806,HistGradientBoosting,HistGradientBoosting_1
1067,SI_ref_15,PSBOX-A,TEB,Synthetic,0.051172794584274484,0.21340406959599806,HistGradientBoosting,HistGradientBoosting_1
1068,SI_ref_15,PSBOX-A,TEB,Synthetic,0.04750722464731311,0.21340406959599806,HistGradientBoosting,HistGradientBoosting_1
1069,SI_ref_15,PSBOX-A,TEB,Synthetic,0.04108376658313895,0.21340406959599806,HistGradientBoosting,HistGradientBoosting_1
1070,SI_ref_15,PSBOX-A,TEB,Synthetic,0.04527670142322688,0.21340406959599806,HistGradientBoosting,HistGradientBoosting_1
1071,SI_ref_15,PSBOX-A,TEB,Synthetic,0.04243318293660387,0.21340406959599806,HistGradientBoosting,HistGradientBoosting_1
1072,SI_ref_15,PSBOX-A,TEB,Synthetic,0.09409506092292502,0.21340406959599806,HistGradientBoosting,HistGradientBoosting_1
1073,SI_ref_15,PSBOX-A,TEB,Synthetic,0.28314921751011557,0.21340406959599806,HistGradientBoosting,HistGradientBoosting_1
1074,SI_ref_15,PSBOX-A,TEB,Synthetic,0.44223994246690523,0.21340406959599806,HistGradientBoosting,HistGradientBoosting_1
1075,SI_ref_15,PSBOX-A,TEB,Synthetic,0.5102144207532882,0.21340406959599806,HistGradientBoosting,HistGradientBoosting_1
1077,SI_ref_17,Pristine SCG biochar,CBZ,Synthetic,0.9431980957558961,0.8834528660455471,HistGradientBoosting,HistGradientBoosting_1
1079,SI_ref_17,Pristine SCG biochar,CBZ,Synthetic,0.9360319849357849,0.8837156552519443,HistGradientBoosting,HistGradientBoosting_1
1081,SI_ref_17,Pristine SCG biochar,CBZ,Synthetic,0.9307104448319532,0.8759377988641802,HistGradientBoosting,HistGradientBoosting_1
1083,SI_ref_17,Pristine SCG biochar,CBZ,Synthetic,0.9258716624342764,0.8739220962000281,HistGradientBoosting,HistGradientBoosting_1
1085,SI_ref_17,Pristine SCG biochar,CBZ,Synthetic,0.9157118703628806,0.8700850233128509,HistGradientBoosting,HistGradientBoosting_1
1087,SI_ref_17,Pristine SCG biochar,CBZ,Synthetic,0.9147137334986508,0.8686003903024552,HistGradientBoosting,HistGradientBoosting_1
1089,SI_ref_17,Pristine SCG biochar,CBZ,Synthetic,0.9138427672538969,0.8686003903024552,HistGradientBoosting,HistGradientBoosting_1
1091,SI_ref_17,Pristine SCG biochar,CBZ,Synthetic,0.8932130468798682,0.8715679492678972,HistGradientBoosting,HistGradientBoosting_1
1093,SI_ref_17,Pristine SCG biochar,CBZ,Synthetic,0.9247624360467385,0.9074419906329316,HistGradientBoosting,HistGradientBoosting_1
1095,SI_ref_17,Pristine SCG biochar,CBZ,Synthetic,0.9071706166070994,0.9074419906329316,HistGradientBoosting,HistGradientBoosting_1
1097,SI_ref_17,Pristine SCG biochar,CBZ,Synthetic,0.908534541255576,0.9074419906329316,HistGradientBoosting,HistGradientBoosting_1
1099,SI_ref_17,Pristine SCG biochar,CBZ,Synthetic,0.903895578148675,0.9074419906329316,HistGradientBoosting,HistGradientBoosting_1
1101,SI_ref_17,Pristine SCG biochar,CBZ,Synthetic,0.9071468090110305,0.9074419906329316,HistGradientBoosting,HistGradientBoosting_1
1103,SI_ref_17,Pristine SCG biochar,CBZ,Synthetic,0.890879570190962,0.9074419906329316,HistGradientBoosting,HistGradientBoosting_1
1105,SI_ref_17,Pristine SCG biochar,CBZ,Synthetic,0.8806314346444372,0.8924528347456726,HistGradientBoosting,HistGradientBoosting_1
1107,SI_ref_17,Pristine SCG biochar,CBZ,Synthetic,0.9289062306369882,0.9074419906329316,HistGradientBoosting,HistGradientBoosting_1
1109,SI_ref_17,Pristine SCG biochar,CBZ,Synthetic,0.9261272699552149,0.9074419906329316,HistGradientBoosting,HistGradientBoosting_1
1111,SI_ref_17,Pristine SCG biochar,CBZ,Synthetic,0.9403460613803251,0.9074419906329316,HistGradientBoosting,HistGradientBoosting_1
1113,SI_ref_17,Pristine SCG biochar,CBZ,Synthetic,0.9373850128799738,0.9074419906329316,HistGradientBoosting,HistGradientBoosting_1
1115,SI_ref_17,Pristine SCG biochar,CBZ,Synthetic,0.925161257978969,0.9074419906329316,HistGradientBoosting,HistGradientBoosting_1
1253,SI_ref_18,Pristine SCW Biochar,IBU,Lake water,0.9264336848996528,0.903047494147225,HistGradientBoosting,HistGradientBoosting_1
1255,SI_ref_18,Pristine SCW Biochar,IBU,Lake water,0.9179334532144726,0.9051234637709898,HistGradientBoosting,HistGradientBoosting_1
1257,SI_ref_18,Pristine SCW Biochar,IBU,Lake water,0.916180999264559,0.9033886348166618,HistGradientBoosting,HistGradientBoosting_1
1259,SI_ref_18,Pristine SCW Biochar,IBU,Lake water,0.9235678454978681,0.906394321954737,HistGradientBoosting,HistGradientBoosting_1
1261,SI_ref_18,Pristine SCW Biochar,IBU,Lake water,0.9285970293283682,0.9094250052591799,HistGradientBoosting,HistGradientBoosting_1
1263,SI_ref_18,Pristine SCW Biochar,IBU,Lake water,0.9209592404126973,0.91320416048511,HistGradientBoosting,HistGradientBoosting_1
1265,SI_ref_18,Pristine SCW Biochar,IBU,Lake water,0.9279432945207517,0.914190187619662,HistGradientBoosting,HistGradientBoosting_1
1269,SI_ref_18,Pristine SCW Biochar,IBU,Lake water,0.8974085452250303,0.8944806952900736,HistGradientBoosting,HistGradientBoosting_1
1271,SI_ref_18,Pristine SCW Biochar,IBU,Lake water,0.9239929387412031,0.9306443298448313,HistGradientBoosting,HistGradientBoosting_1
1273,SI_ref_18,Pristine SCW Biochar,IBU,Lake water,0.9256303580479686,0.9116429060274742,HistGradientBoosting,HistGradientBoosting_1
1275,SI_ref_18,Pristine SCW Biochar,IBU,Lake water,0.9240446881745522,0.9116429060274742,HistGradientBoosting,HistGradientBoosting_1
1276,SI_ref_18,Pristine SCW Biochar,IBU,Lake water,0.9283922239724117,0.9116429060274742,HistGradientBoosting,HistGradientBoosting_1
1277,SI_ref_18,Pristine SCW Biochar,IBU,Lake water,0.9240711354841218,0.9116429060274742,HistGradientBoosting,HistGradientBoosting_1
1279,SI_ref_18,Pristine SCW Biochar,IBU,Lake water,0.9204127206373283,0.9116429060274742,HistGradientBoosting,HistGradientBoosting_1
1280,SI_ref_18,Pristine SCW Biochar,IBU,Lake water,0.9185968665123906,0.9116429060274742,HistGradientBoosting,HistGradientBoosting_1
1281,SI_ref_18,Pristine SCW Biochar,IBU,Lake water,0.9182954449695013,0.9116429060274742,HistGradientBoosting,HistGradientBoosting_1
1283,SI_ref_18,Pristine SCW Biochar,IBU,Lake water,0.9158900362354069,0.9116429060274742,HistGradientBoosting,HistGradientBoosting_1
1284,SI_ref_18,Pristine SCW Biochar,IBU,Lake water,0.9125854189759445,0.9116429060274742,HistGradientBoosting,HistGradientBoosting_1
1285,SI_ref_18,Pristine SCW Biochar,IBU,Lake water,0.9175495400890653,0.9116429060274742,HistGradientBoosting,HistGradientBoosting_1
1287,SI_ref_18,Pristine SCW Biochar,IBU,Lake water,0.9120226357855434,0.9116429060274742,HistGradientBoosting,HistGradientBoosting_1
1288,SI_ref_18,Pristine SCW Biochar,IBU,Lake water,0.9131050308227836,0.9116429060274742,HistGradientBoosting,HistGradientBoosting_1
1289,SI_ref_18,Pristine SCW Biochar,IBU,Lake water,0.91141920930323,0.9116429060274742,HistGradientBoosting,HistGradientBoosting_1
1291,SI_ref_18,Pristine SCW Biochar,IBU,Lake water,0.9068652159539504,0.9116429060274742,HistGradientBoosting,HistGradientBoosting_1
1292,SI_ref_18,Pristine SCW Biochar,IBU,Lake water,0.9091226364337618,0.9116429060274742,HistGradientBoosting,HistGradientBoosting_1
1293,SI_ref_18,Pristine SCW Biochar,IBU,Lake water,0.9067682424855283,0.9116429060274742,HistGradientBoosting,HistGradientBoosting_1
1295,SI_ref_18,Pristine SCW Biochar,IBU,Lake water,0.9027540853962883,0.9116429060274742,HistGradientBoosting,HistGradientBoosting_1
1296,SI_ref_18,Pristine SCW Biochar,IBU,Lake water,0.9025373859945938,0.9116429060274742,HistGradientBoosting,HistGradientBoosting_1
1297,SI_ref_18,Pristine SCW Biochar,IBU,Lake water,0.9026152370210476,0.9116429060274742,HistGradientBoosting,HistGradientBoosting_1
1298,SI_ref_18,Pristine SCW Biochar,IBU,Lake water,0.9219347373743266,0.9140839636178671,HistGradientBoosting,HistGradientBoosting_1
1300,SI_ref_18,Pristine SCW Biochar,IBU,Lake water,0.9277221749920567,0.9300492585725898,HistGradientBoosting,HistGradientBoosting_1
1302,SI_ref_18,Pristine SCW Biochar,IBU,Lake water,0.9340257796823453,0.9281652872758351,HistGradientBoosting,HistGradientBoosting_1
2,SI_ref_19,AMCB,IBU,Ground water,0.6563767477253929,0.35303629985646134,Huber,Huber_2
4,SI_ref_19,AMCB,IBU,Ground water,0.5414154110835401,0.33548577136643454,Huber,Huber_2
6,SI_ref_19,AMCB,IBU,Ground water,0.39819987427626136,0.3177270379676196,Huber,Huber_2
8,SI_ref_19,AMCB,IBU,Ground water,0.3426557088502895,0.299862265383516,Huber,Huber_2
10,SI_ref_19,AMCB,IBU,Ground water,0.3352626765922249,0.28194397809305094,Huber,Huber_2
12,SI_ref_19,AMCB,IBU,Ground water,0.33078034739454093,0.2714489268385878,Huber,Huber_2
14,SI_ref_19,AMCB,IBU,Ground water,0.3305497038875103,0.26399880827039734,Huber,Huber_2
16,SI_ref_19,AMCB,IBU,Ground water,0.029204625724030753,0.27710295484982994,Huber,Huber_2
18,SI_ref_19,AMCB,IBU,Ground water,0.005264283840238958,0.2534947775268161,Huber,Huber_2
20,SI_ref_19,AMCB,IBU,Ground water,0.0023766372681587895,0.2298866002038023,Huber,Huber_2
22,SI_ref_19,AMCB,IBU,Ground water,0.32926049296939613,0.2534947775268161,Huber,Huber_2
24,SI_ref_19,AMCB,IBU,Ground water,0.19832193047959257,0.2770849678133932,Huber,Huber_2
26,SI_ref_19,AMCB,IBU,Ground water,0.1894672613641715,0.25347679049037936,Huber,Huber_2
28,SI_ref_19,AMCB,IBU,Ground water,0.1528746627917146,0.22986861316736557,Huber,Huber_2
30,SI_ref_19,AMCB,IBU,Ground water,0.3449761650083755,0.2770669932463068,Huber,Huber_2
32,SI_ref_19,AMCB,IBU,Ground water,0.30765270742093687,0.25345881592329295,Huber,Huber_2
34,SI_ref_19,AMCB,IBU,Ground water,0.303030777614079,0.22985063860027916,Huber,Huber_2
36,SI_ref_19,AMCB,IBU,Ground water,0.41496556078686897,0.2770490311312942,Huber,Huber_2
38,SI_ref_19,AMCB,IBU,Ground water,0.3766264851820565,0.25344085380828035,Huber,Huber_2
40,SI_ref_19,AMCB,IBU,Ground water,0.38956403906090076,0.22983267648526656,Huber,Huber_2
42,SI_ref_19,AMCB,IBU,Ground water,0.5182383095521604,0.2770310814511147,Huber,Huber_2
44,SI_ref_19,AMCB,IBU,Ground water,0.5024496962602676,0.25342290412810087,Huber,Huber_2
46,SI_ref_19,AMCB,IBU,Ground water,0.48210720700720494,0.22981472680508708,Huber,Huber_2
48,SI_ref_19,AMCB,IBU,Ground water,0.03338351934448727,0.2770131441885635,Huber,Huber_2
50,SI_ref_19,AMCB,IBU,Ground water,0.0,0.25340496686554964,Huber,Huber_2
52,SI_ref_19,AMCB,IBU,Ground water,0.003531050071646246,0.22979678954253585,Huber,Huber_2
54,SI_ref_19,AMCB,IBU,Ground water,0.19999798179579809,0.27699521932647125,Huber,Huber_2
56,SI_ref_19,AMCB,IBU,Ground water,0.17260220522445793,0.2533870420034574,Huber,Huber_2
58,SI_ref_19,AMCB,IBU,Ground water,0.15656878376287445,0.22977886468044362,Huber,Huber_2
60,SI_ref_19,AMCB,IBU,Ground water,0.3457359785263073,0.27697730684770444,Huber,Huber_2
62,SI_ref_19,AMCB,IBU,Ground water,0.32626934953278575,0.2533691295246906,Huber,Huber_2
64,SI_ref_19,AMCB,IBU,Ground water,0.3258728934993643,0.2297609522016768,Huber,Huber_2
66,SI_ref_19,AMCB,IBU,Ground water,0.4885549946229274,0.2769594067351649,Huber,Huber_2
68,SI_ref_19,AMCB,IBU,Ground water,0.39885279506866217,0.25335122941215105,Huber,Huber_2
70,SI_ref_19,AMCB,IBU,Ground water,0.42188356115014575,0.22974305208913726,Huber,Huber_2
72,SI_ref_19,AMCB,IBU,Ground water,0.5107350299703324,0.27694151897178987,Huber,Huber_2
74,SI_ref_19,AMCB,IBU,Ground water,0.5226317382792791,0.253333341648776,Huber,Huber_2
76,SI_ref_19,AMCB,IBU,Ground water,0.4945842701164504,0.22972516432576223,Huber,Huber_2
78,SI_ref_19,AMCB,IBU,Ground water,0.025848755777109534,0.2769236435405519,Huber,Huber_2
80,SI_ref_19,AMCB,IBU,Ground water,0.008169690609295848,0.25331546621753803,Huber,Huber_2
82,SI_ref_19,AMCB,IBU,Ground water,0.0,0.22970728889452424,Huber,Huber_2
84,SI_ref_19,AMCB,IBU,Ground water,0.2007202298061851,0.2769057804244587,Huber,Huber_2
86,SI_ref_19,AMCB,IBU,Ground water,0.16952726930244136,0.25329760310144483,Huber,Huber_2
88,SI_ref_19,AMCB,IBU,Ground water,0.14747637019246942,0.22968942577843104,Huber,Huber_2
90,SI_ref_19,AMCB,IBU,Ground water,0.34008395729479907,0.27688792960655306,Huber,Huber_2
92,SI_ref_19,AMCB,IBU,Ground water,0.32813530040969546,0.2532797522835392,Huber,Huber_2
94,SI_ref_19,AMCB,IBU,Ground water,0.3191737471997417,0.22967157496052543,Huber,Huber_2
96,SI_ref_19,AMCB,IBU,Ground water,0.45590621693388655,0.2768700910699129,Huber,Huber_2
98,SI_ref_19,AMCB,IBU,Ground water,0.4386715603313315,0.25326191374689905,Huber,Huber_2
100,SI_ref_19,AMCB,IBU,Ground water,0.4136227630368784,0.22965373642388526,Huber,Huber_2
102,SI_ref_19,AMCB,IBU,Ground water,0.15909620069601668,0.22744090456912197,Huber,Huber_2
104,SI_ref_19,AMCB,IBU,Ground water,0.32070040208616674,0.25324408747463706,Huber,Huber_2
106,SI_ref_19,AMCB,IBU,Ground water,0.3644459510905023,0.2790472703801521,Huber,Huber_2
108,SI_ref_19,AMCB,IBU,Ground water,0.46356787238707886,0.30485045328566707,Huber,Huber_2
110,SI_ref_19,AMCB,IBU,Ground water,0.5205305455205957,0.2768522647976509,Huber,Huber_2
112,SI_ref_19,AMCB,IBU,Ground water,0.5464029950150356,0.25324408747463706,Huber,Huber_2
114,SI_ref_19,AMCB,IBU,Ground water,0.48301499525722014,0.22963591015162327,Huber,Huber_2
117,SI_ref_17,Alkali-modified SCG biochars,CBZ,Synthetic,0.12103690777624292,0.2575707929943755,Huber,Huber_2
119,SI_ref_17,Alkali-modified SCG biochars,CBZ,Synthetic,0.0701486117179634,0.24002026450434877,Huber,Huber_2
121,SI_ref_17,Alkali-modified SCG biochars,CBZ,Synthetic,0.050188840370859876,0.21182003170723002,Huber,Huber_2
123,SI_ref_17,Alkali-modified SCG biochars,CBZ,Synthetic,0.033003190610721066,0.1939196196426114,Huber,Huber_2
125,SI_ref_17,Alkali-modified SCG biochars,CBZ,Synthetic,0.03511734337104713,0.18343054607402037,Huber,Huber_2
127,SI_ref_17,Alkali-modified SCG biochars,CBZ,Synthetic,0.03195287629892775,0.17598341997650196,Huber,Huber_2
129,SI_ref_17,Alkali-modified SCG biochars,CBZ,Synthetic,0.03449328813829176,0.16853330140831152,Huber,Huber_2
132,SI_ref_17,Alkali-modified SCG biochars,CBZ,Synthetic,0.041716779164719504,0.15802927066473033,Huber,Huber_2
134,SI_ref_17,Alkali-modified SCG biochars,CBZ,Synthetic,0.00635796336582959,0.15802927066473033,Huber,Huber_2
136,SI_ref_17,Alkali-modified SCG biochars,CBZ,Synthetic,0.011730609548845337,0.15802927066473033,Huber,Huber_2
138,SI_ref_17,Alkali-modified SCG biochars,CBZ,Synthetic,0.01988738850164665,0.15802927066473033,Huber,Huber_2
140,SI_ref_17,Alkali-modified SCG biochars,CBZ,Synthetic,0.006132526431344026,0.15802927066473033,Huber,Huber_2
142,SI_ref_17,Alkali-modified SCG biochars,CBZ,Synthetic,0.007712590639419909,0.15802927066473033,Huber,Huber_2
145,SI_ref_17,Alkali-modified SCG biochars,CBZ,Synthetic,0.10268999927349255,0.15802927066473033,Huber,Huber_2
147,SI_ref_17,Alkali-modified SCG biochars,CBZ,Synthetic,0.14439822919669368,0.15802927066473033,Huber,Huber_2
149,SI_ref_17,Alkali-modified SCG biochars,CBZ,Synthetic,0.34003506921741083,0.15802927066473033,Huber,Huber_2
151,SI_ref_17,Alkali-modified SCG biochars,CBZ,Synthetic,0.4516798693491866,0.15802927066473033,Huber,Huber_2
153,SI_ref_17,Alkali-modified SCG biochars,CBZ,Synthetic,0.5612135486607656,0.15802927066473033,Huber,Huber_2
282,SI_ref_19,CB,IBU,Ground water,0.9280102961124896,0.8554269841839626,Huber,Huber_2
284,SI_ref_19,CB,IBU,Ground water,0.9242732043010754,0.8378764556939358,Huber,Huber_2
286,SI_ref_19,CB,IBU,Ground water,0.9218881323407775,0.8201177222951208,Huber,Huber_2
288,SI_ref_19,CB,IBU,Ground water,0.9215853366418528,0.8022529497110172,Huber,Huber_2
290,SI_ref_19,CB,IBU,Ground water,0.9207959503722085,0.7843346624205522,Huber,Huber_2
292,SI_ref_19,CB,IBU,Ground water,0.9207361323407776,0.773839611166089,Huber,Huber_2
294,SI_ref_19,CB,IBU,Ground water,0.9206762613730356,0.7663894925978986,Huber,Huber_2
296,SI_ref_19,CB,IBU,Ground water,0.9945207101387852,0.779493639177331,Huber,Huber_2
298,SI_ref_19,CB,IBU,Ground water,0.9765877548823724,0.7558854618543174,Huber,Huber_2
300,SI_ref_19,CB,IBU,Ground water,0.9595058090644278,0.7322772845313035,Huber,Huber_2
302,SI_ref_19,CB,IBU,Ground water,0.9409019130333385,0.779493639177331,Huber,Huber_2
304,SI_ref_19,CB,IBU,Ground water,0.9323428884090048,0.7558854618543174,Huber,Huber_2
306,SI_ref_19,CB,IBU,Ground water,0.9259231602386863,0.7322772845313035,Huber,Huber_2
308,SI_ref_19,CB,IBU,Ground water,0.8753590996713628,0.7300822789488023,Huber,Huber_2
310,SI_ref_19,CB,IBU,Ground water,0.9341230700922319,0.779493639177331,Huber,Huber_2
312,SI_ref_19,CB,IBU,Ground water,0.9234390298948024,0.7558854618543174,Huber,Huber_2
314,SI_ref_19,CB,IBU,Ground water,0.917590560186213,0.7322772845313035,Huber,Huber_2
316,SI_ref_19,CB,IBU,Ground water,0.9236132062907854,0.7816886447598324,Huber,Huber_2
318,SI_ref_19,CB,IBU,Ground water,0.9231865295080666,0.8074918276653473,Huber,Huber_2
320,SI_ref_19,CB,IBU,Ground water,0.9303445651202417,0.779493639177331,Huber,Huber_2
322,SI_ref_19,CB,IBU,Ground water,0.923151204819856,0.7558854618543174,Huber,Huber_2
324,SI_ref_19,CB,IBU,Ground water,0.9175260660683171,0.7322772845313035,Huber,Huber_2
326,SI_ref_19,CB,IBU,Ground water,0.9318432124429017,0.779493639177331,Huber,Huber_2
328,SI_ref_19,CB,IBU,Ground water,0.9241489703794897,0.7558854618543174,Huber,Huber_2
330,SI_ref_19,CB,IBU,Ground water,0.9174641264203113,0.7322772845313035,Huber,Huber_2
523,SI_ref_19,MCB,IBU,Ground water,0.9264289561621175,0.7938157451876474,Huber,Huber_2
525,SI_ref_19,MCB,IBU,Ground water,0.9196854524400332,0.7762652166976207,Huber,Huber_2
527,SI_ref_19,MCB,IBU,Ground water,0.9178832092638545,0.7585064832988058,Huber,Huber_2
529,SI_ref_19,MCB,IBU,Ground water,0.9177463688999173,0.7406417107147021,Huber,Huber_2
531,SI_ref_19,MCB,IBU,Ground water,0.9177232092638544,0.722723423424237,Huber,Huber_2
533,SI_ref_19,MCB,IBU,Ground water,0.9175379321753515,0.7122283721697739,Huber,Huber_2
535,SI_ref_19,MCB,IBU,Ground water,0.9173856344086023,0.7047782536015834,Huber,Huber_2
537,SI_ref_19,MCB,IBU,Ground water,0.9902068659306948,0.717882400181016,Huber,Huber_2
539,SI_ref_19,MCB,IBU,Ground water,0.9708228218531151,0.6942742228580022,Huber,Huber_2
541,SI_ref_19,MCB,IBU,Ground water,0.9483485035015843,0.6706660455349884,Huber,Huber_2
543,SI_ref_19,MCB,IBU,Ground water,0.9173115500413566,0.6942742228580022,Huber,Huber_2
545,SI_ref_19,MCB,IBU,Ground water,0.9358359065436908,0.7178644131445793,Huber,Huber_2
547,SI_ref_19,MCB,IBU,Ground water,0.9263512886233829,0.6942562358215655,Huber,Huber_2
549,SI_ref_19,MCB,IBU,Ground water,0.9153544975680639,0.6706480584985517,Huber,Huber_2
551,SI_ref_19,MCB,IBU,Ground water,0.9271238571918706,0.717846438577493,Huber,Huber_2
553,SI_ref_19,MCB,IBU,Ground water,0.9199191103755877,0.6942382612544791,Huber,Huber_2
555,SI_ref_19,MCB,IBU,Ground water,0.910886274193223,0.6706300839314653,Huber,Huber_2
557,SI_ref_19,MCB,IBU,Ground water,0.8716126359176348,0.6684171162339514,Huber,Huber_2
559,SI_ref_19,MCB,IBU,Ground water,0.9228881866842084,0.6942202991394665,Huber,Huber_2
561,SI_ref_19,MCB,IBU,Ground water,0.9227697266379059,0.7200234820449816,Huber,Huber_2
563,SI_ref_19,MCB,IBU,Ground water,0.9221446299502403,0.7458266649504965,Huber,Huber_2
565,SI_ref_19,MCB,IBU,Ground water,0.9254612605703445,0.7178284764624803,Huber,Huber_2
567,SI_ref_19,MCB,IBU,Ground water,0.9188111047361486,0.6942202991394665,Huber,Huber_2
569,SI_ref_19,MCB,IBU,Ground water,0.9124876096677748,0.6706121218164527,Huber,Huber_2
571,SI_ref_19,MCB,IBU,Ground water,0.927696260267614,0.7178105267823008,Huber,Huber_2
573,SI_ref_19,MCB,IBU,Ground water,0.9222883610163676,0.694202349459287,Huber,Huber_2
575,SI_ref_19,MCB,IBU,Ground water,0.9173366162788351,0.6705941721362731,Huber,Huber_2
577,SI_ref_19,MCB,IBU,Ground water,0.9896236049163454,0.7177925895197496,Huber,Huber_2
579,SI_ref_19,MCB,IBU,Ground water,0.9728688772730024,0.6941844121967358,Huber,Huber_2
581,SI_ref_19,MCB,IBU,Ground water,0.95367292982704,0.6705762348737219,Huber,Huber_2
583,SI_ref_19,MCB,IBU,Ground water,0.9381494412938034,0.7177746646576574,Huber,Huber_2
585,SI_ref_19,MCB,IBU,Ground water,0.925414707326754,0.6941664873346436,Huber,Huber_2
587,SI_ref_19,MCB,IBU,Ground water,0.9200694262245456,0.6705583100116297,Huber,Huber_2
589,SI_ref_19,MCB,IBU,Ground water,0.9296751902157461,0.7177567521788906,Huber,Huber_2
591,SI_ref_19,MCB,IBU,Ground water,0.9221403459202003,0.6941485748558767,Huber,Huber_2
593,SI_ref_19,MCB,IBU,Ground water,0.911624129649438,0.670540397532863,Huber,Huber_2
595,SI_ref_19,MCB,IBU,Ground water,0.9248851497651674,0.717738852066351,Huber,Huber_2
597,SI_ref_19,MCB,IBU,Ground water,0.9206218375460943,0.6941306747433371,Huber,Huber_2
599,SI_ref_19,MCB,IBU,Ground water,0.9170274735254856,0.6705224974203233,Huber,Huber_2
601,SI_ref_19,MCB,IBU,Ground water,0.9300914246503462,0.7177209643029759,Huber,Huber_2
603,SI_ref_19,MCB,IBU,Ground water,0.920786534541565,0.6941127869799621,Huber,Huber_2
605,SI_ref_19,MCB,IBU,Ground water,0.9160948152334054,0.6705046096569482,Huber,Huber_2
607,SI_ref_19,MCB,IBU,Ground water,0.9861765121394982,0.717703088871738,Huber,Huber_2
609,SI_ref_19,MCB,IBU,Ground water,0.9661781267028597,0.694094911548724,Huber,Huber_2
611,SI_ref_19,MCB,IBU,Ground water,0.9529992532644452,0.6704867342257104,Huber,Huber_2
613,SI_ref_19,MCB,IBU,Ground water,0.9352947587236877,0.7176852257556448,Huber,Huber_2
615,SI_ref_19,MCB,IBU,Ground water,0.9284499518994666,0.6940770484326308,Huber,Huber_2
617,SI_ref_19,MCB,IBU,Ground water,0.917077774862594,0.6704688711096172,Huber,Huber_2
619,SI_ref_19,MCB,IBU,Ground water,0.9255842902984923,0.7176673749377391,Huber,Huber_2
621,SI_ref_19,MCB,IBU,Ground water,0.9186162384710084,0.6940591976147252,Huber,Huber_2
623,SI_ref_19,MCB,IBU,Ground water,0.9103224686673798,0.6704510202917116,Huber,Huber_2
625,SI_ref_19,MCB,IBU,Ground water,0.9258221154816445,0.717649536401099,Huber,Huber_2
627,SI_ref_19,MCB,IBU,Ground water,0.921668420582223,0.6940413590780852,Huber,Huber_2
629,SI_ref_19,MCB,IBU,Ground water,0.9150562646500002,0.6704331817550713,Huber,Huber_2
631,SI_ref_19,MCB,IBU,Ground water,0.9296259863973036,0.717631710128837,Huber,Huber_2
633,SI_ref_19,MCB,IBU,Ground water,0.9216175906678238,0.6940235328058231,Huber,Huber_2
635,SI_ref_19,MCB,IBU,Ground water,0.9188076045934327,0.6704153554828094,Huber,Huber_2
698,SI_ref_18,NaOH-activated SCW biochars,IBU,Lake water,0.585296751211726,0.5816508478312246,Huber,Huber_2
700,SI_ref_18,NaOH-activated SCW biochars,IBU,Lake water,0.6304734220526563,0.5641003193411979,Huber,Huber_2
702,SI_ref_18,NaOH-activated SCW biochars,IBU,Lake water,0.6077686506314385,0.5463415859423829,Huber,Huber_2
704,SI_ref_18,NaOH-activated SCW biochars,IBU,Lake water,0.6040537723014899,0.5284768133582793,Huber,Huber_2
706,SI_ref_18,NaOH-activated SCW biochars,IBU,Lake water,0.6292724453182281,0.5105585260678143,Huber,Huber_2
708,SI_ref_18,NaOH-activated SCW biochars,IBU,Lake water,0.6376478565264503,0.5000634748133511,Huber,Huber_2
710,SI_ref_18,NaOH-activated SCW biochars,IBU,Lake water,0.6108673600702487,0.49261335624516067,Huber,Huber_2
712,SI_ref_18,NaOH-activated SCW biochars,IBU,Lake water,0.10371139816269948,0.4821093255015794,Huber,Huber_2
714,SI_ref_18,NaOH-activated SCW biochars,IBU,Lake water,0.46656560236114836,0.4821093255015794,Huber,Huber_2
716,SI_ref_18,NaOH-activated SCW biochars,IBU,Lake water,0.44106817459704084,0.4563061425960644,Huber,Huber_2
718,SI_ref_18,NaOH-activated SCW biochars,IBU,Lake water,0.6893393142281772,0.5057175028245933,Huber,Huber_2
720,SI_ref_18,NaOH-activated SCW biochars,IBU,Lake water,0.621379975330744,0.4821093255015794,Huber,Huber_2
722,SI_ref_18,NaOH-activated SCW biochars,IBU,Lake water,0.6727437787241767,0.4821093255015794,Huber,Huber_2
723,SI_ref_18,NaOH-activated SCW biochars,IBU,Lake water,0.6293605973980515,0.4821093255015794,Huber,Huber_2
724,SI_ref_18,NaOH-activated SCW biochars,IBU,Lake water,0.6573710855713073,0.4821093255015794,Huber,Huber_2
726,SI_ref_18,NaOH-activated SCW biochars,IBU,Lake water,0.6298354173553987,0.4821093255015794,Huber,Huber_2
727,SI_ref_18,NaOH-activated SCW biochars,IBU,Lake water,0.6523803226831055,0.4821093255015794,Huber,Huber_2
728,SI_ref_18,NaOH-activated SCW biochars,IBU,Lake water,0.6378679449532959,0.4821093255015794,Huber,Huber_2
730,SI_ref_18,NaOH-activated SCW biochars,IBU,Lake water,0.627404015064595,0.4821093255015794,Huber,Huber_2
731,SI_ref_18,NaOH-activated SCW biochars,IBU,Lake water,0.6077370696640284,0.4821093255015794,Huber,Huber_2
732,SI_ref_18,NaOH-activated SCW biochars,IBU,Lake water,0.6159420233488258,0.4821093255015794,Huber,Huber_2
734,SI_ref_18,NaOH-activated SCW biochars,IBU,Lake water,0.6074163960354965,0.4821093255015794,Huber,Huber_2
735,SI_ref_18,NaOH-activated SCW biochars,IBU,Lake water,0.6146046840259546,0.4821093255015794,Huber,Huber_2
736,SI_ref_18,NaOH-activated SCW biochars,IBU,Lake water,0.6281995086504742,0.4821093255015794,Huber,Huber_2
738,SI_ref_18,NaOH-activated SCW biochars,IBU,Lake water,0.6298527247859258,0.4821093255015794,Huber,Huber_2
739,SI_ref_18,NaOH-activated SCW biochars,IBU,Lake water,0.576999656444263,0.4821093255015794,Huber,Huber_2
740,SI_ref_18,NaOH-activated SCW biochars,IBU,Lake water,0.5791171913994386,0.4821093255015794,Huber,Huber_2
742,SI_ref_18,NaOH-activated SCW biochars,IBU,Lake water,0.5786725135963804,0.4821093255015794,Huber,Huber_2
743,SI_ref_18,NaOH-activated SCW biochars,IBU,Lake water,0.6233870058145189,0.4821093255015794,Huber,Huber_2
744,SI_ref_18,NaOH-activated SCW biochars,IBU,Lake water,0.5944978576382812,0.4821093255015794,Huber,Huber_2
745,SI_ref_18,NaOH-activated SCW biochars,IBU,Lake water,0.5630080357470825,0.45850114817856563,Huber,Huber_2
747,SI_ref_18,NaOH-activated SCW biochars,IBU,Lake water,0.6846241766923425,0.5079125084070946,Huber,Huber_2
749,SI_ref_18,NaOH-activated SCW biochars,IBU,Lake water,0.744908980376152,0.5337156913126095,Huber,Huber_2
751,SI_ref_18,NaOH-activated SCW biochars,IBU,Lake water,0.6869669848084122,0.4821093255015794,Huber,Huber_2
753,SI_ref_18,NaOH-activated SCW biochars,IBU,Lake water,0.7932075459644551,0.4821093255015794,Huber,Huber_2
852,SI_ref_13,PB600,CBZ,Synthetic,0.5776772247360483,0.6702132925480155,Huber,Huber_2
853,SI_ref_13,PB600,CBZ,Synthetic,0.5656108597285068,0.6526627640579887,Huber,Huber_2
854,SI_ref_13,PB600,CBZ,Synthetic,0.5475113122171945,0.6349040306591738,Huber,Huber_2
855,SI_ref_13,PB600,CBZ,Synthetic,0.4479638009049774,0.62446253126087,Huber,Huber_2
856,SI_ref_13,PB600,CBZ,Synthetic,0.45098039215686275,0.6065621191962514,Huber,Huber_2
857,SI_ref_13,PB600,CBZ,Synthetic,0.42684766214177977,0.5960730456276604,Huber,Huber_2
858,SI_ref_13,PB600,CBZ,Synthetic,0.32437120555073723,0.588625919530142,Huber,Huber_2
859,SI_ref_13,PB600,CBZ,Synthetic,0.4773489932885906,0.6122340968531558,Huber,Huber_2
860,SI_ref_13,PB600,CBZ,Synthetic,0.4437372714068248,0.588625919530142,Huber,Huber_2
861,SI_ref_13,PB600,CBZ,Synthetic,0.35791881074899945,0.588625919530142,Huber,Huber_2
862,SI_ref_13,PB600,CBZ,Synthetic,0.32426715019643393,0.588625919530142,Huber,Huber_2
863,SI_ref_13,PB600,CBZ,Synthetic,0.24055829228243014,0.588625919530142,Huber,Huber_2
864,SI_ref_13,PB600,CBZ,Synthetic,0.44839549002601903,0.5650177422071281,Huber,Huber_2
865,SI_ref_13,PB600,CBZ,Synthetic,0.5528523489932886,0.5414095648841143,Huber,Huber_2
866,SI_ref_13,PB600,CBZ,Synthetic,0.5653368025440879,0.588625919530142,Huber,Huber_2
867,SI_ref_13,PB600,CBZ,Synthetic,0.6235906331309627,0.588625919530142,Huber,Huber_2
868,SI_ref_13,PB600,CBZ,Synthetic,0.6991037872217403,0.588625919530142,Huber,Huber_2
869,SI_ref_13,PB600,CBZ,Synthetic,0.7401395944327428,0.588625919530142,Huber,Huber_2
870,SI_ref_13,PB600,CBZ,Synthetic,0.8642533936651583,0.5706717702183703,Huber,Huber_2
871,SI_ref_13,PB600,CBZ,Synthetic,0.6953242835595775,0.5706717702183703,Huber,Huber_2
872,SI_ref_13,PB600,CBZ,Synthetic,0.4479638009049774,0.5706717702183703,Huber,Huber_2
873,SI_ref_13,PB600,CBZ,Synthetic,0.36651583710407243,0.5706717702183703,Huber,Huber_2
874,SI_ref_13,PB600,CBZ,Synthetic,0.248868778280543,0.5706717702183703,Huber,Huber_2
898,SI_ref_13,PB600,CBZ,Synthetic,0.244663382594417,0.588625919530142,Huber,Huber_2
899,SI_ref_13,PB800,CBZ,Synthetic,0.27061079156395507,0.47445800706156155,Huber,Huber_2
900,SI_ref_13,PB800,CBZ,Synthetic,0.22678718159408381,0.4569074785715348,Huber,Huber_2
901,SI_ref_13,PB800,CBZ,Synthetic,0.18844152287044644,0.43914874517271985,Huber,Huber_2
902,SI_ref_13,PB800,CBZ,Synthetic,0.17748562037797863,0.4287072457744161,Huber,Huber_2
903,SI_ref_13,PB800,CBZ,Synthetic,0.16379074226239385,0.4108068337097974,Huber,Huber_2
904,SI_ref_13,PB800,CBZ,Synthetic,0.155573815393043,0.40031776014120646,Huber,Huber_2
905,SI_ref_13,PB800,CBZ,Synthetic,0.08520900321543408,0.39287063404368805,Huber,Huber_2
906,SI_ref_13,PB800,CBZ,Synthetic,0.16135346756152125,0.41647881136670184,Huber,Huber_2
907,SI_ref_13,PB800,CBZ,Synthetic,0.1561792870827899,0.39287063404368805,Huber,Huber_2
908,SI_ref_13,PB800,CBZ,Synthetic,0.13676633444075306,0.39287063404368805,Huber,Huber_2
909,SI_ref_13,PB800,CBZ,Synthetic,0.1002310803004044,0.39287063404368805,Huber,Huber_2
910,SI_ref_13,PB800,CBZ,Synthetic,0.04322336667164253,0.39287063404368805,Huber,Huber_2
911,SI_ref_13,PB800,CBZ,Synthetic,0.20609619686800895,0.3692624567206742,Huber,Huber_2
912,SI_ref_13,PB800,CBZ,Synthetic,0.1865212527964206,0.34565427939766036,Huber,Huber_2
913,SI_ref_13,PB800,CBZ,Synthetic,0.28121650589496244,0.39287063404368805,Huber,Huber_2
914,SI_ref_13,PB800,CBZ,Synthetic,0.36611289746337977,0.39287063404368805,Huber,Huber_2
915,SI_ref_13,PB800,CBZ,Synthetic,0.5117363344051448,0.39287063404368805,Huber,Huber_2
916,SI_ref_13,PB800,CBZ,Synthetic,0.5707012708620426,0.39287063404368805,Huber,Huber_2
917,SI_ref_13,PB800,CBZ,Synthetic,0.5791052918712493,0.37491648473191636,Huber,Huber_2
918,SI_ref_13,PB800,CBZ,Synthetic,0.30905619203491547,0.37491648473191636,Huber,Huber_2
919,SI_ref_13,PB800,CBZ,Synthetic,0.16448445171849424,0.37491648473191636,Huber,Huber_2
920,SI_ref_13,PB800,CBZ,Synthetic,0.12460736493062231,0.37491648473191636,Huber,Huber_2
921,SI_ref_13,PB800,CBZ,Synthetic,0.08265139116202945,0.37491648473191636,Huber,Huber_2
987,SI_ref_15,PSB,TEB,Synthetic,0.9529494921755761,0.7550504055482096,Huber,Huber_2
988,SI_ref_15,PSB,TEB,Synthetic,0.9422238246841239,0.7374998770581828,Huber,Huber_2
989,SI_ref_15,PSB,TEB,Synthetic,0.9297851778252496,0.7197411436593678,Huber,Huber_2
990,SI_ref_15,PSB,TEB,Synthetic,0.9225192311101157,0.7018763710752642,Huber,Huber_2
991,SI_ref_15,PSB,TEB,Synthetic,0.920805363267918,0.6839580837847992,Huber,Huber_2
992,SI_ref_15,PSB,TEB,Synthetic,0.9178876121047361,0.673463032530336,Huber,Huber_2
993,SI_ref_15,PSB,TEB,Synthetic,0.9171857170319854,0.6660129139621456,Huber,Huber_2
994,SI_ref_15,PSB,TEB,Synthetic,0.9362126098667423,0.6555088832185644,Huber,Huber_2
995,SI_ref_15,PSB,TEB,Synthetic,0.9575716949823408,0.6555088832185644,Huber,Huber_2
996,SI_ref_15,PSB,TEB,Synthetic,0.9144403299752767,0.6555088832185644,Huber,Huber_2
997,SI_ref_15,PSB,TEB,Synthetic,0.9131362601666559,0.6555088832185644,Huber,Huber_2
998,SI_ref_15,PSB,TEB,Synthetic,0.9073783566890704,0.6555088832185644,Huber,Huber_2
999,SI_ref_15,PSB,TEB,Synthetic,0.8610942615965279,0.6555088832185644,Huber,Huber_2
1000,SI_ref_15,PSB,TEB,Synthetic,0.8714762044822667,0.6555088832185644,Huber,Huber_2
1001,SI_ref_15,PSB,TEB,Synthetic,0.8650362109004135,0.6555088832185644,Huber,Huber_2
1002,SI_ref_15,PSB,TEB,Synthetic,0.9441016733966956,0.6555088832185644,Huber,Huber_2
1003,SI_ref_15,PSB,TEB,Synthetic,0.952584477756588,0.6555088832185644,Huber,Huber_2
1004,SI_ref_15,PSB,TEB,Synthetic,0.9589909115585907,0.6555088832185644,Huber,Huber_2
1005,SI_ref_15,PSB,TEB,Synthetic,0.9629553594597028,0.6555088832185644,Huber,Huber_2
1052,SI_ref_15,PSBOX-A,TEB,Synthetic,0.5158767649493458,0.056564424657723544,Huber,Huber_2
1053,SI_ref_15,PSBOX-A,TEB,Synthetic,0.41210379963008376,0.03901389616769679,Huber,Huber_2
1054,SI_ref_15,PSBOX-A,TEB,Synthetic,0.30623403384032577,0.021255162768881786,Huber,Huber_2
1055,SI_ref_15,PSBOX-A,TEB,Synthetic,0.21283845390046752,0.0033903901847783247,Huber,Huber_2
1056,SI_ref_15,PSBOX-A,TEB,Synthetic,0.12421842587964138,-0.014527897105686749,Huber,Huber_2
1057,SI_ref_15,PSBOX-A,TEB,Synthetic,0.09371708683213013,-0.02502294836015001,Huber,Huber_2
1058,SI_ref_15,PSBOX-A,TEB,Synthetic,0.07890621232231329,-0.032473066928340455,Huber,Huber_2
1059,SI_ref_15,PSBOX-A,TEB,Synthetic,0.07277962857952934,-0.04297709767192165,Huber,Huber_2
1060,SI_ref_15,PSBOX-A,TEB,Synthetic,0.5073983287736047,-0.09458346348295171,Huber,Huber_2
1061,SI_ref_15,PSBOX-A,TEB,Synthetic,0.5163778457532948,-0.019368920348907748,Huber,Huber_2
1062,SI_ref_15,PSBOX-A,TEB,Synthetic,0.5077105405964751,-0.04297709767192165,Huber,Huber_2
1063,SI_ref_15,PSBOX-A,TEB,Synthetic,0.058828707349529885,-0.04297709767192165,Huber,Huber_2
1064,SI_ref_15,PSBOX-A,TEB,Synthetic,0.4930488637978448,-0.06658527499493544,Huber,Huber_2
1065,SI_ref_15,PSBOX-A,TEB,Synthetic,0.5160089507499187,0.008629268139108415,Huber,Huber_2
1066,SI_ref_15,PSBOX-A,TEB,Synthetic,0.07083175356135256,-0.04297709767192165,Huber,Huber_2
1067,SI_ref_15,PSBOX-A,TEB,Synthetic,0.051172794584274484,-0.04297709767192165,Huber,Huber_2
1068,SI_ref_15,PSBOX-A,TEB,Synthetic,0.04750722464731311,-0.04297709767192165,Huber,Huber_2
1069,SI_ref_15,PSBOX-A,TEB,Synthetic,0.04108376658313895,-0.04297709767192165,Huber,Huber_2
1070,SI_ref_15,PSBOX-A,TEB,Synthetic,0.04527670142322688,-0.04297709767192165,Huber,Huber_2
1071,SI_ref_15,PSBOX-A,TEB,Synthetic,0.04243318293660387,-0.04297709767192165,Huber,Huber_2
1072,SI_ref_15,PSBOX-A,TEB,Synthetic,0.09409506092292502,-0.04297709767192165,Huber,Huber_2
1073,SI_ref_15,PSBOX-A,TEB,Synthetic,0.28314921751011557,-0.04297709767192165,Huber,Huber_2
1074,SI_ref_15,PSBOX-A,TEB,Synthetic,0.44223994246690523,-0.04297709767192165,Huber,Huber_2
1075,SI_ref_15,PSBOX-A,TEB,Synthetic,0.5102144207532882,-0.04297709767192165,Huber,Huber_2
1077,SI_ref_17,Pristine SCG biochar,CBZ,Synthetic,0.9431980957558961,0.8606453122548046,Huber,Huber_2
1079,SI_ref_17,Pristine SCG biochar,CBZ,Synthetic,0.9360319849357849,0.8430947837647778,Huber,Huber_2
1081,SI_ref_17,Pristine SCG biochar,CBZ,Synthetic,0.9307104448319532,0.8148945509676591,Huber,Huber_2
1083,SI_ref_17,Pristine SCG biochar,CBZ,Synthetic,0.9258716624342764,0.7969941389030404,Huber,Huber_2
1085,SI_ref_17,Pristine SCG biochar,CBZ,Synthetic,0.9157118703628806,0.7865050653344494,Huber,Huber_2
1087,SI_ref_17,Pristine SCG biochar,CBZ,Synthetic,0.9147137334986508,0.779057939236931,Huber,Huber_2
1089,SI_ref_17,Pristine SCG biochar,CBZ,Synthetic,0.9138427672538969,0.7716078206687405,Huber,Huber_2
1091,SI_ref_17,Pristine SCG biochar,CBZ,Synthetic,0.8932130468798682,0.7094974241141292,Huber,Huber_2
1093,SI_ref_17,Pristine SCG biochar,CBZ,Synthetic,0.9247624360467385,0.7611037899251593,Huber,Huber_2
1095,SI_ref_17,Pristine SCG biochar,CBZ,Synthetic,0.9071706166070994,0.7611037899251593,Huber,Huber_2
1097,SI_ref_17,Pristine SCG biochar,CBZ,Synthetic,0.908534541255576,0.7611037899251593,Huber,Huber_2
1099,SI_ref_17,Pristine SCG biochar,CBZ,Synthetic,0.903895578148675,0.7611037899251593,Huber,Huber_2
1101,SI_ref_17,Pristine SCG biochar,CBZ,Synthetic,0.9071468090110305,0.7611037899251593,Huber,Huber_2
1103,SI_ref_17,Pristine SCG biochar,CBZ,Synthetic,0.890879570190962,0.7611037899251593,Huber,Huber_2
1105,SI_ref_17,Pristine SCG biochar,CBZ,Synthetic,0.8806314346444372,0.8127101557361893,Huber,Huber_2
1107,SI_ref_17,Pristine SCG biochar,CBZ,Synthetic,0.9289062306369882,0.7611037899251593,Huber,Huber_2
1109,SI_ref_17,Pristine SCG biochar,CBZ,Synthetic,0.9261272699552149,0.7611037899251593,Huber,Huber_2
1111,SI_ref_17,Pristine SCG biochar,CBZ,Synthetic,0.9403460613803251,0.7611037899251593,Huber,Huber_2
1113,SI_ref_17,Pristine SCG biochar,CBZ,Synthetic,0.9373850128799738,0.7611037899251593,Huber,Huber_2
1115,SI_ref_17,Pristine SCG biochar,CBZ,Synthetic,0.925161257978969,0.7611037899251593,Huber,Huber_2
1253,SI_ref_18,Pristine SCW Biochar,IBU,Lake water,0.9264336848996528,1.1415261322990156,Huber,Huber_2
1255,SI_ref_18,Pristine SCW Biochar,IBU,Lake water,0.9179334532144726,1.1239756038089888,Huber,Huber_2
1257,SI_ref_18,Pristine SCW Biochar,IBU,Lake water,0.916180999264559,1.106216870410174,Huber,Huber_2
1259,SI_ref_18,Pristine SCW Biochar,IBU,Lake water,0.9235678454978681,1.0883520978260703,Huber,Huber_2
1261,SI_ref_18,Pristine SCW Biochar,IBU,Lake water,0.9285970293283682,1.0704338105356053,Huber,Huber_2
1263,SI_ref_18,Pristine SCW Biochar,IBU,Lake water,0.9209592404126973,1.0599387592811422,Huber,Huber_2
1265,SI_ref_18,Pristine SCW Biochar,IBU,Lake water,0.9279432945207517,1.052488640712952,Huber,Huber_2
1269,SI_ref_18,Pristine SCW Biochar,IBU,Lake water,0.8974085452250303,1.0161814270638554,Huber,Huber_2
1271,SI_ref_18,Pristine SCW Biochar,IBU,Lake water,0.9239929387412031,1.0655927872923843,Huber,Huber_2
1273,SI_ref_18,Pristine SCW Biochar,IBU,Lake water,0.9256303580479686,1.0419846099693704,Huber,Huber_2
1275,SI_ref_18,Pristine SCW Biochar,IBU,Lake water,0.9240446881745522,1.0419846099693704,Huber,Huber_2
1276,SI_ref_18,Pristine SCW Biochar,IBU,Lake water,0.9283922239724117,1.0419846099693704,Huber,Huber_2
1277,SI_ref_18,Pristine SCW Biochar,IBU,Lake water,0.9240711354841218,1.0419846099693704,Huber,Huber_2
1279,SI_ref_18,Pristine SCW Biochar,IBU,Lake water,0.9204127206373283,1.0419846099693704,Huber,Huber_2
1280,SI_ref_18,Pristine SCW Biochar,IBU,Lake water,0.9185968665123906,1.0419846099693704,Huber,Huber_2
1281,SI_ref_18,Pristine SCW Biochar,IBU,Lake water,0.9182954449695013,1.0419846099693704,Huber,Huber_2
1283,SI_ref_18,Pristine SCW Biochar,IBU,Lake water,0.9158900362354069,1.0419846099693704,Huber,Huber_2
1284,SI_ref_18,Pristine SCW Biochar,IBU,Lake water,0.9125854189759445,1.0419846099693704,Huber,Huber_2
1285,SI_ref_18,Pristine SCW Biochar,IBU,Lake water,0.9175495400890653,1.0419846099693704,Huber,Huber_2
1287,SI_ref_18,Pristine SCW Biochar,IBU,Lake water,0.9120226357855434,1.0419846099693704,Huber,Huber_2
1288,SI_ref_18,Pristine SCW Biochar,IBU,Lake water,0.9131050308227836,1.0419846099693704,Huber,Huber_2
1289,SI_ref_18,Pristine SCW Biochar,IBU,Lake water,0.91141920930323,1.0419846099693704,Huber,Huber_2
1291,SI_ref_18,Pristine SCW Biochar,IBU,Lake water,0.9068652159539504,1.0419846099693704,Huber,Huber_2
1292,SI_ref_18,Pristine SCW Biochar,IBU,Lake water,0.9091226364337618,1.0419846099693704,Huber,Huber_2
1293,SI_ref_18,Pristine SCW Biochar,IBU,Lake water,0.9067682424855283,1.0419846099693704,Huber,Huber_2
1295,SI_ref_18,Pristine SCW Biochar,IBU,Lake water,0.9027540853962883,1.0419846099693704,Huber,Huber_2
1296,SI_ref_18,Pristine SCW Biochar,IBU,Lake water,0.9025373859945938,1.0419846099693704,Huber,Huber_2
1297,SI_ref_18,Pristine SCW Biochar,IBU,Lake water,0.9026152370210476,1.0419846099693704,Huber,Huber_2
1298,SI_ref_18,Pristine SCW Biochar,IBU,Lake water,0.9219347373743266,1.018376432646357,Huber,Huber_2
1300,SI_ref_18,Pristine SCW Biochar,IBU,Lake water,0.9277221749920567,1.0677877928748853,Huber,Huber_2
1302,SI_ref_18,Pristine SCW Biochar,IBU,Lake water,0.9340257796823453,1.0935909757804008,Huber,Huber_2
2,SI_ref_19,AMCB,IBU,Ground water,0.6563767477253929,0.6728777557298875,KNN,KNN_2
4,SI_ref_19,AMCB,IBU,Ground water,0.5414154110835401,0.6217351461181698,KNN,KNN_2
6,SI_ref_19,AMCB,IBU,Ground water,0.39819987427626136,0.6049710542099214,KNN,KNN_2
8,SI_ref_19,AMCB,IBU,Ground water,0.3426557088502895,0.49665263247612146,KNN,KNN_2
10,SI_ref_19,AMCB,IBU,Ground water,0.3352626765922249,0.37948331900392857,KNN,KNN_2
12,SI_ref_19,AMCB,IBU,Ground water,0.33078034739454093,0.3595137747877353,KNN,KNN_2
14,SI_ref_19,AMCB,IBU,Ground water,0.3305497038875103,0.3483212741444448,KNN,KNN_2
16,SI_ref_19,AMCB,IBU,Ground water,0.029204625724030753,0.3997602243620645,KNN,KNN_2
18,SI_ref_19,AMCB,IBU,Ground water,0.005264283840238958,0.35816412517837265,KNN,KNN_2
20,SI_ref_19,AMCB,IBU,Ground water,0.0023766372681587895,0.3555277423603241,KNN,KNN_2
22,SI_ref_19,AMCB,IBU,Ground water,0.32926049296939613,0.35816412517837265,KNN,KNN_2
24,SI_ref_19,AMCB,IBU,Ground water,0.19832193047959257,0.3997602850411828,KNN,KNN_2
26,SI_ref_19,AMCB,IBU,Ground water,0.1894672613641715,0.3581641593253683,KNN,KNN_2
28,SI_ref_19,AMCB,IBU,Ground water,0.1528746627917146,0.3555278131700997,KNN,KNN_2
30,SI_ref_19,AMCB,IBU,Ground water,0.3449761650083755,0.39976034567887886,KNN,KNN_2
32,SI_ref_19,AMCB,IBU,Ground water,0.30765270742093687,0.35816419344898753,KNN,KNN_2
34,SI_ref_19,AMCB,IBU,Ground water,0.303030777614079,0.3555278839315209,KNN,KNN_2
36,SI_ref_19,AMCB,IBU,Ground water,0.41496556078686897,0.3997604062751004,KNN,KNN_2
38,SI_ref_19,AMCB,IBU,Ground water,0.3766264851820565,0.3581642275492011,KNN,KNN_2
40,SI_ref_19,AMCB,IBU,Ground water,0.38956403906090076,0.3555279546445266,KNN,KNN_2
42,SI_ref_19,AMCB,IBU,Ground water,0.5182383095521604,0.39976046682979477,KNN,KNN_2
44,SI_ref_19,AMCB,IBU,Ground water,0.5024496962602676,0.3581642616259798,KNN,KNN_2
46,SI_ref_19,AMCB,IBU,Ground water,0.48210720700720494,0.35552802530905564,KNN,KNN_2
48,SI_ref_19,AMCB,IBU,Ground water,0.03338351934448727,0.3997605273429106,KNN,KNN_2
50,SI_ref_19,AMCB,IBU,Ground water,0.0,0.3581642956792948,KNN,KNN_2
52,SI_ref_19,AMCB,IBU,Ground water,0.003531050071646246,0.35552809592504797,KNN,KNN_2
54,SI_ref_19,AMCB,IBU,Ground water,0.19999798179579809,0.3997605878143964,KNN,KNN_2
56,SI_ref_19,AMCB,IBU,Ground water,0.17260220522445793,0.358164329709117,KNN,KNN_2
58,SI_ref_19,AMCB,IBU,Ground water,0.15656878376287445,0.3555281664924434,KNN,KNN_2
60,SI_ref_19,AMCB,IBU,Ground water,0.3457359785263073,0.3997606482442009,KNN,KNN_2
62,SI_ref_19,AMCB,IBU,Ground water,0.32626934953278575,0.3882034167936709,KNN,KNN_2
64,SI_ref_19,AMCB,IBU,Ground water,0.3258728934993643,0.3555282370111826,KNN,KNN_2
66,SI_ref_19,AMCB,IBU,Ground water,0.4885549946229274,0.3997607086322736,KNN,KNN_2
68,SI_ref_19,AMCB,IBU,Ground water,0.39885279506866217,0.3882034510941951,KNN,KNN_2
70,SI_ref_19,AMCB,IBU,Ground water,0.42188356115014575,0.35552830748120606,KNN,KNN_2
72,SI_ref_19,AMCB,IBU,Ground water,0.5107350299703324,0.3997607689785638,KNN,KNN_2
74,SI_ref_19,AMCB,IBU,Ground water,0.5226317382792791,0.38820348537120786,KNN,KNN_2
76,SI_ref_19,AMCB,IBU,Ground water,0.4945842701164504,0.35552837790245484,KNN,KNN_2
78,SI_ref_19,AMCB,IBU,Ground water,0.025848755777109534,0.39976082928302153,KNN,KNN_2
80,SI_ref_19,AMCB,IBU,Ground water,0.008169690609295848,0.38820351962468075,KNN,KNN_2
82,SI_ref_19,AMCB,IBU,Ground water,0.0,0.35552844827487096,KNN,KNN_2
84,SI_ref_19,AMCB,IBU,Ground water,0.2007202298061851,0.39976088954559713,KNN,KNN_2
86,SI_ref_19,AMCB,IBU,Ground water,0.16952726930244136,0.38820355385458477,KNN,KNN_2
88,SI_ref_19,AMCB,IBU,Ground water,0.14747637019246942,0.3555285185983961,KNN,KNN_2
90,SI_ref_19,AMCB,IBU,Ground water,0.34008395729479907,0.39976094976624077,KNN,KNN_2
92,SI_ref_19,AMCB,IBU,Ground water,0.32813530040969546,0.3882035880608914,KNN,KNN_2
94,SI_ref_19,AMCB,IBU,Ground water,0.3191737471997417,0.35552858887297245,KNN,KNN_2
96,SI_ref_19,AMCB,IBU,Ground water,0.45590621693388655,0.39976100994490343,KNN,KNN_2
98,SI_ref_19,AMCB,IBU,Ground water,0.4386715603313315,0.3882036222435721,KNN,KNN_2
100,SI_ref_19,AMCB,IBU,Ground water,0.4136227630368784,0.35552865909854287,KNN,KNN_2
102,SI_ref_19,AMCB,IBU,Ground water,0.15909620069601668,0.4172310166128901,KNN,KNN_2
104,SI_ref_19,AMCB,IBU,Ground water,0.32070040208616674,0.38820365640259885,KNN,KNN_2
106,SI_ref_19,AMCB,IBU,Ground water,0.3644459510905023,0.4558610259481785,KNN,KNN_2
108,SI_ref_19,AMCB,IBU,Ground water,0.46356787238707886,0.5361052494784344,KNN,KNN_2
110,SI_ref_19,AMCB,IBU,Ground water,0.5205305455205957,0.3997610700815366,KNN,KNN_2
112,SI_ref_19,AMCB,IBU,Ground water,0.5464029950150356,0.38820365640259885,KNN,KNN_2
114,SI_ref_19,AMCB,IBU,Ground water,0.48301499525722014,0.3555287292750505,KNN,KNN_2
117,SI_ref_17,Alkali-modified SCG biochars,CBZ,Synthetic,0.12103690777624292,0.36959169092546573,KNN,KNN_2
119,SI_ref_17,Alkali-modified SCG biochars,CBZ,Synthetic,0.0701486117179634,0.27741700266277275,KNN,KNN_2
121,SI_ref_17,Alkali-modified SCG biochars,CBZ,Synthetic,0.050188840370859876,0.14713469727663772,KNN,KNN_2
123,SI_ref_17,Alkali-modified SCG biochars,CBZ,Synthetic,0.033003190610721066,0.10587007679627336,KNN,KNN_2
125,SI_ref_17,Alkali-modified SCG biochars,CBZ,Synthetic,0.03511734337104713,0.12046667704042574,KNN,KNN_2
127,SI_ref_17,Alkali-modified SCG biochars,CBZ,Synthetic,0.03195287629892775,0.12148398032844056,KNN,KNN_2
129,SI_ref_17,Alkali-modified SCG biochars,CBZ,Synthetic,0.03449328813829176,0.25197200659589614,KNN,KNN_2
132,SI_ref_17,Alkali-modified SCG biochars,CBZ,Synthetic,0.041716779164719504,0.40426978814313086,KNN,KNN_2
134,SI_ref_17,Alkali-modified SCG biochars,CBZ,Synthetic,0.00635796336582959,0.40426978814313086,KNN,KNN_2
136,SI_ref_17,Alkali-modified SCG biochars,CBZ,Synthetic,0.011730609548845337,0.40426978814313086,KNN,KNN_2
138,SI_ref_17,Alkali-modified SCG biochars,CBZ,Synthetic,0.01988738850164665,0.40426978814313086,KNN,KNN_2
140,SI_ref_17,Alkali-modified SCG biochars,CBZ,Synthetic,0.006132526431344026,0.40426978814313086,KNN,KNN_2
142,SI_ref_17,Alkali-modified SCG biochars,CBZ,Synthetic,0.007712590639419909,0.40426978814313086,KNN,KNN_2
145,SI_ref_17,Alkali-modified SCG biochars,CBZ,Synthetic,0.10268999927349255,0.40426978814313086,KNN,KNN_2
147,SI_ref_17,Alkali-modified SCG biochars,CBZ,Synthetic,0.14439822919669368,0.40426978814313086,KNN,KNN_2
149,SI_ref_17,Alkali-modified SCG biochars,CBZ,Synthetic,0.34003506921741083,0.40426978814313086,KNN,KNN_2
151,SI_ref_17,Alkali-modified SCG biochars,CBZ,Synthetic,0.4516798693491866,0.40426978814313086,KNN,KNN_2
153,SI_ref_17,Alkali-modified SCG biochars,CBZ,Synthetic,0.5612135486607656,0.40426978814313086,KNN,KNN_2
282,SI_ref_19,CB,IBU,Ground water,0.9280102961124896,0.9333587703586814,KNN,KNN_2
284,SI_ref_19,CB,IBU,Ground water,0.9242732043010754,0.9329043814975282,KNN,KNN_2
286,SI_ref_19,CB,IBU,Ground water,0.9218881323407775,0.9340702326590661,KNN,KNN_2
288,SI_ref_19,CB,IBU,Ground water,0.9215853366418528,0.932299013449953,KNN,KNN_2
290,SI_ref_19,CB,IBU,Ground water,0.9207959503722085,0.9324516552253593,KNN,KNN_2
292,SI_ref_19,CB,IBU,Ground water,0.9207361323407776,0.9323936423793513,KNN,KNN_2
294,SI_ref_19,CB,IBU,Ground water,0.9206762613730356,0.9312072777220979,KNN,KNN_2
296,SI_ref_19,CB,IBU,Ground water,0.9945207101387852,0.9392420356703687,KNN,KNN_2
298,SI_ref_19,CB,IBU,Ground water,0.9765877548823724,0.9260635324176031,KNN,KNN_2
300,SI_ref_19,CB,IBU,Ground water,0.9595058090644278,0.9165704856982739,KNN,KNN_2
302,SI_ref_19,CB,IBU,Ground water,0.9409019130333385,0.9392420356703687,KNN,KNN_2
304,SI_ref_19,CB,IBU,Ground water,0.9323428884090048,0.9260635324176023,KNN,KNN_2
306,SI_ref_19,CB,IBU,Ground water,0.9259231602386863,0.9165704856982739,KNN,KNN_2
308,SI_ref_19,CB,IBU,Ground water,0.8753590996713628,0.9161470749966529,KNN,KNN_2
310,SI_ref_19,CB,IBU,Ground water,0.9341230700922319,0.9392420356703687,KNN,KNN_2
312,SI_ref_19,CB,IBU,Ground water,0.9234390298948024,0.9260635324176023,KNN,KNN_2
314,SI_ref_19,CB,IBU,Ground water,0.917590560186213,0.9165704856982739,KNN,KNN_2
316,SI_ref_19,CB,IBU,Ground water,0.9236132062907854,0.925396061395993,KNN,KNN_2
318,SI_ref_19,CB,IBU,Ground water,0.9231865295080666,0.9021143937634897,KNN,KNN_2
320,SI_ref_19,CB,IBU,Ground water,0.9303445651202417,0.9392420356703687,KNN,KNN_2
322,SI_ref_19,CB,IBU,Ground water,0.923151204819856,0.9260635324176031,KNN,KNN_2
324,SI_ref_19,CB,IBU,Ground water,0.9175260660683171,0.9165704856982739,KNN,KNN_2
326,SI_ref_19,CB,IBU,Ground water,0.9318432124429017,0.9392420356703687,KNN,KNN_2
328,SI_ref_19,CB,IBU,Ground water,0.9241489703794897,0.9260635324176023,KNN,KNN_2
330,SI_ref_19,CB,IBU,Ground water,0.9174641264203113,0.9165704856982739,KNN,KNN_2
523,SI_ref_19,MCB,IBU,Ground water,0.9264289561621175,0.764783431086007,KNN,KNN_2
525,SI_ref_19,MCB,IBU,Ground water,0.9196854524400332,0.7573998043861543,KNN,KNN_2
527,SI_ref_19,MCB,IBU,Ground water,0.9178832092638545,0.7669483612083247,KNN,KNN_2
529,SI_ref_19,MCB,IBU,Ground water,0.9177463688999173,0.8361225429006307,KNN,KNN_2
531,SI_ref_19,MCB,IBU,Ground water,0.9177232092638544,0.9299029162423663,KNN,KNN_2
533,SI_ref_19,MCB,IBU,Ground water,0.9175379321753515,0.9308394699536119,KNN,KNN_2
535,SI_ref_19,MCB,IBU,Ground water,0.9173856344086023,0.9344748859337607,KNN,KNN_2
537,SI_ref_19,MCB,IBU,Ground water,0.9902068659306948,0.9442564270056454,KNN,KNN_2
539,SI_ref_19,MCB,IBU,Ground water,0.9708228218531151,0.9355621345486297,KNN,KNN_2
541,SI_ref_19,MCB,IBU,Ground water,0.9483485035015843,0.9267121124116754,KNN,KNN_2
543,SI_ref_19,MCB,IBU,Ground water,0.9173115500413566,0.9355621345486297,KNN,KNN_2
545,SI_ref_19,MCB,IBU,Ground water,0.9358359065436908,0.9442564176548028,KNN,KNN_2
547,SI_ref_19,MCB,IBU,Ground water,0.9263512886233829,0.9355621333104982,KNN,KNN_2
549,SI_ref_19,MCB,IBU,Ground water,0.9153544975680639,0.9267121058560487,KNN,KNN_2
551,SI_ref_19,MCB,IBU,Ground water,0.9271238571918706,0.9442564083103472,KNN,KNN_2
553,SI_ref_19,MCB,IBU,Ground water,0.9199191103755877,0.9355621320732193,KNN,KNN_2
555,SI_ref_19,MCB,IBU,Ground water,0.910886274193223,0.9267120993049005,KNN,KNN_2
557,SI_ref_19,MCB,IBU,Ground water,0.8716126359176348,0.8747655212548431,KNN,KNN_2
559,SI_ref_19,MCB,IBU,Ground water,0.9228881866842084,0.935562130836794,KNN,KNN_2
561,SI_ref_19,MCB,IBU,Ground water,0.9227697266379059,0.8983121259762857,KNN,KNN_2
563,SI_ref_19,MCB,IBU,Ground water,0.9221446299502403,0.6701941360983805,KNN,KNN_2
565,SI_ref_19,MCB,IBU,Ground water,0.9254612605703445,0.944256398972287,KNN,KNN_2
567,SI_ref_19,MCB,IBU,Ground water,0.9188111047361486,0.935562130836794,KNN,KNN_2
569,SI_ref_19,MCB,IBU,Ground water,0.9124876096677748,0.9267120927582365,KNN,KNN_2
571,SI_ref_19,MCB,IBU,Ground water,0.927696260267614,0.94425638964063,KNN,KNN_2
573,SI_ref_19,MCB,IBU,Ground water,0.9222883610163676,0.9355621296012233,KNN,KNN_2
575,SI_ref_19,MCB,IBU,Ground water,0.9173366162788351,0.9267120862160622,KNN,KNN_2
577,SI_ref_19,MCB,IBU,Ground water,0.9896236049163454,0.9442563803153841,KNN,KNN_2
579,SI_ref_19,MCB,IBU,Ground water,0.9728688772730024,0.935562128366509,KNN,KNN_2
581,SI_ref_19,MCB,IBU,Ground water,0.95367292982704,0.9267120796783826,KNN,KNN_2
583,SI_ref_19,MCB,IBU,Ground water,0.9381494412938034,0.9442563709965572,KNN,KNN_2
585,SI_ref_19,MCB,IBU,Ground water,0.925414707326754,0.9355621271326514,KNN,KNN_2
587,SI_ref_19,MCB,IBU,Ground water,0.9200694262245456,0.9267120731452045,KNN,KNN_2
589,SI_ref_19,MCB,IBU,Ground water,0.9296751902157461,0.9442563616841577,KNN,KNN_2
591,SI_ref_19,MCB,IBU,Ground water,0.9221403459202003,0.9324714384350167,KNN,KNN_2
593,SI_ref_19,MCB,IBU,Ground water,0.911624129649438,0.9267120666165322,KNN,KNN_2
595,SI_ref_19,MCB,IBU,Ground water,0.9248851497651674,0.9442563523781926,KNN,KNN_2
597,SI_ref_19,MCB,IBU,Ground water,0.9206218375460943,0.9324714375856643,KNN,KNN_2
599,SI_ref_19,MCB,IBU,Ground water,0.9170274735254856,0.9267120600923718,KNN,KNN_2
601,SI_ref_19,MCB,IBU,Ground water,0.9300914246503462,0.9442563430786702,KNN,KNN_2
603,SI_ref_19,MCB,IBU,Ground water,0.920786534541565,0.9324714367368768,KNN,KNN_2
605,SI_ref_19,MCB,IBU,Ground water,0.9160948152334054,0.9267120535727288,KNN,KNN_2
607,SI_ref_19,MCB,IBU,Ground water,0.9861765121394982,0.9442563337855983,KNN,KNN_2
609,SI_ref_19,MCB,IBU,Ground water,0.9661781267028597,0.9324714358886554,KNN,KNN_2
611,SI_ref_19,MCB,IBU,Ground water,0.9529992532644452,0.9267120470576085,KNN,KNN_2
613,SI_ref_19,MCB,IBU,Ground water,0.9352947587236877,0.9442563244989843,KNN,KNN_2
615,SI_ref_19,MCB,IBU,Ground water,0.9284499518994666,0.9324714350410008,KNN,KNN_2
617,SI_ref_19,MCB,IBU,Ground water,0.917077774862594,0.9267120405470158,KNN,KNN_2
619,SI_ref_19,MCB,IBU,Ground water,0.9255842902984923,0.9442563152188356,KNN,KNN_2
621,SI_ref_19,MCB,IBU,Ground water,0.9186162384710084,0.9324714341939141,KNN,KNN_2
623,SI_ref_19,MCB,IBU,Ground water,0.9103224686673798,0.9267120340409565,KNN,KNN_2
625,SI_ref_19,MCB,IBU,Ground water,0.9258221154816445,0.9442563059451603,KNN,KNN_2
627,SI_ref_19,MCB,IBU,Ground water,0.921668420582223,0.932471433347395,KNN,KNN_2
629,SI_ref_19,MCB,IBU,Ground water,0.9150562646500002,0.9267120275394362,KNN,KNN_2
631,SI_ref_19,MCB,IBU,Ground water,0.9296259863973036,0.9442562966779656,KNN,KNN_2
633,SI_ref_19,MCB,IBU,Ground water,0.9216175906678238,0.9324714325014454,KNN,KNN_2
635,SI_ref_19,MCB,IBU,Ground water,0.9188076045934327,0.9267120210424595,KNN,KNN_2
698,SI_ref_18,NaOH-activated SCW biochars,IBU,Lake water,0.585296751211726,0.5361034820140895,KNN,KNN_2
700,SI_ref_18,NaOH-activated SCW biochars,IBU,Lake water,0.6304734220526563,0.5105769661155736,KNN,KNN_2
702,SI_ref_18,NaOH-activated SCW biochars,IBU,Lake water,0.6077686506314385,0.4703707603193552,KNN,KNN_2
704,SI_ref_18,NaOH-activated SCW biochars,IBU,Lake water,0.6040537723014899,0.45300032516398203,KNN,KNN_2
706,SI_ref_18,NaOH-activated SCW biochars,IBU,Lake water,0.6292724453182281,0.41888892443033177,KNN,KNN_2
708,SI_ref_18,NaOH-activated SCW biochars,IBU,Lake water,0.6376478565264503,0.4511147212682738,KNN,KNN_2
710,SI_ref_18,NaOH-activated SCW biochars,IBU,Lake water,0.6108673600702487,0.4594313281213328,KNN,KNN_2
712,SI_ref_18,NaOH-activated SCW biochars,IBU,Lake water,0.10371139816269948,0.4906743051908655,KNN,KNN_2
714,SI_ref_18,NaOH-activated SCW biochars,IBU,Lake water,0.46656560236114836,0.4906743051908655,KNN,KNN_2
716,SI_ref_18,NaOH-activated SCW biochars,IBU,Lake water,0.44106817459704084,0.40040270125453004,KNN,KNN_2
718,SI_ref_18,NaOH-activated SCW biochars,IBU,Lake water,0.6893393142281772,0.5672614862255712,KNN,KNN_2
720,SI_ref_18,NaOH-activated SCW biochars,IBU,Lake water,0.621379975330744,0.4906743051908655,KNN,KNN_2
722,SI_ref_18,NaOH-activated SCW biochars,IBU,Lake water,0.6727437787241767,0.4906743051908655,KNN,KNN_2
723,SI_ref_18,NaOH-activated SCW biochars,IBU,Lake water,0.6293605973980515,0.4906743051908655,KNN,KNN_2
724,SI_ref_18,NaOH-activated SCW biochars,IBU,Lake water,0.6573710855713073,0.4906743051908655,KNN,KNN_2
726,SI_ref_18,NaOH-activated SCW biochars,IBU,Lake water,0.6298354173553987,0.4906743051908655,KNN,KNN_2
727,SI_ref_18,NaOH-activated SCW biochars,IBU,Lake water,0.6523803226831055,0.4906743051908655,KNN,KNN_2
728,SI_ref_18,NaOH-activated SCW biochars,IBU,Lake water,0.6378679449532959,0.4906743051908655,KNN,KNN_2
730,SI_ref_18,NaOH-activated SCW biochars,IBU,Lake water,0.627404015064595,0.4906743051908655,KNN,KNN_2
731,SI_ref_18,NaOH-activated SCW biochars,IBU,Lake water,0.6077370696640284,0.4906743051908655,KNN,KNN_2
732,SI_ref_18,NaOH-activated SCW biochars,IBU,Lake water,0.6159420233488258,0.4906743051908655,KNN,KNN_2
734,SI_ref_18,NaOH-activated SCW biochars,IBU,Lake water,0.6074163960354965,0.4906743051908655,KNN,KNN_2
735,SI_ref_18,NaOH-activated SCW biochars,IBU,Lake water,0.6146046840259546,0.4906743051908655,KNN,KNN_2
736,SI_ref_18,NaOH-activated SCW biochars,IBU,Lake water,0.6281995086504742,0.4906743051908655,KNN,KNN_2
738,SI_ref_18,NaOH-activated SCW biochars,IBU,Lake water,0.6298527247859258,0.4906743051908655,KNN,KNN_2
739,SI_ref_18,NaOH-activated SCW biochars,IBU,Lake water,0.576999656444263,0.4906743051908655,KNN,KNN_2
740,SI_ref_18,NaOH-activated SCW biochars,IBU,Lake water,0.5791171913994386,0.4906743051908655,KNN,KNN_2
742,SI_ref_18,NaOH-activated SCW biochars,IBU,Lake water,0.5786725135963804,0.4906743051908655,KNN,KNN_2
743,SI_ref_18,NaOH-activated SCW biochars,IBU,Lake water,0.6233870058145189,0.4906743051908655,KNN,KNN_2
744,SI_ref_18,NaOH-activated SCW biochars,IBU,Lake water,0.5944978576382812,0.4906743051908655,KNN,KNN_2
745,SI_ref_18,NaOH-activated SCW biochars,IBU,Lake water,0.5630080357470825,0.5316603718943484,KNN,KNN_2
747,SI_ref_18,NaOH-activated SCW biochars,IBU,Lake water,0.6846241766923425,0.4635902970678486,KNN,KNN_2
749,SI_ref_18,NaOH-activated SCW biochars,IBU,Lake water,0.744908980376152,0.5807981249548776,KNN,KNN_2
751,SI_ref_18,NaOH-activated SCW biochars,IBU,Lake water,0.6869669848084122,0.4906743051908655,KNN,KNN_2
753,SI_ref_18,NaOH-activated SCW biochars,IBU,Lake water,0.7932075459644551,0.4906743051908655,KNN,KNN_2
852,SI_ref_13,PB600,CBZ,Synthetic,0.5776772247360483,0.7284564635843174,KNN,KNN_2
853,SI_ref_13,PB600,CBZ,Synthetic,0.5656108597285068,0.6558809125659217,KNN,KNN_2
854,SI_ref_13,PB600,CBZ,Synthetic,0.5475113122171945,0.6498987323536889,KNN,KNN_2
855,SI_ref_13,PB600,CBZ,Synthetic,0.4479638009049774,0.6454854668519113,KNN,KNN_2
856,SI_ref_13,PB600,CBZ,Synthetic,0.45098039215686275,0.6284001224296197,KNN,KNN_2
857,SI_ref_13,PB600,CBZ,Synthetic,0.42684766214177977,0.5925533242665454,KNN,KNN_2
858,SI_ref_13,PB600,CBZ,Synthetic,0.32437120555073723,0.5917160347704592,KNN,KNN_2
859,SI_ref_13,PB600,CBZ,Synthetic,0.4773489932885906,0.6504106335846419,KNN,KNN_2
860,SI_ref_13,PB600,CBZ,Synthetic,0.4437372714068248,0.5917160347704592,KNN,KNN_2
861,SI_ref_13,PB600,CBZ,Synthetic,0.35791881074899945,0.5917160347704592,KNN,KNN_2
862,SI_ref_13,PB600,CBZ,Synthetic,0.32426715019643393,0.5917160347704592,KNN,KNN_2
863,SI_ref_13,PB600,CBZ,Synthetic,0.24055829228243014,0.5917160347704592,KNN,KNN_2
864,SI_ref_13,PB600,CBZ,Synthetic,0.44839549002601903,0.6418746743323428,KNN,KNN_2
865,SI_ref_13,PB600,CBZ,Synthetic,0.5528523489932886,0.8139412819829887,KNN,KNN_2
866,SI_ref_13,PB600,CBZ,Synthetic,0.5653368025440879,0.5917160347704592,KNN,KNN_2
867,SI_ref_13,PB600,CBZ,Synthetic,0.6235906331309627,0.5917160347704592,KNN,KNN_2
868,SI_ref_13,PB600,CBZ,Synthetic,0.6991037872217403,0.5917160347704592,KNN,KNN_2
869,SI_ref_13,PB600,CBZ,Synthetic,0.7401395944327428,0.5917160347704592,KNN,KNN_2
870,SI_ref_13,PB600,CBZ,Synthetic,0.8642533936651583,0.5774439037024145,KNN,KNN_2
871,SI_ref_13,PB600,CBZ,Synthetic,0.6953242835595775,0.5774439037024147,KNN,KNN_2
872,SI_ref_13,PB600,CBZ,Synthetic,0.4479638009049774,0.5774439037024145,KNN,KNN_2
873,SI_ref_13,PB600,CBZ,Synthetic,0.36651583710407243,0.5774439037024147,KNN,KNN_2
874,SI_ref_13,PB600,CBZ,Synthetic,0.248868778280543,0.5774439037024145,KNN,KNN_2
898,SI_ref_13,PB600,CBZ,Synthetic,0.244663382594417,0.5917160347704592,KNN,KNN_2
899,SI_ref_13,PB800,CBZ,Synthetic,0.27061079156395507,0.5718389218420494,KNN,KNN_2
900,SI_ref_13,PB800,CBZ,Synthetic,0.22678718159408381,0.3896006301100466,KNN,KNN_2
901,SI_ref_13,PB800,CBZ,Synthetic,0.18844152287044644,0.386742557268613,KNN,KNN_2
902,SI_ref_13,PB800,CBZ,Synthetic,0.17748562037797863,0.3849723116555872,KNN,KNN_2
903,SI_ref_13,PB800,CBZ,Synthetic,0.16379074226239385,0.3752902948984295,KNN,KNN_2
904,SI_ref_13,PB800,CBZ,Synthetic,0.155573815393043,0.3893118849496338,KNN,KNN_2
905,SI_ref_13,PB800,CBZ,Synthetic,0.08520900321543408,0.389956461581563,KNN,KNN_2
906,SI_ref_13,PB800,CBZ,Synthetic,0.16135346756152125,0.37649484863104216,KNN,KNN_2
907,SI_ref_13,PB800,CBZ,Synthetic,0.1561792870827899,0.389956461581563,KNN,KNN_2
908,SI_ref_13,PB800,CBZ,Synthetic,0.13676633444075306,0.38995646158156294,KNN,KNN_2
909,SI_ref_13,PB800,CBZ,Synthetic,0.1002310803004044,0.389956461581563,KNN,KNN_2
910,SI_ref_13,PB800,CBZ,Synthetic,0.04322336667164253,0.38995646158156294,KNN,KNN_2
911,SI_ref_13,PB800,CBZ,Synthetic,0.20609619686800895,0.33807966550229757,KNN,KNN_2
912,SI_ref_13,PB800,CBZ,Synthetic,0.1865212527964206,0.4104132315097467,KNN,KNN_2
913,SI_ref_13,PB800,CBZ,Synthetic,0.28121650589496244,0.389956461581563,KNN,KNN_2
914,SI_ref_13,PB800,CBZ,Synthetic,0.36611289746337977,0.38995646158156294,KNN,KNN_2
915,SI_ref_13,PB800,CBZ,Synthetic,0.5117363344051448,0.389956461581563,KNN,KNN_2
916,SI_ref_13,PB800,CBZ,Synthetic,0.5707012708620426,0.38995646158156294,KNN,KNN_2
917,SI_ref_13,PB800,CBZ,Synthetic,0.5791052918712493,0.3722981277500622,KNN,KNN_2
918,SI_ref_13,PB800,CBZ,Synthetic,0.30905619203491547,0.37229812775006227,KNN,KNN_2
919,SI_ref_13,PB800,CBZ,Synthetic,0.16448445171849424,0.3722981277500622,KNN,KNN_2
920,SI_ref_13,PB800,CBZ,Synthetic,0.12460736493062231,0.37229812775006227,KNN,KNN_2
921,SI_ref_13,PB800,CBZ,Synthetic,0.08265139116202945,0.3722981277500622,KNN,KNN_2
987,SI_ref_15,PSB,TEB,Synthetic,0.9529494921755761,0.9500715157515706,KNN,KNN_2
988,SI_ref_15,PSB,TEB,Synthetic,0.9422238246841239,0.9412370572035048,KNN,KNN_2
989,SI_ref_15,PSB,TEB,Synthetic,0.9297851778252496,0.9406095672239494,KNN,KNN_2
990,SI_ref_15,PSB,TEB,Synthetic,0.9225192311101157,0.9344391333558016,KNN,KNN_2
991,SI_ref_15,PSB,TEB,Synthetic,0.920805363267918,0.9271851144685965,KNN,KNN_2
992,SI_ref_15,PSB,TEB,Synthetic,0.9178876121047361,0.9208835783789641,KNN,KNN_2
993,SI_ref_15,PSB,TEB,Synthetic,0.9171857170319854,0.917809950877998,KNN,KNN_2
994,SI_ref_15,PSB,TEB,Synthetic,0.9362126098667423,0.9201136839062545,KNN,KNN_2
995,SI_ref_15,PSB,TEB,Synthetic,0.9575716949823408,0.9201136839062545,KNN,KNN_2
996,SI_ref_15,PSB,TEB,Synthetic,0.9144403299752767,0.9201136839062545,KNN,KNN_2
997,SI_ref_15,PSB,TEB,Synthetic,0.9131362601666559,0.9201136839062545,KNN,KNN_2
998,SI_ref_15,PSB,TEB,Synthetic,0.9073783566890704,0.9201136839062545,KNN,KNN_2
999,SI_ref_15,PSB,TEB,Synthetic,0.8610942615965279,0.9201136839062545,KNN,KNN_2
1000,SI_ref_15,PSB,TEB,Synthetic,0.8714762044822667,0.9201136839062545,KNN,KNN_2
1001,SI_ref_15,PSB,TEB,Synthetic,0.8650362109004135,0.9201136839062545,KNN,KNN_2
1002,SI_ref_15,PSB,TEB,Synthetic,0.9441016733966956,0.9201136839062545,KNN,KNN_2
1003,SI_ref_15,PSB,TEB,Synthetic,0.952584477756588,0.9201136839062545,KNN,KNN_2
1004,SI_ref_15,PSB,TEB,Synthetic,0.9589909115585907,0.9201136839062545,KNN,KNN_2
1005,SI_ref_15,PSB,TEB,Synthetic,0.9629553594597028,0.9201136839062545,KNN,KNN_2
1052,SI_ref_15,PSBOX-A,TEB,Synthetic,0.5158767649493458,0.30351414430096346,KNN,KNN_2
1053,SI_ref_15,PSBOX-A,TEB,Synthetic,0.41210379963008376,0.2862465615303273,KNN,KNN_2
1054,SI_ref_15,PSBOX-A,TEB,Synthetic,0.30623403384032577,0.2571419923857544,KNN,KNN_2
1055,SI_ref_15,PSBOX-A,TEB,Synthetic,0.21283845390046752,0.1774362054798082,KNN,KNN_2
1056,SI_ref_15,PSBOX-A,TEB,Synthetic,0.12421842587964138,0.08670638659896392,KNN,KNN_2
1057,SI_ref_15,PSBOX-A,TEB,Synthetic,0.09371708683213013,0.07053548677803086,KNN,KNN_2
1058,SI_ref_15,PSBOX-A,TEB,Synthetic,0.07890621232231329,0.08720099025232889,KNN,KNN_2
1059,SI_ref_15,PSBOX-A,TEB,Synthetic,0.07277962857952934,0.1326573863357902,KNN,KNN_2
1060,SI_ref_15,PSBOX-A,TEB,Synthetic,0.5073983287736047,0.17778763936010225,KNN,KNN_2
1061,SI_ref_15,PSBOX-A,TEB,Synthetic,0.5163778457532948,0.18273727213912644,KNN,KNN_2
1062,SI_ref_15,PSBOX-A,TEB,Synthetic,0.5077105405964751,0.1326573863357902,KNN,KNN_2
1063,SI_ref_15,PSBOX-A,TEB,Synthetic,0.058828707349529885,0.1326573863357902,KNN,KNN_2
1064,SI_ref_15,PSBOX-A,TEB,Synthetic,0.4930488637978448,0.17637257285464836,KNN,KNN_2
1065,SI_ref_15,PSBOX-A,TEB,Synthetic,0.5160089507499187,0.27061681076519895,KNN,KNN_2
1066,SI_ref_15,PSBOX-A,TEB,Synthetic,0.07083175356135256,0.1326573863357902,KNN,KNN_2
1067,SI_ref_15,PSBOX-A,TEB,Synthetic,0.051172794584274484,0.1326573863357902,KNN,KNN_2
1068,SI_ref_15,PSBOX-A,TEB,Synthetic,0.04750722464731311,0.1326573863357902,KNN,KNN_2
1069,SI_ref_15,PSBOX-A,TEB,Synthetic,0.04108376658313895,0.1326573863357902,KNN,KNN_2
1070,SI_ref_15,PSBOX-A,TEB,Synthetic,0.04527670142322688,0.1326573863357902,KNN,KNN_2
1071,SI_ref_15,PSBOX-A,TEB,Synthetic,0.04243318293660387,0.1326573863357902,KNN,KNN_2
1072,SI_ref_15,PSBOX-A,TEB,Synthetic,0.09409506092292502,0.1326573863357902,KNN,KNN_2
1073,SI_ref_15,PSBOX-A,TEB,Synthetic,0.28314921751011557,0.1326573863357902,KNN,KNN_2
1074,SI_ref_15,PSBOX-A,TEB,Synthetic,0.44223994246690523,0.1326573863357902,KNN,KNN_2
1075,SI_ref_15,PSBOX-A,TEB,Synthetic,0.5102144207532882,0.1326573863357902,KNN,KNN_2
1077,SI_ref_17,Pristine SCG biochar,CBZ,Synthetic,0.9431980957558961,0.9478637215866432,KNN,KNN_2
1079,SI_ref_17,Pristine SCG biochar,CBZ,Synthetic,0.9360319849357849,0.9342299382333605,KNN,KNN_2
1081,SI_ref_17,Pristine SCG biochar,CBZ,Synthetic,0.9307104448319532,0.9246943109403363,KNN,KNN_2
1083,SI_ref_17,Pristine SCG biochar,CBZ,Synthetic,0.9258716624342764,0.9200644962750609,KNN,KNN_2
1085,SI_ref_17,Pristine SCG biochar,CBZ,Synthetic,0.9157118703628806,0.9142840936955876,KNN,KNN_2
1087,SI_ref_17,Pristine SCG biochar,CBZ,Synthetic,0.9147137334986508,0.9111705045396999,KNN,KNN_2
1089,SI_ref_17,Pristine SCG biochar,CBZ,Synthetic,0.9138427672538969,0.887411833320251,KNN,KNN_2
1091,SI_ref_17,Pristine SCG biochar,CBZ,Synthetic,0.8932130468798682,0.6493482161660342,KNN,KNN_2
1093,SI_ref_17,Pristine SCG biochar,CBZ,Synthetic,0.9247624360467385,0.8697826379392363,KNN,KNN_2
1095,SI_ref_17,Pristine SCG biochar,CBZ,Synthetic,0.9071706166070994,0.8697826379392363,KNN,KNN_2
1097,SI_ref_17,Pristine SCG biochar,CBZ,Synthetic,0.908534541255576,0.8697826379392363,KNN,KNN_2
1099,SI_ref_17,Pristine SCG biochar,CBZ,Synthetic,0.903895578148675,0.8697826379392363,KNN,KNN_2
1101,SI_ref_17,Pristine SCG biochar,CBZ,Synthetic,0.9071468090110305,0.8697826379392363,KNN,KNN_2
1103,SI_ref_17,Pristine SCG biochar,CBZ,Synthetic,0.890879570190962,0.8697826379392363,KNN,KNN_2
1105,SI_ref_17,Pristine SCG biochar,CBZ,Synthetic,0.8806314346444372,0.8497447595826063,KNN,KNN_2
1107,SI_ref_17,Pristine SCG biochar,CBZ,Synthetic,0.9289062306369882,0.8697826379392363,KNN,KNN_2
1109,SI_ref_17,Pristine SCG biochar,CBZ,Synthetic,0.9261272699552149,0.8697826379392363,KNN,KNN_2
1111,SI_ref_17,Pristine SCG biochar,CBZ,Synthetic,0.9403460613803251,0.8697826379392363,KNN,KNN_2
1113,SI_ref_17,Pristine SCG biochar,CBZ,Synthetic,0.9373850128799738,0.8697826379392363,KNN,KNN_2
1115,SI_ref_17,Pristine SCG biochar,CBZ,Synthetic,0.925161257978969,0.8697826379392363,KNN,KNN_2
1253,SI_ref_18,Pristine SCW Biochar,IBU,Lake water,0.9264336848996528,0.9171207871643435,KNN,KNN_2
1255,SI_ref_18,Pristine SCW Biochar,IBU,Lake water,0.9179334532144726,0.9150495519395728,KNN,KNN_2
1257,SI_ref_18,Pristine SCW Biochar,IBU,Lake water,0.916180999264559,0.9162324926585316,KNN,KNN_2
1259,SI_ref_18,Pristine SCW Biochar,IBU,Lake water,0.9235678454978681,0.9121077208961494,KNN,KNN_2
1261,SI_ref_18,Pristine SCW Biochar,IBU,Lake water,0.9285970293283682,0.9172437888542277,KNN,KNN_2
1263,SI_ref_18,Pristine SCW Biochar,IBU,Lake water,0.9209592404126973,0.9167434498960765,KNN,KNN_2
1265,SI_ref_18,Pristine SCW Biochar,IBU,Lake water,0.9279432945207517,0.9158108844666772,KNN,KNN_2
1269,SI_ref_18,Pristine SCW Biochar,IBU,Lake water,0.8974085452250303,0.90841142172852,KNN,KNN_2
1271,SI_ref_18,Pristine SCW Biochar,IBU,Lake water,0.9239929387412031,0.8606750937762946,KNN,KNN_2
1273,SI_ref_18,Pristine SCW Biochar,IBU,Lake water,0.9256303580479686,0.9165899966226033,KNN,KNN_2
1275,SI_ref_18,Pristine SCW Biochar,IBU,Lake water,0.9240446881745522,0.9165899966226033,KNN,KNN_2
1276,SI_ref_18,Pristine SCW Biochar,IBU,Lake water,0.9283922239724117,0.9165899966226033,KNN,KNN_2
1277,SI_ref_18,Pristine SCW Biochar,IBU,Lake water,0.9240711354841218,0.9165899966226033,KNN,KNN_2
1279,SI_ref_18,Pristine SCW Biochar,IBU,Lake water,0.9204127206373283,0.9165899966226033,KNN,KNN_2
1280,SI_ref_18,Pristine SCW Biochar,IBU,Lake water,0.9185968665123906,0.9165899966226033,KNN,KNN_2
1281,SI_ref_18,Pristine SCW Biochar,IBU,Lake water,0.9182954449695013,0.9165899966226033,KNN,KNN_2
1283,SI_ref_18,Pristine SCW Biochar,IBU,Lake water,0.9158900362354069,0.9165899966226033,KNN,KNN_2
1284,SI_ref_18,Pristine SCW Biochar,IBU,Lake water,0.9125854189759445,0.9165899966226033,KNN,KNN_2
1285,SI_ref_18,Pristine SCW Biochar,IBU,Lake water,0.9175495400890653,0.9165899966226033,KNN,KNN_2
1287,SI_ref_18,Pristine SCW Biochar,IBU,Lake water,0.9120226357855434,0.9165899966226033,KNN,KNN_2
1288,SI_ref_18,Pristine SCW Biochar,IBU,Lake water,0.9131050308227836,0.9165899966226033,KNN,KNN_2
1289,SI_ref_18,Pristine SCW Biochar,IBU,Lake water,0.91141920930323,0.9165899966226033,KNN,KNN_2
1291,SI_ref_18,Pristine SCW Biochar,IBU,Lake water,0.9068652159539504,0.9165899966226033,KNN,KNN_2
1292,SI_ref_18,Pristine SCW Biochar,IBU,Lake water,0.9091226364337618,0.9165899966226033,KNN,KNN_2
1293,SI_ref_18,Pristine SCW Biochar,IBU,Lake water,0.9067682424855283,0.9165899966226033,KNN,KNN_2
1295,SI_ref_18,Pristine SCW Biochar,IBU,Lake water,0.9027540853962883,0.9165899966226033,KNN,KNN_2
1296,SI_ref_18,Pristine SCW Biochar,IBU,Lake water,0.9025373859945938,0.9165899966226033,KNN,KNN_2
1297,SI_ref_18,Pristine SCW Biochar,IBU,Lake water,0.9026152370210476,0.9165899966226033,KNN,KNN_2
1298,SI_ref_18,Pristine SCW Biochar,IBU,Lake water,0.9219347373743266,0.8346206784185374,KNN,KNN_2
1300,SI_ref_18,Pristine SCW Biochar,IBU,Lake water,0.9277221749920567,0.9176946243769792,KNN,KNN_2
1302,SI_ref_18,Pristine SCW Biochar,IBU,Lake water,0.9340257796823453,0.8651388301703743,KNN,KNN_2
2,SI_ref_19,AMCB,IBU,Ground water,0.6563767477253929,0.5994585524605607,KernelRidge,KernelRidge_1
4,SI_ref_19,AMCB,IBU,Ground water,0.5414154110835401,0.5301644745785528,KernelRidge,KernelRidge_1
6,SI_ref_19,AMCB,IBU,Ground water,0.39819987427626136,0.4661858450833587,KernelRidge,KernelRidge_1
8,SI_ref_19,AMCB,IBU,Ground water,0.3426557088502895,0.41332681984688324,KernelRidge,KernelRidge_1
10,SI_ref_19,AMCB,IBU,Ground water,0.3352626765922249,0.37572152723695745,KernelRidge,KernelRidge_1
12,SI_ref_19,AMCB,IBU,Ground water,0.33078034739454093,0.36170496202015257,KernelRidge,KernelRidge_1
14,SI_ref_19,AMCB,IBU,Ground water,0.3305497038875103,0.3554168632894669,KernelRidge,KernelRidge_1
16,SI_ref_19,AMCB,IBU,Ground water,0.029204625724030753,0.4059244408827975,KernelRidge,KernelRidge_1
18,SI_ref_19,AMCB,IBU,Ground water,0.005264283840238958,0.35158176035629335,KernelRidge,KernelRidge_1
20,SI_ref_19,AMCB,IBU,Ground water,0.0023766372681587895,0.3470481938442926,KernelRidge,KernelRidge_1
22,SI_ref_19,AMCB,IBU,Ground water,0.32926049296939613,0.35158176035629335,KernelRidge,KernelRidge_1
24,SI_ref_19,AMCB,IBU,Ground water,0.19832193047959257,0.40592277261652626,KernelRidge,KernelRidge_1
26,SI_ref_19,AMCB,IBU,Ground water,0.1894672613641715,0.3515800761378878,KernelRidge,KernelRidge_1
28,SI_ref_19,AMCB,IBU,Ground water,0.1528746627917146,0.3470430203478317,KernelRidge,KernelRidge_1
30,SI_ref_19,AMCB,IBU,Ground water,0.3449761650083755,0.40592111686115634,KernelRidge,KernelRidge_1
32,SI_ref_19,AMCB,IBU,Ground water,0.30765270742093687,0.3515784093362936,KernelRidge,KernelRidge_1
34,SI_ref_19,AMCB,IBU,Ground water,0.303030777614079,0.34703786290217825,KernelRidge,KernelRidge_1
36,SI_ref_19,AMCB,IBU,Ground water,0.41496556078686897,0.40591947358946884,KernelRidge,KernelRidge_1
38,SI_ref_19,AMCB,IBU,Ground water,0.3766264851820565,0.3515767599137108,KernelRidge,KernelRidge_1
40,SI_ref_19,AMCB,IBU,Ground water,0.38956403906090076,0.3470327214746742,KernelRidge,KernelRidge_1
42,SI_ref_19,AMCB,IBU,Ground water,0.5182383095521604,0.4059178427742488,KernelRidge,KernelRidge_1
44,SI_ref_19,AMCB,IBU,Ground water,0.5024496962602676,0.35157512783238565,KernelRidge,KernelRidge_1
46,SI_ref_19,AMCB,IBU,Ground water,0.48210720700720494,0.34702759603264755,KernelRidge,KernelRidge_1
48,SI_ref_19,AMCB,IBU,Ground water,0.03338351934448727,0.4059162243884703,KernelRidge,KernelRidge_1
50,SI_ref_19,AMCB,IBU,Ground water,0.0,0.3515735130546072,KernelRidge,KernelRidge_1
52,SI_ref_19,AMCB,IBU,Ground water,0.003531050071646246,0.3470224865435977,KernelRidge,KernelRidge_1
54,SI_ref_19,AMCB,IBU,Ground water,0.19999798179579809,0.4059146184051259,KernelRidge,KernelRidge_1
56,SI_ref_19,AMCB,IBU,Ground water,0.17260220522445793,0.35157191554289563,KernelRidge,KernelRidge_1
58,SI_ref_19,AMCB,IBU,Ground water,0.15656878376287445,0.3470173929750886,KernelRidge,KernelRidge_1
60,SI_ref_19,AMCB,IBU,Ground water,0.3457359785263073,0.40591302479723,KernelRidge,KernelRidge_1
62,SI_ref_19,AMCB,IBU,Ground water,0.32626934953278575,0.35157033525976766,KernelRidge,KernelRidge_1
64,SI_ref_19,AMCB,IBU,Ground water,0.3258728934993643,0.3470123152946885,KernelRidge,KernelRidge_1
66,SI_ref_19,AMCB,IBU,Ground water,0.4885549946229274,0.40591144353792286,KernelRidge,KernelRidge_1
68,SI_ref_19,AMCB,IBU,Ground water,0.39885279506866217,0.35156877216782956,KernelRidge,KernelRidge_1
70,SI_ref_19,AMCB,IBU,Ground water,0.42188356115014575,0.34700725347012307,KernelRidge,KernelRidge_1
72,SI_ref_19,AMCB,IBU,Ground water,0.5107350299703324,0.40590987460042344,KernelRidge,KernelRidge_1
74,SI_ref_19,AMCB,IBU,Ground water,0.5226317382792791,0.35156722622981257,KernelRidge,KernelRidge_1
76,SI_ref_19,AMCB,IBU,Ground water,0.4945842701164504,0.3470022074691865,KernelRidge,KernelRidge_1
78,SI_ref_19,AMCB,IBU,Ground water,0.025848755777109534,0.40590831795800175,KernelRidge,KernelRidge_1
80,SI_ref_19,AMCB,IBU,Ground water,0.008169690609295848,0.3515656974085375,KernelRidge,KernelRidge_1
82,SI_ref_19,AMCB,IBU,Ground water,0.0,0.3469971772597521,KernelRidge,KernelRidge_1
84,SI_ref_19,AMCB,IBU,Ground water,0.2007202298061851,0.40590677358392907,KernelRidge,KernelRidge_1
86,SI_ref_19,AMCB,IBU,Ground water,0.16952726930244136,0.35156418566700703,KernelRidge,KernelRidge_1
88,SI_ref_19,AMCB,IBU,Ground water,0.14747637019246942,0.3469921628097231,KernelRidge,KernelRidge_1
90,SI_ref_19,AMCB,IBU,Ground water,0.34008395729479907,0.405905241451709,KernelRidge,KernelRidge_1
92,SI_ref_19,AMCB,IBU,Ground water,0.32813530040969546,0.3515626909681113,KernelRidge,KernelRidge_1
94,SI_ref_19,AMCB,IBU,Ground water,0.3191737471997417,0.34698716408719926,KernelRidge,KernelRidge_1
96,SI_ref_19,AMCB,IBU,Ground water,0.45590621693388655,0.4059037215347611,KernelRidge,KernelRidge_1
98,SI_ref_19,AMCB,IBU,Ground water,0.4386715603313315,0.351561213275072,KernelRidge,KernelRidge_1
100,SI_ref_19,AMCB,IBU,Ground water,0.4136227630368784,0.34698218106023576,KernelRidge,KernelRidge_1
102,SI_ref_19,AMCB,IBU,Ground water,0.15909620069601668,0.268067345358845,KernelRidge,KernelRidge_1
104,SI_ref_19,AMCB,IBU,Ground water,0.32070040208616674,0.3515597525510055,KernelRidge,KernelRidge_1
106,SI_ref_19,AMCB,IBU,Ground water,0.3644459510905023,0.43556923162797745,KernelRidge,KernelRidge_1
108,SI_ref_19,AMCB,IBU,Ground water,0.46356787238707886,0.46659203900430957,KernelRidge,KernelRidge_1
110,SI_ref_19,AMCB,IBU,Ground water,0.5205305455205957,0.4059022138065992,KernelRidge,KernelRidge_1
112,SI_ref_19,AMCB,IBU,Ground water,0.5464029950150356,0.3515597525510055,KernelRidge,KernelRidge_1
114,SI_ref_19,AMCB,IBU,Ground water,0.48301499525722014,0.3469772136970137,KernelRidge,KernelRidge_1
117,SI_ref_17,Alkali-modified SCG biochars,CBZ,Synthetic,0.12103690777624292,0.3362903953050995,KernelRidge,KernelRidge_1
119,SI_ref_17,Alkali-modified SCG biochars,CBZ,Synthetic,0.0701486117179634,0.27054056009638505,KernelRidge,KernelRidge_1
121,SI_ref_17,Alkali-modified SCG biochars,CBZ,Synthetic,0.050188840370859876,0.1982722810072568,KernelRidge,KernelRidge_1
123,SI_ref_17,Alkali-modified SCG biochars,CBZ,Synthetic,0.033003190610721066,0.1807322230781342,KernelRidge,KernelRidge_1
125,SI_ref_17,Alkali-modified SCG biochars,CBZ,Synthetic,0.03511734337104713,0.18172224157801364,KernelRidge,KernelRidge_1
127,SI_ref_17,Alkali-modified SCG biochars,CBZ,Synthetic,0.03195287629892775,0.18744590812472217,KernelRidge,KernelRidge_1
129,SI_ref_17,Alkali-modified SCG biochars,CBZ,Synthetic,0.03449328813829176,0.19719100908075282,KernelRidge,KernelRidge_1
132,SI_ref_17,Alkali-modified SCG biochars,CBZ,Synthetic,0.041716779164719504,0.2173232964013001,KernelRidge,KernelRidge_1
134,SI_ref_17,Alkali-modified SCG biochars,CBZ,Synthetic,0.00635796336582959,0.2173232964013001,KernelRidge,KernelRidge_1
136,SI_ref_17,Alkali-modified SCG biochars,CBZ,Synthetic,0.011730609548845337,0.2173232964013001,KernelRidge,KernelRidge_1
138,SI_ref_17,Alkali-modified SCG biochars,CBZ,Synthetic,0.01988738850164665,0.2173232964013001,KernelRidge,KernelRidge_1
140,SI_ref_17,Alkali-modified SCG biochars,CBZ,Synthetic,0.006132526431344026,0.2173232964013001,KernelRidge,KernelRidge_1
142,SI_ref_17,Alkali-modified SCG biochars,CBZ,Synthetic,0.007712590639419909,0.2173232964013001,KernelRidge,KernelRidge_1
145,SI_ref_17,Alkali-modified SCG biochars,CBZ,Synthetic,0.10268999927349255,0.2173232964013001,KernelRidge,KernelRidge_1
147,SI_ref_17,Alkali-modified SCG biochars,CBZ,Synthetic,0.14439822919669368,0.2173232964013001,KernelRidge,KernelRidge_1
149,SI_ref_17,Alkali-modified SCG biochars,CBZ,Synthetic,0.34003506921741083,0.2173232964013001,KernelRidge,KernelRidge_1
151,SI_ref_17,Alkali-modified SCG biochars,CBZ,Synthetic,0.4516798693491866,0.2173232964013001,KernelRidge,KernelRidge_1
153,SI_ref_17,Alkali-modified SCG biochars,CBZ,Synthetic,0.5612135486607656,0.2173232964013001,KernelRidge,KernelRidge_1
282,SI_ref_19,CB,IBU,Ground water,0.9280102961124896,0.9443953101729516,KernelRidge,KernelRidge_1
284,SI_ref_19,CB,IBU,Ground water,0.9242732043010754,0.934182052134078,KernelRidge,KernelRidge_1
286,SI_ref_19,CB,IBU,Ground water,0.9218881323407775,0.9246243599632391,KernelRidge,KernelRidge_1
288,SI_ref_19,CB,IBU,Ground water,0.9215853366418528,0.9182484392953174,KernelRidge,KernelRidge_1
290,SI_ref_19,CB,IBU,Ground water,0.9207959503722085,0.9165234009530656,KernelRidge,KernelRidge_1
292,SI_ref_19,CB,IBU,Ground water,0.9207361323407776,0.9177856508187797,KernelRidge,KernelRidge_1
294,SI_ref_19,CB,IBU,Ground water,0.9206762613730356,0.9195949270457526,KernelRidge,KernelRidge_1
296,SI_ref_19,CB,IBU,Ground water,0.9945207101387852,0.9344434221318341,KernelRidge,KernelRidge_1
298,SI_ref_19,CB,IBU,Ground water,0.9765877548823724,0.9231872521027281,KernelRidge,KernelRidge_1
300,SI_ref_19,CB,IBU,Ground water,0.9595058090644278,0.902644106817269,KernelRidge,KernelRidge_1
302,SI_ref_19,CB,IBU,Ground water,0.9409019130333385,0.9344434221318341,KernelRidge,KernelRidge_1
304,SI_ref_19,CB,IBU,Ground water,0.9323428884090048,0.9231872521027281,KernelRidge,KernelRidge_1
306,SI_ref_19,CB,IBU,Ground water,0.9259231602386863,0.902644106817269,KernelRidge,KernelRidge_1
308,SI_ref_19,CB,IBU,Ground water,0.8753590996713628,0.8946544542453504,KernelRidge,KernelRidge_1
310,SI_ref_19,CB,IBU,Ground water,0.9341230700922319,0.9344434221318341,KernelRidge,KernelRidge_1
312,SI_ref_19,CB,IBU,Ground water,0.9234390298948024,0.9231872521027281,KernelRidge,KernelRidge_1
314,SI_ref_19,CB,IBU,Ground water,0.917590560186213,0.902644106817269,KernelRidge,KernelRidge_1
316,SI_ref_19,CB,IBU,Ground water,0.9236132062907854,0.9579591960653696,KernelRidge,KernelRidge_1
318,SI_ref_19,CB,IBU,Ground water,0.9231865295080666,0.9544963419504628,KernelRidge,KernelRidge_1
320,SI_ref_19,CB,IBU,Ground water,0.9303445651202417,0.9344434221318341,KernelRidge,KernelRidge_1
322,SI_ref_19,CB,IBU,Ground water,0.923151204819856,0.9231872521027281,KernelRidge,KernelRidge_1
324,SI_ref_19,CB,IBU,Ground water,0.9175260660683171,0.902644106817269,KernelRidge,KernelRidge_1
326,SI_ref_19,CB,IBU,Ground water,0.9318432124429017,0.9344434221318341,KernelRidge,KernelRidge_1
328,SI_ref_19,CB,IBU,Ground water,0.9241489703794897,0.9231872521027281,KernelRidge,KernelRidge_1
330,SI_ref_19,CB,IBU,Ground water,0.9174641264203113,0.902644106817269,KernelRidge,KernelRidge_1
523,SI_ref_19,MCB,IBU,Ground water,0.9264289561621175,0.9989415404666893,KernelRidge,KernelRidge_1
525,SI_ref_19,MCB,IBU,Ground water,0.9196854524400332,0.9725736001132959,KernelRidge,KernelRidge_1
527,SI_ref_19,MCB,IBU,Ground water,0.9178832092638545,0.9461219153576615,KernelRidge,KernelRidge_1
529,SI_ref_19,MCB,IBU,Ground water,0.9177463688999173,0.9230957898395244,KernelRidge,KernelRidge_1
531,SI_ref_19,MCB,IBU,Ground water,0.9177232092638544,0.9058764097172475,KernelRidge,KernelRidge_1
533,SI_ref_19,MCB,IBU,Ground water,0.9175379321753515,0.8989249353063764,KernelRidge,KernelRidge_1
535,SI_ref_19,MCB,IBU,Ground water,0.9173856344086023,0.8953762454524018,KernelRidge,KernelRidge_1
537,SI_ref_19,MCB,IBU,Ground water,0.9902068659306948,0.8856656463403412,KernelRidge,KernelRidge_1
539,SI_ref_19,MCB,IBU,Ground water,0.9708228218531151,0.8921570360309276,KernelRidge,KernelRidge_1
541,SI_ref_19,MCB,IBU,Ground water,0.9483485035015843,0.8524011750002303,KernelRidge,KernelRidge_1
543,SI_ref_19,MCB,IBU,Ground water,0.9173115500413566,0.8921570360309276,KernelRidge,KernelRidge_1
545,SI_ref_19,MCB,IBU,Ground water,0.9358359065436908,0.8856621603404071,KernelRidge,KernelRidge_1
547,SI_ref_19,MCB,IBU,Ground water,0.9263512886233829,0.8921531513214617,KernelRidge,KernelRidge_1
549,SI_ref_19,MCB,IBU,Ground water,0.9153544975680639,0.8523945072958958,KernelRidge,KernelRidge_1
551,SI_ref_19,MCB,IBU,Ground water,0.9271238571918706,0.8856586783537619,KernelRidge,KernelRidge_1
553,SI_ref_19,MCB,IBU,Ground water,0.9199191103755877,0.8921492744747413,KernelRidge,KernelRidge_1
555,SI_ref_19,MCB,IBU,Ground water,0.910886274193223,0.8523878464537535,KernelRidge,KernelRidge_1
557,SI_ref_19,MCB,IBU,Ground water,0.8716126359176348,0.8075951708762412,KernelRidge,KernelRidge_1
559,SI_ref_19,MCB,IBU,Ground water,0.9228881866842084,0.892145405474216,KernelRidge,KernelRidge_1
561,SI_ref_19,MCB,IBU,Ground water,0.9227697266379059,0.9239557392675346,KernelRidge,KernelRidge_1
563,SI_ref_19,MCB,IBU,Ground water,0.9221446299502403,0.8684658536007956,KernelRidge,KernelRidge_1
565,SI_ref_19,MCB,IBU,Ground water,0.9254612605703445,0.8856552003718654,KernelRidge,KernelRidge_1
567,SI_ref_19,MCB,IBU,Ground water,0.9188111047361486,0.892145405474216,KernelRidge,KernelRidge_1
569,SI_ref_19,MCB,IBU,Ground water,0.9124876096677748,0.8523811924611209,KernelRidge,KernelRidge_1
571,SI_ref_19,MCB,IBU,Ground water,0.927696260267614,0.8856517263863443,KernelRidge,KernelRidge_1
573,SI_ref_19,MCB,IBU,Ground water,0.9222883610163676,0.8921415443031833,KernelRidge,KernelRidge_1
575,SI_ref_19,MCB,IBU,Ground water,0.9173366162788351,0.8523745453053648,KernelRidge,KernelRidge_1
577,SI_ref_19,MCB,IBU,Ground water,0.9896236049163454,0.8856482563887714,KernelRidge,KernelRidge_1
579,SI_ref_19,MCB,IBU,Ground water,0.9728688772730024,0.892137690945132,KernelRidge,KernelRidge_1
581,SI_ref_19,MCB,IBU,Ground water,0.95367292982704,0.852367904973834,KernelRidge,KernelRidge_1
583,SI_ref_19,MCB,IBU,Ground water,0.9381494412938034,0.8856447903707023,KernelRidge,KernelRidge_1
585,SI_ref_19,MCB,IBU,Ground water,0.925414707326754,0.8921338453834993,KernelRidge,KernelRidge_1
587,SI_ref_19,MCB,IBU,Ground water,0.9200694262245456,0.852361271454016,KernelRidge,KernelRidge_1
589,SI_ref_19,MCB,IBU,Ground water,0.9296751902157461,0.8856413283239024,KernelRidge,KernelRidge_1
591,SI_ref_19,MCB,IBU,Ground water,0.9221403459202003,0.8921300076018565,KernelRidge,KernelRidge_1
593,SI_ref_19,MCB,IBU,Ground water,0.911624129649438,0.8523546447333383,KernelRidge,KernelRidge_1
595,SI_ref_19,MCB,IBU,Ground water,0.9248851497651674,0.8856378702399128,KernelRidge,KernelRidge_1
597,SI_ref_19,MCB,IBU,Ground water,0.9206218375460943,0.8921261775837237,KernelRidge,KernelRidge_1
599,SI_ref_19,MCB,IBU,Ground water,0.9170274735254856,0.8523480247992745,KernelRidge,KernelRidge_1
601,SI_ref_19,MCB,IBU,Ground water,0.9300914246503462,0.8856344161104499,KernelRidge,KernelRidge_1
603,SI_ref_19,MCB,IBU,Ground water,0.920786534541565,0.8921223553126877,KernelRidge,KernelRidge_1
605,SI_ref_19,MCB,IBU,Ground water,0.9160948152334054,0.8523414116393273,KernelRidge,KernelRidge_1
607,SI_ref_19,MCB,IBU,Ground water,0.9861765121394982,0.8856309659272833,KernelRidge,KernelRidge_1
609,SI_ref_19,MCB,IBU,Ground water,0.9661781267028597,0.8921185407724624,KernelRidge,KernelRidge_1
611,SI_ref_19,MCB,IBU,Ground water,0.9529992532644452,0.8523348052410848,KernelRidge,KernelRidge_1
613,SI_ref_19,MCB,IBU,Ground water,0.9352947587236877,0.8856275196820806,KernelRidge,KernelRidge_1
615,SI_ref_19,MCB,IBU,Ground water,0.9284499518994666,0.8921147339467186,KernelRidge,KernelRidge_1
617,SI_ref_19,MCB,IBU,Ground water,0.917077774862594,0.8523282055920862,KernelRidge,KernelRidge_1
619,SI_ref_19,MCB,IBU,Ground water,0.9255842902984923,0.8856240773666024,KernelRidge,KernelRidge_1
621,SI_ref_19,MCB,IBU,Ground water,0.9186162384710084,0.8921109348191438,KernelRidge,KernelRidge_1
623,SI_ref_19,MCB,IBU,Ground water,0.9103224686673798,0.8523216126799888,KernelRidge,KernelRidge_1
625,SI_ref_19,MCB,IBU,Ground water,0.9258221154816445,0.885620638972564,KernelRidge,KernelRidge_1
627,SI_ref_19,MCB,IBU,Ground water,0.921668420582223,0.8921071433735643,KernelRidge,KernelRidge_1
629,SI_ref_19,MCB,IBU,Ground water,0.9150562646500002,0.8523150264923691,KernelRidge,KernelRidge_1
631,SI_ref_19,MCB,IBU,Ground water,0.9296259863973036,0.8856172044918271,KernelRidge,KernelRidge_1
633,SI_ref_19,MCB,IBU,Ground water,0.9216175906678238,0.8921033595937666,KernelRidge,KernelRidge_1
635,SI_ref_19,MCB,IBU,Ground water,0.9188076045934327,0.8523084470169249,KernelRidge,KernelRidge_1
698,SI_ref_18,NaOH-activated SCW biochars,IBU,Lake water,0.585296751211726,0.5939777872000487,KernelRidge,KernelRidge_1
700,SI_ref_18,NaOH-activated SCW biochars,IBU,Lake water,0.6304734220526563,0.5572561108863721,KernelRidge,KernelRidge_1
702,SI_ref_18,NaOH-activated SCW biochars,IBU,Lake water,0.6077686506314385,0.524674097186839,KernelRidge,KernelRidge_1
704,SI_ref_18,NaOH-activated SCW biochars,IBU,Lake water,0.6040537723014899,0.5000062536930813,KernelRidge,KernelRidge_1
706,SI_ref_18,NaOH-activated SCW biochars,IBU,Lake water,0.6292724453182281,0.48571671621037127,KernelRidge,KernelRidge_1
708,SI_ref_18,NaOH-activated SCW biochars,IBU,Lake water,0.6376478565264503,0.48258258600270487,KernelRidge,KernelRidge_1
710,SI_ref_18,NaOH-activated SCW biochars,IBU,Lake water,0.6108673600702487,0.4826665065930874,KernelRidge,KernelRidge_1
712,SI_ref_18,NaOH-activated SCW biochars,IBU,Lake water,0.10371139816269948,0.48583946486350804,KernelRidge,KernelRidge_1
714,SI_ref_18,NaOH-activated SCW biochars,IBU,Lake water,0.46656560236114836,0.48583946486350804,KernelRidge,KernelRidge_1
716,SI_ref_18,NaOH-activated SCW biochars,IBU,Lake water,0.44106817459704084,0.39361604738175104,KernelRidge,KernelRidge_1
718,SI_ref_18,NaOH-activated SCW biochars,IBU,Lake water,0.6893393142281772,0.5200185371031053,KernelRidge,KernelRidge_1
720,SI_ref_18,NaOH-activated SCW biochars,IBU,Lake water,0.621379975330744,0.48583946486350804,KernelRidge,KernelRidge_1
722,SI_ref_18,NaOH-activated SCW biochars,IBU,Lake water,0.6727437787241767,0.48583946486350804,KernelRidge,KernelRidge_1
723,SI_ref_18,NaOH-activated SCW biochars,IBU,Lake water,0.6293605973980515,0.48583946486350804,KernelRidge,KernelRidge_1
724,SI_ref_18,NaOH-activated SCW biochars,IBU,Lake water,0.6573710855713073,0.48583946486350804,KernelRidge,KernelRidge_1
726,SI_ref_18,NaOH-activated SCW biochars,IBU,Lake water,0.6298354173553987,0.48583946486350804,KernelRidge,KernelRidge_1
727,SI_ref_18,NaOH-activated SCW biochars,IBU,Lake water,0.6523803226831055,0.48583946486350804,KernelRidge,KernelRidge_1
728,SI_ref_18,NaOH-activated SCW biochars,IBU,Lake water,0.6378679449532959,0.48583946486350804,KernelRidge,KernelRidge_1
730,SI_ref_18,NaOH-activated SCW biochars,IBU,Lake water,0.627404015064595,0.48583946486350804,KernelRidge,KernelRidge_1
731,SI_ref_18,NaOH-activated SCW biochars,IBU,Lake water,0.6077370696640284,0.48583946486350804,KernelRidge,KernelRidge_1
732,SI_ref_18,NaOH-activated SCW biochars,IBU,Lake water,0.6159420233488258,0.48583946486350804,KernelRidge,KernelRidge_1
734,SI_ref_18,NaOH-activated SCW biochars,IBU,Lake water,0.6074163960354965,0.48583946486350804,KernelRidge,KernelRidge_1
735,SI_ref_18,NaOH-activated SCW biochars,IBU,Lake water,0.6146046840259546,0.48583946486350804,KernelRidge,KernelRidge_1
736,SI_ref_18,NaOH-activated SCW biochars,IBU,Lake water,0.6281995086504742,0.48583946486350804,KernelRidge,KernelRidge_1
738,SI_ref_18,NaOH-activated SCW biochars,IBU,Lake water,0.6298527247859258,0.48583946486350804,KernelRidge,KernelRidge_1
739,SI_ref_18,NaOH-activated SCW biochars,IBU,Lake water,0.576999656444263,0.48583946486350804,KernelRidge,KernelRidge_1
740,SI_ref_18,NaOH-activated SCW biochars,IBU,Lake water,0.5791171913994386,0.48583946486350804,KernelRidge,KernelRidge_1
742,SI_ref_18,NaOH-activated SCW biochars,IBU,Lake water,0.5786725135963804,0.48583946486350804,KernelRidge,KernelRidge_1
743,SI_ref_18,NaOH-activated SCW biochars,IBU,Lake water,0.6233870058145189,0.48583946486350804,KernelRidge,KernelRidge_1
744,SI_ref_18,NaOH-activated SCW biochars,IBU,Lake water,0.5944978576382812,0.48583946486350804,KernelRidge,KernelRidge_1
745,SI_ref_18,NaOH-activated SCW biochars,IBU,Lake water,0.5630080357470825,0.48605089967016457,KernelRidge,KernelRidge_1
747,SI_ref_18,NaOH-activated SCW biochars,IBU,Lake water,0.6846241766923425,0.5795893219991614,KernelRidge,KernelRidge_1
749,SI_ref_18,NaOH-activated SCW biochars,IBU,Lake water,0.744908980376152,0.617025560678625,KernelRidge,KernelRidge_1
751,SI_ref_18,NaOH-activated SCW biochars,IBU,Lake water,0.6869669848084122,0.48583946486350804,KernelRidge,KernelRidge_1
753,SI_ref_18,NaOH-activated SCW biochars,IBU,Lake water,0.7932075459644551,0.48583946486350804,KernelRidge,KernelRidge_1
852,SI_ref_13,PB600,CBZ,Synthetic,0.5776772247360483,0.7531130591271273,KernelRidge,KernelRidge_1
853,SI_ref_13,PB600,CBZ,Synthetic,0.5656108597285068,0.7104735463353717,KernelRidge,KernelRidge_1
854,SI_ref_13,PB600,CBZ,Synthetic,0.5475113122171945,0.6685889276785173,KernelRidge,KernelRidge_1
855,SI_ref_13,PB600,CBZ,Synthetic,0.4479638009049774,0.6461365384768327,KernelRidge,KernelRidge_1
856,SI_ref_13,PB600,CBZ,Synthetic,0.45098039215686275,0.6135326070209888,KernelRidge,KernelRidge_1
857,SI_ref_13,PB600,CBZ,Synthetic,0.42684766214177977,0.5985916777691432,KernelRidge,KernelRidge_1
858,SI_ref_13,PB600,CBZ,Synthetic,0.32437120555073723,0.5900108817582457,KernelRidge,KernelRidge_1
859,SI_ref_13,PB600,CBZ,Synthetic,0.4773489932885906,0.671587307444431,KernelRidge,KernelRidge_1
860,SI_ref_13,PB600,CBZ,Synthetic,0.4437372714068248,0.5900108817582457,KernelRidge,KernelRidge_1
861,SI_ref_13,PB600,CBZ,Synthetic,0.35791881074899945,0.5900108817582457,KernelRidge,KernelRidge_1
862,SI_ref_13,PB600,CBZ,Synthetic,0.32426715019643393,0.5900108817582457,KernelRidge,KernelRidge_1
863,SI_ref_13,PB600,CBZ,Synthetic,0.24055829228243014,0.5900108817582457,KernelRidge,KernelRidge_1
864,SI_ref_13,PB600,CBZ,Synthetic,0.44839549002601903,0.5584567456444361,KernelRidge,KernelRidge_1
865,SI_ref_13,PB600,CBZ,Synthetic,0.5528523489932886,0.5410981687347945,KernelRidge,KernelRidge_1
866,SI_ref_13,PB600,CBZ,Synthetic,0.5653368025440879,0.5900108817582457,KernelRidge,KernelRidge_1
867,SI_ref_13,PB600,CBZ,Synthetic,0.6235906331309627,0.5900108817582457,KernelRidge,KernelRidge_1
868,SI_ref_13,PB600,CBZ,Synthetic,0.6991037872217403,0.5900108817582457,KernelRidge,KernelRidge_1
869,SI_ref_13,PB600,CBZ,Synthetic,0.7401395944327428,0.5900108817582457,KernelRidge,KernelRidge_1
870,SI_ref_13,PB600,CBZ,Synthetic,0.8642533936651583,0.5762384091513387,KernelRidge,KernelRidge_1
871,SI_ref_13,PB600,CBZ,Synthetic,0.6953242835595775,0.5762384091513387,KernelRidge,KernelRidge_1
872,SI_ref_13,PB600,CBZ,Synthetic,0.4479638009049774,0.5762384091513387,KernelRidge,KernelRidge_1
873,SI_ref_13,PB600,CBZ,Synthetic,0.36651583710407243,0.5762384091513387,KernelRidge,KernelRidge_1
874,SI_ref_13,PB600,CBZ,Synthetic,0.248868778280543,0.5762384091513387,KernelRidge,KernelRidge_1
898,SI_ref_13,PB600,CBZ,Synthetic,0.244663382594417,0.5900108817582457,KernelRidge,KernelRidge_1
899,SI_ref_13,PB800,CBZ,Synthetic,0.27061079156395507,0.4778884945605548,KernelRidge,KernelRidge_1
900,SI_ref_13,PB800,CBZ,Synthetic,0.22678718159408381,0.4151999219874133,KernelRidge,KernelRidge_1
901,SI_ref_13,PB800,CBZ,Synthetic,0.18844152287044644,0.3598514847315568,KernelRidge,KernelRidge_1
902,SI_ref_13,PB800,CBZ,Synthetic,0.17748562037797863,0.3330936085308738,KernelRidge,KernelRidge_1
903,SI_ref_13,PB800,CBZ,Synthetic,0.16379074226239385,0.29972036238645405,KernelRidge,KernelRidge_1
904,SI_ref_13,PB800,CBZ,Synthetic,0.155573815393043,0.2882484820484589,KernelRidge,KernelRidge_1
905,SI_ref_13,PB800,CBZ,Synthetic,0.08520900321543408,0.2838514910550688,KernelRidge,KernelRidge_1
906,SI_ref_13,PB800,CBZ,Synthetic,0.16135346756152125,0.31578852499838916,KernelRidge,KernelRidge_1
907,SI_ref_13,PB800,CBZ,Synthetic,0.1561792870827899,0.2838514910550688,KernelRidge,KernelRidge_1
908,SI_ref_13,PB800,CBZ,Synthetic,0.13676633444075306,0.2838514910550688,KernelRidge,KernelRidge_1
909,SI_ref_13,PB800,CBZ,Synthetic,0.1002310803004044,0.2838514910550688,KernelRidge,KernelRidge_1
910,SI_ref_13,PB800,CBZ,Synthetic,0.04322336667164253,0.2838514910550688,KernelRidge,KernelRidge_1
911,SI_ref_13,PB800,CBZ,Synthetic,0.20609619686800895,0.27897763750931404,KernelRidge,KernelRidge_1
912,SI_ref_13,PB800,CBZ,Synthetic,0.1865212527964206,0.3034928073435852,KernelRidge,KernelRidge_1
913,SI_ref_13,PB800,CBZ,Synthetic,0.28121650589496244,0.2838514910550688,KernelRidge,KernelRidge_1
914,SI_ref_13,PB800,CBZ,Synthetic,0.36611289746337977,0.2838514910550688,KernelRidge,KernelRidge_1
915,SI_ref_13,PB800,CBZ,Synthetic,0.5117363344051448,0.2838514910550688,KernelRidge,KernelRidge_1
916,SI_ref_13,PB800,CBZ,Synthetic,0.5707012708620426,0.2838514910550688,KernelRidge,KernelRidge_1
917,SI_ref_13,PB800,CBZ,Synthetic,0.5791052918712493,0.28570657736134975,KernelRidge,KernelRidge_1
918,SI_ref_13,PB800,CBZ,Synthetic,0.30905619203491547,0.28570657736134975,KernelRidge,KernelRidge_1
919,SI_ref_13,PB800,CBZ,Synthetic,0.16448445171849424,0.28570657736134975,KernelRidge,KernelRidge_1
920,SI_ref_13,PB800,CBZ,Synthetic,0.12460736493062231,0.28570657736134975,KernelRidge,KernelRidge_1
921,SI_ref_13,PB800,CBZ,Synthetic,0.08265139116202945,0.28570657736134975,KernelRidge,KernelRidge_1
987,SI_ref_15,PSB,TEB,Synthetic,0.9529494921755761,0.9504867673532303,KernelRidge,KernelRidge_1
988,SI_ref_15,PSB,TEB,Synthetic,0.9422238246841239,0.9254359229585871,KernelRidge,KernelRidge_1
989,SI_ref_15,PSB,TEB,Synthetic,0.9297851778252496,0.9025655478880077,KernelRidge,KernelRidge_1
990,SI_ref_15,PSB,TEB,Synthetic,0.9225192311101157,0.8854357967642553,KernelRidge,KernelRidge_1
991,SI_ref_15,PSB,TEB,Synthetic,0.920805363267918,0.8762639823040487,KernelRidge,KernelRidge_1
992,SI_ref_15,PSB,TEB,Synthetic,0.9178876121047361,0.8748795401377284,KernelRidge,KernelRidge_1
993,SI_ref_15,PSB,TEB,Synthetic,0.9171857170319854,0.8755992192704842,KernelRidge,KernelRidge_1
994,SI_ref_15,PSB,TEB,Synthetic,0.9362126098667423,0.8787560140110405,KernelRidge,KernelRidge_1
995,SI_ref_15,PSB,TEB,Synthetic,0.9575716949823408,0.8787560140110405,KernelRidge,KernelRidge_1
996,SI_ref_15,PSB,TEB,Synthetic,0.9144403299752767,0.8787560140110405,KernelRidge,KernelRidge_1
997,SI_ref_15,PSB,TEB,Synthetic,0.9131362601666559,0.8787560140110405,KernelRidge,KernelRidge_1
998,SI_ref_15,PSB,TEB,Synthetic,0.9073783566890704,0.8787560140110405,KernelRidge,KernelRidge_1
999,SI_ref_15,PSB,TEB,Synthetic,0.8610942615965279,0.8787560140110405,KernelRidge,KernelRidge_1
1000,SI_ref_15,PSB,TEB,Synthetic,0.8714762044822667,0.8787560140110405,KernelRidge,KernelRidge_1
1001,SI_ref_15,PSB,TEB,Synthetic,0.8650362109004135,0.8787560140110405,KernelRidge,KernelRidge_1
1002,SI_ref_15,PSB,TEB,Synthetic,0.9441016733966956,0.8787560140110405,KernelRidge,KernelRidge_1
1003,SI_ref_15,PSB,TEB,Synthetic,0.952584477756588,0.8787560140110405,KernelRidge,KernelRidge_1
1004,SI_ref_15,PSB,TEB,Synthetic,0.9589909115585907,0.8787560140110405,KernelRidge,KernelRidge_1
1005,SI_ref_15,PSB,TEB,Synthetic,0.9629553594597028,0.8787560140110405,KernelRidge,KernelRidge_1
1052,SI_ref_15,PSBOX-A,TEB,Synthetic,0.5158767649493458,0.45132976637613964,KernelRidge,KernelRidge_1
1053,SI_ref_15,PSBOX-A,TEB,Synthetic,0.41210379963008376,0.3637632171653,KernelRidge,KernelRidge_1
1054,SI_ref_15,PSBOX-A,TEB,Synthetic,0.30623403384032577,0.2821621250031996,KernelRidge,KernelRidge_1
1055,SI_ref_15,PSBOX-A,TEB,Synthetic,0.21283845390046752,0.21321447340155958,KernelRidge,KernelRidge_1
1056,SI_ref_15,PSBOX-A,TEB,Synthetic,0.12421842587964138,0.1618824725383357,KernelRidge,KernelRidge_1
1057,SI_ref_15,PSBOX-A,TEB,Synthetic,0.09371708683213013,0.14122841612650044,KernelRidge,KernelRidge_1
1058,SI_ref_15,PSBOX-A,TEB,Synthetic,0.07890621232231329,0.13094342270740678,KernelRidge,KernelRidge_1
1059,SI_ref_15,PSBOX-A,TEB,Synthetic,0.07277962857952934,0.12256243674256195,KernelRidge,KernelRidge_1
1060,SI_ref_15,PSBOX-A,TEB,Synthetic,0.5073983287736047,0.20963964270341567,KernelRidge,KernelRidge_1
1061,SI_ref_15,PSBOX-A,TEB,Synthetic,0.5163778457532948,0.22564815377507563,KernelRidge,KernelRidge_1
1062,SI_ref_15,PSBOX-A,TEB,Synthetic,0.5077105405964751,0.12256243674256195,KernelRidge,KernelRidge_1
1063,SI_ref_15,PSBOX-A,TEB,Synthetic,0.058828707349529885,0.12256243674256195,KernelRidge,KernelRidge_1
1064,SI_ref_15,PSBOX-A,TEB,Synthetic,0.4930488637978448,0.17805066196510544,KernelRidge,KernelRidge_1
1065,SI_ref_15,PSBOX-A,TEB,Synthetic,0.5160089507499187,0.24444672733112194,KernelRidge,KernelRidge_1
1066,SI_ref_15,PSBOX-A,TEB,Synthetic,0.07083175356135256,0.12256243674256195,KernelRidge,KernelRidge_1
1067,SI_ref_15,PSBOX-A,TEB,Synthetic,0.051172794584274484,0.12256243674256195,KernelRidge,KernelRidge_1
1068,SI_ref_15,PSBOX-A,TEB,Synthetic,0.04750722464731311,0.12256243674256195,KernelRidge,KernelRidge_1
1069,SI_ref_15,PSBOX-A,TEB,Synthetic,0.04108376658313895,0.12256243674256195,KernelRidge,KernelRidge_1
1070,SI_ref_15,PSBOX-A,TEB,Synthetic,0.04527670142322688,0.12256243674256195,KernelRidge,KernelRidge_1
1071,SI_ref_15,PSBOX-A,TEB,Synthetic,0.04243318293660387,0.12256243674256195,KernelRidge,KernelRidge_1
1072,SI_ref_15,PSBOX-A,TEB,Synthetic,0.09409506092292502,0.12256243674256195,KernelRidge,KernelRidge_1
1073,SI_ref_15,PSBOX-A,TEB,Synthetic,0.28314921751011557,0.12256243674256195,KernelRidge,KernelRidge_1
1074,SI_ref_15,PSBOX-A,TEB,Synthetic,0.44223994246690523,0.12256243674256195,KernelRidge,KernelRidge_1
1075,SI_ref_15,PSBOX-A,TEB,Synthetic,0.5102144207532882,0.12256243674256195,KernelRidge,KernelRidge_1
1077,SI_ref_17,Pristine SCG biochar,CBZ,Synthetic,0.9431980957558961,0.8984715608763411,KernelRidge,KernelRidge_1
1079,SI_ref_17,Pristine SCG biochar,CBZ,Synthetic,0.9360319849357849,0.8846101163461652,KernelRidge,KernelRidge_1
1081,SI_ref_17,Pristine SCG biochar,CBZ,Synthetic,0.9307104448319532,0.8703484138519902,KernelRidge,KernelRidge_1
1083,SI_ref_17,Pristine SCG biochar,CBZ,Synthetic,0.9258716624342764,0.8700412117888979,KernelRidge,KernelRidge_1
1085,SI_ref_17,Pristine SCG biochar,CBZ,Synthetic,0.9157118703628806,0.8734646667048555,KernelRidge,KernelRidge_1
1087,SI_ref_17,Pristine SCG biochar,CBZ,Synthetic,0.9147137334986508,0.8774421471678014,KernelRidge,KernelRidge_1
1089,SI_ref_17,Pristine SCG biochar,CBZ,Synthetic,0.9138427672538969,0.8825875831253797,KernelRidge,KernelRidge_1
1091,SI_ref_17,Pristine SCG biochar,CBZ,Synthetic,0.8932130468798682,0.8253511129620529,KernelRidge,KernelRidge_1
1093,SI_ref_17,Pristine SCG biochar,CBZ,Synthetic,0.9247624360467385,0.8915198694770676,KernelRidge,KernelRidge_1
1095,SI_ref_17,Pristine SCG biochar,CBZ,Synthetic,0.9071706166070994,0.8915198694770676,KernelRidge,KernelRidge_1
1097,SI_ref_17,Pristine SCG biochar,CBZ,Synthetic,0.908534541255576,0.8915198694770676,KernelRidge,KernelRidge_1
1099,SI_ref_17,Pristine SCG biochar,CBZ,Synthetic,0.903895578148675,0.8915198694770676,KernelRidge,KernelRidge_1
1101,SI_ref_17,Pristine SCG biochar,CBZ,Synthetic,0.9071468090110305,0.8915198694770676,KernelRidge,KernelRidge_1
1103,SI_ref_17,Pristine SCG biochar,CBZ,Synthetic,0.890879570190962,0.8915198694770676,KernelRidge,KernelRidge_1
1105,SI_ref_17,Pristine SCG biochar,CBZ,Synthetic,0.8806314346444372,0.821650541863359,KernelRidge,KernelRidge_1
1107,SI_ref_17,Pristine SCG biochar,CBZ,Synthetic,0.9289062306369882,0.8915198694770676,KernelRidge,KernelRidge_1
1109,SI_ref_17,Pristine SCG biochar,CBZ,Synthetic,0.9261272699552149,0.8915198694770676,KernelRidge,KernelRidge_1
1111,SI_ref_17,Pristine SCG biochar,CBZ,Synthetic,0.9403460613803251,0.8915198694770676,KernelRidge,KernelRidge_1
1113,SI_ref_17,Pristine SCG biochar,CBZ,Synthetic,0.9373850128799738,0.8915198694770676,KernelRidge,KernelRidge_1
1115,SI_ref_17,Pristine SCG biochar,CBZ,Synthetic,0.925161257978969,0.8915198694770676,KernelRidge,KernelRidge_1
1253,SI_ref_18,Pristine SCW Biochar,IBU,Lake water,0.9264336848996528,0.9337936856522486,KernelRidge,KernelRidge_1
1255,SI_ref_18,Pristine SCW Biochar,IBU,Lake water,0.9179334532144726,0.9359698701183362,KernelRidge,KernelRidge_1
1257,SI_ref_18,Pristine SCW Biochar,IBU,Lake water,0.916180999264559,0.9379256232134897,KernelRidge,KernelRidge_1
1259,SI_ref_18,Pristine SCW Biochar,IBU,Lake water,0.9235678454978681,0.9413508633923048,KernelRidge,KernelRidge_1
1261,SI_ref_18,Pristine SCW Biochar,IBU,Lake water,0.9285970293283682,0.9470745140109275,KernelRidge,KernelRidge_1
1263,SI_ref_18,Pristine SCW Biochar,IBU,Lake water,0.9209592404126973,0.9514351662657763,KernelRidge,KernelRidge_1
1265,SI_ref_18,Pristine SCW Biochar,IBU,Lake water,0.9279432945207517,0.9548488347992773,KernelRidge,KernelRidge_1
1269,SI_ref_18,Pristine SCW Biochar,IBU,Lake water,0.8974085452250303,0.9176976781914804,KernelRidge,KernelRidge_1
1271,SI_ref_18,Pristine SCW Biochar,IBU,Lake water,0.9239929387412031,0.9362957136473481,KernelRidge,KernelRidge_1
1273,SI_ref_18,Pristine SCW Biochar,IBU,Lake water,0.9256303580479686,0.9598585738339326,KernelRidge,KernelRidge_1
1275,SI_ref_18,Pristine SCW Biochar,IBU,Lake water,0.9240446881745522,0.9598585738339326,KernelRidge,KernelRidge_1
1276,SI_ref_18,Pristine SCW Biochar,IBU,Lake water,0.9283922239724117,0.9598585738339326,KernelRidge,KernelRidge_1
1277,SI_ref_18,Pristine SCW Biochar,IBU,Lake water,0.9240711354841218,0.9598585738339326,KernelRidge,KernelRidge_1
1279,SI_ref_18,Pristine SCW Biochar,IBU,Lake water,0.9204127206373283,0.9598585738339326,KernelRidge,KernelRidge_1
1280,SI_ref_18,Pristine SCW Biochar,IBU,Lake water,0.9185968665123906,0.9598585738339326,KernelRidge,KernelRidge_1
1281,SI_ref_18,Pristine SCW Biochar,IBU,Lake water,0.9182954449695013,0.9598585738339326,KernelRidge,KernelRidge_1
1283,SI_ref_18,Pristine SCW Biochar,IBU,Lake water,0.9158900362354069,0.9598585738339326,KernelRidge,KernelRidge_1
1284,SI_ref_18,Pristine SCW Biochar,IBU,Lake water,0.9125854189759445,0.9598585738339326,KernelRidge,KernelRidge_1
1285,SI_ref_18,Pristine SCW Biochar,IBU,Lake water,0.9175495400890653,0.9598585738339326,KernelRidge,KernelRidge_1
1287,SI_ref_18,Pristine SCW Biochar,IBU,Lake water,0.9120226357855434,0.9598585738339326,KernelRidge,KernelRidge_1
1288,SI_ref_18,Pristine SCW Biochar,IBU,Lake water,0.9131050308227836,0.9598585738339326,KernelRidge,KernelRidge_1
1289,SI_ref_18,Pristine SCW Biochar,IBU,Lake water,0.91141920930323,0.9598585738339326,KernelRidge,KernelRidge_1
1291,SI_ref_18,Pristine SCW Biochar,IBU,Lake water,0.9068652159539504,0.9598585738339326,KernelRidge,KernelRidge_1
1292,SI_ref_18,Pristine SCW Biochar,IBU,Lake water,0.9091226364337618,0.9598585738339326,KernelRidge,KernelRidge_1
1293,SI_ref_18,Pristine SCW Biochar,IBU,Lake water,0.9067682424855283,0.9598585738339326,KernelRidge,KernelRidge_1
1295,SI_ref_18,Pristine SCW Biochar,IBU,Lake water,0.9027540853962883,0.9598585738339326,KernelRidge,KernelRidge_1
1296,SI_ref_18,Pristine SCW Biochar,IBU,Lake water,0.9025373859945938,0.9598585738339326,KernelRidge,KernelRidge_1
1297,SI_ref_18,Pristine SCW Biochar,IBU,Lake water,0.9026152370210476,0.9598585738339326,KernelRidge,KernelRidge_1
1298,SI_ref_18,Pristine SCW Biochar,IBU,Lake water,0.9219347373743266,0.9482422016345081,KernelRidge,KernelRidge_1
1300,SI_ref_18,Pristine SCW Biochar,IBU,Lake water,0.9277221749920567,0.9986566995275653,KernelRidge,KernelRidge_1
1302,SI_ref_18,Pristine SCW Biochar,IBU,Lake water,0.9340257796823453,0.9897300408274012,KernelRidge,KernelRidge_1
2,SI_ref_19,AMCB,IBU,Ground water,0.6563767477253929,0.4915989524174812,Lasso,Lasso_2
4,SI_ref_19,AMCB,IBU,Ground water,0.5414154110835401,0.4804414897641258,Lasso,Lasso_2
6,SI_ref_19,AMCB,IBU,Ground water,0.39819987427626136,0.46915166423090804,Lasso,Lasso_2
8,SI_ref_19,AMCB,IBU,Ground water,0.3426557088502895,0.457794426012635,Lasso,Lasso_2
10,SI_ref_19,AMCB,IBU,Ground water,0.3352626765922249,0.44640316669135227,Lasso,Lasso_2
12,SI_ref_19,AMCB,IBU,Ground water,0.33078034739454093,0.4397311087824828,Lasso,Lasso_2
14,SI_ref_19,AMCB,IBU,Ground water,0.3305497038875103,0.4349948172380492,Lasso,Lasso_2
16,SI_ref_19,AMCB,IBU,Ground water,0.029204625724030753,0.4283170507652161,Lasso,Lasso_2
18,SI_ref_19,AMCB,IBU,Ground water,0.005264283840238958,0.4283170507652161,Lasso,Lasso_2
20,SI_ref_19,AMCB,IBU,Ground water,0.0023766372681587895,0.4283170507652161,Lasso,Lasso_2
22,SI_ref_19,AMCB,IBU,Ground water,0.32926049296939613,0.4283170507652161,Lasso,Lasso_2
24,SI_ref_19,AMCB,IBU,Ground water,0.19832193047959257,0.4283056157997447,Lasso,Lasso_2
26,SI_ref_19,AMCB,IBU,Ground water,0.1894672613641715,0.4283056157997447,Lasso,Lasso_2
28,SI_ref_19,AMCB,IBU,Ground water,0.1528746627917146,0.4283056157997447,Lasso,Lasso_2
30,SI_ref_19,AMCB,IBU,Ground water,0.3449761650083755,0.42829418876145975,Lasso,Lasso_2
32,SI_ref_19,AMCB,IBU,Ground water,0.30765270742093687,0.42829418876145975,Lasso,Lasso_2
34,SI_ref_19,AMCB,IBU,Ground water,0.303030777614079,0.42829418876145975,Lasso,Lasso_2
36,SI_ref_19,AMCB,IBU,Ground water,0.41496556078686897,0.42828276963937795,Lasso,Lasso_2
38,SI_ref_19,AMCB,IBU,Ground water,0.3766264851820565,0.42828276963937795,Lasso,Lasso_2
40,SI_ref_19,AMCB,IBU,Ground water,0.38956403906090076,0.42828276963937795,Lasso,Lasso_2
42,SI_ref_19,AMCB,IBU,Ground water,0.5182383095521604,0.4282713584225387,Lasso,Lasso_2
44,SI_ref_19,AMCB,IBU,Ground water,0.5024496962602676,0.4282713584225387,Lasso,Lasso_2
46,SI_ref_19,AMCB,IBU,Ground water,0.48210720700720494,0.4282713584225387,Lasso,Lasso_2
48,SI_ref_19,AMCB,IBU,Ground water,0.03338351934448727,0.4282599551000044,Lasso,Lasso_2
50,SI_ref_19,AMCB,IBU,Ground water,0.0,0.4282599551000044,Lasso,Lasso_2
52,SI_ref_19,AMCB,IBU,Ground water,0.003531050071646246,0.4282599551000044,Lasso,Lasso_2
54,SI_ref_19,AMCB,IBU,Ground water,0.19999798179579809,0.42824855966086,Lasso,Lasso_2
56,SI_ref_19,AMCB,IBU,Ground water,0.17260220522445793,0.42824855966086,Lasso,Lasso_2
58,SI_ref_19,AMCB,IBU,Ground water,0.15656878376287445,0.42824855966086,Lasso,Lasso_2
60,SI_ref_19,AMCB,IBU,Ground water,0.3457359785263073,0.4282371720942131,Lasso,Lasso_2
62,SI_ref_19,AMCB,IBU,Ground water,0.32626934953278575,0.4282371720942131,Lasso,Lasso_2
64,SI_ref_19,AMCB,IBU,Ground water,0.3258728934993643,0.4282371720942131,Lasso,Lasso_2
66,SI_ref_19,AMCB,IBU,Ground water,0.4885549946229274,0.42822579238919367,Lasso,Lasso_2
68,SI_ref_19,AMCB,IBU,Ground water,0.39885279506866217,0.42822579238919367,Lasso,Lasso_2
70,SI_ref_19,AMCB,IBU,Ground water,0.42188356115014575,0.42822579238919367,Lasso,Lasso_2
72,SI_ref_19,AMCB,IBU,Ground water,0.5107350299703324,0.4282144205349545,Lasso,Lasso_2
74,SI_ref_19,AMCB,IBU,Ground water,0.5226317382792791,0.4282144205349545,Lasso,Lasso_2
76,SI_ref_19,AMCB,IBU,Ground water,0.4945842701164504,0.4282144205349545,Lasso,Lasso_2
78,SI_ref_19,AMCB,IBU,Ground water,0.025848755777109534,0.4282030565206706,Lasso,Lasso_2
80,SI_ref_19,AMCB,IBU,Ground water,0.008169690609295848,0.4282030565206706,Lasso,Lasso_2
82,SI_ref_19,AMCB,IBU,Ground water,0.0,0.4282030565206706,Lasso,Lasso_2
84,SI_ref_19,AMCB,IBU,Ground water,0.2007202298061851,0.42819170033553944,Lasso,Lasso_2
86,SI_ref_19,AMCB,IBU,Ground water,0.16952726930244136,0.42819170033553944,Lasso,Lasso_2
88,SI_ref_19,AMCB,IBU,Ground water,0.14747637019246942,0.42819170033553944,Lasso,Lasso_2
90,SI_ref_19,AMCB,IBU,Ground water,0.34008395729479907,0.42818035196878074,Lasso,Lasso_2
92,SI_ref_19,AMCB,IBU,Ground water,0.32813530040969546,0.42818035196878074,Lasso,Lasso_2
94,SI_ref_19,AMCB,IBU,Ground water,0.3191737471997417,0.42818035196878074,Lasso,Lasso_2
96,SI_ref_19,AMCB,IBU,Ground water,0.45590621693388655,0.42816901140963654,Lasso,Lasso_2
98,SI_ref_19,AMCB,IBU,Ground water,0.4386715603313315,0.42816901140963654,Lasso,Lasso_2
100,SI_ref_19,AMCB,IBU,Ground water,0.4136227630368784,0.42816901140963654,Lasso,Lasso_2
102,SI_ref_19,AMCB,IBU,Ground water,0.15909620069601668,0.4206132434594145,Lasso,Lasso_2
104,SI_ref_19,AMCB,IBU,Ground water,0.32070040208616674,0.428157678647371,Lasso,Lasso_2
106,SI_ref_19,AMCB,IBU,Ground water,0.3644459510905023,0.43570211383532753,Lasso,Lasso_2
108,SI_ref_19,AMCB,IBU,Ground water,0.46356787238707886,0.4432465490232841,Lasso,Lasso_2
110,SI_ref_19,AMCB,IBU,Ground water,0.5205305455205957,0.428157678647371,Lasso,Lasso_2
112,SI_ref_19,AMCB,IBU,Ground water,0.5464029950150356,0.428157678647371,Lasso,Lasso_2
114,SI_ref_19,AMCB,IBU,Ground water,0.48301499525722014,0.428157678647371,Lasso,Lasso_2
117,SI_ref_17,Alkali-modified SCG biochars,CBZ,Synthetic,0.12103690777624292,0.416188019270594,Lasso,Lasso_2
119,SI_ref_17,Alkali-modified SCG biochars,CBZ,Synthetic,0.0701486117179634,0.4050305566172387,Lasso,Lasso_2
121,SI_ref_17,Alkali-modified SCG biochars,CBZ,Synthetic,0.050188840370859876,0.38710271789554,Lasso,Lasso_2
123,SI_ref_17,Alkali-modified SCG biochars,CBZ,Synthetic,0.033003190610721066,0.3757228224579669,Lasso,Lasso_2
125,SI_ref_17,Alkali-modified SCG biochars,CBZ,Synthetic,0.03511734337104713,0.3690545647655359,Lasso,Lasso_2
127,SI_ref_17,Alkali-modified SCG biochars,CBZ,Synthetic,0.03195287629892775,0.3643201756355956,Lasso,Lasso_2
129,SI_ref_17,Alkali-modified SCG biochars,CBZ,Synthetic,0.03449328813829176,0.3595838840911621,Lasso,Lasso_2
132,SI_ref_17,Alkali-modified SCG biochars,CBZ,Synthetic,0.041716779164719504,0.35290611761832896,Lasso,Lasso_2
134,SI_ref_17,Alkali-modified SCG biochars,CBZ,Synthetic,0.00635796336582959,0.35290611761832896,Lasso,Lasso_2
136,SI_ref_17,Alkali-modified SCG biochars,CBZ,Synthetic,0.011730609548845337,0.35290611761832896,Lasso,Lasso_2
138,SI_ref_17,Alkali-modified SCG biochars,CBZ,Synthetic,0.01988738850164665,0.35290611761832896,Lasso,Lasso_2
140,SI_ref_17,Alkali-modified SCG biochars,CBZ,Synthetic,0.006132526431344026,0.35290611761832896,Lasso,Lasso_2
142,SI_ref_17,Alkali-modified SCG biochars,CBZ,Synthetic,0.007712590639419909,0.35290611761832896,Lasso,Lasso_2
145,SI_ref_17,Alkali-modified SCG biochars,CBZ,Synthetic,0.10268999927349255,0.35290611761832896,Lasso,Lasso_2
147,SI_ref_17,Alkali-modified SCG biochars,CBZ,Synthetic,0.14439822919669368,0.35290611761832896,Lasso,Lasso_2
149,SI_ref_17,Alkali-modified SCG biochars,CBZ,Synthetic,0.34003506921741083,0.35290611761832896,Lasso,Lasso_2
151,SI_ref_17,Alkali-modified SCG biochars,CBZ,Synthetic,0.4516798693491866,0.35290611761832896,Lasso,Lasso_2
153,SI_ref_17,Alkali-modified SCG biochars,CBZ,Synthetic,0.5612135486607656,0.35290611761832896,Lasso,Lasso_2
282,SI_ref_19,CB,IBU,Ground water,0.9280102961124896,0.9621237086193223,Lasso,Lasso_2
284,SI_ref_19,CB,IBU,Ground water,0.9242732043010754,0.950966245965967,Lasso,Lasso_2
286,SI_ref_19,CB,IBU,Ground water,0.9218881323407775,0.9396764204327491,Lasso,Lasso_2
288,SI_ref_19,CB,IBU,Ground water,0.9215853366418528,0.9283191822144761,Lasso,Lasso_2
290,SI_ref_19,CB,IBU,Ground water,0.9207959503722085,0.9169279228931935,Lasso,Lasso_2
292,SI_ref_19,CB,IBU,Ground water,0.9207361323407776,0.9102558649843239,Lasso,Lasso_2
294,SI_ref_19,CB,IBU,Ground water,0.9206762613730356,0.9055195734398904,Lasso,Lasso_2
296,SI_ref_19,CB,IBU,Ground water,0.9945207101387852,0.8988418069670572,Lasso,Lasso_2
298,SI_ref_19,CB,IBU,Ground water,0.9765877548823724,0.8988418069670572,Lasso,Lasso_2
300,SI_ref_19,CB,IBU,Ground water,0.9595058090644278,0.8988418069670572,Lasso,Lasso_2
302,SI_ref_19,CB,IBU,Ground water,0.9409019130333385,0.8988418069670572,Lasso,Lasso_2
304,SI_ref_19,CB,IBU,Ground water,0.9323428884090048,0.8988418069670572,Lasso,Lasso_2
306,SI_ref_19,CB,IBU,Ground water,0.9259231602386863,0.8988418069670572,Lasso,Lasso_2
308,SI_ref_19,CB,IBU,Ground water,0.8753590996713628,0.8912973717791007,Lasso,Lasso_2
310,SI_ref_19,CB,IBU,Ground water,0.9341230700922319,0.8988418069670572,Lasso,Lasso_2
312,SI_ref_19,CB,IBU,Ground water,0.9234390298948024,0.8988418069670572,Lasso,Lasso_2
314,SI_ref_19,CB,IBU,Ground water,0.917590560186213,0.8988418069670572,Lasso,Lasso_2
316,SI_ref_19,CB,IBU,Ground water,0.9236132062907854,0.9063862421550137,Lasso,Lasso_2
318,SI_ref_19,CB,IBU,Ground water,0.9231865295080666,0.9139306773429703,Lasso,Lasso_2
320,SI_ref_19,CB,IBU,Ground water,0.9303445651202417,0.8988418069670572,Lasso,Lasso_2
322,SI_ref_19,CB,IBU,Ground water,0.923151204819856,0.8988418069670572,Lasso,Lasso_2
324,SI_ref_19,CB,IBU,Ground water,0.9175260660683171,0.8988418069670572,Lasso,Lasso_2
326,SI_ref_19,CB,IBU,Ground water,0.9318432124429017,0.8988418069670572,Lasso,Lasso_2
328,SI_ref_19,CB,IBU,Ground water,0.9241489703794897,0.8988418069670572,Lasso,Lasso_2
330,SI_ref_19,CB,IBU,Ground water,0.9174641264203113,0.8988418069670572,Lasso,Lasso_2
523,SI_ref_19,MCB,IBU,Ground water,0.9264289561621175,0.8500713619564929,Lasso,Lasso_2
525,SI_ref_19,MCB,IBU,Ground water,0.9196854524400332,0.8389138993031376,Lasso,Lasso_2
527,SI_ref_19,MCB,IBU,Ground water,0.9178832092638545,0.8276240737699198,Lasso,Lasso_2
529,SI_ref_19,MCB,IBU,Ground water,0.9177463688999173,0.8162668355516467,Lasso,Lasso_2
531,SI_ref_19,MCB,IBU,Ground water,0.9177232092638544,0.804875576230364,Lasso,Lasso_2
533,SI_ref_19,MCB,IBU,Ground water,0.9175379321753515,0.7982035183214945,Lasso,Lasso_2
535,SI_ref_19,MCB,IBU,Ground water,0.9173856344086023,0.793467226777061,Lasso,Lasso_2
537,SI_ref_19,MCB,IBU,Ground water,0.9902068659306948,0.7867894603042278,Lasso,Lasso_2
539,SI_ref_19,MCB,IBU,Ground water,0.9708228218531151,0.7867894603042278,Lasso,Lasso_2
541,SI_ref_19,MCB,IBU,Ground water,0.9483485035015843,0.7867894603042278,Lasso,Lasso_2
543,SI_ref_19,MCB,IBU,Ground water,0.9173115500413566,0.7867894603042278,Lasso,Lasso_2
545,SI_ref_19,MCB,IBU,Ground water,0.9358359065436908,0.7867780253387565,Lasso,Lasso_2
547,SI_ref_19,MCB,IBU,Ground water,0.9263512886233829,0.7867780253387565,Lasso,Lasso_2
549,SI_ref_19,MCB,IBU,Ground water,0.9153544975680639,0.7867780253387565,Lasso,Lasso_2
551,SI_ref_19,MCB,IBU,Ground water,0.9271238571918706,0.7867665983004715,Lasso,Lasso_2
553,SI_ref_19,MCB,IBU,Ground water,0.9199191103755877,0.7867665983004715,Lasso,Lasso_2
555,SI_ref_19,MCB,IBU,Ground water,0.910886274193223,0.7867665983004715,Lasso,Lasso_2
557,SI_ref_19,MCB,IBU,Ground water,0.8716126359176348,0.7792107439904332,Lasso,Lasso_2
559,SI_ref_19,MCB,IBU,Ground water,0.9228881866842084,0.7867551791783897,Lasso,Lasso_2
561,SI_ref_19,MCB,IBU,Ground water,0.9227697266379059,0.7942996143663462,Lasso,Lasso_2
563,SI_ref_19,MCB,IBU,Ground water,0.9221446299502403,0.8018440495543027,Lasso,Lasso_2
565,SI_ref_19,MCB,IBU,Ground water,0.9254612605703445,0.7867551791783897,Lasso,Lasso_2
567,SI_ref_19,MCB,IBU,Ground water,0.9188111047361486,0.7867551791783897,Lasso,Lasso_2
569,SI_ref_19,MCB,IBU,Ground water,0.9124876096677748,0.7867551791783897,Lasso,Lasso_2
571,SI_ref_19,MCB,IBU,Ground water,0.927696260267614,0.7867437679615505,Lasso,Lasso_2
573,SI_ref_19,MCB,IBU,Ground water,0.9222883610163676,0.7867437679615505,Lasso,Lasso_2
575,SI_ref_19,MCB,IBU,Ground water,0.9173366162788351,0.7867437679615505,Lasso,Lasso_2
577,SI_ref_19,MCB,IBU,Ground water,0.9896236049163454,0.7867323646390162,Lasso,Lasso_2
579,SI_ref_19,MCB,IBU,Ground water,0.9728688772730024,0.7867323646390162,Lasso,Lasso_2
581,SI_ref_19,MCB,IBU,Ground water,0.95367292982704,0.7867323646390162,Lasso,Lasso_2
583,SI_ref_19,MCB,IBU,Ground water,0.9381494412938034,0.7867209691998718,Lasso,Lasso_2
585,SI_ref_19,MCB,IBU,Ground water,0.925414707326754,0.7867209691998718,Lasso,Lasso_2
587,SI_ref_19,MCB,IBU,Ground water,0.9200694262245456,0.7867209691998718,Lasso,Lasso_2
589,SI_ref_19,MCB,IBU,Ground water,0.9296751902157461,0.7867095816332248,Lasso,Lasso_2
591,SI_ref_19,MCB,IBU,Ground water,0.9221403459202003,0.7867095816332248,Lasso,Lasso_2
593,SI_ref_19,MCB,IBU,Ground water,0.911624129649438,0.7867095816332248,Lasso,Lasso_2
595,SI_ref_19,MCB,IBU,Ground water,0.9248851497651674,0.7866982019282054,Lasso,Lasso_2
597,SI_ref_19,MCB,IBU,Ground water,0.9206218375460943,0.7866982019282054,Lasso,Lasso_2
599,SI_ref_19,MCB,IBU,Ground water,0.9170274735254856,0.7866982019282054,Lasso,Lasso_2
601,SI_ref_19,MCB,IBU,Ground water,0.9300914246503462,0.7866868300739662,Lasso,Lasso_2
603,SI_ref_19,MCB,IBU,Ground water,0.920786534541565,0.7866868300739662,Lasso,Lasso_2
605,SI_ref_19,MCB,IBU,Ground water,0.9160948152334054,0.7866868300739662,Lasso,Lasso_2
607,SI_ref_19,MCB,IBU,Ground water,0.9861765121394982,0.7866754660596824,Lasso,Lasso_2
609,SI_ref_19,MCB,IBU,Ground water,0.9661781267028597,0.7866754660596824,Lasso,Lasso_2
611,SI_ref_19,MCB,IBU,Ground water,0.9529992532644452,0.7866754660596824,Lasso,Lasso_2
613,SI_ref_19,MCB,IBU,Ground water,0.9352947587236877,0.7866641098745512,Lasso,Lasso_2
615,SI_ref_19,MCB,IBU,Ground water,0.9284499518994666,0.7866641098745512,Lasso,Lasso_2
617,SI_ref_19,MCB,IBU,Ground water,0.917077774862594,0.7866641098745512,Lasso,Lasso_2
619,SI_ref_19,MCB,IBU,Ground water,0.9255842902984923,0.7866527615077925,Lasso,Lasso_2
621,SI_ref_19,MCB,IBU,Ground water,0.9186162384710084,0.7866527615077925,Lasso,Lasso_2
623,SI_ref_19,MCB,IBU,Ground water,0.9103224686673798,0.7866527615077925,Lasso,Lasso_2
625,SI_ref_19,MCB,IBU,Ground water,0.9258221154816445,0.7866414209486483,Lasso,Lasso_2
627,SI_ref_19,MCB,IBU,Ground water,0.921668420582223,0.7866414209486483,Lasso,Lasso_2
629,SI_ref_19,MCB,IBU,Ground water,0.9150562646500002,0.7866414209486483,Lasso,Lasso_2
631,SI_ref_19,MCB,IBU,Ground water,0.9296259863973036,0.7866300881863828,Lasso,Lasso_2
633,SI_ref_19,MCB,IBU,Ground water,0.9216175906678238,0.7866300881863828,Lasso,Lasso_2
635,SI_ref_19,MCB,IBU,Ground water,0.9188076045934327,0.7866300881863828,Lasso,Lasso_2
698,SI_ref_18,NaOH-activated SCW biochars,IBU,Lake water,0.585296751211726,0.46914365788459983,Lasso,Lasso_2
700,SI_ref_18,NaOH-activated SCW biochars,IBU,Lake water,0.6304734220526563,0.4579861952312445,Lasso,Lasso_2
702,SI_ref_18,NaOH-activated SCW biochars,IBU,Lake water,0.6077686506314385,0.4466963696980267,Lasso,Lasso_2
704,SI_ref_18,NaOH-activated SCW biochars,IBU,Lake water,0.6040537723014899,0.43533913147975367,Lasso,Lasso_2
706,SI_ref_18,NaOH-activated SCW biochars,IBU,Lake water,0.6292724453182281,0.42394787215847096,Lasso,Lasso_2
708,SI_ref_18,NaOH-activated SCW biochars,IBU,Lake water,0.6376478565264503,0.4172758142496014,Lasso,Lasso_2
710,SI_ref_18,NaOH-activated SCW biochars,IBU,Lake water,0.6108673600702487,0.4125395227051679,Lasso,Lasso_2
712,SI_ref_18,NaOH-activated SCW biochars,IBU,Lake water,0.10371139816269948,0.4058617562323348,Lasso,Lasso_2
714,SI_ref_18,NaOH-activated SCW biochars,IBU,Lake water,0.46656560236114836,0.4058617562323348,Lasso,Lasso_2
716,SI_ref_18,NaOH-activated SCW biochars,IBU,Lake water,0.44106817459704084,0.3983173210443782,Lasso,Lasso_2
718,SI_ref_18,NaOH-activated SCW biochars,IBU,Lake water,0.6893393142281772,0.4058617562323348,Lasso,Lasso_2
720,SI_ref_18,NaOH-activated SCW biochars,IBU,Lake water,0.621379975330744,0.4058617562323348,Lasso,Lasso_2
722,SI_ref_18,NaOH-activated SCW biochars,IBU,Lake water,0.6727437787241767,0.4058617562323348,Lasso,Lasso_2
723,SI_ref_18,NaOH-activated SCW biochars,IBU,Lake water,0.6293605973980515,0.4058617562323348,Lasso,Lasso_2
724,SI_ref_18,NaOH-activated SCW biochars,IBU,Lake water,0.6573710855713073,0.4058617562323348,Lasso,Lasso_2
726,SI_ref_18,NaOH-activated SCW biochars,IBU,Lake water,0.6298354173553987,0.4058617562323348,Lasso,Lasso_2
727,SI_ref_18,NaOH-activated SCW biochars,IBU,Lake water,0.6523803226831055,0.4058617562323348,Lasso,Lasso_2
728,SI_ref_18,NaOH-activated SCW biochars,IBU,Lake water,0.6378679449532959,0.4058617562323348,Lasso,Lasso_2
730,SI_ref_18,NaOH-activated SCW biochars,IBU,Lake water,0.627404015064595,0.4058617562323348,Lasso,Lasso_2
731,SI_ref_18,NaOH-activated SCW biochars,IBU,Lake water,0.6077370696640284,0.4058617562323348,Lasso,Lasso_2
732,SI_ref_18,NaOH-activated SCW biochars,IBU,Lake water,0.6159420233488258,0.4058617562323348,Lasso,Lasso_2
734,SI_ref_18,NaOH-activated SCW biochars,IBU,Lake water,0.6074163960354965,0.4058617562323348,Lasso,Lasso_2
735,SI_ref_18,NaOH-activated SCW biochars,IBU,Lake water,0.6146046840259546,0.4058617562323348,Lasso,Lasso_2
736,SI_ref_18,NaOH-activated SCW biochars,IBU,Lake water,0.6281995086504742,0.4058617562323348,Lasso,Lasso_2
738,SI_ref_18,NaOH-activated SCW biochars,IBU,Lake water,0.6298527247859258,0.4058617562323348,Lasso,Lasso_2
739,SI_ref_18,NaOH-activated SCW biochars,IBU,Lake water,0.576999656444263,0.4058617562323348,Lasso,Lasso_2
740,SI_ref_18,NaOH-activated SCW biochars,IBU,Lake water,0.5791171913994386,0.4058617562323348,Lasso,Lasso_2
742,SI_ref_18,NaOH-activated SCW biochars,IBU,Lake water,0.5786725135963804,0.4058617562323348,Lasso,Lasso_2
743,SI_ref_18,NaOH-activated SCW biochars,IBU,Lake water,0.6233870058145189,0.4058617562323348,Lasso,Lasso_2
744,SI_ref_18,NaOH-activated SCW biochars,IBU,Lake water,0.5944978576382812,0.4058617562323348,Lasso,Lasso_2
745,SI_ref_18,NaOH-activated SCW biochars,IBU,Lake water,0.5630080357470825,0.4058617562323348,Lasso,Lasso_2
747,SI_ref_18,NaOH-activated SCW biochars,IBU,Lake water,0.6846241766923425,0.41340619142029134,Lasso,Lasso_2
749,SI_ref_18,NaOH-activated SCW biochars,IBU,Lake water,0.744908980376152,0.42095062660824784,Lasso,Lasso_2
751,SI_ref_18,NaOH-activated SCW biochars,IBU,Lake water,0.6869669848084122,0.4058617562323348,Lasso,Lasso_2
753,SI_ref_18,NaOH-activated SCW biochars,IBU,Lake water,0.7932075459644551,0.4058617562323348,Lasso,Lasso_2
852,SI_ref_13,PB600,CBZ,Synthetic,0.5776772247360483,0.816364881157349,Lasso,Lasso_2
853,SI_ref_13,PB600,CBZ,Synthetic,0.5656108597285068,0.8052074185039936,Lasso,Lasso_2
854,SI_ref_13,PB600,CBZ,Synthetic,0.5475113122171945,0.7939175929707758,Lasso,Lasso_2
855,SI_ref_13,PB600,CBZ,Synthetic,0.4479638009049774,0.7872795797822949,Lasso,Lasso_2
856,SI_ref_13,PB600,CBZ,Synthetic,0.45098039215686275,0.7758996843447218,Lasso,Lasso_2
857,SI_ref_13,PB600,CBZ,Synthetic,0.42684766214177977,0.7692314266522907,Lasso,Lasso_2
858,SI_ref_13,PB600,CBZ,Synthetic,0.32437120555073723,0.7644970375223505,Lasso,Lasso_2
859,SI_ref_13,PB600,CBZ,Synthetic,0.4773489932885906,0.7644970375223505,Lasso,Lasso_2
860,SI_ref_13,PB600,CBZ,Synthetic,0.4437372714068248,0.7644970375223505,Lasso,Lasso_2
861,SI_ref_13,PB600,CBZ,Synthetic,0.35791881074899945,0.7644970375223505,Lasso,Lasso_2
862,SI_ref_13,PB600,CBZ,Synthetic,0.32426715019643393,0.7644970375223505,Lasso,Lasso_2
863,SI_ref_13,PB600,CBZ,Synthetic,0.24055829228243014,0.7644970375223505,Lasso,Lasso_2
864,SI_ref_13,PB600,CBZ,Synthetic,0.44839549002601903,0.7644970375223505,Lasso,Lasso_2
865,SI_ref_13,PB600,CBZ,Synthetic,0.5528523489932886,0.7644970375223505,Lasso,Lasso_2
866,SI_ref_13,PB600,CBZ,Synthetic,0.5653368025440879,0.7644970375223505,Lasso,Lasso_2
867,SI_ref_13,PB600,CBZ,Synthetic,0.6235906331309627,0.7644970375223505,Lasso,Lasso_2
868,SI_ref_13,PB600,CBZ,Synthetic,0.6991037872217403,0.7644970375223505,Lasso,Lasso_2
869,SI_ref_13,PB600,CBZ,Synthetic,0.7401395944327428,0.7644970375223505,Lasso,Lasso_2
870,SI_ref_13,PB600,CBZ,Synthetic,0.8642533936651583,0.7530829795050838,Lasso,Lasso_2
871,SI_ref_13,PB600,CBZ,Synthetic,0.6953242835595775,0.7530829795050838,Lasso,Lasso_2
872,SI_ref_13,PB600,CBZ,Synthetic,0.4479638009049774,0.7530829795050838,Lasso,Lasso_2
873,SI_ref_13,PB600,CBZ,Synthetic,0.36651583710407243,0.7530829795050838,Lasso,Lasso_2
874,SI_ref_13,PB600,CBZ,Synthetic,0.248868778280543,0.7530829795050838,Lasso,Lasso_2
898,SI_ref_13,PB600,CBZ,Synthetic,0.244663382594417,0.7644970375223505,Lasso,Lasso_2
899,SI_ref_13,PB800,CBZ,Synthetic,0.27061079156395507,0.4663702160370309,Lasso,Lasso_2
900,SI_ref_13,PB800,CBZ,Synthetic,0.22678718159408381,0.4552127533836756,Lasso,Lasso_2
901,SI_ref_13,PB800,CBZ,Synthetic,0.18844152287044644,0.4439229278504577,Lasso,Lasso_2
902,SI_ref_13,PB800,CBZ,Synthetic,0.17748562037797863,0.4372849146619769,Lasso,Lasso_2
903,SI_ref_13,PB800,CBZ,Synthetic,0.16379074226239385,0.4259050192244037,Lasso,Lasso_2
904,SI_ref_13,PB800,CBZ,Synthetic,0.155573815393043,0.41923676153197276,Lasso,Lasso_2
905,SI_ref_13,PB800,CBZ,Synthetic,0.08520900321543408,0.41450237240203247,Lasso,Lasso_2
906,SI_ref_13,PB800,CBZ,Synthetic,0.16135346756152125,0.41450237240203247,Lasso,Lasso_2
907,SI_ref_13,PB800,CBZ,Synthetic,0.1561792870827899,0.41450237240203247,Lasso,Lasso_2
908,SI_ref_13,PB800,CBZ,Synthetic,0.13676633444075306,0.41450237240203247,Lasso,Lasso_2
909,SI_ref_13,PB800,CBZ,Synthetic,0.1002310803004044,0.41450237240203247,Lasso,Lasso_2
910,SI_ref_13,PB800,CBZ,Synthetic,0.04322336667164253,0.41450237240203247,Lasso,Lasso_2
911,SI_ref_13,PB800,CBZ,Synthetic,0.20609619686800895,0.41450237240203247,Lasso,Lasso_2
912,SI_ref_13,PB800,CBZ,Synthetic,0.1865212527964206,0.41450237240203247,Lasso,Lasso_2
913,SI_ref_13,PB800,CBZ,Synthetic,0.28121650589496244,0.41450237240203247,Lasso,Lasso_2
914,SI_ref_13,PB800,CBZ,Synthetic,0.36611289746337977,0.41450237240203247,Lasso,Lasso_2
915,SI_ref_13,PB800,CBZ,Synthetic,0.5117363344051448,0.41450237240203247,Lasso,Lasso_2
916,SI_ref_13,PB800,CBZ,Synthetic,0.5707012708620426,0.41450237240203247,Lasso,Lasso_2
917,SI_ref_13,PB800,CBZ,Synthetic,0.5791052918712493,0.4030883143847658,Lasso,Lasso_2
918,SI_ref_13,PB800,CBZ,Synthetic,0.30905619203491547,0.4030883143847658,Lasso,Lasso_2
919,SI_ref_13,PB800,CBZ,Synthetic,0.16448445171849424,0.4030883143847658,Lasso,Lasso_2
920,SI_ref_13,PB800,CBZ,Synthetic,0.12460736493062231,0.4030883143847658,Lasso,Lasso_2
921,SI_ref_13,PB800,CBZ,Synthetic,0.08265139116202945,0.4030883143847658,Lasso,Lasso_2
987,SI_ref_15,PSB,TEB,Synthetic,0.9529494921755761,0.871867774553059,Lasso,Lasso_2
988,SI_ref_15,PSB,TEB,Synthetic,0.9422238246841239,0.8607103118997037,Lasso,Lasso_2
989,SI_ref_15,PSB,TEB,Synthetic,0.9297851778252496,0.8494204863664858,Lasso,Lasso_2
990,SI_ref_15,PSB,TEB,Synthetic,0.9225192311101157,0.8380632481482129,Lasso,Lasso_2
991,SI_ref_15,PSB,TEB,Synthetic,0.920805363267918,0.82667198882693,Lasso,Lasso_2
992,SI_ref_15,PSB,TEB,Synthetic,0.9178876121047361,0.8199999309180606,Lasso,Lasso_2
993,SI_ref_15,PSB,TEB,Synthetic,0.9171857170319854,0.815263639373627,Lasso,Lasso_2
994,SI_ref_15,PSB,TEB,Synthetic,0.9362126098667423,0.808585872900794,Lasso,Lasso_2
995,SI_ref_15,PSB,TEB,Synthetic,0.9575716949823408,0.808585872900794,Lasso,Lasso_2
996,SI_ref_15,PSB,TEB,Synthetic,0.9144403299752767,0.808585872900794,Lasso,Lasso_2
997,SI_ref_15,PSB,TEB,Synthetic,0.9131362601666559,0.808585872900794,Lasso,Lasso_2
998,SI_ref_15,PSB,TEB,Synthetic,0.9073783566890704,0.808585872900794,Lasso,Lasso_2
999,SI_ref_15,PSB,TEB,Synthetic,0.8610942615965279,0.808585872900794,Lasso,Lasso_2
1000,SI_ref_15,PSB,TEB,Synthetic,0.8714762044822667,0.808585872900794,Lasso,Lasso_2
1001,SI_ref_15,PSB,TEB,Synthetic,0.8650362109004135,0.808585872900794,Lasso,Lasso_2
1002,SI_ref_15,PSB,TEB,Synthetic,0.9441016733966956,0.808585872900794,Lasso,Lasso_2
1003,SI_ref_15,PSB,TEB,Synthetic,0.952584477756588,0.808585872900794,Lasso,Lasso_2
1004,SI_ref_15,PSB,TEB,Synthetic,0.9589909115585907,0.808585872900794,Lasso,Lasso_2
1005,SI_ref_15,PSB,TEB,Synthetic,0.9629553594597028,0.808585872900794,Lasso,Lasso_2
1052,SI_ref_15,PSBOX-A,TEB,Synthetic,0.5158767649493458,0.30621792541301984,Lasso,Lasso_2
1053,SI_ref_15,PSBOX-A,TEB,Synthetic,0.41210379963008376,0.2950604627596645,Lasso,Lasso_2
1054,SI_ref_15,PSBOX-A,TEB,Synthetic,0.30623403384032577,0.2837706372264467,Lasso,Lasso_2
1055,SI_ref_15,PSBOX-A,TEB,Synthetic,0.21283845390046752,0.2724133990081737,Lasso,Lasso_2
1056,SI_ref_15,PSBOX-A,TEB,Synthetic,0.12421842587964138,0.261022139686891,Lasso,Lasso_2
1057,SI_ref_15,PSBOX-A,TEB,Synthetic,0.09371708683213013,0.25435008177802143,Lasso,Lasso_2
1058,SI_ref_15,PSBOX-A,TEB,Synthetic,0.07890621232231329,0.24961379023358787,Lasso,Lasso_2
1059,SI_ref_15,PSBOX-A,TEB,Synthetic,0.07277962857952934,0.24293602376075474,Lasso,Lasso_2
1060,SI_ref_15,PSBOX-A,TEB,Synthetic,0.5073983287736047,0.22784715338484174,Lasso,Lasso_2
1061,SI_ref_15,PSBOX-A,TEB,Synthetic,0.5163778457532948,0.24293602376075474,Lasso,Lasso_2
1062,SI_ref_15,PSBOX-A,TEB,Synthetic,0.5077105405964751,0.24293602376075474,Lasso,Lasso_2
1063,SI_ref_15,PSBOX-A,TEB,Synthetic,0.058828707349529885,0.24293602376075474,Lasso,Lasso_2
1064,SI_ref_15,PSBOX-A,TEB,Synthetic,0.4930488637978448,0.24293602376075474,Lasso,Lasso_2
1065,SI_ref_15,PSBOX-A,TEB,Synthetic,0.5160089507499187,0.25802489413666785,Lasso,Lasso_2
1066,SI_ref_15,PSBOX-A,TEB,Synthetic,0.07083175356135256,0.24293602376075474,Lasso,Lasso_2
1067,SI_ref_15,PSBOX-A,TEB,Synthetic,0.051172794584274484,0.24293602376075474,Lasso,Lasso_2
1068,SI_ref_15,PSBOX-A,TEB,Synthetic,0.04750722464731311,0.24293602376075474,Lasso,Lasso_2
1069,SI_ref_15,PSBOX-A,TEB,Synthetic,0.04108376658313895,0.24293602376075474,Lasso,Lasso_2
1070,SI_ref_15,PSBOX-A,TEB,Synthetic,0.04527670142322688,0.24293602376075474,Lasso,Lasso_2
1071,SI_ref_15,PSBOX-A,TEB,Synthetic,0.04243318293660387,0.24293602376075474,Lasso,Lasso_2
1072,SI_ref_15,PSBOX-A,TEB,Synthetic,0.09409506092292502,0.24293602376075474,Lasso,Lasso_2
1073,SI_ref_15,PSBOX-A,TEB,Synthetic,0.28314921751011557,0.24293602376075474,Lasso,Lasso_2
1074,SI_ref_15,PSBOX-A,TEB,Synthetic,0.44223994246690523,0.24293602376075474,Lasso,Lasso_2
1075,SI_ref_15,PSBOX-A,TEB,Synthetic,0.5102144207532882,0.24293602376075474,Lasso,Lasso_2
1077,SI_ref_17,Pristine SCG biochar,CBZ,Synthetic,0.9431980957558961,0.9111202281720725,Lasso,Lasso_2
1079,SI_ref_17,Pristine SCG biochar,CBZ,Synthetic,0.9360319849357849,0.8999627655187172,Lasso,Lasso_2
1081,SI_ref_17,Pristine SCG biochar,CBZ,Synthetic,0.9307104448319532,0.8820349267970184,Lasso,Lasso_2
1083,SI_ref_17,Pristine SCG biochar,CBZ,Synthetic,0.9258716624342764,0.8706550313594453,Lasso,Lasso_2
1085,SI_ref_17,Pristine SCG biochar,CBZ,Synthetic,0.9157118703628806,0.8639867736670144,Lasso,Lasso_2
1087,SI_ref_17,Pristine SCG biochar,CBZ,Synthetic,0.9147137334986508,0.8592523845370741,Lasso,Lasso_2
1089,SI_ref_17,Pristine SCG biochar,CBZ,Synthetic,0.9138427672538969,0.8545160929926405,Lasso,Lasso_2
1091,SI_ref_17,Pristine SCG biochar,CBZ,Synthetic,0.8932130468798682,0.8327494561438944,Lasso,Lasso_2
1093,SI_ref_17,Pristine SCG biochar,CBZ,Synthetic,0.9247624360467385,0.8478383265198074,Lasso,Lasso_2
1095,SI_ref_17,Pristine SCG biochar,CBZ,Synthetic,0.9071706166070994,0.8478383265198074,Lasso,Lasso_2
1097,SI_ref_17,Pristine SCG biochar,CBZ,Synthetic,0.908534541255576,0.8478383265198074,Lasso,Lasso_2
1099,SI_ref_17,Pristine SCG biochar,CBZ,Synthetic,0.903895578148675,0.8478383265198074,Lasso,Lasso_2
1101,SI_ref_17,Pristine SCG biochar,CBZ,Synthetic,0.9071468090110305,0.8478383265198074,Lasso,Lasso_2
1103,SI_ref_17,Pristine SCG biochar,CBZ,Synthetic,0.890879570190962,0.8478383265198074,Lasso,Lasso_2
1105,SI_ref_17,Pristine SCG biochar,CBZ,Synthetic,0.8806314346444372,0.8629271968957204,Lasso,Lasso_2
1107,SI_ref_17,Pristine SCG biochar,CBZ,Synthetic,0.9289062306369882,0.8478383265198074,Lasso,Lasso_2
1109,SI_ref_17,Pristine SCG biochar,CBZ,Synthetic,0.9261272699552149,0.8478383265198074,Lasso,Lasso_2
1111,SI_ref_17,Pristine SCG biochar,CBZ,Synthetic,0.9403460613803251,0.8478383265198074,Lasso,Lasso_2
1113,SI_ref_17,Pristine SCG biochar,CBZ,Synthetic,0.9373850128799738,0.8478383265198074,Lasso,Lasso_2
1115,SI_ref_17,Pristine SCG biochar,CBZ,Synthetic,0.925161257978969,0.8478383265198074,Lasso,Lasso_2
1253,SI_ref_18,Pristine SCW Biochar,IBU,Lake water,0.9264336848996528,0.9679612981792554,Lasso,Lasso_2
1255,SI_ref_18,Pristine SCW Biochar,IBU,Lake water,0.9179334532144726,0.9568038355259001,Lasso,Lasso_2
1257,SI_ref_18,Pristine SCW Biochar,IBU,Lake water,0.916180999264559,0.9455140099926822,Lasso,Lasso_2
1259,SI_ref_18,Pristine SCW Biochar,IBU,Lake water,0.9235678454978681,0.9341567717744093,Lasso,Lasso_2
1261,SI_ref_18,Pristine SCW Biochar,IBU,Lake water,0.9285970293283682,0.9227655124531264,Lasso,Lasso_2
1263,SI_ref_18,Pristine SCW Biochar,IBU,Lake water,0.9209592404126973,0.916093454544257,Lasso,Lasso_2
1265,SI_ref_18,Pristine SCW Biochar,IBU,Lake water,0.9279432945207517,0.9113571629998234,Lasso,Lasso_2
1269,SI_ref_18,Pristine SCW Biochar,IBU,Lake water,0.8974085452250303,0.8971349613390338,Lasso,Lasso_2
1271,SI_ref_18,Pristine SCW Biochar,IBU,Lake water,0.9239929387412031,0.9046793965269903,Lasso,Lasso_2
1273,SI_ref_18,Pristine SCW Biochar,IBU,Lake water,0.9256303580479686,0.9046793965269903,Lasso,Lasso_2
1275,SI_ref_18,Pristine SCW Biochar,IBU,Lake water,0.9240446881745522,0.9046793965269903,Lasso,Lasso_2
1276,SI_ref_18,Pristine SCW Biochar,IBU,Lake water,0.9283922239724117,0.9046793965269903,Lasso,Lasso_2
1277,SI_ref_18,Pristine SCW Biochar,IBU,Lake water,0.9240711354841218,0.9046793965269903,Lasso,Lasso_2
1279,SI_ref_18,Pristine SCW Biochar,IBU,Lake water,0.9204127206373283,0.9046793965269903,Lasso,Lasso_2
1280,SI_ref_18,Pristine SCW Biochar,IBU,Lake water,0.9185968665123906,0.9046793965269903,Lasso,Lasso_2
1281,SI_ref_18,Pristine SCW Biochar,IBU,Lake water,0.9182954449695013,0.9046793965269903,Lasso,Lasso_2
1283,SI_ref_18,Pristine SCW Biochar,IBU,Lake water,0.9158900362354069,0.9046793965269903,Lasso,Lasso_2
1284,SI_ref_18,Pristine SCW Biochar,IBU,Lake water,0.9125854189759445,0.9046793965269903,Lasso,Lasso_2
1285,SI_ref_18,Pristine SCW Biochar,IBU,Lake water,0.9175495400890653,0.9046793965269903,Lasso,Lasso_2
1287,SI_ref_18,Pristine SCW Biochar,IBU,Lake water,0.9120226357855434,0.9046793965269903,Lasso,Lasso_2
1288,SI_ref_18,Pristine SCW Biochar,IBU,Lake water,0.9131050308227836,0.9046793965269903,Lasso,Lasso_2
1289,SI_ref_18,Pristine SCW Biochar,IBU,Lake water,0.91141920930323,0.9046793965269903,Lasso,Lasso_2
1291,SI_ref_18,Pristine SCW Biochar,IBU,Lake water,0.9068652159539504,0.9046793965269903,Lasso,Lasso_2
1292,SI_ref_18,Pristine SCW Biochar,IBU,Lake water,0.9091226364337618,0.9046793965269903,Lasso,Lasso_2
1293,SI_ref_18,Pristine SCW Biochar,IBU,Lake water,0.9067682424855283,0.9046793965269903,Lasso,Lasso_2
1295,SI_ref_18,Pristine SCW Biochar,IBU,Lake water,0.9027540853962883,0.9046793965269903,Lasso,Lasso_2
1296,SI_ref_18,Pristine SCW Biochar,IBU,Lake water,0.9025373859945938,0.9046793965269903,Lasso,Lasso_2
1297,SI_ref_18,Pristine SCW Biochar,IBU,Lake water,0.9026152370210476,0.9046793965269903,Lasso,Lasso_2
1298,SI_ref_18,Pristine SCW Biochar,IBU,Lake water,0.9219347373743266,0.9046793965269903,Lasso,Lasso_2
1300,SI_ref_18,Pristine SCW Biochar,IBU,Lake water,0.9277221749920567,0.9122238317149468,Lasso,Lasso_2
1302,SI_ref_18,Pristine SCW Biochar,IBU,Lake water,0.9340257796823453,0.9197682669029034,Lasso,Lasso_2
2,SI_ref_19,AMCB,IBU,Ground water,0.6563767477253929,0.5787731749120286,LightGBM,LightGBM_1
4,SI_ref_19,AMCB,IBU,Ground water,0.5414154110835401,0.5618680105521836,LightGBM,LightGBM_1
6,SI_ref_19,AMCB,IBU,Ground water,0.39819987427626136,0.5254071925573983,LightGBM,LightGBM_1
8,SI_ref_19,AMCB,IBU,Ground water,0.3426557088502895,0.3969779419713923,LightGBM,LightGBM_1
10,SI_ref_19,AMCB,IBU,Ground water,0.3352626765922249,0.36959063630997424,LightGBM,LightGBM_1
12,SI_ref_19,AMCB,IBU,Ground water,0.33078034739454093,0.33815110971806445,LightGBM,LightGBM_1
14,SI_ref_19,AMCB,IBU,Ground water,0.3305497038875103,0.3234710414074708,LightGBM,LightGBM_1
16,SI_ref_19,AMCB,IBU,Ground water,0.029204625724030753,0.30817276289451,LightGBM,LightGBM_1
18,SI_ref_19,AMCB,IBU,Ground water,0.005264283840238958,0.2771402985519398,LightGBM,LightGBM_1
20,SI_ref_19,AMCB,IBU,Ground water,0.0023766372681587895,0.2426486691558247,LightGBM,LightGBM_1
22,SI_ref_19,AMCB,IBU,Ground water,0.32926049296939613,0.2771402985519398,LightGBM,LightGBM_1
24,SI_ref_19,AMCB,IBU,Ground water,0.19832193047959257,0.35603445075286777,LightGBM,LightGBM_1
26,SI_ref_19,AMCB,IBU,Ground water,0.1894672613641715,0.3307428108600979,LightGBM,LightGBM_1
28,SI_ref_19,AMCB,IBU,Ground water,0.1528746627917146,0.2944351571784851,LightGBM,LightGBM_1
30,SI_ref_19,AMCB,IBU,Ground water,0.3449761650083755,0.4209548795883407,LightGBM,LightGBM_1
32,SI_ref_19,AMCB,IBU,Ground water,0.30765270742093687,0.3956632396955708,LightGBM,LightGBM_1
34,SI_ref_19,AMCB,IBU,Ground water,0.303030777614079,0.36685819033825234,LightGBM,LightGBM_1
36,SI_ref_19,AMCB,IBU,Ground water,0.41496556078686897,0.4528914921317223,LightGBM,LightGBM_1
38,SI_ref_19,AMCB,IBU,Ground water,0.3766264851820565,0.43784843289495107,LightGBM,LightGBM_1
40,SI_ref_19,AMCB,IBU,Ground water,0.38956403906090076,0.4066724337906385,LightGBM,LightGBM_1
42,SI_ref_19,AMCB,IBU,Ground water,0.5182383095521604,0.4539337810243096,LightGBM,LightGBM_1
44,SI_ref_19,AMCB,IBU,Ground water,0.5024496962602676,0.4383848563403903,LightGBM,LightGBM_1
46,SI_ref_19,AMCB,IBU,Ground water,0.48210720700720494,0.4113717428929394,LightGBM,LightGBM_1
48,SI_ref_19,AMCB,IBU,Ground water,0.03338351934448727,0.3134970394785917,LightGBM,LightGBM_1
50,SI_ref_19,AMCB,IBU,Ground water,0.0,0.2840795748875897,LightGBM,LightGBM_1
52,SI_ref_19,AMCB,IBU,Ground water,0.003531050071646246,0.2674848302706185,LightGBM,LightGBM_1
54,SI_ref_19,AMCB,IBU,Ground water,0.19999798179579809,0.34306099937535905,LightGBM,LightGBM_1
56,SI_ref_19,AMCB,IBU,Ground water,0.17260220522445793,0.3136435347843571,LightGBM,LightGBM_1
58,SI_ref_19,AMCB,IBU,Ground water,0.15656878376287445,0.29704879016738583,LightGBM,LightGBM_1
60,SI_ref_19,AMCB,IBU,Ground water,0.3457359785263073,0.3989894442277016,LightGBM,LightGBM_1
62,SI_ref_19,AMCB,IBU,Ground water,0.32626934953278575,0.36957197963669963,LightGBM,LightGBM_1
64,SI_ref_19,AMCB,IBU,Ground water,0.3258728934993643,0.3529772350197284,LightGBM,LightGBM_1
66,SI_ref_19,AMCB,IBU,Ground water,0.4885549946229274,0.45225929264907905,LightGBM,LightGBM_1
68,SI_ref_19,AMCB,IBU,Ground water,0.39885279506866217,0.4228418280580771,LightGBM,LightGBM_1
70,SI_ref_19,AMCB,IBU,Ground water,0.42188356115014575,0.4062470834411058,LightGBM,LightGBM_1
72,SI_ref_19,AMCB,IBU,Ground water,0.5107350299703324,0.4506452825046548,LightGBM,LightGBM_1
74,SI_ref_19,AMCB,IBU,Ground water,0.5226317382792791,0.4212278179136528,LightGBM,LightGBM_1
76,SI_ref_19,AMCB,IBU,Ground water,0.4945842701164504,0.4046330732966816,LightGBM,LightGBM_1
78,SI_ref_19,AMCB,IBU,Ground water,0.025848755777109534,0.3330232713297989,LightGBM,LightGBM_1
80,SI_ref_19,AMCB,IBU,Ground water,0.008169690609295848,0.30360580673879695,LightGBM,LightGBM_1
82,SI_ref_19,AMCB,IBU,Ground water,0.0,0.2870110621218257,LightGBM,LightGBM_1
84,SI_ref_19,AMCB,IBU,Ground water,0.2007202298061851,0.3330232713297989,LightGBM,LightGBM_1
86,SI_ref_19,AMCB,IBU,Ground water,0.16952726930244136,0.30360580673879695,LightGBM,LightGBM_1
88,SI_ref_19,AMCB,IBU,Ground water,0.14747637019246942,0.2870110621218257,LightGBM,LightGBM_1
90,SI_ref_19,AMCB,IBU,Ground water,0.34008395729479907,0.4274790367451929,LightGBM,LightGBM_1
92,SI_ref_19,AMCB,IBU,Ground water,0.32813530040969546,0.40015316067541196,LightGBM,LightGBM_1
94,SI_ref_19,AMCB,IBU,Ground water,0.3191737471997417,0.3835584160584407,LightGBM,LightGBM_1
96,SI_ref_19,AMCB,IBU,Ground water,0.45590621693388655,0.48285918113975085,LightGBM,LightGBM_1
98,SI_ref_19,AMCB,IBU,Ground water,0.4386715603313315,0.4555333050699699,LightGBM,LightGBM_1
100,SI_ref_19,AMCB,IBU,Ground water,0.4136227630368784,0.43893856045299867,LightGBM,LightGBM_1
102,SI_ref_19,AMCB,IBU,Ground water,0.15909620069601668,0.3589122657769583,LightGBM,LightGBM_1
104,SI_ref_19,AMCB,IBU,Ground water,0.32070040208616674,0.4719508266701222,LightGBM,LightGBM_1
106,SI_ref_19,AMCB,IBU,Ground water,0.3644459510905023,0.5331360033051941,LightGBM,LightGBM_1
108,SI_ref_19,AMCB,IBU,Ground water,0.46356787238707886,0.5209204070205891,LightGBM,LightGBM_1
110,SI_ref_19,AMCB,IBU,Ground water,0.5205305455205957,0.49927670273990316,LightGBM,LightGBM_1
112,SI_ref_19,AMCB,IBU,Ground water,0.5464029950150356,0.4719508266701222,LightGBM,LightGBM_1
114,SI_ref_19,AMCB,IBU,Ground water,0.48301499525722014,0.4553361303310913,LightGBM,LightGBM_1
117,SI_ref_17,Alkali-modified SCG biochars,CBZ,Synthetic,0.12103690777624292,0.2568539033469512,LightGBM,LightGBM_1
119,SI_ref_17,Alkali-modified SCG biochars,CBZ,Synthetic,0.0701486117179634,0.2568539033469512,LightGBM,LightGBM_1
121,SI_ref_17,Alkali-modified SCG biochars,CBZ,Synthetic,0.050188840370859876,0.04182291101294217,LightGBM,LightGBM_1
123,SI_ref_17,Alkali-modified SCG biochars,CBZ,Synthetic,0.033003190610721066,-0.01930817359746325,LightGBM,LightGBM_1
125,SI_ref_17,Alkali-modified SCG biochars,CBZ,Synthetic,0.03511734337104713,-0.020220533037381777,LightGBM,LightGBM_1
127,SI_ref_17,Alkali-modified SCG biochars,CBZ,Synthetic,0.03195287629892775,-0.01781540139157307,LightGBM,LightGBM_1
129,SI_ref_17,Alkali-modified SCG biochars,CBZ,Synthetic,0.03449328813829176,-0.01781540139157307,LightGBM,LightGBM_1
132,SI_ref_17,Alkali-modified SCG biochars,CBZ,Synthetic,0.041716779164719504,0.2163920032573027,LightGBM,LightGBM_1
134,SI_ref_17,Alkali-modified SCG biochars,CBZ,Synthetic,0.00635796336582959,0.2163920032573027,LightGBM,LightGBM_1
136,SI_ref_17,Alkali-modified SCG biochars,CBZ,Synthetic,0.011730609548845337,0.2163920032573027,LightGBM,LightGBM_1
138,SI_ref_17,Alkali-modified SCG biochars,CBZ,Synthetic,0.01988738850164665,0.2163920032573027,LightGBM,LightGBM_1
140,SI_ref_17,Alkali-modified SCG biochars,CBZ,Synthetic,0.006132526431344026,0.2163920032573027,LightGBM,LightGBM_1
142,SI_ref_17,Alkali-modified SCG biochars,CBZ,Synthetic,0.007712590639419909,0.2163920032573027,LightGBM,LightGBM_1
145,SI_ref_17,Alkali-modified SCG biochars,CBZ,Synthetic,0.10268999927349255,0.2163920032573027,LightGBM,LightGBM_1
147,SI_ref_17,Alkali-modified SCG biochars,CBZ,Synthetic,0.14439822919669368,0.2163920032573027,LightGBM,LightGBM_1
149,SI_ref_17,Alkali-modified SCG biochars,CBZ,Synthetic,0.34003506921741083,0.2163920032573027,LightGBM,LightGBM_1
151,SI_ref_17,Alkali-modified SCG biochars,CBZ,Synthetic,0.4516798693491866,0.2163920032573027,LightGBM,LightGBM_1
153,SI_ref_17,Alkali-modified SCG biochars,CBZ,Synthetic,0.5612135486607656,0.2163920032573027,LightGBM,LightGBM_1
282,SI_ref_19,CB,IBU,Ground water,0.9280102961124896,0.9240592171151234,LightGBM,LightGBM_1
284,SI_ref_19,CB,IBU,Ground water,0.9242732043010754,0.9283972061289966,LightGBM,LightGBM_1
286,SI_ref_19,CB,IBU,Ground water,0.9218881323407775,0.926246962583207,LightGBM,LightGBM_1
288,SI_ref_19,CB,IBU,Ground water,0.9215853366418528,0.9283815378810157,LightGBM,LightGBM_1
290,SI_ref_19,CB,IBU,Ground water,0.9207959503722085,0.9229302295899717,LightGBM,LightGBM_1
292,SI_ref_19,CB,IBU,Ground water,0.9207361323407776,0.9250654857330026,LightGBM,LightGBM_1
294,SI_ref_19,CB,IBU,Ground water,0.9206762613730356,0.9250654857330026,LightGBM,LightGBM_1
296,SI_ref_19,CB,IBU,Ground water,0.9945207101387852,0.9469688085061934,LightGBM,LightGBM_1
298,SI_ref_19,CB,IBU,Ground water,0.9765877548823724,0.9282305415272433,LightGBM,LightGBM_1
300,SI_ref_19,CB,IBU,Ground water,0.9595058090644278,0.933506515327078,LightGBM,LightGBM_1
302,SI_ref_19,CB,IBU,Ground water,0.9409019130333385,0.9469688085061934,LightGBM,LightGBM_1
304,SI_ref_19,CB,IBU,Ground water,0.9323428884090048,0.9282305415272433,LightGBM,LightGBM_1
306,SI_ref_19,CB,IBU,Ground water,0.9259231602386863,0.933506515327078,LightGBM,LightGBM_1
308,SI_ref_19,CB,IBU,Ground water,0.8753590996713628,0.9060594747160438,LightGBM,LightGBM_1
310,SI_ref_19,CB,IBU,Ground water,0.9341230700922319,0.9469688085061934,LightGBM,LightGBM_1
312,SI_ref_19,CB,IBU,Ground water,0.9234390298948024,0.9282305415272433,LightGBM,LightGBM_1
314,SI_ref_19,CB,IBU,Ground water,0.917590560186213,0.933506515327078,LightGBM,LightGBM_1
316,SI_ref_19,CB,IBU,Ground water,0.9236132062907854,0.9382869280220606,LightGBM,LightGBM_1
318,SI_ref_19,CB,IBU,Ground water,0.9231865295080666,0.9339229595803006,LightGBM,LightGBM_1
320,SI_ref_19,CB,IBU,Ground water,0.9303445651202417,0.9469688085061934,LightGBM,LightGBM_1
322,SI_ref_19,CB,IBU,Ground water,0.923151204819856,0.9282305415272433,LightGBM,LightGBM_1
324,SI_ref_19,CB,IBU,Ground water,0.9175260660683171,0.933506515327078,LightGBM,LightGBM_1
326,SI_ref_19,CB,IBU,Ground water,0.9318432124429017,0.9469688085061934,LightGBM,LightGBM_1
328,SI_ref_19,CB,IBU,Ground water,0.9241489703794897,0.9282305415272433,LightGBM,LightGBM_1
330,SI_ref_19,CB,IBU,Ground water,0.9174641264203113,0.933506515327078,LightGBM,LightGBM_1
523,SI_ref_19,MCB,IBU,Ground water,0.9264289561621175,0.9254732711514427,LightGBM,LightGBM_1
525,SI_ref_19,MCB,IBU,Ground water,0.9196854524400332,0.9253407140618594,LightGBM,LightGBM_1
527,SI_ref_19,MCB,IBU,Ground water,0.9178832092638545,0.922075434672653,LightGBM,LightGBM_1
529,SI_ref_19,MCB,IBU,Ground water,0.9177463688999173,0.9354620894519332,LightGBM,LightGBM_1
531,SI_ref_19,MCB,IBU,Ground water,0.9177232092638544,0.9243407847434625,LightGBM,LightGBM_1
533,SI_ref_19,MCB,IBU,Ground water,0.9175379321753515,0.9244761509954119,LightGBM,LightGBM_1
535,SI_ref_19,MCB,IBU,Ground water,0.9173856344086023,0.9227385589983084,LightGBM,LightGBM_1
537,SI_ref_19,MCB,IBU,Ground water,0.9902068659306948,0.9349798418716163,LightGBM,LightGBM_1
539,SI_ref_19,MCB,IBU,Ground water,0.9708228218531151,0.9135786660437242,LightGBM,LightGBM_1
541,SI_ref_19,MCB,IBU,Ground water,0.9483485035015843,0.8971965450981786,LightGBM,LightGBM_1
543,SI_ref_19,MCB,IBU,Ground water,0.9173115500413566,0.9135786660437242,LightGBM,LightGBM_1
545,SI_ref_19,MCB,IBU,Ground water,0.9358359065436908,0.9401025717818821,LightGBM,LightGBM_1
547,SI_ref_19,MCB,IBU,Ground water,0.9263512886233829,0.9239613197575548,LightGBM,LightGBM_1
549,SI_ref_19,MCB,IBU,Ground water,0.9153544975680639,0.9083912800821818,LightGBM,LightGBM_1
551,SI_ref_19,MCB,IBU,Ground water,0.9271238571918706,0.9354994061213708,LightGBM,LightGBM_1
553,SI_ref_19,MCB,IBU,Ground water,0.9199191103755877,0.9193452123189891,LightGBM,LightGBM_1
555,SI_ref_19,MCB,IBU,Ground water,0.910886274193223,0.9118234264894454,LightGBM,LightGBM_1
557,SI_ref_19,MCB,IBU,Ground water,0.8716126359176348,0.8606603755753707,LightGBM,LightGBM_1
559,SI_ref_19,MCB,IBU,Ground water,0.9228881866842084,0.9471496277382018,LightGBM,LightGBM_1
561,SI_ref_19,MCB,IBU,Ground water,0.9227697266379059,0.978950691169565,LightGBM,LightGBM_1
563,SI_ref_19,MCB,IBU,Ground water,0.9221446299502403,0.9645627702927572,LightGBM,LightGBM_1
565,SI_ref_19,MCB,IBU,Ground water,0.9254612605703445,0.9530552408845847,LightGBM,LightGBM_1
567,SI_ref_19,MCB,IBU,Ground water,0.9188111047361486,0.9471496277382018,LightGBM,LightGBM_1
569,SI_ref_19,MCB,IBU,Ground water,0.9124876096677748,0.9374396730154967,LightGBM,LightGBM_1
571,SI_ref_19,MCB,IBU,Ground water,0.927696260267614,0.9565163018910099,LightGBM,LightGBM_1
573,SI_ref_19,MCB,IBU,Ground water,0.9222883610163676,0.950825154421285,LightGBM,LightGBM_1
575,SI_ref_19,MCB,IBU,Ground water,0.9173366162788351,0.9449903233612884,LightGBM,LightGBM_1
577,SI_ref_19,MCB,IBU,Ground water,0.9896236049163454,0.9292304345929033,LightGBM,LightGBM_1
579,SI_ref_19,MCB,IBU,Ground water,0.9728688772730024,0.9204525013414713,LightGBM,LightGBM_1
581,SI_ref_19,MCB,IBU,Ground water,0.95367292982704,0.915954284106864,LightGBM,LightGBM_1
583,SI_ref_19,MCB,IBU,Ground water,0.9381494412938034,0.9280706701523376,LightGBM,LightGBM_1
585,SI_ref_19,MCB,IBU,Ground water,0.925414707326754,0.9188334720292766,LightGBM,LightGBM_1
587,SI_ref_19,MCB,IBU,Ground water,0.9200694262245456,0.9151672561023756,LightGBM,LightGBM_1
589,SI_ref_19,MCB,IBU,Ground water,0.9296751902157461,0.9277630238613506,LightGBM,LightGBM_1
591,SI_ref_19,MCB,IBU,Ground water,0.9221403459202003,0.9185258257382896,LightGBM,LightGBM_1
593,SI_ref_19,MCB,IBU,Ground water,0.911624129649438,0.9148596098113886,LightGBM,LightGBM_1
595,SI_ref_19,MCB,IBU,Ground water,0.9248851497651674,0.9671195252751155,LightGBM,LightGBM_1
597,SI_ref_19,MCB,IBU,Ground water,0.9206218375460943,0.9578823271520545,LightGBM,LightGBM_1
599,SI_ref_19,MCB,IBU,Ground water,0.9170274735254856,0.9542161112251535,LightGBM,LightGBM_1
601,SI_ref_19,MCB,IBU,Ground water,0.9300914246503462,0.9727413708357987,LightGBM,LightGBM_1
603,SI_ref_19,MCB,IBU,Ground water,0.920786534541565,0.9635041727127377,LightGBM,LightGBM_1
605,SI_ref_19,MCB,IBU,Ground water,0.9160948152334054,0.9598379567858367,LightGBM,LightGBM_1
607,SI_ref_19,MCB,IBU,Ground water,0.9861765121394982,0.9101389628334993,LightGBM,LightGBM_1
609,SI_ref_19,MCB,IBU,Ground water,0.9661781267028597,0.9009017647104383,LightGBM,LightGBM_1
611,SI_ref_19,MCB,IBU,Ground water,0.9529992532644452,0.8972355487835373,LightGBM,LightGBM_1
613,SI_ref_19,MCB,IBU,Ground water,0.9352947587236877,0.9101389628334993,LightGBM,LightGBM_1
615,SI_ref_19,MCB,IBU,Ground water,0.9284499518994666,0.9009017647104383,LightGBM,LightGBM_1
617,SI_ref_19,MCB,IBU,Ground water,0.917077774862594,0.8972355487835373,LightGBM,LightGBM_1
619,SI_ref_19,MCB,IBU,Ground water,0.9255842902984923,0.929306802994915,LightGBM,LightGBM_1
621,SI_ref_19,MCB,IBU,Ground water,0.9186162384710084,0.9209508843332548,LightGBM,LightGBM_1
623,SI_ref_19,MCB,IBU,Ground water,0.9103224686673798,0.9172846684063538,LightGBM,LightGBM_1
625,SI_ref_19,MCB,IBU,Ground water,0.9258221154816445,0.9346387485932082,LightGBM,LightGBM_1
627,SI_ref_19,MCB,IBU,Ground water,0.921668420582223,0.926282829931548,LightGBM,LightGBM_1
629,SI_ref_19,MCB,IBU,Ground water,0.9150562646500002,0.922616614004647,LightGBM,LightGBM_1
631,SI_ref_19,MCB,IBU,Ground water,0.9296259863973036,0.9510145589433076,LightGBM,LightGBM_1
633,SI_ref_19,MCB,IBU,Ground water,0.9216175906678238,0.9426586402816474,LightGBM,LightGBM_1
635,SI_ref_19,MCB,IBU,Ground water,0.9188076045934327,0.9389724726326868,LightGBM,LightGBM_1
698,SI_ref_18,NaOH-activated SCW biochars,IBU,Lake water,0.585296751211726,0.5837686841001125,LightGBM,LightGBM_1
700,SI_ref_18,NaOH-activated SCW biochars,IBU,Lake water,0.6304734220526563,0.5699317371355221,LightGBM,LightGBM_1
702,SI_ref_18,NaOH-activated SCW biochars,IBU,Lake water,0.6077686506314385,0.5469690289274665,LightGBM,LightGBM_1
704,SI_ref_18,NaOH-activated SCW biochars,IBU,Lake water,0.6040537723014899,0.5440555469505282,LightGBM,LightGBM_1
706,SI_ref_18,NaOH-activated SCW biochars,IBU,Lake water,0.6292724453182281,0.542235329722009,LightGBM,LightGBM_1
708,SI_ref_18,NaOH-activated SCW biochars,IBU,Lake water,0.6376478565264503,0.535669069256031,LightGBM,LightGBM_1
710,SI_ref_18,NaOH-activated SCW biochars,IBU,Lake water,0.6108673600702487,0.5234144503012822,LightGBM,LightGBM_1
712,SI_ref_18,NaOH-activated SCW biochars,IBU,Lake water,0.10371139816269948,0.5236485892824845,LightGBM,LightGBM_1
714,SI_ref_18,NaOH-activated SCW biochars,IBU,Lake water,0.46656560236114836,0.5236485892824845,LightGBM,LightGBM_1
716,SI_ref_18,NaOH-activated SCW biochars,IBU,Lake water,0.44106817459704084,0.45427970325039035,LightGBM,LightGBM_1
718,SI_ref_18,NaOH-activated SCW biochars,IBU,Lake water,0.6893393142281772,0.5637357553502501,LightGBM,LightGBM_1
720,SI_ref_18,NaOH-activated SCW biochars,IBU,Lake water,0.621379975330744,0.5236485892824845,LightGBM,LightGBM_1
722,SI_ref_18,NaOH-activated SCW biochars,IBU,Lake water,0.6727437787241767,0.5236485892824845,LightGBM,LightGBM_1
723,SI_ref_18,NaOH-activated SCW biochars,IBU,Lake water,0.6293605973980515,0.5236485892824845,LightGBM,LightGBM_1
724,SI_ref_18,NaOH-activated SCW biochars,IBU,Lake water,0.6573710855713073,0.5236485892824845,LightGBM,LightGBM_1
726,SI_ref_18,NaOH-activated SCW biochars,IBU,Lake water,0.6298354173553987,0.5236485892824845,LightGBM,LightGBM_1
727,SI_ref_18,NaOH-activated SCW biochars,IBU,Lake water,0.6523803226831055,0.5236485892824845,LightGBM,LightGBM_1
728,SI_ref_18,NaOH-activated SCW biochars,IBU,Lake water,0.6378679449532959,0.5236485892824845,LightGBM,LightGBM_1
730,SI_ref_18,NaOH-activated SCW biochars,IBU,Lake water,0.627404015064595,0.5236485892824845,LightGBM,LightGBM_1
731,SI_ref_18,NaOH-activated SCW biochars,IBU,Lake water,0.6077370696640284,0.5236485892824845,LightGBM,LightGBM_1
732,SI_ref_18,NaOH-activated SCW biochars,IBU,Lake water,0.6159420233488258,0.5236485892824845,LightGBM,LightGBM_1
734,SI_ref_18,NaOH-activated SCW biochars,IBU,Lake water,0.6074163960354965,0.5236485892824845,LightGBM,LightGBM_1
735,SI_ref_18,NaOH-activated SCW biochars,IBU,Lake water,0.6146046840259546,0.5236485892824845,LightGBM,LightGBM_1
736,SI_ref_18,NaOH-activated SCW biochars,IBU,Lake water,0.6281995086504742,0.5236485892824845,LightGBM,LightGBM_1
738,SI_ref_18,NaOH-activated SCW biochars,IBU,Lake water,0.6298527247859258,0.5236485892824845,LightGBM,LightGBM_1
739,SI_ref_18,NaOH-activated SCW biochars,IBU,Lake water,0.576999656444263,0.5236485892824845,LightGBM,LightGBM_1
740,SI_ref_18,NaOH-activated SCW biochars,IBU,Lake water,0.5791171913994386,0.5236485892824845,LightGBM,LightGBM_1
742,SI_ref_18,NaOH-activated SCW biochars,IBU,Lake water,0.5786725135963804,0.5236485892824845,LightGBM,LightGBM_1
743,SI_ref_18,NaOH-activated SCW biochars,IBU,Lake water,0.6233870058145189,0.5236485892824845,LightGBM,LightGBM_1
744,SI_ref_18,NaOH-activated SCW biochars,IBU,Lake water,0.5944978576382812,0.5236485892824845,LightGBM,LightGBM_1
745,SI_ref_18,NaOH-activated SCW biochars,IBU,Lake water,0.5630080357470825,0.5147801071080579,LightGBM,LightGBM_1
747,SI_ref_18,NaOH-activated SCW biochars,IBU,Lake water,0.6846241766923425,0.6106435744911571,LightGBM,LightGBM_1
749,SI_ref_18,NaOH-activated SCW biochars,IBU,Lake water,0.744908980376152,0.6068582130728577,LightGBM,LightGBM_1
751,SI_ref_18,NaOH-activated SCW biochars,IBU,Lake water,0.6869669848084122,0.5236485892824845,LightGBM,LightGBM_1
753,SI_ref_18,NaOH-activated SCW biochars,IBU,Lake water,0.7932075459644551,0.5236485892824845,LightGBM,LightGBM_1
852,SI_ref_13,PB600,CBZ,Synthetic,0.5776772247360483,0.6204060765500397,LightGBM,LightGBM_1
853,SI_ref_13,PB600,CBZ,Synthetic,0.5656108597285068,0.6204060765500397,LightGBM,LightGBM_1
854,SI_ref_13,PB600,CBZ,Synthetic,0.5475113122171945,0.6132160165131199,LightGBM,LightGBM_1
855,SI_ref_13,PB600,CBZ,Synthetic,0.4479638009049774,0.5730550395491872,LightGBM,LightGBM_1
856,SI_ref_13,PB600,CBZ,Synthetic,0.45098039215686275,0.5574553321106857,LightGBM,LightGBM_1
857,SI_ref_13,PB600,CBZ,Synthetic,0.42684766214177977,0.5140392329163481,LightGBM,LightGBM_1
858,SI_ref_13,PB600,CBZ,Synthetic,0.32437120555073723,0.5136870564834345,LightGBM,LightGBM_1
859,SI_ref_13,PB600,CBZ,Synthetic,0.4773489932885906,0.5171319490079119,LightGBM,LightGBM_1
860,SI_ref_13,PB600,CBZ,Synthetic,0.4437372714068248,0.5136870564834345,LightGBM,LightGBM_1
861,SI_ref_13,PB600,CBZ,Synthetic,0.35791881074899945,0.5136870564834345,LightGBM,LightGBM_1
862,SI_ref_13,PB600,CBZ,Synthetic,0.32426715019643393,0.5136870564834345,LightGBM,LightGBM_1
863,SI_ref_13,PB600,CBZ,Synthetic,0.24055829228243014,0.5136870564834345,LightGBM,LightGBM_1
864,SI_ref_13,PB600,CBZ,Synthetic,0.44839549002601903,0.4663409994167539,LightGBM,LightGBM_1
865,SI_ref_13,PB600,CBZ,Synthetic,0.5528523489932886,0.4663409994167539,LightGBM,LightGBM_1
866,SI_ref_13,PB600,CBZ,Synthetic,0.5653368025440879,0.5136870564834345,LightGBM,LightGBM_1
867,SI_ref_13,PB600,CBZ,Synthetic,0.6235906331309627,0.5136870564834345,LightGBM,LightGBM_1
868,SI_ref_13,PB600,CBZ,Synthetic,0.6991037872217403,0.5136870564834345,LightGBM,LightGBM_1
869,SI_ref_13,PB600,CBZ,Synthetic,0.7401395944327428,0.5136870564834345,LightGBM,LightGBM_1
870,SI_ref_13,PB600,CBZ,Synthetic,0.8642533936651583,0.5437457273979653,LightGBM,LightGBM_1
871,SI_ref_13,PB600,CBZ,Synthetic,0.6953242835595775,0.5437457273979653,LightGBM,LightGBM_1
872,SI_ref_13,PB600,CBZ,Synthetic,0.4479638009049774,0.5437457273979653,LightGBM,LightGBM_1
873,SI_ref_13,PB600,CBZ,Synthetic,0.36651583710407243,0.5437457273979653,LightGBM,LightGBM_1
874,SI_ref_13,PB600,CBZ,Synthetic,0.248868778280543,0.5437457273979653,LightGBM,LightGBM_1
898,SI_ref_13,PB600,CBZ,Synthetic,0.244663382594417,0.5136870564834345,LightGBM,LightGBM_1
899,SI_ref_13,PB800,CBZ,Synthetic,0.27061079156395507,0.38830028700471875,LightGBM,LightGBM_1
900,SI_ref_13,PB800,CBZ,Synthetic,0.22678718159408381,0.38830028700471875,LightGBM,LightGBM_1
901,SI_ref_13,PB800,CBZ,Synthetic,0.18844152287044644,0.3457057162821086,LightGBM,LightGBM_1
902,SI_ref_13,PB800,CBZ,Synthetic,0.17748562037797863,0.2840524329275606,LightGBM,LightGBM_1
903,SI_ref_13,PB800,CBZ,Synthetic,0.16379074226239385,0.26117608296479305,LightGBM,LightGBM_1
904,SI_ref_13,PB800,CBZ,Synthetic,0.155573815393043,0.2487442582312597,LightGBM,LightGBM_1
905,SI_ref_13,PB800,CBZ,Synthetic,0.08520900321543408,0.24839208179834604,LightGBM,LightGBM_1
906,SI_ref_13,PB800,CBZ,Synthetic,0.16135346756152125,0.24839208179834604,LightGBM,LightGBM_1
907,SI_ref_13,PB800,CBZ,Synthetic,0.1561792870827899,0.24839208179834604,LightGBM,LightGBM_1
908,SI_ref_13,PB800,CBZ,Synthetic,0.13676633444075306,0.24839208179834604,LightGBM,LightGBM_1
909,SI_ref_13,PB800,CBZ,Synthetic,0.1002310803004044,0.24839208179834604,LightGBM,LightGBM_1
910,SI_ref_13,PB800,CBZ,Synthetic,0.04322336667164253,0.24839208179834604,LightGBM,LightGBM_1
911,SI_ref_13,PB800,CBZ,Synthetic,0.20609619686800895,0.22579907527464904,LightGBM,LightGBM_1
912,SI_ref_13,PB800,CBZ,Synthetic,0.1865212527964206,0.22579907527464904,LightGBM,LightGBM_1
913,SI_ref_13,PB800,CBZ,Synthetic,0.28121650589496244,0.24839208179834604,LightGBM,LightGBM_1
914,SI_ref_13,PB800,CBZ,Synthetic,0.36611289746337977,0.24839208179834604,LightGBM,LightGBM_1
915,SI_ref_13,PB800,CBZ,Synthetic,0.5117363344051448,0.24839208179834604,LightGBM,LightGBM_1
916,SI_ref_13,PB800,CBZ,Synthetic,0.5707012708620426,0.24839208179834604,LightGBM,LightGBM_1
917,SI_ref_13,PB800,CBZ,Synthetic,0.5791052918712493,0.3336777710115651,LightGBM,LightGBM_1
918,SI_ref_13,PB800,CBZ,Synthetic,0.30905619203491547,0.3336777710115651,LightGBM,LightGBM_1
919,SI_ref_13,PB800,CBZ,Synthetic,0.16448445171849424,0.3336777710115651,LightGBM,LightGBM_1
920,SI_ref_13,PB800,CBZ,Synthetic,0.12460736493062231,0.3336777710115651,LightGBM,LightGBM_1
921,SI_ref_13,PB800,CBZ,Synthetic,0.08265139116202945,0.3336777710115651,LightGBM,LightGBM_1
987,SI_ref_15,PSB,TEB,Synthetic,0.9529494921755761,0.9604043691949098,LightGBM,LightGBM_1
988,SI_ref_15,PSB,TEB,Synthetic,0.9422238246841239,0.9474203920377414,LightGBM,LightGBM_1
989,SI_ref_15,PSB,TEB,Synthetic,0.9297851778252496,0.9411039856634913,LightGBM,LightGBM_1
990,SI_ref_15,PSB,TEB,Synthetic,0.9225192311101157,0.9411039856634913,LightGBM,LightGBM_1
991,SI_ref_15,PSB,TEB,Synthetic,0.920805363267918,0.9256417651884582,LightGBM,LightGBM_1
992,SI_ref_15,PSB,TEB,Synthetic,0.9178876121047361,0.9243458173331024,LightGBM,LightGBM_1
993,SI_ref_15,PSB,TEB,Synthetic,0.9171857170319854,0.9243458173331024,LightGBM,LightGBM_1
994,SI_ref_15,PSB,TEB,Synthetic,0.9362126098667423,0.9218031570433894,LightGBM,LightGBM_1
995,SI_ref_15,PSB,TEB,Synthetic,0.9575716949823408,0.9218031570433894,LightGBM,LightGBM_1
996,SI_ref_15,PSB,TEB,Synthetic,0.9144403299752767,0.9218031570433894,LightGBM,LightGBM_1
997,SI_ref_15,PSB,TEB,Synthetic,0.9131362601666559,0.9218031570433894,LightGBM,LightGBM_1
998,SI_ref_15,PSB,TEB,Synthetic,0.9073783566890704,0.9218031570433894,LightGBM,LightGBM_1
999,SI_ref_15,PSB,TEB,Synthetic,0.8610942615965279,0.9218031570433894,LightGBM,LightGBM_1
1000,SI_ref_15,PSB,TEB,Synthetic,0.8714762044822667,0.9218031570433894,LightGBM,LightGBM_1
1001,SI_ref_15,PSB,TEB,Synthetic,0.8650362109004135,0.9218031570433894,LightGBM,LightGBM_1
1002,SI_ref_15,PSB,TEB,Synthetic,0.9441016733966956,0.9218031570433894,LightGBM,LightGBM_1
1003,SI_ref_15,PSB,TEB,Synthetic,0.952584477756588,0.9218031570433894,LightGBM,LightGBM_1
1004,SI_ref_15,PSB,TEB,Synthetic,0.9589909115585907,0.9218031570433894,LightGBM,LightGBM_1
1005,SI_ref_15,PSB,TEB,Synthetic,0.9629553594597028,0.9218031570433894,LightGBM,LightGBM_1
1052,SI_ref_15,PSBOX-A,TEB,Synthetic,0.5158767649493458,0.556420888682106,LightGBM,LightGBM_1
1053,SI_ref_15,PSBOX-A,TEB,Synthetic,0.41210379963008376,0.4575513386356496,LightGBM,LightGBM_1
1054,SI_ref_15,PSBOX-A,TEB,Synthetic,0.30623403384032577,0.39841257218344156,LightGBM,LightGBM_1
1055,SI_ref_15,PSBOX-A,TEB,Synthetic,0.21283845390046752,0.1986288983138189,LightGBM,LightGBM_1
1056,SI_ref_15,PSBOX-A,TEB,Synthetic,0.12421842587964138,0.16184603477459722,LightGBM,LightGBM_1
1057,SI_ref_15,PSBOX-A,TEB,Synthetic,0.09371708683213013,0.1614938583416835,LightGBM,LightGBM_1
1058,SI_ref_15,PSBOX-A,TEB,Synthetic,0.07890621232231329,0.15927685881667555,LightGBM,LightGBM_1
1059,SI_ref_15,PSBOX-A,TEB,Synthetic,0.07277962857952934,0.247357889296279,LightGBM,LightGBM_1
1060,SI_ref_15,PSBOX-A,TEB,Synthetic,0.5073983287736047,0.20985111904053305,LightGBM,LightGBM_1
1061,SI_ref_15,PSBOX-A,TEB,Synthetic,0.5163778457532948,0.298837442745722,LightGBM,LightGBM_1
1062,SI_ref_15,PSBOX-A,TEB,Synthetic,0.5077105405964751,0.247357889296279,LightGBM,LightGBM_1
1063,SI_ref_15,PSBOX-A,TEB,Synthetic,0.058828707349529885,0.247357889296279,LightGBM,LightGBM_1
1064,SI_ref_15,PSBOX-A,TEB,Synthetic,0.4930488637978448,0.2245174751150962,LightGBM,LightGBM_1
1065,SI_ref_15,PSBOX-A,TEB,Synthetic,0.5160089507499187,0.32394258503433626,LightGBM,LightGBM_1
1066,SI_ref_15,PSBOX-A,TEB,Synthetic,0.07083175356135256,0.247357889296279,LightGBM,LightGBM_1
1067,SI_ref_15,PSBOX-A,TEB,Synthetic,0.051172794584274484,0.247357889296279,LightGBM,LightGBM_1
1068,SI_ref_15,PSBOX-A,TEB,Synthetic,0.04750722464731311,0.247357889296279,LightGBM,LightGBM_1
1069,SI_ref_15,PSBOX-A,TEB,Synthetic,0.04108376658313895,0.247357889296279,LightGBM,LightGBM_1
1070,SI_ref_15,PSBOX-A,TEB,Synthetic,0.04527670142322688,0.247357889296279,LightGBM,LightGBM_1
1071,SI_ref_15,PSBOX-A,TEB,Synthetic,0.04243318293660387,0.247357889296279,LightGBM,LightGBM_1
1072,SI_ref_15,PSBOX-A,TEB,Synthetic,0.09409506092292502,0.247357889296279,LightGBM,LightGBM_1
1073,SI_ref_15,PSBOX-A,TEB,Synthetic,0.28314921751011557,0.247357889296279,LightGBM,LightGBM_1
1074,SI_ref_15,PSBOX-A,TEB,Synthetic,0.44223994246690523,0.247357889296279,LightGBM,LightGBM_1
1075,SI_ref_15,PSBOX-A,TEB,Synthetic,0.5102144207532882,0.247357889296279,LightGBM,LightGBM_1
1077,SI_ref_17,Pristine SCG biochar,CBZ,Synthetic,0.9431980957558961,0.8683673090724366,LightGBM,LightGBM_1
1079,SI_ref_17,Pristine SCG biochar,CBZ,Synthetic,0.9360319849357849,0.8683673090724366,LightGBM,LightGBM_1
1081,SI_ref_17,Pristine SCG biochar,CBZ,Synthetic,0.9307104448319532,0.8653177037811236,LightGBM,LightGBM_1
1083,SI_ref_17,Pristine SCG biochar,CBZ,Synthetic,0.9258716624342764,0.8683093605471939,LightGBM,LightGBM_1
1085,SI_ref_17,Pristine SCG biochar,CBZ,Synthetic,0.9157118703628806,0.8653000235702578,LightGBM,LightGBM_1
1087,SI_ref_17,Pristine SCG biochar,CBZ,Synthetic,0.9147137334986508,0.864004075714902,LightGBM,LightGBM_1
1089,SI_ref_17,Pristine SCG biochar,CBZ,Synthetic,0.9138427672538969,0.864004075714902,LightGBM,LightGBM_1
1091,SI_ref_17,Pristine SCG biochar,CBZ,Synthetic,0.8932130468798682,0.8864621108853439,LightGBM,LightGBM_1
1093,SI_ref_17,Pristine SCG biochar,CBZ,Synthetic,0.9247624360467385,0.907985451361421,LightGBM,LightGBM_1
1095,SI_ref_17,Pristine SCG biochar,CBZ,Synthetic,0.9071706166070994,0.907985451361421,LightGBM,LightGBM_1
1097,SI_ref_17,Pristine SCG biochar,CBZ,Synthetic,0.908534541255576,0.907985451361421,LightGBM,LightGBM_1
1099,SI_ref_17,Pristine SCG biochar,CBZ,Synthetic,0.903895578148675,0.907985451361421,LightGBM,LightGBM_1
1101,SI_ref_17,Pristine SCG biochar,CBZ,Synthetic,0.9071468090110305,0.907985451361421,LightGBM,LightGBM_1
1103,SI_ref_17,Pristine SCG biochar,CBZ,Synthetic,0.890879570190962,0.907985451361421,LightGBM,LightGBM_1
1105,SI_ref_17,Pristine SCG biochar,CBZ,Synthetic,0.8806314346444372,0.8907172442766598,LightGBM,LightGBM_1
1107,SI_ref_17,Pristine SCG biochar,CBZ,Synthetic,0.9289062306369882,0.907985451361421,LightGBM,LightGBM_1
1109,SI_ref_17,Pristine SCG biochar,CBZ,Synthetic,0.9261272699552149,0.907985451361421,LightGBM,LightGBM_1
1111,SI_ref_17,Pristine SCG biochar,CBZ,Synthetic,0.9403460613803251,0.907985451361421,LightGBM,LightGBM_1
1113,SI_ref_17,Pristine SCG biochar,CBZ,Synthetic,0.9373850128799738,0.907985451361421,LightGBM,LightGBM_1
1115,SI_ref_17,Pristine SCG biochar,CBZ,Synthetic,0.925161257978969,0.907985451361421,LightGBM,LightGBM_1
1253,SI_ref_18,Pristine SCW Biochar,IBU,Lake water,0.9264336848996528,0.8961057552690251,LightGBM,LightGBM_1
1255,SI_ref_18,Pristine SCW Biochar,IBU,Lake water,0.9179334532144726,0.9006673191793889,LightGBM,LightGBM_1
1257,SI_ref_18,Pristine SCW Biochar,IBU,Lake water,0.916180999264559,0.8995878618636909,LightGBM,LightGBM_1
1259,SI_ref_18,Pristine SCW Biochar,IBU,Lake water,0.9235678454978681,0.9014633270718446,LightGBM,LightGBM_1
1261,SI_ref_18,Pristine SCW Biochar,IBU,Lake water,0.9285970293283682,0.9037270721615938,LightGBM,LightGBM_1
1263,SI_ref_18,Pristine SCW Biochar,IBU,Lake water,0.9209592404126973,0.9072220905768725,LightGBM,LightGBM_1
1265,SI_ref_18,Pristine SCW Biochar,IBU,Lake water,0.9279432945207517,0.9072220905768725,LightGBM,LightGBM_1
1269,SI_ref_18,Pristine SCW Biochar,IBU,Lake water,0.8974085452250303,0.8910275989674079,LightGBM,LightGBM_1
1271,SI_ref_18,Pristine SCW Biochar,IBU,Lake water,0.9239929387412031,0.9295501269162285,LightGBM,LightGBM_1
1273,SI_ref_18,Pristine SCW Biochar,IBU,Lake water,0.9256303580479686,0.9110823330366751,LightGBM,LightGBM_1
1275,SI_ref_18,Pristine SCW Biochar,IBU,Lake water,0.9240446881745522,0.9110823330366751,LightGBM,LightGBM_1
1276,SI_ref_18,Pristine SCW Biochar,IBU,Lake water,0.9283922239724117,0.9110823330366751,LightGBM,LightGBM_1
1277,SI_ref_18,Pristine SCW Biochar,IBU,Lake water,0.9240711354841218,0.9110823330366751,LightGBM,LightGBM_1
1279,SI_ref_18,Pristine SCW Biochar,IBU,Lake water,0.9204127206373283,0.9110823330366751,LightGBM,LightGBM_1
1280,SI_ref_18,Pristine SCW Biochar,IBU,Lake water,0.9185968665123906,0.9110823330366751,LightGBM,LightGBM_1
1281,SI_ref_18,Pristine SCW Biochar,IBU,Lake water,0.9182954449695013,0.9110823330366751,LightGBM,LightGBM_1
1283,SI_ref_18,Pristine SCW Biochar,IBU,Lake water,0.9158900362354069,0.9110823330366751,LightGBM,LightGBM_1
1284,SI_ref_18,Pristine SCW Biochar,IBU,Lake water,0.9125854189759445,0.9110823330366751,LightGBM,LightGBM_1
1285,SI_ref_18,Pristine SCW Biochar,IBU,Lake water,0.9175495400890653,0.9110823330366751,LightGBM,LightGBM_1
1287,SI_ref_18,Pristine SCW Biochar,IBU,Lake water,0.9120226357855434,0.9110823330366751,LightGBM,LightGBM_1
1288,SI_ref_18,Pristine SCW Biochar,IBU,Lake water,0.9131050308227836,0.9110823330366751,LightGBM,LightGBM_1
1289,SI_ref_18,Pristine SCW Biochar,IBU,Lake water,0.91141920930323,0.9110823330366751,LightGBM,LightGBM_1
1291,SI_ref_18,Pristine SCW Biochar,IBU,Lake water,0.9068652159539504,0.9110823330366751,LightGBM,LightGBM_1
1292,SI_ref_18,Pristine SCW Biochar,IBU,Lake water,0.9091226364337618,0.9110823330366751,LightGBM,LightGBM_1
1293,SI_ref_18,Pristine SCW Biochar,IBU,Lake water,0.9067682424855283,0.9110823330366751,LightGBM,LightGBM_1
1295,SI_ref_18,Pristine SCW Biochar,IBU,Lake water,0.9027540853962883,0.9110823330366751,LightGBM,LightGBM_1
1296,SI_ref_18,Pristine SCW Biochar,IBU,Lake water,0.9025373859945938,0.9110823330366751,LightGBM,LightGBM_1
1297,SI_ref_18,Pristine SCW Biochar,IBU,Lake water,0.9026152370210476,0.9110823330366751,LightGBM,LightGBM_1
1298,SI_ref_18,Pristine SCW Biochar,IBU,Lake water,0.9219347373743266,0.9163583068365098,LightGBM,LightGBM_1
1300,SI_ref_18,Pristine SCW Biochar,IBU,Lake water,0.9277221749920567,0.9272016854637609,LightGBM,LightGBM_1
1302,SI_ref_18,Pristine SCW Biochar,IBU,Lake water,0.9340257796823453,0.9282458651951551,LightGBM,LightGBM_1
2,SI_ref_19,AMCB,IBU,Ground water,0.6563767477253929,0.6773185099729856,MLP,MLP_1
4,SI_ref_19,AMCB,IBU,Ground water,0.5414154110835401,0.645493500209341,MLP,MLP_1
6,SI_ref_19,AMCB,IBU,Ground water,0.39819987427626136,0.6548686058106777,MLP,MLP_1
8,SI_ref_19,AMCB,IBU,Ground water,0.3426557088502895,0.6662871035442439,MLP,MLP_1
10,SI_ref_19,AMCB,IBU,Ground water,0.3352626765922249,0.7013590073545852,MLP,MLP_1
12,SI_ref_19,AMCB,IBU,Ground water,0.33078034739454093,0.7196488757486793,MLP,MLP_1
14,SI_ref_19,AMCB,IBU,Ground water,0.3305497038875103,0.7261228499158536,MLP,MLP_1
16,SI_ref_19,AMCB,IBU,Ground water,0.029204625724030753,0.6885365971094504,MLP,MLP_1
18,SI_ref_19,AMCB,IBU,Ground water,0.005264283840238958,0.7337710585848336,MLP,MLP_1
20,SI_ref_19,AMCB,IBU,Ground water,0.0023766372681587895,0.6574474523767544,MLP,MLP_1
22,SI_ref_19,AMCB,IBU,Ground water,0.32926049296939613,0.7337710585848336,MLP,MLP_1
24,SI_ref_19,AMCB,IBU,Ground water,0.19832193047959257,0.6884400574534939,MLP,MLP_1
26,SI_ref_19,AMCB,IBU,Ground water,0.1894672613641715,0.7337611701773475,MLP,MLP_1
28,SI_ref_19,AMCB,IBU,Ground water,0.1528746627917146,0.6573930108726168,MLP,MLP_1
30,SI_ref_19,AMCB,IBU,Ground water,0.3449761650083755,0.6883435847227808,MLP,MLP_1
32,SI_ref_19,AMCB,IBU,Ground water,0.30765270742093687,0.7337512886249108,MLP,MLP_1
34,SI_ref_19,AMCB,IBU,Ground water,0.303030777614079,0.6573386071095599,MLP,MLP_1
36,SI_ref_19,AMCB,IBU,Ground water,0.41496556078686897,0.6882471788245852,MLP,MLP_1
38,SI_ref_19,AMCB,IBU,Ground water,0.3766264851820565,0.7337414139180252,MLP,MLP_1
40,SI_ref_19,AMCB,IBU,Ground water,0.38956403906090076,0.6572842410352921,MLP,MLP_1
42,SI_ref_19,AMCB,IBU,Ground water,0.5182383095521604,0.6881508396663725,MLP,MLP_1
44,SI_ref_19,AMCB,IBU,Ground water,0.5024496962602676,0.7337315460472128,MLP,MLP_1
46,SI_ref_19,AMCB,IBU,Ground water,0.48210720700720494,0.6572299125976315,MLP,MLP_1
48,SI_ref_19,AMCB,IBU,Ground water,0.03338351934448727,0.6880545671558014,MLP,MLP_1
50,SI_ref_19,AMCB,IBU,Ground water,0.0,0.733721685003015,MLP,MLP_1
52,SI_ref_19,AMCB,IBU,Ground water,0.003531050071646246,0.6571756217445035,MLP,MLP_1
54,SI_ref_19,AMCB,IBU,Ground water,0.19999798179579809,0.6879583612007218,MLP,MLP_1
56,SI_ref_19,AMCB,IBU,Ground water,0.17260220522445793,0.7337118307759933,MLP,MLP_1
58,SI_ref_19,AMCB,IBU,Ground water,0.15656878376287445,0.6571213684239416,MLP,MLP_1
60,SI_ref_19,AMCB,IBU,Ground water,0.3457359785263073,0.6878622217091744,MLP,MLP_1
62,SI_ref_19,AMCB,IBU,Ground water,0.32626934953278575,0.7337019833567282,MLP,MLP_1
64,SI_ref_19,AMCB,IBU,Ground water,0.3258728934993643,0.6570671525840883,MLP,MLP_1
66,SI_ref_19,AMCB,IBU,Ground water,0.4885549946229274,0.6877661485893901,MLP,MLP_1
68,SI_ref_19,AMCB,IBU,Ground water,0.39885279506866217,0.7336921427358201,MLP,MLP_1
70,SI_ref_19,AMCB,IBU,Ground water,0.42188356115014575,0.6570129741731918,MLP,MLP_1
72,SI_ref_19,AMCB,IBU,Ground water,0.5107350299703324,0.6876701417497905,MLP,MLP_1
74,SI_ref_19,AMCB,IBU,Ground water,0.5226317382792791,0.7336823089038886,MLP,MLP_1
76,SI_ref_19,AMCB,IBU,Ground water,0.4945842701164504,0.6569588331396081,MLP,MLP_1
78,SI_ref_19,AMCB,IBU,Ground water,0.025848755777109534,0.6875742010989857,MLP,MLP_1
80,SI_ref_19,AMCB,IBU,Ground water,0.008169690609295848,0.7336724818515729,MLP,MLP_1
82,SI_ref_19,AMCB,IBU,Ground water,0.0,0.6569047294318004,MLP,MLP_1
84,SI_ref_19,AMCB,IBU,Ground water,0.2007202298061851,0.6874783265457756,MLP,MLP_1
86,SI_ref_19,AMCB,IBU,Ground water,0.16952726930244136,0.7336626615695314,MLP,MLP_1
88,SI_ref_19,AMCB,IBU,Ground water,0.14747637019246942,0.6568506629983379,MLP,MLP_1
90,SI_ref_19,AMCB,IBU,Ground water,0.34008395729479907,0.6873825179991477,MLP,MLP_1
92,SI_ref_19,AMCB,IBU,Ground water,0.32813530040969546,0.7336528480484421,MLP,MLP_1
94,SI_ref_19,AMCB,IBU,Ground water,0.3191737471997417,0.6567966337878963,MLP,MLP_1
96,SI_ref_19,AMCB,IBU,Ground water,0.45590621693388655,0.6872867753682779,MLP,MLP_1
98,SI_ref_19,AMCB,IBU,Ground water,0.4386715603313315,0.7336430412790018,MLP,MLP_1
100,SI_ref_19,AMCB,IBU,Ground water,0.4136227630368784,0.6567426417492568,MLP,MLP_1
102,SI_ref_19,AMCB,IBU,Ground water,0.15909620069601668,0.726260372820893,MLP,MLP_1
104,SI_ref_19,AMCB,IBU,Ground water,0.32070040208616674,0.7336332412519265,MLP,MLP_1
106,SI_ref_19,AMCB,IBU,Ground water,0.3644459510905023,0.3725585173015382,MLP,MLP_1
108,SI_ref_19,AMCB,IBU,Ground water,0.46356787238707886,0.3413479396181521,MLP,MLP_1
110,SI_ref_19,AMCB,IBU,Ground water,0.5205305455205957,0.6871910985625287,MLP,MLP_1
112,SI_ref_19,AMCB,IBU,Ground water,0.5464029950150356,0.7336332412519265,MLP,MLP_1
114,SI_ref_19,AMCB,IBU,Ground water,0.48301499525722014,0.6566886868313069,MLP,MLP_1
117,SI_ref_17,Alkali-modified SCG biochars,CBZ,Synthetic,0.12103690777624292,0.5458340498479991,MLP,MLP_1
119,SI_ref_17,Alkali-modified SCG biochars,CBZ,Synthetic,0.0701486117179634,0.5023619328381757,MLP,MLP_1
121,SI_ref_17,Alkali-modified SCG biochars,CBZ,Synthetic,0.050188840370859876,0.4154310985577609,MLP,MLP_1
123,SI_ref_17,Alkali-modified SCG biochars,CBZ,Synthetic,0.033003190610721066,0.3569334633029009,MLP,MLP_1
125,SI_ref_17,Alkali-modified SCG biochars,CBZ,Synthetic,0.03511734337104713,0.32265570491600715,MLP,MLP_1
127,SI_ref_17,Alkali-modified SCG biochars,CBZ,Synthetic,0.03195287629892775,0.29831887598844004,MLP,MLP_1
129,SI_ref_17,Alkali-modified SCG biochars,CBZ,Synthetic,0.03449328813829176,0.2739722678190738,MLP,MLP_1
132,SI_ref_17,Alkali-modified SCG biochars,CBZ,Synthetic,0.041716779164719504,0.26379718940164776,MLP,MLP_1
134,SI_ref_17,Alkali-modified SCG biochars,CBZ,Synthetic,0.00635796336582959,0.26379718940164776,MLP,MLP_1
136,SI_ref_17,Alkali-modified SCG biochars,CBZ,Synthetic,0.011730609548845337,0.26379718940164776,MLP,MLP_1
138,SI_ref_17,Alkali-modified SCG biochars,CBZ,Synthetic,0.01988738850164665,0.26379718940164776,MLP,MLP_1
140,SI_ref_17,Alkali-modified SCG biochars,CBZ,Synthetic,0.006132526431344026,0.26379718940164776,MLP,MLP_1
142,SI_ref_17,Alkali-modified SCG biochars,CBZ,Synthetic,0.007712590639419909,0.26379718940164776,MLP,MLP_1
145,SI_ref_17,Alkali-modified SCG biochars,CBZ,Synthetic,0.10268999927349255,0.26379718940164776,MLP,MLP_1
147,SI_ref_17,Alkali-modified SCG biochars,CBZ,Synthetic,0.14439822919669368,0.26379718940164776,MLP,MLP_1
149,SI_ref_17,Alkali-modified SCG biochars,CBZ,Synthetic,0.34003506921741083,0.26379718940164776,MLP,MLP_1
151,SI_ref_17,Alkali-modified SCG biochars,CBZ,Synthetic,0.4516798693491866,0.26379718940164776,MLP,MLP_1
153,SI_ref_17,Alkali-modified SCG biochars,CBZ,Synthetic,0.5612135486607656,0.26379718940164776,MLP,MLP_1
282,SI_ref_19,CB,IBU,Ground water,0.9280102961124896,1.0617974024247343,MLP,MLP_1
284,SI_ref_19,CB,IBU,Ground water,0.9242732043010754,0.9982498544001799,MLP,MLP_1
286,SI_ref_19,CB,IBU,Ground water,0.9218881323407775,0.9281663899151731,MLP,MLP_1
288,SI_ref_19,CB,IBU,Ground water,0.9215853366418528,0.8876360016866791,MLP,MLP_1
290,SI_ref_19,CB,IBU,Ground water,0.9207959503722085,0.8818340978446251,MLP,MLP_1
292,SI_ref_19,CB,IBU,Ground water,0.9207361323407776,0.9015836473271934,MLP,MLP_1
294,SI_ref_19,CB,IBU,Ground water,0.9206762613730356,0.9156032534964256,MLP,MLP_1
296,SI_ref_19,CB,IBU,Ground water,0.9945207101387852,1.0228195962554438,MLP,MLP_1
298,SI_ref_19,CB,IBU,Ground water,0.9765877548823724,0.9353697005491309,MLP,MLP_1
300,SI_ref_19,CB,IBU,Ground water,0.9595058090644278,1.0471728480087175,MLP,MLP_1
302,SI_ref_19,CB,IBU,Ground water,0.9409019130333385,1.0228195962554438,MLP,MLP_1
304,SI_ref_19,CB,IBU,Ground water,0.9323428884090048,0.9353697005491309,MLP,MLP_1
306,SI_ref_19,CB,IBU,Ground water,0.9259231602386863,1.0471728480087175,MLP,MLP_1
308,SI_ref_19,CB,IBU,Ground water,0.8753590996713628,1.0889174605663727,MLP,MLP_1
310,SI_ref_19,CB,IBU,Ground water,0.9341230700922319,1.0228195962554438,MLP,MLP_1
312,SI_ref_19,CB,IBU,Ground water,0.9234390298948024,0.9353697005491309,MLP,MLP_1
314,SI_ref_19,CB,IBU,Ground water,0.917590560186213,1.0471728480087175,MLP,MLP_1
316,SI_ref_19,CB,IBU,Ground water,0.9236132062907854,0.873200859837255,MLP,MLP_1
318,SI_ref_19,CB,IBU,Ground water,0.9231865295080666,0.8550541080582914,MLP,MLP_1
320,SI_ref_19,CB,IBU,Ground water,0.9303445651202417,1.0228195962554438,MLP,MLP_1
322,SI_ref_19,CB,IBU,Ground water,0.923151204819856,0.9353697005491309,MLP,MLP_1
324,SI_ref_19,CB,IBU,Ground water,0.9175260660683171,1.0471728480087175,MLP,MLP_1
326,SI_ref_19,CB,IBU,Ground water,0.9318432124429017,1.0228195962554438,MLP,MLP_1
328,SI_ref_19,CB,IBU,Ground water,0.9241489703794897,0.9353697005491309,MLP,MLP_1
330,SI_ref_19,CB,IBU,Ground water,0.9174641264203113,1.0471728480087175,MLP,MLP_1
523,SI_ref_19,MCB,IBU,Ground water,0.9264289561621175,1.2031669106208764,MLP,MLP_1
525,SI_ref_19,MCB,IBU,Ground water,0.9196854524400332,1.1713419008572323,MLP,MLP_1
527,SI_ref_19,MCB,IBU,Ground water,0.9178832092638545,1.139139345582136,MLP,MLP_1
529,SI_ref_19,MCB,IBU,Ground water,0.9177463688999173,1.1372233684247297,MLP,MLP_1
531,SI_ref_19,MCB,IBU,Ground water,0.9177232092638544,1.1358434619608757,MLP,MLP_1
533,SI_ref_19,MCB,IBU,Ground water,0.9175379321753515,1.0861397123022545,MLP,MLP_1
535,SI_ref_19,MCB,IBU,Ground water,0.9173856344086023,1.0449798343942285,MLP,MLP_1
537,SI_ref_19,MCB,IBU,Ground water,0.9902068659306948,1.0363200916708413,MLP,MLP_1
539,SI_ref_19,MCB,IBU,Ground water,0.9708228218531151,0.9952936422726226,MLP,MLP_1
541,SI_ref_19,MCB,IBU,Ground water,0.9483485035015843,0.8558250874141426,MLP,MLP_1
543,SI_ref_19,MCB,IBU,Ground water,0.9173115500413566,0.9952936422726226,MLP,MLP_1
545,SI_ref_19,MCB,IBU,Ground water,0.9358359065436908,1.0362184814483295,MLP,MLP_1
547,SI_ref_19,MCB,IBU,Ground water,0.9263512886233829,0.9952146836260412,MLP,MLP_1
549,SI_ref_19,MCB,IBU,Ground water,0.9153544975680639,0.8557716474778632,MLP,MLP_1
551,SI_ref_19,MCB,IBU,Ground water,0.9271238571918706,1.0361169416661862,MLP,MLP_1
553,SI_ref_19,MCB,IBU,Ground water,0.9199191103755877,0.9951357797168277,MLP,MLP_1
555,SI_ref_19,MCB,IBU,Ground water,0.910886274193223,0.8557182445883365,MLP,MLP_1
557,SI_ref_19,MCB,IBU,Ground water,0.8716126359176348,0.9060076400967452,MLP,MLP_1
559,SI_ref_19,MCB,IBU,Ground water,0.9228881866842084,0.9950569304691421,MLP,MLP_1
561,SI_ref_19,MCB,IBU,Ground water,0.9227697266379059,0.7898290228414524,MLP,MLP_1
563,SI_ref_19,MCB,IBU,Ground water,0.9221446299502403,0.6819112108890799,MLP,MLP_1
565,SI_ref_19,MCB,IBU,Ground water,0.9254612605703445,1.0360154722268136,MLP,MLP_1
567,SI_ref_19,MCB,IBU,Ground water,0.9188111047361486,0.9950569304691421,MLP,MLP_1
569,SI_ref_19,MCB,IBU,Ground water,0.9124876096677748,0.8556648786942331,MLP,MLP_1
571,SI_ref_19,MCB,IBU,Ground water,0.927696260267614,1.0359140730328185,MLP,MLP_1
573,SI_ref_19,MCB,IBU,Ground water,0.9222883610163676,0.994978135807302,MLP,MLP_1
575,SI_ref_19,MCB,IBU,Ground water,0.9173366162788351,0.8556115497443307,MLP,MLP_1
577,SI_ref_19,MCB,IBU,Ground water,0.9896236049163454,1.0358127439870088,MLP,MLP_1
579,SI_ref_19,MCB,IBU,Ground water,0.9728688772730024,0.9948993956557823,MLP,MLP_1
581,SI_ref_19,MCB,IBU,Ground water,0.95367292982704,0.8555582576875134,MLP,MLP_1
583,SI_ref_19,MCB,IBU,Ground water,0.9381494412938034,1.0357114849923943,MLP,MLP_1
585,SI_ref_19,MCB,IBU,Ground water,0.925414707326754,0.9948207099392143,MLP,MLP_1
587,SI_ref_19,MCB,IBU,Ground water,0.9200694262245456,0.8555050024727704,MLP,MLP_1
589,SI_ref_19,MCB,IBU,Ground water,0.9296751902157461,1.0356102959521858,MLP,MLP_1
591,SI_ref_19,MCB,IBU,Ground water,0.9221403459202003,0.9947420785823862,MLP,MLP_1
593,SI_ref_19,MCB,IBU,Ground water,0.911624129649438,0.855451784049198,MLP,MLP_1
595,SI_ref_19,MCB,IBU,Ground water,0.9248851497651674,1.0355091767697946,MLP,MLP_1
597,SI_ref_19,MCB,IBU,Ground water,0.9206218375460943,0.9946635015102405,MLP,MLP_1
599,SI_ref_19,MCB,IBU,Ground water,0.9170274735254856,0.855398602365997,MLP,MLP_1
601,SI_ref_19,MCB,IBU,Ground water,0.9300914246503462,1.0354081273488316,MLP,MLP_1
603,SI_ref_19,MCB,IBU,Ground water,0.920786534541565,0.9945849786478765,MLP,MLP_1
605,SI_ref_19,MCB,IBU,Ground water,0.9160948152334054,0.855345457372473,MLP,MLP_1
607,SI_ref_19,MCB,IBU,Ground water,0.9861765121394982,1.0353071475931075,MLP,MLP_1
609,SI_ref_19,MCB,IBU,Ground water,0.9661781267028597,0.9945065099205478,MLP,MLP_1
611,SI_ref_19,MCB,IBU,Ground water,0.9529992532644452,0.8552923490180377,MLP,MLP_1
613,SI_ref_19,MCB,IBU,Ground water,0.9352947587236877,1.0352062374066318,MLP,MLP_1
615,SI_ref_19,MCB,IBU,Ground water,0.9284499518994666,0.9944280952536624,MLP,MLP_1
617,SI_ref_19,MCB,IBU,Ground water,0.917077774862594,0.8552392772522062,MLP,MLP_1
619,SI_ref_19,MCB,IBU,Ground water,0.9255842902984923,1.0351053966936117,MLP,MLP_1
621,SI_ref_19,MCB,IBU,Ground water,0.9186162384710084,0.9943497345727824,MLP,MLP_1
623,SI_ref_19,MCB,IBU,Ground water,0.9103224686673798,0.8551862420245984,MLP,MLP_1
625,SI_ref_19,MCB,IBU,Ground water,0.9258221154816445,1.0350046253584524,MLP,MLP_1
627,SI_ref_19,MCB,IBU,Ground water,0.921668420582223,0.9942714278036239,MLP,MLP_1
629,SI_ref_19,MCB,IBU,Ground water,0.9150562646500002,0.8551332432849383,MLP,MLP_1
631,SI_ref_19,MCB,IBU,Ground water,0.9296259863973036,1.0349039233057566,MLP,MLP_1
633,SI_ref_19,MCB,IBU,Ground water,0.9216175906678238,0.9941931748720558,MLP,MLP_1
635,SI_ref_19,MCB,IBU,Ground water,0.9188076045934327,0.8550802809830534,MLP,MLP_1
698,SI_ref_18,NaOH-activated SCW biochars,IBU,Lake water,0.585296751211726,0.5118198942405827,MLP,MLP_1
700,SI_ref_18,NaOH-activated SCW biochars,IBU,Lake water,0.6304734220526563,0.4657131713965527,MLP,MLP_1
702,SI_ref_18,NaOH-activated SCW biochars,IBU,Lake water,0.6077686506314385,0.47592305177495275,MLP,MLP_1
704,SI_ref_18,NaOH-activated SCW biochars,IBU,Lake water,0.6040537723014899,0.4847447730524206,MLP,MLP_1
706,SI_ref_18,NaOH-activated SCW biochars,IBU,Lake water,0.6292724453182281,0.4549196695041547,MLP,MLP_1
708,SI_ref_18,NaOH-activated SCW biochars,IBU,Lake water,0.6376478565264503,0.4230286628046902,MLP,MLP_1
710,SI_ref_18,NaOH-activated SCW biochars,IBU,Lake water,0.6108673600702487,0.4003902044104138,MLP,MLP_1
712,SI_ref_18,NaOH-activated SCW biochars,IBU,Lake water,0.10371139816269948,0.36847191199879065,MLP,MLP_1
714,SI_ref_18,NaOH-activated SCW biochars,IBU,Lake water,0.46656560236114836,0.36847191199879065,MLP,MLP_1
716,SI_ref_18,NaOH-activated SCW biochars,IBU,Lake water,0.44106817459704084,0.18180426693233143,MLP,MLP_1
718,SI_ref_18,NaOH-activated SCW biochars,IBU,Lake water,0.6893393142281772,0.3198759933296726,MLP,MLP_1
720,SI_ref_18,NaOH-activated SCW biochars,IBU,Lake water,0.621379975330744,0.36847191199879065,MLP,MLP_1
722,SI_ref_18,NaOH-activated SCW biochars,IBU,Lake water,0.6727437787241767,0.36847191199879065,MLP,MLP_1
723,SI_ref_18,NaOH-activated SCW biochars,IBU,Lake water,0.6293605973980515,0.36847191199879065,MLP,MLP_1
724,SI_ref_18,NaOH-activated SCW biochars,IBU,Lake water,0.6573710855713073,0.36847191199879065,MLP,MLP_1
726,SI_ref_18,NaOH-activated SCW biochars,IBU,Lake water,0.6298354173553987,0.36847191199879065,MLP,MLP_1
727,SI_ref_18,NaOH-activated SCW biochars,IBU,Lake water,0.6523803226831055,0.36847191199879065,MLP,MLP_1
728,SI_ref_18,NaOH-activated SCW biochars,IBU,Lake water,0.6378679449532959,0.36847191199879065,MLP,MLP_1
730,SI_ref_18,NaOH-activated SCW biochars,IBU,Lake water,0.627404015064595,0.36847191199879065,MLP,MLP_1
731,SI_ref_18,NaOH-activated SCW biochars,IBU,Lake water,0.6077370696640284,0.36847191199879065,MLP,MLP_1
732,SI_ref_18,NaOH-activated SCW biochars,IBU,Lake water,0.6159420233488258,0.36847191199879065,MLP,MLP_1
734,SI_ref_18,NaOH-activated SCW biochars,IBU,Lake water,0.6074163960354965,0.36847191199879065,MLP,MLP_1
735,SI_ref_18,NaOH-activated SCW biochars,IBU,Lake water,0.6146046840259546,0.36847191199879065,MLP,MLP_1
736,SI_ref_18,NaOH-activated SCW biochars,IBU,Lake water,0.6281995086504742,0.36847191199879065,MLP,MLP_1
738,SI_ref_18,NaOH-activated SCW biochars,IBU,Lake water,0.6298527247859258,0.36847191199879065,MLP,MLP_1
739,SI_ref_18,NaOH-activated SCW biochars,IBU,Lake water,0.576999656444263,0.36847191199879065,MLP,MLP_1
740,SI_ref_18,NaOH-activated SCW biochars,IBU,Lake water,0.5791171913994386,0.36847191199879065,MLP,MLP_1
742,SI_ref_18,NaOH-activated SCW biochars,IBU,Lake water,0.5786725135963804,0.36847191199879065,MLP,MLP_1
743,SI_ref_18,NaOH-activated SCW biochars,IBU,Lake water,0.6233870058145189,0.36847191199879065,MLP,MLP_1
744,SI_ref_18,NaOH-activated SCW biochars,IBU,Lake water,0.5944978576382812,0.36847191199879065,MLP,MLP_1
745,SI_ref_18,NaOH-activated SCW biochars,IBU,Lake water,0.5630080357470825,0.6728634281145092,MLP,MLP_1
747,SI_ref_18,NaOH-activated SCW biochars,IBU,Lake water,0.6846241766923425,0.6727995347600746,MLP,MLP_1
749,SI_ref_18,NaOH-activated SCW biochars,IBU,Lake water,0.744908980376152,0.7624947987611654,MLP,MLP_1
751,SI_ref_18,NaOH-activated SCW biochars,IBU,Lake water,0.6869669848084122,0.36847191199879065,MLP,MLP_1
753,SI_ref_18,NaOH-activated SCW biochars,IBU,Lake water,0.7932075459644551,0.36847191199879065,MLP,MLP_1
852,SI_ref_13,PB600,CBZ,Synthetic,0.5776772247360483,1.0118685785211103,MLP,MLP_1
853,SI_ref_13,PB600,CBZ,Synthetic,0.5656108597285068,0.9736015013065895,MLP,MLP_1
854,SI_ref_13,PB600,CBZ,Synthetic,0.5475113122171945,0.9587207004575999,MLP,MLP_1
855,SI_ref_13,PB600,CBZ,Synthetic,0.4479638009049774,0.9499713223560421,MLP,MLP_1
856,SI_ref_13,PB600,CBZ,Synthetic,0.45098039215686275,0.9349718029046037,MLP,MLP_1
857,SI_ref_13,PB600,CBZ,Synthetic,0.42684766214177977,0.9261825603747835,MLP,MLP_1
858,SI_ref_13,PB600,CBZ,Synthetic,0.32437120555073723,0.9199422954940752,MLP,MLP_1
859,SI_ref_13,PB600,CBZ,Synthetic,0.4773489932885906,1.0071846760084777,MLP,MLP_1
860,SI_ref_13,PB600,CBZ,Synthetic,0.4437372714068248,0.9199422954940752,MLP,MLP_1
861,SI_ref_13,PB600,CBZ,Synthetic,0.35791881074899945,0.9199422954940752,MLP,MLP_1
862,SI_ref_13,PB600,CBZ,Synthetic,0.32426715019643393,0.9199422954940752,MLP,MLP_1
863,SI_ref_13,PB600,CBZ,Synthetic,0.24055829228243014,0.9199422954940752,MLP,MLP_1
864,SI_ref_13,PB600,CBZ,Synthetic,0.44839549002601903,0.915573714291379,MLP,MLP_1
865,SI_ref_13,PB600,CBZ,Synthetic,0.5528523489932886,0.9201634721301944,MLP,MLP_1
866,SI_ref_13,PB600,CBZ,Synthetic,0.5653368025440879,0.9199422954940752,MLP,MLP_1
867,SI_ref_13,PB600,CBZ,Synthetic,0.6235906331309627,0.9199422954940752,MLP,MLP_1
868,SI_ref_13,PB600,CBZ,Synthetic,0.6991037872217403,0.9199422954940752,MLP,MLP_1
869,SI_ref_13,PB600,CBZ,Synthetic,0.7401395944327428,0.9199422954940752,MLP,MLP_1
870,SI_ref_13,PB600,CBZ,Synthetic,0.8642533936651583,0.8615885020689251,MLP,MLP_1
871,SI_ref_13,PB600,CBZ,Synthetic,0.6953242835595775,0.8615885020689251,MLP,MLP_1
872,SI_ref_13,PB600,CBZ,Synthetic,0.4479638009049774,0.8615885020689251,MLP,MLP_1
873,SI_ref_13,PB600,CBZ,Synthetic,0.36651583710407243,0.8615885020689251,MLP,MLP_1
874,SI_ref_13,PB600,CBZ,Synthetic,0.248868778280543,0.8615885020689251,MLP,MLP_1
898,SI_ref_13,PB600,CBZ,Synthetic,0.244663382594417,0.9199422954940752,MLP,MLP_1
899,SI_ref_13,PB800,CBZ,Synthetic,0.27061079156395507,0.5892539439775097,MLP,MLP_1
900,SI_ref_13,PB800,CBZ,Synthetic,0.22678718159408381,0.5871464713796477,MLP,MLP_1
901,SI_ref_13,PB800,CBZ,Synthetic,0.18844152287044644,0.5840607551710235,MLP,MLP_1
902,SI_ref_13,PB800,CBZ,Synthetic,0.17748562037797863,0.5805852575373052,MLP,MLP_1
903,SI_ref_13,PB800,CBZ,Synthetic,0.16379074226239385,0.524187724001447,MLP,MLP_1
904,SI_ref_13,PB800,CBZ,Synthetic,0.155573815393043,0.5105306513378933,MLP,MLP_1
905,SI_ref_13,PB800,CBZ,Synthetic,0.08520900321543408,0.5047018096617111,MLP,MLP_1
906,SI_ref_13,PB800,CBZ,Synthetic,0.16135346756152125,0.5615170553054503,MLP,MLP_1
907,SI_ref_13,PB800,CBZ,Synthetic,0.1561792870827899,0.5047018096617111,MLP,MLP_1
908,SI_ref_13,PB800,CBZ,Synthetic,0.13676633444075306,0.5047018096617111,MLP,MLP_1
909,SI_ref_13,PB800,CBZ,Synthetic,0.1002310803004044,0.5047018096617111,MLP,MLP_1
910,SI_ref_13,PB800,CBZ,Synthetic,0.04322336667164253,0.5047018096617111,MLP,MLP_1
911,SI_ref_13,PB800,CBZ,Synthetic,0.20609619686800895,0.6746077966425882,MLP,MLP_1
912,SI_ref_13,PB800,CBZ,Synthetic,0.1865212527964206,0.621897557219686,MLP,MLP_1
913,SI_ref_13,PB800,CBZ,Synthetic,0.28121650589496244,0.5047018096617111,MLP,MLP_1
914,SI_ref_13,PB800,CBZ,Synthetic,0.36611289746337977,0.5047018096617111,MLP,MLP_1
915,SI_ref_13,PB800,CBZ,Synthetic,0.5117363344051448,0.5047018096617111,MLP,MLP_1
916,SI_ref_13,PB800,CBZ,Synthetic,0.5707012708620426,0.5047018096617111,MLP,MLP_1
917,SI_ref_13,PB800,CBZ,Synthetic,0.5791052918712493,0.5254186579239248,MLP,MLP_1
918,SI_ref_13,PB800,CBZ,Synthetic,0.30905619203491547,0.5254186579239248,MLP,MLP_1
919,SI_ref_13,PB800,CBZ,Synthetic,0.16448445171849424,0.5254186579239248,MLP,MLP_1
920,SI_ref_13,PB800,CBZ,Synthetic,0.12460736493062231,0.5254186579239248,MLP,MLP_1
921,SI_ref_13,PB800,CBZ,Synthetic,0.08265139116202945,0.5254186579239248,MLP,MLP_1
987,SI_ref_15,PSB,TEB,Synthetic,0.9529494921755761,0.8379951003487803,MLP,MLP_1
988,SI_ref_15,PSB,TEB,Synthetic,0.9422238246841239,0.7687333003937245,MLP,MLP_1
989,SI_ref_15,PSB,TEB,Synthetic,0.9297851778252496,0.6986498359087174,MLP,MLP_1
990,SI_ref_15,PSB,TEB,Synthetic,0.9225192311101157,0.6451525630283446,MLP,MLP_1
991,SI_ref_15,PSB,TEB,Synthetic,0.920805363267918,0.6210075653436911,MLP,MLP_1
992,SI_ref_15,PSB,TEB,Synthetic,0.9178876121047361,0.6137019859111161,MLP,MLP_1
993,SI_ref_15,PSB,TEB,Synthetic,0.9171857170319854,0.6272397937791747,MLP,MLP_1
994,SI_ref_15,PSB,TEB,Synthetic,0.9362126098667423,0.6470062408318802,MLP,MLP_1
995,SI_ref_15,PSB,TEB,Synthetic,0.9575716949823408,0.6470062408318802,MLP,MLP_1
996,SI_ref_15,PSB,TEB,Synthetic,0.9144403299752767,0.6470062408318802,MLP,MLP_1
997,SI_ref_15,PSB,TEB,Synthetic,0.9131362601666559,0.6470062408318802,MLP,MLP_1
998,SI_ref_15,PSB,TEB,Synthetic,0.9073783566890704,0.6470062408318802,MLP,MLP_1
999,SI_ref_15,PSB,TEB,Synthetic,0.8610942615965279,0.6470062408318802,MLP,MLP_1
1000,SI_ref_15,PSB,TEB,Synthetic,0.8714762044822667,0.6470062408318802,MLP,MLP_1
1001,SI_ref_15,PSB,TEB,Synthetic,0.8650362109004135,0.6470062408318802,MLP,MLP_1
1002,SI_ref_15,PSB,TEB,Synthetic,0.9441016733966956,0.6470062408318802,MLP,MLP_1
1003,SI_ref_15,PSB,TEB,Synthetic,0.952584477756588,0.6470062408318802,MLP,MLP_1
1004,SI_ref_15,PSB,TEB,Synthetic,0.9589909115585907,0.6470062408318802,MLP,MLP_1
1005,SI_ref_15,PSB,TEB,Synthetic,0.9629553594597028,0.6470062408318802,MLP,MLP_1
1052,SI_ref_15,PSBOX-A,TEB,Synthetic,0.5158767649493458,0.18309178101829365,MLP,MLP_1
1053,SI_ref_15,PSBOX-A,TEB,Synthetic,0.41210379963008376,0.07060662454826325,MLP,MLP_1
1054,SI_ref_15,PSBOX-A,TEB,Synthetic,0.30623403384032577,-0.02493806978308588,MLP,MLP_1
1055,SI_ref_15,PSBOX-A,TEB,Synthetic,0.21283845390046752,-0.04027072616737282,MLP,MLP_1
1056,SI_ref_15,PSBOX-A,TEB,Synthetic,0.12421842587964138,-0.056582846960590294,MLP,MLP_1
1057,SI_ref_15,PSBOX-A,TEB,Synthetic,0.09371708683213013,-0.05307561866765298,MLP,MLP_1
1058,SI_ref_15,PSBOX-A,TEB,Synthetic,0.07890621232231329,-0.050585943677549206,MLP,MLP_1
1059,SI_ref_15,PSBOX-A,TEB,Synthetic,0.07277962857952934,-0.04707571462572796,MLP,MLP_1
1060,SI_ref_15,PSBOX-A,TEB,Synthetic,0.5073983287736047,0.022460315863640612,MLP,MLP_1
1061,SI_ref_15,PSBOX-A,TEB,Synthetic,0.5163778457532948,0.1681031480788173,MLP,MLP_1
1062,SI_ref_15,PSBOX-A,TEB,Synthetic,0.5077105405964751,-0.04707571462572796,MLP,MLP_1
1063,SI_ref_15,PSBOX-A,TEB,Synthetic,0.058828707349529885,-0.04707571462572796,MLP,MLP_1
1064,SI_ref_15,PSBOX-A,TEB,Synthetic,0.4930488637978448,0.010684815222804456,MLP,MLP_1
1065,SI_ref_15,PSBOX-A,TEB,Synthetic,0.5160089507499187,0.24161392642144558,MLP,MLP_1
1066,SI_ref_15,PSBOX-A,TEB,Synthetic,0.07083175356135256,-0.04707571462572796,MLP,MLP_1
1067,SI_ref_15,PSBOX-A,TEB,Synthetic,0.051172794584274484,-0.04707571462572796,MLP,MLP_1
1068,SI_ref_15,PSBOX-A,TEB,Synthetic,0.04750722464731311,-0.04707571462572796,MLP,MLP_1
1069,SI_ref_15,PSBOX-A,TEB,Synthetic,0.04108376658313895,-0.04707571462572796,MLP,MLP_1
1070,SI_ref_15,PSBOX-A,TEB,Synthetic,0.04527670142322688,-0.04707571462572796,MLP,MLP_1
1071,SI_ref_15,PSBOX-A,TEB,Synthetic,0.04243318293660387,-0.04707571462572796,MLP,MLP_1
1072,SI_ref_15,PSBOX-A,TEB,Synthetic,0.09409506092292502,-0.04707571462572796,MLP,MLP_1
1073,SI_ref_15,PSBOX-A,TEB,Synthetic,0.28314921751011557,-0.04707571462572796,MLP,MLP_1
1074,SI_ref_15,PSBOX-A,TEB,Synthetic,0.44223994246690523,-0.04707571462572796,MLP,MLP_1
1075,SI_ref_15,PSBOX-A,TEB,Synthetic,0.5102144207532882,-0.04707571462572796,MLP,MLP_1
1077,SI_ref_17,Pristine SCG biochar,CBZ,Synthetic,0.9431980957558961,1.085269990271595,MLP,MLP_1
1079,SI_ref_17,Pristine SCG biochar,CBZ,Synthetic,0.9360319849357849,1.0964286162656118,MLP,MLP_1
1081,SI_ref_17,Pristine SCG biochar,CBZ,Synthetic,0.9307104448319532,1.1143583242459763,MLP,MLP_1
1083,SI_ref_17,Pristine SCG biochar,CBZ,Synthetic,0.9258716624342764,1.1718256930318596,MLP,MLP_1
1085,SI_ref_17,Pristine SCG biochar,CBZ,Synthetic,0.9157118703628806,1.2031924032198862,MLP,MLP_1
1087,SI_ref_17,Pristine SCG biochar,CBZ,Synthetic,0.9147137334986508,1.2192553266591193,MLP,MLP_1
1089,SI_ref_17,Pristine SCG biochar,CBZ,Synthetic,0.9138427672538969,1.2128127152574666,MLP,MLP_1
1091,SI_ref_17,Pristine SCG biochar,CBZ,Synthetic,0.8932130468798682,0.8193510445967429,MLP,MLP_1
1093,SI_ref_17,Pristine SCG biochar,CBZ,Synthetic,0.9247624360467385,1.203729183550891,MLP,MLP_1
1095,SI_ref_17,Pristine SCG biochar,CBZ,Synthetic,0.9071706166070994,1.203729183550891,MLP,MLP_1
1097,SI_ref_17,Pristine SCG biochar,CBZ,Synthetic,0.908534541255576,1.203729183550891,MLP,MLP_1
1099,SI_ref_17,Pristine SCG biochar,CBZ,Synthetic,0.903895578148675,1.203729183550891,MLP,MLP_1
1101,SI_ref_17,Pristine SCG biochar,CBZ,Synthetic,0.9071468090110305,1.203729183550891,MLP,MLP_1
1103,SI_ref_17,Pristine SCG biochar,CBZ,Synthetic,0.890879570190962,1.203729183550891,MLP,MLP_1
1105,SI_ref_17,Pristine SCG biochar,CBZ,Synthetic,0.8806314346444372,0.9172786560028952,MLP,MLP_1
1107,SI_ref_17,Pristine SCG biochar,CBZ,Synthetic,0.9289062306369882,1.203729183550891,MLP,MLP_1
1109,SI_ref_17,Pristine SCG biochar,CBZ,Synthetic,0.9261272699552149,1.203729183550891,MLP,MLP_1
1111,SI_ref_17,Pristine SCG biochar,CBZ,Synthetic,0.9403460613803251,1.203729183550891,MLP,MLP_1
1113,SI_ref_17,Pristine SCG biochar,CBZ,Synthetic,0.9373850128799738,1.203729183550891,MLP,MLP_1
1115,SI_ref_17,Pristine SCG biochar,CBZ,Synthetic,0.925161257978969,1.203729183550891,MLP,MLP_1
1253,SI_ref_18,Pristine SCW Biochar,IBU,Lake water,0.9264336848996528,0.9855543220825751,MLP,MLP_1
1255,SI_ref_18,Pristine SCW Biochar,IBU,Lake water,0.9179334532144726,1.042098429478291,MLP,MLP_1
1257,SI_ref_18,Pristine SCW Biochar,IBU,Lake water,0.916180999264559,1.094854956325948,MLP,MLP_1
1259,SI_ref_18,Pristine SCW Biochar,IBU,Lake water,0.9235678454978681,1.0666881403258972,MLP,MLP_1
1261,SI_ref_18,Pristine SCW Biochar,IBU,Lake water,0.9285970293283682,1.026537874536625,MLP,MLP_1
1263,SI_ref_18,Pristine SCW Biochar,IBU,Lake water,0.9209592404126973,1.0030211683633197,MLP,MLP_1
1265,SI_ref_18,Pristine SCW Biochar,IBU,Lake water,0.9279432945207517,0.9712265273155676,MLP,MLP_1
1269,SI_ref_18,Pristine SCW Biochar,IBU,Lake water,0.8974085452250303,0.8742805445053501,MLP,MLP_1
1271,SI_ref_18,Pristine SCW Biochar,IBU,Lake water,0.9239929387412031,0.8934900425314467,MLP,MLP_1
1273,SI_ref_18,Pristine SCW Biochar,IBU,Lake water,0.9256303580479686,0.9315727424208482,MLP,MLP_1
1275,SI_ref_18,Pristine SCW Biochar,IBU,Lake water,0.9240446881745522,0.9315727424208482,MLP,MLP_1
1276,SI_ref_18,Pristine SCW Biochar,IBU,Lake water,0.9283922239724117,0.9315727424208482,MLP,MLP_1
1277,SI_ref_18,Pristine SCW Biochar,IBU,Lake water,0.9240711354841218,0.9315727424208482,MLP,MLP_1
1279,SI_ref_18,Pristine SCW Biochar,IBU,Lake water,0.9204127206373283,0.9315727424208482,MLP,MLP_1
1280,SI_ref_18,Pristine SCW Biochar,IBU,Lake water,0.9185968665123906,0.9315727424208482,MLP,MLP_1
1281,SI_ref_18,Pristine SCW Biochar,IBU,Lake water,0.9182954449695013,0.9315727424208482,MLP,MLP_1
1283,SI_ref_18,Pristine SCW Biochar,IBU,Lake water,0.9158900362354069,0.9315727424208482,MLP,MLP_1
1284,SI_ref_18,Pristine SCW Biochar,IBU,Lake water,0.9125854189759445,0.9315727424208482,MLP,MLP_1
1285,SI_ref_18,Pristine SCW Biochar,IBU,Lake water,0.9175495400890653,0.9315727424208482,MLP,MLP_1
1287,SI_ref_18,Pristine SCW Biochar,IBU,Lake water,0.9120226357855434,0.9315727424208482,MLP,MLP_1
1288,SI_ref_18,Pristine SCW Biochar,IBU,Lake water,0.9131050308227836,0.9315727424208482,MLP,MLP_1
1289,SI_ref_18,Pristine SCW Biochar,IBU,Lake water,0.91141920930323,0.9315727424208482,MLP,MLP_1
1291,SI_ref_18,Pristine SCW Biochar,IBU,Lake water,0.9068652159539504,0.9315727424208482,MLP,MLP_1
1292,SI_ref_18,Pristine SCW Biochar,IBU,Lake water,0.9091226364337618,0.9315727424208482,MLP,MLP_1
1293,SI_ref_18,Pristine SCW Biochar,IBU,Lake water,0.9067682424855283,0.9315727424208482,MLP,MLP_1
1295,SI_ref_18,Pristine SCW Biochar,IBU,Lake water,0.9027540853962883,0.9315727424208482,MLP,MLP_1
1296,SI_ref_18,Pristine SCW Biochar,IBU,Lake water,0.9025373859945938,0.9315727424208482,MLP,MLP_1
1297,SI_ref_18,Pristine SCW Biochar,IBU,Lake water,0.9026152370210476,0.9315727424208482,MLP,MLP_1
1298,SI_ref_18,Pristine SCW Biochar,IBU,Lake water,0.9219347373743266,1.0455219998462157,MLP,MLP_1
1300,SI_ref_18,Pristine SCW Biochar,IBU,Lake water,0.9277221749920567,1.11389049731463,MLP,MLP_1
1302,SI_ref_18,Pristine SCW Biochar,IBU,Lake water,0.9340257796823453,1.1934611552611645,MLP,MLP_1
2,SI_ref_19,AMCB,IBU,Ground water,0.6563767477253929,0.3433958934816125,OLS,OLS_1
4,SI_ref_19,AMCB,IBU,Ground water,0.5414154110835401,0.3273485508440961,OLS,OLS_1
6,SI_ref_19,AMCB,IBU,Ground water,0.39819987427626136,0.31111083584759136,OLS,OLS_1
8,SI_ref_19,AMCB,IBU,Ground water,0.3426557088502895,0.29477616381983274,OLS,OLS_1
10,SI_ref_19,AMCB,IBU,Ground water,0.3352626765922249,0.27839256056874284,OLS,OLS_1
12,SI_ref_19,AMCB,IBU,Ground water,0.33078034739454093,0.26879640034061225,OLS,OLS_1
14,SI_ref_19,AMCB,IBU,Ground water,0.3305497038875103,0.2619843772484408,OLS,OLS_1
16,SI_ref_19,AMCB,IBU,Ground water,0.029204625724030753,0.2760951959731472,OLS,OLS_1
18,SI_ref_19,AMCB,IBU,Ground water,0.005264283840238958,0.25238000661578197,OLS,OLS_1
20,SI_ref_19,AMCB,IBU,Ground water,0.0023766372681587895,0.22866481725841675,OLS,OLS_1
22,SI_ref_19,AMCB,IBU,Ground water,0.32926049296939613,0.25238000661578197,OLS,OLS_1
24,SI_ref_19,AMCB,IBU,Ground water,0.19832193047959257,0.2760787495090479,OLS,OLS_1
26,SI_ref_19,AMCB,IBU,Ground water,0.1894672613641715,0.2523635601516827,OLS,OLS_1
28,SI_ref_19,AMCB,IBU,Ground water,0.1528746627917146,0.2286483707943175,OLS,OLS_1
30,SI_ref_19,AMCB,IBU,Ground water,0.3449761650083755,0.2760623144463112,OLS,OLS_1
32,SI_ref_19,AMCB,IBU,Ground water,0.30765270742093687,0.25234712508894597,OLS,OLS_1
34,SI_ref_19,AMCB,IBU,Ground water,0.303030777614079,0.22863193573158075,OLS,OLS_1
36,SI_ref_19,AMCB,IBU,Ground water,0.41496556078686897,0.27604589076914016,OLS,OLS_1
38,SI_ref_19,AMCB,IBU,Ground water,0.3766264851820565,0.25233070141177494,OLS,OLS_1
40,SI_ref_19,AMCB,IBU,Ground water,0.38956403906090076,0.22861551205440972,OLS,OLS_1
42,SI_ref_19,AMCB,IBU,Ground water,0.5182383095521604,0.2760294784617707,OLS,OLS_1
44,SI_ref_19,AMCB,IBU,Ground water,0.5024496962602676,0.2523142891044055,OLS,OLS_1
46,SI_ref_19,AMCB,IBU,Ground water,0.48210720700720494,0.2285990997470403,OLS,OLS_1
48,SI_ref_19,AMCB,IBU,Ground water,0.03338351934448727,0.27601307750847165,OLS,OLS_1
50,SI_ref_19,AMCB,IBU,Ground water,0.0,0.25229788815110643,OLS,OLS_1
52,SI_ref_19,AMCB,IBU,Ground water,0.003531050071646246,0.2285826987937412,OLS,OLS_1
54,SI_ref_19,AMCB,IBU,Ground water,0.19999798179579809,0.27599668789354426,OLS,OLS_1
56,SI_ref_19,AMCB,IBU,Ground water,0.17260220522445793,0.25228149853617904,OLS,OLS_1
58,SI_ref_19,AMCB,IBU,Ground water,0.15656878376287445,0.22856630917881382,OLS,OLS_1
60,SI_ref_19,AMCB,IBU,Ground water,0.3457359785263073,0.27598030960132236,OLS,OLS_1
62,SI_ref_19,AMCB,IBU,Ground water,0.32626934953278575,0.25226512024395714,OLS,OLS_1
64,SI_ref_19,AMCB,IBU,Ground water,0.3258728934993643,0.22854993088659192,OLS,OLS_1
66,SI_ref_19,AMCB,IBU,Ground water,0.4885549946229274,0.2759639426161723,OLS,OLS_1
68,SI_ref_19,AMCB,IBU,Ground water,0.39885279506866217,0.2522487532588071,OLS,OLS_1
70,SI_ref_19,AMCB,IBU,Ground water,0.42188356115014575,0.22853356390144186,OLS,OLS_1
72,SI_ref_19,AMCB,IBU,Ground water,0.5107350299703324,0.2759475869224927,OLS,OLS_1
74,SI_ref_19,AMCB,IBU,Ground water,0.5226317382792791,0.2522323975651275,OLS,OLS_1
76,SI_ref_19,AMCB,IBU,Ground water,0.4945842701164504,0.22851720820776228,OLS,OLS_1
78,SI_ref_19,AMCB,IBU,Ground water,0.025848755777109534,0.27593124250471446,OLS,OLS_1
80,SI_ref_19,AMCB,IBU,Ground water,0.008169690609295848,0.25221605314734924,OLS,OLS_1
82,SI_ref_19,AMCB,IBU,Ground water,0.0,0.22850086378998402,OLS,OLS_1
84,SI_ref_19,AMCB,IBU,Ground water,0.2007202298061851,0.27591490934730073,OLS,OLS_1
86,SI_ref_19,AMCB,IBU,Ground water,0.16952726930244136,0.2521997199899355,OLS,OLS_1
88,SI_ref_19,AMCB,IBU,Ground water,0.14747637019246942,0.2284845306325703,OLS,OLS_1
90,SI_ref_19,AMCB,IBU,Ground water,0.34008395729479907,0.27589858743474677,OLS,OLS_1
92,SI_ref_19,AMCB,IBU,Ground water,0.32813530040969546,0.25218339807738155,OLS,OLS_1
94,SI_ref_19,AMCB,IBU,Ground water,0.3191737471997417,0.22846820872001633,OLS,OLS_1
96,SI_ref_19,AMCB,IBU,Ground water,0.45590621693388655,0.27588227675157956,OLS,OLS_1
98,SI_ref_19,AMCB,IBU,Ground water,0.4386715603313315,0.25216708739421434,OLS,OLS_1
100,SI_ref_19,AMCB,IBU,Ground water,0.4136227630368784,0.22845189803684912,OLS,OLS_1
102,SI_ref_19,AMCB,IBU,Ground water,0.15909620069601668,0.2251361562611653,OLS,OLS_1
104,SI_ref_19,AMCB,IBU,Ground water,0.32070040208616674,0.25215078792499324,OLS,OLS_1
106,SI_ref_19,AMCB,IBU,Ground water,0.3644459510905023,0.2791654195888212,OLS,OLS_1
108,SI_ref_19,AMCB,IBU,Ground water,0.46356787238707886,0.3061800512526491,OLS,OLS_1
110,SI_ref_19,AMCB,IBU,Ground water,0.5205305455205957,0.27586597728235845,OLS,OLS_1
112,SI_ref_19,AMCB,IBU,Ground water,0.5464029950150356,0.25215078792499324,OLS,OLS_1
114,SI_ref_19,AMCB,IBU,Ground water,0.48301499525722014,0.22843559856762802,OLS,OLS_1
117,SI_ref_17,Alkali-modified SCG biochars,CBZ,Synthetic,0.12103690777624292,0.2757463816251818,OLS,OLS_1
119,SI_ref_17,Alkali-modified SCG biochars,CBZ,Synthetic,0.0701486117179634,0.25969903898766533,OLS,OLS_1
121,SI_ref_17,Alkali-modified SCG biochars,CBZ,Synthetic,0.050188840370859876,0.23391412895431493,OLS,OLS_1
123,SI_ref_17,Alkali-modified SCG biochars,CBZ,Synthetic,0.033003190610721066,0.21754686993320324,OLS,OLS_1
125,SI_ref_17,Alkali-modified SCG biochars,CBZ,Synthetic,0.03511734337104713,0.20795617540791028,OLS,OLS_1
127,SI_ref_17,Alkali-modified SCG biochars,CBZ,Synthetic,0.03195287629892775,0.20114688848418152,OLS,OLS_1
129,SI_ref_17,Alkali-modified SCG biochars,CBZ,Synthetic,0.03449328813829176,0.19433486539201006,OLS,OLS_1
132,SI_ref_17,Alkali-modified SCG biochars,CBZ,Synthetic,0.041716779164719504,0.18473049475935127,OLS,OLS_1
134,SI_ref_17,Alkali-modified SCG biochars,CBZ,Synthetic,0.00635796336582959,0.18473049475935127,OLS,OLS_1
136,SI_ref_17,Alkali-modified SCG biochars,CBZ,Synthetic,0.011730609548845337,0.18473049475935127,OLS,OLS_1
138,SI_ref_17,Alkali-modified SCG biochars,CBZ,Synthetic,0.01988738850164665,0.18473049475935127,OLS,OLS_1
140,SI_ref_17,Alkali-modified SCG biochars,CBZ,Synthetic,0.006132526431344026,0.18473049475935127,OLS,OLS_1
142,SI_ref_17,Alkali-modified SCG biochars,CBZ,Synthetic,0.007712590639419909,0.18473049475935127,OLS,OLS_1
145,SI_ref_17,Alkali-modified SCG biochars,CBZ,Synthetic,0.10268999927349255,0.18473049475935127,OLS,OLS_1
147,SI_ref_17,Alkali-modified SCG biochars,CBZ,Synthetic,0.14439822919669368,0.18473049475935127,OLS,OLS_1
149,SI_ref_17,Alkali-modified SCG biochars,CBZ,Synthetic,0.34003506921741083,0.18473049475935127,OLS,OLS_1
151,SI_ref_17,Alkali-modified SCG biochars,CBZ,Synthetic,0.4516798693491866,0.18473049475935127,OLS,OLS_1
153,SI_ref_17,Alkali-modified SCG biochars,CBZ,Synthetic,0.5612135486607656,0.18473049475935127,OLS,OLS_1
282,SI_ref_19,CB,IBU,Ground water,0.9280102961124896,0.8371614903379305,OLS,OLS_1
284,SI_ref_19,CB,IBU,Ground water,0.9242732043010754,0.8211141477004142,OLS,OLS_1
286,SI_ref_19,CB,IBU,Ground water,0.9218881323407775,0.8048764327039095,OLS,OLS_1
288,SI_ref_19,CB,IBU,Ground water,0.9215853366418528,0.7885417606761509,OLS,OLS_1
290,SI_ref_19,CB,IBU,Ground water,0.9207959503722085,0.7721581574250609,OLS,OLS_1
292,SI_ref_19,CB,IBU,Ground water,0.9207361323407776,0.7625619971969304,OLS,OLS_1
294,SI_ref_19,CB,IBU,Ground water,0.9206762613730356,0.7557499741047589,OLS,OLS_1
296,SI_ref_19,CB,IBU,Ground water,0.9945207101387852,0.7698607928294654,OLS,OLS_1
298,SI_ref_19,CB,IBU,Ground water,0.9765877548823724,0.7461456034721001,OLS,OLS_1
300,SI_ref_19,CB,IBU,Ground water,0.9595058090644278,0.7224304141147349,OLS,OLS_1
302,SI_ref_19,CB,IBU,Ground water,0.9409019130333385,0.7698607928294654,OLS,OLS_1
304,SI_ref_19,CB,IBU,Ground water,0.9323428884090048,0.7461456034721001,OLS,OLS_1
306,SI_ref_19,CB,IBU,Ground water,0.9259231602386863,0.7224304141147349,OLS,OLS_1
308,SI_ref_19,CB,IBU,Ground water,0.8753590996713628,0.7191309718082721,OLS,OLS_1
310,SI_ref_19,CB,IBU,Ground water,0.9341230700922319,0.7698607928294654,OLS,OLS_1
312,SI_ref_19,CB,IBU,Ground water,0.9234390298948024,0.7461456034721001,OLS,OLS_1
314,SI_ref_19,CB,IBU,Ground water,0.917590560186213,0.7224304141147349,OLS,OLS_1
316,SI_ref_19,CB,IBU,Ground water,0.9236132062907854,0.7731602351359281,OLS,OLS_1
318,SI_ref_19,CB,IBU,Ground water,0.9231865295080666,0.8001748667997559,OLS,OLS_1
320,SI_ref_19,CB,IBU,Ground water,0.9303445651202417,0.7698607928294654,OLS,OLS_1
322,SI_ref_19,CB,IBU,Ground water,0.923151204819856,0.7461456034721001,OLS,OLS_1
324,SI_ref_19,CB,IBU,Ground water,0.9175260660683171,0.7224304141147349,OLS,OLS_1
326,SI_ref_19,CB,IBU,Ground water,0.9318432124429017,0.7698607928294654,OLS,OLS_1
328,SI_ref_19,CB,IBU,Ground water,0.9241489703794897,0.7461456034721001,OLS,OLS_1
330,SI_ref_19,CB,IBU,Ground water,0.9174641264203113,0.7224304141147349,OLS,OLS_1
523,SI_ref_19,MCB,IBU,Ground water,0.9264289561621175,0.7732963776888231,OLS,OLS_1
525,SI_ref_19,MCB,IBU,Ground water,0.9196854524400332,0.7572490350513066,OLS,OLS_1
527,SI_ref_19,MCB,IBU,Ground water,0.9178832092638545,0.7410113200548019,OLS,OLS_1
529,SI_ref_19,MCB,IBU,Ground water,0.9177463688999173,0.7246766480270435,OLS,OLS_1
531,SI_ref_19,MCB,IBU,Ground water,0.9177232092638544,0.7082930447759535,OLS,OLS_1
533,SI_ref_19,MCB,IBU,Ground water,0.9175379321753515,0.6986968845478227,OLS,OLS_1
535,SI_ref_19,MCB,IBU,Ground water,0.9173856344086023,0.6918848614556514,OLS,OLS_1
537,SI_ref_19,MCB,IBU,Ground water,0.9902068659306948,0.705995680180358,OLS,OLS_1
539,SI_ref_19,MCB,IBU,Ground water,0.9708228218531151,0.6822804908229927,OLS,OLS_1
541,SI_ref_19,MCB,IBU,Ground water,0.9483485035015843,0.6585653014656274,OLS,OLS_1
543,SI_ref_19,MCB,IBU,Ground water,0.9173115500413566,0.6822804908229927,OLS,OLS_1
545,SI_ref_19,MCB,IBU,Ground water,0.9358359065436908,0.7059792337162587,OLS,OLS_1
547,SI_ref_19,MCB,IBU,Ground water,0.9263512886233829,0.6822640443588934,OLS,OLS_1
549,SI_ref_19,MCB,IBU,Ground water,0.9153544975680639,0.6585488550015282,OLS,OLS_1
551,SI_ref_19,MCB,IBU,Ground water,0.9271238571918706,0.705962798653522,OLS,OLS_1
553,SI_ref_19,MCB,IBU,Ground water,0.9199191103755877,0.6822476092961567,OLS,OLS_1
555,SI_ref_19,MCB,IBU,Ground water,0.910886274193223,0.6585324199387914,OLS,OLS_1
557,SI_ref_19,MCB,IBU,Ground water,0.8716126359176348,0.6552165539551578,OLS,OLS_1
559,SI_ref_19,MCB,IBU,Ground water,0.9228881866842084,0.6822311856189855,OLS,OLS_1
561,SI_ref_19,MCB,IBU,Ground water,0.9227697266379059,0.7092458172828136,OLS,OLS_1
563,SI_ref_19,MCB,IBU,Ground water,0.9221446299502403,0.7362604489466416,OLS,OLS_1
565,SI_ref_19,MCB,IBU,Ground water,0.9254612605703445,0.7059463749763508,OLS,OLS_1
567,SI_ref_19,MCB,IBU,Ground water,0.9188111047361486,0.6822311856189855,OLS,OLS_1
569,SI_ref_19,MCB,IBU,Ground water,0.9124876096677748,0.6585159962616205,OLS,OLS_1
571,SI_ref_19,MCB,IBU,Ground water,0.927696260267614,0.7059299626689814,OLS,OLS_1
573,SI_ref_19,MCB,IBU,Ground water,0.9222883610163676,0.6822147733116162,OLS,OLS_1
575,SI_ref_19,MCB,IBU,Ground water,0.9173366162788351,0.6584995839542511,OLS,OLS_1
577,SI_ref_19,MCB,IBU,Ground water,0.9896236049163454,0.7059135617156824,OLS,OLS_1
579,SI_ref_19,MCB,IBU,Ground water,0.9728688772730024,0.6821983723583172,OLS,OLS_1
581,SI_ref_19,MCB,IBU,Ground water,0.95367292982704,0.6584831830009519,OLS,OLS_1
583,SI_ref_19,MCB,IBU,Ground water,0.9381494412938034,0.705897172100755,OLS,OLS_1
585,SI_ref_19,MCB,IBU,Ground water,0.925414707326754,0.6821819827433897,OLS,OLS_1
587,SI_ref_19,MCB,IBU,Ground water,0.9200694262245456,0.6584667933860247,OLS,OLS_1
589,SI_ref_19,MCB,IBU,Ground water,0.9296751902157461,0.705880793808533,OLS,OLS_1
591,SI_ref_19,MCB,IBU,Ground water,0.9221403459202003,0.6821656044511677,OLS,OLS_1
593,SI_ref_19,MCB,IBU,Ground water,0.911624129649438,0.6584504150938026,OLS,OLS_1
595,SI_ref_19,MCB,IBU,Ground water,0.9248851497651674,0.7058644268233829,OLS,OLS_1
597,SI_ref_19,MCB,IBU,Ground water,0.9206218375460943,0.6821492374660176,OLS,OLS_1
599,SI_ref_19,MCB,IBU,Ground water,0.9170274735254856,0.6584340481086526,OLS,OLS_1
601,SI_ref_19,MCB,IBU,Ground water,0.9300914246503462,0.7058480711297033,OLS,OLS_1
603,SI_ref_19,MCB,IBU,Ground water,0.920786534541565,0.682132881772338,OLS,OLS_1
605,SI_ref_19,MCB,IBU,Ground water,0.9160948152334054,0.6584176924149729,OLS,OLS_1
607,SI_ref_19,MCB,IBU,Ground water,0.9861765121394982,0.7058317267119252,OLS,OLS_1
609,SI_ref_19,MCB,IBU,Ground water,0.9661781267028597,0.6821165373545599,OLS,OLS_1
611,SI_ref_19,MCB,IBU,Ground water,0.9529992532644452,0.6584013479971949,OLS,OLS_1
613,SI_ref_19,MCB,IBU,Ground water,0.9352947587236877,0.7058153935545115,OLS,OLS_1
615,SI_ref_19,MCB,IBU,Ground water,0.9284499518994666,0.6821002041971462,OLS,OLS_1
617,SI_ref_19,MCB,IBU,Ground water,0.917077774862594,0.658385014839781,OLS,OLS_1
619,SI_ref_19,MCB,IBU,Ground water,0.9255842902984923,0.7057990716419573,OLS,OLS_1
621,SI_ref_19,MCB,IBU,Ground water,0.9186162384710084,0.682083882284592,OLS,OLS_1
623,SI_ref_19,MCB,IBU,Ground water,0.9103224686673798,0.658368692927227,OLS,OLS_1
625,SI_ref_19,MCB,IBU,Ground water,0.9258221154816445,0.7057827609587903,OLS,OLS_1
627,SI_ref_19,MCB,IBU,Ground water,0.921668420582223,0.6820675716014251,OLS,OLS_1
629,SI_ref_19,MCB,IBU,Ground water,0.9150562646500002,0.6583523822440598,OLS,OLS_1
631,SI_ref_19,MCB,IBU,Ground water,0.9296259863973036,0.7057664614895691,OLS,OLS_1
633,SI_ref_19,MCB,IBU,Ground water,0.9216175906678238,0.6820512721322038,OLS,OLS_1
635,SI_ref_19,MCB,IBU,Ground water,0.9188076045934327,0.6583360827748388,OLS,OLS_1
698,SI_ref_18,NaOH-activated SCW biochars,IBU,Lake water,0.585296751211726,0.5707597741635619,OLS,OLS_1
700,SI_ref_18,NaOH-activated SCW biochars,IBU,Lake water,0.6304734220526563,0.5547124315260454,OLS,OLS_1
702,SI_ref_18,NaOH-activated SCW biochars,IBU,Lake water,0.6077686506314385,0.5384747165295408,OLS,OLS_1
704,SI_ref_18,NaOH-activated SCW biochars,IBU,Lake water,0.6040537723014899,0.5221400445017823,OLS,OLS_1
706,SI_ref_18,NaOH-activated SCW biochars,IBU,Lake water,0.6292724453182281,0.5057564412506923,OLS,OLS_1
708,SI_ref_18,NaOH-activated SCW biochars,IBU,Lake water,0.6376478565264503,0.4961602810225617,OLS,OLS_1
710,SI_ref_18,NaOH-activated SCW biochars,IBU,Lake water,0.6108673600702487,0.4893482579303902,OLS,OLS_1
712,SI_ref_18,NaOH-activated SCW biochars,IBU,Lake water,0.10371139816269948,0.4797438872977315,OLS,OLS_1
714,SI_ref_18,NaOH-activated SCW biochars,IBU,Lake water,0.46656560236114836,0.4797438872977315,OLS,OLS_1
716,SI_ref_18,NaOH-activated SCW biochars,IBU,Lake water,0.44106817459704084,0.4527292556339036,OLS,OLS_1
718,SI_ref_18,NaOH-activated SCW biochars,IBU,Lake water,0.6893393142281772,0.5034590766550966,OLS,OLS_1
720,SI_ref_18,NaOH-activated SCW biochars,IBU,Lake water,0.621379975330744,0.4797438872977315,OLS,OLS_1
722,SI_ref_18,NaOH-activated SCW biochars,IBU,Lake water,0.6727437787241767,0.4797438872977315,OLS,OLS_1
723,SI_ref_18,NaOH-activated SCW biochars,IBU,Lake water,0.6293605973980515,0.4797438872977315,OLS,OLS_1
724,SI_ref_18,NaOH-activated SCW biochars,IBU,Lake water,0.6573710855713073,0.4797438872977315,OLS,OLS_1
726,SI_ref_18,NaOH-activated SCW biochars,IBU,Lake water,0.6298354173553987,0.4797438872977315,OLS,OLS_1
727,SI_ref_18,NaOH-activated SCW biochars,IBU,Lake water,0.6523803226831055,0.4797438872977315,OLS,OLS_1
728,SI_ref_18,NaOH-activated SCW biochars,IBU,Lake water,0.6378679449532959,0.4797438872977315,OLS,OLS_1
730,SI_ref_18,NaOH-activated SCW biochars,IBU,Lake water,0.627404015064595,0.4797438872977315,OLS,OLS_1
731,SI_ref_18,NaOH-activated SCW biochars,IBU,Lake water,0.6077370696640284,0.4797438872977315,OLS,OLS_1
732,SI_ref_18,NaOH-activated SCW biochars,IBU,Lake water,0.6159420233488258,0.4797438872977315,OLS,OLS_1
734,SI_ref_18,NaOH-activated SCW biochars,IBU,Lake water,0.6074163960354965,0.4797438872977315,OLS,OLS_1
735,SI_ref_18,NaOH-activated SCW biochars,IBU,Lake water,0.6146046840259546,0.4797438872977315,OLS,OLS_1
736,SI_ref_18,NaOH-activated SCW biochars,IBU,Lake water,0.6281995086504742,0.4797438872977315,OLS,OLS_1
738,SI_ref_18,NaOH-activated SCW biochars,IBU,Lake water,0.6298527247859258,0.4797438872977315,OLS,OLS_1
739,SI_ref_18,NaOH-activated SCW biochars,IBU,Lake water,0.576999656444263,0.4797438872977315,OLS,OLS_1
740,SI_ref_18,NaOH-activated SCW biochars,IBU,Lake water,0.5791171913994386,0.4797438872977315,OLS,OLS_1
742,SI_ref_18,NaOH-activated SCW biochars,IBU,Lake water,0.5786725135963804,0.4797438872977315,OLS,OLS_1
743,SI_ref_18,NaOH-activated SCW biochars,IBU,Lake water,0.6233870058145189,0.4797438872977315,OLS,OLS_1
744,SI_ref_18,NaOH-activated SCW biochars,IBU,Lake water,0.5944978576382812,0.4797438872977315,OLS,OLS_1
745,SI_ref_18,NaOH-activated SCW biochars,IBU,Lake water,0.5630080357470825,0.4560286979403662,OLS,OLS_1
747,SI_ref_18,NaOH-activated SCW biochars,IBU,Lake water,0.6846241766923425,0.5067585189615593,OLS,OLS_1
749,SI_ref_18,NaOH-activated SCW biochars,IBU,Lake water,0.744908980376152,0.5337731506253873,OLS,OLS_1
751,SI_ref_18,NaOH-activated SCW biochars,IBU,Lake water,0.6869669848084122,0.4797438872977315,OLS,OLS_1
753,SI_ref_18,NaOH-activated SCW biochars,IBU,Lake water,0.7932075459644551,0.4797438872977315,OLS,OLS_1
852,SI_ref_13,PB600,CBZ,Synthetic,0.5776772247360483,0.6552352701439283,OLS,OLS_1
853,SI_ref_13,PB600,CBZ,Synthetic,0.5656108597285068,0.6391879275064121,OLS,OLS_1
854,SI_ref_13,PB600,CBZ,Synthetic,0.5475113122171945,0.6229502125099073,OLS,OLS_1
855,SI_ref_13,PB600,CBZ,Synthetic,0.4479638009049774,0.6134030174730616,OLS,OLS_1
856,SI_ref_13,PB600,CBZ,Synthetic,0.45098039215686275,0.5970357584519499,OLS,OLS_1
857,SI_ref_13,PB600,CBZ,Synthetic,0.42684766214177977,0.5874450639266569,OLS,OLS_1
858,SI_ref_13,PB600,CBZ,Synthetic,0.32437120555073723,0.5806357770029282,OLS,OLS_1
859,SI_ref_13,PB600,CBZ,Synthetic,0.4773489932885906,0.6043509663602935,OLS,OLS_1
860,SI_ref_13,PB600,CBZ,Synthetic,0.4437372714068248,0.5806357770029282,OLS,OLS_1
861,SI_ref_13,PB600,CBZ,Synthetic,0.35791881074899945,0.5806357770029282,OLS,OLS_1
862,SI_ref_13,PB600,CBZ,Synthetic,0.32426715019643393,0.5806357770029282,OLS,OLS_1
863,SI_ref_13,PB600,CBZ,Synthetic,0.24055829228243014,0.5806357770029282,OLS,OLS_1
864,SI_ref_13,PB600,CBZ,Synthetic,0.44839549002601903,0.556920587645563,OLS,OLS_1
865,SI_ref_13,PB600,CBZ,Synthetic,0.5528523489932886,0.5332053982881978,OLS,OLS_1
866,SI_ref_13,PB600,CBZ,Synthetic,0.5653368025440879,0.5806357770029282,OLS,OLS_1
867,SI_ref_13,PB600,CBZ,Synthetic,0.6235906331309627,0.5806357770029282,OLS,OLS_1
868,SI_ref_13,PB600,CBZ,Synthetic,0.6991037872217403,0.5806357770029282,OLS,OLS_1
869,SI_ref_13,PB600,CBZ,Synthetic,0.7401395944327428,0.5806357770029282,OLS,OLS_1
870,SI_ref_13,PB600,CBZ,Synthetic,0.8642533936651583,0.564219383278098,OLS,OLS_1
871,SI_ref_13,PB600,CBZ,Synthetic,0.6953242835595775,0.564219383278098,OLS,OLS_1
872,SI_ref_13,PB600,CBZ,Synthetic,0.4479638009049774,0.564219383278098,OLS,OLS_1
873,SI_ref_13,PB600,CBZ,Synthetic,0.36651583710407243,0.564219383278098,OLS,OLS_1
874,SI_ref_13,PB600,CBZ,Synthetic,0.248868778280543,0.564219383278098,OLS,OLS_1
898,SI_ref_13,PB600,CBZ,Synthetic,0.244663382594417,0.5806357770029282,OLS,OLS_1
899,SI_ref_13,PB800,CBZ,Synthetic,0.27061079156395507,0.4634767700671912,OLS,OLS_1
900,SI_ref_13,PB800,CBZ,Synthetic,0.22678718159408381,0.4474294274296747,OLS,OLS_1
901,SI_ref_13,PB800,CBZ,Synthetic,0.18844152287044644,0.43119171243317006,OLS,OLS_1
902,SI_ref_13,PB800,CBZ,Synthetic,0.17748562037797863,0.4216445173963243,OLS,OLS_1
903,SI_ref_13,PB800,CBZ,Synthetic,0.16379074226239385,0.4052772583752126,OLS,OLS_1
904,SI_ref_13,PB800,CBZ,Synthetic,0.155573815393043,0.3956865638499197,OLS,OLS_1
905,SI_ref_13,PB800,CBZ,Synthetic,0.08520900321543408,0.38887727692619095,OLS,OLS_1
906,SI_ref_13,PB800,CBZ,Synthetic,0.16135346756152125,0.4125924662835561,OLS,OLS_1
907,SI_ref_13,PB800,CBZ,Synthetic,0.1561792870827899,0.38887727692619095,OLS,OLS_1
908,SI_ref_13,PB800,CBZ,Synthetic,0.13676633444075306,0.38887727692619095,OLS,OLS_1
909,SI_ref_13,PB800,CBZ,Synthetic,0.1002310803004044,0.38887727692619095,OLS,OLS_1
910,SI_ref_13,PB800,CBZ,Synthetic,0.04322336667164253,0.38887727692619095,OLS,OLS_1
911,SI_ref_13,PB800,CBZ,Synthetic,0.20609619686800895,0.36516208756882573,OLS,OLS_1
912,SI_ref_13,PB800,CBZ,Synthetic,0.1865212527964206,0.3414468982114605,OLS,OLS_1
913,SI_ref_13,PB800,CBZ,Synthetic,0.28121650589496244,0.38887727692619095,OLS,OLS_1
914,SI_ref_13,PB800,CBZ,Synthetic,0.36611289746337977,0.38887727692619095,OLS,OLS_1
915,SI_ref_13,PB800,CBZ,Synthetic,0.5117363344051448,0.38887727692619095,OLS,OLS_1
916,SI_ref_13,PB800,CBZ,Synthetic,0.5707012708620426,0.38887727692619095,OLS,OLS_1
917,SI_ref_13,PB800,CBZ,Synthetic,0.5791052918712493,0.3724608832013606,OLS,OLS_1
918,SI_ref_13,PB800,CBZ,Synthetic,0.30905619203491547,0.3724608832013606,OLS,OLS_1
919,SI_ref_13,PB800,CBZ,Synthetic,0.16448445171849424,0.3724608832013606,OLS,OLS_1
920,SI_ref_13,PB800,CBZ,Synthetic,0.12460736493062231,0.3724608832013606,OLS,OLS_1
921,SI_ref_13,PB800,CBZ,Synthetic,0.08265139116202945,0.3724608832013606,OLS,OLS_1
987,SI_ref_15,PSB,TEB,Synthetic,0.9529494921755761,0.7498153045272067,OLS,OLS_1
988,SI_ref_15,PSB,TEB,Synthetic,0.9422238246841239,0.7337679618896902,OLS,OLS_1
989,SI_ref_15,PSB,TEB,Synthetic,0.9297851778252496,0.7175302468931855,OLS,OLS_1
990,SI_ref_15,PSB,TEB,Synthetic,0.9225192311101157,0.7011955748654268,OLS,OLS_1
991,SI_ref_15,PSB,TEB,Synthetic,0.920805363267918,0.6848119716143368,OLS,OLS_1
992,SI_ref_15,PSB,TEB,Synthetic,0.9178876121047361,0.6752158113862063,OLS,OLS_1
993,SI_ref_15,PSB,TEB,Synthetic,0.9171857170319854,0.6684037882940348,OLS,OLS_1
994,SI_ref_15,PSB,TEB,Synthetic,0.9362126098667423,0.6587994176613761,OLS,OLS_1
995,SI_ref_15,PSB,TEB,Synthetic,0.9575716949823408,0.6587994176613761,OLS,OLS_1
996,SI_ref_15,PSB,TEB,Synthetic,0.9144403299752767,0.6587994176613761,OLS,OLS_1
997,SI_ref_15,PSB,TEB,Synthetic,0.9131362601666559,0.6587994176613761,OLS,OLS_1
998,SI_ref_15,PSB,TEB,Synthetic,0.9073783566890704,0.6587994176613761,OLS,OLS_1
999,SI_ref_15,PSB,TEB,Synthetic,0.8610942615965279,0.6587994176613761,OLS,OLS_1
1000,SI_ref_15,PSB,TEB,Synthetic,0.8714762044822667,0.6587994176613761,OLS,OLS_1
1001,SI_ref_15,PSB,TEB,Synthetic,0.8650362109004135,0.6587994176613761,OLS,OLS_1
1002,SI_ref_15,PSB,TEB,Synthetic,0.9441016733966956,0.6587994176613761,OLS,OLS_1
1003,SI_ref_15,PSB,TEB,Synthetic,0.952584477756588,0.6587994176613761,OLS,OLS_1
1004,SI_ref_15,PSB,TEB,Synthetic,0.9589909115585907,0.6587994176613761,OLS,OLS_1
1005,SI_ref_15,PSB,TEB,Synthetic,0.9629553594597028,0.6587994176613761,OLS,OLS_1
1052,SI_ref_15,PSBOX-A,TEB,Synthetic,0.5158767649493458,0.056738521017430876,OLS,OLS_1
1053,SI_ref_15,PSBOX-A,TEB,Synthetic,0.41210379963008376,0.04069117837991437,OLS,OLS_1
1054,SI_ref_15,PSBOX-A,TEB,Synthetic,0.30623403384032577,0.024453463383409646,OLS,OLS_1
1055,SI_ref_15,PSBOX-A,TEB,Synthetic,0.21283845390046752,0.008118791355651134,OLS,OLS_1
1056,SI_ref_15,PSBOX-A,TEB,Synthetic,0.12421842587964138,-0.008264811895438873,OLS,OLS_1
1057,SI_ref_15,PSBOX-A,TEB,Synthetic,0.09371708683213013,-0.017860972123569463,OLS,OLS_1
1058,SI_ref_15,PSBOX-A,TEB,Synthetic,0.07890621232231329,-0.0246729952157409,OLS,OLS_1
1059,SI_ref_15,PSBOX-A,TEB,Synthetic,0.07277962857952934,-0.03427736584839969,OLS,OLS_1
1060,SI_ref_15,PSBOX-A,TEB,Synthetic,0.5073983287736047,-0.08830662917605547,OLS,OLS_1
1061,SI_ref_15,PSBOX-A,TEB,Synthetic,0.5163778457532948,-0.010562176491034414,OLS,OLS_1
1062,SI_ref_15,PSBOX-A,TEB,Synthetic,0.5077105405964751,-0.03427736584839969,OLS,OLS_1
1063,SI_ref_15,PSBOX-A,TEB,Synthetic,0.058828707349529885,-0.03427736584839969,OLS,OLS_1
1064,SI_ref_15,PSBOX-A,TEB,Synthetic,0.4930488637978448,-0.05799255520576485,OLS,OLS_1
1065,SI_ref_15,PSBOX-A,TEB,Synthetic,0.5160089507499187,0.019751897479256098,OLS,OLS_1
1066,SI_ref_15,PSBOX-A,TEB,Synthetic,0.07083175356135256,-0.03427736584839969,OLS,OLS_1
1067,SI_ref_15,PSBOX-A,TEB,Synthetic,0.051172794584274484,-0.03427736584839969,OLS,OLS_1
1068,SI_ref_15,PSBOX-A,TEB,Synthetic,0.04750722464731311,-0.03427736584839969,OLS,OLS_1
1069,SI_ref_15,PSBOX-A,TEB,Synthetic,0.04108376658313895,-0.03427736584839969,OLS,OLS_1
1070,SI_ref_15,PSBOX-A,TEB,Synthetic,0.04527670142322688,-0.03427736584839969,OLS,OLS_1
1071,SI_ref_15,PSBOX-A,TEB,Synthetic,0.04243318293660387,-0.03427736584839969,OLS,OLS_1
1072,SI_ref_15,PSBOX-A,TEB,Synthetic,0.09409506092292502,-0.03427736584839969,OLS,OLS_1
1073,SI_ref_15,PSBOX-A,TEB,Synthetic,0.28314921751011557,-0.03427736584839969,OLS,OLS_1
1074,SI_ref_15,PSBOX-A,TEB,Synthetic,0.44223994246690523,-0.03427736584839969,OLS,OLS_1
1075,SI_ref_15,PSBOX-A,TEB,Synthetic,0.5102144207532882,-0.03427736584839969,OLS,OLS_1
1077,SI_ref_17,Pristine SCG biochar,CBZ,Synthetic,0.9431980957558961,0.8620222298344355,OLS,OLS_1
1079,SI_ref_17,Pristine SCG biochar,CBZ,Synthetic,0.9360319849357849,0.845974887196919,OLS,OLS_1
1081,SI_ref_17,Pristine SCG biochar,CBZ,Synthetic,0.9307104448319532,0.8201899771635688,OLS,OLS_1
1083,SI_ref_17,Pristine SCG biochar,CBZ,Synthetic,0.9258716624342764,0.8038227181424571,OLS,OLS_1
1085,SI_ref_17,Pristine SCG biochar,CBZ,Synthetic,0.9157118703628806,0.794232023617164,OLS,OLS_1
1087,SI_ref_17,Pristine SCG biochar,CBZ,Synthetic,0.9147137334986508,0.7874227366934354,OLS,OLS_1
1089,SI_ref_17,Pristine SCG biochar,CBZ,Synthetic,0.9138427672538969,0.7806107136012639,OLS,OLS_1
1091,SI_ref_17,Pristine SCG biochar,CBZ,Synthetic,0.8932130468798682,0.7169770796409494,OLS,OLS_1
1093,SI_ref_17,Pristine SCG biochar,CBZ,Synthetic,0.9247624360467385,0.7710063429686052,OLS,OLS_1
1095,SI_ref_17,Pristine SCG biochar,CBZ,Synthetic,0.9071706166070994,0.7710063429686052,OLS,OLS_1
1097,SI_ref_17,Pristine SCG biochar,CBZ,Synthetic,0.908534541255576,0.7710063429686052,OLS,OLS_1
1099,SI_ref_17,Pristine SCG biochar,CBZ,Synthetic,0.903895578148675,0.7710063429686052,OLS,OLS_1
1101,SI_ref_17,Pristine SCG biochar,CBZ,Synthetic,0.9071468090110305,0.7710063429686052,OLS,OLS_1
1103,SI_ref_17,Pristine SCG biochar,CBZ,Synthetic,0.890879570190962,0.7710063429686052,OLS,OLS_1
1105,SI_ref_17,Pristine SCG biochar,CBZ,Synthetic,0.8806314346444372,0.8250356062962609,OLS,OLS_1
1107,SI_ref_17,Pristine SCG biochar,CBZ,Synthetic,0.9289062306369882,0.7710063429686052,OLS,OLS_1
1109,SI_ref_17,Pristine SCG biochar,CBZ,Synthetic,0.9261272699552149,0.7710063429686052,OLS,OLS_1
1111,SI_ref_17,Pristine SCG biochar,CBZ,Synthetic,0.9403460613803251,0.7710063429686052,OLS,OLS_1
1113,SI_ref_17,Pristine SCG biochar,CBZ,Synthetic,0.9373850128799738,0.7710063429686052,OLS,OLS_1
1115,SI_ref_17,Pristine SCG biochar,CBZ,Synthetic,0.925161257978969,0.7710063429686052,OLS,OLS_1
1253,SI_ref_18,Pristine SCW Biochar,IBU,Lake water,0.9264336848996528,1.1258055078106983,OLS,OLS_1
1255,SI_ref_18,Pristine SCW Biochar,IBU,Lake water,0.9179334532144726,1.1097581651731818,OLS,OLS_1
1257,SI_ref_18,Pristine SCW Biochar,IBU,Lake water,0.916180999264559,1.093520450176677,OLS,OLS_1
1259,SI_ref_18,Pristine SCW Biochar,IBU,Lake water,0.9235678454978681,1.0771857781489187,OLS,OLS_1
1261,SI_ref_18,Pristine SCW Biochar,IBU,Lake water,0.9285970293283682,1.0608021748978287,OLS,OLS_1
1263,SI_ref_18,Pristine SCW Biochar,IBU,Lake water,0.9209592404126973,1.051206014669698,OLS,OLS_1
1265,SI_ref_18,Pristine SCW Biochar,IBU,Lake water,0.9279432945207517,1.0443939915775267,OLS,OLS_1
1269,SI_ref_18,Pristine SCW Biochar,IBU,Lake water,0.8974085452250303,1.00777498928104,OLS,OLS_1
1271,SI_ref_18,Pristine SCW Biochar,IBU,Lake water,0.9239929387412031,1.058504810302233,OLS,OLS_1
1273,SI_ref_18,Pristine SCW Biochar,IBU,Lake water,0.9256303580479686,1.034789620944868,OLS,OLS_1
1275,SI_ref_18,Pristine SCW Biochar,IBU,Lake water,0.9240446881745522,1.034789620944868,OLS,OLS_1
1276,SI_ref_18,Pristine SCW Biochar,IBU,Lake water,0.9283922239724117,1.034789620944868,OLS,OLS_1
1277,SI_ref_18,Pristine SCW Biochar,IBU,Lake water,0.9240711354841218,1.034789620944868,OLS,OLS_1
1279,SI_ref_18,Pristine SCW Biochar,IBU,Lake water,0.9204127206373283,1.034789620944868,OLS,OLS_1
1280,SI_ref_18,Pristine SCW Biochar,IBU,Lake water,0.9185968665123906,1.034789620944868,OLS,OLS_1
1281,SI_ref_18,Pristine SCW Biochar,IBU,Lake water,0.9182954449695013,1.034789620944868,OLS,OLS_1
1283,SI_ref_18,Pristine SCW Biochar,IBU,Lake water,0.9158900362354069,1.034789620944868,OLS,OLS_1
1284,SI_ref_18,Pristine SCW Biochar,IBU,Lake water,0.9125854189759445,1.034789620944868,OLS,OLS_1
1285,SI_ref_18,Pristine SCW Biochar,IBU,Lake water,0.9175495400890653,1.034789620944868,OLS,OLS_1
1287,SI_ref_18,Pristine SCW Biochar,IBU,Lake water,0.9120226357855434,1.034789620944868,OLS,OLS_1
1288,SI_ref_18,Pristine SCW Biochar,IBU,Lake water,0.9131050308227836,1.034789620944868,OLS,OLS_1
1289,SI_ref_18,Pristine SCW Biochar,IBU,Lake water,0.91141920930323,1.034789620944868,OLS,OLS_1
1291,SI_ref_18,Pristine SCW Biochar,IBU,Lake water,0.9068652159539504,1.034789620944868,OLS,OLS_1
1292,SI_ref_18,Pristine SCW Biochar,IBU,Lake water,0.9091226364337618,1.034789620944868,OLS,OLS_1
1293,SI_ref_18,Pristine SCW Biochar,IBU,Lake water,0.9067682424855283,1.034789620944868,OLS,OLS_1
1295,SI_ref_18,Pristine SCW Biochar,IBU,Lake water,0.9027540853962883,1.034789620944868,OLS,OLS_1
1296,SI_ref_18,Pristine SCW Biochar,IBU,Lake water,0.9025373859945938,1.034789620944868,OLS,OLS_1
1297,SI_ref_18,Pristine SCW Biochar,IBU,Lake water,0.9026152370210476,1.034789620944868,OLS,OLS_1
1298,SI_ref_18,Pristine SCW Biochar,IBU,Lake water,0.9219347373743266,1.0110744315875027,OLS,OLS_1
1300,SI_ref_18,Pristine SCW Biochar,IBU,Lake water,0.9277221749920567,1.0618042526086957,OLS,OLS_1
1302,SI_ref_18,Pristine SCW Biochar,IBU,Lake water,0.9340257796823453,1.0888188842725237,OLS,OLS_1
2,SI_ref_19,AMCB,IBU,Ground water,0.6563767477253929,0.4799158752378559,PCR,PCR_2
4,SI_ref_19,AMCB,IBU,Ground water,0.5414154110835401,0.46391996791892515,PCR,PCR_2
6,SI_ref_19,AMCB,IBU,Ground water,0.39819987427626136,0.4477342984269512,PCR,PCR_2
8,SI_ref_19,AMCB,IBU,Ground water,0.3426557088502895,0.4314519826726716,PCR,PCR_2
10,SI_ref_19,AMCB,IBU,Ground water,0.3352626765922249,0.41512089253056406,PCR,PCR_2
12,SI_ref_19,AMCB,IBU,Ground water,0.33078034739454093,0.40555549014001935,PCR,PCR_2
14,SI_ref_19,AMCB,IBU,Ground water,0.3305497038875103,0.3987653011038579,PCR,PCR_2
16,SI_ref_19,AMCB,IBU,Ground water,0.029204625724030753,0.41357723523381906,PCR,PCR_2
18,SI_ref_19,AMCB,IBU,Ground water,0.005264283840238958,0.38919171462496616,PCR,PCR_2
20,SI_ref_19,AMCB,IBU,Ground water,0.0023766372681587895,0.36480619401611314,PCR,PCR_2
22,SI_ref_19,AMCB,IBU,Ground water,0.32926049296939613,0.38919171462496616,PCR,PCR_2
24,SI_ref_19,AMCB,IBU,Ground water,0.19832193047959257,0.41356084148431194,PCR,PCR_2
26,SI_ref_19,AMCB,IBU,Ground water,0.1894672613641715,0.38917532087545886,PCR,PCR_2
28,SI_ref_19,AMCB,IBU,Ground water,0.1528746627917146,0.364789800266606,PCR,PCR_2
30,SI_ref_19,AMCB,IBU,Ground water,0.3449761650083755,0.4135444590996233,PCR,PCR_2
32,SI_ref_19,AMCB,IBU,Ground water,0.30765270742093687,0.38915893849077043,PCR,PCR_2
34,SI_ref_19,AMCB,IBU,Ground water,0.303030777614079,0.3647734178819173,PCR,PCR_2
36,SI_ref_19,AMCB,IBU,Ground water,0.41496556078686897,0.41352808806400704,PCR,PCR_2
38,SI_ref_19,AMCB,IBU,Ground water,0.3766264851820565,0.3891425674551542,PCR,PCR_2
40,SI_ref_19,AMCB,IBU,Ground water,0.38956403906090076,0.36475704684630117,PCR,PCR_2
42,SI_ref_19,AMCB,IBU,Ground water,0.5182383095521604,0.4135117283617497,PCR,PCR_2
44,SI_ref_19,AMCB,IBU,Ground water,0.5024496962602676,0.38912620775289675,PCR,PCR_2
46,SI_ref_19,AMCB,IBU,Ground water,0.48210720700720494,0.36474068714404384,PCR,PCR_2
48,SI_ref_19,AMCB,IBU,Ground water,0.03338351934448727,0.41349537997717045,PCR,PCR_2
50,SI_ref_19,AMCB,IBU,Ground water,0.0,0.38910985936831755,PCR,PCR_2
52,SI_ref_19,AMCB,IBU,Ground water,0.003531050071646246,0.36472433875946453,PCR,PCR_2
54,SI_ref_19,AMCB,IBU,Ground water,0.19999798179579809,0.41347904289462073,PCR,PCR_2
56,SI_ref_19,AMCB,IBU,Ground water,0.17260220522445793,0.3890935222857679,PCR,PCR_2
58,SI_ref_19,AMCB,IBU,Ground water,0.15656878376287445,0.3647080016769149,PCR,PCR_2
60,SI_ref_19,AMCB,IBU,Ground water,0.3457359785263073,0.4134627170984848,PCR,PCR_2
62,SI_ref_19,AMCB,IBU,Ground water,0.32626934953278575,0.3890771964896319,PCR,PCR_2
64,SI_ref_19,AMCB,IBU,Ground water,0.3258728934993643,0.36469167588077905,PCR,PCR_2
66,SI_ref_19,AMCB,IBU,Ground water,0.4885549946229274,0.413446402573179,PCR,PCR_2
68,SI_ref_19,AMCB,IBU,Ground water,0.39885279506866217,0.38906088196432603,PCR,PCR_2
70,SI_ref_19,AMCB,IBU,Ground water,0.42188356115014575,0.36467536135547307,PCR,PCR_2
72,SI_ref_19,AMCB,IBU,Ground water,0.5107350299703324,0.41343009930315194,PCR,PCR_2
74,SI_ref_19,AMCB,IBU,Ground water,0.5226317382792791,0.3890445786942991,PCR,PCR_2
76,SI_ref_19,AMCB,IBU,Ground water,0.4945842701164504,0.3646590580854461,PCR,PCR_2
78,SI_ref_19,AMCB,IBU,Ground water,0.025848755777109534,0.4134138072728845,PCR,PCR_2
80,SI_ref_19,AMCB,IBU,Ground water,0.008169690609295848,0.38902828666403155,PCR,PCR_2
82,SI_ref_19,AMCB,IBU,Ground water,0.0,0.36464276605517865,PCR,PCR_2
84,SI_ref_19,AMCB,IBU,Ground water,0.2007202298061851,0.4133975264668897,PCR,PCR_2
86,SI_ref_19,AMCB,IBU,Ground water,0.16952726930244136,0.3890120058580367,PCR,PCR_2
88,SI_ref_19,AMCB,IBU,Ground water,0.14747637019246942,0.36462648524918384,PCR,PCR_2
90,SI_ref_19,AMCB,IBU,Ground water,0.34008395729479907,0.41338125686971217,PCR,PCR_2
92,SI_ref_19,AMCB,IBU,Ground water,0.32813530040969546,0.3889957362608591,PCR,PCR_2
94,SI_ref_19,AMCB,IBU,Ground water,0.3191737471997417,0.3646102156520063,PCR,PCR_2
96,SI_ref_19,AMCB,IBU,Ground water,0.45590621693388655,0.41336499846592883,PCR,PCR_2
98,SI_ref_19,AMCB,IBU,Ground water,0.4386715603313315,0.38897947785707576,PCR,PCR_2
100,SI_ref_19,AMCB,IBU,Ground water,0.4136227630368784,0.364593957248223,PCR,PCR_2
102,SI_ref_19,AMCB,IBU,Ground water,0.15909620069601668,0.3627797979257308,PCR,PCR_2
104,SI_ref_19,AMCB,IBU,Ground water,0.32070040208616674,0.38896323063129534,PCR,PCR_2
106,SI_ref_19,AMCB,IBU,Ground water,0.3644459510905023,0.41514666333685984,PCR,PCR_2
108,SI_ref_19,AMCB,IBU,Ground water,0.46356787238707886,0.4413300960424245,PCR,PCR_2
110,SI_ref_19,AMCB,IBU,Ground water,0.5205305455205957,0.41334875124014836,PCR,PCR_2
112,SI_ref_19,AMCB,IBU,Ground water,0.5464029950150356,0.38896323063129534,PCR,PCR_2
114,SI_ref_19,AMCB,IBU,Ground water,0.48301499525722014,0.36457771002244244,PCR,PCR_2
117,SI_ref_17,Alkali-modified SCG biochars,CBZ,Synthetic,0.12103690777624292,0.46864258321831753,PCR,PCR_2
119,SI_ref_17,Alkali-modified SCG biochars,CBZ,Synthetic,0.0701486117179634,0.4526466758993867,PCR,PCR_2
121,SI_ref_17,Alkali-modified SCG biochars,CBZ,Synthetic,0.050188840370859876,0.42694441226377494,PCR,PCR_2
123,SI_ref_17,Alkali-modified SCG biochars,CBZ,Synthetic,0.033003190610721066,0.41062961396473663,PCR,PCR_2
125,SI_ref_17,Alkali-modified SCG biochars,CBZ,Synthetic,0.03511734337104713,0.4010696597582309,PCR,PCR_2
127,SI_ref_17,Alkali-modified SCG biochars,CBZ,Synthetic,0.03195287629892775,0.3942821981204808,PCR,PCR_2
129,SI_ref_17,Alkali-modified SCG biochars,CBZ,Synthetic,0.03449328813829176,0.38749200908431947,PCR,PCR_2
132,SI_ref_17,Alkali-modified SCG biochars,CBZ,Synthetic,0.041716779164719504,0.3779184226054277,PCR,PCR_2
134,SI_ref_17,Alkali-modified SCG biochars,CBZ,Synthetic,0.00635796336582959,0.3779184226054277,PCR,PCR_2
136,SI_ref_17,Alkali-modified SCG biochars,CBZ,Synthetic,0.011730609548845337,0.3779184226054277,PCR,PCR_2
138,SI_ref_17,Alkali-modified SCG biochars,CBZ,Synthetic,0.01988738850164665,0.3779184226054277,PCR,PCR_2
140,SI_ref_17,Alkali-modified SCG biochars,CBZ,Synthetic,0.006132526431344026,0.3779184226054277,PCR,PCR_2
142,SI_ref_17,Alkali-modified SCG biochars,CBZ,Synthetic,0.007712590639419909,0.3779184226054277,PCR,PCR_2
145,SI_ref_17,Alkali-modified SCG biochars,CBZ,Synthetic,0.10268999927349255,0.3779184226054277,PCR,PCR_2
147,SI_ref_17,Alkali-modified SCG biochars,CBZ,Synthetic,0.14439822919669368,0.3779184226054277,PCR,PCR_2
149,SI_ref_17,Alkali-modified SCG biochars,CBZ,Synthetic,0.34003506921741083,0.3779184226054277,PCR,PCR_2
151,SI_ref_17,Alkali-modified SCG biochars,CBZ,Synthetic,0.4516798693491866,0.3779184226054277,PCR,PCR_2
153,SI_ref_17,Alkali-modified SCG biochars,CBZ,Synthetic,0.5612135486607656,0.3779184226054277,PCR,PCR_2
282,SI_ref_19,CB,IBU,Ground water,0.9280102961124896,1.0400692962915403,PCR,PCR_2
284,SI_ref_19,CB,IBU,Ground water,0.9242732043010754,1.0240733889726097,PCR,PCR_2
286,SI_ref_19,CB,IBU,Ground water,0.9218881323407775,1.0078877194806357,PCR,PCR_2
288,SI_ref_19,CB,IBU,Ground water,0.9215853366418528,0.9916054037263561,PCR,PCR_2
290,SI_ref_19,CB,IBU,Ground water,0.9207959503722085,0.9752743135842485,PCR,PCR_2
292,SI_ref_19,CB,IBU,Ground water,0.9207361323407776,0.965708911193704,PCR,PCR_2
294,SI_ref_19,CB,IBU,Ground water,0.9206762613730356,0.9589187221575424,PCR,PCR_2
296,SI_ref_19,CB,IBU,Ground water,0.9945207101387852,0.9737306562875037,PCR,PCR_2
298,SI_ref_19,CB,IBU,Ground water,0.9765877548823724,0.9493451356786509,PCR,PCR_2
300,SI_ref_19,CB,IBU,Ground water,0.9595058090644278,0.9249596150697976,PCR,PCR_2
302,SI_ref_19,CB,IBU,Ground water,0.9409019130333385,0.9737306562875037,PCR,PCR_2
304,SI_ref_19,CB,IBU,Ground water,0.9323428884090048,0.9493451356786509,PCR,PCR_2
306,SI_ref_19,CB,IBU,Ground water,0.9259231602386863,0.9249596150697976,PCR,PCR_2
308,SI_ref_19,CB,IBU,Ground water,0.8753590996713628,0.9231617029730861,PCR,PCR_2
310,SI_ref_19,CB,IBU,Ground water,0.9341230700922319,0.9737306562875037,PCR,PCR_2
312,SI_ref_19,CB,IBU,Ground water,0.9234390298948024,0.9493451356786509,PCR,PCR_2
314,SI_ref_19,CB,IBU,Ground water,0.917590560186213,0.9249596150697976,PCR,PCR_2
316,SI_ref_19,CB,IBU,Ground water,0.9236132062907854,0.9755285683842151,PCR,PCR_2
318,SI_ref_19,CB,IBU,Ground water,0.9231865295080666,1.0017120010897795,PCR,PCR_2
320,SI_ref_19,CB,IBU,Ground water,0.9303445651202417,0.9737306562875037,PCR,PCR_2
322,SI_ref_19,CB,IBU,Ground water,0.923151204819856,0.9493451356786509,PCR,PCR_2
324,SI_ref_19,CB,IBU,Ground water,0.9175260660683171,0.9249596150697976,PCR,PCR_2
326,SI_ref_19,CB,IBU,Ground water,0.9318432124429017,0.9737306562875037,PCR,PCR_2
328,SI_ref_19,CB,IBU,Ground water,0.9241489703794897,0.9493451356786509,PCR,PCR_2
330,SI_ref_19,CB,IBU,Ground water,0.9174641264203113,0.9249596150697976,PCR,PCR_2
523,SI_ref_19,MCB,IBU,Ground water,0.9264289561621175,0.835136342549877,PCR,PCR_2
525,SI_ref_19,MCB,IBU,Ground water,0.9196854524400332,0.8191404352309464,PCR,PCR_2
527,SI_ref_19,MCB,IBU,Ground water,0.9178832092638545,0.8029547657389724,PCR,PCR_2
529,SI_ref_19,MCB,IBU,Ground water,0.9177463688999173,0.7866724499846925,PCR,PCR_2
531,SI_ref_19,MCB,IBU,Ground water,0.9177232092638544,0.770341359842585,PCR,PCR_2
533,SI_ref_19,MCB,IBU,Ground water,0.9175379321753515,0.7607759574520404,PCR,PCR_2
535,SI_ref_19,MCB,IBU,Ground water,0.9173856344086023,0.753985768415879,PCR,PCR_2
537,SI_ref_19,MCB,IBU,Ground water,0.9902068659306948,0.7687977025458401,PCR,PCR_2
539,SI_ref_19,MCB,IBU,Ground water,0.9708228218531151,0.7444121819369872,PCR,PCR_2
541,SI_ref_19,MCB,IBU,Ground water,0.9483485035015843,0.7200266613281343,PCR,PCR_2
543,SI_ref_19,MCB,IBU,Ground water,0.9173115500413566,0.7444121819369872,PCR,PCR_2
545,SI_ref_19,MCB,IBU,Ground water,0.9358359065436908,0.768781308796333,PCR,PCR_2
547,SI_ref_19,MCB,IBU,Ground water,0.9263512886233829,0.74439578818748,PCR,PCR_2
549,SI_ref_19,MCB,IBU,Ground water,0.9153544975680639,0.7200102675786271,PCR,PCR_2
551,SI_ref_19,MCB,IBU,Ground water,0.9271238571918706,0.7687649264116444,PCR,PCR_2
553,SI_ref_19,MCB,IBU,Ground water,0.9199191103755877,0.7443794058027914,PCR,PCR_2
555,SI_ref_19,MCB,IBU,Ground water,0.910886274193223,0.7199938851939386,PCR,PCR_2
557,SI_ref_19,MCB,IBU,Ground water,0.8716126359176348,0.7181796020616107,PCR,PCR_2
559,SI_ref_19,MCB,IBU,Ground water,0.9228881866842084,0.7443630347671751,PCR,PCR_2
561,SI_ref_19,MCB,IBU,Ground water,0.9227697266379059,0.7705464674727399,PCR,PCR_2
563,SI_ref_19,MCB,IBU,Ground water,0.9221446299502403,0.7967299001783044,PCR,PCR_2
565,SI_ref_19,MCB,IBU,Ground water,0.9254612605703445,0.7687485553760282,PCR,PCR_2
567,SI_ref_19,MCB,IBU,Ground water,0.9188111047361486,0.7443630347671751,PCR,PCR_2
569,SI_ref_19,MCB,IBU,Ground water,0.9124876096677748,0.7199775141583222,PCR,PCR_2
571,SI_ref_19,MCB,IBU,Ground water,0.927696260267614,0.7687321956737708,PCR,PCR_2
573,SI_ref_19,MCB,IBU,Ground water,0.9222883610163676,0.7443466750649178,PCR,PCR_2
575,SI_ref_19,MCB,IBU,Ground water,0.9173366162788351,0.719961154456065,PCR,PCR_2
577,SI_ref_19,MCB,IBU,Ground water,0.9896236049163454,0.7687158472891915,PCR,PCR_2
579,SI_ref_19,MCB,IBU,Ground water,0.9728688772730024,0.7443303266803386,PCR,PCR_2
581,SI_ref_19,MCB,IBU,Ground water,0.95367292982704,0.7199448060714857,PCR,PCR_2
583,SI_ref_19,MCB,IBU,Ground water,0.9381494412938034,0.7686995102066417,PCR,PCR_2
585,SI_ref_19,MCB,IBU,Ground water,0.925414707326754,0.7443139895977888,PCR,PCR_2
587,SI_ref_19,MCB,IBU,Ground water,0.9200694262245456,0.7199284689889361,PCR,PCR_2
589,SI_ref_19,MCB,IBU,Ground water,0.9296751902157461,0.7686831844105059,PCR,PCR_2
591,SI_ref_19,MCB,IBU,Ground water,0.9221403459202003,0.744297663801653,PCR,PCR_2
593,SI_ref_19,MCB,IBU,Ground water,0.911624129649438,0.7199121431928001,PCR,PCR_2
595,SI_ref_19,MCB,IBU,Ground water,0.9248851497651674,0.7686668698852002,PCR,PCR_2
597,SI_ref_19,MCB,IBU,Ground water,0.9206218375460943,0.744281349276347,PCR,PCR_2
599,SI_ref_19,MCB,IBU,Ground water,0.9170274735254856,0.7198958286674941,PCR,PCR_2
601,SI_ref_19,MCB,IBU,Ground water,0.9300914246503462,0.768650566615173,PCR,PCR_2
603,SI_ref_19,MCB,IBU,Ground water,0.920786534541565,0.74426504600632,PCR,PCR_2
605,SI_ref_19,MCB,IBU,Ground water,0.9160948152334054,0.7198795253974671,PCR,PCR_2
607,SI_ref_19,MCB,IBU,Ground water,0.9861765121394982,0.7686342745849056,PCR,PCR_2
609,SI_ref_19,MCB,IBU,Ground water,0.9661781267028597,0.7442487539760526,PCR,PCR_2
611,SI_ref_19,MCB,IBU,Ground water,0.9529992532644452,0.7198632333671997,PCR,PCR_2
613,SI_ref_19,MCB,IBU,Ground water,0.9352947587236877,0.7686179937789107,PCR,PCR_2
615,SI_ref_19,MCB,IBU,Ground water,0.9284499518994666,0.7442324731700577,PCR,PCR_2
617,SI_ref_19,MCB,IBU,Ground water,0.917077774862594,0.7198469525612048,PCR,PCR_2
619,SI_ref_19,MCB,IBU,Ground water,0.9255842902984923,0.7686017241817331,PCR,PCR_2
621,SI_ref_19,MCB,IBU,Ground water,0.9186162384710084,0.7442162035728803,PCR,PCR_2
623,SI_ref_19,MCB,IBU,Ground water,0.9103224686673798,0.7198306829640272,PCR,PCR_2
625,SI_ref_19,MCB,IBU,Ground water,0.9258221154816445,0.76858546577795,PCR,PCR_2
627,SI_ref_19,MCB,IBU,Ground water,0.921668420582223,0.744199945169097,PCR,PCR_2
629,SI_ref_19,MCB,IBU,Ground water,0.9150562646500002,0.719814424560244,PCR,PCR_2
631,SI_ref_19,MCB,IBU,Ground water,0.9296259863973036,0.7685692185521694,PCR,PCR_2
633,SI_ref_19,MCB,IBU,Ground water,0.9216175906678238,0.7441836979433164,PCR,PCR_2
635,SI_ref_19,MCB,IBU,Ground water,0.9188076045934327,0.7197981773344635,PCR,PCR_2
698,SI_ref_18,NaOH-activated SCW biochars,IBU,Lake water,0.585296751211726,0.47023008179433234,PCR,PCR_2
700,SI_ref_18,NaOH-activated SCW biochars,IBU,Lake water,0.6304734220526563,0.4542341744754016,PCR,PCR_2
702,SI_ref_18,NaOH-activated SCW biochars,IBU,Lake water,0.6077686506314385,0.43804850498342773,PCR,PCR_2
704,SI_ref_18,NaOH-activated SCW biochars,IBU,Lake water,0.6040537723014899,0.4217661892291481,PCR,PCR_2
706,SI_ref_18,NaOH-activated SCW biochars,IBU,Lake water,0.6292724453182281,0.40543509908704034,PCR,PCR_2
708,SI_ref_18,NaOH-activated SCW biochars,IBU,Lake water,0.6376478565264503,0.39586969669649574,PCR,PCR_2
710,SI_ref_18,NaOH-activated SCW biochars,IBU,Lake water,0.6108673600702487,0.38907950766033433,PCR,PCR_2
712,SI_ref_18,NaOH-activated SCW biochars,IBU,Lake water,0.10371139816269948,0.37950592118144244,PCR,PCR_2
714,SI_ref_18,NaOH-activated SCW biochars,IBU,Lake water,0.46656560236114836,0.37950592118144244,PCR,PCR_2
716,SI_ref_18,NaOH-activated SCW biochars,IBU,Lake water,0.44106817459704084,0.35332248847587794,PCR,PCR_2
718,SI_ref_18,NaOH-activated SCW biochars,IBU,Lake water,0.6893393142281772,0.40389144179029557,PCR,PCR_2
720,SI_ref_18,NaOH-activated SCW biochars,IBU,Lake water,0.621379975330744,0.37950592118144244,PCR,PCR_2
722,SI_ref_18,NaOH-activated SCW biochars,IBU,Lake water,0.6727437787241767,0.37950592118144244,PCR,PCR_2
723,SI_ref_18,NaOH-activated SCW biochars,IBU,Lake water,0.6293605973980515,0.37950592118144244,PCR,PCR_2
724,SI_ref_18,NaOH-activated SCW biochars,IBU,Lake water,0.6573710855713073,0.37950592118144244,PCR,PCR_2
726,SI_ref_18,NaOH-activated SCW biochars,IBU,Lake water,0.6298354173553987,0.37950592118144244,PCR,PCR_2
727,SI_ref_18,NaOH-activated SCW biochars,IBU,Lake water,0.6523803226831055,0.37950592118144244,PCR,PCR_2
728,SI_ref_18,NaOH-activated SCW biochars,IBU,Lake water,0.6378679449532959,0.37950592118144244,PCR,PCR_2
730,SI_ref_18,NaOH-activated SCW biochars,IBU,Lake water,0.627404015064595,0.37950592118144244,PCR,PCR_2
731,SI_ref_18,NaOH-activated SCW biochars,IBU,Lake water,0.6077370696640284,0.37950592118144244,PCR,PCR_2
732,SI_ref_18,NaOH-activated SCW biochars,IBU,Lake water,0.6159420233488258,0.37950592118144244,PCR,PCR_2
734,SI_ref_18,NaOH-activated SCW biochars,IBU,Lake water,0.6074163960354965,0.37950592118144244,PCR,PCR_2
735,SI_ref_18,NaOH-activated SCW biochars,IBU,Lake water,0.6146046840259546,0.37950592118144244,PCR,PCR_2
736,SI_ref_18,NaOH-activated SCW biochars,IBU,Lake water,0.6281995086504742,0.37950592118144244,PCR,PCR_2
738,SI_ref_18,NaOH-activated SCW biochars,IBU,Lake water,0.6298527247859258,0.37950592118144244,PCR,PCR_2
739,SI_ref_18,NaOH-activated SCW biochars,IBU,Lake water,0.576999656444263,0.37950592118144244,PCR,PCR_2
740,SI_ref_18,NaOH-activated SCW biochars,IBU,Lake water,0.5791171913994386,0.37950592118144244,PCR,PCR_2
742,SI_ref_18,NaOH-activated SCW biochars,IBU,Lake water,0.5786725135963804,0.37950592118144244,PCR,PCR_2
743,SI_ref_18,NaOH-activated SCW biochars,IBU,Lake water,0.6233870058145189,0.37950592118144244,PCR,PCR_2
744,SI_ref_18,NaOH-activated SCW biochars,IBU,Lake water,0.5944978576382812,0.37950592118144244,PCR,PCR_2
745,SI_ref_18,NaOH-activated SCW biochars,IBU,Lake water,0.5630080357470825,0.35512040057258965,PCR,PCR_2
747,SI_ref_18,NaOH-activated SCW biochars,IBU,Lake water,0.6846241766923425,0.40568935388700716,PCR,PCR_2
749,SI_ref_18,NaOH-activated SCW biochars,IBU,Lake water,0.744908980376152,0.43187278659257167,PCR,PCR_2
751,SI_ref_18,NaOH-activated SCW biochars,IBU,Lake water,0.6869669848084122,0.37950592118144244,PCR,PCR_2
753,SI_ref_18,NaOH-activated SCW biochars,IBU,Lake water,0.7932075459644551,0.37950592118144244,PCR,PCR_2
852,SI_ref_13,PB600,CBZ,Synthetic,0.5776772247360483,0.9250917557178819,PCR,PCR_2
853,SI_ref_13,PB600,CBZ,Synthetic,0.5656108597285068,0.9090958483989509,PCR,PCR_2
854,SI_ref_13,PB600,CBZ,Synthetic,0.5475113122171945,0.8929101789069771,PCR,PCR_2
855,SI_ref_13,PB600,CBZ,Synthetic,0.4479638009049774,0.8833935847633391,PCR,PCR_2
856,SI_ref_13,PB600,CBZ,Synthetic,0.45098039215686275,0.8670787864643009,PCR,PCR_2
857,SI_ref_13,PB600,CBZ,Synthetic,0.42684766214177977,0.8575188322577951,PCR,PCR_2
858,SI_ref_13,PB600,CBZ,Synthetic,0.32437120555073723,0.8507313706200451,PCR,PCR_2
859,SI_ref_13,PB600,CBZ,Synthetic,0.4773489932885906,0.8751168912288981,PCR,PCR_2
860,SI_ref_13,PB600,CBZ,Synthetic,0.4437372714068248,0.8507313706200451,PCR,PCR_2
861,SI_ref_13,PB600,CBZ,Synthetic,0.35791881074899945,0.8507313706200451,PCR,PCR_2
862,SI_ref_13,PB600,CBZ,Synthetic,0.32426715019643393,0.8507313706200451,PCR,PCR_2
863,SI_ref_13,PB600,CBZ,Synthetic,0.24055829228243014,0.8507313706200451,PCR,PCR_2
864,SI_ref_13,PB600,CBZ,Synthetic,0.44839549002601903,0.8263458500111922,PCR,PCR_2
865,SI_ref_13,PB600,CBZ,Synthetic,0.5528523489932886,0.8019603294023393,PCR,PCR_2
866,SI_ref_13,PB600,CBZ,Synthetic,0.5653368025440879,0.8507313706200451,PCR,PCR_2
867,SI_ref_13,PB600,CBZ,Synthetic,0.6235906331309627,0.8507313706200451,PCR,PCR_2
868,SI_ref_13,PB600,CBZ,Synthetic,0.6991037872217403,0.8507313706200451,PCR,PCR_2
869,SI_ref_13,PB600,CBZ,Synthetic,0.7401395944327428,0.8507313706200451,PCR,PCR_2
870,SI_ref_13,PB600,CBZ,Synthetic,0.8642533936651583,0.8343675951049918,PCR,PCR_2
871,SI_ref_13,PB600,CBZ,Synthetic,0.6953242835595775,0.8343675951049918,PCR,PCR_2
872,SI_ref_13,PB600,CBZ,Synthetic,0.4479638009049774,0.8343675951049918,PCR,PCR_2
873,SI_ref_13,PB600,CBZ,Synthetic,0.36651583710407243,0.8343675951049918,PCR,PCR_2
874,SI_ref_13,PB600,CBZ,Synthetic,0.248868778280543,0.8343675951049918,PCR,PCR_2
898,SI_ref_13,PB600,CBZ,Synthetic,0.244663382594417,0.8507313706200451,PCR,PCR_2
899,SI_ref_13,PB800,CBZ,Synthetic,0.27061079156395507,0.42058184947540334,PCR,PCR_2
900,SI_ref_13,PB800,CBZ,Synthetic,0.22678718159408381,0.4045859421564726,PCR,PCR_2
901,SI_ref_13,PB800,CBZ,Synthetic,0.18844152287044644,0.3884002726644986,PCR,PCR_2
902,SI_ref_13,PB800,CBZ,Synthetic,0.17748562037797863,0.37888367852086063,PCR,PCR_2
903,SI_ref_13,PB800,CBZ,Synthetic,0.16379074226239385,0.36256888022182254,PCR,PCR_2
904,SI_ref_13,PB800,CBZ,Synthetic,0.155573815393043,0.3530089260153168,PCR,PCR_2
905,SI_ref_13,PB800,CBZ,Synthetic,0.08520900321543408,0.34622146437756673,PCR,PCR_2
906,SI_ref_13,PB800,CBZ,Synthetic,0.16135346756152125,0.37060698498641964,PCR,PCR_2
907,SI_ref_13,PB800,CBZ,Synthetic,0.1561792870827899,0.34622146437756673,PCR,PCR_2
908,SI_ref_13,PB800,CBZ,Synthetic,0.13676633444075306,0.34622146437756673,PCR,PCR_2
909,SI_ref_13,PB800,CBZ,Synthetic,0.1002310803004044,0.34622146437756673,PCR,PCR_2
910,SI_ref_13,PB800,CBZ,Synthetic,0.04322336667164253,0.34622146437756673,PCR,PCR_2
911,SI_ref_13,PB800,CBZ,Synthetic,0.20609619686800895,0.3218359437687137,PCR,PCR_2
912,SI_ref_13,PB800,CBZ,Synthetic,0.1865212527964206,0.2974504231598608,PCR,PCR_2
913,SI_ref_13,PB800,CBZ,Synthetic,0.28121650589496244,0.34622146437756673,PCR,PCR_2
914,SI_ref_13,PB800,CBZ,Synthetic,0.36611289746337977,0.34622146437756673,PCR,PCR_2
915,SI_ref_13,PB800,CBZ,Synthetic,0.5117363344051448,0.34622146437756673,PCR,PCR_2
916,SI_ref_13,PB800,CBZ,Synthetic,0.5707012708620426,0.34622146437756673,PCR,PCR_2
917,SI_ref_13,PB800,CBZ,Synthetic,0.5791052918712493,0.32985768886251354,PCR,PCR_2
918,SI_ref_13,PB800,CBZ,Synthetic,0.30905619203491547,0.32985768886251354,PCR,PCR_2
919,SI_ref_13,PB800,CBZ,Synthetic,0.16448445171849424,0.32985768886251354,PCR,PCR_2
920,SI_ref_13,PB800,CBZ,Synthetic,0.12460736493062231,0.32985768886251354,PCR,PCR_2
921,SI_ref_13,PB800,CBZ,Synthetic,0.08265139116202945,0.32985768886251354,PCR,PCR_2
987,SI_ref_15,PSB,TEB,Synthetic,0.9529494921755761,0.976036905227412,PCR,PCR_2
988,SI_ref_15,PSB,TEB,Synthetic,0.9422238246841239,0.9600409979084814,PCR,PCR_2
989,SI_ref_15,PSB,TEB,Synthetic,0.9297851778252496,0.9438553284165074,PCR,PCR_2
990,SI_ref_15,PSB,TEB,Synthetic,0.9225192311101157,0.9275730126622278,PCR,PCR_2
991,SI_ref_15,PSB,TEB,Synthetic,0.920805363267918,0.9112419225201202,PCR,PCR_2
992,SI_ref_15,PSB,TEB,Synthetic,0.9178876121047361,0.9016765201295754,PCR,PCR_2
993,SI_ref_15,PSB,TEB,Synthetic,0.9171857170319854,0.894886331093414,PCR,PCR_2
994,SI_ref_15,PSB,TEB,Synthetic,0.9362126098667423,0.8853127446145224,PCR,PCR_2
995,SI_ref_15,PSB,TEB,Synthetic,0.9575716949823408,0.8853127446145224,PCR,PCR_2
996,SI_ref_15,PSB,TEB,Synthetic,0.9144403299752767,0.8853127446145224,PCR,PCR_2
997,SI_ref_15,PSB,TEB,Synthetic,0.9131362601666559,0.8853127446145224,PCR,PCR_2
998,SI_ref_15,PSB,TEB,Synthetic,0.9073783566890704,0.8853127446145224,PCR,PCR_2
999,SI_ref_15,PSB,TEB,Synthetic,0.8610942615965279,0.8853127446145224,PCR,PCR_2
1000,SI_ref_15,PSB,TEB,Synthetic,0.8714762044822667,0.8853127446145224,PCR,PCR_2
1001,SI_ref_15,PSB,TEB,Synthetic,0.8650362109004135,0.8853127446145224,PCR,PCR_2
1002,SI_ref_15,PSB,TEB,Synthetic,0.9441016733966956,0.8853127446145224,PCR,PCR_2
1003,SI_ref_15,PSB,TEB,Synthetic,0.952584477756588,0.8853127446145224,PCR,PCR_2
1004,SI_ref_15,PSB,TEB,Synthetic,0.9589909115585907,0.8853127446145224,PCR,PCR_2
1005,SI_ref_15,PSB,TEB,Synthetic,0.9629553594597028,0.8853127446145224,PCR,PCR_2
1052,SI_ref_15,PSBOX-A,TEB,Synthetic,0.5158767649493458,0.25327779807615564,PCR,PCR_2
1053,SI_ref_15,PSBOX-A,TEB,Synthetic,0.41210379963008376,0.23728189075722478,PCR,PCR_2
1054,SI_ref_15,PSBOX-A,TEB,Synthetic,0.30623403384032577,0.22109622126525091,PCR,PCR_2
1055,SI_ref_15,PSBOX-A,TEB,Synthetic,0.21283845390046752,0.20481390551097117,PCR,PCR_2
1056,SI_ref_15,PSBOX-A,TEB,Synthetic,0.12421842587964138,0.18848281536886363,PCR,PCR_2
1057,SI_ref_15,PSBOX-A,TEB,Synthetic,0.09371708683213013,0.178917412978319,PCR,PCR_2
1058,SI_ref_15,PSBOX-A,TEB,Synthetic,0.07890621232231329,0.17212722394215751,PCR,PCR_2
1059,SI_ref_15,PSBOX-A,TEB,Synthetic,0.07277962857952934,0.16255363746326576,PCR,PCR_2
1060,SI_ref_15,PSBOX-A,TEB,Synthetic,0.5073983287736047,0.11018677205213662,PCR,PCR_2
1061,SI_ref_15,PSBOX-A,TEB,Synthetic,0.5163778457532948,0.1869391580721186,PCR,PCR_2
1062,SI_ref_15,PSBOX-A,TEB,Synthetic,0.5077105405964751,0.16255363746326576,PCR,PCR_2
1063,SI_ref_15,PSBOX-A,TEB,Synthetic,0.058828707349529885,0.16255363746326576,PCR,PCR_2
1064,SI_ref_15,PSBOX-A,TEB,Synthetic,0.4930488637978448,0.13816811685441288,PCR,PCR_2
1065,SI_ref_15,PSBOX-A,TEB,Synthetic,0.5160089507499187,0.2149205028743949,PCR,PCR_2
1066,SI_ref_15,PSBOX-A,TEB,Synthetic,0.07083175356135256,0.16255363746326576,PCR,PCR_2
1067,SI_ref_15,PSBOX-A,TEB,Synthetic,0.051172794584274484,0.16255363746326576,PCR,PCR_2
1068,SI_ref_15,PSBOX-A,TEB,Synthetic,0.04750722464731311,0.16255363746326576,PCR,PCR_2
1069,SI_ref_15,PSBOX-A,TEB,Synthetic,0.04108376658313895,0.16255363746326576,PCR,PCR_2
1070,SI_ref_15,PSBOX-A,TEB,Synthetic,0.04527670142322688,0.16255363746326576,PCR,PCR_2
1071,SI_ref_15,PSBOX-A,TEB,Synthetic,0.04243318293660387,0.16255363746326576,PCR,PCR_2
1072,SI_ref_15,PSBOX-A,TEB,Synthetic,0.09409506092292502,0.16255363746326576,PCR,PCR_2
1073,SI_ref_15,PSBOX-A,TEB,Synthetic,0.28314921751011557,0.16255363746326576,PCR,PCR_2
1074,SI_ref_15,PSBOX-A,TEB,Synthetic,0.44223994246690523,0.16255363746326576,PCR,PCR_2
1075,SI_ref_15,PSBOX-A,TEB,Synthetic,0.5102144207532882,0.16255363746326576,PCR,PCR_2
1077,SI_ref_17,Pristine SCG biochar,CBZ,Synthetic,0.9431980957558961,0.9642520389498966,PCR,PCR_2
1079,SI_ref_17,Pristine SCG biochar,CBZ,Synthetic,0.9360319849357849,0.9482561316309659,PCR,PCR_2
1081,SI_ref_17,Pristine SCG biochar,CBZ,Synthetic,0.9307104448319532,0.922553867995354,PCR,PCR_2
1083,SI_ref_17,Pristine SCG biochar,CBZ,Synthetic,0.9258716624342764,0.9062390696963157,PCR,PCR_2
1085,SI_ref_17,Pristine SCG biochar,CBZ,Synthetic,0.9157118703628806,0.8966791154898102,PCR,PCR_2
1087,SI_ref_17,Pristine SCG biochar,CBZ,Synthetic,0.9147137334986508,0.8898916538520599,PCR,PCR_2
1089,SI_ref_17,Pristine SCG biochar,CBZ,Synthetic,0.9138427672538969,0.8831014648158986,PCR,PCR_2
1091,SI_ref_17,Pristine SCG biochar,CBZ,Synthetic,0.8932130468798682,0.8211610129258776,PCR,PCR_2
1093,SI_ref_17,Pristine SCG biochar,CBZ,Synthetic,0.9247624360467385,0.8735278783370067,PCR,PCR_2
1095,SI_ref_17,Pristine SCG biochar,CBZ,Synthetic,0.9071706166070994,0.8735278783370067,PCR,PCR_2
1097,SI_ref_17,Pristine SCG biochar,CBZ,Synthetic,0.908534541255576,0.8735278783370067,PCR,PCR_2
1099,SI_ref_17,Pristine SCG biochar,CBZ,Synthetic,0.903895578148675,0.8735278783370067,PCR,PCR_2
1101,SI_ref_17,Pristine SCG biochar,CBZ,Synthetic,0.9071468090110305,0.8735278783370067,PCR,PCR_2
1103,SI_ref_17,Pristine SCG biochar,CBZ,Synthetic,0.890879570190962,0.8735278783370067,PCR,PCR_2
1105,SI_ref_17,Pristine SCG biochar,CBZ,Synthetic,0.8806314346444372,0.9258947437481359,PCR,PCR_2
1107,SI_ref_17,Pristine SCG biochar,CBZ,Synthetic,0.9289062306369882,0.8735278783370067,PCR,PCR_2
1109,SI_ref_17,Pristine SCG biochar,CBZ,Synthetic,0.9261272699552149,0.8735278783370067,PCR,PCR_2
1111,SI_ref_17,Pristine SCG biochar,CBZ,Synthetic,0.9403460613803251,0.8735278783370067,PCR,PCR_2
1113,SI_ref_17,Pristine SCG biochar,CBZ,Synthetic,0.9373850128799738,0.8735278783370067,PCR,PCR_2
1115,SI_ref_17,Pristine SCG biochar,CBZ,Synthetic,0.925161257978969,0.8735278783370067,PCR,PCR_2
1253,SI_ref_18,Pristine SCW Biochar,IBU,Lake water,0.9264336848996528,1.0165224996167752,PCR,PCR_2
1255,SI_ref_18,Pristine SCW Biochar,IBU,Lake water,0.9179334532144726,1.0005265922978444,PCR,PCR_2
1257,SI_ref_18,Pristine SCW Biochar,IBU,Lake water,0.916180999264559,0.9843409228058703,PCR,PCR_2
1259,SI_ref_18,Pristine SCW Biochar,IBU,Lake water,0.9235678454978681,0.9680586070515906,PCR,PCR_2
1261,SI_ref_18,Pristine SCW Biochar,IBU,Lake water,0.9285970293283682,0.9517275169094831,PCR,PCR_2
1263,SI_ref_18,Pristine SCW Biochar,IBU,Lake water,0.9209592404126973,0.9421621145189385,PCR,PCR_2
1265,SI_ref_18,Pristine SCW Biochar,IBU,Lake water,0.9279432945207517,0.9353719254827769,PCR,PCR_2
1269,SI_ref_18,Pristine SCW Biochar,IBU,Lake water,0.8974085452250303,0.8996149062983207,PCR,PCR_2
1271,SI_ref_18,Pristine SCW Biochar,IBU,Lake water,0.9239929387412031,0.950183859612738,PCR,PCR_2
1273,SI_ref_18,Pristine SCW Biochar,IBU,Lake water,0.9256303580479686,0.9257983390038851,PCR,PCR_2
1275,SI_ref_18,Pristine SCW Biochar,IBU,Lake water,0.9240446881745522,0.9257983390038851,PCR,PCR_2
1276,SI_ref_18,Pristine SCW Biochar,IBU,Lake water,0.9283922239724117,0.9257983390038851,PCR,PCR_2
1277,SI_ref_18,Pristine SCW Biochar,IBU,Lake water,0.9240711354841218,0.9257983390038851,PCR,PCR_2
1279,SI_ref_18,Pristine SCW Biochar,IBU,Lake water,0.9204127206373283,0.9257983390038851,PCR,PCR_2
1280,SI_ref_18,Pristine SCW Biochar,IBU,Lake water,0.9185968665123906,0.9257983390038851,PCR,PCR_2
1281,SI_ref_18,Pristine SCW Biochar,IBU,Lake water,0.9182954449695013,0.9257983390038851,PCR,PCR_2
1283,SI_ref_18,Pristine SCW Biochar,IBU,Lake water,0.9158900362354069,0.9257983390038851,PCR,PCR_2
1284,SI_ref_18,Pristine SCW Biochar,IBU,Lake water,0.9125854189759445,0.9257983390038851,PCR,PCR_2
1285,SI_ref_18,Pristine SCW Biochar,IBU,Lake water,0.9175495400890653,0.9257983390038851,PCR,PCR_2
1287,SI_ref_18,Pristine SCW Biochar,IBU,Lake water,0.9120226357855434,0.9257983390038851,PCR,PCR_2
1288,SI_ref_18,Pristine SCW Biochar,IBU,Lake water,0.9131050308227836,0.9257983390038851,PCR,PCR_2
1289,SI_ref_18,Pristine SCW Biochar,IBU,Lake water,0.91141920930323,0.9257983390038851,PCR,PCR_2
1291,SI_ref_18,Pristine SCW Biochar,IBU,Lake water,0.9068652159539504,0.9257983390038851,PCR,PCR_2
1292,SI_ref_18,Pristine SCW Biochar,IBU,Lake water,0.9091226364337618,0.9257983390038851,PCR,PCR_2
1293,SI_ref_18,Pristine SCW Biochar,IBU,Lake water,0.9067682424855283,0.9257983390038851,PCR,PCR_2
1295,SI_ref_18,Pristine SCW Biochar,IBU,Lake water,0.9027540853962883,0.9257983390038851,PCR,PCR_2
1296,SI_ref_18,Pristine SCW Biochar,IBU,Lake water,0.9025373859945938,0.9257983390038851,PCR,PCR_2
1297,SI_ref_18,Pristine SCW Biochar,IBU,Lake water,0.9026152370210476,0.9257983390038851,PCR,PCR_2
1298,SI_ref_18,Pristine SCW Biochar,IBU,Lake water,0.9219347373743266,0.9014128183950323,PCR,PCR_2
1300,SI_ref_18,Pristine SCW Biochar,IBU,Lake water,0.9277221749920567,0.9519817717094499,PCR,PCR_2
1302,SI_ref_18,Pristine SCW Biochar,IBU,Lake water,0.9340257796823453,0.9781652044150143,PCR,PCR_2
2,SI_ref_19,AMCB,IBU,Ground water,0.6563767477253929,0.5643465313163419,PLS,PLS_1
4,SI_ref_19,AMCB,IBU,Ground water,0.5414154110835401,0.5453738419496633,PLS,PLS_1
6,SI_ref_19,AMCB,IBU,Ground water,0.39819987427626136,0.5261760763374859,PLS,PLS_1
8,SI_ref_19,AMCB,IBU,Ground water,0.3426557088502895,0.5068636789337745,PLS,PLS_1
10,SI_ref_19,AMCB,IBU,Ground water,0.3352626765922249,0.4874934304003424,PLS,PLS_1
12,SI_ref_19,AMCB,IBU,Ground water,0.33078034739454093,0.47614794029436336,PLS,PLS_1
14,SI_ref_19,AMCB,IBU,Ground water,0.3305497038875103,0.46809412097949066,PLS,PLS_1
16,SI_ref_19,AMCB,IBU,Ground water,0.029204625724030753,0.48566596128587436,PLS,PLS_1
18,SI_ref_19,AMCB,IBU,Ground water,0.005264283840238958,0.4567389237551303,PLS,PLS_1
20,SI_ref_19,AMCB,IBU,Ground water,0.0023766372681587895,0.42781188622438626,PLS,PLS_1
22,SI_ref_19,AMCB,IBU,Ground water,0.32926049296939613,0.4567389237551303,PLS,PLS_1
24,SI_ref_19,AMCB,IBU,Ground water,0.19832193047959257,0.48564651671728853,PLS,PLS_1
26,SI_ref_19,AMCB,IBU,Ground water,0.1894672613641715,0.45671947918654443,PLS,PLS_1
28,SI_ref_19,AMCB,IBU,Ground water,0.1528746627917146,0.42779244165580044,PLS,PLS_1
30,SI_ref_19,AMCB,IBU,Ground water,0.3449761650083755,0.48562708562847406,PLS,PLS_1
32,SI_ref_19,AMCB,IBU,Ground water,0.30765270742093687,0.45670004809773,PLS,PLS_1
34,SI_ref_19,AMCB,IBU,Ground water,0.303030777614079,0.4277730105669859,PLS,PLS_1
36,SI_ref_19,AMCB,IBU,Ground water,0.41496556078686897,0.4856076680007544,PLS,PLS_1
38,SI_ref_19,AMCB,IBU,Ground water,0.3766264851820565,0.45668063047001034,PLS,PLS_1
40,SI_ref_19,AMCB,IBU,Ground water,0.38956403906090076,0.4277535929392663,PLS,PLS_1
42,SI_ref_19,AMCB,IBU,Ground water,0.5182383095521604,0.4855882638154918,PLS,PLS_1
44,SI_ref_19,AMCB,IBU,Ground water,0.5024496962602676,0.45666122628474776,PLS,PLS_1
46,SI_ref_19,AMCB,IBU,Ground water,0.48210720700720494,0.4277341887540037,PLS,PLS_1
48,SI_ref_19,AMCB,IBU,Ground water,0.03338351934448727,0.4855688730540873,PLS,PLS_1
50,SI_ref_19,AMCB,IBU,Ground water,0.0,0.45664183552334325,PLS,PLS_1
52,SI_ref_19,AMCB,IBU,Ground water,0.003531050071646246,0.42771479799259915,PLS,PLS_1
54,SI_ref_19,AMCB,IBU,Ground water,0.19999798179579809,0.48554949569798034,PLS,PLS_1
56,SI_ref_19,AMCB,IBU,Ground water,0.17260220522445793,0.4566224581672363,PLS,PLS_1
58,SI_ref_19,AMCB,IBU,Ground water,0.15656878376287445,0.42769542063649224,PLS,PLS_1
60,SI_ref_19,AMCB,IBU,Ground water,0.3457359785263073,0.485530131728649,PLS,PLS_1
62,SI_ref_19,AMCB,IBU,Ground water,0.32626934953278575,0.45660309419790496,PLS,PLS_1
64,SI_ref_19,AMCB,IBU,Ground water,0.3258728934993643,0.4276760566671609,PLS,PLS_1
66,SI_ref_19,AMCB,IBU,Ground water,0.4885549946229274,0.4855107811276096,PLS,PLS_1
68,SI_ref_19,AMCB,IBU,Ground water,0.39885279506866217,0.4565837435968655,PLS,PLS_1
70,SI_ref_19,AMCB,IBU,Ground water,0.42188356115014575,0.4276567060661215,PLS,PLS_1
72,SI_ref_19,AMCB,IBU,Ground water,0.5107350299703324,0.48549144387641674,PLS,PLS_1
74,SI_ref_19,AMCB,IBU,Ground water,0.5226317382792791,0.45656440634567264,PLS,PLS_1
76,SI_ref_19,AMCB,IBU,Ground water,0.4945842701164504,0.4276373688149286,PLS,PLS_1
78,SI_ref_19,AMCB,IBU,Ground water,0.025848755777109534,0.4854721199566632,PLS,PLS_1
80,SI_ref_19,AMCB,IBU,Ground water,0.008169690609295848,0.45654508242591907,PLS,PLS_1
82,SI_ref_19,AMCB,IBU,Ground water,0.0,0.427618044895175,PLS,PLS_1
84,SI_ref_19,AMCB,IBU,Ground water,0.2007202298061851,0.4854528093499797,PLS,PLS_1
86,SI_ref_19,AMCB,IBU,Ground water,0.16952726930244136,0.45652577181923565,PLS,PLS_1
88,SI_ref_19,AMCB,IBU,Ground water,0.14747637019246942,0.4275987342884916,PLS,PLS_1
90,SI_ref_19,AMCB,IBU,Ground water,0.34008395729479907,0.48543351203803514,PLS,PLS_1
92,SI_ref_19,AMCB,IBU,Ground water,0.32813530040969546,0.4565064745072911,PLS,PLS_1
94,SI_ref_19,AMCB,IBU,Ground water,0.3191737471997417,0.427579436976547,PLS,PLS_1
96,SI_ref_19,AMCB,IBU,Ground water,0.45590621693388655,0.48541422800253603,PLS,PLS_1
98,SI_ref_19,AMCB,IBU,Ground water,0.4386715603313315,0.456487190471792,PLS,PLS_1
100,SI_ref_19,AMCB,IBU,Ground water,0.4136227630368784,0.4275601529410479,PLS,PLS_1
102,SI_ref_19,AMCB,IBU,Ground water,0.15909620069601668,0.4248360717334638,PLS,PLS_1
104,SI_ref_19,AMCB,IBU,Ground water,0.32070040208616674,0.4564679196944826,PLS,PLS_1
106,SI_ref_19,AMCB,IBU,Ground water,0.3644459510905023,0.48809976765550134,PLS,PLS_1
108,SI_ref_19,AMCB,IBU,Ground water,0.46356787238707886,0.5197316156165201,PLS,PLS_1
110,SI_ref_19,AMCB,IBU,Ground water,0.5205305455205957,0.48539495722522663,PLS,PLS_1
112,SI_ref_19,AMCB,IBU,Ground water,0.5464029950150356,0.4564679196944826,PLS,PLS_1
114,SI_ref_19,AMCB,IBU,Ground water,0.48301499525722014,0.42754088216373853,PLS,PLS_1
117,SI_ref_17,Alkali-modified SCG biochars,CBZ,Synthetic,0.12103690777624292,0.4305718715010862,PLS,PLS_1
119,SI_ref_17,Alkali-modified SCG biochars,CBZ,Synthetic,0.0701486117179634,0.4115991821344076,PLS,PLS_1
121,SI_ref_17,Alkali-modified SCG biochars,CBZ,Synthetic,0.050188840370859876,0.3811138177061059,PLS,PLS_1
123,SI_ref_17,Alkali-modified SCG biochars,CBZ,Synthetic,0.033003190610721066,0.3617628928703924,PLS,PLS_1
125,SI_ref_17,Alkali-modified SCG biochars,CBZ,Synthetic,0.03511734337104713,0.35042386483632476,PLS,PLS_1
127,SI_ref_17,Alkali-modified SCG biochars,CBZ,Synthetic,0.03195287629892775,0.34237328047910764,PLS,PLS_1
129,SI_ref_17,Alkali-modified SCG biochars,CBZ,Synthetic,0.03449328813829176,0.3343194611642349,PLS,PLS_1
132,SI_ref_17,Alkali-modified SCG biochars,CBZ,Synthetic,0.041716779164719504,0.3229642639398746,PLS,PLS_1
134,SI_ref_17,Alkali-modified SCG biochars,CBZ,Synthetic,0.00635796336582959,0.3229642639398746,PLS,PLS_1
136,SI_ref_17,Alkali-modified SCG biochars,CBZ,Synthetic,0.011730609548845337,0.3229642639398746,PLS,PLS_1
138,SI_ref_17,Alkali-modified SCG biochars,CBZ,Synthetic,0.01988738850164665,0.3229642639398746,PLS,PLS_1
140,SI_ref_17,Alkali-modified SCG biochars,CBZ,Synthetic,0.006132526431344026,0.3229642639398746,PLS,PLS_1
142,SI_ref_17,Alkali-modified SCG biochars,CBZ,Synthetic,0.007712590639419909,0.3229642639398746,PLS,PLS_1
145,SI_ref_17,Alkali-modified SCG biochars,CBZ,Synthetic,0.10268999927349255,0.3229642639398746,PLS,PLS_1
147,SI_ref_17,Alkali-modified SCG biochars,CBZ,Synthetic,0.14439822919669368,0.3229642639398746,PLS,PLS_1
149,SI_ref_17,Alkali-modified SCG biochars,CBZ,Synthetic,0.34003506921741083,0.3229642639398746,PLS,PLS_1
151,SI_ref_17,Alkali-modified SCG biochars,CBZ,Synthetic,0.4516798693491866,0.3229642639398746,PLS,PLS_1
153,SI_ref_17,Alkali-modified SCG biochars,CBZ,Synthetic,0.5612135486607656,0.3229642639398746,PLS,PLS_1
282,SI_ref_19,CB,IBU,Ground water,0.9280102961124896,1.1047020814716373,PLS,PLS_1
284,SI_ref_19,CB,IBU,Ground water,0.9242732043010754,1.0857293921049587,PLS,PLS_1
286,SI_ref_19,CB,IBU,Ground water,0.9218881323407775,1.066531626492781,PLS,PLS_1
288,SI_ref_19,CB,IBU,Ground water,0.9215853366418528,1.04721922908907,PLS,PLS_1
290,SI_ref_19,CB,IBU,Ground water,0.9207959503722085,1.0278489805556377,PLS,PLS_1
292,SI_ref_19,CB,IBU,Ground water,0.9207361323407776,1.0165034904496588,PLS,PLS_1
294,SI_ref_19,CB,IBU,Ground water,0.9206762613730356,1.0084496711347861,PLS,PLS_1
296,SI_ref_19,CB,IBU,Ground water,0.9945207101387852,1.02602151144117,PLS,PLS_1
298,SI_ref_19,CB,IBU,Ground water,0.9765877548823724,0.9970944739104257,PLS,PLS_1
300,SI_ref_19,CB,IBU,Ground water,0.9595058090644278,0.9681674363796817,PLS,PLS_1
302,SI_ref_19,CB,IBU,Ground water,0.9409019130333385,1.02602151144117,PLS,PLS_1
304,SI_ref_19,CB,IBU,Ground water,0.9323428884090048,0.9970944739104257,PLS,PLS_1
306,SI_ref_19,CB,IBU,Ground water,0.9259231602386863,0.9681674363796817,PLS,PLS_1
308,SI_ref_19,CB,IBU,Ground water,0.8753590996713628,0.965462625949407,PLS,PLS_1
310,SI_ref_19,CB,IBU,Ground water,0.9341230700922319,1.02602151144117,PLS,PLS_1
312,SI_ref_19,CB,IBU,Ground water,0.9234390298948024,0.9970944739104257,PLS,PLS_1
314,SI_ref_19,CB,IBU,Ground water,0.917590560186213,0.9681674363796817,PLS,PLS_1
316,SI_ref_19,CB,IBU,Ground water,0.9236132062907854,1.0287263218714444,PLS,PLS_1
318,SI_ref_19,CB,IBU,Ground water,0.9231865295080666,1.0603581698324633,PLS,PLS_1
320,SI_ref_19,CB,IBU,Ground water,0.9303445651202417,1.02602151144117,PLS,PLS_1
322,SI_ref_19,CB,IBU,Ground water,0.923151204819856,0.9970944739104257,PLS,PLS_1
324,SI_ref_19,CB,IBU,Ground water,0.9175260660683171,0.9681674363796817,PLS,PLS_1
326,SI_ref_19,CB,IBU,Ground water,0.9318432124429017,1.02602151144117,PLS,PLS_1
328,SI_ref_19,CB,IBU,Ground water,0.9241489703794897,0.9970944739104257,PLS,PLS_1
330,SI_ref_19,CB,IBU,Ground water,0.9174641264203113,0.9681674363796817,PLS,PLS_1
523,SI_ref_19,MCB,IBU,Ground water,0.9264289561621175,0.9362297142891368,PLS,PLS_1
525,SI_ref_19,MCB,IBU,Ground water,0.9196854524400332,0.9172570249224581,PLS,PLS_1
527,SI_ref_19,MCB,IBU,Ground water,0.9178832092638545,0.8980592593102806,PLS,PLS_1
529,SI_ref_19,MCB,IBU,Ground water,0.9177463688999173,0.8787468619065694,PLS,PLS_1
531,SI_ref_19,MCB,IBU,Ground water,0.9177232092638544,0.8593766133731372,PLS,PLS_1
533,SI_ref_19,MCB,IBU,Ground water,0.9175379321753515,0.8480311232671582,PLS,PLS_1
535,SI_ref_19,MCB,IBU,Ground water,0.9173856344086023,0.8399773039522854,PLS,PLS_1
537,SI_ref_19,MCB,IBU,Ground water,0.9902068659306948,0.8575491442586692,PLS,PLS_1
539,SI_ref_19,MCB,IBU,Ground water,0.9708228218531151,0.8286221067279251,PLS,PLS_1
541,SI_ref_19,MCB,IBU,Ground water,0.9483485035015843,0.7996950691971811,PLS,PLS_1
543,SI_ref_19,MCB,IBU,Ground water,0.9173115500413566,0.8286221067279251,PLS,PLS_1
545,SI_ref_19,MCB,IBU,Ground water,0.9358359065436908,0.8575296996900834,PLS,PLS_1
547,SI_ref_19,MCB,IBU,Ground water,0.9263512886233829,0.8286026621593393,PLS,PLS_1
549,SI_ref_19,MCB,IBU,Ground water,0.9153544975680639,0.7996756246285952,PLS,PLS_1
551,SI_ref_19,MCB,IBU,Ground water,0.9271238571918706,0.8575102686012689,PLS,PLS_1
553,SI_ref_19,MCB,IBU,Ground water,0.9199191103755877,0.8285832310705248,PLS,PLS_1
555,SI_ref_19,MCB,IBU,Ground water,0.910886274193223,0.7996561935397808,PLS,PLS_1
557,SI_ref_19,MCB,IBU,Ground water,0.8716126359176348,0.7969319654817865,PLS,PLS_1
559,SI_ref_19,MCB,IBU,Ground water,0.9228881866842084,0.8285638134428052,PLS,PLS_1
561,SI_ref_19,MCB,IBU,Ground water,0.9227697266379059,0.860195661403824,PLS,PLS_1
563,SI_ref_19,MCB,IBU,Ground water,0.9221446299502403,0.8918275093648427,PLS,PLS_1
565,SI_ref_19,MCB,IBU,Ground water,0.9254612605703445,0.8574908509735493,PLS,PLS_1
567,SI_ref_19,MCB,IBU,Ground water,0.9188111047361486,0.8285638134428052,PLS,PLS_1
569,SI_ref_19,MCB,IBU,Ground water,0.9124876096677748,0.7996367759120612,PLS,PLS_1
571,SI_ref_19,MCB,IBU,Ground water,0.927696260267614,0.8574714467882867,PLS,PLS_1
573,SI_ref_19,MCB,IBU,Ground water,0.9222883610163676,0.8285444092575426,PLS,PLS_1
575,SI_ref_19,MCB,IBU,Ground water,0.9173366162788351,0.7996173717267986,PLS,PLS_1
577,SI_ref_19,MCB,IBU,Ground water,0.9896236049163454,0.8574520560268821,PLS,PLS_1
579,SI_ref_19,MCB,IBU,Ground water,0.9728688772730024,0.828525018496138,PLS,PLS_1
581,SI_ref_19,MCB,IBU,Ground water,0.95367292982704,0.799597980965394,PLS,PLS_1
583,SI_ref_19,MCB,IBU,Ground water,0.9381494412938034,0.8574326786707752,PLS,PLS_1
585,SI_ref_19,MCB,IBU,Ground water,0.925414707326754,0.8285056411400311,PLS,PLS_1
587,SI_ref_19,MCB,IBU,Ground water,0.9200694262245456,0.7995786036092871,PLS,PLS_1
589,SI_ref_19,MCB,IBU,Ground water,0.9296751902157461,0.8574133147014439,PLS,PLS_1
591,SI_ref_19,MCB,IBU,Ground water,0.9221403459202003,0.8284862771706998,PLS,PLS_1
593,SI_ref_19,MCB,IBU,Ground water,0.911624129649438,0.7995592396399558,PLS,PLS_1
595,SI_ref_19,MCB,IBU,Ground water,0.9248851497651674,0.8573939641004045,PLS,PLS_1
597,SI_ref_19,MCB,IBU,Ground water,0.9206218375460943,0.8284669265696604,PLS,PLS_1
599,SI_ref_19,MCB,IBU,Ground water,0.9170274735254856,0.7995398890389163,PLS,PLS_1
601,SI_ref_19,MCB,IBU,Ground water,0.9300914246503462,0.8573746268492115,PLS,PLS_1
603,SI_ref_19,MCB,IBU,Ground water,0.920786534541565,0.8284475893184675,PLS,PLS_1
605,SI_ref_19,MCB,IBU,Ground water,0.9160948152334054,0.7995205517877234,PLS,PLS_1
607,SI_ref_19,MCB,IBU,Ground water,0.9861765121394982,0.857355302929458,PLS,PLS_1
609,SI_ref_19,MCB,IBU,Ground water,0.9661781267028597,0.828428265398714,PLS,PLS_1
611,SI_ref_19,MCB,IBU,Ground water,0.9529992532644452,0.7995012278679698,PLS,PLS_1
613,SI_ref_19,MCB,IBU,Ground water,0.9352947587236877,0.8573359923227746,PLS,PLS_1
615,SI_ref_19,MCB,IBU,Ground water,0.9284499518994666,0.8284089547920305,PLS,PLS_1
617,SI_ref_19,MCB,IBU,Ground water,0.917077774862594,0.7994819172612865,PLS,PLS_1
619,SI_ref_19,MCB,IBU,Ground water,0.9255842902984923,0.85731669501083,PLS,PLS_1
621,SI_ref_19,MCB,IBU,Ground water,0.9186162384710084,0.8283896574800859,PLS,PLS_1
623,SI_ref_19,MCB,IBU,Ground water,0.9103224686673798,0.7994626199493419,PLS,PLS_1
625,SI_ref_19,MCB,IBU,Ground water,0.9258221154816445,0.8572974109753309,PLS,PLS_1
627,SI_ref_19,MCB,IBU,Ground water,0.921668420582223,0.8283703734445867,PLS,PLS_1
629,SI_ref_19,MCB,IBU,Ground water,0.9150562646500002,0.7994433359138428,PLS,PLS_1
631,SI_ref_19,MCB,IBU,Ground water,0.9296259863973036,0.8572781401980215,PLS,PLS_1
633,SI_ref_19,MCB,IBU,Ground water,0.9216175906678238,0.8283511026672774,PLS,PLS_1
635,SI_ref_19,MCB,IBU,Ground water,0.9188076045934327,0.7994240651365334,PLS,PLS_1
698,SI_ref_18,NaOH-activated SCW biochars,IBU,Lake water,0.585296751211726,0.48215789974568424,PLS,PLS_1
700,SI_ref_18,NaOH-activated SCW biochars,IBU,Lake water,0.6304734220526563,0.4631852103790056,PLS,PLS_1
702,SI_ref_18,NaOH-activated SCW biochars,IBU,Lake water,0.6077686506314385,0.44398744476682817,PLS,PLS_1
704,SI_ref_18,NaOH-activated SCW biochars,IBU,Lake water,0.6040537723014899,0.4246750473631169,PLS,PLS_1
706,SI_ref_18,NaOH-activated SCW biochars,IBU,Lake water,0.6292724453182281,0.40530479882968473,PLS,PLS_1
708,SI_ref_18,NaOH-activated SCW biochars,IBU,Lake water,0.6376478565264503,0.39395930872370577,PLS,PLS_1
710,SI_ref_18,NaOH-activated SCW biochars,IBU,Lake water,0.6108673600702487,0.3859054894088329,PLS,PLS_1
712,SI_ref_18,NaOH-activated SCW biochars,IBU,Lake water,0.10371139816269948,0.3745502921844726,PLS,PLS_1
714,SI_ref_18,NaOH-activated SCW biochars,IBU,Lake water,0.46656560236114836,0.3745502921844726,PLS,PLS_1
716,SI_ref_18,NaOH-activated SCW biochars,IBU,Lake water,0.44106817459704084,0.34291844422345386,PLS,PLS_1
718,SI_ref_18,NaOH-activated SCW biochars,IBU,Lake water,0.6893393142281772,0.40347732971521666,PLS,PLS_1
720,SI_ref_18,NaOH-activated SCW biochars,IBU,Lake water,0.621379975330744,0.3745502921844726,PLS,PLS_1
722,SI_ref_18,NaOH-activated SCW biochars,IBU,Lake water,0.6727437787241767,0.3745502921844726,PLS,PLS_1
723,SI_ref_18,NaOH-activated SCW biochars,IBU,Lake water,0.6293605973980515,0.3745502921844726,PLS,PLS_1
724,SI_ref_18,NaOH-activated SCW biochars,IBU,Lake water,0.6573710855713073,0.3745502921844726,PLS,PLS_1
726,SI_ref_18,NaOH-activated SCW biochars,IBU,Lake water,0.6298354173553987,0.3745502921844726,PLS,PLS_1
727,SI_ref_18,NaOH-activated SCW biochars,IBU,Lake water,0.6523803226831055,0.3745502921844726,PLS,PLS_1
728,SI_ref_18,NaOH-activated SCW biochars,IBU,Lake water,0.6378679449532959,0.3745502921844726,PLS,PLS_1
730,SI_ref_18,NaOH-activated SCW biochars,IBU,Lake water,0.627404015064595,0.3745502921844726,PLS,PLS_1
731,SI_ref_18,NaOH-activated SCW biochars,IBU,Lake water,0.6077370696640284,0.3745502921844726,PLS,PLS_1
732,SI_ref_18,NaOH-activated SCW biochars,IBU,Lake water,0.6159420233488258,0.3745502921844726,PLS,PLS_1
734,SI_ref_18,NaOH-activated SCW biochars,IBU,Lake water,0.6074163960354965,0.3745502921844726,PLS,PLS_1
735,SI_ref_18,NaOH-activated SCW biochars,IBU,Lake water,0.6146046840259546,0.3745502921844726,PLS,PLS_1
736,SI_ref_18,NaOH-activated SCW biochars,IBU,Lake water,0.6281995086504742,0.3745502921844726,PLS,PLS_1
738,SI_ref_18,NaOH-activated SCW biochars,IBU,Lake water,0.6298527247859258,0.3745502921844726,PLS,PLS_1
739,SI_ref_18,NaOH-activated SCW biochars,IBU,Lake water,0.576999656444263,0.3745502921844726,PLS,PLS_1
740,SI_ref_18,NaOH-activated SCW biochars,IBU,Lake water,0.5791171913994386,0.3745502921844726,PLS,PLS_1
742,SI_ref_18,NaOH-activated SCW biochars,IBU,Lake water,0.5786725135963804,0.3745502921844726,PLS,PLS_1
743,SI_ref_18,NaOH-activated SCW biochars,IBU,Lake water,0.6233870058145189,0.3745502921844726,PLS,PLS_1
744,SI_ref_18,NaOH-activated SCW biochars,IBU,Lake water,0.5944978576382812,0.3745502921844726,PLS,PLS_1
745,SI_ref_18,NaOH-activated SCW biochars,IBU,Lake water,0.5630080357470825,0.34562325465372856,PLS,PLS_1
747,SI_ref_18,NaOH-activated SCW biochars,IBU,Lake water,0.6846241766923425,0.40618214014549137,PLS,PLS_1
749,SI_ref_18,NaOH-activated SCW biochars,IBU,Lake water,0.744908980376152,0.4378139881065102,PLS,PLS_1
751,SI_ref_18,NaOH-activated SCW biochars,IBU,Lake water,0.6869669848084122,0.3745502921844726,PLS,PLS_1
753,SI_ref_18,NaOH-activated SCW biochars,IBU,Lake water,0.7932075459644551,0.3745502921844726,PLS,PLS_1
852,SI_ref_13,PB600,CBZ,Synthetic,0.5776772247360483,0.9236290887229266,PLS,PLS_1
853,SI_ref_13,PB600,CBZ,Synthetic,0.5656108597285068,0.904656399356248,PLS,PLS_1
854,SI_ref_13,PB600,CBZ,Synthetic,0.5475113122171945,0.8854586337440705,PLS,PLS_1
855,SI_ref_13,PB600,CBZ,Synthetic,0.4479638009049774,0.8741710349279463,PLS,PLS_1
856,SI_ref_13,PB600,CBZ,Synthetic,0.45098039215686275,0.8548201100922329,PLS,PLS_1
857,SI_ref_13,PB600,CBZ,Synthetic,0.42684766214177977,0.8434810820581652,PLS,PLS_1
858,SI_ref_13,PB600,CBZ,Synthetic,0.32437120555073723,0.8354304977009481,PLS,PLS_1
859,SI_ref_13,PB600,CBZ,Synthetic,0.4773489932885906,0.8643575352316921,PLS,PLS_1
860,SI_ref_13,PB600,CBZ,Synthetic,0.4437372714068248,0.8354304977009481,PLS,PLS_1
861,SI_ref_13,PB600,CBZ,Synthetic,0.35791881074899945,0.8354304977009481,PLS,PLS_1
862,SI_ref_13,PB600,CBZ,Synthetic,0.32426715019643393,0.8354304977009481,PLS,PLS_1
863,SI_ref_13,PB600,CBZ,Synthetic,0.24055829228243014,0.8354304977009481,PLS,PLS_1
864,SI_ref_13,PB600,CBZ,Synthetic,0.44839549002601903,0.806503460170204,PLS,PLS_1
865,SI_ref_13,PB600,CBZ,Synthetic,0.5528523489932886,0.7775764226394599,PLS,PLS_1
866,SI_ref_13,PB600,CBZ,Synthetic,0.5653368025440879,0.8354304977009481,PLS,PLS_1
867,SI_ref_13,PB600,CBZ,Synthetic,0.6235906331309627,0.8354304977009481,PLS,PLS_1
868,SI_ref_13,PB600,CBZ,Synthetic,0.6991037872217403,0.8354304977009481,PLS,PLS_1
869,SI_ref_13,PB600,CBZ,Synthetic,0.7401395944327428,0.8354304977009481,PLS,PLS_1
870,SI_ref_13,PB600,CBZ,Synthetic,0.8642533936651583,0.816021481161715,PLS,PLS_1
871,SI_ref_13,PB600,CBZ,Synthetic,0.6953242835595775,0.816021481161715,PLS,PLS_1
872,SI_ref_13,PB600,CBZ,Synthetic,0.4479638009049774,0.816021481161715,PLS,PLS_1
873,SI_ref_13,PB600,CBZ,Synthetic,0.36651583710407243,0.816021481161715,PLS,PLS_1
874,SI_ref_13,PB600,CBZ,Synthetic,0.248868778280543,0.816021481161715,PLS,PLS_1
898,SI_ref_13,PB600,CBZ,Synthetic,0.244663382594417,0.8354304977009481,PLS,PLS_1
899,SI_ref_13,PB800,CBZ,Synthetic,0.27061079156395507,0.43684016634504624,PLS,PLS_1
900,SI_ref_13,PB800,CBZ,Synthetic,0.22678718159408381,0.4178674769783676,PLS,PLS_1
901,SI_ref_13,PB800,CBZ,Synthetic,0.18844152287044644,0.3986697113661901,PLS,PLS_1
902,SI_ref_13,PB800,CBZ,Synthetic,0.17748562037797863,0.38738211255006594,PLS,PLS_1
903,SI_ref_13,PB800,CBZ,Synthetic,0.16379074226239385,0.3680311877143525,PLS,PLS_1
904,SI_ref_13,PB800,CBZ,Synthetic,0.155573815393043,0.3566921596802848,PLS,PLS_1
905,SI_ref_13,PB800,CBZ,Synthetic,0.08520900321543408,0.3486415753230677,PLS,PLS_1
906,SI_ref_13,PB800,CBZ,Synthetic,0.16135346756152125,0.37756861285381177,PLS,PLS_1
907,SI_ref_13,PB800,CBZ,Synthetic,0.1561792870827899,0.3486415753230677,PLS,PLS_1
908,SI_ref_13,PB800,CBZ,Synthetic,0.13676633444075306,0.3486415753230677,PLS,PLS_1
909,SI_ref_13,PB800,CBZ,Synthetic,0.1002310803004044,0.3486415753230677,PLS,PLS_1
910,SI_ref_13,PB800,CBZ,Synthetic,0.04322336667164253,0.3486415753230677,PLS,PLS_1
911,SI_ref_13,PB800,CBZ,Synthetic,0.20609619686800895,0.31971453779232367,PLS,PLS_1
912,SI_ref_13,PB800,CBZ,Synthetic,0.1865212527964206,0.29078750026157957,PLS,PLS_1
913,SI_ref_13,PB800,CBZ,Synthetic,0.28121650589496244,0.3486415753230677,PLS,PLS_1
914,SI_ref_13,PB800,CBZ,Synthetic,0.36611289746337977,0.3486415753230677,PLS,PLS_1
915,SI_ref_13,PB800,CBZ,Synthetic,0.5117363344051448,0.3486415753230677,PLS,PLS_1
916,SI_ref_13,PB800,CBZ,Synthetic,0.5707012708620426,0.3486415753230677,PLS,PLS_1
917,SI_ref_13,PB800,CBZ,Synthetic,0.5791052918712493,0.3292325587838346,PLS,PLS_1
918,SI_ref_13,PB800,CBZ,Synthetic,0.30905619203491547,0.3292325587838346,PLS,PLS_1
919,SI_ref_13,PB800,CBZ,Synthetic,0.16448445171849424,0.3292325587838346,PLS,PLS_1
920,SI_ref_13,PB800,CBZ,Synthetic,0.12460736493062231,0.3292325587838346,PLS,PLS_1
921,SI_ref_13,PB800,CBZ,Synthetic,0.08265139116202945,0.3292325587838346,PLS,PLS_1
987,SI_ref_15,PSB,TEB,Synthetic,0.9529494921755761,0.9772354040069351,PLS,PLS_1
988,SI_ref_15,PSB,TEB,Synthetic,0.9422238246841239,0.9582627146402565,PLS,PLS_1
989,SI_ref_15,PSB,TEB,Synthetic,0.9297851778252496,0.9390649490280789,PLS,PLS_1
990,SI_ref_15,PSB,TEB,Synthetic,0.9225192311101157,0.9197525516243676,PLS,PLS_1
991,SI_ref_15,PSB,TEB,Synthetic,0.920805363267918,0.9003823030909355,PLS,PLS_1
992,SI_ref_15,PSB,TEB,Synthetic,0.9178876121047361,0.8890368129849564,PLS,PLS_1
993,SI_ref_15,PSB,TEB,Synthetic,0.9171857170319854,0.8809829936700837,PLS,PLS_1
994,SI_ref_15,PSB,TEB,Synthetic,0.9362126098667423,0.8696277964457234,PLS,PLS_1
995,SI_ref_15,PSB,TEB,Synthetic,0.9575716949823408,0.8696277964457234,PLS,PLS_1
996,SI_ref_15,PSB,TEB,Synthetic,0.9144403299752767,0.8696277964457234,PLS,PLS_1
997,SI_ref_15,PSB,TEB,Synthetic,0.9131362601666559,0.8696277964457234,PLS,PLS_1
998,SI_ref_15,PSB,TEB,Synthetic,0.9073783566890704,0.8696277964457234,PLS,PLS_1
999,SI_ref_15,PSB,TEB,Synthetic,0.8610942615965279,0.8696277964457234,PLS,PLS_1
1000,SI_ref_15,PSB,TEB,Synthetic,0.8714762044822667,0.8696277964457234,PLS,PLS_1
1001,SI_ref_15,PSB,TEB,Synthetic,0.8650362109004135,0.8696277964457234,PLS,PLS_1
1002,SI_ref_15,PSB,TEB,Synthetic,0.9441016733966956,0.8696277964457234,PLS,PLS_1
1003,SI_ref_15,PSB,TEB,Synthetic,0.952584477756588,0.8696277964457234,PLS,PLS_1
1004,SI_ref_15,PSB,TEB,Synthetic,0.9589909115585907,0.8696277964457234,PLS,PLS_1
1005,SI_ref_15,PSB,TEB,Synthetic,0.9629553594597028,0.8696277964457234,PLS,PLS_1
1052,SI_ref_15,PSBOX-A,TEB,Synthetic,0.5158767649493458,0.25570299914176003,PLS,PLS_1
1053,SI_ref_15,PSBOX-A,TEB,Synthetic,0.41210379963008376,0.23673030977508142,PLS,PLS_1
1054,SI_ref_15,PSBOX-A,TEB,Synthetic,0.30623403384032577,0.2175325441629039,PLS,PLS_1
1055,SI_ref_15,PSBOX-A,TEB,Synthetic,0.21283845390046752,0.19822014675919258,PLS,PLS_1
1056,SI_ref_15,PSBOX-A,TEB,Synthetic,0.12421842587964138,0.17884989822576047,PLS,PLS_1
1057,SI_ref_15,PSBOX-A,TEB,Synthetic,0.09371708683213013,0.16750440811978146,PLS,PLS_1
1058,SI_ref_15,PSBOX-A,TEB,Synthetic,0.07890621232231329,0.1594505888049087,PLS,PLS_1
1059,SI_ref_15,PSBOX-A,TEB,Synthetic,0.07277962857952934,0.14809539158054835,PLS,PLS_1
1060,SI_ref_15,PSBOX-A,TEB,Synthetic,0.5073983287736047,0.0848316956585109,PLS,PLS_1
1061,SI_ref_15,PSBOX-A,TEB,Synthetic,0.5163778457532948,0.17702242911129246,PLS,PLS_1
1062,SI_ref_15,PSBOX-A,TEB,Synthetic,0.5077105405964751,0.14809539158054835,PLS,PLS_1
1063,SI_ref_15,PSBOX-A,TEB,Synthetic,0.058828707349529885,0.14809539158054835,PLS,PLS_1
1064,SI_ref_15,PSBOX-A,TEB,Synthetic,0.4930488637978448,0.11916835404980441,PLS,PLS_1
1065,SI_ref_15,PSBOX-A,TEB,Synthetic,0.5160089507499187,0.21135908750258586,PLS,PLS_1
1066,SI_ref_15,PSBOX-A,TEB,Synthetic,0.07083175356135256,0.14809539158054835,PLS,PLS_1
1067,SI_ref_15,PSBOX-A,TEB,Synthetic,0.051172794584274484,0.14809539158054835,PLS,PLS_1
1068,SI_ref_15,PSBOX-A,TEB,Synthetic,0.04750722464731311,0.14809539158054835,PLS,PLS_1
1069,SI_ref_15,PSBOX-A,TEB,Synthetic,0.04108376658313895,0.14809539158054835,PLS,PLS_1
1070,SI_ref_15,PSBOX-A,TEB,Synthetic,0.04527670142322688,0.14809539158054835,PLS,PLS_1
1071,SI_ref_15,PSBOX-A,TEB,Synthetic,0.04243318293660387,0.14809539158054835,PLS,PLS_1
1072,SI_ref_15,PSBOX-A,TEB,Synthetic,0.09409506092292502,0.14809539158054835,PLS,PLS_1
1073,SI_ref_15,PSBOX-A,TEB,Synthetic,0.28314921751011557,0.14809539158054835,PLS,PLS_1
1074,SI_ref_15,PSBOX-A,TEB,Synthetic,0.44223994246690523,0.14809539158054835,PLS,PLS_1
1075,SI_ref_15,PSBOX-A,TEB,Synthetic,0.5102144207532882,0.14809539158054835,PLS,PLS_1
1077,SI_ref_17,Pristine SCG biochar,CBZ,Synthetic,0.9431980957558961,0.9416119359501354,PLS,PLS_1
1079,SI_ref_17,Pristine SCG biochar,CBZ,Synthetic,0.9360319849357849,0.9226392465834568,PLS,PLS_1
1081,SI_ref_17,Pristine SCG biochar,CBZ,Synthetic,0.9307104448319532,0.8921538821551551,PLS,PLS_1
1083,SI_ref_17,Pristine SCG biochar,CBZ,Synthetic,0.9258716624342764,0.8728029573194416,PLS,PLS_1
1085,SI_ref_17,Pristine SCG biochar,CBZ,Synthetic,0.9157118703628806,0.8614639292853739,PLS,PLS_1
1087,SI_ref_17,Pristine SCG biochar,CBZ,Synthetic,0.9147137334986508,0.8534133449281568,PLS,PLS_1
1089,SI_ref_17,Pristine SCG biochar,CBZ,Synthetic,0.9138427672538969,0.845359525613284,PLS,PLS_1
1091,SI_ref_17,Pristine SCG biochar,CBZ,Synthetic,0.8932130468798682,0.7707406324668862,PLS,PLS_1
1093,SI_ref_17,Pristine SCG biochar,CBZ,Synthetic,0.9247624360467385,0.8340043283889237,PLS,PLS_1
1095,SI_ref_17,Pristine SCG biochar,CBZ,Synthetic,0.9071706166070994,0.8340043283889237,PLS,PLS_1
1097,SI_ref_17,Pristine SCG biochar,CBZ,Synthetic,0.908534541255576,0.8340043283889237,PLS,PLS_1
1099,SI_ref_17,Pristine SCG biochar,CBZ,Synthetic,0.903895578148675,0.8340043283889237,PLS,PLS_1
1101,SI_ref_17,Pristine SCG biochar,CBZ,Synthetic,0.9071468090110305,0.8340043283889237,PLS,PLS_1
1103,SI_ref_17,Pristine SCG biochar,CBZ,Synthetic,0.890879570190962,0.8340043283889237,PLS,PLS_1
1105,SI_ref_17,Pristine SCG biochar,CBZ,Synthetic,0.8806314346444372,0.8972680243109612,PLS,PLS_1
1107,SI_ref_17,Pristine SCG biochar,CBZ,Synthetic,0.9289062306369882,0.8340043283889237,PLS,PLS_1
1109,SI_ref_17,Pristine SCG biochar,CBZ,Synthetic,0.9261272699552149,0.8340043283889237,PLS,PLS_1
1111,SI_ref_17,Pristine SCG biochar,CBZ,Synthetic,0.9403460613803251,0.8340043283889237,PLS,PLS_1
1113,SI_ref_17,Pristine SCG biochar,CBZ,Synthetic,0.9373850128799738,0.8340043283889237,PLS,PLS_1
1115,SI_ref_17,Pristine SCG biochar,CBZ,Synthetic,0.925161257978969,0.8340043283889237,PLS,PLS_1
1253,SI_ref_18,Pristine SCW Biochar,IBU,Lake water,0.9264336848996528,1.0420352935877193,PLS,PLS_1
1255,SI_ref_18,Pristine SCW Biochar,IBU,Lake water,0.9179334532144726,1.0230626042210407,PLS,PLS_1
1257,SI_ref_18,Pristine SCW Biochar,IBU,Lake water,0.916180999264559,1.003864838608863,PLS,PLS_1
1259,SI_ref_18,Pristine SCW Biochar,IBU,Lake water,0.9235678454978681,0.9845524412051518,PLS,PLS_1
1261,SI_ref_18,Pristine SCW Biochar,IBU,Lake water,0.9285970293283682,0.9651821926717197,PLS,PLS_1
1263,SI_ref_18,Pristine SCW Biochar,IBU,Lake water,0.9209592404126973,0.9538367025657406,PLS,PLS_1
1265,SI_ref_18,Pristine SCW Biochar,IBU,Lake water,0.9279432945207517,0.9457828832508679,PLS,PLS_1
1269,SI_ref_18,Pristine SCW Biochar,IBU,Lake water,0.8974085452250303,0.9027958380654888,PLS,PLS_1
1271,SI_ref_18,Pristine SCW Biochar,IBU,Lake water,0.9239929387412031,0.9633547235572517,PLS,PLS_1
1273,SI_ref_18,Pristine SCW Biochar,IBU,Lake water,0.9256303580479686,0.9344276860265075,PLS,PLS_1
1275,SI_ref_18,Pristine SCW Biochar,IBU,Lake water,0.9240446881745522,0.9344276860265075,PLS,PLS_1
1276,SI_ref_18,Pristine SCW Biochar,IBU,Lake water,0.9283922239724117,0.9344276860265075,PLS,PLS_1
1277,SI_ref_18,Pristine SCW Biochar,IBU,Lake water,0.9240711354841218,0.9344276860265075,PLS,PLS_1
1279,SI_ref_18,Pristine SCW Biochar,IBU,Lake water,0.9204127206373283,0.9344276860265075,PLS,PLS_1
1280,SI_ref_18,Pristine SCW Biochar,IBU,Lake water,0.9185968665123906,0.9344276860265075,PLS,PLS_1
1281,SI_ref_18,Pristine SCW Biochar,IBU,Lake water,0.9182954449695013,0.9344276860265075,PLS,PLS_1
1283,SI_ref_18,Pristine SCW Biochar,IBU,Lake water,0.9158900362354069,0.9344276860265075,PLS,PLS_1
1284,SI_ref_18,Pristine SCW Biochar,IBU,Lake water,0.9125854189759445,0.9344276860265075,PLS,PLS_1
1285,SI_ref_18,Pristine SCW Biochar,IBU,Lake water,0.9175495400890653,0.9344276860265075,PLS,PLS_1
1287,SI_ref_18,Pristine SCW Biochar,IBU,Lake water,0.9120226357855434,0.9344276860265075,PLS,PLS_1
1288,SI_ref_18,Pristine SCW Biochar,IBU,Lake water,0.9131050308227836,0.9344276860265075,PLS,PLS_1
1289,SI_ref_18,Pristine SCW Biochar,IBU,Lake water,0.91141920930323,0.9344276860265075,PLS,PLS_1
1291,SI_ref_18,Pristine SCW Biochar,IBU,Lake water,0.9068652159539504,0.9344276860265075,PLS,PLS_1
1292,SI_ref_18,Pristine SCW Biochar,IBU,Lake water,0.9091226364337618,0.9344276860265075,PLS,PLS_1
1293,SI_ref_18,Pristine SCW Biochar,IBU,Lake water,0.9067682424855283,0.9344276860265075,PLS,PLS_1
1295,SI_ref_18,Pristine SCW Biochar,IBU,Lake water,0.9027540853962883,0.9344276860265075,PLS,PLS_1
1296,SI_ref_18,Pristine SCW Biochar,IBU,Lake water,0.9025373859945938,0.9344276860265075,PLS,PLS_1
1297,SI_ref_18,Pristine SCW Biochar,IBU,Lake water,0.9026152370210476,0.9344276860265075,PLS,PLS_1
1298,SI_ref_18,Pristine SCW Biochar,IBU,Lake water,0.9219347373743266,0.9055006484957635,PLS,PLS_1
1300,SI_ref_18,Pristine SCW Biochar,IBU,Lake water,0.9277221749920567,0.9660595339875264,PLS,PLS_1
1302,SI_ref_18,Pristine SCW Biochar,IBU,Lake water,0.9340257796823453,0.9976913819485451,PLS,PLS_1
2,SI_ref_19,AMCB,IBU,Ground water,0.6563767477253929,0.43600590735868694,RandomForest,RandomForest_1
4,SI_ref_19,AMCB,IBU,Ground water,0.5414154110835401,0.42623447755869814,RandomForest,RandomForest_1
6,SI_ref_19,AMCB,IBU,Ground water,0.39819987427626136,0.40658171213912964,RandomForest,RandomForest_1
8,SI_ref_19,AMCB,IBU,Ground water,0.3426557088502895,0.36159270357463025,RandomForest,RandomForest_1
10,SI_ref_19,AMCB,IBU,Ground water,0.3352626765922249,0.3501207961517523,RandomForest,RandomForest_1
12,SI_ref_19,AMCB,IBU,Ground water,0.33078034739454093,0.3482294060685848,RandomForest,RandomForest_1
14,SI_ref_19,AMCB,IBU,Ground water,0.3305497038875103,0.3476312079013308,RandomForest,RandomForest_1
16,SI_ref_19,AMCB,IBU,Ground water,0.029204625724030753,0.3491537428891963,RandomForest,RandomForest_1
18,SI_ref_19,AMCB,IBU,Ground water,0.005264283840238958,0.3491537428891963,RandomForest,RandomForest_1
20,SI_ref_19,AMCB,IBU,Ground water,0.0023766372681587895,0.3476807832357433,RandomForest,RandomForest_1
22,SI_ref_19,AMCB,IBU,Ground water,0.32926049296939613,0.3491537428891963,RandomForest,RandomForest_1
24,SI_ref_19,AMCB,IBU,Ground water,0.19832193047959257,0.3506429992857494,RandomForest,RandomForest_1
26,SI_ref_19,AMCB,IBU,Ground water,0.1894672613641715,0.3506429992857494,RandomForest,RandomForest_1
28,SI_ref_19,AMCB,IBU,Ground water,0.1528746627917146,0.3491700396322963,RandomForest,RandomForest_1
30,SI_ref_19,AMCB,IBU,Ground water,0.3449761650083755,0.35772410015442696,RandomForest,RandomForest_1
32,SI_ref_19,AMCB,IBU,Ground water,0.30765270742093687,0.35706662162515146,RandomForest,RandomForest_1
34,SI_ref_19,AMCB,IBU,Ground water,0.303030777614079,0.35559366197169845,RandomForest,RandomForest_1
36,SI_ref_19,AMCB,IBU,Ground water,0.41496556078686897,0.3625993398124464,RandomForest,RandomForest_1
38,SI_ref_19,AMCB,IBU,Ground water,0.3766264851820565,0.361941861283171,RandomForest,RandomForest_1
40,SI_ref_19,AMCB,IBU,Ground water,0.38956403906090076,0.3604689016297179,RandomForest,RandomForest_1
42,SI_ref_19,AMCB,IBU,Ground water,0.5182383095521604,0.3635765671062419,RandomForest,RandomForest_1
44,SI_ref_19,AMCB,IBU,Ground water,0.5024496962602676,0.3629190885769664,RandomForest,RandomForest_1
46,SI_ref_19,AMCB,IBU,Ground water,0.48210720700720494,0.3614461289235134,RandomForest,RandomForest_1
48,SI_ref_19,AMCB,IBU,Ground water,0.03338351934448727,0.3586177636918947,RandomForest,RandomForest_1
50,SI_ref_19,AMCB,IBU,Ground water,0.0,0.3579602851626193,RandomForest,RandomForest_1
52,SI_ref_19,AMCB,IBU,Ground water,0.003531050071646246,0.3570293724353011,RandomForest,RandomForest_1
54,SI_ref_19,AMCB,IBU,Ground water,0.19999798179579809,0.3586177636918947,RandomForest,RandomForest_1
56,SI_ref_19,AMCB,IBU,Ground water,0.17260220522445793,0.3579602851626193,RandomForest,RandomForest_1
58,SI_ref_19,AMCB,IBU,Ground water,0.15656878376287445,0.3570293724353011,RandomForest,RandomForest_1
60,SI_ref_19,AMCB,IBU,Ground water,0.3457359785263073,0.36365538719943724,RandomForest,RandomForest_1
62,SI_ref_19,AMCB,IBU,Ground water,0.32626934953278575,0.3629979086701618,RandomForest,RandomForest_1
64,SI_ref_19,AMCB,IBU,Ground water,0.3258728934993643,0.36206699594284353,RandomForest,RandomForest_1
66,SI_ref_19,AMCB,IBU,Ground water,0.4885549946229274,0.3666318823314982,RandomForest,RandomForest_1
68,SI_ref_19,AMCB,IBU,Ground water,0.39885279506866217,0.36597440380222274,RandomForest,RandomForest_1
70,SI_ref_19,AMCB,IBU,Ground water,0.42188356115014575,0.3650434910749045,RandomForest,RandomForest_1
72,SI_ref_19,AMCB,IBU,Ground water,0.5107350299703324,0.3666318823314982,RandomForest,RandomForest_1
74,SI_ref_19,AMCB,IBU,Ground water,0.5226317382792791,0.36597440380222274,RandomForest,RandomForest_1
76,SI_ref_19,AMCB,IBU,Ground water,0.4945842701164504,0.3650434910749045,RandomForest,RandomForest_1
78,SI_ref_19,AMCB,IBU,Ground water,0.025848755777109534,0.3616426261715144,RandomForest,RandomForest_1
80,SI_ref_19,AMCB,IBU,Ground water,0.008169690609295848,0.36098514764223893,RandomForest,RandomForest_1
82,SI_ref_19,AMCB,IBU,Ground water,0.0,0.3600542349149207,RandomForest,RandomForest_1
84,SI_ref_19,AMCB,IBU,Ground water,0.2007202298061851,0.36229884446424415,RandomForest,RandomForest_1
86,SI_ref_19,AMCB,IBU,Ground water,0.16952726930244136,0.3616413659349687,RandomForest,RandomForest_1
88,SI_ref_19,AMCB,IBU,Ground water,0.14747637019246942,0.36071045320765044,RandomForest,RandomForest_1
90,SI_ref_19,AMCB,IBU,Ground water,0.34008395729479907,0.3858932434532317,RandomForest,RandomForest_1
92,SI_ref_19,AMCB,IBU,Ground water,0.32813530040969546,0.3852357649239563,RandomForest,RandomForest_1
94,SI_ref_19,AMCB,IBU,Ground water,0.3191737471997417,0.384304852196638,RandomForest,RandomForest_1
96,SI_ref_19,AMCB,IBU,Ground water,0.45590621693388655,0.39645262484181937,RandomForest,RandomForest_1
98,SI_ref_19,AMCB,IBU,Ground water,0.4386715603313315,0.3957951463125439,RandomForest,RandomForest_1
100,SI_ref_19,AMCB,IBU,Ground water,0.4136227630368784,0.39486423358522565,RandomForest,RandomForest_1
102,SI_ref_19,AMCB,IBU,Ground water,0.15909620069601668,0.3962651847912218,RandomForest,RandomForest_1
104,SI_ref_19,AMCB,IBU,Ground water,0.32070040208616674,0.4012880699686531,RandomForest,RandomForest_1
106,SI_ref_19,AMCB,IBU,Ground water,0.3644459510905023,0.4012880699686531,RandomForest,RandomForest_1
108,SI_ref_19,AMCB,IBU,Ground water,0.46356787238707886,0.4012880699686531,RandomForest,RandomForest_1
110,SI_ref_19,AMCB,IBU,Ground water,0.5205305455205957,0.4019455484979286,RandomForest,RandomForest_1
112,SI_ref_19,AMCB,IBU,Ground water,0.5464029950150356,0.4012880699686531,RandomForest,RandomForest_1
114,SI_ref_19,AMCB,IBU,Ground water,0.48301499525722014,0.400357157241335,RandomForest,RandomForest_1
117,SI_ref_17,Alkali-modified SCG biochars,CBZ,Synthetic,0.12103690777624292,0.3239961017367781,RandomForest,RandomForest_1
119,SI_ref_17,Alkali-modified SCG biochars,CBZ,Synthetic,0.0701486117179634,0.30672130982692425,RandomForest,RandomForest_1
121,SI_ref_17,Alkali-modified SCG biochars,CBZ,Synthetic,0.050188840370859876,0.2353230750488301,RandomForest,RandomForest_1
123,SI_ref_17,Alkali-modified SCG biochars,CBZ,Synthetic,0.033003190610721066,0.22819653547373922,RandomForest,RandomForest_1
125,SI_ref_17,Alkali-modified SCG biochars,CBZ,Synthetic,0.03511734337104713,0.2256773729244442,RandomForest,RandomForest_1
127,SI_ref_17,Alkali-modified SCG biochars,CBZ,Synthetic,0.03195287629892775,0.2256773729244442,RandomForest,RandomForest_1
129,SI_ref_17,Alkali-modified SCG biochars,CBZ,Synthetic,0.03449328813829176,0.2256773729244442,RandomForest,RandomForest_1
132,SI_ref_17,Alkali-modified SCG biochars,CBZ,Synthetic,0.041716779164719504,0.2591780581547841,RandomForest,RandomForest_1
134,SI_ref_17,Alkali-modified SCG biochars,CBZ,Synthetic,0.00635796336582959,0.2591780581547841,RandomForest,RandomForest_1
136,SI_ref_17,Alkali-modified SCG biochars,CBZ,Synthetic,0.011730609548845337,0.2591780581547841,RandomForest,RandomForest_1
138,SI_ref_17,Alkali-modified SCG biochars,CBZ,Synthetic,0.01988738850164665,0.2591780581547841,RandomForest,RandomForest_1
140,SI_ref_17,Alkali-modified SCG biochars,CBZ,Synthetic,0.006132526431344026,0.2591780581547841,RandomForest,RandomForest_1
142,SI_ref_17,Alkali-modified SCG biochars,CBZ,Synthetic,0.007712590639419909,0.2591780581547841,RandomForest,RandomForest_1
145,SI_ref_17,Alkali-modified SCG biochars,CBZ,Synthetic,0.10268999927349255,0.2591780581547841,RandomForest,RandomForest_1
147,SI_ref_17,Alkali-modified SCG biochars,CBZ,Synthetic,0.14439822919669368,0.2591780581547841,RandomForest,RandomForest_1
149,SI_ref_17,Alkali-modified SCG biochars,CBZ,Synthetic,0.34003506921741083,0.2591780581547841,RandomForest,RandomForest_1
151,SI_ref_17,Alkali-modified SCG biochars,CBZ,Synthetic,0.4516798693491866,0.2591780581547841,RandomForest,RandomForest_1
153,SI_ref_17,Alkali-modified SCG biochars,CBZ,Synthetic,0.5612135486607656,0.2591780581547841,RandomForest,RandomForest_1
282,SI_ref_19,CB,IBU,Ground water,0.9280102961124896,0.9327305040367092,RandomForest,RandomForest_1
284,SI_ref_19,CB,IBU,Ground water,0.9242732043010754,0.930840420216109,RandomForest,RandomForest_1
286,SI_ref_19,CB,IBU,Ground water,0.9218881323407775,0.9283120431436953,RandomForest,RandomForest_1
288,SI_ref_19,CB,IBU,Ground water,0.9215853366418528,0.9276166248068786,RandomForest,RandomForest_1
290,SI_ref_19,CB,IBU,Ground water,0.9207959503722085,0.9270672062688001,RandomForest,RandomForest_1
292,SI_ref_19,CB,IBU,Ground water,0.9207361323407776,0.9268127192223896,RandomForest,RandomForest_1
294,SI_ref_19,CB,IBU,Ground water,0.9206762613730356,0.9269512390291876,RandomForest,RandomForest_1
296,SI_ref_19,CB,IBU,Ground water,0.9945207101387852,0.9429410677755479,RandomForest,RandomForest_1
298,SI_ref_19,CB,IBU,Ground water,0.9765877548823724,0.9293048308990123,RandomForest,RandomForest_1
300,SI_ref_19,CB,IBU,Ground water,0.9595058090644278,0.9281530635248884,RandomForest,RandomForest_1
302,SI_ref_19,CB,IBU,Ground water,0.9409019130333385,0.9429410677755479,RandomForest,RandomForest_1
304,SI_ref_19,CB,IBU,Ground water,0.9323428884090048,0.9293048308990123,RandomForest,RandomForest_1
306,SI_ref_19,CB,IBU,Ground water,0.9259231602386863,0.9281530635248884,RandomForest,RandomForest_1
308,SI_ref_19,CB,IBU,Ground water,0.8753590996713628,0.922700391713781,RandomForest,RandomForest_1
310,SI_ref_19,CB,IBU,Ground water,0.9341230700922319,0.9429410677755479,RandomForest,RandomForest_1
312,SI_ref_19,CB,IBU,Ground water,0.9234390298948024,0.9293048308990123,RandomForest,RandomForest_1
314,SI_ref_19,CB,IBU,Ground water,0.917590560186213,0.9281530635248884,RandomForest,RandomForest_1
316,SI_ref_19,CB,IBU,Ground water,0.9236132062907854,0.9299322409916334,RandomForest,RandomForest_1
318,SI_ref_19,CB,IBU,Ground water,0.9231865295080666,0.9301103230400894,RandomForest,RandomForest_1
320,SI_ref_19,CB,IBU,Ground water,0.9303445651202417,0.9429410677755479,RandomForest,RandomForest_1
322,SI_ref_19,CB,IBU,Ground water,0.923151204819856,0.9293048308990123,RandomForest,RandomForest_1
324,SI_ref_19,CB,IBU,Ground water,0.9175260660683171,0.9281530635248884,RandomForest,RandomForest_1
326,SI_ref_19,CB,IBU,Ground water,0.9318432124429017,0.9429410677755479,RandomForest,RandomForest_1
328,SI_ref_19,CB,IBU,Ground water,0.9241489703794897,0.9293048308990123,RandomForest,RandomForest_1
330,SI_ref_19,CB,IBU,Ground water,0.9174641264203113,0.9281530635248884,RandomForest,RandomForest_1
523,SI_ref_19,MCB,IBU,Ground water,0.9264289561621175,0.888377310562345,RandomForest,RandomForest_1
525,SI_ref_19,MCB,IBU,Ground water,0.9196854524400332,0.8901328959145625,RandomForest,RandomForest_1
527,SI_ref_19,MCB,IBU,Ground water,0.9178832092638545,0.8913105835992458,RandomForest,RandomForest_1
529,SI_ref_19,MCB,IBU,Ground water,0.9177463688999173,0.8911055327596713,RandomForest,RandomForest_1
531,SI_ref_19,MCB,IBU,Ground water,0.9177232092638544,0.8915303498774263,RandomForest,RandomForest_1
533,SI_ref_19,MCB,IBU,Ground water,0.9175379321753515,0.8927516569191484,RandomForest,RandomForest_1
535,SI_ref_19,MCB,IBU,Ground water,0.9173856344086023,0.8946434769511655,RandomForest,RandomForest_1
537,SI_ref_19,MCB,IBU,Ground water,0.9902068659306948,0.9172277599847486,RandomForest,RandomForest_1
539,SI_ref_19,MCB,IBU,Ground water,0.9708228218531151,0.9075681468584266,RandomForest,RandomForest_1
541,SI_ref_19,MCB,IBU,Ground water,0.9483485035015843,0.9044257337422772,RandomForest,RandomForest_1
543,SI_ref_19,MCB,IBU,Ground water,0.9173115500413566,0.9075681468584266,RandomForest,RandomForest_1
545,SI_ref_19,MCB,IBU,Ground water,0.9358359065436908,0.9131190970906955,RandomForest,RandomForest_1
547,SI_ref_19,MCB,IBU,Ground water,0.9263512886233829,0.9016870524732745,RandomForest,RandomForest_1
549,SI_ref_19,MCB,IBU,Ground water,0.9153544975680639,0.8984108732334803,RandomForest,RandomForest_1
551,SI_ref_19,MCB,IBU,Ground water,0.9271238571918706,0.9081156758710393,RandomForest,RandomForest_1
553,SI_ref_19,MCB,IBU,Ground water,0.9199191103755877,0.8915447622407163,RandomForest,RandomForest_1
555,SI_ref_19,MCB,IBU,Ground water,0.910886274193223,0.8886099251630865,RandomForest,RandomForest_1
557,SI_ref_19,MCB,IBU,Ground water,0.8716126359176348,0.8890881340371896,RandomForest,RandomForest_1
559,SI_ref_19,MCB,IBU,Ground water,0.9228881866842084,0.8912783044001799,RandomForest,RandomForest_1
561,SI_ref_19,MCB,IBU,Ground water,0.9227697266379059,0.8912783044001799,RandomForest,RandomForest_1
563,SI_ref_19,MCB,IBU,Ground water,0.9221446299502403,0.8912783044001799,RandomForest,RandomForest_1
565,SI_ref_19,MCB,IBU,Ground water,0.9254612605703445,0.9072275492932924,RandomForest,RandomForest_1
567,SI_ref_19,MCB,IBU,Ground water,0.9188111047361486,0.8912783044001799,RandomForest,RandomForest_1
569,SI_ref_19,MCB,IBU,Ground water,0.9124876096677748,0.8882455025533954,RandomForest,RandomForest_1
571,SI_ref_19,MCB,IBU,Ground water,0.927696260267614,0.908124875139076,RandomForest,RandomForest_1
573,SI_ref_19,MCB,IBU,Ground water,0.9222883610163676,0.8949561904717888,RandomForest,RandomForest_1
575,SI_ref_19,MCB,IBU,Ground water,0.9173366162788351,0.8914296837716136,RandomForest,RandomForest_1
577,SI_ref_19,MCB,IBU,Ground water,0.9896236049163454,0.918970080239869,RandomForest,RandomForest_1
579,SI_ref_19,MCB,IBU,Ground water,0.9728688772730024,0.9101788514350088,RandomForest,RandomForest_1
581,SI_ref_19,MCB,IBU,Ground water,0.95367292982704,0.9052000266010033,RandomForest,RandomForest_1
583,SI_ref_19,MCB,IBU,Ground water,0.9381494412938034,0.9114407640057594,RandomForest,RandomForest_1
585,SI_ref_19,MCB,IBU,Ground water,0.925414707326754,0.9050005889601664,RandomForest,RandomForest_1
587,SI_ref_19,MCB,IBU,Ground water,0.9200694262245456,0.8996688843828226,RandomForest,RandomForest_1
589,SI_ref_19,MCB,IBU,Ground water,0.9296751902157461,0.9039820830547357,RandomForest,RandomForest_1
591,SI_ref_19,MCB,IBU,Ground water,0.9221403459202003,0.8949251605205454,RandomForest,RandomForest_1
593,SI_ref_19,MCB,IBU,Ground water,0.911624129649438,0.8886503657772847,RandomForest,RandomForest_1
595,SI_ref_19,MCB,IBU,Ground water,0.9248851497651674,0.9034636979316275,RandomForest,RandomForest_1
597,SI_ref_19,MCB,IBU,Ground water,0.9206218375460943,0.8943368298984623,RandomForest,RandomForest_1
599,SI_ref_19,MCB,IBU,Ground water,0.9170274735254856,0.8882003377691015,RandomForest,RandomForest_1
601,SI_ref_19,MCB,IBU,Ground water,0.9300914246503462,0.9042111178655636,RandomForest,RandomForest_1
603,SI_ref_19,MCB,IBU,Ground water,0.920786534541565,0.896489818537302,RandomForest,RandomForest_1
605,SI_ref_19,MCB,IBU,Ground water,0.9160948152334054,0.8901538329599876,RandomForest,RandomForest_1
607,SI_ref_19,MCB,IBU,Ground water,0.9861765121394982,0.9126337757984758,RandomForest,RandomForest_1
609,SI_ref_19,MCB,IBU,Ground water,0.9661781267028597,0.9068031374333927,RandomForest,RandomForest_1
611,SI_ref_19,MCB,IBU,Ground water,0.9529992532644452,0.9005878919429965,RandomForest,RandomForest_1
613,SI_ref_19,MCB,IBU,Ground water,0.9352947587236877,0.9085363067987712,RandomForest,RandomForest_1
615,SI_ref_19,MCB,IBU,Ground water,0.9284499518994666,0.9038873454413903,RandomForest,RandomForest_1
617,SI_ref_19,MCB,IBU,Ground water,0.917077774862594,0.8979854997596997,RandomForest,RandomForest_1
619,SI_ref_19,MCB,IBU,Ground water,0.9255842902984923,0.9009499888633077,RandomForest,RandomForest_1
621,SI_ref_19,MCB,IBU,Ground water,0.9186162384710084,0.8921773787766911,RandomForest,RandomForest_1
623,SI_ref_19,MCB,IBU,Ground water,0.9103224686673798,0.8867106686640132,RandomForest,RandomForest_1
625,SI_ref_19,MCB,IBU,Ground water,0.9258221154816445,0.9005101394137239,RandomForest,RandomForest_1
627,SI_ref_19,MCB,IBU,Ground water,0.921668420582223,0.8916763138117257,RandomForest,RandomForest_1
629,SI_ref_19,MCB,IBU,Ground water,0.9150562646500002,0.8863306144865009,RandomForest,RandomForest_1
631,SI_ref_19,MCB,IBU,Ground water,0.9296259863973036,0.9006860652365546,RandomForest,RandomForest_1
633,SI_ref_19,MCB,IBU,Ground water,0.9216175906678238,0.8918522396345563,RandomForest,RandomForest_1
635,SI_ref_19,MCB,IBU,Ground water,0.9188076045934327,0.8865065403093317,RandomForest,RandomForest_1
698,SI_ref_18,NaOH-activated SCW biochars,IBU,Lake water,0.585296751211726,0.5708747377200248,RandomForest,RandomForest_1
700,SI_ref_18,NaOH-activated SCW biochars,IBU,Lake water,0.6304734220526563,0.5709024975297039,RandomForest,RandomForest_1
702,SI_ref_18,NaOH-activated SCW biochars,IBU,Lake water,0.6077686506314385,0.5615306665465785,RandomForest,RandomForest_1
704,SI_ref_18,NaOH-activated SCW biochars,IBU,Lake water,0.6040537723014899,0.5519006479214628,RandomForest,RandomForest_1
706,SI_ref_18,NaOH-activated SCW biochars,IBU,Lake water,0.6292724453182281,0.5415518102410791,RandomForest,RandomForest_1
708,SI_ref_18,NaOH-activated SCW biochars,IBU,Lake water,0.6376478565264503,0.5370191153129172,RandomForest,RandomForest_1
710,SI_ref_18,NaOH-activated SCW biochars,IBU,Lake water,0.6108673600702487,0.5318108050788823,RandomForest,RandomForest_1
712,SI_ref_18,NaOH-activated SCW biochars,IBU,Lake water,0.10371139816269948,0.5152792224114554,RandomForest,RandomForest_1
714,SI_ref_18,NaOH-activated SCW biochars,IBU,Lake water,0.46656560236114836,0.5152792224114554,RandomForest,RandomForest_1
716,SI_ref_18,NaOH-activated SCW biochars,IBU,Lake water,0.44106817459704084,0.5128869804954113,RandomForest,RandomForest_1
718,SI_ref_18,NaOH-activated SCW biochars,IBU,Lake water,0.6893393142281772,0.5182310011047752,RandomForest,RandomForest_1
720,SI_ref_18,NaOH-activated SCW biochars,IBU,Lake water,0.621379975330744,0.5152792224114554,RandomForest,RandomForest_1
722,SI_ref_18,NaOH-activated SCW biochars,IBU,Lake water,0.6727437787241767,0.5152792224114554,RandomForest,RandomForest_1
723,SI_ref_18,NaOH-activated SCW biochars,IBU,Lake water,0.6293605973980515,0.5152792224114554,RandomForest,RandomForest_1
724,SI_ref_18,NaOH-activated SCW biochars,IBU,Lake water,0.6573710855713073,0.5152792224114554,RandomForest,RandomForest_1
726,SI_ref_18,NaOH-activated SCW biochars,IBU,Lake water,0.6298354173553987,0.5152792224114554,RandomForest,RandomForest_1
727,SI_ref_18,NaOH-activated SCW biochars,IBU,Lake water,0.6523803226831055,0.5152792224114554,RandomForest,RandomForest_1
728,SI_ref_18,NaOH-activated SCW biochars,IBU,Lake water,0.6378679449532959,0.5152792224114554,RandomForest,RandomForest_1
730,SI_ref_18,NaOH-activated SCW biochars,IBU,Lake water,0.627404015064595,0.5152792224114554,RandomForest,RandomForest_1
731,SI_ref_18,NaOH-activated SCW biochars,IBU,Lake water,0.6077370696640284,0.5152792224114554,RandomForest,RandomForest_1
732,SI_ref_18,NaOH-activated SCW biochars,IBU,Lake water,0.6159420233488258,0.5152792224114554,RandomForest,RandomForest_1
734,SI_ref_18,NaOH-activated SCW biochars,IBU,Lake water,0.6074163960354965,0.5152792224114554,RandomForest,RandomForest_1
735,SI_ref_18,NaOH-activated SCW biochars,IBU,Lake water,0.6146046840259546,0.5152792224114554,RandomForest,RandomForest_1
736,SI_ref_18,NaOH-activated SCW biochars,IBU,Lake water,0.6281995086504742,0.5152792224114554,RandomForest,RandomForest_1
738,SI_ref_18,NaOH-activated SCW biochars,IBU,Lake water,0.6298527247859258,0.5152792224114554,RandomForest,RandomForest_1
739,SI_ref_18,NaOH-activated SCW biochars,IBU,Lake water,0.576999656444263,0.5152792224114554,RandomForest,RandomForest_1
740,SI_ref_18,NaOH-activated SCW biochars,IBU,Lake water,0.5791171913994386,0.5152792224114554,RandomForest,RandomForest_1
742,SI_ref_18,NaOH-activated SCW biochars,IBU,Lake water,0.5786725135963804,0.5152792224114554,RandomForest,RandomForest_1
743,SI_ref_18,NaOH-activated SCW biochars,IBU,Lake water,0.6233870058145189,0.5152792224114554,RandomForest,RandomForest_1
744,SI_ref_18,NaOH-activated SCW biochars,IBU,Lake water,0.5944978576382812,0.5152792224114554,RandomForest,RandomForest_1
745,SI_ref_18,NaOH-activated SCW biochars,IBU,Lake water,0.5630080357470825,0.5147371754853206,RandomForest,RandomForest_1
747,SI_ref_18,NaOH-activated SCW biochars,IBU,Lake water,0.6846241766923425,0.5280646672810925,RandomForest,RandomForest_1
749,SI_ref_18,NaOH-activated SCW biochars,IBU,Lake water,0.744908980376152,0.5289297827928587,RandomForest,RandomForest_1
751,SI_ref_18,NaOH-activated SCW biochars,IBU,Lake water,0.6869669848084122,0.5152792224114554,RandomForest,RandomForest_1
753,SI_ref_18,NaOH-activated SCW biochars,IBU,Lake water,0.7932075459644551,0.5152792224114554,RandomForest,RandomForest_1
852,SI_ref_13,PB600,CBZ,Synthetic,0.5776772247360483,0.6988604101196124,RandomForest,RandomForest_1
853,SI_ref_13,PB600,CBZ,Synthetic,0.5656108597285068,0.6935004511709366,RandomForest,RandomForest_1
854,SI_ref_13,PB600,CBZ,Synthetic,0.5475113122171945,0.6717120873265138,RandomForest,RandomForest_1
855,SI_ref_13,PB600,CBZ,Synthetic,0.4479638009049774,0.6551996689863167,RandomForest,RandomForest_1
856,SI_ref_13,PB600,CBZ,Synthetic,0.45098039215686275,0.6123813711047782,RandomForest,RandomForest_1
857,SI_ref_13,PB600,CBZ,Synthetic,0.42684766214177977,0.5946638837195053,RandomForest,RandomForest_1
858,SI_ref_13,PB600,CBZ,Synthetic,0.32437120555073723,0.5896096883014861,RandomForest,RandomForest_1
859,SI_ref_13,PB600,CBZ,Synthetic,0.4773489932885906,0.5913334069692864,RandomForest,RandomForest_1
860,SI_ref_13,PB600,CBZ,Synthetic,0.4437372714068248,0.5896096883014861,RandomForest,RandomForest_1
861,SI_ref_13,PB600,CBZ,Synthetic,0.35791881074899945,0.5896096883014861,RandomForest,RandomForest_1
862,SI_ref_13,PB600,CBZ,Synthetic,0.32426715019643393,0.5896096883014861,RandomForest,RandomForest_1
863,SI_ref_13,PB600,CBZ,Synthetic,0.24055829228243014,0.5896096883014861,RandomForest,RandomForest_1
864,SI_ref_13,PB600,CBZ,Synthetic,0.44839549002601903,0.5847064154230519,RandomForest,RandomForest_1
865,SI_ref_13,PB600,CBZ,Synthetic,0.5528523489932886,0.5847064154230519,RandomForest,RandomForest_1
866,SI_ref_13,PB600,CBZ,Synthetic,0.5653368025440879,0.5896096883014861,RandomForest,RandomForest_1
867,SI_ref_13,PB600,CBZ,Synthetic,0.6235906331309627,0.5896096883014861,RandomForest,RandomForest_1
868,SI_ref_13,PB600,CBZ,Synthetic,0.6991037872217403,0.5896096883014861,RandomForest,RandomForest_1
869,SI_ref_13,PB600,CBZ,Synthetic,0.7401395944327428,0.5896096883014861,RandomForest,RandomForest_1
870,SI_ref_13,PB600,CBZ,Synthetic,0.8642533936651583,0.5536993191953344,RandomForest,RandomForest_1
871,SI_ref_13,PB600,CBZ,Synthetic,0.6953242835595775,0.5536993191953344,RandomForest,RandomForest_1
872,SI_ref_13,PB600,CBZ,Synthetic,0.4479638009049774,0.5536993191953344,RandomForest,RandomForest_1
873,SI_ref_13,PB600,CBZ,Synthetic,0.36651583710407243,0.5536993191953344,RandomForest,RandomForest_1
874,SI_ref_13,PB600,CBZ,Synthetic,0.248868778280543,0.5536993191953344,RandomForest,RandomForest_1
898,SI_ref_13,PB600,CBZ,Synthetic,0.244663382594417,0.5896096883014861,RandomForest,RandomForest_1
899,SI_ref_13,PB800,CBZ,Synthetic,0.27061079156395507,0.39560702718362556,RandomForest,RandomForest_1
900,SI_ref_13,PB800,CBZ,Synthetic,0.22678718159408381,0.3911710394106926,RandomForest,RandomForest_1
901,SI_ref_13,PB800,CBZ,Synthetic,0.18844152287044644,0.3870297221658328,RandomForest,RandomForest_1
902,SI_ref_13,PB800,CBZ,Synthetic,0.17748562037797863,0.37225316737734054,RandomForest,RandomForest_1
903,SI_ref_13,PB800,CBZ,Synthetic,0.16379074226239385,0.3623291397813193,RandomForest,RandomForest_1
904,SI_ref_13,PB800,CBZ,Synthetic,0.155573815393043,0.3539384758763983,RandomForest,RandomForest_1
905,SI_ref_13,PB800,CBZ,Synthetic,0.08520900321543408,0.35073071382509363,RandomForest,RandomForest_1
906,SI_ref_13,PB800,CBZ,Synthetic,0.16135346756152125,0.35073071382509363,RandomForest,RandomForest_1
907,SI_ref_13,PB800,CBZ,Synthetic,0.1561792870827899,0.35073071382509363,RandomForest,RandomForest_1
908,SI_ref_13,PB800,CBZ,Synthetic,0.13676633444075306,0.35073071382509363,RandomForest,RandomForest_1
909,SI_ref_13,PB800,CBZ,Synthetic,0.1002310803004044,0.35073071382509363,RandomForest,RandomForest_1
910,SI_ref_13,PB800,CBZ,Synthetic,0.04322336667164253,0.35073071382509363,RandomForest,RandomForest_1
911,SI_ref_13,PB800,CBZ,Synthetic,0.20609619686800895,0.35073071382509363,RandomForest,RandomForest_1
912,SI_ref_13,PB800,CBZ,Synthetic,0.1865212527964206,0.35073071382509363,RandomForest,RandomForest_1
913,SI_ref_13,PB800,CBZ,Synthetic,0.28121650589496244,0.35073071382509363,RandomForest,RandomForest_1
914,SI_ref_13,PB800,CBZ,Synthetic,0.36611289746337977,0.35073071382509363,RandomForest,RandomForest_1
915,SI_ref_13,PB800,CBZ,Synthetic,0.5117363344051448,0.35073071382509363,RandomForest,RandomForest_1
916,SI_ref_13,PB800,CBZ,Synthetic,0.5707012708620426,0.35073071382509363,RandomForest,RandomForest_1
917,SI_ref_13,PB800,CBZ,Synthetic,0.5791052918712493,0.35900735526336675,RandomForest,RandomForest_1
918,SI_ref_13,PB800,CBZ,Synthetic,0.30905619203491547,0.35900735526336675,RandomForest,RandomForest_1
919,SI_ref_13,PB800,CBZ,Synthetic,0.16448445171849424,0.35900735526336675,RandomForest,RandomForest_1
920,SI_ref_13,PB800,CBZ,Synthetic,0.12460736493062231,0.35900735526336675,RandomForest,RandomForest_1
921,SI_ref_13,PB800,CBZ,Synthetic,0.08265139116202945,0.35900735526336675,RandomForest,RandomForest_1
987,SI_ref_15,PSB,TEB,Synthetic,0.9529494921755761,0.9416542880954354,RandomForest,RandomForest_1
988,SI_ref_15,PSB,TEB,Synthetic,0.9422238246841239,0.9393685971025516,RandomForest,RandomForest_1
989,SI_ref_15,PSB,TEB,Synthetic,0.9297851778252496,0.9354430531007759,RandomForest,RandomForest_1
990,SI_ref_15,PSB,TEB,Synthetic,0.9225192311101157,0.9332741347953817,RandomForest,RandomForest_1
991,SI_ref_15,PSB,TEB,Synthetic,0.920805363267918,0.9314648519889934,RandomForest,RandomForest_1
992,SI_ref_15,PSB,TEB,Synthetic,0.9178876121047361,0.929247941231808,RandomForest,RandomForest_1
993,SI_ref_15,PSB,TEB,Synthetic,0.9171857170319854,0.9287570868330931,RandomForest,RandomForest_1
994,SI_ref_15,PSB,TEB,Synthetic,0.9362126098667423,0.9264944904570126,RandomForest,RandomForest_1
995,SI_ref_15,PSB,TEB,Synthetic,0.9575716949823408,0.9264944904570126,RandomForest,RandomForest_1
996,SI_ref_15,PSB,TEB,Synthetic,0.9144403299752767,0.9264944904570126,RandomForest,RandomForest_1
997,SI_ref_15,PSB,TEB,Synthetic,0.9131362601666559,0.9264944904570126,RandomForest,RandomForest_1
998,SI_ref_15,PSB,TEB,Synthetic,0.9073783566890704,0.9264944904570126,RandomForest,RandomForest_1
999,SI_ref_15,PSB,TEB,Synthetic,0.8610942615965279,0.9264944904570126,RandomForest,RandomForest_1
1000,SI_ref_15,PSB,TEB,Synthetic,0.8714762044822667,0.9264944904570126,RandomForest,RandomForest_1
1001,SI_ref_15,PSB,TEB,Synthetic,0.8650362109004135,0.9264944904570126,RandomForest,RandomForest_1
1002,SI_ref_15,PSB,TEB,Synthetic,0.9441016733966956,0.9264944904570126,RandomForest,RandomForest_1
1003,SI_ref_15,PSB,TEB,Synthetic,0.952584477756588,0.9264944904570126,RandomForest,RandomForest_1
1004,SI_ref_15,PSB,TEB,Synthetic,0.9589909115585907,0.9264944904570126,RandomForest,RandomForest_1
1005,SI_ref_15,PSB,TEB,Synthetic,0.9629553594597028,0.9264944904570126,RandomForest,RandomForest_1
1052,SI_ref_15,PSBOX-A,TEB,Synthetic,0.5158767649493458,0.3424920843040875,RandomForest,RandomForest_1
1053,SI_ref_15,PSBOX-A,TEB,Synthetic,0.41210379963008376,0.32847635211154924,RandomForest,RandomForest_1
1054,SI_ref_15,PSBOX-A,TEB,Synthetic,0.30623403384032577,0.2933663415761516,RandomForest,RandomForest_1
1055,SI_ref_15,PSBOX-A,TEB,Synthetic,0.21283845390046752,0.20652869540487295,RandomForest,RandomForest_1
1056,SI_ref_15,PSBOX-A,TEB,Synthetic,0.12421842587964138,0.19815337345058492,RandomForest,RandomForest_1
1057,SI_ref_15,PSBOX-A,TEB,Synthetic,0.09371708683213013,0.19671890482100532,RandomForest,RandomForest_1
1058,SI_ref_15,PSBOX-A,TEB,Synthetic,0.07890621232231329,0.19246618818160358,RandomForest,RandomForest_1
1059,SI_ref_15,PSBOX-A,TEB,Synthetic,0.07277962857952934,0.20517181819569205,RandomForest,RandomForest_1
1060,SI_ref_15,PSBOX-A,TEB,Synthetic,0.5073983287736047,0.20192242057046336,RandomForest,RandomForest_1
1061,SI_ref_15,PSBOX-A,TEB,Synthetic,0.5163778457532948,0.20517181819569205,RandomForest,RandomForest_1
1062,SI_ref_15,PSBOX-A,TEB,Synthetic,0.5077105405964751,0.20517181819569205,RandomForest,RandomForest_1
1063,SI_ref_15,PSBOX-A,TEB,Synthetic,0.058828707349529885,0.20517181819569205,RandomForest,RandomForest_1
1064,SI_ref_15,PSBOX-A,TEB,Synthetic,0.4930488637978448,0.20517181819569205,RandomForest,RandomForest_1
1065,SI_ref_15,PSBOX-A,TEB,Synthetic,0.5160089507499187,0.20517181819569205,RandomForest,RandomForest_1
1066,SI_ref_15,PSBOX-A,TEB,Synthetic,0.07083175356135256,0.20517181819569205,RandomForest,RandomForest_1
1067,SI_ref_15,PSBOX-A,TEB,Synthetic,0.051172794584274484,0.20517181819569205,RandomForest,RandomForest_1
1068,SI_ref_15,PSBOX-A,TEB,Synthetic,0.04750722464731311,0.20517181819569205,RandomForest,RandomForest_1
1069,SI_ref_15,PSBOX-A,TEB,Synthetic,0.04108376658313895,0.20517181819569205,RandomForest,RandomForest_1
1070,SI_ref_15,PSBOX-A,TEB,Synthetic,0.04527670142322688,0.20517181819569205,RandomForest,RandomForest_1
1071,SI_ref_15,PSBOX-A,TEB,Synthetic,0.04243318293660387,0.20517181819569205,RandomForest,RandomForest_1
1072,SI_ref_15,PSBOX-A,TEB,Synthetic,0.09409506092292502,0.20517181819569205,RandomForest,RandomForest_1
1073,SI_ref_15,PSBOX-A,TEB,Synthetic,0.28314921751011557,0.20517181819569205,RandomForest,RandomForest_1
1074,SI_ref_15,PSBOX-A,TEB,Synthetic,0.44223994246690523,0.20517181819569205,RandomForest,RandomForest_1
1075,SI_ref_15,PSBOX-A,TEB,Synthetic,0.5102144207532882,0.20517181819569205,RandomForest,RandomForest_1
1077,SI_ref_17,Pristine SCG biochar,CBZ,Synthetic,0.9431980957558961,0.9251847748527492,RandomForest,RandomForest_1
1079,SI_ref_17,Pristine SCG biochar,CBZ,Synthetic,0.9360319849357849,0.9216517233806829,RandomForest,RandomForest_1
1081,SI_ref_17,Pristine SCG biochar,CBZ,Synthetic,0.9307104448319532,0.918613390521685,RandomForest,RandomForest_1
1083,SI_ref_17,Pristine SCG biochar,CBZ,Synthetic,0.9258716624342764,0.917390308294959,RandomForest,RandomForest_1
1085,SI_ref_17,Pristine SCG biochar,CBZ,Synthetic,0.9157118703628806,0.9136619465182071,RandomForest,RandomForest_1
1087,SI_ref_17,Pristine SCG biochar,CBZ,Synthetic,0.9147137334986508,0.9121661489980242,RandomForest,RandomForest_1
1089,SI_ref_17,Pristine SCG biochar,CBZ,Synthetic,0.9138427672538969,0.9097530977968471,RandomForest,RandomForest_1
1091,SI_ref_17,Pristine SCG biochar,CBZ,Synthetic,0.8932130468798682,0.844864807893373,RandomForest,RandomForest_1
1093,SI_ref_17,Pristine SCG biochar,CBZ,Synthetic,0.9247624360467385,0.9004667548838711,RandomForest,RandomForest_1
1095,SI_ref_17,Pristine SCG biochar,CBZ,Synthetic,0.9071706166070994,0.9004667548838711,RandomForest,RandomForest_1
1097,SI_ref_17,Pristine SCG biochar,CBZ,Synthetic,0.908534541255576,0.9004667548838711,RandomForest,RandomForest_1
1099,SI_ref_17,Pristine SCG biochar,CBZ,Synthetic,0.903895578148675,0.9004667548838711,RandomForest,RandomForest_1
1101,SI_ref_17,Pristine SCG biochar,CBZ,Synthetic,0.9071468090110305,0.9004667548838711,RandomForest,RandomForest_1
1103,SI_ref_17,Pristine SCG biochar,CBZ,Synthetic,0.890879570190962,0.9004667548838711,RandomForest,RandomForest_1
1105,SI_ref_17,Pristine SCG biochar,CBZ,Synthetic,0.8806314346444372,0.9029006421098448,RandomForest,RandomForest_1
1107,SI_ref_17,Pristine SCG biochar,CBZ,Synthetic,0.9289062306369882,0.9004667548838711,RandomForest,RandomForest_1
1109,SI_ref_17,Pristine SCG biochar,CBZ,Synthetic,0.9261272699552149,0.9004667548838711,RandomForest,RandomForest_1
1111,SI_ref_17,Pristine SCG biochar,CBZ,Synthetic,0.9403460613803251,0.9004667548838711,RandomForest,RandomForest_1
1113,SI_ref_17,Pristine SCG biochar,CBZ,Synthetic,0.9373850128799738,0.9004667548838711,RandomForest,RandomForest_1
1115,SI_ref_17,Pristine SCG biochar,CBZ,Synthetic,0.925161257978969,0.9004667548838711,RandomForest,RandomForest_1
1253,SI_ref_18,Pristine SCW Biochar,IBU,Lake water,0.9264336848996528,0.9235402971941076,RandomForest,RandomForest_1
1255,SI_ref_18,Pristine SCW Biochar,IBU,Lake water,0.9179334532144726,0.9211847002940187,RandomForest,RandomForest_1
1257,SI_ref_18,Pristine SCW Biochar,IBU,Lake water,0.916180999264559,0.9204915025092134,RandomForest,RandomForest_1
1259,SI_ref_18,Pristine SCW Biochar,IBU,Lake water,0.9235678454978681,0.9207389360086446,RandomForest,RandomForest_1
1261,SI_ref_18,Pristine SCW Biochar,IBU,Lake water,0.9285970293283682,0.9209611689624287,RandomForest,RandomForest_1
1263,SI_ref_18,Pristine SCW Biochar,IBU,Lake water,0.9209592404126973,0.920653822578601,RandomForest,RandomForest_1
1265,SI_ref_18,Pristine SCW Biochar,IBU,Lake water,0.9279432945207517,0.9212164999488874,RandomForest,RandomForest_1
1269,SI_ref_18,Pristine SCW Biochar,IBU,Lake water,0.8974085452250303,0.9102287591420197,RandomForest,RandomForest_1
1271,SI_ref_18,Pristine SCW Biochar,IBU,Lake water,0.9239929387412031,0.924325271387184,RandomForest,RandomForest_1
1273,SI_ref_18,Pristine SCW Biochar,IBU,Lake water,0.9256303580479686,0.9203545017417072,RandomForest,RandomForest_1
1275,SI_ref_18,Pristine SCW Biochar,IBU,Lake water,0.9240446881745522,0.9203545017417072,RandomForest,RandomForest_1
1276,SI_ref_18,Pristine SCW Biochar,IBU,Lake water,0.9283922239724117,0.9203545017417072,RandomForest,RandomForest_1
1277,SI_ref_18,Pristine SCW Biochar,IBU,Lake water,0.9240711354841218,0.9203545017417072,RandomForest,RandomForest_1
1279,SI_ref_18,Pristine SCW Biochar,IBU,Lake water,0.9204127206373283,0.9203545017417072,RandomForest,RandomForest_1
1280,SI_ref_18,Pristine SCW Biochar,IBU,Lake water,0.9185968665123906,0.9203545017417072,RandomForest,RandomForest_1
1281,SI_ref_18,Pristine SCW Biochar,IBU,Lake water,0.9182954449695013,0.9203545017417072,RandomForest,RandomForest_1
1283,SI_ref_18,Pristine SCW Biochar,IBU,Lake water,0.9158900362354069,0.9203545017417072,RandomForest,RandomForest_1
1284,SI_ref_18,Pristine SCW Biochar,IBU,Lake water,0.9125854189759445,0.9203545017417072,RandomForest,RandomForest_1
1285,SI_ref_18,Pristine SCW Biochar,IBU,Lake water,0.9175495400890653,0.9203545017417072,RandomForest,RandomForest_1
1287,SI_ref_18,Pristine SCW Biochar,IBU,Lake water,0.9120226357855434,0.9203545017417072,RandomForest,RandomForest_1
1288,SI_ref_18,Pristine SCW Biochar,IBU,Lake water,0.9131050308227836,0.9203545017417072,RandomForest,RandomForest_1
1289,SI_ref_18,Pristine SCW Biochar,IBU,Lake water,0.91141920930323,0.9203545017417072,RandomForest,RandomForest_1
1291,SI_ref_18,Pristine SCW Biochar,IBU,Lake water,0.9068652159539504,0.9203545017417072,RandomForest,RandomForest_1
1292,SI_ref_18,Pristine SCW Biochar,IBU,Lake water,0.9091226364337618,0.9203545017417072,RandomForest,RandomForest_1
1293,SI_ref_18,Pristine SCW Biochar,IBU,Lake water,0.9067682424855283,0.9203545017417072,RandomForest,RandomForest_1
1295,SI_ref_18,Pristine SCW Biochar,IBU,Lake water,0.9027540853962883,0.9203545017417072,RandomForest,RandomForest_1
1296,SI_ref_18,Pristine SCW Biochar,IBU,Lake water,0.9025373859945938,0.9203545017417072,RandomForest,RandomForest_1
1297,SI_ref_18,Pristine SCW Biochar,IBU,Lake water,0.9026152370210476,0.9203545017417072,RandomForest,RandomForest_1
1298,SI_ref_18,Pristine SCW Biochar,IBU,Lake water,0.9219347373743266,0.9203545017417072,RandomForest,RandomForest_1
1300,SI_ref_18,Pristine SCW Biochar,IBU,Lake water,0.9277221749920567,0.9247457443694114,RandomForest,RandomForest_1
1302,SI_ref_18,Pristine SCW Biochar,IBU,Lake water,0.9340257796823453,0.9257858848355482,RandomForest,RandomForest_1
2,SI_ref_19,AMCB,IBU,Ground water,0.6563767477253929,0.5013036464660245,Ridge,Ridge_2
4,SI_ref_19,AMCB,IBU,Ground water,0.5414154110835401,0.4849258632385595,Ridge,Ridge_2
6,SI_ref_19,AMCB,IBU,Ground water,0.39819987427626136,0.46835378757910506,Ridge,Ridge_2
8,SI_ref_19,AMCB,IBU,Ground water,0.3426557088502895,0.45168275838721084,Ridge,Ridge_2
10,SI_ref_19,AMCB,IBU,Ground water,0.3352626765922249,0.4349617903994126,Ridge,Ridge_2
12,SI_ref_19,AMCB,IBU,Ground water,0.33078034739454093,0.42516802980101187,Ridge,Ridge_2
14,SI_ref_19,AMCB,IBU,Ground water,0.3305497038875103,0.418215736199251,Ridge,Ridge_2
16,SI_ref_19,AMCB,IBU,Ground water,0.029204625724030753,0.4322918128321434,Ridge,Ridge_2
18,SI_ref_19,AMCB,IBU,Ground water,0.005264283840238958,0.40841359613089007,Ridge,Ridge_2
20,SI_ref_19,AMCB,IBU,Ground water,0.0023766372681587895,0.3845353794296367,Ridge,Ridge_2
22,SI_ref_19,AMCB,IBU,Ground water,0.32926049296939613,0.40841359613089007,Ridge,Ridge_2
24,SI_ref_19,AMCB,IBU,Ground water,0.19832193047959257,0.43227502770890147,Ridge,Ridge_2
26,SI_ref_19,AMCB,IBU,Ground water,0.1894672613641715,0.4083968110076482,Ridge,Ridge_2
28,SI_ref_19,AMCB,IBU,Ground water,0.1528746627917146,0.38451859430639485,Ridge,Ridge_2
30,SI_ref_19,AMCB,IBU,Ground water,0.3449761650083755,0.43225825422179454,Ridge,Ridge_2
32,SI_ref_19,AMCB,IBU,Ground water,0.30765270742093687,0.40838003752054114,Ridge,Ridge_2
34,SI_ref_19,AMCB,IBU,Ground water,0.303030777614079,0.3845018208192878,Ridge,Ridge_2
36,SI_ref_19,AMCB,IBU,Ground water,0.41496556078686897,0.4322414923547003,Ridge,Ridge_2
38,SI_ref_19,AMCB,IBU,Ground water,0.3766264851820565,0.40836327565344693,Ridge,Ridge_2
40,SI_ref_19,AMCB,IBU,Ground water,0.38956403906090076,0.3844850589521936,Ridge,Ridge_2
42,SI_ref_19,AMCB,IBU,Ground water,0.5182383095521604,0.43222474209153017,Ridge,Ridge_2
44,SI_ref_19,AMCB,IBU,Ground water,0.5024496962602676,0.4083465253902769,Ridge,Ridge_2
46,SI_ref_19,AMCB,IBU,Ground water,0.48210720700720494,0.38446830868902354,Ridge,Ridge_2
48,SI_ref_19,AMCB,IBU,Ground water,0.03338351934448727,0.432208003416229,Ridge,Ridge_2
50,SI_ref_19,AMCB,IBU,Ground water,0.0,0.4083297867149757,Ridge,Ridge_2
52,SI_ref_19,AMCB,IBU,Ground water,0.003531050071646246,0.3844515700137224,Ridge,Ridge_2
54,SI_ref_19,AMCB,IBU,Ground water,0.19999798179579809,0.4321912763127748,Ridge,Ridge_2
56,SI_ref_19,AMCB,IBU,Ground water,0.17260220522445793,0.4083130596115215,Ridge,Ridge_2
58,SI_ref_19,AMCB,IBU,Ground water,0.15656878376287445,0.38443484291026814,Ridge,Ridge_2
60,SI_ref_19,AMCB,IBU,Ground water,0.3457359785263073,0.43217456076517885,Ridge,Ridge_2
62,SI_ref_19,AMCB,IBU,Ground water,0.32626934953278575,0.4082963440639255,Ridge,Ridge_2
64,SI_ref_19,AMCB,IBU,Ground water,0.3258728934993643,0.38441812736267217,Ridge,Ridge_2
66,SI_ref_19,AMCB,IBU,Ground water,0.4885549946229274,0.4321578567574855,Ridge,Ridge_2
68,SI_ref_19,AMCB,IBU,Ground water,0.39885279506866217,0.40827964005623213,Ridge,Ridge_2
70,SI_ref_19,AMCB,IBU,Ground water,0.42188356115014575,0.3844014233549788,Ridge,Ridge_2
72,SI_ref_19,AMCB,IBU,Ground water,0.5107350299703324,0.43214116427377214,Ridge,Ridge_2
74,SI_ref_19,AMCB,IBU,Ground water,0.5226317382792791,0.4082629475725188,Ridge,Ridge_2
76,SI_ref_19,AMCB,IBU,Ground water,0.4945842701164504,0.38438473087126546,Ridge,Ridge_2
78,SI_ref_19,AMCB,IBU,Ground water,0.025848755777109534,0.4321244832981491,Ridge,Ridge_2
80,SI_ref_19,AMCB,IBU,Ground water,0.008169690609295848,0.4082462665968957,Ridge,Ridge_2
82,SI_ref_19,AMCB,IBU,Ground water,0.0,0.3843680498956424,Ridge,Ridge_2
84,SI_ref_19,AMCB,IBU,Ground water,0.2007202298061851,0.4321078138147596,Ridge,Ridge_2
86,SI_ref_19,AMCB,IBU,Ground water,0.16952726930244136,0.40822959711350626,Ridge,Ridge_2
88,SI_ref_19,AMCB,IBU,Ground water,0.14747637019246942,0.3843513804122529,Ridge,Ridge_2
90,SI_ref_19,AMCB,IBU,Ground water,0.34008395729479907,0.4320911558077795,Ridge,Ridge_2
92,SI_ref_19,AMCB,IBU,Ground water,0.32813530040969546,0.4082129391065262,Ridge,Ridge_2
94,SI_ref_19,AMCB,IBU,Ground water,0.3191737471997417,0.38433472240527283,Ridge,Ridge_2
96,SI_ref_19,AMCB,IBU,Ground water,0.45590621693388655,0.43207450926141744,Ridge,Ridge_2
98,SI_ref_19,AMCB,IBU,Ground water,0.4386715603313315,0.40819629256016415,Ridge,Ridge_2
100,SI_ref_19,AMCB,IBU,Ground water,0.4136227630368784,0.3843180758589108,Ridge,Ridge_2
102,SI_ref_19,AMCB,IBU,Ground water,0.15909620069601668,0.38153578112977465,Ridge,Ridge_2
104,SI_ref_19,AMCB,IBU,Ground water,0.32070040208616674,0.4081796574586612,Ridge,Ridge_2
106,SI_ref_19,AMCB,IBU,Ground water,0.3644459510905023,0.4348235337875478,Ridge,Ridge_2
108,SI_ref_19,AMCB,IBU,Ground water,0.46356787238707886,0.46146741011643433,Ridge,Ridge_2
110,SI_ref_19,AMCB,IBU,Ground water,0.5205305455205957,0.4320578741599146,Ridge,Ridge_2
112,SI_ref_19,AMCB,IBU,Ground water,0.5464029950150356,0.4081796574586612,Ridge,Ridge_2
114,SI_ref_19,AMCB,IBU,Ground water,0.48301499525722014,0.38430144075740785,Ridge,Ridge_2
117,SI_ref_17,Alkali-modified SCG biochars,CBZ,Synthetic,0.12103690777624292,0.3203705527560224,Ridge,Ridge_2
119,SI_ref_17,Alkali-modified SCG biochars,CBZ,Synthetic,0.0701486117179634,0.3039927695285573,Ridge,Ridge_2
121,SI_ref_17,Alkali-modified SCG biochars,CBZ,Synthetic,0.050188840370859876,0.27767690673401446,Ridge,Ridge_2
123,SI_ref_17,Alkali-modified SCG biochars,CBZ,Synthetic,0.033003190610721066,0.2609726195301722,Ridge,Ridge_2
125,SI_ref_17,Alkali-modified SCG biochars,CBZ,Synthetic,0.03511734337104713,0.2511844371822197,Ridge,Ridge_2
127,SI_ref_17,Alkali-modified SCG biochars,CBZ,Synthetic,0.03195287629892775,0.2442349360910097,Ridge,Ridge_2
129,SI_ref_17,Alkali-modified SCG biochars,CBZ,Synthetic,0.03449328813829176,0.23728264248924885,Ridge,Ridge_2
132,SI_ref_17,Alkali-modified SCG biochars,CBZ,Synthetic,0.041716779164719504,0.22748050242088785,Ridge,Ridge_2
134,SI_ref_17,Alkali-modified SCG biochars,CBZ,Synthetic,0.00635796336582959,0.22748050242088785,Ridge,Ridge_2
136,SI_ref_17,Alkali-modified SCG biochars,CBZ,Synthetic,0.011730609548845337,0.22748050242088785,Ridge,Ridge_2
138,SI_ref_17,Alkali-modified SCG biochars,CBZ,Synthetic,0.01988738850164665,0.22748050242088785,Ridge,Ridge_2
140,SI_ref_17,Alkali-modified SCG biochars,CBZ,Synthetic,0.006132526431344026,0.22748050242088785,Ridge,Ridge_2
142,SI_ref_17,Alkali-modified SCG biochars,CBZ,Synthetic,0.007712590639419909,0.22748050242088785,Ridge,Ridge_2
145,SI_ref_17,Alkali-modified SCG biochars,CBZ,Synthetic,0.10268999927349255,0.22748050242088785,Ridge,Ridge_2
147,SI_ref_17,Alkali-modified SCG biochars,CBZ,Synthetic,0.14439822919669368,0.22748050242088785,Ridge,Ridge_2
149,SI_ref_17,Alkali-modified SCG biochars,CBZ,Synthetic,0.34003506921741083,0.22748050242088785,Ridge,Ridge_2
151,SI_ref_17,Alkali-modified SCG biochars,CBZ,Synthetic,0.4516798693491866,0.22748050242088785,Ridge,Ridge_2
153,SI_ref_17,Alkali-modified SCG biochars,CBZ,Synthetic,0.5612135486607656,0.22748050242088785,Ridge,Ridge_2
282,SI_ref_19,CB,IBU,Ground water,0.9280102961124896,0.9909351117424748,Ridge,Ridge_2
284,SI_ref_19,CB,IBU,Ground water,0.9242732043010754,0.9745573285150098,Ridge,Ridge_2
286,SI_ref_19,CB,IBU,Ground water,0.9218881323407775,0.9579852528555554,Ridge,Ridge_2
288,SI_ref_19,CB,IBU,Ground water,0.9215853366418528,0.9413142236636611,Ridge,Ridge_2
290,SI_ref_19,CB,IBU,Ground water,0.9207959503722085,0.9245932556758629,Ridge,Ridge_2
292,SI_ref_19,CB,IBU,Ground water,0.9207361323407776,0.9147994950774622,Ridge,Ridge_2
294,SI_ref_19,CB,IBU,Ground water,0.9206762613730356,0.9078472014757013,Ridge,Ridge_2
296,SI_ref_19,CB,IBU,Ground water,0.9945207101387852,0.9219232781085938,Ridge,Ridge_2
298,SI_ref_19,CB,IBU,Ground water,0.9765877548823724,0.8980450614073403,Ridge,Ridge_2
300,SI_ref_19,CB,IBU,Ground water,0.9595058090644278,0.8741668447060871,Ridge,Ridge_2
302,SI_ref_19,CB,IBU,Ground water,0.9409019130333385,0.9219232781085938,Ridge,Ridge_2
304,SI_ref_19,CB,IBU,Ground water,0.9323428884090048,0.8980450614073403,Ridge,Ridge_2
306,SI_ref_19,CB,IBU,Ground water,0.9259231602386863,0.8741668447060871,Ridge,Ridge_2
308,SI_ref_19,CB,IBU,Ground water,0.8753590996713628,0.8714011850784538,Ridge,Ridge_2
310,SI_ref_19,CB,IBU,Ground water,0.9341230700922319,0.9219232781085938,Ridge,Ridge_2
312,SI_ref_19,CB,IBU,Ground water,0.9234390298948024,0.8980450614073403,Ridge,Ridge_2
314,SI_ref_19,CB,IBU,Ground water,0.917590560186213,0.8741668447060871,Ridge,Ridge_2
316,SI_ref_19,CB,IBU,Ground water,0.9236132062907854,0.924688937736227,Ridge,Ridge_2
318,SI_ref_19,CB,IBU,Ground water,0.9231865295080666,0.9513328140651136,Ridge,Ridge_2
320,SI_ref_19,CB,IBU,Ground water,0.9303445651202417,0.9219232781085938,Ridge,Ridge_2
322,SI_ref_19,CB,IBU,Ground water,0.923151204819856,0.8980450614073403,Ridge,Ridge_2
324,SI_ref_19,CB,IBU,Ground water,0.9175260660683171,0.8741668447060871,Ridge,Ridge_2
326,SI_ref_19,CB,IBU,Ground water,0.9318432124429017,0.9219232781085938,Ridge,Ridge_2
328,SI_ref_19,CB,IBU,Ground water,0.9241489703794897,0.8980450614073403,Ridge,Ridge_2
330,SI_ref_19,CB,IBU,Ground water,0.9174641264203113,0.8741668447060871,Ridge,Ridge_2
523,SI_ref_19,MCB,IBU,Ground water,0.9264289561621175,0.9175043953993796,Ridge,Ridge_2
525,SI_ref_19,MCB,IBU,Ground water,0.9196854524400332,0.9011266121719145,Ridge,Ridge_2
527,SI_ref_19,MCB,IBU,Ground water,0.9178832092638545,0.8845545365124601,Ridge,Ridge_2
529,SI_ref_19,MCB,IBU,Ground water,0.9177463688999173,0.8678835073205659,Ridge,Ridge_2
531,SI_ref_19,MCB,IBU,Ground water,0.9177232092638544,0.8511625393327675,Ridge,Ridge_2
533,SI_ref_19,MCB,IBU,Ground water,0.9175379321753515,0.8413687787343669,Ridge,Ridge_2
535,SI_ref_19,MCB,IBU,Ground water,0.9173856344086023,0.834416485132606,Ridge,Ridge_2
537,SI_ref_19,MCB,IBU,Ground water,0.9902068659306948,0.8484925617654984,Ridge,Ridge_2
539,SI_ref_19,MCB,IBU,Ground water,0.9708228218531151,0.824614345064245,Ridge,Ridge_2
541,SI_ref_19,MCB,IBU,Ground water,0.9483485035015843,0.8007361283629917,Ridge,Ridge_2
543,SI_ref_19,MCB,IBU,Ground water,0.9173115500413566,0.824614345064245,Ridge,Ridge_2
545,SI_ref_19,MCB,IBU,Ground water,0.9358359065436908,0.8484757766422565,Ridge,Ridge_2
547,SI_ref_19,MCB,IBU,Ground water,0.9263512886233829,0.8245975599410031,Ridge,Ridge_2
549,SI_ref_19,MCB,IBU,Ground water,0.9153544975680639,0.8007193432397499,Ridge,Ridge_2
551,SI_ref_19,MCB,IBU,Ground water,0.9271238571918706,0.8484590031551494,Ridge,Ridge_2
553,SI_ref_19,MCB,IBU,Ground water,0.9199191103755877,0.8245807864538961,Ridge,Ridge_2
555,SI_ref_19,MCB,IBU,Ground water,0.910886274193223,0.8007025697526429,Ridge,Ridge_2
557,SI_ref_19,MCB,IBU,Ground water,0.8716126359176348,0.7979201482579154,Ridge,Ridge_2
559,SI_ref_19,MCB,IBU,Ground water,0.9228881866842084,0.8245640245868019,Ridge,Ridge_2
561,SI_ref_19,MCB,IBU,Ground water,0.9227697266379059,0.8512079009156885,Ridge,Ridge_2
563,SI_ref_19,MCB,IBU,Ground water,0.9221446299502403,0.8778517772445751,Ridge,Ridge_2
565,SI_ref_19,MCB,IBU,Ground water,0.9254612605703445,0.8484422412880552,Ridge,Ridge_2
567,SI_ref_19,MCB,IBU,Ground water,0.9188111047361486,0.8245640245868019,Ridge,Ridge_2
569,SI_ref_19,MCB,IBU,Ground water,0.9124876096677748,0.8006858078855486,Ridge,Ridge_2
571,SI_ref_19,MCB,IBU,Ground water,0.927696260267614,0.8484254910248852,Ridge,Ridge_2
573,SI_ref_19,MCB,IBU,Ground water,0.9222883610163676,0.8245472743236318,Ridge,Ridge_2
575,SI_ref_19,MCB,IBU,Ground water,0.9173366162788351,0.8006690576223785,Ridge,Ridge_2
577,SI_ref_19,MCB,IBU,Ground water,0.9896236049163454,0.848408752349584,Ridge,Ridge_2
579,SI_ref_19,MCB,IBU,Ground water,0.9728688772730024,0.8245305356483307,Ridge,Ridge_2
581,SI_ref_19,MCB,IBU,Ground water,0.95367292982704,0.8006523189470773,Ridge,Ridge_2
583,SI_ref_19,MCB,IBU,Ground water,0.9381494412938034,0.8483920252461298,Ridge,Ridge_2
585,SI_ref_19,MCB,IBU,Ground water,0.925414707326754,0.8245138085448764,Ridge,Ridge_2
587,SI_ref_19,MCB,IBU,Ground water,0.9200694262245456,0.8006355918436232,Ridge,Ridge_2
589,SI_ref_19,MCB,IBU,Ground water,0.9296751902157461,0.8483753096985338,Ridge,Ridge_2
591,SI_ref_19,MCB,IBU,Ground water,0.9221403459202003,0.8244970929972805,Ridge,Ridge_2
593,SI_ref_19,MCB,IBU,Ground water,0.911624129649438,0.8006188762960271,Ridge,Ridge_2
595,SI_ref_19,MCB,IBU,Ground water,0.9248851497651674,0.8483586056908404,Ridge,Ridge_2
597,SI_ref_19,MCB,IBU,Ground water,0.9206218375460943,0.8244803889895871,Ridge,Ridge_2
599,SI_ref_19,MCB,IBU,Ground water,0.9170274735254856,0.8006021722883339,Ridge,Ridge_2
601,SI_ref_19,MCB,IBU,Ground water,0.9300914246503462,0.8483419132071272,Ridge,Ridge_2
603,SI_ref_19,MCB,IBU,Ground water,0.920786534541565,0.8244636965058738,Ridge,Ridge_2
605,SI_ref_19,MCB,IBU,Ground water,0.9160948152334054,0.8005854798046206,Ridge,Ridge_2
607,SI_ref_19,MCB,IBU,Ground water,0.9861765121394982,0.8483252322315041,Ridge,Ridge_2
609,SI_ref_19,MCB,IBU,Ground water,0.9661781267028597,0.8244470155302508,Ridge,Ridge_2
611,SI_ref_19,MCB,IBU,Ground water,0.9529992532644452,0.8005687988289976,Ridge,Ridge_2
613,SI_ref_19,MCB,IBU,Ground water,0.9352947587236877,0.8483085627481146,Ridge,Ridge_2
615,SI_ref_19,MCB,IBU,Ground water,0.9284499518994666,0.8244303460468613,Ridge,Ridge_2
617,SI_ref_19,MCB,IBU,Ground water,0.917077774862594,0.8005521293456079,Ridge,Ridge_2
619,SI_ref_19,MCB,IBU,Ground water,0.9255842902984923,0.8482919047411345,Ridge,Ridge_2
621,SI_ref_19,MCB,IBU,Ground water,0.9186162384710084,0.8244136880398811,Ridge,Ridge_2
623,SI_ref_19,MCB,IBU,Ground water,0.9103224686673798,0.8005354713386279,Ridge,Ridge_2
625,SI_ref_19,MCB,IBU,Ground water,0.9258221154816445,0.8482752581947725,Ridge,Ridge_2
627,SI_ref_19,MCB,IBU,Ground water,0.921668420582223,0.8243970414935191,Ridge,Ridge_2
629,SI_ref_19,MCB,IBU,Ground water,0.9150562646500002,0.8005188247922659,Ridge,Ridge_2
631,SI_ref_19,MCB,IBU,Ground water,0.9296259863973036,0.8482586230932696,Ridge,Ridge_2
633,SI_ref_19,MCB,IBU,Ground water,0.9216175906678238,0.8243804063920163,Ridge,Ridge_2
635,SI_ref_19,MCB,IBU,Ground water,0.9188076045934327,0.8005021896907629,Ridge,Ridge_2
698,SI_ref_18,NaOH-activated SCW biochars,IBU,Lake water,0.585296751211726,0.5208780535985398,Ridge,Ridge_2
700,SI_ref_18,NaOH-activated SCW biochars,IBU,Lake water,0.6304734220526563,0.5045002703710747,Ridge,Ridge_2
702,SI_ref_18,NaOH-activated SCW biochars,IBU,Lake water,0.6077686506314385,0.48792819471162024,Ridge,Ridge_2
704,SI_ref_18,NaOH-activated SCW biochars,IBU,Lake water,0.6040537723014899,0.471257165519726,Ridge,Ridge_2
706,SI_ref_18,NaOH-activated SCW biochars,IBU,Lake water,0.6292724453182281,0.45453619753192775,Ridge,Ridge_2
708,SI_ref_18,NaOH-activated SCW biochars,IBU,Lake water,0.6376478565264503,0.44474243693352705,Ridge,Ridge_2
710,SI_ref_18,NaOH-activated SCW biochars,IBU,Lake water,0.6108673600702487,0.4377901433317662,Ridge,Ridge_2
712,SI_ref_18,NaOH-activated SCW biochars,IBU,Lake water,0.10371139816269948,0.42798800326340525,Ridge,Ridge_2
714,SI_ref_18,NaOH-activated SCW biochars,IBU,Lake water,0.46656560236114836,0.42798800326340525,Ridge,Ridge_2
716,SI_ref_18,NaOH-activated SCW biochars,IBU,Lake water,0.44106817459704084,0.40134412693451865,Ridge,Ridge_2
718,SI_ref_18,NaOH-activated SCW biochars,IBU,Lake water,0.6893393142281772,0.4518662199646586,Ridge,Ridge_2
720,SI_ref_18,NaOH-activated SCW biochars,IBU,Lake water,0.621379975330744,0.42798800326340525,Ridge,Ridge_2
722,SI_ref_18,NaOH-activated SCW biochars,IBU,Lake water,0.6727437787241767,0.42798800326340525,Ridge,Ridge_2
723,SI_ref_18,NaOH-activated SCW biochars,IBU,Lake water,0.6293605973980515,0.42798800326340525,Ridge,Ridge_2
724,SI_ref_18,NaOH-activated SCW biochars,IBU,Lake water,0.6573710855713073,0.42798800326340525,Ridge,Ridge_2
726,SI_ref_18,NaOH-activated SCW biochars,IBU,Lake water,0.6298354173553987,0.42798800326340525,Ridge,Ridge_2
727,SI_ref_18,NaOH-activated SCW biochars,IBU,Lake water,0.6523803226831055,0.42798800326340525,Ridge,Ridge_2
728,SI_ref_18,NaOH-activated SCW biochars,IBU,Lake water,0.6378679449532959,0.42798800326340525,Ridge,Ridge_2
730,SI_ref_18,NaOH-activated SCW biochars,IBU,Lake water,0.627404015064595,0.42798800326340525,Ridge,Ridge_2
731,SI_ref_18,NaOH-activated SCW biochars,IBU,Lake water,0.6077370696640284,0.42798800326340525,Ridge,Ridge_2
732,SI_ref_18,NaOH-activated SCW biochars,IBU,Lake water,0.6159420233488258,0.42798800326340525,Ridge,Ridge_2
734,SI_ref_18,NaOH-activated SCW biochars,IBU,Lake water,0.6074163960354965,0.42798800326340525,Ridge,Ridge_2
735,SI_ref_18,NaOH-activated SCW biochars,IBU,Lake water,0.6146046840259546,0.42798800326340525,Ridge,Ridge_2
736,SI_ref_18,NaOH-activated SCW biochars,IBU,Lake water,0.6281995086504742,0.42798800326340525,Ridge,Ridge_2
738,SI_ref_18,NaOH-activated SCW biochars,IBU,Lake water,0.6298527247859258,0.42798800326340525,Ridge,Ridge_2
739,SI_ref_18,NaOH-activated SCW biochars,IBU,Lake water,0.576999656444263,0.42798800326340525,Ridge,Ridge_2
740,SI_ref_18,NaOH-activated SCW biochars,IBU,Lake water,0.5791171913994386,0.42798800326340525,Ridge,Ridge_2
742,SI_ref_18,NaOH-activated SCW biochars,IBU,Lake water,0.5786725135963804,0.42798800326340525,Ridge,Ridge_2
743,SI_ref_18,NaOH-activated SCW biochars,IBU,Lake water,0.6233870058145189,0.42798800326340525,Ridge,Ridge_2
744,SI_ref_18,NaOH-activated SCW biochars,IBU,Lake water,0.5944978576382812,0.42798800326340525,Ridge,Ridge_2
745,SI_ref_18,NaOH-activated SCW biochars,IBU,Lake water,0.5630080357470825,0.40410978656215196,Ridge,Ridge_2
747,SI_ref_18,NaOH-activated SCW biochars,IBU,Lake water,0.6846241766923425,0.45463187959229184,Ridge,Ridge_2
749,SI_ref_18,NaOH-activated SCW biochars,IBU,Lake water,0.744908980376152,0.48127575592117844,Ridge,Ridge_2
751,SI_ref_18,NaOH-activated SCW biochars,IBU,Lake water,0.6869669848084122,0.42798800326340525,Ridge,Ridge_2
753,SI_ref_18,NaOH-activated SCW biochars,IBU,Lake water,0.7932075459644551,0.42798800326340525,Ridge,Ridge_2
852,SI_ref_13,PB600,CBZ,Synthetic,0.5776772247360483,0.7336821358491279,Ridge,Ridge_2
853,SI_ref_13,PB600,CBZ,Synthetic,0.5656108597285068,0.7173043526216628,Ridge,Ridge_2
854,SI_ref_13,PB600,CBZ,Synthetic,0.5475113122171945,0.7007322769622084,Ridge,Ridge_2
855,SI_ref_13,PB600,CBZ,Synthetic,0.4479638009049774,0.6909884898271199,Ridge,Ridge_2
856,SI_ref_13,PB600,CBZ,Synthetic,0.45098039215686275,0.6742842026232777,Ridge,Ridge_2
857,SI_ref_13,PB600,CBZ,Synthetic,0.42684766214177977,0.6644960202753252,Ridge,Ridge_2
858,SI_ref_13,PB600,CBZ,Synthetic,0.32437120555073723,0.6575465191841152,Ridge,Ridge_2
859,SI_ref_13,PB600,CBZ,Synthetic,0.4773489932885906,0.6814247358853684,Ridge,Ridge_2
860,SI_ref_13,PB600,CBZ,Synthetic,0.4437372714068248,0.6575465191841152,Ridge,Ridge_2
861,SI_ref_13,PB600,CBZ,Synthetic,0.35791881074899945,0.6575465191841152,Ridge,Ridge_2
862,SI_ref_13,PB600,CBZ,Synthetic,0.32426715019643393,0.6575465191841152,Ridge,Ridge_2
863,SI_ref_13,PB600,CBZ,Synthetic,0.24055829228243014,0.6575465191841152,Ridge,Ridge_2
864,SI_ref_13,PB600,CBZ,Synthetic,0.44839549002601903,0.6336683024828619,Ridge,Ridge_2
865,SI_ref_13,PB600,CBZ,Synthetic,0.5528523489932886,0.6097900857816085,Ridge,Ridge_2
866,SI_ref_13,PB600,CBZ,Synthetic,0.5653368025440879,0.6575465191841152,Ridge,Ridge_2
867,SI_ref_13,PB600,CBZ,Synthetic,0.6235906331309627,0.6575465191841152,Ridge,Ridge_2
868,SI_ref_13,PB600,CBZ,Synthetic,0.6991037872217403,0.6575465191841152,Ridge,Ridge_2
869,SI_ref_13,PB600,CBZ,Synthetic,0.7401395944327428,0.6575465191841152,Ridge,Ridge_2
870,SI_ref_13,PB600,CBZ,Synthetic,0.8642533936651583,0.6407920855139934,Ridge,Ridge_2
871,SI_ref_13,PB600,CBZ,Synthetic,0.6953242835595775,0.6407920855139934,Ridge,Ridge_2
872,SI_ref_13,PB600,CBZ,Synthetic,0.4479638009049774,0.6407920855139934,Ridge,Ridge_2
873,SI_ref_13,PB600,CBZ,Synthetic,0.36651583710407243,0.6407920855139934,Ridge,Ridge_2
874,SI_ref_13,PB600,CBZ,Synthetic,0.248868778280543,0.6407920855139934,Ridge,Ridge_2
898,SI_ref_13,PB600,CBZ,Synthetic,0.244663382594417,0.6575465191841152,Ridge,Ridge_2
899,SI_ref_13,PB800,CBZ,Synthetic,0.27061079156395507,0.44721548764828106,Ridge,Ridge_2
900,SI_ref_13,PB800,CBZ,Synthetic,0.22678718159408381,0.430837704420816,Ridge,Ridge_2
901,SI_ref_13,PB800,CBZ,Synthetic,0.18844152287044644,0.4142656287613616,Ridge,Ridge_2
902,SI_ref_13,PB800,CBZ,Synthetic,0.17748562037797863,0.40452184162627314,Ridge,Ridge_2
903,SI_ref_13,PB800,CBZ,Synthetic,0.16379074226239385,0.3878175544224309,Ridge,Ridge_2
904,SI_ref_13,PB800,CBZ,Synthetic,0.155573815393043,0.3780293720744784,Ridge,Ridge_2
905,SI_ref_13,PB800,CBZ,Synthetic,0.08520900321543408,0.37107987098326833,Ridge,Ridge_2
906,SI_ref_13,PB800,CBZ,Synthetic,0.16135346756152125,0.3949580876845217,Ridge,Ridge_2
907,SI_ref_13,PB800,CBZ,Synthetic,0.1561792870827899,0.37107987098326833,Ridge,Ridge_2
908,SI_ref_13,PB800,CBZ,Synthetic,0.13676633444075306,0.37107987098326833,Ridge,Ridge_2
909,SI_ref_13,PB800,CBZ,Synthetic,0.1002310803004044,0.37107987098326833,Ridge,Ridge_2
910,SI_ref_13,PB800,CBZ,Synthetic,0.04322336667164253,0.37107987098326833,Ridge,Ridge_2
911,SI_ref_13,PB800,CBZ,Synthetic,0.20609619686800895,0.34720165428201505,Ridge,Ridge_2
912,SI_ref_13,PB800,CBZ,Synthetic,0.1865212527964206,0.3233234375807617,Ridge,Ridge_2
913,SI_ref_13,PB800,CBZ,Synthetic,0.28121650589496244,0.37107987098326833,Ridge,Ridge_2
914,SI_ref_13,PB800,CBZ,Synthetic,0.36611289746337977,0.37107987098326833,Ridge,Ridge_2
915,SI_ref_13,PB800,CBZ,Synthetic,0.5117363344051448,0.37107987098326833,Ridge,Ridge_2
916,SI_ref_13,PB800,CBZ,Synthetic,0.5707012708620426,0.37107987098326833,Ridge,Ridge_2
917,SI_ref_13,PB800,CBZ,Synthetic,0.5791052918712493,0.35432543731314653,Ridge,Ridge_2
918,SI_ref_13,PB800,CBZ,Synthetic,0.30905619203491547,0.35432543731314653,Ridge,Ridge_2
919,SI_ref_13,PB800,CBZ,Synthetic,0.16448445171849424,0.35432543731314653,Ridge,Ridge_2
920,SI_ref_13,PB800,CBZ,Synthetic,0.12460736493062231,0.35432543731314653,Ridge,Ridge_2
921,SI_ref_13,PB800,CBZ,Synthetic,0.08265139116202945,0.35432543731314653,Ridge,Ridge_2
987,SI_ref_15,PSB,TEB,Synthetic,0.9529494921755761,0.8319769330975242,Ridge,Ridge_2
988,SI_ref_15,PSB,TEB,Synthetic,0.9422238246841239,0.8155991498700592,Ridge,Ridge_2
989,SI_ref_15,PSB,TEB,Synthetic,0.9297851778252496,0.7990270742106047,Ridge,Ridge_2
990,SI_ref_15,PSB,TEB,Synthetic,0.9225192311101157,0.7823560450187105,Ridge,Ridge_2
991,SI_ref_15,PSB,TEB,Synthetic,0.920805363267918,0.7656350770309122,Ridge,Ridge_2
992,SI_ref_15,PSB,TEB,Synthetic,0.9178876121047361,0.7558413164325115,Ridge,Ridge_2
993,SI_ref_15,PSB,TEB,Synthetic,0.9171857170319854,0.7488890228307507,Ridge,Ridge_2
994,SI_ref_15,PSB,TEB,Synthetic,0.9362126098667423,0.7390868827623897,Ridge,Ridge_2
995,SI_ref_15,PSB,TEB,Synthetic,0.9575716949823408,0.7390868827623897,Ridge,Ridge_2
996,SI_ref_15,PSB,TEB,Synthetic,0.9144403299752767,0.7390868827623897,Ridge,Ridge_2
997,SI_ref_15,PSB,TEB,Synthetic,0.9131362601666559,0.7390868827623897,Ridge,Ridge_2
998,SI_ref_15,PSB,TEB,Synthetic,0.9073783566890704,0.7390868827623897,Ridge,Ridge_2
999,SI_ref_15,PSB,TEB,Synthetic,0.8610942615965279,0.7390868827623897,Ridge,Ridge_2
1000,SI_ref_15,PSB,TEB,Synthetic,0.8714762044822667,0.7390868827623897,Ridge,Ridge_2
1001,SI_ref_15,PSB,TEB,Synthetic,0.8650362109004135,0.7390868827623897,Ridge,Ridge_2
1002,SI_ref_15,PSB,TEB,Synthetic,0.9441016733966956,0.7390868827623897,Ridge,Ridge_2
1003,SI_ref_15,PSB,TEB,Synthetic,0.952584477756588,0.7390868827623897,Ridge,Ridge_2
1004,SI_ref_15,PSB,TEB,Synthetic,0.9589909115585907,0.7390868827623897,Ridge,Ridge_2
1005,SI_ref_15,PSB,TEB,Synthetic,0.9629553594597028,0.7390868827623897,Ridge,Ridge_2
1052,SI_ref_15,PSBOX-A,TEB,Synthetic,0.5158767649493458,0.19648018040379178,Ridge,Ridge_2
1053,SI_ref_15,PSBOX-A,TEB,Synthetic,0.41210379963008376,0.1801023971763267,Ridge,Ridge_2
1054,SI_ref_15,PSBOX-A,TEB,Synthetic,0.30623403384032577,0.1635303215168724,Ridge,Ridge_2
1055,SI_ref_15,PSBOX-A,TEB,Synthetic,0.21283845390046752,0.14685929232497807,Ridge,Ridge_2
1056,SI_ref_15,PSBOX-A,TEB,Synthetic,0.12421842587964138,0.13013832433717987,Ridge,Ridge_2
1057,SI_ref_15,PSBOX-A,TEB,Synthetic,0.09371708683213013,0.120344563738779,Ridge,Ridge_2
1058,SI_ref_15,PSBOX-A,TEB,Synthetic,0.07890621232231329,0.11339227013701825,Ridge,Ridge_2
1059,SI_ref_15,PSBOX-A,TEB,Synthetic,0.07277962857952934,0.10359013006865725,Ridge,Ridge_2
1060,SI_ref_15,PSBOX-A,TEB,Synthetic,0.5073983287736047,0.05030237741088417,Ridge,Ridge_2
1061,SI_ref_15,PSBOX-A,TEB,Synthetic,0.5163778457532948,0.1274683467699107,Ridge,Ridge_2
1062,SI_ref_15,PSBOX-A,TEB,Synthetic,0.5077105405964751,0.10359013006865725,Ridge,Ridge_2
1063,SI_ref_15,PSBOX-A,TEB,Synthetic,0.058828707349529885,0.10359013006865725,Ridge,Ridge_2
1064,SI_ref_15,PSBOX-A,TEB,Synthetic,0.4930488637978448,0.07971191336740402,Ridge,Ridge_2
1065,SI_ref_15,PSBOX-A,TEB,Synthetic,0.5160089507499187,0.15687788272643055,Ridge,Ridge_2
1066,SI_ref_15,PSBOX-A,TEB,Synthetic,0.07083175356135256,0.10359013006865725,Ridge,Ridge_2
1067,SI_ref_15,PSBOX-A,TEB,Synthetic,0.051172794584274484,0.10359013006865725,Ridge,Ridge_2
1068,SI_ref_15,PSBOX-A,TEB,Synthetic,0.04750722464731311,0.10359013006865725,Ridge,Ridge_2
1069,SI_ref_15,PSBOX-A,TEB,Synthetic,0.04108376658313895,0.10359013006865725,Ridge,Ridge_2
1070,SI_ref_15,PSBOX-A,TEB,Synthetic,0.04527670142322688,0.10359013006865725,Ridge,Ridge_2
1071,SI_ref_15,PSBOX-A,TEB,Synthetic,0.04243318293660387,0.10359013006865725,Ridge,Ridge_2
1072,SI_ref_15,PSBOX-A,TEB,Synthetic,0.09409506092292502,0.10359013006865725,Ridge,Ridge_2
1073,SI_ref_15,PSBOX-A,TEB,Synthetic,0.28314921751011557,0.10359013006865725,Ridge,Ridge_2
1074,SI_ref_15,PSBOX-A,TEB,Synthetic,0.44223994246690523,0.10359013006865725,Ridge,Ridge_2
1075,SI_ref_15,PSBOX-A,TEB,Synthetic,0.5102144207532882,0.10359013006865725,Ridge,Ridge_2
1077,SI_ref_17,Pristine SCG biochar,CBZ,Synthetic,0.9431980957558961,0.8875145367940717,Ridge,Ridge_2
1079,SI_ref_17,Pristine SCG biochar,CBZ,Synthetic,0.9360319849357849,0.8711367535666066,Ridge,Ridge_2
1081,SI_ref_17,Pristine SCG biochar,CBZ,Synthetic,0.9307104448319532,0.8448208907720638,Ridge,Ridge_2
1083,SI_ref_17,Pristine SCG biochar,CBZ,Synthetic,0.9258716624342764,0.8281166035682215,Ridge,Ridge_2
1085,SI_ref_17,Pristine SCG biochar,CBZ,Synthetic,0.9157118703628806,0.818328421220269,Ridge,Ridge_2
1087,SI_ref_17,Pristine SCG biochar,CBZ,Synthetic,0.9147137334986508,0.811378920129059,Ridge,Ridge_2
1089,SI_ref_17,Pristine SCG biochar,CBZ,Synthetic,0.9138427672538969,0.8044266265272981,Ridge,Ridge_2
1091,SI_ref_17,Pristine SCG biochar,CBZ,Synthetic,0.8932130468798682,0.741336733801164,Ridge,Ridge_2
1093,SI_ref_17,Pristine SCG biochar,CBZ,Synthetic,0.9247624360467385,0.7946244864589371,Ridge,Ridge_2
1095,SI_ref_17,Pristine SCG biochar,CBZ,Synthetic,0.9071706166070994,0.7946244864589371,Ridge,Ridge_2
1097,SI_ref_17,Pristine SCG biochar,CBZ,Synthetic,0.908534541255576,0.7946244864589371,Ridge,Ridge_2
1099,SI_ref_17,Pristine SCG biochar,CBZ,Synthetic,0.903895578148675,0.7946244864589371,Ridge,Ridge_2
1101,SI_ref_17,Pristine SCG biochar,CBZ,Synthetic,0.9071468090110305,0.7946244864589371,Ridge,Ridge_2
1103,SI_ref_17,Pristine SCG biochar,CBZ,Synthetic,0.890879570190962,0.7946244864589371,Ridge,Ridge_2
1105,SI_ref_17,Pristine SCG biochar,CBZ,Synthetic,0.8806314346444372,0.8479122391167103,Ridge,Ridge_2
1107,SI_ref_17,Pristine SCG biochar,CBZ,Synthetic,0.9289062306369882,0.7946244864589371,Ridge,Ridge_2
1109,SI_ref_17,Pristine SCG biochar,CBZ,Synthetic,0.9261272699552149,0.7946244864589371,Ridge,Ridge_2
1111,SI_ref_17,Pristine SCG biochar,CBZ,Synthetic,0.9403460613803251,0.7946244864589371,Ridge,Ridge_2
1113,SI_ref_17,Pristine SCG biochar,CBZ,Synthetic,0.9373850128799738,0.7946244864589371,Ridge,Ridge_2
1115,SI_ref_17,Pristine SCG biochar,CBZ,Synthetic,0.925161257978969,0.7946244864589371,Ridge,Ridge_2
1253,SI_ref_18,Pristine SCW Biochar,IBU,Lake water,0.9264336848996528,1.0750879645822322,Ridge,Ridge_2
1255,SI_ref_18,Pristine SCW Biochar,IBU,Lake water,0.9179334532144726,1.0587101813547672,Ridge,Ridge_2
1257,SI_ref_18,Pristine SCW Biochar,IBU,Lake water,0.916180999264559,1.042138105695313,Ridge,Ridge_2
1259,SI_ref_18,Pristine SCW Biochar,IBU,Lake water,0.9235678454978681,1.0254670765034186,Ridge,Ridge_2
1261,SI_ref_18,Pristine SCW Biochar,IBU,Lake water,0.9285970293283682,1.0087461085156204,Ridge,Ridge_2
1263,SI_ref_18,Pristine SCW Biochar,IBU,Lake water,0.9209592404126973,0.9989523479172197,Ridge,Ridge_2
1265,SI_ref_18,Pristine SCW Biochar,IBU,Lake water,0.9279432945207517,0.9920000543154588,Ridge,Ridge_2
1269,SI_ref_18,Pristine SCW Biochar,IBU,Lake water,0.8974085452250303,0.9555540379182113,Ridge,Ridge_2
1271,SI_ref_18,Pristine SCW Biochar,IBU,Lake water,0.9239929387412031,1.0060761309483512,Ridge,Ridge_2
1273,SI_ref_18,Pristine SCW Biochar,IBU,Lake water,0.9256303580479686,0.9821979142470978,Ridge,Ridge_2
1275,SI_ref_18,Pristine SCW Biochar,IBU,Lake water,0.9240446881745522,0.9821979142470978,Ridge,Ridge_2
1276,SI_ref_18,Pristine SCW Biochar,IBU,Lake water,0.9283922239724117,0.9821979142470978,Ridge,Ridge_2
1277,SI_ref_18,Pristine SCW Biochar,IBU,Lake water,0.9240711354841218,0.9821979142470978,Ridge,Ridge_2
1279,SI_ref_18,Pristine SCW Biochar,IBU,Lake water,0.9204127206373283,0.9821979142470978,Ridge,Ridge_2
1280,SI_ref_18,Pristine SCW Biochar,IBU,Lake water,0.9185968665123906,0.9821979142470978,Ridge,Ridge_2
1281,SI_ref_18,Pristine SCW Biochar,IBU,Lake water,0.9182954449695013,0.9821979142470978,Ridge,Ridge_2
1283,SI_ref_18,Pristine SCW Biochar,IBU,Lake water,0.9158900362354069,0.9821979142470978,Ridge,Ridge_2
1284,SI_ref_18,Pristine SCW Biochar,IBU,Lake water,0.9125854189759445,0.9821979142470978,Ridge,Ridge_2
1285,SI_ref_18,Pristine SCW Biochar,IBU,Lake water,0.9175495400890653,0.9821979142470978,Ridge,Ridge_2
1287,SI_ref_18,Pristine SCW Biochar,IBU,Lake water,0.9120226357855434,0.9821979142470978,Ridge,Ridge_2
1288,SI_ref_18,Pristine SCW Biochar,IBU,Lake water,0.9131050308227836,0.9821979142470978,Ridge,Ridge_2
1289,SI_ref_18,Pristine SCW Biochar,IBU,Lake water,0.91141920930323,0.9821979142470978,Ridge,Ridge_2
1291,SI_ref_18,Pristine SCW Biochar,IBU,Lake water,0.9068652159539504,0.9821979142470978,Ridge,Ridge_2
1292,SI_ref_18,Pristine SCW Biochar,IBU,Lake water,0.9091226364337618,0.9821979142470978,Ridge,Ridge_2
1293,SI_ref_18,Pristine SCW Biochar,IBU,Lake water,0.9067682424855283,0.9821979142470978,Ridge,Ridge_2
1295,SI_ref_18,Pristine SCW Biochar,IBU,Lake water,0.9027540853962883,0.9821979142470978,Ridge,Ridge_2
1296,SI_ref_18,Pristine SCW Biochar,IBU,Lake water,0.9025373859945938,0.9821979142470978,Ridge,Ridge_2
1297,SI_ref_18,Pristine SCW Biochar,IBU,Lake water,0.9026152370210476,0.9821979142470978,Ridge,Ridge_2
1298,SI_ref_18,Pristine SCW Biochar,IBU,Lake water,0.9219347373743266,0.9583196975458446,Ridge,Ridge_2
1300,SI_ref_18,Pristine SCW Biochar,IBU,Lake water,0.9277221749920567,1.0088417905759846,Ridge,Ridge_2
1302,SI_ref_18,Pristine SCW Biochar,IBU,Lake water,0.9340257796823453,1.035485666904871,Ridge,Ridge_2
2,SI_ref_19,AMCB,IBU,Ground water,0.6563767477253929,0.626380679904326,SVR,SVR_1
4,SI_ref_19,AMCB,IBU,Ground water,0.5414154110835401,0.5489651695842261,SVR,SVR_1
6,SI_ref_19,AMCB,IBU,Ground water,0.39819987427626136,0.47162844150563393,SVR,SVR_1
8,SI_ref_19,AMCB,IBU,Ground water,0.3426557088502895,0.4057298815677262,SVR,SVR_1
10,SI_ref_19,AMCB,IBU,Ground water,0.3352626765922249,0.36041691597684755,SVR,SVR_1
12,SI_ref_19,AMCB,IBU,Ground water,0.33078034739454093,0.3456162126736527,SVR,SVR_1
14,SI_ref_19,AMCB,IBU,Ground water,0.3305497038875103,0.34058091494689613,SVR,SVR_1
16,SI_ref_19,AMCB,IBU,Ground water,0.029204625724030753,0.43796158312263833,SVR,SVR_1
18,SI_ref_19,AMCB,IBU,Ground water,0.005264283840238958,0.34093700483179024,SVR,SVR_1
20,SI_ref_19,AMCB,IBU,Ground water,0.0023766372681587895,0.3756655446599627,SVR,SVR_1
22,SI_ref_19,AMCB,IBU,Ground water,0.32926049296939613,0.34093700483179024,SVR,SVR_1
24,SI_ref_19,AMCB,IBU,Ground water,0.19832193047959257,0.43796839846020574,SVR,SVR_1
26,SI_ref_19,AMCB,IBU,Ground water,0.1894672613641715,0.34094475370251226,SVR,SVR_1
28,SI_ref_19,AMCB,IBU,Ground water,0.1528746627917146,0.3756705789429904,SVR,SVR_1
30,SI_ref_19,AMCB,IBU,Ground water,0.3449761650083755,0.437975223408123,SVR,SVR_1
32,SI_ref_19,AMCB,IBU,Ground water,0.30765270742093687,0.340952520695001,SVR,SVR_1
34,SI_ref_19,AMCB,IBU,Ground water,0.303030777614079,0.3756756273680593,SVR,SVR_1
36,SI_ref_19,AMCB,IBU,Ground water,0.41496556078686897,0.43798205793989786,SVR,SVR_1
38,SI_ref_19,AMCB,IBU,Ground water,0.3766264851820565,0.3409603057627886,SVR,SVR_1
40,SI_ref_19,AMCB,IBU,Ground water,0.38956403906090076,0.3756806899003874,SVR,SVR_1
42,SI_ref_19,AMCB,IBU,Ground water,0.5182383095521604,0.43798890202910046,SVR,SVR_1
44,SI_ref_19,AMCB,IBU,Ground water,0.5024496962602676,0.34096810885951434,SVR,SVR_1
46,SI_ref_19,AMCB,IBU,Ground water,0.48210720700720494,0.3756857665052758,SVR,SVR_1
48,SI_ref_19,AMCB,IBU,Ground water,0.03338351934448727,0.43799575564939625,SVR,SVR_1
50,SI_ref_19,AMCB,IBU,Ground water,0.0,0.3409759299389468,SVR,SVR_1
52,SI_ref_19,AMCB,IBU,Ground water,0.003531050071646246,0.37569085714814554,SVR,SVR_1
54,SI_ref_19,AMCB,IBU,Ground water,0.19999798179579809,0.43800261877449054,SVR,SVR_1
56,SI_ref_19,AMCB,IBU,Ground water,0.17260220522445793,0.34098376895498245,SVR,SVR_1
58,SI_ref_19,AMCB,IBU,Ground water,0.15656878376287445,0.37569596179447917,SVR,SVR_1
60,SI_ref_19,AMCB,IBU,Ground water,0.3457359785263073,0.4380094913781979,SVR,SVR_1
62,SI_ref_19,AMCB,IBU,Ground water,0.32626934953278575,0.3409916258616445,SVR,SVR_1
64,SI_ref_19,AMCB,IBU,Ground water,0.3258728934993643,0.3757010804098717,SVR,SVR_1
66,SI_ref_19,AMCB,IBU,Ground water,0.4885549946229274,0.43801637343437594,SVR,SVR_1
68,SI_ref_19,AMCB,IBU,Ground water,0.39885279506866217,0.3409995006130768,SVR,SVR_1
70,SI_ref_19,AMCB,IBU,Ground water,0.42188356115014575,0.37570621295999834,SVR,SVR_1
72,SI_ref_19,AMCB,IBU,Ground water,0.5107350299703324,0.4380232649169725,SVR,SVR_1
74,SI_ref_19,AMCB,IBU,Ground water,0.5226317382792791,0.34100739316354667,SVR,SVR_1
76,SI_ref_19,AMCB,IBU,Ground water,0.4945842701164504,0.3757113594106285,SVR,SVR_1
78,SI_ref_19,AMCB,IBU,Ground water,0.025848755777109534,0.43803016579999987,SVR,SVR_1
80,SI_ref_19,AMCB,IBU,Ground water,0.008169690609295848,0.3410153034674508,SVR,SVR_1
82,SI_ref_19,AMCB,IBU,Ground water,0.0,0.3757165197276321,SVR,SVR_1
84,SI_ref_19,AMCB,IBU,Ground water,0.2007202298061851,0.43803707605754194,SVR,SVR_1
86,SI_ref_19,AMCB,IBU,Ground water,0.16952726930244136,0.3410232314793064,SVR,SVR_1
88,SI_ref_19,AMCB,IBU,Ground water,0.14747637019246942,0.37572169387695453,SVR,SVR_1
90,SI_ref_19,AMCB,IBU,Ground water,0.34008395729479907,0.4380439956637534,SVR,SVR_1
92,SI_ref_19,AMCB,IBU,Ground water,0.32813530040969546,0.3410311771537536,SVR,SVR_1
94,SI_ref_19,AMCB,IBU,Ground water,0.3191737471997417,0.37572688182463176,SVR,SVR_1
96,SI_ref_19,AMCB,IBU,Ground water,0.45590621693388655,0.4380509245928664,SVR,SVR_1
98,SI_ref_19,AMCB,IBU,Ground water,0.4386715603313315,0.34103914044554373,SVR,SVR_1
100,SI_ref_19,AMCB,IBU,Ground water,0.4136227630368784,0.37573208353679916,SVR,SVR_1
102,SI_ref_19,AMCB,IBU,Ground water,0.15909620069601668,0.2445428550699495,SVR,SVR_1
104,SI_ref_19,AMCB,IBU,Ground water,0.32070040208616674,0.3410471213095743,SVR,SVR_1
106,SI_ref_19,AMCB,IBU,Ground water,0.3644459510905023,0.4438777887150173,SVR,SVR_1
108,SI_ref_19,AMCB,IBU,Ground water,0.46356787238707886,0.5124965609174811,SVR,SVR_1
110,SI_ref_19,AMCB,IBU,Ground water,0.5205305455205957,0.43805786281918085,SVR,SVR_1
112,SI_ref_19,AMCB,IBU,Ground water,0.5464029950150356,0.3410471213095743,SVR,SVR_1
114,SI_ref_19,AMCB,IBU,Ground water,0.48301499525722014,0.37573729897969144,SVR,SVR_1
117,SI_ref_17,Alkali-modified SCG biochars,CBZ,Synthetic,0.12103690777624292,0.32977131069450166,SVR,SVR_1
119,SI_ref_17,Alkali-modified SCG biochars,CBZ,Synthetic,0.0701486117179634,0.2263134995062699,SVR,SVR_1
121,SI_ref_17,Alkali-modified SCG biochars,CBZ,Synthetic,0.050188840370859876,0.09861994457313572,SVR,SVR_1
123,SI_ref_17,Alkali-modified SCG biochars,CBZ,Synthetic,0.033003190610721066,0.06237394892188286,SVR,SVR_1
125,SI_ref_17,Alkali-modified SCG biochars,CBZ,Synthetic,0.03511734337104713,0.06084359908945047,SVR,SVR_1
127,SI_ref_17,Alkali-modified SCG biochars,CBZ,Synthetic,0.03195287629892775,0.06863637683273105,SVR,SVR_1
129,SI_ref_17,Alkali-modified SCG biochars,CBZ,Synthetic,0.03449328813829176,0.08343117177341497,SVR,SVR_1
132,SI_ref_17,Alkali-modified SCG biochars,CBZ,Synthetic,0.041716779164719504,0.11502914723712265,SVR,SVR_1
134,SI_ref_17,Alkali-modified SCG biochars,CBZ,Synthetic,0.00635796336582959,0.11502914723712265,SVR,SVR_1
136,SI_ref_17,Alkali-modified SCG biochars,CBZ,Synthetic,0.011730609548845337,0.11502914723712265,SVR,SVR_1
138,SI_ref_17,Alkali-modified SCG biochars,CBZ,Synthetic,0.01988738850164665,0.11502914723712265,SVR,SVR_1
140,SI_ref_17,Alkali-modified SCG biochars,CBZ,Synthetic,0.006132526431344026,0.11502914723712265,SVR,SVR_1
142,SI_ref_17,Alkali-modified SCG biochars,CBZ,Synthetic,0.007712590639419909,0.11502914723712265,SVR,SVR_1
145,SI_ref_17,Alkali-modified SCG biochars,CBZ,Synthetic,0.10268999927349255,0.11502914723712265,SVR,SVR_1
147,SI_ref_17,Alkali-modified SCG biochars,CBZ,Synthetic,0.14439822919669368,0.11502914723712265,SVR,SVR_1
149,SI_ref_17,Alkali-modified SCG biochars,CBZ,Synthetic,0.34003506921741083,0.11502914723712265,SVR,SVR_1
151,SI_ref_17,Alkali-modified SCG biochars,CBZ,Synthetic,0.4516798693491866,0.11502914723712265,SVR,SVR_1
153,SI_ref_17,Alkali-modified SCG biochars,CBZ,Synthetic,0.5612135486607656,0.11502914723712265,SVR,SVR_1
282,SI_ref_19,CB,IBU,Ground water,0.9280102961124896,0.9230780297827208,SVR,SVR_1
284,SI_ref_19,CB,IBU,Ground water,0.9242732043010754,0.9261931838904253,SVR,SVR_1
286,SI_ref_19,CB,IBU,Ground water,0.9218881323407775,0.9285686078299569,SVR,SVR_1
288,SI_ref_19,CB,IBU,Ground water,0.9215853366418528,0.9314688867879914,SVR,SVR_1
290,SI_ref_19,CB,IBU,Ground water,0.9207959503722085,0.9341990348678804,SVR,SVR_1
292,SI_ref_19,CB,IBU,Ground water,0.9207361323407776,0.9347729546048279,SVR,SVR_1
294,SI_ref_19,CB,IBU,Ground water,0.9206762613730356,0.9342745839991278,SVR,SVR_1
296,SI_ref_19,CB,IBU,Ground water,0.9945207101387852,0.9542471878499725,SVR,SVR_1
298,SI_ref_19,CB,IBU,Ground water,0.9765877548823724,0.9317746698441904,SVR,SVR_1
300,SI_ref_19,CB,IBU,Ground water,0.9595058090644278,0.9258193435632993,SVR,SVR_1
302,SI_ref_19,CB,IBU,Ground water,0.9409019130333385,0.9542471878499725,SVR,SVR_1
304,SI_ref_19,CB,IBU,Ground water,0.9323428884090048,0.9317746698441904,SVR,SVR_1
306,SI_ref_19,CB,IBU,Ground water,0.9259231602386863,0.9258193435632993,SVR,SVR_1
308,SI_ref_19,CB,IBU,Ground water,0.8753590996713628,0.9232325776421373,SVR,SVR_1
310,SI_ref_19,CB,IBU,Ground water,0.9341230700922319,0.9542471878499725,SVR,SVR_1
312,SI_ref_19,CB,IBU,Ground water,0.9234390298948024,0.9317746698441904,SVR,SVR_1
314,SI_ref_19,CB,IBU,Ground water,0.917590560186213,0.9258193435632993,SVR,SVR_1
316,SI_ref_19,CB,IBU,Ground water,0.9236132062907854,0.9532334257374376,SVR,SVR_1
318,SI_ref_19,CB,IBU,Ground water,0.9231865295080666,0.964854704855613,SVR,SVR_1
320,SI_ref_19,CB,IBU,Ground water,0.9303445651202417,0.9542471878499725,SVR,SVR_1
322,SI_ref_19,CB,IBU,Ground water,0.923151204819856,0.9317746698441904,SVR,SVR_1
324,SI_ref_19,CB,IBU,Ground water,0.9175260660683171,0.9258193435632993,SVR,SVR_1
326,SI_ref_19,CB,IBU,Ground water,0.9318432124429017,0.9542471878499725,SVR,SVR_1
328,SI_ref_19,CB,IBU,Ground water,0.9241489703794897,0.9317746698441904,SVR,SVR_1
330,SI_ref_19,CB,IBU,Ground water,0.9174641264203113,0.9258193435632993,SVR,SVR_1
523,SI_ref_19,MCB,IBU,Ground water,0.9264289561621175,0.9248310403550148,SVR,SVR_1
525,SI_ref_19,MCB,IBU,Ground water,0.9196854524400332,0.9133707561323865,SVR,SVR_1
527,SI_ref_19,MCB,IBU,Ground water,0.9178832092638545,0.8991119821526696,SVR,SVR_1
529,SI_ref_19,MCB,IBU,Ground water,0.9177463688999173,0.8858247067169368,SVR,SVR_1
531,SI_ref_19,MCB,IBU,Ground water,0.9177232092638544,0.8754665337177612,SVR,SVR_1
533,SI_ref_19,MCB,IBU,Ground water,0.9175379321753515,0.87069623339486,SVR,SVR_1
535,SI_ref_19,MCB,IBU,Ground water,0.9173856344086023,0.8676397259722429,SVR,SVR_1
537,SI_ref_19,MCB,IBU,Ground water,0.9902068659306948,0.883317545553057,SVR,SVR_1
539,SI_ref_19,MCB,IBU,Ground water,0.9708228218531151,0.8633672657885927,SVR,SVR_1
541,SI_ref_19,MCB,IBU,Ground water,0.9483485035015843,0.8527173303624012,SVR,SVR_1
543,SI_ref_19,MCB,IBU,Ground water,0.9173115500413566,0.8633672657885927,SVR,SVR_1
545,SI_ref_19,MCB,IBU,Ground water,0.9358359065436908,0.8833152466269532,SVR,SVR_1
547,SI_ref_19,MCB,IBU,Ground water,0.9263512886233829,0.8633596840710563,SVR,SVR_1
549,SI_ref_19,MCB,IBU,Ground water,0.9153544975680639,0.8527141768251179,SVR,SVR_1
551,SI_ref_19,MCB,IBU,Ground water,0.9271238571918706,0.8833129417563139,SVR,SVR_1
553,SI_ref_19,MCB,IBU,Ground water,0.9199191103755877,0.8633521060787752,SVR,SVR_1
555,SI_ref_19,MCB,IBU,Ground water,0.910886274193223,0.8527110195521406,SVR,SVR_1
557,SI_ref_19,MCB,IBU,Ground water,0.8716126359176348,0.7722715538437561,SVR,SVR_1
559,SI_ref_19,MCB,IBU,Ground water,0.9228881866842084,0.8633445318044493,SVR,SVR_1
561,SI_ref_19,MCB,IBU,Ground water,0.9227697266379059,0.885960981780433,SVR,SVR_1
563,SI_ref_19,MCB,IBU,Ground water,0.9221446299502403,0.8731347998539254,SVR,SVR_1
565,SI_ref_19,MCB,IBU,Ground water,0.9254612605703445,0.8833106309524982,SVR,SVR_1
567,SI_ref_19,MCB,IBU,Ground water,0.9188111047361486,0.8633445318044493,SVR,SVR_1
569,SI_ref_19,MCB,IBU,Ground water,0.9124876096677748,0.8527078585507695,SVR,SVR_1
571,SI_ref_19,MCB,IBU,Ground water,0.927696260267614,0.883308314226821,SVR,SVR_1
573,SI_ref_19,MCB,IBU,Ground water,0.9222883610163676,0.8633369612408053,SVR,SVR_1
575,SI_ref_19,MCB,IBU,Ground water,0.9173366162788351,0.852704693828291,SVR,SVR_1
577,SI_ref_19,MCB,IBU,Ground water,0.9896236049163454,0.8833059915905757,SVR,SVR_1
579,SI_ref_19,MCB,IBU,Ground water,0.9728688772730024,0.8633293943805825,SVR,SVR_1
581,SI_ref_19,MCB,IBU,Ground water,0.95367292982704,0.8527015253919769,SVR,SVR_1
583,SI_ref_19,MCB,IBU,Ground water,0.9381494412938034,0.8833036630550379,SVR,SVR_1
585,SI_ref_19,MCB,IBU,Ground water,0.925414707326754,0.8633218312165409,SVR,SVR_1
587,SI_ref_19,MCB,IBU,Ground water,0.9200694262245456,0.8526983532490725,SVR,SVR_1
589,SI_ref_19,MCB,IBU,Ground water,0.9296751902157461,0.8833013286314536,SVR,SVR_1
591,SI_ref_19,MCB,IBU,Ground water,0.9221403459202003,0.8633142717414728,SVR,SVR_1
593,SI_ref_19,MCB,IBU,Ground water,0.911624129649438,0.8526951774068228,SVR,SVR_1
595,SI_ref_19,MCB,IBU,Ground water,0.9248851497651674,0.8832989883310408,SVR,SVR_1
597,SI_ref_19,MCB,IBU,Ground water,0.9206218375460943,0.8633067159481744,SVR,SVR_1
599,SI_ref_19,MCB,IBU,Ground water,0.9170274735254856,0.8526919978724472,SVR,SVR_1
601,SI_ref_19,MCB,IBU,Ground water,0.9300914246503462,0.8832966421649993,SVR,SVR_1
603,SI_ref_19,MCB,IBU,Ground water,0.920786534541565,0.8632991638294807,SVR,SVR_1
605,SI_ref_19,MCB,IBU,Ground water,0.9160948152334054,0.8526888146531504,SVR,SVR_1
607,SI_ref_19,MCB,IBU,Ground water,0.9861765121394982,0.883294290144496,SVR,SVR_1
609,SI_ref_19,MCB,IBU,Ground water,0.9661781267028597,0.8632916153782269,SVR,SVR_1
611,SI_ref_19,MCB,IBU,Ground water,0.9529992532644452,0.8526856277561228,SVR,SVR_1
613,SI_ref_19,MCB,IBU,Ground water,0.9352947587236877,0.8832919322806831,SVR,SVR_1
615,SI_ref_19,MCB,IBU,Ground water,0.9284499518994666,0.8632840705872752,SVR,SVR_1
617,SI_ref_19,MCB,IBU,Ground water,0.917077774862594,0.8526824371885448,SVR,SVR_1
619,SI_ref_19,MCB,IBU,Ground water,0.9255842902984923,0.8832895685846769,SVR,SVR_1
621,SI_ref_19,MCB,IBU,Ground water,0.9186162384710084,0.8632765294495165,SVR,SVR_1
623,SI_ref_19,MCB,IBU,Ground water,0.9103224686673798,0.8526792429575675,SVR,SVR_1
625,SI_ref_19,MCB,IBU,Ground water,0.9258221154816445,0.8832871990675756,SVR,SVR_1
627,SI_ref_19,MCB,IBU,Ground water,0.921668420582223,0.8632689919578495,SVR,SVR_1
629,SI_ref_19,MCB,IBU,Ground water,0.9150562646500002,0.8526760450703395,SVR,SVR_1
631,SI_ref_19,MCB,IBU,Ground water,0.9296259863973036,0.8832848237404516,SVR,SVR_1
633,SI_ref_19,MCB,IBU,Ground water,0.9216175906678238,0.8632614581052027,SVR,SVR_1
635,SI_ref_19,MCB,IBU,Ground water,0.9188076045934327,0.852672843533986,SVR,SVR_1
698,SI_ref_18,NaOH-activated SCW biochars,IBU,Lake water,0.585296751211726,0.557400654322204,SVR,SVR_1
700,SI_ref_18,NaOH-activated SCW biochars,IBU,Lake water,0.6304734220526563,0.5442311866132064,SVR,SVR_1
702,SI_ref_18,NaOH-activated SCW biochars,IBU,Lake water,0.6077686506314385,0.5348290911065787,SVR,SVR_1
704,SI_ref_18,NaOH-activated SCW biochars,IBU,Lake water,0.6040537723014899,0.5301174250282038,SVR,SVR_1
706,SI_ref_18,NaOH-activated SCW biochars,IBU,Lake water,0.6292724453182281,0.5300670573419716,SVR,SVR_1
708,SI_ref_18,NaOH-activated SCW biochars,IBU,Lake water,0.6376478565264503,0.5319143692447348,SVR,SVR_1
710,SI_ref_18,NaOH-activated SCW biochars,IBU,Lake water,0.6108673600702487,0.5339188456432197,SVR,SVR_1
712,SI_ref_18,NaOH-activated SCW biochars,IBU,Lake water,0.10371139816269948,0.5375414178138486,SVR,SVR_1
714,SI_ref_18,NaOH-activated SCW biochars,IBU,Lake water,0.46656560236114836,0.5375414178138486,SVR,SVR_1
716,SI_ref_18,NaOH-activated SCW biochars,IBU,Lake water,0.44106817459704084,0.42240782156980283,SVR,SVR_1
718,SI_ref_18,NaOH-activated SCW biochars,IBU,Lake water,0.6893393142281772,0.5711956263892972,SVR,SVR_1
720,SI_ref_18,NaOH-activated SCW biochars,IBU,Lake water,0.621379975330744,0.5375414178138486,SVR,SVR_1
722,SI_ref_18,NaOH-activated SCW biochars,IBU,Lake water,0.6727437787241767,0.5375414178138486,SVR,SVR_1
723,SI_ref_18,NaOH-activated SCW biochars,IBU,Lake water,0.6293605973980515,0.5375414178138486,SVR,SVR_1
724,SI_ref_18,NaOH-activated SCW biochars,IBU,Lake water,0.6573710855713073,0.5375414178138486,SVR,SVR_1
726,SI_ref_18,NaOH-activated SCW biochars,IBU,Lake water,0.6298354173553987,0.5375414178138486,SVR,SVR_1
727,SI_ref_18,NaOH-activated SCW biochars,IBU,Lake water,0.6523803226831055,0.5375414178138486,SVR,SVR_1
728,SI_ref_18,NaOH-activated SCW biochars,IBU,Lake water,0.6378679449532959,0.5375414178138486,SVR,SVR_1
730,SI_ref_18,NaOH-activated SCW biochars,IBU,Lake water,0.627404015064595,0.5375414178138486,SVR,SVR_1
731,SI_ref_18,NaOH-activated SCW biochars,IBU,Lake water,0.6077370696640284,0.5375414178138486,SVR,SVR_1
732,SI_ref_18,NaOH-activated SCW biochars,IBU,Lake water,0.6159420233488258,0.5375414178138486,SVR,SVR_1
734,SI_ref_18,NaOH-activated SCW biochars,IBU,Lake water,0.6074163960354965,0.5375414178138486,SVR,SVR_1
735,SI_ref_18,NaOH-activated SCW biochars,IBU,Lake water,0.6146046840259546,0.5375414178138486,SVR,SVR_1
736,SI_ref_18,NaOH-activated SCW biochars,IBU,Lake water,0.6281995086504742,0.5375414178138486,SVR,SVR_1
738,SI_ref_18,NaOH-activated SCW biochars,IBU,Lake water,0.6298527247859258,0.5375414178138486,SVR,SVR_1
739,SI_ref_18,NaOH-activated SCW biochars,IBU,Lake water,0.576999656444263,0.5375414178138486,SVR,SVR_1
740,SI_ref_18,NaOH-activated SCW biochars,IBU,Lake water,0.5791171913994386,0.5375414178138486,SVR,SVR_1
742,SI_ref_18,NaOH-activated SCW biochars,IBU,Lake water,0.5786725135963804,0.5375414178138486,SVR,SVR_1
743,SI_ref_18,NaOH-activated SCW biochars,IBU,Lake water,0.6233870058145189,0.5375414178138486,SVR,SVR_1
744,SI_ref_18,NaOH-activated SCW biochars,IBU,Lake water,0.5944978576382812,0.5375414178138486,SVR,SVR_1
745,SI_ref_18,NaOH-activated SCW biochars,IBU,Lake water,0.5630080357470825,0.4715240281843006,SVR,SVR_1
747,SI_ref_18,NaOH-activated SCW biochars,IBU,Lake water,0.6846241766923425,0.5924974036091107,SVR,SVR_1
749,SI_ref_18,NaOH-activated SCW biochars,IBU,Lake water,0.744908980376152,0.6012933747040669,SVR,SVR_1
751,SI_ref_18,NaOH-activated SCW biochars,IBU,Lake water,0.6869669848084122,0.5375414178138486,SVR,SVR_1
753,SI_ref_18,NaOH-activated SCW biochars,IBU,Lake water,0.7932075459644551,0.5375414178138486,SVR,SVR_1
852,SI_ref_13,PB600,CBZ,Synthetic,0.5776772247360483,0.7606629950186363,SVR,SVR_1
853,SI_ref_13,PB600,CBZ,Synthetic,0.5656108597285068,0.7374415700062407,SVR,SVR_1
854,SI_ref_13,PB600,CBZ,Synthetic,0.5475113122171945,0.7069031466750884,SVR,SVR_1
855,SI_ref_13,PB600,CBZ,Synthetic,0.4479638009049774,0.6871594613788796,SVR,SVR_1
856,SI_ref_13,PB600,CBZ,Synthetic,0.45098039215686275,0.653176271122231,SVR,SVR_1
857,SI_ref_13,PB600,CBZ,Synthetic,0.42684766214177977,0.6345808410326217,SVR,SVR_1
858,SI_ref_13,PB600,CBZ,Synthetic,0.32437120555073723,0.6224738868304649,SVR,SVR_1
859,SI_ref_13,PB600,CBZ,Synthetic,0.4773489932885906,0.7088119292699151,SVR,SVR_1
860,SI_ref_13,PB600,CBZ,Synthetic,0.4437372714068248,0.6224738868304649,SVR,SVR_1
861,SI_ref_13,PB600,CBZ,Synthetic,0.35791881074899945,0.6224738868304649,SVR,SVR_1
862,SI_ref_13,PB600,CBZ,Synthetic,0.32426715019643393,0.6224738868304649,SVR,SVR_1
863,SI_ref_13,PB600,CBZ,Synthetic,0.24055829228243014,0.6224738868304649,SVR,SVR_1
864,SI_ref_13,PB600,CBZ,Synthetic,0.44839549002601903,0.5851256772282866,SVR,SVR_1
865,SI_ref_13,PB600,CBZ,Synthetic,0.5528523489932886,0.578599788156589,SVR,SVR_1
866,SI_ref_13,PB600,CBZ,Synthetic,0.5653368025440879,0.6224738868304649,SVR,SVR_1
867,SI_ref_13,PB600,CBZ,Synthetic,0.6235906331309627,0.6224738868304649,SVR,SVR_1
868,SI_ref_13,PB600,CBZ,Synthetic,0.6991037872217403,0.6224738868304649,SVR,SVR_1
869,SI_ref_13,PB600,CBZ,Synthetic,0.7401395944327428,0.6224738868304649,SVR,SVR_1
870,SI_ref_13,PB600,CBZ,Synthetic,0.8642533936651583,0.5982904492629714,SVR,SVR_1
871,SI_ref_13,PB600,CBZ,Synthetic,0.6953242835595775,0.5982904492629714,SVR,SVR_1
872,SI_ref_13,PB600,CBZ,Synthetic,0.4479638009049774,0.5982904492629714,SVR,SVR_1
873,SI_ref_13,PB600,CBZ,Synthetic,0.36651583710407243,0.5982904492629714,SVR,SVR_1
874,SI_ref_13,PB600,CBZ,Synthetic,0.248868778280543,0.5982904492629714,SVR,SVR_1
898,SI_ref_13,PB600,CBZ,Synthetic,0.244663382594417,0.6224738868304649,SVR,SVR_1
899,SI_ref_13,PB800,CBZ,Synthetic,0.27061079156395507,0.4789660500774304,SVR,SVR_1
900,SI_ref_13,PB800,CBZ,Synthetic,0.22678718159408381,0.424538514073182,SVR,SVR_1
901,SI_ref_13,PB800,CBZ,Synthetic,0.18844152287044644,0.36905018130418044,SVR,SVR_1
902,SI_ref_13,PB800,CBZ,Synthetic,0.17748562037797863,0.3387237379537323,SVR,SVR_1
903,SI_ref_13,PB800,CBZ,Synthetic,0.16379074226239385,0.2951117129681937,SVR,SVR_1
904,SI_ref_13,PB800,CBZ,Synthetic,0.155573815393043,0.27641178544375433,SVR,SVR_1
905,SI_ref_13,PB800,CBZ,Synthetic,0.08520900321543408,0.26684750560378234,SVR,SVR_1
906,SI_ref_13,PB800,CBZ,Synthetic,0.16135346756152125,0.2840029509706126,SVR,SVR_1
907,SI_ref_13,PB800,CBZ,Synthetic,0.1561792870827899,0.26684750560378234,SVR,SVR_1
908,SI_ref_13,PB800,CBZ,Synthetic,0.13676633444075306,0.26684750560378234,SVR,SVR_1
909,SI_ref_13,PB800,CBZ,Synthetic,0.1002310803004044,0.26684750560378234,SVR,SVR_1
910,SI_ref_13,PB800,CBZ,Synthetic,0.04322336667164253,0.26684750560378234,SVR,SVR_1
911,SI_ref_13,PB800,CBZ,Synthetic,0.20609619686800895,0.3177187543675632,SVR,SVR_1
912,SI_ref_13,PB800,CBZ,Synthetic,0.1865212527964206,0.4021226419890485,SVR,SVR_1
913,SI_ref_13,PB800,CBZ,Synthetic,0.28121650589496244,0.26684750560378234,SVR,SVR_1
914,SI_ref_13,PB800,CBZ,Synthetic,0.36611289746337977,0.26684750560378234,SVR,SVR_1
915,SI_ref_13,PB800,CBZ,Synthetic,0.5117363344051448,0.26684750560378234,SVR,SVR_1
916,SI_ref_13,PB800,CBZ,Synthetic,0.5707012708620426,0.26684750560378234,SVR,SVR_1
917,SI_ref_13,PB800,CBZ,Synthetic,0.5791052918712493,0.25772989159248827,SVR,SVR_1
918,SI_ref_13,PB800,CBZ,Synthetic,0.30905619203491547,0.25772989159248827,SVR,SVR_1
919,SI_ref_13,PB800,CBZ,Synthetic,0.16448445171849424,0.25772989159248827,SVR,SVR_1
920,SI_ref_13,PB800,CBZ,Synthetic,0.12460736493062231,0.25772989159248827,SVR,SVR_1
921,SI_ref_13,PB800,CBZ,Synthetic,0.08265139116202945,0.25772989159248827,SVR,SVR_1
987,SI_ref_15,PSB,TEB,Synthetic,0.9529494921755761,0.9589514370216116,SVR,SVR_1
988,SI_ref_15,PSB,TEB,Synthetic,0.9422238246841239,0.9499354178914285,SVR,SVR_1
989,SI_ref_15,PSB,TEB,Synthetic,0.9297851778252496,0.9372112526707828,SVR,SVR_1
990,SI_ref_15,PSB,TEB,Synthetic,0.9225192311101157,0.9245112577120502,SVR,SVR_1
991,SI_ref_15,PSB,TEB,Synthetic,0.920805363267918,0.91382066177903,SVR,SVR_1
992,SI_ref_15,PSB,TEB,Synthetic,0.9178876121047361,0.9084492995519049,SVR,SVR_1
993,SI_ref_15,PSB,TEB,Synthetic,0.9171857170319854,0.9047915743012389,SVR,SVR_1
994,SI_ref_15,PSB,TEB,Synthetic,0.9362126098667423,0.8994337863834636,SVR,SVR_1
995,SI_ref_15,PSB,TEB,Synthetic,0.9575716949823408,0.8994337863834636,SVR,SVR_1
996,SI_ref_15,PSB,TEB,Synthetic,0.9144403299752767,0.8994337863834636,SVR,SVR_1
997,SI_ref_15,PSB,TEB,Synthetic,0.9131362601666559,0.8994337863834636,SVR,SVR_1
998,SI_ref_15,PSB,TEB,Synthetic,0.9073783566890704,0.8994337863834636,SVR,SVR_1
999,SI_ref_15,PSB,TEB,Synthetic,0.8610942615965279,0.8994337863834636,SVR,SVR_1
1000,SI_ref_15,PSB,TEB,Synthetic,0.8714762044822667,0.8994337863834636,SVR,SVR_1
1001,SI_ref_15,PSB,TEB,Synthetic,0.8650362109004135,0.8994337863834636,SVR,SVR_1
1002,SI_ref_15,PSB,TEB,Synthetic,0.9441016733966956,0.8994337863834636,SVR,SVR_1
1003,SI_ref_15,PSB,TEB,Synthetic,0.952584477756588,0.8994337863834636,SVR,SVR_1
1004,SI_ref_15,PSB,TEB,Synthetic,0.9589909115585907,0.8994337863834636,SVR,SVR_1
1005,SI_ref_15,PSB,TEB,Synthetic,0.9629553594597028,0.8994337863834636,SVR,SVR_1
1052,SI_ref_15,PSBOX-A,TEB,Synthetic,0.5158767649493458,0.5022615843382896,SVR,SVR_1
1053,SI_ref_15,PSBOX-A,TEB,Synthetic,0.41210379963008376,0.3984550987330535,SVR,SVR_1
1054,SI_ref_15,PSBOX-A,TEB,Synthetic,0.30623403384032577,0.28913022877114697,SVR,SVR_1
1055,SI_ref_15,PSBOX-A,TEB,Synthetic,0.21283845390046752,0.18843121540236657,SVR,SVR_1
1056,SI_ref_15,PSBOX-A,TEB,Synthetic,0.12421842587964138,0.11008540205320194,SVR,SVR_1
1057,SI_ref_15,PSBOX-A,TEB,Synthetic,0.09371708683213013,0.07894158764710557,SVR,SVR_1
1058,SI_ref_15,PSBOX-A,TEB,Synthetic,0.07890621232231329,0.06437542132559604,SVR,SVR_1
1059,SI_ref_15,PSBOX-A,TEB,Synthetic,0.07277962857952934,0.054903191263204865,SVR,SVR_1
1060,SI_ref_15,PSBOX-A,TEB,Synthetic,0.5073983287736047,0.31454911391445084,SVR,SVR_1
1061,SI_ref_15,PSBOX-A,TEB,Synthetic,0.5163778457532948,0.2744089819322373,SVR,SVR_1
1062,SI_ref_15,PSBOX-A,TEB,Synthetic,0.5077105405964751,0.054903191263204865,SVR,SVR_1
1063,SI_ref_15,PSBOX-A,TEB,Synthetic,0.058828707349529885,0.054903191263204865,SVR,SVR_1
1064,SI_ref_15,PSBOX-A,TEB,Synthetic,0.4930488637978448,0.20632042650526866,SVR,SVR_1
1065,SI_ref_15,PSBOX-A,TEB,Synthetic,0.5160089507499187,0.3568123868255466,SVR,SVR_1
1066,SI_ref_15,PSBOX-A,TEB,Synthetic,0.07083175356135256,0.054903191263204865,SVR,SVR_1
1067,SI_ref_15,PSBOX-A,TEB,Synthetic,0.051172794584274484,0.054903191263204865,SVR,SVR_1
1068,SI_ref_15,PSBOX-A,TEB,Synthetic,0.04750722464731311,0.054903191263204865,SVR,SVR_1
1069,SI_ref_15,PSBOX-A,TEB,Synthetic,0.04108376658313895,0.054903191263204865,SVR,SVR_1
1070,SI_ref_15,PSBOX-A,TEB,Synthetic,0.04527670142322688,0.054903191263204865,SVR,SVR_1
1071,SI_ref_15,PSBOX-A,TEB,Synthetic,0.04243318293660387,0.054903191263204865,SVR,SVR_1
1072,SI_ref_15,PSBOX-A,TEB,Synthetic,0.09409506092292502,0.054903191263204865,SVR,SVR_1
1073,SI_ref_15,PSBOX-A,TEB,Synthetic,0.28314921751011557,0.054903191263204865,SVR,SVR_1
1074,SI_ref_15,PSBOX-A,TEB,Synthetic,0.44223994246690523,0.054903191263204865,SVR,SVR_1
1075,SI_ref_15,PSBOX-A,TEB,Synthetic,0.5102144207532882,0.054903191263204865,SVR,SVR_1
1077,SI_ref_17,Pristine SCG biochar,CBZ,Synthetic,0.9431980957558961,0.9168487464232921,SVR,SVR_1
1079,SI_ref_17,Pristine SCG biochar,CBZ,Synthetic,0.9360319849357849,0.9129254075033646,SVR,SVR_1
1081,SI_ref_17,Pristine SCG biochar,CBZ,Synthetic,0.9307104448319532,0.9095387946820936,SVR,SVR_1
1083,SI_ref_17,Pristine SCG biochar,CBZ,Synthetic,0.9258716624342764,0.9114922740948219,SVR,SVR_1
1085,SI_ref_17,Pristine SCG biochar,CBZ,Synthetic,0.9157118703628806,0.9134557714722582,SVR,SVR_1
1087,SI_ref_17,Pristine SCG biochar,CBZ,Synthetic,0.9147137334986508,0.9147374017368171,SVR,SVR_1
1089,SI_ref_17,Pristine SCG biochar,CBZ,Synthetic,0.9138427672538969,0.9155775818964866,SVR,SVR_1
1091,SI_ref_17,Pristine SCG biochar,CBZ,Synthetic,0.8932130468798682,0.8490926494898682,SVR,SVR_1
1093,SI_ref_17,Pristine SCG biochar,CBZ,Synthetic,0.9247624360467385,0.9153977631089245,SVR,SVR_1
1095,SI_ref_17,Pristine SCG biochar,CBZ,Synthetic,0.9071706166070994,0.9153977631089245,SVR,SVR_1
1097,SI_ref_17,Pristine SCG biochar,CBZ,Synthetic,0.908534541255576,0.9153977631089245,SVR,SVR_1
1099,SI_ref_17,Pristine SCG biochar,CBZ,Synthetic,0.903895578148675,0.9153977631089245,SVR,SVR_1
1101,SI_ref_17,Pristine SCG biochar,CBZ,Synthetic,0.9071468090110305,0.9153977631089245,SVR,SVR_1
1103,SI_ref_17,Pristine SCG biochar,CBZ,Synthetic,0.890879570190962,0.9153977631089245,SVR,SVR_1
1105,SI_ref_17,Pristine SCG biochar,CBZ,Synthetic,0.8806314346444372,0.8790657409138296,SVR,SVR_1
1107,SI_ref_17,Pristine SCG biochar,CBZ,Synthetic,0.9289062306369882,0.9153977631089245,SVR,SVR_1
1109,SI_ref_17,Pristine SCG biochar,CBZ,Synthetic,0.9261272699552149,0.9153977631089245,SVR,SVR_1
1111,SI_ref_17,Pristine SCG biochar,CBZ,Synthetic,0.9403460613803251,0.9153977631089245,SVR,SVR_1
1113,SI_ref_17,Pristine SCG biochar,CBZ,Synthetic,0.9373850128799738,0.9153977631089245,SVR,SVR_1
1115,SI_ref_17,Pristine SCG biochar,CBZ,Synthetic,0.925161257978969,0.9153977631089245,SVR,SVR_1
1253,SI_ref_18,Pristine SCW Biochar,IBU,Lake water,0.9264336848996528,0.898497478329473,SVR,SVR_1
1255,SI_ref_18,Pristine SCW Biochar,IBU,Lake water,0.9179334532144726,0.9127033473303386,SVR,SVR_1
1257,SI_ref_18,Pristine SCW Biochar,IBU,Lake water,0.916180999264559,0.9263759178172736,SVR,SVR_1
1259,SI_ref_18,Pristine SCW Biochar,IBU,Lake water,0.9235678454978681,0.9382235957697349,SVR,SVR_1
1261,SI_ref_18,Pristine SCW Biochar,IBU,Lake water,0.9285970293283682,0.9454460114641816,SVR,SVR_1
1263,SI_ref_18,Pristine SCW Biochar,IBU,Lake water,0.9209592404126973,0.9461369588106228,SVR,SVR_1
1265,SI_ref_18,Pristine SCW Biochar,IBU,Lake water,0.9279432945207517,0.9445933623733775,SVR,SVR_1
1269,SI_ref_18,Pristine SCW Biochar,IBU,Lake water,0.8974085452250303,0.9177129129911372,SVR,SVR_1
1271,SI_ref_18,Pristine SCW Biochar,IBU,Lake water,0.9239929387412031,0.9334565704176387,SVR,SVR_1
1273,SI_ref_18,Pristine SCW Biochar,IBU,Lake water,0.9256303580479686,0.9391731983339319,SVR,SVR_1
1275,SI_ref_18,Pristine SCW Biochar,IBU,Lake water,0.9240446881745522,0.9391731983339319,SVR,SVR_1
1276,SI_ref_18,Pristine SCW Biochar,IBU,Lake water,0.9283922239724117,0.9391731983339319,SVR,SVR_1
1277,SI_ref_18,Pristine SCW Biochar,IBU,Lake water,0.9240711354841218,0.9391731983339319,SVR,SVR_1
1279,SI_ref_18,Pristine SCW Biochar,IBU,Lake water,0.9204127206373283,0.9391731983339319,SVR,SVR_1
1280,SI_ref_18,Pristine SCW Biochar,IBU,Lake water,0.9185968665123906,0.9391731983339319,SVR,SVR_1
1281,SI_ref_18,Pristine SCW Biochar,IBU,Lake water,0.9182954449695013,0.9391731983339319,SVR,SVR_1
1283,SI_ref_18,Pristine SCW Biochar,IBU,Lake water,0.9158900362354069,0.9391731983339319,SVR,SVR_1
1284,SI_ref_18,Pristine SCW Biochar,IBU,Lake water,0.9125854189759445,0.9391731983339319,SVR,SVR_1
1285,SI_ref_18,Pristine SCW Biochar,IBU,Lake water,0.9175495400890653,0.9391731983339319,SVR,SVR_1
1287,SI_ref_18,Pristine SCW Biochar,IBU,Lake water,0.9120226357855434,0.9391731983339319,SVR,SVR_1
1288,SI_ref_18,Pristine SCW Biochar,IBU,Lake water,0.9131050308227836,0.9391731983339319,SVR,SVR_1
1289,SI_ref_18,Pristine SCW Biochar,IBU,Lake water,0.91141920930323,0.9391731983339319,SVR,SVR_1
1291,SI_ref_18,Pristine SCW Biochar,IBU,Lake water,0.9068652159539504,0.9391731983339319,SVR,SVR_1
1292,SI_ref_18,Pristine SCW Biochar,IBU,Lake water,0.9091226364337618,0.9391731983339319,SVR,SVR_1
1293,SI_ref_18,Pristine SCW Biochar,IBU,Lake water,0.9067682424855283,0.9391731983339319,SVR,SVR_1
1295,SI_ref_18,Pristine SCW Biochar,IBU,Lake water,0.9027540853962883,0.9391731983339319,SVR,SVR_1
1296,SI_ref_18,Pristine SCW Biochar,IBU,Lake water,0.9025373859945938,0.9391731983339319,SVR,SVR_1
1297,SI_ref_18,Pristine SCW Biochar,IBU,Lake water,0.9026152370210476,0.9391731983339319,SVR,SVR_1
1298,SI_ref_18,Pristine SCW Biochar,IBU,Lake water,0.9219347373743266,0.9244897540518724,SVR,SVR_1
1300,SI_ref_18,Pristine SCW Biochar,IBU,Lake water,0.9277221749920567,0.9495245735587885,SVR,SVR_1
1302,SI_ref_18,Pristine SCW Biochar,IBU,Lake water,0.9340257796823453,0.9494334408532632,SVR,SVR_1
2,SI_ref_19,AMCB,IBU,Ground water,0.6563767477253929,0.46172180170430344,SplineRidge,SplineRidge_2
4,SI_ref_19,AMCB,IBU,Ground water,0.5414154110835401,0.43011871879362007,SplineRidge,SplineRidge_2
6,SI_ref_19,AMCB,IBU,Ground water,0.39819987427626136,0.3923338381796976,SplineRidge,SplineRidge_2
8,SI_ref_19,AMCB,IBU,Ground water,0.3426557088502895,0.3584308632528018,SplineRidge,SplineRidge_2
10,SI_ref_19,AMCB,IBU,Ground water,0.3352626765922249,0.330668480720467,SplineRidge,SplineRidge_2
12,SI_ref_19,AMCB,IBU,Ground water,0.33078034739454093,0.3211243388090949,SplineRidge,SplineRidge_2
14,SI_ref_19,AMCB,IBU,Ground water,0.3305497038875103,0.3255542723457051,SplineRidge,SplineRidge_2
16,SI_ref_19,AMCB,IBU,Ground water,0.029204625724030753,0.3636419557168718,SplineRidge,SplineRidge_2
18,SI_ref_19,AMCB,IBU,Ground water,0.005264283840238958,0.3487318837164826,SplineRidge,SplineRidge_2
20,SI_ref_19,AMCB,IBU,Ground water,0.0023766372681587895,0.32065720507025175,SplineRidge,SplineRidge_2
22,SI_ref_19,AMCB,IBU,Ground water,0.32926049296939613,0.3487318837164826,SplineRidge,SplineRidge_2
24,SI_ref_19,AMCB,IBU,Ground water,0.19832193047959257,0.363698636758309,SplineRidge,SplineRidge_2
26,SI_ref_19,AMCB,IBU,Ground water,0.1894672613641715,0.3487885647579198,SplineRidge,SplineRidge_2
28,SI_ref_19,AMCB,IBU,Ground water,0.1528746627917146,0.32071388611168894,SplineRidge,SplineRidge_2
30,SI_ref_19,AMCB,IBU,Ground water,0.3449761650083755,0.3637553365397089,SplineRidge,SplineRidge_2
32,SI_ref_19,AMCB,IBU,Ground water,0.30765270742093687,0.3488452645393197,SplineRidge,SplineRidge_2
34,SI_ref_19,AMCB,IBU,Ground water,0.303030777614079,0.3207705858930888,SplineRidge,SplineRidge_2
36,SI_ref_19,AMCB,IBU,Ground water,0.41496556078686897,0.36381205499491737,SplineRidge,SplineRidge_2
38,SI_ref_19,AMCB,IBU,Ground water,0.3766264851820565,0.3489019829945282,SplineRidge,SplineRidge_2
40,SI_ref_19,AMCB,IBU,Ground water,0.38956403906090076,0.3208273043482973,SplineRidge,SplineRidge_2
42,SI_ref_19,AMCB,IBU,Ground water,0.5182383095521604,0.36386879205797357,SplineRidge,SplineRidge_2
44,SI_ref_19,AMCB,IBU,Ground water,0.5024496962602676,0.3489587200575844,SplineRidge,SplineRidge_2
46,SI_ref_19,AMCB,IBU,Ground water,0.48210720700720494,0.3208840414113535,SplineRidge,SplineRidge_2
48,SI_ref_19,AMCB,IBU,Ground water,0.03338351934448727,0.3639255476631086,SplineRidge,SplineRidge_2
50,SI_ref_19,AMCB,IBU,Ground water,0.0,0.3490154756627194,SplineRidge,SplineRidge_2
52,SI_ref_19,AMCB,IBU,Ground water,0.003531050071646246,0.32094079701648853,SplineRidge,SplineRidge_2
54,SI_ref_19,AMCB,IBU,Ground water,0.19999798179579809,0.3639823217447455,SplineRidge,SplineRidge_2
56,SI_ref_19,AMCB,IBU,Ground water,0.17260220522445793,0.3490722497443563,SplineRidge,SplineRidge_2
58,SI_ref_19,AMCB,IBU,Ground water,0.15656878376287445,0.32099757109812543,SplineRidge,SplineRidge_2
60,SI_ref_19,AMCB,IBU,Ground water,0.3457359785263073,0.3640391142374984,SplineRidge,SplineRidge_2
62,SI_ref_19,AMCB,IBU,Ground water,0.32626934953278575,0.3491290422371092,SplineRidge,SplineRidge_2
64,SI_ref_19,AMCB,IBU,Ground water,0.3258728934993643,0.32105436359087836,SplineRidge,SplineRidge_2
66,SI_ref_19,AMCB,IBU,Ground water,0.4885549946229274,0.36409592507617194,SplineRidge,SplineRidge_2
68,SI_ref_19,AMCB,IBU,Ground water,0.39885279506866217,0.34918585307578276,SplineRidge,SplineRidge_2
70,SI_ref_19,AMCB,IBU,Ground water,0.42188356115014575,0.3211111744295519,SplineRidge,SplineRidge_2
72,SI_ref_19,AMCB,IBU,Ground water,0.5107350299703324,0.3641527541957603,SplineRidge,SplineRidge_2
74,SI_ref_19,AMCB,IBU,Ground water,0.5226317382792791,0.34924268219537113,SplineRidge,SplineRidge_2
76,SI_ref_19,AMCB,IBU,Ground water,0.4945842701164504,0.32116800354914027,SplineRidge,SplineRidge_2
78,SI_ref_19,AMCB,IBU,Ground water,0.025848755777109534,0.3642096015314471,SplineRidge,SplineRidge_2
80,SI_ref_19,AMCB,IBU,Ground water,0.008169690609295848,0.3492995295310579,SplineRidge,SplineRidge_2
82,SI_ref_19,AMCB,IBU,Ground water,0.0,0.32122485088482705,SplineRidge,SplineRidge_2
84,SI_ref_19,AMCB,IBU,Ground water,0.2007202298061851,0.3642664670186042,SplineRidge,SplineRidge_2
86,SI_ref_19,AMCB,IBU,Ground water,0.16952726930244136,0.349356395018215,SplineRidge,SplineRidge_2
88,SI_ref_19,AMCB,IBU,Ground water,0.14747637019246942,0.32128171637198416,SplineRidge,SplineRidge_2
90,SI_ref_19,AMCB,IBU,Ground water,0.34008395729479907,0.3643233505927916,SplineRidge,SplineRidge_2
92,SI_ref_19,AMCB,IBU,Ground water,0.32813530040969546,0.3494132785924024,SplineRidge,SplineRidge_2
94,SI_ref_19,AMCB,IBU,Ground water,0.3191737471997417,0.32133859994617153,SplineRidge,SplineRidge_2
96,SI_ref_19,AMCB,IBU,Ground water,0.45590621693388655,0.3643802521897565,SplineRidge,SplineRidge_2
98,SI_ref_19,AMCB,IBU,Ground water,0.4386715603313315,0.3494701801893673,SplineRidge,SplineRidge_2
100,SI_ref_19,AMCB,IBU,Ground water,0.4136227630368784,0.32139550154313645,SplineRidge,SplineRidge_2
102,SI_ref_19,AMCB,IBU,Ground water,0.15909620069601668,0.3007153269737998,SplineRidge,SplineRidge_2
104,SI_ref_19,AMCB,IBU,Ground water,0.32070040208616674,0.3495270997450435,SplineRidge,SplineRidge_2
106,SI_ref_19,AMCB,IBU,Ground water,0.3644459510905023,0.39116769140657615,SplineRidge,SplineRidge_2
108,SI_ref_19,AMCB,IBU,Ground water,0.46356787238707886,0.37064876219660553,SplineRidge,SplineRidge_2
110,SI_ref_19,AMCB,IBU,Ground water,0.5205305455205957,0.36443717174543266,SplineRidge,SplineRidge_2
112,SI_ref_19,AMCB,IBU,Ground water,0.5464029950150356,0.3495270997450435,SplineRidge,SplineRidge_2
114,SI_ref_19,AMCB,IBU,Ground water,0.48301499525722014,0.3214524210988126,SplineRidge,SplineRidge_2
117,SI_ref_17,Alkali-modified SCG biochars,CBZ,Synthetic,0.12103690777624292,0.3259699017608564,SplineRidge,SplineRidge_2
119,SI_ref_17,Alkali-modified SCG biochars,CBZ,Synthetic,0.0701486117179634,0.29436681885017296,SplineRidge,SplineRidge_2
121,SI_ref_17,Alkali-modified SCG biochars,CBZ,Synthetic,0.050188840370859876,0.2361134366727961,SplineRidge,SplineRidge_2
123,SI_ref_17,Alkali-modified SCG biochars,CBZ,Synthetic,0.033003190610721066,0.20562875325273117,SplineRidge,SplineRidge_2
125,SI_ref_17,Alkali-modified SCG biochars,CBZ,Synthetic,0.03511734337104713,0.1908638809386815,SplineRidge,SplineRidge_2
127,SI_ref_17,Alkali-modified SCG biochars,CBZ,Synthetic,0.03195287629892775,0.18537243886564797,SplineRidge,SplineRidge_2
129,SI_ref_17,Alkali-modified SCG biochars,CBZ,Synthetic,0.03449328813829176,0.1898023724022581,SplineRidge,SplineRidge_2
132,SI_ref_17,Alkali-modified SCG biochars,CBZ,Synthetic,0.041716779164719504,0.21297998377303567,SplineRidge,SplineRidge_2
134,SI_ref_17,Alkali-modified SCG biochars,CBZ,Synthetic,0.00635796336582959,0.21297998377303567,SplineRidge,SplineRidge_2
136,SI_ref_17,Alkali-modified SCG biochars,CBZ,Synthetic,0.011730609548845337,0.21297998377303567,SplineRidge,SplineRidge_2
138,SI_ref_17,Alkali-modified SCG biochars,CBZ,Synthetic,0.01988738850164665,0.21297998377303567,SplineRidge,SplineRidge_2
140,SI_ref_17,Alkali-modified SCG biochars,CBZ,Synthetic,0.006132526431344026,0.21297998377303567,SplineRidge,SplineRidge_2
142,SI_ref_17,Alkali-modified SCG biochars,CBZ,Synthetic,0.007712590639419909,0.21297998377303567,SplineRidge,SplineRidge_2
145,SI_ref_17,Alkali-modified SCG biochars,CBZ,Synthetic,0.10268999927349255,0.21297998377303567,SplineRidge,SplineRidge_2
147,SI_ref_17,Alkali-modified SCG biochars,CBZ,Synthetic,0.14439822919669368,0.21297998377303567,SplineRidge,SplineRidge_2
149,SI_ref_17,Alkali-modified SCG biochars,CBZ,Synthetic,0.34003506921741083,0.21297998377303567,SplineRidge,SplineRidge_2
151,SI_ref_17,Alkali-modified SCG biochars,CBZ,Synthetic,0.4516798693491866,0.21297998377303567,SplineRidge,SplineRidge_2
153,SI_ref_17,Alkali-modified SCG biochars,CBZ,Synthetic,0.5612135486607656,0.21297998377303567,SplineRidge,SplineRidge_2
282,SI_ref_19,CB,IBU,Ground water,0.9280102961124896,1.0080596378668412,SplineRidge,SplineRidge_2
284,SI_ref_19,CB,IBU,Ground water,0.9242732043010754,0.9764565549561577,SplineRidge,SplineRidge_2
286,SI_ref_19,CB,IBU,Ground water,0.9218881323407775,0.9386716743422353,SplineRidge,SplineRidge_2
288,SI_ref_19,CB,IBU,Ground water,0.9215853366418528,0.9047686994153397,SplineRidge,SplineRidge_2
290,SI_ref_19,CB,IBU,Ground water,0.9207959503722085,0.8770063168830049,SplineRidge,SplineRidge_2
292,SI_ref_19,CB,IBU,Ground water,0.9207361323407776,0.8674621749716329,SplineRidge,SplineRidge_2
294,SI_ref_19,CB,IBU,Ground water,0.9206762613730356,0.8718921085082431,SplineRidge,SplineRidge_2
296,SI_ref_19,CB,IBU,Ground water,0.9945207101387852,0.9099797918794097,SplineRidge,SplineRidge_2
298,SI_ref_19,CB,IBU,Ground water,0.9765877548823724,0.8950697198790205,SplineRidge,SplineRidge_2
300,SI_ref_19,CB,IBU,Ground water,0.9595058090644278,0.8669950412327897,SplineRidge,SplineRidge_2
302,SI_ref_19,CB,IBU,Ground water,0.9409019130333385,0.9099797918794097,SplineRidge,SplineRidge_2
304,SI_ref_19,CB,IBU,Ground water,0.9323428884090048,0.8950697198790205,SplineRidge,SplineRidge_2
306,SI_ref_19,CB,IBU,Ground water,0.9259231602386863,0.8669950412327897,SplineRidge,SplineRidge_2
308,SI_ref_19,CB,IBU,Ground water,0.8753590996713628,0.8462579471077769,SplineRidge,SplineRidge_2
310,SI_ref_19,CB,IBU,Ground water,0.9341230700922319,0.9099797918794097,SplineRidge,SplineRidge_2
312,SI_ref_19,CB,IBU,Ground water,0.9234390298948024,0.8950697198790205,SplineRidge,SplineRidge_2
314,SI_ref_19,CB,IBU,Ground water,0.917590560186213,0.8669950412327897,SplineRidge,SplineRidge_2
316,SI_ref_19,CB,IBU,Ground water,0.9236132062907854,0.9367103115405531,SplineRidge,SplineRidge_2
318,SI_ref_19,CB,IBU,Ground water,0.9231865295080666,0.9161913823305825,SplineRidge,SplineRidge_2
320,SI_ref_19,CB,IBU,Ground water,0.9303445651202417,0.9099797918794097,SplineRidge,SplineRidge_2
322,SI_ref_19,CB,IBU,Ground water,0.923151204819856,0.8950697198790205,SplineRidge,SplineRidge_2
324,SI_ref_19,CB,IBU,Ground water,0.9175260660683171,0.8669950412327897,SplineRidge,SplineRidge_2
326,SI_ref_19,CB,IBU,Ground water,0.9318432124429017,0.9099797918794097,SplineRidge,SplineRidge_2
328,SI_ref_19,CB,IBU,Ground water,0.9241489703794897,0.8950697198790205,SplineRidge,SplineRidge_2
330,SI_ref_19,CB,IBU,Ground water,0.9174641264203113,0.8669950412327897,SplineRidge,SplineRidge_2
523,SI_ref_19,MCB,IBU,Ground water,0.9264289561621175,0.9984310206096585,SplineRidge,SplineRidge_2
525,SI_ref_19,MCB,IBU,Ground water,0.9196854524400332,0.966827937698975,SplineRidge,SplineRidge_2
527,SI_ref_19,MCB,IBU,Ground water,0.9178832092638545,0.9290430570850526,SplineRidge,SplineRidge_2
529,SI_ref_19,MCB,IBU,Ground water,0.9177463688999173,0.895140082158157,SplineRidge,SplineRidge_2
531,SI_ref_19,MCB,IBU,Ground water,0.9177232092638544,0.8673776996258223,SplineRidge,SplineRidge_2
533,SI_ref_19,MCB,IBU,Ground water,0.9175379321753515,0.8578335577144502,SplineRidge,SplineRidge_2
535,SI_ref_19,MCB,IBU,Ground water,0.9173856344086023,0.8622634912510604,SplineRidge,SplineRidge_2
537,SI_ref_19,MCB,IBU,Ground water,0.9902068659306948,0.900351174622227,SplineRidge,SplineRidge_2
539,SI_ref_19,MCB,IBU,Ground water,0.9708228218531151,0.8854411026218378,SplineRidge,SplineRidge_2
541,SI_ref_19,MCB,IBU,Ground water,0.9483485035015843,0.8573664239756071,SplineRidge,SplineRidge_2
543,SI_ref_19,MCB,IBU,Ground water,0.9173115500413566,0.8854411026218378,SplineRidge,SplineRidge_2
545,SI_ref_19,MCB,IBU,Ground water,0.9358359065436908,0.9004078556636642,SplineRidge,SplineRidge_2
547,SI_ref_19,MCB,IBU,Ground water,0.9263512886233829,0.8854977836632751,SplineRidge,SplineRidge_2
549,SI_ref_19,MCB,IBU,Ground water,0.9153544975680639,0.8574231050170443,SplineRidge,SplineRidge_2
551,SI_ref_19,MCB,IBU,Ground water,0.9271238571918706,0.9004645554450641,SplineRidge,SplineRidge_2
553,SI_ref_19,MCB,IBU,Ground water,0.9199191103755877,0.8855544834446749,SplineRidge,SplineRidge_2
555,SI_ref_19,MCB,IBU,Ground water,0.910886274193223,0.8574798047984441,SplineRidge,SplineRidge_2
557,SI_ref_19,MCB,IBU,Ground water,0.8716126359176348,0.8367994291286398,SplineRidge,SplineRidge_2
559,SI_ref_19,MCB,IBU,Ground water,0.9228881866842084,0.8856112018998834,SplineRidge,SplineRidge_2
561,SI_ref_19,MCB,IBU,Ground water,0.9227697266379059,0.927251793561416,SplineRidge,SplineRidge_2
563,SI_ref_19,MCB,IBU,Ground water,0.9221446299502403,0.9067328643514454,SplineRidge,SplineRidge_2
565,SI_ref_19,MCB,IBU,Ground water,0.9254612605703445,0.9005212739002726,SplineRidge,SplineRidge_2
567,SI_ref_19,MCB,IBU,Ground water,0.9188111047361486,0.8856112018998834,SplineRidge,SplineRidge_2
569,SI_ref_19,MCB,IBU,Ground water,0.9124876096677748,0.8575365232536527,SplineRidge,SplineRidge_2
571,SI_ref_19,MCB,IBU,Ground water,0.927696260267614,0.9005780109633288,SplineRidge,SplineRidge_2
573,SI_ref_19,MCB,IBU,Ground water,0.9222883610163676,0.8856679389629396,SplineRidge,SplineRidge_2
575,SI_ref_19,MCB,IBU,Ground water,0.9173366162788351,0.8575932603167088,SplineRidge,SplineRidge_2
577,SI_ref_19,MCB,IBU,Ground water,0.9896236049163454,0.9006347665684638,SplineRidge,SplineRidge_2
579,SI_ref_19,MCB,IBU,Ground water,0.9728688772730024,0.8857246945680746,SplineRidge,SplineRidge_2
581,SI_ref_19,MCB,IBU,Ground water,0.95367292982704,0.8576500159218439,SplineRidge,SplineRidge_2
583,SI_ref_19,MCB,IBU,Ground water,0.9381494412938034,0.9006915406501006,SplineRidge,SplineRidge_2
585,SI_ref_19,MCB,IBU,Ground water,0.925414707326754,0.8857814686497115,SplineRidge,SplineRidge_2
587,SI_ref_19,MCB,IBU,Ground water,0.9200694262245456,0.8577067900034807,SplineRidge,SplineRidge_2
589,SI_ref_19,MCB,IBU,Ground water,0.9296751902157461,0.9007483331428536,SplineRidge,SplineRidge_2
591,SI_ref_19,MCB,IBU,Ground water,0.9221403459202003,0.8858382611424644,SplineRidge,SplineRidge_2
593,SI_ref_19,MCB,IBU,Ground water,0.911624129649438,0.8577635824962337,SplineRidge,SplineRidge_2
595,SI_ref_19,MCB,IBU,Ground water,0.9248851497651674,0.9008051439815271,SplineRidge,SplineRidge_2
597,SI_ref_19,MCB,IBU,Ground water,0.9206218375460943,0.885895071981138,SplineRidge,SplineRidge_2
599,SI_ref_19,MCB,IBU,Ground water,0.9170274735254856,0.8578203933349072,SplineRidge,SplineRidge_2
601,SI_ref_19,MCB,IBU,Ground water,0.9300914246503462,0.9008619731011156,SplineRidge,SplineRidge_2
603,SI_ref_19,MCB,IBU,Ground water,0.920786534541565,0.8859519011007264,SplineRidge,SplineRidge_2
605,SI_ref_19,MCB,IBU,Ground water,0.9160948152334054,0.8578772224544956,SplineRidge,SplineRidge_2
607,SI_ref_19,MCB,IBU,Ground water,0.9861765121394982,0.9009188204368023,SplineRidge,SplineRidge_2
609,SI_ref_19,MCB,IBU,Ground water,0.9661781267028597,0.8860087484364132,SplineRidge,SplineRidge_2
611,SI_ref_19,MCB,IBU,Ground water,0.9529992532644452,0.8579340697901824,SplineRidge,SplineRidge_2
613,SI_ref_19,MCB,IBU,Ground water,0.9352947587236877,0.9009756859239594,SplineRidge,SplineRidge_2
615,SI_ref_19,MCB,IBU,Ground water,0.9284499518994666,0.8860656139235703,SplineRidge,SplineRidge_2
617,SI_ref_19,MCB,IBU,Ground water,0.917077774862594,0.8579909352773395,SplineRidge,SplineRidge_2
619,SI_ref_19,MCB,IBU,Ground water,0.9255842902984923,0.9010325694981468,SplineRidge,SplineRidge_2
621,SI_ref_19,MCB,IBU,Ground water,0.9186162384710084,0.8861224974977577,SplineRidge,SplineRidge_2
623,SI_ref_19,MCB,IBU,Ground water,0.9103224686673798,0.8580478188515269,SplineRidge,SplineRidge_2
625,SI_ref_19,MCB,IBU,Ground water,0.9258221154816445,0.9010894710951116,SplineRidge,SplineRidge_2
627,SI_ref_19,MCB,IBU,Ground water,0.921668420582223,0.8861793990947225,SplineRidge,SplineRidge_2
629,SI_ref_19,MCB,IBU,Ground water,0.9150562646500002,0.8581047204484917,SplineRidge,SplineRidge_2
631,SI_ref_19,MCB,IBU,Ground water,0.9296259863973036,0.9011463906507879,SplineRidge,SplineRidge_2
633,SI_ref_19,MCB,IBU,Ground water,0.9216175906678238,0.8862363186503988,SplineRidge,SplineRidge_2
635,SI_ref_19,MCB,IBU,Ground water,0.9188076045934327,0.858161640004168,SplineRidge,SplineRidge_2
698,SI_ref_18,NaOH-activated SCW biochars,IBU,Lake water,0.585296751211726,0.5888837140007155,SplineRidge,SplineRidge_2
700,SI_ref_18,NaOH-activated SCW biochars,IBU,Lake water,0.6304734220526563,0.557280631090032,SplineRidge,SplineRidge_2
702,SI_ref_18,NaOH-activated SCW biochars,IBU,Lake water,0.6077686506314385,0.5194957504761096,SplineRidge,SplineRidge_2
704,SI_ref_18,NaOH-activated SCW biochars,IBU,Lake water,0.6040537723014899,0.485592775549214,SplineRidge,SplineRidge_2
706,SI_ref_18,NaOH-activated SCW biochars,IBU,Lake water,0.6292724453182281,0.4578303930168791,SplineRidge,SplineRidge_2
708,SI_ref_18,NaOH-activated SCW biochars,IBU,Lake water,0.6376478565264503,0.448286251105507,SplineRidge,SplineRidge_2
710,SI_ref_18,NaOH-activated SCW biochars,IBU,Lake water,0.6108673600702487,0.45271618464211716,SplineRidge,SplineRidge_2
712,SI_ref_18,NaOH-activated SCW biochars,IBU,Lake water,0.10371139816269948,0.4758937960128947,SplineRidge,SplineRidge_2
714,SI_ref_18,NaOH-activated SCW biochars,IBU,Lake water,0.46656560236114836,0.4758937960128947,SplineRidge,SplineRidge_2
716,SI_ref_18,NaOH-activated SCW biochars,IBU,Lake water,0.44106817459704084,0.4270820232416509,SplineRidge,SplineRidge_2
718,SI_ref_18,NaOH-activated SCW biochars,IBU,Lake water,0.6893393142281772,0.4908038680132839,SplineRidge,SplineRidge_2
720,SI_ref_18,NaOH-activated SCW biochars,IBU,Lake water,0.621379975330744,0.4758937960128947,SplineRidge,SplineRidge_2
722,SI_ref_18,NaOH-activated SCW biochars,IBU,Lake water,0.6727437787241767,0.4758937960128947,SplineRidge,SplineRidge_2
723,SI_ref_18,NaOH-activated SCW biochars,IBU,Lake water,0.6293605973980515,0.4758937960128947,SplineRidge,SplineRidge_2
724,SI_ref_18,NaOH-activated SCW biochars,IBU,Lake water,0.6573710855713073,0.4758937960128947,SplineRidge,SplineRidge_2
726,SI_ref_18,NaOH-activated SCW biochars,IBU,Lake water,0.6298354173553987,0.4758937960128947,SplineRidge,SplineRidge_2
727,SI_ref_18,NaOH-activated SCW biochars,IBU,Lake water,0.6523803226831055,0.4758937960128947,SplineRidge,SplineRidge_2
728,SI_ref_18,NaOH-activated SCW biochars,IBU,Lake water,0.6378679449532959,0.4758937960128947,SplineRidge,SplineRidge_2
730,SI_ref_18,NaOH-activated SCW biochars,IBU,Lake water,0.627404015064595,0.4758937960128947,SplineRidge,SplineRidge_2
731,SI_ref_18,NaOH-activated SCW biochars,IBU,Lake water,0.6077370696640284,0.4758937960128947,SplineRidge,SplineRidge_2
732,SI_ref_18,NaOH-activated SCW biochars,IBU,Lake water,0.6159420233488258,0.4758937960128947,SplineRidge,SplineRidge_2
734,SI_ref_18,NaOH-activated SCW biochars,IBU,Lake water,0.6074163960354965,0.4758937960128947,SplineRidge,SplineRidge_2
735,SI_ref_18,NaOH-activated SCW biochars,IBU,Lake water,0.6146046840259546,0.4758937960128947,SplineRidge,SplineRidge_2
736,SI_ref_18,NaOH-activated SCW biochars,IBU,Lake water,0.6281995086504742,0.4758937960128947,SplineRidge,SplineRidge_2
738,SI_ref_18,NaOH-activated SCW biochars,IBU,Lake water,0.6298527247859258,0.4758937960128947,SplineRidge,SplineRidge_2
739,SI_ref_18,NaOH-activated SCW biochars,IBU,Lake water,0.576999656444263,0.4758937960128947,SplineRidge,SplineRidge_2
740,SI_ref_18,NaOH-activated SCW biochars,IBU,Lake water,0.5791171913994386,0.4758937960128947,SplineRidge,SplineRidge_2
742,SI_ref_18,NaOH-activated SCW biochars,IBU,Lake water,0.5786725135963804,0.4758937960128947,SplineRidge,SplineRidge_2
743,SI_ref_18,NaOH-activated SCW biochars,IBU,Lake water,0.6233870058145189,0.4758937960128947,SplineRidge,SplineRidge_2
744,SI_ref_18,NaOH-activated SCW biochars,IBU,Lake water,0.5944978576382812,0.4758937960128947,SplineRidge,SplineRidge_2
745,SI_ref_18,NaOH-activated SCW biochars,IBU,Lake water,0.5630080357470825,0.4478191173666639,SplineRidge,SplineRidge_2
747,SI_ref_18,NaOH-activated SCW biochars,IBU,Lake water,0.6846241766923425,0.5175343876744273,SplineRidge,SplineRidge_2
749,SI_ref_18,NaOH-activated SCW biochars,IBU,Lake water,0.744908980376152,0.4970154584644567,SplineRidge,SplineRidge_2
751,SI_ref_18,NaOH-activated SCW biochars,IBU,Lake water,0.6869669848084122,0.4758937960128947,SplineRidge,SplineRidge_2
753,SI_ref_18,NaOH-activated SCW biochars,IBU,Lake water,0.7932075459644551,0.4758937960128947,SplineRidge,SplineRidge_2
852,SI_ref_13,PB600,CBZ,Synthetic,0.5776772247360483,0.6872185962301403,SplineRidge,SplineRidge_2
853,SI_ref_13,PB600,CBZ,Synthetic,0.5656108597285068,0.6556155133194568,SplineRidge,SplineRidge_2
854,SI_ref_13,PB600,CBZ,Synthetic,0.5475113122171945,0.6178306327055343,SplineRidge,SplineRidge_2
855,SI_ref_13,PB600,CBZ,Synthetic,0.4479638009049774,0.5973621311420799,SplineRidge,SplineRidge_2
856,SI_ref_13,PB600,CBZ,Synthetic,0.45098039215686275,0.566877447722015,SplineRidge,SplineRidge_2
857,SI_ref_13,PB600,CBZ,Synthetic,0.42684766214177977,0.5521125754079653,SplineRidge,SplineRidge_2
858,SI_ref_13,PB600,CBZ,Synthetic,0.32437120555073723,0.5466211333349318,SplineRidge,SplineRidge_2
859,SI_ref_13,PB600,CBZ,Synthetic,0.4773489932885906,0.561531205335321,SplineRidge,SplineRidge_2
860,SI_ref_13,PB600,CBZ,Synthetic,0.4437372714068248,0.5466211333349318,SplineRidge,SplineRidge_2
861,SI_ref_13,PB600,CBZ,Synthetic,0.35791881074899945,0.5466211333349318,SplineRidge,SplineRidge_2
862,SI_ref_13,PB600,CBZ,Synthetic,0.32426715019643393,0.5466211333349318,SplineRidge,SplineRidge_2
863,SI_ref_13,PB600,CBZ,Synthetic,0.24055829228243014,0.5466211333349318,SplineRidge,SplineRidge_2
864,SI_ref_13,PB600,CBZ,Synthetic,0.44839549002601903,0.5185464546887009,SplineRidge,SplineRidge_2
865,SI_ref_13,PB600,CBZ,Synthetic,0.5528523489932886,0.4934562545711607,SplineRidge,SplineRidge_2
866,SI_ref_13,PB600,CBZ,Synthetic,0.5653368025440879,0.5466211333349318,SplineRidge,SplineRidge_2
867,SI_ref_13,PB600,CBZ,Synthetic,0.6235906331309627,0.5466211333349318,SplineRidge,SplineRidge_2
868,SI_ref_13,PB600,CBZ,Synthetic,0.6991037872217403,0.5466211333349318,SplineRidge,SplineRidge_2
869,SI_ref_13,PB600,CBZ,Synthetic,0.7401395944327428,0.5466211333349318,SplineRidge,SplineRidge_2
870,SI_ref_13,PB600,CBZ,Synthetic,0.8642533936651583,0.5742286782423195,SplineRidge,SplineRidge_2
871,SI_ref_13,PB600,CBZ,Synthetic,0.6953242835595775,0.5742286782423195,SplineRidge,SplineRidge_2
872,SI_ref_13,PB600,CBZ,Synthetic,0.4479638009049774,0.5742286782423195,SplineRidge,SplineRidge_2
873,SI_ref_13,PB600,CBZ,Synthetic,0.36651583710407243,0.5742286782423195,SplineRidge,SplineRidge_2
874,SI_ref_13,PB600,CBZ,Synthetic,0.248868778280543,0.5742286782423195,SplineRidge,SplineRidge_2
898,SI_ref_13,PB600,CBZ,Synthetic,0.244663382594417,0.5466211333349318,SplineRidge,SplineRidge_2
899,SI_ref_13,PB800,CBZ,Synthetic,0.27061079156395507,0.46126977252107193,SplineRidge,SplineRidge_2
900,SI_ref_13,PB800,CBZ,Synthetic,0.22678718159408381,0.42966668961038845,SplineRidge,SplineRidge_2
901,SI_ref_13,PB800,CBZ,Synthetic,0.18844152287044644,0.39188180899646596,SplineRidge,SplineRidge_2
902,SI_ref_13,PB800,CBZ,Synthetic,0.17748562037797863,0.3714133074330116,SplineRidge,SplineRidge_2
903,SI_ref_13,PB800,CBZ,Synthetic,0.16379074226239385,0.34092862401294666,SplineRidge,SplineRidge_2
904,SI_ref_13,PB800,CBZ,Synthetic,0.155573815393043,0.32616375169889694,SplineRidge,SplineRidge_2
905,SI_ref_13,PB800,CBZ,Synthetic,0.08520900321543408,0.32067230962586335,SplineRidge,SplineRidge_2
906,SI_ref_13,PB800,CBZ,Synthetic,0.16135346756152125,0.3355823816262526,SplineRidge,SplineRidge_2
907,SI_ref_13,PB800,CBZ,Synthetic,0.1561792870827899,0.32067230962586335,SplineRidge,SplineRidge_2
908,SI_ref_13,PB800,CBZ,Synthetic,0.13676633444075306,0.32067230962586335,SplineRidge,SplineRidge_2
909,SI_ref_13,PB800,CBZ,Synthetic,0.1002310803004044,0.32067230962586335,SplineRidge,SplineRidge_2
910,SI_ref_13,PB800,CBZ,Synthetic,0.04322336667164253,0.32067230962586335,SplineRidge,SplineRidge_2
911,SI_ref_13,PB800,CBZ,Synthetic,0.20609619686800895,0.29259763097963254,SplineRidge,SplineRidge_2
912,SI_ref_13,PB800,CBZ,Synthetic,0.1865212527964206,0.26750743086209233,SplineRidge,SplineRidge_2
913,SI_ref_13,PB800,CBZ,Synthetic,0.28121650589496244,0.32067230962586335,SplineRidge,SplineRidge_2
914,SI_ref_13,PB800,CBZ,Synthetic,0.36611289746337977,0.32067230962586335,SplineRidge,SplineRidge_2
915,SI_ref_13,PB800,CBZ,Synthetic,0.5117363344051448,0.32067230962586335,SplineRidge,SplineRidge_2
916,SI_ref_13,PB800,CBZ,Synthetic,0.5707012708620426,0.32067230962586335,SplineRidge,SplineRidge_2
917,SI_ref_13,PB800,CBZ,Synthetic,0.5791052918712493,0.34827985453325117,SplineRidge,SplineRidge_2
918,SI_ref_13,PB800,CBZ,Synthetic,0.30905619203491547,0.34827985453325117,SplineRidge,SplineRidge_2
919,SI_ref_13,PB800,CBZ,Synthetic,0.16448445171849424,0.34827985453325117,SplineRidge,SplineRidge_2
920,SI_ref_13,PB800,CBZ,Synthetic,0.12460736493062231,0.34827985453325117,SplineRidge,SplineRidge_2
921,SI_ref_13,PB800,CBZ,Synthetic,0.08265139116202945,0.34827985453325117,SplineRidge,SplineRidge_2
987,SI_ref_15,PSB,TEB,Synthetic,0.9529494921755761,0.8138767084439515,SplineRidge,SplineRidge_2
988,SI_ref_15,PSB,TEB,Synthetic,0.9422238246841239,0.7822736255332681,SplineRidge,SplineRidge_2
989,SI_ref_15,PSB,TEB,Synthetic,0.9297851778252496,0.7444887449193457,SplineRidge,SplineRidge_2
990,SI_ref_15,PSB,TEB,Synthetic,0.9225192311101157,0.71058576999245,SplineRidge,SplineRidge_2
991,SI_ref_15,PSB,TEB,Synthetic,0.920805363267918,0.6828233874601152,SplineRidge,SplineRidge_2
992,SI_ref_15,PSB,TEB,Synthetic,0.9178876121047361,0.6732792455487431,SplineRidge,SplineRidge_2
993,SI_ref_15,PSB,TEB,Synthetic,0.9171857170319854,0.6777091790853532,SplineRidge,SplineRidge_2
994,SI_ref_15,PSB,TEB,Synthetic,0.9362126098667423,0.7008867904561308,SplineRidge,SplineRidge_2
995,SI_ref_15,PSB,TEB,Synthetic,0.9575716949823408,0.7008867904561308,SplineRidge,SplineRidge_2
996,SI_ref_15,PSB,TEB,Synthetic,0.9144403299752767,0.7008867904561308,SplineRidge,SplineRidge_2
997,SI_ref_15,PSB,TEB,Synthetic,0.9131362601666559,0.7008867904561308,SplineRidge,SplineRidge_2
998,SI_ref_15,PSB,TEB,Synthetic,0.9073783566890704,0.7008867904561308,SplineRidge,SplineRidge_2
999,SI_ref_15,PSB,TEB,Synthetic,0.8610942615965279,0.7008867904561308,SplineRidge,SplineRidge_2
1000,SI_ref_15,PSB,TEB,Synthetic,0.8714762044822667,0.7008867904561308,SplineRidge,SplineRidge_2
1001,SI_ref_15,PSB,TEB,Synthetic,0.8650362109004135,0.7008867904561308,SplineRidge,SplineRidge_2
1002,SI_ref_15,PSB,TEB,Synthetic,0.9441016733966956,0.7008867904561308,SplineRidge,SplineRidge_2
1003,SI_ref_15,PSB,TEB,Synthetic,0.952584477756588,0.7008867904561308,SplineRidge,SplineRidge_2
1004,SI_ref_15,PSB,TEB,Synthetic,0.9589909115585907,0.7008867904561308,SplineRidge,SplineRidge_2
1005,SI_ref_15,PSB,TEB,Synthetic,0.9629553594597028,0.7008867904561308,SplineRidge,SplineRidge_2
1052,SI_ref_15,PSBOX-A,TEB,Synthetic,0.5158767649493458,0.10411679274355223,SplineRidge,SplineRidge_2
1053,SI_ref_15,PSBOX-A,TEB,Synthetic,0.41210379963008376,0.0725137098328692,SplineRidge,SplineRidge_2
1054,SI_ref_15,PSBOX-A,TEB,Synthetic,0.30623403384032577,0.0347288292189466,SplineRidge,SplineRidge_2
1055,SI_ref_15,PSBOX-A,TEB,Synthetic,0.21283845390046752,0.0008258542920509537,SplineRidge,SplineRidge_2
1056,SI_ref_15,PSBOX-A,TEB,Synthetic,0.12421842587964138,-0.02693652824028392,SplineRidge,SplineRidge_2
1057,SI_ref_15,PSBOX-A,TEB,Synthetic,0.09371708683213013,-0.036480670151656014,SplineRidge,SplineRidge_2
1058,SI_ref_15,PSBOX-A,TEB,Synthetic,0.07890621232231329,-0.03205073661504587,SplineRidge,SplineRidge_2
1059,SI_ref_15,PSBOX-A,TEB,Synthetic,0.07277962857952934,-0.00887312524426831,SplineRidge,SplineRidge_2
1060,SI_ref_15,PSBOX-A,TEB,Synthetic,0.5073983287736047,-0.09330097107743929,SplineRidge,SplineRidge_2
1061,SI_ref_15,PSBOX-A,TEB,Synthetic,0.5163778457532948,0.006036946756120876,SplineRidge,SplineRidge_2
1062,SI_ref_15,PSBOX-A,TEB,Synthetic,0.5077105405964751,-0.00887312524426831,SplineRidge,SplineRidge_2
1063,SI_ref_15,PSBOX-A,TEB,Synthetic,0.058828707349529885,-0.00887312524426831,SplineRidge,SplineRidge_2
1064,SI_ref_15,PSBOX-A,TEB,Synthetic,0.4930488637978448,-0.03694780389049923,SplineRidge,SplineRidge_2
1065,SI_ref_15,PSBOX-A,TEB,Synthetic,0.5160089507499187,0.012248537207293686,SplineRidge,SplineRidge_2
1066,SI_ref_15,PSBOX-A,TEB,Synthetic,0.07083175356135256,-0.00887312524426831,SplineRidge,SplineRidge_2
1067,SI_ref_15,PSBOX-A,TEB,Synthetic,0.051172794584274484,-0.00887312524426831,SplineRidge,SplineRidge_2
1068,SI_ref_15,PSBOX-A,TEB,Synthetic,0.04750722464731311,-0.00887312524426831,SplineRidge,SplineRidge_2
1069,SI_ref_15,PSBOX-A,TEB,Synthetic,0.04108376658313895,-0.00887312524426831,SplineRidge,SplineRidge_2
1070,SI_ref_15,PSBOX-A,TEB,Synthetic,0.04527670142322688,-0.00887312524426831,SplineRidge,SplineRidge_2
1071,SI_ref_15,PSBOX-A,TEB,Synthetic,0.04243318293660387,-0.00887312524426831,SplineRidge,SplineRidge_2
1072,SI_ref_15,PSBOX-A,TEB,Synthetic,0.09409506092292502,-0.00887312524426831,SplineRidge,SplineRidge_2
1073,SI_ref_15,PSBOX-A,TEB,Synthetic,0.28314921751011557,-0.00887312524426831,SplineRidge,SplineRidge_2
1074,SI_ref_15,PSBOX-A,TEB,Synthetic,0.44223994246690523,-0.00887312524426831,SplineRidge,SplineRidge_2
1075,SI_ref_15,PSBOX-A,TEB,Synthetic,0.5102144207532882,-0.00887312524426831,SplineRidge,SplineRidge_2
1077,SI_ref_17,Pristine SCG biochar,CBZ,Synthetic,0.9431980957558961,0.9327247344246377,SplineRidge,SplineRidge_2
1079,SI_ref_17,Pristine SCG biochar,CBZ,Synthetic,0.9360319849357849,0.9011216515139542,SplineRidge,SplineRidge_2
1081,SI_ref_17,Pristine SCG biochar,CBZ,Synthetic,0.9307104448319532,0.8428682693365774,SplineRidge,SplineRidge_2
1083,SI_ref_17,Pristine SCG biochar,CBZ,Synthetic,0.9258716624342764,0.8123835859165125,SplineRidge,SplineRidge_2
1085,SI_ref_17,Pristine SCG biochar,CBZ,Synthetic,0.9157118703628806,0.7976187136024628,SplineRidge,SplineRidge_2
1087,SI_ref_17,Pristine SCG biochar,CBZ,Synthetic,0.9147137334986508,0.7921272715294294,SplineRidge,SplineRidge_2
1089,SI_ref_17,Pristine SCG biochar,CBZ,Synthetic,0.9138427672538969,0.7965572050660396,SplineRidge,SplineRidge_2
1091,SI_ref_17,Pristine SCG biochar,CBZ,Synthetic,0.8932130468798682,0.7353069706036461,SplineRidge,SplineRidge_2
1093,SI_ref_17,Pristine SCG biochar,CBZ,Synthetic,0.9247624360467385,0.8197348164368171,SplineRidge,SplineRidge_2
1095,SI_ref_17,Pristine SCG biochar,CBZ,Synthetic,0.9071706166070994,0.8197348164368171,SplineRidge,SplineRidge_2
1097,SI_ref_17,Pristine SCG biochar,CBZ,Synthetic,0.908534541255576,0.8197348164368171,SplineRidge,SplineRidge_2
1099,SI_ref_17,Pristine SCG biochar,CBZ,Synthetic,0.903895578148675,0.8197348164368171,SplineRidge,SplineRidge_2
1101,SI_ref_17,Pristine SCG biochar,CBZ,Synthetic,0.9071468090110305,0.8197348164368171,SplineRidge,SplineRidge_2
1103,SI_ref_17,Pristine SCG biochar,CBZ,Synthetic,0.890879570190962,0.8197348164368171,SplineRidge,SplineRidge_2
1105,SI_ref_17,Pristine SCG biochar,CBZ,Synthetic,0.8806314346444372,0.8408564788883791,SplineRidge,SplineRidge_2
1107,SI_ref_17,Pristine SCG biochar,CBZ,Synthetic,0.9289062306369882,0.8197348164368171,SplineRidge,SplineRidge_2
1109,SI_ref_17,Pristine SCG biochar,CBZ,Synthetic,0.9261272699552149,0.8197348164368171,SplineRidge,SplineRidge_2
1111,SI_ref_17,Pristine SCG biochar,CBZ,Synthetic,0.9403460613803251,0.8197348164368171,SplineRidge,SplineRidge_2
1113,SI_ref_17,Pristine SCG biochar,CBZ,Synthetic,0.9373850128799738,0.8197348164368171,SplineRidge,SplineRidge_2
1115,SI_ref_17,Pristine SCG biochar,CBZ,Synthetic,0.925161257978969,0.8197348164368171,SplineRidge,SplineRidge_2
1253,SI_ref_18,Pristine SCW Biochar,IBU,Lake water,0.9264336848996528,1.0805531144739111,SplineRidge,SplineRidge_2
1255,SI_ref_18,Pristine SCW Biochar,IBU,Lake water,0.9179334532144726,1.0489500315632276,SplineRidge,SplineRidge_2
1257,SI_ref_18,Pristine SCW Biochar,IBU,Lake water,0.916180999264559,1.0111651509493054,SplineRidge,SplineRidge_2
1259,SI_ref_18,Pristine SCW Biochar,IBU,Lake water,0.9235678454978681,0.9772621760224096,SplineRidge,SplineRidge_2
1261,SI_ref_18,Pristine SCW Biochar,IBU,Lake water,0.9285970293283682,0.9494997934900749,SplineRidge,SplineRidge_2
1263,SI_ref_18,Pristine SCW Biochar,IBU,Lake water,0.9209592404126973,0.9399556515787028,SplineRidge,SplineRidge_2
1265,SI_ref_18,Pristine SCW Biochar,IBU,Lake water,0.9279432945207517,0.9443855851153129,SplineRidge,SplineRidge_2
1269,SI_ref_18,Pristine SCW Biochar,IBU,Lake water,0.8974085452250303,0.9187514237148469,SplineRidge,SplineRidge_2
1271,SI_ref_18,Pristine SCW Biochar,IBU,Lake water,0.9239929387412031,0.9824732684864796,SplineRidge,SplineRidge_2
1273,SI_ref_18,Pristine SCW Biochar,IBU,Lake water,0.9256303580479686,0.9675631964860905,SplineRidge,SplineRidge_2
1275,SI_ref_18,Pristine SCW Biochar,IBU,Lake water,0.9240446881745522,0.9675631964860905,SplineRidge,SplineRidge_2
1276,SI_ref_18,Pristine SCW Biochar,IBU,Lake water,0.9283922239724117,0.9675631964860905,SplineRidge,SplineRidge_2
1277,SI_ref_18,Pristine SCW Biochar,IBU,Lake water,0.9240711354841218,0.9675631964860905,SplineRidge,SplineRidge_2
1279,SI_ref_18,Pristine SCW Biochar,IBU,Lake water,0.9204127206373283,0.9675631964860905,SplineRidge,SplineRidge_2
1280,SI_ref_18,Pristine SCW Biochar,IBU,Lake water,0.9185968665123906,0.9675631964860905,SplineRidge,SplineRidge_2
1281,SI_ref_18,Pristine SCW Biochar,IBU,Lake water,0.9182954449695013,0.9675631964860905,SplineRidge,SplineRidge_2
1283,SI_ref_18,Pristine SCW Biochar,IBU,Lake water,0.9158900362354069,0.9675631964860905,SplineRidge,SplineRidge_2
1284,SI_ref_18,Pristine SCW Biochar,IBU,Lake water,0.9125854189759445,0.9675631964860905,SplineRidge,SplineRidge_2
1285,SI_ref_18,Pristine SCW Biochar,IBU,Lake water,0.9175495400890653,0.9675631964860905,SplineRidge,SplineRidge_2
1287,SI_ref_18,Pristine SCW Biochar,IBU,Lake water,0.9120226357855434,0.9675631964860905,SplineRidge,SplineRidge_2
1288,SI_ref_18,Pristine SCW Biochar,IBU,Lake water,0.9131050308227836,0.9675631964860905,SplineRidge,SplineRidge_2
1289,SI_ref_18,Pristine SCW Biochar,IBU,Lake water,0.91141920930323,0.9675631964860905,SplineRidge,SplineRidge_2
1291,SI_ref_18,Pristine SCW Biochar,IBU,Lake water,0.9068652159539504,0.9675631964860905,SplineRidge,SplineRidge_2
1292,SI_ref_18,Pristine SCW Biochar,IBU,Lake water,0.9091226364337618,0.9675631964860905,SplineRidge,SplineRidge_2
1293,SI_ref_18,Pristine SCW Biochar,IBU,Lake water,0.9067682424855283,0.9675631964860905,SplineRidge,SplineRidge_2
1295,SI_ref_18,Pristine SCW Biochar,IBU,Lake water,0.9027540853962883,0.9675631964860905,SplineRidge,SplineRidge_2
1296,SI_ref_18,Pristine SCW Biochar,IBU,Lake water,0.9025373859945938,0.9675631964860905,SplineRidge,SplineRidge_2
1297,SI_ref_18,Pristine SCW Biochar,IBU,Lake water,0.9026152370210476,0.9675631964860905,SplineRidge,SplineRidge_2
1298,SI_ref_18,Pristine SCW Biochar,IBU,Lake water,0.9219347373743266,0.9394885178398595,SplineRidge,SplineRidge_2
1300,SI_ref_18,Pristine SCW Biochar,IBU,Lake water,0.9277221749920567,1.009203788147623,SplineRidge,SplineRidge_2
1302,SI_ref_18,Pristine SCW Biochar,IBU,Lake water,0.9340257796823453,0.9886848589376527,SplineRidge,SplineRidge_2
2,SI_ref_19,AMCB,IBU,Ground water,0.6563767477253929,0.6424682140350342,XGBoost,XGBoost_2
4,SI_ref_19,AMCB,IBU,Ground water,0.5414154110835401,0.5309211015701294,XGBoost,XGBoost_2
6,SI_ref_19,AMCB,IBU,Ground water,0.39819987427626136,0.4558674097061157,XGBoost,XGBoost_2
8,SI_ref_19,AMCB,IBU,Ground water,0.3426557088502895,0.40451058745384216,XGBoost,XGBoost_2
10,SI_ref_19,AMCB,IBU,Ground water,0.3352626765922249,0.3761664628982544,XGBoost,XGBoost_2
12,SI_ref_19,AMCB,IBU,Ground water,0.33078034739454093,0.35842880606651306,XGBoost,XGBoost_2
14,SI_ref_19,AMCB,IBU,Ground water,0.3305497038875103,0.357165664434433,XGBoost,XGBoost_2
16,SI_ref_19,AMCB,IBU,Ground water,0.029204625724030753,0.2859530448913574,XGBoost,XGBoost_2
18,SI_ref_19,AMCB,IBU,Ground water,0.005264283840238958,0.26597529649734497,XGBoost,XGBoost_2
20,SI_ref_19,AMCB,IBU,Ground water,0.0023766372681587895,0.19472073018550873,XGBoost,XGBoost_2
22,SI_ref_19,AMCB,IBU,Ground water,0.32926049296939613,0.26597529649734497,XGBoost,XGBoost_2
24,SI_ref_19,AMCB,IBU,Ground water,0.19832193047959257,0.35710597038269043,XGBoost,XGBoost_2
26,SI_ref_19,AMCB,IBU,Ground water,0.1894672613641715,0.3329356610774994,XGBoost,XGBoost_2
28,SI_ref_19,AMCB,IBU,Ground water,0.1528746627917146,0.30200695991516113,XGBoost,XGBoost_2
30,SI_ref_19,AMCB,IBU,Ground water,0.3449761650083755,0.4099331796169281,XGBoost,XGBoost_2
32,SI_ref_19,AMCB,IBU,Ground water,0.30765270742093687,0.38177022337913513,XGBoost,XGBoost_2
34,SI_ref_19,AMCB,IBU,Ground water,0.303030777614079,0.3773885667324066,XGBoost,XGBoost_2
36,SI_ref_19,AMCB,IBU,Ground water,0.41496556078686897,0.4857134521007538,XGBoost,XGBoost_2
38,SI_ref_19,AMCB,IBU,Ground water,0.3766264851820565,0.46104639768600464,XGBoost,XGBoost_2
40,SI_ref_19,AMCB,IBU,Ground water,0.38956403906090076,0.4560421407222748,XGBoost,XGBoost_2
42,SI_ref_19,AMCB,IBU,Ground water,0.5182383095521604,0.5016484260559082,XGBoost,XGBoost_2
44,SI_ref_19,AMCB,IBU,Ground water,0.5024496962602676,0.47698134183883667,XGBoost,XGBoost_2
46,SI_ref_19,AMCB,IBU,Ground water,0.48210720700720494,0.4719770550727844,XGBoost,XGBoost_2
48,SI_ref_19,AMCB,IBU,Ground water,0.03338351934448727,0.22400300204753876,XGBoost,XGBoost_2
50,SI_ref_19,AMCB,IBU,Ground water,0.0,0.19831520318984985,XGBoost,XGBoost_2
52,SI_ref_19,AMCB,IBU,Ground water,0.003531050071646246,0.18132588267326355,XGBoost,XGBoost_2
54,SI_ref_19,AMCB,IBU,Ground water,0.19999798179579809,0.3320760726928711,XGBoost,XGBoost_2
56,SI_ref_19,AMCB,IBU,Ground water,0.17260220522445793,0.306388258934021,XGBoost,XGBoost_2
58,SI_ref_19,AMCB,IBU,Ground water,0.15656878376287445,0.2893989086151123,XGBoost,XGBoost_2
60,SI_ref_19,AMCB,IBU,Ground water,0.3457359785263073,0.42069458961486816,XGBoost,XGBoost_2
62,SI_ref_19,AMCB,IBU,Ground water,0.32626934953278575,0.3979346454143524,XGBoost,XGBoost_2
64,SI_ref_19,AMCB,IBU,Ground water,0.3258728934993643,0.38094526529312134,XGBoost,XGBoost_2
66,SI_ref_19,AMCB,IBU,Ground water,0.4885549946229274,0.487297922372818,XGBoost,XGBoost_2
68,SI_ref_19,AMCB,IBU,Ground water,0.39885279506866217,0.46453797817230225,XGBoost,XGBoost_2
70,SI_ref_19,AMCB,IBU,Ground water,0.42188356115014575,0.44754862785339355,XGBoost,XGBoost_2
72,SI_ref_19,AMCB,IBU,Ground water,0.5107350299703324,0.5110486745834351,XGBoost,XGBoost_2
74,SI_ref_19,AMCB,IBU,Ground water,0.5226317382792791,0.4882890284061432,XGBoost,XGBoost_2
76,SI_ref_19,AMCB,IBU,Ground water,0.4945842701164504,0.4712996482849121,XGBoost,XGBoost_2
78,SI_ref_19,AMCB,IBU,Ground water,0.025848755777109534,0.23261405527591705,XGBoost,XGBoost_2
80,SI_ref_19,AMCB,IBU,Ground water,0.008169690609295848,0.2098541408777237,XGBoost,XGBoost_2
82,SI_ref_19,AMCB,IBU,Ground water,0.0,0.19286485016345978,XGBoost,XGBoost_2
84,SI_ref_19,AMCB,IBU,Ground water,0.2007202298061851,0.30194687843322754,XGBoost,XGBoost_2
86,SI_ref_19,AMCB,IBU,Ground water,0.16952726930244136,0.27840813994407654,XGBoost,XGBoost_2
88,SI_ref_19,AMCB,IBU,Ground water,0.14747637019246942,0.26141875982284546,XGBoost,XGBoost_2
90,SI_ref_19,AMCB,IBU,Ground water,0.34008395729479907,0.4389727711677551,XGBoost,XGBoost_2
92,SI_ref_19,AMCB,IBU,Ground water,0.32813530040969546,0.4264601767063141,XGBoost,XGBoost_2
94,SI_ref_19,AMCB,IBU,Ground water,0.3191737471997417,0.4094708263874054,XGBoost,XGBoost_2
96,SI_ref_19,AMCB,IBU,Ground water,0.45590621693388655,0.4970826506614685,XGBoost,XGBoost_2
98,SI_ref_19,AMCB,IBU,Ground water,0.4386715603313315,0.47467750310897827,XGBoost,XGBoost_2
100,SI_ref_19,AMCB,IBU,Ground water,0.4136227630368784,0.4744621217250824,XGBoost,XGBoost_2
102,SI_ref_19,AMCB,IBU,Ground water,0.15909620069601668,0.26526179909706116,XGBoost,XGBoost_2
104,SI_ref_19,AMCB,IBU,Ground water,0.32070040208616674,0.49493512511253357,XGBoost,XGBoost_2
106,SI_ref_19,AMCB,IBU,Ground water,0.3644459510905023,0.507455587387085,XGBoost,XGBoost_2
108,SI_ref_19,AMCB,IBU,Ground water,0.46356787238707886,0.5085644721984863,XGBoost,XGBoost_2
110,SI_ref_19,AMCB,IBU,Ground water,0.5205305455205957,0.524480402469635,XGBoost,XGBoost_2
112,SI_ref_19,AMCB,IBU,Ground water,0.5464029950150356,0.49493512511253357,XGBoost,XGBoost_2
114,SI_ref_19,AMCB,IBU,Ground water,0.48301499525722014,0.49889206886291504,XGBoost,XGBoost_2
117,SI_ref_17,Alkali-modified SCG biochars,CBZ,Synthetic,0.12103690777624292,0.26124152541160583,XGBoost,XGBoost_2
119,SI_ref_17,Alkali-modified SCG biochars,CBZ,Synthetic,0.0701486117179634,0.21612635254859924,XGBoost,XGBoost_2
121,SI_ref_17,Alkali-modified SCG biochars,CBZ,Synthetic,0.050188840370859876,0.11538536846637726,XGBoost,XGBoost_2
123,SI_ref_17,Alkali-modified SCG biochars,CBZ,Synthetic,0.033003190610721066,0.11219048500061035,XGBoost,XGBoost_2
125,SI_ref_17,Alkali-modified SCG biochars,CBZ,Synthetic,0.03511734337104713,0.10776065289974213,XGBoost,XGBoost_2
127,SI_ref_17,Alkali-modified SCG biochars,CBZ,Synthetic,0.03195287629892775,0.1271161437034607,XGBoost,XGBoost_2
129,SI_ref_17,Alkali-modified SCG biochars,CBZ,Synthetic,0.03449328813829176,0.1271161437034607,XGBoost,XGBoost_2
132,SI_ref_17,Alkali-modified SCG biochars,CBZ,Synthetic,0.041716779164719504,0.21714702248573303,XGBoost,XGBoost_2
134,SI_ref_17,Alkali-modified SCG biochars,CBZ,Synthetic,0.00635796336582959,0.21714702248573303,XGBoost,XGBoost_2
136,SI_ref_17,Alkali-modified SCG biochars,CBZ,Synthetic,0.011730609548845337,0.21714702248573303,XGBoost,XGBoost_2
138,SI_ref_17,Alkali-modified SCG biochars,CBZ,Synthetic,0.01988738850164665,0.21714702248573303,XGBoost,XGBoost_2
140,SI_ref_17,Alkali-modified SCG biochars,CBZ,Synthetic,0.006132526431344026,0.21714702248573303,XGBoost,XGBoost_2
142,SI_ref_17,Alkali-modified SCG biochars,CBZ,Synthetic,0.007712590639419909,0.21714702248573303,XGBoost,XGBoost_2
145,SI_ref_17,Alkali-modified SCG biochars,CBZ,Synthetic,0.10268999927349255,0.21714702248573303,XGBoost,XGBoost_2
147,SI_ref_17,Alkali-modified SCG biochars,CBZ,Synthetic,0.14439822919669368,0.21714702248573303,XGBoost,XGBoost_2
149,SI_ref_17,Alkali-modified SCG biochars,CBZ,Synthetic,0.34003506921741083,0.21714702248573303,XGBoost,XGBoost_2
151,SI_ref_17,Alkali-modified SCG biochars,CBZ,Synthetic,0.4516798693491866,0.21714702248573303,XGBoost,XGBoost_2
153,SI_ref_17,Alkali-modified SCG biochars,CBZ,Synthetic,0.5612135486607656,0.21714702248573303,XGBoost,XGBoost_2
282,SI_ref_19,CB,IBU,Ground water,0.9280102961124896,0.9413538575172424,XGBoost,XGBoost_2
284,SI_ref_19,CB,IBU,Ground water,0.9242732043010754,0.9353672862052917,XGBoost,XGBoost_2
286,SI_ref_19,CB,IBU,Ground water,0.9218881323407775,0.9327282905578613,XGBoost,XGBoost_2
288,SI_ref_19,CB,IBU,Ground water,0.9215853366418528,0.932172417640686,XGBoost,XGBoost_2
290,SI_ref_19,CB,IBU,Ground water,0.9207959503722085,0.929736852645874,XGBoost,XGBoost_2
292,SI_ref_19,CB,IBU,Ground water,0.9207361323407776,0.9300283193588257,XGBoost,XGBoost_2
294,SI_ref_19,CB,IBU,Ground water,0.9206762613730356,0.9254887104034424,XGBoost,XGBoost_2
296,SI_ref_19,CB,IBU,Ground water,0.9945207101387852,0.9391727447509766,XGBoost,XGBoost_2
298,SI_ref_19,CB,IBU,Ground water,0.9765877548823724,0.9229477047920227,XGBoost,XGBoost_2
300,SI_ref_19,CB,IBU,Ground water,0.9595058090644278,0.9228658080101013,XGBoost,XGBoost_2
302,SI_ref_19,CB,IBU,Ground water,0.9409019130333385,0.9391727447509766,XGBoost,XGBoost_2
304,SI_ref_19,CB,IBU,Ground water,0.9323428884090048,0.9229477047920227,XGBoost,XGBoost_2
306,SI_ref_19,CB,IBU,Ground water,0.9259231602386863,0.9228658080101013,XGBoost,XGBoost_2
308,SI_ref_19,CB,IBU,Ground water,0.8753590996713628,0.897290050983429,XGBoost,XGBoost_2
310,SI_ref_19,CB,IBU,Ground water,0.9341230700922319,0.9391727447509766,XGBoost,XGBoost_2
312,SI_ref_19,CB,IBU,Ground water,0.9234390298948024,0.9229477047920227,XGBoost,XGBoost_2
314,SI_ref_19,CB,IBU,Ground water,0.917590560186213,0.9228658080101013,XGBoost,XGBoost_2
316,SI_ref_19,CB,IBU,Ground water,0.9236132062907854,0.9422298073768616,XGBoost,XGBoost_2
318,SI_ref_19,CB,IBU,Ground water,0.9231865295080666,0.9508230090141296,XGBoost,XGBoost_2
320,SI_ref_19,CB,IBU,Ground water,0.9303445651202417,0.9391727447509766,XGBoost,XGBoost_2
322,SI_ref_19,CB,IBU,Ground water,0.923151204819856,0.9229477047920227,XGBoost,XGBoost_2
324,SI_ref_19,CB,IBU,Ground water,0.9175260660683171,0.9228658080101013,XGBoost,XGBoost_2
326,SI_ref_19,CB,IBU,Ground water,0.9318432124429017,0.9391727447509766,XGBoost,XGBoost_2
328,SI_ref_19,CB,IBU,Ground water,0.9241489703794897,0.9229477047920227,XGBoost,XGBoost_2
330,SI_ref_19,CB,IBU,Ground water,0.9174641264203113,0.9228658080101013,XGBoost,XGBoost_2
523,SI_ref_19,MCB,IBU,Ground water,0.9264289561621175,0.9326372146606445,XGBoost,XGBoost_2
525,SI_ref_19,MCB,IBU,Ground water,0.9196854524400332,0.9291148781776428,XGBoost,XGBoost_2
527,SI_ref_19,MCB,IBU,Ground water,0.9178832092638545,0.9243883490562439,XGBoost,XGBoost_2
529,SI_ref_19,MCB,IBU,Ground water,0.9177463688999173,0.9260788559913635,XGBoost,XGBoost_2
531,SI_ref_19,MCB,IBU,Ground water,0.9177232092638544,0.9142950773239136,XGBoost,XGBoost_2
533,SI_ref_19,MCB,IBU,Ground water,0.9175379321753515,0.9050098657608032,XGBoost,XGBoost_2
535,SI_ref_19,MCB,IBU,Ground water,0.9173856344086023,0.9034953117370605,XGBoost,XGBoost_2
537,SI_ref_19,MCB,IBU,Ground water,0.9902068659306948,0.9414395689964294,XGBoost,XGBoost_2
539,SI_ref_19,MCB,IBU,Ground water,0.9708228218531151,0.9286465048789978,XGBoost,XGBoost_2
541,SI_ref_19,MCB,IBU,Ground water,0.9483485035015843,0.9171294569969177,XGBoost,XGBoost_2
543,SI_ref_19,MCB,IBU,Ground water,0.9173115500413566,0.9286465048789978,XGBoost,XGBoost_2
545,SI_ref_19,MCB,IBU,Ground water,0.9358359065436908,0.9393829107284546,XGBoost,XGBoost_2
547,SI_ref_19,MCB,IBU,Ground water,0.9263512886233829,0.9264229536056519,XGBoost,XGBoost_2
549,SI_ref_19,MCB,IBU,Ground water,0.9153544975680639,0.92426997423172,XGBoost,XGBoost_2
551,SI_ref_19,MCB,IBU,Ground water,0.9271238571918706,0.936992347240448,XGBoost,XGBoost_2
553,SI_ref_19,MCB,IBU,Ground water,0.9199191103755877,0.918772280216217,XGBoost,XGBoost_2
555,SI_ref_19,MCB,IBU,Ground water,0.910886274193223,0.9255290627479553,XGBoost,XGBoost_2
557,SI_ref_19,MCB,IBU,Ground water,0.8716126359176348,0.8900370597839355,XGBoost,XGBoost_2
559,SI_ref_19,MCB,IBU,Ground water,0.9228881866842084,0.9221382737159729,XGBoost,XGBoost_2
561,SI_ref_19,MCB,IBU,Ground water,0.9227697266379059,0.939394474029541,XGBoost,XGBoost_2
563,SI_ref_19,MCB,IBU,Ground water,0.9221446299502403,0.9426069259643555,XGBoost,XGBoost_2
565,SI_ref_19,MCB,IBU,Ground water,0.9254612605703445,0.938669741153717,XGBoost,XGBoost_2
567,SI_ref_19,MCB,IBU,Ground water,0.9188111047361486,0.9221382737159729,XGBoost,XGBoost_2
569,SI_ref_19,MCB,IBU,Ground water,0.9124876096677748,0.928496778011322,XGBoost,XGBoost_2
571,SI_ref_19,MCB,IBU,Ground water,0.927696260267614,0.9435485005378723,XGBoost,XGBoost_2
573,SI_ref_19,MCB,IBU,Ground water,0.9222883610163676,0.9318487644195557,XGBoost,XGBoost_2
575,SI_ref_19,MCB,IBU,Ground water,0.9173366162788351,0.9382072687149048,XGBoost,XGBoost_2
577,SI_ref_19,MCB,IBU,Ground water,0.9896236049163454,0.9487169981002808,XGBoost,XGBoost_2
579,SI_ref_19,MCB,IBU,Ground water,0.9728688772730024,0.9376903176307678,XGBoost,XGBoost_2
581,SI_ref_19,MCB,IBU,Ground water,0.95367292982704,0.932063639163971,XGBoost,XGBoost_2
583,SI_ref_19,MCB,IBU,Ground water,0.9381494412938034,0.9299869537353516,XGBoost,XGBoost_2
585,SI_ref_19,MCB,IBU,Ground water,0.925414707326754,0.9141413569450378,XGBoost,XGBoost_2
587,SI_ref_19,MCB,IBU,Ground water,0.9200694262245456,0.908514678478241,XGBoost,XGBoost_2
589,SI_ref_19,MCB,IBU,Ground water,0.9296751902157461,0.9351712465286255,XGBoost,XGBoost_2
591,SI_ref_19,MCB,IBU,Ground water,0.9221403459202003,0.9189834594726562,XGBoost,XGBoost_2
593,SI_ref_19,MCB,IBU,Ground water,0.911624129649438,0.9133567810058594,XGBoost,XGBoost_2
595,SI_ref_19,MCB,IBU,Ground water,0.9248851497651674,0.947916567325592,XGBoost,XGBoost_2
597,SI_ref_19,MCB,IBU,Ground water,0.9206218375460943,0.9317287802696228,XGBoost,XGBoost_2
599,SI_ref_19,MCB,IBU,Ground water,0.9170274735254856,0.9261021018028259,XGBoost,XGBoost_2
601,SI_ref_19,MCB,IBU,Ground water,0.9300914246503462,0.9566351771354675,XGBoost,XGBoost_2
603,SI_ref_19,MCB,IBU,Ground water,0.920786534541565,0.9404473900794983,XGBoost,XGBoost_2
605,SI_ref_19,MCB,IBU,Ground water,0.9160948152334054,0.9348207116127014,XGBoost,XGBoost_2
607,SI_ref_19,MCB,IBU,Ground water,0.9861765121394982,0.957102358341217,XGBoost,XGBoost_2
609,SI_ref_19,MCB,IBU,Ground water,0.9661781267028597,0.9409145712852478,XGBoost,XGBoost_2
611,SI_ref_19,MCB,IBU,Ground water,0.9529992532644452,0.9352878928184509,XGBoost,XGBoost_2
613,SI_ref_19,MCB,IBU,Ground water,0.9352947587236877,0.9368934035301208,XGBoost,XGBoost_2
615,SI_ref_19,MCB,IBU,Ground water,0.9284499518994666,0.9207056164741516,XGBoost,XGBoost_2
617,SI_ref_19,MCB,IBU,Ground water,0.917077774862594,0.9150789380073547,XGBoost,XGBoost_2
619,SI_ref_19,MCB,IBU,Ground water,0.9255842902984923,0.9325903654098511,XGBoost,XGBoost_2
621,SI_ref_19,MCB,IBU,Ground water,0.9186162384710084,0.9164025783538818,XGBoost,XGBoost_2
623,SI_ref_19,MCB,IBU,Ground water,0.9103224686673798,0.910775899887085,XGBoost,XGBoost_2
625,SI_ref_19,MCB,IBU,Ground water,0.9258221154816445,0.937141478061676,XGBoost,XGBoost_2
627,SI_ref_19,MCB,IBU,Ground water,0.921668420582223,0.9227179288864136,XGBoost,XGBoost_2
629,SI_ref_19,MCB,IBU,Ground water,0.9150562646500002,0.9170912504196167,XGBoost,XGBoost_2
631,SI_ref_19,MCB,IBU,Ground water,0.9296259863973036,0.9396566152572632,XGBoost,XGBoost_2
633,SI_ref_19,MCB,IBU,Ground water,0.9216175906678238,0.9252330660820007,XGBoost,XGBoost_2
635,SI_ref_19,MCB,IBU,Ground water,0.9188076045934327,0.9193961024284363,XGBoost,XGBoost_2
698,SI_ref_18,NaOH-activated SCW biochars,IBU,Lake water,0.585296751211726,0.5138328075408936,XGBoost,XGBoost_2
700,SI_ref_18,NaOH-activated SCW biochars,IBU,Lake water,0.6304734220526563,0.5272382497787476,XGBoost,XGBoost_2
702,SI_ref_18,NaOH-activated SCW biochars,IBU,Lake water,0.6077686506314385,0.5064087510108948,XGBoost,XGBoost_2
704,SI_ref_18,NaOH-activated SCW biochars,IBU,Lake water,0.6040537723014899,0.4827321469783783,XGBoost,XGBoost_2
706,SI_ref_18,NaOH-activated SCW biochars,IBU,Lake water,0.6292724453182281,0.48376938700675964,XGBoost,XGBoost_2
708,SI_ref_18,NaOH-activated SCW biochars,IBU,Lake water,0.6376478565264503,0.4828230142593384,XGBoost,XGBoost_2
710,SI_ref_18,NaOH-activated SCW biochars,IBU,Lake water,0.6108673600702487,0.4828230142593384,XGBoost,XGBoost_2
712,SI_ref_18,NaOH-activated SCW biochars,IBU,Lake water,0.10371139816269948,0.4605785310268402,XGBoost,XGBoost_2
714,SI_ref_18,NaOH-activated SCW biochars,IBU,Lake water,0.46656560236114836,0.4605785310268402,XGBoost,XGBoost_2
716,SI_ref_18,NaOH-activated SCW biochars,IBU,Lake water,0.44106817459704084,0.38441169261932373,XGBoost,XGBoost_2
718,SI_ref_18,NaOH-activated SCW biochars,IBU,Lake water,0.6893393142281772,0.5088825821876526,XGBoost,XGBoost_2
720,SI_ref_18,NaOH-activated SCW biochars,IBU,Lake water,0.621379975330744,0.4605785310268402,XGBoost,XGBoost_2
722,SI_ref_18,NaOH-activated SCW biochars,IBU,Lake water,0.6727437787241767,0.4605785310268402,XGBoost,XGBoost_2
723,SI_ref_18,NaOH-activated SCW biochars,IBU,Lake water,0.6293605973980515,0.4605785310268402,XGBoost,XGBoost_2
724,SI_ref_18,NaOH-activated SCW biochars,IBU,Lake water,0.6573710855713073,0.4605785310268402,XGBoost,XGBoost_2
726,SI_ref_18,NaOH-activated SCW biochars,IBU,Lake water,0.6298354173553987,0.4605785310268402,XGBoost,XGBoost_2
727,SI_ref_18,NaOH-activated SCW biochars,IBU,Lake water,0.6523803226831055,0.4605785310268402,XGBoost,XGBoost_2
728,SI_ref_18,NaOH-activated SCW biochars,IBU,Lake water,0.6378679449532959,0.4605785310268402,XGBoost,XGBoost_2
730,SI_ref_18,NaOH-activated SCW biochars,IBU,Lake water,0.627404015064595,0.4605785310268402,XGBoost,XGBoost_2
731,SI_ref_18,NaOH-activated SCW biochars,IBU,Lake water,0.6077370696640284,0.4605785310268402,XGBoost,XGBoost_2
732,SI_ref_18,NaOH-activated SCW biochars,IBU,Lake water,0.6159420233488258,0.4605785310268402,XGBoost,XGBoost_2
734,SI_ref_18,NaOH-activated SCW biochars,IBU,Lake water,0.6074163960354965,0.4605785310268402,XGBoost,XGBoost_2
735,SI_ref_18,NaOH-activated SCW biochars,IBU,Lake water,0.6146046840259546,0.4605785310268402,XGBoost,XGBoost_2
736,SI_ref_18,NaOH-activated SCW biochars,IBU,Lake water,0.6281995086504742,0.4605785310268402,XGBoost,XGBoost_2
738,SI_ref_18,NaOH-activated SCW biochars,IBU,Lake water,0.6298527247859258,0.4605785310268402,XGBoost,XGBoost_2
739,SI_ref_18,NaOH-activated SCW biochars,IBU,Lake water,0.576999656444263,0.4605785310268402,XGBoost,XGBoost_2
740,SI_ref_18,NaOH-activated SCW biochars,IBU,Lake water,0.5791171913994386,0.4605785310268402,XGBoost,XGBoost_2
742,SI_ref_18,NaOH-activated SCW biochars,IBU,Lake water,0.5786725135963804,0.4605785310268402,XGBoost,XGBoost_2
743,SI_ref_18,NaOH-activated SCW biochars,IBU,Lake water,0.6233870058145189,0.4605785310268402,XGBoost,XGBoost_2
744,SI_ref_18,NaOH-activated SCW biochars,IBU,Lake water,0.5944978576382812,0.4605785310268402,XGBoost,XGBoost_2
745,SI_ref_18,NaOH-activated SCW biochars,IBU,Lake water,0.5630080357470825,0.46431490778923035,XGBoost,XGBoost_2
747,SI_ref_18,NaOH-activated SCW biochars,IBU,Lake water,0.6846241766923425,0.5408446788787842,XGBoost,XGBoost_2
749,SI_ref_18,NaOH-activated SCW biochars,IBU,Lake water,0.744908980376152,0.5552634000778198,XGBoost,XGBoost_2
751,SI_ref_18,NaOH-activated SCW biochars,IBU,Lake water,0.6869669848084122,0.4605785310268402,XGBoost,XGBoost_2
753,SI_ref_18,NaOH-activated SCW biochars,IBU,Lake water,0.7932075459644551,0.4605785310268402,XGBoost,XGBoost_2
852,SI_ref_13,PB600,CBZ,Synthetic,0.5776772247360483,0.7626445889472961,XGBoost,XGBoost_2
853,SI_ref_13,PB600,CBZ,Synthetic,0.5656108597285068,0.7542580366134644,XGBoost,XGBoost_2
854,SI_ref_13,PB600,CBZ,Synthetic,0.5475113122171945,0.7327636480331421,XGBoost,XGBoost_2
855,SI_ref_13,PB600,CBZ,Synthetic,0.4479638009049774,0.6917499303817749,XGBoost,XGBoost_2
856,SI_ref_13,PB600,CBZ,Synthetic,0.45098039215686275,0.647357165813446,XGBoost,XGBoost_2
857,SI_ref_13,PB600,CBZ,Synthetic,0.42684766214177977,0.5929929614067078,XGBoost,XGBoost_2
858,SI_ref_13,PB600,CBZ,Synthetic,0.32437120555073723,0.5955409407615662,XGBoost,XGBoost_2
859,SI_ref_13,PB600,CBZ,Synthetic,0.4773489932885906,0.6862546801567078,XGBoost,XGBoost_2
860,SI_ref_13,PB600,CBZ,Synthetic,0.4437372714068248,0.5955409407615662,XGBoost,XGBoost_2
861,SI_ref_13,PB600,CBZ,Synthetic,0.35791881074899945,0.5955409407615662,XGBoost,XGBoost_2
862,SI_ref_13,PB600,CBZ,Synthetic,0.32426715019643393,0.5955409407615662,XGBoost,XGBoost_2
863,SI_ref_13,PB600,CBZ,Synthetic,0.24055829228243014,0.5955409407615662,XGBoost,XGBoost_2
864,SI_ref_13,PB600,CBZ,Synthetic,0.44839549002601903,0.5734538435935974,XGBoost,XGBoost_2
865,SI_ref_13,PB600,CBZ,Synthetic,0.5528523489932886,0.5737414956092834,XGBoost,XGBoost_2
866,SI_ref_13,PB600,CBZ,Synthetic,0.5653368025440879,0.5955409407615662,XGBoost,XGBoost_2
867,SI_ref_13,PB600,CBZ,Synthetic,0.6235906331309627,0.5955409407615662,XGBoost,XGBoost_2
868,SI_ref_13,PB600,CBZ,Synthetic,0.6991037872217403,0.5955409407615662,XGBoost,XGBoost_2
869,SI_ref_13,PB600,CBZ,Synthetic,0.7401395944327428,0.5955409407615662,XGBoost,XGBoost_2
870,SI_ref_13,PB600,CBZ,Synthetic,0.8642533936651583,0.555239200592041,XGBoost,XGBoost_2
871,SI_ref_13,PB600,CBZ,Synthetic,0.6953242835595775,0.555239200592041,XGBoost,XGBoost_2
872,SI_ref_13,PB600,CBZ,Synthetic,0.4479638009049774,0.555239200592041,XGBoost,XGBoost_2
873,SI_ref_13,PB600,CBZ,Synthetic,0.36651583710407243,0.555239200592041,XGBoost,XGBoost_2
874,SI_ref_13,PB600,CBZ,Synthetic,0.248868778280543,0.555239200592041,XGBoost,XGBoost_2
898,SI_ref_13,PB600,CBZ,Synthetic,0.244663382594417,0.5955409407615662,XGBoost,XGBoost_2
899,SI_ref_13,PB800,CBZ,Synthetic,0.27061079156395507,0.44430580735206604,XGBoost,XGBoost_2
900,SI_ref_13,PB800,CBZ,Synthetic,0.22678718159408381,0.4317690432071686,XGBoost,XGBoost_2
901,SI_ref_13,PB800,CBZ,Synthetic,0.18844152287044644,0.3959314823150635,XGBoost,XGBoost_2
902,SI_ref_13,PB800,CBZ,Synthetic,0.17748562037797863,0.35111916065216064,XGBoost,XGBoost_2
903,SI_ref_13,PB800,CBZ,Synthetic,0.16379074226239385,0.3449888229370117,XGBoost,XGBoost_2
904,SI_ref_13,PB800,CBZ,Synthetic,0.155573815393043,0.3449724614620209,XGBoost,XGBoost_2
905,SI_ref_13,PB800,CBZ,Synthetic,0.08520900321543408,0.3452225923538208,XGBoost,XGBoost_2
906,SI_ref_13,PB800,CBZ,Synthetic,0.16135346756152125,0.337207555770874,XGBoost,XGBoost_2
907,SI_ref_13,PB800,CBZ,Synthetic,0.1561792870827899,0.3452225923538208,XGBoost,XGBoost_2
908,SI_ref_13,PB800,CBZ,Synthetic,0.13676633444075306,0.3452225923538208,XGBoost,XGBoost_2
909,SI_ref_13,PB800,CBZ,Synthetic,0.1002310803004044,0.3452225923538208,XGBoost,XGBoost_2
910,SI_ref_13,PB800,CBZ,Synthetic,0.04322336667164253,0.3452225923538208,XGBoost,XGBoost_2
911,SI_ref_13,PB800,CBZ,Synthetic,0.20609619686800895,0.34580010175704956,XGBoost,XGBoost_2
912,SI_ref_13,PB800,CBZ,Synthetic,0.1865212527964206,0.34580010175704956,XGBoost,XGBoost_2
913,SI_ref_13,PB800,CBZ,Synthetic,0.28121650589496244,0.3452225923538208,XGBoost,XGBoost_2
914,SI_ref_13,PB800,CBZ,Synthetic,0.36611289746337977,0.3452225923538208,XGBoost,XGBoost_2
915,SI_ref_13,PB800,CBZ,Synthetic,0.5117363344051448,0.3452225923538208,XGBoost,XGBoost_2
916,SI_ref_13,PB800,CBZ,Synthetic,0.5707012708620426,0.3452225923538208,XGBoost,XGBoost_2
917,SI_ref_13,PB800,CBZ,Synthetic,0.5791052918712493,0.36109986901283264,XGBoost,XGBoost_2
918,SI_ref_13,PB800,CBZ,Synthetic,0.30905619203491547,0.36109986901283264,XGBoost,XGBoost_2
919,SI_ref_13,PB800,CBZ,Synthetic,0.16448445171849424,0.36109986901283264,XGBoost,XGBoost_2
920,SI_ref_13,PB800,CBZ,Synthetic,0.12460736493062231,0.36109986901283264,XGBoost,XGBoost_2
921,SI_ref_13,PB800,CBZ,Synthetic,0.08265139116202945,0.36109986901283264,XGBoost,XGBoost_2
987,SI_ref_15,PSB,TEB,Synthetic,0.9529494921755761,0.9545382857322693,XGBoost,XGBoost_2
988,SI_ref_15,PSB,TEB,Synthetic,0.9422238246841239,0.9469835758209229,XGBoost,XGBoost_2
989,SI_ref_15,PSB,TEB,Synthetic,0.9297851778252496,0.9388601779937744,XGBoost,XGBoost_2
990,SI_ref_15,PSB,TEB,Synthetic,0.9225192311101157,0.9383043050765991,XGBoost,XGBoost_2
991,SI_ref_15,PSB,TEB,Synthetic,0.920805363267918,0.9327754974365234,XGBoost,XGBoost_2
992,SI_ref_15,PSB,TEB,Synthetic,0.9178876121047361,0.9340285062789917,XGBoost,XGBoost_2
993,SI_ref_15,PSB,TEB,Synthetic,0.9171857170319854,0.92775559425354,XGBoost,XGBoost_2
994,SI_ref_15,PSB,TEB,Synthetic,0.9362126098667423,0.92328280210495,XGBoost,XGBoost_2
995,SI_ref_15,PSB,TEB,Synthetic,0.9575716949823408,0.92328280210495,XGBoost,XGBoost_2
996,SI_ref_15,PSB,TEB,Synthetic,0.9144403299752767,0.92328280210495,XGBoost,XGBoost_2
997,SI_ref_15,PSB,TEB,Synthetic,0.9131362601666559,0.92328280210495,XGBoost,XGBoost_2
998,SI_ref_15,PSB,TEB,Synthetic,0.9073783566890704,0.92328280210495,XGBoost,XGBoost_2
999,SI_ref_15,PSB,TEB,Synthetic,0.8610942615965279,0.92328280210495,XGBoost,XGBoost_2
1000,SI_ref_15,PSB,TEB,Synthetic,0.8714762044822667,0.92328280210495,XGBoost,XGBoost_2
1001,SI_ref_15,PSB,TEB,Synthetic,0.8650362109004135,0.92328280210495,XGBoost,XGBoost_2
1002,SI_ref_15,PSB,TEB,Synthetic,0.9441016733966956,0.92328280210495,XGBoost,XGBoost_2
1003,SI_ref_15,PSB,TEB,Synthetic,0.952584477756588,0.92328280210495,XGBoost,XGBoost_2
1004,SI_ref_15,PSB,TEB,Synthetic,0.9589909115585907,0.92328280210495,XGBoost,XGBoost_2
1005,SI_ref_15,PSB,TEB,Synthetic,0.9629553594597028,0.92328280210495,XGBoost,XGBoost_2
1052,SI_ref_15,PSBOX-A,TEB,Synthetic,0.5158767649493458,0.5021871328353882,XGBoost,XGBoost_2
1053,SI_ref_15,PSBOX-A,TEB,Synthetic,0.41210379963008376,0.39611735939979553,XGBoost,XGBoost_2
1054,SI_ref_15,PSBOX-A,TEB,Synthetic,0.30623403384032577,0.32690736651420593,XGBoost,XGBoost_2
1055,SI_ref_15,PSBOX-A,TEB,Synthetic,0.21283845390046752,0.25154733657836914,XGBoost,XGBoost_2
1056,SI_ref_15,PSBOX-A,TEB,Synthetic,0.12421842587964138,0.20461253821849823,XGBoost,XGBoost_2
1057,SI_ref_15,PSBOX-A,TEB,Synthetic,0.09371708683213013,0.18295198678970337,XGBoost,XGBoost_2
1058,SI_ref_15,PSBOX-A,TEB,Synthetic,0.07890621232231329,0.1816888004541397,XGBoost,XGBoost_2
1059,SI_ref_15,PSBOX-A,TEB,Synthetic,0.07277962857952934,0.23291923105716705,XGBoost,XGBoost_2
1060,SI_ref_15,PSBOX-A,TEB,Synthetic,0.5073983287736047,0.1483534872531891,XGBoost,XGBoost_2
1061,SI_ref_15,PSBOX-A,TEB,Synthetic,0.5163778457532948,0.25752121210098267,XGBoost,XGBoost_2
1062,SI_ref_15,PSBOX-A,TEB,Synthetic,0.5077105405964751,0.23291923105716705,XGBoost,XGBoost_2
1063,SI_ref_15,PSBOX-A,TEB,Synthetic,0.058828707349529885,0.23291923105716705,XGBoost,XGBoost_2
1064,SI_ref_15,PSBOX-A,TEB,Synthetic,0.4930488637978448,0.19199609756469727,XGBoost,XGBoost_2
1065,SI_ref_15,PSBOX-A,TEB,Synthetic,0.5160089507499187,0.22619999945163727,XGBoost,XGBoost_2
1066,SI_ref_15,PSBOX-A,TEB,Synthetic,0.07083175356135256,0.23291923105716705,XGBoost,XGBoost_2
1067,SI_ref_15,PSBOX-A,TEB,Synthetic,0.051172794584274484,0.23291923105716705,XGBoost,XGBoost_2
1068,SI_ref_15,PSBOX-A,TEB,Synthetic,0.04750722464731311,0.23291923105716705,XGBoost,XGBoost_2
1069,SI_ref_15,PSBOX-A,TEB,Synthetic,0.04108376658313895,0.23291923105716705,XGBoost,XGBoost_2
1070,SI_ref_15,PSBOX-A,TEB,Synthetic,0.04527670142322688,0.23291923105716705,XGBoost,XGBoost_2
1071,SI_ref_15,PSBOX-A,TEB,Synthetic,0.04243318293660387,0.23291923105716705,XGBoost,XGBoost_2
1072,SI_ref_15,PSBOX-A,TEB,Synthetic,0.09409506092292502,0.23291923105716705,XGBoost,XGBoost_2
1073,SI_ref_15,PSBOX-A,TEB,Synthetic,0.28314921751011557,0.23291923105716705,XGBoost,XGBoost_2
1074,SI_ref_15,PSBOX-A,TEB,Synthetic,0.44223994246690523,0.23291923105716705,XGBoost,XGBoost_2
1075,SI_ref_15,PSBOX-A,TEB,Synthetic,0.5102144207532882,0.23291923105716705,XGBoost,XGBoost_2
1077,SI_ref_17,Pristine SCG biochar,CBZ,Synthetic,0.9431980957558961,0.9452806115150452,XGBoost,XGBoost_2
1079,SI_ref_17,Pristine SCG biochar,CBZ,Synthetic,0.9360319849357849,0.9423609972000122,XGBoost,XGBoost_2
1081,SI_ref_17,Pristine SCG biochar,CBZ,Synthetic,0.9307104448319532,0.9319664835929871,XGBoost,XGBoost_2
1083,SI_ref_17,Pristine SCG biochar,CBZ,Synthetic,0.9258716624342764,0.9302121996879578,XGBoost,XGBoost_2
1085,SI_ref_17,Pristine SCG biochar,CBZ,Synthetic,0.9157118703628806,0.9239743947982788,XGBoost,XGBoost_2
1087,SI_ref_17,Pristine SCG biochar,CBZ,Synthetic,0.9147137334986508,0.9217988848686218,XGBoost,XGBoost_2
1089,SI_ref_17,Pristine SCG biochar,CBZ,Synthetic,0.9138427672538969,0.9170405268669128,XGBoost,XGBoost_2
1091,SI_ref_17,Pristine SCG biochar,CBZ,Synthetic,0.8932130468798682,0.8563822507858276,XGBoost,XGBoost_2
1093,SI_ref_17,Pristine SCG biochar,CBZ,Synthetic,0.9247624360467385,0.9069496989250183,XGBoost,XGBoost_2
1095,SI_ref_17,Pristine SCG biochar,CBZ,Synthetic,0.9071706166070994,0.9069496989250183,XGBoost,XGBoost_2
1097,SI_ref_17,Pristine SCG biochar,CBZ,Synthetic,0.908534541255576,0.9069496989250183,XGBoost,XGBoost_2
1099,SI_ref_17,Pristine SCG biochar,CBZ,Synthetic,0.903895578148675,0.9069496989250183,XGBoost,XGBoost_2
1101,SI_ref_17,Pristine SCG biochar,CBZ,Synthetic,0.9071468090110305,0.9069496989250183,XGBoost,XGBoost_2
1103,SI_ref_17,Pristine SCG biochar,CBZ,Synthetic,0.890879570190962,0.9069496989250183,XGBoost,XGBoost_2
1105,SI_ref_17,Pristine SCG biochar,CBZ,Synthetic,0.8806314346444372,0.9091886281967163,XGBoost,XGBoost_2
1107,SI_ref_17,Pristine SCG biochar,CBZ,Synthetic,0.9289062306369882,0.9069496989250183,XGBoost,XGBoost_2
1109,SI_ref_17,Pristine SCG biochar,CBZ,Synthetic,0.9261272699552149,0.9069496989250183,XGBoost,XGBoost_2
1111,SI_ref_17,Pristine SCG biochar,CBZ,Synthetic,0.9403460613803251,0.9069496989250183,XGBoost,XGBoost_2
1113,SI_ref_17,Pristine SCG biochar,CBZ,Synthetic,0.9373850128799738,0.9069496989250183,XGBoost,XGBoost_2
1115,SI_ref_17,Pristine SCG biochar,CBZ,Synthetic,0.925161257978969,0.9069496989250183,XGBoost,XGBoost_2
1253,SI_ref_18,Pristine SCW Biochar,IBU,Lake water,0.9264336848996528,0.9259623885154724,XGBoost,XGBoost_2
1255,SI_ref_18,Pristine SCW Biochar,IBU,Lake water,0.9179334532144726,0.9199758172035217,XGBoost,XGBoost_2
1257,SI_ref_18,Pristine SCW Biochar,IBU,Lake water,0.916180999264559,0.9180667400360107,XGBoost,XGBoost_2
1259,SI_ref_18,Pristine SCW Biochar,IBU,Lake water,0.9235678454978681,0.919072687625885,XGBoost,XGBoost_2
1261,SI_ref_18,Pristine SCW Biochar,IBU,Lake water,0.9285970293283682,0.9201264977455139,XGBoost,XGBoost_2
1263,SI_ref_18,Pristine SCW Biochar,IBU,Lake water,0.9209592404126973,0.917399525642395,XGBoost,XGBoost_2
1265,SI_ref_18,Pristine SCW Biochar,IBU,Lake water,0.9279432945207517,0.916551947593689,XGBoost,XGBoost_2
1269,SI_ref_18,Pristine SCW Biochar,IBU,Lake water,0.8974085452250303,0.8942301869392395,XGBoost,XGBoost_2
1271,SI_ref_18,Pristine SCW Biochar,IBU,Lake water,0.9239929387412031,0.9280616044998169,XGBoost,XGBoost_2
1273,SI_ref_18,Pristine SCW Biochar,IBU,Lake water,0.9256303580479686,0.9168512225151062,XGBoost,XGBoost_2
1275,SI_ref_18,Pristine SCW Biochar,IBU,Lake water,0.9240446881745522,0.9168512225151062,XGBoost,XGBoost_2
1276,SI_ref_18,Pristine SCW Biochar,IBU,Lake water,0.9283922239724117,0.9168512225151062,XGBoost,XGBoost_2
1277,SI_ref_18,Pristine SCW Biochar,IBU,Lake water,0.9240711354841218,0.9168512225151062,XGBoost,XGBoost_2
1279,SI_ref_18,Pristine SCW Biochar,IBU,Lake water,0.9204127206373283,0.9168512225151062,XGBoost,XGBoost_2
1280,SI_ref_18,Pristine SCW Biochar,IBU,Lake water,0.9185968665123906,0.9168512225151062,XGBoost,XGBoost_2
1281,SI_ref_18,Pristine SCW Biochar,IBU,Lake water,0.9182954449695013,0.9168512225151062,XGBoost,XGBoost_2
1283,SI_ref_18,Pristine SCW Biochar,IBU,Lake water,0.9158900362354069,0.9168512225151062,XGBoost,XGBoost_2
1284,SI_ref_18,Pristine SCW Biochar,IBU,Lake water,0.9125854189759445,0.9168512225151062,XGBoost,XGBoost_2
1285,SI_ref_18,Pristine SCW Biochar,IBU,Lake water,0.9175495400890653,0.9168512225151062,XGBoost,XGBoost_2
1287,SI_ref_18,Pristine SCW Biochar,IBU,Lake water,0.9120226357855434,0.9168512225151062,XGBoost,XGBoost_2
1288,SI_ref_18,Pristine SCW Biochar,IBU,Lake water,0.9131050308227836,0.9168512225151062,XGBoost,XGBoost_2
1289,SI_ref_18,Pristine SCW Biochar,IBU,Lake water,0.91141920930323,0.9168512225151062,XGBoost,XGBoost_2
1291,SI_ref_18,Pristine SCW Biochar,IBU,Lake water,0.9068652159539504,0.9168512225151062,XGBoost,XGBoost_2
1292,SI_ref_18,Pristine SCW Biochar,IBU,Lake water,0.9091226364337618,0.9168512225151062,XGBoost,XGBoost_2
1293,SI_ref_18,Pristine SCW Biochar,IBU,Lake water,0.9067682424855283,0.9168512225151062,XGBoost,XGBoost_2
1295,SI_ref_18,Pristine SCW Biochar,IBU,Lake water,0.9027540853962883,0.9168512225151062,XGBoost,XGBoost_2
1296,SI_ref_18,Pristine SCW Biochar,IBU,Lake water,0.9025373859945938,0.9168512225151062,XGBoost,XGBoost_2
1297,SI_ref_18,Pristine SCW Biochar,IBU,Lake water,0.9026152370210476,0.9168512225151062,XGBoost,XGBoost_2
1298,SI_ref_18,Pristine SCW Biochar,IBU,Lake water,0.9219347373743266,0.919181227684021,XGBoost,XGBoost_2
1300,SI_ref_18,Pristine SCW Biochar,IBU,Lake water,0.9277221749920567,0.9361333250999451,XGBoost,XGBoost_2
1302,SI_ref_18,Pristine SCW Biochar,IBU,Lake water,0.9340257796823453,0.9400680661201477,XGBoost,XGBoost_2
2,SI_ref_19,AMCB,IBU,Ground water,0.6563767477253929,0.6424682140350342,Point,XGBoost_2
4,SI_ref_19,AMCB,IBU,Ground water,0.5414154110835401,0.5309211015701294,Point,XGBoost_2
6,SI_ref_19,AMCB,IBU,Ground water,0.39819987427626136,0.4558674097061157,Point,XGBoost_2
8,SI_ref_19,AMCB,IBU,Ground water,0.3426557088502895,0.40451058745384216,Point,XGBoost_2
10,SI_ref_19,AMCB,IBU,Ground water,0.3352626765922249,0.3761664628982544,Point,XGBoost_2
12,SI_ref_19,AMCB,IBU,Ground water,0.33078034739454093,0.35842880606651306,Point,XGBoost_2
14,SI_ref_19,AMCB,IBU,Ground water,0.3305497038875103,0.357165664434433,Point,XGBoost_2
16,SI_ref_19,AMCB,IBU,Ground water,0.029204625724030753,0.2859530448913574,Point,XGBoost_2
18,SI_ref_19,AMCB,IBU,Ground water,0.005264283840238958,0.26597529649734497,Point,XGBoost_2
20,SI_ref_19,AMCB,IBU,Ground water,0.0023766372681587895,0.19472073018550873,Point,XGBoost_2
22,SI_ref_19,AMCB,IBU,Ground water,0.32926049296939613,0.26597529649734497,Point,XGBoost_2
24,SI_ref_19,AMCB,IBU,Ground water,0.19832193047959257,0.35710597038269043,Point,XGBoost_2
26,SI_ref_19,AMCB,IBU,Ground water,0.1894672613641715,0.3329356610774994,Point,XGBoost_2
28,SI_ref_19,AMCB,IBU,Ground water,0.1528746627917146,0.30200695991516113,Point,XGBoost_2
30,SI_ref_19,AMCB,IBU,Ground water,0.3449761650083755,0.4099331796169281,Point,XGBoost_2
32,SI_ref_19,AMCB,IBU,Ground water,0.30765270742093687,0.38177022337913513,Point,XGBoost_2
34,SI_ref_19,AMCB,IBU,Ground water,0.303030777614079,0.3773885667324066,Point,XGBoost_2
36,SI_ref_19,AMCB,IBU,Ground water,0.41496556078686897,0.4857134521007538,Point,XGBoost_2
38,SI_ref_19,AMCB,IBU,Ground water,0.3766264851820565,0.46104639768600464,Point,XGBoost_2
40,SI_ref_19,AMCB,IBU,Ground water,0.38956403906090076,0.4560421407222748,Point,XGBoost_2
42,SI_ref_19,AMCB,IBU,Ground water,0.5182383095521604,0.5016484260559082,Point,XGBoost_2
44,SI_ref_19,AMCB,IBU,Ground water,0.5024496962602676,0.47698134183883667,Point,XGBoost_2
46,SI_ref_19,AMCB,IBU,Ground water,0.48210720700720494,0.4719770550727844,Point,XGBoost_2
48,SI_ref_19,AMCB,IBU,Ground water,0.03338351934448727,0.22400300204753876,Point,XGBoost_2
50,SI_ref_19,AMCB,IBU,Ground water,0.0,0.19831520318984985,Point,XGBoost_2
52,SI_ref_19,AMCB,IBU,Ground water,0.003531050071646246,0.18132588267326355,Point,XGBoost_2
54,SI_ref_19,AMCB,IBU,Ground water,0.19999798179579809,0.3320760726928711,Point,XGBoost_2
56,SI_ref_19,AMCB,IBU,Ground water,0.17260220522445793,0.306388258934021,Point,XGBoost_2
58,SI_ref_19,AMCB,IBU,Ground water,0.15656878376287445,0.2893989086151123,Point,XGBoost_2
60,SI_ref_19,AMCB,IBU,Ground water,0.3457359785263073,0.42069458961486816,Point,XGBoost_2
62,SI_ref_19,AMCB,IBU,Ground water,0.32626934953278575,0.3979346454143524,Point,XGBoost_2
64,SI_ref_19,AMCB,IBU,Ground water,0.3258728934993643,0.38094526529312134,Point,XGBoost_2
66,SI_ref_19,AMCB,IBU,Ground water,0.4885549946229274,0.487297922372818,Point,XGBoost_2
68,SI_ref_19,AMCB,IBU,Ground water,0.39885279506866217,0.46453797817230225,Point,XGBoost_2
70,SI_ref_19,AMCB,IBU,Ground water,0.42188356115014575,0.44754862785339355,Point,XGBoost_2
72,SI_ref_19,AMCB,IBU,Ground water,0.5107350299703324,0.5110486745834351,Point,XGBoost_2
74,SI_ref_19,AMCB,IBU,Ground water,0.5226317382792791,0.4882890284061432,Point,XGBoost_2
76,SI_ref_19,AMCB,IBU,Ground water,0.4945842701164504,0.4712996482849121,Point,XGBoost_2
78,SI_ref_19,AMCB,IBU,Ground water,0.025848755777109534,0.23261405527591705,Point,XGBoost_2
80,SI_ref_19,AMCB,IBU,Ground water,0.008169690609295848,0.2098541408777237,Point,XGBoost_2
82,SI_ref_19,AMCB,IBU,Ground water,0.0,0.19286485016345978,Point,XGBoost_2
84,SI_ref_19,AMCB,IBU,Ground water,0.2007202298061851,0.30194687843322754,Point,XGBoost_2
86,SI_ref_19,AMCB,IBU,Ground water,0.16952726930244136,0.27840813994407654,Point,XGBoost_2
88,SI_ref_19,AMCB,IBU,Ground water,0.14747637019246942,0.26141875982284546,Point,XGBoost_2
90,SI_ref_19,AMCB,IBU,Ground water,0.34008395729479907,0.4389727711677551,Point,XGBoost_2
92,SI_ref_19,AMCB,IBU,Ground water,0.32813530040969546,0.4264601767063141,Point,XGBoost_2
94,SI_ref_19,AMCB,IBU,Ground water,0.3191737471997417,0.4094708263874054,Point,XGBoost_2
96,SI_ref_19,AMCB,IBU,Ground water,0.45590621693388655,0.4970826506614685,Point,XGBoost_2
98,SI_ref_19,AMCB,IBU,Ground water,0.4386715603313315,0.47467750310897827,Point,XGBoost_2
100,SI_ref_19,AMCB,IBU,Ground water,0.4136227630368784,0.4744621217250824,Point,XGBoost_2
102,SI_ref_19,AMCB,IBU,Ground water,0.15909620069601668,0.26526179909706116,Point,XGBoost_2
104,SI_ref_19,AMCB,IBU,Ground water,0.32070040208616674,0.49493512511253357,Point,XGBoost_2
106,SI_ref_19,AMCB,IBU,Ground water,0.3644459510905023,0.507455587387085,Point,XGBoost_2
108,SI_ref_19,AMCB,IBU,Ground water,0.46356787238707886,0.5085644721984863,Point,XGBoost_2
110,SI_ref_19,AMCB,IBU,Ground water,0.5205305455205957,0.524480402469635,Point,XGBoost_2
112,SI_ref_19,AMCB,IBU,Ground water,0.5464029950150356,0.49493512511253357,Point,XGBoost_2
114,SI_ref_19,AMCB,IBU,Ground water,0.48301499525722014,0.49889206886291504,Point,XGBoost_2
117,SI_ref_17,Alkali-modified SCG biochars,CBZ,Synthetic,0.12103690777624292,0.26124152541160583,Point,XGBoost_2
119,SI_ref_17,Alkali-modified SCG biochars,CBZ,Synthetic,0.0701486117179634,0.21612635254859924,Point,XGBoost_2
121,SI_ref_17,Alkali-modified SCG biochars,CBZ,Synthetic,0.050188840370859876,0.11538536846637726,Point,XGBoost_2
123,SI_ref_17,Alkali-modified SCG biochars,CBZ,Synthetic,0.033003190610721066,0.11219048500061035,Point,XGBoost_2
125,SI_ref_17,Alkali-modified SCG biochars,CBZ,Synthetic,0.03511734337104713,0.10776065289974213,Point,XGBoost_2
127,SI_ref_17,Alkali-modified SCG biochars,CBZ,Synthetic,0.03195287629892775,0.1271161437034607,Point,XGBoost_2
129,SI_ref_17,Alkali-modified SCG biochars,CBZ,Synthetic,0.03449328813829176,0.1271161437034607,Point,XGBoost_2
132,SI_ref_17,Alkali-modified SCG biochars,CBZ,Synthetic,0.041716779164719504,0.21714702248573303,Point,XGBoost_2
134,SI_ref_17,Alkali-modified SCG biochars,CBZ,Synthetic,0.00635796336582959,0.21714702248573303,Point,XGBoost_2
136,SI_ref_17,Alkali-modified SCG biochars,CBZ,Synthetic,0.011730609548845337,0.21714702248573303,Point,XGBoost_2
138,SI_ref_17,Alkali-modified SCG biochars,CBZ,Synthetic,0.01988738850164665,0.21714702248573303,Point,XGBoost_2
140,SI_ref_17,Alkali-modified SCG biochars,CBZ,Synthetic,0.006132526431344026,0.21714702248573303,Point,XGBoost_2
142,SI_ref_17,Alkali-modified SCG biochars,CBZ,Synthetic,0.007712590639419909,0.21714702248573303,Point,XGBoost_2
145,SI_ref_17,Alkali-modified SCG biochars,CBZ,Synthetic,0.10268999927349255,0.21714702248573303,Point,XGBoost_2
147,SI_ref_17,Alkali-modified SCG biochars,CBZ,Synthetic,0.14439822919669368,0.21714702248573303,Point,XGBoost_2
149,SI_ref_17,Alkali-modified SCG biochars,CBZ,Synthetic,0.34003506921741083,0.21714702248573303,Point,XGBoost_2
151,SI_ref_17,Alkali-modified SCG biochars,CBZ,Synthetic,0.4516798693491866,0.21714702248573303,Point,XGBoost_2
153,SI_ref_17,Alkali-modified SCG biochars,CBZ,Synthetic,0.5612135486607656,0.21714702248573303,Point,XGBoost_2
282,SI_ref_19,CB,IBU,Ground water,0.9280102961124896,0.9413538575172424,Point,XGBoost_2
284,SI_ref_19,CB,IBU,Ground water,0.9242732043010754,0.9353672862052917,Point,XGBoost_2
286,SI_ref_19,CB,IBU,Ground water,0.9218881323407775,0.9327282905578613,Point,XGBoost_2
288,SI_ref_19,CB,IBU,Ground water,0.9215853366418528,0.932172417640686,Point,XGBoost_2
290,SI_ref_19,CB,IBU,Ground water,0.9207959503722085,0.929736852645874,Point,XGBoost_2
292,SI_ref_19,CB,IBU,Ground water,0.9207361323407776,0.9300283193588257,Point,XGBoost_2
294,SI_ref_19,CB,IBU,Ground water,0.9206762613730356,0.9254887104034424,Point,XGBoost_2
296,SI_ref_19,CB,IBU,Ground water,0.9945207101387852,0.9391727447509766,Point,XGBoost_2
298,SI_ref_19,CB,IBU,Ground water,0.9765877548823724,0.9229477047920227,Point,XGBoost_2
300,SI_ref_19,CB,IBU,Ground water,0.9595058090644278,0.9228658080101013,Point,XGBoost_2
302,SI_ref_19,CB,IBU,Ground water,0.9409019130333385,0.9391727447509766,Point,XGBoost_2
304,SI_ref_19,CB,IBU,Ground water,0.9323428884090048,0.9229477047920227,Point,XGBoost_2
306,SI_ref_19,CB,IBU,Ground water,0.9259231602386863,0.9228658080101013,Point,XGBoost_2
308,SI_ref_19,CB,IBU,Ground water,0.8753590996713628,0.897290050983429,Point,XGBoost_2
310,SI_ref_19,CB,IBU,Ground water,0.9341230700922319,0.9391727447509766,Point,XGBoost_2
312,SI_ref_19,CB,IBU,Ground water,0.9234390298948024,0.9229477047920227,Point,XGBoost_2
314,SI_ref_19,CB,IBU,Ground water,0.917590560186213,0.9228658080101013,Point,XGBoost_2
316,SI_ref_19,CB,IBU,Ground water,0.9236132062907854,0.9422298073768616,Point,XGBoost_2
318,SI_ref_19,CB,IBU,Ground water,0.9231865295080666,0.9508230090141296,Point,XGBoost_2
320,SI_ref_19,CB,IBU,Ground water,0.9303445651202417,0.9391727447509766,Point,XGBoost_2
322,SI_ref_19,CB,IBU,Ground water,0.923151204819856,0.9229477047920227,Point,XGBoost_2
324,SI_ref_19,CB,IBU,Ground water,0.9175260660683171,0.9228658080101013,Point,XGBoost_2
326,SI_ref_19,CB,IBU,Ground water,0.9318432124429017,0.9391727447509766,Point,XGBoost_2
328,SI_ref_19,CB,IBU,Ground water,0.9241489703794897,0.9229477047920227,Point,XGBoost_2
330,SI_ref_19,CB,IBU,Ground water,0.9174641264203113,0.9228658080101013,Point,XGBoost_2
523,SI_ref_19,MCB,IBU,Ground water,0.9264289561621175,0.9326372146606445,Point,XGBoost_2
525,SI_ref_19,MCB,IBU,Ground water,0.9196854524400332,0.9291148781776428,Point,XGBoost_2
527,SI_ref_19,MCB,IBU,Ground water,0.9178832092638545,0.9243883490562439,Point,XGBoost_2
529,SI_ref_19,MCB,IBU,Ground water,0.9177463688999173,0.9260788559913635,Point,XGBoost_2
531,SI_ref_19,MCB,IBU,Ground water,0.9177232092638544,0.9142950773239136,Point,XGBoost_2
533,SI_ref_19,MCB,IBU,Ground water,0.9175379321753515,0.9050098657608032,Point,XGBoost_2
535,SI_ref_19,MCB,IBU,Ground water,0.9173856344086023,0.9034953117370605,Point,XGBoost_2
537,SI_ref_19,MCB,IBU,Ground water,0.9902068659306948,0.9414395689964294,Point,XGBoost_2
539,SI_ref_19,MCB,IBU,Ground water,0.9708228218531151,0.9286465048789978,Point,XGBoost_2
541,SI_ref_19,MCB,IBU,Ground water,0.9483485035015843,0.9171294569969177,Point,XGBoost_2
543,SI_ref_19,MCB,IBU,Ground water,0.9173115500413566,0.9286465048789978,Point,XGBoost_2
545,SI_ref_19,MCB,IBU,Ground water,0.9358359065436908,0.9393829107284546,Point,XGBoost_2
547,SI_ref_19,MCB,IBU,Ground water,0.9263512886233829,0.9264229536056519,Point,XGBoost_2
549,SI_ref_19,MCB,IBU,Ground water,0.9153544975680639,0.92426997423172,Point,XGBoost_2
551,SI_ref_19,MCB,IBU,Ground water,0.9271238571918706,0.936992347240448,Point,XGBoost_2
553,SI_ref_19,MCB,IBU,Ground water,0.9199191103755877,0.918772280216217,Point,XGBoost_2
555,SI_ref_19,MCB,IBU,Ground water,0.910886274193223,0.9255290627479553,Point,XGBoost_2
557,SI_ref_19,MCB,IBU,Ground water,0.8716126359176348,0.8900370597839355,Point,XGBoost_2
559,SI_ref_19,MCB,IBU,Ground water,0.9228881866842084,0.9221382737159729,Point,XGBoost_2
561,SI_ref_19,MCB,IBU,Ground water,0.9227697266379059,0.939394474029541,Point,XGBoost_2
563,SI_ref_19,MCB,IBU,Ground water,0.9221446299502403,0.9426069259643555,Point,XGBoost_2
565,SI_ref_19,MCB,IBU,Ground water,0.9254612605703445,0.938669741153717,Point,XGBoost_2
567,SI_ref_19,MCB,IBU,Ground water,0.9188111047361486,0.9221382737159729,Point,XGBoost_2
569,SI_ref_19,MCB,IBU,Ground water,0.9124876096677748,0.928496778011322,Point,XGBoost_2
571,SI_ref_19,MCB,IBU,Ground water,0.927696260267614,0.9435485005378723,Point,XGBoost_2
573,SI_ref_19,MCB,IBU,Ground water,0.9222883610163676,0.9318487644195557,Point,XGBoost_2
575,SI_ref_19,MCB,IBU,Ground water,0.9173366162788351,0.9382072687149048,Point,XGBoost_2
577,SI_ref_19,MCB,IBU,Ground water,0.9896236049163454,0.9487169981002808,Point,XGBoost_2
579,SI_ref_19,MCB,IBU,Ground water,0.9728688772730024,0.9376903176307678,Point,XGBoost_2
581,SI_ref_19,MCB,IBU,Ground water,0.95367292982704,0.932063639163971,Point,XGBoost_2
583,SI_ref_19,MCB,IBU,Ground water,0.9381494412938034,0.9299869537353516,Point,XGBoost_2
585,SI_ref_19,MCB,IBU,Ground water,0.925414707326754,0.9141413569450378,Point,XGBoost_2
587,SI_ref_19,MCB,IBU,Ground water,0.9200694262245456,0.908514678478241,Point,XGBoost_2
589,SI_ref_19,MCB,IBU,Ground water,0.9296751902157461,0.9351712465286255,Point,XGBoost_2
591,SI_ref_19,MCB,IBU,Ground water,0.9221403459202003,0.9189834594726562,Point,XGBoost_2
593,SI_ref_19,MCB,IBU,Ground water,0.911624129649438,0.9133567810058594,Point,XGBoost_2
595,SI_ref_19,MCB,IBU,Ground water,0.9248851497651674,0.947916567325592,Point,XGBoost_2
597,SI_ref_19,MCB,IBU,Ground water,0.9206218375460943,0.9317287802696228,Point,XGBoost_2
599,SI_ref_19,MCB,IBU,Ground water,0.9170274735254856,0.9261021018028259,Point,XGBoost_2
601,SI_ref_19,MCB,IBU,Ground water,0.9300914246503462,0.9566351771354675,Point,XGBoost_2
603,SI_ref_19,MCB,IBU,Ground water,0.920786534541565,0.9404473900794983,Point,XGBoost_2
605,SI_ref_19,MCB,IBU,Ground water,0.9160948152334054,0.9348207116127014,Point,XGBoost_2
607,SI_ref_19,MCB,IBU,Ground water,0.9861765121394982,0.957102358341217,Point,XGBoost_2
609,SI_ref_19,MCB,IBU,Ground water,0.9661781267028597,0.9409145712852478,Point,XGBoost_2
611,SI_ref_19,MCB,IBU,Ground water,0.9529992532644452,0.9352878928184509,Point,XGBoost_2
613,SI_ref_19,MCB,IBU,Ground water,0.9352947587236877,0.9368934035301208,Point,XGBoost_2
615,SI_ref_19,MCB,IBU,Ground water,0.9284499518994666,0.9207056164741516,Point,XGBoost_2
617,SI_ref_19,MCB,IBU,Ground water,0.917077774862594,0.9150789380073547,Point,XGBoost_2
619,SI_ref_19,MCB,IBU,Ground water,0.9255842902984923,0.9325903654098511,Point,XGBoost_2
621,SI_ref_19,MCB,IBU,Ground water,0.9186162384710084,0.9164025783538818,Point,XGBoost_2
623,SI_ref_19,MCB,IBU,Ground water,0.9103224686673798,0.910775899887085,Point,XGBoost_2
625,SI_ref_19,MCB,IBU,Ground water,0.9258221154816445,0.937141478061676,Point,XGBoost_2
627,SI_ref_19,MCB,IBU,Ground water,0.921668420582223,0.9227179288864136,Point,XGBoost_2
629,SI_ref_19,MCB,IBU,Ground water,0.9150562646500002,0.9170912504196167,Point,XGBoost_2
631,SI_ref_19,MCB,IBU,Ground water,0.9296259863973036,0.9396566152572632,Point,XGBoost_2
633,SI_ref_19,MCB,IBU,Ground water,0.9216175906678238,0.9252330660820007,Point,XGBoost_2
635,SI_ref_19,MCB,IBU,Ground water,0.9188076045934327,0.9193961024284363,Point,XGBoost_2
698,SI_ref_18,NaOH-activated SCW biochars,IBU,Lake water,0.585296751211726,0.5138328075408936,Point,XGBoost_2
700,SI_ref_18,NaOH-activated SCW biochars,IBU,Lake water,0.6304734220526563,0.5272382497787476,Point,XGBoost_2
702,SI_ref_18,NaOH-activated SCW biochars,IBU,Lake water,0.6077686506314385,0.5064087510108948,Point,XGBoost_2
704,SI_ref_18,NaOH-activated SCW biochars,IBU,Lake water,0.6040537723014899,0.4827321469783783,Point,XGBoost_2
706,SI_ref_18,NaOH-activated SCW biochars,IBU,Lake water,0.6292724453182281,0.48376938700675964,Point,XGBoost_2
708,SI_ref_18,NaOH-activated SCW biochars,IBU,Lake water,0.6376478565264503,0.4828230142593384,Point,XGBoost_2
710,SI_ref_18,NaOH-activated SCW biochars,IBU,Lake water,0.6108673600702487,0.4828230142593384,Point,XGBoost_2
712,SI_ref_18,NaOH-activated SCW biochars,IBU,Lake water,0.10371139816269948,0.4605785310268402,Point,XGBoost_2
714,SI_ref_18,NaOH-activated SCW biochars,IBU,Lake water,0.46656560236114836,0.4605785310268402,Point,XGBoost_2
716,SI_ref_18,NaOH-activated SCW biochars,IBU,Lake water,0.44106817459704084,0.38441169261932373,Point,XGBoost_2
718,SI_ref_18,NaOH-activated SCW biochars,IBU,Lake water,0.6893393142281772,0.5088825821876526,Point,XGBoost_2
720,SI_ref_18,NaOH-activated SCW biochars,IBU,Lake water,0.621379975330744,0.4605785310268402,Point,XGBoost_2
722,SI_ref_18,NaOH-activated SCW biochars,IBU,Lake water,0.6727437787241767,0.4605785310268402,Point,XGBoost_2
723,SI_ref_18,NaOH-activated SCW biochars,IBU,Lake water,0.6293605973980515,0.4605785310268402,Point,XGBoost_2
724,SI_ref_18,NaOH-activated SCW biochars,IBU,Lake water,0.6573710855713073,0.4605785310268402,Point,XGBoost_2
726,SI_ref_18,NaOH-activated SCW biochars,IBU,Lake water,0.6298354173553987,0.4605785310268402,Point,XGBoost_2
727,SI_ref_18,NaOH-activated SCW biochars,IBU,Lake water,0.6523803226831055,0.4605785310268402,Point,XGBoost_2
728,SI_ref_18,NaOH-activated SCW biochars,IBU,Lake water,0.6378679449532959,0.4605785310268402,Point,XGBoost_2
730,SI_ref_18,NaOH-activated SCW biochars,IBU,Lake water,0.627404015064595,0.4605785310268402,Point,XGBoost_2
731,SI_ref_18,NaOH-activated SCW biochars,IBU,Lake water,0.6077370696640284,0.4605785310268402,Point,XGBoost_2
732,SI_ref_18,NaOH-activated SCW biochars,IBU,Lake water,0.6159420233488258,0.4605785310268402,Point,XGBoost_2
734,SI_ref_18,NaOH-activated SCW biochars,IBU,Lake water,0.6074163960354965,0.4605785310268402,Point,XGBoost_2
735,SI_ref_18,NaOH-activated SCW biochars,IBU,Lake water,0.6146046840259546,0.4605785310268402,Point,XGBoost_2
736,SI_ref_18,NaOH-activated SCW biochars,IBU,Lake water,0.6281995086504742,0.4605785310268402,Point,XGBoost_2
738,SI_ref_18,NaOH-activated SCW biochars,IBU,Lake water,0.6298527247859258,0.4605785310268402,Point,XGBoost_2
739,SI_ref_18,NaOH-activated SCW biochars,IBU,Lake water,0.576999656444263,0.4605785310268402,Point,XGBoost_2
740,SI_ref_18,NaOH-activated SCW biochars,IBU,Lake water,0.5791171913994386,0.4605785310268402,Point,XGBoost_2
742,SI_ref_18,NaOH-activated SCW biochars,IBU,Lake water,0.5786725135963804,0.4605785310268402,Point,XGBoost_2
743,SI_ref_18,NaOH-activated SCW biochars,IBU,Lake water,0.6233870058145189,0.4605785310268402,Point,XGBoost_2
744,SI_ref_18,NaOH-activated SCW biochars,IBU,Lake water,0.5944978576382812,0.4605785310268402,Point,XGBoost_2
745,SI_ref_18,NaOH-activated SCW biochars,IBU,Lake water,0.5630080357470825,0.46431490778923035,Point,XGBoost_2
747,SI_ref_18,NaOH-activated SCW biochars,IBU,Lake water,0.6846241766923425,0.5408446788787842,Point,XGBoost_2
749,SI_ref_18,NaOH-activated SCW biochars,IBU,Lake water,0.744908980376152,0.5552634000778198,Point,XGBoost_2
751,SI_ref_18,NaOH-activated SCW biochars,IBU,Lake water,0.6869669848084122,0.4605785310268402,Point,XGBoost_2
753,SI_ref_18,NaOH-activated SCW biochars,IBU,Lake water,0.7932075459644551,0.4605785310268402,Point,XGBoost_2
852,SI_ref_13,PB600,CBZ,Synthetic,0.5776772247360483,0.7626445889472961,Point,XGBoost_2
853,SI_ref_13,PB600,CBZ,Synthetic,0.5656108597285068,0.7542580366134644,Point,XGBoost_2
854,SI_ref_13,PB600,CBZ,Synthetic,0.5475113122171945,0.7327636480331421,Point,XGBoost_2
855,SI_ref_13,PB600,CBZ,Synthetic,0.4479638009049774,0.6917499303817749,Point,XGBoost_2
856,SI_ref_13,PB600,CBZ,Synthetic,0.45098039215686275,0.647357165813446,Point,XGBoost_2
857,SI_ref_13,PB600,CBZ,Synthetic,0.42684766214177977,0.5929929614067078,Point,XGBoost_2
858,SI_ref_13,PB600,CBZ,Synthetic,0.32437120555073723,0.5955409407615662,Point,XGBoost_2
859,SI_ref_13,PB600,CBZ,Synthetic,0.4773489932885906,0.6862546801567078,Point,XGBoost_2
860,SI_ref_13,PB600,CBZ,Synthetic,0.4437372714068248,0.5955409407615662,Point,XGBoost_2
861,SI_ref_13,PB600,CBZ,Synthetic,0.35791881074899945,0.5955409407615662,Point,XGBoost_2
862,SI_ref_13,PB600,CBZ,Synthetic,0.32426715019643393,0.5955409407615662,Point,XGBoost_2
863,SI_ref_13,PB600,CBZ,Synthetic,0.24055829228243014,0.5955409407615662,Point,XGBoost_2
864,SI_ref_13,PB600,CBZ,Synthetic,0.44839549002601903,0.5734538435935974,Point,XGBoost_2
865,SI_ref_13,PB600,CBZ,Synthetic,0.5528523489932886,0.5737414956092834,Point,XGBoost_2
866,SI_ref_13,PB600,CBZ,Synthetic,0.5653368025440879,0.5955409407615662,Point,XGBoost_2
867,SI_ref_13,PB600,CBZ,Synthetic,0.6235906331309627,0.5955409407615662,Point,XGBoost_2
868,SI_ref_13,PB600,CBZ,Synthetic,0.6991037872217403,0.5955409407615662,Point,XGBoost_2
869,SI_ref_13,PB600,CBZ,Synthetic,0.7401395944327428,0.5955409407615662,Point,XGBoost_2
870,SI_ref_13,PB600,CBZ,Synthetic,0.8642533936651583,0.555239200592041,Point,XGBoost_2
871,SI_ref_13,PB600,CBZ,Synthetic,0.6953242835595775,0.555239200592041,Point,XGBoost_2
872,SI_ref_13,PB600,CBZ,Synthetic,0.4479638009049774,0.555239200592041,Point,XGBoost_2
873,SI_ref_13,PB600,CBZ,Synthetic,0.36651583710407243,0.555239200592041,Point,XGBoost_2
874,SI_ref_13,PB600,CBZ,Synthetic,0.248868778280543,0.555239200592041,Point,XGBoost_2
898,SI_ref_13,PB600,CBZ,Synthetic,0.244663382594417,0.5955409407615662,Point,XGBoost_2
899,SI_ref_13,PB800,CBZ,Synthetic,0.27061079156395507,0.44430580735206604,Point,XGBoost_2
900,SI_ref_13,PB800,CBZ,Synthetic,0.22678718159408381,0.4317690432071686,Point,XGBoost_2
901,SI_ref_13,PB800,CBZ,Synthetic,0.18844152287044644,0.3959314823150635,Point,XGBoost_2
902,SI_ref_13,PB800,CBZ,Synthetic,0.17748562037797863,0.35111916065216064,Point,XGBoost_2
903,SI_ref_13,PB800,CBZ,Synthetic,0.16379074226239385,0.3449888229370117,Point,XGBoost_2
904,SI_ref_13,PB800,CBZ,Synthetic,0.155573815393043,0.3449724614620209,Point,XGBoost_2
905,SI_ref_13,PB800,CBZ,Synthetic,0.08520900321543408,0.3452225923538208,Point,XGBoost_2
906,SI_ref_13,PB800,CBZ,Synthetic,0.16135346756152125,0.337207555770874,Point,XGBoost_2
907,SI_ref_13,PB800,CBZ,Synthetic,0.1561792870827899,0.3452225923538208,Point,XGBoost_2
908,SI_ref_13,PB800,CBZ,Synthetic,0.13676633444075306,0.3452225923538208,Point,XGBoost_2
909,SI_ref_13,PB800,CBZ,Synthetic,0.1002310803004044,0.3452225923538208,Point,XGBoost_2
910,SI_ref_13,PB800,CBZ,Synthetic,0.04322336667164253,0.3452225923538208,Point,XGBoost_2
911,SI_ref_13,PB800,CBZ,Synthetic,0.20609619686800895,0.34580010175704956,Point,XGBoost_2
912,SI_ref_13,PB800,CBZ,Synthetic,0.1865212527964206,0.34580010175704956,Point,XGBoost_2
913,SI_ref_13,PB800,CBZ,Synthetic,0.28121650589496244,0.3452225923538208,Point,XGBoost_2
914,SI_ref_13,PB800,CBZ,Synthetic,0.36611289746337977,0.3452225923538208,Point,XGBoost_2
915,SI_ref_13,PB800,CBZ,Synthetic,0.5117363344051448,0.3452225923538208,Point,XGBoost_2
916,SI_ref_13,PB800,CBZ,Synthetic,0.5707012708620426,0.3452225923538208,Point,XGBoost_2
917,SI_ref_13,PB800,CBZ,Synthetic,0.5791052918712493,0.36109986901283264,Point,XGBoost_2
918,SI_ref_13,PB800,CBZ,Synthetic,0.30905619203491547,0.36109986901283264,Point,XGBoost_2
919,SI_ref_13,PB800,CBZ,Synthetic,0.16448445171849424,0.36109986901283264,Point,XGBoost_2
920,SI_ref_13,PB800,CBZ,Synthetic,0.12460736493062231,0.36109986901283264,Point,XGBoost_2
921,SI_ref_13,PB800,CBZ,Synthetic,0.08265139116202945,0.36109986901283264,Point,XGBoost_2
987,SI_ref_15,PSB,TEB,Synthetic,0.9529494921755761,0.9545382857322693,Point,XGBoost_2
988,SI_ref_15,PSB,TEB,Synthetic,0.9422238246841239,0.9469835758209229,Point,XGBoost_2
989,SI_ref_15,PSB,TEB,Synthetic,0.9297851778252496,0.9388601779937744,Point,XGBoost_2
990,SI_ref_15,PSB,TEB,Synthetic,0.9225192311101157,0.9383043050765991,Point,XGBoost_2
991,SI_ref_15,PSB,TEB,Synthetic,0.920805363267918,0.9327754974365234,Point,XGBoost_2
992,SI_ref_15,PSB,TEB,Synthetic,0.9178876121047361,0.9340285062789917,Point,XGBoost_2
993,SI_ref_15,PSB,TEB,Synthetic,0.9171857170319854,0.92775559425354,Point,XGBoost_2
994,SI_ref_15,PSB,TEB,Synthetic,0.9362126098667423,0.92328280210495,Point,XGBoost_2
995,SI_ref_15,PSB,TEB,Synthetic,0.9575716949823408,0.92328280210495,Point,XGBoost_2
996,SI_ref_15,PSB,TEB,Synthetic,0.9144403299752767,0.92328280210495,Point,XGBoost_2
997,SI_ref_15,PSB,TEB,Synthetic,0.9131362601666559,0.92328280210495,Point,XGBoost_2
998,SI_ref_15,PSB,TEB,Synthetic,0.9073783566890704,0.92328280210495,Point,XGBoost_2
999,SI_ref_15,PSB,TEB,Synthetic,0.8610942615965279,0.92328280210495,Point,XGBoost_2
1000,SI_ref_15,PSB,TEB,Synthetic,0.8714762044822667,0.92328280210495,Point,XGBoost_2
1001,SI_ref_15,PSB,TEB,Synthetic,0.8650362109004135,0.92328280210495,Point,XGBoost_2
1002,SI_ref_15,PSB,TEB,Synthetic,0.9441016733966956,0.92328280210495,Point,XGBoost_2
1003,SI_ref_15,PSB,TEB,Synthetic,0.952584477756588,0.92328280210495,Point,XGBoost_2
1004,SI_ref_15,PSB,TEB,Synthetic,0.9589909115585907,0.92328280210495,Point,XGBoost_2
1005,SI_ref_15,PSB,TEB,Synthetic,0.9629553594597028,0.92328280210495,Point,XGBoost_2
1052,SI_ref_15,PSBOX-A,TEB,Synthetic,0.5158767649493458,0.5021871328353882,Point,XGBoost_2
1053,SI_ref_15,PSBOX-A,TEB,Synthetic,0.41210379963008376,0.39611735939979553,Point,XGBoost_2
1054,SI_ref_15,PSBOX-A,TEB,Synthetic,0.30623403384032577,0.32690736651420593,Point,XGBoost_2
1055,SI_ref_15,PSBOX-A,TEB,Synthetic,0.21283845390046752,0.25154733657836914,Point,XGBoost_2
1056,SI_ref_15,PSBOX-A,TEB,Synthetic,0.12421842587964138,0.20461253821849823,Point,XGBoost_2
1057,SI_ref_15,PSBOX-A,TEB,Synthetic,0.09371708683213013,0.18295198678970337,Point,XGBoost_2
1058,SI_ref_15,PSBOX-A,TEB,Synthetic,0.07890621232231329,0.1816888004541397,Point,XGBoost_2
1059,SI_ref_15,PSBOX-A,TEB,Synthetic,0.07277962857952934,0.23291923105716705,Point,XGBoost_2
1060,SI_ref_15,PSBOX-A,TEB,Synthetic,0.5073983287736047,0.1483534872531891,Point,XGBoost_2
1061,SI_ref_15,PSBOX-A,TEB,Synthetic,0.5163778457532948,0.25752121210098267,Point,XGBoost_2
1062,SI_ref_15,PSBOX-A,TEB,Synthetic,0.5077105405964751,0.23291923105716705,Point,XGBoost_2
1063,SI_ref_15,PSBOX-A,TEB,Synthetic,0.058828707349529885,0.23291923105716705,Point,XGBoost_2
1064,SI_ref_15,PSBOX-A,TEB,Synthetic,0.4930488637978448,0.19199609756469727,Point,XGBoost_2
1065,SI_ref_15,PSBOX-A,TEB,Synthetic,0.5160089507499187,0.22619999945163727,Point,XGBoost_2
1066,SI_ref_15,PSBOX-A,TEB,Synthetic,0.07083175356135256,0.23291923105716705,Point,XGBoost_2
1067,SI_ref_15,PSBOX-A,TEB,Synthetic,0.051172794584274484,0.23291923105716705,Point,XGBoost_2
1068,SI_ref_15,PSBOX-A,TEB,Synthetic,0.04750722464731311,0.23291923105716705,Point,XGBoost_2
1069,SI_ref_15,PSBOX-A,TEB,Synthetic,0.04108376658313895,0.23291923105716705,Point,XGBoost_2
1070,SI_ref_15,PSBOX-A,TEB,Synthetic,0.04527670142322688,0.23291923105716705,Point,XGBoost_2
1071,SI_ref_15,PSBOX-A,TEB,Synthetic,0.04243318293660387,0.23291923105716705,Point,XGBoost_2
1072,SI_ref_15,PSBOX-A,TEB,Synthetic,0.09409506092292502,0.23291923105716705,Point,XGBoost_2
1073,SI_ref_15,PSBOX-A,TEB,Synthetic,0.28314921751011557,0.23291923105716705,Point,XGBoost_2
1074,SI_ref_15,PSBOX-A,TEB,Synthetic,0.44223994246690523,0.23291923105716705,Point,XGBoost_2
1075,SI_ref_15,PSBOX-A,TEB,Synthetic,0.5102144207532882,0.23291923105716705,Point,XGBoost_2
1077,SI_ref_17,Pristine SCG biochar,CBZ,Synthetic,0.9431980957558961,0.9452806115150452,Point,XGBoost_2
1079,SI_ref_17,Pristine SCG biochar,CBZ,Synthetic,0.9360319849357849,0.9423609972000122,Point,XGBoost_2
1081,SI_ref_17,Pristine SCG biochar,CBZ,Synthetic,0.9307104448319532,0.9319664835929871,Point,XGBoost_2
1083,SI_ref_17,Pristine SCG biochar,CBZ,Synthetic,0.9258716624342764,0.9302121996879578,Point,XGBoost_2
1085,SI_ref_17,Pristine SCG biochar,CBZ,Synthetic,0.9157118703628806,0.9239743947982788,Point,XGBoost_2
1087,SI_ref_17,Pristine SCG biochar,CBZ,Synthetic,0.9147137334986508,0.9217988848686218,Point,XGBoost_2
1089,SI_ref_17,Pristine SCG biochar,CBZ,Synthetic,0.9138427672538969,0.9170405268669128,Point,XGBoost_2
1091,SI_ref_17,Pristine SCG biochar,CBZ,Synthetic,0.8932130468798682,0.8563822507858276,Point,XGBoost_2
1093,SI_ref_17,Pristine SCG biochar,CBZ,Synthetic,0.9247624360467385,0.9069496989250183,Point,XGBoost_2
1095,SI_ref_17,Pristine SCG biochar,CBZ,Synthetic,0.9071706166070994,0.9069496989250183,Point,XGBoost_2
1097,SI_ref_17,Pristine SCG biochar,CBZ,Synthetic,0.908534541255576,0.9069496989250183,Point,XGBoost_2
1099,SI_ref_17,Pristine SCG biochar,CBZ,Synthetic,0.903895578148675,0.9069496989250183,Point,XGBoost_2
1101,SI_ref_17,Pristine SCG biochar,CBZ,Synthetic,0.9071468090110305,0.9069496989250183,Point,XGBoost_2
1103,SI_ref_17,Pristine SCG biochar,CBZ,Synthetic,0.890879570190962,0.9069496989250183,Point,XGBoost_2
1105,SI_ref_17,Pristine SCG biochar,CBZ,Synthetic,0.8806314346444372,0.9091886281967163,Point,XGBoost_2
1107,SI_ref_17,Pristine SCG biochar,CBZ,Synthetic,0.9289062306369882,0.9069496989250183,Point,XGBoost_2
1109,SI_ref_17,Pristine SCG biochar,CBZ,Synthetic,0.9261272699552149,0.9069496989250183,Point,XGBoost_2
1111,SI_ref_17,Pristine SCG biochar,CBZ,Synthetic,0.9403460613803251,0.9069496989250183,Point,XGBoost_2
1113,SI_ref_17,Pristine SCG biochar,CBZ,Synthetic,0.9373850128799738,0.9069496989250183,Point,XGBoost_2
1115,SI_ref_17,Pristine SCG biochar,CBZ,Synthetic,0.925161257978969,0.9069496989250183,Point,XGBoost_2
1253,SI_ref_18,Pristine SCW Biochar,IBU,Lake water,0.9264336848996528,0.9259623885154724,Point,XGBoost_2
1255,SI_ref_18,Pristine SCW Biochar,IBU,Lake water,0.9179334532144726,0.9199758172035217,Point,XGBoost_2
1257,SI_ref_18,Pristine SCW Biochar,IBU,Lake water,0.916180999264559,0.9180667400360107,Point,XGBoost_2
1259,SI_ref_18,Pristine SCW Biochar,IBU,Lake water,0.9235678454978681,0.919072687625885,Point,XGBoost_2
1261,SI_ref_18,Pristine SCW Biochar,IBU,Lake water,0.9285970293283682,0.9201264977455139,Point,XGBoost_2
1263,SI_ref_18,Pristine SCW Biochar,IBU,Lake water,0.9209592404126973,0.917399525642395,Point,XGBoost_2
1265,SI_ref_18,Pristine SCW Biochar,IBU,Lake water,0.9279432945207517,0.916551947593689,Point,XGBoost_2
1269,SI_ref_18,Pristine SCW Biochar,IBU,Lake water,0.8974085452250303,0.8942301869392395,Point,XGBoost_2
1271,SI_ref_18,Pristine SCW Biochar,IBU,Lake water,0.9239929387412031,0.9280616044998169,Point,XGBoost_2
1273,SI_ref_18,Pristine SCW Biochar,IBU,Lake water,0.9256303580479686,0.9168512225151062,Point,XGBoost_2
1275,SI_ref_18,Pristine SCW Biochar,IBU,Lake water,0.9240446881745522,0.9168512225151062,Point,XGBoost_2
1276,SI_ref_18,Pristine SCW Biochar,IBU,Lake water,0.9283922239724117,0.9168512225151062,Point,XGBoost_2
1277,SI_ref_18,Pristine SCW Biochar,IBU,Lake water,0.9240711354841218,0.9168512225151062,Point,XGBoost_2
1279,SI_ref_18,Pristine SCW Biochar,IBU,Lake water,0.9204127206373283,0.9168512225151062,Point,XGBoost_2
1280,SI_ref_18,Pristine SCW Biochar,IBU,Lake water,0.9185968665123906,0.9168512225151062,Point,XGBoost_2
1281,SI_ref_18,Pristine SCW Biochar,IBU,Lake water,0.9182954449695013,0.9168512225151062,Point,XGBoost_2
1283,SI_ref_18,Pristine SCW Biochar,IBU,Lake water,0.9158900362354069,0.9168512225151062,Point,XGBoost_2
1284,SI_ref_18,Pristine SCW Biochar,IBU,Lake water,0.9125854189759445,0.9168512225151062,Point,XGBoost_2
1285,SI_ref_18,Pristine SCW Biochar,IBU,Lake water,0.9175495400890653,0.9168512225151062,Point,XGBoost_2
1287,SI_ref_18,Pristine SCW Biochar,IBU,Lake water,0.9120226357855434,0.9168512225151062,Point,XGBoost_2
1288,SI_ref_18,Pristine SCW Biochar,IBU,Lake water,0.9131050308227836,0.9168512225151062,Point,XGBoost_2
1289,SI_ref_18,Pristine SCW Biochar,IBU,Lake water,0.91141920930323,0.9168512225151062,Point,XGBoost_2
1291,SI_ref_18,Pristine SCW Biochar,IBU,Lake water,0.9068652159539504,0.9168512225151062,Point,XGBoost_2
1292,SI_ref_18,Pristine SCW Biochar,IBU,Lake water,0.9091226364337618,0.9168512225151062,Point,XGBoost_2
1293,SI_ref_18,Pristine SCW Biochar,IBU,Lake water,0.9067682424855283,0.9168512225151062,Point,XGBoost_2
1295,SI_ref_18,Pristine SCW Biochar,IBU,Lake water,0.9027540853962883,0.9168512225151062,Point,XGBoost_2
1296,SI_ref_18,Pristine SCW Biochar,IBU,Lake water,0.9025373859945938,0.9168512225151062,Point,XGBoost_2
1297,SI_ref_18,Pristine SCW Biochar,IBU,Lake water,0.9026152370210476,0.9168512225151062,Point,XGBoost_2
1298,SI_ref_18,Pristine SCW Biochar,IBU,Lake water,0.9219347373743266,0.919181227684021,Point,XGBoost_2
1300,SI_ref_18,Pristine SCW Biochar,IBU,Lake water,0.9277221749920567,0.9361333250999451,Point,XGBoost_2
1302,SI_ref_18,Pristine SCW Biochar,IBU,Lake water,0.9340257796823453,0.9400680661201477,Point,XGBoost_2
2,SI_ref_19,AMCB,IBU,Ground water,0.6563767477253929,0.5013036464660245,Contrast,Ridge_2
4,SI_ref_19,AMCB,IBU,Ground water,0.5414154110835401,0.4849258632385595,Contrast,Ridge_2
6,SI_ref_19,AMCB,IBU,Ground water,0.39819987427626136,0.46835378757910506,Contrast,Ridge_2
8,SI_ref_19,AMCB,IBU,Ground water,0.3426557088502895,0.45168275838721084,Contrast,Ridge_2
10,SI_ref_19,AMCB,IBU,Ground water,0.3352626765922249,0.4349617903994126,Contrast,Ridge_2
12,SI_ref_19,AMCB,IBU,Ground water,0.33078034739454093,0.42516802980101187,Contrast,Ridge_2
14,SI_ref_19,AMCB,IBU,Ground water,0.3305497038875103,0.418215736199251,Contrast,Ridge_2
16,SI_ref_19,AMCB,IBU,Ground water,0.029204625724030753,0.4322918128321434,Contrast,Ridge_2
18,SI_ref_19,AMCB,IBU,Ground water,0.005264283840238958,0.40841359613089007,Contrast,Ridge_2
20,SI_ref_19,AMCB,IBU,Ground water,0.0023766372681587895,0.3845353794296367,Contrast,Ridge_2
22,SI_ref_19,AMCB,IBU,Ground water,0.32926049296939613,0.40841359613089007,Contrast,Ridge_2
24,SI_ref_19,AMCB,IBU,Ground water,0.19832193047959257,0.43227502770890147,Contrast,Ridge_2
26,SI_ref_19,AMCB,IBU,Ground water,0.1894672613641715,0.4083968110076482,Contrast,Ridge_2
28,SI_ref_19,AMCB,IBU,Ground water,0.1528746627917146,0.38451859430639485,Contrast,Ridge_2
30,SI_ref_19,AMCB,IBU,Ground water,0.3449761650083755,0.43225825422179454,Contrast,Ridge_2
32,SI_ref_19,AMCB,IBU,Ground water,0.30765270742093687,0.40838003752054114,Contrast,Ridge_2
34,SI_ref_19,AMCB,IBU,Ground water,0.303030777614079,0.3845018208192878,Contrast,Ridge_2
36,SI_ref_19,AMCB,IBU,Ground water,0.41496556078686897,0.4322414923547003,Contrast,Ridge_2
38,SI_ref_19,AMCB,IBU,Ground water,0.3766264851820565,0.40836327565344693,Contrast,Ridge_2
40,SI_ref_19,AMCB,IBU,Ground water,0.38956403906090076,0.3844850589521936,Contrast,Ridge_2
42,SI_ref_19,AMCB,IBU,Ground water,0.5182383095521604,0.43222474209153017,Contrast,Ridge_2
44,SI_ref_19,AMCB,IBU,Ground water,0.5024496962602676,0.4083465253902769,Contrast,Ridge_2
46,SI_ref_19,AMCB,IBU,Ground water,0.48210720700720494,0.38446830868902354,Contrast,Ridge_2
48,SI_ref_19,AMCB,IBU,Ground water,0.03338351934448727,0.432208003416229,Contrast,Ridge_2
50,SI_ref_19,AMCB,IBU,Ground water,0.0,0.4083297867149757,Contrast,Ridge_2
52,SI_ref_19,AMCB,IBU,Ground water,0.003531050071646246,0.3844515700137224,Contrast,Ridge_2
54,SI_ref_19,AMCB,IBU,Ground water,0.19999798179579809,0.4321912763127748,Contrast,Ridge_2
56,SI_ref_19,AMCB,IBU,Ground water,0.17260220522445793,0.4083130596115215,Contrast,Ridge_2
58,SI_ref_19,AMCB,IBU,Ground water,0.15656878376287445,0.38443484291026814,Contrast,Ridge_2
60,SI_ref_19,AMCB,IBU,Ground water,0.3457359785263073,0.43217456076517885,Contrast,Ridge_2
62,SI_ref_19,AMCB,IBU,Ground water,0.32626934953278575,0.4082963440639255,Contrast,Ridge_2
64,SI_ref_19,AMCB,IBU,Ground water,0.3258728934993643,0.38441812736267217,Contrast,Ridge_2
66,SI_ref_19,AMCB,IBU,Ground water,0.4885549946229274,0.4321578567574855,Contrast,Ridge_2
68,SI_ref_19,AMCB,IBU,Ground water,0.39885279506866217,0.40827964005623213,Contrast,Ridge_2
70,SI_ref_19,AMCB,IBU,Ground water,0.42188356115014575,0.3844014233549788,Contrast,Ridge_2
72,SI_ref_19,AMCB,IBU,Ground water,0.5107350299703324,0.43214116427377214,Contrast,Ridge_2
74,SI_ref_19,AMCB,IBU,Ground water,0.5226317382792791,0.4082629475725188,Contrast,Ridge_2
76,SI_ref_19,AMCB,IBU,Ground water,0.4945842701164504,0.38438473087126546,Contrast,Ridge_2
78,SI_ref_19,AMCB,IBU,Ground water,0.025848755777109534,0.4321244832981491,Contrast,Ridge_2
80,SI_ref_19,AMCB,IBU,Ground water,0.008169690609295848,0.4082462665968957,Contrast,Ridge_2
82,SI_ref_19,AMCB,IBU,Ground water,0.0,0.3843680498956424,Contrast,Ridge_2
84,SI_ref_19,AMCB,IBU,Ground water,0.2007202298061851,0.4321078138147596,Contrast,Ridge_2
86,SI_ref_19,AMCB,IBU,Ground water,0.16952726930244136,0.40822959711350626,Contrast,Ridge_2
88,SI_ref_19,AMCB,IBU,Ground water,0.14747637019246942,0.3843513804122529,Contrast,Ridge_2
90,SI_ref_19,AMCB,IBU,Ground water,0.34008395729479907,0.4320911558077795,Contrast,Ridge_2
92,SI_ref_19,AMCB,IBU,Ground water,0.32813530040969546,0.4082129391065262,Contrast,Ridge_2
94,SI_ref_19,AMCB,IBU,Ground water,0.3191737471997417,0.38433472240527283,Contrast,Ridge_2
96,SI_ref_19,AMCB,IBU,Ground water,0.45590621693388655,0.43207450926141744,Contrast,Ridge_2
98,SI_ref_19,AMCB,IBU,Ground water,0.4386715603313315,0.40819629256016415,Contrast,Ridge_2
100,SI_ref_19,AMCB,IBU,Ground water,0.4136227630368784,0.3843180758589108,Contrast,Ridge_2
102,SI_ref_19,AMCB,IBU,Ground water,0.15909620069601668,0.38153578112977465,Contrast,Ridge_2
104,SI_ref_19,AMCB,IBU,Ground water,0.32070040208616674,0.4081796574586612,Contrast,Ridge_2
106,SI_ref_19,AMCB,IBU,Ground water,0.3644459510905023,0.4348235337875478,Contrast,Ridge_2
108,SI_ref_19,AMCB,IBU,Ground water,0.46356787238707886,0.46146741011643433,Contrast,Ridge_2
110,SI_ref_19,AMCB,IBU,Ground water,0.5205305455205957,0.4320578741599146,Contrast,Ridge_2
112,SI_ref_19,AMCB,IBU,Ground water,0.5464029950150356,0.4081796574586612,Contrast,Ridge_2
114,SI_ref_19,AMCB,IBU,Ground water,0.48301499525722014,0.38430144075740785,Contrast,Ridge_2
117,SI_ref_17,Alkali-modified SCG biochars,CBZ,Synthetic,0.12103690777624292,0.3203705527560224,Contrast,Ridge_2
119,SI_ref_17,Alkali-modified SCG biochars,CBZ,Synthetic,0.0701486117179634,0.3039927695285573,Contrast,Ridge_2
121,SI_ref_17,Alkali-modified SCG biochars,CBZ,Synthetic,0.050188840370859876,0.27767690673401446,Contrast,Ridge_2
123,SI_ref_17,Alkali-modified SCG biochars,CBZ,Synthetic,0.033003190610721066,0.2609726195301722,Contrast,Ridge_2
125,SI_ref_17,Alkali-modified SCG biochars,CBZ,Synthetic,0.03511734337104713,0.2511844371822197,Contrast,Ridge_2
127,SI_ref_17,Alkali-modified SCG biochars,CBZ,Synthetic,0.03195287629892775,0.2442349360910097,Contrast,Ridge_2
129,SI_ref_17,Alkali-modified SCG biochars,CBZ,Synthetic,0.03449328813829176,0.23728264248924885,Contrast,Ridge_2
132,SI_ref_17,Alkali-modified SCG biochars,CBZ,Synthetic,0.041716779164719504,0.22748050242088785,Contrast,Ridge_2
134,SI_ref_17,Alkali-modified SCG biochars,CBZ,Synthetic,0.00635796336582959,0.22748050242088785,Contrast,Ridge_2
136,SI_ref_17,Alkali-modified SCG biochars,CBZ,Synthetic,0.011730609548845337,0.22748050242088785,Contrast,Ridge_2
138,SI_ref_17,Alkali-modified SCG biochars,CBZ,Synthetic,0.01988738850164665,0.22748050242088785,Contrast,Ridge_2
140,SI_ref_17,Alkali-modified SCG biochars,CBZ,Synthetic,0.006132526431344026,0.22748050242088785,Contrast,Ridge_2
142,SI_ref_17,Alkali-modified SCG biochars,CBZ,Synthetic,0.007712590639419909,0.22748050242088785,Contrast,Ridge_2
145,SI_ref_17,Alkali-modified SCG biochars,CBZ,Synthetic,0.10268999927349255,0.22748050242088785,Contrast,Ridge_2
147,SI_ref_17,Alkali-modified SCG biochars,CBZ,Synthetic,0.14439822919669368,0.22748050242088785,Contrast,Ridge_2
149,SI_ref_17,Alkali-modified SCG biochars,CBZ,Synthetic,0.34003506921741083,0.22748050242088785,Contrast,Ridge_2
151,SI_ref_17,Alkali-modified SCG biochars,CBZ,Synthetic,0.4516798693491866,0.22748050242088785,Contrast,Ridge_2
153,SI_ref_17,Alkali-modified SCG biochars,CBZ,Synthetic,0.5612135486607656,0.22748050242088785,Contrast,Ridge_2
282,SI_ref_19,CB,IBU,Ground water,0.9280102961124896,0.9909351117424748,Contrast,Ridge_2
284,SI_ref_19,CB,IBU,Ground water,0.9242732043010754,0.9745573285150098,Contrast,Ridge_2
286,SI_ref_19,CB,IBU,Ground water,0.9218881323407775,0.9579852528555554,Contrast,Ridge_2
288,SI_ref_19,CB,IBU,Ground water,0.9215853366418528,0.9413142236636611,Contrast,Ridge_2
290,SI_ref_19,CB,IBU,Ground water,0.9207959503722085,0.9245932556758629,Contrast,Ridge_2
292,SI_ref_19,CB,IBU,Ground water,0.9207361323407776,0.9147994950774622,Contrast,Ridge_2
294,SI_ref_19,CB,IBU,Ground water,0.9206762613730356,0.9078472014757013,Contrast,Ridge_2
296,SI_ref_19,CB,IBU,Ground water,0.9945207101387852,0.9219232781085938,Contrast,Ridge_2
298,SI_ref_19,CB,IBU,Ground water,0.9765877548823724,0.8980450614073403,Contrast,Ridge_2
300,SI_ref_19,CB,IBU,Ground water,0.9595058090644278,0.8741668447060871,Contrast,Ridge_2
302,SI_ref_19,CB,IBU,Ground water,0.9409019130333385,0.9219232781085938,Contrast,Ridge_2
304,SI_ref_19,CB,IBU,Ground water,0.9323428884090048,0.8980450614073403,Contrast,Ridge_2
306,SI_ref_19,CB,IBU,Ground water,0.9259231602386863,0.8741668447060871,Contrast,Ridge_2
308,SI_ref_19,CB,IBU,Ground water,0.8753590996713628,0.8714011850784538,Contrast,Ridge_2
310,SI_ref_19,CB,IBU,Ground water,0.9341230700922319,0.9219232781085938,Contrast,Ridge_2
312,SI_ref_19,CB,IBU,Ground water,0.9234390298948024,0.8980450614073403,Contrast,Ridge_2
314,SI_ref_19,CB,IBU,Ground water,0.917590560186213,0.8741668447060871,Contrast,Ridge_2
316,SI_ref_19,CB,IBU,Ground water,0.9236132062907854,0.924688937736227,Contrast,Ridge_2
318,SI_ref_19,CB,IBU,Ground water,0.9231865295080666,0.9513328140651136,Contrast,Ridge_2
320,SI_ref_19,CB,IBU,Ground water,0.9303445651202417,0.9219232781085938,Contrast,Ridge_2
322,SI_ref_19,CB,IBU,Ground water,0.923151204819856,0.8980450614073403,Contrast,Ridge_2
324,SI_ref_19,CB,IBU,Ground water,0.9175260660683171,0.8741668447060871,Contrast,Ridge_2
326,SI_ref_19,CB,IBU,Ground water,0.9318432124429017,0.9219232781085938,Contrast,Ridge_2
328,SI_ref_19,CB,IBU,Ground water,0.9241489703794897,0.8980450614073403,Contrast,Ridge_2
330,SI_ref_19,CB,IBU,Ground water,0.9174641264203113,0.8741668447060871,Contrast,Ridge_2
523,SI_ref_19,MCB,IBU,Ground water,0.9264289561621175,0.9175043953993796,Contrast,Ridge_2
525,SI_ref_19,MCB,IBU,Ground water,0.9196854524400332,0.9011266121719145,Contrast,Ridge_2
527,SI_ref_19,MCB,IBU,Ground water,0.9178832092638545,0.8845545365124601,Contrast,Ridge_2
529,SI_ref_19,MCB,IBU,Ground water,0.9177463688999173,0.8678835073205659,Contrast,Ridge_2
531,SI_ref_19,MCB,IBU,Ground water,0.9177232092638544,0.8511625393327675,Contrast,Ridge_2
533,SI_ref_19,MCB,IBU,Ground water,0.9175379321753515,0.8413687787343669,Contrast,Ridge_2
535,SI_ref_19,MCB,IBU,Ground water,0.9173856344086023,0.834416485132606,Contrast,Ridge_2
537,SI_ref_19,MCB,IBU,Ground water,0.9902068659306948,0.8484925617654984,Contrast,Ridge_2
539,SI_ref_19,MCB,IBU,Ground water,0.9708228218531151,0.824614345064245,Contrast,Ridge_2
541,SI_ref_19,MCB,IBU,Ground water,0.9483485035015843,0.8007361283629917,Contrast,Ridge_2
543,SI_ref_19,MCB,IBU,Ground water,0.9173115500413566,0.824614345064245,Contrast,Ridge_2
545,SI_ref_19,MCB,IBU,Ground water,0.9358359065436908,0.8484757766422565,Contrast,Ridge_2
547,SI_ref_19,MCB,IBU,Ground water,0.9263512886233829,0.8245975599410031,Contrast,Ridge_2
549,SI_ref_19,MCB,IBU,Ground water,0.9153544975680639,0.8007193432397499,Contrast,Ridge_2
551,SI_ref_19,MCB,IBU,Ground water,0.9271238571918706,0.8484590031551494,Contrast,Ridge_2
553,SI_ref_19,MCB,IBU,Ground water,0.9199191103755877,0.8245807864538961,Contrast,Ridge_2
555,SI_ref_19,MCB,IBU,Ground water,0.910886274193223,0.8007025697526429,Contrast,Ridge_2
557,SI_ref_19,MCB,IBU,Ground water,0.8716126359176348,0.7979201482579154,Contrast,Ridge_2
559,SI_ref_19,MCB,IBU,Ground water,0.9228881866842084,0.8245640245868019,Contrast,Ridge_2
561,SI_ref_19,MCB,IBU,Ground water,0.9227697266379059,0.8512079009156885,Contrast,Ridge_2
563,SI_ref_19,MCB,IBU,Ground water,0.9221446299502403,0.8778517772445751,Contrast,Ridge_2
565,SI_ref_19,MCB,IBU,Ground water,0.9254612605703445,0.8484422412880552,Contrast,Ridge_2
567,SI_ref_19,MCB,IBU,Ground water,0.9188111047361486,0.8245640245868019,Contrast,Ridge_2
569,SI_ref_19,MCB,IBU,Ground water,0.9124876096677748,0.8006858078855486,Contrast,Ridge_2
571,SI_ref_19,MCB,IBU,Ground water,0.927696260267614,0.8484254910248852,Contrast,Ridge_2
573,SI_ref_19,MCB,IBU,Ground water,0.9222883610163676,0.8245472743236318,Contrast,Ridge_2
575,SI_ref_19,MCB,IBU,Ground water,0.9173366162788351,0.8006690576223785,Contrast,Ridge_2
577,SI_ref_19,MCB,IBU,Ground water,0.9896236049163454,0.848408752349584,Contrast,Ridge_2
579,SI_ref_19,MCB,IBU,Ground water,0.9728688772730024,0.8245305356483307,Contrast,Ridge_2
581,SI_ref_19,MCB,IBU,Ground water,0.95367292982704,0.8006523189470773,Contrast,Ridge_2
583,SI_ref_19,MCB,IBU,Ground water,0.9381494412938034,0.8483920252461298,Contrast,Ridge_2
585,SI_ref_19,MCB,IBU,Ground water,0.925414707326754,0.8245138085448764,Contrast,Ridge_2
587,SI_ref_19,MCB,IBU,Ground water,0.9200694262245456,0.8006355918436232,Contrast,Ridge_2
589,SI_ref_19,MCB,IBU,Ground water,0.9296751902157461,0.8483753096985338,Contrast,Ridge_2
591,SI_ref_19,MCB,IBU,Ground water,0.9221403459202003,0.8244970929972805,Contrast,Ridge_2
593,SI_ref_19,MCB,IBU,Ground water,0.911624129649438,0.8006188762960271,Contrast,Ridge_2
595,SI_ref_19,MCB,IBU,Ground water,0.9248851497651674,0.8483586056908404,Contrast,Ridge_2
597,SI_ref_19,MCB,IBU,Ground water,0.9206218375460943,0.8244803889895871,Contrast,Ridge_2
599,SI_ref_19,MCB,IBU,Ground water,0.9170274735254856,0.8006021722883339,Contrast,Ridge_2
601,SI_ref_19,MCB,IBU,Ground water,0.9300914246503462,0.8483419132071272,Contrast,Ridge_2
603,SI_ref_19,MCB,IBU,Ground water,0.920786534541565,0.8244636965058738,Contrast,Ridge_2
605,SI_ref_19,MCB,IBU,Ground water,0.9160948152334054,0.8005854798046206,Contrast,Ridge_2
607,SI_ref_19,MCB,IBU,Ground water,0.9861765121394982,0.8483252322315041,Contrast,Ridge_2
609,SI_ref_19,MCB,IBU,Ground water,0.9661781267028597,0.8244470155302508,Contrast,Ridge_2
611,SI_ref_19,MCB,IBU,Ground water,0.9529992532644452,0.8005687988289976,Contrast,Ridge_2
613,SI_ref_19,MCB,IBU,Ground water,0.9352947587236877,0.8483085627481146,Contrast,Ridge_2
615,SI_ref_19,MCB,IBU,Ground water,0.9284499518994666,0.8244303460468613,Contrast,Ridge_2
617,SI_ref_19,MCB,IBU,Ground water,0.917077774862594,0.8005521293456079,Contrast,Ridge_2
619,SI_ref_19,MCB,IBU,Ground water,0.9255842902984923,0.8482919047411345,Contrast,Ridge_2
621,SI_ref_19,MCB,IBU,Ground water,0.9186162384710084,0.8244136880398811,Contrast,Ridge_2
623,SI_ref_19,MCB,IBU,Ground water,0.9103224686673798,0.8005354713386279,Contrast,Ridge_2
625,SI_ref_19,MCB,IBU,Ground water,0.9258221154816445,0.8482752581947725,Contrast,Ridge_2
627,SI_ref_19,MCB,IBU,Ground water,0.921668420582223,0.8243970414935191,Contrast,Ridge_2
629,SI_ref_19,MCB,IBU,Ground water,0.9150562646500002,0.8005188247922659,Contrast,Ridge_2
631,SI_ref_19,MCB,IBU,Ground water,0.9296259863973036,0.8482586230932696,Contrast,Ridge_2
633,SI_ref_19,MCB,IBU,Ground water,0.9216175906678238,0.8243804063920163,Contrast,Ridge_2
635,SI_ref_19,MCB,IBU,Ground water,0.9188076045934327,0.8005021896907629,Contrast,Ridge_2
698,SI_ref_18,NaOH-activated SCW biochars,IBU,Lake water,0.585296751211726,0.5208780535985398,Contrast,Ridge_2
700,SI_ref_18,NaOH-activated SCW biochars,IBU,Lake water,0.6304734220526563,0.5045002703710747,Contrast,Ridge_2
702,SI_ref_18,NaOH-activated SCW biochars,IBU,Lake water,0.6077686506314385,0.48792819471162024,Contrast,Ridge_2
704,SI_ref_18,NaOH-activated SCW biochars,IBU,Lake water,0.6040537723014899,0.471257165519726,Contrast,Ridge_2
706,SI_ref_18,NaOH-activated SCW biochars,IBU,Lake water,0.6292724453182281,0.45453619753192775,Contrast,Ridge_2
708,SI_ref_18,NaOH-activated SCW biochars,IBU,Lake water,0.6376478565264503,0.44474243693352705,Contrast,Ridge_2
710,SI_ref_18,NaOH-activated SCW biochars,IBU,Lake water,0.6108673600702487,0.4377901433317662,Contrast,Ridge_2
712,SI_ref_18,NaOH-activated SCW biochars,IBU,Lake water,0.10371139816269948,0.42798800326340525,Contrast,Ridge_2
714,SI_ref_18,NaOH-activated SCW biochars,IBU,Lake water,0.46656560236114836,0.42798800326340525,Contrast,Ridge_2
716,SI_ref_18,NaOH-activated SCW biochars,IBU,Lake water,0.44106817459704084,0.40134412693451865,Contrast,Ridge_2
718,SI_ref_18,NaOH-activated SCW biochars,IBU,Lake water,0.6893393142281772,0.4518662199646586,Contrast,Ridge_2
720,SI_ref_18,NaOH-activated SCW biochars,IBU,Lake water,0.621379975330744,0.42798800326340525,Contrast,Ridge_2
722,SI_ref_18,NaOH-activated SCW biochars,IBU,Lake water,0.6727437787241767,0.42798800326340525,Contrast,Ridge_2
723,SI_ref_18,NaOH-activated SCW biochars,IBU,Lake water,0.6293605973980515,0.42798800326340525,Contrast,Ridge_2
724,SI_ref_18,NaOH-activated SCW biochars,IBU,Lake water,0.6573710855713073,0.42798800326340525,Contrast,Ridge_2
726,SI_ref_18,NaOH-activated SCW biochars,IBU,Lake water,0.6298354173553987,0.42798800326340525,Contrast,Ridge_2
727,SI_ref_18,NaOH-activated SCW biochars,IBU,Lake water,0.6523803226831055,0.42798800326340525,Contrast,Ridge_2
728,SI_ref_18,NaOH-activated SCW biochars,IBU,Lake water,0.6378679449532959,0.42798800326340525,Contrast,Ridge_2
730,SI_ref_18,NaOH-activated SCW biochars,IBU,Lake water,0.627404015064595,0.42798800326340525,Contrast,Ridge_2
731,SI_ref_18,NaOH-activated SCW biochars,IBU,Lake water,0.6077370696640284,0.42798800326340525,Contrast,Ridge_2
732,SI_ref_18,NaOH-activated SCW biochars,IBU,Lake water,0.6159420233488258,0.42798800326340525,Contrast,Ridge_2
734,SI_ref_18,NaOH-activated SCW biochars,IBU,Lake water,0.6074163960354965,0.42798800326340525,Contrast,Ridge_2
735,SI_ref_18,NaOH-activated SCW biochars,IBU,Lake water,0.6146046840259546,0.42798800326340525,Contrast,Ridge_2
736,SI_ref_18,NaOH-activated SCW biochars,IBU,Lake water,0.6281995086504742,0.42798800326340525,Contrast,Ridge_2
738,SI_ref_18,NaOH-activated SCW biochars,IBU,Lake water,0.6298527247859258,0.42798800326340525,Contrast,Ridge_2
739,SI_ref_18,NaOH-activated SCW biochars,IBU,Lake water,0.576999656444263,0.42798800326340525,Contrast,Ridge_2
740,SI_ref_18,NaOH-activated SCW biochars,IBU,Lake water,0.5791171913994386,0.42798800326340525,Contrast,Ridge_2
742,SI_ref_18,NaOH-activated SCW biochars,IBU,Lake water,0.5786725135963804,0.42798800326340525,Contrast,Ridge_2
743,SI_ref_18,NaOH-activated SCW biochars,IBU,Lake water,0.6233870058145189,0.42798800326340525,Contrast,Ridge_2
744,SI_ref_18,NaOH-activated SCW biochars,IBU,Lake water,0.5944978576382812,0.42798800326340525,Contrast,Ridge_2
745,SI_ref_18,NaOH-activated SCW biochars,IBU,Lake water,0.5630080357470825,0.40410978656215196,Contrast,Ridge_2
747,SI_ref_18,NaOH-activated SCW biochars,IBU,Lake water,0.6846241766923425,0.45463187959229184,Contrast,Ridge_2
749,SI_ref_18,NaOH-activated SCW biochars,IBU,Lake water,0.744908980376152,0.48127575592117844,Contrast,Ridge_2
751,SI_ref_18,NaOH-activated SCW biochars,IBU,Lake water,0.6869669848084122,0.42798800326340525,Contrast,Ridge_2
753,SI_ref_18,NaOH-activated SCW biochars,IBU,Lake water,0.7932075459644551,0.42798800326340525,Contrast,Ridge_2
852,SI_ref_13,PB600,CBZ,Synthetic,0.5776772247360483,0.7336821358491279,Contrast,Ridge_2
853,SI_ref_13,PB600,CBZ,Synthetic,0.5656108597285068,0.7173043526216628,Contrast,Ridge_2
854,SI_ref_13,PB600,CBZ,Synthetic,0.5475113122171945,0.7007322769622084,Contrast,Ridge_2
855,SI_ref_13,PB600,CBZ,Synthetic,0.4479638009049774,0.6909884898271199,Contrast,Ridge_2
856,SI_ref_13,PB600,CBZ,Synthetic,0.45098039215686275,0.6742842026232777,Contrast,Ridge_2
857,SI_ref_13,PB600,CBZ,Synthetic,0.42684766214177977,0.6644960202753252,Contrast,Ridge_2
858,SI_ref_13,PB600,CBZ,Synthetic,0.32437120555073723,0.6575465191841152,Contrast,Ridge_2
859,SI_ref_13,PB600,CBZ,Synthetic,0.4773489932885906,0.6814247358853684,Contrast,Ridge_2
860,SI_ref_13,PB600,CBZ,Synthetic,0.4437372714068248,0.6575465191841152,Contrast,Ridge_2
861,SI_ref_13,PB600,CBZ,Synthetic,0.35791881074899945,0.6575465191841152,Contrast,Ridge_2
862,SI_ref_13,PB600,CBZ,Synthetic,0.32426715019643393,0.6575465191841152,Contrast,Ridge_2
863,SI_ref_13,PB600,CBZ,Synthetic,0.24055829228243014,0.6575465191841152,Contrast,Ridge_2
864,SI_ref_13,PB600,CBZ,Synthetic,0.44839549002601903,0.6336683024828619,Contrast,Ridge_2
865,SI_ref_13,PB600,CBZ,Synthetic,0.5528523489932886,0.6097900857816085,Contrast,Ridge_2
866,SI_ref_13,PB600,CBZ,Synthetic,0.5653368025440879,0.6575465191841152,Contrast,Ridge_2
867,SI_ref_13,PB600,CBZ,Synthetic,0.6235906331309627,0.6575465191841152,Contrast,Ridge_2
868,SI_ref_13,PB600,CBZ,Synthetic,0.6991037872217403,0.6575465191841152,Contrast,Ridge_2
869,SI_ref_13,PB600,CBZ,Synthetic,0.7401395944327428,0.6575465191841152,Contrast,Ridge_2
870,SI_ref_13,PB600,CBZ,Synthetic,0.8642533936651583,0.6407920855139934,Contrast,Ridge_2
871,SI_ref_13,PB600,CBZ,Synthetic,0.6953242835595775,0.6407920855139934,Contrast,Ridge_2
872,SI_ref_13,PB600,CBZ,Synthetic,0.4479638009049774,0.6407920855139934,Contrast,Ridge_2
873,SI_ref_13,PB600,CBZ,Synthetic,0.36651583710407243,0.6407920855139934,Contrast,Ridge_2
874,SI_ref_13,PB600,CBZ,Synthetic,0.248868778280543,0.6407920855139934,Contrast,Ridge_2
898,SI_ref_13,PB600,CBZ,Synthetic,0.244663382594417,0.6575465191841152,Contrast,Ridge_2
899,SI_ref_13,PB800,CBZ,Synthetic,0.27061079156395507,0.44721548764828106,Contrast,Ridge_2
900,SI_ref_13,PB800,CBZ,Synthetic,0.22678718159408381,0.430837704420816,Contrast,Ridge_2
901,SI_ref_13,PB800,CBZ,Synthetic,0.18844152287044644,0.4142656287613616,Contrast,Ridge_2
902,SI_ref_13,PB800,CBZ,Synthetic,0.17748562037797863,0.40452184162627314,Contrast,Ridge_2
903,SI_ref_13,PB800,CBZ,Synthetic,0.16379074226239385,0.3878175544224309,Contrast,Ridge_2
904,SI_ref_13,PB800,CBZ,Synthetic,0.155573815393043,0.3780293720744784,Contrast,Ridge_2
905,SI_ref_13,PB800,CBZ,Synthetic,0.08520900321543408,0.37107987098326833,Contrast,Ridge_2
906,SI_ref_13,PB800,CBZ,Synthetic,0.16135346756152125,0.3949580876845217,Contrast,Ridge_2
907,SI_ref_13,PB800,CBZ,Synthetic,0.1561792870827899,0.37107987098326833,Contrast,Ridge_2
908,SI_ref_13,PB800,CBZ,Synthetic,0.13676633444075306,0.37107987098326833,Contrast,Ridge_2
909,SI_ref_13,PB800,CBZ,Synthetic,0.1002310803004044,0.37107987098326833,Contrast,Ridge_2
910,SI_ref_13,PB800,CBZ,Synthetic,0.04322336667164253,0.37107987098326833,Contrast,Ridge_2
911,SI_ref_13,PB800,CBZ,Synthetic,0.20609619686800895,0.34720165428201505,Contrast,Ridge_2
912,SI_ref_13,PB800,CBZ,Synthetic,0.1865212527964206,0.3233234375807617,Contrast,Ridge_2
913,SI_ref_13,PB800,CBZ,Synthetic,0.28121650589496244,0.37107987098326833,Contrast,Ridge_2
914,SI_ref_13,PB800,CBZ,Synthetic,0.36611289746337977,0.37107987098326833,Contrast,Ridge_2
915,SI_ref_13,PB800,CBZ,Synthetic,0.5117363344051448,0.37107987098326833,Contrast,Ridge_2
916,SI_ref_13,PB800,CBZ,Synthetic,0.5707012708620426,0.37107987098326833,Contrast,Ridge_2
917,SI_ref_13,PB800,CBZ,Synthetic,0.5791052918712493,0.35432543731314653,Contrast,Ridge_2
918,SI_ref_13,PB800,CBZ,Synthetic,0.30905619203491547,0.35432543731314653,Contrast,Ridge_2
919,SI_ref_13,PB800,CBZ,Synthetic,0.16448445171849424,0.35432543731314653,Contrast,Ridge_2
920,SI_ref_13,PB800,CBZ,Synthetic,0.12460736493062231,0.35432543731314653,Contrast,Ridge_2
921,SI_ref_13,PB800,CBZ,Synthetic,0.08265139116202945,0.35432543731314653,Contrast,Ridge_2
987,SI_ref_15,PSB,TEB,Synthetic,0.9529494921755761,0.8319769330975242,Contrast,Ridge_2
988,SI_ref_15,PSB,TEB,Synthetic,0.9422238246841239,0.8155991498700592,Contrast,Ridge_2
989,SI_ref_15,PSB,TEB,Synthetic,0.9297851778252496,0.7990270742106047,Contrast,Ridge_2
990,SI_ref_15,PSB,TEB,Synthetic,0.9225192311101157,0.7823560450187105,Contrast,Ridge_2
991,SI_ref_15,PSB,TEB,Synthetic,0.920805363267918,0.7656350770309122,Contrast,Ridge_2
992,SI_ref_15,PSB,TEB,Synthetic,0.9178876121047361,0.7558413164325115,Contrast,Ridge_2
993,SI_ref_15,PSB,TEB,Synthetic,0.9171857170319854,0.7488890228307507,Contrast,Ridge_2
994,SI_ref_15,PSB,TEB,Synthetic,0.9362126098667423,0.7390868827623897,Contrast,Ridge_2
995,SI_ref_15,PSB,TEB,Synthetic,0.9575716949823408,0.7390868827623897,Contrast,Ridge_2
996,SI_ref_15,PSB,TEB,Synthetic,0.9144403299752767,0.7390868827623897,Contrast,Ridge_2
997,SI_ref_15,PSB,TEB,Synthetic,0.9131362601666559,0.7390868827623897,Contrast,Ridge_2
998,SI_ref_15,PSB,TEB,Synthetic,0.9073783566890704,0.7390868827623897,Contrast,Ridge_2
999,SI_ref_15,PSB,TEB,Synthetic,0.8610942615965279,0.7390868827623897,Contrast,Ridge_2
1000,SI_ref_15,PSB,TEB,Synthetic,0.8714762044822667,0.7390868827623897,Contrast,Ridge_2
1001,SI_ref_15,PSB,TEB,Synthetic,0.8650362109004135,0.7390868827623897,Contrast,Ridge_2
1002,SI_ref_15,PSB,TEB,Synthetic,0.9441016733966956,0.7390868827623897,Contrast,Ridge_2
1003,SI_ref_15,PSB,TEB,Synthetic,0.952584477756588,0.7390868827623897,Contrast,Ridge_2
1004,SI_ref_15,PSB,TEB,Synthetic,0.9589909115585907,0.7390868827623897,Contrast,Ridge_2
1005,SI_ref_15,PSB,TEB,Synthetic,0.9629553594597028,0.7390868827623897,Contrast,Ridge_2
1052,SI_ref_15,PSBOX-A,TEB,Synthetic,0.5158767649493458,0.19648018040379178,Contrast,Ridge_2
1053,SI_ref_15,PSBOX-A,TEB,Synthetic,0.41210379963008376,0.1801023971763267,Contrast,Ridge_2
1054,SI_ref_15,PSBOX-A,TEB,Synthetic,0.30623403384032577,0.1635303215168724,Contrast,Ridge_2
1055,SI_ref_15,PSBOX-A,TEB,Synthetic,0.21283845390046752,0.14685929232497807,Contrast,Ridge_2
1056,SI_ref_15,PSBOX-A,TEB,Synthetic,0.12421842587964138,0.13013832433717987,Contrast,Ridge_2
1057,SI_ref_15,PSBOX-A,TEB,Synthetic,0.09371708683213013,0.120344563738779,Contrast,Ridge_2
1058,SI_ref_15,PSBOX-A,TEB,Synthetic,0.07890621232231329,0.11339227013701825,Contrast,Ridge_2
1059,SI_ref_15,PSBOX-A,TEB,Synthetic,0.07277962857952934,0.10359013006865725,Contrast,Ridge_2
1060,SI_ref_15,PSBOX-A,TEB,Synthetic,0.5073983287736047,0.05030237741088417,Contrast,Ridge_2
1061,SI_ref_15,PSBOX-A,TEB,Synthetic,0.5163778457532948,0.1274683467699107,Contrast,Ridge_2
1062,SI_ref_15,PSBOX-A,TEB,Synthetic,0.5077105405964751,0.10359013006865725,Contrast,Ridge_2
1063,SI_ref_15,PSBOX-A,TEB,Synthetic,0.058828707349529885,0.10359013006865725,Contrast,Ridge_2
1064,SI_ref_15,PSBOX-A,TEB,Synthetic,0.4930488637978448,0.07971191336740402,Contrast,Ridge_2
1065,SI_ref_15,PSBOX-A,TEB,Synthetic,0.5160089507499187,0.15687788272643055,Contrast,Ridge_2
1066,SI_ref_15,PSBOX-A,TEB,Synthetic,0.07083175356135256,0.10359013006865725,Contrast,Ridge_2
1067,SI_ref_15,PSBOX-A,TEB,Synthetic,0.051172794584274484,0.10359013006865725,Contrast,Ridge_2
1068,SI_ref_15,PSBOX-A,TEB,Synthetic,0.04750722464731311,0.10359013006865725,Contrast,Ridge_2
1069,SI_ref_15,PSBOX-A,TEB,Synthetic,0.04108376658313895,0.10359013006865725,Contrast,Ridge_2
1070,SI_ref_15,PSBOX-A,TEB,Synthetic,0.04527670142322688,0.10359013006865725,Contrast,Ridge_2
1071,SI_ref_15,PSBOX-A,TEB,Synthetic,0.04243318293660387,0.10359013006865725,Contrast,Ridge_2
1072,SI_ref_15,PSBOX-A,TEB,Synthetic,0.09409506092292502,0.10359013006865725,Contrast,Ridge_2
1073,SI_ref_15,PSBOX-A,TEB,Synthetic,0.28314921751011557,0.10359013006865725,Contrast,Ridge_2
1074,SI_ref_15,PSBOX-A,TEB,Synthetic,0.44223994246690523,0.10359013006865725,Contrast,Ridge_2
1075,SI_ref_15,PSBOX-A,TEB,Synthetic,0.5102144207532882,0.10359013006865725,Contrast,Ridge_2
1077,SI_ref_17,Pristine SCG biochar,CBZ,Synthetic,0.9431980957558961,0.8875145367940717,Contrast,Ridge_2
1079,SI_ref_17,Pristine SCG biochar,CBZ,Synthetic,0.9360319849357849,0.8711367535666066,Contrast,Ridge_2
1081,SI_ref_17,Pristine SCG biochar,CBZ,Synthetic,0.9307104448319532,0.8448208907720638,Contrast,Ridge_2
1083,SI_ref_17,Pristine SCG biochar,CBZ,Synthetic,0.9258716624342764,0.8281166035682215,Contrast,Ridge_2
1085,SI_ref_17,Pristine SCG biochar,CBZ,Synthetic,0.9157118703628806,0.818328421220269,Contrast,Ridge_2
1087,SI_ref_17,Pristine SCG biochar,CBZ,Synthetic,0.9147137334986508,0.811378920129059,Contrast,Ridge_2
1089,SI_ref_17,Pristine SCG biochar,CBZ,Synthetic,0.9138427672538969,0.8044266265272981,Contrast,Ridge_2
1091,SI_ref_17,Pristine SCG biochar,CBZ,Synthetic,0.8932130468798682,0.741336733801164,Contrast,Ridge_2
1093,SI_ref_17,Pristine SCG biochar,CBZ,Synthetic,0.9247624360467385,0.7946244864589371,Contrast,Ridge_2
1095,SI_ref_17,Pristine SCG biochar,CBZ,Synthetic,0.9071706166070994,0.7946244864589371,Contrast,Ridge_2
1097,SI_ref_17,Pristine SCG biochar,CBZ,Synthetic,0.908534541255576,0.7946244864589371,Contrast,Ridge_2
1099,SI_ref_17,Pristine SCG biochar,CBZ,Synthetic,0.903895578148675,0.7946244864589371,Contrast,Ridge_2
1101,SI_ref_17,Pristine SCG biochar,CBZ,Synthetic,0.9071468090110305,0.7946244864589371,Contrast,Ridge_2
1103,SI_ref_17,Pristine SCG biochar,CBZ,Synthetic,0.890879570190962,0.7946244864589371,Contrast,Ridge_2
1105,SI_ref_17,Pristine SCG biochar,CBZ,Synthetic,0.8806314346444372,0.8479122391167103,Contrast,Ridge_2
1107,SI_ref_17,Pristine SCG biochar,CBZ,Synthetic,0.9289062306369882,0.7946244864589371,Contrast,Ridge_2
1109,SI_ref_17,Pristine SCG biochar,CBZ,Synthetic,0.9261272699552149,0.7946244864589371,Contrast,Ridge_2
1111,SI_ref_17,Pristine SCG biochar,CBZ,Synthetic,0.9403460613803251,0.7946244864589371,Contrast,Ridge_2
1113,SI_ref_17,Pristine SCG biochar,CBZ,Synthetic,0.9373850128799738,0.7946244864589371,Contrast,Ridge_2
1115,SI_ref_17,Pristine SCG biochar,CBZ,Synthetic,0.925161257978969,0.7946244864589371,Contrast,Ridge_2
1253,SI_ref_18,Pristine SCW Biochar,IBU,Lake water,0.9264336848996528,1.0750879645822322,Contrast,Ridge_2
1255,SI_ref_18,Pristine SCW Biochar,IBU,Lake water,0.9179334532144726,1.0587101813547672,Contrast,Ridge_2
1257,SI_ref_18,Pristine SCW Biochar,IBU,Lake water,0.916180999264559,1.042138105695313,Contrast,Ridge_2
1259,SI_ref_18,Pristine SCW Biochar,IBU,Lake water,0.9235678454978681,1.0254670765034186,Contrast,Ridge_2
1261,SI_ref_18,Pristine SCW Biochar,IBU,Lake water,0.9285970293283682,1.0087461085156204,Contrast,Ridge_2
1263,SI_ref_18,Pristine SCW Biochar,IBU,Lake water,0.9209592404126973,0.9989523479172197,Contrast,Ridge_2
1265,SI_ref_18,Pristine SCW Biochar,IBU,Lake water,0.9279432945207517,0.9920000543154588,Contrast,Ridge_2
1269,SI_ref_18,Pristine SCW Biochar,IBU,Lake water,0.8974085452250303,0.9555540379182113,Contrast,Ridge_2
1271,SI_ref_18,Pristine SCW Biochar,IBU,Lake water,0.9239929387412031,1.0060761309483512,Contrast,Ridge_2
1273,SI_ref_18,Pristine SCW Biochar,IBU,Lake water,0.9256303580479686,0.9821979142470978,Contrast,Ridge_2
1275,SI_ref_18,Pristine SCW Biochar,IBU,Lake water,0.9240446881745522,0.9821979142470978,Contrast,Ridge_2
1276,SI_ref_18,Pristine SCW Biochar,IBU,Lake water,0.9283922239724117,0.9821979142470978,Contrast,Ridge_2
1277,SI_ref_18,Pristine SCW Biochar,IBU,Lake water,0.9240711354841218,0.9821979142470978,Contrast,Ridge_2
1279,SI_ref_18,Pristine SCW Biochar,IBU,Lake water,0.9204127206373283,0.9821979142470978,Contrast,Ridge_2
1280,SI_ref_18,Pristine SCW Biochar,IBU,Lake water,0.9185968665123906,0.9821979142470978,Contrast,Ridge_2
1281,SI_ref_18,Pristine SCW Biochar,IBU,Lake water,0.9182954449695013,0.9821979142470978,Contrast,Ridge_2
1283,SI_ref_18,Pristine SCW Biochar,IBU,Lake water,0.9158900362354069,0.9821979142470978,Contrast,Ridge_2
1284,SI_ref_18,Pristine SCW Biochar,IBU,Lake water,0.9125854189759445,0.9821979142470978,Contrast,Ridge_2
1285,SI_ref_18,Pristine SCW Biochar,IBU,Lake water,0.9175495400890653,0.9821979142470978,Contrast,Ridge_2
1287,SI_ref_18,Pristine SCW Biochar,IBU,Lake water,0.9120226357855434,0.9821979142470978,Contrast,Ridge_2
1288,SI_ref_18,Pristine SCW Biochar,IBU,Lake water,0.9131050308227836,0.9821979142470978,Contrast,Ridge_2
1289,SI_ref_18,Pristine SCW Biochar,IBU,Lake water,0.91141920930323,0.9821979142470978,Contrast,Ridge_2
1291,SI_ref_18,Pristine SCW Biochar,IBU,Lake water,0.9068652159539504,0.9821979142470978,Contrast,Ridge_2
1292,SI_ref_18,Pristine SCW Biochar,IBU,Lake water,0.9091226364337618,0.9821979142470978,Contrast,Ridge_2
1293,SI_ref_18,Pristine SCW Biochar,IBU,Lake water,0.9067682424855283,0.9821979142470978,Contrast,Ridge_2
1295,SI_ref_18,Pristine SCW Biochar,IBU,Lake water,0.9027540853962883,0.9821979142470978,Contrast,Ridge_2
1296,SI_ref_18,Pristine SCW Biochar,IBU,Lake water,0.9025373859945938,0.9821979142470978,Contrast,Ridge_2
1297,SI_ref_18,Pristine SCW Biochar,IBU,Lake water,0.9026152370210476,0.9821979142470978,Contrast,Ridge_2
1298,SI_ref_18,Pristine SCW Biochar,IBU,Lake water,0.9219347373743266,0.9583196975458446,Contrast,Ridge_2
1300,SI_ref_18,Pristine SCW Biochar,IBU,Lake water,0.9277221749920567,1.0088417905759846,Contrast,Ridge_2
1302,SI_ref_18,Pristine SCW Biochar,IBU,Lake water,0.9340257796823453,1.035485666904871,Contrast,Ridge_2
2,SI_ref_19,AMCB,IBU,Ground water,0.6563767477253929,0.5643465313163419,TOPSIS,PLS_1
4,SI_ref_19,AMCB,IBU,Ground water,0.5414154110835401,0.5453738419496633,TOPSIS,PLS_1
6,SI_ref_19,AMCB,IBU,Ground water,0.39819987427626136,0.5261760763374859,TOPSIS,PLS_1
8,SI_ref_19,AMCB,IBU,Ground water,0.3426557088502895,0.5068636789337745,TOPSIS,PLS_1
10,SI_ref_19,AMCB,IBU,Ground water,0.3352626765922249,0.4874934304003424,TOPSIS,PLS_1
12,SI_ref_19,AMCB,IBU,Ground water,0.33078034739454093,0.47614794029436336,TOPSIS,PLS_1
14,SI_ref_19,AMCB,IBU,Ground water,0.3305497038875103,0.46809412097949066,TOPSIS,PLS_1
16,SI_ref_19,AMCB,IBU,Ground water,0.029204625724030753,0.48566596128587436,TOPSIS,PLS_1
18,SI_ref_19,AMCB,IBU,Ground water,0.005264283840238958,0.4567389237551303,TOPSIS,PLS_1
20,SI_ref_19,AMCB,IBU,Ground water,0.0023766372681587895,0.42781188622438626,TOPSIS,PLS_1
22,SI_ref_19,AMCB,IBU,Ground water,0.32926049296939613,0.4567389237551303,TOPSIS,PLS_1
24,SI_ref_19,AMCB,IBU,Ground water,0.19832193047959257,0.48564651671728853,TOPSIS,PLS_1
26,SI_ref_19,AMCB,IBU,Ground water,0.1894672613641715,0.45671947918654443,TOPSIS,PLS_1
28,SI_ref_19,AMCB,IBU,Ground water,0.1528746627917146,0.42779244165580044,TOPSIS,PLS_1
30,SI_ref_19,AMCB,IBU,Ground water,0.3449761650083755,0.48562708562847406,TOPSIS,PLS_1
32,SI_ref_19,AMCB,IBU,Ground water,0.30765270742093687,0.45670004809773,TOPSIS,PLS_1
34,SI_ref_19,AMCB,IBU,Ground water,0.303030777614079,0.4277730105669859,TOPSIS,PLS_1
36,SI_ref_19,AMCB,IBU,Ground water,0.41496556078686897,0.4856076680007544,TOPSIS,PLS_1
38,SI_ref_19,AMCB,IBU,Ground water,0.3766264851820565,0.45668063047001034,TOPSIS,PLS_1
40,SI_ref_19,AMCB,IBU,Ground water,0.38956403906090076,0.4277535929392663,TOPSIS,PLS_1
42,SI_ref_19,AMCB,IBU,Ground water,0.5182383095521604,0.4855882638154918,TOPSIS,PLS_1
44,SI_ref_19,AMCB,IBU,Ground water,0.5024496962602676,0.45666122628474776,TOPSIS,PLS_1
46,SI_ref_19,AMCB,IBU,Ground water,0.48210720700720494,0.4277341887540037,TOPSIS,PLS_1
48,SI_ref_19,AMCB,IBU,Ground water,0.03338351934448727,0.4855688730540873,TOPSIS,PLS_1
50,SI_ref_19,AMCB,IBU,Ground water,0.0,0.45664183552334325,TOPSIS,PLS_1
52,SI_ref_19,AMCB,IBU,Ground water,0.003531050071646246,0.42771479799259915,TOPSIS,PLS_1
54,SI_ref_19,AMCB,IBU,Ground water,0.19999798179579809,0.48554949569798034,TOPSIS,PLS_1
56,SI_ref_19,AMCB,IBU,Ground water,0.17260220522445793,0.4566224581672363,TOPSIS,PLS_1
58,SI_ref_19,AMCB,IBU,Ground water,0.15656878376287445,0.42769542063649224,TOPSIS,PLS_1
60,SI_ref_19,AMCB,IBU,Ground water,0.3457359785263073,0.485530131728649,TOPSIS,PLS_1
62,SI_ref_19,AMCB,IBU,Ground water,0.32626934953278575,0.45660309419790496,TOPSIS,PLS_1
64,SI_ref_19,AMCB,IBU,Ground water,0.3258728934993643,0.4276760566671609,TOPSIS,PLS_1
66,SI_ref_19,AMCB,IBU,Ground water,0.4885549946229274,0.4855107811276096,TOPSIS,PLS_1
68,SI_ref_19,AMCB,IBU,Ground water,0.39885279506866217,0.4565837435968655,TOPSIS,PLS_1
70,SI_ref_19,AMCB,IBU,Ground water,0.42188356115014575,0.4276567060661215,TOPSIS,PLS_1
72,SI_ref_19,AMCB,IBU,Ground water,0.5107350299703324,0.48549144387641674,TOPSIS,PLS_1
74,SI_ref_19,AMCB,IBU,Ground water,0.5226317382792791,0.45656440634567264,TOPSIS,PLS_1
76,SI_ref_19,AMCB,IBU,Ground water,0.4945842701164504,0.4276373688149286,TOPSIS,PLS_1
78,SI_ref_19,AMCB,IBU,Ground water,0.025848755777109534,0.4854721199566632,TOPSIS,PLS_1
80,SI_ref_19,AMCB,IBU,Ground water,0.008169690609295848,0.45654508242591907,TOPSIS,PLS_1
82,SI_ref_19,AMCB,IBU,Ground water,0.0,0.427618044895175,TOPSIS,PLS_1
84,SI_ref_19,AMCB,IBU,Ground water,0.2007202298061851,0.4854528093499797,TOPSIS,PLS_1
86,SI_ref_19,AMCB,IBU,Ground water,0.16952726930244136,0.45652577181923565,TOPSIS,PLS_1
88,SI_ref_19,AMCB,IBU,Ground water,0.14747637019246942,0.4275987342884916,TOPSIS,PLS_1
90,SI_ref_19,AMCB,IBU,Ground water,0.34008395729479907,0.48543351203803514,TOPSIS,PLS_1
92,SI_ref_19,AMCB,IBU,Ground water,0.32813530040969546,0.4565064745072911,TOPSIS,PLS_1
94,SI_ref_19,AMCB,IBU,Ground water,0.3191737471997417,0.427579436976547,TOPSIS,PLS_1
96,SI_ref_19,AMCB,IBU,Ground water,0.45590621693388655,0.48541422800253603,TOPSIS,PLS_1
98,SI_ref_19,AMCB,IBU,Ground water,0.4386715603313315,0.456487190471792,TOPSIS,PLS_1
100,SI_ref_19,AMCB,IBU,Ground water,0.4136227630368784,0.4275601529410479,TOPSIS,PLS_1
102,SI_ref_19,AMCB,IBU,Ground water,0.15909620069601668,0.4248360717334638,TOPSIS,PLS_1
104,SI_ref_19,AMCB,IBU,Ground water,0.32070040208616674,0.4564679196944826,TOPSIS,PLS_1
106,SI_ref_19,AMCB,IBU,Ground water,0.3644459510905023,0.48809976765550134,TOPSIS,PLS_1
108,SI_ref_19,AMCB,IBU,Ground water,0.46356787238707886,0.5197316156165201,TOPSIS,PLS_1
110,SI_ref_19,AMCB,IBU,Ground water,0.5205305455205957,0.48539495722522663,TOPSIS,PLS_1
112,SI_ref_19,AMCB,IBU,Ground water,0.5464029950150356,0.4564679196944826,TOPSIS,PLS_1
114,SI_ref_19,AMCB,IBU,Ground water,0.48301499525722014,0.42754088216373853,TOPSIS,PLS_1
117,SI_ref_17,Alkali-modified SCG biochars,CBZ,Synthetic,0.12103690777624292,0.4305718715010862,TOPSIS,PLS_1
119,SI_ref_17,Alkali-modified SCG biochars,CBZ,Synthetic,0.0701486117179634,0.4115991821344076,TOPSIS,PLS_1
121,SI_ref_17,Alkali-modified SCG biochars,CBZ,Synthetic,0.050188840370859876,0.3811138177061059,TOPSIS,PLS_1
123,SI_ref_17,Alkali-modified SCG biochars,CBZ,Synthetic,0.033003190610721066,0.3617628928703924,TOPSIS,PLS_1
125,SI_ref_17,Alkali-modified SCG biochars,CBZ,Synthetic,0.03511734337104713,0.35042386483632476,TOPSIS,PLS_1
127,SI_ref_17,Alkali-modified SCG biochars,CBZ,Synthetic,0.03195287629892775,0.34237328047910764,TOPSIS,PLS_1
129,SI_ref_17,Alkali-modified SCG biochars,CBZ,Synthetic,0.03449328813829176,0.3343194611642349,TOPSIS,PLS_1
132,SI_ref_17,Alkali-modified SCG biochars,CBZ,Synthetic,0.041716779164719504,0.3229642639398746,TOPSIS,PLS_1
134,SI_ref_17,Alkali-modified SCG biochars,CBZ,Synthetic,0.00635796336582959,0.3229642639398746,TOPSIS,PLS_1
136,SI_ref_17,Alkali-modified SCG biochars,CBZ,Synthetic,0.011730609548845337,0.3229642639398746,TOPSIS,PLS_1
138,SI_ref_17,Alkali-modified SCG biochars,CBZ,Synthetic,0.01988738850164665,0.3229642639398746,TOPSIS,PLS_1
140,SI_ref_17,Alkali-modified SCG biochars,CBZ,Synthetic,0.006132526431344026,0.3229642639398746,TOPSIS,PLS_1
142,SI_ref_17,Alkali-modified SCG biochars,CBZ,Synthetic,0.007712590639419909,0.3229642639398746,TOPSIS,PLS_1
145,SI_ref_17,Alkali-modified SCG biochars,CBZ,Synthetic,0.10268999927349255,0.3229642639398746,TOPSIS,PLS_1
147,SI_ref_17,Alkali-modified SCG biochars,CBZ,Synthetic,0.14439822919669368,0.3229642639398746,TOPSIS,PLS_1
149,SI_ref_17,Alkali-modified SCG biochars,CBZ,Synthetic,0.34003506921741083,0.3229642639398746,TOPSIS,PLS_1
151,SI_ref_17,Alkali-modified SCG biochars,CBZ,Synthetic,0.4516798693491866,0.3229642639398746,TOPSIS,PLS_1
153,SI_ref_17,Alkali-modified SCG biochars,CBZ,Synthetic,0.5612135486607656,0.3229642639398746,TOPSIS,PLS_1
282,SI_ref_19,CB,IBU,Ground water,0.9280102961124896,1.1047020814716373,TOPSIS,PLS_1
284,SI_ref_19,CB,IBU,Ground water,0.9242732043010754,1.0857293921049587,TOPSIS,PLS_1
286,SI_ref_19,CB,IBU,Ground water,0.9218881323407775,1.066531626492781,TOPSIS,PLS_1
288,SI_ref_19,CB,IBU,Ground water,0.9215853366418528,1.04721922908907,TOPSIS,PLS_1
290,SI_ref_19,CB,IBU,Ground water,0.9207959503722085,1.0278489805556377,TOPSIS,PLS_1
292,SI_ref_19,CB,IBU,Ground water,0.9207361323407776,1.0165034904496588,TOPSIS,PLS_1
294,SI_ref_19,CB,IBU,Ground water,0.9206762613730356,1.0084496711347861,TOPSIS,PLS_1
296,SI_ref_19,CB,IBU,Ground water,0.9945207101387852,1.02602151144117,TOPSIS,PLS_1
298,SI_ref_19,CB,IBU,Ground water,0.9765877548823724,0.9970944739104257,TOPSIS,PLS_1
300,SI_ref_19,CB,IBU,Ground water,0.9595058090644278,0.9681674363796817,TOPSIS,PLS_1
302,SI_ref_19,CB,IBU,Ground water,0.9409019130333385,1.02602151144117,TOPSIS,PLS_1
304,SI_ref_19,CB,IBU,Ground water,0.9323428884090048,0.9970944739104257,TOPSIS,PLS_1
306,SI_ref_19,CB,IBU,Ground water,0.9259231602386863,0.9681674363796817,TOPSIS,PLS_1
308,SI_ref_19,CB,IBU,Ground water,0.8753590996713628,0.965462625949407,TOPSIS,PLS_1
310,SI_ref_19,CB,IBU,Ground water,0.9341230700922319,1.02602151144117,TOPSIS,PLS_1
312,SI_ref_19,CB,IBU,Ground water,0.9234390298948024,0.9970944739104257,TOPSIS,PLS_1
314,SI_ref_19,CB,IBU,Ground water,0.917590560186213,0.9681674363796817,TOPSIS,PLS_1
316,SI_ref_19,CB,IBU,Ground water,0.9236132062907854,1.0287263218714444,TOPSIS,PLS_1
318,SI_ref_19,CB,IBU,Ground water,0.9231865295080666,1.0603581698324633,TOPSIS,PLS_1
320,SI_ref_19,CB,IBU,Ground water,0.9303445651202417,1.02602151144117,TOPSIS,PLS_1
322,SI_ref_19,CB,IBU,Ground water,0.923151204819856,0.9970944739104257,TOPSIS,PLS_1
324,SI_ref_19,CB,IBU,Ground water,0.9175260660683171,0.9681674363796817,TOPSIS,PLS_1
326,SI_ref_19,CB,IBU,Ground water,0.9318432124429017,1.02602151144117,TOPSIS,PLS_1
328,SI_ref_19,CB,IBU,Ground water,0.9241489703794897,0.9970944739104257,TOPSIS,PLS_1
330,SI_ref_19,CB,IBU,Ground water,0.9174641264203113,0.9681674363796817,TOPSIS,PLS_1
523,SI_ref_19,MCB,IBU,Ground water,0.9264289561621175,0.9362297142891368,TOPSIS,PLS_1
525,SI_ref_19,MCB,IBU,Ground water,0.9196854524400332,0.9172570249224581,TOPSIS,PLS_1
527,SI_ref_19,MCB,IBU,Ground water,0.9178832092638545,0.8980592593102806,TOPSIS,PLS_1
529,SI_ref_19,MCB,IBU,Ground water,0.9177463688999173,0.8787468619065694,TOPSIS,PLS_1
531,SI_ref_19,MCB,IBU,Ground water,0.9177232092638544,0.8593766133731372,TOPSIS,PLS_1
533,SI_ref_19,MCB,IBU,Ground water,0.9175379321753515,0.8480311232671582,TOPSIS,PLS_1
535,SI_ref_19,MCB,IBU,Ground water,0.9173856344086023,0.8399773039522854,TOPSIS,PLS_1
537,SI_ref_19,MCB,IBU,Ground water,0.9902068659306948,0.8575491442586692,TOPSIS,PLS_1
539,SI_ref_19,MCB,IBU,Ground water,0.9708228218531151,0.8286221067279251,TOPSIS,PLS_1
541,SI_ref_19,MCB,IBU,Ground water,0.9483485035015843,0.7996950691971811,TOPSIS,PLS_1
543,SI_ref_19,MCB,IBU,Ground water,0.9173115500413566,0.8286221067279251,TOPSIS,PLS_1
545,SI_ref_19,MCB,IBU,Ground water,0.9358359065436908,0.8575296996900834,TOPSIS,PLS_1
547,SI_ref_19,MCB,IBU,Ground water,0.9263512886233829,0.8286026621593393,TOPSIS,PLS_1
549,SI_ref_19,MCB,IBU,Ground water,0.9153544975680639,0.7996756246285952,TOPSIS,PLS_1
551,SI_ref_19,MCB,IBU,Ground water,0.9271238571918706,0.8575102686012689,TOPSIS,PLS_1
553,SI_ref_19,MCB,IBU,Ground water,0.9199191103755877,0.8285832310705248,TOPSIS,PLS_1
555,SI_ref_19,MCB,IBU,Ground water,0.910886274193223,0.7996561935397808,TOPSIS,PLS_1
557,SI_ref_19,MCB,IBU,Ground water,0.8716126359176348,0.7969319654817865,TOPSIS,PLS_1
559,SI_ref_19,MCB,IBU,Ground water,0.9228881866842084,0.8285638134428052,TOPSIS,PLS_1
561,SI_ref_19,MCB,IBU,Ground water,0.9227697266379059,0.860195661403824,TOPSIS,PLS_1
563,SI_ref_19,MCB,IBU,Ground water,0.9221446299502403,0.8918275093648427,TOPSIS,PLS_1
565,SI_ref_19,MCB,IBU,Ground water,0.9254612605703445,0.8574908509735493,TOPSIS,PLS_1
567,SI_ref_19,MCB,IBU,Ground water,0.9188111047361486,0.8285638134428052,TOPSIS,PLS_1
569,SI_ref_19,MCB,IBU,Ground water,0.9124876096677748,0.7996367759120612,TOPSIS,PLS_1
571,SI_ref_19,MCB,IBU,Ground water,0.927696260267614,0.8574714467882867,TOPSIS,PLS_1
573,SI_ref_19,MCB,IBU,Ground water,0.9222883610163676,0.8285444092575426,TOPSIS,PLS_1
575,SI_ref_19,MCB,IBU,Ground water,0.9173366162788351,0.7996173717267986,TOPSIS,PLS_1
577,SI_ref_19,MCB,IBU,Ground water,0.9896236049163454,0.8574520560268821,TOPSIS,PLS_1
579,SI_ref_19,MCB,IBU,Ground water,0.9728688772730024,0.828525018496138,TOPSIS,PLS_1
581,SI_ref_19,MCB,IBU,Ground water,0.95367292982704,0.799597980965394,TOPSIS,PLS_1
583,SI_ref_19,MCB,IBU,Ground water,0.9381494412938034,0.8574326786707752,TOPSIS,PLS_1
585,SI_ref_19,MCB,IBU,Ground water,0.925414707326754,0.8285056411400311,TOPSIS,PLS_1
587,SI_ref_19,MCB,IBU,Ground water,0.9200694262245456,0.7995786036092871,TOPSIS,PLS_1
589,SI_ref_19,MCB,IBU,Ground water,0.9296751902157461,0.8574133147014439,TOPSIS,PLS_1
591,SI_ref_19,MCB,IBU,Ground water,0.9221403459202003,0.8284862771706998,TOPSIS,PLS_1
593,SI_ref_19,MCB,IBU,Ground water,0.911624129649438,0.7995592396399558,TOPSIS,PLS_1
595,SI_ref_19,MCB,IBU,Ground water,0.9248851497651674,0.8573939641004045,TOPSIS,PLS_1
597,SI_ref_19,MCB,IBU,Ground water,0.9206218375460943,0.8284669265696604,TOPSIS,PLS_1
599,SI_ref_19,MCB,IBU,Ground water,0.9170274735254856,0.7995398890389163,TOPSIS,PLS_1
601,SI_ref_19,MCB,IBU,Ground water,0.9300914246503462,0.8573746268492115,TOPSIS,PLS_1
603,SI_ref_19,MCB,IBU,Ground water,0.920786534541565,0.8284475893184675,TOPSIS,PLS_1
605,SI_ref_19,MCB,IBU,Ground water,0.9160948152334054,0.7995205517877234,TOPSIS,PLS_1
607,SI_ref_19,MCB,IBU,Ground water,0.9861765121394982,0.857355302929458,TOPSIS,PLS_1
609,SI_ref_19,MCB,IBU,Ground water,0.9661781267028597,0.828428265398714,TOPSIS,PLS_1
611,SI_ref_19,MCB,IBU,Ground water,0.9529992532644452,0.7995012278679698,TOPSIS,PLS_1
613,SI_ref_19,MCB,IBU,Ground water,0.9352947587236877,0.8573359923227746,TOPSIS,PLS_1
615,SI_ref_19,MCB,IBU,Ground water,0.9284499518994666,0.8284089547920305,TOPSIS,PLS_1
617,SI_ref_19,MCB,IBU,Ground water,0.917077774862594,0.7994819172612865,TOPSIS,PLS_1
619,SI_ref_19,MCB,IBU,Ground water,0.9255842902984923,0.85731669501083,TOPSIS,PLS_1
621,SI_ref_19,MCB,IBU,Ground water,0.9186162384710084,0.8283896574800859,TOPSIS,PLS_1
623,SI_ref_19,MCB,IBU,Ground water,0.9103224686673798,0.7994626199493419,TOPSIS,PLS_1
625,SI_ref_19,MCB,IBU,Ground water,0.9258221154816445,0.8572974109753309,TOPSIS,PLS_1
627,SI_ref_19,MCB,IBU,Ground water,0.921668420582223,0.8283703734445867,TOPSIS,PLS_1
629,SI_ref_19,MCB,IBU,Ground water,0.9150562646500002,0.7994433359138428,TOPSIS,PLS_1
631,SI_ref_19,MCB,IBU,Ground water,0.9296259863973036,0.8572781401980215,TOPSIS,PLS_1
633,SI_ref_19,MCB,IBU,Ground water,0.9216175906678238,0.8283511026672774,TOPSIS,PLS_1
635,SI_ref_19,MCB,IBU,Ground water,0.9188076045934327,0.7994240651365334,TOPSIS,PLS_1
698,SI_ref_18,NaOH-activated SCW biochars,IBU,Lake water,0.585296751211726,0.48215789974568424,TOPSIS,PLS_1
700,SI_ref_18,NaOH-activated SCW biochars,IBU,Lake water,0.6304734220526563,0.4631852103790056,TOPSIS,PLS_1
702,SI_ref_18,NaOH-activated SCW biochars,IBU,Lake water,0.6077686506314385,0.44398744476682817,TOPSIS,PLS_1
704,SI_ref_18,NaOH-activated SCW biochars,IBU,Lake water,0.6040537723014899,0.4246750473631169,TOPSIS,PLS_1
706,SI_ref_18,NaOH-activated SCW biochars,IBU,Lake water,0.6292724453182281,0.40530479882968473,TOPSIS,PLS_1
708,SI_ref_18,NaOH-activated SCW biochars,IBU,Lake water,0.6376478565264503,0.39395930872370577,TOPSIS,PLS_1
710,SI_ref_18,NaOH-activated SCW biochars,IBU,Lake water,0.6108673600702487,0.3859054894088329,TOPSIS,PLS_1
712,SI_ref_18,NaOH-activated SCW biochars,IBU,Lake water,0.10371139816269948,0.3745502921844726,TOPSIS,PLS_1
714,SI_ref_18,NaOH-activated SCW biochars,IBU,Lake water,0.46656560236114836,0.3745502921844726,TOPSIS,PLS_1
716,SI_ref_18,NaOH-activated SCW biochars,IBU,Lake water,0.44106817459704084,0.34291844422345386,TOPSIS,PLS_1
718,SI_ref_18,NaOH-activated SCW biochars,IBU,Lake water,0.6893393142281772,0.40347732971521666,TOPSIS,PLS_1
720,SI_ref_18,NaOH-activated SCW biochars,IBU,Lake water,0.621379975330744,0.3745502921844726,TOPSIS,PLS_1
722,SI_ref_18,NaOH-activated SCW biochars,IBU,Lake water,0.6727437787241767,0.3745502921844726,TOPSIS,PLS_1
723,SI_ref_18,NaOH-activated SCW biochars,IBU,Lake water,0.6293605973980515,0.3745502921844726,TOPSIS,PLS_1
724,SI_ref_18,NaOH-activated SCW biochars,IBU,Lake water,0.6573710855713073,0.3745502921844726,TOPSIS,PLS_1
726,SI_ref_18,NaOH-activated SCW biochars,IBU,Lake water,0.6298354173553987,0.3745502921844726,TOPSIS,PLS_1
727,SI_ref_18,NaOH-activated SCW biochars,IBU,Lake water,0.6523803226831055,0.3745502921844726,TOPSIS,PLS_1
728,SI_ref_18,NaOH-activated SCW biochars,IBU,Lake water,0.6378679449532959,0.3745502921844726,TOPSIS,PLS_1
730,SI_ref_18,NaOH-activated SCW biochars,IBU,Lake water,0.627404015064595,0.3745502921844726,TOPSIS,PLS_1
731,SI_ref_18,NaOH-activated SCW biochars,IBU,Lake water,0.6077370696640284,0.3745502921844726,TOPSIS,PLS_1
732,SI_ref_18,NaOH-activated SCW biochars,IBU,Lake water,0.6159420233488258,0.3745502921844726,TOPSIS,PLS_1
734,SI_ref_18,NaOH-activated SCW biochars,IBU,Lake water,0.6074163960354965,0.3745502921844726,TOPSIS,PLS_1
735,SI_ref_18,NaOH-activated SCW biochars,IBU,Lake water,0.6146046840259546,0.3745502921844726,TOPSIS,PLS_1
736,SI_ref_18,NaOH-activated SCW biochars,IBU,Lake water,0.6281995086504742,0.3745502921844726,TOPSIS,PLS_1
738,SI_ref_18,NaOH-activated SCW biochars,IBU,Lake water,0.6298527247859258,0.3745502921844726,TOPSIS,PLS_1
739,SI_ref_18,NaOH-activated SCW biochars,IBU,Lake water,0.576999656444263,0.3745502921844726,TOPSIS,PLS_1
740,SI_ref_18,NaOH-activated SCW biochars,IBU,Lake water,0.5791171913994386,0.3745502921844726,TOPSIS,PLS_1
742,SI_ref_18,NaOH-activated SCW biochars,IBU,Lake water,0.5786725135963804,0.3745502921844726,TOPSIS,PLS_1
743,SI_ref_18,NaOH-activated SCW biochars,IBU,Lake water,0.6233870058145189,0.3745502921844726,TOPSIS,PLS_1
744,SI_ref_18,NaOH-activated SCW biochars,IBU,Lake water,0.5944978576382812,0.3745502921844726,TOPSIS,PLS_1
745,SI_ref_18,NaOH-activated SCW biochars,IBU,Lake water,0.5630080357470825,0.34562325465372856,TOPSIS,PLS_1
747,SI_ref_18,NaOH-activated SCW biochars,IBU,Lake water,0.6846241766923425,0.40618214014549137,TOPSIS,PLS_1
749,SI_ref_18,NaOH-activated SCW biochars,IBU,Lake water,0.744908980376152,0.4378139881065102,TOPSIS,PLS_1
751,SI_ref_18,NaOH-activated SCW biochars,IBU,Lake water,0.6869669848084122,0.3745502921844726,TOPSIS,PLS_1
753,SI_ref_18,NaOH-activated SCW biochars,IBU,Lake water,0.7932075459644551,0.3745502921844726,TOPSIS,PLS_1
852,SI_ref_13,PB600,CBZ,Synthetic,0.5776772247360483,0.9236290887229266,TOPSIS,PLS_1
853,SI_ref_13,PB600,CBZ,Synthetic,0.5656108597285068,0.904656399356248,TOPSIS,PLS_1
854,SI_ref_13,PB600,CBZ,Synthetic,0.5475113122171945,0.8854586337440705,TOPSIS,PLS_1
855,SI_ref_13,PB600,CBZ,Synthetic,0.4479638009049774,0.8741710349279463,TOPSIS,PLS_1
856,SI_ref_13,PB600,CBZ,Synthetic,0.45098039215686275,0.8548201100922329,TOPSIS,PLS_1
857,SI_ref_13,PB600,CBZ,Synthetic,0.42684766214177977,0.8434810820581652,TOPSIS,PLS_1
858,SI_ref_13,PB600,CBZ,Synthetic,0.32437120555073723,0.8354304977009481,TOPSIS,PLS_1
859,SI_ref_13,PB600,CBZ,Synthetic,0.4773489932885906,0.8643575352316921,TOPSIS,PLS_1
860,SI_ref_13,PB600,CBZ,Synthetic,0.4437372714068248,0.8354304977009481,TOPSIS,PLS_1
861,SI_ref_13,PB600,CBZ,Synthetic,0.35791881074899945,0.8354304977009481,TOPSIS,PLS_1
862,SI_ref_13,PB600,CBZ,Synthetic,0.32426715019643393,0.8354304977009481,TOPSIS,PLS_1
863,SI_ref_13,PB600,CBZ,Synthetic,0.24055829228243014,0.8354304977009481,TOPSIS,PLS_1
864,SI_ref_13,PB600,CBZ,Synthetic,0.44839549002601903,0.806503460170204,TOPSIS,PLS_1
865,SI_ref_13,PB600,CBZ,Synthetic,0.5528523489932886,0.7775764226394599,TOPSIS,PLS_1
866,SI_ref_13,PB600,CBZ,Synthetic,0.5653368025440879,0.8354304977009481,TOPSIS,PLS_1
867,SI_ref_13,PB600,CBZ,Synthetic,0.6235906331309627,0.8354304977009481,TOPSIS,PLS_1
868,SI_ref_13,PB600,CBZ,Synthetic,0.6991037872217403,0.8354304977009481,TOPSIS,PLS_1
869,SI_ref_13,PB600,CBZ,Synthetic,0.7401395944327428,0.8354304977009481,TOPSIS,PLS_1
870,SI_ref_13,PB600,CBZ,Synthetic,0.8642533936651583,0.816021481161715,TOPSIS,PLS_1
871,SI_ref_13,PB600,CBZ,Synthetic,0.6953242835595775,0.816021481161715,TOPSIS,PLS_1
872,SI_ref_13,PB600,CBZ,Synthetic,0.4479638009049774,0.816021481161715,TOPSIS,PLS_1
873,SI_ref_13,PB600,CBZ,Synthetic,0.36651583710407243,0.816021481161715,TOPSIS,PLS_1
874,SI_ref_13,PB600,CBZ,Synthetic,0.248868778280543,0.816021481161715,TOPSIS,PLS_1
898,SI_ref_13,PB600,CBZ,Synthetic,0.244663382594417,0.8354304977009481,TOPSIS,PLS_1
899,SI_ref_13,PB800,CBZ,Synthetic,0.27061079156395507,0.43684016634504624,TOPSIS,PLS_1
900,SI_ref_13,PB800,CBZ,Synthetic,0.22678718159408381,0.4178674769783676,TOPSIS,PLS_1
901,SI_ref_13,PB800,CBZ,Synthetic,0.18844152287044644,0.3986697113661901,TOPSIS,PLS_1
902,SI_ref_13,PB800,CBZ,Synthetic,0.17748562037797863,0.38738211255006594,TOPSIS,PLS_1
903,SI_ref_13,PB800,CBZ,Synthetic,0.16379074226239385,0.3680311877143525,TOPSIS,PLS_1
904,SI_ref_13,PB800,CBZ,Synthetic,0.155573815393043,0.3566921596802848,TOPSIS,PLS_1
905,SI_ref_13,PB800,CBZ,Synthetic,0.08520900321543408,0.3486415753230677,TOPSIS,PLS_1
906,SI_ref_13,PB800,CBZ,Synthetic,0.16135346756152125,0.37756861285381177,TOPSIS,PLS_1
907,SI_ref_13,PB800,CBZ,Synthetic,0.1561792870827899,0.3486415753230677,TOPSIS,PLS_1
908,SI_ref_13,PB800,CBZ,Synthetic,0.13676633444075306,0.3486415753230677,TOPSIS,PLS_1
909,SI_ref_13,PB800,CBZ,Synthetic,0.1002310803004044,0.3486415753230677,TOPSIS,PLS_1
910,SI_ref_13,PB800,CBZ,Synthetic,0.04322336667164253,0.3486415753230677,TOPSIS,PLS_1
911,SI_ref_13,PB800,CBZ,Synthetic,0.20609619686800895,0.31971453779232367,TOPSIS,PLS_1
912,SI_ref_13,PB800,CBZ,Synthetic,0.1865212527964206,0.29078750026157957,TOPSIS,PLS_1
913,SI_ref_13,PB800,CBZ,Synthetic,0.28121650589496244,0.3486415753230677,TOPSIS,PLS_1
914,SI_ref_13,PB800,CBZ,Synthetic,0.36611289746337977,0.3486415753230677,TOPSIS,PLS_1
915,SI_ref_13,PB800,CBZ,Synthetic,0.5117363344051448,0.3486415753230677,TOPSIS,PLS_1
916,SI_ref_13,PB800,CBZ,Synthetic,0.5707012708620426,0.3486415753230677,TOPSIS,PLS_1
917,SI_ref_13,PB800,CBZ,Synthetic,0.5791052918712493,0.3292325587838346,TOPSIS,PLS_1
918,SI_ref_13,PB800,CBZ,Synthetic,0.30905619203491547,0.3292325587838346,TOPSIS,PLS_1
919,SI_ref_13,PB800,CBZ,Synthetic,0.16448445171849424,0.3292325587838346,TOPSIS,PLS_1
920,SI_ref_13,PB800,CBZ,Synthetic,0.12460736493062231,0.3292325587838346,TOPSIS,PLS_1
921,SI_ref_13,PB800,CBZ,Synthetic,0.08265139116202945,0.3292325587838346,TOPSIS,PLS_1
987,SI_ref_15,PSB,TEB,Synthetic,0.9529494921755761,0.9772354040069351,TOPSIS,PLS_1
988,SI_ref_15,PSB,TEB,Synthetic,0.9422238246841239,0.9582627146402565,TOPSIS,PLS_1
989,SI_ref_15,PSB,TEB,Synthetic,0.9297851778252496,0.9390649490280789,TOPSIS,PLS_1
990,SI_ref_15,PSB,TEB,Synthetic,0.9225192311101157,0.9197525516243676,TOPSIS,PLS_1
991,SI_ref_15,PSB,TEB,Synthetic,0.920805363267918,0.9003823030909355,TOPSIS,PLS_1
992,SI_ref_15,PSB,TEB,Synthetic,0.9178876121047361,0.8890368129849564,TOPSIS,PLS_1
993,SI_ref_15,PSB,TEB,Synthetic,0.9171857170319854,0.8809829936700837,TOPSIS,PLS_1
994,SI_ref_15,PSB,TEB,Synthetic,0.9362126098667423,0.8696277964457234,TOPSIS,PLS_1
995,SI_ref_15,PSB,TEB,Synthetic,0.9575716949823408,0.8696277964457234,TOPSIS,PLS_1
996,SI_ref_15,PSB,TEB,Synthetic,0.9144403299752767,0.8696277964457234,TOPSIS,PLS_1
997,SI_ref_15,PSB,TEB,Synthetic,0.9131362601666559,0.8696277964457234,TOPSIS,PLS_1
998,SI_ref_15,PSB,TEB,Synthetic,0.9073783566890704,0.8696277964457234,TOPSIS,PLS_1
999,SI_ref_15,PSB,TEB,Synthetic,0.8610942615965279,0.8696277964457234,TOPSIS,PLS_1
1000,SI_ref_15,PSB,TEB,Synthetic,0.8714762044822667,0.8696277964457234,TOPSIS,PLS_1
1001,SI_ref_15,PSB,TEB,Synthetic,0.8650362109004135,0.8696277964457234,TOPSIS,PLS_1
1002,SI_ref_15,PSB,TEB,Synthetic,0.9441016733966956,0.8696277964457234,TOPSIS,PLS_1
1003,SI_ref_15,PSB,TEB,Synthetic,0.952584477756588,0.8696277964457234,TOPSIS,PLS_1
1004,SI_ref_15,PSB,TEB,Synthetic,0.9589909115585907,0.8696277964457234,TOPSIS,PLS_1
1005,SI_ref_15,PSB,TEB,Synthetic,0.9629553594597028,0.8696277964457234,TOPSIS,PLS_1
1052,SI_ref_15,PSBOX-A,TEB,Synthetic,0.5158767649493458,0.25570299914176003,TOPSIS,PLS_1
1053,SI_ref_15,PSBOX-A,TEB,Synthetic,0.41210379963008376,0.23673030977508142,TOPSIS,PLS_1
1054,SI_ref_15,PSBOX-A,TEB,Synthetic,0.30623403384032577,0.2175325441629039,TOPSIS,PLS_1
1055,SI_ref_15,PSBOX-A,TEB,Synthetic,0.21283845390046752,0.19822014675919258,TOPSIS,PLS_1
1056,SI_ref_15,PSBOX-A,TEB,Synthetic,0.12421842587964138,0.17884989822576047,TOPSIS,PLS_1
1057,SI_ref_15,PSBOX-A,TEB,Synthetic,0.09371708683213013,0.16750440811978146,TOPSIS,PLS_1
1058,SI_ref_15,PSBOX-A,TEB,Synthetic,0.07890621232231329,0.1594505888049087,TOPSIS,PLS_1
1059,SI_ref_15,PSBOX-A,TEB,Synthetic,0.07277962857952934,0.14809539158054835,TOPSIS,PLS_1
1060,SI_ref_15,PSBOX-A,TEB,Synthetic,0.5073983287736047,0.0848316956585109,TOPSIS,PLS_1
1061,SI_ref_15,PSBOX-A,TEB,Synthetic,0.5163778457532948,0.17702242911129246,TOPSIS,PLS_1
1062,SI_ref_15,PSBOX-A,TEB,Synthetic,0.5077105405964751,0.14809539158054835,TOPSIS,PLS_1
1063,SI_ref_15,PSBOX-A,TEB,Synthetic,0.058828707349529885,0.14809539158054835,TOPSIS,PLS_1
1064,SI_ref_15,PSBOX-A,TEB,Synthetic,0.4930488637978448,0.11916835404980441,TOPSIS,PLS_1
1065,SI_ref_15,PSBOX-A,TEB,Synthetic,0.5160089507499187,0.21135908750258586,TOPSIS,PLS_1
1066,SI_ref_15,PSBOX-A,TEB,Synthetic,0.07083175356135256,0.14809539158054835,TOPSIS,PLS_1
1067,SI_ref_15,PSBOX-A,TEB,Synthetic,0.051172794584274484,0.14809539158054835,TOPSIS,PLS_1
1068,SI_ref_15,PSBOX-A,TEB,Synthetic,0.04750722464731311,0.14809539158054835,TOPSIS,PLS_1
1069,SI_ref_15,PSBOX-A,TEB,Synthetic,0.04108376658313895,0.14809539158054835,TOPSIS,PLS_1
1070,SI_ref_15,PSBOX-A,TEB,Synthetic,0.04527670142322688,0.14809539158054835,TOPSIS,PLS_1
1071,SI_ref_15,PSBOX-A,TEB,Synthetic,0.04243318293660387,0.14809539158054835,TOPSIS,PLS_1
1072,SI_ref_15,PSBOX-A,TEB,Synthetic,0.09409506092292502,0.14809539158054835,TOPSIS,PLS_1
1073,SI_ref_15,PSBOX-A,TEB,Synthetic,0.28314921751011557,0.14809539158054835,TOPSIS,PLS_1
1074,SI_ref_15,PSBOX-A,TEB,Synthetic,0.44223994246690523,0.14809539158054835,TOPSIS,PLS_1
1075,SI_ref_15,PSBOX-A,TEB,Synthetic,0.5102144207532882,0.14809539158054835,TOPSIS,PLS_1
1077,SI_ref_17,Pristine SCG biochar,CBZ,Synthetic,0.9431980957558961,0.9416119359501354,TOPSIS,PLS_1
1079,SI_ref_17,Pristine SCG biochar,CBZ,Synthetic,0.9360319849357849,0.9226392465834568,TOPSIS,PLS_1
1081,SI_ref_17,Pristine SCG biochar,CBZ,Synthetic,0.9307104448319532,0.8921538821551551,TOPSIS,PLS_1
1083,SI_ref_17,Pristine SCG biochar,CBZ,Synthetic,0.9258716624342764,0.8728029573194416,TOPSIS,PLS_1
1085,SI_ref_17,Pristine SCG biochar,CBZ,Synthetic,0.9157118703628806,0.8614639292853739,TOPSIS,PLS_1
1087,SI_ref_17,Pristine SCG biochar,CBZ,Synthetic,0.9147137334986508,0.8534133449281568,TOPSIS,PLS_1
1089,SI_ref_17,Pristine SCG biochar,CBZ,Synthetic,0.9138427672538969,0.845359525613284,TOPSIS,PLS_1
1091,SI_ref_17,Pristine SCG biochar,CBZ,Synthetic,0.8932130468798682,0.7707406324668862,TOPSIS,PLS_1
1093,SI_ref_17,Pristine SCG biochar,CBZ,Synthetic,0.9247624360467385,0.8340043283889237,TOPSIS,PLS_1
1095,SI_ref_17,Pristine SCG biochar,CBZ,Synthetic,0.9071706166070994,0.8340043283889237,TOPSIS,PLS_1
1097,SI_ref_17,Pristine SCG biochar,CBZ,Synthetic,0.908534541255576,0.8340043283889237,TOPSIS,PLS_1
1099,SI_ref_17,Pristine SCG biochar,CBZ,Synthetic,0.903895578148675,0.8340043283889237,TOPSIS,PLS_1
1101,SI_ref_17,Pristine SCG biochar,CBZ,Synthetic,0.9071468090110305,0.8340043283889237,TOPSIS,PLS_1
1103,SI_ref_17,Pristine SCG biochar,CBZ,Synthetic,0.890879570190962,0.8340043283889237,TOPSIS,PLS_1
1105,SI_ref_17,Pristine SCG biochar,CBZ,Synthetic,0.8806314346444372,0.8972680243109612,TOPSIS,PLS_1
1107,SI_ref_17,Pristine SCG biochar,CBZ,Synthetic,0.9289062306369882,0.8340043283889237,TOPSIS,PLS_1
1109,SI_ref_17,Pristine SCG biochar,CBZ,Synthetic,0.9261272699552149,0.8340043283889237,TOPSIS,PLS_1
1111,SI_ref_17,Pristine SCG biochar,CBZ,Synthetic,0.9403460613803251,0.8340043283889237,TOPSIS,PLS_1
1113,SI_ref_17,Pristine SCG biochar,CBZ,Synthetic,0.9373850128799738,0.8340043283889237,TOPSIS,PLS_1
1115,SI_ref_17,Pristine SCG biochar,CBZ,Synthetic,0.925161257978969,0.8340043283889237,TOPSIS,PLS_1
1253,SI_ref_18,Pristine SCW Biochar,IBU,Lake water,0.9264336848996528,1.0420352935877193,TOPSIS,PLS_1
1255,SI_ref_18,Pristine SCW Biochar,IBU,Lake water,0.9179334532144726,1.0230626042210407,TOPSIS,PLS_1
1257,SI_ref_18,Pristine SCW Biochar,IBU,Lake water,0.916180999264559,1.003864838608863,TOPSIS,PLS_1
1259,SI_ref_18,Pristine SCW Biochar,IBU,Lake water,0.9235678454978681,0.9845524412051518,TOPSIS,PLS_1
1261,SI_ref_18,Pristine SCW Biochar,IBU,Lake water,0.9285970293283682,0.9651821926717197,TOPSIS,PLS_1
1263,SI_ref_18,Pristine SCW Biochar,IBU,Lake water,0.9209592404126973,0.9538367025657406,TOPSIS,PLS_1
1265,SI_ref_18,Pristine SCW Biochar,IBU,Lake water,0.9279432945207517,0.9457828832508679,TOPSIS,PLS_1
1269,SI_ref_18,Pristine SCW Biochar,IBU,Lake water,0.8974085452250303,0.9027958380654888,TOPSIS,PLS_1
1271,SI_ref_18,Pristine SCW Biochar,IBU,Lake water,0.9239929387412031,0.9633547235572517,TOPSIS,PLS_1
1273,SI_ref_18,Pristine SCW Biochar,IBU,Lake water,0.9256303580479686,0.9344276860265075,TOPSIS,PLS_1
1275,SI_ref_18,Pristine SCW Biochar,IBU,Lake water,0.9240446881745522,0.9344276860265075,TOPSIS,PLS_1
1276,SI_ref_18,Pristine SCW Biochar,IBU,Lake water,0.9283922239724117,0.9344276860265075,TOPSIS,PLS_1
1277,SI_ref_18,Pristine SCW Biochar,IBU,Lake water,0.9240711354841218,0.9344276860265075,TOPSIS,PLS_1
1279,SI_ref_18,Pristine SCW Biochar,IBU,Lake water,0.9204127206373283,0.9344276860265075,TOPSIS,PLS_1
1280,SI_ref_18,Pristine SCW Biochar,IBU,Lake water,0.9185968665123906,0.9344276860265075,TOPSIS,PLS_1
1281,SI_ref_18,Pristine SCW Biochar,IBU,Lake water,0.9182954449695013,0.9344276860265075,TOPSIS,PLS_1
1283,SI_ref_18,Pristine SCW Biochar,IBU,Lake water,0.9158900362354069,0.9344276860265075,TOPSIS,PLS_1
1284,SI_ref_18,Pristine SCW Biochar,IBU,Lake water,0.9125854189759445,0.9344276860265075,TOPSIS,PLS_1
1285,SI_ref_18,Pristine SCW Biochar,IBU,Lake water,0.9175495400890653,0.9344276860265075,TOPSIS,PLS_1
1287,SI_ref_18,Pristine SCW Biochar,IBU,Lake water,0.9120226357855434,0.9344276860265075,TOPSIS,PLS_1
1288,SI_ref_18,Pristine SCW Biochar,IBU,Lake water,0.9131050308227836,0.9344276860265075,TOPSIS,PLS_1
1289,SI_ref_18,Pristine SCW Biochar,IBU,Lake water,0.91141920930323,0.9344276860265075,TOPSIS,PLS_1
1291,SI_ref_18,Pristine SCW Biochar,IBU,Lake water,0.9068652159539504,0.9344276860265075,TOPSIS,PLS_1
1292,SI_ref_18,Pristine SCW Biochar,IBU,Lake water,0.9091226364337618,0.9344276860265075,TOPSIS,PLS_1
1293,SI_ref_18,Pristine SCW Biochar,IBU,Lake water,0.9067682424855283,0.9344276860265075,TOPSIS,PLS_1
1295,SI_ref_18,Pristine SCW Biochar,IBU,Lake water,0.9027540853962883,0.9344276860265075,TOPSIS,PLS_1
1296,SI_ref_18,Pristine SCW Biochar,IBU,Lake water,0.9025373859945938,0.9344276860265075,TOPSIS,PLS_1
1297,SI_ref_18,Pristine SCW Biochar,IBU,Lake water,0.9026152370210476,0.9344276860265075,TOPSIS,PLS_1
1298,SI_ref_18,Pristine SCW Biochar,IBU,Lake water,0.9219347373743266,0.9055006484957635,TOPSIS,PLS_1
1300,SI_ref_18,Pristine SCW Biochar,IBU,Lake water,0.9277221749920567,0.9660595339875264,TOPSIS,PLS_1
1302,SI_ref_18,Pristine SCW Biochar,IBU,Lake water,0.9340257796823453,0.9976913819485451,TOPSIS,PLS_1
2,SI_ref_19,AMCB,IBU,Ground water,0.6563767477253929,0.6353162452221112,Constant,Constant
4,SI_ref_19,AMCB,IBU,Ground water,0.5414154110835401,0.6353162452221112,Constant,Constant
6,SI_ref_19,AMCB,IBU,Ground water,0.39819987427626136,0.6353162452221112,Constant,Constant
8,SI_ref_19,AMCB,IBU,Ground water,0.3426557088502895,0.6353162452221112,Constant,Constant
10,SI_ref_19,AMCB,IBU,Ground water,0.3352626765922249,0.6353162452221112,Constant,Constant
12,SI_ref_19,AMCB,IBU,Ground water,0.33078034739454093,0.6353162452221112,Constant,Constant
14,SI_ref_19,AMCB,IBU,Ground water,0.3305497038875103,0.6353162452221112,Constant,Constant
16,SI_ref_19,AMCB,IBU,Ground water,0.029204625724030753,0.6353162452221112,Constant,Constant
18,SI_ref_19,AMCB,IBU,Ground water,0.005264283840238958,0.6353162452221112,Constant,Constant
20,SI_ref_19,AMCB,IBU,Ground water,0.0023766372681587895,0.6353162452221112,Constant,Constant
22,SI_ref_19,AMCB,IBU,Ground water,0.32926049296939613,0.6353162452221112,Constant,Constant
24,SI_ref_19,AMCB,IBU,Ground water,0.19832193047959257,0.6353162452221112,Constant,Constant
26,SI_ref_19,AMCB,IBU,Ground water,0.1894672613641715,0.6353162452221112,Constant,Constant
28,SI_ref_19,AMCB,IBU,Ground water,0.1528746627917146,0.6353162452221112,Constant,Constant
30,SI_ref_19,AMCB,IBU,Ground water,0.3449761650083755,0.6353162452221112,Constant,Constant
32,SI_ref_19,AMCB,IBU,Ground water,0.30765270742093687,0.6353162452221112,Constant,Constant
34,SI_ref_19,AMCB,IBU,Ground water,0.303030777614079,0.6353162452221112,Constant,Constant
36,SI_ref_19,AMCB,IBU,Ground water,0.41496556078686897,0.6353162452221112,Constant,Constant
38,SI_ref_19,AMCB,IBU,Ground water,0.3766264851820565,0.6353162452221112,Constant,Constant
40,SI_ref_19,AMCB,IBU,Ground water,0.38956403906090076,0.6353162452221112,Constant,Constant
42,SI_ref_19,AMCB,IBU,Ground water,0.5182383095521604,0.6353162452221112,Constant,Constant
44,SI_ref_19,AMCB,IBU,Ground water,0.5024496962602676,0.6353162452221112,Constant,Constant
46,SI_ref_19,AMCB,IBU,Ground water,0.48210720700720494,0.6353162452221112,Constant,Constant
48,SI_ref_19,AMCB,IBU,Ground water,0.03338351934448727,0.6353162452221112,Constant,Constant
50,SI_ref_19,AMCB,IBU,Ground water,0.0,0.6353162452221112,Constant,Constant
52,SI_ref_19,AMCB,IBU,Ground water,0.003531050071646246,0.6353162452221112,Constant,Constant
54,SI_ref_19,AMCB,IBU,Ground water,0.19999798179579809,0.6353162452221112,Constant,Constant
56,SI_ref_19,AMCB,IBU,Ground water,0.17260220522445793,0.6353162452221112,Constant,Constant
58,SI_ref_19,AMCB,IBU,Ground water,0.15656878376287445,0.6353162452221112,Constant,Constant
60,SI_ref_19,AMCB,IBU,Ground water,0.3457359785263073,0.6353162452221112,Constant,Constant
62,SI_ref_19,AMCB,IBU,Ground water,0.32626934953278575,0.6353162452221112,Constant,Constant
64,SI_ref_19,AMCB,IBU,Ground water,0.3258728934993643,0.6353162452221112,Constant,Constant
66,SI_ref_19,AMCB,IBU,Ground water,0.4885549946229274,0.6353162452221112,Constant,Constant
68,SI_ref_19,AMCB,IBU,Ground water,0.39885279506866217,0.6353162452221112,Constant,Constant
70,SI_ref_19,AMCB,IBU,Ground water,0.42188356115014575,0.6353162452221112,Constant,Constant
72,SI_ref_19,AMCB,IBU,Ground water,0.5107350299703324,0.6353162452221112,Constant,Constant
74,SI_ref_19,AMCB,IBU,Ground water,0.5226317382792791,0.6353162452221112,Constant,Constant
76,SI_ref_19,AMCB,IBU,Ground water,0.4945842701164504,0.6353162452221112,Constant,Constant
78,SI_ref_19,AMCB,IBU,Ground water,0.025848755777109534,0.6353162452221112,Constant,Constant
80,SI_ref_19,AMCB,IBU,Ground water,0.008169690609295848,0.6353162452221112,Constant,Constant
82,SI_ref_19,AMCB,IBU,Ground water,0.0,0.6353162452221112,Constant,Constant
84,SI_ref_19,AMCB,IBU,Ground water,0.2007202298061851,0.6353162452221112,Constant,Constant
86,SI_ref_19,AMCB,IBU,Ground water,0.16952726930244136,0.6353162452221112,Constant,Constant
88,SI_ref_19,AMCB,IBU,Ground water,0.14747637019246942,0.6353162452221112,Constant,Constant
90,SI_ref_19,AMCB,IBU,Ground water,0.34008395729479907,0.6353162452221112,Constant,Constant
92,SI_ref_19,AMCB,IBU,Ground water,0.32813530040969546,0.6353162452221112,Constant,Constant
94,SI_ref_19,AMCB,IBU,Ground water,0.3191737471997417,0.6353162452221112,Constant,Constant
96,SI_ref_19,AMCB,IBU,Ground water,0.45590621693388655,0.6353162452221112,Constant,Constant
98,SI_ref_19,AMCB,IBU,Ground water,0.4386715603313315,0.6353162452221112,Constant,Constant
100,SI_ref_19,AMCB,IBU,Ground water,0.4136227630368784,0.6353162452221112,Constant,Constant
102,SI_ref_19,AMCB,IBU,Ground water,0.15909620069601668,0.6353162452221112,Constant,Constant
104,SI_ref_19,AMCB,IBU,Ground water,0.32070040208616674,0.6353162452221112,Constant,Constant
106,SI_ref_19,AMCB,IBU,Ground water,0.3644459510905023,0.6353162452221112,Constant,Constant
108,SI_ref_19,AMCB,IBU,Ground water,0.46356787238707886,0.6353162452221112,Constant,Constant
110,SI_ref_19,AMCB,IBU,Ground water,0.5205305455205957,0.6353162452221112,Constant,Constant
112,SI_ref_19,AMCB,IBU,Ground water,0.5464029950150356,0.6353162452221112,Constant,Constant
114,SI_ref_19,AMCB,IBU,Ground water,0.48301499525722014,0.6353162452221112,Constant,Constant
117,SI_ref_17,Alkali-modified SCG biochars,CBZ,Synthetic,0.12103690777624292,0.6353162452221112,Constant,Constant
119,SI_ref_17,Alkali-modified SCG biochars,CBZ,Synthetic,0.0701486117179634,0.6353162452221112,Constant,Constant
121,SI_ref_17,Alkali-modified SCG biochars,CBZ,Synthetic,0.050188840370859876,0.6353162452221112,Constant,Constant
123,SI_ref_17,Alkali-modified SCG biochars,CBZ,Synthetic,0.033003190610721066,0.6353162452221112,Constant,Constant
125,SI_ref_17,Alkali-modified SCG biochars,CBZ,Synthetic,0.03511734337104713,0.6353162452221112,Constant,Constant
127,SI_ref_17,Alkali-modified SCG biochars,CBZ,Synthetic,0.03195287629892775,0.6353162452221112,Constant,Constant
129,SI_ref_17,Alkali-modified SCG biochars,CBZ,Synthetic,0.03449328813829176,0.6353162452221112,Constant,Constant
132,SI_ref_17,Alkali-modified SCG biochars,CBZ,Synthetic,0.041716779164719504,0.6353162452221112,Constant,Constant
134,SI_ref_17,Alkali-modified SCG biochars,CBZ,Synthetic,0.00635796336582959,0.6353162452221112,Constant,Constant
136,SI_ref_17,Alkali-modified SCG biochars,CBZ,Synthetic,0.011730609548845337,0.6353162452221112,Constant,Constant
138,SI_ref_17,Alkali-modified SCG biochars,CBZ,Synthetic,0.01988738850164665,0.6353162452221112,Constant,Constant
140,SI_ref_17,Alkali-modified SCG biochars,CBZ,Synthetic,0.006132526431344026,0.6353162452221112,Constant,Constant
142,SI_ref_17,Alkali-modified SCG biochars,CBZ,Synthetic,0.007712590639419909,0.6353162452221112,Constant,Constant
145,SI_ref_17,Alkali-modified SCG biochars,CBZ,Synthetic,0.10268999927349255,0.6353162452221112,Constant,Constant
147,SI_ref_17,Alkali-modified SCG biochars,CBZ,Synthetic,0.14439822919669368,0.6353162452221112,Constant,Constant
149,SI_ref_17,Alkali-modified SCG biochars,CBZ,Synthetic,0.34003506921741083,0.6353162452221112,Constant,Constant
151,SI_ref_17,Alkali-modified SCG biochars,CBZ,Synthetic,0.4516798693491866,0.6353162452221112,Constant,Constant
153,SI_ref_17,Alkali-modified SCG biochars,CBZ,Synthetic,0.5612135486607656,0.6353162452221112,Constant,Constant
282,SI_ref_19,CB,IBU,Ground water,0.9280102961124896,0.6353162452221112,Constant,Constant
284,SI_ref_19,CB,IBU,Ground water,0.9242732043010754,0.6353162452221112,Constant,Constant
286,SI_ref_19,CB,IBU,Ground water,0.9218881323407775,0.6353162452221112,Constant,Constant
288,SI_ref_19,CB,IBU,Ground water,0.9215853366418528,0.6353162452221112,Constant,Constant
290,SI_ref_19,CB,IBU,Ground water,0.9207959503722085,0.6353162452221112,Constant,Constant
292,SI_ref_19,CB,IBU,Ground water,0.9207361323407776,0.6353162452221112,Constant,Constant
294,SI_ref_19,CB,IBU,Ground water,0.9206762613730356,0.6353162452221112,Constant,Constant
296,SI_ref_19,CB,IBU,Ground water,0.9945207101387852,0.6353162452221112,Constant,Constant
298,SI_ref_19,CB,IBU,Ground water,0.9765877548823724,0.6353162452221112,Constant,Constant
300,SI_ref_19,CB,IBU,Ground water,0.9595058090644278,0.6353162452221112,Constant,Constant
302,SI_ref_19,CB,IBU,Ground water,0.9409019130333385,0.6353162452221112,Constant,Constant
304,SI_ref_19,CB,IBU,Ground water,0.9323428884090048,0.6353162452221112,Constant,Constant
306,SI_ref_19,CB,IBU,Ground water,0.9259231602386863,0.6353162452221112,Constant,Constant
308,SI_ref_19,CB,IBU,Ground water,0.8753590996713628,0.6353162452221112,Constant,Constant
310,SI_ref_19,CB,IBU,Ground water,0.9341230700922319,0.6353162452221112,Constant,Constant
312,SI_ref_19,CB,IBU,Ground water,0.9234390298948024,0.6353162452221112,Constant,Constant
314,SI_ref_19,CB,IBU,Ground water,0.917590560186213,0.6353162452221112,Constant,Constant
316,SI_ref_19,CB,IBU,Ground water,0.9236132062907854,0.6353162452221112,Constant,Constant
318,SI_ref_19,CB,IBU,Ground water,0.9231865295080666,0.6353162452221112,Constant,Constant
320,SI_ref_19,CB,IBU,Ground water,0.9303445651202417,0.6353162452221112,Constant,Constant
322,SI_ref_19,CB,IBU,Ground water,0.923151204819856,0.6353162452221112,Constant,Constant
324,SI_ref_19,CB,IBU,Ground water,0.9175260660683171,0.6353162452221112,Constant,Constant
326,SI_ref_19,CB,IBU,Ground water,0.9318432124429017,0.6353162452221112,Constant,Constant
328,SI_ref_19,CB,IBU,Ground water,0.9241489703794897,0.6353162452221112,Constant,Constant
330,SI_ref_19,CB,IBU,Ground water,0.9174641264203113,0.6353162452221112,Constant,Constant
523,SI_ref_19,MCB,IBU,Ground water,0.9264289561621175,0.6353162452221112,Constant,Constant
525,SI_ref_19,MCB,IBU,Ground water,0.9196854524400332,0.6353162452221112,Constant,Constant
527,SI_ref_19,MCB,IBU,Ground water,0.9178832092638545,0.6353162452221112,Constant,Constant
529,SI_ref_19,MCB,IBU,Ground water,0.9177463688999173,0.6353162452221112,Constant,Constant
531,SI_ref_19,MCB,IBU,Ground water,0.9177232092638544,0.6353162452221112,Constant,Constant
533,SI_ref_19,MCB,IBU,Ground water,0.9175379321753515,0.6353162452221112,Constant,Constant
535,SI_ref_19,MCB,IBU,Ground water,0.9173856344086023,0.6353162452221112,Constant,Constant
537,SI_ref_19,MCB,IBU,Ground water,0.9902068659306948,0.6353162452221112,Constant,Constant
539,SI_ref_19,MCB,IBU,Ground water,0.9708228218531151,0.6353162452221112,Constant,Constant
541,SI_ref_19,MCB,IBU,Ground water,0.9483485035015843,0.6353162452221112,Constant,Constant
543,SI_ref_19,MCB,IBU,Ground water,0.9173115500413566,0.6353162452221112,Constant,Constant
545,SI_ref_19,MCB,IBU,Ground water,0.9358359065436908,0.6353162452221112,Constant,Constant
547,SI_ref_19,MCB,IBU,Ground water,0.9263512886233829,0.6353162452221112,Constant,Constant
549,SI_ref_19,MCB,IBU,Ground water,0.9153544975680639,0.6353162452221112,Constant,Constant
551,SI_ref_19,MCB,IBU,Ground water,0.9271238571918706,0.6353162452221112,Constant,Constant
553,SI_ref_19,MCB,IBU,Ground water,0.9199191103755877,0.6353162452221112,Constant,Constant
555,SI_ref_19,MCB,IBU,Ground water,0.910886274193223,0.6353162452221112,Constant,Constant
557,SI_ref_19,MCB,IBU,Ground water,0.8716126359176348,0.6353162452221112,Constant,Constant
559,SI_ref_19,MCB,IBU,Ground water,0.9228881866842084,0.6353162452221112,Constant,Constant
561,SI_ref_19,MCB,IBU,Ground water,0.9227697266379059,0.6353162452221112,Constant,Constant
563,SI_ref_19,MCB,IBU,Ground water,0.9221446299502403,0.6353162452221112,Constant,Constant
565,SI_ref_19,MCB,IBU,Ground water,0.9254612605703445,0.6353162452221112,Constant,Constant
567,SI_ref_19,MCB,IBU,Ground water,0.9188111047361486,0.6353162452221112,Constant,Constant
569,SI_ref_19,MCB,IBU,Ground water,0.9124876096677748,0.6353162452221112,Constant,Constant
571,SI_ref_19,MCB,IBU,Ground water,0.927696260267614,0.6353162452221112,Constant,Constant
573,SI_ref_19,MCB,IBU,Ground water,0.9222883610163676,0.6353162452221112,Constant,Constant
575,SI_ref_19,MCB,IBU,Ground water,0.9173366162788351,0.6353162452221112,Constant,Constant
577,SI_ref_19,MCB,IBU,Ground water,0.9896236049163454,0.6353162452221112,Constant,Constant
579,SI_ref_19,MCB,IBU,Ground water,0.9728688772730024,0.6353162452221112,Constant,Constant
581,SI_ref_19,MCB,IBU,Ground water,0.95367292982704,0.6353162452221112,Constant,Constant
583,SI_ref_19,MCB,IBU,Ground water,0.9381494412938034,0.6353162452221112,Constant,Constant
585,SI_ref_19,MCB,IBU,Ground water,0.925414707326754,0.6353162452221112,Constant,Constant
587,SI_ref_19,MCB,IBU,Ground water,0.9200694262245456,0.6353162452221112,Constant,Constant
589,SI_ref_19,MCB,IBU,Ground water,0.9296751902157461,0.6353162452221112,Constant,Constant
591,SI_ref_19,MCB,IBU,Ground water,0.9221403459202003,0.6353162452221112,Constant,Constant
593,SI_ref_19,MCB,IBU,Ground water,0.911624129649438,0.6353162452221112,Constant,Constant
595,SI_ref_19,MCB,IBU,Ground water,0.9248851497651674,0.6353162452221112,Constant,Constant
597,SI_ref_19,MCB,IBU,Ground water,0.9206218375460943,0.6353162452221112,Constant,Constant
599,SI_ref_19,MCB,IBU,Ground water,0.9170274735254856,0.6353162452221112,Constant,Constant
601,SI_ref_19,MCB,IBU,Ground water,0.9300914246503462,0.6353162452221112,Constant,Constant
603,SI_ref_19,MCB,IBU,Ground water,0.920786534541565,0.6353162452221112,Constant,Constant
605,SI_ref_19,MCB,IBU,Ground water,0.9160948152334054,0.6353162452221112,Constant,Constant
607,SI_ref_19,MCB,IBU,Ground water,0.9861765121394982,0.6353162452221112,Constant,Constant
609,SI_ref_19,MCB,IBU,Ground water,0.9661781267028597,0.6353162452221112,Constant,Constant
611,SI_ref_19,MCB,IBU,Ground water,0.9529992532644452,0.6353162452221112,Constant,Constant
613,SI_ref_19,MCB,IBU,Ground water,0.9352947587236877,0.6353162452221112,Constant,Constant
615,SI_ref_19,MCB,IBU,Ground water,0.9284499518994666,0.6353162452221112,Constant,Constant
617,SI_ref_19,MCB,IBU,Ground water,0.917077774862594,0.6353162452221112,Constant,Constant
619,SI_ref_19,MCB,IBU,Ground water,0.9255842902984923,0.6353162452221112,Constant,Constant
621,SI_ref_19,MCB,IBU,Ground water,0.9186162384710084,0.6353162452221112,Constant,Constant
623,SI_ref_19,MCB,IBU,Ground water,0.9103224686673798,0.6353162452221112,Constant,Constant
625,SI_ref_19,MCB,IBU,Ground water,0.9258221154816445,0.6353162452221112,Constant,Constant
627,SI_ref_19,MCB,IBU,Ground water,0.921668420582223,0.6353162452221112,Constant,Constant
629,SI_ref_19,MCB,IBU,Ground water,0.9150562646500002,0.6353162452221112,Constant,Constant
631,SI_ref_19,MCB,IBU,Ground water,0.9296259863973036,0.6353162452221112,Constant,Constant
633,SI_ref_19,MCB,IBU,Ground water,0.9216175906678238,0.6353162452221112,Constant,Constant
635,SI_ref_19,MCB,IBU,Ground water,0.9188076045934327,0.6353162452221112,Constant,Constant
698,SI_ref_18,NaOH-activated SCW biochars,IBU,Lake water,0.585296751211726,0.6353162452221112,Constant,Constant
700,SI_ref_18,NaOH-activated SCW biochars,IBU,Lake water,0.6304734220526563,0.6353162452221112,Constant,Constant
702,SI_ref_18,NaOH-activated SCW biochars,IBU,Lake water,0.6077686506314385,0.6353162452221112,Constant,Constant
704,SI_ref_18,NaOH-activated SCW biochars,IBU,Lake water,0.6040537723014899,0.6353162452221112,Constant,Constant
706,SI_ref_18,NaOH-activated SCW biochars,IBU,Lake water,0.6292724453182281,0.6353162452221112,Constant,Constant
708,SI_ref_18,NaOH-activated SCW biochars,IBU,Lake water,0.6376478565264503,0.6353162452221112,Constant,Constant
710,SI_ref_18,NaOH-activated SCW biochars,IBU,Lake water,0.6108673600702487,0.6353162452221112,Constant,Constant
712,SI_ref_18,NaOH-activated SCW biochars,IBU,Lake water,0.10371139816269948,0.6353162452221112,Constant,Constant
714,SI_ref_18,NaOH-activated SCW biochars,IBU,Lake water,0.46656560236114836,0.6353162452221112,Constant,Constant
716,SI_ref_18,NaOH-activated SCW biochars,IBU,Lake water,0.44106817459704084,0.6353162452221112,Constant,Constant
718,SI_ref_18,NaOH-activated SCW biochars,IBU,Lake water,0.6893393142281772,0.6353162452221112,Constant,Constant
720,SI_ref_18,NaOH-activated SCW biochars,IBU,Lake water,0.621379975330744,0.6353162452221112,Constant,Constant
722,SI_ref_18,NaOH-activated SCW biochars,IBU,Lake water,0.6727437787241767,0.6353162452221112,Constant,Constant
723,SI_ref_18,NaOH-activated SCW biochars,IBU,Lake water,0.6293605973980515,0.6353162452221112,Constant,Constant
724,SI_ref_18,NaOH-activated SCW biochars,IBU,Lake water,0.6573710855713073,0.6353162452221112,Constant,Constant
726,SI_ref_18,NaOH-activated SCW biochars,IBU,Lake water,0.6298354173553987,0.6353162452221112,Constant,Constant
727,SI_ref_18,NaOH-activated SCW biochars,IBU,Lake water,0.6523803226831055,0.6353162452221112,Constant,Constant
728,SI_ref_18,NaOH-activated SCW biochars,IBU,Lake water,0.6378679449532959,0.6353162452221112,Constant,Constant
730,SI_ref_18,NaOH-activated SCW biochars,IBU,Lake water,0.627404015064595,0.6353162452221112,Constant,Constant
731,SI_ref_18,NaOH-activated SCW biochars,IBU,Lake water,0.6077370696640284,0.6353162452221112,Constant,Constant
732,SI_ref_18,NaOH-activated SCW biochars,IBU,Lake water,0.6159420233488258,0.6353162452221112,Constant,Constant
734,SI_ref_18,NaOH-activated SCW biochars,IBU,Lake water,0.6074163960354965,0.6353162452221112,Constant,Constant
735,SI_ref_18,NaOH-activated SCW biochars,IBU,Lake water,0.6146046840259546,0.6353162452221112,Constant,Constant
736,SI_ref_18,NaOH-activated SCW biochars,IBU,Lake water,0.6281995086504742,0.6353162452221112,Constant,Constant
738,SI_ref_18,NaOH-activated SCW biochars,IBU,Lake water,0.6298527247859258,0.6353162452221112,Constant,Constant
739,SI_ref_18,NaOH-activated SCW biochars,IBU,Lake water,0.576999656444263,0.6353162452221112,Constant,Constant
740,SI_ref_18,NaOH-activated SCW biochars,IBU,Lake water,0.5791171913994386,0.6353162452221112,Constant,Constant
742,SI_ref_18,NaOH-activated SCW biochars,IBU,Lake water,0.5786725135963804,0.6353162452221112,Constant,Constant
743,SI_ref_18,NaOH-activated SCW biochars,IBU,Lake water,0.6233870058145189,0.6353162452221112,Constant,Constant
744,SI_ref_18,NaOH-activated SCW biochars,IBU,Lake water,0.5944978576382812,0.6353162452221112,Constant,Constant
745,SI_ref_18,NaOH-activated SCW biochars,IBU,Lake water,0.5630080357470825,0.6353162452221112,Constant,Constant
747,SI_ref_18,NaOH-activated SCW biochars,IBU,Lake water,0.6846241766923425,0.6353162452221112,Constant,Constant
749,SI_ref_18,NaOH-activated SCW biochars,IBU,Lake water,0.744908980376152,0.6353162452221112,Constant,Constant
751,SI_ref_18,NaOH-activated SCW biochars,IBU,Lake water,0.6869669848084122,0.6353162452221112,Constant,Constant
753,SI_ref_18,NaOH-activated SCW biochars,IBU,Lake water,0.7932075459644551,0.6353162452221112,Constant,Constant
852,SI_ref_13,PB600,CBZ,Synthetic,0.5776772247360483,0.6353162452221112,Constant,Constant
853,SI_ref_13,PB600,CBZ,Synthetic,0.5656108597285068,0.6353162452221112,Constant,Constant
854,SI_ref_13,PB600,CBZ,Synthetic,0.5475113122171945,0.6353162452221112,Constant,Constant
855,SI_ref_13,PB600,CBZ,Synthetic,0.4479638009049774,0.6353162452221112,Constant,Constant
856,SI_ref_13,PB600,CBZ,Synthetic,0.45098039215686275,0.6353162452221112,Constant,Constant
857,SI_ref_13,PB600,CBZ,Synthetic,0.42684766214177977,0.6353162452221112,Constant,Constant
858,SI_ref_13,PB600,CBZ,Synthetic,0.32437120555073723,0.6353162452221112,Constant,Constant
859,SI_ref_13,PB600,CBZ,Synthetic,0.4773489932885906,0.6353162452221112,Constant,Constant
860,SI_ref_13,PB600,CBZ,Synthetic,0.4437372714068248,0.6353162452221112,Constant,Constant
861,SI_ref_13,PB600,CBZ,Synthetic,0.35791881074899945,0.6353162452221112,Constant,Constant
862,SI_ref_13,PB600,CBZ,Synthetic,0.32426715019643393,0.6353162452221112,Constant,Constant
863,SI_ref_13,PB600,CBZ,Synthetic,0.24055829228243014,0.6353162452221112,Constant,Constant
864,SI_ref_13,PB600,CBZ,Synthetic,0.44839549002601903,0.6353162452221112,Constant,Constant
865,SI_ref_13,PB600,CBZ,Synthetic,0.5528523489932886,0.6353162452221112,Constant,Constant
866,SI_ref_13,PB600,CBZ,Synthetic,0.5653368025440879,0.6353162452221112,Constant,Constant
867,SI_ref_13,PB600,CBZ,Synthetic,0.6235906331309627,0.6353162452221112,Constant,Constant
868,SI_ref_13,PB600,CBZ,Synthetic,0.6991037872217403,0.6353162452221112,Constant,Constant
869,SI_ref_13,PB600,CBZ,Synthetic,0.7401395944327428,0.6353162452221112,Constant,Constant
870,SI_ref_13,PB600,CBZ,Synthetic,0.8642533936651583,0.6353162452221112,Constant,Constant
871,SI_ref_13,PB600,CBZ,Synthetic,0.6953242835595775,0.6353162452221112,Constant,Constant
872,SI_ref_13,PB600,CBZ,Synthetic,0.4479638009049774,0.6353162452221112,Constant,Constant
873,SI_ref_13,PB600,CBZ,Synthetic,0.36651583710407243,0.6353162452221112,Constant,Constant
874,SI_ref_13,PB600,CBZ,Synthetic,0.248868778280543,0.6353162452221112,Constant,Constant
898,SI_ref_13,PB600,CBZ,Synthetic,0.244663382594417,0.6353162452221112,Constant,Constant
899,SI_ref_13,PB800,CBZ,Synthetic,0.27061079156395507,0.6353162452221112,Constant,Constant
900,SI_ref_13,PB800,CBZ,Synthetic,0.22678718159408381,0.6353162452221112,Constant,Constant
901,SI_ref_13,PB800,CBZ,Synthetic,0.18844152287044644,0.6353162452221112,Constant,Constant
902,SI_ref_13,PB800,CBZ,Synthetic,0.17748562037797863,0.6353162452221112,Constant,Constant
903,SI_ref_13,PB800,CBZ,Synthetic,0.16379074226239385,0.6353162452221112,Constant,Constant
904,SI_ref_13,PB800,CBZ,Synthetic,0.155573815393043,0.6353162452221112,Constant,Constant
905,SI_ref_13,PB800,CBZ,Synthetic,0.08520900321543408,0.6353162452221112,Constant,Constant
906,SI_ref_13,PB800,CBZ,Synthetic,0.16135346756152125,0.6353162452221112,Constant,Constant
907,SI_ref_13,PB800,CBZ,Synthetic,0.1561792870827899,0.6353162452221112,Constant,Constant
908,SI_ref_13,PB800,CBZ,Synthetic,0.13676633444075306,0.6353162452221112,Constant,Constant
909,SI_ref_13,PB800,CBZ,Synthetic,0.1002310803004044,0.6353162452221112,Constant,Constant
910,SI_ref_13,PB800,CBZ,Synthetic,0.04322336667164253,0.6353162452221112,Constant,Constant
911,SI_ref_13,PB800,CBZ,Synthetic,0.20609619686800895,0.6353162452221112,Constant,Constant
912,SI_ref_13,PB800,CBZ,Synthetic,0.1865212527964206,0.6353162452221112,Constant,Constant
913,SI_ref_13,PB800,CBZ,Synthetic,0.28121650589496244,0.6353162452221112,Constant,Constant
914,SI_ref_13,PB800,CBZ,Synthetic,0.36611289746337977,0.6353162452221112,Constant,Constant
915,SI_ref_13,PB800,CBZ,Synthetic,0.5117363344051448,0.6353162452221112,Constant,Constant
916,SI_ref_13,PB800,CBZ,Synthetic,0.5707012708620426,0.6353162452221112,Constant,Constant
917,SI_ref_13,PB800,CBZ,Synthetic,0.5791052918712493,0.6353162452221112,Constant,Constant
918,SI_ref_13,PB800,CBZ,Synthetic,0.30905619203491547,0.6353162452221112,Constant,Constant
919,SI_ref_13,PB800,CBZ,Synthetic,0.16448445171849424,0.6353162452221112,Constant,Constant
920,SI_ref_13,PB800,CBZ,Synthetic,0.12460736493062231,0.6353162452221112,Constant,Constant
921,SI_ref_13,PB800,CBZ,Synthetic,0.08265139116202945,0.6353162452221112,Constant,Constant
987,SI_ref_15,PSB,TEB,Synthetic,0.9529494921755761,0.6353162452221112,Constant,Constant
988,SI_ref_15,PSB,TEB,Synthetic,0.9422238246841239,0.6353162452221112,Constant,Constant
989,SI_ref_15,PSB,TEB,Synthetic,0.9297851778252496,0.6353162452221112,Constant,Constant
990,SI_ref_15,PSB,TEB,Synthetic,0.9225192311101157,0.6353162452221112,Constant,Constant
991,SI_ref_15,PSB,TEB,Synthetic,0.920805363267918,0.6353162452221112,Constant,Constant
992,SI_ref_15,PSB,TEB,Synthetic,0.9178876121047361,0.6353162452221112,Constant,Constant
993,SI_ref_15,PSB,TEB,Synthetic,0.9171857170319854,0.6353162452221112,Constant,Constant
994,SI_ref_15,PSB,TEB,Synthetic,0.9362126098667423,0.6353162452221112,Constant,Constant
995,SI_ref_15,PSB,TEB,Synthetic,0.9575716949823408,0.6353162452221112,Constant,Constant
996,SI_ref_15,PSB,TEB,Synthetic,0.9144403299752767,0.6353162452221112,Constant,Constant
997,SI_ref_15,PSB,TEB,Synthetic,0.9131362601666559,0.6353162452221112,Constant,Constant
998,SI_ref_15,PSB,TEB,Synthetic,0.9073783566890704,0.6353162452221112,Constant,Constant
999,SI_ref_15,PSB,TEB,Synthetic,0.8610942615965279,0.6353162452221112,Constant,Constant
1000,SI_ref_15,PSB,TEB,Synthetic,0.8714762044822667,0.6353162452221112,Constant,Constant
1001,SI_ref_15,PSB,TEB,Synthetic,0.8650362109004135,0.6353162452221112,Constant,Constant
1002,SI_ref_15,PSB,TEB,Synthetic,0.9441016733966956,0.6353162452221112,Constant,Constant
1003,SI_ref_15,PSB,TEB,Synthetic,0.952584477756588,0.6353162452221112,Constant,Constant
1004,SI_ref_15,PSB,TEB,Synthetic,0.9589909115585907,0.6353162452221112,Constant,Constant
1005,SI_ref_15,PSB,TEB,Synthetic,0.9629553594597028,0.6353162452221112,Constant,Constant
1052,SI_ref_15,PSBOX-A,TEB,Synthetic,0.5158767649493458,0.6353162452221112,Constant,Constant
1053,SI_ref_15,PSBOX-A,TEB,Synthetic,0.41210379963008376,0.6353162452221112,Constant,Constant
1054,SI_ref_15,PSBOX-A,TEB,Synthetic,0.30623403384032577,0.6353162452221112,Constant,Constant
1055,SI_ref_15,PSBOX-A,TEB,Synthetic,0.21283845390046752,0.6353162452221112,Constant,Constant
1056,SI_ref_15,PSBOX-A,TEB,Synthetic,0.12421842587964138,0.6353162452221112,Constant,Constant
1057,SI_ref_15,PSBOX-A,TEB,Synthetic,0.09371708683213013,0.6353162452221112,Constant,Constant
1058,SI_ref_15,PSBOX-A,TEB,Synthetic,0.07890621232231329,0.6353162452221112,Constant,Constant
1059,SI_ref_15,PSBOX-A,TEB,Synthetic,0.07277962857952934,0.6353162452221112,Constant,Constant
1060,SI_ref_15,PSBOX-A,TEB,Synthetic,0.5073983287736047,0.6353162452221112,Constant,Constant
1061,SI_ref_15,PSBOX-A,TEB,Synthetic,0.5163778457532948,0.6353162452221112,Constant,Constant
1062,SI_ref_15,PSBOX-A,TEB,Synthetic,0.5077105405964751,0.6353162452221112,Constant,Constant
1063,SI_ref_15,PSBOX-A,TEB,Synthetic,0.058828707349529885,0.6353162452221112,Constant,Constant
1064,SI_ref_15,PSBOX-A,TEB,Synthetic,0.4930488637978448,0.6353162452221112,Constant,Constant
1065,SI_ref_15,PSBOX-A,TEB,Synthetic,0.5160089507499187,0.6353162452221112,Constant,Constant
1066,SI_ref_15,PSBOX-A,TEB,Synthetic,0.07083175356135256,0.6353162452221112,Constant,Constant
1067,SI_ref_15,PSBOX-A,TEB,Synthetic,0.051172794584274484,0.6353162452221112,Constant,Constant
1068,SI_ref_15,PSBOX-A,TEB,Synthetic,0.04750722464731311,0.6353162452221112,Constant,Constant
1069,SI_ref_15,PSBOX-A,TEB,Synthetic,0.04108376658313895,0.6353162452221112,Constant,Constant
1070,SI_ref_15,PSBOX-A,TEB,Synthetic,0.04527670142322688,0.6353162452221112,Constant,Constant
1071,SI_ref_15,PSBOX-A,TEB,Synthetic,0.04243318293660387,0.6353162452221112,Constant,Constant
1072,SI_ref_15,PSBOX-A,TEB,Synthetic,0.09409506092292502,0.6353162452221112,Constant,Constant
1073,SI_ref_15,PSBOX-A,TEB,Synthetic,0.28314921751011557,0.6353162452221112,Constant,Constant
1074,SI_ref_15,PSBOX-A,TEB,Synthetic,0.44223994246690523,0.6353162452221112,Constant,Constant
1075,SI_ref_15,PSBOX-A,TEB,Synthetic,0.5102144207532882,0.6353162452221112,Constant,Constant
1077,SI_ref_17,Pristine SCG biochar,CBZ,Synthetic,0.9431980957558961,0.6353162452221112,Constant,Constant
1079,SI_ref_17,Pristine SCG biochar,CBZ,Synthetic,0.9360319849357849,0.6353162452221112,Constant,Constant
1081,SI_ref_17,Pristine SCG biochar,CBZ,Synthetic,0.9307104448319532,0.6353162452221112,Constant,Constant
1083,SI_ref_17,Pristine SCG biochar,CBZ,Synthetic,0.9258716624342764,0.6353162452221112,Constant,Constant
1085,SI_ref_17,Pristine SCG biochar,CBZ,Synthetic,0.9157118703628806,0.6353162452221112,Constant,Constant
1087,SI_ref_17,Pristine SCG biochar,CBZ,Synthetic,0.9147137334986508,0.6353162452221112,Constant,Constant
1089,SI_ref_17,Pristine SCG biochar,CBZ,Synthetic,0.9138427672538969,0.6353162452221112,Constant,Constant
1091,SI_ref_17,Pristine SCG biochar,CBZ,Synthetic,0.8932130468798682,0.6353162452221112,Constant,Constant
1093,SI_ref_17,Pristine SCG biochar,CBZ,Synthetic,0.9247624360467385,0.6353162452221112,Constant,Constant
1095,SI_ref_17,Pristine SCG biochar,CBZ,Synthetic,0.9071706166070994,0.6353162452221112,Constant,Constant
1097,SI_ref_17,Pristine SCG biochar,CBZ,Synthetic,0.908534541255576,0.6353162452221112,Constant,Constant
1099,SI_ref_17,Pristine SCG biochar,CBZ,Synthetic,0.903895578148675,0.6353162452221112,Constant,Constant
1101,SI_ref_17,Pristine SCG biochar,CBZ,Synthetic,0.9071468090110305,0.6353162452221112,Constant,Constant
1103,SI_ref_17,Pristine SCG biochar,CBZ,Synthetic,0.890879570190962,0.6353162452221112,Constant,Constant
1105,SI_ref_17,Pristine SCG biochar,CBZ,Synthetic,0.8806314346444372,0.6353162452221112,Constant,Constant
1107,SI_ref_17,Pristine SCG biochar,CBZ,Synthetic,0.9289062306369882,0.6353162452221112,Constant,Constant
1109,SI_ref_17,Pristine SCG biochar,CBZ,Synthetic,0.9261272699552149,0.6353162452221112,Constant,Constant
1111,SI_ref_17,Pristine SCG biochar,CBZ,Synthetic,0.9403460613803251,0.6353162452221112,Constant,Constant
1113,SI_ref_17,Pristine SCG biochar,CBZ,Synthetic,0.9373850128799738,0.6353162452221112,Constant,Constant
1115,SI_ref_17,Pristine SCG biochar,CBZ,Synthetic,0.925161257978969,0.6353162452221112,Constant,Constant
1253,SI_ref_18,Pristine SCW Biochar,IBU,Lake water,0.9264336848996528,0.6353162452221112,Constant,Constant
1255,SI_ref_18,Pristine SCW Biochar,IBU,Lake water,0.9179334532144726,0.6353162452221112,Constant,Constant
1257,SI_ref_18,Pristine SCW Biochar,IBU,Lake water,0.916180999264559,0.6353162452221112,Constant,Constant
1259,SI_ref_18,Pristine SCW Biochar,IBU,Lake water,0.9235678454978681,0.6353162452221112,Constant,Constant
1261,SI_ref_18,Pristine SCW Biochar,IBU,Lake water,0.9285970293283682,0.6353162452221112,Constant,Constant
1263,SI_ref_18,Pristine SCW Biochar,IBU,Lake water,0.9209592404126973,0.6353162452221112,Constant,Constant
1265,SI_ref_18,Pristine SCW Biochar,IBU,Lake water,0.9279432945207517,0.6353162452221112,Constant,Constant
1269,SI_ref_18,Pristine SCW Biochar,IBU,Lake water,0.8974085452250303,0.6353162452221112,Constant,Constant
1271,SI_ref_18,Pristine SCW Biochar,IBU,Lake water,0.9239929387412031,0.6353162452221112,Constant,Constant
1273,SI_ref_18,Pristine SCW Biochar,IBU,Lake water,0.9256303580479686,0.6353162452221112,Constant,Constant
1275,SI_ref_18,Pristine SCW Biochar,IBU,Lake water,0.9240446881745522,0.6353162452221112,Constant,Constant
1276,SI_ref_18,Pristine SCW Biochar,IBU,Lake water,0.9283922239724117,0.6353162452221112,Constant,Constant
1277,SI_ref_18,Pristine SCW Biochar,IBU,Lake water,0.9240711354841218,0.6353162452221112,Constant,Constant
1279,SI_ref_18,Pristine SCW Biochar,IBU,Lake water,0.9204127206373283,0.6353162452221112,Constant,Constant
1280,SI_ref_18,Pristine SCW Biochar,IBU,Lake water,0.9185968665123906,0.6353162452221112,Constant,Constant
1281,SI_ref_18,Pristine SCW Biochar,IBU,Lake water,0.9182954449695013,0.6353162452221112,Constant,Constant
1283,SI_ref_18,Pristine SCW Biochar,IBU,Lake water,0.9158900362354069,0.6353162452221112,Constant,Constant
1284,SI_ref_18,Pristine SCW Biochar,IBU,Lake water,0.9125854189759445,0.6353162452221112,Constant,Constant
1285,SI_ref_18,Pristine SCW Biochar,IBU,Lake water,0.9175495400890653,0.6353162452221112,Constant,Constant
1287,SI_ref_18,Pristine SCW Biochar,IBU,Lake water,0.9120226357855434,0.6353162452221112,Constant,Constant
1288,SI_ref_18,Pristine SCW Biochar,IBU,Lake water,0.9131050308227836,0.6353162452221112,Constant,Constant
1289,SI_ref_18,Pristine SCW Biochar,IBU,Lake water,0.91141920930323,0.6353162452221112,Constant,Constant
1291,SI_ref_18,Pristine SCW Biochar,IBU,Lake water,0.9068652159539504,0.6353162452221112,Constant,Constant
1292,SI_ref_18,Pristine SCW Biochar,IBU,Lake water,0.9091226364337618,0.6353162452221112,Constant,Constant
1293,SI_ref_18,Pristine SCW Biochar,IBU,Lake water,0.9067682424855283,0.6353162452221112,Constant,Constant
1295,SI_ref_18,Pristine SCW Biochar,IBU,Lake water,0.9027540853962883,0.6353162452221112,Constant,Constant
1296,SI_ref_18,Pristine SCW Biochar,IBU,Lake water,0.9025373859945938,0.6353162452221112,Constant,Constant
1297,SI_ref_18,Pristine SCW Biochar,IBU,Lake water,0.9026152370210476,0.6353162452221112,Constant,Constant
1298,SI_ref_18,Pristine SCW Biochar,IBU,Lake water,0.9219347373743266,0.6353162452221112,Constant,Constant
1300,SI_ref_18,Pristine SCW Biochar,IBU,Lake water,0.9277221749920567,0.6353162452221112,Constant,Constant
1302,SI_ref_18,Pristine SCW Biochar,IBU,Lake water,0.9340257796823453,0.6353162452221112,Constant,Constant
2,SI_ref_19,AMCB,IBU,Ground water,0.6563767477253929,0.7765246670293845,Operations,Operations
4,SI_ref_19,AMCB,IBU,Ground water,0.5414154110835401,0.7552686766720629,Operations,Operations
6,SI_ref_19,AMCB,IBU,Ground water,0.39819987427626136,0.7337605228806848,Operations,Operations
8,SI_ref_19,AMCB,IBU,Ground water,0.3426557088502895,0.7121239417373172,Operations,Operations
10,SI_ref_19,AMCB,IBU,Ground water,0.3352626765922249,0.6904225472703485,Operations,Operations
12,SI_ref_19,AMCB,IBU,Ground water,0.33078034739454093,0.6777116646099639,Operations,Operations
14,SI_ref_19,AMCB,IBU,Ground water,0.3305497038875103,0.6686885945333934,Operations,Operations
16,SI_ref_19,AMCB,IBU,Ground water,0.029204625724030753,0.6768135908191257,Operations,Operations
18,SI_ref_19,AMCB,IBU,Ground water,0.005264283840238958,0.6559668365347411,Operations,Operations
20,SI_ref_19,AMCB,IBU,Ground water,0.0023766372681587895,0.6351200822503563,Operations,Operations
22,SI_ref_19,AMCB,IBU,Ground water,0.32926049296939613,0.6559668365347411,Operations,Operations
24,SI_ref_19,AMCB,IBU,Ground water,0.19832193047959257,0.6767918061604317,Operations,Operations
26,SI_ref_19,AMCB,IBU,Ground water,0.1894672613641715,0.6559450518760469,Operations,Operations
28,SI_ref_19,AMCB,IBU,Ground water,0.1528746627917146,0.6350982975916623,Operations,Operations
30,SI_ref_19,AMCB,IBU,Ground water,0.3449761650083755,0.6767700366037551,Operations,Operations
32,SI_ref_19,AMCB,IBU,Ground water,0.30765270742093687,0.6559232823193705,Operations,Operations
34,SI_ref_19,AMCB,IBU,Ground water,0.303030777614079,0.6350765280349857,Operations,Operations
36,SI_ref_19,AMCB,IBU,Ground water,0.41496556078686897,0.6767482821281722,Operations,Operations
38,SI_ref_19,AMCB,IBU,Ground water,0.3766264851820565,0.6559015278437875,Operations,Operations
40,SI_ref_19,AMCB,IBU,Ground water,0.38956403906090076,0.6350547735594028,Operations,Operations
42,SI_ref_19,AMCB,IBU,Ground water,0.5182383095521604,0.676726542712802,Operations,Operations
44,SI_ref_19,AMCB,IBU,Ground water,0.5024496962602676,0.6558797884284172,Operations,Operations
46,SI_ref_19,AMCB,IBU,Ground water,0.48210720700720494,0.6350330341440326,Operations,Operations
48,SI_ref_19,AMCB,IBU,Ground water,0.03338351934448727,0.6767048183368071,Operations,Operations
50,SI_ref_19,AMCB,IBU,Ground water,0.0,0.6558580640524223,Operations,Operations
52,SI_ref_19,AMCB,IBU,Ground water,0.003531050071646246,0.6350113097680377,Operations,Operations
54,SI_ref_19,AMCB,IBU,Ground water,0.19999798179579809,0.6766831089793934,Operations,Operations
56,SI_ref_19,AMCB,IBU,Ground water,0.17260220522445793,0.6558363546950087,Operations,Operations
58,SI_ref_19,AMCB,IBU,Ground water,0.15656878376287445,0.634989600410624,Operations,Operations
60,SI_ref_19,AMCB,IBU,Ground water,0.3457359785263073,0.6766614146198099,Operations,Operations
62,SI_ref_19,AMCB,IBU,Ground water,0.32626934953278575,0.6558146603354252,Operations,Operations
64,SI_ref_19,AMCB,IBU,Ground water,0.3258728934993643,0.6349679060510405,Operations,Operations
66,SI_ref_19,AMCB,IBU,Ground water,0.4885549946229274,0.6766397352373484,Operations,Operations
68,SI_ref_19,AMCB,IBU,Ground water,0.39885279506866217,0.6557929809529638,Operations,Operations
70,SI_ref_19,AMCB,IBU,Ground water,0.42188356115014575,0.634946226668579,Operations,Operations
72,SI_ref_19,AMCB,IBU,Ground water,0.5107350299703324,0.6766180708113438,Operations,Operations
74,SI_ref_19,AMCB,IBU,Ground water,0.5226317382792791,0.6557713165269592,Operations,Operations
76,SI_ref_19,AMCB,IBU,Ground water,0.4945842701164504,0.6349245622425744,Operations,Operations
78,SI_ref_19,AMCB,IBU,Ground water,0.025848755777109534,0.6765964213211736,Operations,Operations
80,SI_ref_19,AMCB,IBU,Ground water,0.008169690609295848,0.6557496670367888,Operations,Operations
82,SI_ref_19,AMCB,IBU,Ground water,0.0,0.6349029127524042,Operations,Operations
84,SI_ref_19,AMCB,IBU,Ground water,0.2007202298061851,0.6765747867462578,Operations,Operations
86,SI_ref_19,AMCB,IBU,Ground water,0.16952726930244136,0.6557280324618731,Operations,Operations
88,SI_ref_19,AMCB,IBU,Ground water,0.14747637019246942,0.6348812781774884,Operations,Operations
90,SI_ref_19,AMCB,IBU,Ground water,0.34008395729479907,0.6765531670660592,Operations,Operations
92,SI_ref_19,AMCB,IBU,Ground water,0.32813530040969546,0.6557064127816744,Operations,Operations
94,SI_ref_19,AMCB,IBU,Ground water,0.3191737471997417,0.6348596584972898,Operations,Operations
96,SI_ref_19,AMCB,IBU,Ground water,0.45590621693388655,0.6765315622600826,Operations,Operations
98,SI_ref_19,AMCB,IBU,Ground water,0.4386715603313315,0.655684807975698,Operations,Operations
100,SI_ref_19,AMCB,IBU,Ground water,0.4136227630368784,0.6348380536913132,Operations,Operations
102,SI_ref_19,AMCB,IBU,Ground water,0.15909620069601668,0.6267412416287099,Operations,Operations
104,SI_ref_19,AMCB,IBU,Ground water,0.32070040208616674,0.6556632180234909,Operations,Operations
106,SI_ref_19,AMCB,IBU,Ground water,0.3644459510905023,0.6845851944182719,Operations,Operations
108,SI_ref_19,AMCB,IBU,Ground water,0.46356787238707886,0.7135071708130528,Operations,Operations
110,SI_ref_19,AMCB,IBU,Ground water,0.5205305455205957,0.6765099723078756,Operations,Operations
112,SI_ref_19,AMCB,IBU,Ground water,0.5464029950150356,0.6556632180234909,Operations,Operations
114,SI_ref_19,AMCB,IBU,Ground water,0.48301499525722014,0.6348164637391062,Operations,Operations
117,SI_ref_17,Alkali-modified SCG biochars,CBZ,Synthetic,0.12103690777624292,0.6335147755850731,Operations,Operations
119,SI_ref_17,Alkali-modified SCG biochars,CBZ,Synthetic,0.0701486117179634,0.6122587852277513,Operations,Operations
121,SI_ref_17,Alkali-modified SCG biochars,CBZ,Synthetic,0.050188840370859876,0.5781046070928645,Operations,Operations
123,SI_ref_17,Alkali-modified SCG biochars,CBZ,Synthetic,0.033003190610721066,0.5564248618673098,Operations,Operations
125,SI_ref_17,Alkali-modified SCG biochars,CBZ,Synthetic,0.03511734337104713,0.5437212189680145,Operations,Operations
127,SI_ref_17,Alkali-modified SCG biochars,CBZ,Synthetic,0.03195287629892775,0.5347017731656524,Operations,Operations
129,SI_ref_17,Alkali-modified SCG biochars,CBZ,Synthetic,0.03449328813829176,0.5256787030890818,Operations,Operations
132,SI_ref_17,Alkali-modified SCG biochars,CBZ,Synthetic,0.041716779164719504,0.5129569450904296,Operations,Operations
134,SI_ref_17,Alkali-modified SCG biochars,CBZ,Synthetic,0.00635796336582959,0.5129569450904296,Operations,Operations
136,SI_ref_17,Alkali-modified SCG biochars,CBZ,Synthetic,0.011730609548845337,0.5129569450904296,Operations,Operations
138,SI_ref_17,Alkali-modified SCG biochars,CBZ,Synthetic,0.01988738850164665,0.5129569450904296,Operations,Operations
140,SI_ref_17,Alkali-modified SCG biochars,CBZ,Synthetic,0.006132526431344026,0.5129569450904296,Operations,Operations
142,SI_ref_17,Alkali-modified SCG biochars,CBZ,Synthetic,0.007712590639419909,0.5129569450904296,Operations,Operations
145,SI_ref_17,Alkali-modified SCG biochars,CBZ,Synthetic,0.10268999927349255,0.5129569450904296,Operations,Operations
147,SI_ref_17,Alkali-modified SCG biochars,CBZ,Synthetic,0.14439822919669368,0.5129569450904296,Operations,Operations
149,SI_ref_17,Alkali-modified SCG biochars,CBZ,Synthetic,0.34003506921741083,0.5129569450904296,Operations,Operations
151,SI_ref_17,Alkali-modified SCG biochars,CBZ,Synthetic,0.4516798693491866,0.5129569450904296,Operations,Operations
153,SI_ref_17,Alkali-modified SCG biochars,CBZ,Synthetic,0.5612135486607656,0.5129569450904296,Operations,Operations
282,SI_ref_19,CB,IBU,Ground water,0.9280102961124896,0.7765246670293845,Operations,Operations
284,SI_ref_19,CB,IBU,Ground water,0.9242732043010754,0.7552686766720629,Operations,Operations
286,SI_ref_19,CB,IBU,Ground water,0.9218881323407775,0.7337605228806848,Operations,Operations
288,SI_ref_19,CB,IBU,Ground water,0.9215853366418528,0.7121239417373172,Operations,Operations
290,SI_ref_19,CB,IBU,Ground water,0.9207959503722085,0.6904225472703485,Operations,Operations
292,SI_ref_19,CB,IBU,Ground water,0.9207361323407776,0.6777116646099639,Operations,Operations
294,SI_ref_19,CB,IBU,Ground water,0.9206762613730356,0.6686885945333934,Operations,Operations
296,SI_ref_19,CB,IBU,Ground water,0.9945207101387852,0.6768135908191257,Operations,Operations
298,SI_ref_19,CB,IBU,Ground water,0.9765877548823724,0.6559668365347411,Operations,Operations
300,SI_ref_19,CB,IBU,Ground water,0.9595058090644278,0.6351200822503563,Operations,Operations
302,SI_ref_19,CB,IBU,Ground water,0.9409019130333385,0.6768135908191257,Operations,Operations
304,SI_ref_19,CB,IBU,Ground water,0.9323428884090048,0.6559668365347411,Operations,Operations
306,SI_ref_19,CB,IBU,Ground water,0.9259231602386863,0.6351200822503563,Operations,Operations
308,SI_ref_19,CB,IBU,Ground water,0.8753590996713628,0.6270448601399601,Operations,Operations
310,SI_ref_19,CB,IBU,Ground water,0.9341230700922319,0.6768135908191257,Operations,Operations
312,SI_ref_19,CB,IBU,Ground water,0.9234390298948024,0.6559668365347411,Operations,Operations
314,SI_ref_19,CB,IBU,Ground water,0.917590560186213,0.6351200822503563,Operations,Operations
316,SI_ref_19,CB,IBU,Ground water,0.9236132062907854,0.6848888129295221,Operations,Operations
318,SI_ref_19,CB,IBU,Ground water,0.9231865295080666,0.713810789324303,Operations,Operations
320,SI_ref_19,CB,IBU,Ground water,0.9303445651202417,0.6768135908191257,Operations,Operations
322,SI_ref_19,CB,IBU,Ground water,0.923151204819856,0.6559668365347411,Operations,Operations
324,SI_ref_19,CB,IBU,Ground water,0.9175260660683171,0.6351200822503563,Operations,Operations
326,SI_ref_19,CB,IBU,Ground water,0.9318432124429017,0.6768135908191257,Operations,Operations
328,SI_ref_19,CB,IBU,Ground water,0.9241489703794897,0.6559668365347411,Operations,Operations
330,SI_ref_19,CB,IBU,Ground water,0.9174641264203113,0.6351200822503563,Operations,Operations
523,SI_ref_19,MCB,IBU,Ground water,0.9264289561621175,0.7765246670293845,Operations,Operations
525,SI_ref_19,MCB,IBU,Ground water,0.9196854524400332,0.7552686766720629,Operations,Operations
527,SI_ref_19,MCB,IBU,Ground water,0.9178832092638545,0.7337605228806848,Operations,Operations
529,SI_ref_19,MCB,IBU,Ground water,0.9177463688999173,0.7121239417373172,Operations,Operations
531,SI_ref_19,MCB,IBU,Ground water,0.9177232092638544,0.6904225472703485,Operations,Operations
533,SI_ref_19,MCB,IBU,Ground water,0.9175379321753515,0.6777116646099639,Operations,Operations
535,SI_ref_19,MCB,IBU,Ground water,0.9173856344086023,0.6686885945333934,Operations,Operations
537,SI_ref_19,MCB,IBU,Ground water,0.9902068659306948,0.6768135908191257,Operations,Operations
539,SI_ref_19,MCB,IBU,Ground water,0.9708228218531151,0.6559668365347411,Operations,Operations
541,SI_ref_19,MCB,IBU,Ground water,0.9483485035015843,0.6351200822503563,Operations,Operations
543,SI_ref_19,MCB,IBU,Ground water,0.9173115500413566,0.6559668365347411,Operations,Operations
545,SI_ref_19,MCB,IBU,Ground water,0.9358359065436908,0.6767918061604317,Operations,Operations
547,SI_ref_19,MCB,IBU,Ground water,0.9263512886233829,0.6559450518760469,Operations,Operations
549,SI_ref_19,MCB,IBU,Ground water,0.9153544975680639,0.6350982975916623,Operations,Operations
551,SI_ref_19,MCB,IBU,Ground water,0.9271238571918706,0.6767700366037551,Operations,Operations
553,SI_ref_19,MCB,IBU,Ground water,0.9199191103755877,0.6559232823193705,Operations,Operations
555,SI_ref_19,MCB,IBU,Ground water,0.910886274193223,0.6350765280349857,Operations,Operations
557,SI_ref_19,MCB,IBU,Ground water,0.8716126359176348,0.6269795514490065,Operations,Operations
559,SI_ref_19,MCB,IBU,Ground water,0.9228881866842084,0.6559015278437875,Operations,Operations
561,SI_ref_19,MCB,IBU,Ground water,0.9227697266379059,0.6848235042385684,Operations,Operations
563,SI_ref_19,MCB,IBU,Ground water,0.9221446299502403,0.7137454806333494,Operations,Operations
565,SI_ref_19,MCB,IBU,Ground water,0.9254612605703445,0.6767482821281722,Operations,Operations
567,SI_ref_19,MCB,IBU,Ground water,0.9188111047361486,0.6559015278437875,Operations,Operations
569,SI_ref_19,MCB,IBU,Ground water,0.9124876096677748,0.6350547735594028,Operations,Operations
571,SI_ref_19,MCB,IBU,Ground water,0.927696260267614,0.676726542712802,Operations,Operations
573,SI_ref_19,MCB,IBU,Ground water,0.9222883610163676,0.6558797884284172,Operations,Operations
575,SI_ref_19,MCB,IBU,Ground water,0.9173366162788351,0.6350330341440326,Operations,Operations
577,SI_ref_19,MCB,IBU,Ground water,0.9896236049163454,0.6767048183368071,Operations,Operations
579,SI_ref_19,MCB,IBU,Ground water,0.9728688772730024,0.6558580640524223,Operations,Operations
581,SI_ref_19,MCB,IBU,Ground water,0.95367292982704,0.6350113097680377,Operations,Operations
583,SI_ref_19,MCB,IBU,Ground water,0.9381494412938034,0.6766831089793934,Operations,Operations
585,SI_ref_19,MCB,IBU,Ground water,0.925414707326754,0.6558363546950087,Operations,Operations
587,SI_ref_19,MCB,IBU,Ground water,0.9200694262245456,0.634989600410624,Operations,Operations
589,SI_ref_19,MCB,IBU,Ground water,0.9296751902157461,0.6766614146198099,Operations,Operations
591,SI_ref_19,MCB,IBU,Ground water,0.9221403459202003,0.6558146603354252,Operations,Operations
593,SI_ref_19,MCB,IBU,Ground water,0.911624129649438,0.6349679060510405,Operations,Operations
595,SI_ref_19,MCB,IBU,Ground water,0.9248851497651674,0.6766397352373484,Operations,Operations
597,SI_ref_19,MCB,IBU,Ground water,0.9206218375460943,0.6557929809529638,Operations,Operations
599,SI_ref_19,MCB,IBU,Ground water,0.9170274735254856,0.634946226668579,Operations,Operations
601,SI_ref_19,MCB,IBU,Ground water,0.9300914246503462,0.6766180708113438,Operations,Operations
603,SI_ref_19,MCB,IBU,Ground water,0.920786534541565,0.6557713165269592,Operations,Operations
605,SI_ref_19,MCB,IBU,Ground water,0.9160948152334054,0.6349245622425744,Operations,Operations
607,SI_ref_19,MCB,IBU,Ground water,0.9861765121394982,0.6765964213211736,Operations,Operations
609,SI_ref_19,MCB,IBU,Ground water,0.9661781267028597,0.6557496670367888,Operations,Operations
611,SI_ref_19,MCB,IBU,Ground water,0.9529992532644452,0.6349029127524042,Operations,Operations
613,SI_ref_19,MCB,IBU,Ground water,0.9352947587236877,0.6765747867462578,Operations,Operations
615,SI_ref_19,MCB,IBU,Ground water,0.9284499518994666,0.6557280324618731,Operations,Operations
617,SI_ref_19,MCB,IBU,Ground water,0.917077774862594,0.6348812781774884,Operations,Operations
619,SI_ref_19,MCB,IBU,Ground water,0.9255842902984923,0.6765531670660592,Operations,Operations
621,SI_ref_19,MCB,IBU,Ground water,0.9186162384710084,0.6557064127816744,Operations,Operations
623,SI_ref_19,MCB,IBU,Ground water,0.9103224686673798,0.6348596584972898,Operations,Operations
625,SI_ref_19,MCB,IBU,Ground water,0.9258221154816445,0.6765315622600826,Operations,Operations
627,SI_ref_19,MCB,IBU,Ground water,0.921668420582223,0.655684807975698,Operations,Operations
629,SI_ref_19,MCB,IBU,Ground water,0.9150562646500002,0.6348380536913132,Operations,Operations
631,SI_ref_19,MCB,IBU,Ground water,0.9296259863973036,0.6765099723078756,Operations,Operations
633,SI_ref_19,MCB,IBU,Ground water,0.9216175906678238,0.6556632180234909,Operations,Operations
635,SI_ref_19,MCB,IBU,Ground water,0.9188076045934327,0.6348164637391062,Operations,Operations
698,SI_ref_18,NaOH-activated SCW biochars,IBU,Lake water,0.585296751211726,0.8029953698353023,Operations,Operations
700,SI_ref_18,NaOH-activated SCW biochars,IBU,Lake water,0.6304734220526563,0.7817393794779806,Operations,Operations
702,SI_ref_18,NaOH-activated SCW biochars,IBU,Lake water,0.6077686506314385,0.7602312256866026,Operations,Operations
704,SI_ref_18,NaOH-activated SCW biochars,IBU,Lake water,0.6040537723014899,0.738594644543235,Operations,Operations
706,SI_ref_18,NaOH-activated SCW biochars,IBU,Lake water,0.6292724453182281,0.7168932500762661,Operations,Operations
708,SI_ref_18,NaOH-activated SCW biochars,IBU,Lake water,0.6376478565264503,0.7041823674158816,Operations,Operations
710,SI_ref_18,NaOH-activated SCW biochars,IBU,Lake water,0.6108673600702487,0.695159297339311,Operations,Operations
712,SI_ref_18,NaOH-activated SCW biochars,IBU,Lake water,0.10371139816269948,0.6824375393406588,Operations,Operations
714,SI_ref_18,NaOH-activated SCW biochars,IBU,Lake water,0.46656560236114836,0.6824375393406588,Operations,Operations
716,SI_ref_18,NaOH-activated SCW biochars,IBU,Lake water,0.44106817459704084,0.6535155629458778,Operations,Operations
718,SI_ref_18,NaOH-activated SCW biochars,IBU,Lake water,0.6893393142281772,0.7032842936250435,Operations,Operations
720,SI_ref_18,NaOH-activated SCW biochars,IBU,Lake water,0.621379975330744,0.6824375393406588,Operations,Operations
722,SI_ref_18,NaOH-activated SCW biochars,IBU,Lake water,0.6727437787241767,0.6824375393406588,Operations,Operations
723,SI_ref_18,NaOH-activated SCW biochars,IBU,Lake water,0.6293605973980515,0.6824375393406588,Operations,Operations
724,SI_ref_18,NaOH-activated SCW biochars,IBU,Lake water,0.6573710855713073,0.6824375393406588,Operations,Operations
726,SI_ref_18,NaOH-activated SCW biochars,IBU,Lake water,0.6298354173553987,0.6824375393406588,Operations,Operations
727,SI_ref_18,NaOH-activated SCW biochars,IBU,Lake water,0.6523803226831055,0.6824375393406588,Operations,Operations
728,SI_ref_18,NaOH-activated SCW biochars,IBU,Lake water,0.6378679449532959,0.6824375393406588,Operations,Operations
730,SI_ref_18,NaOH-activated SCW biochars,IBU,Lake water,0.627404015064595,0.6824375393406588,Operations,Operations
731,SI_ref_18,NaOH-activated SCW biochars,IBU,Lake water,0.6077370696640284,0.6824375393406588,Operations,Operations
732,SI_ref_18,NaOH-activated SCW biochars,IBU,Lake water,0.6159420233488258,0.6824375393406588,Operations,Operations
734,SI_ref_18,NaOH-activated SCW biochars,IBU,Lake water,0.6074163960354965,0.6824375393406588,Operations,Operations
735,SI_ref_18,NaOH-activated SCW biochars,IBU,Lake water,0.6146046840259546,0.6824375393406588,Operations,Operations
736,SI_ref_18,NaOH-activated SCW biochars,IBU,Lake water,0.6281995086504742,0.6824375393406588,Operations,Operations
738,SI_ref_18,NaOH-activated SCW biochars,IBU,Lake water,0.6298527247859258,0.6824375393406588,Operations,Operations
739,SI_ref_18,NaOH-activated SCW biochars,IBU,Lake water,0.576999656444263,0.6824375393406588,Operations,Operations
740,SI_ref_18,NaOH-activated SCW biochars,IBU,Lake water,0.5791171913994386,0.6824375393406588,Operations,Operations
742,SI_ref_18,NaOH-activated SCW biochars,IBU,Lake water,0.5786725135963804,0.6824375393406588,Operations,Operations
743,SI_ref_18,NaOH-activated SCW biochars,IBU,Lake water,0.6233870058145189,0.6824375393406588,Operations,Operations
744,SI_ref_18,NaOH-activated SCW biochars,IBU,Lake water,0.5944978576382812,0.6824375393406588,Operations,Operations
745,SI_ref_18,NaOH-activated SCW biochars,IBU,Lake water,0.5630080357470825,0.6615907850562741,Operations,Operations
747,SI_ref_18,NaOH-activated SCW biochars,IBU,Lake water,0.6846241766923425,0.7113595157354398,Operations,Operations
749,SI_ref_18,NaOH-activated SCW biochars,IBU,Lake water,0.744908980376152,0.7402814921302208,Operations,Operations
751,SI_ref_18,NaOH-activated SCW biochars,IBU,Lake water,0.6869669848084122,0.6824375393406588,Operations,Operations
753,SI_ref_18,NaOH-activated SCW biochars,IBU,Lake water,0.7932075459644551,0.6824375393406588,Operations,Operations
852,SI_ref_13,PB600,CBZ,Synthetic,0.5776772247360483,0.6376100179657936,Operations,Operations
853,SI_ref_13,PB600,CBZ,Synthetic,0.5656108597285068,0.6163540276084719,Operations,Operations
854,SI_ref_13,PB600,CBZ,Synthetic,0.5475113122171945,0.5948458738170939,Operations,Operations
855,SI_ref_13,PB600,CBZ,Synthetic,0.4479638009049774,0.5821998494735849,Operations,Operations
856,SI_ref_13,PB600,CBZ,Synthetic,0.45098039215686275,0.5605201042480303,Operations,Operations
857,SI_ref_13,PB600,CBZ,Synthetic,0.42684766214177977,0.5478164613487351,Operations,Operations
858,SI_ref_13,PB600,CBZ,Synthetic,0.32437120555073723,0.5387970155463729,Operations,Operations
859,SI_ref_13,PB600,CBZ,Synthetic,0.4773489932885906,0.5596437698307576,Operations,Operations
860,SI_ref_13,PB600,CBZ,Synthetic,0.4437372714068248,0.5387970155463729,Operations,Operations
861,SI_ref_13,PB600,CBZ,Synthetic,0.35791881074899945,0.5387970155463729,Operations,Operations
862,SI_ref_13,PB600,CBZ,Synthetic,0.32426715019643393,0.5387970155463729,Operations,Operations
863,SI_ref_13,PB600,CBZ,Synthetic,0.24055829228243014,0.5387970155463729,Operations,Operations
864,SI_ref_13,PB600,CBZ,Synthetic,0.44839549002601903,0.5179502612619882,Operations,Operations
865,SI_ref_13,PB600,CBZ,Synthetic,0.5528523489932886,0.4971035069776035,Operations,Operations
866,SI_ref_13,PB600,CBZ,Synthetic,0.5653368025440879,0.5387970155463729,Operations,Operations
867,SI_ref_13,PB600,CBZ,Synthetic,0.6235906331309627,0.5387970155463729,Operations,Operations
868,SI_ref_13,PB600,CBZ,Synthetic,0.6991037872217403,0.5387970155463729,Operations,Operations
869,SI_ref_13,PB600,CBZ,Synthetic,0.7401395944327428,0.5387970155463729,Operations,Operations
870,SI_ref_13,PB600,CBZ,Synthetic,0.8642533936651583,0.5170521874711501,Operations,Operations
871,SI_ref_13,PB600,CBZ,Synthetic,0.6953242835595775,0.5170521874711501,Operations,Operations
872,SI_ref_13,PB600,CBZ,Synthetic,0.4479638009049774,0.5170521874711501,Operations,Operations
873,SI_ref_13,PB600,CBZ,Synthetic,0.36651583710407243,0.5170521874711501,Operations,Operations
874,SI_ref_13,PB600,CBZ,Synthetic,0.248868778280543,0.5170521874711501,Operations,Operations
898,SI_ref_13,PB600,CBZ,Synthetic,0.244663382594417,0.5387970155463729,Operations,Operations
899,SI_ref_13,PB800,CBZ,Synthetic,0.27061079156395507,0.6376100179657936,Operations,Operations
900,SI_ref_13,PB800,CBZ,Synthetic,0.22678718159408381,0.6163540276084719,Operations,Operations
901,SI_ref_13,PB800,CBZ,Synthetic,0.18844152287044644,0.5948458738170939,Operations,Operations
902,SI_ref_13,PB800,CBZ,Synthetic,0.17748562037797863,0.5821998494735849,Operations,Operations
903,SI_ref_13,PB800,CBZ,Synthetic,0.16379074226239385,0.5605201042480303,Operations,Operations
904,SI_ref_13,PB800,CBZ,Synthetic,0.155573815393043,0.5478164613487351,Operations,Operations
905,SI_ref_13,PB800,CBZ,Synthetic,0.08520900321543408,0.5387970155463729,Operations,Operations
906,SI_ref_13,PB800,CBZ,Synthetic,0.16135346756152125,0.5596437698307576,Operations,Operations
907,SI_ref_13,PB800,CBZ,Synthetic,0.1561792870827899,0.5387970155463729,Operations,Operations
908,SI_ref_13,PB800,CBZ,Synthetic,0.13676633444075306,0.5387970155463729,Operations,Operations
909,SI_ref_13,PB800,CBZ,Synthetic,0.1002310803004044,0.5387970155463729,Operations,Operations
910,SI_ref_13,PB800,CBZ,Synthetic,0.04322336667164253,0.5387970155463729,Operations,Operations
911,SI_ref_13,PB800,CBZ,Synthetic,0.20609619686800895,0.5179502612619882,Operations,Operations
912,SI_ref_13,PB800,CBZ,Synthetic,0.1865212527964206,0.4971035069776035,Operations,Operations
913,SI_ref_13,PB800,CBZ,Synthetic,0.28121650589496244,0.5387970155463729,Operations,Operations
914,SI_ref_13,PB800,CBZ,Synthetic,0.36611289746337977,0.5387970155463729,Operations,Operations
915,SI_ref_13,PB800,CBZ,Synthetic,0.5117363344051448,0.5387970155463729,Operations,Operations
916,SI_ref_13,PB800,CBZ,Synthetic,0.5707012708620426,0.5387970155463729,Operations,Operations
917,SI_ref_13,PB800,CBZ,Synthetic,0.5791052918712493,0.5170521874711501,Operations,Operations
918,SI_ref_13,PB800,CBZ,Synthetic,0.30905619203491547,0.5170521874711501,Operations,Operations
919,SI_ref_13,PB800,CBZ,Synthetic,0.16448445171849424,0.5170521874711501,Operations,Operations
920,SI_ref_13,PB800,CBZ,Synthetic,0.12460736493062231,0.5170521874711501,Operations,Operations
921,SI_ref_13,PB800,CBZ,Synthetic,0.08265139116202945,0.5170521874711501,Operations,Operations
987,SI_ref_15,PSB,TEB,Synthetic,0.9529494921755761,0.6745341616691799,Operations,Operations
988,SI_ref_15,PSB,TEB,Synthetic,0.9422238246841239,0.6532781713118583,Operations,Operations
989,SI_ref_15,PSB,TEB,Synthetic,0.9297851778252496,0.6317700175204802,Operations,Operations
990,SI_ref_15,PSB,TEB,Synthetic,0.9225192311101157,0.6101334363771126,Operations,Operations
991,SI_ref_15,PSB,TEB,Synthetic,0.920805363267918,0.5884320419101439,Operations,Operations
992,SI_ref_15,PSB,TEB,Synthetic,0.9178876121047361,0.5757211592497593,Operations,Operations
993,SI_ref_15,PSB,TEB,Synthetic,0.9171857170319854,0.5666980891731888,Operations,Operations
994,SI_ref_15,PSB,TEB,Synthetic,0.9362126098667423,0.5539763311745365,Operations,Operations
995,SI_ref_15,PSB,TEB,Synthetic,0.9575716949823408,0.5539763311745365,Operations,Operations
996,SI_ref_15,PSB,TEB,Synthetic,0.9144403299752767,0.5539763311745365,Operations,Operations
997,SI_ref_15,PSB,TEB,Synthetic,0.9131362601666559,0.5539763311745365,Operations,Operations
998,SI_ref_15,PSB,TEB,Synthetic,0.9073783566890704,0.5539763311745365,Operations,Operations
999,SI_ref_15,PSB,TEB,Synthetic,0.8610942615965279,0.5539763311745365,Operations,Operations
1000,SI_ref_15,PSB,TEB,Synthetic,0.8714762044822667,0.5539763311745365,Operations,Operations
1001,SI_ref_15,PSB,TEB,Synthetic,0.8650362109004135,0.5539763311745365,Operations,Operations
1002,SI_ref_15,PSB,TEB,Synthetic,0.9441016733966956,0.5539763311745365,Operations,Operations
1003,SI_ref_15,PSB,TEB,Synthetic,0.952584477756588,0.5539763311745365,Operations,Operations
1004,SI_ref_15,PSB,TEB,Synthetic,0.9589909115585907,0.5539763311745365,Operations,Operations
1005,SI_ref_15,PSB,TEB,Synthetic,0.9629553594597028,0.5539763311745365,Operations,Operations
1052,SI_ref_15,PSBOX-A,TEB,Synthetic,0.5158767649493458,0.6745341616691799,Operations,Operations
1053,SI_ref_15,PSBOX-A,TEB,Synthetic,0.41210379963008376,0.6532781713118583,Operations,Operations
1054,SI_ref_15,PSBOX-A,TEB,Synthetic,0.30623403384032577,0.6317700175204802,Operations,Operations
1055,SI_ref_15,PSBOX-A,TEB,Synthetic,0.21283845390046752,0.6101334363771126,Operations,Operations
1056,SI_ref_15,PSBOX-A,TEB,Synthetic,0.12421842587964138,0.5884320419101439,Operations,Operations
1057,SI_ref_15,PSBOX-A,TEB,Synthetic,0.09371708683213013,0.5757211592497593,Operations,Operations
1058,SI_ref_15,PSBOX-A,TEB,Synthetic,0.07890621232231329,0.5666980891731888,Operations,Operations
1059,SI_ref_15,PSBOX-A,TEB,Synthetic,0.07277962857952934,0.5539763311745365,Operations,Operations
1060,SI_ref_15,PSBOX-A,TEB,Synthetic,0.5073983287736047,0.4961323783849745,Operations,Operations
1061,SI_ref_15,PSBOX-A,TEB,Synthetic,0.5163778457532948,0.5748230854589211,Operations,Operations
1062,SI_ref_15,PSBOX-A,TEB,Synthetic,0.5077105405964751,0.5539763311745365,Operations,Operations
1063,SI_ref_15,PSBOX-A,TEB,Synthetic,0.058828707349529885,0.5539763311745365,Operations,Operations
1064,SI_ref_15,PSBOX-A,TEB,Synthetic,0.4930488637978448,0.5331295768901517,Operations,Operations
1065,SI_ref_15,PSBOX-A,TEB,Synthetic,0.5160089507499187,0.6118202839640984,Operations,Operations
1066,SI_ref_15,PSBOX-A,TEB,Synthetic,0.07083175356135256,0.5539763311745365,Operations,Operations
1067,SI_ref_15,PSBOX-A,TEB,Synthetic,0.051172794584274484,0.5539763311745365,Operations,Operations
1068,SI_ref_15,PSBOX-A,TEB,Synthetic,0.04750722464731311,0.5539763311745365,Operations,Operations
1069,SI_ref_15,PSBOX-A,TEB,Synthetic,0.04108376658313895,0.5539763311745365,Operations,Operations
1070,SI_ref_15,PSBOX-A,TEB,Synthetic,0.04527670142322688,0.5539763311745365,Operations,Operations
1071,SI_ref_15,PSBOX-A,TEB,Synthetic,0.04243318293660387,0.5539763311745365,Operations,Operations
1072,SI_ref_15,PSBOX-A,TEB,Synthetic,0.09409506092292502,0.5539763311745365,Operations,Operations
1073,SI_ref_15,PSBOX-A,TEB,Synthetic,0.28314921751011557,0.5539763311745365,Operations,Operations
1074,SI_ref_15,PSBOX-A,TEB,Synthetic,0.44223994246690523,0.5539763311745365,Operations,Operations
1075,SI_ref_15,PSBOX-A,TEB,Synthetic,0.5102144207532882,0.5539763311745365,Operations,Operations
1077,SI_ref_17,Pristine SCG biochar,CBZ,Synthetic,0.9431980957558961,0.6335147755850731,Operations,Operations
1079,SI_ref_17,Pristine SCG biochar,CBZ,Synthetic,0.9360319849357849,0.6122587852277513,Operations,Operations
1081,SI_ref_17,Pristine SCG biochar,CBZ,Synthetic,0.9307104448319532,0.5781046070928645,Operations,Operations
1083,SI_ref_17,Pristine SCG biochar,CBZ,Synthetic,0.9258716624342764,0.5564248618673098,Operations,Operations
1085,SI_ref_17,Pristine SCG biochar,CBZ,Synthetic,0.9157118703628806,0.5437212189680145,Operations,Operations
1087,SI_ref_17,Pristine SCG biochar,CBZ,Synthetic,0.9147137334986508,0.5347017731656524,Operations,Operations
1089,SI_ref_17,Pristine SCG biochar,CBZ,Synthetic,0.9138427672538969,0.5256787030890818,Operations,Operations
1091,SI_ref_17,Pristine SCG biochar,CBZ,Synthetic,0.8932130468798682,0.4551129923008676,Operations,Operations
1093,SI_ref_17,Pristine SCG biochar,CBZ,Synthetic,0.9247624360467385,0.5129569450904296,Operations,Operations
1095,SI_ref_17,Pristine SCG biochar,CBZ,Synthetic,0.9071706166070994,0.5129569450904296,Operations,Operations
1097,SI_ref_17,Pristine SCG biochar,CBZ,Synthetic,0.908534541255576,0.5129569450904296,Operations,Operations
1099,SI_ref_17,Pristine SCG biochar,CBZ,Synthetic,0.903895578148675,0.5129569450904296,Operations,Operations
1101,SI_ref_17,Pristine SCG biochar,CBZ,Synthetic,0.9071468090110305,0.5129569450904296,Operations,Operations
1103,SI_ref_17,Pristine SCG biochar,CBZ,Synthetic,0.890879570190962,0.5129569450904296,Operations,Operations
1105,SI_ref_17,Pristine SCG biochar,CBZ,Synthetic,0.8806314346444372,0.5708008978799916,Operations,Operations
1107,SI_ref_17,Pristine SCG biochar,CBZ,Synthetic,0.9289062306369882,0.5129569450904296,Operations,Operations
1109,SI_ref_17,Pristine SCG biochar,CBZ,Synthetic,0.9261272699552149,0.5129569450904296,Operations,Operations
1111,SI_ref_17,Pristine SCG biochar,CBZ,Synthetic,0.9403460613803251,0.5129569450904296,Operations,Operations
1113,SI_ref_17,Pristine SCG biochar,CBZ,Synthetic,0.9373850128799738,0.5129569450904296,Operations,Operations
1115,SI_ref_17,Pristine SCG biochar,CBZ,Synthetic,0.925161257978969,0.5129569450904296,Operations,Operations
1253,SI_ref_18,Pristine SCW Biochar,IBU,Lake water,0.9264336848996528,0.8029953698353023,Operations,Operations
1255,SI_ref_18,Pristine SCW Biochar,IBU,Lake water,0.9179334532144726,0.7817393794779806,Operations,Operations
1257,SI_ref_18,Pristine SCW Biochar,IBU,Lake water,0.916180999264559,0.7602312256866026,Operations,Operations
1259,SI_ref_18,Pristine SCW Biochar,IBU,Lake water,0.9235678454978681,0.738594644543235,Operations,Operations
1261,SI_ref_18,Pristine SCW Biochar,IBU,Lake water,0.9285970293283682,0.7168932500762661,Operations,Operations
1263,SI_ref_18,Pristine SCW Biochar,IBU,Lake water,0.9209592404126973,0.7041823674158816,Operations,Operations
1265,SI_ref_18,Pristine SCW Biochar,IBU,Lake water,0.9279432945207517,0.695159297339311,Operations,Operations
1269,SI_ref_18,Pristine SCW Biochar,IBU,Lake water,0.8974085452250303,0.6535155629458778,Operations,Operations
1271,SI_ref_18,Pristine SCW Biochar,IBU,Lake water,0.9239929387412031,0.7032842936250435,Operations,Operations
1273,SI_ref_18,Pristine SCW Biochar,IBU,Lake water,0.9256303580479686,0.6824375393406588,Operations,Operations
1275,SI_ref_18,Pristine SCW Biochar,IBU,Lake water,0.9240446881745522,0.6824375393406588,Operations,Operations
1276,SI_ref_18,Pristine SCW Biochar,IBU,Lake water,0.9283922239724117,0.6824375393406588,Operations,Operations
1277,SI_ref_18,Pristine SCW Biochar,IBU,Lake water,0.9240711354841218,0.6824375393406588,Operations,Operations
1279,SI_ref_18,Pristine SCW Biochar,IBU,Lake water,0.9204127206373283,0.6824375393406588,Operations,Operations
1280,SI_ref_18,Pristine SCW Biochar,IBU,Lake water,0.9185968665123906,0.6824375393406588,Operations,Operations
1281,SI_ref_18,Pristine SCW Biochar,IBU,Lake water,0.9182954449695013,0.6824375393406588,Operations,Operations
1283,SI_ref_18,Pristine SCW Biochar,IBU,Lake water,0.9158900362354069,0.6824375393406588,Operations,Operations
1284,SI_ref_18,Pristine SCW Biochar,IBU,Lake water,0.9125854189759445,0.6824375393406588,Operations,Operations
1285,SI_ref_18,Pristine SCW Biochar,IBU,Lake water,0.9175495400890653,0.6824375393406588,Operations,Operations
1287,SI_ref_18,Pristine SCW Biochar,IBU,Lake water,0.9120226357855434,0.6824375393406588,Operations,Operations
1288,SI_ref_18,Pristine SCW Biochar,IBU,Lake water,0.9131050308227836,0.6824375393406588,Operations,Operations
1289,SI_ref_18,Pristine SCW Biochar,IBU,Lake water,0.91141920930323,0.6824375393406588,Operations,Operations
1291,SI_ref_18,Pristine SCW Biochar,IBU,Lake water,0.9068652159539504,0.6824375393406588,Operations,Operations
1292,SI_ref_18,Pristine SCW Biochar,IBU,Lake water,0.9091226364337618,0.6824375393406588,Operations,Operations
1293,SI_ref_18,Pristine SCW Biochar,IBU,Lake water,0.9067682424855283,0.6824375393406588,Operations,Operations
1295,SI_ref_18,Pristine SCW Biochar,IBU,Lake water,0.9027540853962883,0.6824375393406588,Operations,Operations
1296,SI_ref_18,Pristine SCW Biochar,IBU,Lake water,0.9025373859945938,0.6824375393406588,Operations,Operations
1297,SI_ref_18,Pristine SCW Biochar,IBU,Lake water,0.9026152370210476,0.6824375393406588,Operations,Operations
1298,SI_ref_18,Pristine SCW Biochar,IBU,Lake water,0.9219347373743266,0.6615907850562741,Operations,Operations
1300,SI_ref_18,Pristine SCW Biochar,IBU,Lake water,0.9277221749920567,0.7113595157354398,Operations,Operations
1302,SI_ref_18,Pristine SCW Biochar,IBU,Lake water,0.9340257796823453,0.7402814921302208,Operations,Operations
